[16:32:47] 🚀 SCRIPT STARTED (enhanced anti‑detection)
[16:32:47] [1/459] MCCZ
[16:32:47] 🧠 New identity created
[16:32:47] [2/459] FRPU
[16:32:49] [3/459] SKSI
[16:32:50] [4/459] SSCK
[16:32:51] [5/459] SRDC
[16:32:52] [6/459] RSCZ
[16:32:53] [7/459] PRVT
[16:32:54] [8/459] GAGJ
[16:32:55] [9/459] SMHG
[16:32:56] [10/459] JTST
[16:32:57] 🔄 Identity reset
[16:32:57] 🔄 Identity rotated (every 10 requests)
[16:32:57] 🔄 Retry 1/5 for JTST in 2.3s
[16:32:57] 🔄 Identity reset
[16:33:00] 🧠 New identity created
[16:33:00] 🔄 Retry 2/5 for JTST in 4.1s
[16:33:00] 🔄 Identity reset
[16:33:04] 🧠 New identity created
[16:33:04] 🔄 Retry 3/5 for JTST in 8.1s
[16:33:04] 🔄 Identity reset
[16:33:12] 🧠 New identity created
[16:33:12] 🔄 Retry 4/5 for JTST in 16.7s
[16:33:12] 🔄 Identity reset
[16:33:29] 🧠 New identity created
[16:33:29] [11/459] MYTH
[16:33:30] [12/459] JPCC
[16:33:31] [13/459] ACDC
[16:33:32] [14/459] SVFP
[16:33:33] [15/459] SFCM
[16:33:34] [16/459] RUPK
[16:33:35] 🔄 Identity reset
[16:33:35] 🔄 Identity rotated (every 10 requests)
[16:33:35] 🔄 Retry 1/5 for RUPK in 2.9s
[16:33:35] 🔄 Identity reset
[16:33:38] 🧠 New identity created
[16:33:38] 🔄 Retry 2/5 for RUPK in 4.5s
[16:33:38] 🔄 Identity reset
[16:33:42] 🧠 New identity created
[16:33:42] 🔄 Retry 3/5 for RUPK in 8.2s
[16:33:42] 🔄 Identity reset
[16:33:51] 🧠 New identity created
[16:33:51] 🔄 Retry 4/5 for RUPK in 17.0s
[16:33:51] 🔄 Identity reset
[16:34:08] 🧠 New identity created
[16:34:08] ❌ RUPK failed after 5 attempts
[16:34:08] 🔄 Identity reset
[16:34:08] ❌ RUPK final failure | RuntimeError | HTTP 403
[16:34:08] [17/459] NTCR
[16:34:08] 🧠 New identity created
[16:34:09] 🔄 Retry 1/5 for NTCR in 2.1s
[16:34:09] 🔄 Identity reset
[16:34:11] 🧠 New identity created
[16:34:11] 🔄 Retry 2/5 for NTCR in 4.6s
[16:34:11] 🔄 Identity reset
[16:34:15] 🧠 New identity created
[16:34:16] [18/459] RTCH
[16:34:17] [19/459] SCMH
[16:34:17] [20/459] SVYM
[16:34:18] 🔄 Identity reset
[16:34:18] 🔄 Identity rotated (every 10 requests)
[16:34:18] [21/459] SPYM
[16:34:19] [22/459] SMMF
[16:34:21] [23/459] CLLB
[16:34:22] [24/459] FMCB
[16:34:23] [25/459] BBTC
[16:34:23] [26/459] NTHS
[16:34:24] [27/459] PKKJ
[16:34:25] [28/459] MTJA
[16:34:26] [29/459] PMSJ
[16:34:28] [30/459] JMJU
[16:34:28] 🔄 Identity reset
[16:34:28] 🔄 Identity rotated (every 10 requests)
[16:34:28] 🔄 Retry 1/5 for JMJU in 2.3s
[16:34:28] 🔄 Identity reset
[16:34:30] 🧠 New identity created
[16:34:31] [31/459] SRAD
[16:34:32] [32/459] MJMC
[16:34:33] [33/459] DFRM
[16:34:34] [34/459] PMRS
[16:34:35] [35/459] RKPP
[16:34:36] [36/459] BMBK
[16:34:37] [37/459] NEWS
[16:34:38] [38/459] SALB
[16:34:40] [39/459] SCPW
[16:34:41] 🔄 Identity reset
[16:34:41] 🔄 Identity rotated (every 10 requests)
[16:34:41] [40/459] RAYL
[16:34:42] [41/459] CMGJ
[16:34:43] [42/459] JRCR
[16:34:44] [43/459] SRTB
[16:34:45] [44/459] ETPB
[16:34:46] [45/459] MXBN
[16:34:47] [46/459] TOPE
[16:34:48] [47/459] SNLJ
[16:34:49] [48/459] CDDP
[16:34:50] [49/459] APCX
[16:34:50] 🔄 Identity reset
[16:34:50] 🔄 Identity rotated (every 10 requests)
[16:34:51] [50/459] TALP
[16:34:52] [51/459] RRMP
[16:34:53] [52/459] MAHB
[16:34:54] [53/459] MTKR
[16:34:55] [54/459] KSKL
[16:34:56] [55/459] RJLT
[16:34:57] [56/459] ATAS
[16:34:58] [57/459] AMHR
[16:35:00] [58/459] RSRM
[16:35:01] [59/459] GCAT
[16:35:01] 🔄 Identity reset
[16:35:01] 🔄 Identity rotated (every 10 requests)
[16:35:01] [60/459] SMML
[16:35:02] [61/459] ACCD
[16:35:03] [62/459] VYDA
[16:35:04] [63/459] MSKT
[16:35:05] [64/459] AVDM
[16:35:06] [65/459] ASMH
[16:35:07] [66/459] VTMB
[16:35:08] [67/459] WVMB
[16:35:09] [68/459] PPMN
[16:35:10] [69/459] MTMD
[16:35:10] 🔄 Identity reset
[16:35:10] 🔄 Identity rotated (every 10 requests)
[16:35:11] [70/459] SMMO
[16:35:12] [71/459] DLPB
[16:35:12] [72/459] AKMD
[16:35:13] [73/459] SHRR
[16:35:14] [74/459] ASCO
[16:35:15] [75/459] CZVX
[16:35:17] [76/459] GCBB
[16:35:18] [77/459] ATBM
[16:35:18] [78/459] TCGM
[16:35:19] [79/459] UMSE
[16:35:20] 🔄 Identity reset
[16:35:20] 🔄 Identity rotated (every 10 requests)
[16:35:20] [80/459] NKCL
[16:35:21] [81/459] BTLR
[16:35:22] [82/459] GOCL
[16:35:22] [83/459] MIRN
[16:35:23] [84/459] THEC
[16:35:24] [85/459] SPPB
[16:35:25] [86/459] PMMM
[16:35:26] [87/459] GGMC
[16:35:27] [88/459] AVSR
[16:35:28] [89/459] RDMH
[16:35:28] 🔄 Identity reset
[16:35:28] 🔄 Identity rotated (every 10 requests)
[16:35:28] 🔄 Retry 1/5 for RDMH in 2.3s
[16:35:28] 🔄 Identity reset
[16:35:31] 🧠 New identity created
[16:35:31] 🔄 Retry 2/5 for RDMH in 4.4s
[16:35:31] 🔄 Identity reset
[16:35:35] 🧠 New identity created
[16:35:36] [90/459] JSRS
[16:35:36] [91/459] VKGP
[16:35:38] [92/459] ACRT
[16:35:38] [93/459] GCBA
[16:35:39] [94/459] GTCP
[16:35:40] [95/459] AKFC
[16:35:41] [96/459] INCS
[16:35:42] [97/459] SMCK
[16:35:43] 🔄 Identity reset
[16:35:43] 🔄 Identity rotated (every 10 requests)
[16:35:44] [98/459] BRUN
[16:35:45] [99/459] RPPC
[16:35:45] [100/459] PAYD
[16:35:46] [101/459] SVVT
[16:35:47] [102/459] RNCC
[16:35:49] [103/459] PCRC
[16:35:50] [104/459] PMRM
[16:35:51] [105/459] CCRP
[16:35:52] [106/459] INCR
[16:35:53] [107/459] ZTMP
[16:35:53] 🔄 Identity reset
[16:35:53] 🔄 Identity rotated (every 10 requests)
[16:35:54] [108/459] MCNR
[16:35:55] [109/459] INRP
[16:35:56] [110/459] STRC
[16:35:57] [111/459] RATI
[16:35:58] [112/459] PBTR
[16:35:59] [113/459] CMHP
[16:36:00] [114/459] ZECJ
[16:36:01] [115/459] CCCB
[16:36:02] [116/459] BWCB
[16:36:03] [117/459] CCAT
[16:36:03] 🔄 Identity reset
[16:36:03] 🔄 Identity rotated (every 10 requests)
[16:36:04] [118/459] KGCM
[16:36:06] [119/459] INPT
[16:36:07] [120/459] FNCO
[16:36:08] [121/459] SRMJ
[16:36:09] [122/459] PFSC
[16:36:10] [123/459] PBMC
[16:36:12] [124/459] KARP
[16:36:13] [125/459] KOVI
[16:36:14] [126/459] ACXL
[16:36:15] [127/459] GKCC
[16:36:16] 🔄 Identity reset
[16:36:16] 🔄 Identity rotated (every 10 requests)
[16:36:17] [128/459] ASCC
[16:36:18] [129/459] SETC
[16:36:19] [130/459] KACC
[16:36:19] [131/459] KAVE
[16:36:20] [132/459] CNTC
[16:36:21] [133/459] MEEN
[16:36:22] [134/459] BMRV
[16:36:23] [135/459] SVAM
[16:36:24] [136/459] VTBP
[16:36:25] [137/459] VCKN
[16:36:25] 🔄 Identity reset
[16:36:25] 🔄 Identity rotated (every 10 requests)
[16:36:26] [138/459] SGTK
[16:36:27] [139/459] RCGS
[16:36:28] [140/459] RCCB
[16:36:29] [141/459] RKSR
[16:36:30] [142/459] RKCU
[16:36:32] [143/459] GIBH
[16:36:34] [144/459] CXBS
[16:36:35] [145/459] GGCB
[16:36:36] [146/459] SCPB
[16:36:36] [147/459] AKTB
[16:36:37] 🔄 Identity reset
[16:36:37] 🔄 Identity rotated (every 10 requests)
[16:36:37] [148/459] SRBU
[16:36:38] [149/459] CSSA
[16:36:39] [150/459] MYAN
[16:36:40] [151/459] EXCA
[16:36:41] [152/459] CKSA
[16:36:42] [153/459] JTNM
[16:36:43] [154/459] CXKT
[16:36:44] [155/459] NCLM
[16:36:45] [156/459] JAAD
[16:36:46] [157/459] RDCR
[16:36:47] 🔄 Identity reset
[16:36:47] 🔄 Identity rotated (every 10 requests)
[16:36:47] 🔄 Retry 1/5 for RDCR in 2.9s
[16:36:47] 🔄 Identity reset
[16:36:50] 🧠 New identity created
[16:36:50] [158/459] MEER
[16:36:51] [159/459] SIBT
[16:36:52] [160/459] PVVB
[16:36:53] [161/459] FNPN
[16:36:54] [162/459] CRPX
[16:36:55] [163/459] STET
[16:36:56] [164/459] METE
[16:36:56] [165/459] BJML
[16:36:57] [166/459] MAVT
[16:36:58] 🔄 Identity reset
[16:36:58] 🔄 Identity rotated (every 10 requests)
[16:36:58] [167/459] MSRM
[16:36:59] [168/459] TJMP
[16:37:00] [169/459] MHCK
[16:37:01] [170/459] SVGP
[16:37:02] [171/459] KRRC
[16:37:03] [172/459] IMCH
[16:37:04] [173/459] CMCS
[16:37:05] [174/459] SGND
[16:37:06] [175/459] RNAT
[16:37:07] [176/459] PRTN
[16:37:08] 🔄 Identity reset
[16:37:08] 🔄 Identity rotated (every 10 requests)
[16:37:08] [177/459] MPTN
[16:37:09] [178/459] ARCC
[16:37:10] [179/459] NTTE
[16:37:11] [180/459] ABND
[16:37:12] [181/459] KCSN
[16:37:12] [182/459] KCSA
[16:37:13] [183/459] DCKT
[16:37:14] [184/459] MBBR
[16:37:15] [185/459] RAMU
[16:37:16] [186/459] RACW
[16:37:16] 🔄 Identity reset
[16:37:16] 🔄 Identity rotated (every 10 requests)
[16:37:16] 🔄 Retry 1/5 for RACW in 2.2s
[16:37:16] 🔄 Identity reset
[16:37:19] 🧠 New identity created
[16:37:19] [187/459] MCHP
[16:37:20] [188/459] TMHM
[16:37:21] [189/459] STXH
[16:37:22] [190/459] AGSG
[16:37:22] [191/459] SIRA
[16:37:23] [192/459] RCAN
[16:37:25] [193/459] CWTB
[16:37:26] [194/459] VTYM
[16:37:27] [195/459] RRPP
[16:37:28] 🔄 Identity reset
[16:37:28] 🔄 Identity rotated (every 10 requests)
[16:37:28] 🔄 Retry 1/5 for RRPP in 2.8s
[16:37:28] 🔄 Identity reset
[16:37:31] 🧠 New identity created
[16:37:31] [196/459] ASMR
[16:37:32] [197/459] RONO
[16:37:33] [198/459] MEMR
[16:37:34] [199/459] CTMR
[16:37:35] [200/459] PMTT
[16:37:36] [201/459] PSLX
[16:37:37] [202/459] IPPL
[16:37:38] [203/459] MMSG
[16:37:40] [204/459] INEL
[16:37:40] 🔄 Identity reset
[16:37:40] 🔄 Identity rotated (every 10 requests)
[16:37:40] 🔄 Retry 1/5 for INEL in 3.0s
[16:37:40] 🔄 Identity reset
[16:37:43] 🧠 New identity created
[16:37:43] 🔄 Retry 2/5 for INEL in 4.6s
[16:37:43] 🔄 Identity reset
[16:37:48] 🧠 New identity created
[16:37:48] [205/459] COAC
[16:37:49] [206/459] WVLK
[16:37:50] [207/459] PPXL
[16:37:51] [208/459] PSML
[16:37:52] [209/459] FNLK
[16:37:53] [210/459] ILUM
[16:37:54] [211/459] ILCM
[16:37:55] [212/459] MSNL
[16:37:56] 🔄 Identity reset
[16:37:56] 🔄 Identity rotated (every 10 requests)
[16:37:56] [213/459] VINB
[16:37:57] [214/459] SALW
[16:37:58] [215/459] PRTB
[16:37:59] [216/459] NCIL
[16:37:59] [217/459] PSUL
[16:38:00] [218/459] SCLK
[16:38:01] [219/459] ADDC
[16:38:02] [220/459] OACL
[16:38:03] [221/459] OOCF
[16:38:04] [222/459] GPMF
[16:38:05] 🔄 Identity reset
[16:38:05] 🔄 Identity rotated (every 10 requests)
[16:38:05] 🔄 Retry 1/5 for GPMF in 2.6s
[16:38:05] 🔄 Identity reset
[16:38:08] 🧠 New identity created
[16:38:08] [223/459] SSDG
[16:38:09] [224/459] SKRS
[16:38:10] [225/459] NTTP
[16:38:10] [226/459] SLTP
[16:38:11] [227/459] JTLC
[16:38:13] [228/459] POON
[16:38:14] [229/459] CCPC
[16:38:16] [230/459] DCKC
[16:38:17] [231/459] CPRT
[16:38:18] 🔄 Identity reset
[16:38:18] 🔄 Identity rotated (every 10 requests)
[16:38:18] 🔄 Retry 1/5 for CPRT in 2.4s
[16:38:18] 🔄 Identity reset
[16:38:20] 🧠 New identity created
[16:38:20] [232/459] EYHZ
[16:38:21] [233/459] ARBL
[16:38:23] [234/459] SBTB
[16:38:24] [235/459] MMCK
[16:38:24] [236/459] PLMR
[16:38:25] [237/459] BIJH
[16:38:26] [238/459] SDRT
[16:38:27] [239/459] PRDC
[16:38:28] [240/459] OMJA
[16:38:28] 🔄 Identity reset
[16:38:28] 🔄 Identity rotated (every 10 requests)
[16:38:29] 🔄 Retry 1/5 for OMJA in 2.8s
[16:38:29] 🔄 Identity reset
[16:38:31] 🧠 New identity created
[16:38:32] [241/459] VKCR
[16:38:33] [242/459] ATRT
[16:38:33] [243/459] WVRP
[16:38:34] [244/459] MVRP
[16:38:35] [245/459] FCAX
[16:38:36] [246/459] CTLC
[16:38:37] [247/459] JCHB
[16:38:38] [248/459] SELP
[16:38:39] [249/459] VCPG
[16:38:39] 🔄 Identity reset
[16:38:39] 🔄 Identity rotated (every 10 requests)
[16:38:39] 🔄 Retry 1/5 for VCPG in 2.0s
[16:38:39] 🔄 Identity reset
[16:38:41] 🧠 New identity created
[16:38:42] [250/459] ASCX
[16:38:44] [251/459] EOCS
[16:38:45] [252/459] RCPH
[16:38:46] [253/459] RJTM
[16:38:47] [254/459] SGMD
[16:38:48] [255/459] SVJT
[16:38:49] [256/459] SPPO
[16:38:49] [257/459] MNRL
[16:38:50] [258/459] KNOX
[16:38:51] 🔄 Identity reset
[16:38:51] 🔄 Identity rotated (every 10 requests)
[16:38:51] [259/459] GIER
[16:38:52] [260/459] PJMS
[16:38:54] [261/459] UNSP
[16:38:55] [262/459] JETP
[16:38:56] [263/459] VTWA
[16:38:57] [264/459] SCJI
[16:38:58] [265/459] CBZZ
[16:38:59] [266/459] SDCJ
[16:39:00] [267/459] RRCC
[16:39:02] [268/459] VNKG
[16:39:02] 🔄 Identity reset
[16:39:02] 🔄 Identity rotated (every 10 requests)
[16:39:03] 🔄 Retry 1/5 for VNKG in 2.2s
[16:39:03] 🔄 Identity reset
[16:39:05] 🧠 New identity created
[16:39:05] [269/459] LKTO
[16:39:06] [270/459] PJRM
[16:39:07] [271/459] NVRM
[16:39:08] [272/459] SJCS
[16:39:09] [273/459] VIGK
[16:39:10] [274/459] ANST
[16:39:11] [275/459] JTTS
[16:39:12] [276/459] NTST
[16:39:13] [277/459] PREB
[16:39:14] 🔄 Identity reset
[16:39:14] 🔄 Identity rotated (every 10 requests)
[16:39:14] [278/459] TSCZ
[16:39:15] [279/459] CDCM
[16:39:16] [280/459] ELYE
[16:39:17] [281/459] INBS
[16:39:18] [282/459] SMGC
[16:39:18] [283/459] UTMP
[16:39:19] [284/459] INTA
[16:39:20] [285/459] OMPT
[16:39:21] [286/459] SCIR
[16:39:22] [287/459] GCKJ
[16:39:23] 🔄 Identity reset
[16:39:23] 🔄 Identity rotated (every 10 requests)
[16:39:24] [288/459] INOG
[16:39:25] [289/459] SMGB
[16:39:26] [290/459] MCSG
[16:39:27] [291/459] STKG
[16:39:27] [292/459] TTKG
[16:39:28] [293/459] SRTR
[16:39:29] [294/459] ETTR
[16:39:30] [295/459] GGGZ
[16:39:31] [296/459] IPGM
[16:39:32] [297/459] FCDH
[16:39:33] 🔄 Identity reset
[16:39:33] 🔄 Identity rotated (every 10 requests)
[16:39:33] 🔄 Retry 1/5 for FCDH in 2.3s
[16:39:33] 🔄 Identity reset
[16:39:35] 🧠 New identity created
[16:39:35] 🔄 Retry 2/5 for FCDH in 4.3s
[16:39:35] 🔄 Identity reset
[16:39:39] 🧠 New identity created
[16:39:39] 🔄 Retry 3/5 for FCDH in 8.5s
[16:39:39] 🔄 Identity reset
[16:39:48] 🧠 New identity created
[16:39:49] [298/459] DESB
[16:39:50] [299/459] VNTP
[16:39:51] [300/459] ANNT
[16:39:52] [301/459] SLTI
[16:39:53] [302/459] MAJU
[16:39:54] [303/459] JCXP
[16:39:55] [304/459] HARK
[16:39:56] 🔄 Identity reset
[16:39:56] 🔄 Identity rotated (every 10 requests)
[16:39:56] [305/459] JPCJ
[16:39:57] [306/459] RXBD
[16:39:58] [307/459] PTKJ
[16:39:59] [308/459] CMTU
[16:40:00] [309/459] SWOR
[16:40:01] [310/459] JMEX
[16:40:01] [311/459] DTPT
[16:40:02] [312/459] VGMM
[16:40:03] [313/459] VCSG
[16:40:04] [314/459] CVCG
[16:40:05] 🔄 Identity reset
[16:40:05] 🔄 Identity rotated (every 10 requests)
[16:40:05] [315/459] TNTT
[16:40:06] [316/459] SHRM
[16:40:07] [317/459] CGKD
[16:40:08] [318/459] EKCM
[16:40:08] [319/459] SDCX
[16:40:10] [320/459] SBTE
[16:40:11] [321/459] STKJ
[16:40:12] [322/459] TPCE
[16:40:13] [323/459] JTNP
[16:40:14] [324/459] LPCH
[16:40:15] 🔄 Identity reset
[16:40:15] 🔄 Identity rotated (every 10 requests)
[16:40:16] [325/459] CPUO
[16:40:17] [326/459] APSU
[16:40:18] [327/459] RTHC
[16:40:19] [328/459] PTBU
[16:40:20] [329/459] CUCC
[16:40:21] [330/459] CPSA
[16:40:22] [331/459] SUAY
[16:40:23] [332/459] AYAA
[16:40:24] [333/459] MUCH
[16:40:25] [334/459] PCIN
[16:40:25] 🔄 Identity reset
[16:40:25] 🔄 Identity rotated (every 10 requests)
[16:40:26] 🔄 Retry 1/5 for PCIN in 2.5s
[16:40:26] 🔄 Identity reset
[16:40:28] 🧠 New identity created
[16:40:28] 🔄 Retry 2/5 for PCIN in 4.4s
[16:40:28] 🔄 Identity reset
[16:40:33] 🧠 New identity created
[16:40:33] [335/459] JRRM
[16:40:34] [336/459] KATS
[16:40:35] [337/459] MHFF
[16:40:36] [338/459] ESYM
[16:40:36] [339/459] STYV
[16:40:38] [340/459] SDKG
[16:40:39] [341/459] SMTI
[16:40:40] [342/459] NYCS
[16:40:40] 🔄 Identity reset
[16:40:40] 🔄 Identity rotated (every 10 requests)
[16:40:40] [343/459] MTBG
[16:40:41] [344/459] RHCA
[16:40:42] [345/459] PCKH
[16:40:43] [346/459] ARCR
[16:40:44] [347/459] NCMB
[16:40:45] [348/459] SHYC
[16:40:46] [349/459] LACK
[16:40:47] [350/459] MTCM
[16:40:48] [351/459] RRBN
[16:40:49] [352/459] MYDC
[16:40:49] 🔄 Identity reset
[16:40:49] 🔄 Identity rotated (every 10 requests)
[16:40:49] [353/459] STCS
[16:40:50] [354/459] CONN
[16:40:51] [355/459] SIPS
[16:40:52] [356/459] SMMX
[16:40:54] [357/459] SCBY
[16:40:55] [358/459] SUAP
[16:40:55] [359/459] RSMK
[16:40:56] [360/459] STKP
[16:40:57] [361/459] CIPC
[16:40:58] [362/459] KKCI
[16:40:59] 🔄 Identity reset
[16:40:59] 🔄 Identity rotated (every 10 requests)
[16:40:59] 🔄 Retry 1/5 for KKCI in 2.5s
[16:40:59] 🔄 Identity reset
[16:41:01] 🧠 New identity created
[16:41:02] [363/459] CTNK
[16:41:04] [364/459] MMTZ
[16:41:04] [365/459] DCCO
[16:41:05] [366/459] VNMN
[16:41:06] [367/459] RLCN
[16:41:07] [368/459] CMMS
[16:41:08] [369/459] AYOU
[16:41:09] [370/459] SSCN
[16:41:09] [371/459] SMXN
[16:41:10] 🔄 Identity reset
[16:41:10] 🔄 Identity rotated (every 10 requests)
[16:41:11] [372/459] ASSK
[16:41:12] [373/459] VCKM
[16:41:13] [374/459] PCPH
[16:41:13] [375/459] PADM
[16:41:14] [376/459] IESA
[16:41:15] [377/459] VCSP
[16:41:17] [378/459] AEST
[16:41:18] [379/459] VTNR
[16:41:18] [380/459] GTTA
[16:41:19] [381/459] CMMM
[16:41:20] 🔄 Identity reset
[16:41:20] 🔄 Identity rotated (every 10 requests)
[16:41:20] [382/459] AHKT
[16:41:22] [383/459] SIJI
[16:41:23] [384/459] VCEI
[16:41:24] [385/459] SAKR
[16:41:26] [386/459] VSMT
[16:41:27] [387/459] SSCT
[16:41:28] [388/459] USTR
[16:41:28] [389/459] MTKT
[16:41:29] [390/459] TGMP
[16:41:30] [391/459] SIVC
[16:41:31] 🔄 Identity reset
[16:41:31] 🔄 Identity rotated (every 10 requests)
[16:41:31] [392/459] KICT
[16:41:32] [393/459] DAMD
[16:41:33] [394/459] CNPT
[16:41:34] [395/459] RVTT
[16:41:35] [396/459] SNCM
[16:41:36] [397/459] GHTE
[16:41:37] [398/459] PPAM
[16:41:38] [399/459] PVAA
[16:41:38] [400/459] CPAO
[16:41:39] [401/459] HAMD
[16:41:40] 🔄 Identity reset
[16:41:40] 🔄 Identity rotated (every 10 requests)
[16:41:40] [402/459] RCCA
[16:41:41] [403/459] MPCH
[16:41:42] [404/459] ARED
[16:41:43] [405/459] RRCV
[16:41:44] [406/459] MTRB
[16:41:45] [407/459] CKUA
[16:41:46] [408/459] ABMP
[16:41:47] [409/459] RCWA
[16:41:48] [410/459] CGAR
[16:41:49] [411/459] METH
[16:41:49] 🔄 Identity reset
[16:41:49] 🔄 Identity rotated (every 10 requests)
[16:41:49] 🔄 Retry 1/5 for METH in 2.5s
[16:41:49] 🔄 Identity reset
[16:41:52] 🧠 New identity created
[16:41:52] [412/459] WAGA
[16:41:53] [413/459] MCMA
[16:41:54] [414/459] CSMP
[16:41:55] [415/459] RCNK
[16:41:56] [416/459] PSTM
[16:41:57] [417/459] CSEP
[16:41:58] [418/459] AMGD
[16:42:00] [419/459] CSTE
[16:42:00] [420/459] CONS
[16:42:01] 🔄 Identity reset
[16:42:01] 🔄 Identity rotated (every 10 requests)
[16:42:01] [421/459] APPX
[16:42:03] [422/459] MABC
[16:42:04] [423/459] CXST
[16:42:05] [424/459] MATN
[16:42:06] [425/459] MACZ
[16:42:06] [426/459] MASA
[16:42:07] [427/459] MBSX
[16:42:08] [428/459] CSST
[16:42:09] [429/459] APCL
[16:42:10] [430/459] CGOS
[16:42:11] 🔄 Identity reset
[16:42:11] 🔄 Identity rotated (every 10 requests)
[16:42:11] [431/459] CPEC
[16:42:12] [432/459] MCCP
[16:42:14] [433/459] BSSO
[16:42:15] [434/459] SJKA
[16:42:16] [435/459] CGBO
[16:42:17] [436/459] MVSK
[16:42:19] [437/459] HVCA
[16:42:20] [438/459] NAMD
[16:42:21] [439/459] DEVI
[16:42:22] [440/459] SCSV
[16:42:22] 🔄 Identity reset
[16:42:22] 🔄 Identity rotated (every 10 requests)
[16:42:23] [441/459] PSMA
[16:42:24] [442/459] CLDJ
[16:42:24] [443/459] NMAD
[16:42:26] [444/459] CGMO
[16:42:28] [445/459] MCNA
[16:42:28] [446/459] OCBN
[16:42:29] [447/459] CPEM
[16:42:30] [448/459] CPSM
[16:42:31] [449/459] RCAD
[16:42:33] [450/459] CPMU
[16:42:33] 🔄 Identity reset
[16:42:33] 🔄 Identity rotated (every 10 requests)
[16:42:34] [451/459] DICD
[16:42:34] [452/459] CHOE
[16:42:36] [453/459] PDJM
[16:42:36] [454/459] SSTU
[16:42:37] [455/459] VNRN
[16:42:38] [456/459] PVLG
[16:42:39] [457/459] SWBL
[16:42:40] [458/459] SCAB
[16:42:41] [459/459] RDDA
[16:42:43] 🔁 RETRY ROUND 1 | Remaining: 1
[16:42:43] [RETRY-1] RUPK
[16:42:44] 🔄 Identity reset
[16:42:44] 🔄 Identity rotated (every 10 requests)
[16:42:44] 🔄 Retry 1/5 for RUPK in 2.1s
[16:42:44] 🔄 Identity reset
[16:42:46] 🧠 New identity created
[16:42:47] 🧹 Deduping shows
[16:42:47] ✅ DONE | Shows=788 | Movies=44
[04:58:33] 🚀 SCRIPT STARTED (enhanced anti‑detection)
[04:58:33] [1/459] MCCZ
[04:58:33] 🧠 New identity created
[04:58:34] [2/459] FRPU
[04:58:35] [3/459] SKSI
[04:58:36] [4/459] SSCK
[04:58:37] [5/459] SRDC
[04:58:38] [6/459] RSCZ
[04:58:38] [7/459] PRVT
[04:58:39] [8/459] GAGJ
[04:58:40] [9/459] SMHG
[04:58:41] [10/459] JTST
[04:58:42] 🔄 Identity reset
[04:58:42] 🔄 Identity rotated (every 10 requests)
[04:58:42] 🔄 Retry 1/5 for JTST in 2.7s
[04:58:42] 🔄 Identity reset
[04:58:44] 🧠 New identity created
[04:58:44] 🔄 Retry 2/5 for JTST in 4.0s
[04:58:44] 🔄 Identity reset
[04:58:48] 🧠 New identity created
[04:58:48] 🔄 Retry 3/5 for JTST in 8.4s
[04:58:48] 🔄 Identity reset
[04:58:57] 🧠 New identity created
[04:58:57] 🔄 Retry 4/5 for JTST in 16.8s
[04:58:57] 🔄 Identity reset
[04:59:14] 🧠 New identity created
[04:59:14] ❌ JTST failed after 5 attempts
[04:59:14] 🔄 Identity reset
[04:59:14] ❌ JTST final failure | RuntimeError | HTTP 403
[04:59:14] [11/459] MYTH
[04:59:15] 🧠 New identity created
[04:59:15] 🔄 Retry 1/5 for MYTH in 2.2s
[04:59:15] 🔄 Identity reset
[04:59:17] 🧠 New identity created
[04:59:17] [12/459] JPCC
[04:59:18] [13/459] ACDC
[04:59:19] [14/459] SVFP
[04:59:20] [15/459] SFCM
[04:59:21] 🔄 Identity reset
[04:59:21] 🔄 Identity rotated (every 10 requests)
[04:59:21] [16/459] RUPK
[04:59:22] [17/459] NTCR
[04:59:23] [18/459] RTCH
[04:59:24] [19/459] SCMH
[04:59:25] [20/459] SVYM
[04:59:26] [21/459] SPYM
[04:59:27] [22/459] SMMF
[04:59:28] [23/459] CLLB
[04:59:30] [24/459] FMCB
[04:59:31] [25/459] BBTC
[04:59:31] 🔄 Identity reset
[04:59:31] 🔄 Identity rotated (every 10 requests)
[04:59:31] 🔄 Retry 1/5 for BBTC in 3.0s
[04:59:31] 🔄 Identity reset
[04:59:34] 🧠 New identity created
[04:59:34] 🔄 Retry 2/5 for BBTC in 4.4s
[04:59:34] 🔄 Identity reset
[04:59:39] 🧠 New identity created
[04:59:39] 🔄 Retry 3/5 for BBTC in 8.1s
[04:59:39] 🔄 Identity reset
[04:59:47] 🧠 New identity created
[04:59:47] [26/459] NTHS
[04:59:48] [27/459] PKKJ
[04:59:49] [28/459] MTJA
[04:59:50] [29/459] PMSJ
[04:59:51] [30/459] JMJU
[04:59:52] [31/459] SRAD
[04:59:52] [32/459] MJMC
[04:59:53] 🔄 Identity reset
[04:59:53] 🔄 Identity rotated (every 10 requests)
[04:59:54] [33/459] DFRM
[04:59:54] [34/459] PMRS
[04:59:56] [35/459] RKPP
[04:59:57] [36/459] BMBK
[04:59:58] [37/459] NEWS
[04:59:59] [38/459] SALB
[05:00:01] [39/459] SCPW
[05:00:02] [40/459] RAYL
[05:00:02] [41/459] CMGJ
[05:00:03] [42/459] JRCR
[05:00:04] 🔄 Identity reset
[05:00:04] 🔄 Identity rotated (every 10 requests)
[05:00:04] [43/459] SRTB
[05:00:05] [44/459] ETPB
[05:00:06] [45/459] MXBN
[05:00:07] [46/459] TOPE
[05:00:08] [47/459] SNLJ
[05:00:09] [48/459] CDDP
[05:00:10] [49/459] APCX
[05:00:11] [50/459] TALP
[05:00:12] [51/459] RRMP
[05:00:13] [52/459] MAHB
[05:00:14] 🔄 Identity reset
[05:00:14] 🔄 Identity rotated (every 10 requests)
[05:00:14] [53/459] MTKR
[05:00:16] [54/459] KSKL
[05:00:17] [55/459] RJLT
[05:00:18] [56/459] ATAS
[05:00:19] [57/459] AMHR
[05:00:20] [58/459] RSRM
[05:00:20] [59/459] GCAT
[05:00:21] [60/459] SMML
[05:00:22] [61/459] ACCD
[05:00:23] [62/459] VYDA
[05:00:24] 🔄 Identity reset
[05:00:24] 🔄 Identity rotated (every 10 requests)
[05:00:24] [63/459] MSKT
[05:00:25] [64/459] AVDM
[05:00:26] [65/459] ASMH
[05:00:27] [66/459] VTMB
[05:00:28] [67/459] WVMB
[05:00:29] [68/459] PPMN
[05:00:30] [69/459] MTMD
[05:00:31] [70/459] SMMO
[05:00:32] [71/459] DLPB
[05:00:34] [72/459] AKMD
[05:00:34] 🔄 Identity reset
[05:00:34] 🔄 Identity rotated (every 10 requests)
[05:00:35] [73/459] SHRR
[05:00:35] [74/459] ASCO
[05:00:36] [75/459] CZVX
[05:00:37] [76/459] GCBB
[05:00:38] [77/459] ATBM
[05:00:39] [78/459] TCGM
[05:00:40] [79/459] UMSE
[05:00:41] [80/459] NKCL
[05:00:42] [81/459] BTLR
[05:00:43] [82/459] GOCL
[05:00:44] 🔄 Identity reset
[05:00:44] 🔄 Identity rotated (every 10 requests)
[05:00:44] 🔄 Retry 1/5 for GOCL in 2.8s
[05:00:44] 🔄 Identity reset
[05:00:47] 🧠 New identity created
[05:00:47] 🔄 Retry 2/5 for GOCL in 4.2s
[05:00:47] 🔄 Identity reset
[05:00:51] 🧠 New identity created
[05:00:52] [83/459] MIRN
[05:00:53] [84/459] THEC
[05:00:53] [85/459] SPPB
[05:00:54] [86/459] PMMM
[05:00:55] [87/459] GGMC
[05:00:56] [88/459] AVSR
[05:00:57] [89/459] RDMH
[05:00:58] [90/459] JSRS
[05:00:59] 🔄 Identity reset
[05:00:59] 🔄 Identity rotated (every 10 requests)
[05:00:59] [91/459] VKGP
[05:01:00] [92/459] ACRT
[05:01:01] [93/459] GCBA
[05:01:02] [94/459] GTCP
[05:01:03] [95/459] AKFC
[05:01:05] [96/459] INCS
[05:01:06] [97/459] SMCK
[05:01:07] [98/459] BRUN
[05:01:08] [99/459] RPPC
[05:01:09] [100/459] PAYD
[05:01:09] 🔄 Identity reset
[05:01:09] 🔄 Identity rotated (every 10 requests)
[05:01:10] 🔄 Retry 1/5 for PAYD in 2.5s
[05:01:10] 🔄 Identity reset
[05:01:12] 🧠 New identity created
[05:01:13] [101/459] SVVT
[05:01:13] [102/459] RNCC
[05:01:14] [103/459] PCRC
[05:01:15] [104/459] PMRM
[05:01:16] [105/459] CCRP
[05:01:17] [106/459] INCR
[05:01:18] [107/459] ZTMP
[05:01:19] [108/459] MCNR
[05:01:20] [109/459] INRP
[05:01:20] 🔄 Identity reset
[05:01:20] 🔄 Identity rotated (every 10 requests)
[05:01:21] [110/459] STRC
[05:01:22] [111/459] RATI
[05:01:23] [112/459] PBTR
[05:01:25] [113/459] CMHP
[05:01:26] [114/459] ZECJ
[05:01:27] [115/459] CCCB
[05:01:28] [116/459] BWCB
[05:01:29] [117/459] CCAT
[05:01:30] [118/459] KGCM
[05:01:31] [119/459] INPT
[05:01:32] 🔄 Identity reset
[05:01:32] 🔄 Identity rotated (every 10 requests)
[05:01:32] [120/459] FNCO
[05:01:33] [121/459] SRMJ
[05:01:34] [122/459] PFSC
[05:01:35] [123/459] PBMC
[05:01:36] [124/459] KARP
[05:01:37] [125/459] KOVI
[05:01:38] [126/459] ACXL
[05:01:39] [127/459] GKCC
[05:01:41] [128/459] ASCC
[05:01:42] [129/459] SETC
[05:01:43] 🔄 Identity reset
[05:01:43] 🔄 Identity rotated (every 10 requests)
[05:01:43] [130/459] KACC
[05:01:44] [131/459] KAVE
[05:01:45] [132/459] CNTC
[05:01:46] [133/459] MEEN
[05:01:46] [134/459] BMRV
[05:01:47] [135/459] SVAM
[05:01:48] [136/459] VTBP
[05:01:49] [137/459] VCKN
[05:01:50] [138/459] SGTK
[05:01:52] [139/459] RCGS
[05:01:52] 🔄 Identity reset
[05:01:52] 🔄 Identity rotated (every 10 requests)
[05:01:53] [140/459] RCCB
[05:01:54] [141/459] RKSR
[05:01:55] [142/459] RKCU
[05:01:56] [143/459] GIBH
[05:01:57] [144/459] CXBS
[05:01:58] [145/459] GGCB
[05:01:59] [146/459] SCPB
[05:02:00] [147/459] AKTB
[05:02:00] [148/459] SRBU
[05:02:01] [149/459] CSSA
[05:02:02] 🔄 Identity reset
[05:02:02] 🔄 Identity rotated (every 10 requests)
[05:02:02] 🔄 Retry 1/5 for CSSA in 2.2s
[05:02:02] 🔄 Identity reset
[05:02:04] 🧠 New identity created
[05:02:04] 🔄 Retry 2/5 for CSSA in 4.6s
[05:02:04] 🔄 Identity reset
[05:02:09] 🧠 New identity created
[05:02:09] [150/459] MYAN
[05:02:10] [151/459] EXCA
[05:02:11] [152/459] CKSA
[05:02:12] [153/459] JTNM
[05:02:13] [154/459] CXKT
[05:02:14] [155/459] NCLM
[05:02:15] [156/459] JAAD
[05:02:16] [157/459] RDCR
[05:02:17] 🔄 Identity reset
[05:02:17] 🔄 Identity rotated (every 10 requests)
[05:02:17] [158/459] MEER
[05:02:18] [159/459] SIBT
[05:02:19] [160/459] PVVB
[05:02:20] [161/459] FNPN
[05:02:21] [162/459] CRPX
[05:02:22] [163/459] STET
[05:02:23] [164/459] METE
[05:02:24] [165/459] BJML
[05:02:25] [166/459] MAVT
[05:02:26] [167/459] MSRM
[05:02:26] 🔄 Identity reset
[05:02:26] 🔄 Identity rotated (every 10 requests)
[05:02:27] [168/459] TJMP
[05:02:28] [169/459] MHCK
[05:02:29] [170/459] SVGP
[05:02:30] [171/459] KRRC
[05:02:30] [172/459] IMCH
[05:02:31] [173/459] CMCS
[05:02:32] [174/459] SGND
[05:02:33] [175/459] RNAT
[05:02:34] [176/459] PRTN
[05:02:35] [177/459] MPTN
[05:02:35] 🔄 Identity reset
[05:02:35] 🔄 Identity rotated (every 10 requests)
[05:02:35] 🔄 Retry 1/5 for MPTN in 2.8s
[05:02:35] 🔄 Identity reset
[05:02:38] 🧠 New identity created
[05:02:38] 🔄 Retry 2/5 for MPTN in 4.3s
[05:02:38] 🔄 Identity reset
[05:02:43] 🧠 New identity created
[05:02:43] [178/459] ARCC
[05:02:44] [179/459] NTTE
[05:02:45] [180/459] ABND
[05:02:45] [181/459] KCSN
[05:02:46] [182/459] KCSA
[05:02:47] [183/459] DCKT
[05:02:49] [184/459] MBBR
[05:02:50] [185/459] RAMU
[05:02:50] 🔄 Identity reset
[05:02:50] 🔄 Identity rotated (every 10 requests)
[05:02:51] [186/459] RACW
[05:02:52] [187/459] MCHP
[05:02:53] [188/459] TMHM
[05:02:54] [189/459] STXH
[05:02:55] [190/459] AGSG
[05:02:56] [191/459] SIRA
[05:02:57] [192/459] RCAN
[05:02:58] [193/459] CWTB
[05:02:59] [194/459] VTYM
[05:03:00] [195/459] RRPP
[05:03:00] 🔄 Identity reset
[05:03:00] 🔄 Identity rotated (every 10 requests)
[05:03:01] [196/459] ASMR
[05:03:02] [197/459] RONO
[05:03:03] [198/459] MEMR
[05:03:04] [199/459] CTMR
[05:03:05] [200/459] PMTT
[05:03:06] [201/459] PSLX
[05:03:07] [202/459] IPPL
[05:03:08] [203/459] MMSG
[05:03:09] [204/459] INEL
[05:03:10] [205/459] COAC
[05:03:10] 🔄 Identity reset
[05:03:10] 🔄 Identity rotated (every 10 requests)
[05:03:10] 🔄 Retry 1/5 for COAC in 2.0s
[05:03:10] 🔄 Identity reset
[05:03:12] 🧠 New identity created
[05:03:12] 🔄 Retry 2/5 for COAC in 4.4s
[05:03:12] 🔄 Identity reset
[05:03:17] 🧠 New identity created
[05:03:17] [206/459] WVLK
[05:03:18] [207/459] PPXL
[05:03:19] [208/459] PSML
[05:03:20] [209/459] FNLK
[05:03:21] [210/459] ILUM
[05:03:22] [211/459] ILCM
[05:03:23] [212/459] MSNL
[05:03:24] [213/459] VINB
[05:03:24] 🔄 Identity reset
[05:03:24] 🔄 Identity rotated (every 10 requests)
[05:03:25] [214/459] SALW
[05:03:26] [215/459] PRTB
[05:03:27] [216/459] NCIL
[05:03:28] [217/459] PSUL
[05:03:28] [218/459] SCLK
[05:03:29] [219/459] ADDC
[05:03:30] [220/459] OACL
[05:03:31] [221/459] OOCF
[05:03:32] [222/459] GPMF
[05:03:33] [223/459] SSDG
[05:03:33] 🔄 Identity reset
[05:03:33] 🔄 Identity rotated (every 10 requests)
[05:03:33] 🔄 Retry 1/5 for SSDG in 2.9s
[05:03:33] 🔄 Identity reset
[05:03:36] 🧠 New identity created
[05:03:37] 🔄 Retry 2/5 for SSDG in 4.4s
[05:03:37] 🔄 Identity reset
[05:03:41] 🧠 New identity created
[05:03:41] 🔄 Retry 3/5 for SSDG in 8.6s
[05:03:41] 🔄 Identity reset
[05:03:50] 🧠 New identity created
[05:03:50] 🔄 Retry 4/5 for SSDG in 16.4s
[05:03:50] 🔄 Identity reset
[05:04:06] 🧠 New identity created
[05:04:07] [224/459] SKRS
[05:04:08] [225/459] NTTP
[05:04:09] [226/459] SLTP
[05:04:10] [227/459] JTLC
[05:04:10] [228/459] POON
[05:04:12] [229/459] CCPC
[05:04:12] 🔄 Identity reset
[05:04:12] 🔄 Identity rotated (every 10 requests)
[05:04:12] [230/459] DCKC
[05:04:13] [231/459] CPRT
[05:04:14] [232/459] EYHZ
[05:04:15] [233/459] ARBL
[05:04:16] [234/459] SBTB
[05:04:17] [235/459] MMCK
[05:04:19] [236/459] PLMR
[05:04:20] [237/459] BIJH
[05:04:21] [238/459] SDRT
[05:04:21] [239/459] PRDC
[05:04:22] 🔄 Identity reset
[05:04:22] 🔄 Identity rotated (every 10 requests)
[05:04:22] [240/459] OMJA
[05:04:23] [241/459] VKCR
[05:04:24] [242/459] ATRT
[05:04:25] [243/459] WVRP
[05:04:26] [244/459] MVRP
[05:04:27] [245/459] FCAX
[05:04:28] [246/459] CTLC
[05:04:29] [247/459] JCHB
[05:04:30] [248/459] SELP
[05:04:31] [249/459] VCPG
[05:04:31] 🔄 Identity reset
[05:04:31] 🔄 Identity rotated (every 10 requests)
[05:04:33] [250/459] ASCX
[05:04:33] [251/459] EOCS
[05:04:34] [252/459] RCPH
[05:04:35] [253/459] RJTM
[05:04:36] [254/459] SGMD
[05:04:37] [255/459] SVJT
[05:04:38] [256/459] SPPO
[05:04:39] [257/459] MNRL
[05:04:40] [258/459] KNOX
[05:04:41] [259/459] GIER
[05:04:41] 🔄 Identity reset
[05:04:41] 🔄 Identity rotated (every 10 requests)
[05:04:42] 🔄 Retry 1/5 for GIER in 2.6s
[05:04:42] 🔄 Identity reset
[05:04:44] 🧠 New identity created
[05:04:45] [260/459] PJMS
[05:04:46] [261/459] UNSP
[05:04:47] [262/459] JETP
[05:04:48] [263/459] VTWA
[05:04:49] [264/459] SCJI
[05:04:50] [265/459] CBZZ
[05:04:51] [266/459] SDCJ
[05:04:52] [267/459] RRCC
[05:04:53] [268/459] VNKG
[05:04:54] 🔄 Identity reset
[05:04:54] 🔄 Identity rotated (every 10 requests)
[05:04:54] [269/459] LKTO
[05:04:55] [270/459] PJRM
[05:04:57] [271/459] NVRM
[05:04:58] [272/459] SJCS
[05:04:59] [273/459] VIGK
[05:05:00] [274/459] ANST
[05:05:01] [275/459] JTTS
[05:05:02] [276/459] NTST
[05:05:03] [277/459] PREB
[05:05:03] [278/459] TSCZ
[05:05:04] 🔄 Identity reset
[05:05:04] 🔄 Identity rotated (every 10 requests)
[05:05:05] [279/459] CDCM
[05:05:05] [280/459] ELYE
[05:05:06] [281/459] INBS
[05:05:07] [282/459] SMGC
[05:05:08] [283/459] UTMP
[05:05:09] [284/459] INTA
[05:05:10] [285/459] OMPT
[05:05:11] [286/459] SCIR
[05:05:12] [287/459] GCKJ
[05:05:13] [288/459] INOG
[05:05:13] 🔄 Identity reset
[05:05:13] 🔄 Identity rotated (every 10 requests)
[05:05:14] [289/459] SMGB
[05:05:15] [290/459] MCSG
[05:05:15] [291/459] STKG
[05:05:16] [292/459] TTKG
[05:05:17] [293/459] SRTR
[05:05:18] [294/459] ETTR
[05:05:19] [295/459] GGGZ
[05:05:20] [296/459] IPGM
[05:05:21] [297/459] FCDH
[05:05:22] [298/459] DESB
[05:05:22] 🔄 Identity reset
[05:05:22] 🔄 Identity rotated (every 10 requests)
[05:05:23] [299/459] VNTP
[05:05:23] [300/459] ANNT
[05:05:24] [301/459] SLTI
[05:05:25] [302/459] MAJU
[05:05:26] [303/459] JCXP
[05:05:27] [304/459] HARK
[05:05:28] [305/459] JPCJ
[05:05:29] [306/459] RXBD
[05:05:30] [307/459] PTKJ
[05:05:32] [308/459] CMTU
[05:05:32] 🔄 Identity reset
[05:05:32] 🔄 Identity rotated (every 10 requests)
[05:05:33] [309/459] SWOR
[05:05:34] [310/459] JMEX
[05:05:35] [311/459] DTPT
[05:05:36] [312/459] VGMM
[05:05:37] [313/459] VCSG
[05:05:38] [314/459] CVCG
[05:05:39] [315/459] TNTT
[05:05:39] [316/459] SHRM
[05:05:40] [317/459] CGKD
[05:05:42] [318/459] EKCM
[05:05:43] 🔄 Identity reset
[05:05:43] 🔄 Identity rotated (every 10 requests)
[05:05:43] [319/459] SDCX
[05:05:44] [320/459] SBTE
[05:05:45] [321/459] STKJ
[05:05:47] [322/459] TPCE
[05:05:49] [323/459] JTNP
[05:05:49] [324/459] LPCH
[05:05:50] [325/459] CPUO
[05:05:52] [326/459] APSU
[05:05:52] [327/459] RTHC
[05:05:54] [328/459] PTBU
[05:05:55] 🔄 Identity reset
[05:05:55] 🔄 Identity rotated (every 10 requests)
[05:05:55] [329/459] CUCC
[05:05:56] [330/459] CPSA
[05:05:57] [331/459] SUAY
[05:05:58] [332/459] AYAA
[05:05:59] [333/459] MUCH
[05:06:00] [334/459] PCIN
[05:06:01] [335/459] JRRM
[05:06:02] [336/459] KATS
[05:06:03] [337/459] MHFF
[05:06:04] [338/459] ESYM
[05:06:04] 🔄 Identity reset
[05:06:04] 🔄 Identity rotated (every 10 requests)
[05:06:05] [339/459] STYV
[05:06:06] [340/459] SDKG
[05:06:07] [341/459] SMTI
[05:06:08] [342/459] NYCS
[05:06:09] [343/459] MTBG
[05:06:10] [344/459] RHCA
[05:06:11] [345/459] PCKH
[05:06:12] [346/459] ARCR
[05:06:13] [347/459] NCMB
[05:06:14] [348/459] SHYC
[05:06:14] 🔄 Identity reset
[05:06:14] 🔄 Identity rotated (every 10 requests)
[05:06:15] [349/459] LACK
[05:06:16] [350/459] MTCM
[05:06:17] [351/459] RRBN
[05:06:18] [352/459] MYDC
[05:06:19] [353/459] STCS
[05:06:20] [354/459] CONN
[05:06:21] [355/459] SIPS
[05:06:22] [356/459] SMMX
[05:06:23] [357/459] SCBY
[05:06:24] [358/459] SUAP
[05:06:25] 🔄 Identity reset
[05:06:25] 🔄 Identity rotated (every 10 requests)
[05:06:25] 🔄 Retry 1/5 for SUAP in 2.9s
[05:06:25] 🔄 Identity reset
[05:06:28] 🧠 New identity created
[05:06:28] 🔄 Retry 2/5 for SUAP in 4.2s
[05:06:28] 🔄 Identity reset
[05:06:32] 🧠 New identity created
[05:06:33] [359/459] RSMK
[05:06:34] [360/459] STKP
[05:06:35] [361/459] CIPC
[05:06:37] [362/459] KKCI
[05:06:39] [363/459] CTNK
[05:06:39] [364/459] MMTZ
[05:06:40] [365/459] DCCO
[05:06:41] [366/459] VNMN
[05:06:42] 🔄 Identity reset
[05:06:42] 🔄 Identity rotated (every 10 requests)
[05:06:42] [367/459] RLCN
[05:06:44] [368/459] CMMS
[05:06:45] [369/459] AYOU
[05:06:46] [370/459] SSCN
[05:06:46] [371/459] SMXN
[05:06:47] [372/459] ASSK
[05:06:48] [373/459] VCKM
[05:06:49] [374/459] PCPH
[05:06:50] [375/459] PADM
[05:06:51] [376/459] IESA
[05:06:51] 🔄 Identity reset
[05:06:51] 🔄 Identity rotated (every 10 requests)
[05:06:53] [377/459] VCSP
[05:06:54] [378/459] AEST
[05:06:55] [379/459] VTNR
[05:06:56] [380/459] GTTA
[05:06:57] [381/459] CMMM
[05:06:58] [382/459] AHKT
[05:06:59] [383/459] SIJI
[05:07:00] [384/459] VCEI
[05:07:01] [385/459] SAKR
[05:07:02] [386/459] VSMT
[05:07:03] 🔄 Identity reset
[05:07:03] 🔄 Identity rotated (every 10 requests)
[05:07:03] [387/459] SSCT
[05:07:04] [388/459] USTR
[05:07:05] [389/459] MTKT
[05:07:06] [390/459] TGMP
[05:07:07] [391/459] SIVC
[05:07:08] [392/459] KICT
[05:07:09] [393/459] DAMD
[05:07:10] [394/459] CNPT
[05:07:11] [395/459] RVTT
[05:07:12] [396/459] SNCM
[05:07:13] 🔄 Identity reset
[05:07:13] 🔄 Identity rotated (every 10 requests)
[05:07:13] 🔄 Retry 1/5 for SNCM in 2.9s
[05:07:13] 🔄 Identity reset
[05:07:16] 🧠 New identity created
[05:07:17] [397/459] GHTE
[05:07:17] [398/459] PPAM
[05:07:18] [399/459] PVAA
[05:07:19] [400/459] CPAO
[05:07:20] [401/459] HAMD
[05:07:22] [402/459] RCCA
[05:07:23] [403/459] MPCH
[05:07:25] [404/459] ARED
[05:07:26] [405/459] RRCV
[05:07:27] 🔄 Identity reset
[05:07:27] 🔄 Identity rotated (every 10 requests)
[05:07:27] 🔄 Retry 1/5 for RRCV in 2.3s
[05:07:27] 🔄 Identity reset
[05:07:29] 🧠 New identity created
[05:07:30] [406/459] MTRB
[05:07:31] [407/459] CKUA
[05:07:32] [408/459] ABMP
[05:07:33] [409/459] RCWA
[05:07:34] [410/459] CGAR
[05:07:35] [411/459] METH
[05:07:36] [412/459] WAGA
[05:07:37] [413/459] MCMA
[05:07:39] [414/459] CSMP
[05:07:39] 🔄 Identity reset
[05:07:39] 🔄 Identity rotated (every 10 requests)
[05:07:39] 🔄 Retry 1/5 for CSMP in 2.1s
[05:07:39] 🔄 Identity reset
[05:07:41] 🧠 New identity created
[05:07:42] [415/459] RCNK
[05:07:43] [416/459] PSTM
[05:07:44] [417/459] CSEP
[05:07:46] [418/459] AMGD
[05:07:47] [419/459] CSTE
[05:07:48] [420/459] CONS
[05:07:49] [421/459] APPX
[05:07:50] [422/459] MABC
[05:07:51] [423/459] CXST
[05:07:52] 🔄 Identity reset
[05:07:52] 🔄 Identity rotated (every 10 requests)
[05:07:52] [424/459] MATN
[05:07:53] [425/459] MACZ
[05:07:54] [426/459] MASA
[05:07:55] [427/459] MBSX
[05:07:57] [428/459] CSST
[05:07:58] [429/459] APCL
[05:07:58] [430/459] CGOS
[05:07:59] [431/459] CPEC
[05:08:00] [432/459] MCCP
[05:08:01] [433/459] BSSO
[05:08:02] 🔄 Identity reset
[05:08:02] 🔄 Identity rotated (every 10 requests)
[05:08:02] [434/459] SJKA
[05:08:03] [435/459] CGBO
[05:08:04] [436/459] MVSK
[05:08:05] [437/459] HVCA
[05:08:06] [438/459] NAMD
[05:08:07] [439/459] DEVI
[05:08:08] [440/459] SCSV
[05:08:09] [441/459] PSMA
[05:08:10] [442/459] CLDJ
[05:08:12] [443/459] NMAD
[05:08:12] 🔄 Identity reset
[05:08:12] 🔄 Identity rotated (every 10 requests)
[05:08:13] [444/459] CGMO
[05:08:14] [445/459] MCNA
[05:08:15] [446/459] OCBN
[05:08:15] [447/459] CPEM
[05:08:16] [448/459] CPSM
[05:08:17] [449/459] RCAD
[05:08:18] [450/459] CPMU
[05:08:19] [451/459] DICD
[05:08:20] [452/459] CHOE
[05:08:21] [453/459] PDJM
[05:08:21] 🔄 Identity reset
[05:08:21] 🔄 Identity rotated (every 10 requests)
[05:08:22] [454/459] SSTU
[05:08:22] [455/459] VNRN
[05:08:23] [456/459] PVLG
[05:08:24] [457/459] SWBL
[05:08:25] [458/459] SCAB
[05:08:27] [459/459] RDDA
[05:08:27] 🔁 RETRY ROUND 1 | Remaining: 1
[05:08:27] [RETRY-1] JTST
[05:08:31] 🧹 Deduping shows
[05:08:31] ✅ DONE | Shows=877 | Movies=45
[08:28:15] 🚀 SCRIPT STARTED (enhanced anti‑detection)
[08:28:15] [1/459] MCCZ
[08:28:16] 🧠 New identity created
[08:28:16] 🔄 Retry 1/5 for MCCZ in 2.3s
[08:28:16] 🔄 Identity reset
[08:28:18] 🧠 New identity created
[08:28:19] [2/459] FRPU
[08:28:20] [3/459] SKSI
[08:28:20] [4/459] SSCK
[08:28:22] [5/459] SRDC
[08:28:23] [6/459] RSCZ
[08:28:24] [7/459] PRVT
[08:28:25] [8/459] GAGJ
[08:28:26] [9/459] SMHG
[08:28:27] 🔄 Identity reset
[08:28:27] 🔄 Identity rotated (every 10 requests)
[08:28:27] [10/459] JTST
[08:28:28] [11/459] MYTH
[08:28:29] [12/459] JPCC
[08:28:30] [13/459] ACDC
[08:28:31] [14/459] SVFP
[08:28:32] [15/459] SFCM
[08:28:34] [16/459] RUPK
[08:28:35] [17/459] NTCR
[08:28:36] [18/459] RTCH
[08:28:36] [19/459] SCMH
[08:28:37] 🔄 Identity reset
[08:28:37] 🔄 Identity rotated (every 10 requests)
[08:28:37] [20/459] SVYM
[08:28:38] [21/459] SPYM
[08:28:39] [22/459] SMMF
[08:28:40] [23/459] CLLB
[08:28:41] [24/459] FMCB
[08:28:42] [25/459] BBTC
[08:28:43] [26/459] NTHS
[08:28:44] [27/459] PKKJ
[08:28:46] [28/459] MTJA
[08:28:47] [29/459] PMSJ
[08:28:47] 🔄 Identity reset
[08:28:47] 🔄 Identity rotated (every 10 requests)
[08:28:48] [30/459] JMJU
[08:28:49] [31/459] SRAD
[08:28:51] [32/459] MJMC
[08:28:51] [33/459] DFRM
[08:28:53] [34/459] PMRS
[08:28:54] [35/459] RKPP
[08:28:55] [36/459] BMBK
[08:28:56] [37/459] NEWS
[08:28:57] [38/459] SALB
[08:28:58] [39/459] SCPW
[08:28:58] 🔄 Identity reset
[08:28:58] 🔄 Identity rotated (every 10 requests)
[08:28:59] [40/459] RAYL
[08:29:00] [41/459] CMGJ
[08:29:01] [42/459] JRCR
[08:29:02] [43/459] SRTB
[08:29:03] [44/459] ETPB
[08:29:04] [45/459] MXBN
[08:29:05] [46/459] TOPE
[08:29:06] [47/459] SNLJ
[08:29:07] [48/459] CDDP
[08:29:08] [49/459] APCX
[08:29:08] 🔄 Identity reset
[08:29:08] 🔄 Identity rotated (every 10 requests)
[08:29:09] [50/459] TALP
[08:29:09] [51/459] RRMP
[08:29:10] [52/459] MAHB
[08:29:11] [53/459] MTKR
[08:29:12] [54/459] KSKL
[08:29:13] [55/459] RJLT
[08:29:14] [56/459] ATAS
[08:29:15] [57/459] AMHR
[08:29:16] [58/459] RSRM
[08:29:17] [59/459] GCAT
[08:29:17] 🔄 Identity reset
[08:29:17] 🔄 Identity rotated (every 10 requests)
[08:29:18] [60/459] SMML
[08:29:18] [61/459] ACCD
[08:29:19] [62/459] VYDA
[08:29:20] [63/459] MSKT
[08:29:21] [64/459] AVDM
[08:29:22] [65/459] ASMH
[08:29:23] [66/459] VTMB
[08:29:24] [67/459] WVMB
[08:29:26] [68/459] PPMN
[08:29:27] [69/459] MTMD
[08:29:27] 🔄 Identity reset
[08:29:27] 🔄 Identity rotated (every 10 requests)
[08:29:28] [70/459] SMMO
[08:29:29] [71/459] DLPB
[08:29:31] [72/459] AKMD
[08:29:31] [73/459] SHRR
[08:29:32] [74/459] ASCO
[08:29:33] [75/459] CZVX
[08:29:34] [76/459] GCBB
[08:29:35] [77/459] ATBM
[08:29:36] [78/459] TCGM
[08:29:37] [79/459] UMSE
[08:29:38] 🔄 Identity reset
[08:29:38] 🔄 Identity rotated (every 10 requests)
[08:29:38] [80/459] NKCL
[08:29:39] [81/459] BTLR
[08:29:40] [82/459] GOCL
[08:29:41] [83/459] MIRN
[08:29:42] [84/459] THEC
[08:29:43] [85/459] SPPB
[08:29:44] [86/459] PMMM
[08:29:44] [87/459] GGMC
[08:29:45] [88/459] AVSR
[08:29:46] [89/459] RDMH
[08:29:47] 🔄 Identity reset
[08:29:47] 🔄 Identity rotated (every 10 requests)
[08:29:47] [90/459] JSRS
[08:29:48] [91/459] VKGP
[08:29:49] [92/459] ACRT
[08:29:50] [93/459] GCBA
[08:29:51] [94/459] GTCP
[08:29:52] [95/459] AKFC
[08:29:53] [96/459] INCS
[08:29:54] [97/459] SMCK
[08:29:55] [98/459] BRUN
[08:29:56] [99/459] RPPC
[08:29:57] 🔄 Identity reset
[08:29:57] 🔄 Identity rotated (every 10 requests)
[08:29:57] 🔄 Retry 1/5 for RPPC in 2.6s
[08:29:57] 🔄 Identity reset
[08:29:59] 🧠 New identity created
[08:30:00] [100/459] PAYD
[08:30:01] [101/459] SVVT
[08:30:02] [102/459] RNCC
[08:30:04] [103/459] PCRC
[08:30:05] [104/459] PMRM
[08:30:06] [105/459] CCRP
[08:30:07] [106/459] INCR
[08:30:09] [107/459] ZTMP
[08:30:10] [108/459] MCNR
[08:30:10] 🔄 Identity reset
[08:30:10] 🔄 Identity rotated (every 10 requests)
[08:30:11] [109/459] INRP
[08:30:12] [110/459] STRC
[08:30:13] [111/459] RATI
[08:30:14] [112/459] PBTR
[08:30:15] [113/459] CMHP
[08:30:16] [114/459] ZECJ
[08:30:17] [115/459] CCCB
[08:30:18] [116/459] BWCB
[08:30:19] [117/459] CCAT
[08:30:20] [118/459] KGCM
[08:30:20] 🔄 Identity reset
[08:30:20] 🔄 Identity rotated (every 10 requests)
[08:30:20] [119/459] INPT
[08:30:21] [120/459] FNCO
[08:30:22] [121/459] SRMJ
[08:30:23] [122/459] PFSC
[08:30:24] [123/459] PBMC
[08:30:25] [124/459] KARP
[08:30:27] [125/459] KOVI
[08:30:27] [126/459] ACXL
[08:30:28] [127/459] GKCC
[08:30:30] [128/459] ASCC
[08:30:30] 🔄 Identity reset
[08:30:30] 🔄 Identity rotated (every 10 requests)
[08:30:30] 🔄 Retry 1/5 for ASCC in 2.3s
[08:30:30] 🔄 Identity reset
[08:30:33] 🧠 New identity created
[08:30:33] [129/459] SETC
[08:30:35] [130/459] KACC
[08:30:36] [131/459] KAVE
[08:30:37] [132/459] CNTC
[08:30:38] [133/459] MEEN
[08:30:39] [134/459] BMRV
[08:30:40] [135/459] SVAM
[08:30:41] [136/459] VTBP
[08:30:42] [137/459] VCKN
[08:30:42] 🔄 Identity reset
[08:30:42] 🔄 Identity rotated (every 10 requests)
[08:30:42] [138/459] SGTK
[08:30:44] [139/459] RCGS
[08:30:44] [140/459] RCCB
[08:30:45] [141/459] RKSR
[08:30:46] [142/459] RKCU
[08:30:47] [143/459] GIBH
[08:30:48] [144/459] CXBS
[08:30:49] [145/459] GGCB
[08:30:49] [146/459] SCPB
[08:30:51] [147/459] AKTB
[08:30:51] 🔄 Identity reset
[08:30:51] 🔄 Identity rotated (every 10 requests)
[08:30:51] [148/459] SRBU
[08:30:52] [149/459] CSSA
[08:30:53] [150/459] MYAN
[08:30:54] [151/459] EXCA
[08:30:55] [152/459] CKSA
[08:30:56] [153/459] JTNM
[08:30:57] [154/459] CXKT
[08:30:58] [155/459] NCLM
[08:30:59] [156/459] JAAD
[08:31:00] [157/459] RDCR
[08:31:00] 🔄 Identity reset
[08:31:00] 🔄 Identity rotated (every 10 requests)
[08:31:01] [158/459] MEER
[08:31:01] [159/459] SIBT
[08:31:02] [160/459] PVVB
[08:31:03] [161/459] FNPN
[08:31:04] [162/459] CRPX
[08:31:05] [163/459] STET
[08:31:06] [164/459] METE
[08:31:07] [165/459] BJML
[08:31:07] [166/459] MAVT
[08:31:08] [167/459] MSRM
[08:31:09] 🔄 Identity reset
[08:31:09] 🔄 Identity rotated (every 10 requests)
[08:31:09] [168/459] TJMP
[08:31:10] [169/459] MHCK
[08:31:11] [170/459] SVGP
[08:31:12] [171/459] KRRC
[08:31:13] [172/459] IMCH
[08:31:14] [173/459] CMCS
[08:31:15] [174/459] SGND
[08:31:16] [175/459] RNAT
[08:31:17] [176/459] PRTN
[08:31:18] [177/459] MPTN
[08:31:18] 🔄 Identity reset
[08:31:18] 🔄 Identity rotated (every 10 requests)
[08:31:19] [178/459] ARCC
[08:31:20] [179/459] NTTE
[08:31:20] [180/459] ABND
[08:31:21] [181/459] KCSN
[08:31:22] [182/459] KCSA
[08:31:23] [183/459] DCKT
[08:31:24] [184/459] MBBR
[08:31:24] [185/459] RAMU
[08:31:25] [186/459] RACW
[08:31:26] [187/459] MCHP
[08:31:27] 🔄 Identity reset
[08:31:27] 🔄 Identity rotated (every 10 requests)
[08:31:27] [188/459] TMHM
[08:31:28] [189/459] STXH
[08:31:29] [190/459] AGSG
[08:31:30] [191/459] SIRA
[08:31:31] [192/459] RCAN
[08:31:31] [193/459] CWTB
[08:31:32] [194/459] VTYM
[08:31:33] [195/459] RRPP
[08:31:34] [196/459] ASMR
[08:31:35] [197/459] RONO
[08:31:36] 🔄 Identity reset
[08:31:36] 🔄 Identity rotated (every 10 requests)
[08:31:36] 🔄 Retry 1/5 for RONO in 2.8s
[08:31:36] 🔄 Identity reset
[08:31:39] 🧠 New identity created
[08:31:39] [198/459] MEMR
[08:31:40] [199/459] CTMR
[08:31:41] [200/459] PMTT
[08:31:41] [201/459] PSLX
[08:31:42] [202/459] IPPL
[08:31:43] [203/459] MMSG
[08:31:44] [204/459] INEL
[08:31:45] [205/459] COAC
[08:31:46] [206/459] WVLK
[08:31:46] 🔄 Identity reset
[08:31:46] 🔄 Identity rotated (every 10 requests)
[08:31:47] [207/459] PPXL
[08:31:48] [208/459] PSML
[08:31:49] [209/459] FNLK
[08:31:50] [210/459] ILUM
[08:31:51] [211/459] ILCM
[08:31:52] [212/459] MSNL
[08:31:52] [213/459] VINB
[08:31:53] [214/459] SALW
[08:31:54] [215/459] PRTB
[08:31:55] [216/459] NCIL
[08:31:56] 🔄 Identity reset
[08:31:56] 🔄 Identity rotated (every 10 requests)
[08:31:56] 🔄 Retry 1/5 for NCIL in 3.0s
[08:31:56] 🔄 Identity reset
[08:31:59] 🧠 New identity created
[08:31:59] [217/459] PSUL
[08:32:00] [218/459] SCLK
[08:32:02] [219/459] ADDC
[08:32:03] [220/459] OACL
[08:32:04] [221/459] OOCF
[08:32:05] [222/459] GPMF
[08:32:06] [223/459] SSDG
[08:32:07] [224/459] SKRS
[08:32:08] [225/459] NTTP
[08:32:09] 🔄 Identity reset
[08:32:09] 🔄 Identity rotated (every 10 requests)
[08:32:09] 🔄 Retry 1/5 for NTTP in 2.4s
[08:32:09] 🔄 Identity reset
[08:32:11] 🧠 New identity created
[08:32:11] [226/459] SLTP
[08:32:12] [227/459] JTLC
[08:32:14] [228/459] POON
[08:32:15] [229/459] CCPC
[08:32:16] [230/459] DCKC
[08:32:18] [231/459] CPRT
[08:32:19] [232/459] EYHZ
[08:32:20] [233/459] ARBL
[08:32:20] [234/459] SBTB
[08:32:21] 🔄 Identity reset
[08:32:21] 🔄 Identity rotated (every 10 requests)
[08:32:21] [235/459] MMCK
[08:32:22] [236/459] PLMR
[08:32:24] [237/459] BIJH
[08:32:26] [238/459] SDRT
[08:32:26] [239/459] PRDC
[08:32:27] [240/459] OMJA
[08:32:28] [241/459] VKCR
[08:32:29] [242/459] ATRT
[08:32:30] [243/459] WVRP
[08:32:31] [244/459] MVRP
[08:32:31] 🔄 Identity reset
[08:32:31] 🔄 Identity rotated (every 10 requests)
[08:32:31] [245/459] FCAX
[08:32:32] [246/459] CTLC
[08:32:33] [247/459] JCHB
[08:32:35] [248/459] SELP
[08:32:36] [249/459] VCPG
[08:32:37] [250/459] ASCX
[08:32:38] [251/459] EOCS
[08:32:38] [252/459] RCPH
[08:32:40] [253/459] RJTM
[08:32:40] [254/459] SGMD
[08:32:41] 🔄 Identity reset
[08:32:41] 🔄 Identity rotated (every 10 requests)
[08:32:42] [255/459] SVJT
[08:32:43] [256/459] SPPO
[08:32:44] [257/459] MNRL
[08:32:45] [258/459] KNOX
[08:32:46] [259/459] GIER
[08:32:47] [260/459] PJMS
[08:32:48] [261/459] UNSP
[08:32:49] [262/459] JETP
[08:32:50] [263/459] VTWA
[08:32:50] [264/459] SCJI
[08:32:51] 🔄 Identity reset
[08:32:51] 🔄 Identity rotated (every 10 requests)
[08:32:51] [265/459] CBZZ
[08:32:52] [266/459] SDCJ
[08:32:53] [267/459] RRCC
[08:32:54] [268/459] VNKG
[08:32:55] [269/459] LKTO
[08:32:56] [270/459] PJRM
[08:32:58] [271/459] NVRM
[08:32:59] [272/459] SJCS
[08:33:00] [273/459] VIGK
[08:33:00] [274/459] ANST
[08:33:01] 🔄 Identity reset
[08:33:01] 🔄 Identity rotated (every 10 requests)
[08:33:02] [275/459] JTTS
[08:33:03] [276/459] NTST
[08:33:04] [277/459] PREB
[08:33:05] [278/459] TSCZ
[08:33:06] [279/459] CDCM
[08:33:07] [280/459] ELYE
[08:33:08] [281/459] INBS
[08:33:09] [282/459] SMGC
[08:33:10] [283/459] UTMP
[08:33:12] [284/459] INTA
[08:33:12] 🔄 Identity reset
[08:33:12] 🔄 Identity rotated (every 10 requests)
[08:33:13] [285/459] OMPT
[08:33:14] [286/459] SCIR
[08:33:15] [287/459] GCKJ
[08:33:15] [288/459] INOG
[08:33:16] [289/459] SMGB
[08:33:17] [290/459] MCSG
[08:33:18] [291/459] STKG
[08:33:19] [292/459] TTKG
[08:33:20] [293/459] SRTR
[08:33:21] [294/459] ETTR
[08:33:21] 🔄 Identity reset
[08:33:21] 🔄 Identity rotated (every 10 requests)
[08:33:22] [295/459] GGGZ
[08:33:23] [296/459] IPGM
[08:33:24] [297/459] FCDH
[08:33:25] [298/459] DESB
[08:33:25] [299/459] VNTP
[08:33:26] [300/459] ANNT
[08:33:27] [301/459] SLTI
[08:33:28] [302/459] MAJU
[08:33:29] [303/459] JCXP
[08:33:30] [304/459] HARK
[08:33:31] 🔄 Identity reset
[08:33:31] 🔄 Identity rotated (every 10 requests)
[08:33:31] [305/459] JPCJ
[08:33:32] [306/459] RXBD
[08:33:33] [307/459] PTKJ
[08:33:34] [308/459] CMTU
[08:33:35] [309/459] SWOR
[08:33:36] [310/459] JMEX
[08:33:37] [311/459] DTPT
[08:33:38] [312/459] VGMM
[08:33:39] [313/459] VCSG
[08:33:40] [314/459] CVCG
[08:33:41] 🔄 Identity reset
[08:33:41] 🔄 Identity rotated (every 10 requests)
[08:33:41] [315/459] TNTT
[08:33:42] [316/459] SHRM
[08:33:43] [317/459] CGKD
[08:33:43] [318/459] EKCM
[08:33:44] [319/459] SDCX
[08:33:45] [320/459] SBTE
[08:33:46] [321/459] STKJ
[08:33:47] [322/459] TPCE
[08:33:48] [323/459] JTNP
[08:33:49] [324/459] LPCH
[08:33:50] 🔄 Identity reset
[08:33:50] 🔄 Identity rotated (every 10 requests)
[08:33:50] 🔄 Retry 1/5 for LPCH in 2.6s
[08:33:50] 🔄 Identity reset
[08:33:52] 🧠 New identity created
[08:33:53] [325/459] CPUO
[08:33:53] [326/459] APSU
[08:33:54] [327/459] RTHC
[08:33:55] [328/459] PTBU
[08:33:56] [329/459] CUCC
[08:33:57] [330/459] CPSA
[08:33:58] [331/459] SUAY
[08:33:59] [332/459] AYAA
[08:34:00] [333/459] MUCH
[08:34:00] 🔄 Identity reset
[08:34:00] 🔄 Identity rotated (every 10 requests)
[08:34:01] [334/459] PCIN
[08:34:01] [335/459] JRRM
[08:34:02] [336/459] KATS
[08:34:03] [337/459] MHFF
[08:34:04] [338/459] ESYM
[08:34:05] [339/459] STYV
[08:34:06] [340/459] SDKG
[08:34:07] [341/459] SMTI
[08:34:08] [342/459] NYCS
[08:34:09] [343/459] MTBG
[08:34:09] 🔄 Identity reset
[08:34:09] 🔄 Identity rotated (every 10 requests)
[08:34:10] [344/459] RHCA
[08:34:10] [345/459] PCKH
[08:34:11] [346/459] ARCR
[08:34:12] [347/459] NCMB
[08:34:13] [348/459] SHYC
[08:34:15] [349/459] LACK
[08:34:16] [350/459] MTCM
[08:34:16] [351/459] RRBN
[08:34:17] [352/459] MYDC
[08:34:18] [353/459] STCS
[08:34:19] 🔄 Identity reset
[08:34:19] 🔄 Identity rotated (every 10 requests)
[08:34:19] [354/459] CONN
[08:34:20] [355/459] SIPS
[08:34:22] [356/459] SMMX
[08:34:22] [357/459] SCBY
[08:34:23] [358/459] SUAP
[08:34:24] [359/459] RSMK
[08:34:25] [360/459] STKP
[08:34:26] [361/459] CIPC
[08:34:27] [362/459] KKCI
[08:34:28] [363/459] CTNK
[08:34:29] 🔄 Identity reset
[08:34:29] 🔄 Identity rotated (every 10 requests)
[08:34:29] [364/459] MMTZ
[08:34:30] [365/459] DCCO
[08:34:31] [366/459] VNMN
[08:34:32] [367/459] RLCN
[08:34:33] [368/459] CMMS
[08:34:34] [369/459] AYOU
[08:34:35] [370/459] SSCN
[08:34:36] [371/459] SMXN
[08:34:37] [372/459] ASSK
[08:34:38] [373/459] VCKM
[08:34:39] 🔄 Identity reset
[08:34:39] 🔄 Identity rotated (every 10 requests)
[08:34:39] 🔄 Retry 1/5 for VCKM in 2.5s
[08:34:39] 🔄 Identity reset
[08:34:41] 🧠 New identity created
[08:34:42] [374/459] PCPH
[08:34:43] [375/459] PADM
[08:34:43] [376/459] IESA
[08:34:44] [377/459] VCSP
[08:34:46] [378/459] AEST
[08:34:47] [379/459] VTNR
[08:34:48] [380/459] GTTA
[08:34:49] [381/459] CMMM
[08:34:50] [382/459] AHKT
[08:34:50] 🔄 Identity reset
[08:34:50] 🔄 Identity rotated (every 10 requests)
[08:34:50] 🔄 Retry 1/5 for AHKT in 2.9s
[08:34:50] 🔄 Identity reset
[08:34:53] 🧠 New identity created
[08:34:53] [383/459] SIJI
[08:34:54] [384/459] VCEI
[08:34:55] [385/459] SAKR
[08:34:56] [386/459] VSMT
[08:34:57] [387/459] SSCT
[08:34:58] [388/459] USTR
[08:34:59] [389/459] MTKT
[08:35:00] [390/459] TGMP
[08:35:01] [391/459] SIVC
[08:35:01] 🔄 Identity reset
[08:35:01] 🔄 Identity rotated (every 10 requests)
[08:35:02] [392/459] KICT
[08:35:03] [393/459] DAMD
[08:35:04] [394/459] CNPT
[08:35:05] [395/459] RVTT
[08:35:06] [396/459] SNCM
[08:35:06] [397/459] GHTE
[08:35:07] [398/459] PPAM
[08:35:08] [399/459] PVAA
[08:35:09] [400/459] CPAO
[08:35:10] [401/459] HAMD
[08:35:11] 🔄 Identity reset
[08:35:11] 🔄 Identity rotated (every 10 requests)
[08:35:11] [402/459] RCCA
[08:35:12] [403/459] MPCH
[08:35:13] [404/459] ARED
[08:35:14] [405/459] RRCV
[08:35:15] [406/459] MTRB
[08:35:16] [407/459] CKUA
[08:35:17] [408/459] ABMP
[08:35:18] [409/459] RCWA
[08:35:19] [410/459] CGAR
[08:35:19] [411/459] METH
[08:35:20] 🔄 Identity reset
[08:35:20] 🔄 Identity rotated (every 10 requests)
[08:35:21] [412/459] WAGA
[08:35:21] [413/459] MCMA
[08:35:22] [414/459] CSMP
[08:35:23] [415/459] RCNK
[08:35:24] [416/459] PSTM
[08:35:25] [417/459] CSEP
[08:35:26] [418/459] AMGD
[08:35:27] [419/459] CSTE
[08:35:28] [420/459] CONS
[08:35:29] [421/459] APPX
[08:35:29] 🔄 Identity reset
[08:35:29] 🔄 Identity rotated (every 10 requests)
[08:35:30] [422/459] MABC
[08:35:30] [423/459] CXST
[08:35:31] [424/459] MATN
[08:35:32] [425/459] MACZ
[08:35:33] [426/459] MASA
[08:35:34] [427/459] MBSX
[08:35:35] [428/459] CSST
[08:35:36] [429/459] APCL
[08:35:37] [430/459] CGOS
[08:35:38] [431/459] CPEC
[08:35:39] 🔄 Identity reset
[08:35:39] 🔄 Identity rotated (every 10 requests)
[08:35:39] [432/459] MCCP
[08:35:40] [433/459] BSSO
[08:35:41] [434/459] SJKA
[08:35:41] [435/459] CGBO
[08:35:42] [436/459] MVSK
[08:35:43] [437/459] HVCA
[08:35:44] [438/459] NAMD
[08:35:45] [439/459] DEVI
[08:35:46] [440/459] SCSV
[08:35:47] [441/459] PSMA
[08:35:47] 🔄 Identity reset
[08:35:47] 🔄 Identity rotated (every 10 requests)
[08:35:49] [442/459] CLDJ
[08:35:49] [443/459] NMAD
[08:35:50] [444/459] CGMO
[08:35:51] [445/459] MCNA
[08:35:52] [446/459] OCBN
[08:35:53] [447/459] CPEM
[08:35:54] [448/459] CPSM
[08:35:55] [449/459] RCAD
[08:35:56] [450/459] CPMU
[08:35:56] [451/459] DICD
[08:35:57] 🔄 Identity reset
[08:35:57] 🔄 Identity rotated (every 10 requests)
[08:35:58] [452/459] CHOE
[08:35:59] [453/459] PDJM
[08:36:00] [454/459] SSTU
[08:36:01] [455/459] VNRN
[08:36:02] [456/459] PVLG
[08:36:02] [457/459] SWBL
[08:36:03] [458/459] SCAB
[08:36:04] [459/459] RDDA
[08:36:06] 🧹 Deduping shows
[08:36:06] ✅ DONE | Shows=877 | Movies=45
[12:19:49] 🚀 SCRIPT STARTED (enhanced anti‑detection)
[12:19:49] [1/459] MCCZ
[12:19:50] 🧠 New identity created
[12:19:50] [2/459] FRPU
[12:19:51] [3/459] SKSI
[12:19:52] [4/459] SSCK
[12:19:53] [5/459] SRDC
[12:19:53] [6/459] RSCZ
[12:19:54] [7/459] PRVT
[12:19:55] [8/459] GAGJ
[12:19:56] [9/459] SMHG
[12:19:57] [10/459] JTST
[12:19:57] 🔄 Identity reset
[12:19:57] 🔄 Identity rotated (every 10 requests)
[12:19:58] [11/459] MYTH
[12:19:58] [12/459] JPCC
[12:19:59] [13/459] ACDC
[12:20:01] [14/459] SVFP
[12:20:02] [15/459] SFCM
[12:20:02] [16/459] RUPK
[12:20:03] [17/459] NTCR
[12:20:04] [18/459] RTCH
[12:20:05] [19/459] SCMH
[12:20:06] [20/459] SVYM
[12:20:06] 🔄 Identity reset
[12:20:06] 🔄 Identity rotated (every 10 requests)
[12:20:06] 🔄 Retry 1/5 for SVYM in 2.6s
[12:20:06] 🔄 Identity reset
[12:20:09] 🧠 New identity created
[12:20:09] 🔄 Retry 2/5 for SVYM in 4.4s
[12:20:09] 🔄 Identity reset
[12:20:14] 🧠 New identity created
[12:20:14] 🔄 Retry 3/5 for SVYM in 8.1s
[12:20:14] 🔄 Identity reset
[12:20:22] 🧠 New identity created
[12:20:22] [21/459] SPYM
[12:20:23] [22/459] SMMF
[12:20:24] [23/459] CLLB
[12:20:24] [24/459] FMCB
[12:20:25] [25/459] BBTC
[12:20:26] [26/459] NTHS
[12:20:27] [27/459] PKKJ
[12:20:28] 🔄 Identity reset
[12:20:28] 🔄 Identity rotated (every 10 requests)
[12:20:28] [28/459] MTJA
[12:20:29] [29/459] PMSJ
[12:20:30] [30/459] JMJU
[12:20:31] [31/459] SRAD
[12:20:31] [32/459] MJMC
[12:20:32] [33/459] DFRM
[12:20:33] [34/459] PMRS
[12:20:34] [35/459] RKPP
[12:20:35] [36/459] BMBK
[12:20:36] [37/459] NEWS
[12:20:36] 🔄 Identity reset
[12:20:36] 🔄 Identity rotated (every 10 requests)
[12:20:36] 🔄 Retry 1/5 for NEWS in 2.6s
[12:20:36] 🔄 Identity reset
[12:20:39] 🧠 New identity created
[12:20:39] 🔄 Retry 2/5 for NEWS in 4.2s
[12:20:39] 🔄 Identity reset
[12:20:43] 🧠 New identity created
[12:20:43] [38/459] SALB
[12:20:44] [39/459] SCPW
[12:20:45] [40/459] RAYL
[12:20:46] [41/459] CMGJ
[12:20:48] [42/459] JRCR
[12:20:49] [43/459] SRTB
[12:20:49] [44/459] ETPB
[12:20:50] [45/459] MXBN
[12:20:51] 🔄 Identity reset
[12:20:51] 🔄 Identity rotated (every 10 requests)
[12:20:51] [46/459] TOPE
[12:20:52] [47/459] SNLJ
[12:20:53] [48/459] CDDP
[12:20:54] [49/459] APCX
[12:20:55] [50/459] TALP
[12:20:56] [51/459] RRMP
[12:20:56] [52/459] MAHB
[12:20:57] [53/459] MTKR
[12:20:58] [54/459] KSKL
[12:20:59] [55/459] RJLT
[12:21:00] 🔄 Identity reset
[12:21:00] 🔄 Identity rotated (every 10 requests)
[12:21:00] [56/459] ATAS
[12:21:01] [57/459] AMHR
[12:21:02] [58/459] RSRM
[12:21:03] [59/459] GCAT
[12:21:04] [60/459] SMML
[12:21:05] [61/459] ACCD
[12:21:07] [62/459] VYDA
[12:21:08] [63/459] MSKT
[12:21:09] [64/459] AVDM
[12:21:09] [65/459] ASMH
[12:21:10] 🔄 Identity reset
[12:21:10] 🔄 Identity rotated (every 10 requests)
[12:21:10] [66/459] VTMB
[12:21:11] [67/459] WVMB
[12:21:12] [68/459] PPMN
[12:21:13] [69/459] MTMD
[12:21:14] [70/459] SMMO
[12:21:15] [71/459] DLPB
[12:21:16] [72/459] AKMD
[12:21:17] [73/459] SHRR
[12:21:18] [74/459] ASCO
[12:21:18] [75/459] CZVX
[12:21:19] 🔄 Identity reset
[12:21:19] 🔄 Identity rotated (every 10 requests)
[12:21:19] [76/459] GCBB
[12:21:20] [77/459] ATBM
[12:21:21] [78/459] TCGM
[12:21:22] [79/459] UMSE
[12:21:23] [80/459] NKCL
[12:21:24] [81/459] BTLR
[12:21:25] [82/459] GOCL
[12:21:26] [83/459] MIRN
[12:21:27] [84/459] THEC
[12:21:28] [85/459] SPPB
[12:21:28] 🔄 Identity reset
[12:21:28] 🔄 Identity rotated (every 10 requests)
[12:21:28] [86/459] PMMM
[12:21:29] [87/459] GGMC
[12:21:30] [88/459] AVSR
[12:21:31] [89/459] RDMH
[12:21:32] [90/459] JSRS
[12:21:33] [91/459] VKGP
[12:21:34] [92/459] ACRT
[12:21:34] [93/459] GCBA
[12:21:35] [94/459] GTCP
[12:21:37] [95/459] AKFC
[12:21:37] 🔄 Identity reset
[12:21:37] 🔄 Identity rotated (every 10 requests)
[12:21:38] [96/459] INCS
[12:21:38] [97/459] SMCK
[12:21:39] [98/459] BRUN
[12:21:41] [99/459] RPPC
[12:21:42] [100/459] PAYD
[12:21:43] [101/459] SVVT
[12:21:43] [102/459] RNCC
[12:21:44] [103/459] PCRC
[12:21:45] [104/459] PMRM
[12:21:46] [105/459] CCRP
[12:21:47] 🔄 Identity reset
[12:21:47] 🔄 Identity rotated (every 10 requests)
[12:21:47] [106/459] INCR
[12:21:48] [107/459] ZTMP
[12:21:49] [108/459] MCNR
[12:21:49] [109/459] INRP
[12:21:50] [110/459] STRC
[12:21:51] [111/459] RATI
[12:21:52] [112/459] PBTR
[12:21:53] [113/459] CMHP
[12:21:53] [114/459] ZECJ
[12:21:55] [115/459] CCCB
[12:21:55] 🔄 Identity reset
[12:21:55] 🔄 Identity rotated (every 10 requests)
[12:21:56] 🔄 Retry 1/5 for CCCB in 2.4s
[12:21:56] 🔄 Identity reset
[12:21:58] 🧠 New identity created
[12:21:58] [116/459] BWCB
[12:21:59] [117/459] CCAT
[12:22:00] [118/459] KGCM
[12:22:01] [119/459] INPT
[12:22:02] [120/459] FNCO
[12:22:03] [121/459] SRMJ
[12:22:04] [122/459] PFSC
[12:22:05] [123/459] PBMC
[12:22:05] [124/459] KARP
[12:22:06] 🔄 Identity reset
[12:22:06] 🔄 Identity rotated (every 10 requests)
[12:22:06] [125/459] KOVI
[12:22:07] [126/459] ACXL
[12:22:08] [127/459] GKCC
[12:22:09] [128/459] ASCC
[12:22:10] [129/459] SETC
[12:22:11] [130/459] KACC
[12:22:13] [131/459] KAVE
[12:22:14] [132/459] CNTC
[12:22:15] [133/459] MEEN
[12:22:15] [134/459] BMRV
[12:22:16] 🔄 Identity reset
[12:22:16] 🔄 Identity rotated (every 10 requests)
[12:22:16] [135/459] SVAM
[12:22:17] [136/459] VTBP
[12:22:18] [137/459] VCKN
[12:22:19] [138/459] SGTK
[12:22:19] [139/459] RCGS
[12:22:20] [140/459] RCCB
[12:22:21] [141/459] RKSR
[12:22:22] [142/459] RKCU
[12:22:22] [143/459] GIBH
[12:22:23] [144/459] CXBS
[12:22:24] 🔄 Identity reset
[12:22:24] 🔄 Identity rotated (every 10 requests)
[12:22:24] 🔄 Retry 1/5 for CXBS in 2.4s
[12:22:24] 🔄 Identity reset
[12:22:26] 🧠 New identity created
[12:22:27] [145/459] GGCB
[12:22:27] [146/459] SCPB
[12:22:28] [147/459] AKTB
[12:22:30] [148/459] SRBU
[12:22:31] [149/459] CSSA
[12:22:31] [150/459] MYAN
[12:22:33] [151/459] EXCA
[12:22:34] [152/459] CKSA
[12:22:35] [153/459] JTNM
[12:22:35] 🔄 Identity reset
[12:22:35] 🔄 Identity rotated (every 10 requests)
[12:22:36] [154/459] CXKT
[12:22:36] [155/459] NCLM
[12:22:37] [156/459] JAAD
[12:22:38] [157/459] RDCR
[12:22:39] [158/459] MEER
[12:22:40] [159/459] SIBT
[12:22:41] [160/459] PVVB
[12:22:42] [161/459] FNPN
[12:22:42] [162/459] CRPX
[12:22:43] [163/459] STET
[12:22:44] 🔄 Identity reset
[12:22:44] 🔄 Identity rotated (every 10 requests)
[12:22:44] [164/459] METE
[12:22:45] [165/459] BJML
[12:22:46] [166/459] MAVT
[12:22:47] [167/459] MSRM
[12:22:48] [168/459] TJMP
[12:22:49] [169/459] MHCK
[12:22:49] [170/459] SVGP
[12:22:50] [171/459] KRRC
[12:22:51] [172/459] IMCH
[12:22:53] [173/459] CMCS
[12:22:53] 🔄 Identity reset
[12:22:53] 🔄 Identity rotated (every 10 requests)
[12:22:53] [174/459] SGND
[12:22:54] [175/459] RNAT
[12:22:55] [176/459] PRTN
[12:22:56] [177/459] MPTN
[12:22:57] [178/459] ARCC
[12:22:58] [179/459] NTTE
[12:22:58] [180/459] ABND
[12:22:59] [181/459] KCSN
[12:23:00] [182/459] KCSA
[12:23:01] [183/459] DCKT
[12:23:01] 🔄 Identity reset
[12:23:01] 🔄 Identity rotated (every 10 requests)
[12:23:02] [184/459] MBBR
[12:23:02] [185/459] RAMU
[12:23:03] [186/459] RACW
[12:23:04] [187/459] MCHP
[12:23:05] [188/459] TMHM
[12:23:06] [189/459] STXH
[12:23:07] [190/459] AGSG
[12:23:09] [191/459] SIRA
[12:23:10] [192/459] RCAN
[12:23:11] [193/459] CWTB
[12:23:11] 🔄 Identity reset
[12:23:11] 🔄 Identity rotated (every 10 requests)
[12:23:12] [194/459] VTYM
[12:23:12] [195/459] RRPP
[12:23:13] [196/459] ASMR
[12:23:14] [197/459] RONO
[12:23:15] [198/459] MEMR
[12:23:16] [199/459] CTMR
[12:23:17] [200/459] PMTT
[12:23:17] [201/459] PSLX
[12:23:18] [202/459] IPPL
[12:23:19] [203/459] MMSG
[12:23:20] 🔄 Identity reset
[12:23:20] 🔄 Identity rotated (every 10 requests)
[12:23:20] [204/459] INEL
[12:23:21] [205/459] COAC
[12:23:22] [206/459] WVLK
[12:23:23] [207/459] PPXL
[12:23:24] [208/459] PSML
[12:23:25] [209/459] FNLK
[12:23:25] [210/459] ILUM
[12:23:26] [211/459] ILCM
[12:23:27] [212/459] MSNL
[12:23:28] [213/459] VINB
[12:23:29] 🔄 Identity reset
[12:23:29] 🔄 Identity rotated (every 10 requests)
[12:23:29] 🔄 Retry 1/5 for VINB in 2.2s
[12:23:29] 🔄 Identity reset
[12:23:31] 🧠 New identity created
[12:23:31] [214/459] SALW
[12:23:32] [215/459] PRTB
[12:23:33] [216/459] NCIL
[12:23:34] [217/459] PSUL
[12:23:35] [218/459] SCLK
[12:23:36] [219/459] ADDC
[12:23:36] [220/459] OACL
[12:23:37] [221/459] OOCF
[12:23:38] [222/459] GPMF
[12:23:38] 🔄 Identity reset
[12:23:38] 🔄 Identity rotated (every 10 requests)
[12:23:39] [223/459] SSDG
[12:23:39] [224/459] SKRS
[12:23:40] [225/459] NTTP
[12:23:41] [226/459] SLTP
[12:23:42] [227/459] JTLC
[12:23:44] [228/459] POON
[12:23:45] [229/459] CCPC
[12:23:45] [230/459] DCKC
[12:23:47] [231/459] CPRT
[12:23:47] [232/459] EYHZ
[12:23:48] 🔄 Identity reset
[12:23:48] 🔄 Identity rotated (every 10 requests)
[12:23:48] [233/459] ARBL
[12:23:49] [234/459] SBTB
[12:23:50] [235/459] MMCK
[12:23:51] [236/459] PLMR
[12:23:52] [237/459] BIJH
[12:23:53] [238/459] SDRT
[12:23:54] [239/459] PRDC
[12:23:55] [240/459] OMJA
[12:23:56] [241/459] VKCR
[12:23:57] [242/459] ATRT
[12:23:57] 🔄 Identity reset
[12:23:57] 🔄 Identity rotated (every 10 requests)
[12:23:57] [243/459] WVRP
[12:23:58] [244/459] MVRP
[12:23:59] [245/459] FCAX
[12:24:00] [246/459] CTLC
[12:24:01] [247/459] JCHB
[12:24:02] [248/459] SELP
[12:24:03] [249/459] VCPG
[12:24:04] [250/459] ASCX
[12:24:05] [251/459] EOCS
[12:24:05] [252/459] RCPH
[12:24:06] 🔄 Identity reset
[12:24:06] 🔄 Identity rotated (every 10 requests)
[12:24:06] [253/459] RJTM
[12:24:07] [254/459] SGMD
[12:24:08] [255/459] SVJT
[12:24:09] [256/459] SPPO
[12:24:10] [257/459] MNRL
[12:24:11] [258/459] KNOX
[12:24:11] [259/459] GIER
[12:24:12] [260/459] PJMS
[12:24:13] [261/459] UNSP
[12:24:14] [262/459] JETP
[12:24:14] 🔄 Identity reset
[12:24:14] 🔄 Identity rotated (every 10 requests)
[12:24:14] 🔄 Retry 1/5 for JETP in 2.2s
[12:24:14] 🔄 Identity reset
[12:24:17] 🧠 New identity created
[12:24:17] [263/459] VTWA
[12:24:18] [264/459] SCJI
[12:24:18] [265/459] CBZZ
[12:24:19] [266/459] SDCJ
[12:24:20] [267/459] RRCC
[12:24:21] [268/459] VNKG
[12:24:22] [269/459] LKTO
[12:24:23] [270/459] PJRM
[12:24:23] [271/459] NVRM
[12:24:24] 🔄 Identity reset
[12:24:24] 🔄 Identity rotated (every 10 requests)
[12:24:24] [272/459] SJCS
[12:24:25] [273/459] VIGK
[12:24:26] [274/459] ANST
[12:24:27] [275/459] JTTS
[12:24:28] [276/459] NTST
[12:24:29] [277/459] PREB
[12:24:30] [278/459] TSCZ
[12:24:31] [279/459] CDCM
[12:24:31] [280/459] ELYE
[12:24:32] [281/459] INBS
[12:24:33] 🔄 Identity reset
[12:24:33] 🔄 Identity rotated (every 10 requests)
[12:24:33] 🔄 Retry 1/5 for INBS in 2.2s
[12:24:33] 🔄 Identity reset
[12:24:35] 🧠 New identity created
[12:24:35] 🔄 Retry 2/5 for INBS in 5.0s
[12:24:35] 🔄 Identity reset
[12:24:40] 🧠 New identity created
[12:24:41] [282/459] SMGC
[12:24:41] [283/459] UTMP
[12:24:42] [284/459] INTA
[12:24:43] [285/459] OMPT
[12:24:44] [286/459] SCIR
[12:24:45] [287/459] GCKJ
[12:24:46] [288/459] INOG
[12:24:47] [289/459] SMGB
[12:24:48] 🔄 Identity reset
[12:24:48] 🔄 Identity rotated (every 10 requests)
[12:24:48] [290/459] MCSG
[12:24:49] [291/459] STKG
[12:24:50] [292/459] TTKG
[12:24:51] [293/459] SRTR
[12:24:52] [294/459] ETTR
[12:24:53] [295/459] GGGZ
[12:24:54] [296/459] IPGM
[12:24:54] [297/459] FCDH
[12:24:55] [298/459] DESB
[12:24:56] [299/459] VNTP
[12:24:57] 🔄 Identity reset
[12:24:57] 🔄 Identity rotated (every 10 requests)
[12:24:57] 🔄 Retry 1/5 for VNTP in 2.3s
[12:24:57] 🔄 Identity reset
[12:24:59] 🧠 New identity created
[12:24:59] [300/459] ANNT
[12:25:01] [301/459] SLTI
[12:25:02] [302/459] MAJU
[12:25:03] [303/459] JCXP
[12:25:04] [304/459] HARK
[12:25:05] [305/459] JPCJ
[12:25:06] [306/459] RXBD
[12:25:07] [307/459] PTKJ
[12:25:07] [308/459] CMTU
[12:25:08] 🔄 Identity reset
[12:25:08] 🔄 Identity rotated (every 10 requests)
[12:25:08] 🔄 Retry 1/5 for CMTU in 2.8s
[12:25:08] 🔄 Identity reset
[12:25:11] 🧠 New identity created
[12:25:11] [309/459] SWOR
[12:25:12] [310/459] JMEX
[12:25:13] [311/459] DTPT
[12:25:14] [312/459] VGMM
[12:25:15] [313/459] VCSG
[12:25:16] [314/459] CVCG
[12:25:17] [315/459] TNTT
[12:25:19] [316/459] SHRM
[12:25:20] [317/459] CGKD
[12:25:20] 🔄 Identity reset
[12:25:20] 🔄 Identity rotated (every 10 requests)
[12:25:21] [318/459] EKCM
[12:25:21] [319/459] SDCX
[12:25:22] [320/459] SBTE
[12:25:23] [321/459] STKJ
[12:25:24] [322/459] TPCE
[12:25:25] [323/459] JTNP
[12:25:26] [324/459] LPCH
[12:25:26] [325/459] CPUO
[12:25:27] [326/459] APSU
[12:25:28] [327/459] RTHC
[12:25:28] 🔄 Identity reset
[12:25:28] 🔄 Identity rotated (every 10 requests)
[12:25:29] [328/459] PTBU
[12:25:30] [329/459] CUCC
[12:25:31] [330/459] CPSA
[12:25:32] [331/459] SUAY
[12:25:33] [332/459] AYAA
[12:25:33] [333/459] MUCH
[12:25:34] [334/459] PCIN
[12:25:35] [335/459] JRRM
[12:25:36] [336/459] KATS
[12:25:37] [337/459] MHFF
[12:25:37] 🔄 Identity reset
[12:25:37] 🔄 Identity rotated (every 10 requests)
[12:25:37] [338/459] ESYM
[12:25:38] [339/459] STYV
[12:25:39] [340/459] SDKG
[12:25:41] [341/459] SMTI
[12:25:42] [342/459] NYCS
[12:25:43] [343/459] MTBG
[12:25:44] [344/459] RHCA
[12:25:45] [345/459] PCKH
[12:25:45] [346/459] ARCR
[12:25:46] [347/459] NCMB
[12:25:47] 🔄 Identity reset
[12:25:47] 🔄 Identity rotated (every 10 requests)
[12:25:47] [348/459] SHYC
[12:25:48] [349/459] LACK
[12:25:49] [350/459] MTCM
[12:25:50] [351/459] RRBN
[12:25:51] [352/459] MYDC
[12:25:51] [353/459] STCS
[12:25:52] [354/459] CONN
[12:25:53] [355/459] SIPS
[12:25:54] [356/459] SMMX
[12:25:55] [357/459] SCBY
[12:25:55] 🔄 Identity reset
[12:25:55] 🔄 Identity rotated (every 10 requests)
[12:25:55] 🔄 Retry 1/5 for SCBY in 2.8s
[12:25:55] 🔄 Identity reset
[12:25:58] 🧠 New identity created
[12:25:59] [358/459] SUAP
[12:25:59] [359/459] RSMK
[12:26:00] [360/459] STKP
[12:26:01] [361/459] CIPC
[12:26:02] [362/459] KKCI
[12:26:03] [363/459] CTNK
[12:26:04] [364/459] MMTZ
[12:26:05] [365/459] DCCO
[12:26:06] [366/459] VNMN
[12:26:07] 🔄 Identity reset
[12:26:07] 🔄 Identity rotated (every 10 requests)
[12:26:07] [367/459] RLCN
[12:26:08] [368/459] CMMS
[12:26:09] [369/459] AYOU
[12:26:10] [370/459] SSCN
[12:26:11] [371/459] SMXN
[12:26:12] [372/459] ASSK
[12:26:13] [373/459] VCKM
[12:26:14] [374/459] PCPH
[12:26:14] [375/459] PADM
[12:26:15] [376/459] IESA
[12:26:16] 🔄 Identity reset
[12:26:16] 🔄 Identity rotated (every 10 requests)
[12:26:16] 🔄 Retry 1/5 for IESA in 2.3s
[12:26:16] 🔄 Identity reset
[12:26:18] 🧠 New identity created
[12:26:18] [377/459] VCSP
[12:26:19] [378/459] AEST
[12:26:20] [379/459] VTNR
[12:26:22] [380/459] GTTA
[12:26:23] [381/459] CMMM
[12:26:24] [382/459] AHKT
[12:26:25] [383/459] SIJI
[12:26:25] [384/459] VCEI
[12:26:26] [385/459] SAKR
[12:26:27] 🔄 Identity reset
[12:26:27] 🔄 Identity rotated (every 10 requests)
[12:26:27] [386/459] VSMT
[12:26:28] [387/459] SSCT
[12:26:29] [388/459] USTR
[12:26:30] [389/459] MTKT
[12:26:31] [390/459] TGMP
[12:26:32] [391/459] SIVC
[12:26:32] [392/459] KICT
[12:26:33] [393/459] DAMD
[12:26:34] [394/459] CNPT
[12:26:35] [395/459] RVTT
[12:26:35] 🔄 Identity reset
[12:26:35] 🔄 Identity rotated (every 10 requests)
[12:26:36] [396/459] SNCM
[12:26:37] [397/459] GHTE
[12:26:38] [398/459] PPAM
[12:26:39] [399/459] PVAA
[12:26:40] [400/459] CPAO
[12:26:40] [401/459] HAMD
[12:26:41] [402/459] RCCA
[12:26:43] [403/459] MPCH
[12:26:43] [404/459] ARED
[12:26:44] [405/459] RRCV
[12:26:45] 🔄 Identity reset
[12:26:45] 🔄 Identity rotated (every 10 requests)
[12:26:45] [406/459] MTRB
[12:26:47] [407/459] CKUA
[12:26:48] [408/459] ABMP
[12:26:49] [409/459] RCWA
[12:26:50] [410/459] CGAR
[12:26:50] [411/459] METH
[12:26:51] [412/459] WAGA
[12:26:53] [413/459] MCMA
[12:26:54] [414/459] CSMP
[12:26:55] [415/459] RCNK
[12:26:55] 🔄 Identity reset
[12:26:55] 🔄 Identity rotated (every 10 requests)
[12:26:55] [416/459] PSTM
[12:26:56] [417/459] CSEP
[12:26:57] [418/459] AMGD
[12:26:58] [419/459] CSTE
[12:26:59] [420/459] CONS
[12:27:00] [421/459] APPX
[12:27:01] [422/459] MABC
[12:27:02] [423/459] CXST
[12:27:03] [424/459] MATN
[12:27:04] [425/459] MACZ
[12:27:05] 🔄 Identity reset
[12:27:05] 🔄 Identity rotated (every 10 requests)
[12:27:05] [426/459] MASA
[12:27:06] [427/459] MBSX
[12:27:07] [428/459] CSST
[12:27:08] [429/459] APCL
[12:27:09] [430/459] CGOS
[12:27:09] [431/459] CPEC
[12:27:10] [432/459] MCCP
[12:27:11] [433/459] BSSO
[12:27:13] [434/459] SJKA
[12:27:14] [435/459] CGBO
[12:27:14] 🔄 Identity reset
[12:27:14] 🔄 Identity rotated (every 10 requests)
[12:27:15] [436/459] MVSK
[12:27:16] [437/459] HVCA
[12:27:17] [438/459] NAMD
[12:27:18] [439/459] DEVI
[12:27:19] [440/459] SCSV
[12:27:20] [441/459] PSMA
[12:27:20] [442/459] CLDJ
[12:27:21] [443/459] NMAD
[12:27:22] [444/459] CGMO
[12:27:23] [445/459] MCNA
[12:27:24] 🔄 Identity reset
[12:27:24] 🔄 Identity rotated (every 10 requests)
[12:27:24] [446/459] OCBN
[12:27:25] [447/459] CPEM
[12:27:25] [448/459] CPSM
[12:27:27] [449/459] RCAD
[12:27:28] [450/459] CPMU
[12:27:29] [451/459] DICD
[12:27:30] [452/459] CHOE
[12:27:30] [453/459] PDJM
[12:27:32] [454/459] SSTU
[12:27:34] [455/459] VNRN
[12:27:34] 🔄 Identity reset
[12:27:34] 🔄 Identity rotated (every 10 requests)
[12:27:34] [456/459] PVLG
[12:27:35] [457/459] SWBL
[12:27:36] [458/459] SCAB
[12:27:37] [459/459] RDDA
[12:27:38] 🧹 Deduping shows
[12:27:38] ✅ DONE | Shows=876 | Movies=45
[22:02:53] 🚀 SCRIPT STARTED (enhanced anti‑detection)
[22:02:53] [1/459] MCCZ
[22:02:54] 🧠 New identity created
[22:02:54] [2/459] FRPU
[22:02:56] [3/459] SKSI
[22:02:57] [4/459] SSCK
[22:02:58] [5/459] SRDC
[22:02:59] [6/459] RSCZ
[22:03:00] [7/459] PRVT
[22:03:01] [8/459] GAGJ
[22:03:02] [9/459] SMHG
[22:03:03] [10/459] JTST
[22:03:04] 🔄 Identity reset
[22:03:04] 🔄 Identity rotated (every 10 requests)
[22:03:05] [11/459] MYTH
[22:03:06] [12/459] JPCC
[22:03:08] [13/459] ACDC
[22:03:08] [14/459] SVFP
[22:03:10] [15/459] SFCM
[22:03:10] [16/459] RUPK
[22:03:11] [17/459] NTCR
[22:03:12] [18/459] RTCH
[22:03:13] [19/459] SCMH
[22:03:14] [20/459] SVYM
[22:03:15] 🔄 Identity reset
[22:03:15] 🔄 Identity rotated (every 10 requests)
[22:03:16] [21/459] SPYM
[22:03:17] [22/459] SMMF
[22:03:18] [23/459] CLLB
[22:03:19] [24/459] FMCB
[22:03:20] [25/459] BBTC
[22:03:21] [26/459] NTHS
[22:03:22] [27/459] PKKJ
[22:03:23] [28/459] MTJA
[22:03:25] [29/459] PMSJ
[22:03:26] [30/459] JMJU
[22:03:26] 🔄 Identity reset
[22:03:26] 🔄 Identity rotated (every 10 requests)
[22:03:27] [31/459] SRAD
[22:03:28] [32/459] MJMC
[22:03:29] [33/459] DFRM
[22:03:30] [34/459] PMRS
[22:03:30] [35/459] RKPP
[22:03:31] [36/459] BMBK
[22:03:32] [37/459] NEWS
[22:03:33] [38/459] SALB
[22:03:34] [39/459] SCPW
[22:03:35] [40/459] RAYL
[22:03:36] 🔄 Identity reset
[22:03:36] 🔄 Identity rotated (every 10 requests)
[22:03:36] [41/459] CMGJ
[22:03:37] [42/459] JRCR
[22:03:38] [43/459] SRTB
[22:03:38] [44/459] ETPB
[22:03:39] [45/459] MXBN
[22:03:41] [46/459] TOPE
[22:03:41] [47/459] SNLJ
[22:03:42] [48/459] CDDP
[22:03:44] [49/459] APCX
[22:03:44] [50/459] TALP
[22:03:45] 🔄 Identity reset
[22:03:45] 🔄 Identity rotated (every 10 requests)
[22:03:46] [51/459] RRMP
[22:03:46] [52/459] MAHB
[22:03:47] [53/459] MTKR
[22:03:48] [54/459] KSKL
[22:03:49] [55/459] RJLT
[22:03:50] [56/459] ATAS
[22:03:52] [57/459] AMHR
[22:03:53] [58/459] RSRM
[22:03:54] [59/459] GCAT
[22:03:55] [60/459] SMML
[22:03:56] 🔄 Identity reset
[22:03:56] 🔄 Identity rotated (every 10 requests)
[22:03:56] [61/459] ACCD
[22:03:57] [62/459] VYDA
[22:03:58] [63/459] MSKT
[22:03:58] [64/459] AVDM
[22:03:59] [65/459] ASMH
[22:04:00] [66/459] VTMB
[22:04:01] [67/459] WVMB
[22:04:02] [68/459] PPMN
[22:04:03] [69/459] MTMD
[22:04:05] [70/459] SMMO
[22:04:05] 🔄 Identity reset
[22:04:05] 🔄 Identity rotated (every 10 requests)
[22:04:06] [71/459] DLPB
[22:04:06] [72/459] AKMD
[22:04:07] [73/459] SHRR
[22:04:08] [74/459] ASCO
[22:04:09] [75/459] CZVX
[22:04:10] [76/459] GCBB
[22:04:12] [77/459] ATBM
[22:04:12] [78/459] TCGM
[22:04:13] [79/459] UMSE
[22:04:14] [80/459] NKCL
[22:04:15] 🔄 Identity reset
[22:04:15] 🔄 Identity rotated (every 10 requests)
[22:04:15] [81/459] BTLR
[22:04:16] [82/459] GOCL
[22:04:18] [83/459] MIRN
[22:04:19] [84/459] THEC
[22:04:20] [85/459] SPPB
[22:04:21] [86/459] PMMM
[22:04:22] [87/459] GGMC
[22:04:23] [88/459] AVSR
[22:04:25] [89/459] RDMH
[22:04:25] [90/459] JSRS
[22:04:26] 🔄 Identity reset
[22:04:26] 🔄 Identity rotated (every 10 requests)
[22:04:26] [91/459] VKGP
[22:04:27] [92/459] ACRT
[22:04:28] [93/459] GCBA
[22:04:29] [94/459] GTCP
[22:04:30] [95/459] AKFC
[22:04:31] [96/459] INCS
[22:04:32] [97/459] SMCK
[22:04:33] [98/459] BRUN
[22:04:34] [99/459] RPPC
[22:04:35] [100/459] PAYD
[22:04:35] 🔄 Identity reset
[22:04:35] 🔄 Identity rotated (every 10 requests)
[22:04:35] 🔄 Retry 1/5 for PAYD in 2.7s
[22:04:35] 🔄 Identity reset
[22:04:38] 🧠 New identity created
[22:04:38] [101/459] SVVT
[22:04:40] [102/459] RNCC
[22:04:40] [103/459] PCRC
[22:04:41] [104/459] PMRM
[22:04:42] [105/459] CCRP
[22:04:43] [106/459] INCR
[22:04:44] [107/459] ZTMP
[22:04:45] [108/459] MCNR
[22:04:46] [109/459] INRP
[22:04:46] 🔄 Identity reset
[22:04:46] 🔄 Identity rotated (every 10 requests)
[22:04:47] [110/459] STRC
[22:04:48] [111/459] RATI
[22:04:49] [112/459] PBTR
[22:04:50] [113/459] CMHP
[22:04:50] [114/459] ZECJ
[22:04:51] [115/459] CCCB
[22:04:52] [116/459] BWCB
[22:04:53] [117/459] CCAT
[22:04:54] [118/459] KGCM
[22:04:55] [119/459] INPT
[22:04:56] 🔄 Identity reset
[22:04:56] 🔄 Identity rotated (every 10 requests)
[22:04:56] [120/459] FNCO
[22:04:57] [121/459] SRMJ
[22:04:58] [122/459] PFSC
[22:04:59] [123/459] PBMC
[22:04:59] [124/459] KARP
[22:05:00] [125/459] KOVI
[22:05:01] [126/459] ACXL
[22:05:02] [127/459] GKCC
[22:05:03] [128/459] ASCC
[22:05:04] [129/459] SETC
[22:05:05] 🔄 Identity reset
[22:05:05] 🔄 Identity rotated (every 10 requests)
[22:05:06] [130/459] KACC
[22:05:07] [131/459] KAVE
[22:05:08] [132/459] CNTC
[22:05:09] [133/459] MEEN
[22:05:09] [134/459] BMRV
[22:05:11] [135/459] SVAM
[22:05:12] [136/459] VTBP
[22:05:13] [137/459] VCKN
[22:05:14] [138/459] SGTK
[22:05:15] [139/459] RCGS
[22:05:15] 🔄 Identity reset
[22:05:15] 🔄 Identity rotated (every 10 requests)
[22:05:15] 🔄 Retry 1/5 for RCGS in 2.5s
[22:05:15] 🔄 Identity reset
[22:05:18] 🧠 New identity created
[22:05:18] [140/459] RCCB
[22:05:19] [141/459] RKSR
[22:05:20] [142/459] RKCU
[22:05:21] [143/459] GIBH
[22:05:22] [144/459] CXBS
[22:05:23] [145/459] GGCB
[22:05:24] [146/459] SCPB
[22:05:25] [147/459] AKTB
[22:05:26] [148/459] SRBU
[22:05:26] 🔄 Identity reset
[22:05:26] 🔄 Identity rotated (every 10 requests)
[22:05:27] [149/459] CSSA
[22:05:28] [150/459] MYAN
[22:05:29] [151/459] EXCA
[22:05:30] [152/459] CKSA
[22:05:31] [153/459] JTNM
[22:05:32] [154/459] CXKT
[22:05:33] [155/459] NCLM
[22:05:34] [156/459] JAAD
[22:05:35] [157/459] RDCR
[22:05:37] [158/459] MEER
[22:05:38] 🔄 Identity reset
[22:05:38] 🔄 Identity rotated (every 10 requests)
[22:05:38] 🔄 Retry 1/5 for MEER in 2.7s
[22:05:38] 🔄 Identity reset
[22:05:40] 🧠 New identity created
[22:05:41] [159/459] SIBT
[22:05:42] [160/459] PVVB
[22:05:43] [161/459] FNPN
[22:05:44] [162/459] CRPX
[22:05:45] [163/459] STET
[22:05:46] [164/459] METE
[22:05:47] [165/459] BJML
[22:05:48] [166/459] MAVT
[22:05:48] [167/459] MSRM
[22:05:49] 🔄 Identity reset
[22:05:49] 🔄 Identity rotated (every 10 requests)
[22:05:49] 🔄 Retry 1/5 for MSRM in 2.0s
[22:05:49] 🔄 Identity reset
[22:05:51] 🧠 New identity created
[22:05:51] 🔄 Retry 2/5 for MSRM in 4.4s
[22:05:51] 🔄 Identity reset
[22:05:56] 🧠 New identity created
[22:05:56] [168/459] TJMP
[22:05:57] [169/459] MHCK
[22:05:58] [170/459] SVGP
[22:05:59] [171/459] KRRC
[22:06:00] [172/459] IMCH
[22:06:01] [173/459] CMCS
[22:06:02] [174/459] SGND
[22:06:04] [175/459] RNAT
[22:06:04] 🔄 Identity reset
[22:06:04] 🔄 Identity rotated (every 10 requests)
[22:06:04] 🔄 Retry 1/5 for RNAT in 2.9s
[22:06:04] 🔄 Identity reset
[22:06:07] 🧠 New identity created
[22:06:08] [176/459] PRTN
[22:06:08] [177/459] MPTN
[22:06:10] [178/459] ARCC
[22:06:11] [179/459] NTTE
[22:06:12] [180/459] ABND
[22:06:13] [181/459] KCSN
[22:06:14] [182/459] KCSA
[22:06:14] [183/459] DCKT
[22:06:15] [184/459] MBBR
[22:06:16] 🔄 Identity reset
[22:06:16] 🔄 Identity rotated (every 10 requests)
[22:06:16] [185/459] RAMU
[22:06:17] [186/459] RACW
[22:06:18] [187/459] MCHP
[22:06:20] [188/459] TMHM
[22:06:21] [189/459] STXH
[22:06:21] [190/459] AGSG
[22:06:22] [191/459] SIRA
[22:06:23] [192/459] RCAN
[22:06:24] [193/459] CWTB
[22:06:25] [194/459] VTYM
[22:06:26] 🔄 Identity reset
[22:06:26] 🔄 Identity rotated (every 10 requests)
[22:06:26] [195/459] RRPP
[22:06:27] [196/459] ASMR
[22:06:28] [197/459] RONO
[22:06:29] [198/459] MEMR
[22:06:30] [199/459] CTMR
[22:06:31] [200/459] PMTT
[22:06:32] [201/459] PSLX
[22:06:33] [202/459] IPPL
[22:06:34] [203/459] MMSG
[22:06:35] [204/459] INEL
[22:06:35] 🔄 Identity reset
[22:06:35] 🔄 Identity rotated (every 10 requests)
[22:06:36] [205/459] COAC
[22:06:36] [206/459] WVLK
[22:06:37] [207/459] PPXL
[22:06:38] [208/459] PSML
[22:06:40] [209/459] FNLK
[22:06:41] [210/459] ILUM
[22:06:42] [211/459] ILCM
[22:06:44] [212/459] MSNL
[22:06:45] [213/459] VINB
[22:06:45] [214/459] SALW
[22:06:46] 🔄 Identity reset
[22:06:46] 🔄 Identity rotated (every 10 requests)
[22:06:46] [215/459] PRTB
[22:06:47] [216/459] NCIL
[22:06:48] [217/459] PSUL
[22:06:50] [218/459] SCLK
[22:06:51] [219/459] ADDC
[22:06:52] [220/459] OACL
[22:06:52] [221/459] OOCF
[22:06:53] [222/459] GPMF
[22:06:54] [223/459] SSDG
[22:06:55] [224/459] SKRS
[22:06:56] 🔄 Identity reset
[22:06:56] 🔄 Identity rotated (every 10 requests)
[22:06:57] [225/459] NTTP
[22:06:59] [226/459] SLTP
[22:07:00] [227/459] JTLC
[22:07:01] [228/459] POON
[22:07:02] [229/459] CCPC
[22:07:02] [230/459] DCKC
[22:07:04] [231/459] CPRT
[22:07:05] [232/459] EYHZ
[22:07:05] [233/459] ARBL
[22:07:06] [234/459] SBTB
[22:07:07] 🔄 Identity reset
[22:07:07] 🔄 Identity rotated (every 10 requests)
[22:07:07] [235/459] MMCK
[22:07:08] [236/459] PLMR
[22:07:09] [237/459] BIJH
[22:07:11] [238/459] SDRT
[22:07:12] [239/459] PRDC
[22:07:12] [240/459] OMJA
[22:07:14] [241/459] VKCR
[22:07:15] [242/459] ATRT
[22:07:15] [243/459] WVRP
[22:07:16] [244/459] MVRP
[22:07:17] 🔄 Identity reset
[22:07:17] 🔄 Identity rotated (every 10 requests)
[22:07:17] [245/459] FCAX
[22:07:18] [246/459] CTLC
[22:07:19] [247/459] JCHB
[22:07:20] [248/459] SELP
[22:07:21] [249/459] VCPG
[22:07:22] [250/459] ASCX
[22:07:23] [251/459] EOCS
[22:07:24] [252/459] RCPH
[22:07:25] [253/459] RJTM
[22:07:26] [254/459] SGMD
[22:07:26] 🔄 Identity reset
[22:07:26] 🔄 Identity rotated (every 10 requests)
[22:07:26] 🔄 Retry 1/5 for SGMD in 2.6s
[22:07:26] 🔄 Identity reset
[22:07:29] 🧠 New identity created
[22:07:29] [255/459] SVJT
[22:07:30] [256/459] SPPO
[22:07:32] [257/459] MNRL
[22:07:33] [258/459] KNOX
[22:07:35] [259/459] GIER
[22:07:35] [260/459] PJMS
[22:07:37] [261/459] UNSP
[22:07:38] [262/459] JETP
[22:07:38] [263/459] VTWA
[22:07:39] 🔄 Identity reset
[22:07:39] 🔄 Identity rotated (every 10 requests)
[22:07:39] [264/459] SCJI
[22:07:40] [265/459] CBZZ
[22:07:41] [266/459] SDCJ
[22:07:42] [267/459] RRCC
[22:07:43] [268/459] VNKG
[22:07:44] [269/459] LKTO
[22:07:45] [270/459] PJRM
[22:07:46] [271/459] NVRM
[22:07:47] [272/459] SJCS
[22:07:48] [273/459] VIGK
[22:07:49] 🔄 Identity reset
[22:07:49] 🔄 Identity rotated (every 10 requests)
[22:07:49] [274/459] ANST
[22:07:50] [275/459] JTTS
[22:07:51] [276/459] NTST
[22:07:52] [277/459] PREB
[22:07:53] [278/459] TSCZ
[22:07:54] [279/459] CDCM
[22:07:55] [280/459] ELYE
[22:07:56] [281/459] INBS
[22:07:57] [282/459] SMGC
[22:07:58] [283/459] UTMP
[22:07:59] 🔄 Identity reset
[22:07:59] 🔄 Identity rotated (every 10 requests)
[22:07:59] [284/459] INTA
[22:08:00] [285/459] OMPT
[22:08:01] [286/459] SCIR
[22:08:02] [287/459] GCKJ
[22:08:03] [288/459] INOG
[22:08:04] [289/459] SMGB
[22:08:05] [290/459] MCSG
[22:08:06] [291/459] STKG
[22:08:07] [292/459] TTKG
[22:08:08] [293/459] SRTR
[22:08:09] 🔄 Identity reset
[22:08:09] 🔄 Identity rotated (every 10 requests)
[22:08:09] 🔄 Retry 1/5 for SRTR in 2.9s
[22:08:09] 🔄 Identity reset
[22:08:12] 🧠 New identity created
[22:08:12] [294/459] ETTR
[22:08:13] [295/459] GGGZ
[22:08:14] [296/459] IPGM
[22:08:15] [297/459] FCDH
[22:08:16] [298/459] DESB
[22:08:17] [299/459] VNTP
[22:08:18] [300/459] ANNT
[22:08:19] [301/459] SLTI
[22:08:19] [302/459] MAJU
[22:08:20] 🔄 Identity reset
[22:08:20] 🔄 Identity rotated (every 10 requests)
[22:08:21] [303/459] JCXP
[22:08:22] [304/459] HARK
[22:08:23] [305/459] JPCJ
[22:08:24] [306/459] RXBD
[22:08:25] [307/459] PTKJ
[22:08:26] [308/459] CMTU
[22:08:27] [309/459] SWOR
[22:08:28] [310/459] JMEX
[22:08:28] [311/459] DTPT
[22:08:29] [312/459] VGMM
[22:08:30] 🔄 Identity reset
[22:08:30] 🔄 Identity rotated (every 10 requests)
[22:08:30] [313/459] VCSG
[22:08:31] [314/459] CVCG
[22:08:32] [315/459] TNTT
[22:08:33] [316/459] SHRM
[22:08:34] [317/459] CGKD
[22:08:35] [318/459] EKCM
[22:08:36] [319/459] SDCX
[22:08:37] [320/459] SBTE
[22:08:38] [321/459] STKJ
[22:08:39] [322/459] TPCE
[22:08:40] 🔄 Identity reset
[22:08:40] 🔄 Identity rotated (every 10 requests)
[22:08:40] [323/459] JTNP
[22:08:41] [324/459] LPCH
[22:08:42] [325/459] CPUO
[22:08:43] [326/459] APSU
[22:08:44] [327/459] RTHC
[22:08:44] [328/459] PTBU
[22:08:45] [329/459] CUCC
[22:08:47] [330/459] CPSA
[22:08:47] [331/459] SUAY
[22:08:49] [332/459] AYAA
[22:08:50] 🔄 Identity reset
[22:08:50] 🔄 Identity rotated (every 10 requests)
[22:08:50] [333/459] MUCH
[22:08:51] [334/459] PCIN
[22:08:52] [335/459] JRRM
[22:08:52] [336/459] KATS
[22:08:53] [337/459] MHFF
[22:08:54] [338/459] ESYM
[22:08:55] [339/459] STYV
[22:08:57] [340/459] SDKG
[22:08:58] [341/459] SMTI
[22:08:59] [342/459] NYCS
[22:08:59] 🔄 Identity reset
[22:08:59] 🔄 Identity rotated (every 10 requests)
[22:09:01] [343/459] MTBG
[22:09:01] [344/459] RHCA
[22:09:02] [345/459] PCKH
[22:09:03] [346/459] ARCR
[22:09:04] [347/459] NCMB
[22:09:05] [348/459] SHYC
[22:09:06] [349/459] LACK
[22:09:07] [350/459] MTCM
[22:09:07] [351/459] RRBN
[22:09:08] [352/459] MYDC
[22:09:09] 🔄 Identity reset
[22:09:09] 🔄 Identity rotated (every 10 requests)
[22:09:10] [353/459] STCS
[22:09:11] [354/459] CONN
[22:09:11] [355/459] SIPS
[22:09:13] [356/459] SMMX
[22:09:13] [357/459] SCBY
[22:09:14] [358/459] SUAP
[22:09:15] [359/459] RSMK
[22:09:16] [360/459] STKP
[22:09:17] [361/459] CIPC
[22:09:18] [362/459] KKCI
[22:09:19] 🔄 Identity reset
[22:09:19] 🔄 Identity rotated (every 10 requests)
[22:09:19] 🔄 Retry 1/5 for KKCI in 2.8s
[22:09:19] 🔄 Identity reset
[22:09:22] 🧠 New identity created
[22:09:23] [363/459] CTNK
[22:09:24] [364/459] MMTZ
[22:09:25] [365/459] DCCO
[22:09:26] [366/459] VNMN
[22:09:27] [367/459] RLCN
[22:09:28] [368/459] CMMS
[22:09:29] [369/459] AYOU
[22:09:30] [370/459] SSCN
[22:09:31] [371/459] SMXN
[22:09:31] 🔄 Identity reset
[22:09:31] 🔄 Identity rotated (every 10 requests)
[22:09:32] [372/459] ASSK
[22:09:32] [373/459] VCKM
[22:09:34] [374/459] PCPH
[22:09:35] [375/459] PADM
[22:09:36] [376/459] IESA
[22:09:37] [377/459] VCSP
[22:09:38] [378/459] AEST
[22:09:40] [379/459] VTNR
[22:09:41] [380/459] GTTA
[22:09:42] [381/459] CMMM
[22:09:43] 🔄 Identity reset
[22:09:43] 🔄 Identity rotated (every 10 requests)
[22:09:43] [382/459] AHKT
[22:09:44] [383/459] SIJI
[22:09:45] [384/459] VCEI
[22:09:46] [385/459] SAKR
[22:09:48] [386/459] VSMT
[22:09:49] [387/459] SSCT
[22:09:50] [388/459] USTR
[22:09:51] [389/459] MTKT
[22:09:52] [390/459] TGMP
[22:09:53] [391/459] SIVC
[22:09:53] 🔄 Identity reset
[22:09:53] 🔄 Identity rotated (every 10 requests)
[22:09:53] 🔄 Retry 1/5 for SIVC in 2.2s
[22:09:53] 🔄 Identity reset
[22:09:56] 🧠 New identity created
[22:09:56] [392/459] KICT
[22:09:58] [393/459] DAMD
[22:09:59] [394/459] CNPT
[22:10:00] [395/459] RVTT
[22:10:02] [396/459] SNCM
[22:10:04] [397/459] GHTE
[22:10:05] [398/459] PPAM
[22:10:05] [399/459] PVAA
[22:10:06] [400/459] CPAO
[22:10:07] 🔄 Identity reset
[22:10:07] 🔄 Identity rotated (every 10 requests)
[22:10:07] [401/459] HAMD
[22:10:08] [402/459] RCCA
[22:10:09] [403/459] MPCH
[22:10:10] [404/459] ARED
[22:10:11] [405/459] RRCV
[22:10:12] [406/459] MTRB
[22:10:13] [407/459] CKUA
[22:10:14] [408/459] ABMP
[22:10:15] [409/459] RCWA
[22:10:16] [410/459] CGAR
[22:10:17] 🔄 Identity reset
[22:10:17] 🔄 Identity rotated (every 10 requests)
[22:10:17] 🔄 Retry 1/5 for CGAR in 2.8s
[22:10:17] 🔄 Identity reset
[22:10:20] 🧠 New identity created
[22:10:20] [411/459] METH
[22:10:21] [412/459] WAGA
[22:10:22] [413/459] MCMA
[22:10:23] [414/459] CSMP
[22:10:24] [415/459] RCNK
[22:10:25] [416/459] PSTM
[22:10:26] [417/459] CSEP
[22:10:27] [418/459] AMGD
[22:10:28] [419/459] CSTE
[22:10:29] 🔄 Identity reset
[22:10:29] 🔄 Identity rotated (every 10 requests)
[22:10:29] [420/459] CONS
[22:10:30] [421/459] APPX
[22:10:31] [422/459] MABC
[22:10:33] [423/459] CXST
[22:10:34] [424/459] MATN
[22:10:35] [425/459] MACZ
[22:10:35] [426/459] MASA
[22:10:37] [427/459] MBSX
[22:10:38] [428/459] CSST
[22:10:39] [429/459] APCL
[22:10:40] 🔄 Identity reset
[22:10:40] 🔄 Identity rotated (every 10 requests)
[22:10:40] [430/459] CGOS
[22:10:41] [431/459] CPEC
[22:10:42] [432/459] MCCP
[22:10:43] [433/459] BSSO
[22:10:44] [434/459] SJKA
[22:10:45] [435/459] CGBO
[22:10:45] [436/459] MVSK
[22:10:46] [437/459] HVCA
[22:10:47] [438/459] NAMD
[22:10:48] [439/459] DEVI
[22:10:49] 🔄 Identity reset
[22:10:49] 🔄 Identity rotated (every 10 requests)
[22:10:49] [440/459] SCSV
[22:10:50] [441/459] PSMA
[22:10:52] [442/459] CLDJ
[22:10:53] [443/459] NMAD
[22:10:54] [444/459] CGMO
[22:10:55] [445/459] MCNA
[22:10:56] [446/459] OCBN
[22:10:57] [447/459] CPEM
[22:10:58] [448/459] CPSM
[22:10:59] [449/459] RCAD
[22:11:00] 🔄 Identity reset
[22:11:00] 🔄 Identity rotated (every 10 requests)
[22:11:00] [450/459] CPMU
[22:11:01] [451/459] DICD
[22:11:02] [452/459] CHOE
[22:11:02] [453/459] PDJM
[22:11:03] [454/459] SSTU
[22:11:04] [455/459] VNRN
[22:11:05] [456/459] PVLG
[22:11:06] [457/459] SWBL
[22:11:07] [458/459] SCAB
[22:11:08] [459/459] RDDA
[22:11:08] 🔄 Identity reset
[22:11:08] 🔄 Identity rotated (every 10 requests)
[22:11:09] 🧹 Deduping shows
[22:11:09] ✅ DONE | Shows=1701 | Movies=49
[07:17:29] 🚀 SCRIPT STARTED (enhanced anti‑detection)
[07:17:29] [1/459] MCCZ
[07:17:30] 🧠 New identity created
[07:17:30] [2/459] FRPU
[07:17:31] [3/459] SKSI
[07:17:32] [4/459] SSCK
[07:17:32] [5/459] SRDC
[07:17:33] [6/459] RSCZ
[07:17:34] [7/459] PRVT
[07:17:35] [8/459] GAGJ
[07:17:35] [9/459] SMHG
[07:17:36] [10/459] JTST
[07:17:36] 🔄 Identity reset
[07:17:36] 🔄 Identity rotated (every 10 requests)
[07:17:37] [11/459] MYTH
[07:17:37] [12/459] JPCC
[07:17:38] [13/459] ACDC
[07:17:39] [14/459] SVFP
[07:17:40] [15/459] SFCM
[07:17:41] [16/459] RUPK
[07:17:42] [17/459] NTCR
[07:17:42] [18/459] RTCH
[07:17:43] [19/459] SCMH
[07:17:44] [20/459] SVYM
[07:17:44] 🔄 Identity reset
[07:17:44] 🔄 Identity rotated (every 10 requests)
[07:17:45] [21/459] SPYM
[07:17:45] [22/459] SMMF
[07:17:46] [23/459] CLLB
[07:17:47] [24/459] FMCB
[07:17:48] [25/459] BBTC
[07:17:49] [26/459] NTHS
[07:17:50] [27/459] PKKJ
[07:17:50] [28/459] MTJA
[07:17:51] [29/459] PMSJ
[07:17:52] [30/459] JMJU
[07:17:52] 🔄 Identity reset
[07:17:52] 🔄 Identity rotated (every 10 requests)
[07:17:53] [31/459] SRAD
[07:17:54] [32/459] MJMC
[07:17:54] [33/459] DFRM
[07:17:56] [34/459] PMRS
[07:17:57] [35/459] RKPP
[07:17:58] [36/459] BMBK
[07:17:59] [37/459] NEWS
[07:17:59] [38/459] SALB
[07:18:00] [39/459] SCPW
[07:18:01] [40/459] RAYL
[07:18:02] 🔄 Identity reset
[07:18:02] 🔄 Identity rotated (every 10 requests)
[07:18:02] [41/459] CMGJ
[07:18:03] [42/459] JRCR
[07:18:04] [43/459] SRTB
[07:18:05] [44/459] ETPB
[07:18:06] [45/459] MXBN
[07:18:07] [46/459] TOPE
[07:18:07] [47/459] SNLJ
[07:18:08] [48/459] CDDP
[07:18:09] [49/459] APCX
[07:18:10] [50/459] TALP
[07:18:11] 🔄 Identity reset
[07:18:11] 🔄 Identity rotated (every 10 requests)
[07:18:11] [51/459] RRMP
[07:18:12] [52/459] MAHB
[07:18:13] [53/459] MTKR
[07:18:13] [54/459] KSKL
[07:18:14] [55/459] RJLT
[07:18:15] [56/459] ATAS
[07:18:17] [57/459] AMHR
[07:18:17] [58/459] RSRM
[07:18:18] [59/459] GCAT
[07:18:19] [60/459] SMML
[07:18:20] 🔄 Identity reset
[07:18:20] 🔄 Identity rotated (every 10 requests)
[07:18:20] [61/459] ACCD
[07:18:21] [62/459] VYDA
[07:18:23] [63/459] MSKT
[07:18:23] [64/459] AVDM
[07:18:24] [65/459] ASMH
[07:18:25] [66/459] VTMB
[07:18:26] [67/459] WVMB
[07:18:27] [68/459] PPMN
[07:18:27] [69/459] MTMD
[07:18:28] [70/459] SMMO
[07:18:29] 🔄 Identity reset
[07:18:29] 🔄 Identity rotated (every 10 requests)
[07:18:29] 🔄 Retry 1/5 for SMMO in 2.4s
[07:18:29] 🔄 Identity reset
[07:18:31] 🧠 New identity created
[07:18:31] [71/459] DLPB
[07:18:32] [72/459] AKMD
[07:18:33] [73/459] SHRR
[07:18:34] [74/459] ASCO
[07:18:35] [75/459] CZVX
[07:18:36] [76/459] GCBB
[07:18:37] [77/459] ATBM
[07:18:38] [78/459] TCGM
[07:18:39] [79/459] UMSE
[07:18:39] 🔄 Identity reset
[07:18:39] 🔄 Identity rotated (every 10 requests)
[07:18:39] 🔄 Retry 1/5 for UMSE in 2.9s
[07:18:39] 🔄 Identity reset
[07:18:42] 🧠 New identity created
[07:18:43] [80/459] NKCL
[07:18:43] [81/459] BTLR
[07:18:44] [82/459] GOCL
[07:18:45] [83/459] MIRN
[07:18:46] [84/459] THEC
[07:18:47] [85/459] SPPB
[07:18:48] [86/459] PMMM
[07:18:48] [87/459] GGMC
[07:18:49] [88/459] AVSR
[07:18:50] 🔄 Identity reset
[07:18:50] 🔄 Identity rotated (every 10 requests)
[07:18:50] [89/459] RDMH
[07:18:51] [90/459] JSRS
[07:18:52] [91/459] VKGP
[07:18:53] [92/459] ACRT
[07:18:54] [93/459] GCBA
[07:18:55] [94/459] GTCP
[07:18:56] [95/459] AKFC
[07:18:57] [96/459] INCS
[07:18:58] [97/459] SMCK
[07:19:00] [98/459] BRUN
[07:19:00] 🔄 Identity reset
[07:19:00] 🔄 Identity rotated (every 10 requests)
[07:19:00] 🔄 Retry 1/5 for BRUN in 2.1s
[07:19:00] 🔄 Identity reset
[07:19:03] 🧠 New identity created
[07:19:03] 🔄 Retry 2/5 for BRUN in 4.7s
[07:19:03] 🔄 Identity reset
[07:19:07] 🧠 New identity created
[07:19:07] 🔄 Retry 3/5 for BRUN in 8.3s
[07:19:07] 🔄 Identity reset
[07:19:16] 🧠 New identity created
[07:19:16] 🔄 Retry 4/5 for BRUN in 16.1s
[07:19:16] 🔄 Identity reset
[07:19:32] 🧠 New identity created
[07:19:32] [99/459] RPPC
[07:19:33] [100/459] PAYD
[07:19:34] [101/459] SVVT
[07:19:35] [102/459] RNCC
[07:19:36] [103/459] PCRC
[07:19:37] [104/459] PMRM
[07:19:37] 🔄 Identity reset
[07:19:37] 🔄 Identity rotated (every 10 requests)
[07:19:37] 🔄 Retry 1/5 for PMRM in 2.0s
[07:19:37] 🔄 Identity reset
[07:19:40] 🧠 New identity created
[07:19:41] [105/459] CCRP
[07:19:42] [106/459] INCR
[07:19:42] [107/459] ZTMP
[07:19:43] [108/459] MCNR
[07:19:44] [109/459] INRP
[07:19:45] [110/459] STRC
[07:19:46] [111/459] RATI
[07:19:47] [112/459] PBTR
[07:19:48] [113/459] CMHP
[07:19:49] 🔄 Identity reset
[07:19:49] 🔄 Identity rotated (every 10 requests)
[07:19:50] [114/459] ZECJ
[07:19:51] [115/459] CCCB
[07:19:52] [116/459] BWCB
[07:19:53] [117/459] CCAT
[07:19:54] [118/459] KGCM
[07:19:55] [119/459] INPT
[07:19:56] [120/459] FNCO
[07:19:57] [121/459] SRMJ
[07:19:58] [122/459] PFSC
[07:19:58] [123/459] PBMC
[07:19:59] 🔄 Identity reset
[07:19:59] 🔄 Identity rotated (every 10 requests)
[07:19:59] [124/459] KARP
[07:20:00] [125/459] KOVI
[07:20:01] [126/459] ACXL
[07:20:03] [127/459] GKCC
[07:20:03] [128/459] ASCC
[07:20:04] [129/459] SETC
[07:20:05] [130/459] KACC
[07:20:06] [131/459] KAVE
[07:20:07] [132/459] CNTC
[07:20:08] [133/459] MEEN
[07:20:09] 🔄 Identity reset
[07:20:09] 🔄 Identity rotated (every 10 requests)
[07:20:09] [134/459] BMRV
[07:20:10] [135/459] SVAM
[07:20:12] [136/459] VTBP
[07:20:13] [137/459] VCKN
[07:20:14] [138/459] SGTK
[07:20:15] [139/459] RCGS
[07:20:17] [140/459] RCCB
[07:20:17] [141/459] RKSR
[07:20:18] [142/459] RKCU
[07:20:19] [143/459] GIBH
[07:20:20] 🔄 Identity reset
[07:20:20] 🔄 Identity rotated (every 10 requests)
[07:20:20] [144/459] CXBS
[07:20:21] [145/459] GGCB
[07:20:22] [146/459] SCPB
[07:20:23] [147/459] AKTB
[07:20:24] [148/459] SRBU
[07:20:25] [149/459] CSSA
[07:20:26] [150/459] MYAN
[07:20:26] [151/459] EXCA
[07:20:28] [152/459] CKSA
[07:20:29] [153/459] JTNM
[07:20:30] 🔄 Identity reset
[07:20:30] 🔄 Identity rotated (every 10 requests)
[07:20:30] 🔄 Retry 1/5 for JTNM in 2.1s
[07:20:30] 🔄 Identity reset
[07:20:32] 🧠 New identity created
[07:20:32] 🔄 Retry 2/5 for JTNM in 4.4s
[07:20:32] 🔄 Identity reset
[07:20:36] 🧠 New identity created
[07:20:37] [154/459] CXKT
[07:20:38] [155/459] NCLM
[07:20:39] [156/459] JAAD
[07:20:39] [157/459] RDCR
[07:20:40] [158/459] MEER
[07:20:42] [159/459] SIBT
[07:20:42] [160/459] PVVB
[07:20:43] [161/459] FNPN
[07:20:44] 🔄 Identity reset
[07:20:44] 🔄 Identity rotated (every 10 requests)
[07:20:44] 🔄 Retry 1/5 for FNPN in 2.6s
[07:20:44] 🔄 Identity reset
[07:20:47] 🧠 New identity created
[07:20:47] 🔄 Retry 2/5 for FNPN in 4.3s
[07:20:47] 🔄 Identity reset
[07:20:51] 🧠 New identity created
[07:20:52] [162/459] CRPX
[07:20:53] [163/459] STET
[07:20:54] [164/459] METE
[07:20:55] [165/459] BJML
[07:20:56] [166/459] MAVT
[07:20:57] [167/459] MSRM
[07:20:58] [168/459] TJMP
[07:20:58] [169/459] MHCK
[07:20:59] 🔄 Identity reset
[07:20:59] 🔄 Identity rotated (every 10 requests)
[07:20:59] 🔄 Retry 1/5 for MHCK in 2.4s
[07:20:59] 🔄 Identity reset
[07:21:02] 🧠 New identity created
[07:21:02] [170/459] SVGP
[07:21:03] [171/459] KRRC
[07:21:04] [172/459] IMCH
[07:21:05] [173/459] CMCS
[07:21:05] [174/459] SGND
[07:21:07] [175/459] RNAT
[07:21:08] [176/459] PRTN
[07:21:09] [177/459] MPTN
[07:21:10] [178/459] ARCC
[07:21:10] 🔄 Identity reset
[07:21:10] 🔄 Identity rotated (every 10 requests)
[07:21:11] [179/459] NTTE
[07:21:12] [180/459] ABND
[07:21:12] [181/459] KCSN
[07:21:13] [182/459] KCSA
[07:21:14] [183/459] DCKT
[07:21:15] [184/459] MBBR
[07:21:16] [185/459] RAMU
[07:21:17] [186/459] RACW
[07:21:18] [187/459] MCHP
[07:21:19] [188/459] TMHM
[07:21:20] 🔄 Identity reset
[07:21:20] 🔄 Identity rotated (every 10 requests)
[07:21:20] [189/459] STXH
[07:21:21] [190/459] AGSG
[07:21:22] [191/459] SIRA
[07:21:23] [192/459] RCAN
[07:21:24] [193/459] CWTB
[07:21:25] [194/459] VTYM
[07:21:25] [195/459] RRPP
[07:21:26] [196/459] ASMR
[07:21:27] [197/459] RONO
[07:21:28] [198/459] MEMR
[07:21:28] 🔄 Identity reset
[07:21:28] 🔄 Identity rotated (every 10 requests)
[07:21:29] [199/459] CTMR
[07:21:30] [200/459] PMTT
[07:21:31] [201/459] PSLX
[07:21:32] [202/459] IPPL
[07:21:33] [203/459] MMSG
[07:21:33] [204/459] INEL
[07:21:34] [205/459] COAC
[07:21:35] [206/459] WVLK
[07:21:38] [207/459] PPXL
[07:21:39] [208/459] PSML
[07:21:40] 🔄 Identity reset
[07:21:40] 🔄 Identity rotated (every 10 requests)
[07:21:41] [209/459] FNLK
[07:21:42] [210/459] ILUM
[07:21:42] [211/459] ILCM
[07:21:43] [212/459] MSNL
[07:21:44] [213/459] VINB
[07:21:46] [214/459] SALW
[07:21:47] [215/459] PRTB
[07:21:48] [216/459] NCIL
[07:21:49] [217/459] PSUL
[07:21:50] [218/459] SCLK
[07:21:50] 🔄 Identity reset
[07:21:50] 🔄 Identity rotated (every 10 requests)
[07:21:51] [219/459] ADDC
[07:21:51] [220/459] OACL
[07:21:53] [221/459] OOCF
[07:21:54] [222/459] GPMF
[07:21:55] [223/459] SSDG
[07:21:57] [224/459] SKRS
[07:21:58] [225/459] NTTP
[07:21:58] [226/459] SLTP
[07:21:59] [227/459] JTLC
[07:22:00] [228/459] POON
[07:22:01] 🔄 Identity reset
[07:22:01] 🔄 Identity rotated (every 10 requests)
[07:22:01] 🔄 Retry 1/5 for POON in 2.4s
[07:22:01] 🔄 Identity reset
[07:22:03] 🧠 New identity created
[07:22:04] [229/459] CCPC
[07:22:04] [230/459] DCKC
[07:22:05] [231/459] CPRT
[07:22:06] [232/459] EYHZ
[07:22:07] [233/459] ARBL
[07:22:08] [234/459] SBTB
[07:22:10] [235/459] MMCK
[07:22:11] [236/459] PLMR
[07:22:12] [237/459] BIJH
[07:22:12] 🔄 Identity reset
[07:22:12] 🔄 Identity rotated (every 10 requests)
[07:22:12] 🔄 Retry 1/5 for BIJH in 2.7s
[07:22:12] 🔄 Identity reset
[07:22:15] 🧠 New identity created
[07:22:15] 🔄 Retry 2/5 for BIJH in 4.7s
[07:22:15] 🔄 Identity reset
[07:22:20] 🧠 New identity created
[07:22:20] 🔄 Retry 3/5 for BIJH in 8.3s
[07:22:20] 🔄 Identity reset
[07:22:28] 🧠 New identity created
[07:22:29] [238/459] SDRT
[07:22:29] [239/459] PRDC
[07:22:30] [240/459] OMJA
[07:22:32] [241/459] VKCR
[07:22:33] [242/459] ATRT
[07:22:34] [243/459] WVRP
[07:22:35] [244/459] MVRP
[07:22:35] 🔄 Identity reset
[07:22:35] 🔄 Identity rotated (every 10 requests)
[07:22:35] 🔄 Retry 1/5 for MVRP in 2.5s
[07:22:35] 🔄 Identity reset
[07:22:38] 🧠 New identity created
[07:22:38] [245/459] FCAX
[07:22:39] [246/459] CTLC
[07:22:40] [247/459] JCHB
[07:22:41] [248/459] SELP
[07:22:42] [249/459] VCPG
[07:22:43] [250/459] ASCX
[07:22:44] [251/459] EOCS
[07:22:45] [252/459] RCPH
[07:22:46] [253/459] RJTM
[07:22:47] 🔄 Identity reset
[07:22:47] 🔄 Identity rotated (every 10 requests)
[07:22:47] [254/459] SGMD
[07:22:48] [255/459] SVJT
[07:22:49] [256/459] SPPO
[07:22:50] [257/459] MNRL
[07:22:51] [258/459] KNOX
[07:22:52] [259/459] GIER
[07:22:53] [260/459] PJMS
[07:22:54] [261/459] UNSP
[07:22:56] [262/459] JETP
[07:22:57] [263/459] VTWA
[07:22:57] 🔄 Identity reset
[07:22:57] 🔄 Identity rotated (every 10 requests)
[07:22:57] [264/459] SCJI
[07:22:58] [265/459] CBZZ
[07:22:59] [266/459] SDCJ
[07:23:00] [267/459] RRCC
[07:23:01] [268/459] VNKG
[07:23:02] [269/459] LKTO
[07:23:04] [270/459] PJRM
[07:23:05] [271/459] NVRM
[07:23:06] [272/459] SJCS
[07:23:07] [273/459] VIGK
[07:23:07] 🔄 Identity reset
[07:23:07] 🔄 Identity rotated (every 10 requests)
[07:23:08] [274/459] ANST
[07:23:09] [275/459] JTTS
[07:23:09] [276/459] NTST
[07:23:10] [277/459] PREB
[07:23:11] [278/459] TSCZ
[07:23:12] [279/459] CDCM
[07:23:13] [280/459] ELYE
[07:23:14] [281/459] INBS
[07:23:15] [282/459] SMGC
[07:23:16] [283/459] UTMP
[07:23:17] 🔄 Identity reset
[07:23:17] 🔄 Identity rotated (every 10 requests)
[07:23:17] [284/459] INTA
[07:23:18] [285/459] OMPT
[07:23:19] [286/459] SCIR
[07:23:20] [287/459] GCKJ
[07:23:21] [288/459] INOG
[07:23:21] [289/459] SMGB
[07:23:22] [290/459] MCSG
[07:23:23] [291/459] STKG
[07:23:24] [292/459] TTKG
[07:23:25] [293/459] SRTR
[07:23:26] 🔄 Identity reset
[07:23:26] 🔄 Identity rotated (every 10 requests)
[07:23:26] 🔄 Retry 1/5 for SRTR in 2.7s
[07:23:26] 🔄 Identity reset
[07:23:28] 🧠 New identity created
[07:23:29] [294/459] ETTR
[07:23:29] [295/459] GGGZ
[07:23:30] [296/459] IPGM
[07:23:31] [297/459] FCDH
[07:23:32] [298/459] DESB
[07:23:33] [299/459] VNTP
[07:23:34] [300/459] ANNT
[07:23:35] [301/459] SLTI
[07:23:35] [302/459] MAJU
[07:23:36] 🔄 Identity reset
[07:23:36] 🔄 Identity rotated (every 10 requests)
[07:23:36] [303/459] JCXP
[07:23:37] [304/459] HARK
[07:23:38] [305/459] JPCJ
[07:23:40] [306/459] RXBD
[07:23:41] [307/459] PTKJ
[07:23:42] [308/459] CMTU
[07:23:42] [309/459] SWOR
[07:23:43] [310/459] JMEX
[07:23:45] [311/459] DTPT
[07:23:46] [312/459] VGMM
[07:23:46] 🔄 Identity reset
[07:23:46] 🔄 Identity rotated (every 10 requests)
[07:23:47] [313/459] VCSG
[07:23:48] [314/459] CVCG
[07:23:49] [315/459] TNTT
[07:23:50] [316/459] SHRM
[07:23:50] [317/459] CGKD
[07:23:51] [318/459] EKCM
[07:23:52] [319/459] SDCX
[07:23:53] [320/459] SBTE
[07:23:54] [321/459] STKJ
[07:23:55] [322/459] TPCE
[07:23:55] 🔄 Identity reset
[07:23:55] 🔄 Identity rotated (every 10 requests)
[07:23:56] [323/459] JTNP
[07:23:57] [324/459] LPCH
[07:23:58] [325/459] CPUO
[07:23:58] [326/459] APSU
[07:23:59] [327/459] RTHC
[07:24:00] [328/459] PTBU
[07:24:01] [329/459] CUCC
[07:24:02] [330/459] CPSA
[07:24:03] [331/459] SUAY
[07:24:04] [332/459] AYAA
[07:24:05] 🔄 Identity reset
[07:24:05] 🔄 Identity rotated (every 10 requests)
[07:24:05] [333/459] MUCH
[07:24:06] [334/459] PCIN
[07:24:07] [335/459] JRRM
[07:24:08] [336/459] KATS
[07:24:09] [337/459] MHFF
[07:24:10] [338/459] ESYM
[07:24:11] [339/459] STYV
[07:24:12] [340/459] SDKG
[07:24:12] [341/459] SMTI
[07:24:13] [342/459] NYCS
[07:24:14] 🔄 Identity reset
[07:24:14] 🔄 Identity rotated (every 10 requests)
[07:24:14] [343/459] MTBG
[07:24:16] [344/459] RHCA
[07:24:17] [345/459] PCKH
[07:24:18] [346/459] ARCR
[07:24:19] [347/459] NCMB
[07:24:20] [348/459] SHYC
[07:24:21] [349/459] LACK
[07:24:22] [350/459] MTCM
[07:24:23] [351/459] RRBN
[07:24:24] [352/459] MYDC
[07:24:24] 🔄 Identity reset
[07:24:24] 🔄 Identity rotated (every 10 requests)
[07:24:24] 🔄 Retry 1/5 for MYDC in 2.9s
[07:24:24] 🔄 Identity reset
[07:24:27] 🧠 New identity created
[07:24:27] 🔄 Retry 2/5 for MYDC in 4.3s
[07:24:27] 🔄 Identity reset
[07:24:32] 🧠 New identity created
[07:24:32] [353/459] STCS
[07:24:33] [354/459] CONN
[07:24:34] [355/459] SIPS
[07:24:35] [356/459] SMMX
[07:24:36] [357/459] SCBY
[07:24:37] [358/459] SUAP
[07:24:38] [359/459] RSMK
[07:24:39] [360/459] STKP
[07:24:39] 🔄 Identity reset
[07:24:39] 🔄 Identity rotated (every 10 requests)
[07:24:40] [361/459] CIPC
[07:24:41] [362/459] KKCI
[07:24:42] [363/459] CTNK
[07:24:42] [364/459] MMTZ
[07:24:43] [365/459] DCCO
[07:24:44] [366/459] VNMN
[07:24:45] [367/459] RLCN
[07:24:46] [368/459] CMMS
[07:24:47] [369/459] AYOU
[07:24:48] [370/459] SSCN
[07:24:49] 🔄 Identity reset
[07:24:49] 🔄 Identity rotated (every 10 requests)
[07:24:49] 🔄 Retry 1/5 for SSCN in 2.4s
[07:24:49] 🔄 Identity reset
[07:24:51] 🧠 New identity created
[07:24:52] [371/459] SMXN
[07:24:53] [372/459] ASSK
[07:24:54] [373/459] VCKM
[07:24:55] [374/459] PCPH
[07:24:56] [375/459] PADM
[07:24:57] [376/459] IESA
[07:24:58] [377/459] VCSP
[07:24:59] [378/459] AEST
[07:25:00] [379/459] VTNR
[07:25:00] 🔄 Identity reset
[07:25:00] 🔄 Identity rotated (every 10 requests)
[07:25:00] [380/459] GTTA
[07:25:01] [381/459] CMMM
[07:25:03] [382/459] AHKT
[07:25:04] [383/459] SIJI
[07:25:05] [384/459] VCEI
[07:25:05] [385/459] SAKR
[07:25:06] [386/459] VSMT
[07:25:07] [387/459] SSCT
[07:25:08] [388/459] USTR
[07:25:09] [389/459] MTKT
[07:25:10] 🔄 Identity reset
[07:25:10] 🔄 Identity rotated (every 10 requests)
[07:25:10] [390/459] TGMP
[07:25:12] [391/459] SIVC
[07:25:13] [392/459] KICT
[07:25:14] [393/459] DAMD
[07:25:15] [394/459] CNPT
[07:25:15] [395/459] RVTT
[07:25:16] [396/459] SNCM
[07:25:17] [397/459] GHTE
[07:25:18] [398/459] PPAM
[07:25:19] [399/459] PVAA
[07:25:20] 🔄 Identity reset
[07:25:20] 🔄 Identity rotated (every 10 requests)
[07:25:20] [400/459] CPAO
[07:25:21] [401/459] HAMD
[07:25:22] [402/459] RCCA
[07:25:23] [403/459] MPCH
[07:25:24] [404/459] ARED
[07:25:25] [405/459] RRCV
[07:25:25] [406/459] MTRB
[07:25:27] [407/459] CKUA
[07:25:29] [408/459] ABMP
[07:25:30] [409/459] RCWA
[07:25:31] 🔄 Identity reset
[07:25:31] 🔄 Identity rotated (every 10 requests)
[07:25:31] [410/459] CGAR
[07:25:32] [411/459] METH
[07:25:33] [412/459] WAGA
[07:25:34] [413/459] MCMA
[07:25:35] [414/459] CSMP
[07:25:36] [415/459] RCNK
[07:25:37] [416/459] PSTM
[07:25:38] [417/459] CSEP
[07:25:39] [418/459] AMGD
[07:25:40] [419/459] CSTE
[07:25:41] 🔄 Identity reset
[07:25:41] 🔄 Identity rotated (every 10 requests)
[07:25:41] [420/459] CONS
[07:25:42] [421/459] APPX
[07:25:44] [422/459] MABC
[07:25:45] [423/459] CXST
[07:25:46] [424/459] MATN
[07:25:46] [425/459] MACZ
[07:25:47] [426/459] MASA
[07:25:48] [427/459] MBSX
[07:25:49] [428/459] CSST
[07:25:50] [429/459] APCL
[07:25:51] 🔄 Identity reset
[07:25:51] 🔄 Identity rotated (every 10 requests)
[07:25:51] [430/459] CGOS
[07:25:52] [431/459] CPEC
[07:25:53] [432/459] MCCP
[07:25:53] [433/459] BSSO
[07:25:54] [434/459] SJKA
[07:25:56] [435/459] CGBO
[07:25:57] [436/459] MVSK
[07:25:58] [437/459] HVCA
[07:25:59] [438/459] NAMD
[07:26:00] [439/459] DEVI
[07:26:01] 🔄 Identity reset
[07:26:01] 🔄 Identity rotated (every 10 requests)
[07:26:01] [440/459] SCSV
[07:26:02] [441/459] PSMA
[07:26:03] [442/459] CLDJ
[07:26:04] [443/459] NMAD
[07:26:05] [444/459] CGMO
[07:26:07] [445/459] MCNA
[07:26:08] [446/459] OCBN
[07:26:09] [447/459] CPEM
[07:26:10] [448/459] CPSM
[07:26:11] [449/459] RCAD
[07:26:11] 🔄 Identity reset
[07:26:11] 🔄 Identity rotated (every 10 requests)
[07:26:12] [450/459] CPMU
[07:26:13] [451/459] DICD
[07:26:14] [452/459] CHOE
[07:26:14] [453/459] PDJM
[07:26:15] [454/459] SSTU
[07:26:16] [455/459] VNRN
[07:26:17] [456/459] PVLG
[07:26:18] [457/459] SWBL
[07:26:19] [458/459] SCAB
[07:26:20] [459/459] RDDA
[07:26:20] 🔄 Identity reset
[07:26:20] 🔄 Identity rotated (every 10 requests)
[07:26:21] 🧹 Deduping shows
[07:26:21] ✅ DONE | Shows=1917 | Movies=54
[18:22:45] 🚀 SCRIPT STARTED (enhanced anti‑detection)
[18:22:45] [1/459] MCCZ
[18:22:46] 🧠 New identity created
[18:22:46] [2/459] FRPU
[18:22:48] [3/459] SKSI
[18:22:49] [4/459] SSCK
[18:22:50] [5/459] SRDC
[18:22:51] [6/459] RSCZ
[18:22:52] [7/459] PRVT
[18:22:53] [8/459] GAGJ
[18:22:54] [9/459] SMHG
[18:22:54] [10/459] JTST
[18:22:55] 🔄 Identity reset
[18:22:55] 🔄 Identity rotated (every 10 requests)
[18:22:55] [11/459] MYTH
[18:22:56] [12/459] JPCC
[18:22:57] [13/459] ACDC
[18:22:58] [14/459] SVFP
[18:22:59] [15/459] SFCM
[18:23:01] [16/459] RUPK
[18:23:01] [17/459] NTCR
[18:23:03] [18/459] RTCH
[18:23:04] [19/459] SCMH
[18:23:05] [20/459] SVYM
[18:23:05] 🔄 Identity reset
[18:23:05] 🔄 Identity rotated (every 10 requests)
[18:23:06] [21/459] SPYM
[18:23:07] [22/459] SMMF
[18:23:08] [23/459] CLLB
[18:23:09] [24/459] FMCB
[18:23:10] [25/459] BBTC
[18:23:11] [26/459] NTHS
[18:23:11] [27/459] PKKJ
[18:23:12] [28/459] MTJA
[18:23:13] [29/459] PMSJ
[18:23:14] [30/459] JMJU
[18:23:15] 🔄 Identity reset
[18:23:15] 🔄 Identity rotated (every 10 requests)
[18:23:15] [31/459] SRAD
[18:23:16] [32/459] MJMC
[18:23:17] [33/459] DFRM
[18:23:18] [34/459] PMRS
[18:23:19] [35/459] RKPP
[18:23:20] [36/459] BMBK
[18:23:21] [37/459] NEWS
[18:23:22] [38/459] SALB
[18:23:23] [39/459] SCPW
[18:23:24] [40/459] RAYL
[18:23:25] 🔄 Identity reset
[18:23:25] 🔄 Identity rotated (every 10 requests)
[18:23:25] [41/459] CMGJ
[18:23:26] [42/459] JRCR
[18:23:27] [43/459] SRTB
[18:23:28] [44/459] ETPB
[18:23:28] [45/459] MXBN
[18:23:29] [46/459] TOPE
[18:23:30] [47/459] SNLJ
[18:23:31] [48/459] CDDP
[18:23:32] [49/459] APCX
[18:23:33] [50/459] TALP
[18:23:34] 🔄 Identity reset
[18:23:34] 🔄 Identity rotated (every 10 requests)
[18:23:34] 🔄 Retry 1/5 for TALP in 2.5s
[18:23:34] 🔄 Identity reset
[18:23:37] 🧠 New identity created
[18:23:37] [51/459] RRMP
[18:23:38] [52/459] MAHB
[18:23:39] [53/459] MTKR
[18:23:40] [54/459] KSKL
[18:23:40] [55/459] RJLT
[18:23:41] [56/459] ATAS
[18:23:42] [57/459] AMHR
[18:23:44] [58/459] RSRM
[18:23:45] [59/459] GCAT
[18:23:46] 🔄 Identity reset
[18:23:46] 🔄 Identity rotated (every 10 requests)
[18:23:46] [60/459] SMML
[18:23:47] [61/459] ACCD
[18:23:48] [62/459] VYDA
[18:23:49] [63/459] MSKT
[18:23:50] [64/459] AVDM
[18:23:51] [65/459] ASMH
[18:23:52] [66/459] VTMB
[18:23:53] [67/459] WVMB
[18:23:54] [68/459] PPMN
[18:23:55] [69/459] MTMD
[18:23:56] 🔄 Identity reset
[18:23:56] 🔄 Identity rotated (every 10 requests)
[18:23:56] [70/459] SMMO
[18:23:57] [71/459] DLPB
[18:23:58] [72/459] AKMD
[18:23:59] [73/459] SHRR
[18:23:59] [74/459] ASCO
[18:24:00] [75/459] CZVX
[18:24:01] [76/459] GCBB
[18:24:03] [77/459] ATBM
[18:24:04] [78/459] TCGM
[18:24:05] [79/459] UMSE
[18:24:05] 🔄 Identity reset
[18:24:05] 🔄 Identity rotated (every 10 requests)
[18:24:06] [80/459] NKCL
[18:24:07] [81/459] BTLR
[18:24:07] [82/459] GOCL
[18:24:08] [83/459] MIRN
[18:24:09] [84/459] THEC
[18:24:10] [85/459] SPPB
[18:24:11] [86/459] PMMM
[18:24:12] [87/459] GGMC
[18:24:13] [88/459] AVSR
[18:24:13] [89/459] RDMH
[18:24:14] 🔄 Identity reset
[18:24:14] 🔄 Identity rotated (every 10 requests)
[18:24:14] [90/459] JSRS
[18:24:15] [91/459] VKGP
[18:24:16] [92/459] ACRT
[18:24:17] [93/459] GCBA
[18:24:18] [94/459] GTCP
[18:24:19] [95/459] AKFC
[18:24:19] [96/459] INCS
[18:24:20] [97/459] SMCK
[18:24:21] [98/459] BRUN
[18:24:22] [99/459] RPPC
[18:24:23] 🔄 Identity reset
[18:24:23] 🔄 Identity rotated (every 10 requests)
[18:24:23] [100/459] PAYD
[18:24:24] [101/459] SVVT
[18:24:25] [102/459] RNCC
[18:24:26] [103/459] PCRC
[18:24:26] [104/459] PMRM
[18:24:27] [105/459] CCRP
[18:24:28] [106/459] INCR
[18:24:29] [107/459] ZTMP
[18:24:30] [108/459] MCNR
[18:24:31] [109/459] INRP
[18:24:32] 🔄 Identity reset
[18:24:32] 🔄 Identity rotated (every 10 requests)
[18:24:32] [110/459] STRC
[18:24:33] [111/459] RATI
[18:24:35] [112/459] PBTR
[18:24:36] [113/459] CMHP
[18:24:37] [114/459] ZECJ
[18:24:38] [115/459] CCCB
[18:24:38] [116/459] BWCB
[18:24:39] [117/459] CCAT
[18:24:40] [118/459] KGCM
[18:24:41] [119/459] INPT
[18:24:42] 🔄 Identity reset
[18:24:42] 🔄 Identity rotated (every 10 requests)
[18:24:42] [120/459] FNCO
[18:24:43] [121/459] SRMJ
[18:24:44] [122/459] PFSC
[18:24:45] [123/459] PBMC
[18:24:46] [124/459] KARP
[18:24:46] [125/459] KOVI
[18:24:47] [126/459] ACXL
[18:24:48] [127/459] GKCC
[18:24:49] [128/459] ASCC
[18:24:50] [129/459] SETC
[18:24:51] 🔄 Identity reset
[18:24:51] 🔄 Identity rotated (every 10 requests)
[18:24:51] [130/459] KACC
[18:24:52] [131/459] KAVE
[18:24:53] [132/459] CNTC
[18:24:54] [133/459] MEEN
[18:24:55] [134/459] BMRV
[18:24:56] [135/459] SVAM
[18:24:57] [136/459] VTBP
[18:24:58] [137/459] VCKN
[18:24:58] [138/459] SGTK
[18:24:59] [139/459] RCGS
[18:25:00] 🔄 Identity reset
[18:25:00] 🔄 Identity rotated (every 10 requests)
[18:25:00] [140/459] RCCB
[18:25:01] [141/459] RKSR
[18:25:02] [142/459] RKCU
[18:25:03] [143/459] GIBH
[18:25:04] [144/459] CXBS
[18:25:05] [145/459] GGCB
[18:25:06] [146/459] SCPB
[18:25:08] [147/459] AKTB
[18:25:09] [148/459] SRBU
[18:25:09] [149/459] CSSA
[18:25:10] 🔄 Identity reset
[18:25:10] 🔄 Identity rotated (every 10 requests)
[18:25:10] [150/459] MYAN
[18:25:11] [151/459] EXCA
[18:25:12] [152/459] CKSA
[18:25:13] [153/459] JTNM
[18:25:14] [154/459] CXKT
[18:25:15] [155/459] NCLM
[18:25:16] [156/459] JAAD
[18:25:17] [157/459] RDCR
[18:25:18] [158/459] MEER
[18:25:19] [159/459] SIBT
[18:25:20] 🔄 Identity reset
[18:25:20] 🔄 Identity rotated (every 10 requests)
[18:25:20] [160/459] PVVB
[18:25:21] [161/459] FNPN
[18:25:22] [162/459] CRPX
[18:25:23] [163/459] STET
[18:25:24] [164/459] METE
[18:25:25] [165/459] BJML
[18:25:26] [166/459] MAVT
[18:25:26] [167/459] MSRM
[18:25:27] [168/459] TJMP
[18:25:29] [169/459] MHCK
[18:25:30] 🔄 Identity reset
[18:25:30] 🔄 Identity rotated (every 10 requests)
[18:25:30] 🔄 Retry 1/5 for MHCK in 2.1s
[18:25:30] 🔄 Identity reset
[18:25:32] 🧠 New identity created
[18:25:32] 🔄 Retry 2/5 for MHCK in 4.2s
[18:25:32] 🔄 Identity reset
[18:25:36] 🧠 New identity created
[18:25:36] [170/459] SVGP
[18:25:37] [171/459] KRRC
[18:25:38] [172/459] IMCH
[18:25:39] [173/459] CMCS
[18:25:40] [174/459] SGND
[18:25:41] [175/459] RNAT
[18:25:42] [176/459] PRTN
[18:25:43] [177/459] MPTN
[18:25:43] 🔄 Identity reset
[18:25:43] 🔄 Identity rotated (every 10 requests)
[18:25:44] [178/459] ARCC
[18:25:45] [179/459] NTTE
[18:25:46] [180/459] ABND
[18:25:46] [181/459] KCSN
[18:25:47] [182/459] KCSA
[18:25:48] [183/459] DCKT
[18:25:49] [184/459] MBBR
[18:25:50] [185/459] RAMU
[18:25:51] [186/459] RACW
[18:25:51] [187/459] MCHP
[18:25:52] 🔄 Identity reset
[18:25:52] 🔄 Identity rotated (every 10 requests)
[18:25:52] [188/459] TMHM
[18:25:53] [189/459] STXH
[18:25:54] [190/459] AGSG
[18:25:55] [191/459] SIRA
[18:25:56] [192/459] RCAN
[18:25:57] [193/459] CWTB
[18:25:58] [194/459] VTYM
[18:25:58] [195/459] RRPP
[18:25:59] [196/459] ASMR
[18:26:00] [197/459] RONO
[18:26:01] 🔄 Identity reset
[18:26:01] 🔄 Identity rotated (every 10 requests)
[18:26:02] [198/459] MEMR
[18:26:03] [199/459] CTMR
[18:26:04] [200/459] PMTT
[18:26:05] [201/459] PSLX
[18:26:06] [202/459] IPPL
[18:26:07] [203/459] MMSG
[18:26:07] [204/459] INEL
[18:26:08] [205/459] COAC
[18:26:09] [206/459] WVLK
[18:26:11] [207/459] PPXL
[18:26:12] 🔄 Identity reset
[18:26:12] 🔄 Identity rotated (every 10 requests)
[18:26:12] [208/459] PSML
[18:26:13] [209/459] FNLK
[18:26:14] [210/459] ILUM
[18:26:15] [211/459] ILCM
[18:26:16] [212/459] MSNL
[18:26:16] [213/459] VINB
[18:26:17] [214/459] SALW
[18:26:18] [215/459] PRTB
[18:26:19] [216/459] NCIL
[18:26:20] [217/459] PSUL
[18:26:21] 🔄 Identity reset
[18:26:21] 🔄 Identity rotated (every 10 requests)
[18:26:21] [218/459] SCLK
[18:26:22] [219/459] ADDC
[18:26:23] [220/459] OACL
[18:26:24] [221/459] OOCF
[18:26:24] [222/459] GPMF
[18:26:25] [223/459] SSDG
[18:26:26] [224/459] SKRS
[18:26:27] [225/459] NTTP
[18:26:28] [226/459] SLTP
[18:26:29] [227/459] JTLC
[18:26:30] 🔄 Identity reset
[18:26:30] 🔄 Identity rotated (every 10 requests)
[18:26:30] [228/459] POON
[18:26:31] [229/459] CCPC
[18:26:32] [230/459] DCKC
[18:26:32] [231/459] CPRT
[18:26:33] [232/459] EYHZ
[18:26:34] [233/459] ARBL
[18:26:35] [234/459] SBTB
[18:26:36] [235/459] MMCK
[18:26:37] [236/459] PLMR
[18:26:38] [237/459] BIJH
[18:26:39] 🔄 Identity reset
[18:26:39] 🔄 Identity rotated (every 10 requests)
[18:26:39] 🔄 Retry 1/5 for BIJH in 2.6s
[18:26:39] 🔄 Identity reset
[18:26:41] 🧠 New identity created
[18:26:42] [238/459] SDRT
[18:26:43] [239/459] PRDC
[18:26:44] [240/459] OMJA
[18:26:45] [241/459] VKCR
[18:26:46] [242/459] ATRT
[18:26:47] [243/459] WVRP
[18:26:48] [244/459] MVRP
[18:26:49] [245/459] FCAX
[18:26:50] [246/459] CTLC
[18:26:51] 🔄 Identity reset
[18:26:51] 🔄 Identity rotated (every 10 requests)
[18:26:51] [247/459] JCHB
[18:26:52] [248/459] SELP
[18:26:53] [249/459] VCPG
[18:26:54] [250/459] ASCX
[18:26:55] [251/459] EOCS
[18:26:56] [252/459] RCPH
[18:26:57] [253/459] RJTM
[18:26:58] [254/459] SGMD
[18:26:59] [255/459] SVJT
[18:27:00] [256/459] SPPO
[18:27:00] 🔄 Identity reset
[18:27:01] 🔄 Identity rotated (every 10 requests)
[18:27:01] [257/459] MNRL
[18:27:02] [258/459] KNOX
[18:27:03] [259/459] GIER
[18:27:04] [260/459] PJMS
[18:27:05] [261/459] UNSP
[18:27:06] [262/459] JETP
[18:27:07] [263/459] VTWA
[18:27:08] [264/459] SCJI
[18:27:09] [265/459] CBZZ
[18:27:10] [266/459] SDCJ
[18:27:10] 🔄 Identity reset
[18:27:10] 🔄 Identity rotated (every 10 requests)
[18:27:11] 🔄 Retry 1/5 for SDCJ in 2.2s
[18:27:11] 🔄 Identity reset
[18:27:13] 🧠 New identity created
[18:27:13] [267/459] RRCC
[18:27:14] [268/459] VNKG
[18:27:15] [269/459] LKTO
[18:27:16] [270/459] PJRM
[18:27:17] [271/459] NVRM
[18:27:18] [272/459] SJCS
[18:27:19] [273/459] VIGK
[18:27:20] [274/459] ANST
[18:27:21] [275/459] JTTS
[18:27:22] 🔄 Identity reset
[18:27:22] 🔄 Identity rotated (every 10 requests)
[18:27:22] [276/459] NTST
[18:27:23] [277/459] PREB
[18:27:24] [278/459] TSCZ
[18:27:24] [279/459] CDCM
[18:27:25] [280/459] ELYE
[18:27:26] [281/459] INBS
[18:27:27] [282/459] SMGC
[18:27:28] [283/459] UTMP
[18:27:29] [284/459] INTA
[18:27:30] [285/459] OMPT
[18:27:30] 🔄 Identity reset
[18:27:30] 🔄 Identity rotated (every 10 requests)
[18:27:31] [286/459] SCIR
[18:27:32] [287/459] GCKJ
[18:27:33] [288/459] INOG
[18:27:34] [289/459] SMGB
[18:27:35] [290/459] MCSG
[18:27:35] [291/459] STKG
[18:27:36] [292/459] TTKG
[18:27:37] [293/459] SRTR
[18:27:38] [294/459] ETTR
[18:27:40] [295/459] GGGZ
[18:27:40] 🔄 Identity reset
[18:27:40] 🔄 Identity rotated (every 10 requests)
[18:27:41] [296/459] IPGM
[18:27:42] [297/459] FCDH
[18:27:42] [298/459] DESB
[18:27:43] [299/459] VNTP
[18:27:44] [300/459] ANNT
[18:27:45] [301/459] SLTI
[18:27:46] [302/459] MAJU
[18:27:47] [303/459] JCXP
[18:27:47] [304/459] HARK
[18:27:48] [305/459] JPCJ
[18:27:49] 🔄 Identity reset
[18:27:49] 🔄 Identity rotated (every 10 requests)
[18:27:49] [306/459] RXBD
[18:27:50] [307/459] PTKJ
[18:27:52] [308/459] CMTU
[18:27:53] [309/459] SWOR
[18:27:54] [310/459] JMEX
[18:27:54] [311/459] DTPT
[18:27:56] [312/459] VGMM
[18:27:57] [313/459] VCSG
[18:27:58] [314/459] CVCG
[18:27:59] [315/459] TNTT
[18:27:59] 🔄 Identity reset
[18:27:59] 🔄 Identity rotated (every 10 requests)
[18:28:00] [316/459] SHRM
[18:28:01] [317/459] CGKD
[18:28:02] [318/459] EKCM
[18:28:02] [319/459] SDCX
[18:28:03] [320/459] SBTE
[18:28:04] [321/459] STKJ
[18:28:06] [322/459] TPCE
[18:28:07] [323/459] JTNP
[18:28:08] [324/459] LPCH
[18:28:09] [325/459] CPUO
[18:28:10] 🔄 Identity reset
[18:28:10] 🔄 Identity rotated (every 10 requests)
[18:28:10] [326/459] APSU
[18:28:11] [327/459] RTHC
[18:28:12] [328/459] PTBU
[18:28:13] [329/459] CUCC
[18:28:14] [330/459] CPSA
[18:28:15] [331/459] SUAY
[18:28:17] [332/459] AYAA
[18:28:18] [333/459] MUCH
[18:28:19] [334/459] PCIN
[18:28:20] [335/459] JRRM
[18:28:20] 🔄 Identity reset
[18:28:20] 🔄 Identity rotated (every 10 requests)
[18:28:21] [336/459] KATS
[18:28:21] [337/459] MHFF
[18:28:23] [338/459] ESYM
[18:28:24] [339/459] STYV
[18:28:25] [340/459] SDKG
[18:28:25] [341/459] SMTI
[18:28:26] [342/459] NYCS
[18:28:27] [343/459] MTBG
[18:28:28] [344/459] RHCA
[18:28:29] [345/459] PCKH
[18:28:29] 🔄 Identity reset
[18:28:29] 🔄 Identity rotated (every 10 requests)
[18:28:30] [346/459] ARCR
[18:28:31] [347/459] NCMB
[18:28:32] [348/459] SHYC
[18:28:32] [349/459] LACK
[18:28:34] [350/459] MTCM
[18:28:35] [351/459] RRBN
[18:28:36] [352/459] MYDC
[18:28:37] [353/459] STCS
[18:28:37] [354/459] CONN
[18:28:38] [355/459] SIPS
[18:28:39] 🔄 Identity reset
[18:28:39] 🔄 Identity rotated (every 10 requests)
[18:28:39] 🔄 Retry 1/5 for SIPS in 2.6s
[18:28:39] 🔄 Identity reset
[18:28:42] 🧠 New identity created
[18:28:42] [356/459] SMMX
[18:28:43] [357/459] SCBY
[18:28:44] [358/459] SUAP
[18:28:45] [359/459] RSMK
[18:28:46] [360/459] STKP
[18:28:47] [361/459] CIPC
[18:28:48] [362/459] KKCI
[18:28:49] [363/459] CTNK
[18:28:50] [364/459] MMTZ
[18:28:50] 🔄 Identity reset
[18:28:50] 🔄 Identity rotated (every 10 requests)
[18:28:51] [365/459] DCCO
[18:28:52] [366/459] VNMN
[18:28:53] [367/459] RLCN
[18:28:53] [368/459] CMMS
[18:28:54] [369/459] AYOU
[18:28:55] [370/459] SSCN
[18:28:56] [371/459] SMXN
[18:28:57] [372/459] ASSK
[18:28:58] [373/459] VCKM
[18:28:59] [374/459] PCPH
[18:28:59] 🔄 Identity reset
[18:28:59] 🔄 Identity rotated (every 10 requests)
[18:29:00] [375/459] PADM
[18:29:01] [376/459] IESA
[18:29:02] [377/459] VCSP
[18:29:03] [378/459] AEST
[18:29:04] [379/459] VTNR
[18:29:05] [380/459] GTTA
[18:29:06] [381/459] CMMM
[18:29:07] [382/459] AHKT
[18:29:07] [383/459] SIJI
[18:29:09] [384/459] VCEI
[18:29:10] 🔄 Identity reset
[18:29:10] 🔄 Identity rotated (every 10 requests)
[18:29:10] [385/459] SAKR
[18:29:11] [386/459] VSMT
[18:29:12] [387/459] SSCT
[18:29:13] [388/459] USTR
[18:29:14] [389/459] MTKT
[18:29:15] [390/459] TGMP
[18:29:16] [391/459] SIVC
[18:29:17] [392/459] KICT
[18:29:18] [393/459] DAMD
[18:29:19] [394/459] CNPT
[18:29:20] 🔄 Identity reset
[18:29:20] 🔄 Identity rotated (every 10 requests)
[18:29:20] [395/459] RVTT
[18:29:21] [396/459] SNCM
[18:29:21] [397/459] GHTE
[18:29:22] [398/459] PPAM
[18:29:24] [399/459] PVAA
[18:29:25] [400/459] CPAO
[18:29:26] [401/459] HAMD
[18:29:27] [402/459] RCCA
[18:29:27] [403/459] MPCH
[18:29:28] [404/459] ARED
[18:29:29] 🔄 Identity reset
[18:29:29] 🔄 Identity rotated (every 10 requests)
[18:29:29] 🔄 Retry 1/5 for ARED in 2.6s
[18:29:29] 🔄 Identity reset
[18:29:32] 🧠 New identity created
[18:29:32] [405/459] RRCV
[18:29:33] [406/459] MTRB
[18:29:34] [407/459] CKUA
[18:29:34] [408/459] ABMP
[18:29:35] [409/459] RCWA
[18:29:36] [410/459] CGAR
[18:29:37] [411/459] METH
[18:29:38] [412/459] WAGA
[18:29:38] [413/459] MCMA
[18:29:39] 🔄 Identity reset
[18:29:39] 🔄 Identity rotated (every 10 requests)
[18:29:39] [414/459] CSMP
[18:29:40] [415/459] RCNK
[18:29:42] [416/459] PSTM
[18:29:43] [417/459] CSEP
[18:29:44] [418/459] AMGD
[18:29:45] [419/459] CSTE
[18:29:45] [420/459] CONS
[18:29:46] [421/459] APPX
[18:29:47] [422/459] MABC
[18:29:48] [423/459] CXST
[18:29:49] 🔄 Identity reset
[18:29:49] 🔄 Identity rotated (every 10 requests)
[18:29:49] [424/459] MATN
[18:29:50] [425/459] MACZ
[18:29:51] [426/459] MASA
[18:29:52] [427/459] MBSX
[18:29:53] [428/459] CSST
[18:29:54] [429/459] APCL
[18:29:55] [430/459] CGOS
[18:29:56] [431/459] CPEC
[18:29:57] [432/459] MCCP
[18:29:58] [433/459] BSSO
[18:29:58] 🔄 Identity reset
[18:29:58] 🔄 Identity rotated (every 10 requests)
[18:29:59] [434/459] SJKA
[18:30:00] [435/459] CGBO
[18:30:01] [436/459] MVSK
[18:30:02] [437/459] HVCA
[18:30:03] [438/459] NAMD
[18:30:04] [439/459] DEVI
[18:30:05] [440/459] SCSV
[18:30:06] [441/459] PSMA
[18:30:08] [442/459] CLDJ
[18:30:09] [443/459] NMAD
[18:30:09] 🔄 Identity reset
[18:30:09] 🔄 Identity rotated (every 10 requests)
[18:30:10] [444/459] CGMO
[18:30:11] [445/459] MCNA
[18:30:12] [446/459] OCBN
[18:30:13] [447/459] CPEM
[18:30:14] [448/459] CPSM
[18:30:14] [449/459] RCAD
[18:30:15] [450/459] CPMU
[18:30:16] [451/459] DICD
[18:30:17] [452/459] CHOE
[18:30:18] [453/459] PDJM
[18:30:19] 🔄 Identity reset
[18:30:19] 🔄 Identity rotated (every 10 requests)
[18:30:19] [454/459] SSTU
[18:30:20] [455/459] VNRN
[18:30:21] [456/459] PVLG
[18:30:22] [457/459] SWBL
[18:30:23] [458/459] SCAB
[18:30:24] [459/459] RDDA
[18:30:25] 🧹 Deduping shows
[18:30:25] ✅ DONE | Shows=3130 | Movies=62
[02:57:13] 🚀 SCRIPT STARTED (enhanced anti‑detection)
[02:57:13] [1/459] MCCZ
[02:57:14] 🧠 New identity created
[02:57:14] [2/459] FRPU
[02:57:15] [3/459] SKSI
[02:57:16] [4/459] SSCK
[02:57:17] [5/459] SRDC
[02:57:18] [6/459] RSCZ
[02:57:18] [7/459] PRVT
[02:57:19] [8/459] GAGJ
[02:57:20] [9/459] SMHG
[02:57:21] [10/459] JTST
[02:57:22] 🔄 Identity reset
[02:57:22] 🔄 Identity rotated (every 10 requests)
[02:57:23] [11/459] MYTH
[02:57:24] [12/459] JPCC
[02:57:24] [13/459] ACDC
[02:57:25] [14/459] SVFP
[02:57:26] [15/459] SFCM
[02:57:27] [16/459] RUPK
[02:57:27] [17/459] NTCR
[02:57:29] [18/459] RTCH
[02:57:30] [19/459] SCMH
[02:57:31] [20/459] SVYM
[02:57:32] 🔄 Identity reset
[02:57:32] 🔄 Identity rotated (every 10 requests)
[02:57:32] 🔄 Retry 1/5 for SVYM in 2.9s
[02:57:32] 🔄 Identity reset
[02:57:34] 🧠 New identity created
[02:57:35] [21/459] SPYM
[02:57:36] [22/459] SMMF
[02:57:36] [23/459] CLLB
[02:57:37] [24/459] FMCB
[02:57:38] [25/459] BBTC
[02:57:39] [26/459] NTHS
[02:57:41] [27/459] PKKJ
[02:57:42] [28/459] MTJA
[02:57:42] [29/459] PMSJ
[02:57:43] 🔄 Identity reset
[02:57:43] 🔄 Identity rotated (every 10 requests)
[02:57:43] [30/459] JMJU
[02:57:44] [31/459] SRAD
[02:57:45] [32/459] MJMC
[02:57:46] [33/459] DFRM
[02:57:47] [34/459] PMRS
[02:57:48] [35/459] RKPP
[02:57:48] [36/459] BMBK
[02:57:49] [37/459] NEWS
[02:57:50] [38/459] SALB
[02:57:51] [39/459] SCPW
[02:57:51] 🔄 Identity reset
[02:57:51] 🔄 Identity rotated (every 10 requests)
[02:57:52] [40/459] RAYL
[02:57:53] [41/459] CMGJ
[02:57:53] [42/459] JRCR
[02:57:54] [43/459] SRTB
[02:57:55] [44/459] ETPB
[02:57:56] [45/459] MXBN
[02:57:57] [46/459] TOPE
[02:57:58] [47/459] SNLJ
[02:57:59] [48/459] CDDP
[02:58:00] [49/459] APCX
[02:58:00] 🔄 Identity reset
[02:58:00] 🔄 Identity rotated (every 10 requests)
[02:58:00] [50/459] TALP
[02:58:01] [51/459] RRMP
[02:58:02] [52/459] MAHB
[02:58:03] [53/459] MTKR
[02:58:04] [54/459] KSKL
[02:58:05] [55/459] RJLT
[02:58:05] [56/459] ATAS
[02:58:06] [57/459] AMHR
[02:58:07] [58/459] RSRM
[02:58:08] [59/459] GCAT
[02:58:09] 🔄 Identity reset
[02:58:09] 🔄 Identity rotated (every 10 requests)
[02:58:09] [60/459] SMML
[02:58:10] [61/459] ACCD
[02:58:11] [62/459] VYDA
[02:58:11] [63/459] MSKT
[02:58:12] [64/459] AVDM
[02:58:13] [65/459] ASMH
[02:58:15] [66/459] VTMB
[02:58:15] [67/459] WVMB
[02:58:17] [68/459] PPMN
[02:58:18] [69/459] MTMD
[02:58:18] 🔄 Identity reset
[02:58:18] 🔄 Identity rotated (every 10 requests)
[02:58:19] [70/459] SMMO
[02:58:20] [71/459] DLPB
[02:58:21] [72/459] AKMD
[02:58:22] [73/459] SHRR
[02:58:23] [74/459] ASCO
[02:58:24] [75/459] CZVX
[02:58:25] [76/459] GCBB
[02:58:26] [77/459] ATBM
[02:58:27] [78/459] TCGM
[02:58:28] [79/459] UMSE
[02:58:28] 🔄 Identity reset
[02:58:28] 🔄 Identity rotated (every 10 requests)
[02:58:29] [80/459] NKCL
[02:58:29] [81/459] BTLR
[02:58:30] [82/459] GOCL
[02:58:32] [83/459] MIRN
[02:58:33] [84/459] THEC
[02:58:34] [85/459] SPPB
[02:58:34] [86/459] PMMM
[02:58:35] [87/459] GGMC
[02:58:37] [88/459] AVSR
[02:58:38] [89/459] RDMH
[02:58:39] 🔄 Identity reset
[02:58:39] 🔄 Identity rotated (every 10 requests)
[02:58:39] [90/459] JSRS
[02:58:40] [91/459] VKGP
[02:58:41] [92/459] ACRT
[02:58:43] [93/459] GCBA
[02:58:45] [94/459] GTCP
[02:58:46] [95/459] AKFC
[02:58:46] [96/459] INCS
[02:58:47] [97/459] SMCK
[02:58:48] [98/459] BRUN
[02:58:49] [99/459] RPPC
[02:58:49] 🔄 Identity reset
[02:58:49] 🔄 Identity rotated (every 10 requests)
[02:58:50] [100/459] PAYD
[02:58:51] [101/459] SVVT
[02:58:52] [102/459] RNCC
[02:58:53] [103/459] PCRC
[02:58:54] [104/459] PMRM
[02:58:55] [105/459] CCRP
[02:58:56] [106/459] INCR
[02:58:56] [107/459] ZTMP
[02:58:57] [108/459] MCNR
[02:58:58] [109/459] INRP
[02:58:59] 🔄 Identity reset
[02:58:59] 🔄 Identity rotated (every 10 requests)
[02:58:59] [110/459] STRC
[02:59:00] [111/459] RATI
[02:59:01] [112/459] PBTR
[02:59:02] [113/459] CMHP
[02:59:02] [114/459] ZECJ
[02:59:04] [115/459] CCCB
[02:59:05] [116/459] BWCB
[02:59:06] [117/459] CCAT
[02:59:07] [118/459] KGCM
[02:59:08] [119/459] INPT
[02:59:08] 🔄 Identity reset
[02:59:08] 🔄 Identity rotated (every 10 requests)
[02:59:09] [120/459] FNCO
[02:59:10] [121/459] SRMJ
[02:59:10] [122/459] PFSC
[02:59:11] [123/459] PBMC
[02:59:12] [124/459] KARP
[02:59:13] [125/459] KOVI
[02:59:14] [126/459] ACXL
[02:59:14] [127/459] GKCC
[02:59:15] [128/459] ASCC
[02:59:17] [129/459] SETC
[02:59:18] 🔄 Identity reset
[02:59:18] 🔄 Identity rotated (every 10 requests)
[02:59:18] [130/459] KACC
[02:59:19] [131/459] KAVE
[02:59:20] [132/459] CNTC
[02:59:20] [133/459] MEEN
[02:59:21] [134/459] BMRV
[02:59:22] [135/459] SVAM
[02:59:23] [136/459] VTBP
[02:59:24] [137/459] VCKN
[02:59:25] [138/459] SGTK
[02:59:26] [139/459] RCGS
[02:59:27] 🔄 Identity reset
[02:59:27] 🔄 Identity rotated (every 10 requests)
[02:59:27] [140/459] RCCB
[02:59:28] [141/459] RKSR
[02:59:29] [142/459] RKCU
[02:59:30] [143/459] GIBH
[02:59:31] [144/459] CXBS
[02:59:32] [145/459] GGCB
[02:59:33] [146/459] SCPB
[02:59:34] [147/459] AKTB
[02:59:35] [148/459] SRBU
[02:59:36] [149/459] CSSA
[02:59:37] 🔄 Identity reset
[02:59:37] 🔄 Identity rotated (every 10 requests)
[02:59:37] [150/459] MYAN
[02:59:38] [151/459] EXCA
[02:59:39] [152/459] CKSA
[02:59:40] [153/459] JTNM
[02:59:41] [154/459] CXKT
[02:59:41] [155/459] NCLM
[02:59:42] [156/459] JAAD
[02:59:43] [157/459] RDCR
[02:59:44] [158/459] MEER
[02:59:45] [159/459] SIBT
[02:59:46] 🔄 Identity reset
[02:59:46] 🔄 Identity rotated (every 10 requests)
[02:59:46] [160/459] PVVB
[02:59:47] [161/459] FNPN
[02:59:48] [162/459] CRPX
[02:59:48] [163/459] STET
[02:59:49] [164/459] METE
[02:59:50] [165/459] BJML
[02:59:52] [166/459] MAVT
[02:59:52] [167/459] MSRM
[02:59:53] [168/459] TJMP
[02:59:54] [169/459] MHCK
[02:59:55] 🔄 Identity reset
[02:59:55] 🔄 Identity rotated (every 10 requests)
[02:59:55] 🔄 Retry 1/5 for MHCK in 2.5s
[02:59:55] 🔄 Identity reset
[02:59:57] 🧠 New identity created
[02:59:57] 🔄 Retry 2/5 for MHCK in 4.7s
[02:59:57] 🔄 Identity reset
[03:00:02] 🧠 New identity created
[03:00:02] [170/459] SVGP
[03:00:03] [171/459] KRRC
[03:00:04] [172/459] IMCH
[03:00:05] [173/459] CMCS
[03:00:05] [174/459] SGND
[03:00:06] [175/459] RNAT
[03:00:07] [176/459] PRTN
[03:00:08] [177/459] MPTN
[03:00:09] 🔄 Identity reset
[03:00:09] 🔄 Identity rotated (every 10 requests)
[03:00:10] [178/459] ARCC
[03:00:11] [179/459] NTTE
[03:00:12] [180/459] ABND
[03:00:14] [181/459] KCSN
[03:00:15] [182/459] KCSA
[03:00:17] [183/459] DCKT
[03:00:18] [184/459] MBBR
[03:00:19] [185/459] RAMU
[03:00:20] [186/459] RACW
[03:00:21] [187/459] MCHP
[03:00:21] 🔄 Identity reset
[03:00:21] 🔄 Identity rotated (every 10 requests)
[03:00:21] 🔄 Retry 1/5 for MCHP in 2.2s
[03:00:21] 🔄 Identity reset
[03:00:24] 🧠 New identity created
[03:00:24] [188/459] TMHM
[03:00:25] [189/459] STXH
[03:00:25] [190/459] AGSG
[03:00:26] [191/459] SIRA
[03:00:27] [192/459] RCAN
[03:00:28] [193/459] CWTB
[03:00:29] [194/459] VTYM
[03:00:30] [195/459] RRPP
[03:00:31] [196/459] ASMR
[03:00:31] 🔄 Identity reset
[03:00:31] 🔄 Identity rotated (every 10 requests)
[03:00:32] [197/459] RONO
[03:00:33] [198/459] MEMR
[03:00:34] [199/459] CTMR
[03:00:34] [200/459] PMTT
[03:00:35] [201/459] PSLX
[03:00:36] [202/459] IPPL
[03:00:37] [203/459] MMSG
[03:00:38] [204/459] INEL
[03:00:39] [205/459] COAC
[03:00:40] [206/459] WVLK
[03:00:40] 🔄 Identity reset
[03:00:40] 🔄 Identity rotated (every 10 requests)
[03:00:41] [207/459] PPXL
[03:00:42] [208/459] PSML
[03:00:42] [209/459] FNLK
[03:00:43] [210/459] ILUM
[03:00:44] [211/459] ILCM
[03:00:45] [212/459] MSNL
[03:00:46] [213/459] VINB
[03:00:46] [214/459] SALW
[03:00:47] [215/459] PRTB
[03:00:48] [216/459] NCIL
[03:00:49] 🔄 Identity reset
[03:00:49] 🔄 Identity rotated (every 10 requests)
[03:00:49] [217/459] PSUL
[03:00:50] [218/459] SCLK
[03:00:50] [219/459] ADDC
[03:00:51] [220/459] OACL
[03:00:52] [221/459] OOCF
[03:00:53] [222/459] GPMF
[03:00:54] [223/459] SSDG
[03:00:54] [224/459] SKRS
[03:00:55] [225/459] NTTP
[03:00:56] [226/459] SLTP
[03:00:57] 🔄 Identity reset
[03:00:57] 🔄 Identity rotated (every 10 requests)
[03:00:57] [227/459] JTLC
[03:00:58] [228/459] POON
[03:00:59] [229/459] CCPC
[03:01:00] [230/459] DCKC
[03:01:00] [231/459] CPRT
[03:01:01] [232/459] EYHZ
[03:01:02] [233/459] ARBL
[03:01:03] [234/459] SBTB
[03:01:04] [235/459] MMCK
[03:01:04] [236/459] PLMR
[03:01:05] 🔄 Identity reset
[03:01:05] 🔄 Identity rotated (every 10 requests)
[03:01:05] [237/459] BIJH
[03:01:06] [238/459] SDRT
[03:01:07] [239/459] PRDC
[03:01:08] [240/459] OMJA
[03:01:09] [241/459] VKCR
[03:01:10] [242/459] ATRT
[03:01:11] [243/459] WVRP
[03:01:12] [244/459] MVRP
[03:01:13] [245/459] FCAX
[03:01:13] [246/459] CTLC
[03:01:14] 🔄 Identity reset
[03:01:14] 🔄 Identity rotated (every 10 requests)
[03:01:14] [247/459] JCHB
[03:01:15] [248/459] SELP
[03:01:16] [249/459] VCPG
[03:01:17] [250/459] ASCX
[03:01:17] [251/459] EOCS
[03:01:18] [252/459] RCPH
[03:01:19] [253/459] RJTM
[03:01:20] [254/459] SGMD
[03:01:22] [255/459] SVJT
[03:01:23] [256/459] SPPO
[03:01:24] 🔄 Identity reset
[03:01:24] 🔄 Identity rotated (every 10 requests)
[03:01:24] [257/459] MNRL
[03:01:25] [258/459] KNOX
[03:01:26] [259/459] GIER
[03:01:26] [260/459] PJMS
[03:01:27] [261/459] UNSP
[03:01:28] [262/459] JETP
[03:01:29] [263/459] VTWA
[03:01:30] [264/459] SCJI
[03:01:31] [265/459] CBZZ
[03:01:32] [266/459] SDCJ
[03:01:32] 🔄 Identity reset
[03:01:32] 🔄 Identity rotated (every 10 requests)
[03:01:33] [267/459] RRCC
[03:01:33] [268/459] VNKG
[03:01:34] [269/459] LKTO
[03:01:35] [270/459] PJRM
[03:01:36] [271/459] NVRM
[03:01:37] [272/459] SJCS
[03:01:38] [273/459] VIGK
[03:01:39] [274/459] ANST
[03:01:40] [275/459] JTTS
[03:01:41] [276/459] NTST
[03:01:41] 🔄 Identity reset
[03:01:41] 🔄 Identity rotated (every 10 requests)
[03:01:41] [277/459] PREB
[03:01:42] [278/459] TSCZ
[03:01:43] [279/459] CDCM
[03:01:44] [280/459] ELYE
[03:01:45] [281/459] INBS
[03:01:46] [282/459] SMGC
[03:01:47] [283/459] UTMP
[03:01:48] [284/459] INTA
[03:01:50] [285/459] OMPT
[03:01:50] [286/459] SCIR
[03:01:51] 🔄 Identity reset
[03:01:51] 🔄 Identity rotated (every 10 requests)
[03:01:51] 🔄 Retry 1/5 for SCIR in 2.2s
[03:01:51] 🔄 Identity reset
[03:01:53] 🧠 New identity created
[03:01:54] [287/459] GCKJ
[03:01:56] [288/459] INOG
[03:01:57] [289/459] SMGB
[03:01:57] [290/459] MCSG
[03:01:58] [291/459] STKG
[03:01:59] [292/459] TTKG
[03:02:00] [293/459] SRTR
[03:02:01] [294/459] ETTR
[03:02:02] [295/459] GGGZ
[03:02:03] 🔄 Identity reset
[03:02:03] 🔄 Identity rotated (every 10 requests)
[03:02:03] [296/459] IPGM
[03:02:04] [297/459] FCDH
[03:02:05] [298/459] DESB
[03:02:06] [299/459] VNTP
[03:02:07] [300/459] ANNT
[03:02:07] [301/459] SLTI
[03:02:08] [302/459] MAJU
[03:02:09] [303/459] JCXP
[03:02:11] [304/459] HARK
[03:02:11] [305/459] JPCJ
[03:02:12] 🔄 Identity reset
[03:02:12] 🔄 Identity rotated (every 10 requests)
[03:02:12] [306/459] RXBD
[03:02:13] [307/459] PTKJ
[03:02:14] [308/459] CMTU
[03:02:15] [309/459] SWOR
[03:02:16] [310/459] JMEX
[03:02:17] [311/459] DTPT
[03:02:17] [312/459] VGMM
[03:02:18] [313/459] VCSG
[03:02:19] [314/459] CVCG
[03:02:20] [315/459] TNTT
[03:02:20] 🔄 Identity reset
[03:02:20] 🔄 Identity rotated (every 10 requests)
[03:02:21] [316/459] SHRM
[03:02:22] [317/459] CGKD
[03:02:22] [318/459] EKCM
[03:02:23] [319/459] SDCX
[03:02:24] [320/459] SBTE
[03:02:25] [321/459] STKJ
[03:02:26] [322/459] TPCE
[03:02:27] [323/459] JTNP
[03:02:28] [324/459] LPCH
[03:02:29] [325/459] CPUO
[03:02:29] 🔄 Identity reset
[03:02:29] 🔄 Identity rotated (every 10 requests)
[03:02:30] [326/459] APSU
[03:02:31] [327/459] RTHC
[03:02:32] [328/459] PTBU
[03:02:32] [329/459] CUCC
[03:02:33] [330/459] CPSA
[03:02:34] [331/459] SUAY
[03:02:35] [332/459] AYAA
[03:02:36] [333/459] MUCH
[03:02:37] [334/459] PCIN
[03:02:37] [335/459] JRRM
[03:02:38] 🔄 Identity reset
[03:02:38] 🔄 Identity rotated (every 10 requests)
[03:02:38] [336/459] KATS
[03:02:40] [337/459] MHFF
[03:02:41] [338/459] ESYM
[03:02:42] [339/459] STYV
[03:02:43] [340/459] SDKG
[03:02:44] [341/459] SMTI
[03:02:45] [342/459] NYCS
[03:02:46] [343/459] MTBG
[03:02:47] [344/459] RHCA
[03:02:48] [345/459] PCKH
[03:02:48] 🔄 Identity reset
[03:02:48] 🔄 Identity rotated (every 10 requests)
[03:02:48] [346/459] ARCR
[03:02:50] [347/459] NCMB
[03:02:51] [348/459] SHYC
[03:02:52] [349/459] LACK
[03:02:53] [350/459] MTCM
[03:02:54] [351/459] RRBN
[03:02:55] [352/459] MYDC
[03:02:55] [353/459] STCS
[03:02:57] [354/459] CONN
[03:02:58] [355/459] SIPS
[03:02:58] 🔄 Identity reset
[03:02:58] 🔄 Identity rotated (every 10 requests)
[03:02:59] [356/459] SMMX
[03:03:00] [357/459] SCBY
[03:03:00] [358/459] SUAP
[03:03:01] [359/459] RSMK
[03:03:02] [360/459] STKP
[03:03:03] [361/459] CIPC
[03:03:04] [362/459] KKCI
[03:03:04] [363/459] CTNK
[03:03:05] [364/459] MMTZ
[03:03:06] [365/459] DCCO
[03:03:07] 🔄 Identity reset
[03:03:07] 🔄 Identity rotated (every 10 requests)
[03:03:07] 🔄 Retry 1/5 for DCCO in 2.2s
[03:03:07] 🔄 Identity reset
[03:03:09] 🧠 New identity created
[03:03:09] [366/459] VNMN
[03:03:10] [367/459] RLCN
[03:03:11] [368/459] CMMS
[03:03:12] [369/459] AYOU
[03:03:12] [370/459] SSCN
[03:03:13] [371/459] SMXN
[03:03:15] [372/459] ASSK
[03:03:16] [373/459] VCKM
[03:03:16] [374/459] PCPH
[03:03:17] 🔄 Identity reset
[03:03:17] 🔄 Identity rotated (every 10 requests)
[03:03:17] [375/459] PADM
[03:03:18] [376/459] IESA
[03:03:19] [377/459] VCSP
[03:03:20] [378/459] AEST
[03:03:21] [379/459] VTNR
[03:03:22] [380/459] GTTA
[03:03:22] [381/459] CMMM
[03:03:23] [382/459] AHKT
[03:03:24] [383/459] SIJI
[03:03:25] [384/459] VCEI
[03:03:26] 🔄 Identity reset
[03:03:26] 🔄 Identity rotated (every 10 requests)
[03:03:26] [385/459] SAKR
[03:03:27] [386/459] VSMT
[03:03:28] [387/459] SSCT
[03:03:29] [388/459] USTR
[03:03:30] [389/459] MTKT
[03:03:31] [390/459] TGMP
[03:03:32] [391/459] SIVC
[03:03:34] [392/459] KICT
[03:03:34] [393/459] DAMD
[03:03:35] [394/459] CNPT
[03:03:36] 🔄 Identity reset
[03:03:36] 🔄 Identity rotated (every 10 requests)
[03:03:36] [395/459] RVTT
[03:03:37] [396/459] SNCM
[03:03:38] [397/459] GHTE
[03:03:39] [398/459] PPAM
[03:03:39] [399/459] PVAA
[03:03:40] [400/459] CPAO
[03:03:41] [401/459] HAMD
[03:03:42] [402/459] RCCA
[03:03:43] [403/459] MPCH
[03:03:44] [404/459] ARED
[03:03:44] 🔄 Identity reset
[03:03:44] 🔄 Identity rotated (every 10 requests)
[03:03:44] [405/459] RRCV
[03:03:46] [406/459] MTRB
[03:03:47] [407/459] CKUA
[03:03:48] [408/459] ABMP
[03:03:49] [409/459] RCWA
[03:03:50] [410/459] CGAR
[03:03:51] [411/459] METH
[03:03:52] [412/459] WAGA
[03:03:53] [413/459] MCMA
[03:03:54] [414/459] CSMP
[03:03:54] 🔄 Identity reset
[03:03:54] 🔄 Identity rotated (every 10 requests)
[03:03:55] [415/459] RCNK
[03:03:56] [416/459] PSTM
[03:03:57] [417/459] CSEP
[03:03:57] [418/459] AMGD
[03:03:58] [419/459] CSTE
[03:03:59] [420/459] CONS
[03:04:00] [421/459] APPX
[03:04:01] [422/459] MABC
[03:04:02] [423/459] CXST
[03:04:03] [424/459] MATN
[03:04:03] 🔄 Identity reset
[03:04:03] 🔄 Identity rotated (every 10 requests)
[03:04:04] [425/459] MACZ
[03:04:05] [426/459] MASA
[03:04:05] [427/459] MBSX
[03:04:06] [428/459] CSST
[03:04:07] [429/459] APCL
[03:04:08] [430/459] CGOS
[03:04:09] [431/459] CPEC
[03:04:10] [432/459] MCCP
[03:04:10] [433/459] BSSO
[03:04:11] [434/459] SJKA
[03:04:12] 🔄 Identity reset
[03:04:12] 🔄 Identity rotated (every 10 requests)
[03:04:12] [435/459] CGBO
[03:04:14] [436/459] MVSK
[03:04:14] [437/459] HVCA
[03:04:15] [438/459] NAMD
[03:04:16] [439/459] DEVI
[03:04:18] [440/459] SCSV
[03:04:19] [441/459] PSMA
[03:04:20] [442/459] CLDJ
[03:04:21] [443/459] NMAD
[03:04:22] [444/459] CGMO
[03:04:23] 🔄 Identity reset
[03:04:23] 🔄 Identity rotated (every 10 requests)
[03:04:23] [445/459] MCNA
[03:04:24] [446/459] OCBN
[03:04:25] [447/459] CPEM
[03:04:26] [448/459] CPSM
[03:04:27] [449/459] RCAD
[03:04:28] [450/459] CPMU
[03:04:29] [451/459] DICD
[03:04:30] [452/459] CHOE
[03:04:31] [453/459] PDJM
[03:04:32] [454/459] SSTU
[03:04:32] 🔄 Identity reset
[03:04:32] 🔄 Identity rotated (every 10 requests)
[03:04:33] [455/459] VNRN
[03:04:34] [456/459] PVLG
[03:04:35] [457/459] SWBL
[03:04:36] [458/459] SCAB
[03:04:37] [459/459] RDDA
[03:04:38] 🧹 Deduping shows
[03:04:38] ✅ DONE | Shows=3395 | Movies=63
[08:37:09] 🚀 SCRIPT STARTED (enhanced anti‑detection)
[08:37:09] [1/459] MCCZ
[08:37:09] 🧠 New identity created
[08:37:10] 🔄 Retry 1/5 for MCCZ in 2.1s
[08:37:10] 🔄 Identity reset
[08:37:12] 🧠 New identity created
[08:37:12] [2/459] FRPU
[08:37:13] [3/459] SKSI
[08:37:14] [4/459] SSCK
[08:37:15] [5/459] SRDC
[08:37:16] [6/459] RSCZ
[08:37:18] [7/459] PRVT
[08:37:19] [8/459] GAGJ
[08:37:19] [9/459] SMHG
[08:37:20] 🔄 Identity reset
[08:37:20] 🔄 Identity rotated (every 10 requests)
[08:37:20] [10/459] JTST
[08:37:21] [11/459] MYTH
[08:37:22] [12/459] JPCC
[08:37:23] [13/459] ACDC
[08:37:24] [14/459] SVFP
[08:37:25] [15/459] SFCM
[08:37:25] [16/459] RUPK
[08:37:27] [17/459] NTCR
[08:37:28] [18/459] RTCH
[08:37:29] [19/459] SCMH
[08:37:29] 🔄 Identity reset
[08:37:29] 🔄 Identity rotated (every 10 requests)
[08:37:29] [20/459] SVYM
[08:37:30] [21/459] SPYM
[08:37:32] [22/459] SMMF
[08:37:33] [23/459] CLLB
[08:37:34] [24/459] FMCB
[08:37:35] [25/459] BBTC
[08:37:36] [26/459] NTHS
[08:37:37] [27/459] PKKJ
[08:37:37] [28/459] MTJA
[08:37:38] [29/459] PMSJ
[08:37:39] 🔄 Identity reset
[08:37:39] 🔄 Identity rotated (every 10 requests)
[08:37:39] [30/459] JMJU
[08:37:40] [31/459] SRAD
[08:37:41] [32/459] MJMC
[08:37:42] [33/459] DFRM
[08:37:42] [34/459] PMRS
[08:37:44] [35/459] RKPP
[08:37:45] [36/459] BMBK
[08:37:45] [37/459] NEWS
[08:37:46] [38/459] SALB
[08:37:47] [39/459] SCPW
[08:37:48] 🔄 Identity reset
[08:37:48] 🔄 Identity rotated (every 10 requests)
[08:37:48] [40/459] RAYL
[08:37:49] [41/459] CMGJ
[08:37:50] [42/459] JRCR
[08:37:51] [43/459] SRTB
[08:37:52] [44/459] ETPB
[08:37:53] [45/459] MXBN
[08:37:53] [46/459] TOPE
[08:37:54] [47/459] SNLJ
[08:37:55] [48/459] CDDP
[08:37:56] [49/459] APCX
[08:37:57] 🔄 Identity reset
[08:37:57] 🔄 Identity rotated (every 10 requests)
[08:37:57] [50/459] TALP
[08:37:58] [51/459] RRMP
[08:37:59] [52/459] MAHB
[08:38:00] [53/459] MTKR
[08:38:01] [54/459] KSKL
[08:38:02] [55/459] RJLT
[08:38:03] [56/459] ATAS
[08:38:04] [57/459] AMHR
[08:38:05] [58/459] RSRM
[08:38:06] [59/459] GCAT
[08:38:06] 🔄 Identity reset
[08:38:06] 🔄 Identity rotated (every 10 requests)
[08:38:06] 🔄 Retry 1/5 for GCAT in 2.1s
[08:38:06] 🔄 Identity reset
[08:38:08] 🧠 New identity created
[08:38:09] [60/459] SMML
[08:38:10] [61/459] ACCD
[08:38:11] [62/459] VYDA
[08:38:11] [63/459] MSKT
[08:38:12] [64/459] AVDM
[08:38:13] [65/459] ASMH
[08:38:14] [66/459] VTMB
[08:38:16] [67/459] WVMB
[08:38:17] [68/459] PPMN
[08:38:17] 🔄 Identity reset
[08:38:17] 🔄 Identity rotated (every 10 requests)
[08:38:17] 🔄 Retry 1/5 for PPMN in 2.4s
[08:38:17] 🔄 Identity reset
[08:38:20] 🧠 New identity created
[08:38:20] 🔄 Retry 2/5 for PPMN in 4.3s
[08:38:20] 🔄 Identity reset
[08:38:24] 🧠 New identity created
[08:38:24] [69/459] MTMD
[08:38:25] [70/459] SMMO
[08:38:26] [71/459] DLPB
[08:38:27] [72/459] AKMD
[08:38:28] [73/459] SHRR
[08:38:28] [74/459] ASCO
[08:38:29] [75/459] CZVX
[08:38:30] [76/459] GCBB
[08:38:31] 🔄 Identity reset
[08:38:31] 🔄 Identity rotated (every 10 requests)
[08:38:31] [77/459] ATBM
[08:38:32] [78/459] TCGM
[08:38:33] [79/459] UMSE
[08:38:34] [80/459] NKCL
[08:38:35] [81/459] BTLR
[08:38:36] [82/459] GOCL
[08:38:37] [83/459] MIRN
[08:38:38] [84/459] THEC
[08:38:39] [85/459] SPPB
[08:38:40] [86/459] PMMM
[08:38:40] 🔄 Identity reset
[08:38:40] 🔄 Identity rotated (every 10 requests)
[08:38:40] [87/459] GGMC
[08:38:41] [88/459] AVSR
[08:38:42] [89/459] RDMH
[08:38:43] [90/459] JSRS
[08:38:44] [91/459] VKGP
[08:38:45] [92/459] ACRT
[08:38:45] [93/459] GCBA
[08:38:46] [94/459] GTCP
[08:38:47] [95/459] AKFC
[08:38:49] [96/459] INCS
[08:38:49] 🔄 Identity reset
[08:38:49] 🔄 Identity rotated (every 10 requests)
[08:38:49] 🔄 Retry 1/5 for INCS in 2.2s
[08:38:49] 🔄 Identity reset
[08:38:52] 🧠 New identity created
[08:38:52] [97/459] SMCK
[08:38:53] [98/459] BRUN
[08:38:54] [99/459] RPPC
[08:38:55] [100/459] PAYD
[08:38:56] [101/459] SVVT
[08:38:56] [102/459] RNCC
[08:38:57] [103/459] PCRC
[08:38:58] [104/459] PMRM
[08:38:59] [105/459] CCRP
[08:39:00] 🔄 Identity reset
[08:39:00] 🔄 Identity rotated (every 10 requests)
[08:39:00] [106/459] INCR
[08:39:01] [107/459] ZTMP
[08:39:02] [108/459] MCNR
[08:39:03] [109/459] INRP
[08:39:03] [110/459] STRC
[08:39:04] [111/459] RATI
[08:39:05] [112/459] PBTR
[08:39:06] [113/459] CMHP
[08:39:07] [114/459] ZECJ
[08:39:08] [115/459] CCCB
[08:39:08] 🔄 Identity reset
[08:39:08] 🔄 Identity rotated (every 10 requests)
[08:39:08] 🔄 Retry 1/5 for CCCB in 2.7s
[08:39:08] 🔄 Identity reset
[08:39:11] 🧠 New identity created
[08:39:11] 🔄 Retry 2/5 for CCCB in 4.6s
[08:39:11] 🔄 Identity reset
[08:39:16] 🧠 New identity created
[08:39:16] [116/459] BWCB
[08:39:17] [117/459] CCAT
[08:39:19] [118/459] KGCM
[08:39:19] [119/459] INPT
[08:39:20] [120/459] FNCO
[08:39:21] [121/459] SRMJ
[08:39:22] [122/459] PFSC
[08:39:22] [123/459] PBMC
[08:39:23] 🔄 Identity reset
[08:39:23] 🔄 Identity rotated (every 10 requests)
[08:39:23] 🔄 Retry 1/5 for PBMC in 2.6s
[08:39:23] 🔄 Identity reset
[08:39:26] 🧠 New identity created
[08:39:26] [124/459] KARP
[08:39:27] [125/459] KOVI
[08:39:28] [126/459] ACXL
[08:39:29] [127/459] GKCC
[08:39:30] [128/459] ASCC
[08:39:31] [129/459] SETC
[08:39:32] [130/459] KACC
[08:39:33] [131/459] KAVE
[08:39:33] [132/459] CNTC
[08:39:34] 🔄 Identity reset
[08:39:34] 🔄 Identity rotated (every 10 requests)
[08:39:34] [133/459] MEEN
[08:39:35] [134/459] BMRV
[08:39:36] [135/459] SVAM
[08:39:37] [136/459] VTBP
[08:39:38] [137/459] VCKN
[08:39:39] [138/459] SGTK
[08:39:39] [139/459] RCGS
[08:39:40] [140/459] RCCB
[08:39:41] [141/459] RKSR
[08:39:42] [142/459] RKCU
[08:39:43] 🔄 Identity reset
[08:39:43] 🔄 Identity rotated (every 10 requests)
[08:39:43] 🔄 Retry 1/5 for RKCU in 3.0s
[08:39:43] 🔄 Identity reset
[08:39:46] 🧠 New identity created
[08:39:46] [143/459] GIBH
[08:39:47] [144/459] CXBS
[08:39:47] [145/459] GGCB
[08:39:48] [146/459] SCPB
[08:39:49] [147/459] AKTB
[08:39:50] [148/459] SRBU
[08:39:52] [149/459] CSSA
[08:39:53] [150/459] MYAN
[08:39:54] [151/459] EXCA
[08:39:54] 🔄 Identity reset
[08:39:54] 🔄 Identity rotated (every 10 requests)
[08:39:55] [152/459] CKSA
[08:39:55] [153/459] JTNM
[08:39:56] [154/459] CXKT
[08:39:57] [155/459] NCLM
[08:39:58] [156/459] JAAD
[08:39:59] [157/459] RDCR
[08:40:00] [158/459] MEER
[08:40:01] [159/459] SIBT
[08:40:02] [160/459] PVVB
[08:40:02] [161/459] FNPN
[08:40:03] 🔄 Identity reset
[08:40:03] 🔄 Identity rotated (every 10 requests)
[08:40:03] [162/459] CRPX
[08:40:04] [163/459] STET
[08:40:05] [164/459] METE
[08:40:06] [165/459] BJML
[08:40:07] [166/459] MAVT
[08:40:07] [167/459] MSRM
[08:40:08] [168/459] TJMP
[08:40:09] [169/459] MHCK
[08:40:11] [170/459] SVGP
[08:40:12] [171/459] KRRC
[08:40:12] 🔄 Identity reset
[08:40:12] 🔄 Identity rotated (every 10 requests)
[08:40:13] 🔄 Retry 1/5 for KRRC in 2.7s
[08:40:13] 🔄 Identity reset
[08:40:15] 🧠 New identity created
[08:40:16] [172/459] IMCH
[08:40:17] [173/459] CMCS
[08:40:18] [174/459] SGND
[08:40:19] [175/459] RNAT
[08:40:19] [176/459] PRTN
[08:40:20] [177/459] MPTN
[08:40:21] [178/459] ARCC
[08:40:23] [179/459] NTTE
[08:40:23] [180/459] ABND
[08:40:24] 🔄 Identity reset
[08:40:24] 🔄 Identity rotated (every 10 requests)
[08:40:24] 🔄 Retry 1/5 for ABND in 2.4s
[08:40:24] 🔄 Identity reset
[08:40:26] 🧠 New identity created
[08:40:27] [181/459] KCSN
[08:40:28] [182/459] KCSA
[08:40:29] [183/459] DCKT
[08:40:30] [184/459] MBBR
[08:40:31] [185/459] RAMU
[08:40:32] [186/459] RACW
[08:40:34] [187/459] MCHP
[08:40:35] [188/459] TMHM
[08:40:35] [189/459] STXH
[08:40:36] 🔄 Identity reset
[08:40:36] 🔄 Identity rotated (every 10 requests)
[08:40:36] [190/459] AGSG
[08:40:38] [191/459] SIRA
[08:40:39] [192/459] RCAN
[08:40:40] [193/459] CWTB
[08:40:41] [194/459] VTYM
[08:40:41] [195/459] RRPP
[08:40:42] [196/459] ASMR
[08:40:43] [197/459] RONO
[08:40:45] [198/459] MEMR
[08:40:46] [199/459] CTMR
[08:40:46] 🔄 Identity reset
[08:40:46] 🔄 Identity rotated (every 10 requests)
[08:40:47] [200/459] PMTT
[08:40:48] [201/459] PSLX
[08:41:00] 🔄 Retry 1/5 for PSLX in 2.3s
[08:41:00] 🔄 Identity reset
[08:41:03] 🧠 New identity created
[08:41:03] 🔄 Retry 2/5 for PSLX in 4.8s
[08:41:03] 🔄 Identity reset
[08:41:08] 🧠 New identity created
[08:41:08] [202/459] IPPL
[08:41:09] [203/459] MMSG
[08:41:09] [204/459] INEL
[08:41:10] [205/459] COAC
[08:41:11] [206/459] WVLK
[08:41:12] [207/459] PPXL
[08:41:12] 🔄 Identity reset
[08:41:12] 🔄 Identity rotated (every 10 requests)
[08:41:13] [208/459] PSML
[08:41:13] [209/459] FNLK
[08:41:14] [210/459] ILUM
[08:41:16] [211/459] ILCM
[08:41:17] [212/459] MSNL
[08:41:18] [213/459] VINB
[08:41:19] [214/459] SALW
[08:41:20] [215/459] PRTB
[08:41:21] [216/459] NCIL
[08:41:22] [217/459] PSUL
[08:41:23] 🔄 Identity reset
[08:41:23] 🔄 Identity rotated (every 10 requests)
[08:41:23] [218/459] SCLK
[08:41:24] [219/459] ADDC
[08:41:25] [220/459] OACL
[08:41:26] [221/459] OOCF
[08:41:27] [222/459] GPMF
[08:41:28] [223/459] SSDG
[08:41:29] [224/459] SKRS
[08:41:30] [225/459] NTTP
[08:41:30] [226/459] SLTP
[08:41:31] [227/459] JTLC
[08:41:32] 🔄 Identity reset
[08:41:32] 🔄 Identity rotated (every 10 requests)
[08:41:32] [228/459] POON
[08:41:33] [229/459] CCPC
[08:41:34] [230/459] DCKC
[08:41:35] [231/459] CPRT
[08:41:36] [232/459] EYHZ
[08:41:36] [233/459] ARBL
[08:41:37] [234/459] SBTB
[08:41:38] [235/459] MMCK
[08:41:39] [236/459] PLMR
[08:41:40] [237/459] BIJH
[08:41:41] 🔄 Identity reset
[08:41:41] 🔄 Identity rotated (every 10 requests)
[08:41:41] 🔄 Retry 1/5 for BIJH in 2.6s
[08:41:41] 🔄 Identity reset
[08:41:43] 🧠 New identity created
[08:41:43] 🔄 Retry 2/5 for BIJH in 4.5s
[08:41:43] 🔄 Identity reset
[08:41:48] 🧠 New identity created
[08:41:48] 🔄 Retry 3/5 for BIJH in 8.9s
[08:41:48] 🔄 Identity reset
[08:41:57] 🧠 New identity created
[08:41:57] [238/459] SDRT
[08:41:58] [239/459] PRDC
[08:41:59] [240/459] OMJA
[08:42:00] [241/459] VKCR
[08:42:01] [242/459] ATRT
[08:42:01] [243/459] WVRP
[08:42:02] [244/459] MVRP
[08:42:03] 🔄 Identity reset
[08:42:03] 🔄 Identity rotated (every 10 requests)
[08:42:03] [245/459] FCAX
[08:42:04] [246/459] CTLC
[08:42:05] [247/459] JCHB
[08:42:06] [248/459] SELP
[08:42:06] [249/459] VCPG
[08:42:07] [250/459] ASCX
[08:42:09] [251/459] EOCS
[08:42:10] [252/459] RCPH
[08:42:11] [253/459] RJTM
[08:42:12] [254/459] SGMD
[08:42:12] 🔄 Identity reset
[08:42:12] 🔄 Identity rotated (every 10 requests)
[08:42:13] [255/459] SVJT
[08:42:14] [256/459] SPPO
[08:42:15] [257/459] MNRL
[08:42:15] [258/459] KNOX
[08:42:16] [259/459] GIER
[08:42:17] [260/459] PJMS
[08:42:18] [261/459] UNSP
[08:42:19] [262/459] JETP
[08:42:20] [263/459] VTWA
[08:42:20] [264/459] SCJI
[08:42:21] 🔄 Identity reset
[08:42:21] 🔄 Identity rotated (every 10 requests)
[08:42:21] [265/459] CBZZ
[08:42:22] [266/459] SDCJ
[08:42:23] [267/459] RRCC
[08:42:25] [268/459] VNKG
[08:42:26] [269/459] LKTO
[08:42:27] [270/459] PJRM
[08:42:28] [271/459] NVRM
[08:42:28] [272/459] SJCS
[08:42:29] [273/459] VIGK
[08:42:30] [274/459] ANST
[08:42:31] 🔄 Identity reset
[08:42:31] 🔄 Identity rotated (every 10 requests)
[08:42:31] [275/459] JTTS
[08:42:32] [276/459] NTST
[08:42:32] [277/459] PREB
[08:42:33] [278/459] TSCZ
[08:42:34] [279/459] CDCM
[08:42:35] [280/459] ELYE
[08:42:36] [281/459] INBS
[08:42:38] [282/459] SMGC
[08:42:39] [283/459] UTMP
[08:42:39] [284/459] INTA
[08:42:40] 🔄 Identity reset
[08:42:40] 🔄 Identity rotated (every 10 requests)
[08:42:40] [285/459] OMPT
[08:42:41] [286/459] SCIR
[08:42:43] [287/459] GCKJ
[08:42:44] [288/459] INOG
[08:42:45] [289/459] SMGB
[08:42:46] [290/459] MCSG
[08:42:47] [291/459] STKG
[08:42:48] [292/459] TTKG
[08:42:49] [293/459] SRTR
[08:42:50] [294/459] ETTR
[08:42:51] 🔄 Identity reset
[08:42:51] 🔄 Identity rotated (every 10 requests)
[08:42:51] [295/459] GGGZ
[08:42:53] [296/459] IPGM
[08:42:54] [297/459] FCDH
[08:42:55] [298/459] DESB
[08:42:56] [299/459] VNTP
[08:42:57] [300/459] ANNT
[08:42:58] [301/459] SLTI
[08:42:59] [302/459] MAJU
[08:43:00] [303/459] JCXP
[08:43:01] [304/459] HARK
[08:43:02] 🔄 Identity reset
[08:43:02] 🔄 Identity rotated (every 10 requests)
[08:43:02] [305/459] JPCJ
[08:43:03] [306/459] RXBD
[08:43:04] [307/459] PTKJ
[08:43:05] [308/459] CMTU
[08:43:06] [309/459] SWOR
[08:43:07] [310/459] JMEX
[08:43:08] [311/459] DTPT
[08:43:09] [312/459] VGMM
[08:43:09] [313/459] VCSG
[08:43:10] [314/459] CVCG
[08:43:11] 🔄 Identity reset
[08:43:11] 🔄 Identity rotated (every 10 requests)
[08:43:11] 🔄 Retry 1/5 for CVCG in 2.8s
[08:43:11] 🔄 Identity reset
[08:43:14] 🧠 New identity created
[08:43:14] [315/459] TNTT
[08:43:15] [316/459] SHRM
[08:43:16] [317/459] CGKD
[08:43:17] [318/459] EKCM
[08:43:18] [319/459] SDCX
[08:43:18] [320/459] SBTE
[08:43:19] [321/459] STKJ
[08:43:20] [322/459] TPCE
[08:43:22] [323/459] JTNP
[08:43:22] 🔄 Identity reset
[08:43:22] 🔄 Identity rotated (every 10 requests)
[08:43:23] [324/459] LPCH
[08:43:24] [325/459] CPUO
[08:43:25] [326/459] APSU
[08:43:26] [327/459] RTHC
[08:43:27] [328/459] PTBU
[08:43:27] [329/459] CUCC
[08:43:28] [330/459] CPSA
[08:43:29] [331/459] SUAY
[08:43:30] [332/459] AYAA
[08:43:32] [333/459] MUCH
[08:43:32] 🔄 Identity reset
[08:43:32] 🔄 Identity rotated (every 10 requests)
[08:43:33] [334/459] PCIN
[08:43:33] [335/459] JRRM
[08:43:35] [336/459] KATS
[08:43:36] [337/459] MHFF
[08:43:37] [338/459] ESYM
[08:43:38] [339/459] STYV
[08:43:38] [340/459] SDKG
[08:43:39] [341/459] SMTI
[08:43:40] [342/459] NYCS
[08:43:41] [343/459] MTBG
[08:43:42] 🔄 Identity reset
[08:43:42] 🔄 Identity rotated (every 10 requests)
[08:43:42] [344/459] RHCA
[08:43:43] [345/459] PCKH
[08:43:43] [346/459] ARCR
[08:43:44] [347/459] NCMB
[08:43:45] [348/459] SHYC
[08:43:46] [349/459] LACK
[08:43:47] [350/459] MTCM
[08:43:48] [351/459] RRBN
[08:43:49] [352/459] MYDC
[08:43:49] [353/459] STCS
[08:43:50] 🔄 Identity reset
[08:43:50] 🔄 Identity rotated (every 10 requests)
[08:43:50] [354/459] CONN
[08:43:51] [355/459] SIPS
[08:43:52] [356/459] SMMX
[08:43:53] [357/459] SCBY
[08:43:54] [358/459] SUAP
[08:43:55] [359/459] RSMK
[08:43:56] [360/459] STKP
[08:43:57] [361/459] CIPC
[08:43:58] [362/459] KKCI
[08:43:58] [363/459] CTNK
[08:43:59] 🔄 Identity reset
[08:43:59] 🔄 Identity rotated (every 10 requests)
[08:43:59] [364/459] MMTZ
[08:44:00] [365/459] DCCO
[08:44:01] [366/459] VNMN
[08:44:02] [367/459] RLCN
[08:44:03] [368/459] CMMS
[08:44:04] [369/459] AYOU
[08:44:05] [370/459] SSCN
[08:44:05] [371/459] SMXN
[08:44:06] [372/459] ASSK
[08:44:07] [373/459] VCKM
[08:44:08] 🔄 Identity reset
[08:44:08] 🔄 Identity rotated (every 10 requests)
[08:44:08] [374/459] PCPH
[08:44:09] [375/459] PADM
[08:44:10] [376/459] IESA
[08:44:11] [377/459] VCSP
[08:44:11] [378/459] AEST
[08:44:12] [379/459] VTNR
[08:44:13] [380/459] GTTA
[08:44:15] [381/459] CMMM
[08:44:16] [382/459] AHKT
[08:44:16] [383/459] SIJI
[08:44:17] 🔄 Identity reset
[08:44:17] 🔄 Identity rotated (every 10 requests)
[08:44:17] 🔄 Retry 1/5 for SIJI in 2.3s
[08:44:17] 🔄 Identity reset
[08:44:19] 🧠 New identity created
[08:44:20] [384/459] VCEI
[08:44:21] [385/459] SAKR
[08:44:22] [386/459] VSMT
[08:44:22] [387/459] SSCT
[08:44:23] [388/459] USTR
[08:44:24] [389/459] MTKT
[08:44:25] [390/459] TGMP
[08:44:26] [391/459] SIVC
[08:44:27] [392/459] KICT
[08:44:28] 🔄 Identity reset
[08:44:28] 🔄 Identity rotated (every 10 requests)
[08:44:28] 🔄 Retry 1/5 for KICT in 2.6s
[08:44:28] 🔄 Identity reset
[08:44:30] 🧠 New identity created
[08:44:30] 🔄 Retry 2/5 for KICT in 4.7s
[08:44:30] 🔄 Identity reset
[08:44:35] 🧠 New identity created
[08:44:35] [393/459] DAMD
[08:44:36] [394/459] CNPT
[08:44:37] [395/459] RVTT
[08:44:38] [396/459] SNCM
[08:44:39] [397/459] GHTE
[08:44:40] [398/459] PPAM
[08:44:41] [399/459] PVAA
[08:44:41] [400/459] CPAO
[08:44:42] 🔄 Identity reset
[08:44:42] 🔄 Identity rotated (every 10 requests)
[08:44:42] 🔄 Retry 1/5 for CPAO in 2.0s
[08:44:42] 🔄 Identity reset
[08:44:44] 🧠 New identity created
[08:44:45] [401/459] HAMD
[08:44:45] [402/459] RCCA
[08:44:46] [403/459] MPCH
[08:44:47] [404/459] ARED
[08:44:48] [405/459] RRCV
[08:44:49] [406/459] MTRB
[08:44:49] [407/459] CKUA
[08:44:50] [408/459] ABMP
[08:44:51] [409/459] RCWA
[08:44:52] 🔄 Identity reset
[08:44:52] 🔄 Identity rotated (every 10 requests)
[08:44:53] [410/459] CGAR
[08:44:54] [411/459] METH
[08:44:55] [412/459] WAGA
[08:44:56] [413/459] MCMA
[08:44:57] [414/459] CSMP
[08:44:59] [415/459] RCNK
[08:45:00] [416/459] PSTM
[08:45:01] [417/459] CSEP
[08:45:02] [418/459] AMGD
[08:45:03] [419/459] CSTE
[08:45:03] 🔄 Identity reset
[08:45:03] 🔄 Identity rotated (every 10 requests)
[08:45:03] [420/459] CONS
[08:45:04] [421/459] APPX
[08:45:05] [422/459] MABC
[08:45:06] [423/459] CXST
[08:45:07] [424/459] MATN
[08:45:08] [425/459] MACZ
[08:45:09] [426/459] MASA
[08:45:09] [427/459] MBSX
[08:45:10] [428/459] CSST
[08:45:12] [429/459] APCL
[08:45:12] 🔄 Identity reset
[08:45:12] 🔄 Identity rotated (every 10 requests)
[08:45:13] [430/459] CGOS
[08:45:14] [431/459] CPEC
[08:45:15] [432/459] MCCP
[08:45:16] [433/459] BSSO
[08:45:18] [434/459] SJKA
[08:45:19] [435/459] CGBO
[08:45:20] [436/459] MVSK
[08:45:21] [437/459] HVCA
[08:45:22] [438/459] NAMD
[08:45:23] [439/459] DEVI
[08:45:23] 🔄 Identity reset
[08:45:23] 🔄 Identity rotated (every 10 requests)
[08:45:24] [440/459] SCSV
[08:45:25] [441/459] PSMA
[08:45:26] [442/459] CLDJ
[08:45:27] [443/459] NMAD
[08:45:27] [444/459] CGMO
[08:45:28] [445/459] MCNA
[08:45:29] [446/459] OCBN
[08:45:30] [447/459] CPEM
[08:45:31] [448/459] CPSM
[08:45:32] [449/459] RCAD
[08:45:32] 🔄 Identity reset
[08:45:32] 🔄 Identity rotated (every 10 requests)
[08:45:32] 🔄 Retry 1/5 for RCAD in 2.8s
[08:45:32] 🔄 Identity reset
[08:45:35] 🧠 New identity created
[08:45:35] [450/459] CPMU
[08:45:36] [451/459] DICD
[08:45:37] [452/459] CHOE
[08:45:38] [453/459] PDJM
[08:45:39] [454/459] SSTU
[08:45:39] [455/459] VNRN
[08:45:40] [456/459] PVLG
[08:45:41] [457/459] SWBL
[08:45:42] [458/459] SCAB
[08:45:43] 🔄 Identity reset
[08:45:43] 🔄 Identity rotated (every 10 requests)
[08:45:43] [459/459] RDDA
[08:45:44] 🧹 Deduping shows
[08:45:44] ✅ DONE | Shows=3401 | Movies=63
[12:38:25] 🚀 SCRIPT STARTED (enhanced anti‑detection)
[12:38:25] [1/459] MCCZ
[12:38:26] 🧠 New identity created
[12:38:26] 🔄 Retry 1/5 for MCCZ in 2.0s
[12:38:26] 🔄 Identity reset
[12:38:28] 🧠 New identity created
[12:38:28] [2/459] FRPU
[12:38:29] [3/459] SKSI
[12:38:30] [4/459] SSCK
[12:38:31] [5/459] SRDC
[12:38:32] [6/459] RSCZ
[12:38:33] [7/459] PRVT
[12:38:33] [8/459] GAGJ
[12:38:34] [9/459] SMHG
[12:38:35] 🔄 Identity reset
[12:38:35] 🔄 Identity rotated (every 10 requests)
[12:38:35] 🔄 Retry 1/5 for SMHG in 2.4s
[12:38:35] 🔄 Identity reset
[12:38:37] 🧠 New identity created
[12:38:38] [10/459] JTST
[12:38:38] [11/459] MYTH
[12:38:39] [12/459] JPCC
[12:38:40] [13/459] ACDC
[12:38:41] [14/459] SVFP
[12:38:42] [15/459] SFCM
[12:38:43] [16/459] RUPK
[12:38:44] [17/459] NTCR
[12:38:45] [18/459] RTCH
[12:38:46] 🔄 Identity reset
[12:38:46] 🔄 Identity rotated (every 10 requests)
[12:38:46] [19/459] SCMH
[12:38:47] [20/459] SVYM
[12:38:48] [21/459] SPYM
[12:38:48] [22/459] SMMF
[12:38:49] [23/459] CLLB
[12:38:50] [24/459] FMCB
[12:38:51] [25/459] BBTC
[12:38:52] [26/459] NTHS
[12:38:53] [27/459] PKKJ
[12:38:54] [28/459] MTJA
[12:38:54] 🔄 Identity reset
[12:38:54] 🔄 Identity rotated (every 10 requests)
[12:38:55] [29/459] PMSJ
[12:38:56] [30/459] JMJU
[12:38:57] [31/459] SRAD
[12:38:58] [32/459] MJMC
[12:38:59] [33/459] DFRM
[12:39:00] [34/459] PMRS
[12:39:01] [35/459] RKPP
[12:39:02] [36/459] BMBK
[12:39:03] [37/459] NEWS
[12:39:04] [38/459] SALB
[12:39:04] 🔄 Identity reset
[12:39:04] 🔄 Identity rotated (every 10 requests)
[12:39:05] [39/459] SCPW
[12:39:05] [40/459] RAYL
[12:39:06] [41/459] CMGJ
[12:39:07] [42/459] JRCR
[12:39:08] [43/459] SRTB
[12:39:10] [44/459] ETPB
[12:39:10] [45/459] MXBN
[12:39:12] [46/459] TOPE
[12:39:13] [47/459] SNLJ
[12:39:14] [48/459] CDDP
[12:39:14] 🔄 Identity reset
[12:39:14] 🔄 Identity rotated (every 10 requests)
[12:39:15] [49/459] APCX
[12:39:15] [50/459] TALP
[12:39:16] [51/459] RRMP
[12:39:17] [52/459] MAHB
[12:39:18] [53/459] MTKR
[12:39:19] [54/459] KSKL
[12:39:20] [55/459] RJLT
[12:39:21] [56/459] ATAS
[12:39:22] [57/459] AMHR
[12:39:22] [58/459] RSRM
[12:39:23] 🔄 Identity reset
[12:39:23] 🔄 Identity rotated (every 10 requests)
[12:39:23] 🔄 Retry 1/5 for RSRM in 2.3s
[12:39:23] 🔄 Identity reset
[12:39:25] 🧠 New identity created
[12:39:25] 🔄 Retry 2/5 for RSRM in 4.2s
[12:39:25] 🔄 Identity reset
[12:39:30] 🧠 New identity created
[12:39:30] [59/459] GCAT
[12:39:31] [60/459] SMML
[12:39:32] [61/459] ACCD
[12:39:33] [62/459] VYDA
[12:39:34] [63/459] MSKT
[12:39:34] [64/459] AVDM
[12:39:35] [65/459] ASMH
[12:39:36] [66/459] VTMB
[12:39:37] 🔄 Identity reset
[12:39:37] 🔄 Identity rotated (every 10 requests)
[12:39:37] [67/459] WVMB
[12:39:38] [68/459] PPMN
[12:39:39] [69/459] MTMD
[12:39:40] [70/459] SMMO
[12:39:40] [71/459] DLPB
[12:39:41] [72/459] AKMD
[12:39:42] [73/459] SHRR
[12:39:43] [74/459] ASCO
[12:39:43] [75/459] CZVX
[12:39:44] [76/459] GCBB
[12:39:45] 🔄 Identity reset
[12:39:45] 🔄 Identity rotated (every 10 requests)
[12:39:45] [77/459] ATBM
[12:39:46] [78/459] TCGM
[12:39:47] [79/459] UMSE
[12:39:48] [80/459] NKCL
[12:39:49] [81/459] BTLR
[12:39:50] [82/459] GOCL
[12:39:51] [83/459] MIRN
[12:39:51] [84/459] THEC
[12:39:52] [85/459] SPPB
[12:39:53] [86/459] PMMM
[12:39:54] 🔄 Identity reset
[12:39:54] 🔄 Identity rotated (every 10 requests)
[12:39:54] [87/459] GGMC
[12:39:55] [88/459] AVSR
[12:39:55] [89/459] RDMH
[12:39:56] [90/459] JSRS
[12:39:57] [91/459] VKGP
[12:39:58] [92/459] ACRT
[12:39:59] [93/459] GCBA
[12:40:00] [94/459] GTCP
[12:40:01] [95/459] AKFC
[12:40:01] [96/459] INCS
[12:40:02] 🔄 Identity reset
[12:40:02] 🔄 Identity rotated (every 10 requests)
[12:40:02] [97/459] SMCK
[12:40:03] [98/459] BRUN
[12:40:04] [99/459] RPPC
[12:40:05] [100/459] PAYD
[12:40:06] [101/459] SVVT
[12:40:07] [102/459] RNCC
[12:40:08] [103/459] PCRC
[12:40:08] [104/459] PMRM
[12:40:09] [105/459] CCRP
[12:40:10] [106/459] INCR
[12:40:11] 🔄 Identity reset
[12:40:11] 🔄 Identity rotated (every 10 requests)
[12:40:11] [107/459] ZTMP
[12:40:12] [108/459] MCNR
[12:40:13] [109/459] INRP
[12:40:14] [110/459] STRC
[12:40:15] [111/459] RATI
[12:40:15] [112/459] PBTR
[12:40:16] [113/459] CMHP
[12:40:18] [114/459] ZECJ
[12:40:19] [115/459] CCCB
[12:40:20] [116/459] BWCB
[12:40:20] 🔄 Identity reset
[12:40:20] 🔄 Identity rotated (every 10 requests)
[12:40:20] [117/459] CCAT
[12:40:21] [118/459] KGCM
[12:40:22] [119/459] INPT
[12:40:24] [120/459] FNCO
[12:40:25] [121/459] SRMJ
[12:40:26] [122/459] PFSC
[12:40:27] [123/459] PBMC
[12:40:29] [124/459] KARP
[12:40:30] [125/459] KOVI
[12:40:31] [126/459] ACXL
[12:40:32] 🔄 Identity reset
[12:40:32] 🔄 Identity rotated (every 10 requests)
[12:40:32] 🔄 Retry 1/5 for ACXL in 2.0s
[12:40:32] 🔄 Identity reset
[12:40:34] 🧠 New identity created
[12:40:34] 🔄 Retry 2/5 for ACXL in 4.9s
[12:40:34] 🔄 Identity reset
[12:40:39] 🧠 New identity created
[12:40:39] [127/459] GKCC
[12:40:40] [128/459] ASCC
[12:40:41] [129/459] SETC
[12:40:41] [130/459] KACC
[12:40:42] [131/459] KAVE
[12:40:43] [132/459] CNTC
[12:40:44] [133/459] MEEN
[12:40:45] [134/459] BMRV
[12:40:46] 🔄 Identity reset
[12:40:46] 🔄 Identity rotated (every 10 requests)
[12:40:46] [135/459] SVAM
[12:40:47] [136/459] VTBP
[12:40:47] [137/459] VCKN
[12:40:48] [138/459] SGTK
[12:40:49] [139/459] RCGS
[12:40:50] [140/459] RCCB
[12:40:51] [141/459] RKSR
[12:40:52] [142/459] RKCU
[12:40:53] [143/459] GIBH
[12:40:53] [144/459] CXBS
[12:40:54] 🔄 Identity reset
[12:40:54] 🔄 Identity rotated (every 10 requests)
[12:40:54] [145/459] GGCB
[12:40:55] [146/459] SCPB
[12:40:56] [147/459] AKTB
[12:40:57] [148/459] SRBU
[12:40:58] [149/459] CSSA
[12:40:59] [150/459] MYAN
[12:41:00] [151/459] EXCA
[12:41:01] [152/459] CKSA
[12:41:02] [153/459] JTNM
[12:41:03] [154/459] CXKT
[12:41:03] 🔄 Identity reset
[12:41:03] 🔄 Identity rotated (every 10 requests)
[12:41:04] [155/459] NCLM
[12:41:04] [156/459] JAAD
[12:41:06] [157/459] RDCR
[12:41:07] [158/459] MEER
[12:41:08] [159/459] SIBT
[12:41:09] [160/459] PVVB
[12:41:09] [161/459] FNPN
[12:41:10] [162/459] CRPX
[12:41:11] [163/459] STET
[12:41:12] [164/459] METE
[12:41:13] 🔄 Identity reset
[12:41:13] 🔄 Identity rotated (every 10 requests)
[12:41:13] 🔄 Retry 1/5 for METE in 2.9s
[12:41:13] 🔄 Identity reset
[12:41:16] 🧠 New identity created
[12:41:16] 🔄 Retry 2/5 for METE in 4.9s
[12:41:16] 🔄 Identity reset
[12:41:21] 🧠 New identity created
[12:41:21] [165/459] BJML
[12:41:22] [166/459] MAVT
[12:41:23] [167/459] MSRM
[12:41:24] [168/459] TJMP
[12:41:25] [169/459] MHCK
[12:41:26] [170/459] SVGP
[12:41:26] [171/459] KRRC
[12:41:28] [172/459] IMCH
[12:41:28] 🔄 Identity reset
[12:41:28] 🔄 Identity rotated (every 10 requests)
[12:41:29] [173/459] CMCS
[12:41:30] [174/459] SGND
[12:41:30] [175/459] RNAT
[12:41:31] [176/459] PRTN
[12:41:32] [177/459] MPTN
[12:41:34] [178/459] ARCC
[12:41:34] [179/459] NTTE
[12:41:35] [180/459] ABND
[12:41:37] [181/459] KCSN
[12:41:37] [182/459] KCSA
[12:41:38] 🔄 Identity reset
[12:41:38] 🔄 Identity rotated (every 10 requests)
[12:41:38] [183/459] DCKT
[12:41:40] [184/459] MBBR
[12:41:41] [185/459] RAMU
[12:41:42] [186/459] RACW
[12:41:43] [187/459] MCHP
[12:41:44] [188/459] TMHM
[12:41:45] [189/459] STXH
[12:41:46] [190/459] AGSG
[12:41:47] [191/459] SIRA
[12:41:48] [192/459] RCAN
[12:41:49] 🔄 Identity reset
[12:41:49] 🔄 Identity rotated (every 10 requests)
[12:41:49] [193/459] CWTB
[12:41:50] [194/459] VTYM
[12:41:51] [195/459] RRPP
[12:41:51] [196/459] ASMR
[12:41:52] [197/459] RONO
[12:41:54] [198/459] MEMR
[12:41:55] [199/459] CTMR
[12:41:56] [200/459] PMTT
[12:41:57] [201/459] PSLX
[12:41:57] [202/459] IPPL
[12:41:58] 🔄 Identity reset
[12:41:58] 🔄 Identity rotated (every 10 requests)
[12:41:58] 🔄 Retry 1/5 for IPPL in 2.4s
[12:41:58] 🔄 Identity reset
[12:42:00] 🧠 New identity created
[12:42:01] [203/459] MMSG
[12:42:02] [204/459] INEL
[12:42:03] [205/459] COAC
[12:42:04] [206/459] WVLK
[12:42:05] [207/459] PPXL
[12:42:06] [208/459] PSML
[12:42:06] [209/459] FNLK
[12:42:07] [210/459] ILUM
[12:42:08] [211/459] ILCM
[12:42:09] 🔄 Identity reset
[12:42:09] 🔄 Identity rotated (every 10 requests)
[12:42:09] [212/459] MSNL
[12:42:11] [213/459] VINB
[12:42:12] [214/459] SALW
[12:42:13] [215/459] PRTB
[12:42:14] [216/459] NCIL
[12:42:15] [217/459] PSUL
[12:42:16] [218/459] SCLK
[12:42:17] [219/459] ADDC
[12:42:18] [220/459] OACL
[12:42:19] [221/459] OOCF
[12:42:20] 🔄 Identity reset
[12:42:20] 🔄 Identity rotated (every 10 requests)
[12:42:20] 🔄 Retry 1/5 for OOCF in 2.9s
[12:42:20] 🔄 Identity reset
[12:42:23] 🧠 New identity created
[12:42:23] 🔄 Retry 2/5 for OOCF in 4.7s
[12:42:23] 🔄 Identity reset
[12:42:27] 🧠 New identity created
[12:42:28] [222/459] GPMF
[12:42:29] [223/459] SSDG
[12:42:29] [224/459] SKRS
[12:42:30] [225/459] NTTP
[12:42:31] [226/459] SLTP
[12:42:32] [227/459] JTLC
[12:42:33] [228/459] POON
[12:42:33] [229/459] CCPC
[12:42:34] 🔄 Identity reset
[12:42:34] 🔄 Identity rotated (every 10 requests)
[12:42:34] 🔄 Retry 1/5 for CCPC in 2.9s
[12:42:34] 🔄 Identity reset
[12:42:37] 🧠 New identity created
[12:42:37] 🔄 Retry 2/5 for CCPC in 4.4s
[12:42:37] 🔄 Identity reset
[12:42:41] 🧠 New identity created
[12:42:42] [230/459] DCKC
[12:42:43] [231/459] CPRT
[12:42:44] [232/459] EYHZ
[12:42:45] [233/459] ARBL
[12:42:45] [234/459] SBTB
[12:42:46] [235/459] MMCK
[12:42:47] [236/459] PLMR
[12:42:48] [237/459] BIJH
[12:42:48] 🔄 Identity reset
[12:42:48] 🔄 Identity rotated (every 10 requests)
[12:42:49] [238/459] SDRT
[12:42:49] [239/459] PRDC
[12:42:50] [240/459] OMJA
[12:42:51] [241/459] VKCR
[12:42:52] [242/459] ATRT
[12:42:53] [243/459] WVRP
[12:42:54] [244/459] MVRP
[12:42:54] [245/459] FCAX
[12:42:55] [246/459] CTLC
[12:42:56] [247/459] JCHB
[12:42:57] 🔄 Identity reset
[12:42:57] 🔄 Identity rotated (every 10 requests)
[12:42:58] [248/459] SELP
[12:42:59] [249/459] VCPG
[12:43:00] [250/459] ASCX
[12:43:01] [251/459] EOCS
[12:43:02] [252/459] RCPH
[12:43:03] [253/459] RJTM
[12:43:03] [254/459] SGMD
[12:43:04] [255/459] SVJT
[12:43:05] [256/459] SPPO
[12:43:06] [257/459] MNRL
[12:43:07] 🔄 Identity reset
[12:43:07] 🔄 Identity rotated (every 10 requests)
[12:43:07] [258/459] KNOX
[12:43:08] [259/459] GIER
[12:43:09] [260/459] PJMS
[12:43:09] [261/459] UNSP
[12:43:10] [262/459] JETP
[12:43:11] [263/459] VTWA
[12:43:12] [264/459] SCJI
[12:43:13] [265/459] CBZZ
[12:43:13] [266/459] SDCJ
[12:43:14] [267/459] RRCC
[12:43:15] 🔄 Identity reset
[12:43:15] 🔄 Identity rotated (every 10 requests)
[12:43:15] [268/459] VNKG
[12:43:16] [269/459] LKTO
[12:43:17] [270/459] PJRM
[12:43:18] [271/459] NVRM
[12:43:19] [272/459] SJCS
[12:43:20] [273/459] VIGK
[12:43:21] [274/459] ANST
[12:43:23] [275/459] JTTS
[12:43:23] [276/459] NTST
[12:43:24] [277/459] PREB
[12:43:25] 🔄 Identity reset
[12:43:25] 🔄 Identity rotated (every 10 requests)
[12:43:25] [278/459] TSCZ
[12:43:26] [279/459] CDCM
[12:43:27] [280/459] ELYE
[12:43:28] [281/459] INBS
[12:43:28] [282/459] SMGC
[12:43:29] [283/459] UTMP
[12:43:30] [284/459] INTA
[12:43:31] [285/459] OMPT
[12:43:32] [286/459] SCIR
[12:43:33] [287/459] GCKJ
[12:43:33] 🔄 Identity reset
[12:43:33] 🔄 Identity rotated (every 10 requests)
[12:43:34] [288/459] INOG
[12:43:35] [289/459] SMGB
[12:43:35] [290/459] MCSG
[12:43:36] [291/459] STKG
[12:43:37] [292/459] TTKG
[12:43:38] [293/459] SRTR
[12:43:39] [294/459] ETTR
[12:43:39] [295/459] GGGZ
[12:43:40] [296/459] IPGM
[12:43:42] [297/459] FCDH
[12:43:42] 🔄 Identity reset
[12:43:42] 🔄 Identity rotated (every 10 requests)
[12:43:42] 🔄 Retry 1/5 for FCDH in 2.1s
[12:43:42] 🔄 Identity reset
[12:43:44] 🧠 New identity created
[12:43:45] [298/459] DESB
[12:43:46] [299/459] VNTP
[12:43:47] [300/459] ANNT
[12:43:48] [301/459] SLTI
[12:43:49] [302/459] MAJU
[12:43:50] [303/459] JCXP
[12:43:51] [304/459] HARK
[12:43:51] [305/459] JPCJ
[12:43:52] [306/459] RXBD
[12:43:53] 🔄 Identity reset
[12:43:53] 🔄 Identity rotated (every 10 requests)
[12:43:53] [307/459] PTKJ
[12:43:54] [308/459] CMTU
[12:43:55] [309/459] SWOR
[12:43:55] [310/459] JMEX
[12:43:56] [311/459] DTPT
[12:43:57] [312/459] VGMM
[12:43:58] [313/459] VCSG
[12:43:59] [314/459] CVCG
[12:44:00] [315/459] TNTT
[12:44:01] [316/459] SHRM
[12:44:01] 🔄 Identity reset
[12:44:01] 🔄 Identity rotated (every 10 requests)
[12:44:02] [317/459] CGKD
[12:44:03] [318/459] EKCM
[12:44:03] [319/459] SDCX
[12:44:04] [320/459] SBTE
[12:44:05] [321/459] STKJ
[12:44:06] [322/459] TPCE
[12:44:06] [323/459] JTNP
[12:44:07] [324/459] LPCH
[12:44:08] [325/459] CPUO
[12:44:09] [326/459] APSU
[12:44:09] 🔄 Identity reset
[12:44:09] 🔄 Identity rotated (every 10 requests)
[12:44:10] [327/459] RTHC
[12:44:11] [328/459] PTBU
[12:44:12] [329/459] CUCC
[12:44:13] [330/459] CPSA
[12:44:14] [331/459] SUAY
[12:44:15] [332/459] AYAA
[12:44:15] [333/459] MUCH
[12:44:16] [334/459] PCIN
[12:44:17] [335/459] JRRM
[12:44:18] [336/459] KATS
[12:44:18] 🔄 Identity reset
[12:44:18] 🔄 Identity rotated (every 10 requests)
[12:44:19] [337/459] MHFF
[12:44:20] [338/459] ESYM
[12:44:21] [339/459] STYV
[12:44:22] [340/459] SDKG
[12:44:23] [341/459] SMTI
[12:44:24] [342/459] NYCS
[12:44:24] [343/459] MTBG
[12:44:25] [344/459] RHCA
[12:44:26] [345/459] PCKH
[12:44:27] [346/459] ARCR
[12:44:27] 🔄 Identity reset
[12:44:27] 🔄 Identity rotated (every 10 requests)
[12:44:28] [347/459] NCMB
[12:44:29] [348/459] SHYC
[12:44:29] [349/459] LACK
[12:44:30] [350/459] MTCM
[12:44:31] [351/459] RRBN
[12:44:32] [352/459] MYDC
[12:44:33] [353/459] STCS
[12:44:34] [354/459] CONN
[12:44:35] [355/459] SIPS
[12:44:35] [356/459] SMMX
[12:44:36] 🔄 Identity reset
[12:44:36] 🔄 Identity rotated (every 10 requests)
[12:44:36] [357/459] SCBY
[12:44:37] [358/459] SUAP
[12:44:38] [359/459] RSMK
[12:44:39] [360/459] STKP
[12:44:40] [361/459] CIPC
[12:44:40] [362/459] KKCI
[12:44:41] [363/459] CTNK
[12:44:42] [364/459] MMTZ
[12:44:43] [365/459] DCCO
[12:44:44] [366/459] VNMN
[12:44:45] 🔄 Identity reset
[12:44:45] 🔄 Identity rotated (every 10 requests)
[12:44:46] [367/459] RLCN
[12:44:46] [368/459] CMMS
[12:44:47] [369/459] AYOU
[12:44:48] [370/459] SSCN
[12:44:49] [371/459] SMXN
[12:44:50] [372/459] ASSK
[12:44:50] [373/459] VCKM
[12:44:51] [374/459] PCPH
[12:44:52] [375/459] PADM
[12:44:53] [376/459] IESA
[12:44:54] 🔄 Identity reset
[12:44:54] 🔄 Identity rotated (every 10 requests)
[12:44:54] [377/459] VCSP
[12:44:55] [378/459] AEST
[12:44:56] [379/459] VTNR
[12:44:56] [380/459] GTTA
[12:44:58] [381/459] CMMM
[12:44:59] [382/459] AHKT
[12:45:00] [383/459] SIJI
[12:45:01] [384/459] VCEI
[12:45:02] [385/459] SAKR
[12:45:03] [386/459] VSMT
[12:45:03] 🔄 Identity reset
[12:45:03] 🔄 Identity rotated (every 10 requests)
[12:45:03] [387/459] SSCT
[12:45:04] [388/459] USTR
[12:45:05] [389/459] MTKT
[12:45:06] [390/459] TGMP
[12:45:07] [391/459] SIVC
[12:45:08] [392/459] KICT
[12:45:09] [393/459] DAMD
[12:45:09] [394/459] CNPT
[12:45:10] [395/459] RVTT
[12:45:12] [396/459] SNCM
[12:45:12] 🔄 Identity reset
[12:45:12] 🔄 Identity rotated (every 10 requests)
[12:45:13] 🔄 Retry 1/5 for SNCM in 2.1s
[12:45:13] 🔄 Identity reset
[12:45:15] 🧠 New identity created
[12:45:15] 🔄 Retry 2/5 for SNCM in 4.5s
[12:45:15] 🔄 Identity reset
[12:45:19] 🧠 New identity created
[12:45:19] [397/459] GHTE
[12:45:20] [398/459] PPAM
[12:45:21] [399/459] PVAA
[12:45:22] [400/459] CPAO
[12:45:23] [401/459] HAMD
[12:45:24] [402/459] RCCA
[12:45:26] [403/459] MPCH
[12:45:26] [404/459] ARED
[12:45:27] 🔄 Identity reset
[12:45:27] 🔄 Identity rotated (every 10 requests)
[12:45:28] [405/459] RRCV
[12:45:29] [406/459] MTRB
[12:45:30] [407/459] CKUA
[12:45:31] [408/459] ABMP
[12:45:32] [409/459] RCWA
[12:45:32] [410/459] CGAR
[12:45:33] [411/459] METH
[12:45:34] [412/459] WAGA
[12:45:35] [413/459] MCMA
[12:45:36] [414/459] CSMP
[12:45:36] 🔄 Identity reset
[12:45:36] 🔄 Identity rotated (every 10 requests)
[12:45:36] 🔄 Retry 1/5 for CSMP in 2.0s
[12:45:36] 🔄 Identity reset
[12:45:38] 🧠 New identity created
[12:45:39] [415/459] RCNK
[12:45:40] [416/459] PSTM
[12:45:41] [417/459] CSEP
[12:45:42] [418/459] AMGD
[12:45:42] [419/459] CSTE
[12:45:43] [420/459] CONS
[12:45:44] [421/459] APPX
[12:45:45] [422/459] MABC
[12:45:46] [423/459] CXST
[12:45:47] 🔄 Identity reset
[12:45:47] 🔄 Identity rotated (every 10 requests)
[12:45:47] [424/459] MATN
[12:45:48] [425/459] MACZ
[12:45:49] [426/459] MASA
[12:45:50] [427/459] MBSX
[12:45:50] [428/459] CSST
[12:45:51] [429/459] APCL
[12:45:52] [430/459] CGOS
[12:45:54] [431/459] CPEC
[12:45:55] [432/459] MCCP
[12:45:56] [433/459] BSSO
[12:45:57] 🔄 Identity reset
[12:45:57] 🔄 Identity rotated (every 10 requests)
[12:45:57] 🔄 Retry 1/5 for BSSO in 2.2s
[12:45:57] 🔄 Identity reset
[12:45:59] 🧠 New identity created
[12:45:59] [434/459] SJKA
[12:46:00] [435/459] CGBO
[12:46:02] [436/459] MVSK
[12:46:03] [437/459] HVCA
[12:46:04] [438/459] NAMD
[12:46:04] [439/459] DEVI
[12:46:05] [440/459] SCSV
[12:46:06] [441/459] PSMA
[12:46:07] [442/459] CLDJ
[12:46:08] 🔄 Identity reset
[12:46:08] 🔄 Identity rotated (every 10 requests)
[12:46:08] 🔄 Retry 1/5 for CLDJ in 2.7s
[12:46:08] 🔄 Identity reset
[12:46:11] 🧠 New identity created
[12:46:11] [443/459] NMAD
[12:46:12] [444/459] CGMO
[12:46:13] [445/459] MCNA
[12:46:14] [446/459] OCBN
[12:46:15] [447/459] CPEM
[12:46:16] [448/459] CPSM
[12:46:16] [449/459] RCAD
[12:46:17] [450/459] CPMU
[12:46:18] [451/459] DICD
[12:46:19] 🔄 Identity reset
[12:46:19] 🔄 Identity rotated (every 10 requests)
[12:46:19] [452/459] CHOE
[12:46:20] [453/459] PDJM
[12:46:21] [454/459] SSTU
[12:46:21] [455/459] VNRN
[12:46:22] [456/459] PVLG
[12:46:23] [457/459] SWBL
[12:46:24] [458/459] SCAB
[12:46:24] [459/459] RDDA
[12:46:26] 🧹 Deduping shows
[12:46:26] ✅ DONE | Shows=3512 | Movies=64
[14:22:57] 🚀 SCRIPT STARTED (enhanced anti‑detection)
[14:22:57] [1/459] MCCZ
[14:22:57] 🧠 New identity created
[14:22:57] 🔄 Retry 1/5 for MCCZ in 2.1s
[14:22:57] 🔄 Identity reset
[14:22:59] 🧠 New identity created
[14:23:00] [2/459] FRPU
[14:23:01] [3/459] SKSI
[14:23:02] [4/459] SSCK
[14:23:02] [5/459] SRDC
[14:23:03] [6/459] RSCZ
[14:23:04] [7/459] PRVT
[14:23:05] [8/459] GAGJ
[14:23:06] [9/459] SMHG
[14:23:06] 🔄 Identity reset
[14:23:06] 🔄 Identity rotated (every 10 requests)
[14:23:07] [10/459] JTST
[14:23:08] [11/459] MYTH
[14:23:09] [12/459] JPCC
[14:23:10] [13/459] ACDC
[14:23:11] [14/459] SVFP
[14:23:12] [15/459] SFCM
[14:23:13] [16/459] RUPK
[14:23:13] [17/459] NTCR
[14:23:14] [18/459] RTCH
[14:23:15] [19/459] SCMH
[14:23:16] 🔄 Identity reset
[14:23:16] 🔄 Identity rotated (every 10 requests)
[14:23:16] [20/459] SVYM
[14:23:17] [21/459] SPYM
[14:23:18] [22/459] SMMF
[14:23:19] [23/459] CLLB
[14:23:19] [24/459] FMCB
[14:23:20] [25/459] BBTC
[14:23:21] [26/459] NTHS
[14:23:22] [27/459] PKKJ
[14:23:23] [28/459] MTJA
[14:23:23] [29/459] PMSJ
[14:23:24] 🔄 Identity reset
[14:23:24] 🔄 Identity rotated (every 10 requests)
[14:23:24] [30/459] JMJU
[14:23:25] [31/459] SRAD
[14:23:26] [32/459] MJMC
[14:23:27] [33/459] DFRM
[14:23:28] [34/459] PMRS
[14:23:29] [35/459] RKPP
[14:23:29] [36/459] BMBK
[14:23:30] [37/459] NEWS
[14:23:31] [38/459] SALB
[14:23:32] [39/459] SCPW
[14:23:32] 🔄 Identity reset
[14:23:32] 🔄 Identity rotated (every 10 requests)
[14:23:32] 🔄 Retry 1/5 for SCPW in 2.7s
[14:23:32] 🔄 Identity reset
[14:23:35] 🧠 New identity created
[14:23:35] [40/459] RAYL
[14:23:36] [41/459] CMGJ
[14:23:37] [42/459] JRCR
[14:23:38] [43/459] SRTB
[14:23:39] [44/459] ETPB
[14:23:39] [45/459] MXBN
[14:23:40] [46/459] TOPE
[14:23:41] [47/459] SNLJ
[14:23:42] [48/459] CDDP
[14:23:43] 🔄 Identity reset
[14:23:43] 🔄 Identity rotated (every 10 requests)
[14:23:43] [49/459] APCX
[14:23:44] [50/459] TALP
[14:23:46] [51/459] RRMP
[14:23:47] [52/459] MAHB
[14:23:47] [53/459] MTKR
[14:23:48] [54/459] KSKL
[14:23:49] [55/459] RJLT
[14:23:50] [56/459] ATAS
[14:23:51] [57/459] AMHR
[14:23:52] [58/459] RSRM
[14:23:52] 🔄 Identity reset
[14:23:52] 🔄 Identity rotated (every 10 requests)
[14:23:52] 🔄 Retry 1/5 for RSRM in 2.9s
[14:23:52] 🔄 Identity reset
[14:23:55] 🧠 New identity created
[14:23:56] [59/459] GCAT
[14:23:57] [60/459] SMML
[14:23:57] [61/459] ACCD
[14:23:58] [62/459] VYDA
[14:23:59] [63/459] MSKT
[14:24:00] [64/459] AVDM
[14:24:01] [65/459] ASMH
[14:24:02] [66/459] VTMB
[14:24:03] [67/459] WVMB
[14:24:03] 🔄 Identity reset
[14:24:03] 🔄 Identity rotated (every 10 requests)
[14:24:03] [68/459] PPMN
[14:24:04] [69/459] MTMD
[14:24:05] [70/459] SMMO
[14:24:06] [71/459] DLPB
[14:24:07] [72/459] AKMD
[14:24:08] [73/459] SHRR
[14:24:09] [74/459] ASCO
[14:24:10] [75/459] CZVX
[14:24:11] [76/459] GCBB
[14:24:11] [77/459] ATBM
[14:24:12] 🔄 Identity reset
[14:24:12] 🔄 Identity rotated (every 10 requests)
[14:24:12] [78/459] TCGM
[14:24:13] [79/459] UMSE
[14:24:14] [80/459] NKCL
[14:24:15] [81/459] BTLR
[14:24:15] [82/459] GOCL
[14:24:16] [83/459] MIRN
[14:24:17] [84/459] THEC
[14:24:18] [85/459] SPPB
[14:24:19] [86/459] PMMM
[14:24:20] [87/459] GGMC
[14:24:20] 🔄 Identity reset
[14:24:20] 🔄 Identity rotated (every 10 requests)
[14:24:20] [88/459] AVSR
[14:24:22] [89/459] RDMH
[14:24:22] [90/459] JSRS
[14:24:23] [91/459] VKGP
[14:24:24] [92/459] ACRT
[14:24:25] [93/459] GCBA
[14:24:26] [94/459] GTCP
[14:24:27] [95/459] AKFC
[14:24:27] [96/459] INCS
[14:24:28] [97/459] SMCK
[14:24:29] 🔄 Identity reset
[14:24:29] 🔄 Identity rotated (every 10 requests)
[14:24:29] 🔄 Retry 1/5 for SMCK in 3.0s
[14:24:29] 🔄 Identity reset
[14:24:32] 🧠 New identity created
[14:24:32] 🔄 Retry 2/5 for SMCK in 4.6s
[14:24:32] 🔄 Identity reset
[14:24:37] 🧠 New identity created
[14:24:37] 🔄 Retry 3/5 for SMCK in 8.5s
[14:24:37] 🔄 Identity reset
[14:24:45] 🧠 New identity created
[14:24:45] 🔄 Retry 4/5 for SMCK in 16.8s
[14:24:45] 🔄 Identity reset
[14:25:02] 🧠 New identity created
[14:25:02] ❌ SMCK failed after 5 attempts
[14:25:02] 🔄 Identity reset
[14:25:02] ❌ SMCK final failure | RuntimeError | HTTP 403
[14:25:02] [98/459] BRUN
[14:25:03] 🧠 New identity created
[14:25:03] [99/459] RPPC
[14:25:04] [100/459] PAYD
[14:25:05] [101/459] SVVT
[14:25:06] [102/459] RNCC
[14:25:06] [103/459] PCRC
[14:25:07] 🔄 Identity reset
[14:25:07] 🔄 Identity rotated (every 10 requests)
[14:25:07] 🔄 Retry 1/5 for PCRC in 2.9s
[14:25:07] 🔄 Identity reset
[14:25:10] 🧠 New identity created
[14:25:10] [104/459] PMRM
[14:25:11] [105/459] CCRP
[14:25:12] [106/459] INCR
[14:25:14] [107/459] ZTMP
[14:25:15] [108/459] MCNR
[14:25:16] [109/459] INRP
[14:25:17] [110/459] STRC
[14:25:18] [111/459] RATI
[14:25:19] [112/459] PBTR
[14:25:20] 🔄 Identity reset
[14:25:20] 🔄 Identity rotated (every 10 requests)
[14:25:21] [113/459] CMHP
[14:25:22] [114/459] ZECJ
[14:25:23] [115/459] CCCB
[14:25:24] [116/459] BWCB
[14:25:25] [117/459] CCAT
[14:25:26] [118/459] KGCM
[14:25:27] [119/459] INPT
[14:25:28] [120/459] FNCO
[14:25:29] [121/459] SRMJ
[14:25:30] [122/459] PFSC
[14:25:30] 🔄 Identity reset
[14:25:30] 🔄 Identity rotated (every 10 requests)
[14:25:30] 🔄 Retry 1/5 for PFSC in 2.4s
[14:25:30] 🔄 Identity reset
[14:25:33] 🧠 New identity created
[14:25:33] [123/459] PBMC
[14:25:34] [124/459] KARP
[14:25:35] [125/459] KOVI
[14:25:36] [126/459] ACXL
[14:25:37] [127/459] GKCC
[14:25:38] [128/459] ASCC
[14:25:39] [129/459] SETC
[14:25:40] [130/459] KACC
[14:25:40] [131/459] KAVE
[14:25:41] 🔄 Identity reset
[14:25:41] 🔄 Identity rotated (every 10 requests)
[14:25:42] [132/459] CNTC
[14:25:43] [133/459] MEEN
[14:25:44] [134/459] BMRV
[14:25:45] [135/459] SVAM
[14:25:46] [136/459] VTBP
[14:25:46] [137/459] VCKN
[14:25:47] [138/459] SGTK
[14:25:48] [139/459] RCGS
[14:25:49] [140/459] RCCB
[14:25:50] [141/459] RKSR
[14:25:50] 🔄 Identity reset
[14:25:50] 🔄 Identity rotated (every 10 requests)
[14:25:50] 🔄 Retry 1/5 for RKSR in 2.6s
[14:25:50] 🔄 Identity reset
[14:25:53] 🧠 New identity created
[14:25:53] [142/459] RKCU
[14:25:54] [143/459] GIBH
[14:25:55] [144/459] CXBS
[14:25:56] [145/459] GGCB
[14:25:57] [146/459] SCPB
[14:25:59] [147/459] AKTB
[14:25:59] [148/459] SRBU
[14:26:00] [149/459] CSSA
[14:26:01] [150/459] MYAN
[14:26:02] 🔄 Identity reset
[14:26:02] 🔄 Identity rotated (every 10 requests)
[14:26:02] [151/459] EXCA
[14:26:03] [152/459] CKSA
[14:26:04] [153/459] JTNM
[14:26:05] [154/459] CXKT
[14:26:06] [155/459] NCLM
[14:26:07] [156/459] JAAD
[14:26:08] [157/459] RDCR
[14:26:09] [158/459] MEER
[14:26:10] [159/459] SIBT
[14:26:10] [160/459] PVVB
[14:26:11] 🔄 Identity reset
[14:26:11] 🔄 Identity rotated (every 10 requests)
[14:26:11] [161/459] FNPN
[14:26:12] [162/459] CRPX
[14:26:13] [163/459] STET
[14:26:15] [164/459] METE
[14:26:15] [165/459] BJML
[14:26:16] [166/459] MAVT
[14:26:17] [167/459] MSRM
[14:26:18] [168/459] TJMP
[14:26:19] [169/459] MHCK
[14:26:20] [170/459] SVGP
[14:26:20] 🔄 Identity reset
[14:26:20] 🔄 Identity rotated (every 10 requests)
[14:26:20] 🔄 Retry 1/5 for SVGP in 2.8s
[14:26:20] 🔄 Identity reset
[14:26:23] 🧠 New identity created
[14:26:23] [171/459] KRRC
[14:26:24] [172/459] IMCH
[14:26:25] [173/459] CMCS
[14:26:26] [174/459] SGND
[14:26:27] [175/459] RNAT
[14:26:28] [176/459] PRTN
[14:26:29] [177/459] MPTN
[14:26:29] [178/459] ARCC
[14:26:30] [179/459] NTTE
[14:26:31] 🔄 Identity reset
[14:26:31] 🔄 Identity rotated (every 10 requests)
[14:26:31] [180/459] ABND
[14:26:32] [181/459] KCSN
[14:26:33] [182/459] KCSA
[14:26:34] [183/459] DCKT
[14:26:35] [184/459] MBBR
[14:26:36] [185/459] RAMU
[14:26:36] [186/459] RACW
[14:26:37] [187/459] MCHP
[14:26:38] [188/459] TMHM
[14:26:39] [189/459] STXH
[14:26:40] 🔄 Identity reset
[14:26:40] 🔄 Identity rotated (every 10 requests)
[14:26:40] 🔄 Retry 1/5 for STXH in 2.7s
[14:26:40] 🔄 Identity reset
[14:26:42] 🧠 New identity created
[14:26:43] [190/459] AGSG
[14:26:43] [191/459] SIRA
[14:26:44] [192/459] RCAN
[14:26:45] [193/459] CWTB
[14:26:46] [194/459] VTYM
[14:26:47] [195/459] RRPP
[14:26:48] [196/459] ASMR
[14:26:49] [197/459] RONO
[14:26:50] [198/459] MEMR
[14:26:51] 🔄 Identity reset
[14:26:51] 🔄 Identity rotated (every 10 requests)
[14:26:51] 🔄 Retry 1/5 for MEMR in 2.0s
[14:26:51] 🔄 Identity reset
[14:26:53] 🧠 New identity created
[14:26:53] 🔄 Retry 2/5 for MEMR in 4.3s
[14:26:53] 🔄 Identity reset
[14:26:57] 🧠 New identity created
[14:26:57] [199/459] CTMR
[14:26:58] [200/459] PMTT
[14:26:59] [201/459] PSLX
[14:27:00] [202/459] IPPL
[14:27:01] [203/459] MMSG
[14:27:01] [204/459] INEL
[14:27:03] [205/459] COAC
[14:27:04] [206/459] WVLK
[14:27:04] 🔄 Identity reset
[14:27:04] 🔄 Identity rotated (every 10 requests)
[14:27:04] 🔄 Retry 1/5 for WVLK in 2.2s
[14:27:04] 🔄 Identity reset
[14:27:07] 🧠 New identity created
[14:27:07] [207/459] PPXL
[14:27:08] [208/459] PSML
[14:27:09] [209/459] FNLK
[14:27:10] [210/459] ILUM
[14:27:11] [211/459] ILCM
[14:27:12] [212/459] MSNL
[14:27:13] [213/459] VINB
[14:27:14] [214/459] SALW
[14:27:15] [215/459] PRTB
[14:27:16] 🔄 Identity reset
[14:27:16] 🔄 Identity rotated (every 10 requests)
[14:27:16] [216/459] NCIL
[14:27:17] [217/459] PSUL
[14:27:18] [218/459] SCLK
[14:27:19] [219/459] ADDC
[14:27:20] [220/459] OACL
[14:27:21] [221/459] OOCF
[14:27:22] [222/459] GPMF
[14:27:23] [223/459] SSDG
[14:27:23] [224/459] SKRS
[14:27:24] [225/459] NTTP
[14:27:25] 🔄 Identity reset
[14:27:25] 🔄 Identity rotated (every 10 requests)
[14:27:25] [226/459] SLTP
[14:27:26] [227/459] JTLC
[14:27:27] [228/459] POON
[14:27:29] [229/459] CCPC
[14:27:30] [230/459] DCKC
[14:27:30] [231/459] CPRT
[14:27:31] [232/459] EYHZ
[14:27:32] [233/459] ARBL
[14:27:33] [234/459] SBTB
[14:27:34] [235/459] MMCK
[14:27:35] 🔄 Identity reset
[14:27:35] 🔄 Identity rotated (every 10 requests)
[14:27:35] [236/459] PLMR
[14:27:36] [237/459] BIJH
[14:27:37] [238/459] SDRT
[14:27:37] [239/459] PRDC
[14:27:39] [240/459] OMJA
[14:27:40] [241/459] VKCR
[14:27:41] [242/459] ATRT
[14:27:42] [243/459] WVRP
[14:27:43] [244/459] MVRP
[14:27:44] [245/459] FCAX
[14:27:45] 🔄 Identity reset
[14:27:45] 🔄 Identity rotated (every 10 requests)
[14:27:45] [246/459] CTLC
[14:27:46] [247/459] JCHB
[14:27:47] [248/459] SELP
[14:27:47] [249/459] VCPG
[14:27:48] [250/459] ASCX
[14:27:50] [251/459] EOCS
[14:27:50] [252/459] RCPH
[14:27:52] [253/459] RJTM
[14:27:53] [254/459] SGMD
[14:27:54] [255/459] SVJT
[14:27:54] 🔄 Identity reset
[14:27:54] 🔄 Identity rotated (every 10 requests)
[14:27:55] [256/459] SPPO
[14:27:56] [257/459] MNRL
[14:27:56] [258/459] KNOX
[14:27:57] [259/459] GIER
[14:27:59] [260/459] PJMS
[14:27:59] [261/459] UNSP
[14:28:00] [262/459] JETP
[14:28:01] [263/459] VTWA
[14:28:02] [264/459] SCJI
[14:28:04] [265/459] CBZZ
[14:28:04] 🔄 Identity reset
[14:28:04] 🔄 Identity rotated (every 10 requests)
[14:28:05] [266/459] SDCJ
[14:28:06] [267/459] RRCC
[14:28:07] [268/459] VNKG
[14:28:08] [269/459] LKTO
[14:28:08] [270/459] PJRM
[14:28:09] [271/459] NVRM
[14:28:10] [272/459] SJCS
[14:28:11] [273/459] VIGK
[14:28:12] [274/459] ANST
[14:28:12] [275/459] JTTS
[14:28:13] 🔄 Identity reset
[14:28:13] 🔄 Identity rotated (every 10 requests)
[14:28:13] [276/459] NTST
[14:28:14] [277/459] PREB
[14:28:15] [278/459] TSCZ
[14:28:16] [279/459] CDCM
[14:28:17] [280/459] ELYE
[14:28:18] [281/459] INBS
[14:28:19] [282/459] SMGC
[14:28:20] [283/459] UTMP
[14:28:22] [284/459] INTA
[14:28:22] [285/459] OMPT
[14:28:23] 🔄 Identity reset
[14:28:23] 🔄 Identity rotated (every 10 requests)
[14:28:23] [286/459] SCIR
[14:28:24] [287/459] GCKJ
[14:28:25] [288/459] INOG
[14:28:26] [289/459] SMGB
[14:28:27] [290/459] MCSG
[14:28:27] [291/459] STKG
[14:28:28] [292/459] TTKG
[14:28:29] [293/459] SRTR
[14:28:30] [294/459] ETTR
[14:28:31] [295/459] GGGZ
[14:28:31] 🔄 Identity reset
[14:28:31] 🔄 Identity rotated (every 10 requests)
[14:28:31] 🔄 Retry 1/5 for GGGZ in 2.7s
[14:28:31] 🔄 Identity reset
[14:28:34] 🧠 New identity created
[14:28:34] [296/459] IPGM
[14:28:35] [297/459] FCDH
[14:28:36] [298/459] DESB
[14:28:37] [299/459] VNTP
[14:28:38] [300/459] ANNT
[14:28:39] [301/459] SLTI
[14:28:39] [302/459] MAJU
[14:28:40] [303/459] JCXP
[14:28:41] [304/459] HARK
[14:28:42] 🔄 Identity reset
[14:28:42] 🔄 Identity rotated (every 10 requests)
[14:28:42] [305/459] JPCJ
[14:28:43] [306/459] RXBD
[14:28:44] [307/459] PTKJ
[14:28:44] [308/459] CMTU
[14:28:45] [309/459] SWOR
[14:28:46] [310/459] JMEX
[14:28:47] [311/459] DTPT
[14:28:48] [312/459] VGMM
[14:28:49] [313/459] VCSG
[14:28:50] [314/459] CVCG
[14:28:50] 🔄 Identity reset
[14:28:50] 🔄 Identity rotated (every 10 requests)
[14:28:50] [315/459] TNTT
[14:28:51] [316/459] SHRM
[14:28:52] [317/459] CGKD
[14:28:53] [318/459] EKCM
[14:28:54] [319/459] SDCX
[14:28:55] [320/459] SBTE
[14:28:56] [321/459] STKJ
[14:28:57] [322/459] TPCE
[14:28:58] [323/459] JTNP
[14:28:58] [324/459] LPCH
[14:28:59] 🔄 Identity reset
[14:28:59] 🔄 Identity rotated (every 10 requests)
[14:28:59] [325/459] CPUO
[14:29:00] [326/459] APSU
[14:29:02] [327/459] RTHC
[14:29:02] [328/459] PTBU
[14:29:03] [329/459] CUCC
[14:29:04] [330/459] CPSA
[14:29:05] [331/459] SUAY
[14:29:06] [332/459] AYAA
[14:29:07] [333/459] MUCH
[14:29:08] [334/459] PCIN
[14:29:08] 🔄 Identity reset
[14:29:08] 🔄 Identity rotated (every 10 requests)
[14:29:09] [335/459] JRRM
[14:29:09] [336/459] KATS
[14:29:10] [337/459] MHFF
[14:29:11] [338/459] ESYM
[14:29:12] [339/459] STYV
[14:29:13] [340/459] SDKG
[14:29:14] [341/459] SMTI
[14:29:15] [342/459] NYCS
[14:29:16] [343/459] MTBG
[14:29:16] [344/459] RHCA
[14:29:17] 🔄 Identity reset
[14:29:17] 🔄 Identity rotated (every 10 requests)
[14:29:17] 🔄 Retry 1/5 for RHCA in 2.2s
[14:29:17] 🔄 Identity reset
[14:29:19] 🧠 New identity created
[14:29:19] [345/459] PCKH
[14:29:20] [346/459] ARCR
[14:29:21] [347/459] NCMB
[14:29:22] [348/459] SHYC
[14:29:23] [349/459] LACK
[14:29:24] [350/459] MTCM
[14:29:25] [351/459] RRBN
[14:29:26] [352/459] MYDC
[14:29:27] [353/459] STCS
[14:29:28] 🔄 Identity reset
[14:29:28] 🔄 Identity rotated (every 10 requests)
[14:29:28] 🔄 Retry 1/5 for STCS in 2.3s
[14:29:28] 🔄 Identity reset
[14:29:30] 🧠 New identity created
[14:29:30] [354/459] CONN
[14:29:31] [355/459] SIPS
[14:29:32] [356/459] SMMX
[14:29:33] [357/459] SCBY
[14:29:34] [358/459] SUAP
[14:29:35] [359/459] RSMK
[14:29:36] [360/459] STKP
[14:29:36] [361/459] CIPC
[14:29:37] [362/459] KKCI
[14:29:38] 🔄 Identity reset
[14:29:38] 🔄 Identity rotated (every 10 requests)
[14:29:38] [363/459] CTNK
[14:29:40] [364/459] MMTZ
[14:29:41] [365/459] DCCO
[14:29:41] [366/459] VNMN
[14:29:42] [367/459] RLCN
[14:29:43] [368/459] CMMS
[14:29:44] [369/459] AYOU
[14:29:45] [370/459] SSCN
[14:29:46] [371/459] SMXN
[14:29:46] [372/459] ASSK
[14:29:47] 🔄 Identity reset
[14:29:47] 🔄 Identity rotated (every 10 requests)
[14:29:47] 🔄 Retry 1/5 for ASSK in 2.4s
[14:29:47] 🔄 Identity reset
[14:29:50] 🧠 New identity created
[14:29:50] [373/459] VCKM
[14:29:51] [374/459] PCPH
[14:29:52] [375/459] PADM
[14:29:53] [376/459] IESA
[14:29:54] [377/459] VCSP
[14:29:54] [378/459] AEST
[14:29:55] [379/459] VTNR
[14:29:56] [380/459] GTTA
[14:29:57] [381/459] CMMM
[14:29:58] 🔄 Identity reset
[14:29:58] 🔄 Identity rotated (every 10 requests)
[14:29:58] [382/459] AHKT
[14:29:59] [383/459] SIJI
[14:30:00] [384/459] VCEI
[14:30:00] [385/459] SAKR
[14:30:01] [386/459] VSMT
[14:30:02] [387/459] SSCT
[14:30:03] [388/459] USTR
[14:30:04] [389/459] MTKT
[14:30:05] [390/459] TGMP
[14:30:06] [391/459] SIVC
[14:30:06] 🔄 Identity reset
[14:30:06] 🔄 Identity rotated (every 10 requests)
[14:30:07] [392/459] KICT
[14:30:08] [393/459] DAMD
[14:30:08] [394/459] CNPT
[14:30:09] [395/459] RVTT
[14:30:10] [396/459] SNCM
[14:30:11] [397/459] GHTE
[14:30:12] [398/459] PPAM
[14:30:13] [399/459] PVAA
[14:30:14] [400/459] CPAO
[14:30:16] [401/459] HAMD
[14:30:16] 🔄 Identity reset
[14:30:16] 🔄 Identity rotated (every 10 requests)
[14:30:17] [402/459] RCCA
[14:30:18] [403/459] MPCH
[14:30:18] [404/459] ARED
[14:30:19] [405/459] RRCV
[14:30:20] [406/459] MTRB
[14:30:21] [407/459] CKUA
[14:30:22] [408/459] ABMP
[14:30:23] [409/459] RCWA
[14:30:23] [410/459] CGAR
[14:30:24] [411/459] METH
[14:30:25] 🔄 Identity reset
[14:30:25] 🔄 Identity rotated (every 10 requests)
[14:30:25] [412/459] WAGA
[14:30:26] [413/459] MCMA
[14:30:27] [414/459] CSMP
[14:30:28] [415/459] RCNK
[14:30:29] [416/459] PSTM
[14:30:30] [417/459] CSEP
[14:30:30] [418/459] AMGD
[14:30:31] [419/459] CSTE
[14:30:32] [420/459] CONS
[14:30:33] [421/459] APPX
[14:30:34] 🔄 Identity reset
[14:30:34] 🔄 Identity rotated (every 10 requests)
[14:30:34] [422/459] MABC
[14:30:35] [423/459] CXST
[14:30:36] [424/459] MATN
[14:30:37] [425/459] MACZ
[14:30:38] [426/459] MASA
[14:30:39] [427/459] MBSX
[14:30:40] [428/459] CSST
[14:30:41] [429/459] APCL
[14:30:42] [430/459] CGOS
[14:30:43] [431/459] CPEC
[14:30:44] 🔄 Identity reset
[14:30:44] 🔄 Identity rotated (every 10 requests)
[14:30:44] [432/459] MCCP
[14:30:45] [433/459] BSSO
[14:30:46] [434/459] SJKA
[14:30:46] [435/459] CGBO
[14:30:47] [436/459] MVSK
[14:30:48] [437/459] HVCA
[14:30:49] [438/459] NAMD
[14:30:50] [439/459] DEVI
[14:30:51] [440/459] SCSV
[14:30:52] [441/459] PSMA
[14:30:52] 🔄 Identity reset
[14:30:52] 🔄 Identity rotated (every 10 requests)
[14:30:52] 🔄 Retry 1/5 for PSMA in 2.2s
[14:30:52] 🔄 Identity reset
[14:30:54] 🧠 New identity created
[14:30:55] [442/459] CLDJ
[14:30:56] [443/459] NMAD
[14:30:56] [444/459] CGMO
[14:30:57] [445/459] MCNA
[14:30:58] [446/459] OCBN
[14:30:59] [447/459] CPEM
[14:31:00] [448/459] CPSM
[14:31:01] [449/459] RCAD
[14:31:02] [450/459] CPMU
[14:31:03] 🔄 Identity reset
[14:31:03] 🔄 Identity rotated (every 10 requests)
[14:31:03] [451/459] DICD
[14:31:04] [452/459] CHOE
[14:31:05] [453/459] PDJM
[14:31:06] [454/459] SSTU
[14:31:07] [455/459] VNRN
[14:31:08] [456/459] PVLG
[14:31:09] [457/459] SWBL
[14:31:10] [458/459] SCAB
[14:31:11] [459/459] RDDA
[14:31:12] 🔁 RETRY ROUND 1 | Remaining: 1
[14:31:12] [RETRY-1] SMCK
[14:31:14] 🔄 Identity reset
[14:31:14] 🔄 Identity rotated (every 10 requests)
[14:31:16] 🧹 Deduping shows
[14:31:16] ✅ DONE | Shows=3522 | Movies=63
[16:09:07] 🚀 SCRIPT STARTED (enhanced anti‑detection)
[16:09:07] [1/459] MCCZ
[16:09:08] 🧠 New identity created
[16:09:08] 🔄 Retry 1/5 for MCCZ in 2.8s
[16:09:08] 🔄 Identity reset
[16:09:11] 🧠 New identity created
[16:09:11] [2/459] FRPU
[16:09:12] [3/459] SKSI
[16:09:13] [4/459] SSCK
[16:09:13] [5/459] SRDC
[16:09:14] [6/459] RSCZ
[16:09:15] [7/459] PRVT
[16:09:16] [8/459] GAGJ
[16:09:17] [9/459] SMHG
[16:09:17] 🔄 Identity reset
[16:09:17] 🔄 Identity rotated (every 10 requests)
[16:09:17] 🔄 Retry 1/5 for SMHG in 2.5s
[16:09:17] 🔄 Identity reset
[16:09:20] 🧠 New identity created
[16:09:20] [10/459] JTST
[16:09:21] [11/459] MYTH
[16:09:21] [12/459] JPCC
[16:09:22] [13/459] ACDC
[16:09:23] [14/459] SVFP
[16:09:24] [15/459] SFCM
[16:09:25] [16/459] RUPK
[16:09:26] [17/459] NTCR
[16:09:27] [18/459] RTCH
[16:09:27] 🔄 Identity reset
[16:09:27] 🔄 Identity rotated (every 10 requests)
[16:09:27] [19/459] SCMH
[16:09:28] [20/459] SVYM
[16:09:29] [21/459] SPYM
[16:09:30] [22/459] SMMF
[16:09:31] [23/459] CLLB
[16:09:32] [24/459] FMCB
[16:09:32] [25/459] BBTC
[16:09:33] [26/459] NTHS
[16:09:34] [27/459] PKKJ
[16:09:34] [28/459] MTJA
[16:09:35] 🔄 Identity reset
[16:09:35] 🔄 Identity rotated (every 10 requests)
[16:09:35] [29/459] PMSJ
[16:09:36] [30/459] JMJU
[16:09:37] [31/459] SRAD
[16:09:38] [32/459] MJMC
[16:09:38] [33/459] DFRM
[16:09:39] [34/459] PMRS
[16:09:40] [35/459] RKPP
[16:09:41] [36/459] BMBK
[16:09:41] [37/459] NEWS
[16:09:42] [38/459] SALB
[16:09:43] 🔄 Identity reset
[16:09:43] 🔄 Identity rotated (every 10 requests)
[16:09:43] [39/459] SCPW
[16:09:44] [40/459] RAYL
[16:09:45] [41/459] CMGJ
[16:09:45] [42/459] JRCR
[16:09:46] [43/459] SRTB
[16:09:47] [44/459] ETPB
[16:09:48] [45/459] MXBN
[16:09:49] [46/459] TOPE
[16:09:49] [47/459] SNLJ
[16:09:50] [48/459] CDDP
[16:09:51] 🔄 Identity reset
[16:09:51] 🔄 Identity rotated (every 10 requests)
[16:09:51] 🔄 Retry 1/5 for CDDP in 2.9s
[16:09:51] 🔄 Identity reset
[16:09:54] 🧠 New identity created
[16:09:54] [49/459] APCX
[16:09:55] [50/459] TALP
[16:09:55] [51/459] RRMP
[16:09:56] [52/459] MAHB
[16:09:57] [53/459] MTKR
[16:09:58] [54/459] KSKL
[16:10:00] [55/459] RJLT
[16:10:01] [56/459] ATAS
[16:10:01] [57/459] AMHR
[16:10:02] 🔄 Identity reset
[16:10:02] 🔄 Identity rotated (every 10 requests)
[16:10:02] [58/459] RSRM
[16:10:03] [59/459] GCAT
[16:10:04] [60/459] SMML
[16:10:05] [61/459] ACCD
[16:10:05] [62/459] VYDA
[16:10:06] [63/459] MSKT
[16:10:07] [64/459] AVDM
[16:10:08] [65/459] ASMH
[16:10:09] [66/459] VTMB
[16:10:10] [67/459] WVMB
[16:10:11] 🔄 Identity reset
[16:10:11] 🔄 Identity rotated (every 10 requests)
[16:10:11] [68/459] PPMN
[16:10:12] [69/459] MTMD
[16:10:12] [70/459] SMMO
[16:10:13] [71/459] DLPB
[16:10:13] [72/459] AKMD
[16:10:14] [73/459] SHRR
[16:10:15] [74/459] ASCO
[16:10:16] [75/459] CZVX
[16:10:16] [76/459] GCBB
[16:10:17] [77/459] ATBM
[16:10:18] 🔄 Identity reset
[16:10:18] 🔄 Identity rotated (every 10 requests)
[16:10:18] [78/459] TCGM
[16:10:19] [79/459] UMSE
[16:10:20] [80/459] NKCL
[16:10:20] [81/459] BTLR
[16:10:21] [82/459] GOCL
[16:10:22] [83/459] MIRN
[16:10:23] [84/459] THEC
[16:10:24] [85/459] SPPB
[16:10:24] [86/459] PMMM
[16:10:25] [87/459] GGMC
[16:10:26] 🔄 Identity reset
[16:10:26] 🔄 Identity rotated (every 10 requests)
[16:10:26] [88/459] AVSR
[16:10:27] [89/459] RDMH
[16:10:28] [90/459] JSRS
[16:10:28] [91/459] VKGP
[16:10:29] [92/459] ACRT
[16:10:30] [93/459] GCBA
[16:10:31] [94/459] GTCP
[16:10:32] [95/459] AKFC
[16:10:33] [96/459] INCS
[16:10:34] [97/459] SMCK
[16:10:34] 🔄 Identity reset
[16:10:34] 🔄 Identity rotated (every 10 requests)
[16:10:34] [98/459] BRUN
[16:10:35] [99/459] RPPC
[16:10:36] [100/459] PAYD
[16:10:37] [101/459] SVVT
[16:10:37] [102/459] RNCC
[16:10:38] [103/459] PCRC
[16:10:39] [104/459] PMRM
[16:10:39] [105/459] CCRP
[16:10:40] [106/459] INCR
[16:10:41] [107/459] ZTMP
[16:10:42] 🔄 Identity reset
[16:10:42] 🔄 Identity rotated (every 10 requests)
[16:10:42] [108/459] MCNR
[16:10:42] [109/459] INRP
[16:10:43] [110/459] STRC
[16:10:44] [111/459] RATI
[16:10:45] [112/459] PBTR
[16:10:46] [113/459] CMHP
[16:10:46] [114/459] ZECJ
[16:10:47] [115/459] CCCB
[16:10:48] [116/459] BWCB
[16:10:49] [117/459] CCAT
[16:10:50] 🔄 Identity reset
[16:10:50] 🔄 Identity rotated (every 10 requests)
[16:10:51] [118/459] KGCM
[16:10:52] [119/459] INPT
[16:10:53] [120/459] FNCO
[16:10:53] [121/459] SRMJ
[16:10:54] [122/459] PFSC
[16:10:55] [123/459] PBMC
[16:10:55] [124/459] KARP
[16:10:56] [125/459] KOVI
[16:10:57] [126/459] ACXL
[16:10:58] [127/459] GKCC
[16:10:58] 🔄 Identity reset
[16:10:58] 🔄 Identity rotated (every 10 requests)
[16:10:58] [128/459] ASCC
[16:10:59] [129/459] SETC
[16:11:00] [130/459] KACC
[16:11:01] [131/459] KAVE
[16:11:02] [132/459] CNTC
[16:11:03] [133/459] MEEN
[16:11:04] [134/459] BMRV
[16:11:05] [135/459] SVAM
[16:11:05] [136/459] VTBP
[16:11:06] [137/459] VCKN
[16:11:07] 🔄 Identity reset
[16:11:07] 🔄 Identity rotated (every 10 requests)
[16:11:07] [138/459] SGTK
[16:11:09] [139/459] RCGS
[16:11:09] [140/459] RCCB
[16:11:10] [141/459] RKSR
[16:11:11] [142/459] RKCU
[16:11:11] [143/459] GIBH
[16:11:12] [144/459] CXBS
[16:11:12] [145/459] GGCB
[16:11:13] [146/459] SCPB
[16:11:14] [147/459] AKTB
[16:11:14] 🔄 Identity reset
[16:11:14] 🔄 Identity rotated (every 10 requests)
[16:11:14] 🔄 Retry 1/5 for AKTB in 2.9s
[16:11:14] 🔄 Identity reset
[16:11:17] 🧠 New identity created
[16:11:17] [148/459] SRBU
[16:11:18] [149/459] CSSA
[16:11:19] [150/459] MYAN
[16:11:20] [151/459] EXCA
[16:11:21] [152/459] CKSA
[16:11:21] [153/459] JTNM
[16:11:22] [154/459] CXKT
[16:11:23] [155/459] NCLM
[16:11:24] [156/459] JAAD
[16:11:25] 🔄 Identity reset
[16:11:25] 🔄 Identity rotated (every 10 requests)
[16:11:25] [157/459] RDCR
[16:11:26] [158/459] MEER
[16:11:26] [159/459] SIBT
[16:11:27] [160/459] PVVB
[16:11:28] [161/459] FNPN
[16:11:29] [162/459] CRPX
[16:11:29] [163/459] STET
[16:11:30] [164/459] METE
[16:11:31] [165/459] BJML
[16:11:32] [166/459] MAVT
[16:11:32] 🔄 Identity reset
[16:11:32] 🔄 Identity rotated (every 10 requests)
[16:11:32] [167/459] MSRM
[16:11:33] [168/459] TJMP
[16:11:34] [169/459] MHCK
[16:11:35] [170/459] SVGP
[16:11:35] [171/459] KRRC
[16:11:36] [172/459] IMCH
[16:11:37] [173/459] CMCS
[16:11:38] [174/459] SGND
[16:11:38] [175/459] RNAT
[16:11:39] [176/459] PRTN
[16:11:40] 🔄 Identity reset
[16:11:40] 🔄 Identity rotated (every 10 requests)
[16:11:40] 🔄 Retry 1/5 for PRTN in 3.0s
[16:11:40] 🔄 Identity reset
[16:11:43] 🧠 New identity created
[16:11:43] [177/459] MPTN
[16:11:44] [178/459] ARCC
[16:11:45] [179/459] NTTE
[16:11:45] [180/459] ABND
[16:11:46] [181/459] KCSN
[16:11:48] [182/459] KCSA
[16:11:49] [183/459] DCKT
[16:11:50] [184/459] MBBR
[16:11:50] [185/459] RAMU
[16:11:51] 🔄 Identity reset
[16:11:51] 🔄 Identity rotated (every 10 requests)
[16:11:51] [186/459] RACW
[16:11:52] [187/459] MCHP
[16:11:53] [188/459] TMHM
[16:11:53] [189/459] STXH
[16:11:54] [190/459] AGSG
[16:11:55] [191/459] SIRA
[16:11:56] [192/459] RCAN
[16:11:56] [193/459] CWTB
[16:11:57] [194/459] VTYM
[16:11:58] [195/459] RRPP
[16:11:59] 🔄 Identity reset
[16:11:59] 🔄 Identity rotated (every 10 requests)
[16:11:59] [196/459] ASMR
[16:12:00] [197/459] RONO
[16:12:01] [198/459] MEMR
[16:12:01] [199/459] CTMR
[16:12:03] [200/459] PMTT
[16:12:04] [201/459] PSLX
[16:12:05] [202/459] IPPL
[16:12:05] [203/459] MMSG
[16:12:06] [204/459] INEL
[16:12:07] [205/459] COAC
[16:12:07] 🔄 Identity reset
[16:12:07] 🔄 Identity rotated (every 10 requests)
[16:12:08] [206/459] WVLK
[16:12:08] [207/459] PPXL
[16:12:09] [208/459] PSML
[16:12:09] [209/459] FNLK
[16:12:10] [210/459] ILUM
[16:12:11] [211/459] ILCM
[16:12:12] [212/459] MSNL
[16:12:13] [213/459] VINB
[16:12:13] [214/459] SALW
[16:12:14] [215/459] PRTB
[16:12:15] 🔄 Identity reset
[16:12:15] 🔄 Identity rotated (every 10 requests)
[16:12:15] [216/459] NCIL
[16:12:16] [217/459] PSUL
[16:12:16] [218/459] SCLK
[16:12:17] [219/459] ADDC
[16:12:19] [220/459] OACL
[16:12:20] [221/459] OOCF
[16:12:20] [222/459] GPMF
[16:12:21] [223/459] SSDG
[16:12:22] [224/459] SKRS
[16:12:23] [225/459] NTTP
[16:12:23] 🔄 Identity reset
[16:12:23] 🔄 Identity rotated (every 10 requests)
[16:12:23] 🔄 Retry 1/5 for NTTP in 2.8s
[16:12:23] 🔄 Identity reset
[16:12:26] 🧠 New identity created
[16:12:27] [226/459] SLTP
[16:12:27] [227/459] JTLC
[16:12:28] [228/459] POON
[16:12:29] [229/459] CCPC
[16:12:30] [230/459] DCKC
[16:12:31] [231/459] CPRT
[16:12:32] [232/459] EYHZ
[16:12:33] [233/459] ARBL
[16:12:33] [234/459] SBTB
[16:12:34] 🔄 Identity reset
[16:12:34] 🔄 Identity rotated (every 10 requests)
[16:12:34] 🔄 Retry 1/5 for SBTB in 2.8s
[16:12:34] 🔄 Identity reset
[16:12:37] 🧠 New identity created
[16:12:37] [235/459] MMCK
[16:12:38] [236/459] PLMR
[16:12:39] [237/459] BIJH
[16:12:40] [238/459] SDRT
[16:12:40] [239/459] PRDC
[16:12:41] [240/459] OMJA
[16:12:43] [241/459] VKCR
[16:12:44] [242/459] ATRT
[16:12:44] [243/459] WVRP
[16:12:45] 🔄 Identity reset
[16:12:45] 🔄 Identity rotated (every 10 requests)
[16:12:45] [244/459] MVRP
[16:12:46] [245/459] FCAX
[16:12:47] [246/459] CTLC
[16:12:48] [247/459] JCHB
[16:12:49] [248/459] SELP
[16:12:50] [249/459] VCPG
[16:12:50] [250/459] ASCX
[16:12:52] [251/459] EOCS
[16:12:53] [252/459] RCPH
[16:12:53] [253/459] RJTM
[16:12:54] 🔄 Identity reset
[16:12:54] 🔄 Identity rotated (every 10 requests)
[16:12:54] [254/459] SGMD
[16:12:54] [255/459] SVJT
[16:12:55] [256/459] SPPO
[16:12:56] [257/459] MNRL
[16:12:57] [258/459] KNOX
[16:12:58] [259/459] GIER
[16:12:59] [260/459] PJMS
[16:13:00] [261/459] UNSP
[16:13:00] [262/459] JETP
[16:13:01] [263/459] VTWA
[16:13:02] 🔄 Identity reset
[16:13:02] 🔄 Identity rotated (every 10 requests)
[16:13:02] [264/459] SCJI
[16:13:03] [265/459] CBZZ
[16:13:04] [266/459] SDCJ
[16:13:04] [267/459] RRCC
[16:13:05] [268/459] VNKG
[16:13:05] [269/459] LKTO
[16:13:06] [270/459] PJRM
[16:13:07] [271/459] NVRM
[16:13:08] [272/459] SJCS
[16:13:08] [273/459] VIGK
[16:13:09] 🔄 Identity reset
[16:13:09] 🔄 Identity rotated (every 10 requests)
[16:13:09] [274/459] ANST
[16:13:10] [275/459] JTTS
[16:13:11] [276/459] NTST
[16:13:12] [277/459] PREB
[16:13:13] [278/459] TSCZ
[16:13:14] [279/459] CDCM
[16:13:15] [280/459] ELYE
[16:13:15] [281/459] INBS
[16:13:16] [282/459] SMGC
[16:13:17] [283/459] UTMP
[16:13:18] 🔄 Identity reset
[16:13:18] 🔄 Identity rotated (every 10 requests)
[16:13:18] 🔄 Retry 1/5 for UTMP in 2.3s
[16:13:18] 🔄 Identity reset
[16:13:20] 🧠 New identity created
[16:13:20] [284/459] INTA
[16:13:21] [285/459] OMPT
[16:13:22] [286/459] SCIR
[16:13:23] [287/459] GCKJ
[16:13:23] [288/459] INOG
[16:13:24] [289/459] SMGB
[16:13:25] [290/459] MCSG
[16:13:26] [291/459] STKG
[16:13:26] [292/459] TTKG
[16:13:27] 🔄 Identity reset
[16:13:27] 🔄 Identity rotated (every 10 requests)
[16:13:27] [293/459] SRTR
[16:13:28] [294/459] ETTR
[16:13:28] [295/459] GGGZ
[16:13:29] [296/459] IPGM
[16:13:31] [297/459] FCDH
[16:13:31] [298/459] DESB
[16:13:32] [299/459] VNTP
[16:13:33] [300/459] ANNT
[16:13:34] [301/459] SLTI
[16:13:35] [302/459] MAJU
[16:13:35] 🔄 Identity reset
[16:13:35] 🔄 Identity rotated (every 10 requests)
[16:13:35] 🔄 Retry 1/5 for MAJU in 2.8s
[16:13:35] 🔄 Identity reset
[16:13:38] 🧠 New identity created
[16:13:38] [303/459] JCXP
[16:13:39] [304/459] HARK
[16:13:40] [305/459] JPCJ
[16:13:41] [306/459] RXBD
[16:13:42] [307/459] PTKJ
[16:13:43] [308/459] CMTU
[16:13:43] [309/459] SWOR
[16:13:44] [310/459] JMEX
[16:13:45] [311/459] DTPT
[16:13:46] 🔄 Identity reset
[16:13:46] 🔄 Identity rotated (every 10 requests)
[16:13:46] [312/459] VGMM
[16:13:47] [313/459] VCSG
[16:13:48] [314/459] CVCG
[16:13:49] [315/459] TNTT
[16:13:50] [316/459] SHRM
[16:13:51] [317/459] CGKD
[16:13:52] [318/459] EKCM
[16:13:53] [319/459] SDCX
[16:13:54] [320/459] SBTE
[16:13:54] [321/459] STKJ
[16:13:55] 🔄 Identity reset
[16:13:55] 🔄 Identity rotated (every 10 requests)
[16:13:55] [322/459] TPCE
[16:13:56] [323/459] JTNP
[16:13:57] [324/459] LPCH
[16:13:57] [325/459] CPUO
[16:13:58] [326/459] APSU
[16:13:59] [327/459] RTHC
[16:14:00] [328/459] PTBU
[16:14:01] [329/459] CUCC
[16:14:02] [330/459] CPSA
[16:14:03] [331/459] SUAY
[16:14:04] 🔄 Identity reset
[16:14:04] 🔄 Identity rotated (every 10 requests)
[16:14:04] [332/459] AYAA
[16:14:05] [333/459] MUCH
[16:14:05] [334/459] PCIN
[16:14:06] [335/459] JRRM
[16:14:07] [336/459] KATS
[16:14:08] [337/459] MHFF
[16:14:09] [338/459] ESYM
[16:14:10] [339/459] STYV
[16:14:10] [340/459] SDKG
[16:14:11] [341/459] SMTI
[16:14:12] 🔄 Identity reset
[16:14:12] 🔄 Identity rotated (every 10 requests)
[16:14:12] [342/459] NYCS
[16:14:13] [343/459] MTBG
[16:14:14] [344/459] RHCA
[16:14:15] [345/459] PCKH
[16:14:15] [346/459] ARCR
[16:14:16] [347/459] NCMB
[16:14:17] [348/459] SHYC
[16:14:18] [349/459] LACK
[16:14:19] [350/459] MTCM
[16:14:19] [351/459] RRBN
[16:14:20] 🔄 Identity reset
[16:14:20] 🔄 Identity rotated (every 10 requests)
[16:14:21] [352/459] MYDC
[16:14:22] [353/459] STCS
[16:14:22] [354/459] CONN
[16:14:23] [355/459] SIPS
[16:14:24] [356/459] SMMX
[16:14:25] [357/459] SCBY
[16:14:26] [358/459] SUAP
[16:14:27] [359/459] RSMK
[16:14:28] [360/459] STKP
[16:14:28] [361/459] CIPC
[16:14:29] 🔄 Identity reset
[16:14:29] 🔄 Identity rotated (every 10 requests)
[16:14:30] [362/459] KKCI
[16:14:31] [363/459] CTNK
[16:14:32] [364/459] MMTZ
[16:14:33] [365/459] DCCO
[16:14:34] [366/459] VNMN
[16:14:35] [367/459] RLCN
[16:14:36] [368/459] CMMS
[16:14:37] [369/459] AYOU
[16:14:37] [370/459] SSCN
[16:14:38] [371/459] SMXN
[16:14:39] 🔄 Identity reset
[16:14:39] 🔄 Identity rotated (every 10 requests)
[16:14:39] [372/459] ASSK
[16:14:40] [373/459] VCKM
[16:14:41] [374/459] PCPH
[16:14:42] [375/459] PADM
[16:14:43] [376/459] IESA
[16:14:43] [377/459] VCSP
[16:14:44] [378/459] AEST
[16:14:45] [379/459] VTNR
[16:14:46] [380/459] GTTA
[16:14:47] [381/459] CMMM
[16:14:47] 🔄 Identity reset
[16:14:47] 🔄 Identity rotated (every 10 requests)
[16:14:47] 🔄 Retry 1/5 for CMMM in 2.4s
[16:14:47] 🔄 Identity reset
[16:14:50] 🧠 New identity created
[16:14:50] [382/459] AHKT
[16:14:51] [383/459] SIJI
[16:14:51] [384/459] VCEI
[16:14:52] [385/459] SAKR
[16:14:53] [386/459] VSMT
[16:14:55] [387/459] SSCT
[16:14:55] [388/459] USTR
[16:14:56] [389/459] MTKT
[16:14:58] [390/459] TGMP
[16:14:58] 🔄 Identity reset
[16:14:58] 🔄 Identity rotated (every 10 requests)
[16:14:59] [391/459] SIVC
[16:15:00] [392/459] KICT
[16:15:00] [393/459] DAMD
[16:15:01] [394/459] CNPT
[16:15:02] [395/459] RVTT
[16:15:03] [396/459] SNCM
[16:15:03] [397/459] GHTE
[16:15:04] [398/459] PPAM
[16:15:05] [399/459] PVAA
[16:15:06] [400/459] CPAO
[16:15:06] 🔄 Identity reset
[16:15:06] 🔄 Identity rotated (every 10 requests)
[16:15:06] 🔄 Retry 1/5 for CPAO in 2.0s
[16:15:06] 🔄 Identity reset
[16:15:08] 🧠 New identity created
[16:15:09] [401/459] HAMD
[16:15:09] [402/459] RCCA
[16:15:10] [403/459] MPCH
[16:15:11] [404/459] ARED
[16:15:12] [405/459] RRCV
[16:15:12] [406/459] MTRB
[16:15:14] [407/459] CKUA
[16:15:15] [408/459] ABMP
[16:15:16] [409/459] RCWA
[16:15:17] 🔄 Identity reset
[16:15:17] 🔄 Identity rotated (every 10 requests)
[16:15:17] [410/459] CGAR
[16:15:18] [411/459] METH
[16:15:19] [412/459] WAGA
[16:15:20] [413/459] MCMA
[16:15:21] [414/459] CSMP
[16:15:21] [415/459] RCNK
[16:15:22] [416/459] PSTM
[16:15:23] [417/459] CSEP
[16:15:24] [418/459] AMGD
[16:15:25] [419/459] CSTE
[16:15:26] 🔄 Identity reset
[16:15:26] 🔄 Identity rotated (every 10 requests)
[16:15:26] 🔄 Retry 1/5 for CSTE in 2.2s
[16:15:26] 🔄 Identity reset
[16:15:28] 🧠 New identity created
[16:15:28] [420/459] CONS
[16:15:30] [421/459] APPX
[16:15:30] [422/459] MABC
[16:15:31] [423/459] CXST
[16:15:32] [424/459] MATN
[16:15:33] [425/459] MACZ
[16:15:34] [426/459] MASA
[16:15:35] [427/459] MBSX
[16:15:36] [428/459] CSST
[16:15:37] 🔄 Identity reset
[16:15:37] 🔄 Identity rotated (every 10 requests)
[16:15:37] [429/459] APCL
[16:15:38] [430/459] CGOS
[16:15:39] [431/459] CPEC
[16:15:39] [432/459] MCCP
[16:15:40] [433/459] BSSO
[16:15:41] [434/459] SJKA
[16:15:42] [435/459] CGBO
[16:15:44] [436/459] MVSK
[16:15:45] [437/459] HVCA
[16:15:46] [438/459] NAMD
[16:15:47] 🔄 Identity reset
[16:15:47] 🔄 Identity rotated (every 10 requests)
[16:15:47] [439/459] DEVI
[16:15:49] [440/459] SCSV
[16:15:50] [441/459] PSMA
[16:15:50] [442/459] CLDJ
[16:15:51] [443/459] NMAD
[16:15:52] [444/459] CGMO
[16:15:53] [445/459] MCNA
[16:15:54] [446/459] OCBN
[16:15:55] [447/459] CPEM
[16:15:56] [448/459] CPSM
[16:15:57] 🔄 Identity reset
[16:15:57] 🔄 Identity rotated (every 10 requests)
[16:15:57] [449/459] RCAD
[16:15:58] [450/459] CPMU
[16:15:59] [451/459] DICD
[16:16:00] [452/459] CHOE
[16:16:00] [453/459] PDJM
[16:16:01] [454/459] SSTU
[16:16:02] [455/459] VNRN
[16:16:03] [456/459] PVLG
[16:16:04] [457/459] SWBL
[16:16:05] [458/459] SCAB
[16:16:05] 🔄 Identity reset
[16:16:05] 🔄 Identity rotated (every 10 requests)
[16:16:05] 🔄 Retry 1/5 for SCAB in 2.8s
[16:16:05] 🔄 Identity reset
[16:16:08] 🧠 New identity created
[16:16:08] [459/459] RDDA
[16:16:09] 🧹 Deduping shows
[16:16:09] ✅ DONE | Shows=3599 | Movies=65
[20:05:42] 🚀 SCRIPT STARTED (enhanced anti‑detection)
[20:05:42] [1/459] MCCZ
[20:05:43] 🧠 New identity created
[20:05:44] [2/459] FRPU
[20:05:45] [3/459] SKSI
[20:05:46] [4/459] SSCK
[20:05:47] [5/459] SRDC
[20:05:48] [6/459] RSCZ
[20:05:49] [7/459] PRVT
[20:05:50] [8/459] GAGJ
[20:05:51] [9/459] SMHG
[20:05:52] [10/459] JTST
[20:05:52] 🔄 Identity reset
[20:05:52] 🔄 Identity rotated (every 10 requests)
[20:05:52] [11/459] MYTH
[20:05:53] [12/459] JPCC
[20:05:54] [13/459] ACDC
[20:05:55] [14/459] SVFP
[20:05:56] [15/459] SFCM
[20:05:57] [16/459] RUPK
[20:05:58] [17/459] NTCR
[20:06:00] [18/459] RTCH
[20:06:01] [19/459] SCMH
[20:06:02] [20/459] SVYM
[20:06:02] 🔄 Identity reset
[20:06:02] 🔄 Identity rotated (every 10 requests)
[20:06:02] 🔄 Retry 1/5 for SVYM in 2.2s
[20:06:02] 🔄 Identity reset
[20:06:04] 🧠 New identity created
[20:06:05] [21/459] SPYM
[20:06:06] [22/459] SMMF
[20:06:07] [23/459] CLLB
[20:06:07] [24/459] FMCB
[20:06:08] [25/459] BBTC
[20:06:09] [26/459] NTHS
[20:06:10] [27/459] PKKJ
[20:06:11] [28/459] MTJA
[20:06:12] [29/459] PMSJ
[20:06:13] 🔄 Identity reset
[20:06:13] 🔄 Identity rotated (every 10 requests)
[20:06:13] 🔄 Retry 1/5 for PMSJ in 2.4s
[20:06:13] 🔄 Identity reset
[20:06:15] 🧠 New identity created
[20:06:15] [30/459] JMJU
[20:06:16] [31/459] SRAD
[20:06:17] [32/459] MJMC
[20:06:18] [33/459] DFRM
[20:06:19] [34/459] PMRS
[20:06:20] [35/459] RKPP
[20:06:21] [36/459] BMBK
[20:06:22] [37/459] NEWS
[20:06:23] [38/459] SALB
[20:06:23] 🔄 Identity reset
[20:06:23] 🔄 Identity rotated (every 10 requests)
[20:06:24] [39/459] SCPW
[20:06:25] [40/459] RAYL
[20:06:26] [41/459] CMGJ
[20:06:27] [42/459] JRCR
[20:06:28] [43/459] SRTB
[20:06:29] [44/459] ETPB
[20:06:30] [45/459] MXBN
[20:06:31] [46/459] TOPE
[20:06:32] [47/459] SNLJ
[20:06:33] [48/459] CDDP
[20:06:34] 🔄 Identity reset
[20:06:34] 🔄 Identity rotated (every 10 requests)
[20:06:34] [49/459] APCX
[20:06:35] [50/459] TALP
[20:06:36] [51/459] RRMP
[20:06:38] [52/459] MAHB
[20:06:39] [53/459] MTKR
[20:06:40] [54/459] KSKL
[20:06:40] [55/459] RJLT
[20:06:41] [56/459] ATAS
[20:06:42] [57/459] AMHR
[20:06:43] [58/459] RSRM
[20:06:43] 🔄 Identity reset
[20:06:43] 🔄 Identity rotated (every 10 requests)
[20:06:44] [59/459] GCAT
[20:06:44] [60/459] SMML
[20:06:45] [61/459] ACCD
[20:06:46] [62/459] VYDA
[20:06:47] [63/459] MSKT
[20:06:48] [64/459] AVDM
[20:06:49] [65/459] ASMH
[20:06:49] [66/459] VTMB
[20:06:51] [67/459] WVMB
[20:06:52] [68/459] PPMN
[20:06:53] 🔄 Identity reset
[20:06:53] 🔄 Identity rotated (every 10 requests)
[20:06:53] [69/459] MTMD
[20:06:54] [70/459] SMMO
[20:06:55] [71/459] DLPB
[20:06:55] [72/459] AKMD
[20:06:56] [73/459] SHRR
[20:06:57] [74/459] ASCO
[20:06:58] [75/459] CZVX
[20:06:59] [76/459] GCBB
[20:07:00] [77/459] ATBM
[20:07:01] [78/459] TCGM
[20:07:01] 🔄 Identity reset
[20:07:01] 🔄 Identity rotated (every 10 requests)
[20:07:02] [79/459] UMSE
[20:07:03] [80/459] NKCL
[20:07:04] [81/459] BTLR
[20:07:05] [82/459] GOCL
[20:07:06] [83/459] MIRN
[20:07:07] [84/459] THEC
[20:07:08] [85/459] SPPB
[20:07:09] [86/459] PMMM
[20:07:10] [87/459] GGMC
[20:07:11] [88/459] AVSR
[20:07:12] 🔄 Identity reset
[20:07:12] 🔄 Identity rotated (every 10 requests)
[20:07:12] 🔄 Retry 1/5 for AVSR in 2.6s
[20:07:12] 🔄 Identity reset
[20:07:14] 🧠 New identity created
[20:07:14] 🔄 Retry 2/5 for AVSR in 4.2s
[20:07:14] 🔄 Identity reset
[20:07:19] 🧠 New identity created
[20:07:19] [89/459] RDMH
[20:07:20] [90/459] JSRS
[20:07:21] [91/459] VKGP
[20:07:22] [92/459] ACRT
[20:07:23] [93/459] GCBA
[20:07:24] [94/459] GTCP
[20:07:25] [95/459] AKFC
[20:07:26] [96/459] INCS
[20:07:26] 🔄 Identity reset
[20:07:26] 🔄 Identity rotated (every 10 requests)
[20:07:26] 🔄 Retry 1/5 for INCS in 2.8s
[20:07:26] 🔄 Identity reset
[20:07:29] 🧠 New identity created
[20:07:30] [97/459] SMCK
[20:07:31] [98/459] BRUN
[20:07:32] [99/459] RPPC
[20:07:32] [100/459] PAYD
[20:07:33] [101/459] SVVT
[20:07:34] [102/459] RNCC
[20:07:36] [103/459] PCRC
[20:07:36] [104/459] PMRM
[20:07:37] [105/459] CCRP
[20:07:38] 🔄 Identity reset
[20:07:38] 🔄 Identity rotated (every 10 requests)
[20:07:38] [106/459] INCR
[20:07:39] [107/459] ZTMP
[20:07:41] [108/459] MCNR
[20:07:42] [109/459] INRP
[20:07:43] [110/459] STRC
[20:07:44] [111/459] RATI
[20:07:45] [112/459] PBTR
[20:07:46] [113/459] CMHP
[20:07:46] [114/459] ZECJ
[20:07:47] [115/459] CCCB
[20:07:48] 🔄 Identity reset
[20:07:48] 🔄 Identity rotated (every 10 requests)
[20:07:48] [116/459] BWCB
[20:07:49] [117/459] CCAT
[20:07:50] [118/459] KGCM
[20:07:51] [119/459] INPT
[20:07:52] [120/459] FNCO
[20:07:53] [121/459] SRMJ
[20:07:53] [122/459] PFSC
[20:07:54] [123/459] PBMC
[20:07:55] [124/459] KARP
[20:07:57] [125/459] KOVI
[20:07:58] 🔄 Identity reset
[20:07:58] 🔄 Identity rotated (every 10 requests)
[20:07:58] [126/459] ACXL
[20:07:59] [127/459] GKCC
[20:07:59] [128/459] ASCC
[20:08:01] [129/459] SETC
[20:08:02] [130/459] KACC
[20:08:02] [131/459] KAVE
[20:08:03] [132/459] CNTC
[20:08:04] [133/459] MEEN
[20:08:05] [134/459] BMRV
[20:08:06] [135/459] SVAM
[20:08:07] 🔄 Identity reset
[20:08:07] 🔄 Identity rotated (every 10 requests)
[20:08:08] [136/459] VTBP
[20:08:09] [137/459] VCKN
[20:08:10] [138/459] SGTK
[20:08:11] [139/459] RCGS
[20:08:12] [140/459] RCCB
[20:08:13] [141/459] RKSR
[20:08:14] [142/459] RKCU
[20:08:15] [143/459] GIBH
[20:08:16] [144/459] CXBS
[20:08:17] [145/459] GGCB
[20:08:17] 🔄 Identity reset
[20:08:17] 🔄 Identity rotated (every 10 requests)
[20:08:17] [146/459] SCPB
[20:08:18] [147/459] AKTB
[20:08:19] [148/459] SRBU
[20:08:20] [149/459] CSSA
[20:08:21] [150/459] MYAN
[20:08:22] [151/459] EXCA
[20:08:23] [152/459] CKSA
[20:08:24] [153/459] JTNM
[20:08:25] [154/459] CXKT
[20:08:26] [155/459] NCLM
[20:08:26] 🔄 Identity reset
[20:08:26] 🔄 Identity rotated (every 10 requests)
[20:08:27] [156/459] JAAD
[20:08:28] [157/459] RDCR
[20:08:29] [158/459] MEER
[20:08:29] [159/459] SIBT
[20:08:30] [160/459] PVVB
[20:08:31] [161/459] FNPN
[20:08:32] [162/459] CRPX
[20:08:33] [163/459] STET
[20:08:33] [164/459] METE
[20:08:34] [165/459] BJML
[20:08:35] 🔄 Identity reset
[20:08:35] 🔄 Identity rotated (every 10 requests)
[20:08:35] 🔄 Retry 1/5 for BJML in 2.1s
[20:08:35] 🔄 Identity reset
[20:08:37] 🧠 New identity created
[20:08:37] 🔄 Retry 2/5 for BJML in 4.8s
[20:08:37] 🔄 Identity reset
[20:08:42] 🧠 New identity created
[20:08:42] 🔄 Retry 3/5 for BJML in 8.5s
[20:08:42] 🔄 Identity reset
[20:08:50] 🧠 New identity created
[20:08:51] 🔄 Retry 4/5 for BJML in 16.3s
[20:08:51] 🔄 Identity reset
[20:09:07] 🧠 New identity created
[20:09:07] ❌ BJML failed after 5 attempts
[20:09:07] 🔄 Identity reset
[20:09:07] ❌ BJML final failure | RuntimeError | HTTP 403
[20:09:07] [166/459] MAVT
[20:09:08] 🧠 New identity created
[20:09:08] [167/459] MSRM
[20:09:09] [168/459] TJMP
[20:09:10] [169/459] MHCK
[20:09:12] [170/459] SVGP
[20:09:13] [171/459] KRRC
[20:09:13] 🔄 Identity reset
[20:09:13] 🔄 Identity rotated (every 10 requests)
[20:09:14] [172/459] IMCH
[20:09:15] [173/459] CMCS
[20:09:16] [174/459] SGND
[20:09:17] [175/459] RNAT
[20:09:19] [176/459] PRTN
[20:09:20] [177/459] MPTN
[20:09:21] [178/459] ARCC
[20:09:22] [179/459] NTTE
[20:09:23] [180/459] ABND
[20:09:23] [181/459] KCSN
[20:09:24] 🔄 Identity reset
[20:09:24] 🔄 Identity rotated (every 10 requests)
[20:09:24] [182/459] KCSA
[20:09:26] [183/459] DCKT
[20:09:27] [184/459] MBBR
[20:09:27] [185/459] RAMU
[20:09:28] [186/459] RACW
[20:09:29] [187/459] MCHP
[20:09:31] [188/459] TMHM
[20:09:32] [189/459] STXH
[20:09:33] [190/459] AGSG
[20:09:34] [191/459] SIRA
[20:09:34] 🔄 Identity reset
[20:09:34] 🔄 Identity rotated (every 10 requests)
[20:09:35] [192/459] RCAN
[20:09:36] [193/459] CWTB
[20:09:37] [194/459] VTYM
[20:09:38] [195/459] RRPP
[20:09:39] [196/459] ASMR
[20:09:40] [197/459] RONO
[20:09:41] [198/459] MEMR
[20:09:42] [199/459] CTMR
[20:09:43] [200/459] PMTT
[20:09:43] [201/459] PSLX
[20:09:44] 🔄 Identity reset
[20:09:44] 🔄 Identity rotated (every 10 requests)
[20:09:44] [202/459] IPPL
[20:09:45] [203/459] MMSG
[20:09:46] [204/459] INEL
[20:09:47] [205/459] COAC
[20:09:48] [206/459] WVLK
[20:09:49] [207/459] PPXL
[20:09:49] [208/459] PSML
[20:09:50] [209/459] FNLK
[20:09:51] [210/459] ILUM
[20:09:52] [211/459] ILCM
[20:09:53] 🔄 Identity reset
[20:09:53] 🔄 Identity rotated (every 10 requests)
[20:09:53] 🔄 Retry 1/5 for ILCM in 2.7s
[20:09:53] 🔄 Identity reset
[20:09:55] 🧠 New identity created
[20:09:56] [212/459] MSNL
[20:09:57] [213/459] VINB
[20:09:58] [214/459] SALW
[20:09:58] [215/459] PRTB
[20:09:59] [216/459] NCIL
[20:10:00] [217/459] PSUL
[20:10:01] [218/459] SCLK
[20:10:01] [219/459] ADDC
[20:10:02] [220/459] OACL
[20:10:03] 🔄 Identity reset
[20:10:03] 🔄 Identity rotated (every 10 requests)
[20:10:03] [221/459] OOCF
[20:10:04] [222/459] GPMF
[20:10:05] [223/459] SSDG
[20:10:06] [224/459] SKRS
[20:10:07] [225/459] NTTP
[20:10:08] [226/459] SLTP
[20:10:08] [227/459] JTLC
[20:10:09] [228/459] POON
[20:10:10] [229/459] CCPC
[20:10:11] [230/459] DCKC
[20:10:12] 🔄 Identity reset
[20:10:12] 🔄 Identity rotated (every 10 requests)
[20:10:12] [231/459] CPRT
[20:10:13] [232/459] EYHZ
[20:10:13] [233/459] ARBL
[20:10:14] [234/459] SBTB
[20:10:15] [235/459] MMCK
[20:10:16] [236/459] PLMR
[20:10:16] [237/459] BIJH
[20:10:17] [238/459] SDRT
[20:10:18] [239/459] PRDC
[20:10:19] [240/459] OMJA
[20:10:19] 🔄 Identity reset
[20:10:19] 🔄 Identity rotated (every 10 requests)
[20:10:20] [241/459] VKCR
[20:10:21] [242/459] ATRT
[20:10:22] [243/459] WVRP
[20:10:23] [244/459] MVRP
[20:10:24] [245/459] FCAX
[20:10:25] [246/459] CTLC
[20:10:25] [247/459] JCHB
[20:10:26] [248/459] SELP
[20:10:27] [249/459] VCPG
[20:10:28] [250/459] ASCX
[20:10:29] 🔄 Identity reset
[20:10:29] 🔄 Identity rotated (every 10 requests)
[20:10:29] [251/459] EOCS
[20:10:30] [252/459] RCPH
[20:10:31] [253/459] RJTM
[20:10:32] [254/459] SGMD
[20:10:32] [255/459] SVJT
[20:10:33] [256/459] SPPO
[20:10:34] [257/459] MNRL
[20:10:34] [258/459] KNOX
[20:10:35] [259/459] GIER
[20:10:36] [260/459] PJMS
[20:10:37] 🔄 Identity reset
[20:10:37] 🔄 Identity rotated (every 10 requests)
[20:10:37] [261/459] UNSP
[20:10:38] [262/459] JETP
[20:10:39] [263/459] VTWA
[20:10:41] [264/459] SCJI
[20:10:42] [265/459] CBZZ
[20:10:43] [266/459] SDCJ
[20:10:44] [267/459] RRCC
[20:10:44] [268/459] VNKG
[20:10:45] [269/459] LKTO
[20:10:46] [270/459] PJRM
[20:10:47] 🔄 Identity reset
[20:10:47] 🔄 Identity rotated (every 10 requests)
[20:10:47] [271/459] NVRM
[20:10:48] [272/459] SJCS
[20:10:49] [273/459] VIGK
[20:10:50] [274/459] ANST
[20:10:51] [275/459] JTTS
[20:10:52] [276/459] NTST
[20:10:53] [277/459] PREB
[20:10:54] [278/459] TSCZ
[20:10:55] [279/459] CDCM
[20:10:56] [280/459] ELYE
[20:10:57] 🔄 Identity reset
[20:10:57] 🔄 Identity rotated (every 10 requests)
[20:10:57] [281/459] INBS
[20:10:58] [282/459] SMGC
[20:10:59] [283/459] UTMP
[20:10:59] [284/459] INTA
[20:11:00] [285/459] OMPT
[20:11:01] [286/459] SCIR
[20:11:02] [287/459] GCKJ
[20:11:03] [288/459] INOG
[20:11:03] [289/459] SMGB
[20:11:04] [290/459] MCSG
[20:11:05] 🔄 Identity reset
[20:11:05] 🔄 Identity rotated (every 10 requests)
[20:11:05] [291/459] STKG
[20:11:06] [292/459] TTKG
[20:11:07] [293/459] SRTR
[20:11:07] [294/459] ETTR
[20:11:08] [295/459] GGGZ
[20:11:09] [296/459] IPGM
[20:11:11] [297/459] FCDH
[20:11:12] [298/459] DESB
[20:11:13] [299/459] VNTP
[20:11:13] [300/459] ANNT
[20:11:14] 🔄 Identity reset
[20:11:14] 🔄 Identity rotated (every 10 requests)
[20:11:14] [301/459] SLTI
[20:11:15] [302/459] MAJU
[20:11:16] [303/459] JCXP
[20:11:17] [304/459] HARK
[20:11:18] [305/459] JPCJ
[20:11:19] [306/459] RXBD
[20:11:19] [307/459] PTKJ
[20:11:20] [308/459] CMTU
[20:11:21] [309/459] SWOR
[20:11:22] [310/459] JMEX
[20:11:22] 🔄 Identity reset
[20:11:23] 🔄 Identity rotated (every 10 requests)
[20:11:23] 🔄 Retry 1/5 for JMEX in 2.6s
[20:11:23] 🔄 Identity reset
[20:11:25] 🧠 New identity created
[20:11:25] [311/459] DTPT
[20:11:26] [312/459] VGMM
[20:11:27] [313/459] VCSG
[20:11:28] [314/459] CVCG
[20:11:30] [315/459] TNTT
[20:11:31] [316/459] SHRM
[20:11:31] [317/459] CGKD
[20:11:32] [318/459] EKCM
[20:11:33] [319/459] SDCX
[20:11:33] 🔄 Identity reset
[20:11:33] 🔄 Identity rotated (every 10 requests)
[20:11:34] [320/459] SBTE
[20:11:35] [321/459] STKJ
[20:11:36] [322/459] TPCE
[20:11:37] [323/459] JTNP
[20:11:38] [324/459] LPCH
[20:11:39] [325/459] CPUO
[20:11:39] [326/459] APSU
[20:11:40] [327/459] RTHC
[20:11:41] [328/459] PTBU
[20:11:42] [329/459] CUCC
[20:11:42] 🔄 Identity reset
[20:11:42] 🔄 Identity rotated (every 10 requests)
[20:11:43] [330/459] CPSA
[20:11:44] [331/459] SUAY
[20:11:45] [332/459] AYAA
[20:11:46] [333/459] MUCH
[20:11:47] [334/459] PCIN
[20:11:48] [335/459] JRRM
[20:11:49] [336/459] KATS
[20:11:50] [337/459] MHFF
[20:11:50] [338/459] ESYM
[20:11:51] [339/459] STYV
[20:11:52] 🔄 Identity reset
[20:11:52] 🔄 Identity rotated (every 10 requests)
[20:11:53] [340/459] SDKG
[20:11:53] [341/459] SMTI
[20:11:54] [342/459] NYCS
[20:11:55] [343/459] MTBG
[20:11:56] [344/459] RHCA
[20:11:57] [345/459] PCKH
[20:11:57] [346/459] ARCR
[20:11:58] [347/459] NCMB
[20:11:59] [348/459] SHYC
[20:12:00] [349/459] LACK
[20:12:00] 🔄 Identity reset
[20:12:00] 🔄 Identity rotated (every 10 requests)
[20:12:01] [350/459] MTCM
[20:12:02] [351/459] RRBN
[20:12:03] [352/459] MYDC
[20:12:03] [353/459] STCS
[20:12:04] [354/459] CONN
[20:12:05] [355/459] SIPS
[20:12:06] [356/459] SMMX
[20:12:07] [357/459] SCBY
[20:12:08] [358/459] SUAP
[20:12:09] [359/459] RSMK
[20:12:09] 🔄 Identity reset
[20:12:09] 🔄 Identity rotated (every 10 requests)
[20:12:10] [360/459] STKP
[20:12:10] [361/459] CIPC
[20:12:11] [362/459] KKCI
[20:12:12] [363/459] CTNK
[20:12:13] [364/459] MMTZ
[20:12:14] [365/459] DCCO
[20:12:15] [366/459] VNMN
[20:12:15] [367/459] RLCN
[20:12:16] [368/459] CMMS
[20:12:17] [369/459] AYOU
[20:12:17] 🔄 Identity reset
[20:12:18] 🔄 Identity rotated (every 10 requests)
[20:12:18] [370/459] SSCN
[20:12:19] [371/459] SMXN
[20:12:20] [372/459] ASSK
[20:12:21] [373/459] VCKM
[20:12:22] [374/459] PCPH
[20:12:23] [375/459] PADM
[20:12:24] [376/459] IESA
[20:12:25] [377/459] VCSP
[20:12:25] [378/459] AEST
[20:12:26] [379/459] VTNR
[20:12:26] 🔄 Identity reset
[20:12:27] 🔄 Identity rotated (every 10 requests)
[20:12:27] [380/459] GTTA
[20:12:28] [381/459] CMMM
[20:12:29] [382/459] AHKT
[20:12:29] [383/459] SIJI
[20:12:30] [384/459] VCEI
[20:12:31] [385/459] SAKR
[20:12:32] [386/459] VSMT
[20:12:33] [387/459] SSCT
[20:12:34] [388/459] USTR
[20:12:35] [389/459] MTKT
[20:12:36] 🔄 Identity reset
[20:12:36] 🔄 Identity rotated (every 10 requests)
[20:12:36] [390/459] TGMP
[20:12:37] [391/459] SIVC
[20:12:38] [392/459] KICT
[20:12:39] [393/459] DAMD
[20:12:40] [394/459] CNPT
[20:12:41] [395/459] RVTT
[20:12:41] [396/459] SNCM
[20:12:42] [397/459] GHTE
[20:12:43] [398/459] PPAM
[20:12:44] [399/459] PVAA
[20:12:45] 🔄 Identity reset
[20:12:45] 🔄 Identity rotated (every 10 requests)
[20:12:45] 🔄 Retry 1/5 for PVAA in 2.3s
[20:12:45] 🔄 Identity reset
[20:12:47] 🧠 New identity created
[20:12:47] [400/459] CPAO
[20:12:48] [401/459] HAMD
[20:12:49] [402/459] RCCA
[20:12:50] [403/459] MPCH
[20:12:50] [404/459] ARED
[20:12:52] [405/459] RRCV
[20:12:52] [406/459] MTRB
[20:12:54] [407/459] CKUA
[20:12:55] [408/459] ABMP
[20:12:56] 🔄 Identity reset
[20:12:56] 🔄 Identity rotated (every 10 requests)
[20:12:56] [409/459] RCWA
[20:12:57] [410/459] CGAR
[20:12:58] [411/459] METH
[20:12:58] [412/459] WAGA
[20:12:59] [413/459] MCMA
[20:13:00] [414/459] CSMP
[20:13:01] [415/459] RCNK
[20:13:03] [416/459] PSTM
[20:13:03] [417/459] CSEP
[20:13:04] [418/459] AMGD
[20:13:05] 🔄 Identity reset
[20:13:05] 🔄 Identity rotated (every 10 requests)
[20:13:05] [419/459] CSTE
[20:13:07] [420/459] CONS
[20:13:09] [421/459] APPX
[20:13:10] [422/459] MABC
[20:13:11] [423/459] CXST
[20:13:12] [424/459] MATN
[20:13:13] [425/459] MACZ
[20:13:14] [426/459] MASA
[20:13:15] [427/459] MBSX
[20:13:16] [428/459] CSST
[20:13:16] 🔄 Identity reset
[20:13:16] 🔄 Identity rotated (every 10 requests)
[20:13:17] [429/459] APCL
[20:13:18] [430/459] CGOS
[20:13:19] [431/459] CPEC
[20:13:20] [432/459] MCCP
[20:13:20] [433/459] BSSO
[20:13:21] [434/459] SJKA
[20:13:23] [435/459] CGBO
[20:13:24] [436/459] MVSK
[20:13:25] [437/459] HVCA
[20:13:25] [438/459] NAMD
[20:13:26] 🔄 Identity reset
[20:13:26] 🔄 Identity rotated (every 10 requests)
[20:13:26] [439/459] DEVI
[20:13:27] [440/459] SCSV
[20:13:28] [441/459] PSMA
[20:13:28] [442/459] CLDJ
[20:13:29] [443/459] NMAD
[20:13:30] [444/459] CGMO
[20:13:31] [445/459] MCNA
[20:13:32] [446/459] OCBN
[20:13:33] [447/459] CPEM
[20:13:34] [448/459] CPSM
[20:13:35] 🔄 Identity reset
[20:13:35] 🔄 Identity rotated (every 10 requests)
[20:13:35] [449/459] RCAD
[20:13:36] [450/459] CPMU
[20:13:37] [451/459] DICD
[20:13:38] [452/459] CHOE
[20:13:39] [453/459] PDJM
[20:13:40] [454/459] SSTU
[20:13:42] [455/459] VNRN
[20:13:43] [456/459] PVLG
[20:13:44] [457/459] SWBL
[20:13:44] [458/459] SCAB
[20:13:45] 🔄 Identity reset
[20:13:45] 🔄 Identity rotated (every 10 requests)
[20:13:46] [459/459] RDDA
[20:13:48] 🔁 RETRY ROUND 1 | Remaining: 1
[20:13:48] [RETRY-1] BJML
[20:13:51] 🧹 Deduping shows
[20:13:51] ✅ DONE | Shows=3815 | Movies=66
[08:54:23] 🚀 SCRIPT STARTED
[08:54:23] [1/459] MCCZ
[08:54:23] 🧠 New identity created
[08:54:25] [2/459] FRPU
[08:54:26] [3/459] SKSI
[08:54:27] [4/459] SSCK
[08:54:28] [5/459] SRDC
[08:54:29] [6/459] RSCZ
[08:54:29] [7/459] PRVT
[08:54:30] [8/459] GAGJ
[08:54:31] [9/459] SMHG
[08:54:32] [10/459] JTST
[08:54:32] 🔄 Identity reset
[08:54:32] 🔄 Identity rotated (every 10 requests)
[08:54:33] [11/459] MYTH
[08:54:34] [12/459] JPCC
[08:54:35] [13/459] ACDC
[08:54:36] [14/459] SVFP
[08:54:37] [15/459] SFCM
[08:54:38] [16/459] RUPK
[08:54:39] [17/459] NTCR
[08:54:40] [18/459] RTCH
[08:54:41] [19/459] SCMH
[08:54:42] [20/459] SVYM
[08:54:42] 🔄 Identity reset
[08:54:42] 🔄 Identity rotated (every 10 requests)
[08:54:42] 🔄 Retry 1/5 for SVYM in 3.0s
[08:54:42] 🔄 Identity reset
[08:54:45] 🧠 New identity created
[08:54:45] 🔄 Retry 2/5 for SVYM in 4.3s
[08:54:45] 🔄 Identity reset
[08:54:49] 🧠 New identity created
[08:54:49] 🔄 Retry 3/5 for SVYM in 8.2s
[08:54:49] 🔄 Identity reset
[08:54:57] 🧠 New identity created
[08:54:57] 🔄 Retry 4/5 for SVYM in 16.5s
[08:54:57] 🔄 Identity reset
[08:55:14] 🧠 New identity created
[08:55:14] ❌ SVYM failed after 5 attempts
[08:55:14] 🔄 Identity reset
[08:55:14] ❌ SVYM final failure | RuntimeError | HTTP 403
[08:55:15] [21/459] SPYM
[08:55:15] 🧠 New identity created
[08:55:16] [22/459] SMMF
[08:55:17] [23/459] CLLB
[08:55:17] 🔄 Retry 1/5 for CLLB in 2.8s
[08:55:17] 🔄 Identity reset
[08:55:20] 🧠 New identity created
[08:55:20] 🔄 Retry 2/5 for CLLB in 4.7s
[08:55:20] 🔄 Identity reset
[08:55:24] 🧠 New identity created
[08:55:24] 🔄 Retry 3/5 for CLLB in 8.2s
[08:55:24] 🔄 Identity reset
[08:55:33] 🧠 New identity created
[08:55:33] 🔄 Identity reset
[08:55:33] 🔄 Identity rotated (every 10 requests)
[08:55:34] [24/459] FMCB
[08:55:35] [25/459] BBTC
[08:55:36] [26/459] NTHS
[08:55:37] [27/459] PKKJ
[08:55:39] [28/459] MTJA
[08:55:39] [29/459] PMSJ
[08:55:40] [30/459] JMJU
[08:55:41] [31/459] SRAD
[08:55:42] [32/459] MJMC
[08:55:43] [33/459] DFRM
[08:55:43] 🔄 Identity reset
[08:55:43] 🔄 Identity rotated (every 10 requests)
[08:55:43] 🔄 Retry 1/5 for DFRM in 2.6s
[08:55:43] 🔄 Identity reset
[08:55:46] 🧠 New identity created
[08:55:47] [34/459] PMRS
[08:55:49] [35/459] RKPP
[08:55:50] [36/459] BMBK
[08:55:51] [37/459] NEWS
[08:55:52] [38/459] SALB
[08:55:53] [39/459] SCPW
[08:55:54] [40/459] RAYL
[08:55:55] [41/459] CMGJ
[08:55:56] [42/459] JRCR
[08:55:56] 🔄 Identity reset
[08:55:56] 🔄 Identity rotated (every 10 requests)
[08:55:56] 🔄 Retry 1/5 for JRCR in 3.0s
[08:55:56] 🔄 Identity reset
[08:55:59] 🧠 New identity created
[08:56:00] [43/459] SRTB
[08:56:01] [44/459] ETPB
[08:56:02] [45/459] MXBN
[08:56:03] [46/459] TOPE
[08:56:04] [47/459] SNLJ
[08:56:05] [48/459] CDDP
[08:56:06] [49/459] APCX
[08:56:07] [50/459] TALP
[08:56:08] [51/459] RRMP
[08:56:08] 🔄 Identity reset
[08:56:08] 🔄 Identity rotated (every 10 requests)
[08:56:09] [52/459] MAHB
[08:56:10] [53/459] MTKR
[08:56:10] [54/459] KSKL
[08:56:11] [55/459] RJLT
[08:56:12] [56/459] ATAS
[08:56:13] [57/459] AMHR
[08:56:14] [58/459] RSRM
[08:56:15] [59/459] GCAT
[08:56:16] [60/459] SMML
[08:56:17] [61/459] ACCD
[08:56:17] 🔄 Identity reset
[08:56:17] 🔄 Identity rotated (every 10 requests)
[08:56:17] 🔄 Retry 1/5 for ACCD in 2.9s
[08:56:17] 🔄 Identity reset
[08:56:20] 🧠 New identity created
[08:56:20] 🔄 Retry 2/5 for ACCD in 4.6s
[08:56:20] 🔄 Identity reset
[08:56:25] 🧠 New identity created
[08:56:26] [62/459] VYDA
[08:56:28] [63/459] MSKT
[08:56:29] [64/459] AVDM
[08:56:30] [65/459] ASMH
[08:56:31] [66/459] VTMB
[08:56:32] [67/459] WVMB
[08:56:33] [68/459] PPMN
[08:56:34] [69/459] MTMD
[08:56:34] 🔄 Identity reset
[08:56:34] 🔄 Identity rotated (every 10 requests)
[08:56:34] 🔄 Retry 1/5 for MTMD in 2.2s
[08:56:34] 🔄 Identity reset
[08:56:36] 🧠 New identity created
[08:56:36] 🔄 Retry 2/5 for MTMD in 4.9s
[08:56:36] 🔄 Identity reset
[08:56:41] 🧠 New identity created
[08:56:42] [70/459] SMMO
[08:56:43] [71/459] DLPB
[08:56:44] [72/459] AKMD
[08:56:45] [73/459] SHRR
[08:56:46] [74/459] ASCO
[08:56:47] [75/459] CZVX
[08:56:48] [76/459] GCBB
[08:56:49] [77/459] ATBM
[08:56:49] 🔄 Identity reset
[08:56:49] 🔄 Identity rotated (every 10 requests)
[08:56:49] 🔄 Retry 1/5 for ATBM in 3.0s
[08:56:49] 🔄 Identity reset
[08:56:52] 🧠 New identity created
[08:56:52] 🔄 Retry 2/5 for ATBM in 4.3s
[08:56:52] 🔄 Identity reset
[08:56:57] 🧠 New identity created
[08:56:58] [78/459] TCGM
[08:56:59] [79/459] UMSE
[08:57:00] [80/459] NKCL
[08:57:01] [81/459] BTLR
[08:57:02] [82/459] GOCL
[08:57:03] [83/459] MIRN
[08:57:05] [84/459] THEC
[08:57:06] [85/459] SPPB
[08:57:06] 🔄 Identity reset
[08:57:06] 🔄 Identity rotated (every 10 requests)
[08:57:06] 🔄 Retry 1/5 for SPPB in 2.8s
[08:57:06] 🔄 Identity reset
[08:57:09] 🧠 New identity created
[08:57:09] [86/459] PMMM
[08:57:10] [87/459] GGMC
[08:57:12] [88/459] AVSR
[08:57:13] [89/459] RDMH
[08:57:14] [90/459] JSRS
[08:57:15] [91/459] VKGP
[08:57:16] [92/459] ACRT
[08:57:16] [93/459] GCBA
[08:57:17] [94/459] GTCP
[08:57:17] 🔄 Identity reset
[08:57:17] 🔄 Identity rotated (every 10 requests)
[08:57:17] 🔄 Retry 1/5 for GTCP in 2.9s
[08:57:17] 🔄 Identity reset
[08:57:20] 🧠 New identity created
[08:57:21] [95/459] AKFC
[08:57:22] [96/459] INCS
[08:57:23] [97/459] SMCK
[08:57:24] [98/459] BRUN
[08:57:25] [99/459] RPPC
[08:57:26] [100/459] PAYD
[08:57:27] [101/459] SVVT
[08:57:28] [102/459] RNCC
[08:57:29] [103/459] PCRC
[08:57:29] 🔄 Identity reset
[08:57:29] 🔄 Identity rotated (every 10 requests)
[08:57:29] 🔄 Retry 1/5 for PCRC in 2.5s
[08:57:29] 🔄 Identity reset
[08:57:32] 🧠 New identity created
[08:57:32] 🔄 Retry 2/5 for PCRC in 4.1s
[08:57:32] 🔄 Identity reset
[08:57:36] 🧠 New identity created
[08:57:36] 🔄 Retry 3/5 for PCRC in 8.7s
[08:57:36] 🔄 Identity reset
[08:57:45] 🧠 New identity created
[08:57:45] 🔄 Retry 4/5 for PCRC in 17.0s
[08:57:45] 🔄 Identity reset
[08:58:02] 🧠 New identity created
[08:58:02] ❌ PCRC failed after 5 attempts
[08:58:02] 🔄 Identity reset
[08:58:02] ❌ PCRC final failure | RuntimeError | HTTP 403
[08:58:02] [104/459] PMRM
[08:58:02] 🧠 New identity created
[08:58:04] [105/459] CCRP
[08:58:06] [106/459] INCR
[08:58:07] [107/459] ZTMP
[08:58:08] [108/459] MCNR
[08:58:09] [109/459] INRP
[08:58:09] 🔄 Identity reset
[08:58:09] 🔄 Identity rotated (every 10 requests)
[08:58:10] [110/459] STRC
[08:58:11] [111/459] RATI
[08:58:12] [112/459] PBTR
[08:58:13] [113/459] CMHP
[08:58:14] [114/459] ZECJ
[08:58:15] [115/459] CCCB
[08:58:16] [116/459] BWCB
[08:58:18] [117/459] CCAT
[08:58:19] [118/459] KGCM
[08:58:20] [119/459] INPT
[08:58:20] 🔄 Identity reset
[08:58:20] 🔄 Identity rotated (every 10 requests)
[08:58:20] [120/459] FNCO
[08:58:21] [121/459] SRMJ
[08:58:22] [122/459] PFSC
[08:58:23] [123/459] PBMC
[08:58:24] [124/459] KARP
[08:58:26] [125/459] KOVI
[08:58:27] [126/459] ACXL
[08:58:28] [127/459] GKCC
[08:58:29] [128/459] ASCC
[08:58:29] [129/459] SETC
[08:58:29] 🔄 Identity reset
[08:58:29] 🔄 Identity rotated (every 10 requests)
[08:58:31] [130/459] KACC
[08:58:32] [131/459] KAVE
[08:58:33] [132/459] CNTC
[08:58:34] [133/459] MEEN
[08:58:35] [134/459] BMRV
[08:58:36] [135/459] SVAM
[08:58:37] [136/459] VTBP
[08:58:38] [137/459] VCKN
[08:58:39] [138/459] SGTK
[08:58:39] [139/459] RCGS
[08:58:39] 🔄 Identity reset
[08:58:40] 🔄 Identity rotated (every 10 requests)
[08:58:40] 🔄 Retry 1/5 for RCGS in 2.4s
[08:58:40] 🔄 Identity reset
[08:58:42] 🧠 New identity created
[08:58:42] 🔄 Retry 2/5 for RCGS in 4.6s
[08:58:42] 🔄 Identity reset
[08:58:47] 🧠 New identity created
[08:58:47] 🔄 Retry 3/5 for RCGS in 8.4s
[08:58:47] 🔄 Identity reset
[08:58:55] 🧠 New identity created
[08:58:56] [140/459] RCCB
[08:58:58] [141/459] RKSR
[08:58:59] [142/459] RKCU
[08:59:00] [143/459] GIBH
[08:59:01] [144/459] CXBS
[08:59:01] [145/459] GGCB
[08:59:03] [146/459] SCPB
[08:59:03] 🔄 Identity reset
[08:59:03] 🔄 Identity rotated (every 10 requests)
[08:59:03] 🔄 Retry 1/5 for SCPB in 2.0s
[08:59:03] 🔄 Identity reset
[08:59:05] 🧠 New identity created
[08:59:06] [147/459] AKTB
[08:59:07] [148/459] SRBU
[08:59:08] [149/459] CSSA
[08:59:09] [150/459] MYAN
[08:59:09] [151/459] EXCA
[08:59:10] [152/459] CKSA
[08:59:11] [153/459] JTNM
[08:59:12] [154/459] CXKT
[08:59:13] [155/459] NCLM
[08:59:13] 🔄 Identity reset
[08:59:13] 🔄 Identity rotated (every 10 requests)
[08:59:14] [156/459] JAAD
[08:59:15] [157/459] RDCR
[08:59:16] [158/459] MEER
[08:59:18] [159/459] SIBT
[08:59:19] [160/459] PVVB
[08:59:19] [161/459] FNPN
[08:59:20] [162/459] CRPX
[08:59:21] [163/459] STET
[08:59:22] [164/459] METE
[08:59:23] [165/459] BJML
[08:59:23] 🔄 Identity reset
[08:59:23] 🔄 Identity rotated (every 10 requests)
[08:59:24] [166/459] MAVT
[08:59:25] [167/459] MSRM
[08:59:26] [168/459] TJMP
[08:59:27] [169/459] MHCK
[08:59:28] [170/459] SVGP
[08:59:29] [171/459] KRRC
[08:59:30] [172/459] IMCH
[08:59:31] [173/459] CMCS
[08:59:32] [174/459] SGND
[08:59:33] [175/459] RNAT
[08:59:33] 🔄 Identity reset
[08:59:33] 🔄 Identity rotated (every 10 requests)
[08:59:34] [176/459] PRTN
[08:59:35] [177/459] MPTN
[08:59:36] [178/459] ARCC
[08:59:37] [179/459] NTTE
[08:59:38] [180/459] ABND
[08:59:39] [181/459] KCSN
[08:59:40] [182/459] KCSA
[08:59:41] [183/459] DCKT
[08:59:42] [184/459] MBBR
[08:59:43] [185/459] RAMU
[08:59:43] 🔄 Identity reset
[08:59:43] 🔄 Identity rotated (every 10 requests)
[08:59:43] 🔄 Retry 1/5 for RAMU in 2.7s
[08:59:43] 🔄 Identity reset
[08:59:46] 🧠 New identity created
[08:59:46] 🔄 Retry 2/5 for RAMU in 4.3s
[08:59:46] 🔄 Identity reset
[08:59:50] 🧠 New identity created
[08:59:51] 🔄 Retry 3/5 for RAMU in 8.6s
[08:59:51] 🔄 Identity reset
[08:59:59] 🧠 New identity created
[09:00:00] [186/459] RACW
[09:00:01] [187/459] MCHP
[09:00:02] [188/459] TMHM
[09:00:03] [189/459] STXH
[09:00:04] [190/459] AGSG
[09:00:05] [191/459] SIRA
[09:00:06] [192/459] RCAN
[09:00:06] 🔄 Identity reset
[09:00:06] 🔄 Identity rotated (every 10 requests)
[09:00:08] [193/459] CWTB
[09:00:08] [194/459] VTYM
[09:00:09] [195/459] RRPP
[09:00:10] [196/459] ASMR
[09:00:11] [197/459] RONO
[09:00:13] [198/459] MEMR
[09:00:14] [199/459] CTMR
[09:00:15] [200/459] PMTT
[09:00:16] [201/459] PSLX
[09:00:17] [202/459] IPPL
[09:00:17] 🔄 Identity reset
[09:00:17] 🔄 Identity rotated (every 10 requests)
[09:00:17] 🔄 Retry 1/5 for IPPL in 2.1s
[09:00:17] 🔄 Identity reset
[09:00:19] 🧠 New identity created
[09:00:19] 🔄 Retry 2/5 for IPPL in 4.7s
[09:00:19] 🔄 Identity reset
[09:00:24] 🧠 New identity created
[09:00:24] 🔄 Retry 3/5 for IPPL in 8.5s
[09:00:24] 🔄 Identity reset
[09:00:33] 🧠 New identity created
[09:00:34] [203/459] MMSG
[09:00:35] [204/459] INEL
[09:00:36] [205/459] COAC
[09:00:37] [206/459] WVLK
[09:00:38] [207/459] PPXL
[09:00:39] [208/459] PSML
[09:00:41] [209/459] FNLK
[09:00:41] 🔄 Identity reset
[09:00:41] 🔄 Identity rotated (every 10 requests)
[09:00:42] [210/459] ILUM
[09:00:43] [211/459] ILCM
[09:00:43] [212/459] MSNL
[09:00:44] [213/459] VINB
[09:00:45] [214/459] SALW
[09:00:47] [215/459] PRTB
[09:00:48] [216/459] NCIL
[09:00:49] [217/459] PSUL
[09:00:50] [218/459] SCLK
[09:00:51] [219/459] ADDC
[09:00:51] 🔄 Identity reset
[09:00:51] 🔄 Identity rotated (every 10 requests)
[09:00:52] [220/459] OACL
[09:00:53] [221/459] OOCF
[09:00:54] [222/459] GPMF
[09:00:55] [223/459] SSDG
[09:00:56] [224/459] SKRS
[09:00:57] [225/459] NTTP
[09:00:58] [226/459] SLTP
[09:00:59] [227/459] JTLC
[09:00:59] [228/459] POON
[09:01:00] [229/459] CCPC
[09:01:00] 🔄 Identity reset
[09:01:00] 🔄 Identity rotated (every 10 requests)
[09:01:00] 🔄 Retry 1/5 for CCPC in 3.0s
[09:01:00] 🔄 Identity reset
[09:01:03] 🧠 New identity created
[09:01:04] [230/459] DCKC
[09:01:05] [231/459] CPRT
[09:01:07] [232/459] EYHZ
[09:01:08] [233/459] ARBL
[09:01:09] [234/459] SBTB
[09:01:10] [235/459] MMCK
[09:01:11] [236/459] PLMR
[09:01:12] [237/459] BIJH
[09:01:13] [238/459] SDRT
[09:01:13] 🔄 Identity reset
[09:01:13] 🔄 Identity rotated (every 10 requests)
[09:01:14] [239/459] PRDC
[09:01:15] [240/459] OMJA
[09:01:16] [241/459] VKCR
[09:01:17] [242/459] ATRT
[09:01:18] [243/459] WVRP
[09:01:19] [244/459] MVRP
[09:01:20] [245/459] FCAX
[09:01:21] [246/459] CTLC
[09:01:22] [247/459] JCHB
[09:01:23] [248/459] SELP
[09:01:23] 🔄 Identity reset
[09:01:23] 🔄 Identity rotated (every 10 requests)
[09:01:23] 🔄 Retry 1/5 for SELP in 2.9s
[09:01:23] 🔄 Identity reset
[09:01:26] 🧠 New identity created
[09:01:26] 🔄 Retry 2/5 for SELP in 4.7s
[09:01:26] 🔄 Identity reset
[09:01:30] 🧠 New identity created
[09:01:32] [249/459] VCPG
[09:01:33] [250/459] ASCX
[09:01:34] [251/459] EOCS
[09:01:35] [252/459] RCPH
[09:01:37] [253/459] RJTM
[09:01:38] [254/459] SGMD
[09:01:38] [255/459] SVJT
[09:01:40] [256/459] SPPO
[09:01:40] 🔄 Identity reset
[09:01:40] 🔄 Identity rotated (every 10 requests)
[09:01:40] 🔄 Retry 1/5 for SPPO in 2.2s
[09:01:40] 🔄 Identity reset
[09:01:42] 🧠 New identity created
[09:01:43] [257/459] MNRL
[09:01:44] [258/459] KNOX
[09:01:45] [259/459] GIER
[09:01:46] [260/459] PJMS
[09:01:47] [261/459] UNSP
[09:01:47] [262/459] JETP
[09:01:48] [263/459] VTWA
[09:01:49] [264/459] SCJI
[09:01:50] [265/459] CBZZ
[09:01:50] 🔄 Identity reset
[09:01:50] 🔄 Identity rotated (every 10 requests)
[09:01:51] [266/459] SDCJ
[09:01:52] [267/459] RRCC
[09:01:53] [268/459] VNKG
[09:01:55] [269/459] LKTO
[09:01:56] [270/459] PJRM
[09:01:57] [271/459] NVRM
[09:01:58] [272/459] SJCS
[09:01:59] [273/459] VIGK
[09:02:00] [274/459] ANST
[09:02:01] [275/459] JTTS
[09:02:01] 🔄 Identity reset
[09:02:01] 🔄 Identity rotated (every 10 requests)
[09:02:02] [276/459] NTST
[09:02:03] [277/459] PREB
[09:02:04] [278/459] TSCZ
[09:02:05] [279/459] CDCM
[09:02:06] [280/459] ELYE
[09:02:07] [281/459] INBS
[09:02:08] [282/459] SMGC
[09:02:09] [283/459] UTMP
[09:02:10] [284/459] INTA
[09:02:10] [285/459] OMPT
[09:02:10] 🔄 Identity reset
[09:02:10] 🔄 Identity rotated (every 10 requests)
[09:02:12] [286/459] SCIR
[09:02:12] [287/459] GCKJ
[09:02:13] [288/459] INOG
[09:02:14] [289/459] SMGB
[09:02:15] [290/459] MCSG
[09:02:16] [291/459] STKG
[09:02:17] [292/459] TTKG
[09:02:18] [293/459] SRTR
[09:02:19] [294/459] ETTR
[09:02:20] [295/459] GGGZ
[09:02:20] 🔄 Identity reset
[09:02:20] 🔄 Identity rotated (every 10 requests)
[09:02:21] [296/459] IPGM
[09:02:22] [297/459] FCDH
[09:02:23] [298/459] DESB
[09:02:25] [299/459] VNTP
[09:02:26] [300/459] ANNT
[09:02:26] [301/459] SLTI
[09:02:27] [302/459] MAJU
[09:02:28] [303/459] JCXP
[09:02:29] [304/459] HARK
[09:02:30] [305/459] JPCJ
[09:02:30] 🔄 Identity reset
[09:02:30] 🔄 Identity rotated (every 10 requests)
[09:02:30] 🔄 Retry 1/5 for JPCJ in 2.9s
[09:02:30] 🔄 Identity reset
[09:02:33] 🧠 New identity created
[09:02:33] 🔄 Retry 2/5 for JPCJ in 4.2s
[09:02:33] 🔄 Identity reset
[09:02:37] 🧠 New identity created
[09:02:38] [306/459] RXBD
[09:02:39] [307/459] PTKJ
[09:02:40] [308/459] CMTU
[09:02:41] [309/459] SWOR
[09:02:42] [310/459] JMEX
[09:02:43] [311/459] DTPT
[09:02:44] [312/459] VGMM
[09:02:45] [313/459] VCSG
[09:02:45] 🔄 Identity reset
[09:02:45] 🔄 Identity rotated (every 10 requests)
[09:02:46] [314/459] CVCG
[09:02:47] [315/459] TNTT
[09:02:48] [316/459] SHRM
[09:02:49] [317/459] CGKD
[09:02:50] [318/459] EKCM
[09:02:51] [319/459] SDCX
[09:02:52] [320/459] SBTE
[09:02:53] [321/459] STKJ
[09:02:54] [322/459] TPCE
[09:02:55] [323/459] JTNP
[09:02:55] 🔄 Identity reset
[09:02:55] 🔄 Identity rotated (every 10 requests)
[09:02:55] 🔄 Retry 1/5 for JTNP in 2.3s
[09:02:55] 🔄 Identity reset
[09:02:58] 🧠 New identity created
[09:02:59] [324/459] LPCH
[09:03:00] [325/459] CPUO
[09:03:00] [326/459] APSU
[09:03:01] [327/459] RTHC
[09:03:03] [328/459] PTBU
[09:03:04] [329/459] CUCC
[09:03:04] [330/459] CPSA
[09:03:05] [331/459] SUAY
[09:03:06] [332/459] AYAA
[09:03:06] 🔄 Identity reset
[09:03:06] 🔄 Identity rotated (every 10 requests)
[09:03:08] [333/459] MUCH
[09:03:10] [334/459] PCIN
[09:03:11] [335/459] JRRM
[09:03:12] [336/459] KATS
[09:03:13] [337/459] MHFF
[09:03:13] [338/459] ESYM
[09:03:15] [339/459] STYV
[09:03:15] [340/459] SDKG
[09:03:16] [341/459] SMTI
[09:03:18] [342/459] NYCS
[09:03:18] 🔄 Identity reset
[09:03:18] 🔄 Identity rotated (every 10 requests)
[09:03:18] 🔄 Retry 1/5 for NYCS in 2.2s
[09:03:18] 🔄 Identity reset
[09:03:20] 🧠 New identity created
[09:03:20] 🔄 Retry 2/5 for NYCS in 4.2s
[09:03:20] 🔄 Identity reset
[09:03:24] 🧠 New identity created
[09:03:25] [343/459] MTBG
[09:03:26] [344/459] RHCA
[09:03:27] [345/459] PCKH
[09:03:28] [346/459] ARCR
[09:03:29] [347/459] NCMB
[09:03:30] [348/459] SHYC
[09:03:31] [349/459] LACK
[09:03:32] [350/459] MTCM
[09:03:32] 🔄 Identity reset
[09:03:32] 🔄 Identity rotated (every 10 requests)
[09:03:33] [351/459] RRBN
[09:03:35] [352/459] MYDC
[09:03:36] [353/459] STCS
[09:03:36] [354/459] CONN
[09:03:37] [355/459] SIPS
[09:03:38] [356/459] SMMX
[09:03:39] [357/459] SCBY
[09:03:40] [358/459] SUAP
[09:03:41] [359/459] RSMK
[09:03:42] [360/459] STKP
[09:03:42] 🔄 Identity reset
[09:03:42] 🔄 Identity rotated (every 10 requests)
[09:03:42] 🔄 Retry 1/5 for STKP in 2.6s
[09:03:42] 🔄 Identity reset
[09:03:45] 🧠 New identity created
[09:03:46] [361/459] CIPC
[09:03:47] [362/459] KKCI
[09:03:48] [363/459] CTNK
[09:03:49] [364/459] MMTZ
[09:03:50] [365/459] DCCO
[09:03:51] [366/459] VNMN
[09:03:52] [367/459] RLCN
[09:03:53] [368/459] CMMS
[09:03:54] [369/459] AYOU
[09:03:54] 🔄 Identity reset
[09:03:54] 🔄 Identity rotated (every 10 requests)
[09:03:55] [370/459] SSCN
[09:03:56] [371/459] SMXN
[09:03:57] [372/459] ASSK
[09:03:58] [373/459] VCKM
[09:03:59] [374/459] PCPH
[09:04:00] [375/459] PADM
[09:04:01] [376/459] IESA
[09:04:02] [377/459] VCSP
[09:04:03] [378/459] AEST
[09:04:05] [379/459] VTNR
[09:04:05] 🔄 Identity reset
[09:04:05] 🔄 Identity rotated (every 10 requests)
[09:04:05] 🔄 Retry 1/5 for VTNR in 2.8s
[09:04:05] 🔄 Identity reset
[09:04:08] 🧠 New identity created
[09:04:08] 🔄 Retry 2/5 for VTNR in 4.4s
[09:04:08] 🔄 Identity reset
[09:04:12] 🧠 New identity created
[09:04:12] 🔄 Retry 3/5 for VTNR in 8.7s
[09:04:12] 🔄 Identity reset
[09:04:21] 🧠 New identity created
[09:04:22] [380/459] GTTA
[09:04:23] [381/459] CMMM
[09:04:24] [382/459] AHKT
[09:04:25] [383/459] SIJI
[09:04:26] [384/459] VCEI
[09:04:27] [385/459] SAKR
[09:04:28] [386/459] VSMT
[09:04:28] 🔄 Identity reset
[09:04:28] 🔄 Identity rotated (every 10 requests)
[09:04:28] 🔄 Retry 1/5 for VSMT in 2.0s
[09:04:28] 🔄 Identity reset
[09:04:30] 🧠 New identity created
[09:04:31] [387/459] SSCT
[09:04:32] [388/459] USTR
[09:04:33] [389/459] MTKT
[09:04:34] [390/459] TGMP
[09:04:35] [391/459] SIVC
[09:04:36] [392/459] KICT
[09:04:37] [393/459] DAMD
[09:04:38] [394/459] CNPT
[09:04:39] [395/459] RVTT
[09:04:39] 🔄 Identity reset
[09:04:39] 🔄 Identity rotated (every 10 requests)
[09:04:39] 🔄 Retry 1/5 for RVTT in 2.8s
[09:04:39] 🔄 Identity reset
[09:04:42] 🧠 New identity created
[09:04:43] [396/459] SNCM
[09:04:44] [397/459] GHTE
[09:04:44] [398/459] PPAM
[09:04:46] [399/459] PVAA
[09:04:46] [400/459] CPAO
[09:04:48] [401/459] HAMD
[09:04:49] [402/459] RCCA
[09:04:50] [403/459] MPCH
[09:04:51] [404/459] ARED
[09:04:51] 🔄 Identity reset
[09:04:51] 🔄 Identity rotated (every 10 requests)
[09:04:51] 🔄 Retry 1/5 for ARED in 2.8s
[09:04:51] 🔄 Identity reset
[09:04:54] 🧠 New identity created
[09:04:55] [405/459] RRCV
[09:04:56] [406/459] MTRB
[09:04:57] [407/459] CKUA
[09:04:58] [408/459] ABMP
[09:04:59] [409/459] RCWA
[09:05:00] [410/459] CGAR
[09:05:01] [411/459] METH
[09:05:02] [412/459] WAGA
[09:05:03] [413/459] MCMA
[09:05:03] 🔄 Identity reset
[09:05:03] 🔄 Identity rotated (every 10 requests)
[09:05:04] [414/459] CSMP
[09:05:05] [415/459] RCNK
[09:05:06] [416/459] PSTM
[09:05:07] [417/459] CSEP
[09:05:08] [418/459] AMGD
[09:05:09] [419/459] CSTE
[09:05:10] [420/459] CONS
[09:05:11] [421/459] APPX
[09:05:12] [422/459] MABC
[09:05:13] [423/459] CXST
[09:05:13] 🔄 Identity reset
[09:05:13] 🔄 Identity rotated (every 10 requests)
[09:05:15] [424/459] MATN
[09:05:15] [425/459] MACZ
[09:05:16] [426/459] MASA
[09:05:18] [427/459] MBSX
[09:05:19] [428/459] CSST
[09:05:20] [429/459] APCL
[09:05:21] [430/459] CGOS
[09:05:22] [431/459] CPEC
[09:05:23] [432/459] MCCP
[09:05:24] [433/459] BSSO
[09:05:24] 🔄 Identity reset
[09:05:24] 🔄 Identity rotated (every 10 requests)
[09:05:24] 🔄 Retry 1/5 for BSSO in 2.7s
[09:05:24] 🔄 Identity reset
[09:05:27] 🧠 New identity created
[09:05:28] [434/459] SJKA
[09:05:29] [435/459] CGBO
[09:05:30] [436/459] MVSK
[09:05:31] [437/459] HVCA
[09:05:32] [438/459] NAMD
[09:05:33] [439/459] DEVI
[09:05:34] [440/459] SCSV
[09:05:35] [441/459] PSMA
[09:05:36] [442/459] CLDJ
[09:05:36] 🔄 Identity reset
[09:05:36] 🔄 Identity rotated (every 10 requests)
[09:05:37] [443/459] NMAD
[09:05:38] [444/459] CGMO
[09:05:39] [445/459] MCNA
[09:05:40] [446/459] OCBN
[09:05:41] [447/459] CPEM
[09:05:42] [448/459] CPSM
[09:05:42] [449/459] RCAD
[09:05:43] [450/459] CPMU
[09:05:44] [451/459] DICD
[09:05:45] [452/459] CHOE
[09:05:45] 🔄 Identity reset
[09:05:45] 🔄 Identity rotated (every 10 requests)
[09:05:46] [453/459] PDJM
[09:05:48] [454/459] SSTU
[09:05:49] [455/459] VNRN
[09:05:50] [456/459] PVLG
[09:05:51] [457/459] SWBL
[09:05:52] [458/459] SCAB
[09:05:53] [459/459] RDDA
[09:05:54] 🧹 Deduping shows
[09:05:54] ✅ DONE | Shows=3836 | Movies=65
[10:33:55] 🚀 SCRIPT STARTED
[10:33:55] [1/459] MCCZ
[10:33:55] 🧠 New identity created
[10:33:56] [2/459] FRPU
[10:33:57] [3/459] SKSI
[10:33:58] [4/459] SSCK
[10:34:00] [5/459] SRDC
[10:34:01] [6/459] RSCZ
[10:34:02] [7/459] PRVT
[10:34:03] [8/459] GAGJ
[10:34:04] [9/459] SMHG
[10:34:05] [10/459] JTST
[10:34:05] 🔄 Identity reset
[10:34:05] 🔄 Identity rotated (every 10 requests)
[10:34:05] [11/459] MYTH
[10:34:06] [12/459] JPCC
[10:34:07] [13/459] ACDC
[10:34:08] [14/459] SVFP
[10:34:09] [15/459] SFCM
[10:34:10] [16/459] RUPK
[10:34:11] [17/459] NTCR
[10:34:11] [18/459] RTCH
[10:34:12] [19/459] SCMH
[10:34:13] [20/459] SVYM
[10:34:13] 🔄 Identity reset
[10:34:13] 🔄 Identity rotated (every 10 requests)
[10:34:13] 🔄 Retry 1/5 for SVYM in 2.3s
[10:34:13] 🔄 Identity reset
[10:34:16] 🧠 New identity created
[10:34:17] [21/459] SPYM
[10:34:18] [22/459] SMMF
[10:34:19] [23/459] CLLB
[10:34:20] [24/459] FMCB
[10:34:21] [25/459] BBTC
[10:34:22] [26/459] NTHS
[10:34:23] [27/459] PKKJ
[10:34:24] [28/459] MTJA
[10:34:25] [29/459] PMSJ
[10:34:25] 🔄 Identity reset
[10:34:25] 🔄 Identity rotated (every 10 requests)
[10:34:26] [30/459] JMJU
[10:34:27] [31/459] SRAD
[10:34:28] [32/459] MJMC
[10:34:29] [33/459] DFRM
[10:34:30] [34/459] PMRS
[10:34:31] [35/459] RKPP
[10:34:32] [36/459] BMBK
[10:34:33] [37/459] NEWS
[10:34:34] [38/459] SALB
[10:34:35] [39/459] SCPW
[10:34:35] 🔄 Identity reset
[10:34:35] 🔄 Identity rotated (every 10 requests)
[10:34:36] [40/459] RAYL
[10:34:38] [41/459] CMGJ
[10:34:39] [42/459] JRCR
[10:34:41] [43/459] SRTB
[10:34:42] [44/459] ETPB
[10:34:43] [45/459] MXBN
[10:34:44] [46/459] TOPE
[10:34:45] [47/459] SNLJ
[10:34:46] [48/459] CDDP
[10:34:47] [49/459] APCX
[10:34:47] 🔄 Identity reset
[10:34:47] 🔄 Identity rotated (every 10 requests)
[10:34:48] [50/459] TALP
[10:34:49] [51/459] RRMP
[10:34:50] [52/459] MAHB
[10:34:51] [53/459] MTKR
[10:34:52] [54/459] KSKL
[10:34:53] [55/459] RJLT
[10:34:54] [56/459] ATAS
[10:34:55] [57/459] AMHR
[10:34:56] [58/459] RSRM
[10:34:58] [59/459] GCAT
[10:34:58] 🔄 Identity reset
[10:34:58] 🔄 Identity rotated (every 10 requests)
[10:34:59] [60/459] SMML
[10:35:00] [61/459] ACCD
[10:35:01] [62/459] VYDA
[10:35:03] [63/459] MSKT
[10:35:04] [64/459] AVDM
[10:35:05] [65/459] ASMH
[10:35:07] [66/459] VTMB
[10:35:08] [67/459] WVMB
[10:35:09] [68/459] PPMN
[10:35:09] [69/459] MTMD
[10:35:09] 🔄 Identity reset
[10:35:09] 🔄 Identity rotated (every 10 requests)
[10:35:10] [70/459] SMMO
[10:35:12] [71/459] DLPB
[10:35:12] [72/459] AKMD
[10:35:13] [73/459] SHRR
[10:35:14] [74/459] ASCO
[10:35:15] [75/459] CZVX
[10:35:16] [76/459] GCBB
[10:35:17] [77/459] ATBM
[10:35:18] [78/459] TCGM
[10:35:19] [79/459] UMSE
[10:35:19] 🔄 Identity reset
[10:35:19] 🔄 Identity rotated (every 10 requests)
[10:35:20] [80/459] NKCL
[10:35:21] [81/459] BTLR
[10:35:22] [82/459] GOCL
[10:35:23] [83/459] MIRN
[10:35:24] [84/459] THEC
[10:35:25] [85/459] SPPB
[10:35:26] [86/459] PMMM
[10:35:27] [87/459] GGMC
[10:35:28] [88/459] AVSR
[10:35:29] [89/459] RDMH
[10:35:29] 🔄 Identity reset
[10:35:29] 🔄 Identity rotated (every 10 requests)
[10:35:29] 🔄 Retry 1/5 for RDMH in 2.1s
[10:35:29] 🔄 Identity reset
[10:35:31] 🧠 New identity created
[10:35:32] [90/459] JSRS
[10:35:33] [91/459] VKGP
[10:35:34] [92/459] ACRT
[10:35:35] [93/459] GCBA
[10:35:36] [94/459] GTCP
[10:35:37] [95/459] AKFC
[10:35:38] [96/459] INCS
[10:35:39] [97/459] SMCK
[10:35:40] [98/459] BRUN
[10:35:40] 🔄 Identity reset
[10:35:40] 🔄 Identity rotated (every 10 requests)
[10:35:41] [99/459] RPPC
[10:35:42] [100/459] PAYD
[10:35:43] [101/459] SVVT
[10:35:44] [102/459] RNCC
[10:35:45] [103/459] PCRC
[10:35:46] [104/459] PMRM
[10:35:47] [105/459] CCRP
[10:35:48] [106/459] INCR
[10:35:48] [107/459] ZTMP
[10:35:49] [108/459] MCNR
[10:35:49] 🔄 Identity reset
[10:35:50] 🔄 Identity rotated (every 10 requests)
[10:35:50] 🔄 Retry 1/5 for MCNR in 2.0s
[10:35:50] 🔄 Identity reset
[10:35:52] 🧠 New identity created
[10:35:53] [109/459] INRP
[10:35:53] [110/459] STRC
[10:35:54] [111/459] RATI
[10:35:55] [112/459] PBTR
[10:35:56] [113/459] CMHP
[10:35:57] [114/459] ZECJ
[10:35:58] [115/459] CCCB
[10:36:00] [116/459] BWCB
[10:36:02] [117/459] CCAT
[10:36:02] 🔄 Identity reset
[10:36:02] 🔄 Identity rotated (every 10 requests)
[10:36:02] 🔄 Retry 1/5 for CCAT in 2.9s
[10:36:02] 🔄 Identity reset
[10:36:05] 🧠 New identity created
[10:36:06] [118/459] KGCM
[10:36:07] [119/459] INPT
[10:36:08] [120/459] FNCO
[10:36:09] [121/459] SRMJ
[10:36:10] [122/459] PFSC
[10:36:11] [123/459] PBMC
[10:36:11] [124/459] KARP
[10:36:13] [125/459] KOVI
[10:36:14] [126/459] ACXL
[10:36:14] 🔄 Identity reset
[10:36:14] 🔄 Identity rotated (every 10 requests)
[10:36:15] [127/459] GKCC
[10:36:16] [128/459] ASCC
[10:36:17] [129/459] SETC
[10:36:18] [130/459] KACC
[10:36:19] [131/459] KAVE
[10:36:20] [132/459] CNTC
[10:36:21] [133/459] MEEN
[10:36:22] [134/459] BMRV
[10:36:23] [135/459] SVAM
[10:36:24] [136/459] VTBP
[10:36:24] 🔄 Identity reset
[10:36:24] 🔄 Identity rotated (every 10 requests)
[10:36:25] [137/459] VCKN
[10:36:26] [138/459] SGTK
[10:36:27] [139/459] RCGS
[10:36:27] [140/459] RCCB
[10:36:29] [141/459] RKSR
[10:36:30] [142/459] RKCU
[10:36:31] [143/459] GIBH
[10:36:32] [144/459] CXBS
[10:36:34] [145/459] GGCB
[10:36:35] [146/459] SCPB
[10:36:35] 🔄 Identity reset
[10:36:35] 🔄 Identity rotated (every 10 requests)
[10:36:35] 🔄 Retry 1/5 for SCPB in 3.0s
[10:36:35] 🔄 Identity reset
[10:36:38] 🧠 New identity created
[10:36:38] 🔄 Retry 2/5 for SCPB in 4.2s
[10:36:38] 🔄 Identity reset
[10:36:42] 🧠 New identity created
[10:36:43] [147/459] AKTB
[10:36:44] [148/459] SRBU
[10:36:45] [149/459] CSSA
[10:36:46] [150/459] MYAN
[10:36:46] [151/459] EXCA
[10:36:47] [152/459] CKSA
[10:36:49] [153/459] JTNM
[10:36:50] [154/459] CXKT
[10:36:50] 🔄 Identity reset
[10:36:50] 🔄 Identity rotated (every 10 requests)
[10:36:51] [155/459] NCLM
[10:36:52] [156/459] JAAD
[10:36:53] [157/459] RDCR
[10:36:54] [158/459] MEER
[10:36:54] [159/459] SIBT
[10:36:55] [160/459] PVVB
[10:36:56] [161/459] FNPN
[10:36:57] [162/459] CRPX
[10:36:58] [163/459] STET
[10:36:59] [164/459] METE
[10:36:59] 🔄 Identity reset
[10:36:59] 🔄 Identity rotated (every 10 requests)
[10:36:59] 🔄 Retry 1/5 for METE in 3.0s
[10:36:59] 🔄 Identity reset
[10:37:02] 🧠 New identity created
[10:37:02] 🔄 Retry 2/5 for METE in 4.6s
[10:37:02] 🔄 Identity reset
[10:37:07] 🧠 New identity created
[10:37:08] [165/459] BJML
[10:37:09] [166/459] MAVT
[10:37:10] [167/459] MSRM
[10:37:11] [168/459] TJMP
[10:37:13] [169/459] MHCK
[10:37:14] [170/459] SVGP
[10:37:15] [171/459] KRRC
[10:37:16] [172/459] IMCH
[10:37:16] 🔄 Identity reset
[10:37:16] 🔄 Identity rotated (every 10 requests)
[10:37:16] 🔄 Retry 1/5 for IMCH in 2.2s
[10:37:16] 🔄 Identity reset
[10:37:18] 🧠 New identity created
[10:37:18] 🔄 Retry 2/5 for IMCH in 4.4s
[10:37:18] 🔄 Identity reset
[10:37:22] 🧠 New identity created
[10:37:23] [173/459] CMCS
[10:37:24] [174/459] SGND
[10:37:25] [175/459] RNAT
[10:37:26] [176/459] PRTN
[10:37:27] [177/459] MPTN
[10:37:28] [178/459] ARCC
[10:37:29] [179/459] NTTE
[10:37:30] [180/459] ABND
[10:37:30] 🔄 Identity reset
[10:37:30] 🔄 Identity rotated (every 10 requests)
[10:37:32] [181/459] KCSN
[10:37:33] [182/459] KCSA
[10:37:33] [183/459] DCKT
[10:37:35] [184/459] MBBR
[10:37:36] [185/459] RAMU
[10:37:37] [186/459] RACW
[10:37:38] [187/459] MCHP
[10:37:40] [188/459] TMHM
[10:37:41] [189/459] STXH
[10:37:42] [190/459] AGSG
[10:37:42] 🔄 Identity reset
[10:37:42] 🔄 Identity rotated (every 10 requests)
[10:37:43] [191/459] SIRA
[10:37:44] [192/459] RCAN
[10:37:45] [193/459] CWTB
[10:37:46] [194/459] VTYM
[10:37:46] [195/459] RRPP
[10:37:47] [196/459] ASMR
[10:37:48] [197/459] RONO
[10:37:49] [198/459] MEMR
[10:37:50] [199/459] CTMR
[10:37:51] [200/459] PMTT
[10:37:51] 🔄 Identity reset
[10:37:51] 🔄 Identity rotated (every 10 requests)
[10:37:52] [201/459] PSLX
[10:37:53] [202/459] IPPL
[10:37:54] [203/459] MMSG
[10:37:56] [204/459] INEL
[10:37:57] [205/459] COAC
[10:37:58] [206/459] WVLK
[10:37:58] [207/459] PPXL
[10:38:00] [208/459] PSML
[10:38:01] [209/459] FNLK
[10:38:02] [210/459] ILUM
[10:38:02] 🔄 Identity reset
[10:38:02] 🔄 Identity rotated (every 10 requests)
[10:38:04] [211/459] ILCM
[10:38:05] [212/459] MSNL
[10:38:06] [213/459] VINB
[10:38:07] [214/459] SALW
[10:38:08] [215/459] PRTB
[10:38:09] [216/459] NCIL
[10:38:10] [217/459] PSUL
[10:38:11] [218/459] SCLK
[10:38:12] [219/459] ADDC
[10:38:13] [220/459] OACL
[10:38:13] 🔄 Identity reset
[10:38:13] 🔄 Identity rotated (every 10 requests)
[10:38:14] [221/459] OOCF
[10:38:15] [222/459] GPMF
[10:38:15] [223/459] SSDG
[10:38:16] [224/459] SKRS
[10:38:18] [225/459] NTTP
[10:38:19] [226/459] SLTP
[10:38:20] [227/459] JTLC
[10:38:21] [228/459] POON
[10:38:22] [229/459] CCPC
[10:38:23] [230/459] DCKC
[10:38:23] 🔄 Identity reset
[10:38:23] 🔄 Identity rotated (every 10 requests)
[10:38:24] [231/459] CPRT
[10:38:25] [232/459] EYHZ
[10:38:26] [233/459] ARBL
[10:38:28] [234/459] SBTB
[10:38:29] [235/459] MMCK
[10:38:30] [236/459] PLMR
[10:38:31] [237/459] BIJH
[10:38:32] [238/459] SDRT
[10:38:33] [239/459] PRDC
[10:38:33] [240/459] OMJA
[10:38:33] 🔄 Identity reset
[10:38:33] 🔄 Identity rotated (every 10 requests)
[10:38:34] [241/459] VKCR
[10:38:35] [242/459] ATRT
[10:38:36] [243/459] WVRP
[10:38:37] [244/459] MVRP
[10:38:38] [245/459] FCAX
[10:38:40] [246/459] CTLC
[10:38:41] [247/459] JCHB
[10:38:42] [248/459] SELP
[10:38:43] [249/459] VCPG
[10:38:44] [250/459] ASCX
[10:38:44] 🔄 Identity reset
[10:38:44] 🔄 Identity rotated (every 10 requests)
[10:38:45] [251/459] EOCS
[10:38:46] [252/459] RCPH
[10:38:47] [253/459] RJTM
[10:38:48] [254/459] SGMD
[10:38:49] [255/459] SVJT
[10:38:50] [256/459] SPPO
[10:38:51] [257/459] MNRL
[10:38:52] [258/459] KNOX
[10:38:53] [259/459] GIER
[10:38:54] [260/459] PJMS
[10:38:54] 🔄 Identity reset
[10:38:54] 🔄 Identity rotated (every 10 requests)
[10:38:54] 🔄 Retry 1/5 for PJMS in 3.0s
[10:38:54] 🔄 Identity reset
[10:38:57] 🧠 New identity created
[10:38:58] [261/459] UNSP
[10:38:59] [262/459] JETP
[10:39:00] [263/459] VTWA
[10:39:01] [264/459] SCJI
[10:39:02] [265/459] CBZZ
[10:39:03] [266/459] SDCJ
[10:39:04] [267/459] RRCC
[10:39:06] [268/459] VNKG
[10:39:07] [269/459] LKTO
[10:39:07] 🔄 Identity reset
[10:39:07] 🔄 Identity rotated (every 10 requests)
[10:39:08] [270/459] PJRM
[10:39:09] [271/459] NVRM
[10:39:10] [272/459] SJCS
[10:39:11] [273/459] VIGK
[10:39:12] [274/459] ANST
[10:39:13] [275/459] JTTS
[10:39:14] [276/459] NTST
[10:39:15] [277/459] PREB
[10:39:16] [278/459] TSCZ
[10:39:17] [279/459] CDCM
[10:39:17] 🔄 Identity reset
[10:39:17] 🔄 Identity rotated (every 10 requests)
[10:39:17] 🔄 Retry 1/5 for CDCM in 2.7s
[10:39:17] 🔄 Identity reset
[10:39:20] 🧠 New identity created
[10:39:21] [280/459] ELYE
[10:39:21] [281/459] INBS
[10:39:22] [282/459] SMGC
[10:39:23] [283/459] UTMP
[10:39:25] [284/459] INTA
[10:39:26] [285/459] OMPT
[10:39:27] [286/459] SCIR
[10:39:29] [287/459] GCKJ
[10:39:30] [288/459] INOG
[10:39:30] 🔄 Identity reset
[10:39:30] 🔄 Identity rotated (every 10 requests)
[10:39:31] [289/459] SMGB
[10:39:32] [290/459] MCSG
[10:39:33] [291/459] STKG
[10:39:34] [292/459] TTKG
[10:39:35] [293/459] SRTR
[10:39:35] [294/459] ETTR
[10:39:36] [295/459] GGGZ
[10:39:37] [296/459] IPGM
[10:39:38] [297/459] FCDH
[10:39:39] [298/459] DESB
[10:39:39] 🔄 Identity reset
[10:39:39] 🔄 Identity rotated (every 10 requests)
[10:39:40] [299/459] VNTP
[10:39:41] [300/459] ANNT
[10:39:42] [301/459] SLTI
[10:39:43] [302/459] MAJU
[10:39:45] [303/459] JCXP
[10:39:46] [304/459] HARK
[10:39:47] [305/459] JPCJ
[10:39:48] [306/459] RXBD
[10:39:49] [307/459] PTKJ
[10:39:51] [308/459] CMTU
[10:39:51] 🔄 Identity reset
[10:39:51] 🔄 Identity rotated (every 10 requests)
[10:39:51] 🔄 Retry 1/5 for CMTU in 2.3s
[10:39:51] 🔄 Identity reset
[10:39:53] 🧠 New identity created
[10:39:54] [309/459] SWOR
[10:39:55] [310/459] JMEX
[10:39:56] [311/459] DTPT
[10:39:57] [312/459] VGMM
[10:39:58] [313/459] VCSG
[10:39:59] [314/459] CVCG
[10:40:00] [315/459] TNTT
[10:40:01] [316/459] SHRM
[10:40:01] [317/459] CGKD
[10:40:01] 🔄 Identity reset
[10:40:02] 🔄 Identity rotated (every 10 requests)
[10:40:02] 🔄 Retry 1/5 for CGKD in 2.5s
[10:40:02] 🔄 Identity reset
[10:40:04] 🧠 New identity created
[10:40:05] [318/459] EKCM
[10:40:06] [319/459] SDCX
[10:40:07] [320/459] SBTE
[10:40:08] [321/459] STKJ
[10:40:10] [322/459] TPCE
[10:40:11] [323/459] JTNP
[10:40:12] [324/459] LPCH
[10:40:14] [325/459] CPUO
[10:40:14] [326/459] APSU
[10:40:14] 🔄 Identity reset
[10:40:14] 🔄 Identity rotated (every 10 requests)
[10:40:15] [327/459] RTHC
[10:40:16] [328/459] PTBU
[10:40:17] [329/459] CUCC
[10:40:18] [330/459] CPSA
[10:40:19] [331/459] SUAY
[10:40:20] [332/459] AYAA
[10:40:21] [333/459] MUCH
[10:40:22] [334/459] PCIN
[10:40:23] [335/459] JRRM
[10:40:24] [336/459] KATS
[10:40:24] 🔄 Identity reset
[10:40:24] 🔄 Identity rotated (every 10 requests)
[10:40:24] 🔄 Retry 1/5 for KATS in 3.0s
[10:40:24] 🔄 Identity reset
[10:40:27] 🧠 New identity created
[10:40:28] [337/459] MHFF
[10:40:29] [338/459] ESYM
[10:40:30] [339/459] STYV
[10:40:31] [340/459] SDKG
[10:40:32] [341/459] SMTI
[10:40:33] [342/459] NYCS
[10:40:34] [343/459] MTBG
[10:40:35] [344/459] RHCA
[10:40:36] [345/459] PCKH
[10:40:36] 🔄 Identity reset
[10:40:36] 🔄 Identity rotated (every 10 requests)
[10:40:37] [346/459] ARCR
[10:40:38] [347/459] NCMB
[10:40:39] [348/459] SHYC
[10:40:40] [349/459] LACK
[10:40:41] [350/459] MTCM
[10:40:42] [351/459] RRBN
[10:40:43] [352/459] MYDC
[10:40:44] [353/459] STCS
[10:40:45] [354/459] CONN
[10:40:46] [355/459] SIPS
[10:40:46] 🔄 Identity reset
[10:40:46] 🔄 Identity rotated (every 10 requests)
[10:40:47] [356/459] SMMX
[10:40:48] [357/459] SCBY
[10:40:49] [358/459] SUAP
[10:40:49] [359/459] RSMK
[10:40:50] [360/459] STKP
[10:40:51] [361/459] CIPC
[10:40:52] [362/459] KKCI
[10:40:53] [363/459] CTNK
[10:40:54] [364/459] MMTZ
[10:40:55] [365/459] DCCO
[10:40:55] 🔄 Identity reset
[10:40:55] 🔄 Identity rotated (every 10 requests)
[10:40:56] [366/459] VNMN
[10:40:57] [367/459] RLCN
[10:40:58] [368/459] CMMS
[10:40:59] [369/459] AYOU
[10:41:01] [370/459] SSCN
[10:41:02] [371/459] SMXN
[10:41:03] [372/459] ASSK
[10:41:04] [373/459] VCKM
[10:41:05] [374/459] PCPH
[10:41:06] [375/459] PADM
[10:41:06] 🔄 Identity reset
[10:41:06] 🔄 Identity rotated (every 10 requests)
[10:41:07] [376/459] IESA
[10:41:09] [377/459] VCSP
[10:41:09] [378/459] AEST
[10:41:10] [379/459] VTNR
[10:41:11] [380/459] GTTA
[10:41:12] [381/459] CMMM
[10:41:13] [382/459] AHKT
[10:41:14] [383/459] SIJI
[10:41:15] [384/459] VCEI
[10:41:16] [385/459] SAKR
[10:41:16] 🔄 Identity reset
[10:41:16] 🔄 Identity rotated (every 10 requests)
[10:41:17] [386/459] VSMT
[10:41:18] [387/459] SSCT
[10:41:19] [388/459] USTR
[10:41:20] [389/459] MTKT
[10:41:21] [390/459] TGMP
[10:41:22] [391/459] SIVC
[10:41:23] [392/459] KICT
[10:41:24] [393/459] DAMD
[10:41:25] [394/459] CNPT
[10:41:26] [395/459] RVTT
[10:41:26] 🔄 Identity reset
[10:41:26] 🔄 Identity rotated (every 10 requests)
[10:41:26] 🔄 Retry 1/5 for RVTT in 2.2s
[10:41:26] 🔄 Identity reset
[10:41:28] 🧠 New identity created
[10:41:28] 🔄 Retry 2/5 for RVTT in 4.8s
[10:41:28] 🔄 Identity reset
[10:41:33] 🧠 New identity created
[10:41:34] [396/459] SNCM
[10:41:35] [397/459] GHTE
[10:41:36] [398/459] PPAM
[10:41:37] [399/459] PVAA
[10:41:38] [400/459] CPAO
[10:41:40] [401/459] HAMD
[10:41:41] [402/459] RCCA
[10:41:42] [403/459] MPCH
[10:41:42] 🔄 Identity reset
[10:41:42] 🔄 Identity rotated (every 10 requests)
[10:41:43] [404/459] ARED
[10:41:44] [405/459] RRCV
[10:41:45] [406/459] MTRB
[10:41:46] [407/459] CKUA
[10:41:47] [408/459] ABMP
[10:41:49] [409/459] RCWA
[10:41:50] [410/459] CGAR
[10:41:52] [411/459] METH
[10:41:52] [412/459] WAGA
[10:41:53] [413/459] MCMA
[10:41:53] 🔄 Identity reset
[10:41:53] 🔄 Identity rotated (every 10 requests)
[10:41:54] [414/459] CSMP
[10:41:55] [415/459] RCNK
[10:41:56] [416/459] PSTM
[10:41:57] [417/459] CSEP
[10:41:58] [418/459] AMGD
[10:41:59] [419/459] CSTE
[10:42:00] [420/459] CONS
[10:42:01] [421/459] APPX
[10:42:02] [422/459] MABC
[10:42:03] [423/459] CXST
[10:42:03] 🔄 Identity reset
[10:42:03] 🔄 Identity rotated (every 10 requests)
[10:42:04] [424/459] MATN
[10:42:05] [425/459] MACZ
[10:42:06] [426/459] MASA
[10:42:07] [427/459] MBSX
[10:42:08] [428/459] CSST
[10:42:10] [429/459] APCL
[10:42:11] [430/459] CGOS
[10:42:12] [431/459] CPEC
[10:42:13] [432/459] MCCP
[10:42:14] [433/459] BSSO
[10:42:14] 🔄 Identity reset
[10:42:14] 🔄 Identity rotated (every 10 requests)
[10:42:14] 🔄 Retry 1/5 for BSSO in 2.3s
[10:42:14] 🔄 Identity reset
[10:42:16] 🧠 New identity created
[10:42:17] [434/459] SJKA
[10:42:18] [435/459] CGBO
[10:42:19] [436/459] MVSK
[10:42:20] [437/459] HVCA
[10:42:21] [438/459] NAMD
[10:42:22] [439/459] DEVI
[10:42:23] [440/459] SCSV
[10:42:24] [441/459] PSMA
[10:42:25] [442/459] CLDJ
[10:42:25] 🔄 Identity reset
[10:42:25] 🔄 Identity rotated (every 10 requests)
[10:42:27] [443/459] NMAD
[10:42:28] [444/459] CGMO
[10:42:29] [445/459] MCNA
[10:42:30] [446/459] OCBN
[10:42:31] [447/459] CPEM
[10:42:32] [448/459] CPSM
[10:42:33] [449/459] RCAD
[10:42:34] [450/459] CPMU
[10:42:35] [451/459] DICD
[10:42:36] [452/459] CHOE
[10:42:36] 🔄 Identity reset
[10:42:36] 🔄 Identity rotated (every 10 requests)
[10:42:37] [453/459] PDJM
[10:42:38] [454/459] SSTU
[10:42:39] [455/459] VNRN
[10:42:40] [456/459] PVLG
[10:42:41] [457/459] SWBL
[10:42:42] [458/459] SCAB
[10:42:43] [459/459] RDDA
[10:42:44] 🧹 Deduping shows
[10:42:45] ✅ DONE | Shows=3875 | Movies=65
[12:51:01] 🚀 SCRIPT STARTED
[12:51:01] [1/459] MCCZ
[12:51:01] 🧠 New identity created
[12:51:02] [2/459] FRPU
[12:51:03] [3/459] SKSI
[12:51:05] [4/459] SSCK
[12:51:06] [5/459] SRDC
[12:51:07] [6/459] RSCZ
[12:51:08] [7/459] PRVT
[12:51:09] [8/459] GAGJ
[12:51:10] [9/459] SMHG
[12:51:11] [10/459] JTST
[12:51:11] 🔄 Identity reset
[12:51:11] 🔄 Identity rotated (every 10 requests)
[12:51:12] [11/459] MYTH
[12:51:13] [12/459] JPCC
[12:51:13] [13/459] ACDC
[12:51:15] [14/459] SVFP
[12:51:16] [15/459] SFCM
[12:51:17] [16/459] RUPK
[12:51:18] [17/459] NTCR
[12:51:19] [18/459] RTCH
[12:51:20] [19/459] SCMH
[12:51:20] [20/459] SVYM
[12:51:20] 🔄 Identity reset
[12:51:20] 🔄 Identity rotated (every 10 requests)
[12:51:21] [21/459] SPYM
[12:51:23] [22/459] SMMF
[12:51:24] [23/459] CLLB
[12:51:25] [24/459] FMCB
[12:51:25] [25/459] BBTC
[12:51:26] [26/459] NTHS
[12:51:27] [27/459] PKKJ
[12:51:28] [28/459] MTJA
[12:51:29] [29/459] PMSJ
[12:51:31] [30/459] JMJU
[12:51:31] 🔄 Identity reset
[12:51:31] 🔄 Identity rotated (every 10 requests)
[12:51:32] [31/459] SRAD
[12:51:33] [32/459] MJMC
[12:51:34] [33/459] DFRM
[12:51:34] [34/459] PMRS
[12:51:35] [35/459] RKPP
[12:51:36] [36/459] BMBK
[12:51:37] [37/459] NEWS
[12:51:38] [38/459] SALB
[12:51:39] [39/459] SCPW
[12:51:39] [40/459] RAYL
[12:51:39] 🔄 Identity reset
[12:51:40] 🔄 Identity rotated (every 10 requests)
[12:51:41] [41/459] CMGJ
[12:51:42] [42/459] JRCR
[12:51:43] [43/459] SRTB
[12:51:44] [44/459] ETPB
[12:51:45] [45/459] MXBN
[12:51:46] [46/459] TOPE
[12:51:48] [47/459] SNLJ
[12:51:49] [48/459] CDDP
[12:51:50] [49/459] APCX
[12:51:51] [50/459] TALP
[12:51:51] 🔄 Identity reset
[12:51:51] 🔄 Identity rotated (every 10 requests)
[12:51:52] [51/459] RRMP
[12:51:54] [52/459] MAHB
[12:51:55] [53/459] MTKR
[12:51:56] [54/459] KSKL
[12:51:57] [55/459] RJLT
[12:51:58] [56/459] ATAS
[12:51:59] [57/459] AMHR
[12:52:00] [58/459] RSRM
[12:52:01] [59/459] GCAT
[12:52:01] [60/459] SMML
[12:52:01] 🔄 Identity reset
[12:52:01] 🔄 Identity rotated (every 10 requests)
[12:52:02] [61/459] ACCD
[12:52:04] [62/459] VYDA
[12:52:05] [63/459] MSKT
[12:52:06] [64/459] AVDM
[12:52:07] [65/459] ASMH
[12:52:08] [66/459] VTMB
[12:52:09] [67/459] WVMB
[12:52:10] [68/459] PPMN
[12:52:11] [69/459] MTMD
[12:52:12] [70/459] SMMO
[12:52:12] 🔄 Identity reset
[12:52:12] 🔄 Identity rotated (every 10 requests)
[12:52:12] 🔄 Retry 1/5 for SMMO in 2.7s
[12:52:12] 🔄 Identity reset
[12:52:15] 🧠 New identity created
[12:52:16] [71/459] DLPB
[12:52:16] [72/459] AKMD
[12:52:17] [73/459] SHRR
[12:52:18] [74/459] ASCO
[12:52:19] [75/459] CZVX
[12:52:20] [76/459] GCBB
[12:52:21] [77/459] ATBM
[12:52:22] [78/459] TCGM
[12:52:23] [79/459] UMSE
[12:52:23] 🔄 Identity reset
[12:52:23] 🔄 Identity rotated (every 10 requests)
[12:52:24] [80/459] NKCL
[12:52:25] [81/459] BTLR
[12:52:25] [82/459] GOCL
[12:52:26] [83/459] MIRN
[12:52:27] [84/459] THEC
[12:52:28] [85/459] SPPB
[12:52:29] [86/459] PMMM
[12:52:30] [87/459] GGMC
[12:52:31] [88/459] AVSR
[12:52:33] [89/459] RDMH
[12:52:33] 🔄 Identity reset
[12:52:33] 🔄 Identity rotated (every 10 requests)
[12:52:34] [90/459] JSRS
[12:52:35] [91/459] VKGP
[12:52:36] [92/459] ACRT
[12:52:37] [93/459] GCBA
[12:52:39] [94/459] GTCP
[12:52:40] [95/459] AKFC
[12:52:41] [96/459] INCS
[12:52:42] [97/459] SMCK
[12:52:43] [98/459] BRUN
[12:52:44] [99/459] RPPC
[12:52:44] 🔄 Identity reset
[12:52:44] 🔄 Identity rotated (every 10 requests)
[12:52:45] [100/459] PAYD
[12:52:46] [101/459] SVVT
[12:52:48] [102/459] RNCC
[12:52:49] [103/459] PCRC
[12:52:50] [104/459] PMRM
[12:52:51] [105/459] CCRP
[12:52:52] [106/459] INCR
[12:52:53] [107/459] ZTMP
[12:52:54] [108/459] MCNR
[12:52:55] [109/459] INRP
[12:52:55] 🔄 Identity reset
[12:52:55] 🔄 Identity rotated (every 10 requests)
[12:52:56] [110/459] STRC
[12:52:57] [111/459] RATI
[12:52:58] [112/459] PBTR
[12:52:59] [113/459] CMHP
[12:53:00] [114/459] ZECJ
[12:53:01] [115/459] CCCB
[12:53:02] [116/459] BWCB
[12:53:03] [117/459] CCAT
[12:53:04] [118/459] KGCM
[12:53:05] [119/459] INPT
[12:53:05] 🔄 Identity reset
[12:53:05] 🔄 Identity rotated (every 10 requests)
[12:53:05] 🔄 Retry 1/5 for INPT in 2.8s
[12:53:05] 🔄 Identity reset
[12:53:08] 🧠 New identity created
[12:53:08] 🔄 Retry 2/5 for INPT in 4.2s
[12:53:08] 🔄 Identity reset
[12:53:12] 🧠 New identity created
[12:53:13] [120/459] FNCO
[12:53:14] [121/459] SRMJ
[12:53:14] [122/459] PFSC
[12:53:15] [123/459] PBMC
[12:53:16] [124/459] KARP
[12:53:17] [125/459] KOVI
[12:53:18] [126/459] ACXL
[12:53:19] [127/459] GKCC
[12:53:19] 🔄 Identity reset
[12:53:19] 🔄 Identity rotated (every 10 requests)
[12:53:19] 🔄 Retry 1/5 for GKCC in 2.4s
[12:53:19] 🔄 Identity reset
[12:53:21] 🧠 New identity created
[12:53:22] 🔄 Retry 2/5 for GKCC in 4.5s
[12:53:22] 🔄 Identity reset
[12:53:26] 🧠 New identity created
[12:53:27] [128/459] ASCC
[12:53:28] [129/459] SETC
[12:53:29] [130/459] KACC
[12:53:30] [131/459] KAVE
[12:53:31] [132/459] CNTC
[12:53:32] [133/459] MEEN
[12:53:33] [134/459] BMRV
[12:53:34] [135/459] SVAM
[12:53:34] 🔄 Identity reset
[12:53:34] 🔄 Identity rotated (every 10 requests)
[12:53:35] [136/459] VTBP
[12:53:36] [137/459] VCKN
[12:53:37] [138/459] SGTK
[12:53:37] [139/459] RCGS
[12:53:38] [140/459] RCCB
[12:53:39] [141/459] RKSR
[12:53:40] [142/459] RKCU
[12:53:41] [143/459] GIBH
[12:53:42] [144/459] CXBS
[12:53:43] [145/459] GGCB
[12:53:43] 🔄 Identity reset
[12:53:43] 🔄 Identity rotated (every 10 requests)
[12:53:44] [146/459] SCPB
[12:53:45] [147/459] AKTB
[12:53:46] [148/459] SRBU
[12:53:47] [149/459] CSSA
[12:53:48] [150/459] MYAN
[12:53:48] [151/459] EXCA
[12:53:49] [152/459] CKSA
[12:53:50] [153/459] JTNM
[12:53:51] [154/459] CXKT
[12:53:52] [155/459] NCLM
[12:53:52] 🔄 Identity reset
[12:53:52] 🔄 Identity rotated (every 10 requests)
[12:53:53] [156/459] JAAD
[12:53:54] [157/459] RDCR
[12:53:56] [158/459] MEER
[12:53:57] [159/459] SIBT
[12:53:58] [160/459] PVVB
[12:54:00] [161/459] FNPN
[12:54:00] [162/459] CRPX
[12:54:01] [163/459] STET
[12:54:02] [164/459] METE
[12:54:03] [165/459] BJML
[12:54:03] 🔄 Identity reset
[12:54:03] 🔄 Identity rotated (every 10 requests)
[12:54:04] [166/459] MAVT
[12:54:05] [167/459] MSRM
[12:54:06] [168/459] TJMP
[12:54:07] [169/459] MHCK
[12:54:08] [170/459] SVGP
[12:54:09] [171/459] KRRC
[12:54:11] [172/459] IMCH
[12:54:11] [173/459] CMCS
[12:54:12] [174/459] SGND
[12:54:13] [175/459] RNAT
[12:54:13] 🔄 Identity reset
[12:54:13] 🔄 Identity rotated (every 10 requests)
[12:54:14] [176/459] PRTN
[12:54:15] [177/459] MPTN
[12:54:16] [178/459] ARCC
[12:54:17] [179/459] NTTE
[12:54:18] [180/459] ABND
[12:54:20] [181/459] KCSN
[12:54:20] [182/459] KCSA
[12:54:22] [183/459] DCKT
[12:54:22] [184/459] MBBR
[12:54:23] [185/459] RAMU
[12:54:23] 🔄 Identity reset
[12:54:23] 🔄 Identity rotated (every 10 requests)
[12:54:24] [186/459] RACW
[12:54:25] [187/459] MCHP
[12:54:26] [188/459] TMHM
[12:54:27] [189/459] STXH
[12:54:28] [190/459] AGSG
[12:54:29] [191/459] SIRA
[12:54:30] [192/459] RCAN
[12:54:30] [193/459] CWTB
[12:54:31] [194/459] VTYM
[12:54:32] [195/459] RRPP
[12:54:32] 🔄 Identity reset
[12:54:32] 🔄 Identity rotated (every 10 requests)
[12:54:32] 🔄 Retry 1/5 for RRPP in 2.9s
[12:54:32] 🔄 Identity reset
[12:54:35] 🧠 New identity created
[12:54:36] [196/459] ASMR
[12:54:37] [197/459] RONO
[12:54:39] [198/459] MEMR
[12:54:39] [199/459] CTMR
[12:54:40] [200/459] PMTT
[12:54:41] [201/459] PSLX
[12:54:42] [202/459] IPPL
[12:54:43] [203/459] MMSG
[12:54:44] [204/459] INEL
[12:54:44] 🔄 Identity reset
[12:54:44] 🔄 Identity rotated (every 10 requests)
[12:54:44] 🔄 Retry 1/5 for INEL in 2.6s
[12:54:44] 🔄 Identity reset
[12:54:47] 🧠 New identity created
[12:54:48] [205/459] COAC
[12:54:49] [206/459] WVLK
[12:54:51] [207/459] PPXL
[12:54:52] [208/459] PSML
[12:54:52] [209/459] FNLK
[12:54:53] [210/459] ILUM
[12:54:54] [211/459] ILCM
[12:54:55] [212/459] MSNL
[12:54:56] [213/459] VINB
[12:54:56] 🔄 Identity reset
[12:54:56] 🔄 Identity rotated (every 10 requests)
[12:54:57] [214/459] SALW
[12:54:58] [215/459] PRTB
[12:54:59] [216/459] NCIL
[12:55:00] [217/459] PSUL
[12:55:01] [218/459] SCLK
[12:55:02] [219/459] ADDC
[12:55:03] [220/459] OACL
[12:55:04] [221/459] OOCF
[12:55:05] [222/459] GPMF
[12:55:06] [223/459] SSDG
[12:55:06] 🔄 Identity reset
[12:55:06] 🔄 Identity rotated (every 10 requests)
[12:55:07] [224/459] SKRS
[12:55:08] [225/459] NTTP
[12:55:09] [226/459] SLTP
[12:55:10] [227/459] JTLC
[12:55:11] [228/459] POON
[12:55:12] [229/459] CCPC
[12:55:13] [230/459] DCKC
[12:55:14] [231/459] CPRT
[12:55:15] [232/459] EYHZ
[12:55:15] [233/459] ARBL
[12:55:15] 🔄 Identity reset
[12:55:15] 🔄 Identity rotated (every 10 requests)
[12:55:16] 🔄 Retry 1/5 for ARBL in 2.2s
[12:55:16] 🔄 Identity reset
[12:55:18] 🧠 New identity created
[12:55:19] [234/459] SBTB
[12:55:20] [235/459] MMCK
[12:55:21] [236/459] PLMR
[12:55:22] [237/459] BIJH
[12:55:23] [238/459] SDRT
[12:55:23] [239/459] PRDC
[12:55:24] [240/459] OMJA
[12:55:25] [241/459] VKCR
[12:55:26] [242/459] ATRT
[12:55:26] 🔄 Identity reset
[12:55:26] 🔄 Identity rotated (every 10 requests)
[12:55:27] [243/459] WVRP
[12:55:28] [244/459] MVRP
[12:55:29] [245/459] FCAX
[12:55:30] [246/459] CTLC
[12:55:31] [247/459] JCHB
[12:55:32] [248/459] SELP
[12:55:33] [249/459] VCPG
[12:55:34] [250/459] ASCX
[12:55:35] [251/459] EOCS
[12:55:36] [252/459] RCPH
[12:55:36] 🔄 Identity reset
[12:55:36] 🔄 Identity rotated (every 10 requests)
[12:55:37] [253/459] RJTM
[12:55:38] [254/459] SGMD
[12:55:39] [255/459] SVJT
[12:55:40] [256/459] SPPO
[12:55:41] [257/459] MNRL
[12:55:42] [258/459] KNOX
[12:55:42] [259/459] GIER
[12:55:44] [260/459] PJMS
[12:55:46] [261/459] UNSP
[12:55:47] [262/459] JETP
[12:55:47] 🔄 Identity reset
[12:55:47] 🔄 Identity rotated (every 10 requests)
[12:55:48] [263/459] VTWA
[12:55:49] [264/459] SCJI
[12:55:50] [265/459] CBZZ
[12:55:51] [266/459] SDCJ
[12:55:53] [267/459] RRCC
[12:55:54] [268/459] VNKG
[12:55:55] [269/459] LKTO
[12:55:56] [270/459] PJRM
[12:55:56] [271/459] NVRM
[12:55:57] [272/459] SJCS
[12:55:57] 🔄 Identity reset
[12:55:57] 🔄 Identity rotated (every 10 requests)
[12:55:59] [273/459] VIGK
[12:56:00] [274/459] ANST
[12:56:01] [275/459] JTTS
[12:56:02] [276/459] NTST
[12:56:03] [277/459] PREB
[12:56:04] [278/459] TSCZ
[12:56:05] [279/459] CDCM
[12:56:06] [280/459] ELYE
[12:56:07] [281/459] INBS
[12:56:08] [282/459] SMGC
[12:56:08] 🔄 Identity reset
[12:56:08] 🔄 Identity rotated (every 10 requests)
[12:56:09] [283/459] UTMP
[12:56:10] [284/459] INTA
[12:56:12] [285/459] OMPT
[12:56:12] [286/459] SCIR
[12:56:13] [287/459] GCKJ
[12:56:15] [288/459] INOG
[12:56:16] [289/459] SMGB
[12:56:17] [290/459] MCSG
[12:56:17] [291/459] STKG
[12:56:18] [292/459] TTKG
[12:56:18] 🔄 Identity reset
[12:56:18] 🔄 Identity rotated (every 10 requests)
[12:56:19] [293/459] SRTR
[12:56:20] [294/459] ETTR
[12:56:21] [295/459] GGGZ
[12:56:22] [296/459] IPGM
[12:56:23] [297/459] FCDH
[12:56:24] [298/459] DESB
[12:56:25] [299/459] VNTP
[12:56:26] [300/459] ANNT
[12:56:27] [301/459] SLTI
[12:56:29] [302/459] MAJU
[12:56:29] 🔄 Identity reset
[12:56:29] 🔄 Identity rotated (every 10 requests)
[12:56:30] [303/459] JCXP
[12:56:31] [304/459] HARK
[12:56:31] [305/459] JPCJ
[12:56:32] [306/459] RXBD
[12:56:33] [307/459] PTKJ
[12:56:34] [308/459] CMTU
[12:56:35] [309/459] SWOR
[12:56:36] [310/459] JMEX
[12:56:37] [311/459] DTPT
[12:56:38] [312/459] VGMM
[12:56:38] 🔄 Identity reset
[12:56:38] 🔄 Identity rotated (every 10 requests)
[12:56:39] [313/459] VCSG
[12:56:40] [314/459] CVCG
[12:56:41] [315/459] TNTT
[12:56:42] [316/459] SHRM
[12:56:43] [317/459] CGKD
[12:56:45] [318/459] EKCM
[12:56:46] [319/459] SDCX
[12:56:46] [320/459] SBTE
[12:56:48] [321/459] STKJ
[12:56:48] [322/459] TPCE
[12:56:48] 🔄 Identity reset
[12:56:48] 🔄 Identity rotated (every 10 requests)
[12:56:48] 🔄 Retry 1/5 for TPCE in 2.3s
[12:56:48] 🔄 Identity reset
[12:56:51] 🧠 New identity created
[12:56:51] 🔄 Retry 2/5 for TPCE in 4.5s
[12:56:51] 🔄 Identity reset
[12:56:55] 🧠 New identity created
[12:56:56] [323/459] JTNP
[12:56:57] [324/459] LPCH
[12:56:58] [325/459] CPUO
[12:56:59] [326/459] APSU
[12:57:00] [327/459] RTHC
[12:57:01] [328/459] PTBU
[12:57:01] [329/459] CUCC
[12:57:02] [330/459] CPSA
[12:57:02] 🔄 Identity reset
[12:57:02] 🔄 Identity rotated (every 10 requests)
[12:57:03] [331/459] SUAY
[12:57:04] [332/459] AYAA
[12:57:05] [333/459] MUCH
[12:57:06] [334/459] PCIN
[12:57:07] [335/459] JRRM
[12:57:08] [336/459] KATS
[12:57:10] [337/459] MHFF
[12:57:11] [338/459] ESYM
[12:57:12] [339/459] STYV
[12:57:12] [340/459] SDKG
[12:57:12] 🔄 Identity reset
[12:57:12] 🔄 Identity rotated (every 10 requests)
[12:57:13] 🔄 Retry 1/5 for SDKG in 2.0s
[12:57:13] 🔄 Identity reset
[12:57:15] 🧠 New identity created
[12:57:15] [341/459] SMTI
[12:57:16] [342/459] NYCS
[12:57:18] [343/459] MTBG
[12:57:20] [344/459] RHCA
[12:57:21] [345/459] PCKH
[12:57:22] [346/459] ARCR
[12:57:23] [347/459] NCMB
[12:57:25] [348/459] SHYC
[12:57:26] [349/459] LACK
[12:57:26] 🔄 Identity reset
[12:57:26] 🔄 Identity rotated (every 10 requests)
[12:57:27] [350/459] MTCM
[12:57:28] [351/459] RRBN
[12:57:29] [352/459] MYDC
[12:57:30] [353/459] STCS
[12:57:31] [354/459] CONN
[12:57:32] [355/459] SIPS
[12:57:33] [356/459] SMMX
[12:57:34] [357/459] SCBY
[12:57:35] [358/459] SUAP
[12:57:36] [359/459] RSMK
[12:57:36] 🔄 Identity reset
[12:57:36] 🔄 Identity rotated (every 10 requests)
[12:57:36] 🔄 Retry 1/5 for RSMK in 2.5s
[12:57:36] 🔄 Identity reset
[12:57:39] 🧠 New identity created
[12:57:39] 🔄 Retry 2/5 for RSMK in 4.5s
[12:57:39] 🔄 Identity reset
[12:57:43] 🧠 New identity created
[12:57:44] [360/459] STKP
[12:57:45] [361/459] CIPC
[12:57:46] [362/459] KKCI
[12:57:47] [363/459] CTNK
[12:57:48] [364/459] MMTZ
[12:57:49] [365/459] DCCO
[12:57:50] [366/459] VNMN
[12:57:50] [367/459] RLCN
[12:57:50] 🔄 Identity reset
[12:57:50] 🔄 Identity rotated (every 10 requests)
[12:57:51] [368/459] CMMS
[12:57:52] [369/459] AYOU
[12:57:53] [370/459] SSCN
[12:57:54] [371/459] SMXN
[12:57:55] [372/459] ASSK
[12:57:56] [373/459] VCKM
[12:57:57] [374/459] PCPH
[12:57:58] [375/459] PADM
[12:57:59] [376/459] IESA
[12:58:00] [377/459] VCSP
[12:58:00] 🔄 Identity reset
[12:58:00] 🔄 Identity rotated (every 10 requests)
[12:58:01] [378/459] AEST
[12:58:02] [379/459] VTNR
[12:58:02] [380/459] GTTA
[12:58:03] [381/459] CMMM
[12:58:04] [382/459] AHKT
[12:58:06] [383/459] SIJI
[12:58:07] [384/459] VCEI
[12:58:08] [385/459] SAKR
[12:58:09] [386/459] VSMT
[12:58:10] [387/459] SSCT
[12:58:10] 🔄 Identity reset
[12:58:10] 🔄 Identity rotated (every 10 requests)
[12:58:11] [388/459] USTR
[12:58:12] [389/459] MTKT
[12:58:13] [390/459] TGMP
[12:58:13] [391/459] SIVC
[12:58:14] [392/459] KICT
[12:58:15] [393/459] DAMD
[12:58:17] [394/459] CNPT
[12:58:18] [395/459] RVTT
[12:58:19] [396/459] SNCM
[12:58:20] [397/459] GHTE
[12:58:20] 🔄 Identity reset
[12:58:20] 🔄 Identity rotated (every 10 requests)
[12:58:21] [398/459] PPAM
[12:58:22] [399/459] PVAA
[12:58:23] [400/459] CPAO
[12:58:24] [401/459] HAMD
[12:58:25] [402/459] RCCA
[12:58:26] [403/459] MPCH
[12:58:27] [404/459] ARED
[12:58:29] [405/459] RRCV
[12:58:30] [406/459] MTRB
[12:58:31] [407/459] CKUA
[12:58:31] 🔄 Identity reset
[12:58:31] 🔄 Identity rotated (every 10 requests)
[12:58:31] [408/459] ABMP
[12:58:32] [409/459] RCWA
[12:58:33] [410/459] CGAR
[12:58:34] [411/459] METH
[12:58:35] [412/459] WAGA
[12:58:36] [413/459] MCMA
[12:58:37] [414/459] CSMP
[12:58:37] [415/459] RCNK
[12:58:38] [416/459] PSTM
[12:58:39] [417/459] CSEP
[12:58:39] 🔄 Identity reset
[12:58:39] 🔄 Identity rotated (every 10 requests)
[12:58:40] [418/459] AMGD
[12:58:41] [419/459] CSTE
[12:58:42] [420/459] CONS
[12:58:43] [421/459] APPX
[12:58:44] [422/459] MABC
[12:58:45] [423/459] CXST
[12:58:47] [424/459] MATN
[12:58:48] [425/459] MACZ
[12:58:49] [426/459] MASA
[12:58:50] [427/459] MBSX
[12:58:50] 🔄 Identity reset
[12:58:50] 🔄 Identity rotated (every 10 requests)
[12:58:50] [428/459] CSST
[12:58:52] [429/459] APCL
[12:58:53] [430/459] CGOS
[12:58:54] [431/459] CPEC
[12:58:55] [432/459] MCCP
[12:58:56] [433/459] BSSO
[12:58:57] [434/459] SJKA
[12:58:58] [435/459] CGBO
[12:58:59] [436/459] MVSK
[12:59:01] [437/459] HVCA
[12:59:01] 🔄 Identity reset
[12:59:01] 🔄 Identity rotated (every 10 requests)
[12:59:02] [438/459] NAMD
[12:59:03] [439/459] DEVI
[12:59:04] [440/459] SCSV
[12:59:05] [441/459] PSMA
[12:59:06] [442/459] CLDJ
[12:59:07] [443/459] NMAD
[12:59:09] [444/459] CGMO
[12:59:09] [445/459] MCNA
[12:59:10] [446/459] OCBN
[12:59:11] [447/459] CPEM
[12:59:11] 🔄 Identity reset
[12:59:11] 🔄 Identity rotated (every 10 requests)
[12:59:12] [448/459] CPSM
[12:59:13] [449/459] RCAD
[12:59:14] [450/459] CPMU
[12:59:15] [451/459] DICD
[12:59:16] [452/459] CHOE
[12:59:17] [453/459] PDJM
[12:59:18] [454/459] SSTU
[12:59:19] [455/459] VNRN
[12:59:20] [456/459] PVLG
[12:59:21] [457/459] SWBL
[12:59:21] 🔄 Identity reset
[12:59:21] 🔄 Identity rotated (every 10 requests)
[12:59:21] [458/459] SCAB
[12:59:23] [459/459] RDDA
[12:59:24] 🧹 Deduping shows
[12:59:24] ✅ DONE | Shows=4009 | Movies=65
[14:34:36] 🚀 SCRIPT STARTED
[14:34:36] [1/459] MCCZ
[14:34:37] 🧠 New identity created
[14:34:37] 🔄 Retry 1/5 for MCCZ in 2.8s
[14:34:37] 🔄 Identity reset
[14:34:39] 🧠 New identity created
[14:34:40] [2/459] FRPU
[14:34:41] [3/459] SKSI
[14:34:42] [4/459] SSCK
[14:34:43] [5/459] SRDC
[14:34:45] [6/459] RSCZ
[14:34:46] [7/459] PRVT
[14:34:46] [8/459] GAGJ
[14:34:47] [9/459] SMHG
[14:34:47] 🔄 Identity reset
[14:34:47] 🔄 Identity rotated (every 10 requests)
[14:34:48] [10/459] JTST
[14:34:49] [11/459] MYTH
[14:34:50] [12/459] JPCC
[14:34:51] [13/459] ACDC
[14:34:53] [14/459] SVFP
[14:34:54] [15/459] SFCM
[14:34:55] [16/459] RUPK
[14:34:56] [17/459] NTCR
[14:34:57] [18/459] RTCH
[14:34:58] [19/459] SCMH
[14:34:58] 🔄 Identity reset
[14:34:58] 🔄 Identity rotated (every 10 requests)
[14:34:59] [20/459] SVYM
[14:35:00] [21/459] SPYM
[14:35:01] [22/459] SMMF
[14:35:02] [23/459] CLLB
[14:35:03] [24/459] FMCB
[14:35:04] [25/459] BBTC
[14:35:06] [26/459] NTHS
[14:35:07] [27/459] PKKJ
[14:35:08] [28/459] MTJA
[14:35:08] [29/459] PMSJ
[14:35:08] 🔄 Identity reset
[14:35:08] 🔄 Identity rotated (every 10 requests)
[14:35:09] [30/459] JMJU
[14:35:10] [31/459] SRAD
[14:35:11] [32/459] MJMC
[14:35:12] [33/459] DFRM
[14:35:13] [34/459] PMRS
[14:35:13] [35/459] RKPP
[14:35:15] [36/459] BMBK
[14:35:16] [37/459] NEWS
[14:35:16] [38/459] SALB
[14:35:17] [39/459] SCPW
[14:35:17] 🔄 Identity reset
[14:35:17] 🔄 Identity rotated (every 10 requests)
[14:35:18] [40/459] RAYL
[14:35:19] [41/459] CMGJ
[14:35:20] [42/459] JRCR
[14:35:21] [43/459] SRTB
[14:35:22] [44/459] ETPB
[14:35:23] [45/459] MXBN
[14:35:24] [46/459] TOPE
[14:35:25] [47/459] SNLJ
[14:35:26] [48/459] CDDP
[14:35:26] [49/459] APCX
[14:35:26] 🔄 Identity reset
[14:35:26] 🔄 Identity rotated (every 10 requests)
[14:35:27] 🔄 Retry 1/5 for APCX in 2.7s
[14:35:27] 🔄 Identity reset
[14:35:29] 🧠 New identity created
[14:35:30] [50/459] TALP
[14:35:31] [51/459] RRMP
[14:35:32] [52/459] MAHB
[14:35:32] [53/459] MTKR
[14:35:33] [54/459] KSKL
[14:35:34] [55/459] RJLT
[14:35:35] [56/459] ATAS
[14:35:36] [57/459] AMHR
[14:35:37] [58/459] RSRM
[14:35:37] 🔄 Identity reset
[14:35:37] 🔄 Identity rotated (every 10 requests)
[14:35:38] [59/459] GCAT
[14:35:39] [60/459] SMML
[14:35:40] [61/459] ACCD
[14:35:41] [62/459] VYDA
[14:35:42] [63/459] MSKT
[14:35:43] [64/459] AVDM
[14:35:43] [65/459] ASMH
[14:35:44] [66/459] VTMB
[14:35:45] [67/459] WVMB
[14:35:46] [68/459] PPMN
[14:35:46] 🔄 Identity reset
[14:35:46] 🔄 Identity rotated (every 10 requests)
[14:35:47] [69/459] MTMD
[14:35:49] [70/459] SMMO
[14:35:50] [71/459] DLPB
[14:35:50] [72/459] AKMD
[14:35:51] [73/459] SHRR
[14:35:52] [74/459] ASCO
[14:35:53] [75/459] CZVX
[14:35:54] [76/459] GCBB
[14:35:55] [77/459] ATBM
[14:35:56] [78/459] TCGM
[14:35:56] 🔄 Identity reset
[14:35:56] 🔄 Identity rotated (every 10 requests)
[14:35:57] [79/459] UMSE
[14:35:58] [80/459] NKCL
[14:35:59] [81/459] BTLR
[14:36:00] [82/459] GOCL
[14:36:01] [83/459] MIRN
[14:36:02] [84/459] THEC
[14:36:03] [85/459] SPPB
[14:36:04] [86/459] PMMM
[14:36:06] [87/459] GGMC
[14:36:06] [88/459] AVSR
[14:36:06] 🔄 Identity reset
[14:36:06] 🔄 Identity rotated (every 10 requests)
[14:36:08] [89/459] RDMH
[14:36:08] [90/459] JSRS
[14:36:09] [91/459] VKGP
[14:36:10] [92/459] ACRT
[14:36:11] [93/459] GCBA
[14:36:12] [94/459] GTCP
[14:36:13] [95/459] AKFC
[14:36:14] [96/459] INCS
[14:36:15] [97/459] SMCK
[14:36:16] [98/459] BRUN
[14:36:16] 🔄 Identity reset
[14:36:16] 🔄 Identity rotated (every 10 requests)
[14:36:18] [99/459] RPPC
[14:36:19] [100/459] PAYD
[14:36:20] [101/459] SVVT
[14:36:21] [102/459] RNCC
[14:36:21] [103/459] PCRC
[14:36:22] [104/459] PMRM
[14:36:23] [105/459] CCRP
[14:36:24] [106/459] INCR
[14:36:25] [107/459] ZTMP
[14:36:26] [108/459] MCNR
[14:36:26] 🔄 Identity reset
[14:36:26] 🔄 Identity rotated (every 10 requests)
[14:36:26] 🔄 Retry 1/5 for MCNR in 2.9s
[14:36:26] 🔄 Identity reset
[14:36:29] 🧠 New identity created
[14:36:29] 🔄 Retry 2/5 for MCNR in 4.1s
[14:36:29] 🔄 Identity reset
[14:36:33] 🧠 New identity created
[14:36:34] [109/459] INRP
[14:36:35] [110/459] STRC
[14:36:36] [111/459] RATI
[14:36:37] [112/459] PBTR
[14:36:38] [113/459] CMHP
[14:36:39] [114/459] ZECJ
[14:36:40] [115/459] CCCB
[14:36:41] [116/459] BWCB
[14:36:41] 🔄 Identity reset
[14:36:41] 🔄 Identity rotated (every 10 requests)
[14:36:42] [117/459] CCAT
[14:36:43] [118/459] KGCM
[14:36:44] [119/459] INPT
[14:36:45] [120/459] FNCO
[14:36:46] [121/459] SRMJ
[14:36:46] [122/459] PFSC
[14:36:47] [123/459] PBMC
[14:36:48] [124/459] KARP
[14:36:49] [125/459] KOVI
[14:36:50] [126/459] ACXL
[14:36:50] 🔄 Identity reset
[14:36:50] 🔄 Identity rotated (every 10 requests)
[14:36:50] 🔄 Retry 1/5 for ACXL in 2.5s
[14:36:50] 🔄 Identity reset
[14:36:53] 🧠 New identity created
[14:36:54] [127/459] GKCC
[14:36:55] [128/459] ASCC
[14:36:56] [129/459] SETC
[14:36:57] [130/459] KACC
[14:36:58] [131/459] KAVE
[14:36:59] [132/459] CNTC
[14:37:00] [133/459] MEEN
[14:37:01] [134/459] BMRV
[14:37:02] [135/459] SVAM
[14:37:02] 🔄 Identity reset
[14:37:02] 🔄 Identity rotated (every 10 requests)
[14:37:02] 🔄 Retry 1/5 for SVAM in 2.7s
[14:37:02] 🔄 Identity reset
[14:37:05] 🧠 New identity created
[14:37:05] 🔄 Retry 2/5 for SVAM in 4.7s
[14:37:05] 🔄 Identity reset
[14:37:10] 🧠 New identity created
[14:37:11] [136/459] VTBP
[14:37:12] [137/459] VCKN
[14:37:13] [138/459] SGTK
[14:37:13] [139/459] RCGS
[14:37:14] [140/459] RCCB
[14:37:16] [141/459] RKSR
[14:37:17] [142/459] RKCU
[14:37:18] [143/459] GIBH
[14:37:18] 🔄 Identity reset
[14:37:18] 🔄 Identity rotated (every 10 requests)
[14:37:19] [144/459] CXBS
[14:37:20] [145/459] GGCB
[14:37:21] [146/459] SCPB
[14:37:23] [147/459] AKTB
[14:37:24] [148/459] SRBU
[14:37:25] [149/459] CSSA
[14:37:26] [150/459] MYAN
[14:37:27] [151/459] EXCA
[14:37:27] [152/459] CKSA
[14:37:28] [153/459] JTNM
[14:37:28] 🔄 Identity reset
[14:37:28] 🔄 Identity rotated (every 10 requests)
[14:37:29] [154/459] CXKT
[14:37:30] [155/459] NCLM
[14:37:31] [156/459] JAAD
[14:37:33] [157/459] RDCR
[14:37:34] [158/459] MEER
[14:37:35] [159/459] SIBT
[14:37:36] [160/459] PVVB
[14:37:37] [161/459] FNPN
[14:37:38] [162/459] CRPX
[14:37:39] [163/459] STET
[14:37:39] 🔄 Identity reset
[14:37:39] 🔄 Identity rotated (every 10 requests)
[14:37:40] [164/459] METE
[14:37:41] [165/459] BJML
[14:37:42] [166/459] MAVT
[14:37:43] [167/459] MSRM
[14:37:44] [168/459] TJMP
[14:37:45] [169/459] MHCK
[14:37:46] [170/459] SVGP
[14:37:46] [171/459] KRRC
[14:37:47] [172/459] IMCH
[14:37:48] [173/459] CMCS
[14:37:48] 🔄 Identity reset
[14:37:48] 🔄 Identity rotated (every 10 requests)
[14:37:49] [174/459] SGND
[14:37:50] [175/459] RNAT
[14:37:50] [176/459] PRTN
[14:37:52] [177/459] MPTN
[14:37:53] [178/459] ARCC
[14:37:55] [179/459] NTTE
[14:37:56] [180/459] ABND
[14:37:56] [181/459] KCSN
[14:37:58] [182/459] KCSA
[14:37:59] [183/459] DCKT
[14:37:59] 🔄 Identity reset
[14:37:59] 🔄 Identity rotated (every 10 requests)
[14:37:59] 🔄 Retry 1/5 for DCKT in 2.0s
[14:37:59] 🔄 Identity reset
[14:38:01] 🧠 New identity created
[14:38:02] [184/459] MBBR
[14:38:03] [185/459] RAMU
[14:38:04] [186/459] RACW
[14:38:05] [187/459] MCHP
[14:38:05] [188/459] TMHM
[14:38:07] [189/459] STXH
[14:38:07] [190/459] AGSG
[14:38:08] [191/459] SIRA
[14:38:09] [192/459] RCAN
[14:38:09] 🔄 Identity reset
[14:38:09] 🔄 Identity rotated (every 10 requests)
[14:38:10] [193/459] CWTB
[14:38:11] [194/459] VTYM
[14:38:12] [195/459] RRPP
[14:38:13] [196/459] ASMR
[14:38:14] [197/459] RONO
[14:38:15] [198/459] MEMR
[14:38:16] [199/459] CTMR
[14:38:17] [200/459] PMTT
[14:38:17] [201/459] PSLX
[14:38:18] [202/459] IPPL
[14:38:18] 🔄 Identity reset
[14:38:18] 🔄 Identity rotated (every 10 requests)
[14:38:20] [203/459] MMSG
[14:38:20] [204/459] INEL
[14:38:21] [205/459] COAC
[14:38:22] [206/459] WVLK
[14:38:23] [207/459] PPXL
[14:38:24] [208/459] PSML
[14:38:25] [209/459] FNLK
[14:38:26] [210/459] ILUM
[14:38:27] [211/459] ILCM
[14:38:27] [212/459] MSNL
[14:38:27] 🔄 Identity reset
[14:38:27] 🔄 Identity rotated (every 10 requests)
[14:38:28] 🔄 Retry 1/5 for MSNL in 2.3s
[14:38:28] 🔄 Identity reset
[14:38:30] 🧠 New identity created
[14:38:30] 🔄 Retry 2/5 for MSNL in 4.8s
[14:38:30] 🔄 Identity reset
[14:38:35] 🧠 New identity created
[14:38:35] 🔄 Retry 3/5 for MSNL in 8.7s
[14:38:35] 🔄 Identity reset
[14:38:43] 🧠 New identity created
[14:38:44] [213/459] VINB
[14:38:45] [214/459] SALW
[14:38:46] [215/459] PRTB
[14:38:47] [216/459] NCIL
[14:38:48] [217/459] PSUL
[14:38:49] [218/459] SCLK
[14:38:50] [219/459] ADDC
[14:38:50] 🔄 Identity reset
[14:38:50] 🔄 Identity rotated (every 10 requests)
[14:38:50] 🔄 Retry 1/5 for ADDC in 2.9s
[14:38:50] 🔄 Identity reset
[14:38:53] 🧠 New identity created
[14:38:53] 🔄 Retry 2/5 for ADDC in 4.1s
[14:38:53] 🔄 Identity reset
[14:38:57] 🧠 New identity created
[14:38:58] [220/459] OACL
[14:38:59] [221/459] OOCF
[14:39:00] [222/459] GPMF
[14:39:01] [223/459] SSDG
[14:39:02] [224/459] SKRS
[14:39:03] [225/459] NTTP
[14:39:05] [226/459] SLTP
[14:39:06] [227/459] JTLC
[14:39:06] 🔄 Identity reset
[14:39:06] 🔄 Identity rotated (every 10 requests)
[14:39:06] 🔄 Retry 1/5 for JTLC in 2.6s
[14:39:06] 🔄 Identity reset
[14:39:08] 🧠 New identity created
[14:39:09] 🔄 Retry 2/5 for JTLC in 4.0s
[14:39:09] 🔄 Identity reset
[14:39:13] 🧠 New identity created
[14:39:14] [228/459] POON
[14:39:15] [229/459] CCPC
[14:39:16] [230/459] DCKC
[14:39:17] [231/459] CPRT
[14:39:18] [232/459] EYHZ
[14:39:19] [233/459] ARBL
[14:39:20] [234/459] SBTB
[14:39:20] [235/459] MMCK
[14:39:20] 🔄 Identity reset
[14:39:20] 🔄 Identity rotated (every 10 requests)
[14:39:20] 🔄 Retry 1/5 for MMCK in 2.4s
[14:39:20] 🔄 Identity reset
[14:39:23] 🧠 New identity created
[14:39:24] [236/459] PLMR
[14:39:25] [237/459] BIJH
[14:39:26] [238/459] SDRT
[14:39:27] [239/459] PRDC
[14:39:29] [240/459] OMJA
[14:39:29] [241/459] VKCR
[14:39:30] [242/459] ATRT
[14:39:31] [243/459] WVRP
[14:39:32] [244/459] MVRP
[14:39:32] 🔄 Identity reset
[14:39:32] 🔄 Identity rotated (every 10 requests)
[14:39:32] 🔄 Retry 1/5 for MVRP in 2.5s
[14:39:32] 🔄 Identity reset
[14:39:35] 🧠 New identity created
[14:39:36] [245/459] FCAX
[14:39:37] [246/459] CTLC
[14:39:38] [247/459] JCHB
[14:39:39] [248/459] SELP
[14:39:40] [249/459] VCPG
[14:39:41] [250/459] ASCX
[14:39:42] [251/459] EOCS
[14:39:43] [252/459] RCPH
[14:39:44] [253/459] RJTM
[14:39:44] 🔄 Identity reset
[14:39:44] 🔄 Identity rotated (every 10 requests)
[14:39:45] [254/459] SGMD
[14:39:46] [255/459] SVJT
[14:39:47] [256/459] SPPO
[14:39:47] [257/459] MNRL
[14:39:48] [258/459] KNOX
[14:39:49] [259/459] GIER
[14:39:51] [260/459] PJMS
[14:39:52] [261/459] UNSP
[14:39:53] [262/459] JETP
[14:39:54] [263/459] VTWA
[14:39:54] 🔄 Identity reset
[14:39:54] 🔄 Identity rotated (every 10 requests)
[14:39:54] 🔄 Retry 1/5 for VTWA in 2.5s
[14:39:54] 🔄 Identity reset
[14:39:56] 🧠 New identity created
[14:39:56] 🔄 Retry 2/5 for VTWA in 4.4s
[14:39:56] 🔄 Identity reset
[14:40:01] 🧠 New identity created
[14:40:01] [264/459] SCJI
[14:40:02] [265/459] CBZZ
[14:40:04] [266/459] SDCJ
[14:40:05] [267/459] RRCC
[14:40:06] [268/459] VNKG
[14:40:07] [269/459] LKTO
[14:40:08] [270/459] PJRM
[14:40:09] [271/459] NVRM
[14:40:09] 🔄 Identity reset
[14:40:09] 🔄 Identity rotated (every 10 requests)
[14:40:09] 🔄 Retry 1/5 for NVRM in 2.4s
[14:40:09] 🔄 Identity reset
[14:40:11] 🧠 New identity created
[14:40:12] [272/459] SJCS
[14:40:13] [273/459] VIGK
[14:40:14] [274/459] ANST
[14:40:15] [275/459] JTTS
[14:40:16] [276/459] NTST
[14:40:17] [277/459] PREB
[14:40:18] [278/459] TSCZ
[14:40:20] [279/459] CDCM
[14:40:21] [280/459] ELYE
[14:40:21] 🔄 Identity reset
[14:40:21] 🔄 Identity rotated (every 10 requests)
[14:40:21] 🔄 Retry 1/5 for ELYE in 2.2s
[14:40:21] 🔄 Identity reset
[14:40:23] 🧠 New identity created
[14:40:23] 🔄 Retry 2/5 for ELYE in 4.2s
[14:40:23] 🔄 Identity reset
[14:40:27] 🧠 New identity created
[14:40:28] [281/459] INBS
[14:40:29] [282/459] SMGC
[14:40:30] [283/459] UTMP
[14:40:31] [284/459] INTA
[14:40:32] [285/459] OMPT
[14:40:33] [286/459] SCIR
[14:40:34] [287/459] GCKJ
[14:40:35] [288/459] INOG
[14:40:35] 🔄 Identity reset
[14:40:35] 🔄 Identity rotated (every 10 requests)
[14:40:36] [289/459] SMGB
[14:40:37] [290/459] MCSG
[14:40:38] [291/459] STKG
[14:40:39] [292/459] TTKG
[14:40:40] [293/459] SRTR
[14:40:41] [294/459] ETTR
[14:40:41] [295/459] GGGZ
[14:40:42] [296/459] IPGM
[14:40:43] [297/459] FCDH
[14:40:45] [298/459] DESB
[14:40:45] 🔄 Identity reset
[14:40:45] 🔄 Identity rotated (every 10 requests)
[14:40:46] [299/459] VNTP
[14:40:46] [300/459] ANNT
[14:40:47] [301/459] SLTI
[14:40:49] [302/459] MAJU
[14:40:50] [303/459] JCXP
[14:40:51] [304/459] HARK
[14:40:52] [305/459] JPCJ
[14:40:53] [306/459] RXBD
[14:40:54] [307/459] PTKJ
[14:40:55] [308/459] CMTU
[14:40:55] 🔄 Identity reset
[14:40:55] 🔄 Identity rotated (every 10 requests)
[14:40:56] [309/459] SWOR
[14:40:56] [310/459] JMEX
[14:40:57] [311/459] DTPT
[14:40:58] [312/459] VGMM
[14:40:59] [313/459] VCSG
[14:41:00] [314/459] CVCG
[14:41:02] [315/459] TNTT
[14:41:03] [316/459] SHRM
[14:41:04] [317/459] CGKD
[14:41:05] [318/459] EKCM
[14:41:05] 🔄 Identity reset
[14:41:05] 🔄 Identity rotated (every 10 requests)
[14:41:06] [319/459] SDCX
[14:41:07] [320/459] SBTE
[14:41:08] [321/459] STKJ
[14:41:09] [322/459] TPCE
[14:41:09] [323/459] JTNP
[14:41:10] [324/459] LPCH
[14:41:11] [325/459] CPUO
[14:41:12] [326/459] APSU
[14:41:13] [327/459] RTHC
[14:41:15] [328/459] PTBU
[14:41:15] 🔄 Identity reset
[14:41:15] 🔄 Identity rotated (every 10 requests)
[14:41:16] [329/459] CUCC
[14:41:17] [330/459] CPSA
[14:41:17] [331/459] SUAY
[14:41:18] [332/459] AYAA
[14:41:20] [333/459] MUCH
[14:41:21] [334/459] PCIN
[14:41:21] [335/459] JRRM
[14:41:22] [336/459] KATS
[14:41:23] [337/459] MHFF
[14:41:25] [338/459] ESYM
[14:41:25] 🔄 Identity reset
[14:41:25] 🔄 Identity rotated (every 10 requests)
[14:41:26] [339/459] STYV
[14:41:27] [340/459] SDKG
[14:41:28] [341/459] SMTI
[14:41:28] [342/459] NYCS
[14:41:29] [343/459] MTBG
[14:41:30] [344/459] RHCA
[14:41:31] [345/459] PCKH
[14:41:32] [346/459] ARCR
[14:41:33] [347/459] NCMB
[14:41:34] [348/459] SHYC
[14:41:34] 🔄 Identity reset
[14:41:34] 🔄 Identity rotated (every 10 requests)
[14:41:35] [349/459] LACK
[14:41:36] [350/459] MTCM
[14:41:38] [351/459] RRBN
[14:41:39] [352/459] MYDC
[14:41:40] [353/459] STCS
[14:41:41] [354/459] CONN
[14:41:42] [355/459] SIPS
[14:41:43] [356/459] SMMX
[14:41:44] [357/459] SCBY
[14:41:45] [358/459] SUAP
[14:41:45] 🔄 Identity reset
[14:41:45] 🔄 Identity rotated (every 10 requests)
[14:41:46] [359/459] RSMK
[14:41:46] [360/459] STKP
[14:41:47] [361/459] CIPC
[14:41:48] [362/459] KKCI
[14:41:49] [363/459] CTNK
[14:41:50] [364/459] MMTZ
[14:41:51] [365/459] DCCO
[14:41:52] [366/459] VNMN
[14:41:53] [367/459] RLCN
[14:41:54] [368/459] CMMS
[14:41:54] 🔄 Identity reset
[14:41:54] 🔄 Identity rotated (every 10 requests)
[14:41:55] [369/459] AYOU
[14:41:56] [370/459] SSCN
[14:41:57] [371/459] SMXN
[14:41:58] [372/459] ASSK
[14:41:58] [373/459] VCKM
[14:42:00] [374/459] PCPH
[14:42:01] [375/459] PADM
[14:42:01] [376/459] IESA
[14:42:03] [377/459] VCSP
[14:42:04] [378/459] AEST
[14:42:04] 🔄 Identity reset
[14:42:04] 🔄 Identity rotated (every 10 requests)
[14:42:05] [379/459] VTNR
[14:42:06] [380/459] GTTA
[14:42:07] [381/459] CMMM
[14:42:08] [382/459] AHKT
[14:42:09] [383/459] SIJI
[14:42:10] [384/459] VCEI
[14:42:11] [385/459] SAKR
[14:42:13] [386/459] VSMT
[14:42:14] [387/459] SSCT
[14:42:15] [388/459] USTR
[14:42:15] 🔄 Identity reset
[14:42:15] 🔄 Identity rotated (every 10 requests)
[14:42:16] [389/459] MTKT
[14:42:16] [390/459] TGMP
[14:42:17] [391/459] SIVC
[14:42:19] [392/459] KICT
[14:42:20] [393/459] DAMD
[14:42:21] [394/459] CNPT
[14:42:22] [395/459] RVTT
[14:42:23] [396/459] SNCM
[14:42:23] [397/459] GHTE
[14:42:24] [398/459] PPAM
[14:42:24] 🔄 Identity reset
[14:42:24] 🔄 Identity rotated (every 10 requests)
[14:42:25] [399/459] PVAA
[14:42:27] [400/459] CPAO
[14:42:28] [401/459] HAMD
[14:42:30] [402/459] RCCA
[14:42:31] [403/459] MPCH
[14:42:32] [404/459] ARED
[14:42:33] [405/459] RRCV
[14:42:33] [406/459] MTRB
[14:42:34] [407/459] CKUA
[14:42:35] [408/459] ABMP
[14:42:35] 🔄 Identity reset
[14:42:35] 🔄 Identity rotated (every 10 requests)
[14:42:36] [409/459] RCWA
[14:42:37] [410/459] CGAR
[14:42:39] [411/459] METH
[14:42:40] [412/459] WAGA
[14:42:42] [413/459] MCMA
[14:42:43] [414/459] CSMP
[14:42:44] [415/459] RCNK
[14:42:45] [416/459] PSTM
[14:42:46] [417/459] CSEP
[14:42:47] [418/459] AMGD
[14:42:47] 🔄 Identity reset
[14:42:47] 🔄 Identity rotated (every 10 requests)
[14:42:47] [419/459] CSTE
[14:42:48] [420/459] CONS
[14:42:49] [421/459] APPX
[14:42:50] [422/459] MABC
[14:42:51] [423/459] CXST
[14:42:52] [424/459] MATN
[14:42:53] [425/459] MACZ
[14:42:55] [426/459] MASA
[14:42:55] [427/459] MBSX
[14:42:56] [428/459] CSST
[14:42:56] 🔄 Identity reset
[14:42:56] 🔄 Identity rotated (every 10 requests)
[14:42:57] [429/459] APCL
[14:42:58] [430/459] CGOS
[14:42:59] [431/459] CPEC
[14:43:00] [432/459] MCCP
[14:43:01] [433/459] BSSO
[14:43:02] [434/459] SJKA
[14:43:03] [435/459] CGBO
[14:43:04] [436/459] MVSK
[14:43:05] [437/459] HVCA
[14:43:06] [438/459] NAMD
[14:43:06] 🔄 Identity reset
[14:43:06] 🔄 Identity rotated (every 10 requests)
[14:43:07] [439/459] DEVI
[14:43:08] [440/459] SCSV
[14:43:09] [441/459] PSMA
[14:43:10] [442/459] CLDJ
[14:43:11] [443/459] NMAD
[14:43:12] [444/459] CGMO
[14:43:13] [445/459] MCNA
[14:43:14] [446/459] OCBN
[14:43:15] [447/459] CPEM
[14:43:17] [448/459] CPSM
[14:43:17] 🔄 Identity reset
[14:43:17] 🔄 Identity rotated (every 10 requests)
[14:43:17] 🔄 Retry 1/5 for CPSM in 2.5s
[14:43:17] 🔄 Identity reset
[14:43:20] 🧠 New identity created
[14:43:21] [449/459] RCAD
[14:43:22] [450/459] CPMU
[14:43:23] [451/459] DICD
[14:43:25] [452/459] CHOE
[14:43:27] [453/459] PDJM
[14:43:28] [454/459] SSTU
[14:43:29] [455/459] VNRN
[14:43:30] [456/459] PVLG
[14:43:31] [457/459] SWBL
[14:43:31] 🔄 Identity reset
[14:43:31] 🔄 Identity rotated (every 10 requests)
[14:43:32] [458/459] SCAB
[14:43:33] [459/459] RDDA
[14:43:34] 🧹 Deduping shows
[14:43:34] ✅ DONE | Shows=4093 | Movies=66
[16:27:36] 🚀 SCRIPT STARTED
[16:27:36] [1/459] MCCZ
[16:27:36] 🧠 New identity created
[16:27:37] [2/459] FRPU
[16:27:38] [3/459] SKSI
[16:27:39] [4/459] SSCK
[16:27:40] [5/459] SRDC
[16:27:41] [6/459] RSCZ
[16:27:42] [7/459] PRVT
[16:27:43] [8/459] GAGJ
[16:27:44] [9/459] SMHG
[16:27:44] [10/459] JTST
[16:27:44] 🔄 Identity reset
[16:27:44] 🔄 Identity rotated (every 10 requests)
[16:27:45] [11/459] MYTH
[16:27:47] [12/459] JPCC
[16:27:48] [13/459] ACDC
[16:27:49] [14/459] SVFP
[16:27:50] [15/459] SFCM
[16:27:51] [16/459] RUPK
[16:27:52] [17/459] NTCR
[16:27:53] [18/459] RTCH
[16:27:55] [19/459] SCMH
[16:27:56] [20/459] SVYM
[16:27:56] 🔄 Identity reset
[16:27:56] 🔄 Identity rotated (every 10 requests)
[16:27:57] [21/459] SPYM
[16:27:58] [22/459] SMMF
[16:27:59] [23/459] CLLB
[16:28:00] [24/459] FMCB
[16:28:01] [25/459] BBTC
[16:28:02] [26/459] NTHS
[16:28:03] [27/459] PKKJ
[16:28:05] [28/459] MTJA
[16:28:06] [29/459] PMSJ
[16:28:06] [30/459] JMJU
[16:28:06] 🔄 Identity reset
[16:28:06] 🔄 Identity rotated (every 10 requests)
[16:28:07] 🔄 Retry 1/5 for JMJU in 2.9s
[16:28:07] 🔄 Identity reset
[16:28:09] 🧠 New identity created
[16:28:10] [31/459] SRAD
[16:28:11] [32/459] MJMC
[16:28:12] [33/459] DFRM
[16:28:13] [34/459] PMRS
[16:28:14] [35/459] RKPP
[16:28:15] [36/459] BMBK
[16:28:16] [37/459] NEWS
[16:28:17] [38/459] SALB
[16:28:18] [39/459] SCPW
[16:28:18] 🔄 Identity reset
[16:28:18] 🔄 Identity rotated (every 10 requests)
[16:28:19] [40/459] RAYL
[16:28:20] [41/459] CMGJ
[16:28:21] [42/459] JRCR
[16:28:22] [43/459] SRTB
[16:28:23] [44/459] ETPB
[16:28:25] [45/459] MXBN
[16:28:26] [46/459] TOPE
[16:28:27] [47/459] SNLJ
[16:28:27] [48/459] CDDP
[16:28:28] [49/459] APCX
[16:28:28] 🔄 Identity reset
[16:28:28] 🔄 Identity rotated (every 10 requests)
[16:28:30] [50/459] TALP
[16:28:30] [51/459] RRMP
[16:28:31] [52/459] MAHB
[16:28:32] [53/459] MTKR
[16:28:33] [54/459] KSKL
[16:28:34] [55/459] RJLT
[16:28:35] [56/459] ATAS
[16:28:36] [57/459] AMHR
[16:28:37] [58/459] RSRM
[16:28:38] [59/459] GCAT
[16:28:38] 🔄 Identity reset
[16:28:38] 🔄 Identity rotated (every 10 requests)
[16:28:39] [60/459] SMML
[16:28:40] [61/459] ACCD
[16:28:40] [62/459] VYDA
[16:28:41] [63/459] MSKT
[16:28:42] [64/459] AVDM
[16:28:43] [65/459] ASMH
[16:28:44] [66/459] VTMB
[16:28:45] [67/459] WVMB
[16:28:46] [68/459] PPMN
[16:28:47] [69/459] MTMD
[16:28:47] 🔄 Identity reset
[16:28:47] 🔄 Identity rotated (every 10 requests)
[16:28:48] [70/459] SMMO
[16:28:49] [71/459] DLPB
[16:28:50] [72/459] AKMD
[16:28:50] [73/459] SHRR
[16:28:51] [74/459] ASCO
[16:28:52] [75/459] CZVX
[16:28:54] [76/459] GCBB
[16:28:55] [77/459] ATBM
[16:28:56] [78/459] TCGM
[16:28:57] [79/459] UMSE
[16:28:57] 🔄 Identity reset
[16:28:57] 🔄 Identity rotated (every 10 requests)
[16:28:58] [80/459] NKCL
[16:28:59] [81/459] BTLR
[16:29:00] [82/459] GOCL
[16:29:02] [83/459] MIRN
[16:29:03] [84/459] THEC
[16:29:03] [85/459] SPPB
[16:29:05] [86/459] PMMM
[16:29:06] [87/459] GGMC
[16:29:07] [88/459] AVSR
[16:29:08] [89/459] RDMH
[16:29:08] 🔄 Identity reset
[16:29:08] 🔄 Identity rotated (every 10 requests)
[16:29:09] [90/459] JSRS
[16:29:09] [91/459] VKGP
[16:29:10] [92/459] ACRT
[16:29:11] [93/459] GCBA
[16:29:12] [94/459] GTCP
[16:29:13] [95/459] AKFC
[16:29:14] [96/459] INCS
[16:29:15] [97/459] SMCK
[16:29:16] [98/459] BRUN
[16:29:17] [99/459] RPPC
[16:29:17] 🔄 Identity reset
[16:29:17] 🔄 Identity rotated (every 10 requests)
[16:29:18] [100/459] PAYD
[16:29:19] [101/459] SVVT
[16:29:20] [102/459] RNCC
[16:29:21] [103/459] PCRC
[16:29:23] [104/459] PMRM
[16:29:25] [105/459] CCRP
[16:29:25] [106/459] INCR
[16:29:26] [107/459] ZTMP
[16:29:27] [108/459] MCNR
[16:29:28] [109/459] INRP
[16:29:28] 🔄 Identity reset
[16:29:28] 🔄 Identity rotated (every 10 requests)
[16:29:29] [110/459] STRC
[16:29:30] [111/459] RATI
[16:29:31] [112/459] PBTR
[16:29:32] [113/459] CMHP
[16:29:33] [114/459] ZECJ
[16:29:34] [115/459] CCCB
[16:29:35] [116/459] BWCB
[16:29:36] [117/459] CCAT
[16:29:37] [118/459] KGCM
[16:29:38] [119/459] INPT
[16:29:38] 🔄 Identity reset
[16:29:38] 🔄 Identity rotated (every 10 requests)
[16:29:39] [120/459] FNCO
[16:29:40] [121/459] SRMJ
[16:29:41] [122/459] PFSC
[16:29:42] [123/459] PBMC
[16:29:43] [124/459] KARP
[16:29:44] [125/459] KOVI
[16:29:45] [126/459] ACXL
[16:29:46] [127/459] GKCC
[16:29:47] [128/459] ASCC
[16:29:48] [129/459] SETC
[16:29:48] 🔄 Identity reset
[16:29:48] 🔄 Identity rotated (every 10 requests)
[16:29:49] [130/459] KACC
[16:29:50] [131/459] KAVE
[16:29:51] [132/459] CNTC
[16:29:52] [133/459] MEEN
[16:29:53] [134/459] BMRV
[16:29:54] [135/459] SVAM
[16:29:55] [136/459] VTBP
[16:29:56] [137/459] VCKN
[16:29:57] [138/459] SGTK
[16:29:58] [139/459] RCGS
[16:29:58] 🔄 Identity reset
[16:29:58] 🔄 Identity rotated (every 10 requests)
[16:29:58] [140/459] RCCB
[16:30:00] [141/459] RKSR
[16:30:01] [142/459] RKCU
[16:30:02] [143/459] GIBH
[16:30:03] [144/459] CXBS
[16:30:04] [145/459] GGCB
[16:30:05] [146/459] SCPB
[16:30:05] [147/459] AKTB
[16:30:07] [148/459] SRBU
[16:30:08] [149/459] CSSA
[16:30:08] 🔄 Identity reset
[16:30:08] 🔄 Identity rotated (every 10 requests)
[16:30:09] [150/459] MYAN
[16:30:09] [151/459] EXCA
[16:30:10] [152/459] CKSA
[16:30:11] [153/459] JTNM
[16:30:12] [154/459] CXKT
[16:30:13] [155/459] NCLM
[16:30:15] [156/459] JAAD
[16:30:16] [157/459] RDCR
[16:30:17] [158/459] MEER
[16:30:18] [159/459] SIBT
[16:30:18] 🔄 Identity reset
[16:30:18] 🔄 Identity rotated (every 10 requests)
[16:30:18] 🔄 Retry 1/5 for SIBT in 2.2s
[16:30:18] 🔄 Identity reset
[16:30:20] 🧠 New identity created
[16:30:21] [160/459] PVVB
[16:30:22] [161/459] FNPN
[16:30:23] [162/459] CRPX
[16:30:24] [163/459] STET
[16:30:25] [164/459] METE
[16:30:27] [165/459] BJML
[16:30:27] [166/459] MAVT
[16:30:28] [167/459] MSRM
[16:30:29] [168/459] TJMP
[16:30:29] 🔄 Identity reset
[16:30:29] 🔄 Identity rotated (every 10 requests)
[16:30:29] 🔄 Retry 1/5 for TJMP in 2.3s
[16:30:29] 🔄 Identity reset
[16:30:32] 🧠 New identity created
[16:30:33] [169/459] MHCK
[16:30:34] [170/459] SVGP
[16:30:34] [171/459] KRRC
[16:30:35] [172/459] IMCH
[16:30:36] [173/459] CMCS
[16:30:37] [174/459] SGND
[16:30:38] [175/459] RNAT
[16:30:39] [176/459] PRTN
[16:30:40] [177/459] MPTN
[16:30:40] 🔄 Identity reset
[16:30:41] 🔄 Identity rotated (every 10 requests)
[16:30:41] [178/459] ARCC
[16:30:42] [179/459] NTTE
[16:30:43] [180/459] ABND
[16:30:44] [181/459] KCSN
[16:30:45] [182/459] KCSA
[16:30:46] [183/459] DCKT
[16:30:47] [184/459] MBBR
[16:30:47] [185/459] RAMU
[16:30:48] [186/459] RACW
[16:30:49] [187/459] MCHP
[16:30:49] 🔄 Identity reset
[16:30:49] 🔄 Identity rotated (every 10 requests)
[16:30:50] [188/459] TMHM
[16:30:51] [189/459] STXH
[16:30:52] [190/459] AGSG
[16:30:53] [191/459] SIRA
[16:30:53] [192/459] RCAN
[16:30:54] [193/459] CWTB
[16:30:55] [194/459] VTYM
[16:30:56] [195/459] RRPP
[16:30:58] [196/459] ASMR
[16:30:59] [197/459] RONO
[16:30:59] 🔄 Identity reset
[16:30:59] 🔄 Identity rotated (every 10 requests)
[16:31:00] [198/459] MEMR
[16:31:02] [199/459] CTMR
[16:31:03] [200/459] PMTT
[16:31:04] [201/459] PSLX
[16:31:05] [202/459] IPPL
[16:31:06] [203/459] MMSG
[16:31:07] [204/459] INEL
[16:31:07] [205/459] COAC
[16:31:09] [206/459] WVLK
[16:31:10] [207/459] PPXL
[16:31:10] 🔄 Identity reset
[16:31:10] 🔄 Identity rotated (every 10 requests)
[16:31:10] 🔄 Retry 1/5 for PPXL in 2.3s
[16:31:10] 🔄 Identity reset
[16:31:12] 🧠 New identity created
[16:31:12] 🔄 Retry 2/5 for PPXL in 4.2s
[16:31:12] 🔄 Identity reset
[16:31:16] 🧠 New identity created
[16:31:17] [208/459] PSML
[16:31:18] [209/459] FNLK
[16:31:19] [210/459] ILUM
[16:31:20] [211/459] ILCM
[16:31:22] [212/459] MSNL
[16:31:22] [213/459] VINB
[16:31:23] [214/459] SALW
[16:31:25] [215/459] PRTB
[16:31:25] 🔄 Identity reset
[16:31:25] 🔄 Identity rotated (every 10 requests)
[16:31:26] [216/459] NCIL
[16:31:27] [217/459] PSUL
[16:31:28] [218/459] SCLK
[16:31:29] [219/459] ADDC
[16:31:30] [220/459] OACL
[16:31:31] [221/459] OOCF
[16:31:32] [222/459] GPMF
[16:31:33] [223/459] SSDG
[16:31:33] [224/459] SKRS
[16:31:34] [225/459] NTTP
[16:31:34] 🔄 Identity reset
[16:31:34] 🔄 Identity rotated (every 10 requests)
[16:31:45] [226/459] SLTP
[16:31:46] [227/459] JTLC
[16:31:47] [228/459] POON
[16:31:50] [229/459] CCPC
[16:31:51] [230/459] DCKC
[16:31:55] [231/459] CPRT
[16:31:56] [232/459] EYHZ
[16:31:57] [233/459] ARBL
[16:32:00] [234/459] SBTB
[16:32:01] [235/459] MMCK
[16:32:01] 🔄 Identity reset
[16:32:01] 🔄 Identity rotated (every 10 requests)
[16:32:02] [236/459] PLMR
[16:32:03] [237/459] BIJH
[16:32:04] [238/459] SDRT
[16:32:05] [239/459] PRDC
[16:32:05] [240/459] OMJA
[16:32:06] [241/459] VKCR
[16:32:07] [242/459] ATRT
[16:32:08] [243/459] WVRP
[16:32:10] [244/459] MVRP
[16:32:12] [245/459] FCAX
[16:32:12] 🔄 Identity reset
[16:32:12] 🔄 Identity rotated (every 10 requests)
[16:32:12] [246/459] CTLC
[16:32:14] [247/459] JCHB
[16:32:15] [248/459] SELP
[16:32:16] [249/459] VCPG
[16:32:17] [250/459] ASCX
[16:32:18] [251/459] EOCS
[16:32:19] [252/459] RCPH
[16:32:20] [253/459] RJTM
[16:32:21] [254/459] SGMD
[16:32:21] [255/459] SVJT
[16:32:21] 🔄 Identity reset
[16:32:21] 🔄 Identity rotated (every 10 requests)
[16:32:22] [256/459] SPPO
[16:32:23] [257/459] MNRL
[16:32:25] [258/459] KNOX
[16:32:25] [259/459] GIER
[16:32:26] [260/459] PJMS
[16:32:27] [261/459] UNSP
[16:32:28] [262/459] JETP
[16:32:28] [263/459] VTWA
[16:32:29] [264/459] SCJI
[16:32:30] [265/459] CBZZ
[16:32:30] 🔄 Identity reset
[16:32:30] 🔄 Identity rotated (every 10 requests)
[16:32:31] [266/459] SDCJ
[16:32:32] [267/459] RRCC
[16:32:34] [268/459] VNKG
[16:32:35] [269/459] LKTO
[16:32:36] [270/459] PJRM
[16:32:37] [271/459] NVRM
[16:32:38] [272/459] SJCS
[16:32:39] [273/459] VIGK
[16:32:40] [274/459] ANST
[16:32:41] [275/459] JTTS
[16:32:41] 🔄 Identity reset
[16:32:41] 🔄 Identity rotated (every 10 requests)
[16:32:42] [276/459] NTST
[16:32:44] [277/459] PREB
[16:32:45] [278/459] TSCZ
[16:32:46] [279/459] CDCM
[16:32:46] [280/459] ELYE
[16:32:47] [281/459] INBS
[16:32:48] [282/459] SMGC
[16:32:49] [283/459] UTMP
[16:32:50] [284/459] INTA
[16:32:51] [285/459] OMPT
[16:32:51] 🔄 Identity reset
[16:32:51] 🔄 Identity rotated (every 10 requests)
[16:32:52] [286/459] SCIR
[16:32:53] [287/459] GCKJ
[16:32:54] [288/459] INOG
[16:32:55] [289/459] SMGB
[16:32:56] [290/459] MCSG
[16:32:57] [291/459] STKG
[16:32:58] [292/459] TTKG
[16:33:00] [293/459] SRTR
[16:33:01] [294/459] ETTR
[16:33:02] [295/459] GGGZ
[16:33:02] 🔄 Identity reset
[16:33:02] 🔄 Identity rotated (every 10 requests)
[16:33:04] [296/459] IPGM
[16:33:06] [297/459] FCDH
[16:33:07] [298/459] DESB
[16:33:08] [299/459] VNTP
[16:33:09] [300/459] ANNT
[16:33:10] [301/459] SLTI
[16:33:11] [302/459] MAJU
[16:33:12] [303/459] JCXP
[16:33:13] [304/459] HARK
[16:33:14] [305/459] JPCJ
[16:33:14] 🔄 Identity reset
[16:33:14] 🔄 Identity rotated (every 10 requests)
[16:33:15] [306/459] RXBD
[16:33:16] [307/459] PTKJ
[16:33:17] [308/459] CMTU
[16:33:18] [309/459] SWOR
[16:33:19] [310/459] JMEX
[16:33:20] [311/459] DTPT
[16:33:21] [312/459] VGMM
[16:33:22] [313/459] VCSG
[16:33:23] [314/459] CVCG
[16:33:24] [315/459] TNTT
[16:33:24] 🔄 Identity reset
[16:33:24] 🔄 Identity rotated (every 10 requests)
[16:33:25] [316/459] SHRM
[16:33:26] [317/459] CGKD
[16:33:27] [318/459] EKCM
[16:33:28] [319/459] SDCX
[16:33:29] [320/459] SBTE
[16:33:30] [321/459] STKJ
[16:33:32] [322/459] TPCE
[16:33:34] [323/459] JTNP
[16:33:35] [324/459] LPCH
[16:33:36] [325/459] CPUO
[16:33:36] 🔄 Identity reset
[16:33:36] 🔄 Identity rotated (every 10 requests)
[16:33:37] [326/459] APSU
[16:33:38] [327/459] RTHC
[16:33:38] [328/459] PTBU
[16:33:39] [329/459] CUCC
[16:33:41] [330/459] CPSA
[16:33:41] [331/459] SUAY
[16:33:43] [332/459] AYAA
[16:33:44] [333/459] MUCH
[16:33:45] [334/459] PCIN
[16:33:46] [335/459] JRRM
[16:33:46] 🔄 Identity reset
[16:33:46] 🔄 Identity rotated (every 10 requests)
[16:33:47] [336/459] KATS
[16:33:48] [337/459] MHFF
[16:33:49] [338/459] ESYM
[16:33:50] [339/459] STYV
[16:33:51] [340/459] SDKG
[16:33:52] [341/459] SMTI
[16:33:53] [342/459] NYCS
[16:33:54] [343/459] MTBG
[16:33:55] [344/459] RHCA
[16:33:55] [345/459] PCKH
[16:33:55] 🔄 Identity reset
[16:33:55] 🔄 Identity rotated (every 10 requests)
[16:33:57] [346/459] ARCR
[16:33:58] [347/459] NCMB
[16:33:58] [348/459] SHYC
[16:33:59] [349/459] LACK
[16:34:00] [350/459] MTCM
[16:34:01] [351/459] RRBN
[16:34:02] [352/459] MYDC
[16:34:03] [353/459] STCS
[16:34:04] [354/459] CONN
[16:34:06] [355/459] SIPS
[16:34:06] 🔄 Identity reset
[16:34:06] 🔄 Identity rotated (every 10 requests)
[16:34:07] [356/459] SMMX
[16:34:08] [357/459] SCBY
[16:34:10] [358/459] SUAP
[16:34:10] [359/459] RSMK
[16:34:11] [360/459] STKP
[16:34:12] [361/459] CIPC
[16:34:13] [362/459] KKCI
[16:34:14] [363/459] CTNK
[16:34:15] [364/459] MMTZ
[16:34:16] [365/459] DCCO
[16:34:16] 🔄 Identity reset
[16:34:16] 🔄 Identity rotated (every 10 requests)
[16:34:17] [366/459] VNMN
[16:34:19] [367/459] RLCN
[16:34:21] [368/459] CMMS
[16:34:21] [369/459] AYOU
[16:34:22] [370/459] SSCN
[16:34:23] [371/459] SMXN
[16:34:24] [372/459] ASSK
[16:34:25] [373/459] VCKM
[16:34:26] [374/459] PCPH
[16:34:28] [375/459] PADM
[16:34:28] 🔄 Identity reset
[16:34:28] 🔄 Identity rotated (every 10 requests)
[16:34:28] 🔄 Retry 1/5 for PADM in 2.0s
[16:34:28] 🔄 Identity reset
[16:34:30] 🧠 New identity created
[16:34:31] [376/459] IESA
[16:34:32] [377/459] VCSP
[16:34:32] [378/459] AEST
[16:34:33] [379/459] VTNR
[16:34:34] [380/459] GTTA
[16:34:35] [381/459] CMMM
[16:34:36] [382/459] AHKT
[16:34:38] [383/459] SIJI
[16:34:39] [384/459] VCEI
[16:34:39] 🔄 Identity reset
[16:34:39] 🔄 Identity rotated (every 10 requests)
[16:34:39] 🔄 Retry 1/5 for VCEI in 2.2s
[16:34:39] 🔄 Identity reset
[16:34:41] 🧠 New identity created
[16:34:41] 🔄 Retry 2/5 for VCEI in 4.8s
[16:34:41] 🔄 Identity reset
[16:34:46] 🧠 New identity created
[16:34:47] [385/459] SAKR
[16:34:48] [386/459] VSMT
[16:34:49] [387/459] SSCT
[16:34:49] [388/459] USTR
[16:34:50] [389/459] MTKT
[16:34:51] [390/459] TGMP
[16:34:52] [391/459] SIVC
[16:34:53] [392/459] KICT
[16:34:53] 🔄 Identity reset
[16:34:53] 🔄 Identity rotated (every 10 requests)
[16:34:53] 🔄 Retry 1/5 for KICT in 2.5s
[16:34:53] 🔄 Identity reset
[16:34:56] 🧠 New identity created
[16:34:57] [393/459] DAMD
[16:34:58] [394/459] CNPT
[16:34:59] [395/459] RVTT
[16:35:00] [396/459] SNCM
[16:35:01] [397/459] GHTE
[16:35:02] [398/459] PPAM
[16:35:03] [399/459] PVAA
[16:35:04] [400/459] CPAO
[16:35:05] [401/459] HAMD
[16:35:05] 🔄 Identity reset
[16:35:05] 🔄 Identity rotated (every 10 requests)
[16:35:05] [402/459] RCCA
[16:35:06] [403/459] MPCH
[16:35:08] [404/459] ARED
[16:35:09] [405/459] RRCV
[16:35:10] [406/459] MTRB
[16:35:11] [407/459] CKUA
[16:35:12] [408/459] ABMP
[16:35:13] [409/459] RCWA
[16:35:14] [410/459] CGAR
[16:35:15] [411/459] METH
[16:35:15] 🔄 Identity reset
[16:35:15] 🔄 Identity rotated (every 10 requests)
[16:35:16] [412/459] WAGA
[16:35:18] [413/459] MCMA
[16:35:19] [414/459] CSMP
[16:35:20] [415/459] RCNK
[16:35:21] [416/459] PSTM
[16:35:22] [417/459] CSEP
[16:35:23] [418/459] AMGD
[16:35:24] [419/459] CSTE
[16:35:25] [420/459] CONS
[16:35:26] [421/459] APPX
[16:35:26] 🔄 Identity reset
[16:35:26] 🔄 Identity rotated (every 10 requests)
[16:35:27] [422/459] MABC
[16:35:28] [423/459] CXST
[16:35:30] [424/459] MATN
[16:35:31] [425/459] MACZ
[16:35:31] [426/459] MASA
[16:35:32] [427/459] MBSX
[16:35:33] [428/459] CSST
[16:35:34] [429/459] APCL
[16:35:36] [430/459] CGOS
[16:35:37] [431/459] CPEC
[16:35:37] 🔄 Identity reset
[16:35:37] 🔄 Identity rotated (every 10 requests)
[16:35:38] [432/459] MCCP
[16:35:39] [433/459] BSSO
[16:35:40] [434/459] SJKA
[16:35:40] [435/459] CGBO
[16:35:41] [436/459] MVSK
[16:35:42] [437/459] HVCA
[16:35:44] [438/459] NAMD
[16:35:45] [439/459] DEVI
[16:35:46] [440/459] SCSV
[16:35:46] [441/459] PSMA
[16:35:46] 🔄 Identity reset
[16:35:46] 🔄 Identity rotated (every 10 requests)
[16:35:47] [442/459] CLDJ
[16:35:48] [443/459] NMAD
[16:35:49] [444/459] CGMO
[16:35:50] [445/459] MCNA
[16:35:51] [446/459] OCBN
[16:35:52] [447/459] CPEM
[16:35:53] [448/459] CPSM
[16:35:54] [449/459] RCAD
[16:35:55] [450/459] CPMU
[16:35:56] [451/459] DICD
[16:35:56] 🔄 Identity reset
[16:35:56] 🔄 Identity rotated (every 10 requests)
[16:35:57] [452/459] CHOE
[16:35:58] [453/459] PDJM
[16:35:59] [454/459] SSTU
[16:36:00] [455/459] VNRN
[16:36:00] [456/459] PVLG
[16:36:01] [457/459] SWBL
[16:36:02] [458/459] SCAB
[16:36:03] [459/459] RDDA
[16:36:04] 🧹 Deduping shows
[16:36:04] ✅ DONE | Shows=4211 | Movies=67
[18:54:40] 🚀 SCRIPT STARTED
[18:54:40] [1/459] MCCZ
[18:54:40] 🧠 New identity created
[18:54:40] 🔄 Retry 1/5 for MCCZ in 2.3s
[18:54:40] 🔄 Identity reset
[18:54:42] 🧠 New identity created
[18:54:42] 🔄 Retry 2/5 for MCCZ in 5.0s
[18:54:42] 🔄 Identity reset
[18:54:47] 🧠 New identity created
[18:54:47] 🔄 Retry 3/5 for MCCZ in 8.5s
[18:54:47] 🔄 Identity reset
[18:54:56] 🧠 New identity created
[18:54:57] [2/459] FRPU
[18:54:58] [3/459] SKSI
[18:54:59] [4/459] SSCK
[18:54:59] [5/459] SRDC
[18:55:01] [6/459] RSCZ
[18:55:02] [7/459] PRVT
[18:55:02] 🔄 Identity reset
[18:55:02] 🔄 Identity rotated (every 10 requests)
[18:55:02] 🔄 Retry 1/5 for PRVT in 2.1s
[18:55:02] 🔄 Identity reset
[18:55:04] 🧠 New identity created
[18:55:04] 🔄 Retry 2/5 for PRVT in 4.8s
[18:55:04] 🔄 Identity reset
[18:55:09] 🧠 New identity created
[18:55:10] [8/459] GAGJ
[18:55:11] [9/459] SMHG
[18:55:12] [10/459] JTST
[18:55:13] [11/459] MYTH
[18:55:14] [12/459] JPCC
[18:55:15] [13/459] ACDC
[18:55:15] [14/459] SVFP
[18:55:16] [15/459] SFCM
[18:55:16] 🔄 Identity reset
[18:55:16] 🔄 Identity rotated (every 10 requests)
[18:55:16] 🔄 Retry 1/5 for SFCM in 2.9s
[18:55:16] 🔄 Identity reset
[18:55:19] 🧠 New identity created
[18:55:19] 🔄 Retry 2/5 for SFCM in 4.6s
[18:55:19] 🔄 Identity reset
[18:55:24] 🧠 New identity created
[18:55:25] [16/459] RUPK
[18:55:26] [17/459] NTCR
[18:55:27] [18/459] RTCH
[18:55:28] [19/459] SCMH
[18:55:29] [20/459] SVYM
[18:55:30] [21/459] SPYM
[18:55:31] [22/459] SMMF
[18:55:32] [23/459] CLLB
[18:55:32] 🔄 Identity reset
[18:55:32] 🔄 Identity rotated (every 10 requests)
[18:55:32] [24/459] FMCB
[18:55:33] [25/459] BBTC
[18:55:34] [26/459] NTHS
[18:55:35] [27/459] PKKJ
[18:55:36] [28/459] MTJA
[18:55:37] [29/459] PMSJ
[18:55:38] [30/459] JMJU
[18:55:39] [31/459] SRAD
[18:55:40] [32/459] MJMC
[18:55:41] [33/459] DFRM
[18:55:41] 🔄 Identity reset
[18:55:41] 🔄 Identity rotated (every 10 requests)
[18:55:41] [34/459] PMRS
[18:55:42] [35/459] RKPP
[18:55:43] [36/459] BMBK
[18:55:44] [37/459] NEWS
[18:55:45] [38/459] SALB
[18:55:46] [39/459] SCPW
[18:55:47] [40/459] RAYL
[18:55:48] [41/459] CMGJ
[18:55:49] [42/459] JRCR
[18:55:49] [43/459] SRTB
[18:55:49] 🔄 Identity reset
[18:55:49] 🔄 Identity rotated (every 10 requests)
[18:55:50] [44/459] ETPB
[18:55:51] [45/459] MXBN
[18:55:52] [46/459] TOPE
[18:55:53] [47/459] SNLJ
[18:55:54] [48/459] CDDP
[18:55:55] [49/459] APCX
[18:55:56] [50/459] TALP
[18:55:57] [51/459] RRMP
[18:55:58] [52/459] MAHB
[18:55:59] [53/459] MTKR
[18:55:59] 🔄 Identity reset
[18:55:59] 🔄 Identity rotated (every 10 requests)
[18:56:00] [54/459] KSKL
[18:56:01] [55/459] RJLT
[18:56:02] [56/459] ATAS
[18:56:02] [57/459] AMHR
[18:56:03] [58/459] RSRM
[18:56:04] [59/459] GCAT
[18:56:05] [60/459] SMML
[18:56:07] [61/459] ACCD
[18:56:07] [62/459] VYDA
[18:56:09] [63/459] MSKT
[18:56:09] 🔄 Identity reset
[18:56:09] 🔄 Identity rotated (every 10 requests)
[18:56:09] 🔄 Retry 1/5 for MSKT in 2.7s
[18:56:09] 🔄 Identity reset
[18:56:12] 🧠 New identity created
[18:56:12] 🔄 Retry 2/5 for MSKT in 4.7s
[18:56:12] 🔄 Identity reset
[18:56:17] 🧠 New identity created
[18:56:17] 🔄 Retry 3/5 for MSKT in 8.2s
[18:56:17] 🔄 Identity reset
[18:56:25] 🧠 New identity created
[18:56:26] [64/459] AVDM
[18:56:27] [65/459] ASMH
[18:56:29] [66/459] VTMB
[18:56:30] [67/459] WVMB
[18:56:31] [68/459] PPMN
[18:56:32] [69/459] MTMD
[18:56:32] [70/459] SMMO
[18:56:32] 🔄 Identity reset
[18:56:32] 🔄 Identity rotated (every 10 requests)
[18:56:32] 🔄 Retry 1/5 for SMMO in 2.5s
[18:56:32] 🔄 Identity reset
[18:56:35] 🧠 New identity created
[18:56:36] [71/459] DLPB
[18:56:37] [72/459] AKMD
[18:56:38] [73/459] SHRR
[18:56:39] [74/459] ASCO
[18:56:40] [75/459] CZVX
[18:56:41] [76/459] GCBB
[18:56:42] [77/459] ATBM
[18:56:44] [78/459] TCGM
[18:56:45] [79/459] UMSE
[18:56:45] 🔄 Identity reset
[18:56:45] 🔄 Identity rotated (every 10 requests)
[18:56:45] [80/459] NKCL
[18:56:46] [81/459] BTLR
[18:56:47] [82/459] GOCL
[18:56:49] [83/459] MIRN
[18:56:50] [84/459] THEC
[18:56:51] [85/459] SPPB
[18:56:52] [86/459] PMMM
[18:56:53] [87/459] GGMC
[18:56:54] [88/459] AVSR
[18:56:54] [89/459] RDMH
[18:56:54] 🔄 Identity reset
[18:56:55] 🔄 Identity rotated (every 10 requests)
[18:56:55] [90/459] JSRS
[18:56:57] [91/459] VKGP
[18:56:58] [92/459] ACRT
[18:56:59] [93/459] GCBA
[18:57:00] [94/459] GTCP
[18:57:01] [95/459] AKFC
[18:57:02] [96/459] INCS
[18:57:03] [97/459] SMCK
[18:57:04] [98/459] BRUN
[18:57:05] [99/459] RPPC
[18:57:05] 🔄 Identity reset
[18:57:05] 🔄 Identity rotated (every 10 requests)
[18:57:06] [100/459] PAYD
[18:57:08] [101/459] SVVT
[18:57:09] [102/459] RNCC
[18:57:10] [103/459] PCRC
[18:57:11] [104/459] PMRM
[18:57:12] [105/459] CCRP
[18:57:13] [106/459] INCR
[18:57:14] [107/459] ZTMP
[18:57:15] [108/459] MCNR
[18:57:16] [109/459] INRP
[18:57:16] 🔄 Identity reset
[18:57:16] 🔄 Identity rotated (every 10 requests)
[18:57:16] 🔄 Retry 1/5 for INRP in 2.1s
[18:57:16] 🔄 Identity reset
[18:57:18] 🧠 New identity created
[18:57:19] [110/459] STRC
[18:57:20] [111/459] RATI
[18:57:20] [112/459] PBTR
[18:57:22] [113/459] CMHP
[18:57:23] [114/459] ZECJ
[18:57:24] [115/459] CCCB
[18:57:25] [116/459] BWCB
[18:57:26] [117/459] CCAT
[18:57:27] [118/459] KGCM
[18:57:27] 🔄 Identity reset
[18:57:27] 🔄 Identity rotated (every 10 requests)
[18:57:28] [119/459] INPT
[18:57:28] [120/459] FNCO
[18:57:29] [121/459] SRMJ
[18:57:30] [122/459] PFSC
[18:57:31] [123/459] PBMC
[18:57:32] [124/459] KARP
[18:57:33] [125/459] KOVI
[18:57:34] [126/459] ACXL
[18:57:35] [127/459] GKCC
[18:57:36] [128/459] ASCC
[18:57:36] 🔄 Identity reset
[18:57:36] 🔄 Identity rotated (every 10 requests)
[18:57:37] [129/459] SETC
[18:57:38] [130/459] KACC
[18:57:39] [131/459] KAVE
[18:57:40] [132/459] CNTC
[18:57:41] [133/459] MEEN
[18:57:42] [134/459] BMRV
[18:57:43] [135/459] SVAM
[18:57:44] [136/459] VTBP
[18:57:45] [137/459] VCKN
[18:57:46] [138/459] SGTK
[18:57:46] 🔄 Identity reset
[18:57:46] 🔄 Identity rotated (every 10 requests)
[18:57:47] [139/459] RCGS
[18:57:47] [140/459] RCCB
[18:57:49] [141/459] RKSR
[18:57:50] [142/459] RKCU
[18:57:51] [143/459] GIBH
[18:57:52] [144/459] CXBS
[18:57:53] [145/459] GGCB
[18:57:54] [146/459] SCPB
[18:57:55] [147/459] AKTB
[18:57:56] [148/459] SRBU
[18:57:56] 🔄 Identity reset
[18:57:56] 🔄 Identity rotated (every 10 requests)
[18:57:56] 🔄 Retry 1/5 for SRBU in 2.6s
[18:57:56] 🔄 Identity reset
[18:57:59] 🧠 New identity created
[18:58:00] [149/459] CSSA
[18:58:01] [150/459] MYAN
[18:58:02] [151/459] EXCA
[18:58:03] [152/459] CKSA
[18:58:04] [153/459] JTNM
[18:58:04] [154/459] CXKT
[18:58:05] [155/459] NCLM
[18:58:06] [156/459] JAAD
[18:58:07] [157/459] RDCR
[18:58:07] 🔄 Identity reset
[18:58:07] 🔄 Identity rotated (every 10 requests)
[18:58:08] [158/459] MEER
[18:58:09] [159/459] SIBT
[18:58:10] [160/459] PVVB
[18:58:11] [161/459] FNPN
[18:58:12] [162/459] CRPX
[18:58:13] [163/459] STET
[18:58:14] [164/459] METE
[18:58:15] [165/459] BJML
[18:58:16] [166/459] MAVT
[18:58:17] [167/459] MSRM
[18:58:17] 🔄 Identity reset
[18:58:17] 🔄 Identity rotated (every 10 requests)
[18:58:17] 🔄 Retry 1/5 for MSRM in 2.1s
[18:58:17] 🔄 Identity reset
[18:58:19] 🧠 New identity created
[18:58:20] [168/459] TJMP
[18:58:21] [169/459] MHCK
[18:58:22] [170/459] SVGP
[18:58:23] [171/459] KRRC
[18:58:24] [172/459] IMCH
[18:58:25] [173/459] CMCS
[18:58:27] [174/459] SGND
[18:58:28] [175/459] RNAT
[18:58:29] [176/459] PRTN
[18:58:29] 🔄 Identity reset
[18:58:29] 🔄 Identity rotated (every 10 requests)
[18:58:31] [177/459] MPTN
[18:58:31] [178/459] ARCC
[18:58:32] [179/459] NTTE
[18:58:34] [180/459] ABND
[18:58:36] [181/459] KCSN
[18:58:37] [182/459] KCSA
[18:58:38] [183/459] DCKT
[18:58:39] [184/459] MBBR
[18:58:40] [185/459] RAMU
[18:58:41] [186/459] RACW
[18:58:41] 🔄 Identity reset
[18:58:41] 🔄 Identity rotated (every 10 requests)
[18:58:41] 🔄 Retry 1/5 for RACW in 2.8s
[18:58:41] 🔄 Identity reset
[18:58:44] 🧠 New identity created
[18:58:44] [187/459] MCHP
[18:58:45] [188/459] TMHM
[18:58:46] [189/459] STXH
[18:58:47] [190/459] AGSG
[18:58:48] [191/459] SIRA
[18:58:49] [192/459] RCAN
[18:58:50] [193/459] CWTB
[18:58:51] [194/459] VTYM
[18:58:52] [195/459] RRPP
[18:58:52] 🔄 Identity reset
[18:58:52] 🔄 Identity rotated (every 10 requests)
[18:58:52] 🔄 Retry 1/5 for RRPP in 3.0s
[18:58:52] 🔄 Identity reset
[18:58:55] 🧠 New identity created
[18:58:56] [196/459] ASMR
[18:58:56] [197/459] RONO
[18:58:57] [198/459] MEMR
[18:58:58] [199/459] CTMR
[18:58:59] [200/459] PMTT
[18:59:00] [201/459] PSLX
[18:59:01] [202/459] IPPL
[18:59:02] [203/459] MMSG
[18:59:03] [204/459] INEL
[18:59:03] 🔄 Identity reset
[18:59:03] 🔄 Identity rotated (every 10 requests)
[18:59:03] 🔄 Retry 1/5 for INEL in 2.8s
[18:59:03] 🔄 Identity reset
[18:59:06] 🧠 New identity created
[18:59:07] [205/459] COAC
[18:59:08] [206/459] WVLK
[18:59:09] [207/459] PPXL
[18:59:10] [208/459] PSML
[18:59:11] [209/459] FNLK
[18:59:12] [210/459] ILUM
[18:59:13] [211/459] ILCM
[18:59:14] [212/459] MSNL
[18:59:14] [213/459] VINB
[18:59:14] 🔄 Identity reset
[18:59:14] 🔄 Identity rotated (every 10 requests)
[18:59:15] [214/459] SALW
[18:59:16] [215/459] PRTB
[18:59:17] [216/459] NCIL
[18:59:18] [217/459] PSUL
[18:59:19] [218/459] SCLK
[18:59:21] [219/459] ADDC
[18:59:22] [220/459] OACL
[18:59:23] [221/459] OOCF
[18:59:24] [222/459] GPMF
[18:59:25] [223/459] SSDG
[18:59:25] 🔄 Identity reset
[18:59:25] 🔄 Identity rotated (every 10 requests)
[18:59:26] [224/459] SKRS
[18:59:27] [225/459] NTTP
[18:59:28] [226/459] SLTP
[18:59:29] [227/459] JTLC
[18:59:30] [228/459] POON
[18:59:31] [229/459] CCPC
[18:59:32] [230/459] DCKC
[18:59:33] [231/459] CPRT
[18:59:34] [232/459] EYHZ
[18:59:35] [233/459] ARBL
[18:59:35] 🔄 Identity reset
[18:59:35] 🔄 Identity rotated (every 10 requests)
[18:59:36] [234/459] SBTB
[18:59:37] [235/459] MMCK
[18:59:38] [236/459] PLMR
[18:59:39] [237/459] BIJH
[18:59:40] [238/459] SDRT
[18:59:41] [239/459] PRDC
[18:59:41] [240/459] OMJA
[18:59:43] [241/459] VKCR
[18:59:43] [242/459] ATRT
[18:59:45] [243/459] WVRP
[18:59:45] 🔄 Identity reset
[18:59:45] 🔄 Identity rotated (every 10 requests)
[18:59:45] 🔄 Retry 1/5 for WVRP in 2.8s
[18:59:45] 🔄 Identity reset
[18:59:48] 🧠 New identity created
[18:59:49] [244/459] MVRP
[18:59:50] [245/459] FCAX
[18:59:51] [246/459] CTLC
[18:59:52] [247/459] JCHB
[18:59:54] [248/459] SELP
[18:59:54] [249/459] VCPG
[18:59:56] [250/459] ASCX
[18:59:56] [251/459] EOCS
[18:59:57] [252/459] RCPH
[18:59:57] 🔄 Identity reset
[18:59:57] 🔄 Identity rotated (every 10 requests)
[18:59:58] [253/459] RJTM
[19:00:00] [254/459] SGMD
[19:00:02] [255/459] SVJT
[19:00:03] [256/459] SPPO
[19:00:04] [257/459] MNRL
[19:00:05] [258/459] KNOX
[19:00:05] [259/459] GIER
[19:00:07] [260/459] PJMS
[19:00:08] [261/459] UNSP
[19:00:09] [262/459] JETP
[19:00:09] 🔄 Identity reset
[19:00:09] 🔄 Identity rotated (every 10 requests)
[19:00:10] [263/459] VTWA
[19:00:11] [264/459] SCJI
[19:00:12] [265/459] CBZZ
[19:00:12] [266/459] SDCJ
[19:00:13] [267/459] RRCC
[19:00:14] [268/459] VNKG
[19:00:15] [269/459] LKTO
[19:00:17] [270/459] PJRM
[19:00:18] [271/459] NVRM
[19:00:19] [272/459] SJCS
[19:00:19] 🔄 Identity reset
[19:00:19] 🔄 Identity rotated (every 10 requests)
[19:00:20] [273/459] VIGK
[19:00:21] [274/459] ANST
[19:00:22] [275/459] JTTS
[19:00:23] [276/459] NTST
[19:00:23] [277/459] PREB
[19:00:24] [278/459] TSCZ
[19:00:25] [279/459] CDCM
[19:00:26] [280/459] ELYE
[19:00:27] [281/459] INBS
[19:00:29] [282/459] SMGC
[19:00:29] 🔄 Identity reset
[19:00:29] 🔄 Identity rotated (every 10 requests)
[19:00:29] 🔄 Retry 1/5 for SMGC in 2.2s
[19:00:29] 🔄 Identity reset
[19:00:31] 🧠 New identity created
[19:00:33] [283/459] UTMP
[19:00:33] [284/459] INTA
[19:00:34] [285/459] OMPT
[19:00:35] [286/459] SCIR
[19:00:36] [287/459] GCKJ
[19:00:37] [288/459] INOG
[19:00:38] [289/459] SMGB
[19:00:39] [290/459] MCSG
[19:00:40] [291/459] STKG
[19:00:40] 🔄 Identity reset
[19:00:40] 🔄 Identity rotated (every 10 requests)
[19:00:40] 🔄 Retry 1/5 for STKG in 2.2s
[19:00:40] 🔄 Identity reset
[19:00:43] 🧠 New identity created
[19:00:44] [292/459] TTKG
[19:00:45] [293/459] SRTR
[19:00:46] [294/459] ETTR
[19:00:47] [295/459] GGGZ
[19:00:48] [296/459] IPGM
[19:00:49] [297/459] FCDH
[19:00:50] [298/459] DESB
[19:00:51] [299/459] VNTP
[19:00:51] [300/459] ANNT
[19:00:51] 🔄 Identity reset
[19:00:51] 🔄 Identity rotated (every 10 requests)
[19:00:52] [301/459] SLTI
[19:00:53] [302/459] MAJU
[19:00:54] [303/459] JCXP
[19:00:55] [304/459] HARK
[19:00:56] [305/459] JPCJ
[19:00:57] [306/459] RXBD
[19:00:58] [307/459] PTKJ
[19:00:59] [308/459] CMTU
[19:01:00] [309/459] SWOR
[19:01:01] [310/459] JMEX
[19:01:01] 🔄 Identity reset
[19:01:01] 🔄 Identity rotated (every 10 requests)
[19:01:01] 🔄 Retry 1/5 for JMEX in 2.8s
[19:01:01] 🔄 Identity reset
[19:01:04] 🧠 New identity created
[19:01:05] [311/459] DTPT
[19:01:06] [312/459] VGMM
[19:01:07] [313/459] VCSG
[19:01:08] [314/459] CVCG
[19:01:09] [315/459] TNTT
[19:01:10] [316/459] SHRM
[19:01:11] [317/459] CGKD
[19:01:12] [318/459] EKCM
[19:01:12] [319/459] SDCX
[19:01:12] 🔄 Identity reset
[19:01:12] 🔄 Identity rotated (every 10 requests)
[19:01:13] [320/459] SBTE
[19:01:14] [321/459] STKJ
[19:01:15] [322/459] TPCE
[19:01:16] [323/459] JTNP
[19:01:18] [324/459] LPCH
[19:01:19] [325/459] CPUO
[19:01:20] [326/459] APSU
[19:01:21] [327/459] RTHC
[19:01:22] [328/459] PTBU
[19:01:23] [329/459] CUCC
[19:01:23] 🔄 Identity reset
[19:01:23] 🔄 Identity rotated (every 10 requests)
[19:01:24] [330/459] CPSA
[19:01:25] [331/459] SUAY
[19:01:26] [332/459] AYAA
[19:01:27] [333/459] MUCH
[19:01:28] [334/459] PCIN
[19:01:29] [335/459] JRRM
[19:01:30] [336/459] KATS
[19:01:31] [337/459] MHFF
[19:01:32] [338/459] ESYM
[19:01:33] [339/459] STYV
[19:01:33] 🔄 Identity reset
[19:01:33] 🔄 Identity rotated (every 10 requests)
[19:01:34] [340/459] SDKG
[19:01:35] [341/459] SMTI
[19:01:36] [342/459] NYCS
[19:01:37] [343/459] MTBG
[19:01:38] [344/459] RHCA
[19:01:39] [345/459] PCKH
[19:01:40] [346/459] ARCR
[19:01:41] [347/459] NCMB
[19:01:42] [348/459] SHYC
[19:01:43] [349/459] LACK
[19:01:43] 🔄 Identity reset
[19:01:43] 🔄 Identity rotated (every 10 requests)
[19:01:44] [350/459] MTCM
[19:01:45] [351/459] RRBN
[19:01:46] [352/459] MYDC
[19:01:47] [353/459] STCS
[19:01:48] [354/459] CONN
[19:01:49] [355/459] SIPS
[19:01:51] [356/459] SMMX
[19:01:52] [357/459] SCBY
[19:01:52] [358/459] SUAP
[19:01:53] [359/459] RSMK
[19:01:53] 🔄 Identity reset
[19:01:53] 🔄 Identity rotated (every 10 requests)
[19:01:54] [360/459] STKP
[19:01:55] [361/459] CIPC
[19:01:56] [362/459] KKCI
[19:01:58] [363/459] CTNK
[19:01:58] [364/459] MMTZ
[19:02:00] [365/459] DCCO
[19:02:00] [366/459] VNMN
[19:02:01] [367/459] RLCN
[19:02:03] [368/459] CMMS
[19:02:03] [369/459] AYOU
[19:02:03] 🔄 Identity reset
[19:02:03] 🔄 Identity rotated (every 10 requests)
[19:02:03] 🔄 Retry 1/5 for AYOU in 2.6s
[19:02:03] 🔄 Identity reset
[19:02:06] 🧠 New identity created
[19:02:07] [370/459] SSCN
[19:02:08] [371/459] SMXN
[19:02:09] [372/459] ASSK
[19:02:10] [373/459] VCKM
[19:02:11] [374/459] PCPH
[19:02:12] [375/459] PADM
[19:02:13] [376/459] IESA
[19:02:14] [377/459] VCSP
[19:02:15] [378/459] AEST
[19:02:15] 🔄 Identity reset
[19:02:15] 🔄 Identity rotated (every 10 requests)
[19:02:16] [379/459] VTNR
[19:02:17] [380/459] GTTA
[19:02:18] [381/459] CMMM
[19:02:19] [382/459] AHKT
[19:02:21] [383/459] SIJI
[19:02:22] [384/459] VCEI
[19:02:23] [385/459] SAKR
[19:02:23] [386/459] VSMT
[19:02:24] [387/459] SSCT
[19:02:25] [388/459] USTR
[19:02:25] 🔄 Identity reset
[19:02:25] 🔄 Identity rotated (every 10 requests)
[19:02:26] [389/459] MTKT
[19:02:27] [390/459] TGMP
[19:02:28] [391/459] SIVC
[19:02:30] [392/459] KICT
[19:02:30] [393/459] DAMD
[19:02:31] [394/459] CNPT
[19:02:33] [395/459] RVTT
[19:02:34] [396/459] SNCM
[19:02:35] [397/459] GHTE
[19:02:36] [398/459] PPAM
[19:02:36] 🔄 Identity reset
[19:02:36] 🔄 Identity rotated (every 10 requests)
[19:02:36] 🔄 Retry 1/5 for PPAM in 2.1s
[19:02:36] 🔄 Identity reset
[19:02:38] 🧠 New identity created
[19:02:39] [399/459] PVAA
[19:02:40] [400/459] CPAO
[19:02:41] [401/459] HAMD
[19:02:42] [402/459] RCCA
[19:02:43] [403/459] MPCH
[19:02:44] [404/459] ARED
[19:02:45] [405/459] RRCV
[19:02:46] [406/459] MTRB
[19:02:47] [407/459] CKUA
[19:02:47] 🔄 Identity reset
[19:02:47] 🔄 Identity rotated (every 10 requests)
[19:02:48] [408/459] ABMP
[19:02:49] [409/459] RCWA
[19:02:50] [410/459] CGAR
[19:02:51] [411/459] METH
[19:02:52] [412/459] WAGA
[19:02:53] [413/459] MCMA
[19:02:54] [414/459] CSMP
[19:02:55] [415/459] RCNK
[19:02:56] [416/459] PSTM
[19:02:56] [417/459] CSEP
[19:02:56] 🔄 Identity reset
[19:02:56] 🔄 Identity rotated (every 10 requests)
[19:02:58] [418/459] AMGD
[19:02:59] [419/459] CSTE
[19:03:00] [420/459] CONS
[19:03:01] [421/459] APPX
[19:03:01] [422/459] MABC
[19:03:02] [423/459] CXST
[19:03:04] [424/459] MATN
[19:03:05] [425/459] MACZ
[19:03:06] [426/459] MASA
[19:03:07] [427/459] MBSX
[19:03:07] 🔄 Identity reset
[19:03:07] 🔄 Identity rotated (every 10 requests)
[19:03:08] [428/459] CSST
[19:03:09] [429/459] APCL
[19:03:11] [430/459] CGOS
[19:03:12] [431/459] CPEC
[19:03:13] [432/459] MCCP
[19:03:14] [433/459] BSSO
[19:03:15] [434/459] SJKA
[19:03:16] [435/459] CGBO
[19:03:17] [436/459] MVSK
[19:03:17] [437/459] HVCA
[19:03:17] 🔄 Identity reset
[19:03:17] 🔄 Identity rotated (every 10 requests)
[19:03:18] 🔄 Retry 1/5 for HVCA in 2.8s
[19:03:18] 🔄 Identity reset
[19:03:20] 🧠 New identity created
[19:03:20] 🔄 Retry 2/5 for HVCA in 4.8s
[19:03:20] 🔄 Identity reset
[19:03:25] 🧠 New identity created
[19:03:25] 🔄 Retry 3/5 for HVCA in 8.6s
[19:03:25] 🔄 Identity reset
[19:03:34] 🧠 New identity created
[19:03:35] [438/459] NAMD
[19:03:36] [439/459] DEVI
[19:03:36] [440/459] SCSV
[19:03:37] [441/459] PSMA
[19:03:38] [442/459] CLDJ
[19:03:39] [443/459] NMAD
[19:03:40] [444/459] CGMO
[19:03:40] 🔄 Identity reset
[19:03:40] 🔄 Identity rotated (every 10 requests)
[19:03:40] 🔄 Retry 1/5 for CGMO in 2.4s
[19:03:40] 🔄 Identity reset
[19:03:42] 🧠 New identity created
[19:03:43] [445/459] MCNA
[19:03:45] [446/459] OCBN
[19:03:45] [447/459] CPEM
[19:03:47] [448/459] CPSM
[19:03:47] [449/459] RCAD
[19:03:48] [450/459] CPMU
[19:03:49] [451/459] DICD
[19:03:50] [452/459] CHOE
[19:03:51] [453/459] PDJM
[19:03:51] 🔄 Identity reset
[19:03:51] 🔄 Identity rotated (every 10 requests)
[19:03:52] [454/459] SSTU
[19:03:53] [455/459] VNRN
[19:03:54] [456/459] PVLG
[19:03:55] [457/459] SWBL
[19:03:56] [458/459] SCAB
[19:03:57] [459/459] RDDA
[19:03:59] 🧹 Deduping shows
[19:03:59] ✅ DONE | Shows=4315 | Movies=67
[19:48:49] 🚀 SCRIPT STARTED
[19:48:49] [1/459] MCCZ
[19:48:49] 🧠 New identity created
[19:48:50] [2/459] FRPU
[19:48:51] [3/459] SKSI
[19:48:52] [4/459] SSCK
[19:48:52] [5/459] SRDC
[19:48:54] [6/459] RSCZ
[19:48:55] [7/459] PRVT
[19:48:56] [8/459] GAGJ
[19:48:57] [9/459] SMHG
[19:48:58] [10/459] JTST
[19:48:58] 🔄 Identity reset
[19:48:58] 🔄 Identity rotated (every 10 requests)
[19:48:58] 🔄 Retry 1/5 for JTST in 2.9s
[19:48:58] 🔄 Identity reset
[19:49:01] 🧠 New identity created
[19:49:02] [11/459] MYTH
[19:49:02] [12/459] JPCC
[19:49:03] [13/459] ACDC
[19:49:04] [14/459] SVFP
[19:49:05] [15/459] SFCM
[19:49:07] [16/459] RUPK
[19:49:07] [17/459] NTCR
[19:49:08] [18/459] RTCH
[19:49:09] [19/459] SCMH
[19:49:09] 🔄 Identity reset
[19:49:09] 🔄 Identity rotated (every 10 requests)
[19:49:10] [20/459] SVYM
[19:49:11] [21/459] SPYM
[19:49:12] [22/459] SMMF
[19:49:13] [23/459] CLLB
[19:49:14] [24/459] FMCB
[19:49:15] [25/459] BBTC
[19:49:16] [26/459] NTHS
[19:49:17] [27/459] PKKJ
[19:49:19] [28/459] MTJA
[19:49:20] [29/459] PMSJ
[19:49:20] 🔄 Identity reset
[19:49:20] 🔄 Identity rotated (every 10 requests)
[19:49:21] [30/459] JMJU
[19:49:21] [31/459] SRAD
[19:49:22] [32/459] MJMC
[19:49:23] [33/459] DFRM
[19:49:25] [34/459] PMRS
[19:49:26] [35/459] RKPP
[19:49:27] [36/459] BMBK
[19:49:28] [37/459] NEWS
[19:49:29] [38/459] SALB
[19:49:30] [39/459] SCPW
[19:49:30] 🔄 Identity reset
[19:49:30] 🔄 Identity rotated (every 10 requests)
[19:49:31] [40/459] RAYL
[19:49:31] [41/459] CMGJ
[19:49:32] [42/459] JRCR
[19:49:33] [43/459] SRTB
[19:49:34] [44/459] ETPB
[19:49:35] [45/459] MXBN
[19:49:36] [46/459] TOPE
[19:49:37] [47/459] SNLJ
[19:49:38] [48/459] CDDP
[19:49:39] [49/459] APCX
[19:49:39] 🔄 Identity reset
[19:49:39] 🔄 Identity rotated (every 10 requests)
[19:49:39] 🔄 Retry 1/5 for APCX in 2.2s
[19:49:39] 🔄 Identity reset
[19:49:41] 🧠 New identity created
[19:49:42] [50/459] TALP
[19:49:43] [51/459] RRMP
[19:49:44] [52/459] MAHB
[19:49:45] [53/459] MTKR
[19:49:46] [54/459] KSKL
[19:49:47] [55/459] RJLT
[19:49:48] [56/459] ATAS
[19:49:49] [57/459] AMHR
[19:49:50] [58/459] RSRM
[19:49:50] 🔄 Identity reset
[19:49:50] 🔄 Identity rotated (every 10 requests)
[19:49:51] [59/459] GCAT
[19:49:52] [60/459] SMML
[19:49:52] [61/459] ACCD
[19:49:53] [62/459] VYDA
[19:49:54] [63/459] MSKT
[19:49:55] [64/459] AVDM
[19:49:56] [65/459] ASMH
[19:49:57] [66/459] VTMB
[19:49:58] [67/459] WVMB
[19:50:00] [68/459] PPMN
[19:50:00] 🔄 Identity reset
[19:50:00] 🔄 Identity rotated (every 10 requests)
[19:50:01] [69/459] MTMD
[19:50:01] [70/459] SMMO
[19:50:02] [71/459] DLPB
[19:50:03] [72/459] AKMD
[19:50:04] [73/459] SHRR
[19:50:05] [74/459] ASCO
[19:50:06] [75/459] CZVX
[19:50:07] [76/459] GCBB
[19:50:09] [77/459] ATBM
[19:50:10] [78/459] TCGM
[19:50:10] 🔄 Identity reset
[19:50:10] 🔄 Identity rotated (every 10 requests)
[19:50:11] [79/459] UMSE
[19:50:12] [80/459] NKCL
[19:50:12] [81/459] BTLR
[19:50:13] [82/459] GOCL
[19:50:14] [83/459] MIRN
[19:50:15] [84/459] THEC
[19:50:16] [85/459] SPPB
[19:50:17] [86/459] PMMM
[19:50:18] [87/459] GGMC
[19:50:19] [88/459] AVSR
[19:50:19] 🔄 Identity reset
[19:50:19] 🔄 Identity rotated (every 10 requests)
[19:50:19] 🔄 Retry 1/5 for AVSR in 2.2s
[19:50:19] 🔄 Identity reset
[19:50:21] 🧠 New identity created
[19:50:22] [89/459] RDMH
[19:50:23] [90/459] JSRS
[19:50:24] [91/459] VKGP
[19:50:25] [92/459] ACRT
[19:50:26] [93/459] GCBA
[19:50:27] [94/459] GTCP
[19:50:28] [95/459] AKFC
[19:50:29] [96/459] INCS
[19:50:30] [97/459] SMCK
[19:50:30] 🔄 Identity reset
[19:50:30] 🔄 Identity rotated (every 10 requests)
[19:50:31] [98/459] BRUN
[19:50:32] [99/459] RPPC
[19:50:33] [100/459] PAYD
[19:50:34] [101/459] SVVT
[19:50:35] [102/459] RNCC
[19:50:36] [103/459] PCRC
[19:50:36] [104/459] PMRM
[19:50:37] [105/459] CCRP
[19:50:39] [106/459] INCR
[19:50:40] [107/459] ZTMP
[19:50:40] 🔄 Identity reset
[19:50:40] 🔄 Identity rotated (every 10 requests)
[19:50:40] 🔄 Retry 1/5 for ZTMP in 2.7s
[19:50:40] 🔄 Identity reset
[19:50:43] 🧠 New identity created
[19:50:44] [108/459] MCNR
[19:50:45] [109/459] INRP
[19:50:45] [110/459] STRC
[19:50:46] [111/459] RATI
[19:50:47] [112/459] PBTR
[19:50:49] [113/459] CMHP
[19:50:50] [114/459] ZECJ
[19:50:51] [115/459] CCCB
[19:50:52] [116/459] BWCB
[19:50:52] 🔄 Identity reset
[19:50:52] 🔄 Identity rotated (every 10 requests)
[19:50:52] 🔄 Retry 1/5 for BWCB in 2.5s
[19:50:52] 🔄 Identity reset
[19:50:54] 🧠 New identity created
[19:50:55] [117/459] CCAT
[19:50:56] [118/459] KGCM
[19:50:57] [119/459] INPT
[19:50:58] [120/459] FNCO
[19:50:59] [121/459] SRMJ
[19:51:00] [122/459] PFSC
[19:51:01] [123/459] PBMC
[19:51:02] [124/459] KARP
[19:51:03] [125/459] KOVI
[19:51:03] 🔄 Identity reset
[19:51:03] 🔄 Identity rotated (every 10 requests)
[19:51:03] 🔄 Retry 1/5 for KOVI in 2.1s
[19:51:03] 🔄 Identity reset
[19:51:05] 🧠 New identity created
[19:51:06] [126/459] ACXL
[19:51:07] [127/459] GKCC
[19:51:08] [128/459] ASCC
[19:51:09] [129/459] SETC
[19:51:10] [130/459] KACC
[19:51:11] [131/459] KAVE
[19:51:12] [132/459] CNTC
[19:51:13] [133/459] MEEN
[19:51:14] [134/459] BMRV
[19:51:14] 🔄 Identity reset
[19:51:14] 🔄 Identity rotated (every 10 requests)
[19:51:15] [135/459] SVAM
[19:51:16] [136/459] VTBP
[19:51:17] [137/459] VCKN
[19:51:18] [138/459] SGTK
[19:51:19] [139/459] RCGS
[19:51:20] [140/459] RCCB
[19:51:21] [141/459] RKSR
[19:51:22] [142/459] RKCU
[19:51:22] [143/459] GIBH
[19:51:23] [144/459] CXBS
[19:51:23] 🔄 Identity reset
[19:51:23] 🔄 Identity rotated (every 10 requests)
[19:51:24] [145/459] GGCB
[19:51:26] [146/459] SCPB
[19:51:27] [147/459] AKTB
[19:51:28] [148/459] SRBU
[19:51:29] [149/459] CSSA
[19:51:30] [150/459] MYAN
[19:51:31] [151/459] EXCA
[19:51:32] [152/459] CKSA
[19:51:32] [153/459] JTNM
[19:51:33] [154/459] CXKT
[19:51:33] 🔄 Identity reset
[19:51:33] 🔄 Identity rotated (every 10 requests)
[19:51:34] [155/459] NCLM
[19:51:36] [156/459] JAAD
[19:51:37] [157/459] RDCR
[19:51:38] [158/459] MEER
[19:51:39] [159/459] SIBT
[19:51:40] [160/459] PVVB
[19:51:41] [161/459] FNPN
[19:51:42] [162/459] CRPX
[19:51:43] [163/459] STET
[19:51:44] [164/459] METE
[19:51:44] 🔄 Identity reset
[19:51:44] 🔄 Identity rotated (every 10 requests)
[19:51:45] [165/459] BJML
[19:51:47] [166/459] MAVT
[19:51:48] [167/459] MSRM
[19:51:48] [168/459] TJMP
[19:51:49] [169/459] MHCK
[19:51:50] [170/459] SVGP
[19:51:52] [171/459] KRRC
[19:51:53] [172/459] IMCH
[19:51:53] [173/459] CMCS
[19:51:55] [174/459] SGND
[19:51:55] 🔄 Identity reset
[19:51:55] 🔄 Identity rotated (every 10 requests)
[19:51:55] 🔄 Retry 1/5 for SGND in 2.1s
[19:51:55] 🔄 Identity reset
[19:51:57] 🧠 New identity created
[19:51:58] [175/459] RNAT
[19:51:59] [176/459] PRTN
[19:52:00] [177/459] MPTN
[19:52:01] [178/459] ARCC
[19:52:02] [179/459] NTTE
[19:52:03] [180/459] ABND
[19:52:04] [181/459] KCSN
[19:52:06] [182/459] KCSA
[19:52:07] [183/459] DCKT
[19:52:07] 🔄 Identity reset
[19:52:07] 🔄 Identity rotated (every 10 requests)
[19:52:09] [184/459] MBBR
[19:52:10] [185/459] RAMU
[19:52:11] [186/459] RACW
[19:52:12] [187/459] MCHP
[19:52:13] [188/459] TMHM
[19:52:15] [189/459] STXH
[19:52:16] [190/459] AGSG
[19:52:17] [191/459] SIRA
[19:52:17] [192/459] RCAN
[19:52:18] [193/459] CWTB
[19:52:18] 🔄 Identity reset
[19:52:18] 🔄 Identity rotated (every 10 requests)
[19:52:19] [194/459] VTYM
[19:52:20] [195/459] RRPP
[19:52:22] [196/459] ASMR
[19:52:23] [197/459] RONO
[19:52:24] [198/459] MEMR
[19:52:25] [199/459] CTMR
[19:52:26] [200/459] PMTT
[19:52:27] [201/459] PSLX
[19:52:28] [202/459] IPPL
[19:52:29] [203/459] MMSG
[19:52:29] 🔄 Identity reset
[19:52:29] 🔄 Identity rotated (every 10 requests)
[19:52:30] [204/459] INEL
[19:52:31] [205/459] COAC
[19:52:32] [206/459] WVLK
[19:52:33] [207/459] PPXL
[19:52:34] [208/459] PSML
[19:52:35] [209/459] FNLK
[19:52:36] [210/459] ILUM
[19:52:36] [211/459] ILCM
[19:52:37] [212/459] MSNL
[19:52:38] [213/459] VINB
[19:52:38] 🔄 Identity reset
[19:52:38] 🔄 Identity rotated (every 10 requests)
[19:52:39] [214/459] SALW
[19:52:41] [215/459] PRTB
[19:52:42] [216/459] NCIL
[19:52:43] [217/459] PSUL
[19:52:44] [218/459] SCLK
[19:52:45] [219/459] ADDC
[19:52:45] [220/459] OACL
[19:52:46] [221/459] OOCF
[19:52:47] [222/459] GPMF
[19:52:48] [223/459] SSDG
[19:52:48] 🔄 Identity reset
[19:52:48] 🔄 Identity rotated (every 10 requests)
[19:52:49] [224/459] SKRS
[19:52:50] [225/459] NTTP
[19:52:51] [226/459] SLTP
[19:52:52] [227/459] JTLC
[19:52:52] [228/459] POON
[19:52:53] [229/459] CCPC
[19:52:54] [230/459] DCKC
[19:52:55] [231/459] CPRT
[19:52:56] [232/459] EYHZ
[19:52:57] [233/459] ARBL
[19:52:57] 🔄 Identity reset
[19:52:57] 🔄 Identity rotated (every 10 requests)
[19:52:58] [234/459] SBTB
[19:53:00] [235/459] MMCK
[19:53:01] [236/459] PLMR
[19:53:02] [237/459] BIJH
[19:53:03] [238/459] SDRT
[19:53:04] [239/459] PRDC
[19:53:05] [240/459] OMJA
[19:53:06] [241/459] VKCR
[19:53:07] [242/459] ATRT
[19:53:08] [243/459] WVRP
[19:53:08] 🔄 Identity reset
[19:53:08] 🔄 Identity rotated (every 10 requests)
[19:53:09] [244/459] MVRP
[19:53:10] [245/459] FCAX
[19:53:11] [246/459] CTLC
[19:53:12] [247/459] JCHB
[19:53:13] [248/459] SELP
[19:53:14] [249/459] VCPG
[19:53:14] [250/459] ASCX
[19:53:15] [251/459] EOCS
[19:53:16] [252/459] RCPH
[19:53:17] [253/459] RJTM
[19:53:17] 🔄 Identity reset
[19:53:17] 🔄 Identity rotated (every 10 requests)
[19:53:18] [254/459] SGMD
[19:53:19] [255/459] SVJT
[19:53:20] [256/459] SPPO
[19:53:21] [257/459] MNRL
[19:53:22] [258/459] KNOX
[19:53:23] [259/459] GIER
[19:53:24] [260/459] PJMS
[19:53:24] [261/459] UNSP
[19:53:25] [262/459] JETP
[19:53:27] [263/459] VTWA
[19:53:27] 🔄 Identity reset
[19:53:27] 🔄 Identity rotated (every 10 requests)
[19:53:28] [264/459] SCJI
[19:53:29] [265/459] CBZZ
[19:53:30] [266/459] SDCJ
[19:53:31] [267/459] RRCC
[19:53:32] [268/459] VNKG
[19:53:33] [269/459] LKTO
[19:53:34] [270/459] PJRM
[19:53:35] [271/459] NVRM
[19:53:36] [272/459] SJCS
[19:53:37] [273/459] VIGK
[19:53:37] 🔄 Identity reset
[19:53:37] 🔄 Identity rotated (every 10 requests)
[19:53:37] [274/459] ANST
[19:53:39] [275/459] JTTS
[19:53:40] [276/459] NTST
[19:53:41] [277/459] PREB
[19:53:42] [278/459] TSCZ
[19:53:43] [279/459] CDCM
[19:53:44] [280/459] ELYE
[19:53:45] [281/459] INBS
[19:53:46] [282/459] SMGC
[19:53:47] [283/459] UTMP
[19:53:47] 🔄 Identity reset
[19:53:47] 🔄 Identity rotated (every 10 requests)
[19:53:48] [284/459] INTA
[19:53:49] [285/459] OMPT
[19:53:50] [286/459] SCIR
[19:53:51] [287/459] GCKJ
[19:53:52] [288/459] INOG
[19:53:52] [289/459] SMGB
[19:53:53] [290/459] MCSG
[19:53:54] [291/459] STKG
[19:53:55] [292/459] TTKG
[19:53:57] [293/459] SRTR
[19:53:57] 🔄 Identity reset
[19:53:57] 🔄 Identity rotated (every 10 requests)
[19:53:57] 🔄 Retry 1/5 for SRTR in 2.0s
[19:53:57] 🔄 Identity reset
[19:53:59] 🧠 New identity created
[19:54:00] [294/459] ETTR
[19:54:01] [295/459] GGGZ
[19:54:01] [296/459] IPGM
[19:54:02] [297/459] FCDH
[19:54:04] [298/459] DESB
[19:54:05] [299/459] VNTP
[19:54:06] [300/459] ANNT
[19:54:07] [301/459] SLTI
[19:54:08] [302/459] MAJU
[19:54:08] 🔄 Identity reset
[19:54:08] 🔄 Identity rotated (every 10 requests)
[19:54:09] [303/459] JCXP
[19:54:10] [304/459] HARK
[19:54:11] [305/459] JPCJ
[19:54:12] [306/459] RXBD
[19:54:13] [307/459] PTKJ
[19:54:14] [308/459] CMTU
[19:54:15] [309/459] SWOR
[19:54:16] [310/459] JMEX
[19:54:17] [311/459] DTPT
[19:54:18] [312/459] VGMM
[19:54:18] 🔄 Identity reset
[19:54:18] 🔄 Identity rotated (every 10 requests)
[19:54:19] [313/459] VCSG
[19:54:19] [314/459] CVCG
[19:54:20] [315/459] TNTT
[19:54:21] [316/459] SHRM
[19:54:22] [317/459] CGKD
[19:54:23] [318/459] EKCM
[19:54:24] [319/459] SDCX
[19:54:25] [320/459] SBTE
[19:54:26] [321/459] STKJ
[19:54:27] [322/459] TPCE
[19:54:27] 🔄 Identity reset
[19:54:27] 🔄 Identity rotated (every 10 requests)
[19:54:29] [323/459] JTNP
[19:54:29] [324/459] LPCH
[19:54:30] [325/459] CPUO
[19:54:31] [326/459] APSU
[19:54:32] [327/459] RTHC
[19:54:34] [328/459] PTBU
[19:54:35] [329/459] CUCC
[19:54:35] [330/459] CPSA
[19:54:37] [331/459] SUAY
[19:54:38] [332/459] AYAA
[19:54:38] 🔄 Identity reset
[19:54:38] 🔄 Identity rotated (every 10 requests)
[19:54:39] [333/459] MUCH
[19:54:40] [334/459] PCIN
[19:54:42] [335/459] JRRM
[19:54:42] [336/459] KATS
[19:54:43] [337/459] MHFF
[19:54:44] [338/459] ESYM
[19:54:45] [339/459] STYV
[19:54:46] [340/459] SDKG
[19:54:47] [341/459] SMTI
[19:54:48] [342/459] NYCS
[19:54:48] 🔄 Identity reset
[19:54:48] 🔄 Identity rotated (every 10 requests)
[19:54:49] [343/459] MTBG
[19:54:50] [344/459] RHCA
[19:54:51] [345/459] PCKH
[19:54:52] [346/459] ARCR
[19:54:53] [347/459] NCMB
[19:54:53] [348/459] SHYC
[19:54:54] [349/459] LACK
[19:54:55] [350/459] MTCM
[19:54:56] [351/459] RRBN
[19:54:57] [352/459] MYDC
[19:54:57] 🔄 Identity reset
[19:54:57] 🔄 Identity rotated (every 10 requests)
[19:54:58] [353/459] STCS
[19:54:59] [354/459] CONN
[19:55:00] [355/459] SIPS
[19:55:01] [356/459] SMMX
[19:55:02] [357/459] SCBY
[19:55:03] [358/459] SUAP
[19:55:04] [359/459] RSMK
[19:55:05] [360/459] STKP
[19:55:06] [361/459] CIPC
[19:55:07] [362/459] KKCI
[19:55:07] 🔄 Identity reset
[19:55:07] 🔄 Identity rotated (every 10 requests)
[19:55:08] [363/459] CTNK
[19:55:09] [364/459] MMTZ
[19:55:10] [365/459] DCCO
[19:55:11] [366/459] VNMN
[19:55:12] [367/459] RLCN
[19:55:13] [368/459] CMMS
[19:55:13] [369/459] AYOU
[19:55:14] [370/459] SSCN
[19:55:15] [371/459] SMXN
[19:55:16] [372/459] ASSK
[19:55:16] 🔄 Identity reset
[19:55:16] 🔄 Identity rotated (every 10 requests)
[19:55:17] [373/459] VCKM
[19:55:18] [374/459] PCPH
[19:55:19] [375/459] PADM
[19:55:20] [376/459] IESA
[19:55:21] [377/459] VCSP
[19:55:22] [378/459] AEST
[19:55:23] [379/459] VTNR
[19:55:24] [380/459] GTTA
[19:55:25] [381/459] CMMM
[19:55:26] [382/459] AHKT
[19:55:26] 🔄 Identity reset
[19:55:26] 🔄 Identity rotated (every 10 requests)
[19:55:27] [383/459] SIJI
[19:55:28] [384/459] VCEI
[19:55:28] [385/459] SAKR
[19:55:29] [386/459] VSMT
[19:55:30] [387/459] SSCT
[19:55:31] [388/459] USTR
[19:55:32] [389/459] MTKT
[19:55:33] [390/459] TGMP
[19:55:34] [391/459] SIVC
[19:55:35] [392/459] KICT
[19:55:35] 🔄 Identity reset
[19:55:35] 🔄 Identity rotated (every 10 requests)
[19:55:36] [393/459] DAMD
[19:55:37] [394/459] CNPT
[19:55:38] [395/459] RVTT
[19:55:39] [396/459] SNCM
[19:55:40] [397/459] GHTE
[19:55:41] [398/459] PPAM
[19:55:42] [399/459] PVAA
[19:55:43] [400/459] CPAO
[19:55:44] [401/459] HAMD
[19:55:45] [402/459] RCCA
[19:55:45] 🔄 Identity reset
[19:55:45] 🔄 Identity rotated (every 10 requests)
[19:55:46] [403/459] MPCH
[19:55:47] [404/459] ARED
[19:55:48] [405/459] RRCV
[19:55:49] [406/459] MTRB
[19:55:50] [407/459] CKUA
[19:55:51] [408/459] ABMP
[19:55:52] [409/459] RCWA
[19:55:53] [410/459] CGAR
[19:55:54] [411/459] METH
[19:55:55] [412/459] WAGA
[19:55:55] 🔄 Identity reset
[19:55:55] 🔄 Identity rotated (every 10 requests)
[19:55:56] [413/459] MCMA
[19:55:57] [414/459] CSMP
[19:55:58] [415/459] RCNK
[19:55:59] [416/459] PSTM
[19:56:00] [417/459] CSEP
[19:56:01] [418/459] AMGD
[19:56:02] [419/459] CSTE
[19:56:03] [420/459] CONS
[19:56:03] [421/459] APPX
[19:56:05] [422/459] MABC
[19:56:05] 🔄 Identity reset
[19:56:05] 🔄 Identity rotated (every 10 requests)
[19:56:06] [423/459] CXST
[19:56:07] [424/459] MATN
[19:56:07] [425/459] MACZ
[19:56:08] [426/459] MASA
[19:56:09] [427/459] MBSX
[19:56:10] [428/459] CSST
[19:56:11] [429/459] APCL
[19:56:12] [430/459] CGOS
[19:56:13] [431/459] CPEC
[19:56:14] [432/459] MCCP
[19:56:14] 🔄 Identity reset
[19:56:14] 🔄 Identity rotated (every 10 requests)
[19:56:15] [433/459] BSSO
[19:56:16] [434/459] SJKA
[19:56:17] [435/459] CGBO
[19:56:18] [436/459] MVSK
[19:56:19] [437/459] HVCA
[19:56:20] [438/459] NAMD
[19:56:21] [439/459] DEVI
[19:56:22] [440/459] SCSV
[19:56:23] [441/459] PSMA
[19:56:24] [442/459] CLDJ
[19:56:24] 🔄 Identity reset
[19:56:24] 🔄 Identity rotated (every 10 requests)
[19:56:24] 🔄 Retry 1/5 for CLDJ in 2.5s
[19:56:24] 🔄 Identity reset
[19:56:26] 🧠 New identity created
[19:56:26] 🔄 Retry 2/5 for CLDJ in 4.8s
[19:56:26] 🔄 Identity reset
[19:56:31] 🧠 New identity created
[19:56:32] [443/459] NMAD
[19:56:33] [444/459] CGMO
[19:56:34] [445/459] MCNA
[19:56:35] [446/459] OCBN
[19:56:36] [447/459] CPEM
[19:56:37] [448/459] CPSM
[19:56:38] [449/459] RCAD
[19:56:39] [450/459] CPMU
[19:56:39] 🔄 Identity reset
[19:56:39] 🔄 Identity rotated (every 10 requests)
[19:56:40] [451/459] DICD
[19:56:41] [452/459] CHOE
[19:56:42] [453/459] PDJM
[19:56:43] [454/459] SSTU
[19:56:44] [455/459] VNRN
[19:56:44] [456/459] PVLG
[19:56:45] [457/459] SWBL
[19:56:47] [458/459] SCAB
[19:56:48] [459/459] RDDA
[19:56:49] 🧹 Deduping shows
[19:56:49] ✅ DONE | Shows=4353 | Movies=67
[20:12:26] 🚀 SCRIPT STARTED
[20:12:26] [1/459] MCCZ
[20:12:26] 🧠 New identity created
[20:12:28] [2/459] FRPU
[20:12:29] [3/459] SKSI
[20:12:30] [4/459] SSCK
[20:12:31] [5/459] SRDC
[20:12:31] [6/459] RSCZ
[20:12:32] [7/459] PRVT
[20:12:33] [8/459] GAGJ
[20:12:34] [9/459] SMHG
[20:12:34] [10/459] JTST
[20:12:34] 🔄 Identity reset
[20:12:34] 🔄 Identity rotated (every 10 requests)
[20:12:35] [11/459] MYTH
[20:12:36] [12/459] JPCC
[20:12:37] [13/459] ACDC
[20:12:38] [14/459] SVFP
[20:12:40] [15/459] SFCM
[20:12:41] [16/459] RUPK
[20:12:41] [17/459] NTCR
[20:12:42] [18/459] RTCH
[20:12:43] [19/459] SCMH
[20:12:44] [20/459] SVYM
[20:12:44] 🔄 Identity reset
[20:12:44] 🔄 Identity rotated (every 10 requests)
[20:12:45] [21/459] SPYM
[20:12:46] [22/459] SMMF
[20:12:46] [23/459] CLLB
[20:12:47] [24/459] FMCB
[20:12:48] [25/459] BBTC
[20:12:49] [26/459] NTHS
[20:12:51] [27/459] PKKJ
[20:12:51] [28/459] MTJA
[20:12:52] [29/459] PMSJ
[20:12:53] [30/459] JMJU
[20:12:53] 🔄 Identity reset
[20:12:53] 🔄 Identity rotated (every 10 requests)
[20:12:53] 🔄 Retry 1/5 for JMJU in 2.9s
[20:12:53] 🔄 Identity reset
[20:12:56] 🧠 New identity created
[20:12:57] [31/459] SRAD
[20:12:58] [32/459] MJMC
[20:12:59] [33/459] DFRM
[20:13:00] [34/459] PMRS
[20:13:01] [35/459] RKPP
[20:13:02] [36/459] BMBK
[20:13:03] [37/459] NEWS
[20:13:03] [38/459] SALB
[20:13:05] [39/459] SCPW
[20:13:05] 🔄 Identity reset
[20:13:05] 🔄 Identity rotated (every 10 requests)
[20:13:09] [40/459] RAYL
[20:13:10] [41/459] CMGJ
[20:13:11] [42/459] JRCR
[20:13:12] [43/459] SRTB
[20:13:13] [44/459] ETPB
[20:13:14] [45/459] MXBN
[20:13:15] [46/459] TOPE
[20:13:16] [47/459] SNLJ
[20:13:17] [48/459] CDDP
[20:13:18] [49/459] APCX
[20:13:18] 🔄 Identity reset
[20:13:18] 🔄 Identity rotated (every 10 requests)
[20:13:19] [50/459] TALP
[20:13:20] [51/459] RRMP
[20:13:20] [52/459] MAHB
[20:13:22] [53/459] MTKR
[20:13:23] [54/459] KSKL
[20:13:23] [55/459] RJLT
[20:13:24] [56/459] ATAS
[20:13:26] [57/459] AMHR
[20:13:27] [58/459] RSRM
[20:13:28] [59/459] GCAT
[20:13:28] 🔄 Identity reset
[20:13:28] 🔄 Identity rotated (every 10 requests)
[20:13:28] [60/459] SMML
[20:13:29] [61/459] ACCD
[20:13:30] [62/459] VYDA
[20:13:31] [63/459] MSKT
[20:13:32] [64/459] AVDM
[20:13:33] [65/459] ASMH
[20:13:34] [66/459] VTMB
[20:13:35] [67/459] WVMB
[20:13:36] [68/459] PPMN
[20:13:37] [69/459] MTMD
[20:13:37] 🔄 Identity reset
[20:13:37] 🔄 Identity rotated (every 10 requests)
[20:13:38] [70/459] SMMO
[20:13:39] [71/459] DLPB
[20:13:39] [72/459] AKMD
[20:13:40] [73/459] SHRR
[20:13:41] [74/459] ASCO
[20:13:42] [75/459] CZVX
[20:13:43] [76/459] GCBB
[20:13:44] [77/459] ATBM
[20:13:45] [78/459] TCGM
[20:13:46] [79/459] UMSE
[20:13:46] 🔄 Identity reset
[20:13:46] 🔄 Identity rotated (every 10 requests)
[20:13:47] [80/459] NKCL
[20:13:47] [81/459] BTLR
[20:13:48] [82/459] GOCL
[20:13:49] [83/459] MIRN
[20:13:50] [84/459] THEC
[20:13:51] [85/459] SPPB
[20:13:52] [86/459] PMMM
[20:13:53] [87/459] GGMC
[20:13:54] [88/459] AVSR
[20:13:55] [89/459] RDMH
[20:13:55] 🔄 Identity reset
[20:13:55] 🔄 Identity rotated (every 10 requests)
[20:13:55] [90/459] JSRS
[20:13:56] [91/459] VKGP
[20:13:57] [92/459] ACRT
[20:13:58] [93/459] GCBA
[20:13:59] [94/459] GTCP
[20:14:00] [95/459] AKFC
[20:14:01] [96/459] INCS
[20:14:02] [97/459] SMCK
[20:14:03] [98/459] BRUN
[20:14:04] [99/459] RPPC
[20:14:04] 🔄 Identity reset
[20:14:04] 🔄 Identity rotated (every 10 requests)
[20:14:06] [100/459] PAYD
[20:14:07] [101/459] SVVT
[20:14:08] [102/459] RNCC
[20:14:09] [103/459] PCRC
[20:14:09] [104/459] PMRM
[20:14:10] [105/459] CCRP
[20:14:11] [106/459] INCR
[20:14:12] [107/459] ZTMP
[20:14:13] [108/459] MCNR
[20:14:14] [109/459] INRP
[20:14:14] 🔄 Identity reset
[20:14:14] 🔄 Identity rotated (every 10 requests)
[20:14:15] [110/459] STRC
[20:14:16] [111/459] RATI
[20:14:17] [112/459] PBTR
[20:14:18] [113/459] CMHP
[20:14:19] [114/459] ZECJ
[20:14:19] [115/459] CCCB
[20:14:20] [116/459] BWCB
[20:14:21] [117/459] CCAT
[20:14:22] [118/459] KGCM
[20:14:23] [119/459] INPT
[20:14:23] 🔄 Identity reset
[20:14:23] 🔄 Identity rotated (every 10 requests)
[20:14:24] [120/459] FNCO
[20:14:25] [121/459] SRMJ
[20:14:26] [122/459] PFSC
[20:14:27] [123/459] PBMC
[20:14:28] [124/459] KARP
[20:14:29] [125/459] KOVI
[20:14:30] [126/459] ACXL
[20:14:31] [127/459] GKCC
[20:14:32] [128/459] ASCC
[20:14:33] [129/459] SETC
[20:14:33] 🔄 Identity reset
[20:14:33] 🔄 Identity rotated (every 10 requests)
[20:14:34] [130/459] KACC
[20:14:35] [131/459] KAVE
[20:14:35] [132/459] CNTC
[20:14:36] [133/459] MEEN
[20:14:37] [134/459] BMRV
[20:14:38] [135/459] SVAM
[20:14:39] [136/459] VTBP
[20:14:40] [137/459] VCKN
[20:14:40] [138/459] SGTK
[20:14:41] [139/459] RCGS
[20:14:41] 🔄 Identity reset
[20:14:41] 🔄 Identity rotated (every 10 requests)
[20:14:41] 🔄 Retry 1/5 for RCGS in 2.1s
[20:14:41] 🔄 Identity reset
[20:14:43] 🧠 New identity created
[20:14:45] [140/459] RCCB
[20:14:47] [141/459] RKSR
[20:14:47] [142/459] RKCU
[20:14:48] [143/459] GIBH
[20:14:49] [144/459] CXBS
[20:14:50] [145/459] GGCB
[20:14:51] [146/459] SCPB
[20:14:52] [147/459] AKTB
[20:14:53] [148/459] SRBU
[20:14:53] 🔄 Identity reset
[20:14:53] 🔄 Identity rotated (every 10 requests)
[20:14:53] [149/459] CSSA
[20:14:54] [150/459] MYAN
[20:14:55] [151/459] EXCA
[20:14:56] [152/459] CKSA
[20:14:57] [153/459] JTNM
[20:14:57] [154/459] CXKT
[20:14:58] [155/459] NCLM
[20:14:59] [156/459] JAAD
[20:15:00] [157/459] RDCR
[20:15:01] [158/459] MEER
[20:15:01] 🔄 Identity reset
[20:15:01] 🔄 Identity rotated (every 10 requests)
[20:15:02] [159/459] SIBT
[20:15:03] [160/459] PVVB
[20:15:04] [161/459] FNPN
[20:15:06] [162/459] CRPX
[20:15:06] [163/459] STET
[20:15:07] [164/459] METE
[20:15:08] [165/459] BJML
[20:15:09] [166/459] MAVT
[20:15:11] [167/459] MSRM
[20:15:11] [168/459] TJMP
[20:15:11] 🔄 Identity reset
[20:15:11] 🔄 Identity rotated (every 10 requests)
[20:15:12] [169/459] MHCK
[20:15:13] [170/459] SVGP
[20:15:14] [171/459] KRRC
[20:15:16] [172/459] IMCH
[20:15:16] [173/459] CMCS
[20:15:17] [174/459] SGND
[20:15:18] [175/459] RNAT
[20:15:19] [176/459] PRTN
[20:15:20] [177/459] MPTN
[20:15:21] [178/459] ARCC
[20:15:21] 🔄 Identity reset
[20:15:21] 🔄 Identity rotated (every 10 requests)
[20:15:22] [179/459] NTTE
[20:15:23] [180/459] ABND
[20:15:23] [181/459] KCSN
[20:15:24] [182/459] KCSA
[20:15:26] [183/459] DCKT
[20:15:27] [184/459] MBBR
[20:15:29] [185/459] RAMU
[20:15:29] [186/459] RACW
[20:15:30] [187/459] MCHP
[20:15:31] [188/459] TMHM
[20:15:31] 🔄 Identity reset
[20:15:31] 🔄 Identity rotated (every 10 requests)
[20:15:32] [189/459] STXH
[20:15:33] [190/459] AGSG
[20:15:34] [191/459] SIRA
[20:15:34] [192/459] RCAN
[20:15:35] [193/459] CWTB
[20:15:36] [194/459] VTYM
[20:15:37] [195/459] RRPP
[20:15:38] [196/459] ASMR
[20:15:39] [197/459] RONO
[20:15:40] [198/459] MEMR
[20:15:40] 🔄 Identity reset
[20:15:40] 🔄 Identity rotated (every 10 requests)
[20:15:41] [199/459] CTMR
[20:15:42] [200/459] PMTT
[20:15:43] [201/459] PSLX
[20:15:44] [202/459] IPPL
[20:15:45] [203/459] MMSG
[20:15:46] [204/459] INEL
[20:15:47] [205/459] COAC
[20:15:48] [206/459] WVLK
[20:15:49] [207/459] PPXL
[20:15:50] [208/459] PSML
[20:15:50] 🔄 Identity reset
[20:15:50] 🔄 Identity rotated (every 10 requests)
[20:15:51] [209/459] FNLK
[20:15:52] [210/459] ILUM
[20:15:53] [211/459] ILCM
[20:15:54] [212/459] MSNL
[20:15:55] [213/459] VINB
[20:15:55] [214/459] SALW
[20:15:56] [215/459] PRTB
[20:15:57] [216/459] NCIL
[20:15:58] [217/459] PSUL
[20:15:59] [218/459] SCLK
[20:15:59] 🔄 Identity reset
[20:15:59] 🔄 Identity rotated (every 10 requests)
[20:16:01] [219/459] ADDC
[20:16:02] [220/459] OACL
[20:16:03] [221/459] OOCF
[20:16:04] [222/459] GPMF
[20:16:05] [223/459] SSDG
[20:16:06] [224/459] SKRS
[20:16:07] [225/459] NTTP
[20:16:08] [226/459] SLTP
[20:16:09] [227/459] JTLC
[20:16:10] [228/459] POON
[20:16:10] 🔄 Identity reset
[20:16:10] 🔄 Identity rotated (every 10 requests)
[20:16:10] 🔄 Retry 1/5 for POON in 2.1s
[20:16:10] 🔄 Identity reset
[20:16:12] 🧠 New identity created
[20:16:13] [229/459] CCPC
[20:16:14] [230/459] DCKC
[20:16:15] [231/459] CPRT
[20:16:16] [232/459] EYHZ
[20:16:17] [233/459] ARBL
[20:16:17] [234/459] SBTB
[20:16:18] [235/459] MMCK
[20:16:19] [236/459] PLMR
[20:16:20] [237/459] BIJH
[20:16:20] 🔄 Identity reset
[20:16:20] 🔄 Identity rotated (every 10 requests)
[20:16:21] [238/459] SDRT
[20:16:22] [239/459] PRDC
[20:16:23] [240/459] OMJA
[20:16:24] [241/459] VKCR
[20:16:25] [242/459] ATRT
[20:16:26] [243/459] WVRP
[20:16:27] [244/459] MVRP
[20:16:27] [245/459] FCAX
[20:16:28] [246/459] CTLC
[20:16:29] [247/459] JCHB
[20:16:29] 🔄 Identity reset
[20:16:29] 🔄 Identity rotated (every 10 requests)
[20:16:30] 🔄 Retry 1/5 for JCHB in 2.9s
[20:16:30] 🔄 Identity reset
[20:16:32] 🧠 New identity created
[20:16:32] 🔄 Retry 2/5 for JCHB in 4.9s
[20:16:32] 🔄 Identity reset
[20:16:37] 🧠 New identity created
[20:16:38] [248/459] SELP
[20:16:39] [249/459] VCPG
[20:16:40] [250/459] ASCX
[20:16:42] [251/459] EOCS
[20:16:44] [252/459] RCPH
[20:16:44] [253/459] RJTM
[20:16:45] [254/459] SGMD
[20:16:46] [255/459] SVJT
[20:16:46] 🔄 Identity reset
[20:16:46] 🔄 Identity rotated (every 10 requests)
[20:16:47] [256/459] SPPO
[20:16:49] [257/459] MNRL
[20:16:49] [258/459] KNOX
[20:16:50] [259/459] GIER
[20:16:51] [260/459] PJMS
[20:16:52] [261/459] UNSP
[20:16:54] [262/459] JETP
[20:16:54] [263/459] VTWA
[20:16:56] [264/459] SCJI
[20:16:57] [265/459] CBZZ
[20:16:57] 🔄 Identity reset
[20:16:57] 🔄 Identity rotated (every 10 requests)
[20:16:57] 🔄 Retry 1/5 for CBZZ in 2.8s
[20:16:57] 🔄 Identity reset
[20:17:00] 🧠 New identity created
[20:17:01] [266/459] SDCJ
[20:17:02] [267/459] RRCC
[20:17:03] [268/459] VNKG
[20:17:04] [269/459] LKTO
[20:17:05] [270/459] PJRM
[20:17:05] [271/459] NVRM
[20:17:06] [272/459] SJCS
[20:17:07] [273/459] VIGK
[20:17:08] [274/459] ANST
[20:17:08] 🔄 Identity reset
[20:17:08] 🔄 Identity rotated (every 10 requests)
[20:17:09] [275/459] JTTS
[20:17:10] [276/459] NTST
[20:17:11] [277/459] PREB
[20:17:12] [278/459] TSCZ
[20:17:13] [279/459] CDCM
[20:17:14] [280/459] ELYE
[20:17:15] [281/459] INBS
[20:17:16] [282/459] SMGC
[20:17:17] [283/459] UTMP
[20:17:18] [284/459] INTA
[20:17:18] 🔄 Identity reset
[20:17:18] 🔄 Identity rotated (every 10 requests)
[20:17:19] [285/459] OMPT
[20:17:19] [286/459] SCIR
[20:17:21] [287/459] GCKJ
[20:17:21] [288/459] INOG
[20:17:22] [289/459] SMGB
[20:17:23] [290/459] MCSG
[20:17:24] [291/459] STKG
[20:17:25] [292/459] TTKG
[20:17:26] [293/459] SRTR
[20:17:27] [294/459] ETTR
[20:17:27] 🔄 Identity reset
[20:17:27] 🔄 Identity rotated (every 10 requests)
[20:17:28] [295/459] GGGZ
[20:17:28] [296/459] IPGM
[20:17:29] [297/459] FCDH
[20:17:30] [298/459] DESB
[20:17:31] [299/459] VNTP
[20:17:32] [300/459] ANNT
[20:17:33] [301/459] SLTI
[20:17:34] [302/459] MAJU
[20:17:35] [303/459] JCXP
[20:17:35] [304/459] HARK
[20:17:35] 🔄 Identity reset
[20:17:35] 🔄 Identity rotated (every 10 requests)
[20:17:36] [305/459] JPCJ
[20:17:37] [306/459] RXBD
[20:17:38] [307/459] PTKJ
[20:17:39] [308/459] CMTU
[20:17:40] [309/459] SWOR
[20:17:41] [310/459] JMEX
[20:17:41] [311/459] DTPT
[20:17:42] [312/459] VGMM
[20:17:44] [313/459] VCSG
[20:17:46] [314/459] CVCG
[20:17:46] 🔄 Identity reset
[20:17:46] 🔄 Identity rotated (every 10 requests)
[20:17:47] [315/459] TNTT
[20:17:47] [316/459] SHRM
[20:17:48] [317/459] CGKD
[20:17:49] [318/459] EKCM
[20:17:50] [319/459] SDCX
[20:17:51] [320/459] SBTE
[20:17:52] [321/459] STKJ
[20:17:53] [322/459] TPCE
[20:17:54] [323/459] JTNP
[20:17:55] [324/459] LPCH
[20:17:55] 🔄 Identity reset
[20:17:55] 🔄 Identity rotated (every 10 requests)
[20:17:55] [325/459] CPUO
[20:17:56] [326/459] APSU
[20:17:57] [327/459] RTHC
[20:17:58] [328/459] PTBU
[20:17:59] [329/459] CUCC
[20:18:00] [330/459] CPSA
[20:18:01] [331/459] SUAY
[20:18:02] [332/459] AYAA
[20:18:03] [333/459] MUCH
[20:18:04] [334/459] PCIN
[20:18:04] 🔄 Identity reset
[20:18:04] 🔄 Identity rotated (every 10 requests)
[20:18:05] 🔄 Retry 1/5 for PCIN in 2.1s
[20:18:05] 🔄 Identity reset
[20:18:07] 🧠 New identity created
[20:18:08] [335/459] JRRM
[20:18:09] [336/459] KATS
[20:18:09] [337/459] MHFF
[20:18:10] [338/459] ESYM
[20:18:11] [339/459] STYV
[20:18:12] [340/459] SDKG
[20:18:13] [341/459] SMTI
[20:18:14] [342/459] NYCS
[20:18:15] [343/459] MTBG
[20:18:15] 🔄 Identity reset
[20:18:15] 🔄 Identity rotated (every 10 requests)
[20:18:16] [344/459] RHCA
[20:18:17] [345/459] PCKH
[20:18:18] [346/459] ARCR
[20:18:19] [347/459] NCMB
[20:18:19] [348/459] SHYC
[20:18:20] [349/459] LACK
[20:18:21] [350/459] MTCM
[20:18:22] [351/459] RRBN
[20:18:22] [352/459] MYDC
[20:18:23] [353/459] STCS
[20:18:23] 🔄 Identity reset
[20:18:23] 🔄 Identity rotated (every 10 requests)
[20:18:24] [354/459] CONN
[20:18:25] [355/459] SIPS
[20:18:26] [356/459] SMMX
[20:18:26] [357/459] SCBY
[20:18:28] [358/459] SUAP
[20:18:29] [359/459] RSMK
[20:18:30] [360/459] STKP
[20:18:31] [361/459] CIPC
[20:18:32] [362/459] KKCI
[20:18:33] [363/459] CTNK
[20:18:33] 🔄 Identity reset
[20:18:33] 🔄 Identity rotated (every 10 requests)
[20:18:35] [364/459] MMTZ
[20:18:35] [365/459] DCCO
[20:18:36] [366/459] VNMN
[20:18:37] [367/459] RLCN
[20:18:38] [368/459] CMMS
[20:18:39] [369/459] AYOU
[20:18:40] [370/459] SSCN
[20:18:41] [371/459] SMXN
[20:18:42] [372/459] ASSK
[20:18:42] [373/459] VCKM
[20:18:42] 🔄 Identity reset
[20:18:42] 🔄 Identity rotated (every 10 requests)
[20:18:43] [374/459] PCPH
[20:18:44] [375/459] PADM
[20:18:45] [376/459] IESA
[20:18:47] [377/459] VCSP
[20:18:48] [378/459] AEST
[20:18:49] [379/459] VTNR
[20:18:50] [380/459] GTTA
[20:18:51] [381/459] CMMM
[20:18:52] [382/459] AHKT
[20:18:53] [383/459] SIJI
[20:18:53] 🔄 Identity reset
[20:18:53] 🔄 Identity rotated (every 10 requests)
[20:18:54] [384/459] VCEI
[20:18:55] [385/459] SAKR
[20:18:56] [386/459] VSMT
[20:18:57] [387/459] SSCT
[20:18:58] [388/459] USTR
[20:18:59] [389/459] MTKT
[20:19:00] [390/459] TGMP
[20:19:01] [391/459] SIVC
[20:19:02] [392/459] KICT
[20:19:03] [393/459] DAMD
[20:19:03] 🔄 Identity reset
[20:19:03] 🔄 Identity rotated (every 10 requests)
[20:19:03] 🔄 Retry 1/5 for DAMD in 2.5s
[20:19:03] 🔄 Identity reset
[20:19:06] 🧠 New identity created
[20:19:07] [394/459] CNPT
[20:19:08] [395/459] RVTT
[20:19:09] [396/459] SNCM
[20:19:10] [397/459] GHTE
[20:19:10] [398/459] PPAM
[20:19:11] [399/459] PVAA
[20:19:12] [400/459] CPAO
[20:19:13] [401/459] HAMD
[20:19:14] [402/459] RCCA
[20:19:14] 🔄 Identity reset
[20:19:14] 🔄 Identity rotated (every 10 requests)
[20:19:15] [403/459] MPCH
[20:19:16] [404/459] ARED
[20:19:17] [405/459] RRCV
[20:19:18] [406/459] MTRB
[20:19:19] [407/459] CKUA
[20:19:19] [408/459] ABMP
[20:19:20] [409/459] RCWA
[20:19:21] [410/459] CGAR
[20:19:23] [411/459] METH
[20:19:24] [412/459] WAGA
[20:19:24] 🔄 Identity reset
[20:19:24] 🔄 Identity rotated (every 10 requests)
[20:19:25] [413/459] MCMA
[20:19:26] [414/459] CSMP
[20:19:27] [415/459] RCNK
[20:19:28] [416/459] PSTM
[20:19:29] [417/459] CSEP
[20:19:30] [418/459] AMGD
[20:19:31] [419/459] CSTE
[20:19:32] [420/459] CONS
[20:19:33] [421/459] APPX
[20:19:34] [422/459] MABC
[20:19:34] 🔄 Identity reset
[20:19:34] 🔄 Identity rotated (every 10 requests)
[20:19:35] [423/459] CXST
[20:19:36] [424/459] MATN
[20:19:37] [425/459] MACZ
[20:19:38] [426/459] MASA
[20:19:39] [427/459] MBSX
[20:19:40] [428/459] CSST
[20:19:41] [429/459] APCL
[20:19:42] [430/459] CGOS
[20:19:42] [431/459] CPEC
[20:19:43] [432/459] MCCP
[20:19:43] 🔄 Identity reset
[20:19:43] 🔄 Identity rotated (every 10 requests)
[20:19:44] [433/459] BSSO
[20:19:45] [434/459] SJKA
[20:19:46] [435/459] CGBO
[20:19:48] [436/459] MVSK
[20:19:49] [437/459] HVCA
[20:19:50] [438/459] NAMD
[20:19:51] [439/459] DEVI
[20:19:51] [440/459] SCSV
[20:19:52] [441/459] PSMA
[20:19:53] [442/459] CLDJ
[20:19:53] 🔄 Identity reset
[20:19:53] 🔄 Identity rotated (every 10 requests)
[20:19:55] [443/459] NMAD
[20:19:55] [444/459] CGMO
[20:19:56] [445/459] MCNA
[20:19:57] [446/459] OCBN
[20:19:58] [447/459] CPEM
[20:19:59] [448/459] CPSM
[20:20:00] [449/459] RCAD
[20:20:01] [450/459] CPMU
[20:20:02] [451/459] DICD
[20:20:03] [452/459] CHOE
[20:20:03] 🔄 Identity reset
[20:20:03] 🔄 Identity rotated (every 10 requests)
[20:20:04] [453/459] PDJM
[20:20:05] [454/459] SSTU
[20:20:06] [455/459] VNRN
[20:20:08] [456/459] PVLG
[20:20:09] [457/459] SWBL
[20:20:10] [458/459] SCAB
[20:20:10] [459/459] RDDA
[20:20:11] 🧹 Deduping shows
[20:20:11] ✅ DONE | Shows=4354 | Movies=67
[20:36:20] 🚀 SCRIPT STARTED
[20:36:20] [1/459] MCCZ
[20:36:20] 🧠 New identity created
[20:36:21] [2/459] FRPU
[20:36:22] [3/459] SKSI
[20:36:23] [4/459] SSCK
[20:36:24] [5/459] SRDC
[20:36:25] [6/459] RSCZ
[20:36:26] [7/459] PRVT
[20:36:27] [8/459] GAGJ
[20:36:28] [9/459] SMHG
[20:36:29] [10/459] JTST
[20:36:29] 🔄 Identity reset
[20:36:29] 🔄 Identity rotated (every 10 requests)
[20:36:30] [11/459] MYTH
[20:36:31] [12/459] JPCC
[20:36:32] [13/459] ACDC
[20:36:33] [14/459] SVFP
[20:36:34] [15/459] SFCM
[20:36:34] [16/459] RUPK
[20:36:35] [17/459] NTCR
[20:36:36] [18/459] RTCH
[20:36:37] [19/459] SCMH
[20:36:38] [20/459] SVYM
[20:36:38] 🔄 Identity reset
[20:36:38] 🔄 Identity rotated (every 10 requests)
[20:36:39] [21/459] SPYM
[20:36:40] [22/459] SMMF
[20:36:41] [23/459] CLLB
[20:36:43] [24/459] FMCB
[20:36:44] [25/459] BBTC
[20:36:45] [26/459] NTHS
[20:36:46] [27/459] PKKJ
[20:36:46] [28/459] MTJA
[20:36:48] [29/459] PMSJ
[20:36:49] [30/459] JMJU
[20:36:49] 🔄 Identity reset
[20:36:49] 🔄 Identity rotated (every 10 requests)
[20:36:50] [31/459] SRAD
[20:36:51] [32/459] MJMC
[20:36:52] [33/459] DFRM
[20:36:53] [34/459] PMRS
[20:36:54] [35/459] RKPP
[20:36:54] [36/459] BMBK
[20:36:55] [37/459] NEWS
[20:36:56] [38/459] SALB
[20:36:57] [39/459] SCPW
[20:36:58] [40/459] RAYL
[20:36:58] 🔄 Identity reset
[20:36:58] 🔄 Identity rotated (every 10 requests)
[20:36:59] [41/459] CMGJ
[20:37:00] [42/459] JRCR
[20:37:01] [43/459] SRTB
[20:37:02] [44/459] ETPB
[20:37:02] [45/459] MXBN
[20:37:03] [46/459] TOPE
[20:37:04] [47/459] SNLJ
[20:37:05] [48/459] CDDP
[20:37:06] [49/459] APCX
[20:37:07] [50/459] TALP
[20:37:07] 🔄 Identity reset
[20:37:07] 🔄 Identity rotated (every 10 requests)
[20:37:08] [51/459] RRMP
[20:37:09] [52/459] MAHB
[20:37:10] [53/459] MTKR
[20:37:10] [54/459] KSKL
[20:37:11] [55/459] RJLT
[20:37:12] [56/459] ATAS
[20:37:13] [57/459] AMHR
[20:37:14] [58/459] RSRM
[20:37:15] [59/459] GCAT
[20:37:16] [60/459] SMML
[20:37:16] 🔄 Identity reset
[20:37:16] 🔄 Identity rotated (every 10 requests)
[20:37:18] [61/459] ACCD
[20:37:19] [62/459] VYDA
[20:37:20] [63/459] MSKT
[20:37:22] [64/459] AVDM
[20:37:23] [65/459] ASMH
[20:37:23] [66/459] VTMB
[20:37:24] [67/459] WVMB
[20:37:25] [68/459] PPMN
[20:37:27] [69/459] MTMD
[20:37:28] [70/459] SMMO
[20:37:28] 🔄 Identity reset
[20:37:28] 🔄 Identity rotated (every 10 requests)
[20:37:29] [71/459] DLPB
[20:37:29] [72/459] AKMD
[20:37:31] [73/459] SHRR
[20:37:32] [74/459] ASCO
[20:37:34] [75/459] CZVX
[20:37:34] [76/459] GCBB
[20:37:35] [77/459] ATBM
[20:37:36] [78/459] TCGM
[20:37:37] [79/459] UMSE
[20:37:38] [80/459] NKCL
[20:37:38] 🔄 Identity reset
[20:37:38] 🔄 Identity rotated (every 10 requests)
[20:37:39] [81/459] BTLR
[20:37:40] [82/459] GOCL
[20:37:41] [83/459] MIRN
[20:37:42] [84/459] THEC
[20:37:43] [85/459] SPPB
[20:37:44] [86/459] PMMM
[20:37:45] [87/459] GGMC
[20:37:46] [88/459] AVSR
[20:37:47] [89/459] RDMH
[20:37:48] [90/459] JSRS
[20:37:48] 🔄 Identity reset
[20:37:48] 🔄 Identity rotated (every 10 requests)
[20:37:49] [91/459] VKGP
[20:37:50] [92/459] ACRT
[20:37:51] [93/459] GCBA
[20:37:52] [94/459] GTCP
[20:37:53] [95/459] AKFC
[20:37:54] [96/459] INCS
[20:37:55] [97/459] SMCK
[20:37:56] [98/459] BRUN
[20:37:57] [99/459] RPPC
[20:37:58] [100/459] PAYD
[20:37:58] 🔄 Identity reset
[20:37:58] 🔄 Identity rotated (every 10 requests)
[20:37:59] [101/459] SVVT
[20:38:01] [102/459] RNCC
[20:38:02] [103/459] PCRC
[20:38:03] [104/459] PMRM
[20:38:04] [105/459] CCRP
[20:38:05] [106/459] INCR
[20:38:06] [107/459] ZTMP
[20:38:07] [108/459] MCNR
[20:38:08] [109/459] INRP
[20:38:09] [110/459] STRC
[20:38:09] 🔄 Identity reset
[20:38:09] 🔄 Identity rotated (every 10 requests)
[20:38:09] 🔄 Retry 1/5 for STRC in 2.3s
[20:38:09] 🔄 Identity reset
[20:38:12] 🧠 New identity created
[20:38:13] [111/459] RATI
[20:38:15] [112/459] PBTR
[20:38:16] [113/459] CMHP
[20:38:17] [114/459] ZECJ
[20:38:19] [115/459] CCCB
[20:38:20] [116/459] BWCB
[20:38:20] [117/459] CCAT
[20:38:21] [118/459] KGCM
[20:38:22] [119/459] INPT
[20:38:22] 🔄 Identity reset
[20:38:22] 🔄 Identity rotated (every 10 requests)
[20:38:23] [120/459] FNCO
[20:38:24] [121/459] SRMJ
[20:38:25] [122/459] PFSC
[20:38:26] [123/459] PBMC
[20:38:27] [124/459] KARP
[20:38:28] [125/459] KOVI
[20:38:29] [126/459] ACXL
[20:38:30] [127/459] GKCC
[20:38:31] [128/459] ASCC
[20:38:31] [129/459] SETC
[20:38:31] 🔄 Identity reset
[20:38:32] 🔄 Identity rotated (every 10 requests)
[20:38:32] [130/459] KACC
[20:38:33] [131/459] KAVE
[20:38:34] [132/459] CNTC
[20:38:35] [133/459] MEEN
[20:38:36] [134/459] BMRV
[20:38:37] [135/459] SVAM
[20:38:38] [136/459] VTBP
[20:38:39] [137/459] VCKN
[20:38:40] [138/459] SGTK
[20:38:41] [139/459] RCGS
[20:38:41] 🔄 Identity reset
[20:38:41] 🔄 Identity rotated (every 10 requests)
[20:38:42] [140/459] RCCB
[20:38:43] [141/459] RKSR
[20:38:44] [142/459] RKCU
[20:38:44] [143/459] GIBH
[20:38:45] [144/459] CXBS
[20:38:46] [145/459] GGCB
[20:38:47] [146/459] SCPB
[20:38:48] [147/459] AKTB
[20:38:49] [148/459] SRBU
[20:38:50] [149/459] CSSA
[20:38:50] 🔄 Identity reset
[20:38:50] 🔄 Identity rotated (every 10 requests)
[20:38:51] [150/459] MYAN
[20:38:52] [151/459] EXCA
[20:38:53] [152/459] CKSA
[20:38:54] [153/459] JTNM
[20:38:55] [154/459] CXKT
[20:38:56] [155/459] NCLM
[20:38:56] [156/459] JAAD
[20:38:57] [157/459] RDCR
[20:38:58] [158/459] MEER
[20:39:00] [159/459] SIBT
[20:39:00] 🔄 Identity reset
[20:39:00] 🔄 Identity rotated (every 10 requests)
[20:39:01] [160/459] PVVB
[20:39:02] [161/459] FNPN
[20:39:03] [162/459] CRPX
[20:39:03] [163/459] STET
[20:39:04] [164/459] METE
[20:39:05] [165/459] BJML
[20:39:06] [166/459] MAVT
[20:39:07] [167/459] MSRM
[20:39:08] [168/459] TJMP
[20:39:09] [169/459] MHCK
[20:39:09] 🔄 Identity reset
[20:39:09] 🔄 Identity rotated (every 10 requests)
[20:39:10] [170/459] SVGP
[20:39:11] [171/459] KRRC
[20:39:12] [172/459] IMCH
[20:39:12] [173/459] CMCS
[20:39:13] [174/459] SGND
[20:39:14] [175/459] RNAT
[20:39:15] [176/459] PRTN
[20:39:16] [177/459] MPTN
[20:39:17] [178/459] ARCC
[20:39:18] [179/459] NTTE
[20:39:18] 🔄 Identity reset
[20:39:18] 🔄 Identity rotated (every 10 requests)
[20:39:19] [180/459] ABND
[20:39:20] [181/459] KCSN
[20:39:21] [182/459] KCSA
[20:39:22] [183/459] DCKT
[20:39:23] [184/459] MBBR
[20:39:24] [185/459] RAMU
[20:39:25] [186/459] RACW
[20:39:26] [187/459] MCHP
[20:39:26] [188/459] TMHM
[20:39:27] [189/459] STXH
[20:39:27] 🔄 Identity reset
[20:39:27] 🔄 Identity rotated (every 10 requests)
[20:39:27] 🔄 Retry 1/5 for STXH in 2.5s
[20:39:27] 🔄 Identity reset
[20:39:30] 🧠 New identity created
[20:39:31] [190/459] AGSG
[20:39:32] [191/459] SIRA
[20:39:33] [192/459] RCAN
[20:39:34] [193/459] CWTB
[20:39:35] [194/459] VTYM
[20:39:36] [195/459] RRPP
[20:39:37] [196/459] ASMR
[20:39:39] [197/459] RONO
[20:39:40] [198/459] MEMR
[20:39:40] 🔄 Identity reset
[20:39:40] 🔄 Identity rotated (every 10 requests)
[20:39:40] 🔄 Retry 1/5 for MEMR in 2.6s
[20:39:40] 🔄 Identity reset
[20:39:42] 🧠 New identity created
[20:39:43] [199/459] CTMR
[20:39:44] [200/459] PMTT
[20:39:45] [201/459] PSLX
[20:39:46] [202/459] IPPL
[20:39:47] [203/459] MMSG
[20:39:48] [204/459] INEL
[20:39:49] [205/459] COAC
[20:39:50] [206/459] WVLK
[20:39:51] [207/459] PPXL
[20:39:51] 🔄 Identity reset
[20:39:51] 🔄 Identity rotated (every 10 requests)
[20:39:52] [208/459] PSML
[20:39:53] [209/459] FNLK
[20:39:53] [210/459] ILUM
[20:39:55] [211/459] ILCM
[20:39:55] [212/459] MSNL
[20:39:56] [213/459] VINB
[20:39:58] [214/459] SALW
[20:39:59] [215/459] PRTB
[20:40:00] [216/459] NCIL
[20:40:01] [217/459] PSUL
[20:40:01] 🔄 Identity reset
[20:40:01] 🔄 Identity rotated (every 10 requests)
[20:40:02] [218/459] SCLK
[20:40:02] [219/459] ADDC
[20:40:04] [220/459] OACL
[20:40:04] [221/459] OOCF
[20:40:05] [222/459] GPMF
[20:40:06] [223/459] SSDG
[20:40:07] [224/459] SKRS
[20:40:09] [225/459] NTTP
[20:40:10] [226/459] SLTP
[20:40:10] [227/459] JTLC
[20:40:10] 🔄 Identity reset
[20:40:10] 🔄 Identity rotated (every 10 requests)
[20:40:11] [228/459] POON
[20:40:12] [229/459] CCPC
[20:40:13] [230/459] DCKC
[20:40:14] [231/459] CPRT
[20:40:15] [232/459] EYHZ
[20:40:16] [233/459] ARBL
[20:40:18] [234/459] SBTB
[20:40:19] [235/459] MMCK
[20:40:20] [236/459] PLMR
[20:40:21] [237/459] BIJH
[20:40:21] 🔄 Identity reset
[20:40:21] 🔄 Identity rotated (every 10 requests)
[20:40:22] [238/459] SDRT
[20:40:23] [239/459] PRDC
[20:40:24] [240/459] OMJA
[20:40:25] [241/459] VKCR
[20:40:26] [242/459] ATRT
[20:40:27] [243/459] WVRP
[20:40:28] [244/459] MVRP
[20:40:29] [245/459] FCAX
[20:40:29] [246/459] CTLC
[20:40:30] [247/459] JCHB
[20:40:30] 🔄 Identity reset
[20:40:30] 🔄 Identity rotated (every 10 requests)
[20:40:31] [248/459] SELP
[20:40:32] [249/459] VCPG
[20:40:33] [250/459] ASCX
[20:40:34] [251/459] EOCS
[20:40:35] [252/459] RCPH
[20:40:37] [253/459] RJTM
[20:40:37] [254/459] SGMD
[20:40:38] [255/459] SVJT
[20:40:39] [256/459] SPPO
[20:40:40] [257/459] MNRL
[20:40:40] 🔄 Identity reset
[20:40:40] 🔄 Identity rotated (every 10 requests)
[20:40:42] [258/459] KNOX
[20:40:43] [259/459] GIER
[20:40:43] [260/459] PJMS
[20:40:44] [261/459] UNSP
[20:40:45] [262/459] JETP
[20:40:46] [263/459] VTWA
[20:40:47] [264/459] SCJI
[20:40:48] [265/459] CBZZ
[20:40:49] [266/459] SDCJ
[20:40:49] [267/459] RRCC
[20:40:49] 🔄 Identity reset
[20:40:49] 🔄 Identity rotated (every 10 requests)
[20:40:50] [268/459] VNKG
[20:40:51] [269/459] LKTO
[20:40:52] [270/459] PJRM
[20:40:53] [271/459] NVRM
[20:40:55] [272/459] SJCS
[20:40:56] [273/459] VIGK
[20:40:56] [274/459] ANST
[20:40:57] [275/459] JTTS
[20:40:58] [276/459] NTST
[20:40:59] [277/459] PREB
[20:40:59] 🔄 Identity reset
[20:40:59] 🔄 Identity rotated (every 10 requests)
[20:41:00] [278/459] TSCZ
[20:41:01] [279/459] CDCM
[20:41:02] [280/459] ELYE
[20:41:03] [281/459] INBS
[20:41:04] [282/459] SMGC
[20:41:04] [283/459] UTMP
[20:41:05] [284/459] INTA
[20:41:06] [285/459] OMPT
[20:41:07] [286/459] SCIR
[20:41:08] [287/459] GCKJ
[20:41:08] 🔄 Identity reset
[20:41:08] 🔄 Identity rotated (every 10 requests)
[20:41:08] [288/459] INOG
[20:41:09] [289/459] SMGB
[20:41:11] [290/459] MCSG
[20:41:12] [291/459] STKG
[20:41:13] [292/459] TTKG
[20:41:14] [293/459] SRTR
[20:41:15] [294/459] ETTR
[20:41:16] [295/459] GGGZ
[20:41:17] [296/459] IPGM
[20:41:18] [297/459] FCDH
[20:41:18] 🔄 Identity reset
[20:41:18] 🔄 Identity rotated (every 10 requests)
[20:41:19] [298/459] DESB
[20:41:20] [299/459] VNTP
[20:41:21] [300/459] ANNT
[20:41:22] [301/459] SLTI
[20:41:23] [302/459] MAJU
[20:41:23] [303/459] JCXP
[20:41:24] [304/459] HARK
[20:41:26] [305/459] JPCJ
[20:41:27] [306/459] RXBD
[20:41:28] [307/459] PTKJ
[20:41:28] 🔄 Identity reset
[20:41:28] 🔄 Identity rotated (every 10 requests)
[20:41:29] [308/459] CMTU
[20:41:30] [309/459] SWOR
[20:41:31] [310/459] JMEX
[20:41:32] [311/459] DTPT
[20:41:33] [312/459] VGMM
[20:41:34] [313/459] VCSG
[20:41:35] [314/459] CVCG
[20:41:35] [315/459] TNTT
[20:41:36] [316/459] SHRM
[20:41:37] [317/459] CGKD
[20:41:37] 🔄 Identity reset
[20:41:37] 🔄 Identity rotated (every 10 requests)
[20:41:38] [318/459] EKCM
[20:41:39] [319/459] SDCX
[20:41:40] [320/459] SBTE
[20:41:41] [321/459] STKJ
[20:41:42] [322/459] TPCE
[20:41:43] [323/459] JTNP
[20:41:44] [324/459] LPCH
[20:41:45] [325/459] CPUO
[20:41:45] [326/459] APSU
[20:41:46] [327/459] RTHC
[20:41:46] 🔄 Identity reset
[20:41:46] 🔄 Identity rotated (every 10 requests)
[20:41:47] [328/459] PTBU
[20:41:48] [329/459] CUCC
[20:41:49] [330/459] CPSA
[20:41:50] [331/459] SUAY
[20:41:51] [332/459] AYAA
[20:41:52] [333/459] MUCH
[20:41:53] [334/459] PCIN
[20:41:53] [335/459] JRRM
[20:41:54] [336/459] KATS
[20:41:56] [337/459] MHFF
[20:41:56] 🔄 Identity reset
[20:41:56] 🔄 Identity rotated (every 10 requests)
[20:41:57] [338/459] ESYM
[20:41:57] [339/459] STYV
[20:41:58] [340/459] SDKG
[20:41:59] [341/459] SMTI
[20:42:00] [342/459] NYCS
[20:42:01] [343/459] MTBG
[20:42:02] [344/459] RHCA
[20:42:03] [345/459] PCKH
[20:42:04] [346/459] ARCR
[20:42:05] [347/459] NCMB
[20:42:05] 🔄 Identity reset
[20:42:05] 🔄 Identity rotated (every 10 requests)
[20:42:06] [348/459] SHYC
[20:42:07] [349/459] LACK
[20:42:08] [350/459] MTCM
[20:42:08] [351/459] RRBN
[20:42:09] [352/459] MYDC
[20:42:10] [353/459] STCS
[20:42:11] [354/459] CONN
[20:42:12] [355/459] SIPS
[20:42:13] [356/459] SMMX
[20:42:14] [357/459] SCBY
[20:42:14] 🔄 Identity reset
[20:42:14] 🔄 Identity rotated (every 10 requests)
[20:42:15] [358/459] SUAP
[20:42:16] [359/459] RSMK
[20:42:16] [360/459] STKP
[20:42:17] [361/459] CIPC
[20:42:18] [362/459] KKCI
[20:42:19] [363/459] CTNK
[20:42:20] [364/459] MMTZ
[20:42:20] [365/459] DCCO
[20:42:21] [366/459] VNMN
[20:42:22] [367/459] RLCN
[20:42:22] 🔄 Identity reset
[20:42:22] 🔄 Identity rotated (every 10 requests)
[20:42:23] [368/459] CMMS
[20:42:24] [369/459] AYOU
[20:42:25] [370/459] SSCN
[20:42:26] [371/459] SMXN
[20:42:27] [372/459] ASSK
[20:42:28] [373/459] VCKM
[20:42:29] [374/459] PCPH
[20:42:30] [375/459] PADM
[20:42:31] [376/459] IESA
[20:42:32] [377/459] VCSP
[20:42:32] 🔄 Identity reset
[20:42:32] 🔄 Identity rotated (every 10 requests)
[20:42:34] [378/459] AEST
[20:42:35] [379/459] VTNR
[20:42:36] [380/459] GTTA
[20:42:37] [381/459] CMMM
[20:42:38] [382/459] AHKT
[20:42:39] [383/459] SIJI
[20:42:40] [384/459] VCEI
[20:42:41] [385/459] SAKR
[20:42:42] [386/459] VSMT
[20:42:42] [387/459] SSCT
[20:42:42] 🔄 Identity reset
[20:42:42] 🔄 Identity rotated (every 10 requests)
[20:42:43] [388/459] USTR
[20:42:44] [389/459] MTKT
[20:42:45] [390/459] TGMP
[20:42:46] [391/459] SIVC
[20:42:47] [392/459] KICT
[20:42:49] [393/459] DAMD
[20:42:49] [394/459] CNPT
[20:42:51] [395/459] RVTT
[20:42:51] [396/459] SNCM
[20:42:52] [397/459] GHTE
[20:42:52] 🔄 Identity reset
[20:42:52] 🔄 Identity rotated (every 10 requests)
[20:42:53] [398/459] PPAM
[20:42:54] [399/459] PVAA
[20:42:55] [400/459] CPAO
[20:42:57] [401/459] HAMD
[20:42:58] [402/459] RCCA
[20:42:59] [403/459] MPCH
[20:43:00] [404/459] ARED
[20:43:01] [405/459] RRCV
[20:43:02] [406/459] MTRB
[20:43:03] [407/459] CKUA
[20:43:03] 🔄 Identity reset
[20:43:03] 🔄 Identity rotated (every 10 requests)
[20:43:04] [408/459] ABMP
[20:43:05] [409/459] RCWA
[20:43:06] [410/459] CGAR
[20:43:07] [411/459] METH
[20:43:08] [412/459] WAGA
[20:43:09] [413/459] MCMA
[20:43:10] [414/459] CSMP
[20:43:12] [415/459] RCNK
[20:43:13] [416/459] PSTM
[20:43:14] [417/459] CSEP
[20:43:14] 🔄 Identity reset
[20:43:14] 🔄 Identity rotated (every 10 requests)
[20:43:14] 🔄 Retry 1/5 for CSEP in 2.2s
[20:43:14] 🔄 Identity reset
[20:43:16] 🧠 New identity created
[20:43:17] [418/459] AMGD
[20:43:18] [419/459] CSTE
[20:43:19] [420/459] CONS
[20:43:20] [421/459] APPX
[20:43:21] [422/459] MABC
[20:43:22] [423/459] CXST
[20:43:23] [424/459] MATN
[20:43:24] [425/459] MACZ
[20:43:25] [426/459] MASA
[20:43:25] 🔄 Identity reset
[20:43:25] 🔄 Identity rotated (every 10 requests)
[20:43:26] [427/459] MBSX
[20:43:27] [428/459] CSST
[20:43:28] [429/459] APCL
[20:43:28] [430/459] CGOS
[20:43:29] [431/459] CPEC
[20:43:30] [432/459] MCCP
[20:43:31] [433/459] BSSO
[20:43:32] [434/459] SJKA
[20:43:34] [435/459] CGBO
[20:43:35] [436/459] MVSK
[20:43:35] 🔄 Identity reset
[20:43:35] 🔄 Identity rotated (every 10 requests)
[20:43:36] [437/459] HVCA
[20:43:37] [438/459] NAMD
[20:43:38] [439/459] DEVI
[20:43:39] [440/459] SCSV
[20:43:40] [441/459] PSMA
[20:43:41] [442/459] CLDJ
[20:43:42] [443/459] NMAD
[20:43:43] [444/459] CGMO
[20:43:44] [445/459] MCNA
[20:43:45] [446/459] OCBN
[20:43:45] 🔄 Identity reset
[20:43:45] 🔄 Identity rotated (every 10 requests)
[20:43:46] [447/459] CPEM
[20:43:47] [448/459] CPSM
[20:43:47] [449/459] RCAD
[20:43:48] [450/459] CPMU
[20:43:49] [451/459] DICD
[20:43:50] [452/459] CHOE
[20:43:51] [453/459] PDJM
[20:43:52] [454/459] SSTU
[20:43:53] [455/459] VNRN
[20:43:54] [456/459] PVLG
[20:43:54] 🔄 Identity reset
[20:43:54] 🔄 Identity rotated (every 10 requests)
[20:43:55] [457/459] SWBL
[20:43:56] [458/459] SCAB
[20:43:57] [459/459] RDDA
[20:43:58] 🧹 Deduping shows
[20:43:59] ✅ DONE | Shows=4358 | Movies=67
[22:29:50] 🚀 SCRIPT STARTED
[22:29:50] [1/459] MCCZ
[22:29:50] 🧠 New identity created
[22:29:51] [2/459] FRPU
[22:29:52] [3/459] SKSI
[22:29:54] [4/459] SSCK
[22:29:55] [5/459] SRDC
[22:29:56] [6/459] RSCZ
[22:29:57] [7/459] PRVT
[22:29:58] [8/459] GAGJ
[22:29:58] [9/459] SMHG
[22:29:59] [10/459] JTST
[22:29:59] 🔄 Identity reset
[22:29:59] 🔄 Identity rotated (every 10 requests)
[22:30:01] [11/459] MYTH
[22:30:02] [12/459] JPCC
[22:30:03] [13/459] ACDC
[22:30:04] [14/459] SVFP
[22:30:05] [15/459] SFCM
[22:30:07] [16/459] RUPK
[22:30:07] [17/459] NTCR
[22:30:08] [18/459] RTCH
[22:30:09] [19/459] SCMH
[22:30:10] [20/459] SVYM
[22:30:10] 🔄 Identity reset
[22:30:10] 🔄 Identity rotated (every 10 requests)
[22:30:11] [21/459] SPYM
[22:30:12] [22/459] SMMF
[22:30:14] [23/459] CLLB
[22:30:14] [24/459] FMCB
[22:30:16] [25/459] BBTC
[22:30:17] [26/459] NTHS
[22:30:18] [27/459] PKKJ
[22:30:19] [28/459] MTJA
[22:30:20] [29/459] PMSJ
[22:30:21] [30/459] JMJU
[22:30:21] 🔄 Identity reset
[22:30:21] 🔄 Identity rotated (every 10 requests)
[22:30:21] 🔄 Retry 1/5 for JMJU in 2.3s
[22:30:21] 🔄 Identity reset
[22:30:24] 🧠 New identity created
[22:30:24] 🔄 Retry 2/5 for JMJU in 4.5s
[22:30:24] 🔄 Identity reset
[22:30:28] 🧠 New identity created
[22:30:30] [31/459] SRAD
[22:30:31] [32/459] MJMC
[22:30:33] [33/459] DFRM
[22:30:34] [34/459] PMRS
[22:30:35] [35/459] RKPP
[22:30:36] [36/459] BMBK
[22:30:38] [37/459] NEWS
[22:30:39] [38/459] SALB
[22:30:39] 🔄 Identity reset
[22:30:39] 🔄 Identity rotated (every 10 requests)
[22:30:40] [39/459] SCPW
[22:30:41] [40/459] RAYL
[22:30:42] [41/459] CMGJ
[22:30:44] [42/459] JRCR
[22:30:44] [43/459] SRTB
[22:30:45] [44/459] ETPB
[22:30:47] [45/459] MXBN
[22:30:48] [46/459] TOPE
[22:30:49] [47/459] SNLJ
[22:30:51] [48/459] CDDP
[22:30:51] 🔄 Identity reset
[22:30:51] 🔄 Identity rotated (every 10 requests)
[22:30:51] 🔄 Retry 1/5 for CDDP in 2.8s
[22:30:51] 🔄 Identity reset
[22:30:53] 🧠 New identity created
[22:30:55] [49/459] APCX
[22:30:55] [50/459] TALP
[22:30:57] [51/459] RRMP
[22:30:58] [52/459] MAHB
[22:30:59] [53/459] MTKR
[22:31:00] [54/459] KSKL
[22:31:02] [55/459] RJLT
[22:31:03] [56/459] ATAS
[22:31:03] [57/459] AMHR
[22:31:03] 🔄 Identity reset
[22:31:03] 🔄 Identity rotated (every 10 requests)
[22:31:05] [58/459] RSRM
[22:31:06] [59/459] GCAT
[22:31:07] [60/459] SMML
[22:31:08] [61/459] ACCD
[22:31:09] [62/459] VYDA
[22:31:11] [63/459] MSKT
[22:31:11] [64/459] AVDM
[22:31:12] [65/459] ASMH
[22:31:14] [66/459] VTMB
[22:31:15] [67/459] WVMB
[22:31:15] 🔄 Identity reset
[22:31:15] 🔄 Identity rotated (every 10 requests)
[22:31:15] 🔄 Retry 1/5 for WVMB in 2.5s
[22:31:15] 🔄 Identity reset
[22:31:18] 🧠 New identity created
[22:31:19] [68/459] PPMN
[22:31:20] [69/459] MTMD
[22:31:21] [70/459] SMMO
[22:31:22] [71/459] DLPB
[22:31:23] [72/459] AKMD
[22:31:25] [73/459] SHRR
[22:31:27] [74/459] ASCO
[22:31:28] [75/459] CZVX
[22:31:29] [76/459] GCBB
[22:31:29] 🔄 Identity reset
[22:31:29] 🔄 Identity rotated (every 10 requests)
[22:31:30] [77/459] ATBM
[22:31:31] [78/459] TCGM
[22:31:33] [79/459] UMSE
[22:31:35] [80/459] NKCL
[22:31:36] [81/459] BTLR
[22:31:36] [82/459] GOCL
[22:31:37] [83/459] MIRN
[22:31:38] [84/459] THEC
[22:31:40] [85/459] SPPB
[22:31:40] [86/459] PMMM
[22:31:40] 🔄 Identity reset
[22:31:40] 🔄 Identity rotated (every 10 requests)
[22:31:40] 🔄 Retry 1/5 for PMMM in 2.4s
[22:31:40] 🔄 Identity reset
[22:31:43] 🧠 New identity created
[22:31:44] [87/459] GGMC
[22:31:45] [88/459] AVSR
[22:31:45] [89/459] RDMH
[22:31:46] [90/459] JSRS
[22:31:47] [91/459] VKGP
[22:31:48] [92/459] ACRT
[22:31:49] [93/459] GCBA
[22:31:50] [94/459] GTCP
[22:31:51] [95/459] AKFC
[22:31:51] 🔄 Identity reset
[22:31:51] 🔄 Identity rotated (every 10 requests)
[22:31:51] 🔄 Retry 1/5 for AKFC in 2.2s
[22:31:51] 🔄 Identity reset
[22:31:53] 🧠 New identity created
[22:31:53] 🔄 Retry 2/5 for AKFC in 4.2s
[22:31:53] 🔄 Identity reset
[22:31:58] 🧠 New identity created
[22:31:59] [96/459] INCS
[22:32:00] [97/459] SMCK
[22:32:02] [98/459] BRUN
[22:32:02] [99/459] RPPC
[22:32:03] [100/459] PAYD
[22:32:05] [101/459] SVVT
[22:32:06] [102/459] RNCC
[22:32:07] [103/459] PCRC
[22:32:07] 🔄 Identity reset
[22:32:07] 🔄 Identity rotated (every 10 requests)
[22:32:08] [104/459] PMRM
[22:32:10] [105/459] CCRP
[22:32:11] [106/459] INCR
[22:32:13] [107/459] ZTMP
[22:32:14] [108/459] MCNR
[22:32:15] [109/459] INRP
[22:32:16] [110/459] STRC
[22:32:18] [111/459] RATI
[22:32:19] [112/459] PBTR
[22:32:20] [113/459] CMHP
[22:32:20] 🔄 Identity reset
[22:32:20] 🔄 Identity rotated (every 10 requests)
[22:32:22] [114/459] ZECJ
[22:32:23] [115/459] CCCB
[22:32:24] [116/459] BWCB
[22:32:26] [117/459] CCAT
[22:32:27] [118/459] KGCM
[22:32:28] [119/459] INPT
[22:32:28] [120/459] FNCO
[22:32:30] [121/459] SRMJ
[22:32:30] [122/459] PFSC
[22:32:31] [123/459] PBMC
[22:32:31] 🔄 Identity reset
[22:32:31] 🔄 Identity rotated (every 10 requests)
[22:32:33] [124/459] KARP
[22:32:35] [125/459] KOVI
[22:32:36] [126/459] ACXL
[22:32:37] [127/459] GKCC
[22:32:38] [128/459] ASCC
[22:32:39] [129/459] SETC
[22:32:40] [130/459] KACC
[22:32:41] [131/459] KAVE
[22:32:42] [132/459] CNTC
[22:32:43] [133/459] MEEN
[22:32:43] 🔄 Identity reset
[22:32:43] 🔄 Identity rotated (every 10 requests)
[22:32:44] [134/459] BMRV
[22:32:45] [135/459] SVAM
[22:32:46] [136/459] VTBP
[22:32:48] [137/459] VCKN
[22:32:49] [138/459] SGTK
[22:32:51] [139/459] RCGS
[22:32:52] [140/459] RCCB
[22:32:53] [141/459] RKSR
[22:32:55] [142/459] RKCU
[22:32:55] [143/459] GIBH
[22:32:55] 🔄 Identity reset
[22:32:55] 🔄 Identity rotated (every 10 requests)
[22:32:56] 🔄 Retry 1/5 for GIBH in 3.0s
[22:32:56] 🔄 Identity reset
[22:32:59] 🧠 New identity created
[22:33:00] [144/459] CXBS
[22:33:00] [145/459] GGCB
[22:33:02] [146/459] SCPB
[22:33:03] [147/459] AKTB
[22:33:05] [148/459] SRBU
[22:33:05] [149/459] CSSA
[22:33:06] [150/459] MYAN
[22:33:08] [151/459] EXCA
[22:33:10] [152/459] CKSA
[22:33:10] 🔄 Identity reset
[22:33:10] 🔄 Identity rotated (every 10 requests)
[22:33:11] [153/459] JTNM
[22:33:12] [154/459] CXKT
[22:33:13] [155/459] NCLM
[22:33:13] [156/459] JAAD
[22:33:15] [157/459] RDCR
[22:33:16] [158/459] MEER
[22:33:16] [159/459] SIBT
[22:33:17] [160/459] PVVB
[22:33:18] [161/459] FNPN
[22:33:19] [162/459] CRPX
[22:33:19] 🔄 Identity reset
[22:33:19] 🔄 Identity rotated (every 10 requests)
[22:33:21] [163/459] STET
[22:33:22] [164/459] METE
[22:33:23] [165/459] BJML
[22:33:24] [166/459] MAVT
[22:33:25] [167/459] MSRM
[22:33:26] [168/459] TJMP
[22:33:27] [169/459] MHCK
[22:33:29] [170/459] SVGP
[22:33:30] [171/459] KRRC
[22:33:31] [172/459] IMCH
[22:33:31] 🔄 Identity reset
[22:33:31] 🔄 Identity rotated (every 10 requests)
[22:33:32] [173/459] CMCS
[22:33:34] [174/459] SGND
[22:33:35] [175/459] RNAT
[22:33:36] [176/459] PRTN
[22:33:37] [177/459] MPTN
[22:33:38] [178/459] ARCC
[22:33:39] [179/459] NTTE
[22:33:41] [180/459] ABND
[22:33:42] [181/459] KCSN
[22:33:43] [182/459] KCSA
[22:33:43] 🔄 Identity reset
[22:33:43] 🔄 Identity rotated (every 10 requests)
[22:33:43] 🔄 Retry 1/5 for KCSA in 2.7s
[22:33:43] 🔄 Identity reset
[22:33:46] 🧠 New identity created
[22:33:47] [183/459] DCKT
[22:33:48] [184/459] MBBR
[22:33:49] [185/459] RAMU
[22:33:52] [186/459] RACW
[22:33:52] [187/459] MCHP
[22:33:53] [188/459] TMHM
[22:33:54] [189/459] STXH
[22:33:55] [190/459] AGSG
[22:33:57] [191/459] SIRA
[22:33:57] 🔄 Identity reset
[22:33:57] 🔄 Identity rotated (every 10 requests)
[22:33:58] [192/459] RCAN
[22:34:00] [193/459] CWTB
[22:34:01] [194/459] VTYM
[22:34:03] [195/459] RRPP
[22:34:04] [196/459] ASMR
[22:34:05] [197/459] RONO
[22:34:06] [198/459] MEMR
[22:34:07] [199/459] CTMR
[22:34:08] [200/459] PMTT
[22:34:09] [201/459] PSLX
[22:34:09] 🔄 Identity reset
[22:34:09] 🔄 Identity rotated (every 10 requests)
[22:34:10] [202/459] IPPL
[22:34:11] [203/459] MMSG
[22:34:13] [204/459] INEL
[22:34:14] [205/459] COAC
[22:34:15] [206/459] WVLK
[22:34:16] [207/459] PPXL
[22:34:17] [208/459] PSML
[22:34:18] [209/459] FNLK
[22:34:24] [210/459] ILUM
[22:34:25] [211/459] ILCM
[22:34:25] 🔄 Identity reset
[22:34:25] 🔄 Identity rotated (every 10 requests)
[22:34:26] [212/459] MSNL
[22:34:27] [213/459] VINB
[22:34:28] [214/459] SALW
[22:34:29] [215/459] PRTB
[22:34:30] [216/459] NCIL
[22:34:31] [217/459] PSUL
[22:34:32] [218/459] SCLK
[22:34:34] [219/459] ADDC
[22:34:35] [220/459] OACL
[22:34:36] [221/459] OOCF
[22:34:36] 🔄 Identity reset
[22:34:36] 🔄 Identity rotated (every 10 requests)
[22:34:37] [222/459] GPMF
[22:34:38] [223/459] SSDG
[22:34:39] [224/459] SKRS
[22:34:40] [225/459] NTTP
[22:34:41] [226/459] SLTP
[22:34:42] [227/459] JTLC
[22:34:44] [228/459] POON
[22:34:45] [229/459] CCPC
[22:34:45] [230/459] DCKC
[22:34:48] [231/459] CPRT
[22:34:48] 🔄 Identity reset
[22:34:48] 🔄 Identity rotated (every 10 requests)
[22:34:48] 🔄 Retry 1/5 for CPRT in 2.2s
[22:34:48] 🔄 Identity reset
[22:34:51] 🧠 New identity created
[22:34:52] [232/459] EYHZ
[22:34:53] [233/459] ARBL
[22:34:54] [234/459] SBTB
[22:34:55] [235/459] MMCK
[22:34:57] [236/459] PLMR
[22:34:58] [237/459] BIJH
[22:35:00] [238/459] SDRT
[22:35:01] [239/459] PRDC
[22:35:02] [240/459] OMJA
[22:35:02] 🔄 Identity reset
[22:35:02] 🔄 Identity rotated (every 10 requests)
[22:35:04] [241/459] VKCR
[22:35:05] [242/459] ATRT
[22:35:06] [243/459] WVRP
[22:35:07] [244/459] MVRP
[22:35:08] [245/459] FCAX
[22:35:09] [246/459] CTLC
[22:35:10] [247/459] JCHB
[22:35:11] [248/459] SELP
[22:35:12] [249/459] VCPG
[22:35:13] [250/459] ASCX
[22:35:13] 🔄 Identity reset
[22:35:13] 🔄 Identity rotated (every 10 requests)
[22:35:13] 🔄 Retry 1/5 for ASCX in 3.0s
[22:35:13] 🔄 Identity reset
[22:35:16] 🧠 New identity created
[22:35:17] [251/459] EOCS
[22:35:19] [252/459] RCPH
[22:35:20] [253/459] RJTM
[22:35:21] [254/459] SGMD
[22:35:22] [255/459] SVJT
[22:35:23] [256/459] SPPO
[22:35:24] [257/459] MNRL
[22:35:25] [258/459] KNOX
[22:35:27] [259/459] GIER
[22:35:27] 🔄 Identity reset
[22:35:27] 🔄 Identity rotated (every 10 requests)
[22:35:28] [260/459] PJMS
[22:35:29] [261/459] UNSP
[22:35:30] [262/459] JETP
[22:35:31] [263/459] VTWA
[22:35:33] [264/459] SCJI
[22:35:34] [265/459] CBZZ
[22:35:35] [266/459] SDCJ
[22:35:36] [267/459] RRCC
[22:35:37] [268/459] VNKG
[22:35:39] [269/459] LKTO
[22:35:39] 🔄 Identity reset
[22:35:39] 🔄 Identity rotated (every 10 requests)
[22:35:39] 🔄 Retry 1/5 for LKTO in 2.2s
[22:35:39] 🔄 Identity reset
[22:35:41] 🧠 New identity created
[22:35:43] [270/459] PJRM
[22:35:44] [271/459] NVRM
[22:35:45] [272/459] SJCS
[22:35:46] [273/459] VIGK
[22:35:47] [274/459] ANST
[22:35:47] [275/459] JTTS
[22:35:48] [276/459] NTST
[22:35:49] [277/459] PREB
[22:35:50] [278/459] TSCZ
[22:35:50] 🔄 Identity reset
[22:35:50] 🔄 Identity rotated (every 10 requests)
[22:35:51] [279/459] CDCM
[22:35:53] [280/459] ELYE
[22:35:54] [281/459] INBS
[22:35:55] [282/459] SMGC
[22:35:57] [283/459] UTMP
[22:35:58] [284/459] INTA
[22:35:58] [285/459] OMPT
[22:36:00] [286/459] SCIR
[22:36:00] [287/459] GCKJ
[22:36:01] [288/459] INOG
[22:36:01] 🔄 Identity reset
[22:36:01] 🔄 Identity rotated (every 10 requests)
[22:36:02] 🔄 Retry 1/5 for INOG in 2.4s
[22:36:02] 🔄 Identity reset
[22:36:04] 🧠 New identity created
[22:36:06] [289/459] SMGB
[22:36:07] [290/459] MCSG
[22:36:08] [291/459] STKG
[22:36:08] [292/459] TTKG
[22:36:09] [293/459] SRTR
[22:36:10] [294/459] ETTR
[22:36:12] [295/459] GGGZ
[22:36:12] [296/459] IPGM
[22:36:13] [297/459] FCDH
[22:36:13] 🔄 Identity reset
[22:36:13] 🔄 Identity rotated (every 10 requests)
[22:36:14] [298/459] DESB
[22:36:16] [299/459] VNTP
[22:36:17] [300/459] ANNT
[22:36:18] [301/459] SLTI
[22:36:19] [302/459] MAJU
[22:36:20] [303/459] JCXP
[22:36:21] [304/459] HARK
[22:36:21] [305/459] JPCJ
[22:36:22] [306/459] RXBD
[22:36:23] [307/459] PTKJ
[22:36:23] 🔄 Identity reset
[22:36:23] 🔄 Identity rotated (every 10 requests)
[22:36:24] [308/459] CMTU
[22:36:25] [309/459] SWOR
[22:36:26] [310/459] JMEX
[22:36:27] [311/459] DTPT
[22:36:28] [312/459] VGMM
[22:36:29] [313/459] VCSG
[22:36:31] [314/459] CVCG
[22:36:32] [315/459] TNTT
[22:36:33] [316/459] SHRM
[22:36:34] [317/459] CGKD
[22:36:34] 🔄 Identity reset
[22:36:34] 🔄 Identity rotated (every 10 requests)
[22:36:34] 🔄 Retry 1/5 for CGKD in 2.8s
[22:36:34] 🔄 Identity reset
[22:36:37] 🧠 New identity created
[22:36:38] [318/459] EKCM
[22:36:39] [319/459] SDCX
[22:36:40] [320/459] SBTE
[22:36:41] [321/459] STKJ
[22:36:42] [322/459] TPCE
[22:36:43] [323/459] JTNP
[22:36:44] [324/459] LPCH
[22:36:46] [325/459] CPUO
[22:36:47] [326/459] APSU
[22:36:47] 🔄 Identity reset
[22:36:47] 🔄 Identity rotated (every 10 requests)
[22:36:48] [327/459] RTHC
[22:36:49] [328/459] PTBU
[22:36:50] [329/459] CUCC
[22:36:50] [330/459] CPSA
[22:36:52] [331/459] SUAY
[22:36:54] [332/459] AYAA
[22:36:54] [333/459] MUCH
[22:36:55] [334/459] PCIN
[22:36:56] [335/459] JRRM
[22:36:57] [336/459] KATS
[22:36:57] 🔄 Identity reset
[22:36:57] 🔄 Identity rotated (every 10 requests)
[22:36:58] [337/459] MHFF
[22:37:00] [338/459] ESYM
[22:37:01] [339/459] STYV
[22:37:02] [340/459] SDKG
[22:37:03] [341/459] SMTI
[22:37:04] [342/459] NYCS
[22:37:05] [343/459] MTBG
[22:37:06] [344/459] RHCA
[22:37:07] [345/459] PCKH
[22:37:07] [346/459] ARCR
[22:37:07] 🔄 Identity reset
[22:37:07] 🔄 Identity rotated (every 10 requests)
[22:37:09] [347/459] NCMB
[22:37:10] [348/459] SHYC
[22:37:11] [349/459] LACK
[22:37:12] [350/459] MTCM
[22:37:14] [351/459] RRBN
[22:37:15] [352/459] MYDC
[22:37:15] [353/459] STCS
[22:37:19] [354/459] CONN
[22:37:21] [355/459] SIPS
[22:37:21] [356/459] SMMX
[22:37:21] 🔄 Identity reset
[22:37:21] 🔄 Identity rotated (every 10 requests)
[22:37:23] [357/459] SCBY
[22:37:24] [358/459] SUAP
[22:37:25] [359/459] RSMK
[22:37:26] [360/459] STKP
[22:37:27] [361/459] CIPC
[22:37:28] [362/459] KKCI
[22:37:28] [363/459] CTNK
[22:37:30] [364/459] MMTZ
[22:37:32] [365/459] DCCO
[22:37:33] [366/459] VNMN
[22:37:33] 🔄 Identity reset
[22:37:33] 🔄 Identity rotated (every 10 requests)
[22:37:33] 🔄 Retry 1/5 for VNMN in 2.5s
[22:37:33] 🔄 Identity reset
[22:37:36] 🧠 New identity created
[22:37:37] [367/459] RLCN
[22:37:38] [368/459] CMMS
[22:37:39] [369/459] AYOU
[22:37:40] [370/459] SSCN
[22:37:41] [371/459] SMXN
[22:37:41] [372/459] ASSK
[22:37:42] [373/459] VCKM
[22:37:44] [374/459] PCPH
[22:37:45] [375/459] PADM
[22:37:45] 🔄 Identity reset
[22:37:45] 🔄 Identity rotated (every 10 requests)
[22:37:46] [376/459] IESA
[22:37:48] [377/459] VCSP
[22:37:49] [378/459] AEST
[22:37:50] [379/459] VTNR
[22:37:51] [380/459] GTTA
[22:37:52] [381/459] CMMM
[22:37:53] [382/459] AHKT
[22:37:54] [383/459] SIJI
[22:37:55] [384/459] VCEI
[22:37:56] [385/459] SAKR
[22:37:56] 🔄 Identity reset
[22:37:56] 🔄 Identity rotated (every 10 requests)
[22:37:58] [386/459] VSMT
[22:37:59] [387/459] SSCT
[22:38:01] [388/459] USTR
[22:38:02] [389/459] MTKT
[22:38:02] [390/459] TGMP
[22:38:03] [391/459] SIVC
[22:38:05] [392/459] KICT
[22:38:06] [393/459] DAMD
[22:38:07] [394/459] CNPT
[22:38:08] [395/459] RVTT
[22:38:08] 🔄 Identity reset
[22:38:08] 🔄 Identity rotated (every 10 requests)
[22:38:09] [396/459] SNCM
[22:38:10] [397/459] GHTE
[22:38:11] [398/459] PPAM
[22:38:12] [399/459] PVAA
[22:38:13] [400/459] CPAO
[22:38:14] [401/459] HAMD
[22:38:15] [402/459] RCCA
[22:38:16] [403/459] MPCH
[22:38:17] [404/459] ARED
[22:38:18] [405/459] RRCV
[22:38:18] 🔄 Identity reset
[22:38:18] 🔄 Identity rotated (every 10 requests)
[22:38:19] [406/459] MTRB
[22:38:20] [407/459] CKUA
[22:38:21] [408/459] ABMP
[22:38:22] [409/459] RCWA
[22:38:23] [410/459] CGAR
[22:38:24] [411/459] METH
[22:38:25] [412/459] WAGA
[22:38:26] [413/459] MCMA
[22:38:28] [414/459] CSMP
[22:38:29] [415/459] RCNK
[22:38:29] 🔄 Identity reset
[22:38:29] 🔄 Identity rotated (every 10 requests)
[22:38:30] [416/459] PSTM
[22:38:32] [417/459] CSEP
[22:38:33] [418/459] AMGD
[22:38:34] [419/459] CSTE
[22:38:35] [420/459] CONS
[22:38:37] [421/459] APPX
[22:38:38] [422/459] MABC
[22:38:39] [423/459] CXST
[22:38:41] [424/459] MATN
[22:38:42] [425/459] MACZ
[22:38:42] 🔄 Identity reset
[22:38:42] 🔄 Identity rotated (every 10 requests)
[22:38:42] 🔄 Retry 1/5 for MACZ in 2.2s
[22:38:42] 🔄 Identity reset
[22:38:44] 🧠 New identity created
[22:38:45] [426/459] MASA
[22:38:47] [427/459] MBSX
[22:38:48] [428/459] CSST
[22:38:48] [429/459] APCL
[22:38:49] [430/459] CGOS
[22:38:50] [431/459] CPEC
[22:38:52] [432/459] MCCP
[22:38:53] [433/459] BSSO
[22:38:54] [434/459] SJKA
[22:38:54] 🔄 Identity reset
[22:38:54] 🔄 Identity rotated (every 10 requests)
[22:38:55] [435/459] CGBO
[22:38:56] [436/459] MVSK
[22:38:57] [437/459] HVCA
[22:38:58] [438/459] NAMD
[22:38:59] [439/459] DEVI
[22:39:00] [440/459] SCSV
[22:39:01] [441/459] PSMA
[22:39:02] [442/459] CLDJ
[22:39:04] [443/459] NMAD
[22:39:04] [444/459] CGMO
[22:39:04] 🔄 Identity reset
[22:39:04] 🔄 Identity rotated (every 10 requests)
[22:39:04] 🔄 Retry 1/5 for CGMO in 2.9s
[22:39:04] 🔄 Identity reset
[22:39:07] 🧠 New identity created
[22:39:09] [445/459] MCNA
[22:39:10] [446/459] OCBN
[22:39:11] [447/459] CPEM
[22:39:12] [448/459] CPSM
[22:39:14] [449/459] RCAD
[22:39:15] [450/459] CPMU
[22:39:16] [451/459] DICD
[22:39:17] [452/459] CHOE
[22:39:18] [453/459] PDJM
[22:39:18] 🔄 Identity reset
[22:39:18] 🔄 Identity rotated (every 10 requests)
[22:39:19] [454/459] SSTU
[22:39:20] [455/459] VNRN
[22:39:21] [456/459] PVLG
[22:39:22] [457/459] SWBL
[22:39:23] [458/459] SCAB
[22:39:24] [459/459] RDDA
[22:39:25] 🧹 Deduping shows
[22:39:25] ✅ DONE | Shows=4384 | Movies=67
[23:32:22] 🚀 SCRIPT STARTED
[23:32:22] [1/459] MCCZ
[23:32:22] 🧠 New identity created
[23:32:23] [2/459] FRPU
[23:32:23] [3/459] SKSI
[23:32:24] [4/459] SSCK
[23:32:24] [5/459] SRDC
[23:32:25] [6/459] RSCZ
[23:32:26] [7/459] PRVT
[23:32:26] [8/459] GAGJ
[23:32:27] [9/459] SMHG
[23:32:27] [10/459] JTST
[23:32:27] 🔄 Identity reset
[23:32:27] 🔄 Identity rotated (every 10 requests)
[23:32:27] 🔄 Retry 1/5 for JTST in 2.8s
[23:32:27] 🔄 Identity reset
[23:32:30] 🧠 New identity created
[23:32:30] 🔄 Retry 2/5 for JTST in 4.2s
[23:32:30] 🔄 Identity reset
[23:32:35] 🧠 New identity created
[23:32:35] [11/459] MYTH
[23:32:36] [12/459] JPCC
[23:32:37] [13/459] ACDC
[23:32:38] [14/459] SVFP
[23:32:38] [15/459] SFCM
[23:32:39] [16/459] RUPK
[23:32:40] [17/459] NTCR
[23:32:40] [18/459] RTCH
[23:32:40] 🔄 Identity reset
[23:32:40] 🔄 Identity rotated (every 10 requests)
[23:32:41] [19/459] SCMH
[23:32:42] [20/459] SVYM
[23:32:42] [21/459] SPYM
[23:32:43] [22/459] SMMF
[23:32:44] [23/459] CLLB
[23:32:44] [24/459] FMCB
[23:32:45] [25/459] BBTC
[23:32:45] [26/459] NTHS
[23:32:46] [27/459] PKKJ
[23:32:46] [28/459] MTJA
[23:32:46] 🔄 Identity reset
[23:32:46] 🔄 Identity rotated (every 10 requests)
[23:32:46] 🔄 Retry 1/5 for MTJA in 2.8s
[23:32:46] 🔄 Identity reset
[23:32:49] 🧠 New identity created
[23:32:49] 🔄 Retry 2/5 for MTJA in 4.2s
[23:32:49] 🔄 Identity reset
[23:32:53] 🧠 New identity created
[23:32:54] 🔄 Retry 3/5 for MTJA in 8.2s
[23:32:54] 🔄 Identity reset
[23:33:02] 🧠 New identity created
[23:33:02] [29/459] PMSJ
[23:33:03] [30/459] JMJU
[23:33:04] [31/459] SRAD
[23:33:04] [32/459] MJMC
[23:33:05] [33/459] DFRM
[23:33:06] [34/459] PMRS
[23:33:06] [35/459] RKPP
[23:33:06] 🔄 Identity reset
[23:33:06] 🔄 Identity rotated (every 10 requests)
[23:33:07] [36/459] BMBK
[23:33:08] [37/459] NEWS
[23:33:09] [38/459] SALB
[23:33:09] [39/459] SCPW
[23:33:10] [40/459] RAYL
[23:33:10] [41/459] CMGJ
[23:33:11] [42/459] JRCR
[23:33:12] [43/459] SRTB
[23:33:12] [44/459] ETPB
[23:33:13] [45/459] MXBN
[23:33:13] 🔄 Identity reset
[23:33:13] 🔄 Identity rotated (every 10 requests)
[23:33:14] [46/459] TOPE
[23:33:15] [47/459] SNLJ
[23:33:15] [48/459] CDDP
[23:33:16] [49/459] APCX
[23:33:16] [50/459] TALP
[23:33:17] [51/459] RRMP
[23:33:18] [52/459] MAHB
[23:33:18] [53/459] MTKR
[23:33:19] [54/459] KSKL
[23:33:20] [55/459] RJLT
[23:33:20] 🔄 Identity reset
[23:33:20] 🔄 Identity rotated (every 10 requests)
[23:33:21] [56/459] ATAS
[23:33:21] [57/459] AMHR
[23:33:22] [58/459] RSRM
[23:33:23] [59/459] GCAT
[23:33:24] [60/459] SMML
[23:33:24] [61/459] ACCD
[23:33:25] [62/459] VYDA
[23:33:25] [63/459] MSKT
[23:33:26] [64/459] AVDM
[23:33:27] [65/459] ASMH
[23:33:27] 🔄 Identity reset
[23:33:27] 🔄 Identity rotated (every 10 requests)
[23:33:28] [66/459] VTMB
[23:33:28] [67/459] WVMB
[23:33:29] [68/459] PPMN
[23:33:30] [69/459] MTMD
[23:33:30] [70/459] SMMO
[23:33:31] [71/459] DLPB
[23:33:32] [72/459] AKMD
[23:33:32] [73/459] SHRR
[23:33:33] [74/459] ASCO
[23:33:34] [75/459] CZVX
[23:33:34] 🔄 Identity reset
[23:33:34] 🔄 Identity rotated (every 10 requests)
[23:33:35] [76/459] GCBB
[23:33:35] [77/459] ATBM
[23:33:36] [78/459] TCGM
[23:33:36] [79/459] UMSE
[23:33:37] [80/459] NKCL
[23:33:38] [81/459] BTLR
[23:33:39] [82/459] GOCL
[23:33:39] [83/459] MIRN
[23:33:40] [84/459] THEC
[23:33:41] [85/459] SPPB
[23:33:41] 🔄 Identity reset
[23:33:41] 🔄 Identity rotated (every 10 requests)
[23:33:41] 🔄 Retry 1/5 for SPPB in 2.6s
[23:33:41] 🔄 Identity reset
[23:33:43] 🧠 New identity created
[23:33:44] [86/459] PMMM
[23:33:45] [87/459] GGMC
[23:33:46] [88/459] AVSR
[23:33:46] [89/459] RDMH
[23:33:47] [90/459] JSRS
[23:33:48] [91/459] VKGP
[23:33:48] [92/459] ACRT
[23:33:49] [93/459] GCBA
[23:33:49] [94/459] GTCP
[23:33:49] 🔄 Identity reset
[23:33:49] 🔄 Identity rotated (every 10 requests)
[23:33:50] 🔄 Retry 1/5 for GTCP in 2.2s
[23:33:50] 🔄 Identity reset
[23:33:52] 🧠 New identity created
[23:33:52] [95/459] AKFC
[23:33:53] [96/459] INCS
[23:33:54] [97/459] SMCK
[23:33:55] [98/459] BRUN
[23:33:55] [99/459] RPPC
[23:33:56] [100/459] PAYD
[23:33:57] [101/459] SVVT
[23:33:57] [102/459] RNCC
[23:33:58] [103/459] PCRC
[23:33:58] 🔄 Identity reset
[23:33:58] 🔄 Identity rotated (every 10 requests)
[23:33:58] 🔄 Retry 1/5 for PCRC in 3.0s
[23:33:58] 🔄 Identity reset
[23:34:01] 🧠 New identity created
[23:34:02] [104/459] PMRM
[23:34:02] [105/459] CCRP
[23:34:03] [106/459] INCR
[23:34:04] [107/459] ZTMP
[23:34:04] [108/459] MCNR
[23:34:05] [109/459] INRP
[23:34:05] [110/459] STRC
[23:34:06] [111/459] RATI
[23:34:07] [112/459] PBTR
[23:34:07] 🔄 Identity reset
[23:34:07] 🔄 Identity rotated (every 10 requests)
[23:34:07] [113/459] CMHP
[23:34:08] [114/459] ZECJ
[23:34:09] [115/459] CCCB
[23:34:09] [116/459] BWCB
[23:34:10] [117/459] CCAT
[23:34:11] [118/459] KGCM
[23:34:11] [119/459] INPT
[23:34:12] [120/459] FNCO
[23:34:13] [121/459] SRMJ
[23:34:13] [122/459] PFSC
[23:34:13] 🔄 Identity reset
[23:34:13] 🔄 Identity rotated (every 10 requests)
[23:34:14] [123/459] PBMC
[23:34:15] [124/459] KARP
[23:34:16] [125/459] KOVI
[23:34:16] [126/459] ACXL
[23:34:17] [127/459] GKCC
[23:34:18] [128/459] ASCC
[23:34:18] [129/459] SETC
[23:34:19] [130/459] KACC
[23:34:19] [131/459] KAVE
[23:34:20] [132/459] CNTC
[23:34:20] 🔄 Identity reset
[23:34:20] 🔄 Identity rotated (every 10 requests)
[23:34:21] [133/459] MEEN
[23:34:22] [134/459] BMRV
[23:34:22] [135/459] SVAM
[23:34:23] [136/459] VTBP
[23:34:24] [137/459] VCKN
[23:34:24] [138/459] SGTK
[23:34:25] [139/459] RCGS
[23:34:26] [140/459] RCCB
[23:34:27] [141/459] RKSR
[23:34:27] [142/459] RKCU
[23:34:27] 🔄 Identity reset
[23:34:27] 🔄 Identity rotated (every 10 requests)
[23:34:28] [143/459] GIBH
[23:34:29] [144/459] CXBS
[23:34:30] [145/459] GGCB
[23:34:30] [146/459] SCPB
[23:34:31] [147/459] AKTB
[23:34:32] [148/459] SRBU
[23:34:32] [149/459] CSSA
[23:34:33] [150/459] MYAN
[23:34:33] [151/459] EXCA
[23:34:34] [152/459] CKSA
[23:34:34] 🔄 Identity reset
[23:34:34] 🔄 Identity rotated (every 10 requests)
[23:34:35] [153/459] JTNM
[23:34:36] [154/459] CXKT
[23:34:37] [155/459] NCLM
[23:34:37] [156/459] JAAD
[23:34:38] [157/459] RDCR
[23:34:39] [158/459] MEER
[23:34:39] [159/459] SIBT
[23:34:40] [160/459] PVVB
[23:34:41] [161/459] FNPN
[23:34:41] [162/459] CRPX
[23:34:41] 🔄 Identity reset
[23:34:41] 🔄 Identity rotated (every 10 requests)
[23:34:42] [163/459] STET
[23:34:43] [164/459] METE
[23:34:44] [165/459] BJML
[23:34:44] [166/459] MAVT
[23:34:45] [167/459] MSRM
[23:34:46] [168/459] TJMP
[23:34:46] [169/459] MHCK
[23:34:47] [170/459] SVGP
[23:34:48] [171/459] KRRC
[23:34:48] [172/459] IMCH
[23:34:48] 🔄 Identity reset
[23:34:48] 🔄 Identity rotated (every 10 requests)
[23:34:49] [173/459] CMCS
[23:34:49] [174/459] SGND
[23:34:50] [175/459] RNAT
[23:34:51] [176/459] PRTN
[23:34:51] [177/459] MPTN
[23:34:52] [178/459] ARCC
[23:34:52] [179/459] NTTE
[23:34:53] [180/459] ABND
[23:34:54] [181/459] KCSN
[23:34:54] [182/459] KCSA
[23:34:54] 🔄 Identity reset
[23:34:54] 🔄 Identity rotated (every 10 requests)
[23:34:54] 🔄 Retry 1/5 for KCSA in 2.1s
[23:34:54] 🔄 Identity reset
[23:34:56] 🧠 New identity created
[23:34:57] [183/459] DCKT
[23:34:58] [184/459] MBBR
[23:34:58] [185/459] RAMU
[23:34:59] [186/459] RACW
[23:35:00] [187/459] MCHP
[23:35:00] [188/459] TMHM
[23:35:01] [189/459] STXH
[23:35:02] [190/459] AGSG
[23:35:03] [191/459] SIRA
[23:35:03] 🔄 Identity reset
[23:35:03] 🔄 Identity rotated (every 10 requests)
[23:35:03] [192/459] RCAN
[23:35:04] [193/459] CWTB
[23:35:05] [194/459] VTYM
[23:35:05] [195/459] RRPP
[23:35:06] [196/459] ASMR
[23:35:06] [197/459] RONO
[23:35:07] [198/459] MEMR
[23:35:08] [199/459] CTMR
[23:35:09] [200/459] PMTT
[23:35:09] [201/459] PSLX
[23:35:09] 🔄 Identity reset
[23:35:09] 🔄 Identity rotated (every 10 requests)
[23:35:09] 🔄 Retry 1/5 for PSLX in 2.4s
[23:35:09] 🔄 Identity reset
[23:35:12] 🧠 New identity created
[23:35:12] 🔄 Retry 2/5 for PSLX in 4.7s
[23:35:12] 🔄 Identity reset
[23:35:17] 🧠 New identity created
[23:35:17] [202/459] IPPL
[23:35:18] [203/459] MMSG
[23:35:19] [204/459] INEL
[23:35:20] [205/459] COAC
[23:35:20] [206/459] WVLK
[23:35:21] [207/459] PPXL
[23:35:22] [208/459] PSML
[23:35:22] [209/459] FNLK
[23:35:22] 🔄 Identity reset
[23:35:22] 🔄 Identity rotated (every 10 requests)
[23:35:23] [210/459] ILUM
[23:35:24] [211/459] ILCM
[23:35:25] [212/459] MSNL
[23:35:25] [213/459] VINB
[23:35:26] [214/459] SALW
[23:35:27] [215/459] PRTB
[23:35:27] [216/459] NCIL
[23:35:28] [217/459] PSUL
[23:35:29] [218/459] SCLK
[23:35:29] [219/459] ADDC
[23:35:29] 🔄 Identity reset
[23:35:29] 🔄 Identity rotated (every 10 requests)
[23:35:30] [220/459] OACL
[23:35:31] [221/459] OOCF
[23:35:32] [222/459] GPMF
[23:35:32] [223/459] SSDG
[23:35:33] [224/459] SKRS
[23:35:34] [225/459] NTTP
[23:35:34] [226/459] SLTP
[23:35:35] [227/459] JTLC
[23:35:36] [228/459] POON
[23:35:36] [229/459] CCPC
[23:35:36] 🔄 Identity reset
[23:35:36] 🔄 Identity rotated (every 10 requests)
[23:35:37] [230/459] DCKC
[23:35:38] [231/459] CPRT
[23:35:39] [232/459] EYHZ
[23:35:39] [233/459] ARBL
[23:35:40] [234/459] SBTB
[23:35:41] [235/459] MMCK
[23:35:41] [236/459] PLMR
[23:35:42] [237/459] BIJH
[23:35:42] [238/459] SDRT
[23:35:43] [239/459] PRDC
[23:35:43] 🔄 Identity reset
[23:35:43] 🔄 Identity rotated (every 10 requests)
[23:35:44] [240/459] OMJA
[23:35:45] [241/459] VKCR
[23:35:45] [242/459] ATRT
[23:35:46] [243/459] WVRP
[23:35:47] [244/459] MVRP
[23:35:48] [245/459] FCAX
[23:35:48] [246/459] CTLC
[23:35:49] [247/459] JCHB
[23:35:50] [248/459] SELP
[23:35:50] [249/459] VCPG
[23:35:50] 🔄 Identity reset
[23:35:50] 🔄 Identity rotated (every 10 requests)
[23:35:51] [250/459] ASCX
[23:35:52] [251/459] EOCS
[23:35:52] [252/459] RCPH
[23:35:53] [253/459] RJTM
[23:35:54] [254/459] SGMD
[23:35:55] [255/459] SVJT
[23:35:55] [256/459] SPPO
[23:35:56] [257/459] MNRL
[23:35:56] [258/459] KNOX
[23:35:57] [259/459] GIER
[23:35:57] 🔄 Identity reset
[23:35:57] 🔄 Identity rotated (every 10 requests)
[23:35:58] [260/459] PJMS
[23:35:58] [261/459] UNSP
[23:35:59] [262/459] JETP
[23:36:00] [263/459] VTWA
[23:36:01] [264/459] SCJI
[23:36:01] [265/459] CBZZ
[23:36:03] [266/459] SDCJ
[23:36:03] [267/459] RRCC
[23:36:04] [268/459] VNKG
[23:36:05] [269/459] LKTO
[23:36:05] 🔄 Identity reset
[23:36:05] 🔄 Identity rotated (every 10 requests)
[23:36:05] [270/459] PJRM
[23:36:06] [271/459] NVRM
[23:36:07] [272/459] SJCS
[23:36:07] [273/459] VIGK
[23:36:08] [274/459] ANST
[23:36:09] [275/459] JTTS
[23:36:09] [276/459] NTST
[23:36:10] [277/459] PREB
[23:36:10] [278/459] TSCZ
[23:36:11] [279/459] CDCM
[23:36:11] 🔄 Identity reset
[23:36:11] 🔄 Identity rotated (every 10 requests)
[23:36:11] 🔄 Retry 1/5 for CDCM in 2.7s
[23:36:11] 🔄 Identity reset
[23:36:14] 🧠 New identity created
[23:36:15] [280/459] ELYE
[23:36:16] [281/459] INBS
[23:36:17] [282/459] SMGC
[23:36:17] [283/459] UTMP
[23:36:18] [284/459] INTA
[23:36:19] [285/459] OMPT
[23:36:19] [286/459] SCIR
[23:36:20] [287/459] GCKJ
[23:36:21] [288/459] INOG
[23:36:21] 🔄 Identity reset
[23:36:21] 🔄 Identity rotated (every 10 requests)
[23:36:22] [289/459] SMGB
[23:36:22] [290/459] MCSG
[23:36:23] [291/459] STKG
[23:36:24] [292/459] TTKG
[23:36:24] [293/459] SRTR
[23:36:25] [294/459] ETTR
[23:36:26] [295/459] GGGZ
[23:36:26] [296/459] IPGM
[23:36:27] [297/459] FCDH
[23:36:28] [298/459] DESB
[23:36:28] 🔄 Identity reset
[23:36:28] 🔄 Identity rotated (every 10 requests)
[23:36:29] [299/459] VNTP
[23:36:29] [300/459] ANNT
[23:36:30] [301/459] SLTI
[23:36:31] [302/459] MAJU
[23:36:31] [303/459] JCXP
[23:36:32] [304/459] HARK
[23:36:33] [305/459] JPCJ
[23:36:33] [306/459] RXBD
[23:36:34] [307/459] PTKJ
[23:36:34] [308/459] CMTU
[23:36:34] 🔄 Identity reset
[23:36:34] 🔄 Identity rotated (every 10 requests)
[23:36:35] [309/459] SWOR
[23:36:36] [310/459] JMEX
[23:36:36] [311/459] DTPT
[23:36:37] [312/459] VGMM
[23:36:38] [313/459] VCSG
[23:36:39] [314/459] CVCG
[23:36:40] [315/459] TNTT
[23:36:40] [316/459] SHRM
[23:36:41] [317/459] CGKD
[23:36:42] [318/459] EKCM
[23:36:42] 🔄 Identity reset
[23:36:42] 🔄 Identity rotated (every 10 requests)
[23:36:42] 🔄 Retry 1/5 for EKCM in 2.7s
[23:36:42] 🔄 Identity reset
[23:36:44] 🧠 New identity created
[23:36:45] [319/459] SDCX
[23:36:45] [320/459] SBTE
[23:36:46] [321/459] STKJ
[23:36:47] [322/459] TPCE
[23:36:47] [323/459] JTNP
[23:36:48] [324/459] LPCH
[23:36:49] [325/459] CPUO
[23:36:49] [326/459] APSU
[23:36:50] [327/459] RTHC
[23:36:50] 🔄 Identity reset
[23:36:50] 🔄 Identity rotated (every 10 requests)
[23:36:51] [328/459] PTBU
[23:36:51] [329/459] CUCC
[23:36:52] [330/459] CPSA
[23:36:53] [331/459] SUAY
[23:36:53] [332/459] AYAA
[23:36:54] [333/459] MUCH
[23:36:55] [334/459] PCIN
[23:36:56] [335/459] JRRM
[23:36:57] [336/459] KATS
[23:36:57] [337/459] MHFF
[23:36:57] 🔄 Identity reset
[23:36:57] 🔄 Identity rotated (every 10 requests)
[23:36:58] [338/459] ESYM
[23:36:59] [339/459] STYV
[23:37:00] [340/459] SDKG
[23:37:00] [341/459] SMTI
[23:37:01] [342/459] NYCS
[23:37:02] [343/459] MTBG
[23:37:02] [344/459] RHCA
[23:37:03] [345/459] PCKH
[23:37:04] [346/459] ARCR
[23:37:05] [347/459] NCMB
[23:37:05] 🔄 Identity reset
[23:37:05] 🔄 Identity rotated (every 10 requests)
[23:37:05] [348/459] SHYC
[23:37:06] [349/459] LACK
[23:37:07] [350/459] MTCM
[23:37:07] [351/459] RRBN
[23:37:08] [352/459] MYDC
[23:37:08] [353/459] STCS
[23:37:09] [354/459] CONN
[23:37:10] [355/459] SIPS
[23:37:11] [356/459] SMMX
[23:37:11] [357/459] SCBY
[23:37:11] 🔄 Identity reset
[23:37:11] 🔄 Identity rotated (every 10 requests)
[23:37:12] [358/459] SUAP
[23:37:13] [359/459] RSMK
[23:37:13] [360/459] STKP
[23:37:14] [361/459] CIPC
[23:37:15] [362/459] KKCI
[23:37:16] [363/459] CTNK
[23:37:17] [364/459] MMTZ
[23:37:17] [365/459] DCCO
[23:37:18] [366/459] VNMN
[23:37:19] [367/459] RLCN
[23:37:19] 🔄 Identity reset
[23:37:19] 🔄 Identity rotated (every 10 requests)
[23:37:20] [368/459] CMMS
[23:37:20] [369/459] AYOU
[23:37:21] [370/459] SSCN
[23:37:22] [371/459] SMXN
[23:37:22] [372/459] ASSK
[23:37:23] [373/459] VCKM
[23:37:24] [374/459] PCPH
[23:37:24] [375/459] PADM
[23:37:25] [376/459] IESA
[23:37:26] [377/459] VCSP
[23:37:26] 🔄 Identity reset
[23:37:26] 🔄 Identity rotated (every 10 requests)
[23:37:26] 🔄 Retry 1/5 for VCSP in 2.2s
[23:37:26] 🔄 Identity reset
[23:37:28] 🧠 New identity created
[23:37:29] [378/459] AEST
[23:37:29] [379/459] VTNR
[23:37:30] [380/459] GTTA
[23:37:31] [381/459] CMMM
[23:37:32] [382/459] AHKT
[23:37:32] [383/459] SIJI
[23:37:33] [384/459] VCEI
[23:37:33] [385/459] SAKR
[23:37:34] [386/459] VSMT
[23:37:34] 🔄 Identity reset
[23:37:34] 🔄 Identity rotated (every 10 requests)
[23:37:34] 🔄 Retry 1/5 for VSMT in 2.6s
[23:37:34] 🔄 Identity reset
[23:37:37] 🧠 New identity created
[23:37:37] [387/459] SSCT
[23:37:38] [388/459] USTR
[23:37:39] [389/459] MTKT
[23:37:40] [390/459] TGMP
[23:37:40] [391/459] SIVC
[23:37:41] [392/459] KICT
[23:37:41] [393/459] DAMD
[23:37:42] [394/459] CNPT
[23:37:43] [395/459] RVTT
[23:37:43] 🔄 Identity reset
[23:37:43] 🔄 Identity rotated (every 10 requests)
[23:37:44] [396/459] SNCM
[23:37:44] [397/459] GHTE
[23:37:45] [398/459] PPAM
[23:37:46] [399/459] PVAA
[23:37:46] [400/459] CPAO
[23:37:47] [401/459] HAMD
[23:37:48] [402/459] RCCA
[23:37:49] [403/459] MPCH
[23:37:50] [404/459] ARED
[23:37:50] [405/459] RRCV
[23:37:50] 🔄 Identity reset
[23:37:51] 🔄 Identity rotated (every 10 requests)
[23:37:51] [406/459] MTRB
[23:37:52] [407/459] CKUA
[23:37:52] [408/459] ABMP
[23:37:53] [409/459] RCWA
[23:37:54] [410/459] CGAR
[23:37:54] [411/459] METH
[23:37:55] [412/459] WAGA
[23:37:56] [413/459] MCMA
[23:37:57] [414/459] CSMP
[23:37:57] [415/459] RCNK
[23:37:57] 🔄 Identity reset
[23:37:57] 🔄 Identity rotated (every 10 requests)
[23:37:58] [416/459] PSTM
[23:37:59] [417/459] CSEP
[23:38:00] [418/459] AMGD
[23:38:00] [419/459] CSTE
[23:38:01] [420/459] CONS
[23:38:01] [421/459] APPX
[23:38:02] [422/459] MABC
[23:38:03] [423/459] CXST
[23:38:03] [424/459] MATN
[23:38:04] [425/459] MACZ
[23:38:04] 🔄 Identity reset
[23:38:04] 🔄 Identity rotated (every 10 requests)
[23:38:04] 🔄 Retry 1/5 for MACZ in 2.1s
[23:38:04] 🔄 Identity reset
[23:38:06] 🧠 New identity created
[23:38:07] [426/459] MASA
[23:38:08] [427/459] MBSX
[23:38:08] [428/459] CSST
[23:38:09] [429/459] APCL
[23:38:10] [430/459] CGOS
[23:38:11] [431/459] CPEC
[23:38:11] [432/459] MCCP
[23:38:12] [433/459] BSSO
[23:38:12] [434/459] SJKA
[23:38:12] 🔄 Identity reset
[23:38:12] 🔄 Identity rotated (every 10 requests)
[23:38:13] [435/459] CGBO
[23:38:14] [436/459] MVSK
[23:38:14] [437/459] HVCA
[23:38:15] [438/459] NAMD
[23:38:16] [439/459] DEVI
[23:38:16] [440/459] SCSV
[23:38:17] [441/459] PSMA
[23:38:18] [442/459] CLDJ
[23:38:18] [443/459] NMAD
[23:38:19] [444/459] CGMO
[23:38:19] 🔄 Identity reset
[23:38:19] 🔄 Identity rotated (every 10 requests)
[23:38:20] [445/459] MCNA
[23:38:21] [446/459] OCBN
[23:38:21] [447/459] CPEM
[23:38:22] [448/459] CPSM
[23:38:23] [449/459] RCAD
[23:38:23] [450/459] CPMU
[23:38:24] [451/459] DICD
[23:38:25] [452/459] CHOE
[23:38:26] [453/459] PDJM
[23:38:26] [454/459] SSTU
[23:38:26] 🔄 Identity reset
[23:38:27] 🔄 Identity rotated (every 10 requests)
[23:38:27] [455/459] VNRN
[23:38:28] [456/459] PVLG
[23:38:29] [457/459] SWBL
[23:38:29] [458/459] SCAB
[23:38:30] [459/459] RDDA
[23:38:32] 🧹 Deduping shows
[23:38:32] ✅ DONE | Shows=4385 | Movies=67
