[16:32:49] 🚀 SCRIPT STARTED (enhanced anti‑detection)
[16:32:49] [1/322] CDCA
[16:32:50] 🧠 New identity created
[16:32:50] [2/322] VBCZ
[16:32:52] [3/322] MSDR
[16:32:53] [4/322] ACPV
[16:32:54] [5/322] PVHB
[16:32:54] [6/322] RCNH
[16:32:56] [7/322] IOMH
[16:32:57] [8/322] ILKS
[16:32:58] [9/322] AMSN
[16:32:58] [10/322] ANTP
[16:32:59] 🔄 Identity reset
[16:32:59] 🔄 Identity rotated (every 10 requests)
[16:33:00] [11/322] SSEK
[16:33:01] [12/322] PICP
[16:33:02] [13/322] SICO
[16:33:03] [14/322] SISP
[16:33:04] [15/322] SCPI
[16:33:05] [16/322] CRPR
[16:33:06] [17/322] DCTW
[16:33:07] [18/322] DCSP
[16:33:08] [19/322] KRPM
[16:33:09] [20/322] THKK
[16:33:09] 🔄 Identity reset
[16:33:09] 🔄 Identity rotated (every 10 requests)
[16:33:09] 🔄 Retry 1/5 for THKK in 2.0s
[16:33:09] 🔄 Identity reset
[16:33:11] 🧠 New identity created
[16:33:12] [21/322] SNMY
[16:33:13] [22/322] AKCC
[16:33:14] [23/322] PCAT
[16:33:15] [24/322] RFGO
[16:33:16] [25/322] GGCS
[16:33:16] [26/322] ACKR
[16:33:17] [27/322] STDO
[16:33:19] [28/322] ACKB
[16:33:21] [29/322] ALUC
[16:33:21] 🔄 Identity reset
[16:33:21] 🔄 Identity rotated (every 10 requests)
[16:33:21] 🔄 Retry 1/5 for ALUC in 2.3s
[16:33:21] 🔄 Identity reset
[16:33:24] 🧠 New identity created
[16:33:24] [30/322] MNSR
[16:33:25] [31/322] CSSL
[16:33:26] [32/322] BGGM
[16:33:27] [33/322] MANT
[16:33:27] [34/322] SOOY
[16:33:28] [35/322] VPPK
[16:33:30] [36/322] MYHJ
[16:33:31] [37/322] KSCK
[16:33:32] [38/322] KATK
[16:33:33] 🔄 Identity reset
[16:33:33] 🔄 Identity rotated (every 10 requests)
[16:33:33] [39/322] RTRT
[16:33:34] [40/322] SSTT
[16:33:35] [41/322] SSTV
[16:33:36] [42/322] LACM
[16:33:37] [43/322] SGMG
[16:33:38] [44/322] KACX
[16:33:39] [45/322] GVCP
[16:33:40] [46/322] CSNC
[16:33:41] [47/322] SXCB
[16:33:42] [48/322] BAHS
[16:33:42] 🔄 Identity reset
[16:33:42] 🔄 Identity rotated (every 10 requests)
[16:33:43] [49/322] PCBI
[16:33:44] [50/322] PSSM
[16:33:45] [51/322] RCOK
[16:33:46] [52/322] SCPF
[16:33:47] [53/322] SSAS
[16:33:48] [54/322] EVMM
[16:33:49] [55/322] SYCB
[16:33:51] [56/322] GCKI
[16:33:52] [57/322] IAET
[16:33:53] [58/322] DDTD
[16:33:53] 🔄 Identity reset
[16:33:53] 🔄 Identity rotated (every 10 requests)
[16:33:54] [59/322] GMDH
[16:33:54] [60/322] STLE
[16:33:55] [61/322] JTRA
[16:33:56] [62/322] RPPA
[16:33:57] [63/322] ARUT
[16:33:58] [64/322] JTVM
[16:33:59] [65/322] SWRH
[16:34:00] [66/322] DCPC
[16:34:01] [67/322] RAPR
[16:34:02] [68/322] GCRT
[16:34:03] 🔄 Identity reset
[16:34:03] 🔄 Identity rotated (every 10 requests)
[16:34:03] 🔄 Retry 1/5 for GCRT in 3.0s
[16:34:03] 🔄 Identity reset
[16:34:06] 🧠 New identity created
[16:34:06] [69/322] ATUN
[16:34:08] [70/322] LTRM
[16:34:09] [71/322] TASR
[16:34:10] [72/322] RLLC
[16:34:11] [73/322] MABI
[16:34:12] [74/322] SVHB
[16:34:13] [75/322] NVTB
[16:34:14] [76/322] KCKG
[16:34:15] [77/322] SSRN
[16:34:15] 🔄 Identity reset
[16:34:15] 🔄 Identity rotated (every 10 requests)
[16:34:15] 🔄 Retry 1/5 for SSRN in 2.0s
[16:34:15] 🔄 Identity reset
[16:34:17] 🧠 New identity created
[16:34:18] [78/322] VDDC
[16:34:19] [79/322] GKTK
[16:34:20] [80/322] YFSN
[16:34:21] [81/322] GCSG
[16:34:22] [82/322] ESSM
[16:34:23] [83/322] KRIH
[16:34:24] [84/322] GCDS
[16:34:25] [85/322] CCSH
[16:34:26] [86/322] ACSK
[16:34:27] 🔄 Identity reset
[16:34:27] 🔄 Identity rotated (every 10 requests)
[16:34:27] [87/322] APRK
[16:34:28] [88/322] ADKM
[16:34:29] [89/322] SRDM
[16:34:30] [90/322] SJMY
[16:34:31] [91/322] PGGC
[16:34:32] [92/322] INGM
[16:34:33] [93/322] LSCB
[16:34:34] [94/322] STAD
[16:34:34] [95/322] MCCR
[16:34:35] [96/322] ABCC
[16:34:36] 🔄 Identity reset
[16:34:36] 🔄 Identity rotated (every 10 requests)
[16:34:36] 🔄 Retry 1/5 for ABCC in 2.5s
[16:34:36] 🔄 Identity reset
[16:34:38] 🧠 New identity created
[16:34:39] 🔄 Retry 2/5 for ABCC in 4.7s
[16:34:39] 🔄 Identity reset
[16:34:43] 🧠 New identity created
[16:34:44] [97/322] RKCC
[16:34:44] [98/322] RTCR
[16:34:45] [99/322] GGBC
[16:34:46] [100/322] GCSD
[16:34:47] [101/322] LPTY
[16:34:48] [102/322] MCFD
[16:34:49] [103/322] HENN
[16:34:50] [104/322] SMKU
[16:34:51] 🔄 Identity reset
[16:34:51] 🔄 Identity rotated (every 10 requests)
[16:34:51] [105/322] TNZC
[16:34:52] [106/322] DRCD
[16:34:53] [107/322] DLCD
[16:34:54] [108/322] RCDA
[16:34:55] [109/322] COSM
[16:34:56] [110/322] MCMJ
[16:34:56] [111/322] CSTR
[16:34:57] [112/322] CVDK
[16:34:58] [113/322] INRR
[16:34:59] [114/322] RJRT
[16:35:00] 🔄 Identity reset
[16:35:00] 🔄 Identity rotated (every 10 requests)
[16:35:00] [115/322] IRMR
[16:35:01] [116/322] SRCF
[16:35:03] [117/322] GRCR
[16:35:04] [118/322] SURC
[16:35:05] [119/322] NMNH
[16:35:06] [120/322] SVBL
[16:35:08] [121/322] KACI
[16:35:09] [122/322] TDGO
[16:35:09] [123/322] KTBR
[16:35:10] [124/322] PMAD
[16:35:11] 🔄 Identity reset
[16:35:11] 🔄 Identity rotated (every 10 requests)
[16:35:11] [125/322] CCPN
[16:35:12] [126/322] SBTK
[16:35:13] [127/322] LMDK
[16:35:14] [128/322] PGDA
[16:35:15] [129/322] SRML
[16:35:16] [130/322] EVCK
[16:35:17] [131/322] RTTK
[16:35:18] [132/322] SRTU
[16:35:19] [133/322] VRSA
[16:35:20] [134/322] VARS
[16:35:21] 🔄 Identity reset
[16:35:21] 🔄 Identity rotated (every 10 requests)
[16:35:22] [135/322] DSCZ
[16:35:23] [136/322] GAGA
[16:35:24] [137/322] SARV
[16:35:24] [138/322] SEEG
[16:35:25] [139/322] GLCA
[16:35:26] [140/322] APAS
[16:35:27] [141/322] VCIA
[16:35:29] [142/322] SJTA
[16:35:29] [143/322] SABM
[16:35:31] [144/322] PPAG
[16:35:32] 🔄 Identity reset
[16:35:32] 🔄 Identity rotated (every 10 requests)
[16:35:32] 🔄 Retry 1/5 for PPAG in 2.8s
[16:35:32] 🔄 Identity reset
[16:35:35] 🧠 New identity created
[16:35:35] 🔄 Retry 2/5 for PPAG in 4.7s
[16:35:35] 🔄 Identity reset
[16:35:39] 🧠 New identity created
[16:35:39] 🔄 Retry 3/5 for PPAG in 8.5s
[16:35:39] 🔄 Identity reset
[16:35:48] 🧠 New identity created
[16:35:48] [145/322] RVCA
[16:35:49] [146/322] CCIA
[16:35:50] [147/322] HTAG
[16:35:51] [148/322] SMBI
[16:35:52] [149/322] MCJR
[16:35:53] [150/322] CCJR
[16:35:54] [151/322] SINF
[16:35:54] 🔄 Identity reset
[16:35:54] 🔄 Identity rotated (every 10 requests)
[16:35:55] [152/322] CPLX
[16:35:56] [153/322] KKTJ
[16:35:56] [154/322] GDBW
[16:35:57] [155/322] CSUB
[16:35:58] [156/322] DABA
[16:35:59] [157/322] TITR
[16:36:00] [158/322] NYCR
[16:36:01] [159/322] RTRY
[16:36:03] [160/322] JTJL
[16:36:03] [161/322] SJCP
[16:36:04] 🔄 Identity reset
[16:36:04] 🔄 Identity rotated (every 10 requests)
[16:36:04] [162/322] KCCA
[16:36:05] [163/322] MLPG
[16:36:06] [164/322] VRCK
[16:36:08] [165/322] SRIN
[16:36:09] [166/322] CXMK
[16:36:10] [167/322] SKAD
[16:36:11] [168/322] AVTR
[16:36:12] [169/322] PTAJ
[16:36:13] [170/322] SCNK
[16:36:14] [171/322] STTI
[16:36:14] 🔄 Identity reset
[16:36:14] 🔄 Identity rotated (every 10 requests)
[16:36:14] 🔄 Retry 1/5 for STTI in 2.8s
[16:36:14] 🔄 Identity reset
[16:36:17] 🧠 New identity created
[16:36:17] 🔄 Retry 2/5 for STTI in 4.7s
[16:36:17] 🔄 Identity reset
[16:36:22] 🧠 New identity created
[16:36:22] 🔄 Retry 3/5 for STTI in 8.1s
[16:36:22] 🔄 Identity reset
[16:36:30] 🧠 New identity created
[16:36:31] [172/322] KACR
[16:36:32] [173/322] SSDX
[16:36:33] [174/322] VRTJ
[16:36:34] [175/322] RAJD
[16:36:35] [176/322] SCIP
[16:36:36] [177/322] RJSL
[16:36:37] [178/322] ARRS
[16:36:37] 🔄 Identity reset
[16:36:37] 🔄 Identity rotated (every 10 requests)
[16:36:38] [179/322] ASMS
[16:36:38] [180/322] RDTS
[16:36:40] [181/322] DVMY
[16:36:41] [182/322] RASA
[16:36:42] [183/322] INOM
[16:36:44] [184/322] SPRS
[16:36:46] [185/322] SGCS
[16:36:47] [186/322] SALM
[16:36:48] [187/322] PKHC
[16:36:49] [188/322] RCSV
[16:36:49] 🔄 Identity reset
[16:36:49] 🔄 Identity rotated (every 10 requests)
[16:36:50] [189/322] CPKC
[16:36:51] [190/322] AACD
[16:36:51] [191/322] GGCV
[16:36:52] [192/322] SMKD
[16:36:53] [193/322] NBCH
[16:36:54] [194/322] AMCB
[16:36:55] [195/322] OPCN
[16:36:56] [196/322] DCIN
[16:36:58] [197/322] INGW
[16:36:59] [198/322] PKKW
[16:36:59] 🔄 Identity reset
[16:36:59] 🔄 Identity rotated (every 10 requests)
[16:37:00] [199/322] FNGW
[16:37:01] [200/322] GCGD
[16:37:01] [201/322] MSTW
[16:37:02] [202/322] KCCG
[16:37:03] [203/322] MRSS
[16:37:04] [204/322] CLCF
[16:37:05] [205/322] EETS
[16:37:07] [206/322] AATR
[16:37:08] [207/322] CMMN
[16:37:09] [208/322] SCCJ
[16:37:09] 🔄 Identity reset
[16:37:09] 🔄 Identity rotated (every 10 requests)
[16:37:09] 🔄 Retry 1/5 for SCCJ in 3.0s
[16:37:09] 🔄 Identity reset
[16:37:12] 🧠 New identity created
[16:37:12] 🔄 Retry 2/5 for SCCJ in 4.3s
[16:37:12] 🔄 Identity reset
[16:37:17] 🧠 New identity created
[16:37:17] [209/322] CDTK
[16:37:18] [210/322] AICP
[16:37:19] [211/322] FNBP
[16:37:20] [212/322] CBPB
[16:37:21] [213/322] CPAS
[16:37:22] [214/322] MAPM
[16:37:23] [215/322] PASD
[16:37:24] [216/322] JCMN
[16:37:25] 🔄 Identity reset
[16:37:25] 🔄 Identity rotated (every 10 requests)
[16:37:25] [217/322] MALB
[16:37:26] [218/322] SACG
[16:37:27] [219/322] DDRX
[16:37:28] [220/322] DDXB
[16:37:29] [221/322] RAMC
[16:37:30] [222/322] SANC
[16:37:31] [223/322] BCBP
[16:37:32] [224/322] ALPC
[16:37:33] [225/322] RBAC
[16:37:34] [226/322] RAJL
[16:37:34] 🔄 Identity reset
[16:37:34] 🔄 Identity rotated (every 10 requests)
[16:37:35] [227/322] MPDX
[16:37:35] [228/322] MUSC
[16:37:36] [229/322] VKMK
[16:37:37] [230/322] SKCG
[16:37:38] [231/322] ANCN
[16:37:39] [232/322] MMCJ
[16:37:40] [233/322] DCAK
[16:37:41] [234/322] SCKG
[16:37:42] [235/322] LMCK
[16:37:42] [236/322] CKKX
[16:37:43] 🔄 Identity reset
[16:37:43] 🔄 Identity rotated (every 10 requests)
[16:37:43] [237/322] ANKU
[16:37:44] [238/322] CSMD
[16:37:45] [239/322] MKMP
[16:37:46] [240/322] SVBG
[16:37:47] [241/322] ROOP
[16:37:48] [242/322] GDMT
[16:37:49] [243/322] FPPF
[16:37:50] [244/322] SFUU
[16:37:52] [245/322] ANCB
[16:37:53] [246/322] SMMC
[16:37:54] 🔄 Identity reset
[16:37:54] 🔄 Identity rotated (every 10 requests)
[16:37:54] [247/322] UGKT
[16:37:55] [248/322] JVRM
[16:37:56] [249/322] BATG
[16:37:57] [250/322] RATE
[16:37:58] [251/322] SKME
[16:37:59] [252/322] LMTP
[16:38:00] [253/322] TCBD
[16:38:01] [254/322] ESBD
[16:38:02] [255/322] GDCU
[16:38:03] [256/322] SNKT
[16:38:03] 🔄 Identity reset
[16:38:03] 🔄 Identity rotated (every 10 requests)
[16:38:04] [257/322] SRNK
[16:38:04] [258/322] SMED
[16:38:06] [259/322] CSQS
[16:38:06] [260/322] ALCS
[16:38:08] [261/322] KCKN
[16:38:08] [262/322] VCCL
[16:38:09] [263/322] MCDA
[16:38:10] [264/322] SHMI
[16:38:11] [265/322] SKHA
[16:38:12] [266/322] SVFK
[16:38:13] 🔄 Identity reset
[16:38:13] 🔄 Identity rotated (every 10 requests)
[16:38:13] [267/322] INVB
[16:38:14] [268/322] MELD
[16:38:15] [269/322] JTYS
[16:38:16] [270/322] INCM
[16:38:17] [271/322] MCDV
[16:38:17] [272/322] KSGK
[16:38:18] [273/322] ICMG
[16:38:19] [274/322] CSCV
[16:38:20] [275/322] STMD
[16:38:21] [276/322] STTR
[16:38:22] 🔄 Identity reset
[16:38:22] 🔄 Identity rotated (every 10 requests)
[16:38:22] [277/322] INVC
[16:38:23] [278/322] JTBL
[16:38:24] [279/322] SRVV
[16:38:26] [280/322] MAVC
[16:38:27] [281/322] SRPP
[16:38:28] [282/322] JGDM
[16:38:29] [283/322] MBSJ
[16:38:30] [284/322] SSLL
[16:38:31] [285/322] SLKP
[16:38:32] [286/322] NSRV
[16:38:32] 🔄 Identity reset
[16:38:32] 🔄 Identity rotated (every 10 requests)
[16:38:32] [287/322] UTDV
[16:38:33] [288/322] KICM
[16:38:34] [289/322] KCMD
[16:38:35] [290/322] TTPP
[16:38:36] [291/322] KMPV
[16:38:37] [292/322] SKTV
[16:38:38] [293/322] STCV
[16:38:39] [294/322] SRDA
[16:38:40] [295/322] JTSX
[16:38:41] [296/322] STBV
[16:38:42] 🔄 Identity reset
[16:38:42] 🔄 Identity rotated (every 10 requests)
[16:38:42] [297/322] APVZ
[16:38:43] [298/322] GSTV
[16:38:44] [299/322] NMVS
[16:38:45] [300/322] SKRT
[16:38:46] [301/322] RMDV
[16:38:46] [302/322] RATG
[16:38:47] [303/322] SJYV
[16:38:48] [304/322] NDGP
[16:38:50] [305/322] SNDG
[16:38:51] [306/322] INSR
[16:38:51] 🔄 Identity reset
[16:38:51] 🔄 Identity rotated (every 10 requests)
[16:38:52] [307/322] INSO
[16:38:53] [308/322] CCSI
[16:38:54] [309/322] RASM
[16:38:54] [310/322] NEWC
[16:38:56] [311/322] VSHL
[16:38:57] [312/322] BISW
[16:38:58] [313/322] GCNG
[16:38:59] [314/322] CWSC
[16:38:59] [315/322] SKAN
[16:39:00] [316/322] CCOA
[16:39:01] 🔄 Identity reset
[16:39:01] 🔄 Identity rotated (every 10 requests)
[16:39:01] [317/322] MCAJ
[16:39:02] [318/322] ACDE
[16:39:04] [319/322] AACM
[16:39:05] [320/322] JJCK
[16:39:06] [321/322] RCMO
[16:39:07] [322/322] GDAW
[16:39:08] 🧹 Deduping shows
[16:39:08] ✅ DONE | Shows=520 | Movies=22
[04:58:28] 🚀 SCRIPT STARTED (enhanced anti‑detection)
[04:58:28] [1/322] CDCA
[04:58:29] 🧠 New identity created
[04:58:29] [2/322] VBCZ
[04:58:30] [3/322] MSDR
[04:58:31] [4/322] ACPV
[04:58:32] [5/322] PVHB
[04:58:32] [6/322] RCNH
[04:58:33] [7/322] IOMH
[04:58:34] [8/322] ILKS
[04:58:35] [9/322] AMSN
[04:58:36] [10/322] ANTP
[04:58:37] 🔄 Identity reset
[04:58:37] 🔄 Identity rotated (every 10 requests)
[04:58:37] [11/322] SSEK
[04:58:38] [12/322] PICP
[04:58:39] [13/322] SICO
[04:58:39] [14/322] SISP
[04:58:40] [15/322] SCPI
[04:58:41] [16/322] CRPR
[04:58:42] [17/322] DCTW
[04:58:43] [18/322] DCSP
[04:58:44] [19/322] KRPM
[04:58:45] [20/322] THKK
[04:58:45] 🔄 Identity reset
[04:58:45] 🔄 Identity rotated (every 10 requests)
[04:58:45] [21/322] SNMY
[04:58:46] [22/322] AKCC
[04:58:47] [23/322] PCAT
[04:58:48] [24/322] RFGO
[04:58:49] [25/322] GGCS
[04:58:50] [26/322] ACKR
[04:58:51] [27/322] STDO
[04:58:52] [28/322] ACKB
[04:58:53] [29/322] ALUC
[04:58:54] [30/322] MNSR
[04:58:54] 🔄 Identity reset
[04:58:54] 🔄 Identity rotated (every 10 requests)
[04:58:55] [31/322] CSSL
[04:58:56] [32/322] BGGM
[04:58:57] [33/322] MANT
[04:58:58] [34/322] SOOY
[04:58:58] [35/322] VPPK
[04:58:59] [36/322] MYHJ
[04:59:00] [37/322] KSCK
[04:59:01] [38/322] KATK
[04:59:02] [39/322] RTRT
[04:59:03] [40/322] SSTT
[04:59:03] 🔄 Identity reset
[04:59:03] 🔄 Identity rotated (every 10 requests)
[04:59:03] [41/322] SSTV
[04:59:05] [42/322] LACM
[04:59:06] [43/322] SGMG
[04:59:07] [44/322] KACX
[04:59:08] [45/322] GVCP
[04:59:08] [46/322] CSNC
[04:59:09] [47/322] SXCB
[04:59:10] [48/322] BAHS
[04:59:12] [49/322] PCBI
[04:59:13] [50/322] PSSM
[04:59:13] 🔄 Identity reset
[04:59:13] 🔄 Identity rotated (every 10 requests)
[04:59:14] [51/322] RCOK
[04:59:14] [52/322] SCPF
[04:59:15] [53/322] SSAS
[04:59:16] [54/322] EVMM
[04:59:17] [55/322] SYCB
[04:59:18] [56/322] GCKI
[04:59:19] [57/322] IAET
[04:59:20] [58/322] DDTD
[04:59:21] [59/322] GMDH
[04:59:22] [60/322] STLE
[04:59:23] 🔄 Identity reset
[04:59:23] 🔄 Identity rotated (every 10 requests)
[04:59:23] 🔄 Retry 1/5 for STLE in 2.7s
[04:59:23] 🔄 Identity reset
[04:59:25] 🧠 New identity created
[04:59:26] [61/322] JTRA
[04:59:26] [62/322] RPPA
[04:59:27] [63/322] ARUT
[04:59:28] [64/322] JTVM
[04:59:29] [65/322] SWRH
[04:59:31] [66/322] DCPC
[04:59:32] [67/322] RAPR
[04:59:33] [68/322] GCRT
[04:59:34] [69/322] ATUN
[04:59:34] 🔄 Identity reset
[04:59:34] 🔄 Identity rotated (every 10 requests)
[04:59:34] [70/322] LTRM
[04:59:35] [71/322] TASR
[04:59:36] [72/322] RLLC
[04:59:37] [73/322] MABI
[04:59:38] [74/322] SVHB
[04:59:39] [75/322] NVTB
[04:59:40] [76/322] KCKG
[04:59:41] [77/322] SSRN
[04:59:42] [78/322] VDDC
[04:59:43] [79/322] GKTK
[04:59:43] 🔄 Identity reset
[04:59:43] 🔄 Identity rotated (every 10 requests)
[04:59:43] 🔄 Retry 1/5 for GKTK in 2.7s
[04:59:43] 🔄 Identity reset
[04:59:46] 🧠 New identity created
[04:59:46] [80/322] YFSN
[04:59:48] [81/322] GCSG
[04:59:48] [82/322] ESSM
[04:59:49] [83/322] KRIH
[04:59:50] [84/322] GCDS
[04:59:51] [85/322] CCSH
[04:59:53] [86/322] ACSK
[04:59:54] [87/322] APRK
[04:59:54] [88/322] ADKM
[04:59:55] 🔄 Identity reset
[04:59:55] 🔄 Identity rotated (every 10 requests)
[04:59:55] [89/322] SRDM
[04:59:56] [90/322] SJMY
[04:59:57] [91/322] PGGC
[04:59:58] [92/322] INGM
[05:00:00] [93/322] LSCB
[05:00:01] [94/322] STAD
[05:00:02] [95/322] MCCR
[05:00:03] [96/322] ABCC
[05:00:03] [97/322] RKCC
[05:00:04] [98/322] RTCR
[05:00:05] 🔄 Identity reset
[05:00:05] 🔄 Identity rotated (every 10 requests)
[05:00:05] [99/322] GGBC
[05:00:06] [100/322] GCSD
[05:00:07] [101/322] LPTY
[05:00:08] [102/322] MCFD
[05:00:09] [103/322] HENN
[05:00:09] [104/322] SMKU
[05:00:10] [105/322] TNZC
[05:00:11] [106/322] DRCD
[05:00:12] [107/322] DLCD
[05:00:13] [108/322] RCDA
[05:00:13] 🔄 Identity reset
[05:00:13] 🔄 Identity rotated (every 10 requests)
[05:00:13] 🔄 Retry 1/5 for RCDA in 2.5s
[05:00:13] 🔄 Identity reset
[05:00:16] 🧠 New identity created
[05:00:16] [109/322] COSM
[05:00:17] [110/322] MCMJ
[05:00:18] [111/322] CSTR
[05:00:19] [112/322] CVDK
[05:00:20] [113/322] INRR
[05:00:20] [114/322] RJRT
[05:00:21] [115/322] IRMR
[05:00:22] [116/322] SRCF
[05:00:23] [117/322] GRCR
[05:00:24] 🔄 Identity reset
[05:00:24] 🔄 Identity rotated (every 10 requests)
[05:00:24] [118/322] SURC
[05:00:25] [119/322] NMNH
[05:00:26] [120/322] SVBL
[05:00:27] [121/322] KACI
[05:00:28] [122/322] TDGO
[05:00:29] [123/322] KTBR
[05:00:30] [124/322] PMAD
[05:00:31] [125/322] CCPN
[05:00:32] [126/322] SBTK
[05:00:33] [127/322] LMDK
[05:00:34] 🔄 Identity reset
[05:00:34] 🔄 Identity rotated (every 10 requests)
[05:00:34] [128/322] PGDA
[05:00:35] [129/322] SRML
[05:00:36] [130/322] EVCK
[05:00:37] [131/322] RTTK
[05:00:38] [132/322] SRTU
[05:00:39] [133/322] VRSA
[05:00:40] [134/322] VARS
[05:00:41] [135/322] DSCZ
[05:00:42] [136/322] GAGA
[05:00:42] [137/322] SARV
[05:00:43] 🔄 Identity reset
[05:00:43] 🔄 Identity rotated (every 10 requests)
[05:00:43] 🔄 Retry 1/5 for SARV in 2.8s
[05:00:43] 🔄 Identity reset
[05:00:46] 🧠 New identity created
[05:00:47] [138/322] SEEG
[05:00:48] [139/322] GLCA
[05:00:49] [140/322] APAS
[05:00:50] [141/322] VCIA
[05:00:51] [142/322] SJTA
[05:00:52] [143/322] SABM
[05:00:52] [144/322] PPAG
[05:00:54] [145/322] RVCA
[05:00:55] [146/322] CCIA
[05:00:55] 🔄 Identity reset
[05:00:55] 🔄 Identity rotated (every 10 requests)
[05:00:56] [147/322] HTAG
[05:00:57] [148/322] SMBI
[05:00:57] [149/322] MCJR
[05:00:58] [150/322] CCJR
[05:00:59] [151/322] SINF
[05:01:00] [152/322] CPLX
[05:01:01] [153/322] KKTJ
[05:01:02] [154/322] GDBW
[05:01:03] [155/322] CSUB
[05:01:03] [156/322] DABA
[05:01:04] 🔄 Identity reset
[05:01:04] 🔄 Identity rotated (every 10 requests)
[05:01:04] [157/322] TITR
[05:01:05] [158/322] NYCR
[05:01:06] [159/322] RTRY
[05:01:07] [160/322] JTJL
[05:01:08] [161/322] SJCP
[05:01:08] [162/322] KCCA
[05:01:09] [163/322] MLPG
[05:01:10] [164/322] VRCK
[05:01:11] [165/322] SRIN
[05:01:12] [166/322] CXMK
[05:01:13] 🔄 Identity reset
[05:01:13] 🔄 Identity rotated (every 10 requests)
[05:01:13] 🔄 Retry 1/5 for CXMK in 3.0s
[05:01:13] 🔄 Identity reset
[05:01:16] 🧠 New identity created
[05:01:16] 🔄 Retry 2/5 for CXMK in 4.0s
[05:01:16] 🔄 Identity reset
[05:01:20] 🧠 New identity created
[05:01:20] [167/322] SKAD
[05:01:22] [168/322] AVTR
[05:01:22] [169/322] PTAJ
[05:01:23] [170/322] SCNK
[05:01:24] [171/322] STTI
[05:01:25] [172/322] KACR
[05:01:26] [173/322] SSDX
[05:01:27] [174/322] VRTJ
[05:01:28] 🔄 Identity reset
[05:01:28] 🔄 Identity rotated (every 10 requests)
[05:01:28] [175/322] RAJD
[05:01:29] [176/322] SCIP
[05:01:30] [177/322] RJSL
[05:01:31] [178/322] ARRS
[05:01:33] [179/322] ASMS
[05:01:34] [180/322] RDTS
[05:01:34] [181/322] DVMY
[05:01:35] [182/322] RASA
[05:01:36] [183/322] INOM
[05:01:37] [184/322] SPRS
[05:01:37] 🔄 Identity reset
[05:01:37] 🔄 Identity rotated (every 10 requests)
[05:01:37] 🔄 Retry 1/5 for SPRS in 2.2s
[05:01:37] 🔄 Identity reset
[05:01:40] 🧠 New identity created
[05:01:40] 🔄 Retry 2/5 for SPRS in 4.9s
[05:01:40] 🔄 Identity reset
[05:01:45] 🧠 New identity created
[05:01:45] [185/322] SGCS
[05:01:46] [186/322] SALM
[05:01:47] [187/322] PKHC
[05:01:48] [188/322] RCSV
[05:01:49] [189/322] CPKC
[05:01:50] [190/322] AACD
[05:01:51] [191/322] GGCV
[05:01:52] [192/322] SMKD
[05:01:52] 🔄 Identity reset
[05:01:52] 🔄 Identity rotated (every 10 requests)
[05:01:52] 🔄 Retry 1/5 for SMKD in 2.3s
[05:01:52] 🔄 Identity reset
[05:01:55] 🧠 New identity created
[05:01:56] [193/322] NBCH
[05:01:56] [194/322] AMCB
[05:01:57] [195/322] OPCN
[05:01:58] [196/322] DCIN
[05:01:59] [197/322] INGW
[05:02:00] [198/322] PKKW
[05:02:01] [199/322] FNGW
[05:02:02] [200/322] GCGD
[05:02:03] [201/322] MSTW
[05:02:04] 🔄 Identity reset
[05:02:04] 🔄 Identity rotated (every 10 requests)
[05:02:04] 🔄 Retry 1/5 for MSTW in 2.7s
[05:02:04] 🔄 Identity reset
[05:02:06] 🧠 New identity created
[05:02:07] [202/322] KCCG
[05:02:07] [203/322] MRSS
[05:02:08] [204/322] CLCF
[05:02:09] [205/322] EETS
[05:02:10] [206/322] AATR
[05:02:11] [207/322] CMMN
[05:02:12] [208/322] SCCJ
[05:02:13] [209/322] CDTK
[05:02:13] [210/322] AICP
[05:02:14] 🔄 Identity reset
[05:02:14] 🔄 Identity rotated (every 10 requests)
[05:02:14] 🔄 Retry 1/5 for AICP in 2.7s
[05:02:14] 🔄 Identity reset
[05:02:17] 🧠 New identity created
[05:02:17] [211/322] FNBP
[05:02:18] [212/322] CBPB
[05:02:18] [213/322] CPAS
[05:02:19] [214/322] MAPM
[05:02:20] [215/322] PASD
[05:02:21] [216/322] JCMN
[05:02:22] [217/322] MALB
[05:02:23] [218/322] SACG
[05:02:23] [219/322] DDRX
[05:02:24] 🔄 Identity reset
[05:02:24] 🔄 Identity rotated (every 10 requests)
[05:02:24] 🔄 Retry 1/5 for DDRX in 2.9s
[05:02:24] 🔄 Identity reset
[05:02:27] 🧠 New identity created
[05:02:27] 🔄 Retry 2/5 for DDRX in 4.2s
[05:02:27] 🔄 Identity reset
[05:02:31] 🧠 New identity created
[05:02:32] [220/322] DDXB
[05:02:32] [221/322] RAMC
[05:02:33] [222/322] SANC
[05:02:34] [223/322] BCBP
[05:02:35] [224/322] ALPC
[05:02:36] [225/322] RBAC
[05:02:37] [226/322] RAJL
[05:02:38] [227/322] MPDX
[05:02:39] 🔄 Identity reset
[05:02:39] 🔄 Identity rotated (every 10 requests)
[05:02:39] [228/322] MUSC
[05:02:40] [229/322] VKMK
[05:02:41] [230/322] SKCG
[05:02:41] [231/322] ANCN
[05:02:42] [232/322] MMCJ
[05:02:43] [233/322] DCAK
[05:02:45] [234/322] SCKG
[05:02:46] [235/322] LMCK
[05:02:47] [236/322] CKKX
[05:02:47] [237/322] ANKU
[05:02:48] 🔄 Identity reset
[05:02:48] 🔄 Identity rotated (every 10 requests)
[05:02:48] 🔄 Retry 1/5 for ANKU in 2.9s
[05:02:48] 🔄 Identity reset
[05:02:51] 🧠 New identity created
[05:02:51] [238/322] CSMD
[05:02:52] [239/322] MKMP
[05:02:53] [240/322] SVBG
[05:02:54] [241/322] ROOP
[05:02:55] [242/322] GDMT
[05:02:56] [243/322] FPPF
[05:02:57] [244/322] SFUU
[05:02:58] [245/322] ANCB
[05:02:59] [246/322] SMMC
[05:02:59] 🔄 Identity reset
[05:02:59] 🔄 Identity rotated (every 10 requests)
[05:03:00] 🔄 Retry 1/5 for SMMC in 2.7s
[05:03:00] 🔄 Identity reset
[05:03:02] 🧠 New identity created
[05:03:02] 🔄 Retry 2/5 for SMMC in 4.7s
[05:03:02] 🔄 Identity reset
[05:03:07] 🧠 New identity created
[05:03:07] 🔄 Retry 3/5 for SMMC in 8.2s
[05:03:07] 🔄 Identity reset
[05:03:15] 🧠 New identity created
[05:03:15] 🔄 Retry 4/5 for SMMC in 16.2s
[05:03:15] 🔄 Identity reset
[05:03:31] 🧠 New identity created
[05:03:32] [247/322] UGKT
[05:03:33] [248/322] JVRM
[05:03:34] [249/322] BATG
[05:03:35] [250/322] RATE
[05:03:35] [251/322] SKME
[05:03:36] [252/322] LMTP
[05:03:37] 🔄 Identity reset
[05:03:37] 🔄 Identity rotated (every 10 requests)
[05:03:37] [253/322] TCBD
[05:03:38] [254/322] ESBD
[05:03:39] [255/322] GDCU
[05:03:40] [256/322] SNKT
[05:03:41] [257/322] SRNK
[05:03:42] [258/322] SMED
[05:03:42] [259/322] CSQS
[05:03:43] [260/322] ALCS
[05:03:44] [261/322] KCKN
[05:03:45] [262/322] VCCL
[05:03:46] 🔄 Identity reset
[05:03:46] 🔄 Identity rotated (every 10 requests)
[05:03:46] [263/322] MCDA
[05:03:47] [264/322] SHMI
[05:03:48] [265/322] SKHA
[05:03:49] [266/322] SVFK
[05:03:50] [267/322] INVB
[05:03:50] [268/322] MELD
[05:03:51] [269/322] JTYS
[05:03:52] [270/322] INCM
[05:03:53] [271/322] MCDV
[05:03:54] [272/322] KSGK
[05:03:54] 🔄 Identity reset
[05:03:54] 🔄 Identity rotated (every 10 requests)
[05:03:54] 🔄 Retry 1/5 for KSGK in 2.3s
[05:03:54] 🔄 Identity reset
[05:03:57] 🧠 New identity created
[05:03:57] [273/322] ICMG
[05:03:58] [274/322] CSCV
[05:03:59] [275/322] STMD
[05:04:00] [276/322] STTR
[05:04:01] [277/322] INVC
[05:04:01] [278/322] JTBL
[05:04:03] [279/322] SRVV
[05:04:04] [280/322] MAVC
[05:04:05] [281/322] SRPP
[05:04:06] 🔄 Identity reset
[05:04:06] 🔄 Identity rotated (every 10 requests)
[05:04:06] [282/322] JGDM
[05:04:07] [283/322] MBSJ
[05:04:08] [284/322] SSLL
[05:04:09] [285/322] SLKP
[05:04:10] [286/322] NSRV
[05:04:11] [287/322] UTDV
[05:04:12] [288/322] KICM
[05:04:13] [289/322] KCMD
[05:04:14] [290/322] TTPP
[05:04:14] [291/322] KMPV
[05:04:15] 🔄 Identity reset
[05:04:15] 🔄 Identity rotated (every 10 requests)
[05:04:15] 🔄 Retry 1/5 for KMPV in 2.6s
[05:04:15] 🔄 Identity reset
[05:04:18] 🧠 New identity created
[05:04:18] [292/322] SKTV
[05:04:19] [293/322] STCV
[05:04:20] [294/322] SRDA
[05:04:20] [295/322] JTSX
[05:04:21] [296/322] STBV
[05:04:22] [297/322] APVZ
[05:04:23] [298/322] GSTV
[05:04:24] [299/322] NMVS
[05:04:25] [300/322] SKRT
[05:04:25] 🔄 Identity reset
[05:04:25] 🔄 Identity rotated (every 10 requests)
[05:04:26] [301/322] RMDV
[05:04:26] [302/322] RATG
[05:04:27] [303/322] SJYV
[05:04:29] [304/322] NDGP
[05:04:30] [305/322] SNDG
[05:04:31] [306/322] INSR
[05:04:31] [307/322] INSO
[05:04:32] [308/322] CCSI
[05:04:33] [309/322] RASM
[05:04:34] [310/322] NEWC
[05:04:34] 🔄 Identity reset
[05:04:34] 🔄 Identity rotated (every 10 requests)
[05:04:35] [311/322] VSHL
[05:04:36] [312/322] BISW
[05:04:36] [313/322] GCNG
[05:04:37] [314/322] CWSC
[05:04:39] [315/322] SKAN
[05:04:40] [316/322] CCOA
[05:04:40] [317/322] MCAJ
[05:04:41] [318/322] ACDE
[05:04:42] [319/322] AACM
[05:04:43] [320/322] JJCK
[05:04:44] 🔄 Identity reset
[05:04:44] 🔄 Identity rotated (every 10 requests)
[05:04:45] [321/322] RCMO
[05:04:46] [322/322] GDAW
[05:04:47] 🧹 Deduping shows
[05:04:47] ✅ DONE | Shows=541 | Movies=22
[08:28:19] 🚀 SCRIPT STARTED (enhanced anti‑detection)
[08:28:19] [1/322] CDCA
[08:28:20] 🧠 New identity created
[08:28:20] 🔄 Retry 1/5 for CDCA in 2.3s
[08:28:20] 🔄 Identity reset
[08:28:23] 🧠 New identity created
[08:28:23] [2/322] VBCZ
[08:28:24] [3/322] MSDR
[08:28:24] [4/322] ACPV
[08:28:25] [5/322] PVHB
[08:28:26] [6/322] RCNH
[08:28:27] [7/322] IOMH
[08:28:27] [8/322] ILKS
[08:28:28] [9/322] AMSN
[08:28:29] 🔄 Identity reset
[08:28:29] 🔄 Identity rotated (every 10 requests)
[08:28:29] [10/322] ANTP
[08:28:30] [11/322] SSEK
[08:28:31] [12/322] PICP
[08:28:32] [13/322] SICO
[08:28:33] [14/322] SISP
[08:28:34] [15/322] SCPI
[08:28:35] [16/322] CRPR
[08:28:36] [17/322] DCTW
[08:28:37] [18/322] DCSP
[08:28:38] [19/322] KRPM
[08:28:38] 🔄 Identity reset
[08:28:38] 🔄 Identity rotated (every 10 requests)
[08:28:38] 🔄 Retry 1/5 for KRPM in 2.8s
[08:28:38] 🔄 Identity reset
[08:28:41] 🧠 New identity created
[08:28:41] [20/322] THKK
[08:28:42] [21/322] SNMY
[08:28:43] [22/322] AKCC
[08:28:44] [23/322] PCAT
[08:28:46] [24/322] RFGO
[08:28:47] [25/322] GGCS
[08:28:48] [26/322] ACKR
[08:28:48] [27/322] STDO
[08:28:49] [28/322] ACKB
[08:28:50] 🔄 Identity reset
[08:28:50] 🔄 Identity rotated (every 10 requests)
[08:28:50] [29/322] ALUC
[08:28:51] [30/322] MNSR
[08:28:52] [31/322] CSSL
[08:28:53] [32/322] BGGM
[08:28:53] [33/322] MANT
[08:28:54] [34/322] SOOY
[08:28:55] [35/322] VPPK
[08:28:56] [36/322] MYHJ
[08:28:57] [37/322] KSCK
[08:28:58] [38/322] KATK
[08:28:58] 🔄 Identity reset
[08:28:58] 🔄 Identity rotated (every 10 requests)
[08:28:59] [39/322] RTRT
[08:29:00] [40/322] SSTT
[08:29:00] [41/322] SSTV
[08:29:01] [42/322] LACM
[08:29:02] [43/322] SGMG
[08:29:03] [44/322] KACX
[08:29:04] [45/322] GVCP
[08:29:05] [46/322] CSNC
[08:29:05] [47/322] SXCB
[08:29:06] [48/322] BAHS
[08:29:07] 🔄 Identity reset
[08:29:07] 🔄 Identity rotated (every 10 requests)
[08:29:07] 🔄 Retry 1/5 for BAHS in 2.4s
[08:29:07] 🔄 Identity reset
[08:29:09] 🧠 New identity created
[08:29:10] [49/322] PCBI
[08:29:11] [50/322] PSSM
[08:29:11] [51/322] RCOK
[08:29:12] [52/322] SCPF
[08:29:13] [53/322] SSAS
[08:29:14] [54/322] EVMM
[08:29:15] [55/322] SYCB
[08:29:16] [56/322] GCKI
[08:29:17] [57/322] IAET
[08:29:18] 🔄 Identity reset
[08:29:18] 🔄 Identity rotated (every 10 requests)
[08:29:18] [58/322] DDTD
[08:29:19] [59/322] GMDH
[08:29:20] [60/322] STLE
[08:29:21] [61/322] JTRA
[08:29:22] [62/322] RPPA
[08:29:22] [63/322] ARUT
[08:29:23] [64/322] JTVM
[08:29:24] [65/322] SWRH
[08:29:25] [66/322] DCPC
[08:29:26] [67/322] RAPR
[08:29:26] 🔄 Identity reset
[08:29:27] 🔄 Identity rotated (every 10 requests)
[08:29:27] 🔄 Retry 1/5 for RAPR in 2.2s
[08:29:27] 🔄 Identity reset
[08:29:29] 🧠 New identity created
[08:29:29] [68/322] GCRT
[08:29:30] [69/322] ATUN
[08:29:31] [70/322] LTRM
[08:29:32] [71/322] TASR
[08:29:33] [72/322] RLLC
[08:29:34] [73/322] MABI
[08:29:35] [74/322] SVHB
[08:29:37] [75/322] NVTB
[08:29:38] [76/322] KCKG
[08:29:38] 🔄 Identity reset
[08:29:38] 🔄 Identity rotated (every 10 requests)
[08:29:39] [77/322] SSRN
[08:29:39] [78/322] VDDC
[08:29:40] [79/322] GKTK
[08:29:41] [80/322] YFSN
[08:29:42] [81/322] GCSG
[08:29:43] [82/322] ESSM
[08:29:44] [83/322] KRIH
[08:29:45] [84/322] GCDS
[08:29:46] [85/322] CCSH
[08:29:47] [86/322] ACSK
[08:29:48] 🔄 Identity reset
[08:29:48] 🔄 Identity rotated (every 10 requests)
[08:29:48] [87/322] APRK
[08:29:49] [88/322] ADKM
[08:29:50] [89/322] SRDM
[08:29:51] [90/322] SJMY
[08:29:52] [91/322] PGGC
[08:29:53] [92/322] INGM
[08:29:53] [93/322] LSCB
[08:29:54] [94/322] STAD
[08:29:55] [95/322] MCCR
[08:29:56] [96/322] ABCC
[08:29:57] 🔄 Identity reset
[08:29:57] 🔄 Identity rotated (every 10 requests)
[08:29:57] 🔄 Retry 1/5 for ABCC in 3.0s
[08:29:57] 🔄 Identity reset
[08:30:00] 🧠 New identity created
[08:30:00] 🔄 Retry 2/5 for ABCC in 4.6s
[08:30:00] 🔄 Identity reset
[08:30:04] 🧠 New identity created
[08:30:05] [97/322] RKCC
[08:30:06] [98/322] RTCR
[08:30:06] [99/322] GGBC
[08:30:08] [100/322] GCSD
[08:30:09] [101/322] LPTY
[08:30:10] [102/322] MCFD
[08:30:10] [103/322] HENN
[08:30:11] [104/322] SMKU
[08:30:12] 🔄 Identity reset
[08:30:12] 🔄 Identity rotated (every 10 requests)
[08:30:12] 🔄 Retry 1/5 for SMKU in 2.7s
[08:30:12] 🔄 Identity reset
[08:30:14] 🧠 New identity created
[08:30:15] [105/322] TNZC
[08:30:15] [106/322] DRCD
[08:30:17] [107/322] DLCD
[08:30:18] [108/322] RCDA
[08:30:19] [109/322] COSM
[08:30:20] [110/322] MCMJ
[08:30:20] [111/322] CSTR
[08:30:21] [112/322] CVDK
[08:30:22] [113/322] INRR
[08:30:23] 🔄 Identity reset
[08:30:23] 🔄 Identity rotated (every 10 requests)
[08:30:23] 🔄 Retry 1/5 for INRR in 2.0s
[08:30:23] 🔄 Identity reset
[08:30:25] 🧠 New identity created
[08:30:25] 🔄 Retry 2/5 for INRR in 4.7s
[08:30:25] 🔄 Identity reset
[08:30:30] 🧠 New identity created
[08:30:30] [114/322] RJRT
[08:30:31] [115/322] IRMR
[08:30:32] [116/322] SRCF
[08:30:33] [117/322] GRCR
[08:30:34] [118/322] SURC
[08:30:35] [119/322] NMNH
[08:30:36] [120/322] SVBL
[08:30:37] [121/322] KACI
[08:30:37] 🔄 Identity reset
[08:30:37] 🔄 Identity rotated (every 10 requests)
[08:30:37] [122/322] TDGO
[08:30:38] [123/322] KTBR
[08:30:39] [124/322] PMAD
[08:30:40] [125/322] CCPN
[08:30:41] [126/322] SBTK
[08:30:43] [127/322] LMDK
[08:30:43] [128/322] PGDA
[08:30:44] [129/322] SRML
[08:30:45] [130/322] EVCK
[08:30:46] [131/322] RTTK
[08:30:47] 🔄 Identity reset
[08:30:47] 🔄 Identity rotated (every 10 requests)
[08:30:47] [132/322] SRTU
[08:30:48] [133/322] VRSA
[08:30:49] [134/322] VARS
[08:30:50] [135/322] DSCZ
[08:30:50] [136/322] GAGA
[08:30:51] [137/322] SARV
[08:30:52] [138/322] SEEG
[08:30:53] [139/322] GLCA
[08:30:54] [140/322] APAS
[08:30:55] [141/322] VCIA
[08:30:55] 🔄 Identity reset
[08:30:55] 🔄 Identity rotated (every 10 requests)
[08:30:56] [142/322] SJTA
[08:30:56] [143/322] SABM
[08:30:57] [144/322] PPAG
[08:30:58] [145/322] RVCA
[08:30:59] [146/322] CCIA
[08:30:59] [147/322] HTAG
[08:31:00] [148/322] SMBI
[08:31:02] [149/322] MCJR
[08:31:03] [150/322] CCJR
[08:31:03] [151/322] SINF
[08:31:04] 🔄 Identity reset
[08:31:04] 🔄 Identity rotated (every 10 requests)
[08:31:04] 🔄 Retry 1/5 for SINF in 2.1s
[08:31:04] 🔄 Identity reset
[08:31:06] 🧠 New identity created
[08:31:07] [152/322] CPLX
[08:31:07] [153/322] KKTJ
[08:31:09] [154/322] GDBW
[08:31:09] [155/322] CSUB
[08:31:10] [156/322] DABA
[08:31:11] [157/322] TITR
[08:31:12] [158/322] NYCR
[08:31:13] [159/322] RTRY
[08:31:14] [160/322] JTJL
[08:31:14] 🔄 Identity reset
[08:31:14] 🔄 Identity rotated (every 10 requests)
[08:31:14] [161/322] SJCP
[08:31:15] [162/322] KCCA
[08:31:16] [163/322] MLPG
[08:31:17] [164/322] VRCK
[08:31:17] [165/322] SRIN
[08:31:18] [166/322] CXMK
[08:31:19] [167/322] SKAD
[08:31:20] [168/322] AVTR
[08:31:20] [169/322] PTAJ
[08:31:21] [170/322] SCNK
[08:31:22] 🔄 Identity reset
[08:31:22] 🔄 Identity rotated (every 10 requests)
[08:31:22] [171/322] STTI
[08:31:23] [172/322] KACR
[08:31:24] [173/322] SSDX
[08:31:25] [174/322] VRTJ
[08:31:25] [175/322] RAJD
[08:31:26] [176/322] SCIP
[08:31:27] [177/322] RJSL
[08:31:28] [178/322] ARRS
[08:31:29] [179/322] ASMS
[08:31:30] [180/322] RDTS
[08:31:30] 🔄 Identity reset
[08:31:30] 🔄 Identity rotated (every 10 requests)
[08:31:30] 🔄 Retry 1/5 for RDTS in 2.7s
[08:31:30] 🔄 Identity reset
[08:31:33] 🧠 New identity created
[08:31:33] [181/322] DVMY
[08:31:34] [182/322] RASA
[08:31:35] [183/322] INOM
[08:31:36] [184/322] SPRS
[08:31:37] [185/322] SGCS
[08:31:38] [186/322] SALM
[08:31:39] [187/322] PKHC
[08:31:40] [188/322] RCSV
[08:31:41] [189/322] CPKC
[08:31:42] 🔄 Identity reset
[08:31:42] 🔄 Identity rotated (every 10 requests)
[08:31:42] [190/322] AACD
[08:31:43] [191/322] GGCV
[08:31:44] [192/322] SMKD
[08:31:45] [193/322] NBCH
[08:31:45] [194/322] AMCB
[08:31:46] [195/322] OPCN
[08:31:47] [196/322] DCIN
[08:31:48] [197/322] INGW
[08:31:49] [198/322] PKKW
[08:31:49] [199/322] FNGW
[08:31:50] 🔄 Identity reset
[08:31:50] 🔄 Identity rotated (every 10 requests)
[08:31:50] 🔄 Retry 1/5 for FNGW in 2.5s
[08:31:50] 🔄 Identity reset
[08:31:53] 🧠 New identity created
[08:31:53] [200/322] GCGD
[08:31:54] [201/322] MSTW
[08:31:55] [202/322] KCCG
[08:31:56] [203/322] MRSS
[08:31:56] [204/322] CLCF
[08:31:57] [205/322] EETS
[08:31:58] [206/322] AATR
[08:31:59] [207/322] CMMN
[08:32:00] [208/322] SCCJ
[08:32:01] 🔄 Identity reset
[08:32:01] 🔄 Identity rotated (every 10 requests)
[08:32:01] [209/322] CDTK
[08:32:02] [210/322] AICP
[08:32:03] [211/322] FNBP
[08:32:04] [212/322] CBPB
[08:32:05] [213/322] CPAS
[08:32:06] [214/322] MAPM
[08:32:06] [215/322] PASD
[08:32:07] [216/322] JCMN
[08:32:08] [217/322] MALB
[08:32:09] [218/322] SACG
[08:32:10] 🔄 Identity reset
[08:32:10] 🔄 Identity rotated (every 10 requests)
[08:32:10] [219/322] DDRX
[08:32:11] [220/322] DDXB
[08:32:12] [221/322] RAMC
[08:32:13] [222/322] SANC
[08:32:13] [223/322] BCBP
[08:32:14] [224/322] ALPC
[08:32:15] [225/322] RBAC
[08:32:16] [226/322] RAJL
[08:32:17] [227/322] MPDX
[08:32:18] [228/322] MUSC
[08:32:19] 🔄 Identity reset
[08:32:19] 🔄 Identity rotated (every 10 requests)
[08:32:19] [229/322] VKMK
[08:32:20] [230/322] SKCG
[08:32:21] [231/322] ANCN
[08:32:22] [232/322] MMCJ
[08:32:23] [233/322] DCAK
[08:32:23] [234/322] SCKG
[08:32:24] [235/322] LMCK
[08:32:25] [236/322] CKKX
[08:32:26] [237/322] ANKU
[08:32:27] [238/322] CSMD
[08:32:28] 🔄 Identity reset
[08:32:28] 🔄 Identity rotated (every 10 requests)
[08:32:28] 🔄 Retry 1/5 for CSMD in 2.7s
[08:32:28] 🔄 Identity reset
[08:32:30] 🧠 New identity created
[08:32:31] [239/322] MKMP
[08:32:32] [240/322] SVBG
[08:32:33] [241/322] ROOP
[08:32:33] [242/322] GDMT
[08:32:34] [243/322] FPPF
[08:32:35] [244/322] SFUU
[08:32:36] [245/322] ANCB
[08:32:37] [246/322] SMMC
[08:32:38] [247/322] UGKT
[08:32:38] 🔄 Identity reset
[08:32:38] 🔄 Identity rotated (every 10 requests)
[08:32:38] 🔄 Retry 1/5 for UGKT in 2.9s
[08:32:38] 🔄 Identity reset
[08:32:41] 🧠 New identity created
[08:32:41] 🔄 Retry 2/5 for UGKT in 4.5s
[08:32:41] 🔄 Identity reset
[08:32:46] 🧠 New identity created
[08:32:46] [248/322] JVRM
[08:32:47] [249/322] BATG
[08:32:48] [250/322] RATE
[08:32:49] [251/322] SKME
[08:32:50] [252/322] LMTP
[08:32:51] [253/322] TCBD
[08:32:52] [254/322] ESBD
[08:32:53] [255/322] GDCU
[08:32:53] 🔄 Identity reset
[08:32:53] 🔄 Identity rotated (every 10 requests)
[08:32:54] [256/322] SNKT
[08:32:54] [257/322] SRNK
[08:32:55] [258/322] SMED
[08:32:56] [259/322] CSQS
[08:32:57] [260/322] ALCS
[08:32:58] [261/322] KCKN
[08:32:59] [262/322] VCCL
[08:32:59] [263/322] MCDA
[08:33:00] [264/322] SHMI
[08:33:01] [265/322] SKHA
[08:33:02] 🔄 Identity reset
[08:33:02] 🔄 Identity rotated (every 10 requests)
[08:33:02] [266/322] SVFK
[08:33:03] [267/322] INVB
[08:33:03] [268/322] MELD
[08:33:04] [269/322] JTYS
[08:33:05] [270/322] INCM
[08:33:06] [271/322] MCDV
[08:33:07] [272/322] KSGK
[08:33:07] [273/322] ICMG
[08:33:08] [274/322] CSCV
[08:33:09] [275/322] STMD
[08:33:10] 🔄 Identity reset
[08:33:10] 🔄 Identity rotated (every 10 requests)
[08:33:10] 🔄 Retry 1/5 for STMD in 2.3s
[08:33:10] 🔄 Identity reset
[08:33:12] 🧠 New identity created
[08:33:13] [276/322] STTR
[08:33:13] [277/322] INVC
[08:33:14] [278/322] JTBL
[08:33:16] [279/322] SRVV
[08:33:17] [280/322] MAVC
[08:33:17] [281/322] SRPP
[08:33:18] [282/322] JGDM
[08:33:19] [283/322] MBSJ
[08:33:20] [284/322] SSLL
[08:33:21] 🔄 Identity reset
[08:33:21] 🔄 Identity rotated (every 10 requests)
[08:33:21] 🔄 Retry 1/5 for SSLL in 2.5s
[08:33:21] 🔄 Identity reset
[08:33:23] 🧠 New identity created
[08:33:23] [285/322] SLKP
[08:33:24] [286/322] NSRV
[08:33:25] [287/322] UTDV
[08:33:26] [288/322] KICM
[08:33:27] [289/322] KCMD
[08:33:28] [290/322] TTPP
[08:33:29] [291/322] KMPV
[08:33:30] [292/322] SKTV
[08:33:31] [293/322] STCV
[08:33:32] 🔄 Identity reset
[08:33:32] 🔄 Identity rotated (every 10 requests)
[08:33:32] 🔄 Retry 1/5 for STCV in 2.4s
[08:33:32] 🔄 Identity reset
[08:33:34] 🧠 New identity created
[08:33:34] 🔄 Retry 2/5 for STCV in 4.7s
[08:33:34] 🔄 Identity reset
[08:33:39] 🧠 New identity created
[08:33:39] [294/322] SRDA
[08:33:40] [295/322] JTSX
[08:33:41] [296/322] STBV
[08:33:42] [297/322] APVZ
[08:33:43] [298/322] GSTV
[08:33:43] [299/322] NMVS
[08:33:44] [300/322] SKRT
[08:33:45] [301/322] RMDV
[08:33:46] 🔄 Identity reset
[08:33:46] 🔄 Identity rotated (every 10 requests)
[08:33:46] 🔄 Retry 1/5 for RMDV in 2.6s
[08:33:46] 🔄 Identity reset
[08:33:48] 🧠 New identity created
[08:33:49] [302/322] RATG
[08:33:49] [303/322] SJYV
[08:33:50] [304/322] NDGP
[08:33:51] [305/322] SNDG
[08:33:52] [306/322] INSR
[08:33:53] [307/322] INSO
[08:33:54] [308/322] CCSI
[08:33:54] [309/322] RASM
[08:33:55] [310/322] NEWC
[08:33:56] 🔄 Identity reset
[08:33:56] 🔄 Identity rotated (every 10 requests)
[08:33:56] [311/322] VSHL
[08:33:57] [312/322] BISW
[08:33:58] [313/322] GCNG
[08:33:59] [314/322] CWSC
[08:34:01] [315/322] SKAN
[08:34:02] [316/322] CCOA
[08:34:03] [317/322] MCAJ
[08:34:04] [318/322] ACDE
[08:34:05] [319/322] AACM
[08:34:06] [320/322] JJCK
[08:34:06] 🔄 Identity reset
[08:34:06] 🔄 Identity rotated (every 10 requests)
[08:34:07] [321/322] RCMO
[08:34:07] [322/322] GDAW
[08:34:08] 🧹 Deduping shows
[08:34:08] ✅ DONE | Shows=541 | Movies=22
[12:19:50] 🚀 SCRIPT STARTED (enhanced anti‑detection)
[12:19:50] [1/322] CDCA
[12:19:50] 🧠 New identity created
[12:19:51] [2/322] VBCZ
[12:19:51] [3/322] MSDR
[12:19:52] [4/322] ACPV
[12:19:53] [5/322] PVHB
[12:19:55] [6/322] RCNH
[12:19:56] [7/322] IOMH
[12:19:56] [8/322] ILKS
[12:19:57] [9/322] AMSN
[12:19:58] [10/322] ANTP
[12:19:59] 🔄 Identity reset
[12:19:59] 🔄 Identity rotated (every 10 requests)
[12:19:59] [11/322] SSEK
[12:20:00] [12/322] PICP
[12:20:01] [13/322] SICO
[12:20:02] [14/322] SISP
[12:20:03] [15/322] SCPI
[12:20:04] [16/322] CRPR
[12:20:04] [17/322] DCTW
[12:20:05] [18/322] DCSP
[12:20:06] [19/322] KRPM
[12:20:07] [20/322] THKK
[12:20:08] 🔄 Identity reset
[12:20:08] 🔄 Identity rotated (every 10 requests)
[12:20:08] 🔄 Retry 1/5 for THKK in 2.3s
[12:20:08] 🔄 Identity reset
[12:20:10] 🧠 New identity created
[12:20:10] 🔄 Retry 2/5 for THKK in 5.0s
[12:20:10] 🔄 Identity reset
[12:20:15] 🧠 New identity created
[12:20:15] [21/322] SNMY
[12:20:16] [22/322] AKCC
[12:20:17] [23/322] PCAT
[12:20:18] [24/322] RFGO
[12:20:18] [25/322] GGCS
[12:20:19] [26/322] ACKR
[12:20:20] [27/322] STDO
[12:20:21] [28/322] ACKB
[12:20:21] 🔄 Identity reset
[12:20:21] 🔄 Identity rotated (every 10 requests)
[12:20:22] [29/322] ALUC
[12:20:23] [30/322] MNSR
[12:20:24] [31/322] CSSL
[12:20:25] [32/322] BGGM
[12:20:25] [33/322] MANT
[12:20:26] [34/322] SOOY
[12:20:27] [35/322] VPPK
[12:20:28] [36/322] MYHJ
[12:20:29] [37/322] KSCK
[12:20:30] [38/322] KATK
[12:20:30] 🔄 Identity reset
[12:20:30] 🔄 Identity rotated (every 10 requests)
[12:20:30] [39/322] RTRT
[12:20:31] [40/322] SSTT
[12:20:32] [41/322] SSTV
[12:20:33] [42/322] LACM
[12:20:34] [43/322] SGMG
[12:20:35] [44/322] KACX
[12:20:36] [45/322] GVCP
[12:20:36] [46/322] CSNC
[12:20:37] [47/322] SXCB
[12:20:38] [48/322] BAHS
[12:20:39] 🔄 Identity reset
[12:20:39] 🔄 Identity rotated (every 10 requests)
[12:20:39] 🔄 Retry 1/5 for BAHS in 2.4s
[12:20:39] 🔄 Identity reset
[12:20:41] 🧠 New identity created
[12:20:41] [49/322] PCBI
[12:20:42] [50/322] PSSM
[12:20:43] [51/322] RCOK
[12:20:44] [52/322] SCPF
[12:20:45] [53/322] SSAS
[12:20:46] [54/322] EVMM
[12:20:47] [55/322] SYCB
[12:20:47] [56/322] GCKI
[12:20:48] [57/322] IAET
[12:20:49] 🔄 Identity reset
[12:20:49] 🔄 Identity rotated (every 10 requests)
[12:20:49] [58/322] DDTD
[12:20:50] [59/322] GMDH
[12:20:51] [60/322] STLE
[12:20:52] [61/322] JTRA
[12:20:52] [62/322] RPPA
[12:20:53] [63/322] ARUT
[12:20:54] [64/322] JTVM
[12:20:55] [65/322] SWRH
[12:20:56] [66/322] DCPC
[12:20:57] [67/322] RAPR
[12:20:57] 🔄 Identity reset
[12:20:57] 🔄 Identity rotated (every 10 requests)
[12:20:58] [68/322] GCRT
[12:20:58] [69/322] ATUN
[12:20:59] [70/322] LTRM
[12:21:00] [71/322] TASR
[12:21:01] [72/322] RLLC
[12:21:02] [73/322] MABI
[12:21:03] [74/322] SVHB
[12:21:03] [75/322] NVTB
[12:21:04] [76/322] KCKG
[12:21:05] [77/322] SSRN
[12:21:06] 🔄 Identity reset
[12:21:06] 🔄 Identity rotated (every 10 requests)
[12:21:06] [78/322] VDDC
[12:21:07] [79/322] GKTK
[12:21:08] [80/322] YFSN
[12:21:09] [81/322] GCSG
[12:21:10] [82/322] ESSM
[12:21:10] [83/322] KRIH
[12:21:11] [84/322] GCDS
[12:21:12] [85/322] CCSH
[12:21:13] [86/322] ACSK
[12:21:14] [87/322] APRK
[12:21:14] 🔄 Identity reset
[12:21:14] 🔄 Identity rotated (every 10 requests)
[12:21:14] 🔄 Retry 1/5 for APRK in 2.4s
[12:21:14] 🔄 Identity reset
[12:21:17] 🧠 New identity created
[12:21:17] 🔄 Retry 2/5 for APRK in 4.6s
[12:21:17] 🔄 Identity reset
[12:21:22] 🧠 New identity created
[12:21:22] 🔄 Retry 3/5 for APRK in 8.6s
[12:21:22] 🔄 Identity reset
[12:21:30] 🧠 New identity created
[12:21:31] [88/322] ADKM
[12:21:31] [89/322] SRDM
[12:21:32] [90/322] SJMY
[12:21:33] [91/322] PGGC
[12:21:35] [92/322] INGM
[12:21:36] [93/322] LSCB
[12:21:37] [94/322] STAD
[12:21:37] 🔄 Identity reset
[12:21:37] 🔄 Identity rotated (every 10 requests)
[12:21:37] [95/322] MCCR
[12:21:38] [96/322] ABCC
[12:21:39] [97/322] RKCC
[12:21:40] [98/322] RTCR
[12:21:41] [99/322] GGBC
[12:21:42] [100/322] GCSD
[12:21:43] [101/322] LPTY
[12:21:43] [102/322] MCFD
[12:21:44] [103/322] HENN
[12:21:45] [104/322] SMKU
[12:21:46] 🔄 Identity reset
[12:21:46] 🔄 Identity rotated (every 10 requests)
[12:21:47] [105/322] TNZC
[12:21:48] [106/322] DRCD
[12:21:49] [107/322] DLCD
[12:21:49] [108/322] RCDA
[12:21:50] [109/322] COSM
[12:21:51] [110/322] MCMJ
[12:21:52] [111/322] CSTR
[12:21:53] [112/322] CVDK
[12:21:53] [113/322] INRR
[12:21:54] [114/322] RJRT
[12:21:55] 🔄 Identity reset
[12:21:55] 🔄 Identity rotated (every 10 requests)
[12:21:55] 🔄 Retry 1/5 for RJRT in 3.0s
[12:21:55] 🔄 Identity reset
[12:21:58] 🧠 New identity created
[12:21:58] [115/322] IRMR
[12:21:59] [116/322] SRCF
[12:22:00] [117/322] GRCR
[12:22:01] [118/322] SURC
[12:22:02] [119/322] NMNH
[12:22:04] [120/322] SVBL
[12:22:04] [121/322] KACI
[12:22:05] [122/322] TDGO
[12:22:06] [123/322] KTBR
[12:22:07] 🔄 Identity reset
[12:22:07] 🔄 Identity rotated (every 10 requests)
[12:22:07] [124/322] PMAD
[12:22:08] [125/322] CCPN
[12:22:09] [126/322] SBTK
[12:22:10] [127/322] LMDK
[12:22:11] [128/322] PGDA
[12:22:12] [129/322] SRML
[12:22:12] [130/322] EVCK
[12:22:13] [131/322] RTTK
[12:22:14] [132/322] SRTU
[12:22:15] [133/322] VRSA
[12:22:16] 🔄 Identity reset
[12:22:16] 🔄 Identity rotated (every 10 requests)
[12:22:16] 🔄 Retry 1/5 for VRSA in 2.7s
[12:22:16] 🔄 Identity reset
[12:22:19] 🧠 New identity created
[12:22:19] 🔄 Retry 2/5 for VRSA in 4.8s
[12:22:19] 🔄 Identity reset
[12:22:23] 🧠 New identity created
[12:22:24] [134/322] VARS
[12:22:25] [135/322] DSCZ
[12:22:25] [136/322] GAGA
[12:22:26] [137/322] SARV
[12:22:27] [138/322] SEEG
[12:22:28] [139/322] GLCA
[12:22:29] [140/322] APAS
[12:22:29] [141/322] VCIA
[12:22:30] 🔄 Identity reset
[12:22:30] 🔄 Identity rotated (every 10 requests)
[12:22:30] [142/322] SJTA
[12:22:31] [143/322] SABM
[12:22:32] [144/322] PPAG
[12:22:33] [145/322] RVCA
[12:22:34] [146/322] CCIA
[12:22:35] [147/322] HTAG
[12:22:36] [148/322] SMBI
[12:22:36] [149/322] MCJR
[12:22:37] [150/322] CCJR
[12:22:38] [151/322] SINF
[12:22:39] 🔄 Identity reset
[12:22:39] 🔄 Identity rotated (every 10 requests)
[12:22:39] [152/322] CPLX
[12:22:40] [153/322] KKTJ
[12:22:41] [154/322] GDBW
[12:22:41] [155/322] CSUB
[12:22:42] [156/322] DABA
[12:22:43] [157/322] TITR
[12:22:44] [158/322] NYCR
[12:22:45] [159/322] RTRY
[12:22:46] [160/322] JTJL
[12:22:46] [161/322] SJCP
[12:22:47] 🔄 Identity reset
[12:22:47] 🔄 Identity rotated (every 10 requests)
[12:22:47] 🔄 Retry 1/5 for SJCP in 2.2s
[12:22:47] 🔄 Identity reset
[12:22:49] 🧠 New identity created
[12:22:49] 🔄 Retry 2/5 for SJCP in 4.1s
[12:22:49] 🔄 Identity reset
[12:22:54] 🧠 New identity created
[12:22:54] 🔄 Retry 3/5 for SJCP in 8.8s
[12:22:54] 🔄 Identity reset
[12:23:02] 🧠 New identity created
[12:23:03] [162/322] KCCA
[12:23:03] [163/322] MLPG
[12:23:05] [164/322] VRCK
[12:23:06] [165/322] SRIN
[12:23:08] [166/322] CXMK
[12:23:08] [167/322] SKAD
[12:23:09] [168/322] AVTR
[12:23:10] 🔄 Identity reset
[12:23:10] 🔄 Identity rotated (every 10 requests)
[12:23:10] [169/322] PTAJ
[12:23:11] [170/322] SCNK
[12:23:12] [171/322] STTI
[12:23:13] [172/322] KACR
[12:23:14] [173/322] SSDX
[12:23:15] [174/322] VRTJ
[12:23:16] [175/322] RAJD
[12:23:17] [176/322] SCIP
[12:23:18] [177/322] RJSL
[12:23:19] [178/322] ARRS
[12:23:20] 🔄 Identity reset
[12:23:20] 🔄 Identity rotated (every 10 requests)
[12:23:20] 🔄 Retry 1/5 for ARRS in 3.0s
[12:23:20] 🔄 Identity reset
[12:23:23] 🧠 New identity created
[12:23:23] [179/322] ASMS
[12:23:24] [180/322] RDTS
[12:23:25] [181/322] DVMY
[12:23:26] [182/322] RASA
[12:23:27] [183/322] INOM
[12:23:28] [184/322] SPRS
[12:23:29] [185/322] SGCS
[12:23:30] [186/322] SALM
[12:23:31] [187/322] PKHC
[12:23:32] 🔄 Identity reset
[12:23:32] 🔄 Identity rotated (every 10 requests)
[12:23:32] [188/322] RCSV
[12:23:33] [189/322] CPKC
[12:23:33] [190/322] AACD
[12:23:34] [191/322] GGCV
[12:23:36] [192/322] SMKD
[12:23:37] [193/322] NBCH
[12:23:38] [194/322] AMCB
[12:23:38] [195/322] OPCN
[12:23:39] [196/322] DCIN
[12:23:40] [197/322] INGW
[12:23:41] 🔄 Identity reset
[12:23:41] 🔄 Identity rotated (every 10 requests)
[12:23:41] [198/322] PKKW
[12:23:42] [199/322] FNGW
[12:23:43] [200/322] GCGD
[12:23:44] [201/322] MSTW
[12:23:45] [202/322] KCCG
[12:23:46] [203/322] MRSS
[12:23:47] [204/322] CLCF
[12:23:47] [205/322] EETS
[12:23:48] [206/322] AATR
[12:23:49] [207/322] CMMN
[12:23:50] 🔄 Identity reset
[12:23:50] 🔄 Identity rotated (every 10 requests)
[12:23:50] 🔄 Retry 1/5 for CMMN in 2.1s
[12:23:50] 🔄 Identity reset
[12:23:52] 🧠 New identity created
[12:23:52] 🔄 Retry 2/5 for CMMN in 4.8s
[12:23:52] 🔄 Identity reset
[12:23:57] 🧠 New identity created
[12:23:57] 🔄 Retry 3/5 for CMMN in 8.4s
[12:23:57] 🔄 Identity reset
[12:24:05] 🧠 New identity created
[12:24:06] [208/322] SCCJ
[12:24:06] [209/322] CDTK
[12:24:07] [210/322] AICP
[12:24:08] [211/322] FNBP
[12:24:10] [212/322] CBPB
[12:24:10] [213/322] CPAS
[12:24:11] [214/322] MAPM
[12:24:12] 🔄 Identity reset
[12:24:12] 🔄 Identity rotated (every 10 requests)
[12:24:12] [215/322] PASD
[12:24:13] [216/322] JCMN
[12:24:14] [217/322] MALB
[12:24:15] [218/322] SACG
[12:24:16] [219/322] DDRX
[12:24:17] [220/322] DDXB
[12:24:18] [221/322] RAMC
[12:24:19] [222/322] SANC
[12:24:20] [223/322] BCBP
[12:24:21] [224/322] ALPC
[12:24:21] 🔄 Identity reset
[12:24:21] 🔄 Identity rotated (every 10 requests)
[12:24:22] [225/322] RBAC
[12:24:23] [226/322] RAJL
[12:24:24] [227/322] MPDX
[12:24:25] [228/322] MUSC
[12:24:26] [229/322] VKMK
[12:24:26] [230/322] SKCG
[12:24:27] [231/322] ANCN
[12:24:28] [232/322] MMCJ
[12:24:29] [233/322] DCAK
[12:24:30] [234/322] SCKG
[12:24:31] 🔄 Identity reset
[12:24:31] 🔄 Identity rotated (every 10 requests)
[12:24:31] 🔄 Retry 1/5 for SCKG in 2.4s
[12:24:31] 🔄 Identity reset
[12:24:33] 🧠 New identity created
[12:24:34] [235/322] LMCK
[12:24:34] [236/322] CKKX
[12:24:35] [237/322] ANKU
[12:24:36] [238/322] CSMD
[12:24:37] [239/322] MKMP
[12:24:38] [240/322] SVBG
[12:24:39] [241/322] ROOP
[12:24:40] [242/322] GDMT
[12:24:40] [243/322] FPPF
[12:24:41] 🔄 Identity reset
[12:24:41] 🔄 Identity rotated (every 10 requests)
[12:24:41] 🔄 Retry 1/5 for FPPF in 2.6s
[12:24:41] 🔄 Identity reset
[12:24:44] 🧠 New identity created
[12:24:44] [244/322] SFUU
[12:24:45] [245/322] ANCB
[12:24:46] [246/322] SMMC
[12:24:46] [247/322] UGKT
[12:24:47] [248/322] JVRM
[12:24:48] [249/322] BATG
[12:24:49] [250/322] RATE
[12:24:50] [251/322] SKME
[12:24:51] [252/322] LMTP
[12:24:51] 🔄 Identity reset
[12:24:51] 🔄 Identity rotated (every 10 requests)
[12:24:51] 🔄 Retry 1/5 for LMTP in 2.8s
[12:24:51] 🔄 Identity reset
[12:24:54] 🧠 New identity created
[12:24:55] [253/322] TCBD
[12:24:57] [254/322] ESBD
[12:24:58] [255/322] GDCU
[12:24:59] [256/322] SNKT
[12:25:00] [257/322] SRNK
[12:25:01] [258/322] SMED
[12:25:02] [259/322] CSQS
[12:25:03] [260/322] ALCS
[12:25:04] [261/322] KCKN
[12:25:04] 🔄 Identity reset
[12:25:04] 🔄 Identity rotated (every 10 requests)
[12:25:04] 🔄 Retry 1/5 for KCKN in 2.9s
[12:25:04] 🔄 Identity reset
[12:25:07] 🧠 New identity created
[12:25:08] [262/322] VCCL
[12:25:08] [263/322] MCDA
[12:25:09] [264/322] SHMI
[12:25:10] [265/322] SKHA
[12:25:12] [266/322] SVFK
[12:25:13] [267/322] INVB
[12:25:14] [268/322] MELD
[12:25:15] [269/322] JTYS
[12:25:16] [270/322] INCM
[12:25:17] 🔄 Identity reset
[12:25:17] 🔄 Identity rotated (every 10 requests)
[12:25:17] [271/322] MCDV
[12:25:18] [272/322] KSGK
[12:25:19] [273/322] ICMG
[12:25:20] [274/322] CSCV
[12:25:20] [275/322] STMD
[12:25:21] [276/322] STTR
[12:25:22] [277/322] INVC
[12:25:23] [278/322] JTBL
[12:25:24] [279/322] SRVV
[12:25:25] [280/322] MAVC
[12:25:25] 🔄 Identity reset
[12:25:25] 🔄 Identity rotated (every 10 requests)
[12:25:26] [281/322] SRPP
[12:25:27] [282/322] JGDM
[12:25:27] [283/322] MBSJ
[12:25:28] [284/322] SSLL
[12:25:29] [285/322] SLKP
[12:25:30] [286/322] NSRV
[12:25:30] [287/322] UTDV
[12:25:31] [288/322] KICM
[12:25:32] [289/322] KCMD
[12:25:33] [290/322] TTPP
[12:25:33] 🔄 Identity reset
[12:25:33] 🔄 Identity rotated (every 10 requests)
[12:25:34] [291/322] KMPV
[12:25:34] [292/322] SKTV
[12:25:35] [293/322] STCV
[12:25:36] [294/322] SRDA
[12:25:37] [295/322] JTSX
[12:25:38] [296/322] STBV
[12:25:39] [297/322] APVZ
[12:25:40] [298/322] GSTV
[12:25:41] [299/322] NMVS
[12:25:42] [300/322] SKRT
[12:25:42] 🔄 Identity reset
[12:25:42] 🔄 Identity rotated (every 10 requests)
[12:25:43] [301/322] RMDV
[12:25:44] [302/322] RATG
[12:25:44] [303/322] SJYV
[12:25:45] [304/322] NDGP
[12:25:46] [305/322] SNDG
[12:25:47] [306/322] INSR
[12:25:48] [307/322] INSO
[12:25:49] [308/322] CCSI
[12:25:50] [309/322] RASM
[12:25:51] [310/322] NEWC
[12:25:51] 🔄 Identity reset
[12:25:51] 🔄 Identity rotated (every 10 requests)
[12:25:52] [311/322] VSHL
[12:25:53] [312/322] BISW
[12:25:54] [313/322] GCNG
[12:25:55] [314/322] CWSC
[12:25:56] [315/322] SKAN
[12:25:57] [316/322] CCOA
[12:25:58] [317/322] MCAJ
[12:25:59] [318/322] ACDE
[12:26:00] [319/322] AACM
[12:26:01] [320/322] JJCK
[12:26:01] 🔄 Identity reset
[12:26:01] 🔄 Identity rotated (every 10 requests)
[12:26:02] [321/322] RCMO
[12:26:02] [322/322] GDAW
[12:26:03] 🧹 Deduping shows
[12:26:03] ✅ DONE | Shows=567 | Movies=27
[22:03:12] 🚀 SCRIPT STARTED (enhanced anti‑detection)
[22:03:12] [1/322] CDCA
[22:03:12] 🧠 New identity created
[22:03:13] [2/322] VBCZ
[22:03:14] [3/322] MSDR
[22:03:14] [4/322] ACPV
[22:03:15] [5/322] PVHB
[22:03:16] [6/322] RCNH
[22:03:17] [7/322] IOMH
[22:03:18] [8/322] ILKS
[22:03:18] [9/322] AMSN
[22:03:20] [10/322] ANTP
[22:03:20] 🔄 Identity reset
[22:03:20] 🔄 Identity rotated (every 10 requests)
[22:03:21] [11/322] SSEK
[22:03:22] [12/322] PICP
[22:03:22] [13/322] SICO
[22:03:23] [14/322] SISP
[22:03:24] [15/322] SCPI
[22:03:25] [16/322] CRPR
[22:03:26] [17/322] DCTW
[22:03:27] [18/322] DCSP
[22:03:28] [19/322] KRPM
[22:03:29] [20/322] THKK
[22:03:29] 🔄 Identity reset
[22:03:29] 🔄 Identity rotated (every 10 requests)
[22:03:30] [21/322] SNMY
[22:03:31] [22/322] AKCC
[22:03:32] [23/322] PCAT
[22:03:33] [24/322] RFGO
[22:03:34] [25/322] GGCS
[22:03:35] [26/322] ACKR
[22:03:36] [27/322] STDO
[22:03:36] [28/322] ACKB
[22:03:37] [29/322] ALUC
[22:03:38] [30/322] MNSR
[22:03:39] 🔄 Identity reset
[22:03:39] 🔄 Identity rotated (every 10 requests)
[22:03:39] [31/322] CSSL
[22:03:40] [32/322] BGGM
[22:03:42] [33/322] MANT
[22:03:43] [34/322] SOOY
[22:03:43] [35/322] VPPK
[22:03:44] [36/322] MYHJ
[22:03:45] [37/322] KSCK
[22:03:46] [38/322] KATK
[22:03:47] [39/322] RTRT
[22:03:48] [40/322] SSTT
[22:03:48] 🔄 Identity reset
[22:03:48] 🔄 Identity rotated (every 10 requests)
[22:03:49] [41/322] SSTV
[22:03:49] [42/322] LACM
[22:03:50] [43/322] SGMG
[22:03:51] [44/322] KACX
[22:03:52] [45/322] GVCP
[22:03:53] [46/322] CSNC
[22:03:54] [47/322] SXCB
[22:03:55] [48/322] BAHS
[22:03:55] [49/322] PCBI
[22:03:56] [50/322] PSSM
[22:03:57] 🔄 Identity reset
[22:03:57] 🔄 Identity rotated (every 10 requests)
[22:03:57] [51/322] RCOK
[22:03:58] [52/322] SCPF
[22:03:59] [53/322] SSAS
[22:04:00] [54/322] EVMM
[22:04:01] [55/322] SYCB
[22:04:02] [56/322] GCKI
[22:04:03] [57/322] IAET
[22:04:03] [58/322] DDTD
[22:04:04] [59/322] GMDH
[22:04:06] [60/322] STLE
[22:04:06] 🔄 Identity reset
[22:04:06] 🔄 Identity rotated (every 10 requests)
[22:04:07] [61/322] JTRA
[22:04:08] [62/322] RPPA
[22:04:09] [63/322] ARUT
[22:04:10] [64/322] JTVM
[22:04:11] [65/322] SWRH
[22:04:12] [66/322] DCPC
[22:04:13] [67/322] RAPR
[22:04:14] [68/322] GCRT
[22:04:15] [69/322] ATUN
[22:04:16] [70/322] LTRM
[22:04:16] 🔄 Identity reset
[22:04:16] 🔄 Identity rotated (every 10 requests)
[22:04:16] 🔄 Retry 1/5 for LTRM in 2.8s
[22:04:16] 🔄 Identity reset
[22:04:19] 🧠 New identity created
[22:04:19] [71/322] TASR
[22:04:20] [72/322] RLLC
[22:04:21] [73/322] MABI
[22:04:22] [74/322] SVHB
[22:04:23] [75/322] NVTB
[22:04:24] [76/322] KCKG
[22:04:24] [77/322] SSRN
[22:04:26] [78/322] VDDC
[22:04:26] [79/322] GKTK
[22:04:27] 🔄 Identity reset
[22:04:27] 🔄 Identity rotated (every 10 requests)
[22:04:27] [80/322] YFSN
[22:04:28] [81/322] GCSG
[22:04:29] [82/322] ESSM
[22:04:30] [83/322] KRIH
[22:04:31] [84/322] GCDS
[22:04:32] [85/322] CCSH
[22:04:33] [86/322] ACSK
[22:04:34] [87/322] APRK
[22:04:35] [88/322] ADKM
[22:04:36] [89/322] SRDM
[22:04:36] 🔄 Identity reset
[22:04:36] 🔄 Identity rotated (every 10 requests)
[22:04:37] [90/322] SJMY
[22:04:37] [91/322] PGGC
[22:04:38] [92/322] INGM
[22:04:39] [93/322] LSCB
[22:04:40] [94/322] STAD
[22:04:41] [95/322] MCCR
[22:04:43] [96/322] ABCC
[22:04:44] [97/322] RKCC
[22:04:45] [98/322] RTCR
[22:04:46] [99/322] GGBC
[22:04:47] 🔄 Identity reset
[22:04:47] 🔄 Identity rotated (every 10 requests)
[22:04:47] 🔄 Retry 1/5 for GGBC in 2.5s
[22:04:47] 🔄 Identity reset
[22:04:49] 🧠 New identity created
[22:04:49] 🔄 Retry 2/5 for GGBC in 4.8s
[22:04:49] 🔄 Identity reset
[22:04:54] 🧠 New identity created
[22:04:54] [100/322] GCSD
[22:04:55] [101/322] LPTY
[22:04:56] [102/322] MCFD
[22:04:58] [103/322] HENN
[22:04:59] [104/322] SMKU
[22:05:00] [105/322] TNZC
[22:05:00] [106/322] DRCD
[22:05:01] [107/322] DLCD
[22:05:02] 🔄 Identity reset
[22:05:02] 🔄 Identity rotated (every 10 requests)
[22:05:02] 🔄 Retry 1/5 for DLCD in 2.8s
[22:05:02] 🔄 Identity reset
[22:05:05] 🧠 New identity created
[22:05:05] [108/322] RCDA
[22:05:06] [109/322] COSM
[22:05:07] [110/322] MCMJ
[22:05:08] [111/322] CSTR
[22:05:09] [112/322] CVDK
[22:05:10] [113/322] INRR
[22:05:11] [114/322] RJRT
[22:05:12] [115/322] IRMR
[22:05:13] [116/322] SRCF
[22:05:13] 🔄 Identity reset
[22:05:13] 🔄 Identity rotated (every 10 requests)
[22:05:13] 🔄 Retry 1/5 for SRCF in 2.8s
[22:05:13] 🔄 Identity reset
[22:05:16] 🧠 New identity created
[22:05:16] [117/322] GRCR
[22:05:17] [118/322] SURC
[22:05:18] [119/322] NMNH
[22:05:19] [120/322] SVBL
[22:05:20] [121/322] KACI
[22:05:21] [122/322] TDGO
[22:05:22] [123/322] KTBR
[22:05:23] [124/322] PMAD
[22:05:24] [125/322] CCPN
[22:05:24] 🔄 Identity reset
[22:05:24] 🔄 Identity rotated (every 10 requests)
[22:05:24] 🔄 Retry 1/5 for CCPN in 2.9s
[22:05:24] 🔄 Identity reset
[22:05:27] 🧠 New identity created
[22:05:28] [126/322] SBTK
[22:05:29] [127/322] LMDK
[22:05:30] [128/322] PGDA
[22:05:30] [129/322] SRML
[22:05:31] [130/322] EVCK
[22:05:32] [131/322] RTTK
[22:05:33] [132/322] SRTU
[22:05:34] [133/322] VRSA
[22:05:35] [134/322] VARS
[22:05:36] 🔄 Identity reset
[22:05:36] 🔄 Identity rotated (every 10 requests)
[22:05:36] [135/322] DSCZ
[22:05:37] [136/322] GAGA
[22:05:38] [137/322] SARV
[22:05:39] [138/322] SEEG
[22:05:40] [139/322] GLCA
[22:05:40] [140/322] APAS
[22:05:42] [141/322] VCIA
[22:05:43] [142/322] SJTA
[22:05:44] [143/322] SABM
[22:05:45] [144/322] PPAG
[22:05:46] 🔄 Identity reset
[22:05:46] 🔄 Identity rotated (every 10 requests)
[22:05:46] [145/322] RVCA
[22:05:47] [146/322] CCIA
[22:05:48] [147/322] HTAG
[22:05:49] [148/322] SMBI
[22:05:50] [149/322] MCJR
[22:05:51] [150/322] CCJR
[22:05:52] [151/322] SINF
[22:05:53] [152/322] CPLX
[22:05:53] [153/322] KKTJ
[22:05:54] [154/322] GDBW
[22:05:55] 🔄 Identity reset
[22:05:55] 🔄 Identity rotated (every 10 requests)
[22:05:55] [155/322] CSUB
[22:05:56] [156/322] DABA
[22:05:57] [157/322] TITR
[22:05:58] [158/322] NYCR
[22:05:59] [159/322] RTRY
[22:06:00] [160/322] JTJL
[22:06:01] [161/322] SJCP
[22:06:02] [162/322] KCCA
[22:06:02] [163/322] MLPG
[22:06:03] [164/322] VRCK
[22:06:04] 🔄 Identity reset
[22:06:04] 🔄 Identity rotated (every 10 requests)
[22:06:04] 🔄 Retry 1/5 for VRCK in 2.8s
[22:06:04] 🔄 Identity reset
[22:06:07] 🧠 New identity created
[22:06:07] [165/322] SRIN
[22:06:08] [166/322] CXMK
[22:06:09] [167/322] SKAD
[22:06:10] [168/322] AVTR
[22:06:11] [169/322] PTAJ
[22:06:12] [170/322] SCNK
[22:06:12] [171/322] STTI
[22:06:14] [172/322] KACR
[22:06:14] [173/322] SSDX
[22:06:15] 🔄 Identity reset
[22:06:15] 🔄 Identity rotated (every 10 requests)
[22:06:15] [174/322] VRTJ
[22:06:16] [175/322] RAJD
[22:06:17] [176/322] SCIP
[22:06:18] [177/322] RJSL
[22:06:19] [178/322] ARRS
[22:06:20] [179/322] ASMS
[22:06:21] [180/322] RDTS
[22:06:22] [181/322] DVMY
[22:06:23] [182/322] RASA
[22:06:24] [183/322] INOM
[22:06:24] 🔄 Identity reset
[22:06:24] 🔄 Identity rotated (every 10 requests)
[22:06:24] [184/322] SPRS
[22:06:25] [185/322] SGCS
[22:06:26] [186/322] SALM
[22:06:27] [187/322] PKHC
[22:06:28] [188/322] RCSV
[22:06:29] [189/322] CPKC
[22:06:30] [190/322] AACD
[22:06:31] [191/322] GGCV
[22:06:32] [192/322] SMKD
[22:06:33] [193/322] NBCH
[22:06:33] 🔄 Identity reset
[22:06:33] 🔄 Identity rotated (every 10 requests)
[22:06:33] 🔄 Retry 1/5 for NBCH in 2.0s
[22:06:33] 🔄 Identity reset
[22:06:35] 🧠 New identity created
[22:06:36] [194/322] AMCB
[22:06:37] [195/322] OPCN
[22:06:38] [196/322] DCIN
[22:06:39] [197/322] INGW
[22:06:39] [198/322] PKKW
[22:06:40] [199/322] FNGW
[22:06:41] [200/322] GCGD
[22:06:42] [201/322] MSTW
[22:06:43] [202/322] KCCG
[22:06:43] 🔄 Identity reset
[22:06:43] 🔄 Identity rotated (every 10 requests)
[22:06:44] [203/322] MRSS
[22:06:45] [204/322] CLCF
[22:06:46] [205/322] EETS
[22:06:47] [206/322] AATR
[22:06:48] [207/322] CMMN
[22:06:49] [208/322] SCCJ
[22:06:50] [209/322] CDTK
[22:06:51] [210/322] AICP
[22:06:52] [211/322] FNBP
[22:06:53] [212/322] CBPB
[22:06:53] 🔄 Identity reset
[22:06:53] 🔄 Identity rotated (every 10 requests)
[22:06:54] 🔄 Retry 1/5 for CBPB in 2.3s
[22:06:54] 🔄 Identity reset
[22:06:56] 🧠 New identity created
[22:06:56] 🔄 Retry 2/5 for CBPB in 4.1s
[22:06:56] 🔄 Identity reset
[22:07:00] 🧠 New identity created
[22:07:00] [213/322] CPAS
[22:07:01] [214/322] MAPM
[22:07:02] [215/322] PASD
[22:07:03] [216/322] JCMN
[22:07:04] [217/322] MALB
[22:07:05] [218/322] SACG
[22:07:06] [219/322] DDRX
[22:07:07] [220/322] DDXB
[22:07:07] 🔄 Identity reset
[22:07:07] 🔄 Identity rotated (every 10 requests)
[22:07:08] [221/322] RAMC
[22:07:09] [222/322] SANC
[22:07:10] [223/322] BCBP
[22:07:11] [224/322] ALPC
[22:07:12] [225/322] RBAC
[22:07:13] [226/322] RAJL
[22:07:14] [227/322] MPDX
[22:07:15] [228/322] MUSC
[22:07:16] [229/322] VKMK
[22:07:17] [230/322] SKCG
[22:07:17] 🔄 Identity reset
[22:07:17] 🔄 Identity rotated (every 10 requests)
[22:07:18] [231/322] ANCN
[22:07:19] [232/322] MMCJ
[22:07:20] [233/322] DCAK
[22:07:21] [234/322] SCKG
[22:07:23] [235/322] LMCK
[22:07:24] [236/322] CKKX
[22:07:25] [237/322] ANKU
[22:07:26] [238/322] CSMD
[22:07:27] [239/322] MKMP
[22:07:28] [240/322] SVBG
[22:07:28] 🔄 Identity reset
[22:07:28] 🔄 Identity rotated (every 10 requests)
[22:07:29] [241/322] ROOP
[22:07:30] [242/322] GDMT
[22:07:30] [243/322] FPPF
[22:07:31] [244/322] SFUU
[22:07:32] [245/322] ANCB
[22:07:33] [246/322] SMMC
[22:07:34] [247/322] UGKT
[22:07:35] [248/322] JVRM
[22:07:36] [249/322] BATG
[22:07:37] [250/322] RATE
[22:07:37] 🔄 Identity reset
[22:07:38] 🔄 Identity rotated (every 10 requests)
[22:07:38] [251/322] SKME
[22:07:39] [252/322] LMTP
[22:07:40] [253/322] TCBD
[22:07:40] [254/322] ESBD
[22:07:42] [255/322] GDCU
[22:07:43] [256/322] SNKT
[22:07:44] [257/322] SRNK
[22:07:45] [258/322] SMED
[22:07:46] [259/322] CSQS
[22:07:47] [260/322] ALCS
[22:07:48] 🔄 Identity reset
[22:07:48] 🔄 Identity rotated (every 10 requests)
[22:07:48] [261/322] KCKN
[22:07:49] [262/322] VCCL
[22:07:50] [263/322] MCDA
[22:07:51] [264/322] SHMI
[22:07:52] [265/322] SKHA
[22:07:53] [266/322] SVFK
[22:07:54] [267/322] INVB
[22:07:55] [268/322] MELD
[22:07:56] [269/322] JTYS
[22:07:57] [270/322] INCM
[22:07:57] 🔄 Identity reset
[22:07:57] 🔄 Identity rotated (every 10 requests)
[22:07:58] [271/322] MCDV
[22:07:58] [272/322] KSGK
[22:07:59] [273/322] ICMG
[22:08:00] [274/322] CSCV
[22:08:02] [275/322] STMD
[22:08:03] [276/322] STTR
[22:08:03] [277/322] INVC
[22:08:04] [278/322] JTBL
[22:08:05] [279/322] SRVV
[22:08:06] [280/322] MAVC
[22:08:07] 🔄 Identity reset
[22:08:07] 🔄 Identity rotated (every 10 requests)
[22:08:07] [281/322] SRPP
[22:08:08] [282/322] JGDM
[22:08:09] [283/322] MBSJ
[22:08:10] [284/322] SSLL
[22:08:11] [285/322] SLKP
[22:08:12] [286/322] NSRV
[22:08:13] [287/322] UTDV
[22:08:14] [288/322] KICM
[22:08:14] [289/322] KCMD
[22:08:15] [290/322] TTPP
[22:08:16] 🔄 Identity reset
[22:08:16] 🔄 Identity rotated (every 10 requests)
[22:08:16] 🔄 Retry 1/5 for TTPP in 2.0s
[22:08:16] 🔄 Identity reset
[22:08:18] 🧠 New identity created
[22:08:19] [291/322] KMPV
[22:08:20] [292/322] SKTV
[22:08:21] [293/322] STCV
[22:08:22] [294/322] SRDA
[22:08:23] [295/322] JTSX
[22:08:24] [296/322] STBV
[22:08:25] [297/322] APVZ
[22:08:26] [298/322] GSTV
[22:08:26] [299/322] NMVS
[22:08:27] 🔄 Identity reset
[22:08:27] 🔄 Identity rotated (every 10 requests)
[22:08:27] [300/322] SKRT
[22:08:28] [301/322] RMDV
[22:08:29] [302/322] RATG
[22:08:30] [303/322] SJYV
[22:08:31] [304/322] NDGP
[22:08:32] [305/322] SNDG
[22:08:33] [306/322] INSR
[22:08:34] [307/322] INSO
[22:08:35] [308/322] CCSI
[22:08:36] [309/322] RASM
[22:08:37] 🔄 Identity reset
[22:08:37] 🔄 Identity rotated (every 10 requests)
[22:08:37] [310/322] NEWC
[22:08:38] [311/322] VSHL
[22:08:39] [312/322] BISW
[22:08:40] [313/322] GCNG
[22:08:41] [314/322] CWSC
[22:08:42] [315/322] SKAN
[22:08:43] [316/322] CCOA
[22:08:44] [317/322] MCAJ
[22:08:45] [318/322] ACDE
[22:08:47] [319/322] AACM
[22:08:47] 🔄 Identity reset
[22:08:47] 🔄 Identity rotated (every 10 requests)
[22:08:47] [320/322] JJCK
[22:08:48] [321/322] RCMO
[22:08:49] [322/322] GDAW
[22:08:51] 🧹 Deduping shows
[22:08:51] ✅ DONE | Shows=1095 | Movies=37
[07:17:35] 🚀 SCRIPT STARTED (enhanced anti‑detection)
[07:17:35] [1/322] CDCA
[07:17:36] 🧠 New identity created
[07:17:36] [2/322] VBCZ
[07:17:37] [3/322] MSDR
[07:17:38] [4/322] ACPV
[07:17:39] [5/322] PVHB
[07:17:40] [6/322] RCNH
[07:17:41] [7/322] IOMH
[07:17:42] [8/322] ILKS
[07:17:42] [9/322] AMSN
[07:17:44] [10/322] ANTP
[07:17:44] 🔄 Identity reset
[07:17:44] 🔄 Identity rotated (every 10 requests)
[07:17:45] [11/322] SSEK
[07:17:46] [12/322] PICP
[07:17:46] [13/322] SICO
[07:17:47] [14/322] SISP
[07:17:48] [15/322] SCPI
[07:17:49] [16/322] CRPR
[07:17:50] [17/322] DCTW
[07:17:51] [18/322] DCSP
[07:17:53] [19/322] KRPM
[07:17:54] [20/322] THKK
[07:17:54] 🔄 Identity reset
[07:17:54] 🔄 Identity rotated (every 10 requests)
[07:17:55] [21/322] SNMY
[07:17:56] [22/322] AKCC
[07:17:57] [23/322] PCAT
[07:17:57] [24/322] RFGO
[07:17:58] [25/322] GGCS
[07:18:00] [26/322] ACKR
[07:18:00] [27/322] STDO
[07:18:01] [28/322] ACKB
[07:18:02] [29/322] ALUC
[07:18:03] [30/322] MNSR
[07:18:04] 🔄 Identity reset
[07:18:04] 🔄 Identity rotated (every 10 requests)
[07:18:04] [31/322] CSSL
[07:18:05] [32/322] BGGM
[07:18:06] [33/322] MANT
[07:18:07] [34/322] SOOY
[07:18:08] [35/322] VPPK
[07:18:08] [36/322] MYHJ
[07:18:09] [37/322] KSCK
[07:18:10] [38/322] KATK
[07:18:11] [39/322] RTRT
[07:18:12] [40/322] SSTT
[07:18:13] 🔄 Identity reset
[07:18:13] 🔄 Identity rotated (every 10 requests)
[07:18:13] [41/322] SSTV
[07:18:14] [42/322] LACM
[07:18:14] [43/322] SGMG
[07:18:15] [44/322] KACX
[07:18:16] [45/322] GVCP
[07:18:17] [46/322] CSNC
[07:18:18] [47/322] SXCB
[07:18:18] [48/322] BAHS
[07:18:19] [49/322] PCBI
[07:18:20] [50/322] PSSM
[07:18:21] 🔄 Identity reset
[07:18:21] 🔄 Identity rotated (every 10 requests)
[07:18:21] [51/322] RCOK
[07:18:22] [52/322] SCPF
[07:18:23] [53/322] SSAS
[07:18:24] [54/322] EVMM
[07:18:24] [55/322] SYCB
[07:18:25] [56/322] GCKI
[07:18:26] [57/322] IAET
[07:18:27] [58/322] DDTD
[07:18:28] [59/322] GMDH
[07:18:29] [60/322] STLE
[07:18:30] 🔄 Identity reset
[07:18:30] 🔄 Identity rotated (every 10 requests)
[07:18:30] [61/322] JTRA
[07:18:31] [62/322] RPPA
[07:18:32] [63/322] ARUT
[07:18:32] [64/322] JTVM
[07:18:33] [65/322] SWRH
[07:18:34] [66/322] DCPC
[07:18:36] [67/322] RAPR
[07:18:36] [68/322] GCRT
[07:18:37] [69/322] ATUN
[07:18:38] [70/322] LTRM
[07:18:39] 🔄 Identity reset
[07:18:39] 🔄 Identity rotated (every 10 requests)
[07:18:40] [71/322] TASR
[07:18:41] [72/322] RLLC
[07:18:41] [73/322] MABI
[07:18:42] [74/322] SVHB
[07:18:43] [75/322] NVTB
[07:18:44] [76/322] KCKG
[07:18:45] [77/322] SSRN
[07:18:46] [78/322] VDDC
[07:18:46] [79/322] GKTK
[07:18:47] [80/322] YFSN
[07:18:48] 🔄 Identity reset
[07:18:48] 🔄 Identity rotated (every 10 requests)
[07:18:48] [81/322] GCSG
[07:18:49] [82/322] ESSM
[07:18:50] [83/322] KRIH
[07:18:51] [84/322] GCDS
[07:18:52] [85/322] CCSH
[07:18:53] [86/322] ACSK
[07:18:54] [87/322] APRK
[07:18:55] [88/322] ADKM
[07:18:56] [89/322] SRDM
[07:18:57] [90/322] SJMY
[07:18:57] 🔄 Identity reset
[07:18:57] 🔄 Identity rotated (every 10 requests)
[07:18:58] [91/322] PGGC
[07:18:59] [92/322] INGM
[07:18:59] [93/322] LSCB
[07:19:00] [94/322] STAD
[07:19:01] [95/322] MCCR
[07:19:02] [96/322] ABCC
[07:19:03] [97/322] RKCC
[07:19:04] [98/322] RTCR
[07:19:05] [99/322] GGBC
[07:19:06] [100/322] GCSD
[07:19:07] 🔄 Identity reset
[07:19:07] 🔄 Identity rotated (every 10 requests)
[07:19:08] [101/322] LPTY
[07:19:09] [102/322] MCFD
[07:19:10] [103/322] HENN
[07:19:10] [104/322] SMKU
[07:19:11] [105/322] TNZC
[07:19:13] [106/322] DRCD
[07:19:14] [107/322] DLCD
[07:19:15] [108/322] RCDA
[07:19:15] [109/322] COSM
[07:19:16] [110/322] MCMJ
[07:19:17] 🔄 Identity reset
[07:19:17] 🔄 Identity rotated (every 10 requests)
[07:19:17] 🔄 Retry 1/5 for MCMJ in 2.1s
[07:19:17] 🔄 Identity reset
[07:19:19] 🧠 New identity created
[07:19:19] [111/322] CSTR
[07:19:20] [112/322] CVDK
[07:19:21] [113/322] INRR
[07:19:22] [114/322] RJRT
[07:19:23] [115/322] IRMR
[07:19:24] [116/322] SRCF
[07:19:24] [117/322] GRCR
[07:19:25] [118/322] SURC
[07:19:26] [119/322] NMNH
[07:19:26] 🔄 Identity reset
[07:19:26] 🔄 Identity rotated (every 10 requests)
[07:19:27] [120/322] SVBL
[07:19:28] [121/322] KACI
[07:19:29] [122/322] TDGO
[07:19:30] [123/322] KTBR
[07:19:31] [124/322] PMAD
[07:19:32] [125/322] CCPN
[07:19:33] [126/322] SBTK
[07:19:34] [127/322] LMDK
[07:19:35] [128/322] PGDA
[07:19:36] [129/322] SRML
[07:19:36] 🔄 Identity reset
[07:19:36] 🔄 Identity rotated (every 10 requests)
[07:19:36] [130/322] EVCK
[07:19:37] [131/322] RTTK
[07:19:38] [132/322] SRTU
[07:19:39] [133/322] VRSA
[07:19:40] [134/322] VARS
[07:19:40] [135/322] DSCZ
[07:19:42] [136/322] GAGA
[07:19:43] [137/322] SARV
[07:19:44] [138/322] SEEG
[07:19:44] [139/322] GLCA
[07:19:45] 🔄 Identity reset
[07:19:45] 🔄 Identity rotated (every 10 requests)
[07:19:46] [140/322] APAS
[07:19:47] [141/322] VCIA
[07:19:47] [142/322] SJTA
[07:19:48] [143/322] SABM
[07:19:49] [144/322] PPAG
[07:19:50] [145/322] RVCA
[07:19:51] [146/322] CCIA
[07:19:52] [147/322] HTAG
[07:19:53] [148/322] SMBI
[07:19:54] [149/322] MCJR
[07:19:55] 🔄 Identity reset
[07:19:55] 🔄 Identity rotated (every 10 requests)
[07:19:56] [150/322] CCJR
[07:19:56] [151/322] SINF
[07:19:57] [152/322] CPLX
[07:19:58] [153/322] KKTJ
[07:19:59] [154/322] GDBW
[07:20:00] [155/322] CSUB
[07:20:01] [156/322] DABA
[07:20:03] [157/322] TITR
[07:20:03] [158/322] NYCR
[07:20:04] [159/322] RTRY
[07:20:05] 🔄 Identity reset
[07:20:05] 🔄 Identity rotated (every 10 requests)
[07:20:05] [160/322] JTJL
[07:20:06] [161/322] SJCP
[07:20:07] [162/322] KCCA
[07:20:08] [163/322] MLPG
[07:20:10] [164/322] VRCK
[07:20:11] [165/322] SRIN
[07:20:12] [166/322] CXMK
[07:20:13] [167/322] SKAD
[07:20:14] [168/322] AVTR
[07:20:15] [169/322] PTAJ
[07:20:16] 🔄 Identity reset
[07:20:16] 🔄 Identity rotated (every 10 requests)
[07:20:16] [170/322] SCNK
[07:20:17] [171/322] STTI
[07:20:18] [172/322] KACR
[07:20:19] [173/322] SSDX
[07:20:19] [174/322] VRTJ
[07:20:20] [175/322] RAJD
[07:20:21] [176/322] SCIP
[07:20:22] [177/322] RJSL
[07:20:23] [178/322] ARRS
[07:20:24] [179/322] ASMS
[07:20:25] 🔄 Identity reset
[07:20:25] 🔄 Identity rotated (every 10 requests)
[07:20:25] [180/322] RDTS
[07:20:27] [181/322] DVMY
[07:20:27] [182/322] RASA
[07:20:28] [183/322] INOM
[07:20:29] [184/322] SPRS
[07:20:30] [185/322] SGCS
[07:20:32] [186/322] SALM
[07:20:32] [187/322] PKHC
[07:20:34] [188/322] RCSV
[07:20:35] [189/322] CPKC
[07:20:35] 🔄 Identity reset
[07:20:35] 🔄 Identity rotated (every 10 requests)
[07:20:36] [190/322] AACD
[07:20:37] [191/322] GGCV
[07:20:38] [192/322] SMKD
[07:20:39] [193/322] NBCH
[07:20:40] [194/322] AMCB
[07:20:41] [195/322] OPCN
[07:20:42] [196/322] DCIN
[07:20:43] [197/322] INGW
[07:20:44] [198/322] PKKW
[07:20:45] [199/322] FNGW
[07:20:45] 🔄 Identity reset
[07:20:45] 🔄 Identity rotated (every 10 requests)
[07:20:46] [200/322] GCGD
[07:20:47] [201/322] MSTW
[07:20:47] [202/322] KCCG
[07:20:48] [203/322] MRSS
[07:20:49] [204/322] CLCF
[07:20:50] [205/322] EETS
[07:20:52] [206/322] AATR
[07:20:53] [207/322] CMMN
[07:20:54] [208/322] SCCJ
[07:20:54] [209/322] CDTK
[07:20:55] 🔄 Identity reset
[07:20:55] 🔄 Identity rotated (every 10 requests)
[07:20:56] [210/322] AICP
[07:20:56] [211/322] FNBP
[07:20:57] [212/322] CBPB
[07:20:58] [213/322] CPAS
[07:20:59] [214/322] MAPM
[07:21:00] [215/322] PASD
[07:21:01] [216/322] JCMN
[07:21:02] [217/322] MALB
[07:21:03] [218/322] SACG
[07:21:04] [219/322] DDRX
[07:21:05] 🔄 Identity reset
[07:21:05] 🔄 Identity rotated (every 10 requests)
[07:21:05] [220/322] DDXB
[07:21:06] [221/322] RAMC
[07:21:07] [222/322] SANC
[07:21:08] [223/322] BCBP
[07:21:08] [224/322] ALPC
[07:21:09] [225/322] RBAC
[07:21:10] [226/322] RAJL
[07:21:11] [227/322] MPDX
[07:21:12] [228/322] MUSC
[07:21:13] [229/322] VKMK
[07:21:13] 🔄 Identity reset
[07:21:13] 🔄 Identity rotated (every 10 requests)
[07:21:14] [230/322] SKCG
[07:21:14] [231/322] ANCN
[07:21:15] [232/322] MMCJ
[07:21:16] [233/322] DCAK
[07:21:17] [234/322] SCKG
[07:21:18] [235/322] LMCK
[07:21:19] [236/322] CKKX
[07:21:20] [237/322] ANKU
[07:21:20] [238/322] CSMD
[07:21:21] [239/322] MKMP
[07:21:22] 🔄 Identity reset
[07:21:22] 🔄 Identity rotated (every 10 requests)
[07:21:22] [240/322] SVBG
[07:21:23] [241/322] ROOP
[07:21:25] [242/322] GDMT
[07:21:26] [243/322] FPPF
[07:21:27] [244/322] SFUU
[07:21:28] [245/322] ANCB
[07:21:29] [246/322] SMMC
[07:21:30] [247/322] UGKT
[07:21:30] [248/322] JVRM
[07:21:31] [249/322] BATG
[07:21:32] 🔄 Identity reset
[07:21:32] 🔄 Identity rotated (every 10 requests)
[07:21:32] [250/322] RATE
[07:21:33] [251/322] SKME
[07:21:34] [252/322] LMTP
[07:21:35] [253/322] TCBD
[07:21:36] [254/322] ESBD
[07:21:37] [255/322] GDCU
[07:21:38] [256/322] SNKT
[07:21:39] [257/322] SRNK
[07:21:40] [258/322] SMED
[07:21:41] [259/322] CSQS
[07:21:41] 🔄 Identity reset
[07:21:41] 🔄 Identity rotated (every 10 requests)
[07:21:42] [260/322] ALCS
[07:21:43] [261/322] KCKN
[07:21:44] [262/322] VCCL
[07:21:45] [263/322] MCDA
[07:21:46] [264/322] SHMI
[07:21:47] [265/322] SKHA
[07:21:48] [266/322] SVFK
[07:21:50] [267/322] INVB
[07:21:51] [268/322] MELD
[07:21:52] [269/322] JTYS
[07:21:53] 🔄 Identity reset
[07:21:53] 🔄 Identity rotated (every 10 requests)
[07:21:53] [270/322] INCM
[07:21:54] [271/322] MCDV
[07:21:55] [272/322] KSGK
[07:21:56] [273/322] ICMG
[07:21:57] [274/322] CSCV
[07:21:57] [275/322] STMD
[07:21:58] [276/322] STTR
[07:21:59] [277/322] INVC
[07:22:00] [278/322] JTBL
[07:22:01] [279/322] SRVV
[07:22:01] 🔄 Identity reset
[07:22:01] 🔄 Identity rotated (every 10 requests)
[07:22:02] [280/322] MAVC
[07:22:03] [281/322] SRPP
[07:22:04] [282/322] JGDM
[07:22:05] [283/322] MBSJ
[07:22:06] [284/322] SSLL
[07:22:07] [285/322] SLKP
[07:22:08] [286/322] NSRV
[07:22:09] [287/322] UTDV
[07:22:10] [288/322] KICM
[07:22:11] [289/322] KCMD
[07:22:11] 🔄 Identity reset
[07:22:11] 🔄 Identity rotated (every 10 requests)
[07:22:12] [290/322] TTPP
[07:22:13] [291/322] KMPV
[07:22:13] [292/322] SKTV
[07:22:14] [293/322] STCV
[07:22:15] [294/322] SRDA
[07:22:17] [295/322] JTSX
[07:22:18] [296/322] STBV
[07:22:19] [297/322] APVZ
[07:22:20] [298/322] GSTV
[07:22:21] [299/322] NMVS
[07:22:22] 🔄 Identity reset
[07:22:22] 🔄 Identity rotated (every 10 requests)
[07:22:22] [300/322] SKRT
[07:22:23] [301/322] RMDV
[07:22:24] [302/322] RATG
[07:22:25] [303/322] SJYV
[07:22:26] [304/322] NDGP
[07:22:27] [305/322] SNDG
[07:22:28] [306/322] INSR
[07:22:29] [307/322] INSO
[07:22:30] [308/322] CCSI
[07:22:31] [309/322] RASM
[07:22:32] 🔄 Identity reset
[07:22:32] 🔄 Identity rotated (every 10 requests)
[07:22:32] [310/322] NEWC
[07:22:33] [311/322] VSHL
[07:22:34] [312/322] BISW
[07:22:34] [313/322] GCNG
[07:22:35] [314/322] CWSC
[07:22:36] [315/322] SKAN
[07:22:37] [316/322] CCOA
[07:22:39] [317/322] MCAJ
[07:22:39] [318/322] ACDE
[07:22:40] [319/322] AACM
[07:22:41] 🔄 Identity reset
[07:22:41] 🔄 Identity rotated (every 10 requests)
[07:22:41] [320/322] JJCK
[07:22:42] [321/322] RCMO
[07:22:43] [322/322] GDAW
[07:22:44] 🧹 Deduping shows
[07:22:44] ✅ DONE | Shows=1298 | Movies=41
[18:22:50] 🚀 SCRIPT STARTED (enhanced anti‑detection)
[18:22:50] [1/322] CDCA
[18:22:51] 🧠 New identity created
[18:22:51] 🔄 Retry 1/5 for CDCA in 2.2s
[18:22:51] 🔄 Identity reset
[18:22:53] 🧠 New identity created
[18:22:53] [2/322] VBCZ
[18:22:54] [3/322] MSDR
[18:22:55] [4/322] ACPV
[18:22:56] [5/322] PVHB
[18:22:57] [6/322] RCNH
[18:22:58] [7/322] IOMH
[18:22:59] [8/322] ILKS
[18:23:00] [9/322] AMSN
[18:23:01] 🔄 Identity reset
[18:23:01] 🔄 Identity rotated (every 10 requests)
[18:23:01] [10/322] ANTP
[18:23:02] [11/322] SSEK
[18:23:03] [12/322] PICP
[18:23:04] [13/322] SICO
[18:23:05] [14/322] SISP
[18:23:05] [15/322] SCPI
[18:23:06] [16/322] CRPR
[18:23:07] [17/322] DCTW
[18:23:08] [18/322] DCSP
[18:23:09] [19/322] KRPM
[18:23:10] 🔄 Identity reset
[18:23:10] 🔄 Identity rotated (every 10 requests)
[18:23:10] [20/322] THKK
[18:23:11] [21/322] SNMY
[18:23:12] [22/322] AKCC
[18:23:13] [23/322] PCAT
[18:23:13] [24/322] RFGO
[18:23:14] [25/322] GGCS
[18:23:15] [26/322] ACKR
[18:23:16] [27/322] STDO
[18:23:17] [28/322] ACKB
[18:23:18] [29/322] ALUC
[18:23:18] 🔄 Identity reset
[18:23:18] 🔄 Identity rotated (every 10 requests)
[18:23:19] [30/322] MNSR
[18:23:20] [31/322] CSSL
[18:23:21] [32/322] BGGM
[18:23:22] [33/322] MANT
[18:23:22] [34/322] SOOY
[18:23:23] [35/322] VPPK
[18:23:24] [36/322] MYHJ
[18:23:25] [37/322] KSCK
[18:23:26] [38/322] KATK
[18:23:27] [39/322] RTRT
[18:23:27] 🔄 Identity reset
[18:23:27] 🔄 Identity rotated (every 10 requests)
[18:23:28] [40/322] SSTT
[18:23:29] [41/322] SSTV
[18:23:29] [42/322] LACM
[18:23:30] [43/322] SGMG
[18:23:31] [44/322] KACX
[18:23:32] [45/322] GVCP
[18:23:33] [46/322] CSNC
[18:23:34] [47/322] SXCB
[18:23:35] [48/322] BAHS
[18:23:36] [49/322] PCBI
[18:23:36] 🔄 Identity reset
[18:23:36] 🔄 Identity rotated (every 10 requests)
[18:23:36] 🔄 Retry 1/5 for PCBI in 2.2s
[18:23:36] 🔄 Identity reset
[18:23:39] 🧠 New identity created
[18:23:39] [50/322] PSSM
[18:23:40] [51/322] RCOK
[18:23:41] [52/322] SCPF
[18:23:41] [53/322] SSAS
[18:23:43] [54/322] EVMM
[18:23:44] [55/322] SYCB
[18:23:45] [56/322] GCKI
[18:23:46] [57/322] IAET
[18:23:47] [58/322] DDTD
[18:23:48] 🔄 Identity reset
[18:23:48] 🔄 Identity rotated (every 10 requests)
[18:23:48] 🔄 Retry 1/5 for DDTD in 2.6s
[18:23:48] 🔄 Identity reset
[18:23:50] 🧠 New identity created
[18:23:50] 🔄 Retry 2/5 for DDTD in 4.9s
[18:23:50] 🔄 Identity reset
[18:23:55] 🧠 New identity created
[18:23:55] 🔄 Retry 3/5 for DDTD in 8.0s
[18:23:55] 🔄 Identity reset
[18:24:03] 🧠 New identity created
[18:24:04] 🔄 Retry 4/5 for DDTD in 16.2s
[18:24:04] 🔄 Identity reset
[18:24:20] 🧠 New identity created
[18:24:20] [59/322] GMDH
[18:24:21] [60/322] STLE
[18:24:22] [61/322] JTRA
[18:24:23] [62/322] RPPA
[18:24:24] [63/322] ARUT
[18:24:25] [64/322] JTVM
[18:24:25] 🔄 Identity reset
[18:24:25] 🔄 Identity rotated (every 10 requests)
[18:24:25] 🔄 Retry 1/5 for JTVM in 2.8s
[18:24:25] 🔄 Identity reset
[18:24:28] 🧠 New identity created
[18:24:29] [65/322] SWRH
[18:24:30] [66/322] DCPC
[18:24:31] [67/322] RAPR
[18:24:32] [68/322] GCRT
[18:24:33] [69/322] ATUN
[18:24:33] [70/322] LTRM
[18:24:34] [71/322] TASR
[18:24:35] [72/322] RLLC
[18:24:36] [73/322] MABI
[18:24:37] 🔄 Identity reset
[18:24:37] 🔄 Identity rotated (every 10 requests)
[18:24:37] [74/322] SVHB
[18:24:38] [75/322] NVTB
[18:24:39] [76/322] KCKG
[18:24:40] [77/322] SSRN
[18:24:41] [78/322] VDDC
[18:24:42] [79/322] GKTK
[18:24:44] [80/322] YFSN
[18:24:45] [81/322] GCSG
[18:24:45] [82/322] ESSM
[18:24:46] [83/322] KRIH
[18:24:47] 🔄 Identity reset
[18:24:47] 🔄 Identity rotated (every 10 requests)
[18:24:47] [84/322] GCDS
[18:24:48] [85/322] CCSH
[18:24:49] [86/322] ACSK
[18:24:49] [87/322] APRK
[18:24:51] [88/322] ADKM
[18:24:52] [89/322] SRDM
[18:24:53] [90/322] SJMY
[18:24:54] [91/322] PGGC
[18:24:55] [92/322] INGM
[18:24:56] [93/322] LSCB
[18:24:56] 🔄 Identity reset
[18:24:56] 🔄 Identity rotated (every 10 requests)
[18:24:56] 🔄 Retry 1/5 for LSCB in 2.5s
[18:24:56] 🔄 Identity reset
[18:24:59] 🧠 New identity created
[18:24:59] [94/322] STAD
[18:25:00] [95/322] MCCR
[18:25:01] [96/322] ABCC
[18:25:02] [97/322] RKCC
[18:25:03] [98/322] RTCR
[18:25:04] [99/322] GGBC
[18:25:05] [100/322] GCSD
[18:25:06] [101/322] LPTY
[18:25:07] [102/322] MCFD
[18:25:07] 🔄 Identity reset
[18:25:07] 🔄 Identity rotated (every 10 requests)
[18:25:08] [103/322] HENN
[18:25:08] [104/322] SMKU
[18:25:09] [105/322] TNZC
[18:25:10] [106/322] DRCD
[18:25:11] [107/322] DLCD
[18:25:12] [108/322] RCDA
[18:25:12] [109/322] COSM
[18:25:13] [110/322] MCMJ
[18:25:14] [111/322] CSTR
[18:25:16] [112/322] CVDK
[18:25:17] 🔄 Identity reset
[18:25:17] 🔄 Identity rotated (every 10 requests)
[18:25:17] 🔄 Retry 1/5 for CVDK in 2.9s
[18:25:17] 🔄 Identity reset
[18:25:20] 🧠 New identity created
[18:25:20] [113/322] INRR
[18:25:21] [114/322] RJRT
[18:25:22] [115/322] IRMR
[18:25:23] [116/322] SRCF
[18:25:23] [117/322] GRCR
[18:25:24] [118/322] SURC
[18:25:25] [119/322] NMNH
[18:25:27] [120/322] SVBL
[18:25:27] [121/322] KACI
[18:25:28] 🔄 Identity reset
[18:25:28] 🔄 Identity rotated (every 10 requests)
[18:25:28] 🔄 Retry 1/5 for KACI in 2.7s
[18:25:28] 🔄 Identity reset
[18:25:31] 🧠 New identity created
[18:25:31] 🔄 Retry 2/5 for KACI in 4.1s
[18:25:31] 🔄 Identity reset
[18:25:35] 🧠 New identity created
[18:25:35] 🔄 Retry 3/5 for KACI in 8.2s
[18:25:35] 🔄 Identity reset
[18:25:43] 🧠 New identity created
[18:25:43] [122/322] TDGO
[18:25:44] [123/322] KTBR
[18:25:45] [124/322] PMAD
[18:25:46] [125/322] CCPN
[18:25:47] [126/322] SBTK
[18:25:48] [127/322] LMDK
[18:25:49] [128/322] PGDA
[18:25:50] 🔄 Identity reset
[18:25:50] 🔄 Identity rotated (every 10 requests)
[18:25:50] [129/322] SRML
[18:25:51] [130/322] EVCK
[18:25:52] [131/322] RTTK
[18:25:53] [132/322] SRTU
[18:25:54] [133/322] VRSA
[18:25:56] [134/322] VARS
[18:25:56] [135/322] DSCZ
[18:25:58] [136/322] GAGA
[18:25:59] [137/322] SARV
[18:26:00] [138/322] SEEG
[18:26:00] 🔄 Identity reset
[18:26:00] 🔄 Identity rotated (every 10 requests)
[18:26:00] 🔄 Retry 1/5 for SEEG in 2.7s
[18:26:00] 🔄 Identity reset
[18:26:03] 🧠 New identity created
[18:26:03] 🔄 Retry 2/5 for SEEG in 4.5s
[18:26:03] 🔄 Identity reset
[18:26:08] 🧠 New identity created
[18:26:08] [139/322] GLCA
[18:26:09] [140/322] APAS
[18:26:10] [141/322] VCIA
[18:26:11] [142/322] SJTA
[18:26:12] [143/322] SABM
[18:26:13] [144/322] PPAG
[18:26:13] [145/322] RVCA
[18:26:14] [146/322] CCIA
[18:26:15] 🔄 Identity reset
[18:26:15] 🔄 Identity rotated (every 10 requests)
[18:26:15] 🔄 Retry 1/5 for CCIA in 2.1s
[18:26:15] 🔄 Identity reset
[18:26:17] 🧠 New identity created
[18:26:17] 🔄 Retry 2/5 for CCIA in 4.9s
[18:26:17] 🔄 Identity reset
[18:26:22] 🧠 New identity created
[18:26:22] [147/322] HTAG
[18:26:23] [148/322] SMBI
[18:26:24] [149/322] MCJR
[18:26:25] [150/322] CCJR
[18:26:26] [151/322] SINF
[18:26:27] [152/322] CPLX
[18:26:28] [153/322] KKTJ
[18:26:29] [154/322] GDBW
[18:26:29] 🔄 Identity reset
[18:26:29] 🔄 Identity rotated (every 10 requests)
[18:26:30] [155/322] CSUB
[18:26:31] [156/322] DABA
[18:26:32] [157/322] TITR
[18:26:33] [158/322] NYCR
[18:26:34] [159/322] RTRY
[18:26:34] [160/322] JTJL
[18:26:35] [161/322] SJCP
[18:26:36] [162/322] KCCA
[18:26:37] [163/322] MLPG
[18:26:38] [164/322] VRCK
[18:26:39] 🔄 Identity reset
[18:26:39] 🔄 Identity rotated (every 10 requests)
[18:26:39] 🔄 Retry 1/5 for VRCK in 2.1s
[18:26:39] 🔄 Identity reset
[18:26:41] 🧠 New identity created
[18:26:41] [165/322] SRIN
[18:26:42] [166/322] CXMK
[18:26:43] [167/322] SKAD
[18:26:44] [168/322] AVTR
[18:26:46] [169/322] PTAJ
[18:26:47] [170/322] SCNK
[18:26:48] [171/322] STTI
[18:26:49] [172/322] KACR
[18:26:50] [173/322] SSDX
[18:26:51] 🔄 Identity reset
[18:26:51] 🔄 Identity rotated (every 10 requests)
[18:26:51] [174/322] VRTJ
[18:26:52] [175/322] RAJD
[18:26:53] [176/322] SCIP
[18:26:54] [177/322] RJSL
[18:26:55] [178/322] ARRS
[18:26:55] [179/322] ASMS
[18:26:56] [180/322] RDTS
[18:26:57] [181/322] DVMY
[18:26:58] [182/322] RASA
[18:26:59] [183/322] INOM
[18:27:00] 🔄 Identity reset
[18:27:00] 🔄 Identity rotated (every 10 requests)
[18:27:00] [184/322] SPRS
[18:27:01] [185/322] SGCS
[18:27:02] [186/322] SALM
[18:27:03] [187/322] PKHC
[18:27:04] [188/322] RCSV
[18:27:05] [189/322] CPKC
[18:27:06] [190/322] AACD
[18:27:07] [191/322] GGCV
[18:27:08] [192/322] SMKD
[18:27:09] [193/322] NBCH
[18:27:09] 🔄 Identity reset
[18:27:09] 🔄 Identity rotated (every 10 requests)
[18:27:09] 🔄 Retry 1/5 for NBCH in 2.6s
[18:27:09] 🔄 Identity reset
[18:27:12] 🧠 New identity created
[18:27:12] 🔄 Retry 2/5 for NBCH in 4.7s
[18:27:12] 🔄 Identity reset
[18:27:17] 🧠 New identity created
[18:27:17] 🔄 Retry 3/5 for NBCH in 8.3s
[18:27:17] 🔄 Identity reset
[18:27:25] 🧠 New identity created
[18:27:25] [194/322] AMCB
[18:27:26] [195/322] OPCN
[18:27:28] [196/322] DCIN
[18:27:29] [197/322] INGW
[18:27:29] [198/322] PKKW
[18:27:31] [199/322] FNGW
[18:27:32] [200/322] GCGD
[18:27:33] 🔄 Identity reset
[18:27:33] 🔄 Identity rotated (every 10 requests)
[18:27:33] 🔄 Retry 1/5 for GCGD in 2.3s
[18:27:33] 🔄 Identity reset
[18:27:35] 🧠 New identity created
[18:27:36] [201/322] MSTW
[18:27:37] [202/322] KCCG
[18:27:38] [203/322] MRSS
[18:27:39] [204/322] CLCF
[18:27:40] [205/322] EETS
[18:27:41] [206/322] AATR
[18:27:42] [207/322] CMMN
[18:27:43] [208/322] SCCJ
[18:27:44] [209/322] CDTK
[18:27:45] 🔄 Identity reset
[18:27:45] 🔄 Identity rotated (every 10 requests)
[18:27:45] [210/322] AICP
[18:27:46] [211/322] FNBP
[18:27:47] [212/322] CBPB
[18:27:48] [213/322] CPAS
[18:27:49] [214/322] MAPM
[18:27:50] [215/322] PASD
[18:27:51] [216/322] JCMN
[18:27:52] [217/322] MALB
[18:27:53] [218/322] SACG
[18:27:54] [219/322] DDRX
[18:27:54] 🔄 Identity reset
[18:27:54] 🔄 Identity rotated (every 10 requests)
[18:27:54] 🔄 Retry 1/5 for DDRX in 2.2s
[18:27:54] 🔄 Identity reset
[18:27:57] 🧠 New identity created
[18:27:57] [220/322] DDXB
[18:27:58] [221/322] RAMC
[18:27:58] [222/322] SANC
[18:27:59] [223/322] BCBP
[18:28:00] [224/322] ALPC
[18:28:02] [225/322] RBAC
[18:28:04] [226/322] RAJL
[18:28:04] [227/322] MPDX
[18:28:05] [228/322] MUSC
[18:28:06] 🔄 Identity reset
[18:28:06] 🔄 Identity rotated (every 10 requests)
[18:28:06] 🔄 Retry 1/5 for MUSC in 2.4s
[18:28:06] 🔄 Identity reset
[18:28:08] 🧠 New identity created
[18:28:08] [229/322] VKMK
[18:28:09] [230/322] SKCG
[18:28:10] [231/322] ANCN
[18:28:11] [232/322] MMCJ
[18:28:12] [233/322] DCAK
[18:28:13] [234/322] SCKG
[18:28:14] [235/322] LMCK
[18:28:15] [236/322] CKKX
[18:28:16] [237/322] ANKU
[18:28:16] 🔄 Identity reset
[18:28:16] 🔄 Identity rotated (every 10 requests)
[18:28:16] [238/322] CSMD
[18:28:17] [239/322] MKMP
[18:28:18] [240/322] SVBG
[18:28:20] [241/322] ROOP
[18:28:21] [242/322] GDMT
[18:28:22] [243/322] FPPF
[18:28:22] [244/322] SFUU
[18:28:23] [245/322] ANCB
[18:28:24] [246/322] SMMC
[18:28:25] [247/322] UGKT
[18:28:26] 🔄 Identity reset
[18:28:26] 🔄 Identity rotated (every 10 requests)
[18:28:26] [248/322] JVRM
[18:28:27] [249/322] BATG
[18:28:28] [250/322] RATE
[18:28:29] [251/322] SKME
[18:28:29] [252/322] LMTP
[18:28:30] [253/322] TCBD
[18:28:31] [254/322] ESBD
[18:28:32] [255/322] GDCU
[18:28:33] [256/322] SNKT
[18:28:33] [257/322] SRNK
[18:28:34] 🔄 Identity reset
[18:28:34] 🔄 Identity rotated (every 10 requests)
[18:28:34] 🔄 Retry 1/5 for SRNK in 2.5s
[18:28:34] 🔄 Identity reset
[18:28:37] 🧠 New identity created
[18:28:37] [258/322] SMED
[18:28:38] [259/322] CSQS
[18:28:39] [260/322] ALCS
[18:28:40] [261/322] KCKN
[18:28:41] [262/322] VCCL
[18:28:42] [263/322] MCDA
[18:28:43] [264/322] SHMI
[18:28:44] [265/322] SKHA
[18:28:45] [266/322] SVFK
[18:28:46] 🔄 Identity reset
[18:28:46] 🔄 Identity rotated (every 10 requests)
[18:28:46] 🔄 Retry 1/5 for SVFK in 2.7s
[18:28:46] 🔄 Identity reset
[18:28:48] 🧠 New identity created
[18:28:49] [267/322] INVB
[18:28:50] [268/322] MELD
[18:28:50] [269/322] JTYS
[18:28:51] [270/322] INCM
[18:28:52] [271/322] MCDV
[18:28:53] [272/322] KSGK
[18:28:54] [273/322] ICMG
[18:28:54] [274/322] CSCV
[18:28:55] [275/322] STMD
[18:28:56] 🔄 Identity reset
[18:28:56] 🔄 Identity rotated (every 10 requests)
[18:28:56] [276/322] STTR
[18:28:57] [277/322] INVC
[18:28:58] [278/322] JTBL
[18:28:59] [279/322] SRVV
[18:29:00] [280/322] MAVC
[18:29:02] [281/322] SRPP
[18:29:02] [282/322] JGDM
[18:29:04] [283/322] MBSJ
[18:29:05] [284/322] SSLL
[18:29:06] [285/322] SLKP
[18:29:06] 🔄 Identity reset
[18:29:06] 🔄 Identity rotated (every 10 requests)
[18:29:07] [286/322] NSRV
[18:29:08] [287/322] UTDV
[18:29:08] [288/322] KICM
[18:29:09] [289/322] KCMD
[18:29:10] [290/322] TTPP
[18:29:11] [291/322] KMPV
[18:29:12] [292/322] SKTV
[18:29:13] [293/322] STCV
[18:29:14] [294/322] SRDA
[18:29:15] [295/322] JTSX
[18:29:16] 🔄 Identity reset
[18:29:16] 🔄 Identity rotated (every 10 requests)
[18:29:16] [296/322] STBV
[18:29:18] [297/322] APVZ
[18:29:19] [298/322] GSTV
[18:29:20] [299/322] NMVS
[18:29:21] [300/322] SKRT
[18:29:21] [301/322] RMDV
[18:29:22] [302/322] RATG
[18:29:23] [303/322] SJYV
[18:29:24] [304/322] NDGP
[18:29:25] [305/322] SNDG
[18:29:26] 🔄 Identity reset
[18:29:26] 🔄 Identity rotated (every 10 requests)
[18:29:26] [306/322] INSR
[18:29:27] [307/322] INSO
[18:29:28] [308/322] CCSI
[18:29:28] [309/322] RASM
[18:29:30] [310/322] NEWC
[18:29:31] [311/322] VSHL
[18:29:32] [312/322] BISW
[18:29:33] [313/322] GCNG
[18:29:34] [314/322] CWSC
[18:29:35] [315/322] SKAN
[18:29:35] 🔄 Identity reset
[18:29:35] 🔄 Identity rotated (every 10 requests)
[18:29:36] [316/322] CCOA
[18:29:36] [317/322] MCAJ
[18:29:37] [318/322] ACDE
[18:29:38] [319/322] AACM
[18:29:39] [320/322] JJCK
[18:29:40] [321/322] RCMO
[18:29:41] [322/322] GDAW
[18:29:42] 🧹 Deduping shows
[18:29:42] ✅ DONE | Shows=1787 | Movies=47
[02:57:09] 🚀 SCRIPT STARTED (enhanced anti‑detection)
[02:57:09] [1/322] CDCA
[02:57:10] 🧠 New identity created
[02:57:10] 🔄 Retry 1/5 for CDCA in 2.4s
[02:57:10] 🔄 Identity reset
[02:57:13] 🧠 New identity created
[02:57:13] [2/322] VBCZ
[02:57:14] [3/322] MSDR
[02:57:15] [4/322] ACPV
[02:57:15] [5/322] PVHB
[02:57:16] [6/322] RCNH
[02:57:17] [7/322] IOMH
[02:57:18] [8/322] ILKS
[02:57:19] [9/322] AMSN
[02:57:19] 🔄 Identity reset
[02:57:19] 🔄 Identity rotated (every 10 requests)
[02:57:21] [10/322] ANTP
[02:57:22] [11/322] SSEK
[02:57:22] [12/322] PICP
[02:57:23] [13/322] SICO
[02:57:24] [14/322] SISP
[02:57:25] [15/322] SCPI
[02:57:26] [16/322] CRPR
[02:57:27] [17/322] DCTW
[02:57:28] [18/322] DCSP
[02:57:29] [19/322] KRPM
[02:57:29] 🔄 Identity reset
[02:57:29] 🔄 Identity rotated (every 10 requests)
[02:57:30] [20/322] THKK
[02:57:31] [21/322] SNMY
[02:57:32] [22/322] AKCC
[02:57:34] [23/322] PCAT
[02:57:34] [24/322] RFGO
[02:57:35] [25/322] GGCS
[02:57:36] [26/322] ACKR
[02:57:37] [27/322] STDO
[02:57:38] [28/322] ACKB
[02:57:39] [29/322] ALUC
[02:57:40] 🔄 Identity reset
[02:57:40] 🔄 Identity rotated (every 10 requests)
[02:57:40] [30/322] MNSR
[02:57:41] [31/322] CSSL
[02:57:42] [32/322] BGGM
[02:57:43] [33/322] MANT
[02:57:44] [34/322] SOOY
[02:57:44] [35/322] VPPK
[02:57:45] [36/322] MYHJ
[02:57:46] [37/322] KSCK
[02:57:47] [38/322] KATK
[02:57:48] [39/322] RTRT
[02:57:49] 🔄 Identity reset
[02:57:49] 🔄 Identity rotated (every 10 requests)
[02:57:49] [40/322] SSTT
[02:57:50] [41/322] SSTV
[02:57:51] [42/322] LACM
[02:57:51] [43/322] SGMG
[02:57:52] [44/322] KACX
[02:57:53] [45/322] GVCP
[02:57:54] [46/322] CSNC
[02:57:55] [47/322] SXCB
[02:57:56] [48/322] BAHS
[02:57:57] [49/322] PCBI
[02:57:58] 🔄 Identity reset
[02:57:58] 🔄 Identity rotated (every 10 requests)
[02:57:58] [50/322] PSSM
[02:57:59] [51/322] RCOK
[02:58:00] [52/322] SCPF
[02:58:01] [53/322] SSAS
[02:58:02] [54/322] EVMM
[02:58:02] [55/322] SYCB
[02:58:03] [56/322] GCKI
[02:58:04] [57/322] IAET
[02:58:05] [58/322] DDTD
[02:58:06] [59/322] GMDH
[02:58:07] 🔄 Identity reset
[02:58:07] 🔄 Identity rotated (every 10 requests)
[02:58:08] [60/322] STLE
[02:58:09] [61/322] JTRA
[02:58:10] [62/322] RPPA
[02:58:10] [63/322] ARUT
[02:58:11] [64/322] JTVM
[02:58:12] [65/322] SWRH
[02:58:13] [66/322] DCPC
[02:58:14] [67/322] RAPR
[02:58:15] [68/322] GCRT
[02:58:16] [69/322] ATUN
[02:58:16] 🔄 Identity reset
[02:58:16] 🔄 Identity rotated (every 10 requests)
[02:58:16] [70/322] LTRM
[02:58:17] [71/322] TASR
[02:58:18] [72/322] RLLC
[02:58:19] [73/322] MABI
[02:58:20] [74/322] SVHB
[02:58:21] [75/322] NVTB
[02:58:22] [76/322] KCKG
[02:58:22] [77/322] SSRN
[02:58:23] [78/322] VDDC
[02:58:24] [79/322] GKTK
[02:58:25] 🔄 Identity reset
[02:58:25] 🔄 Identity rotated (every 10 requests)
[02:58:25] [80/322] YFSN
[02:58:26] [81/322] GCSG
[02:58:27] [82/322] ESSM
[02:58:27] [83/322] KRIH
[02:58:28] [84/322] GCDS
[02:58:29] [85/322] CCSH
[02:58:30] [86/322] ACSK
[02:58:31] [87/322] APRK
[02:58:32] [88/322] ADKM
[02:58:33] [89/322] SRDM
[02:58:34] 🔄 Identity reset
[02:58:34] 🔄 Identity rotated (every 10 requests)
[02:58:34] [90/322] SJMY
[02:58:35] [91/322] PGGC
[02:58:36] [92/322] INGM
[02:58:37] [93/322] LSCB
[02:58:38] [94/322] STAD
[02:58:39] [95/322] MCCR
[02:58:40] [96/322] ABCC
[02:58:41] [97/322] RKCC
[02:58:42] [98/322] RTCR
[02:58:43] [99/322] GGBC
[02:58:43] 🔄 Identity reset
[02:58:43] 🔄 Identity rotated (every 10 requests)
[02:58:43] [100/322] GCSD
[02:58:44] [101/322] LPTY
[02:58:45] [102/322] MCFD
[02:58:46] [103/322] HENN
[02:58:47] [104/322] SMKU
[02:58:48] [105/322] TNZC
[02:58:49] [106/322] DRCD
[02:58:50] [107/322] DLCD
[02:58:51] [108/322] RCDA
[02:58:52] [109/322] COSM
[02:58:52] 🔄 Identity reset
[02:58:52] 🔄 Identity rotated (every 10 requests)
[02:58:52] [110/322] MCMJ
[02:58:53] [111/322] CSTR
[02:58:55] [112/322] CVDK
[02:58:56] [113/322] INRR
[02:58:57] [114/322] RJRT
[02:58:58] [115/322] IRMR
[02:58:59] [116/322] SRCF
[02:59:00] [117/322] GRCR
[02:59:01] [118/322] SURC
[02:59:02] [119/322] NMNH
[02:59:03] 🔄 Identity reset
[02:59:03] 🔄 Identity rotated (every 10 requests)
[02:59:03] [120/322] SVBL
[02:59:04] [121/322] KACI
[02:59:05] [122/322] TDGO
[02:59:06] [123/322] KTBR
[02:59:06] [124/322] PMAD
[02:59:07] [125/322] CCPN
[02:59:08] [126/322] SBTK
[02:59:09] [127/322] LMDK
[02:59:10] [128/322] PGDA
[02:59:11] [129/322] SRML
[02:59:11] 🔄 Identity reset
[02:59:12] 🔄 Identity rotated (every 10 requests)
[02:59:12] 🔄 Retry 1/5 for SRML in 2.1s
[02:59:12] 🔄 Identity reset
[02:59:14] 🧠 New identity created
[02:59:14] 🔄 Retry 2/5 for SRML in 4.1s
[02:59:14] 🔄 Identity reset
[02:59:18] 🧠 New identity created
[02:59:18] [130/322] EVCK
[02:59:19] [131/322] RTTK
[02:59:20] [132/322] SRTU
[02:59:21] [133/322] VRSA
[02:59:23] [134/322] VARS
[02:59:24] [135/322] DSCZ
[02:59:24] [136/322] GAGA
[02:59:25] [137/322] SARV
[02:59:26] 🔄 Identity reset
[02:59:26] 🔄 Identity rotated (every 10 requests)
[02:59:26] [138/322] SEEG
[02:59:27] [139/322] GLCA
[02:59:28] [140/322] APAS
[02:59:29] [141/322] VCIA
[02:59:30] [142/322] SJTA
[02:59:31] [143/322] SABM
[02:59:31] [144/322] PPAG
[02:59:32] [145/322] RVCA
[02:59:33] [146/322] CCIA
[02:59:34] [147/322] HTAG
[02:59:34] 🔄 Identity reset
[02:59:35] 🔄 Identity rotated (every 10 requests)
[02:59:35] [148/322] SMBI
[02:59:36] [149/322] MCJR
[02:59:37] [150/322] CCJR
[02:59:38] [151/322] SINF
[02:59:39] [152/322] CPLX
[02:59:40] [153/322] KKTJ
[02:59:41] [154/322] GDBW
[02:59:43] [155/322] CSUB
[02:59:44] [156/322] DABA
[02:59:45] [157/322] TITR
[02:59:45] 🔄 Identity reset
[02:59:45] 🔄 Identity rotated (every 10 requests)
[02:59:46] [158/322] NYCR
[02:59:47] [159/322] RTRY
[02:59:49] [160/322] JTJL
[02:59:49] [161/322] SJCP
[02:59:51] [162/322] KCCA
[02:59:52] [163/322] MLPG
[02:59:53] [164/322] VRCK
[02:59:54] [165/322] SRIN
[02:59:54] [166/322] CXMK
[02:59:55] [167/322] SKAD
[02:59:56] 🔄 Identity reset
[02:59:56] 🔄 Identity rotated (every 10 requests)
[02:59:56] [168/322] AVTR
[02:59:57] [169/322] PTAJ
[02:59:58] [170/322] SCNK
[02:59:59] [171/322] STTI
[02:59:59] [172/322] KACR
[03:00:00] [173/322] SSDX
[03:00:01] [174/322] VRTJ
[03:00:02] [175/322] RAJD
[03:00:03] [176/322] SCIP
[03:00:04] [177/322] RJSL
[03:00:04] 🔄 Identity reset
[03:00:04] 🔄 Identity rotated (every 10 requests)
[03:00:04] 🔄 Retry 1/5 for RJSL in 2.5s
[03:00:04] 🔄 Identity reset
[03:00:07] 🧠 New identity created
[03:00:07] 🔄 Retry 2/5 for RJSL in 4.7s
[03:00:07] 🔄 Identity reset
[03:00:12] 🧠 New identity created
[03:00:12] [178/322] ARRS
[03:00:14] [179/322] ASMS
[03:00:15] [180/322] RDTS
[03:00:16] [181/322] DVMY
[03:00:17] [182/322] RASA
[03:00:18] [183/322] INOM
[03:00:18] [184/322] SPRS
[03:00:19] [185/322] SGCS
[03:00:20] 🔄 Identity reset
[03:00:20] 🔄 Identity rotated (every 10 requests)
[03:00:20] [186/322] SALM
[03:00:22] [187/322] PKHC
[03:00:23] [188/322] RCSV
[03:00:24] [189/322] CPKC
[03:00:25] [190/322] AACD
[03:00:26] [191/322] GGCV
[03:00:27] [192/322] SMKD
[03:00:28] [193/322] NBCH
[03:00:29] [194/322] AMCB
[03:00:29] [195/322] OPCN
[03:00:30] 🔄 Identity reset
[03:00:30] 🔄 Identity rotated (every 10 requests)
[03:00:30] [196/322] DCIN
[03:00:31] [197/322] INGW
[03:00:32] [198/322] PKKW
[03:00:33] [199/322] FNGW
[03:00:34] [200/322] GCGD
[03:00:35] [201/322] MSTW
[03:00:36] [202/322] KCCG
[03:00:37] [203/322] MRSS
[03:00:37] [204/322] CLCF
[03:00:38] [205/322] EETS
[03:00:39] 🔄 Identity reset
[03:00:39] 🔄 Identity rotated (every 10 requests)
[03:00:39] [206/322] AATR
[03:00:40] [207/322] CMMN
[03:00:41] [208/322] SCCJ
[03:00:42] [209/322] CDTK
[03:00:43] [210/322] AICP
[03:00:44] [211/322] FNBP
[03:00:45] [212/322] CBPB
[03:00:45] [213/322] CPAS
[03:00:46] [214/322] MAPM
[03:00:47] [215/322] PASD
[03:00:48] 🔄 Identity reset
[03:00:48] 🔄 Identity rotated (every 10 requests)
[03:00:48] [216/322] JCMN
[03:00:49] [217/322] MALB
[03:00:50] [218/322] SACG
[03:00:51] [219/322] DDRX
[03:00:52] [220/322] DDXB
[03:00:52] [221/322] RAMC
[03:00:53] [222/322] SANC
[03:00:54] [223/322] BCBP
[03:00:55] [224/322] ALPC
[03:00:56] [225/322] RBAC
[03:00:56] 🔄 Identity reset
[03:00:57] 🔄 Identity rotated (every 10 requests)
[03:00:57] [226/322] RAJL
[03:00:58] [227/322] MPDX
[03:00:59] [228/322] MUSC
[03:01:00] [229/322] VKMK
[03:01:01] [230/322] SKCG
[03:01:02] [231/322] ANCN
[03:01:03] [232/322] MMCJ
[03:01:04] [233/322] DCAK
[03:01:05] [234/322] SCKG
[03:01:06] [235/322] LMCK
[03:01:06] 🔄 Identity reset
[03:01:06] 🔄 Identity rotated (every 10 requests)
[03:01:07] [236/322] CKKX
[03:01:08] [237/322] ANKU
[03:01:09] [238/322] CSMD
[03:01:10] [239/322] MKMP
[03:01:11] [240/322] SVBG
[03:01:12] [241/322] ROOP
[03:01:12] [242/322] GDMT
[03:01:13] [243/322] FPPF
[03:01:15] [244/322] SFUU
[03:01:16] [245/322] ANCB
[03:01:16] 🔄 Identity reset
[03:01:16] 🔄 Identity rotated (every 10 requests)
[03:01:17] [246/322] SMMC
[03:01:18] [247/322] UGKT
[03:01:19] [248/322] JVRM
[03:01:20] [249/322] BATG
[03:01:22] [250/322] RATE
[03:01:23] [251/322] SKME
[03:01:24] [252/322] LMTP
[03:01:26] [253/322] TCBD
[03:01:27] [254/322] ESBD
[03:01:27] [255/322] GDCU
[03:01:28] 🔄 Identity reset
[03:01:28] 🔄 Identity rotated (every 10 requests)
[03:01:28] [256/322] SNKT
[03:01:29] [257/322] SRNK
[03:01:30] [258/322] SMED
[03:01:31] [259/322] CSQS
[03:01:32] [260/322] ALCS
[03:01:33] [261/322] KCKN
[03:01:34] [262/322] VCCL
[03:01:35] [263/322] MCDA
[03:01:35] [264/322] SHMI
[03:01:36] [265/322] SKHA
[03:01:37] 🔄 Identity reset
[03:01:37] 🔄 Identity rotated (every 10 requests)
[03:01:37] [266/322] SVFK
[03:01:38] [267/322] INVB
[03:01:40] [268/322] MELD
[03:01:41] [269/322] JTYS
[03:01:42] [270/322] INCM
[03:01:43] [271/322] MCDV
[03:01:44] [272/322] KSGK
[03:01:45] [273/322] ICMG
[03:01:46] [274/322] CSCV
[03:01:47] [275/322] STMD
[03:01:48] 🔄 Identity reset
[03:01:48] 🔄 Identity rotated (every 10 requests)
[03:01:48] 🔄 Retry 1/5 for STMD in 2.6s
[03:01:48] 🔄 Identity reset
[03:01:50] 🧠 New identity created
[03:01:51] [276/322] STTR
[03:01:52] [277/322] INVC
[03:01:53] [278/322] JTBL
[03:01:53] [279/322] SRVV
[03:01:54] [280/322] MAVC
[03:01:55] [281/322] SRPP
[03:01:56] [282/322] JGDM
[03:01:57] [283/322] MBSJ
[03:01:58] [284/322] SSLL
[03:01:58] 🔄 Identity reset
[03:01:58] 🔄 Identity rotated (every 10 requests)
[03:01:58] 🔄 Retry 1/5 for SSLL in 2.8s
[03:01:58] 🔄 Identity reset
[03:02:01] 🧠 New identity created
[03:02:01] [285/322] SLKP
[03:02:02] [286/322] NSRV
[03:02:03] [287/322] UTDV
[03:02:04] [288/322] KICM
[03:02:05] [289/322] KCMD
[03:02:06] [290/322] TTPP
[03:02:07] [291/322] KMPV
[03:02:07] [292/322] SKTV
[03:02:08] [293/322] STCV
[03:02:09] 🔄 Identity reset
[03:02:09] 🔄 Identity rotated (every 10 requests)
[03:02:09] [294/322] SRDA
[03:02:10] [295/322] JTSX
[03:02:11] [296/322] STBV
[03:02:12] [297/322] APVZ
[03:02:13] [298/322] GSTV
[03:02:14] [299/322] NMVS
[03:02:15] [300/322] SKRT
[03:02:16] [301/322] RMDV
[03:02:16] [302/322] RATG
[03:02:17] [303/322] SJYV
[03:02:18] 🔄 Identity reset
[03:02:18] 🔄 Identity rotated (every 10 requests)
[03:02:18] 🔄 Retry 1/5 for SJYV in 2.8s
[03:02:18] 🔄 Identity reset
[03:02:21] 🧠 New identity created
[03:02:22] [304/322] NDGP
[03:02:23] [305/322] SNDG
[03:02:24] [306/322] INSR
[03:02:24] [307/322] INSO
[03:02:25] [308/322] CCSI
[03:02:26] [309/322] RASM
[03:02:27] [310/322] NEWC
[03:02:28] [311/322] VSHL
[03:02:29] [312/322] BISW
[03:02:29] 🔄 Identity reset
[03:02:30] 🔄 Identity rotated (every 10 requests)
[03:02:30] 🔄 Retry 1/5 for BISW in 2.7s
[03:02:30] 🔄 Identity reset
[03:02:32] 🧠 New identity created
[03:02:33] [313/322] GCNG
[03:02:33] [314/322] CWSC
[03:02:34] [315/322] SKAN
[03:02:36] [316/322] CCOA
[03:02:37] [317/322] MCAJ
[03:02:38] [318/322] ACDE
[03:02:39] [319/322] AACM
[03:02:39] [320/322] JJCK
[03:02:40] [321/322] RCMO
[03:02:41] 🔄 Identity reset
[03:02:41] 🔄 Identity rotated (every 10 requests)
[03:02:41] [322/322] GDAW
[03:02:42] 🧹 Deduping shows
[03:02:42] ✅ DONE | Shows=1990 | Movies=48
[08:37:14] 🚀 SCRIPT STARTED (enhanced anti‑detection)
[08:37:14] [1/322] CDCA
[08:37:14] 🧠 New identity created
[08:37:15] [2/322] VBCZ
[08:37:16] [3/322] MSDR
[08:37:17] [4/322] ACPV
[08:37:18] [5/322] PVHB
[08:37:19] [6/322] RCNH
[08:37:19] [7/322] IOMH
[08:37:20] [8/322] ILKS
[08:37:21] [9/322] AMSN
[08:37:22] [10/322] ANTP
[08:37:23] 🔄 Identity reset
[08:37:23] 🔄 Identity rotated (every 10 requests)
[08:37:23] [11/322] SSEK
[08:37:24] [12/322] PICP
[08:37:25] [13/322] SICO
[08:37:25] [14/322] SISP
[08:37:26] [15/322] SCPI
[08:37:27] [16/322] CRPR
[08:37:28] [17/322] DCTW
[08:37:29] [18/322] DCSP
[08:37:30] [19/322] KRPM
[08:37:31] [20/322] THKK
[08:37:32] 🔄 Identity reset
[08:37:32] 🔄 Identity rotated (every 10 requests)
[08:37:32] [21/322] SNMY
[08:37:33] [22/322] AKCC
[08:37:34] [23/322] PCAT
[08:37:34] [24/322] RFGO
[08:37:35] [25/322] GGCS
[08:37:36] [26/322] ACKR
[08:37:37] [27/322] STDO
[08:37:38] [28/322] ACKB
[08:37:39] [29/322] ALUC
[08:37:39] [30/322] MNSR
[08:37:40] 🔄 Identity reset
[08:37:40] 🔄 Identity rotated (every 10 requests)
[08:37:40] 🔄 Retry 1/5 for MNSR in 2.3s
[08:37:40] 🔄 Identity reset
[08:37:42] 🧠 New identity created
[08:37:43] [31/322] CSSL
[08:37:44] [32/322] BGGM
[08:37:45] [33/322] MANT
[08:37:45] [34/322] SOOY
[08:37:46] [35/322] VPPK
[08:37:47] [36/322] MYHJ
[08:37:48] [37/322] KSCK
[08:37:49] [38/322] KATK
[08:37:50] [39/322] RTRT
[08:37:50] 🔄 Identity reset
[08:37:50] 🔄 Identity rotated (every 10 requests)
[08:37:51] [40/322] SSTT
[08:37:51] [41/322] SSTV
[08:37:52] [42/322] LACM
[08:37:53] [43/322] SGMG
[08:37:55] [44/322] KACX
[08:37:57] [45/322] GVCP
[08:37:58] [46/322] CSNC
[08:37:59] [47/322] SXCB
[08:38:00] [48/322] BAHS
[08:38:01] [49/322] PCBI
[08:38:01] 🔄 Identity reset
[08:38:01] 🔄 Identity rotated (every 10 requests)
[08:38:01] 🔄 Retry 1/5 for PCBI in 2.0s
[08:38:01] 🔄 Identity reset
[08:38:03] 🧠 New identity created
[08:38:03] 🔄 Retry 2/5 for PCBI in 4.5s
[08:38:03] 🔄 Identity reset
[08:38:08] 🧠 New identity created
[08:38:08] 🔄 Retry 3/5 for PCBI in 8.2s
[08:38:08] 🔄 Identity reset
[08:38:16] 🧠 New identity created
[08:38:16] [50/322] PSSM
[08:38:17] [51/322] RCOK
[08:38:18] [52/322] SCPF
[08:38:19] [53/322] SSAS
[08:38:20] [54/322] EVMM
[08:38:21] [55/322] SYCB
[08:38:22] [56/322] GCKI
[08:38:23] 🔄 Identity reset
[08:38:23] 🔄 Identity rotated (every 10 requests)
[08:38:23] [57/322] IAET
[08:38:24] [58/322] DDTD
[08:38:25] [59/322] GMDH
[08:38:26] [60/322] STLE
[08:38:27] [61/322] JTRA
[08:38:27] [62/322] RPPA
[08:38:28] [63/322] ARUT
[08:38:29] [64/322] JTVM
[08:38:30] [65/322] SWRH
[08:38:31] [66/322] DCPC
[08:38:32] 🔄 Identity reset
[08:38:32] 🔄 Identity rotated (every 10 requests)
[08:38:32] [67/322] RAPR
[08:38:33] [68/322] GCRT
[08:38:34] [69/322] ATUN
[08:38:35] [70/322] LTRM
[08:38:36] [71/322] TASR
[08:38:37] [72/322] RLLC
[08:38:37] [73/322] MABI
[08:38:38] [74/322] SVHB
[08:38:39] [75/322] NVTB
[08:38:40] [76/322] KCKG
[08:38:40] 🔄 Identity reset
[08:38:40] 🔄 Identity rotated (every 10 requests)
[08:38:40] 🔄 Retry 1/5 for KCKG in 2.4s
[08:38:40] 🔄 Identity reset
[08:38:43] 🧠 New identity created
[08:38:43] [77/322] SSRN
[08:38:44] [78/322] VDDC
[08:38:45] [79/322] GKTK
[08:38:46] [80/322] YFSN
[08:38:47] [81/322] GCSG
[08:38:47] [82/322] ESSM
[08:38:48] [83/322] KRIH
[08:38:49] [84/322] GCDS
[08:38:50] [85/322] CCSH
[08:38:51] 🔄 Identity reset
[08:38:51] 🔄 Identity rotated (every 10 requests)
[08:38:51] [86/322] ACSK
[08:38:52] [87/322] APRK
[08:38:53] [88/322] ADKM
[08:38:53] [89/322] SRDM
[08:38:54] [90/322] SJMY
[08:38:55] [91/322] PGGC
[08:38:56] [92/322] INGM
[08:38:58] [93/322] LSCB
[08:38:58] [94/322] STAD
[08:38:59] [95/322] MCCR
[08:39:00] 🔄 Identity reset
[08:39:00] 🔄 Identity rotated (every 10 requests)
[08:39:00] [96/322] ABCC
[08:39:01] [97/322] RKCC
[08:39:02] [98/322] RTCR
[08:39:03] [99/322] GGBC
[08:39:04] [100/322] GCSD
[08:39:05] [101/322] LPTY
[08:39:06] [102/322] MCFD
[08:39:07] [103/322] HENN
[08:39:08] [104/322] SMKU
[08:39:09] [105/322] TNZC
[08:39:09] 🔄 Identity reset
[08:39:09] 🔄 Identity rotated (every 10 requests)
[08:39:10] [106/322] DRCD
[08:39:11] [107/322] DLCD
[08:39:12] [108/322] RCDA
[08:39:13] [109/322] COSM
[08:39:13] [110/322] MCMJ
[08:39:14] [111/322] CSTR
[08:39:15] [112/322] CVDK
[08:39:16] [113/322] INRR
[08:39:17] [114/322] RJRT
[08:39:18] [115/322] IRMR
[08:39:19] 🔄 Identity reset
[08:39:19] 🔄 Identity rotated (every 10 requests)
[08:39:19] [116/322] SRCF
[08:39:20] [117/322] GRCR
[08:39:21] [118/322] SURC
[08:39:22] [119/322] NMNH
[08:39:23] [120/322] SVBL
[08:39:24] [121/322] KACI
[08:39:25] [122/322] TDGO
[08:39:26] [123/322] KTBR
[08:39:27] [124/322] PMAD
[08:39:27] [125/322] CCPN
[08:39:28] 🔄 Identity reset
[08:39:28] 🔄 Identity rotated (every 10 requests)
[08:39:28] [126/322] SBTK
[08:39:29] [127/322] LMDK
[08:39:30] [128/322] PGDA
[08:39:31] [129/322] SRML
[08:39:32] [130/322] EVCK
[08:39:33] [131/322] RTTK
[08:39:34] [132/322] SRTU
[08:39:35] [133/322] VRSA
[08:39:36] [134/322] VARS
[08:39:36] [135/322] DSCZ
[08:39:37] 🔄 Identity reset
[08:39:37] 🔄 Identity rotated (every 10 requests)
[08:39:37] 🔄 Retry 1/5 for DSCZ in 2.2s
[08:39:37] 🔄 Identity reset
[08:39:39] 🧠 New identity created
[08:39:39] 🔄 Retry 2/5 for DSCZ in 4.8s
[08:39:39] 🔄 Identity reset
[08:39:44] 🧠 New identity created
[08:39:44] 🔄 Retry 3/5 for DSCZ in 8.4s
[08:39:44] 🔄 Identity reset
[08:39:53] 🧠 New identity created
[08:39:53] [136/322] GAGA
[08:39:54] [137/322] SARV
[08:39:55] [138/322] SEEG
[08:39:56] [139/322] GLCA
[08:39:57] [140/322] APAS
[08:39:58] [141/322] VCIA
[08:39:59] [142/322] SJTA
[08:39:59] 🔄 Identity reset
[08:39:59] 🔄 Identity rotated (every 10 requests)
[08:40:00] [143/322] SABM
[08:40:01] [144/322] PPAG
[08:40:02] [145/322] RVCA
[08:40:03] [146/322] CCIA
[08:40:04] [147/322] HTAG
[08:40:05] [148/322] SMBI
[08:40:06] [149/322] MCJR
[08:40:07] [150/322] CCJR
[08:40:08] [151/322] SINF
[08:40:09] [152/322] CPLX
[08:40:10] 🔄 Identity reset
[08:40:10] 🔄 Identity rotated (every 10 requests)
[08:40:10] [153/322] KKTJ
[08:40:11] [154/322] GDBW
[08:40:12] [155/322] CSUB
[08:40:13] [156/322] DABA
[08:40:14] [157/322] TITR
[08:40:15] [158/322] NYCR
[08:40:15] [159/322] RTRY
[08:40:16] [160/322] JTJL
[08:40:17] [161/322] SJCP
[08:40:18] [162/322] KCCA
[08:40:19] 🔄 Identity reset
[08:40:19] 🔄 Identity rotated (every 10 requests)
[08:40:19] [163/322] MLPG
[08:40:20] [164/322] VRCK
[08:40:21] [165/322] SRIN
[08:40:22] [166/322] CXMK
[08:40:22] [167/322] SKAD
[08:40:23] [168/322] AVTR
[08:40:24] [169/322] PTAJ
[08:40:25] [170/322] SCNK
[08:40:26] [171/322] STTI
[08:40:27] [172/322] KACR
[08:40:27] 🔄 Identity reset
[08:40:27] 🔄 Identity rotated (every 10 requests)
[08:40:28] [173/322] SSDX
[08:40:29] [174/322] VRTJ
[08:40:30] [175/322] RAJD
[08:40:31] [176/322] SCIP
[08:40:33] [177/322] RJSL
[08:40:34] [178/322] ARRS
[08:40:35] [179/322] ASMS
[08:40:36] [180/322] RDTS
[08:40:37] [181/322] DVMY
[08:40:38] [182/322] RASA
[08:40:39] 🔄 Identity reset
[08:40:39] 🔄 Identity rotated (every 10 requests)
[08:40:39] 🔄 Retry 1/5 for RASA in 2.5s
[08:40:39] 🔄 Identity reset
[08:40:41] 🧠 New identity created
[08:40:42] [183/322] INOM
[08:40:42] [184/322] SPRS
[08:40:43] [185/322] SGCS
[08:40:44] [186/322] SALM
[08:40:45] [187/322] PKHC
[08:40:46] [188/322] RCSV
[08:40:47] [189/322] CPKC
[08:40:48] [190/322] AACD
[08:40:49] [191/322] GGCV
[08:40:50] 🔄 Identity reset
[08:40:50] 🔄 Identity rotated (every 10 requests)
[08:40:50] [192/322] SMKD
[08:40:51] [193/322] NBCH
[08:40:52] [194/322] AMCB
[08:40:52] [195/322] OPCN
[08:40:53] [196/322] DCIN
[08:40:54] [197/322] INGW
[08:40:55] [198/322] PKKW
[08:40:56] [199/322] FNGW
[08:40:57] [200/322] GCGD
[08:40:58] [201/322] MSTW
[08:40:59] 🔄 Identity reset
[08:40:59] 🔄 Identity rotated (every 10 requests)
[08:41:00] [202/322] KCCG
[08:41:01] [203/322] MRSS
[08:41:02] [204/322] CLCF
[08:41:03] [205/322] EETS
[08:41:04] [206/322] AATR
[08:41:04] [207/322] CMMN
[08:41:05] [208/322] SCCJ
[08:41:06] [209/322] CDTK
[08:41:07] [210/322] AICP
[08:41:08] [211/322] FNBP
[08:41:08] 🔄 Identity reset
[08:41:08] 🔄 Identity rotated (every 10 requests)
[08:41:09] [212/322] CBPB
[08:41:10] [213/322] CPAS
[08:41:10] [214/322] MAPM
[08:41:11] [215/322] PASD
[08:41:13] [216/322] JCMN
[08:41:14] [217/322] MALB
[08:41:15] [218/322] SACG
[08:41:16] [219/322] DDRX
[08:41:16] [220/322] DDXB
[08:41:17] [221/322] RAMC
[08:41:18] 🔄 Identity reset
[08:41:18] 🔄 Identity rotated (every 10 requests)
[08:41:19] [222/322] SANC
[08:41:20] [223/322] BCBP
[08:41:20] [224/322] ALPC
[08:41:21] [225/322] RBAC
[08:41:22] [226/322] RAJL
[08:41:23] [227/322] MPDX
[08:41:24] [228/322] MUSC
[08:41:25] [229/322] VKMK
[08:41:26] [230/322] SKCG
[08:41:27] [231/322] ANCN
[08:41:28] 🔄 Identity reset
[08:41:28] 🔄 Identity rotated (every 10 requests)
[08:41:28] 🔄 Retry 1/5 for ANCN in 2.3s
[08:41:28] 🔄 Identity reset
[08:41:30] 🧠 New identity created
[08:41:30] [232/322] MMCJ
[08:41:31] [233/322] DCAK
[08:41:32] [234/322] SCKG
[08:41:33] [235/322] LMCK
[08:41:33] [236/322] CKKX
[08:41:34] [237/322] ANKU
[08:41:36] [238/322] CSMD
[08:41:37] [239/322] MKMP
[08:41:37] [240/322] SVBG
[08:41:38] 🔄 Identity reset
[08:41:38] 🔄 Identity rotated (every 10 requests)
[08:41:38] 🔄 Retry 1/5 for SVBG in 2.3s
[08:41:38] 🔄 Identity reset
[08:41:41] 🧠 New identity created
[08:41:41] [241/322] ROOP
[08:41:42] [242/322] GDMT
[08:41:43] [243/322] FPPF
[08:41:44] [244/322] SFUU
[08:41:45] [245/322] ANCB
[08:41:46] [246/322] SMMC
[08:41:47] [247/322] UGKT
[08:41:48] [248/322] JVRM
[08:41:49] [249/322] BATG
[08:41:49] 🔄 Identity reset
[08:41:49] 🔄 Identity rotated (every 10 requests)
[08:41:50] [250/322] RATE
[08:41:50] [251/322] SKME
[08:41:51] [252/322] LMTP
[08:41:52] [253/322] TCBD
[08:41:53] [254/322] ESBD
[08:41:54] [255/322] GDCU
[08:41:55] [256/322] SNKT
[08:41:56] [257/322] SRNK
[08:41:57] [258/322] SMED
[08:41:58] [259/322] CSQS
[08:41:58] 🔄 Identity reset
[08:41:58] 🔄 Identity rotated (every 10 requests)
[08:41:59] [260/322] ALCS
[08:42:00] [261/322] KCKN
[08:42:01] [262/322] VCCL
[08:42:01] [263/322] MCDA
[08:42:02] [264/322] SHMI
[08:42:03] [265/322] SKHA
[08:42:04] [266/322] SVFK
[08:42:05] [267/322] INVB
[08:42:06] [268/322] MELD
[08:42:07] [269/322] JTYS
[08:42:07] 🔄 Identity reset
[08:42:07] 🔄 Identity rotated (every 10 requests)
[08:42:08] [270/322] INCM
[08:42:08] [271/322] MCDV
[08:42:09] [272/322] KSGK
[08:42:10] [273/322] ICMG
[08:42:11] [274/322] CSCV
[08:42:12] [275/322] STMD
[08:42:13] [276/322] STTR
[08:42:14] [277/322] INVC
[08:42:15] [278/322] JTBL
[08:42:16] [279/322] SRVV
[08:42:17] 🔄 Identity reset
[08:42:17] 🔄 Identity rotated (every 10 requests)
[08:42:17] [280/322] MAVC
[08:42:18] [281/322] SRPP
[08:42:19] [282/322] JGDM
[08:42:20] [283/322] MBSJ
[08:42:21] [284/322] SSLL
[08:42:22] [285/322] SLKP
[08:42:23] [286/322] NSRV
[08:42:24] [287/322] UTDV
[08:42:25] [288/322] KICM
[08:42:25] [289/322] KCMD
[08:42:26] 🔄 Identity reset
[08:42:26] 🔄 Identity rotated (every 10 requests)
[08:42:26] [290/322] TTPP
[08:42:27] [291/322] KMPV
[08:42:28] [292/322] SKTV
[08:42:29] [293/322] STCV
[08:42:30] [294/322] SRDA
[08:42:31] [295/322] JTSX
[08:42:32] [296/322] STBV
[08:42:33] [297/322] APVZ
[08:42:34] [298/322] GSTV
[08:42:34] [299/322] NMVS
[08:42:35] 🔄 Identity reset
[08:42:35] 🔄 Identity rotated (every 10 requests)
[08:42:36] [300/322] SKRT
[08:42:37] [301/322] RMDV
[08:42:38] [302/322] RATG
[08:42:38] [303/322] SJYV
[08:42:39] [304/322] NDGP
[08:42:40] [305/322] SNDG
[08:42:41] [306/322] INSR
[08:42:42] [307/322] INSO
[08:42:43] [308/322] CCSI
[08:42:44] [309/322] RASM
[08:42:44] 🔄 Identity reset
[08:42:44] 🔄 Identity rotated (every 10 requests)
[08:42:44] [310/322] NEWC
[08:42:45] [311/322] VSHL
[08:42:46] [312/322] BISW
[08:42:47] [313/322] GCNG
[08:42:48] [314/322] CWSC
[08:42:49] [315/322] SKAN
[08:42:50] [316/322] CCOA
[08:42:50] [317/322] MCAJ
[08:42:51] [318/322] ACDE
[08:42:53] [319/322] AACM
[08:42:54] 🔄 Identity reset
[08:42:54] 🔄 Identity rotated (every 10 requests)
[08:42:54] [320/322] JJCK
[08:42:55] [321/322] RCMO
[08:42:56] [322/322] GDAW
[08:42:57] 🧹 Deduping shows
[08:42:57] ✅ DONE | Shows=1994 | Movies=48
[12:38:26] 🚀 SCRIPT STARTED (enhanced anti‑detection)
[12:38:26] [1/322] CDCA
[12:38:27] 🧠 New identity created
[12:38:27] [2/322] VBCZ
[12:38:28] [3/322] MSDR
[12:38:28] [4/322] ACPV
[12:38:29] [5/322] PVHB
[12:38:30] [6/322] RCNH
[12:38:31] [7/322] IOMH
[12:38:32] [8/322] ILKS
[12:38:33] [9/322] AMSN
[12:38:33] [10/322] ANTP
[12:38:34] 🔄 Identity reset
[12:38:34] 🔄 Identity rotated (every 10 requests)
[12:38:34] [11/322] SSEK
[12:38:35] [12/322] PICP
[12:38:37] [13/322] SICO
[12:38:38] [14/322] SISP
[12:38:38] [15/322] SCPI
[12:38:39] [16/322] CRPR
[12:38:40] [17/322] DCTW
[12:38:41] [18/322] DCSP
[12:38:42] [19/322] KRPM
[12:38:42] [20/322] THKK
[12:38:43] 🔄 Identity reset
[12:38:43] 🔄 Identity rotated (every 10 requests)
[12:38:43] [21/322] SNMY
[12:38:44] [22/322] AKCC
[12:38:45] [23/322] PCAT
[12:38:46] [24/322] RFGO
[12:38:47] [25/322] GGCS
[12:38:48] [26/322] ACKR
[12:38:49] [27/322] STDO
[12:38:50] [28/322] ACKB
[12:38:50] [29/322] ALUC
[12:38:52] [30/322] MNSR
[12:38:52] 🔄 Identity reset
[12:38:52] 🔄 Identity rotated (every 10 requests)
[12:38:52] 🔄 Retry 1/5 for MNSR in 2.8s
[12:38:52] 🔄 Identity reset
[12:38:55] 🧠 New identity created
[12:38:55] [31/322] CSSL
[12:38:56] [32/322] BGGM
[12:38:57] [33/322] MANT
[12:38:58] [34/322] SOOY
[12:38:59] [35/322] VPPK
[12:39:00] [36/322] MYHJ
[12:39:01] [37/322] KSCK
[12:39:02] [38/322] KATK
[12:39:02] [39/322] RTRT
[12:39:03] 🔄 Identity reset
[12:39:03] 🔄 Identity rotated (every 10 requests)
[12:39:03] [40/322] SSTT
[12:39:04] [41/322] SSTV
[12:39:05] [42/322] LACM
[12:39:06] [43/322] SGMG
[12:39:07] [44/322] KACX
[12:39:08] [45/322] GVCP
[12:39:09] [46/322] CSNC
[12:39:10] [47/322] SXCB
[12:39:10] [48/322] BAHS
[12:39:11] [49/322] PCBI
[12:39:12] 🔄 Identity reset
[12:39:12] 🔄 Identity rotated (every 10 requests)
[12:39:12] [50/322] PSSM
[12:39:13] [51/322] RCOK
[12:39:14] [52/322] SCPF
[12:39:15] [53/322] SSAS
[12:39:16] [54/322] EVMM
[12:39:17] [55/322] SYCB
[12:39:18] [56/322] GCKI
[12:39:18] [57/322] IAET
[12:39:19] [58/322] DDTD
[12:39:20] [59/322] GMDH
[12:39:21] 🔄 Identity reset
[12:39:21] 🔄 Identity rotated (every 10 requests)
[12:39:22] [60/322] STLE
[12:39:23] [61/322] JTRA
[12:39:24] [62/322] RPPA
[12:39:24] [63/322] ARUT
[12:39:25] [64/322] JTVM
[12:39:27] [65/322] SWRH
[12:39:27] [66/322] DCPC
[12:39:29] [67/322] RAPR
[12:39:30] [68/322] GCRT
[12:39:30] [69/322] ATUN
[12:39:31] 🔄 Identity reset
[12:39:31] 🔄 Identity rotated (every 10 requests)
[12:39:31] [70/322] LTRM
[12:39:32] [71/322] TASR
[12:39:33] [72/322] RLLC
[12:39:34] [73/322] MABI
[12:39:35] [74/322] SVHB
[12:39:35] [75/322] NVTB
[12:39:36] [76/322] KCKG
[12:39:37] [77/322] SSRN
[12:39:39] [78/322] VDDC
[12:39:39] [79/322] GKTK
[12:39:40] 🔄 Identity reset
[12:39:40] 🔄 Identity rotated (every 10 requests)
[12:39:40] [80/322] YFSN
[12:39:41] [81/322] GCSG
[12:39:43] [82/322] ESSM
[12:39:44] [83/322] KRIH
[12:39:44] [84/322] GCDS
[12:39:45] [85/322] CCSH
[12:39:46] [86/322] ACSK
[12:39:47] [87/322] APRK
[12:39:48] [88/322] ADKM
[12:39:49] [89/322] SRDM
[12:39:49] 🔄 Identity reset
[12:39:49] 🔄 Identity rotated (every 10 requests)
[12:39:49] 🔄 Retry 1/5 for SRDM in 2.1s
[12:39:49] 🔄 Identity reset
[12:39:51] 🧠 New identity created
[12:39:51] 🔄 Retry 2/5 for SRDM in 4.6s
[12:39:51] 🔄 Identity reset
[12:39:56] 🧠 New identity created
[12:39:56] 🔄 Retry 3/5 for SRDM in 8.8s
[12:39:56] 🔄 Identity reset
[12:40:05] 🧠 New identity created
[12:40:05] 🔄 Retry 4/5 for SRDM in 16.9s
[12:40:05] 🔄 Identity reset
[12:40:22] 🧠 New identity created
[12:40:22] ❌ SRDM failed after 5 attempts
[12:40:22] 🔄 Identity reset
[12:40:22] ❌ SRDM final failure | RuntimeError | HTTP 403
[12:40:22] [90/322] SJMY
[12:40:23] 🧠 New identity created
[12:40:23] [91/322] PGGC
[12:40:24] [92/322] INGM
[12:40:25] [93/322] LSCB
[12:40:26] [94/322] STAD
[12:40:27] [95/322] MCCR
[12:40:27] 🔄 Identity reset
[12:40:27] 🔄 Identity rotated (every 10 requests)
[12:40:27] 🔄 Retry 1/5 for MCCR in 2.8s
[12:40:27] 🔄 Identity reset
[12:40:30] 🧠 New identity created
[12:40:30] [96/322] ABCC
[12:40:31] [97/322] RKCC
[12:40:32] [98/322] RTCR
[12:40:33] [99/322] GGBC
[12:40:33] [100/322] GCSD
[12:40:34] [101/322] LPTY
[12:40:35] [102/322] MCFD
[12:40:36] [103/322] HENN
[12:40:37] [104/322] SMKU
[12:40:38] 🔄 Identity reset
[12:40:38] 🔄 Identity rotated (every 10 requests)
[12:40:38] 🔄 Retry 1/5 for SMKU in 2.6s
[12:40:38] 🔄 Identity reset
[12:40:40] 🧠 New identity created
[12:40:41] [105/322] TNZC
[12:40:41] [106/322] DRCD
[12:40:42] [107/322] DLCD
[12:40:43] [108/322] RCDA
[12:40:44] [109/322] COSM
[12:40:45] [110/322] MCMJ
[12:40:46] [111/322] CSTR
[12:40:47] [112/322] CVDK
[12:40:48] [113/322] INRR
[12:40:49] 🔄 Identity reset
[12:40:49] 🔄 Identity rotated (every 10 requests)
[12:40:49] [114/322] RJRT
[12:40:50] [115/322] IRMR
[12:40:51] [116/322] SRCF
[12:40:51] [117/322] GRCR
[12:40:52] [118/322] SURC
[12:40:53] [119/322] NMNH
[12:40:54] [120/322] SVBL
[12:40:54] [121/322] KACI
[12:40:55] [122/322] TDGO
[12:40:56] [123/322] KTBR
[12:40:57] 🔄 Identity reset
[12:40:57] 🔄 Identity rotated (every 10 requests)
[12:40:57] 🔄 Retry 1/5 for KTBR in 2.9s
[12:40:57] 🔄 Identity reset
[12:41:00] 🧠 New identity created
[12:41:00] [124/322] PMAD
[12:41:01] [125/322] CCPN
[12:41:02] [126/322] SBTK
[12:41:03] [127/322] LMDK
[12:41:04] [128/322] PGDA
[12:41:05] [129/322] SRML
[12:41:06] [130/322] EVCK
[12:41:07] [131/322] RTTK
[12:41:09] [132/322] SRTU
[12:41:09] 🔄 Identity reset
[12:41:09] 🔄 Identity rotated (every 10 requests)
[12:41:10] 🔄 Retry 1/5 for SRTU in 2.5s
[12:41:10] 🔄 Identity reset
[12:41:12] 🧠 New identity created
[12:41:12] [133/322] VRSA
[12:41:13] [134/322] VARS
[12:41:15] [135/322] DSCZ
[12:41:16] [136/322] GAGA
[12:41:16] [137/322] SARV
[12:41:17] [138/322] SEEG
[12:41:18] [139/322] GLCA
[12:41:19] [140/322] APAS
[12:41:20] [141/322] VCIA
[12:41:20] 🔄 Identity reset
[12:41:20] 🔄 Identity rotated (every 10 requests)
[12:41:20] 🔄 Retry 1/5 for VCIA in 2.8s
[12:41:20] 🔄 Identity reset
[12:41:23] 🧠 New identity created
[12:41:24] [142/322] SJTA
[12:41:25] [143/322] SABM
[12:41:26] [144/322] PPAG
[12:41:27] [145/322] RVCA
[12:41:28] [146/322] CCIA
[12:41:29] [147/322] HTAG
[12:41:29] [148/322] SMBI
[12:41:30] [149/322] MCJR
[12:41:31] [150/322] CCJR
[12:41:32] 🔄 Identity reset
[12:41:32] 🔄 Identity rotated (every 10 requests)
[12:41:32] [151/322] SINF
[12:41:33] [152/322] CPLX
[12:41:34] [153/322] KKTJ
[12:41:34] [154/322] GDBW
[12:41:35] [155/322] CSUB
[12:41:36] [156/322] DABA
[12:41:37] [157/322] TITR
[12:41:38] [158/322] NYCR
[12:41:39] [159/322] RTRY
[12:41:40] [160/322] JTJL
[12:41:40] 🔄 Identity reset
[12:41:40] 🔄 Identity rotated (every 10 requests)
[12:41:41] [161/322] SJCP
[12:41:42] [162/322] KCCA
[12:41:42] [163/322] MLPG
[12:41:43] [164/322] VRCK
[12:41:44] [165/322] SRIN
[12:41:45] [166/322] CXMK
[12:41:46] [167/322] SKAD
[12:41:47] [168/322] AVTR
[12:41:48] [169/322] PTAJ
[12:41:49] [170/322] SCNK
[12:41:49] 🔄 Identity reset
[12:41:49] 🔄 Identity rotated (every 10 requests)
[12:41:50] [171/322] STTI
[12:41:51] [172/322] KACR
[12:41:52] [173/322] SSDX
[12:41:53] [174/322] VRTJ
[12:41:54] [175/322] RAJD
[12:41:55] [176/322] SCIP
[12:41:55] [177/322] RJSL
[12:41:56] [178/322] ARRS
[12:41:57] [179/322] ASMS
[12:41:58] [180/322] RDTS
[12:41:59] 🔄 Identity reset
[12:41:59] 🔄 Identity rotated (every 10 requests)
[12:41:59] [181/322] DVMY
[12:42:00] [182/322] RASA
[12:42:01] [183/322] INOM
[12:42:01] [184/322] SPRS
[12:42:02] [185/322] SGCS
[12:42:04] [186/322] SALM
[12:42:04] [187/322] PKHC
[12:42:05] [188/322] RCSV
[12:42:06] [189/322] CPKC
[12:42:07] [190/322] AACD
[12:42:07] 🔄 Identity reset
[12:42:07] 🔄 Identity rotated (every 10 requests)
[12:42:07] 🔄 Retry 1/5 for AACD in 2.6s
[12:42:07] 🔄 Identity reset
[12:42:10] 🧠 New identity created
[12:42:10] 🔄 Retry 2/5 for AACD in 4.3s
[12:42:10] 🔄 Identity reset
[12:42:14] 🧠 New identity created
[12:42:15] [191/322] GGCV
[12:42:16] [192/322] SMKD
[12:42:16] [193/322] NBCH
[12:42:17] [194/322] AMCB
[12:42:18] [195/322] OPCN
[12:42:19] [196/322] DCIN
[12:42:21] [197/322] INGW
[12:42:22] [198/322] PKKW
[12:42:22] 🔄 Identity reset
[12:42:22] 🔄 Identity rotated (every 10 requests)
[12:42:22] [199/322] FNGW
[12:42:23] [200/322] GCGD
[12:42:24] [201/322] MSTW
[12:42:25] [202/322] KCCG
[12:42:26] [203/322] MRSS
[12:42:27] [204/322] CLCF
[12:42:28] [205/322] EETS
[12:42:29] [206/322] AATR
[12:42:30] [207/322] CMMN
[12:42:31] [208/322] SCCJ
[12:42:31] 🔄 Identity reset
[12:42:31] 🔄 Identity rotated (every 10 requests)
[12:42:31] 🔄 Retry 1/5 for SCCJ in 2.4s
[12:42:31] 🔄 Identity reset
[12:42:34] 🧠 New identity created
[12:42:34] 🔄 Retry 2/5 for SCCJ in 4.9s
[12:42:34] 🔄 Identity reset
[12:42:39] 🧠 New identity created
[12:42:39] [209/322] CDTK
[12:42:40] [210/322] AICP
[12:42:41] [211/322] FNBP
[12:42:42] [212/322] CBPB
[12:42:43] [213/322] CPAS
[12:42:44] [214/322] MAPM
[12:42:45] [215/322] PASD
[12:42:47] [216/322] JCMN
[12:42:47] 🔄 Identity reset
[12:42:47] 🔄 Identity rotated (every 10 requests)
[12:42:47] 🔄 Retry 1/5 for JCMN in 2.1s
[12:42:47] 🔄 Identity reset
[12:42:50] 🧠 New identity created
[12:42:50] 🔄 Retry 2/5 for JCMN in 4.8s
[12:42:50] 🔄 Identity reset
[12:42:54] 🧠 New identity created
[12:42:54] 🔄 Retry 3/5 for JCMN in 8.0s
[12:42:54] 🔄 Identity reset
[12:43:02] 🧠 New identity created
[12:43:03] 🔄 Retry 4/5 for JCMN in 16.7s
[12:43:03] 🔄 Identity reset
[12:43:19] 🧠 New identity created
[12:43:20] [217/322] MALB
[12:43:20] [218/322] SACG
[12:43:21] [219/322] DDRX
[12:43:22] [220/322] DDXB
[12:43:23] [221/322] RAMC
[12:43:24] [222/322] SANC
[12:43:24] 🔄 Identity reset
[12:43:24] 🔄 Identity rotated (every 10 requests)
[12:43:24] [223/322] BCBP
[12:43:25] [224/322] ALPC
[12:43:26] [225/322] RBAC
[12:43:27] [226/322] RAJL
[12:43:28] [227/322] MPDX
[12:43:29] [228/322] MUSC
[12:43:29] [229/322] VKMK
[12:43:30] [230/322] SKCG
[12:43:31] [231/322] ANCN
[12:43:32] [232/322] MMCJ
[12:43:32] 🔄 Identity reset
[12:43:32] 🔄 Identity rotated (every 10 requests)
[12:43:33] [233/322] DCAK
[12:43:33] [234/322] SCKG
[12:43:34] [235/322] LMCK
[12:43:35] [236/322] CKKX
[12:43:36] [237/322] ANKU
[12:43:37] [238/322] CSMD
[12:43:38] [239/322] MKMP
[12:43:39] [240/322] SVBG
[12:43:40] [241/322] ROOP
[12:43:41] [242/322] GDMT
[12:43:41] 🔄 Identity reset
[12:43:41] 🔄 Identity rotated (every 10 requests)
[12:43:42] [243/322] FPPF
[12:43:43] [244/322] SFUU
[12:43:43] [245/322] ANCB
[12:43:44] [246/322] SMMC
[12:43:45] [247/322] UGKT
[12:43:46] [248/322] JVRM
[12:43:47] [249/322] BATG
[12:43:47] [250/322] RATE
[12:43:48] [251/322] SKME
[12:43:49] [252/322] LMTP
[12:43:50] 🔄 Identity reset
[12:43:50] 🔄 Identity rotated (every 10 requests)
[12:43:50] [253/322] TCBD
[12:43:51] [254/322] ESBD
[12:43:52] [255/322] GDCU
[12:43:53] [256/322] SNKT
[12:43:53] [257/322] SRNK
[12:43:54] [258/322] SMED
[12:43:55] [259/322] CSQS
[12:43:56] [260/322] ALCS
[12:43:57] [261/322] KCKN
[12:43:58] [262/322] VCCL
[12:43:58] 🔄 Identity reset
[12:43:59] 🔄 Identity rotated (every 10 requests)
[12:43:59] [263/322] MCDA
[12:44:00] [264/322] SHMI
[12:44:00] [265/322] SKHA
[12:44:01] [266/322] SVFK
[12:44:02] [267/322] INVB
[12:44:03] [268/322] MELD
[12:44:04] [269/322] JTYS
[12:44:05] [270/322] INCM
[12:44:06] [271/322] MCDV
[12:44:07] [272/322] KSGK
[12:44:07] 🔄 Identity reset
[12:44:07] 🔄 Identity rotated (every 10 requests)
[12:44:07] [273/322] ICMG
[12:44:08] [274/322] CSCV
[12:44:09] [275/322] STMD
[12:44:10] [276/322] STTR
[12:44:11] [277/322] INVC
[12:44:12] [278/322] JTBL
[12:44:13] [279/322] SRVV
[12:44:14] [280/322] MAVC
[12:44:15] [281/322] SRPP
[12:44:16] [282/322] JGDM
[12:44:17] 🔄 Identity reset
[12:44:17] 🔄 Identity rotated (every 10 requests)
[12:44:17] [283/322] MBSJ
[12:44:18] [284/322] SSLL
[12:44:19] [285/322] SLKP
[12:44:20] [286/322] NSRV
[12:44:21] [287/322] UTDV
[12:44:23] [288/322] KICM
[12:44:23] [289/322] KCMD
[12:44:24] [290/322] TTPP
[12:44:25] [291/322] KMPV
[12:44:26] [292/322] SKTV
[12:44:26] 🔄 Identity reset
[12:44:26] 🔄 Identity rotated (every 10 requests)
[12:44:27] [293/322] STCV
[12:44:28] [294/322] SRDA
[12:44:29] [295/322] JTSX
[12:44:29] [296/322] STBV
[12:44:30] [297/322] APVZ
[12:44:31] [298/322] GSTV
[12:44:32] [299/322] NMVS
[12:44:33] [300/322] SKRT
[12:44:34] [301/322] RMDV
[12:44:36] [302/322] RATG
[12:44:36] 🔄 Identity reset
[12:44:36] 🔄 Identity rotated (every 10 requests)
[12:44:36] [303/322] SJYV
[12:44:37] [304/322] NDGP
[12:44:38] [305/322] SNDG
[12:44:39] [306/322] INSR
[12:44:40] [307/322] INSO
[12:44:40] [308/322] CCSI
[12:44:41] [309/322] RASM
[12:44:42] [310/322] NEWC
[12:44:43] [311/322] VSHL
[12:44:44] [312/322] BISW
[12:44:44] 🔄 Identity reset
[12:44:44] 🔄 Identity rotated (every 10 requests)
[12:44:45] [313/322] GCNG
[12:44:45] [314/322] CWSC
[12:44:46] [315/322] SKAN
[12:44:47] [316/322] CCOA
[12:44:48] [317/322] MCAJ
[12:44:49] [318/322] ACDE
[12:44:50] [319/322] AACM
[12:44:51] [320/322] JJCK
[12:44:52] [321/322] RCMO
[12:44:53] [322/322] GDAW
[12:44:54] 🔄 Identity reset
[12:44:54] 🔄 Identity rotated (every 10 requests)
[12:44:54] 🔁 RETRY ROUND 1 | Remaining: 1
[12:44:54] [RETRY-1] SRDM
[12:44:57] 🧹 Deduping shows
[12:44:57] ✅ DONE | Shows=2037 | Movies=48
[14:22:55] 🚀 SCRIPT STARTED (enhanced anti‑detection)
[14:22:55] [1/322] CDCA
[14:22:56] 🧠 New identity created
[14:22:56] [2/322] VBCZ
[14:22:57] [3/322] MSDR
[14:22:58] [4/322] ACPV
[14:22:59] [5/322] PVHB
[14:23:00] [6/322] RCNH
[14:23:01] [7/322] IOMH
[14:23:01] [8/322] ILKS
[14:23:02] [9/322] AMSN
[14:23:03] [10/322] ANTP
[14:23:04] 🔄 Identity reset
[14:23:04] 🔄 Identity rotated (every 10 requests)
[14:23:05] [11/322] SSEK
[14:23:06] [12/322] PICP
[14:23:06] [13/322] SICO
[14:23:07] [14/322] SISP
[14:23:08] [15/322] SCPI
[14:23:09] [16/322] CRPR
[14:23:10] [17/322] DCTW
[14:23:11] [18/322] DCSP
[14:23:12] [19/322] KRPM
[14:23:13] [20/322] THKK
[14:23:13] 🔄 Identity reset
[14:23:13] 🔄 Identity rotated (every 10 requests)
[14:23:13] 🔄 Retry 1/5 for THKK in 2.6s
[14:23:13] 🔄 Identity reset
[14:23:16] 🧠 New identity created
[14:23:16] [21/322] SNMY
[14:23:17] [22/322] AKCC
[14:23:18] [23/322] PCAT
[14:23:18] [24/322] RFGO
[14:23:19] [25/322] GGCS
[14:23:20] [26/322] ACKR
[14:23:21] [27/322] STDO
[14:23:22] [28/322] ACKB
[14:23:23] [29/322] ALUC
[14:23:24] 🔄 Identity reset
[14:23:24] 🔄 Identity rotated (every 10 requests)
[14:23:24] [30/322] MNSR
[14:23:25] [31/322] CSSL
[14:23:26] [32/322] BGGM
[14:23:28] [33/322] MANT
[14:23:28] [34/322] SOOY
[14:23:29] [35/322] VPPK
[14:23:30] [36/322] MYHJ
[14:23:31] [37/322] KSCK
[14:23:32] [38/322] KATK
[14:23:33] [39/322] RTRT
[14:23:34] 🔄 Identity reset
[14:23:34] 🔄 Identity rotated (every 10 requests)
[14:23:34] 🔄 Retry 1/5 for RTRT in 2.1s
[14:23:34] 🔄 Identity reset
[14:23:36] 🧠 New identity created
[14:23:36] [40/322] SSTT
[14:23:37] [41/322] SSTV
[14:23:38] [42/322] LACM
[14:23:38] [43/322] SGMG
[14:23:39] [44/322] KACX
[14:23:40] [45/322] GVCP
[14:23:41] [46/322] CSNC
[14:23:42] [47/322] SXCB
[14:23:42] [48/322] BAHS
[14:23:43] 🔄 Identity reset
[14:23:43] 🔄 Identity rotated (every 10 requests)
[14:23:43] [49/322] PCBI
[14:23:44] [50/322] PSSM
[14:23:45] [51/322] RCOK
[14:23:46] [52/322] SCPF
[14:23:47] [53/322] SSAS
[14:23:48] [54/322] EVMM
[14:23:49] [55/322] SYCB
[14:23:49] [56/322] GCKI
[14:23:50] [57/322] IAET
[14:23:51] [58/322] DDTD
[14:23:52] 🔄 Identity reset
[14:23:52] 🔄 Identity rotated (every 10 requests)
[14:23:52] [59/322] GMDH
[14:23:53] [60/322] STLE
[14:23:54] [61/322] JTRA
[14:23:54] [62/322] RPPA
[14:23:55] [63/322] ARUT
[14:23:56] [64/322] JTVM
[14:23:57] [65/322] SWRH
[14:23:58] [66/322] DCPC
[14:23:59] [67/322] RAPR
[14:23:59] [68/322] GCRT
[14:24:00] 🔄 Identity reset
[14:24:00] 🔄 Identity rotated (every 10 requests)
[14:24:00] [69/322] ATUN
[14:24:01] [70/322] LTRM
[14:24:02] [71/322] TASR
[14:24:03] [72/322] RLLC
[14:24:04] [73/322] MABI
[14:24:05] [74/322] SVHB
[14:24:06] [75/322] NVTB
[14:24:08] [76/322] KCKG
[14:24:09] [77/322] SSRN
[14:24:10] [78/322] VDDC
[14:24:10] 🔄 Identity reset
[14:24:10] 🔄 Identity rotated (every 10 requests)
[14:24:10] 🔄 Retry 1/5 for VDDC in 2.1s
[14:24:10] 🔄 Identity reset
[14:24:12] 🧠 New identity created
[14:24:13] [79/322] GKTK
[14:24:14] [80/322] YFSN
[14:24:15] [81/322] GCSG
[14:24:15] [82/322] ESSM
[14:24:16] [83/322] KRIH
[14:24:17] [84/322] GCDS
[14:24:18] [85/322] CCSH
[14:24:19] [86/322] ACSK
[14:24:20] [87/322] APRK
[14:24:21] 🔄 Identity reset
[14:24:21] 🔄 Identity rotated (every 10 requests)
[14:24:21] [88/322] ADKM
[14:24:22] [89/322] SRDM
[14:24:23] [90/322] SJMY
[14:24:24] [91/322] PGGC
[14:24:25] [92/322] INGM
[14:24:26] [93/322] LSCB
[14:24:27] [94/322] STAD
[14:24:28] [95/322] MCCR
[14:24:29] [96/322] ABCC
[14:24:30] [97/322] RKCC
[14:24:30] 🔄 Identity reset
[14:24:30] 🔄 Identity rotated (every 10 requests)
[14:24:30] [98/322] RTCR
[14:24:31] [99/322] GGBC
[14:24:32] [100/322] GCSD
[14:24:33] [101/322] LPTY
[14:24:34] [102/322] MCFD
[14:24:35] [103/322] HENN
[14:24:35] [104/322] SMKU
[14:24:36] [105/322] TNZC
[14:24:37] [106/322] DRCD
[14:24:38] [107/322] DLCD
[14:24:38] 🔄 Identity reset
[14:24:38] 🔄 Identity rotated (every 10 requests)
[14:24:39] [108/322] RCDA
[14:24:39] [109/322] COSM
[14:24:40] [110/322] MCMJ
[14:24:41] [111/322] CSTR
[14:24:42] [112/322] CVDK
[14:24:43] [113/322] INRR
[14:24:44] [114/322] RJRT
[14:24:45] [115/322] IRMR
[14:24:46] [116/322] SRCF
[14:24:47] [117/322] GRCR
[14:24:47] 🔄 Identity reset
[14:24:47] 🔄 Identity rotated (every 10 requests)
[14:24:47] 🔄 Retry 1/5 for GRCR in 2.9s
[14:24:47] 🔄 Identity reset
[14:24:50] 🧠 New identity created
[14:24:51] [118/322] SURC
[14:24:51] [119/322] NMNH
[14:24:52] [120/322] SVBL
[14:24:53] [121/322] KACI
[14:24:54] [122/322] TDGO
[14:24:55] [123/322] KTBR
[14:24:56] [124/322] PMAD
[14:24:57] [125/322] CCPN
[14:24:57] [126/322] SBTK
[14:24:58] 🔄 Identity reset
[14:24:58] 🔄 Identity rotated (every 10 requests)
[14:24:59] [127/322] LMDK
[14:25:00] [128/322] PGDA
[14:25:01] [129/322] SRML
[14:25:01] [130/322] EVCK
[14:25:02] [131/322] RTTK
[14:25:03] [132/322] SRTU
[14:25:04] [133/322] VRSA
[14:25:05] [134/322] VARS
[14:25:06] [135/322] DSCZ
[14:25:06] [136/322] GAGA
[14:25:07] 🔄 Identity reset
[14:25:07] 🔄 Identity rotated (every 10 requests)
[14:25:07] [137/322] SARV
[14:25:08] [138/322] SEEG
[14:25:09] [139/322] GLCA
[14:25:10] [140/322] APAS
[14:25:11] [141/322] VCIA
[14:25:12] [142/322] SJTA
[14:25:13] [143/322] SABM
[14:25:14] [144/322] PPAG
[14:25:15] [145/322] RVCA
[14:25:16] [146/322] CCIA
[14:25:16] 🔄 Identity reset
[14:25:16] 🔄 Identity rotated (every 10 requests)
[14:25:17] [147/322] HTAG
[14:25:17] [148/322] SMBI
[14:25:18] [149/322] MCJR
[14:25:19] [150/322] CCJR
[14:25:20] [151/322] SINF
[14:25:21] [152/322] CPLX
[14:25:22] [153/322] KKTJ
[14:25:23] [154/322] GDBW
[14:25:23] [155/322] CSUB
[14:25:24] [156/322] DABA
[14:25:25] 🔄 Identity reset
[14:25:25] 🔄 Identity rotated (every 10 requests)
[14:25:26] [157/322] TITR
[14:25:26] [158/322] NYCR
[14:25:27] [159/322] RTRY
[14:25:28] [160/322] JTJL
[14:25:29] [161/322] SJCP
[14:25:30] [162/322] KCCA
[14:25:31] [163/322] MLPG
[14:25:31] [164/322] VRCK
[14:25:32] [165/322] SRIN
[14:25:33] [166/322] CXMK
[14:25:34] 🔄 Identity reset
[14:25:34] 🔄 Identity rotated (every 10 requests)
[14:25:34] 🔄 Retry 1/5 for CXMK in 2.2s
[14:25:34] 🔄 Identity reset
[14:25:36] 🧠 New identity created
[14:25:36] [167/322] SKAD
[14:25:37] [168/322] AVTR
[14:25:38] [169/322] PTAJ
[14:25:39] [170/322] SCNK
[14:25:40] [171/322] STTI
[14:25:41] [172/322] KACR
[14:25:41] [173/322] SSDX
[14:25:42] [174/322] VRTJ
[14:25:43] [175/322] RAJD
[14:25:44] 🔄 Identity reset
[14:25:44] 🔄 Identity rotated (every 10 requests)
[14:25:44] [176/322] SCIP
[14:25:45] [177/322] RJSL
[14:25:46] [178/322] ARRS
[14:25:46] [179/322] ASMS
[14:25:47] [180/322] RDTS
[14:25:48] [181/322] DVMY
[14:25:49] [182/322] RASA
[14:25:50] [183/322] INOM
[14:25:50] [184/322] SPRS
[14:25:51] [185/322] SGCS
[14:25:52] 🔄 Identity reset
[14:25:52] 🔄 Identity rotated (every 10 requests)
[14:25:52] [186/322] SALM
[14:25:54] [187/322] PKHC
[14:25:55] [188/322] RCSV
[14:25:55] [189/322] CPKC
[14:25:56] [190/322] AACD
[14:25:57] [191/322] GGCV
[14:25:58] [192/322] SMKD
[14:25:59] [193/322] NBCH
[14:26:00] [194/322] AMCB
[14:26:01] [195/322] OPCN
[14:26:01] 🔄 Identity reset
[14:26:01] 🔄 Identity rotated (every 10 requests)
[14:26:02] [196/322] DCIN
[14:26:03] [197/322] INGW
[14:26:03] [198/322] PKKW
[14:26:04] [199/322] FNGW
[14:26:05] [200/322] GCGD
[14:26:06] [201/322] MSTW
[14:26:07] [202/322] KCCG
[14:26:08] [203/322] MRSS
[14:26:09] [204/322] CLCF
[14:26:10] [205/322] EETS
[14:26:11] 🔄 Identity reset
[14:26:11] 🔄 Identity rotated (every 10 requests)
[14:26:11] [206/322] AATR
[14:26:12] [207/322] CMMN
[14:26:13] [208/322] SCCJ
[14:26:15] [209/322] CDTK
[14:26:15] [210/322] AICP
[14:26:16] [211/322] FNBP
[14:26:17] [212/322] CBPB
[14:26:18] [213/322] CPAS
[14:26:19] [214/322] MAPM
[14:26:20] [215/322] PASD
[14:26:20] 🔄 Identity reset
[14:26:20] 🔄 Identity rotated (every 10 requests)
[14:26:21] [216/322] JCMN
[14:26:22] [217/322] MALB
[14:26:23] [218/322] SACG
[14:26:23] [219/322] DDRX
[14:26:24] [220/322] DDXB
[14:26:25] [221/322] RAMC
[14:26:26] [222/322] SANC
[14:26:27] [223/322] BCBP
[14:26:27] [224/322] ALPC
[14:26:28] [225/322] RBAC
[14:26:29] 🔄 Identity reset
[14:26:29] 🔄 Identity rotated (every 10 requests)
[14:26:29] [226/322] RAJL
[14:26:30] [227/322] MPDX
[14:26:31] [228/322] MUSC
[14:26:32] [229/322] VKMK
[14:26:33] [230/322] SKCG
[14:26:34] [231/322] ANCN
[14:26:34] [232/322] MMCJ
[14:26:35] [233/322] DCAK
[14:26:36] [234/322] SCKG
[14:26:37] [235/322] LMCK
[14:26:37] 🔄 Identity reset
[14:26:37] 🔄 Identity rotated (every 10 requests)
[14:26:38] [236/322] CKKX
[14:26:38] [237/322] ANKU
[14:26:39] [238/322] CSMD
[14:26:40] [239/322] MKMP
[14:26:41] [240/322] SVBG
[14:26:42] [241/322] ROOP
[14:26:43] [242/322] GDMT
[14:26:44] [243/322] FPPF
[14:26:45] [244/322] SFUU
[14:26:46] [245/322] ANCB
[14:26:46] 🔄 Identity reset
[14:26:46] 🔄 Identity rotated (every 10 requests)
[14:26:46] [246/322] SMMC
[14:26:47] [247/322] UGKT
[14:26:49] [248/322] JVRM
[14:26:50] [249/322] BATG
[14:26:51] [250/322] RATE
[14:26:52] [251/322] SKME
[14:26:53] [252/322] LMTP
[14:26:53] [253/322] TCBD
[14:26:54] [254/322] ESBD
[14:26:55] [255/322] GDCU
[14:26:56] 🔄 Identity reset
[14:26:56] 🔄 Identity rotated (every 10 requests)
[14:26:56] [256/322] SNKT
[14:26:57] [257/322] SRNK
[14:26:58] [258/322] SMED
[14:26:58] [259/322] CSQS
[14:26:59] [260/322] ALCS
[14:27:01] [261/322] KCKN
[14:27:02] [262/322] VCCL
[14:27:03] [263/322] MCDA
[14:27:04] [264/322] SHMI
[14:27:04] [265/322] SKHA
[14:27:05] 🔄 Identity reset
[14:27:05] 🔄 Identity rotated (every 10 requests)
[14:27:05] [266/322] SVFK
[14:27:06] [267/322] INVB
[14:27:07] [268/322] MELD
[14:27:08] [269/322] JTYS
[14:27:09] [270/322] INCM
[14:27:10] [271/322] MCDV
[14:27:11] [272/322] KSGK
[14:27:12] [273/322] ICMG
[14:27:13] [274/322] CSCV
[14:27:14] [275/322] STMD
[14:27:14] 🔄 Identity reset
[14:27:14] 🔄 Identity rotated (every 10 requests)
[14:27:14] [276/322] STTR
[14:27:16] [277/322] INVC
[14:27:17] [278/322] JTBL
[14:27:18] [279/322] SRVV
[14:27:18] [280/322] MAVC
[14:27:19] [281/322] SRPP
[14:27:20] [282/322] JGDM
[14:27:21] [283/322] MBSJ
[14:27:22] [284/322] SSLL
[14:27:23] [285/322] SLKP
[14:27:23] 🔄 Identity reset
[14:27:23] 🔄 Identity rotated (every 10 requests)
[14:27:24] [286/322] NSRV
[14:27:25] [287/322] UTDV
[14:27:26] [288/322] KICM
[14:27:27] [289/322] KCMD
[14:27:28] [290/322] TTPP
[14:27:29] [291/322] KMPV
[14:27:29] [292/322] SKTV
[14:27:30] [293/322] STCV
[14:27:31] [294/322] SRDA
[14:27:32] [295/322] JTSX
[14:27:32] 🔄 Identity reset
[14:27:32] 🔄 Identity rotated (every 10 requests)
[14:27:32] 🔄 Retry 1/5 for JTSX in 2.7s
[14:27:32] 🔄 Identity reset
[14:27:35] 🧠 New identity created
[14:27:36] [296/322] STBV
[14:27:37] [297/322] APVZ
[14:27:37] [298/322] GSTV
[14:27:38] [299/322] NMVS
[14:27:39] [300/322] SKRT
[14:27:40] [301/322] RMDV
[14:27:41] [302/322] RATG
[14:27:42] [303/322] SJYV
[14:27:43] [304/322] NDGP
[14:27:43] 🔄 Identity reset
[14:27:43] 🔄 Identity rotated (every 10 requests)
[14:27:44] [305/322] SNDG
[14:27:45] [306/322] INSR
[14:27:45] [307/322] INSO
[14:27:46] [308/322] CCSI
[14:27:47] [309/322] RASM
[14:27:48] [310/322] NEWC
[14:27:49] [311/322] VSHL
[14:27:50] [312/322] BISW
[14:27:51] [313/322] GCNG
[14:27:53] [314/322] CWSC
[14:27:53] 🔄 Identity reset
[14:27:53] 🔄 Identity rotated (every 10 requests)
[14:27:53] [315/322] SKAN
[14:27:54] [316/322] CCOA
[14:27:55] [317/322] MCAJ
[14:27:56] [318/322] ACDE
[14:27:57] [319/322] AACM
[14:27:58] [320/322] JJCK
[14:27:59] [321/322] RCMO
[14:28:00] [322/322] GDAW
[14:28:01] 🧹 Deduping shows
[14:28:01] ✅ DONE | Shows=2080 | Movies=48
[16:09:23] 🚀 SCRIPT STARTED (enhanced anti‑detection)
[16:09:23] [1/322] CDCA
[16:09:23] 🧠 New identity created
[16:09:24] [2/322] VBCZ
[16:09:25] [3/322] MSDR
[16:09:25] [4/322] ACPV
[16:09:26] [5/322] PVHB
[16:09:27] [6/322] RCNH
[16:09:28] [7/322] IOMH
[16:09:29] [8/322] ILKS
[16:09:30] [9/322] AMSN
[16:09:31] [10/322] ANTP
[16:09:31] 🔄 Identity reset
[16:09:32] 🔄 Identity rotated (every 10 requests)
[16:09:32] 🔄 Retry 1/5 for ANTP in 2.0s
[16:09:32] 🔄 Identity reset
[16:09:34] 🧠 New identity created
[16:09:34] [11/322] SSEK
[16:09:35] [12/322] PICP
[16:09:35] [13/322] SICO
[16:09:36] [14/322] SISP
[16:09:37] [15/322] SCPI
[16:09:38] [16/322] CRPR
[16:09:39] [17/322] DCTW
[16:09:40] [18/322] DCSP
[16:09:40] [19/322] KRPM
[16:09:41] 🔄 Identity reset
[16:09:41] 🔄 Identity rotated (every 10 requests)
[16:09:41] [20/322] THKK
[16:09:42] [21/322] SNMY
[16:09:43] [22/322] AKCC
[16:09:43] [23/322] PCAT
[16:09:44] [24/322] RFGO
[16:09:45] [25/322] GGCS
[16:09:46] [26/322] ACKR
[16:09:47] [27/322] STDO
[16:09:48] [28/322] ACKB
[16:09:49] [29/322] ALUC
[16:09:50] 🔄 Identity reset
[16:09:50] 🔄 Identity rotated (every 10 requests)
[16:09:50] [30/322] MNSR
[16:09:51] [31/322] CSSL
[16:09:52] [32/322] BGGM
[16:09:52] [33/322] MANT
[16:09:53] [34/322] SOOY
[16:09:54] [35/322] VPPK
[16:09:55] [36/322] MYHJ
[16:09:56] [37/322] KSCK
[16:09:57] [38/322] KATK
[16:09:58] [39/322] RTRT
[16:09:58] 🔄 Identity reset
[16:09:58] 🔄 Identity rotated (every 10 requests)
[16:09:59] [40/322] SSTT
[16:10:00] [41/322] SSTV
[16:10:00] [42/322] LACM
[16:10:01] [43/322] SGMG
[16:10:02] [44/322] KACX
[16:10:03] [45/322] GVCP
[16:10:03] [46/322] CSNC
[16:10:04] [47/322] SXCB
[16:10:05] [48/322] BAHS
[16:10:06] [49/322] PCBI
[16:10:07] 🔄 Identity reset
[16:10:07] 🔄 Identity rotated (every 10 requests)
[16:10:07] [50/322] PSSM
[16:10:08] [51/322] RCOK
[16:10:09] [52/322] SCPF
[16:10:10] [53/322] SSAS
[16:10:11] [54/322] EVMM
[16:10:12] [55/322] SYCB
[16:10:13] [56/322] GCKI
[16:10:14] [57/322] IAET
[16:10:16] [58/322] DDTD
[16:10:17] [59/322] GMDH
[16:10:17] 🔄 Identity reset
[16:10:17] 🔄 Identity rotated (every 10 requests)
[16:10:17] [60/322] STLE
[16:10:18] [61/322] JTRA
[16:10:19] [62/322] RPPA
[16:10:20] [63/322] ARUT
[16:10:21] [64/322] JTVM
[16:10:21] [65/322] SWRH
[16:10:22] [66/322] DCPC
[16:10:23] [67/322] RAPR
[16:10:24] [68/322] GCRT
[16:10:25] [69/322] ATUN
[16:10:25] 🔄 Identity reset
[16:10:25] 🔄 Identity rotated (every 10 requests)
[16:10:25] [70/322] LTRM
[16:10:26] [71/322] TASR
[16:10:28] [72/322] RLLC
[16:10:29] [73/322] MABI
[16:10:29] [74/322] SVHB
[16:10:30] [75/322] NVTB
[16:10:31] [76/322] KCKG
[16:10:32] [77/322] SSRN
[16:10:33] [78/322] VDDC
[16:10:33] [79/322] GKTK
[16:10:34] 🔄 Identity reset
[16:10:34] 🔄 Identity rotated (every 10 requests)
[16:10:34] [80/322] YFSN
[16:10:35] [81/322] GCSG
[16:10:36] [82/322] ESSM
[16:10:37] [83/322] KRIH
[16:10:38] [84/322] GCDS
[16:10:38] [85/322] CCSH
[16:10:39] [86/322] ACSK
[16:10:40] [87/322] APRK
[16:10:41] [88/322] ADKM
[16:10:42] [89/322] SRDM
[16:10:43] 🔄 Identity reset
[16:10:43] 🔄 Identity rotated (every 10 requests)
[16:10:43] [90/322] SJMY
[16:10:44] [91/322] PGGC
[16:10:44] [92/322] INGM
[16:10:45] [93/322] LSCB
[16:10:46] [94/322] STAD
[16:10:47] [95/322] MCCR
[16:10:48] [96/322] ABCC
[16:10:48] [97/322] RKCC
[16:10:49] [98/322] RTCR
[16:10:50] [99/322] GGBC
[16:10:50] 🔄 Identity reset
[16:10:50] 🔄 Identity rotated (every 10 requests)
[16:10:51] [100/322] GCSD
[16:10:51] [101/322] LPTY
[16:10:52] [102/322] MCFD
[16:10:53] [103/322] HENN
[16:10:54] [104/322] SMKU
[16:10:55] [105/322] TNZC
[16:10:56] [106/322] DRCD
[16:10:57] [107/322] DLCD
[16:10:58] [108/322] RCDA
[16:10:59] [109/322] COSM
[16:10:59] 🔄 Identity reset
[16:10:59] 🔄 Identity rotated (every 10 requests)
[16:11:00] 🔄 Retry 1/5 for COSM in 2.0s
[16:11:00] 🔄 Identity reset
[16:11:02] 🧠 New identity created
[16:11:02] [110/322] MCMJ
[16:11:03] [111/322] CSTR
[16:11:04] [112/322] CVDK
[16:11:05] [113/322] INRR
[16:11:05] [114/322] RJRT
[16:11:06] [115/322] IRMR
[16:11:07] [116/322] SRCF
[16:11:08] [117/322] GRCR
[16:11:09] [118/322] SURC
[16:11:10] 🔄 Identity reset
[16:11:10] 🔄 Identity rotated (every 10 requests)
[16:11:10] [119/322] NMNH
[16:11:11] [120/322] SVBL
[16:11:12] [121/322] KACI
[16:11:13] [122/322] TDGO
[16:11:14] [123/322] KTBR
[16:11:15] [124/322] PMAD
[16:11:16] [125/322] CCPN
[16:11:16] [126/322] SBTK
[16:11:17] [127/322] LMDK
[16:11:18] [128/322] PGDA
[16:11:18] 🔄 Identity reset
[16:11:18] 🔄 Identity rotated (every 10 requests)
[16:11:19] [129/322] SRML
[16:11:20] [130/322] EVCK
[16:11:20] [131/322] RTTK
[16:11:21] [132/322] SRTU
[16:11:22] [133/322] VRSA
[16:11:23] [134/322] VARS
[16:11:24] [135/322] DSCZ
[16:11:24] [136/322] GAGA
[16:11:25] [137/322] SARV
[16:11:25] [138/322] SEEG
[16:11:26] 🔄 Identity reset
[16:11:26] 🔄 Identity rotated (every 10 requests)
[16:11:26] 🔄 Retry 1/5 for SEEG in 2.6s
[16:11:26] 🔄 Identity reset
[16:11:29] 🧠 New identity created
[16:11:29] [139/322] GLCA
[16:11:30] [140/322] APAS
[16:11:31] [141/322] VCIA
[16:11:32] [142/322] SJTA
[16:11:33] [143/322] SABM
[16:11:34] [144/322] PPAG
[16:11:34] [145/322] RVCA
[16:11:35] [146/322] CCIA
[16:11:36] [147/322] HTAG
[16:11:37] 🔄 Identity reset
[16:11:37] 🔄 Identity rotated (every 10 requests)
[16:11:37] [148/322] SMBI
[16:11:38] [149/322] MCJR
[16:11:39] [150/322] CCJR
[16:11:40] [151/322] SINF
[16:11:42] [152/322] CPLX
[16:11:44] [153/322] KKTJ
[16:11:45] [154/322] GDBW
[16:11:46] [155/322] CSUB
[16:11:46] [156/322] DABA
[16:11:47] [157/322] TITR
[16:11:48] 🔄 Identity reset
[16:11:48] 🔄 Identity rotated (every 10 requests)
[16:11:48] [158/322] NYCR
[16:11:50] [159/322] RTRY
[16:11:50] [160/322] JTJL
[16:11:51] [161/322] SJCP
[16:11:52] [162/322] KCCA
[16:11:52] [163/322] MLPG
[16:11:54] [164/322] VRCK
[16:11:55] [165/322] SRIN
[16:11:55] [166/322] CXMK
[16:11:56] [167/322] SKAD
[16:11:57] 🔄 Identity reset
[16:11:57] 🔄 Identity rotated (every 10 requests)
[16:11:57] [168/322] AVTR
[16:11:58] [169/322] PTAJ
[16:11:59] [170/322] SCNK
[16:12:00] [171/322] STTI
[16:12:01] [172/322] KACR
[16:12:02] [173/322] SSDX
[16:12:03] [174/322] VRTJ
[16:12:03] [175/322] RAJD
[16:12:04] [176/322] SCIP
[16:12:05] [177/322] RJSL
[16:12:06] 🔄 Identity reset
[16:12:06] 🔄 Identity rotated (every 10 requests)
[16:12:06] [178/322] ARRS
[16:12:07] [179/322] ASMS
[16:12:08] [180/322] RDTS
[16:12:09] [181/322] DVMY
[16:12:10] [182/322] RASA
[16:12:10] [183/322] INOM
[16:12:11] [184/322] SPRS
[16:12:12] [185/322] SGCS
[16:12:13] [186/322] SALM
[16:12:13] [187/322] PKHC
[16:12:14] 🔄 Identity reset
[16:12:14] 🔄 Identity rotated (every 10 requests)
[16:12:14] [188/322] RCSV
[16:12:15] [189/322] CPKC
[16:12:16] [190/322] AACD
[16:12:17] [191/322] GGCV
[16:12:18] [192/322] SMKD
[16:12:19] [193/322] NBCH
[16:12:19] [194/322] AMCB
[16:12:20] [195/322] OPCN
[16:12:21] [196/322] DCIN
[16:12:22] [197/322] INGW
[16:12:23] 🔄 Identity reset
[16:12:23] 🔄 Identity rotated (every 10 requests)
[16:12:23] [198/322] PKKW
[16:12:24] [199/322] FNGW
[16:12:25] [200/322] GCGD
[16:12:26] [201/322] MSTW
[16:12:27] [202/322] KCCG
[16:12:28] [203/322] MRSS
[16:12:28] [204/322] CLCF
[16:12:29] [205/322] EETS
[16:12:30] [206/322] AATR
[16:12:31] [207/322] CMMN
[16:12:32] 🔄 Identity reset
[16:12:32] 🔄 Identity rotated (every 10 requests)
[16:12:32] [208/322] SCCJ
[16:12:33] [209/322] CDTK
[16:12:34] [210/322] AICP
[16:12:35] [211/322] FNBP
[16:12:36] [212/322] CBPB
[16:12:37] [213/322] CPAS
[16:12:38] [214/322] MAPM
[16:12:39] [215/322] PASD
[16:12:40] [216/322] JCMN
[16:12:41] [217/322] MALB
[16:12:42] 🔄 Identity reset
[16:12:42] 🔄 Identity rotated (every 10 requests)
[16:12:42] [218/322] SACG
[16:12:43] [219/322] DDRX
[16:12:44] [220/322] DDXB
[16:12:45] [221/322] RAMC
[16:12:45] [222/322] SANC
[16:12:46] [223/322] BCBP
[16:12:47] [224/322] ALPC
[16:12:47] [225/322] RBAC
[16:12:48] [226/322] RAJL
[16:12:49] [227/322] MPDX
[16:12:50] 🔄 Identity reset
[16:12:50] 🔄 Identity rotated (every 10 requests)
[16:12:51] [228/322] MUSC
[16:12:52] [229/322] VKMK
[16:12:52] [230/322] SKCG
[16:12:53] [231/322] ANCN
[16:12:54] [232/322] MMCJ
[16:12:55] [233/322] DCAK
[16:12:56] [234/322] SCKG
[16:12:57] [235/322] LMCK
[16:12:57] [236/322] CKKX
[16:12:58] [237/322] ANKU
[16:12:59] 🔄 Identity reset
[16:12:59] 🔄 Identity rotated (every 10 requests)
[16:12:59] [238/322] CSMD
[16:13:00] [239/322] MKMP
[16:13:01] [240/322] SVBG
[16:13:01] [241/322] ROOP
[16:13:03] [242/322] GDMT
[16:13:04] [243/322] FPPF
[16:13:05] [244/322] SFUU
[16:13:06] [245/322] ANCB
[16:13:08] [246/322] SMMC
[16:13:09] [247/322] UGKT
[16:13:09] 🔄 Identity reset
[16:13:09] 🔄 Identity rotated (every 10 requests)
[16:13:09] 🔄 Retry 1/5 for UGKT in 2.9s
[16:13:09] 🔄 Identity reset
[16:13:12] 🧠 New identity created
[16:13:12] [248/322] JVRM
[16:13:13] [249/322] BATG
[16:13:14] [250/322] RATE
[16:13:15] [251/322] SKME
[16:13:15] [252/322] LMTP
[16:13:16] [253/322] TCBD
[16:13:17] [254/322] ESBD
[16:13:18] [255/322] GDCU
[16:13:19] [256/322] SNKT
[16:13:19] 🔄 Identity reset
[16:13:19] 🔄 Identity rotated (every 10 requests)
[16:13:19] [257/322] SRNK
[16:13:20] [258/322] SMED
[16:13:21] [259/322] CSQS
[16:13:23] [260/322] ALCS
[16:13:23] [261/322] KCKN
[16:13:24] [262/322] VCCL
[16:13:25] [263/322] MCDA
[16:13:26] [264/322] SHMI
[16:13:27] [265/322] SKHA
[16:13:28] [266/322] SVFK
[16:13:28] 🔄 Identity reset
[16:13:28] 🔄 Identity rotated (every 10 requests)
[16:13:29] [267/322] INVB
[16:13:29] [268/322] MELD
[16:13:30] [269/322] JTYS
[16:13:31] [270/322] INCM
[16:13:32] [271/322] MCDV
[16:13:33] [272/322] KSGK
[16:13:34] [273/322] ICMG
[16:13:35] [274/322] CSCV
[16:13:36] [275/322] STMD
[16:13:36] [276/322] STTR
[16:13:37] 🔄 Identity reset
[16:13:37] 🔄 Identity rotated (every 10 requests)
[16:13:37] [277/322] INVC
[16:13:38] [278/322] JTBL
[16:13:39] [279/322] SRVV
[16:13:40] [280/322] MAVC
[16:13:41] [281/322] SRPP
[16:13:42] [282/322] JGDM
[16:13:43] [283/322] MBSJ
[16:13:44] [284/322] SSLL
[16:13:44] [285/322] SLKP
[16:13:46] [286/322] NSRV
[16:13:46] 🔄 Identity reset
[16:13:46] 🔄 Identity rotated (every 10 requests)
[16:13:47] [287/322] UTDV
[16:13:48] [288/322] KICM
[16:13:48] [289/322] KCMD
[16:13:49] [290/322] TTPP
[16:13:50] [291/322] KMPV
[16:13:51] [292/322] SKTV
[16:13:52] [293/322] STCV
[16:13:53] [294/322] SRDA
[16:13:53] [295/322] JTSX
[16:13:54] [296/322] STBV
[16:13:55] 🔄 Identity reset
[16:13:55] 🔄 Identity rotated (every 10 requests)
[16:13:55] 🔄 Retry 1/5 for STBV in 2.8s
[16:13:55] 🔄 Identity reset
[16:13:58] 🧠 New identity created
[16:13:59] [297/322] APVZ
[16:13:59] [298/322] GSTV
[16:14:00] [299/322] NMVS
[16:14:01] [300/322] SKRT
[16:14:02] [301/322] RMDV
[16:14:04] [302/322] RATG
[16:14:06] [303/322] SJYV
[16:14:07] [304/322] NDGP
[16:14:08] [305/322] SNDG
[16:14:08] 🔄 Identity reset
[16:14:08] 🔄 Identity rotated (every 10 requests)
[16:14:08] [306/322] INSR
[16:14:09] [307/322] INSO
[16:14:10] [308/322] CCSI
[16:14:11] [309/322] RASM
[16:14:12] [310/322] NEWC
[16:14:13] [311/322] VSHL
[16:14:13] [312/322] BISW
[16:14:14] [313/322] GCNG
[16:14:15] [314/322] CWSC
[16:14:16] [315/322] SKAN
[16:14:16] 🔄 Identity reset
[16:14:16] 🔄 Identity rotated (every 10 requests)
[16:14:17] [316/322] CCOA
[16:14:17] [317/322] MCAJ
[16:14:18] [318/322] ACDE
[16:14:19] [319/322] AACM
[16:14:20] [320/322] JJCK
[16:14:21] [321/322] RCMO
[16:14:22] [322/322] GDAW
[16:14:23] 🧹 Deduping shows
[16:14:23] ✅ DONE | Shows=2094 | Movies=47
[20:05:41] 🚀 SCRIPT STARTED (enhanced anti‑detection)
[20:05:41] [1/322] CDCA
[20:05:41] 🧠 New identity created
[20:05:42] [2/322] VBCZ
[20:05:43] [3/322] MSDR
[20:05:45] [4/322] ACPV
[20:05:45] [5/322] PVHB
[20:05:46] [6/322] RCNH
[20:05:47] [7/322] IOMH
[20:05:48] [8/322] ILKS
[20:05:49] [9/322] AMSN
[20:05:50] [10/322] ANTP
[20:05:50] 🔄 Identity reset
[20:05:50] 🔄 Identity rotated (every 10 requests)
[20:05:51] 🔄 Retry 1/5 for ANTP in 3.0s
[20:05:51] 🔄 Identity reset
[20:05:54] 🧠 New identity created
[20:05:54] [11/322] SSEK
[20:05:55] [12/322] PICP
[20:05:56] [13/322] SICO
[20:05:57] [14/322] SISP
[20:05:58] [15/322] SCPI
[20:05:59] [16/322] CRPR
[20:06:00] [17/322] DCTW
[20:06:01] [18/322] DCSP
[20:06:02] [19/322] KRPM
[20:06:02] 🔄 Identity reset
[20:06:02] 🔄 Identity rotated (every 10 requests)
[20:06:03] [20/322] THKK
[20:06:04] [21/322] SNMY
[20:06:05] [22/322] AKCC
[20:06:05] [23/322] PCAT
[20:06:06] [24/322] RFGO
[20:06:07] [25/322] GGCS
[20:06:08] [26/322] ACKR
[20:06:09] [27/322] STDO
[20:06:10] [28/322] ACKB
[20:06:11] [29/322] ALUC
[20:06:12] 🔄 Identity reset
[20:06:12] 🔄 Identity rotated (every 10 requests)
[20:06:12] [30/322] MNSR
[20:06:13] [31/322] CSSL
[20:06:14] [32/322] BGGM
[20:06:15] [33/322] MANT
[20:06:16] [34/322] SOOY
[20:06:17] [35/322] VPPK
[20:06:18] [36/322] MYHJ
[20:06:18] [37/322] KSCK
[20:06:19] [38/322] KATK
[20:06:20] [39/322] RTRT
[20:06:21] 🔄 Identity reset
[20:06:21] 🔄 Identity rotated (every 10 requests)
[20:06:21] [40/322] SSTT
[20:06:22] [41/322] SSTV
[20:06:23] [42/322] LACM
[20:06:24] [43/322] SGMG
[20:06:25] [44/322] KACX
[20:06:26] [45/322] GVCP
[20:06:27] [46/322] CSNC
[20:06:28] [47/322] SXCB
[20:06:29] [48/322] BAHS
[20:06:30] [49/322] PCBI
[20:06:30] 🔄 Identity reset
[20:06:30] 🔄 Identity rotated (every 10 requests)
[20:06:31] [50/322] PSSM
[20:06:32] [51/322] RCOK
[20:06:33] [52/322] SCPF
[20:06:35] [53/322] SSAS
[20:06:36] [54/322] EVMM
[20:06:36] [55/322] SYCB
[20:06:37] [56/322] GCKI
[20:06:38] [57/322] IAET
[20:06:39] [58/322] DDTD
[20:06:40] [59/322] GMDH
[20:06:41] 🔄 Identity reset
[20:06:41] 🔄 Identity rotated (every 10 requests)
[20:06:41] [60/322] STLE
[20:06:42] [61/322] JTRA
[20:06:43] [62/322] RPPA
[20:06:44] [63/322] ARUT
[20:06:45] [64/322] JTVM
[20:06:45] [65/322] SWRH
[20:06:46] [66/322] DCPC
[20:06:47] [67/322] RAPR
[20:06:48] [68/322] GCRT
[20:06:48] [69/322] ATUN
[20:06:49] 🔄 Identity reset
[20:06:49] 🔄 Identity rotated (every 10 requests)
[20:06:49] [70/322] LTRM
[20:06:50] [71/322] TASR
[20:06:51] [72/322] RLLC
[20:06:52] [73/322] MABI
[20:06:53] [74/322] SVHB
[20:06:55] [75/322] NVTB
[20:06:56] [76/322] KCKG
[20:06:57] [77/322] SSRN
[20:06:58] [78/322] VDDC
[20:06:59] [79/322] GKTK
[20:07:00] 🔄 Identity reset
[20:07:00] 🔄 Identity rotated (every 10 requests)
[20:07:01] [80/322] YFSN
[20:07:02] [81/322] GCSG
[20:07:02] [82/322] ESSM
[20:07:03] [83/322] KRIH
[20:07:04] [84/322] GCDS
[20:07:05] [85/322] CCSH
[20:07:06] [86/322] ACSK
[20:07:07] [87/322] APRK
[20:07:08] [88/322] ADKM
[20:07:08] [89/322] SRDM
[20:07:09] 🔄 Identity reset
[20:07:09] 🔄 Identity rotated (every 10 requests)
[20:07:09] [90/322] SJMY
[20:07:10] [91/322] PGGC
[20:07:11] [92/322] INGM
[20:07:12] [93/322] LSCB
[20:07:13] [94/322] STAD
[20:07:14] [95/322] MCCR
[20:07:15] [96/322] ABCC
[20:07:15] [97/322] RKCC
[20:07:16] [98/322] RTCR
[20:07:18] [99/322] GGBC
[20:07:18] 🔄 Identity reset
[20:07:18] 🔄 Identity rotated (every 10 requests)
[20:07:18] [100/322] GCSD
[20:07:19] [101/322] LPTY
[20:07:20] [102/322] MCFD
[20:07:22] [103/322] HENN
[20:07:23] [104/322] SMKU
[20:07:24] [105/322] TNZC
[20:07:25] [106/322] DRCD
[20:07:26] [107/322] DLCD
[20:07:27] [108/322] RCDA
[20:07:28] [109/322] COSM
[20:07:28] 🔄 Identity reset
[20:07:28] 🔄 Identity rotated (every 10 requests)
[20:07:28] [110/322] MCMJ
[20:07:29] [111/322] CSTR
[20:07:30] [112/322] CVDK
[20:07:30] [113/322] INRR
[20:07:31] [114/322] RJRT
[20:07:32] [115/322] IRMR
[20:07:33] [116/322] SRCF
[20:07:33] [117/322] GRCR
[20:07:34] [118/322] SURC
[20:07:35] [119/322] NMNH
[20:07:35] 🔄 Identity reset
[20:07:35] 🔄 Identity rotated (every 10 requests)
[20:07:36] [120/322] SVBL
[20:07:37] [121/322] KACI
[20:07:38] [122/322] TDGO
[20:07:39] [123/322] KTBR
[20:07:40] [124/322] PMAD
[20:07:41] [125/322] CCPN
[20:07:42] [126/322] SBTK
[20:07:42] [127/322] LMDK
[20:07:43] [128/322] PGDA
[20:07:44] [129/322] SRML
[20:07:45] 🔄 Identity reset
[20:07:45] 🔄 Identity rotated (every 10 requests)
[20:07:45] [130/322] EVCK
[20:07:46] [131/322] RTTK
[20:07:47] [132/322] SRTU
[20:07:48] [133/322] VRSA
[20:07:49] [134/322] VARS
[20:07:49] [135/322] DSCZ
[20:07:50] [136/322] GAGA
[20:07:51] [137/322] SARV
[20:07:52] [138/322] SEEG
[20:07:53] [139/322] GLCA
[20:07:53] 🔄 Identity reset
[20:07:53] 🔄 Identity rotated (every 10 requests)
[20:07:53] [140/322] APAS
[20:07:54] [141/322] VCIA
[20:07:55] [142/322] SJTA
[20:07:56] [143/322] SABM
[20:07:57] [144/322] PPAG
[20:07:58] [145/322] RVCA
[20:07:58] [146/322] CCIA
[20:07:59] [147/322] HTAG
[20:08:00] [148/322] SMBI
[20:08:01] [149/322] MCJR
[20:08:02] 🔄 Identity reset
[20:08:02] 🔄 Identity rotated (every 10 requests)
[20:08:02] [150/322] CCJR
[20:08:03] [151/322] SINF
[20:08:04] [152/322] CPLX
[20:08:04] [153/322] KKTJ
[20:08:05] [154/322] GDBW
[20:08:06] [155/322] CSUB
[20:08:07] [156/322] DABA
[20:08:08] [157/322] TITR
[20:08:09] [158/322] NYCR
[20:08:10] [159/322] RTRY
[20:08:11] 🔄 Identity reset
[20:08:11] 🔄 Identity rotated (every 10 requests)
[20:08:11] [160/322] JTJL
[20:08:12] [161/322] SJCP
[20:08:13] [162/322] KCCA
[20:08:13] [163/322] MLPG
[20:08:14] [164/322] VRCK
[20:08:15] [165/322] SRIN
[20:08:16] [166/322] CXMK
[20:08:17] [167/322] SKAD
[20:08:18] [168/322] AVTR
[20:08:19] [169/322] PTAJ
[20:08:19] 🔄 Identity reset
[20:08:19] 🔄 Identity rotated (every 10 requests)
[20:08:20] [170/322] SCNK
[20:08:20] [171/322] STTI
[20:08:21] [172/322] KACR
[20:08:22] [173/322] SSDX
[20:08:23] [174/322] VRTJ
[20:08:24] [175/322] RAJD
[20:08:25] [176/322] SCIP
[20:08:26] [177/322] RJSL
[20:08:26] [178/322] ARRS
[20:08:27] [179/322] ASMS
[20:08:28] 🔄 Identity reset
[20:08:28] 🔄 Identity rotated (every 10 requests)
[20:08:28] 🔄 Retry 1/5 for ASMS in 2.2s
[20:08:28] 🔄 Identity reset
[20:08:30] 🧠 New identity created
[20:08:30] [180/322] RDTS
[20:08:31] [181/322] DVMY
[20:08:32] [182/322] RASA
[20:08:33] [183/322] INOM
[20:08:34] [184/322] SPRS
[20:08:35] [185/322] SGCS
[20:08:36] [186/322] SALM
[20:08:38] [187/322] PKHC
[20:08:38] [188/322] RCSV
[20:08:39] 🔄 Identity reset
[20:08:39] 🔄 Identity rotated (every 10 requests)
[20:08:39] [189/322] CPKC
[20:08:40] [190/322] AACD
[20:08:41] [191/322] GGCV
[20:08:42] [192/322] SMKD
[20:08:43] [193/322] NBCH
[20:08:43] [194/322] AMCB
[20:08:44] [195/322] OPCN
[20:08:45] [196/322] DCIN
[20:08:46] [197/322] INGW
[20:08:46] [198/322] PKKW
[20:08:47] 🔄 Identity reset
[20:08:47] 🔄 Identity rotated (every 10 requests)
[20:08:47] [199/322] FNGW
[20:08:48] [200/322] GCGD
[20:08:49] [201/322] MSTW
[20:08:50] [202/322] KCCG
[20:08:51] [203/322] MRSS
[20:08:52] [204/322] CLCF
[20:08:53] [205/322] EETS
[20:08:54] [206/322] AATR
[20:08:54] [207/322] CMMN
[20:08:55] [208/322] SCCJ
[20:08:56] 🔄 Identity reset
[20:08:56] 🔄 Identity rotated (every 10 requests)
[20:08:56] [209/322] CDTK
[20:08:57] [210/322] AICP
[20:08:58] [211/322] FNBP
[20:08:58] [212/322] CBPB
[20:08:59] [213/322] CPAS
[20:09:00] [214/322] MAPM
[20:09:01] [215/322] PASD
[20:09:02] [216/322] JCMN
[20:09:03] [217/322] MALB
[20:09:03] [218/322] SACG
[20:09:04] 🔄 Identity reset
[20:09:04] 🔄 Identity rotated (every 10 requests)
[20:09:04] [219/322] DDRX
[20:09:05] [220/322] DDXB
[20:09:06] [221/322] RAMC
[20:09:07] [222/322] SANC
[20:09:07] [223/322] BCBP
[20:09:08] [224/322] ALPC
[20:09:09] [225/322] RBAC
[20:09:10] [226/322] RAJL
[20:09:11] [227/322] MPDX
[20:09:12] [228/322] MUSC
[20:09:13] 🔄 Identity reset
[20:09:13] 🔄 Identity rotated (every 10 requests)
[20:09:13] [229/322] VKMK
[20:09:14] [230/322] SKCG
[20:09:15] [231/322] ANCN
[20:09:16] [232/322] MMCJ
[20:09:17] [233/322] DCAK
[20:09:18] [234/322] SCKG
[20:09:19] [235/322] LMCK
[20:09:20] [236/322] CKKX
[20:09:20] [237/322] ANKU
[20:09:21] [238/322] CSMD
[20:09:22] 🔄 Identity reset
[20:09:22] 🔄 Identity rotated (every 10 requests)
[20:09:22] [239/322] MKMP
[20:09:23] [240/322] SVBG
[20:09:24] [241/322] ROOP
[20:09:25] [242/322] GDMT
[20:09:26] [243/322] FPPF
[20:09:26] [244/322] SFUU
[20:09:27] [245/322] ANCB
[20:09:28] [246/322] SMMC
[20:09:29] [247/322] UGKT
[20:09:30] [248/322] JVRM
[20:09:30] 🔄 Identity reset
[20:09:30] 🔄 Identity rotated (every 10 requests)
[20:09:30] [249/322] BATG
[20:09:31] [250/322] RATE
[20:09:33] [251/322] SKME
[20:09:34] [252/322] LMTP
[20:09:35] [253/322] TCBD
[20:09:35] [254/322] ESBD
[20:09:36] [255/322] GDCU
[20:09:37] [256/322] SNKT
[20:09:38] [257/322] SRNK
[20:09:39] [258/322] SMED
[20:09:39] 🔄 Identity reset
[20:09:39] 🔄 Identity rotated (every 10 requests)
[20:09:40] [259/322] CSQS
[20:09:40] [260/322] ALCS
[20:09:41] [261/322] KCKN
[20:09:42] [262/322] VCCL
[20:09:43] [263/322] MCDA
[20:09:44] [264/322] SHMI
[20:09:44] [265/322] SKHA
[20:09:45] [266/322] SVFK
[20:09:46] [267/322] INVB
[20:09:47] [268/322] MELD
[20:09:48] 🔄 Identity reset
[20:09:48] 🔄 Identity rotated (every 10 requests)
[20:09:48] 🔄 Retry 1/5 for MELD in 2.2s
[20:09:48] 🔄 Identity reset
[20:09:50] 🧠 New identity created
[20:09:50] 🔄 Retry 2/5 for MELD in 4.9s
[20:09:50] 🔄 Identity reset
[20:09:55] 🧠 New identity created
[20:09:55] [269/322] JTYS
[20:09:56] [270/322] INCM
[20:09:56] [271/322] MCDV
[20:09:57] [272/322] KSGK
[20:09:58] [273/322] ICMG
[20:10:00] [274/322] CSCV
[20:10:01] [275/322] STMD
[20:10:01] [276/322] STTR
[20:10:02] 🔄 Identity reset
[20:10:02] 🔄 Identity rotated (every 10 requests)
[20:10:02] 🔄 Retry 1/5 for STTR in 2.6s
[20:10:02] 🔄 Identity reset
[20:10:04] 🧠 New identity created
[20:10:04] 🔄 Retry 2/5 for STTR in 4.4s
[20:10:04] 🔄 Identity reset
[20:10:09] 🧠 New identity created
[20:10:09] 🔄 Retry 3/5 for STTR in 8.1s
[20:10:09] 🔄 Identity reset
[20:10:17] 🧠 New identity created
[20:10:17] [277/322] INVC
[20:10:18] [278/322] JTBL
[20:10:19] [279/322] SRVV
[20:10:20] [280/322] MAVC
[20:10:20] [281/322] SRPP
[20:10:21] [282/322] JGDM
[20:10:22] [283/322] MBSJ
[20:10:23] 🔄 Identity reset
[20:10:23] 🔄 Identity rotated (every 10 requests)
[20:10:23] 🔄 Retry 1/5 for MBSJ in 2.6s
[20:10:23] 🔄 Identity reset
[20:10:26] 🧠 New identity created
[20:10:26] [284/322] SSLL
[20:10:27] [285/322] SLKP
[20:10:27] [286/322] NSRV
[20:10:28] [287/322] UTDV
[20:10:29] [288/322] KICM
[20:10:30] [289/322] KCMD
[20:10:32] [290/322] TTPP
[20:10:32] [291/322] KMPV
[20:10:33] [292/322] SKTV
[20:10:34] 🔄 Identity reset
[20:10:34] 🔄 Identity rotated (every 10 requests)
[20:10:34] [293/322] STCV
[20:10:35] [294/322] SRDA
[20:10:36] [295/322] JTSX
[20:10:37] [296/322] STBV
[20:10:38] [297/322] APVZ
[20:10:39] [298/322] GSTV
[20:10:40] [299/322] NMVS
[20:10:40] [300/322] SKRT
[20:10:41] [301/322] RMDV
[20:10:42] [302/322] RATG
[20:10:43] 🔄 Identity reset
[20:10:43] 🔄 Identity rotated (every 10 requests)
[20:10:43] [303/322] SJYV
[20:10:44] [304/322] NDGP
[20:10:45] [305/322] SNDG
[20:10:46] [306/322] INSR
[20:10:47] [307/322] INSO
[20:10:48] [308/322] CCSI
[20:10:48] [309/322] RASM
[20:10:49] [310/322] NEWC
[20:10:50] [311/322] VSHL
[20:10:51] [312/322] BISW
[20:10:51] 🔄 Identity reset
[20:10:51] 🔄 Identity rotated (every 10 requests)
[20:10:52] [313/322] GCNG
[20:10:53] [314/322] CWSC
[20:10:53] [315/322] SKAN
[20:10:54] [316/322] CCOA
[20:10:55] [317/322] MCAJ
[20:10:56] [318/322] ACDE
[20:10:58] [319/322] AACM
[20:10:58] [320/322] JJCK
[20:10:59] [321/322] RCMO
[20:11:00] [322/322] GDAW
[20:11:00] 🔄 Identity reset
[20:11:00] 🔄 Identity rotated (every 10 requests)
[20:11:01] 🧹 Deduping shows
[20:11:01] ✅ DONE | Shows=2167 | Movies=47
[08:54:45] 🚀 SCRIPT STARTED
[08:54:45] [1/322] CDCA
[08:54:45] 🧠 New identity created
[08:54:46] [2/322] VBCZ
[08:54:47] [3/322] MSDR
[08:54:48] [4/322] ACPV
[08:54:48] [5/322] PVHB
[08:54:49] [6/322] RCNH
[08:54:50] [7/322] IOMH
[08:54:51] [8/322] ILKS
[08:54:52] [9/322] AMSN
[08:54:53] [10/322] ANTP
[08:54:53] 🔄 Identity reset
[08:54:53] 🔄 Identity rotated (every 10 requests)
[08:54:54] [11/322] SSEK
[08:54:55] [12/322] PICP
[08:54:56] [13/322] SICO
[08:54:57] [14/322] SISP
[08:54:58] [15/322] SCPI
[08:54:59] [16/322] CRPR
[08:55:00] [17/322] DCTW
[08:55:01] [18/322] DCSP
[08:55:01] [19/322] KRPM
[08:55:02] [20/322] THKK
[08:55:02] 🔄 Identity reset
[08:55:02] 🔄 Identity rotated (every 10 requests)
[08:55:03] [21/322] SNMY
[08:55:04] [22/322] AKCC
[08:55:05] [23/322] PCAT
[08:55:06] [24/322] RFGO
[08:55:07] [25/322] GGCS
[08:55:07] [26/322] ACKR
[08:55:08] [27/322] STDO
[08:55:09] [28/322] ACKB
[08:55:10] [29/322] ALUC
[08:55:11] [30/322] MNSR
[08:55:11] 🔄 Identity reset
[08:55:11] 🔄 Identity rotated (every 10 requests)
[08:55:12] [31/322] CSSL
[08:55:13] [32/322] BGGM
[08:55:14] [33/322] MANT
[08:55:14] [34/322] SOOY
[08:55:16] [35/322] VPPK
[08:55:17] [36/322] MYHJ
[08:55:18] [37/322] KSCK
[08:55:18] [38/322] KATK
[08:55:19] [39/322] RTRT
[08:55:20] [40/322] SSTT
[08:55:20] 🔄 Identity reset
[08:55:20] 🔄 Identity rotated (every 10 requests)
[08:55:21] [41/322] SSTV
[08:55:22] [42/322] LACM
[08:55:23] [43/322] SGMG
[08:55:25] [44/322] KACX
[08:55:25] [45/322] GVCP
[08:55:26] [46/322] CSNC
[08:55:27] [47/322] SXCB
[08:55:28] [48/322] BAHS
[08:55:29] [49/322] PCBI
[08:55:31] [50/322] PSSM
[08:55:31] 🔄 Identity reset
[08:55:31] 🔄 Identity rotated (every 10 requests)
[08:55:32] [51/322] RCOK
[08:55:33] [52/322] SCPF
[08:55:34] [53/322] SSAS
[08:55:34] [54/322] EVMM
[08:55:35] [55/322] SYCB
[08:55:36] [56/322] GCKI
[08:55:37] [57/322] IAET
[08:55:38] [58/322] DDTD
[08:55:39] [59/322] GMDH
[08:55:40] [60/322] STLE
[08:55:40] 🔄 Identity reset
[08:55:40] 🔄 Identity rotated (every 10 requests)
[08:55:41] [61/322] JTRA
[08:55:41] [62/322] RPPA
[08:55:42] [63/322] ARUT
[08:55:43] [64/322] JTVM
[08:55:44] [65/322] SWRH
[08:55:45] [66/322] DCPC
[08:55:46] [67/322] RAPR
[08:55:47] [68/322] GCRT
[08:55:48] [69/322] ATUN
[08:55:49] [70/322] LTRM
[08:55:49] 🔄 Identity reset
[08:55:49] 🔄 Identity rotated (every 10 requests)
[08:55:50] [71/322] TASR
[08:55:51] [72/322] RLLC
[08:55:52] [73/322] MABI
[08:55:53] [74/322] SVHB
[08:55:54] [75/322] NVTB
[08:55:55] [76/322] KCKG
[08:55:56] [77/322] SSRN
[08:55:57] [78/322] VDDC
[08:55:58] [79/322] GKTK
[08:55:59] [80/322] YFSN
[08:55:59] 🔄 Identity reset
[08:55:59] 🔄 Identity rotated (every 10 requests)
[08:55:59] 🔄 Retry 1/5 for YFSN in 2.6s
[08:55:59] 🔄 Identity reset
[08:56:01] 🧠 New identity created
[08:56:02] [81/322] GCSG
[08:56:03] [82/322] ESSM
[08:56:04] [83/322] KRIH
[08:56:05] [84/322] GCDS
[08:56:06] [85/322] CCSH
[08:56:07] [86/322] ACSK
[08:56:08] [87/322] APRK
[08:56:09] [88/322] ADKM
[08:56:10] [89/322] SRDM
[08:56:10] 🔄 Identity reset
[08:56:10] 🔄 Identity rotated (every 10 requests)
[08:56:11] [90/322] SJMY
[08:56:12] [91/322] PGGC
[08:56:13] [92/322] INGM
[08:56:13] [93/322] LSCB
[08:56:14] [94/322] STAD
[08:56:15] [95/322] MCCR
[08:56:16] [96/322] ABCC
[08:56:17] [97/322] RKCC
[08:56:18] [98/322] RTCR
[08:56:19] [99/322] GGBC
[08:56:19] 🔄 Identity reset
[08:56:19] 🔄 Identity rotated (every 10 requests)
[08:56:20] [100/322] GCSD
[08:56:21] [101/322] LPTY
[08:56:22] [102/322] MCFD
[08:56:23] [103/322] HENN
[08:56:24] [104/322] SMKU
[08:56:25] [105/322] TNZC
[08:56:26] [106/322] DRCD
[08:56:27] [107/322] DLCD
[08:56:28] [108/322] RCDA
[08:56:29] [109/322] COSM
[08:56:29] 🔄 Identity reset
[08:56:29] 🔄 Identity rotated (every 10 requests)
[08:56:30] [110/322] MCMJ
[08:56:31] [111/322] CSTR
[08:56:32] [112/322] CVDK
[08:56:33] [113/322] INRR
[08:56:34] [114/322] RJRT
[08:56:35] [115/322] IRMR
[08:56:35] [116/322] SRCF
[08:56:36] [117/322] GRCR
[08:56:37] [118/322] SURC
[08:56:38] [119/322] NMNH
[08:56:38] 🔄 Identity reset
[08:56:38] 🔄 Identity rotated (every 10 requests)
[08:56:38] 🔄 Retry 1/5 for NMNH in 2.1s
[08:56:38] 🔄 Identity reset
[08:56:40] 🧠 New identity created
[08:56:41] [120/322] SVBL
[08:56:42] [121/322] KACI
[08:56:43] [122/322] TDGO
[08:56:44] [123/322] KTBR
[08:56:45] [124/322] PMAD
[08:56:45] [125/322] CCPN
[08:56:46] [126/322] SBTK
[08:56:47] [127/322] LMDK
[08:56:48] [128/322] PGDA
[08:56:48] 🔄 Identity reset
[08:56:48] 🔄 Identity rotated (every 10 requests)
[08:56:49] [129/322] SRML
[08:56:50] [130/322] EVCK
[08:56:51] [131/322] RTTK
[08:56:52] [132/322] SRTU
[08:56:53] [133/322] VRSA
[08:56:54] [134/322] VARS
[08:56:55] [135/322] DSCZ
[08:56:56] [136/322] GAGA
[08:56:57] [137/322] SARV
[08:56:58] [138/322] SEEG
[08:56:58] 🔄 Identity reset
[08:56:58] 🔄 Identity rotated (every 10 requests)
[08:56:59] [139/322] GLCA
[08:57:00] [140/322] APAS
[08:57:01] [141/322] VCIA
[08:57:02] [142/322] SJTA
[08:57:02] [143/322] SABM
[08:57:03] [144/322] PPAG
[08:57:04] [145/322] RVCA
[08:57:05] [146/322] CCIA
[08:57:06] [147/322] HTAG
[08:57:07] [148/322] SMBI
[08:57:07] 🔄 Identity reset
[08:57:07] 🔄 Identity rotated (every 10 requests)
[08:57:08] [149/322] MCJR
[08:57:09] [150/322] CCJR
[08:57:09] [151/322] SINF
[08:57:10] [152/322] CPLX
[08:57:11] [153/322] KKTJ
[08:57:12] [154/322] GDBW
[08:57:13] [155/322] CSUB
[08:57:14] [156/322] DABA
[08:57:15] [157/322] TITR
[08:57:16] [158/322] NYCR
[08:57:16] 🔄 Identity reset
[08:57:16] 🔄 Identity rotated (every 10 requests)
[08:57:17] [159/322] RTRY
[08:57:18] [160/322] JTJL
[08:57:19] [161/322] SJCP
[08:57:20] [162/322] KCCA
[08:57:21] [163/322] MLPG
[08:57:21] [164/322] VRCK
[08:57:22] [165/322] SRIN
[08:57:23] [166/322] CXMK
[08:57:24] [167/322] SKAD
[08:57:26] [168/322] AVTR
[08:57:26] 🔄 Identity reset
[08:57:26] 🔄 Identity rotated (every 10 requests)
[08:57:27] [169/322] PTAJ
[08:57:28] [170/322] SCNK
[08:57:28] [171/322] STTI
[08:57:29] [172/322] KACR
[08:57:30] [173/322] SSDX
[08:57:31] [174/322] VRTJ
[08:57:32] [175/322] RAJD
[08:57:33] [176/322] SCIP
[08:57:34] [177/322] RJSL
[08:57:35] [178/322] ARRS
[08:57:35] 🔄 Identity reset
[08:57:35] 🔄 Identity rotated (every 10 requests)
[08:57:35] 🔄 Retry 1/5 for ARRS in 2.5s
[08:57:35] 🔄 Identity reset
[08:57:37] 🧠 New identity created
[08:57:38] [179/322] ASMS
[08:57:39] [180/322] RDTS
[08:57:40] [181/322] DVMY
[08:57:41] [182/322] RASA
[08:57:42] [183/322] INOM
[08:57:43] [184/322] SPRS
[08:57:44] [185/322] SGCS
[08:57:46] [186/322] SALM
[08:57:48] [187/322] PKHC
[08:57:48] 🔄 Identity reset
[08:57:48] 🔄 Identity rotated (every 10 requests)
[08:57:48] [188/322] RCSV
[08:57:49] [189/322] CPKC
[08:57:50] [190/322] AACD
[08:57:51] [191/322] GGCV
[08:57:52] [192/322] SMKD
[08:57:53] [193/322] NBCH
[08:57:54] [194/322] AMCB
[08:57:54] [195/322] OPCN
[08:57:56] [196/322] DCIN
[08:57:57] [197/322] INGW
[08:57:57] 🔄 Identity reset
[08:57:57] 🔄 Identity rotated (every 10 requests)
[08:57:58] [198/322] PKKW
[08:57:59] [199/322] FNGW
[08:58:00] [200/322] GCGD
[08:58:01] [201/322] MSTW
[08:58:02] [202/322] KCCG
[08:58:03] [203/322] MRSS
[08:58:04] [204/322] CLCF
[08:58:04] [205/322] EETS
[08:58:05] [206/322] AATR
[08:58:06] [207/322] CMMN
[08:58:06] 🔄 Identity reset
[08:58:06] 🔄 Identity rotated (every 10 requests)
[08:58:06] 🔄 Retry 1/5 for CMMN in 2.4s
[08:58:06] 🔄 Identity reset
[08:58:09] 🧠 New identity created
[08:58:09] 🔄 Retry 2/5 for CMMN in 4.4s
[08:58:09] 🔄 Identity reset
[08:58:13] 🧠 New identity created
[08:58:14] [208/322] SCCJ
[08:58:15] [209/322] CDTK
[08:58:16] [210/322] AICP
[08:58:17] [211/322] FNBP
[08:58:18] [212/322] CBPB
[08:58:18] [213/322] CPAS
[08:58:19] [214/322] MAPM
[08:58:20] [215/322] PASD
[08:58:20] 🔄 Identity reset
[08:58:20] 🔄 Identity rotated (every 10 requests)
[08:58:21] [216/322] JCMN
[08:58:22] [217/322] MALB
[08:58:23] [218/322] SACG
[08:58:24] [219/322] DDRX
[08:58:25] [220/322] DDXB
[08:58:26] [221/322] RAMC
[08:58:27] [222/322] SANC
[08:58:27] [223/322] BCBP
[08:58:28] [224/322] ALPC
[08:58:29] [225/322] RBAC
[08:58:29] 🔄 Identity reset
[08:58:29] 🔄 Identity rotated (every 10 requests)
[08:58:30] [226/322] RAJL
[08:58:31] [227/322] MPDX
[08:58:32] [228/322] MUSC
[08:58:33] [229/322] VKMK
[08:58:33] [230/322] SKCG
[08:58:34] [231/322] ANCN
[08:58:35] [232/322] MMCJ
[08:58:36] [233/322] DCAK
[08:58:37] [234/322] SCKG
[08:58:38] [235/322] LMCK
[08:58:38] 🔄 Identity reset
[08:58:38] 🔄 Identity rotated (every 10 requests)
[08:58:39] [236/322] CKKX
[08:58:39] [237/322] ANKU
[08:58:40] [238/322] CSMD
[08:58:41] [239/322] MKMP
[08:58:42] [240/322] SVBG
[08:58:43] [241/322] ROOP
[08:58:44] [242/322] GDMT
[08:58:45] [243/322] FPPF
[08:58:46] [244/322] SFUU
[08:58:47] [245/322] ANCB
[08:58:47] 🔄 Identity reset
[08:58:47] 🔄 Identity rotated (every 10 requests)
[08:58:47] [246/322] SMMC
[08:58:48] [247/322] UGKT
[08:58:49] [248/322] JVRM
[08:58:50] [249/322] BATG
[08:58:51] [250/322] RATE
[08:58:52] [251/322] SKME
[08:58:52] [252/322] LMTP
[08:58:53] [253/322] TCBD
[08:58:54] [254/322] ESBD
[08:58:55] [255/322] GDCU
[08:58:55] 🔄 Identity reset
[08:58:55] 🔄 Identity rotated (every 10 requests)
[08:58:55] 🔄 Retry 1/5 for GDCU in 2.9s
[08:58:55] 🔄 Identity reset
[08:58:58] 🧠 New identity created
[08:58:58] 🔄 Retry 2/5 for GDCU in 4.0s
[08:58:58] 🔄 Identity reset
[08:59:02] 🧠 New identity created
[08:59:04] [256/322] SNKT
[08:59:05] [257/322] SRNK
[08:59:06] [258/322] SMED
[08:59:07] [259/322] CSQS
[08:59:08] [260/322] ALCS
[08:59:09] [261/322] KCKN
[08:59:10] [262/322] VCCL
[08:59:11] [263/322] MCDA
[08:59:11] 🔄 Identity reset
[08:59:11] 🔄 Identity rotated (every 10 requests)
[08:59:12] [264/322] SHMI
[08:59:12] [265/322] SKHA
[08:59:13] [266/322] SVFK
[08:59:14] [267/322] INVB
[08:59:15] [268/322] MELD
[08:59:16] [269/322] JTYS
[08:59:17] [270/322] INCM
[08:59:18] [271/322] MCDV
[08:59:19] [272/322] KSGK
[08:59:19] [273/322] ICMG
[08:59:19] 🔄 Identity reset
[08:59:19] 🔄 Identity rotated (every 10 requests)
[08:59:20] [274/322] CSCV
[08:59:21] [275/322] STMD
[08:59:22] [276/322] STTR
[08:59:23] [277/322] INVC
[08:59:24] [278/322] JTBL
[08:59:25] [279/322] SRVV
[08:59:26] [280/322] MAVC
[08:59:27] [281/322] SRPP
[08:59:28] [282/322] JGDM
[08:59:29] [283/322] MBSJ
[08:59:29] 🔄 Identity reset
[08:59:29] 🔄 Identity rotated (every 10 requests)
[08:59:29] [284/322] SSLL
[08:59:30] [285/322] SLKP
[08:59:31] [286/322] NSRV
[08:59:32] [287/322] UTDV
[08:59:33] [288/322] KICM
[08:59:33] [289/322] KCMD
[08:59:34] [290/322] TTPP
[08:59:35] [291/322] KMPV
[08:59:36] [292/322] SKTV
[08:59:37] [293/322] STCV
[08:59:37] 🔄 Identity reset
[08:59:37] 🔄 Identity rotated (every 10 requests)
[08:59:38] [294/322] SRDA
[08:59:40] [295/322] JTSX
[08:59:41] [296/322] STBV
[08:59:41] [297/322] APVZ
[08:59:42] [298/322] GSTV
[08:59:43] [299/322] NMVS
[08:59:44] [300/322] SKRT
[08:59:44] [301/322] RMDV
[08:59:45] [302/322] RATG
[08:59:46] [303/322] SJYV
[08:59:46] 🔄 Identity reset
[08:59:46] 🔄 Identity rotated (every 10 requests)
[08:59:47] [304/322] NDGP
[08:59:48] [305/322] SNDG
[08:59:49] [306/322] INSR
[08:59:50] [307/322] INSO
[08:59:51] [308/322] CCSI
[08:59:52] [309/322] RASM
[08:59:53] [310/322] NEWC
[08:59:54] [311/322] VSHL
[08:59:55] [312/322] BISW
[08:59:56] [313/322] GCNG
[08:59:56] 🔄 Identity reset
[08:59:56] 🔄 Identity rotated (every 10 requests)
[08:59:57] [314/322] CWSC
[08:59:58] [315/322] SKAN
[08:59:59] [316/322] CCOA
[08:59:59] [317/322] MCAJ
[09:00:00] [318/322] ACDE
[09:00:01] [319/322] AACM
[09:00:02] [320/322] JJCK
[09:00:03] [321/322] RCMO
[09:00:04] [322/322] GDAW
[09:00:06] 🧹 Deduping shows
[09:00:06] ✅ DONE | Shows=2227 | Movies=48
[10:33:43] 🚀 SCRIPT STARTED
[10:33:43] [1/322] CDCA
[10:33:43] 🧠 New identity created
[10:33:43] 🔄 Retry 1/5 for CDCA in 2.8s
[10:33:43] 🔄 Identity reset
[10:33:46] 🧠 New identity created
[10:33:47] [2/322] VBCZ
[10:33:47] [3/322] MSDR
[10:33:49] [4/322] ACPV
[10:33:50] [5/322] PVHB
[10:33:51] [6/322] RCNH
[10:33:52] [7/322] IOMH
[10:33:52] [8/322] ILKS
[10:33:53] [9/322] AMSN
[10:33:53] 🔄 Identity reset
[10:33:53] 🔄 Identity rotated (every 10 requests)
[10:33:54] [10/322] ANTP
[10:33:55] [11/322] SSEK
[10:33:56] [12/322] PICP
[10:33:57] [13/322] SICO
[10:33:58] [14/322] SISP
[10:33:59] [15/322] SCPI
[10:34:00] [16/322] CRPR
[10:34:01] [17/322] DCTW
[10:34:02] [18/322] DCSP
[10:34:03] [19/322] KRPM
[10:34:03] 🔄 Identity reset
[10:34:03] 🔄 Identity rotated (every 10 requests)
[10:34:04] [20/322] THKK
[10:34:05] [21/322] SNMY
[10:34:06] [22/322] AKCC
[10:34:07] [23/322] PCAT
[10:34:08] [24/322] RFGO
[10:34:09] [25/322] GGCS
[10:34:10] [26/322] ACKR
[10:34:11] [27/322] STDO
[10:34:12] [28/322] ACKB
[10:34:13] [29/322] ALUC
[10:34:13] 🔄 Identity reset
[10:34:13] 🔄 Identity rotated (every 10 requests)
[10:34:14] [30/322] MNSR
[10:34:14] [31/322] CSSL
[10:34:16] [32/322] BGGM
[10:34:17] [33/322] MANT
[10:34:18] [34/322] SOOY
[10:34:18] [35/322] VPPK
[10:34:19] [36/322] MYHJ
[10:34:20] [37/322] KSCK
[10:34:21] [38/322] KATK
[10:34:22] [39/322] RTRT
[10:34:22] 🔄 Identity reset
[10:34:22] 🔄 Identity rotated (every 10 requests)
[10:34:22] 🔄 Retry 1/5 for RTRT in 2.6s
[10:34:22] 🔄 Identity reset
[10:34:25] 🧠 New identity created
[10:34:26] [40/322] SSTT
[10:34:27] [41/322] SSTV
[10:34:28] [42/322] LACM
[10:34:28] [43/322] SGMG
[10:34:29] [44/322] KACX
[10:34:30] [45/322] GVCP
[10:34:31] [46/322] CSNC
[10:34:32] [47/322] SXCB
[10:34:33] [48/322] BAHS
[10:34:33] 🔄 Identity reset
[10:34:33] 🔄 Identity rotated (every 10 requests)
[10:34:34] [49/322] PCBI
[10:34:35] [50/322] PSSM
[10:34:36] [51/322] RCOK
[10:34:37] [52/322] SCPF
[10:34:38] [53/322] SSAS
[10:34:39] [54/322] EVMM
[10:34:40] [55/322] SYCB
[10:34:41] [56/322] GCKI
[10:34:43] [57/322] IAET
[10:34:44] [58/322] DDTD
[10:34:44] 🔄 Identity reset
[10:34:44] 🔄 Identity rotated (every 10 requests)
[10:34:44] 🔄 Retry 1/5 for DDTD in 2.4s
[10:34:44] 🔄 Identity reset
[10:34:46] 🧠 New identity created
[10:34:47] [59/322] GMDH
[10:34:48] [60/322] STLE
[10:34:49] [61/322] JTRA
[10:34:50] [62/322] RPPA
[10:34:51] [63/322] ARUT
[10:34:51] [64/322] JTVM
[10:34:52] [65/322] SWRH
[10:34:53] [66/322] DCPC
[10:34:54] [67/322] RAPR
[10:34:54] 🔄 Identity reset
[10:34:54] 🔄 Identity rotated (every 10 requests)
[10:34:55] [68/322] GCRT
[10:34:56] [69/322] ATUN
[10:34:57] [70/322] LTRM
[10:34:57] [71/322] TASR
[10:34:58] [72/322] RLLC
[10:35:00] [73/322] MABI
[10:35:01] [74/322] SVHB
[10:35:02] [75/322] NVTB
[10:35:03] [76/322] KCKG
[10:35:04] [77/322] SSRN
[10:35:04] 🔄 Identity reset
[10:35:04] 🔄 Identity rotated (every 10 requests)
[10:35:05] [78/322] VDDC
[10:35:06] [79/322] GKTK
[10:35:07] [80/322] YFSN
[10:35:07] [81/322] GCSG
[10:35:08] [82/322] ESSM
[10:35:09] [83/322] KRIH
[10:35:10] [84/322] GCDS
[10:35:11] [85/322] CCSH
[10:35:12] [86/322] ACSK
[10:35:13] [87/322] APRK
[10:35:13] 🔄 Identity reset
[10:35:13] 🔄 Identity rotated (every 10 requests)
[10:35:14] [88/322] ADKM
[10:35:15] [89/322] SRDM
[10:35:16] [90/322] SJMY
[10:35:17] [91/322] PGGC
[10:35:18] [92/322] INGM
[10:35:19] [93/322] LSCB
[10:35:20] [94/322] STAD
[10:35:21] [95/322] MCCR
[10:35:22] [96/322] ABCC
[10:35:23] [97/322] RKCC
[10:35:23] 🔄 Identity reset
[10:35:23] 🔄 Identity rotated (every 10 requests)
[10:35:24] [98/322] RTCR
[10:35:25] [99/322] GGBC
[10:35:26] [100/322] GCSD
[10:35:27] [101/322] LPTY
[10:35:28] [102/322] MCFD
[10:35:29] [103/322] HENN
[10:35:30] [104/322] SMKU
[10:35:32] [105/322] TNZC
[10:35:32] [106/322] DRCD
[10:35:33] [107/322] DLCD
[10:35:33] 🔄 Identity reset
[10:35:33] 🔄 Identity rotated (every 10 requests)
[10:35:35] [108/322] RCDA
[10:35:36] [109/322] COSM
[10:35:37] [110/322] MCMJ
[10:35:38] [111/322] CSTR
[10:35:39] [112/322] CVDK
[10:35:40] [113/322] INRR
[10:35:41] [114/322] RJRT
[10:35:41] [115/322] IRMR
[10:35:42] [116/322] SRCF
[10:35:43] [117/322] GRCR
[10:35:43] 🔄 Identity reset
[10:35:43] 🔄 Identity rotated (every 10 requests)
[10:35:44] [118/322] SURC
[10:35:45] [119/322] NMNH
[10:35:46] [120/322] SVBL
[10:35:47] [121/322] KACI
[10:35:48] [122/322] TDGO
[10:35:49] [123/322] KTBR
[10:35:50] [124/322] PMAD
[10:35:51] [125/322] CCPN
[10:35:52] [126/322] SBTK
[10:35:53] [127/322] LMDK
[10:35:53] 🔄 Identity reset
[10:35:53] 🔄 Identity rotated (every 10 requests)
[10:35:54] [128/322] PGDA
[10:35:55] [129/322] SRML
[10:35:56] [130/322] EVCK
[10:35:57] [131/322] RTTK
[10:35:57] [132/322] SRTU
[10:35:59] [133/322] VRSA
[10:36:00] [134/322] VARS
[10:36:01] [135/322] DSCZ
[10:36:02] [136/322] GAGA
[10:36:03] [137/322] SARV
[10:36:03] 🔄 Identity reset
[10:36:03] 🔄 Identity rotated (every 10 requests)
[10:36:04] [138/322] SEEG
[10:36:05] [139/322] GLCA
[10:36:05] [140/322] APAS
[10:36:06] [141/322] VCIA
[10:36:07] [142/322] SJTA
[10:36:08] [143/322] SABM
[10:36:09] [144/322] PPAG
[10:36:10] [145/322] RVCA
[10:36:11] [146/322] CCIA
[10:36:13] [147/322] HTAG
[10:36:13] 🔄 Identity reset
[10:36:13] 🔄 Identity rotated (every 10 requests)
[10:36:14] [148/322] SMBI
[10:36:15] [149/322] MCJR
[10:36:16] [150/322] CCJR
[10:36:17] [151/322] SINF
[10:36:18] [152/322] CPLX
[10:36:19] [153/322] KKTJ
[10:36:20] [154/322] GDBW
[10:36:21] [155/322] CSUB
[10:36:22] [156/322] DABA
[10:36:22] [157/322] TITR
[10:36:22] 🔄 Identity reset
[10:36:22] 🔄 Identity rotated (every 10 requests)
[10:36:23] [158/322] NYCR
[10:36:24] [159/322] RTRY
[10:36:26] [160/322] JTJL
[10:36:27] [161/322] SJCP
[10:36:28] [162/322] KCCA
[10:36:29] [163/322] MLPG
[10:36:30] [164/322] VRCK
[10:36:31] [165/322] SRIN
[10:36:32] [166/322] CXMK
[10:36:33] [167/322] SKAD
[10:36:33] 🔄 Identity reset
[10:36:33] 🔄 Identity rotated (every 10 requests)
[10:36:33] 🔄 Retry 1/5 for SKAD in 2.9s
[10:36:33] 🔄 Identity reset
[10:36:36] 🧠 New identity created
[10:36:37] [168/322] AVTR
[10:36:39] [169/322] PTAJ
[10:36:40] [170/322] SCNK
[10:36:40] [171/322] STTI
[10:36:41] [172/322] KACR
[10:36:42] [173/322] SSDX
[10:36:43] [174/322] VRTJ
[10:36:44] [175/322] RAJD
[10:36:46] [176/322] SCIP
[10:36:46] 🔄 Identity reset
[10:36:46] 🔄 Identity rotated (every 10 requests)
[10:36:46] 🔄 Retry 1/5 for SCIP in 2.8s
[10:36:46] 🔄 Identity reset
[10:36:49] 🧠 New identity created
[10:36:49] 🔄 Retry 2/5 for SCIP in 4.1s
[10:36:49] 🔄 Identity reset
[10:36:53] 🧠 New identity created
[10:36:54] [177/322] RJSL
[10:36:55] [178/322] ARRS
[10:36:56] [179/322] ASMS
[10:36:56] [180/322] RDTS
[10:36:58] [181/322] DVMY
[10:36:59] [182/322] RASA
[10:37:00] [183/322] INOM
[10:37:01] [184/322] SPRS
[10:37:01] 🔄 Identity reset
[10:37:01] 🔄 Identity rotated (every 10 requests)
[10:37:02] [185/322] SGCS
[10:37:03] [186/322] SALM
[10:37:04] [187/322] PKHC
[10:37:05] [188/322] RCSV
[10:37:06] [189/322] CPKC
[10:37:06] [190/322] AACD
[10:37:07] [191/322] GGCV
[10:37:08] [192/322] SMKD
[10:37:09] [193/322] NBCH
[10:37:11] [194/322] AMCB
[10:37:11] 🔄 Identity reset
[10:37:11] 🔄 Identity rotated (every 10 requests)
[10:37:12] [195/322] OPCN
[10:37:13] [196/322] DCIN
[10:37:14] [197/322] INGW
[10:37:15] [198/322] PKKW
[10:37:16] [199/322] FNGW
[10:37:17] [200/322] GCGD
[10:37:18] [201/322] MSTW
[10:37:18] [202/322] KCCG
[10:37:19] [203/322] MRSS
[10:37:20] [204/322] CLCF
[10:37:20] 🔄 Identity reset
[10:37:20] 🔄 Identity rotated (every 10 requests)
[10:37:21] [205/322] EETS
[10:37:22] [206/322] AATR
[10:37:23] [207/322] CMMN
[10:37:24] [208/322] SCCJ
[10:37:24] [209/322] CDTK
[10:37:25] [210/322] AICP
[10:37:26] [211/322] FNBP
[10:37:27] [212/322] CBPB
[10:37:28] [213/322] CPAS
[10:37:29] [214/322] MAPM
[10:37:29] 🔄 Identity reset
[10:37:29] 🔄 Identity rotated (every 10 requests)
[10:37:30] [215/322] PASD
[10:37:31] [216/322] JCMN
[10:37:32] [217/322] MALB
[10:37:33] [218/322] SACG
[10:37:34] [219/322] DDRX
[10:37:35] [220/322] DDXB
[10:37:36] [221/322] RAMC
[10:37:37] [222/322] SANC
[10:37:38] [223/322] BCBP
[10:37:39] [224/322] ALPC
[10:37:39] 🔄 Identity reset
[10:37:39] 🔄 Identity rotated (every 10 requests)
[10:37:40] [225/322] RBAC
[10:37:41] [226/322] RAJL
[10:37:42] [227/322] MPDX
[10:37:42] [228/322] MUSC
[10:37:44] [229/322] VKMK
[10:37:44] [230/322] SKCG
[10:37:45] [231/322] ANCN
[10:37:46] [232/322] MMCJ
[10:37:47] [233/322] DCAK
[10:37:48] [234/322] SCKG
[10:37:48] 🔄 Identity reset
[10:37:48] 🔄 Identity rotated (every 10 requests)
[10:37:49] [235/322] LMCK
[10:37:50] [236/322] CKKX
[10:37:51] [237/322] ANKU
[10:37:52] [238/322] CSMD
[10:37:53] [239/322] MKMP
[10:37:54] [240/322] SVBG
[10:37:54] [241/322] ROOP
[10:37:55] [242/322] GDMT
[10:37:56] [243/322] FPPF
[10:37:57] [244/322] SFUU
[10:37:57] 🔄 Identity reset
[10:37:57] 🔄 Identity rotated (every 10 requests)
[10:37:57] 🔄 Retry 1/5 for SFUU in 2.6s
[10:37:57] 🔄 Identity reset
[10:38:00] 🧠 New identity created
[10:38:00] 🔄 Retry 2/5 for SFUU in 4.4s
[10:38:00] 🔄 Identity reset
[10:38:04] 🧠 New identity created
[10:38:05] [245/322] ANCB
[10:38:06] [246/322] SMMC
[10:38:07] [247/322] UGKT
[10:38:08] [248/322] JVRM
[10:38:08] [249/322] BATG
[10:38:09] [250/322] RATE
[10:38:10] [251/322] SKME
[10:38:11] [252/322] LMTP
[10:38:11] 🔄 Identity reset
[10:38:11] 🔄 Identity rotated (every 10 requests)
[10:38:12] [253/322] TCBD
[10:38:13] [254/322] ESBD
[10:38:14] [255/322] GDCU
[10:38:14] [256/322] SNKT
[10:38:15] [257/322] SRNK
[10:38:16] [258/322] SMED
[10:38:17] [259/322] CSQS
[10:38:18] [260/322] ALCS
[10:38:19] [261/322] KCKN
[10:38:20] [262/322] VCCL
[10:38:20] 🔄 Identity reset
[10:38:20] 🔄 Identity rotated (every 10 requests)
[10:38:21] [263/322] MCDA
[10:38:22] [264/322] SHMI
[10:38:22] [265/322] SKHA
[10:38:23] [266/322] SVFK
[10:38:24] [267/322] INVB
[10:38:25] [268/322] MELD
[10:38:26] [269/322] JTYS
[10:38:27] [270/322] INCM
[10:38:28] [271/322] MCDV
[10:38:29] [272/322] KSGK
[10:38:29] 🔄 Identity reset
[10:38:29] 🔄 Identity rotated (every 10 requests)
[10:38:29] 🔄 Retry 1/5 for KSGK in 2.2s
[10:38:29] 🔄 Identity reset
[10:38:32] 🧠 New identity created
[10:38:32] 🔄 Retry 2/5 for KSGK in 4.5s
[10:38:32] 🔄 Identity reset
[10:38:36] 🧠 New identity created
[10:38:37] [273/322] ICMG
[10:38:38] [274/322] CSCV
[10:38:39] [275/322] STMD
[10:38:40] [276/322] STTR
[10:38:41] [277/322] INVC
[10:38:42] [278/322] JTBL
[10:38:44] [279/322] SRVV
[10:38:45] [280/322] MAVC
[10:38:45] 🔄 Identity reset
[10:38:45] 🔄 Identity rotated (every 10 requests)
[10:38:45] [281/322] SRPP
[10:38:47] [282/322] JGDM
[10:38:48] [283/322] MBSJ
[10:38:49] [284/322] SSLL
[10:38:50] [285/322] SLKP
[10:38:51] [286/322] NSRV
[10:38:52] [287/322] UTDV
[10:38:54] [288/322] KICM
[10:38:54] [289/322] KCMD
[10:38:56] [290/322] TTPP
[10:38:56] 🔄 Identity reset
[10:38:56] 🔄 Identity rotated (every 10 requests)
[10:38:56] 🔄 Retry 1/5 for TTPP in 3.0s
[10:38:56] 🔄 Identity reset
[10:38:59] 🧠 New identity created
[10:39:00] [291/322] KMPV
[10:39:01] [292/322] SKTV
[10:39:02] [293/322] STCV
[10:39:03] [294/322] SRDA
[10:39:04] [295/322] JTSX
[10:39:05] [296/322] STBV
[10:39:06] [297/322] APVZ
[10:39:07] [298/322] GSTV
[10:39:08] [299/322] NMVS
[10:39:08] 🔄 Identity reset
[10:39:08] 🔄 Identity rotated (every 10 requests)
[10:39:09] [300/322] SKRT
[10:39:10] [301/322] RMDV
[10:39:11] [302/322] RATG
[10:39:12] [303/322] SJYV
[10:39:12] [304/322] NDGP
[10:39:13] [305/322] SNDG
[10:39:15] [306/322] INSR
[10:39:16] [307/322] INSO
[10:39:16] [308/322] CCSI
[10:39:17] [309/322] RASM
[10:39:17] 🔄 Identity reset
[10:39:17] 🔄 Identity rotated (every 10 requests)
[10:39:18] [310/322] NEWC
[10:39:19] [311/322] VSHL
[10:39:21] [312/322] BISW
[10:39:21] [313/322] GCNG
[10:39:22] [314/322] CWSC
[10:39:23] [315/322] SKAN
[10:39:24] [316/322] CCOA
[10:39:25] [317/322] MCAJ
[10:39:26] [318/322] ACDE
[10:39:27] [319/322] AACM
[10:39:27] 🔄 Identity reset
[10:39:27] 🔄 Identity rotated (every 10 requests)
[10:39:28] [320/322] JJCK
[10:39:28] [321/322] RCMO
[10:39:29] [322/322] GDAW
[10:39:30] 🧹 Deduping shows
[10:39:30] ✅ DONE | Shows=2240 | Movies=49
[12:51:22] 🚀 SCRIPT STARTED
[12:51:22] [1/322] CDCA
[12:51:22] 🧠 New identity created
[12:51:23] [2/322] VBCZ
[12:51:25] [3/322] MSDR
[12:51:26] [4/322] ACPV
[12:51:27] [5/322] PVHB
[12:51:28] [6/322] RCNH
[12:51:29] [7/322] IOMH
[12:51:30] [8/322] ILKS
[12:51:31] [9/322] AMSN
[12:51:32] [10/322] ANTP
[12:51:32] 🔄 Identity reset
[12:51:32] 🔄 Identity rotated (every 10 requests)
[12:51:32] 🔄 Retry 1/5 for ANTP in 3.0s
[12:51:32] 🔄 Identity reset
[12:51:35] 🧠 New identity created
[12:51:35] 🔄 Retry 2/5 for ANTP in 4.9s
[12:51:35] 🔄 Identity reset
[12:51:40] 🧠 New identity created
[12:51:40] 🔄 Retry 3/5 for ANTP in 8.7s
[12:51:40] 🔄 Identity reset
[12:51:48] 🧠 New identity created
[12:51:49] [11/322] SSEK
[12:51:53] [12/322] PICP
[12:51:54] [13/322] SICO
[12:51:56] [14/322] SISP
[12:51:58] [15/322] SCPI
[12:51:59] [16/322] CRPR
[12:52:00] [17/322] DCTW
[12:52:00] 🔄 Identity reset
[12:52:00] 🔄 Identity rotated (every 10 requests)
[12:52:00] 🔄 Retry 1/5 for DCTW in 3.0s
[12:52:00] 🔄 Identity reset
[12:52:03] 🧠 New identity created
[12:52:04] [18/322] DCSP
[12:52:05] [19/322] KRPM
[12:52:05] [20/322] THKK
[12:52:06] [21/322] SNMY
[12:52:07] [22/322] AKCC
[12:52:08] [23/322] PCAT
[12:52:10] [24/322] RFGO
[12:52:11] [25/322] GGCS
[12:52:12] [26/322] ACKR
[12:52:12] 🔄 Identity reset
[12:52:12] 🔄 Identity rotated (every 10 requests)
[12:52:12] 🔄 Retry 1/5 for ACKR in 2.1s
[12:52:12] 🔄 Identity reset
[12:52:14] 🧠 New identity created
[12:52:15] [27/322] STDO
[12:52:16] [28/322] ACKB
[12:52:17] [29/322] ALUC
[12:52:18] [30/322] MNSR
[12:52:19] [31/322] CSSL
[12:52:20] [32/322] BGGM
[12:52:21] [33/322] MANT
[12:52:22] [34/322] SOOY
[12:52:23] [35/322] VPPK
[12:52:23] 🔄 Identity reset
[12:52:23] 🔄 Identity rotated (every 10 requests)
[12:52:23] 🔄 Retry 1/5 for VPPK in 2.6s
[12:52:23] 🔄 Identity reset
[12:52:26] 🧠 New identity created
[12:52:27] [36/322] MYHJ
[12:52:28] [37/322] KSCK
[12:52:28] [38/322] KATK
[12:52:29] [39/322] RTRT
[12:52:30] [40/322] SSTT
[12:52:31] [41/322] SSTV
[12:52:32] [42/322] LACM
[12:52:33] [43/322] SGMG
[12:52:34] [44/322] KACX
[12:52:34] 🔄 Identity reset
[12:52:34] 🔄 Identity rotated (every 10 requests)
[12:52:34] 🔄 Retry 1/5 for KACX in 2.1s
[12:52:34] 🔄 Identity reset
[12:52:36] 🧠 New identity created
[12:52:36] 🔄 Retry 2/5 for KACX in 4.3s
[12:52:36] 🔄 Identity reset
[12:52:41] 🧠 New identity created
[12:52:42] [45/322] GVCP
[12:52:43] [46/322] CSNC
[12:52:43] [47/322] SXCB
[12:52:44] [48/322] BAHS
[12:52:45] [49/322] PCBI
[12:52:46] [50/322] PSSM
[12:52:47] [51/322] RCOK
[12:52:48] [52/322] SCPF
[12:52:48] 🔄 Identity reset
[12:52:48] 🔄 Identity rotated (every 10 requests)
[12:52:48] 🔄 Retry 1/5 for SCPF in 2.4s
[12:52:48] 🔄 Identity reset
[12:52:51] 🧠 New identity created
[12:52:52] [53/322] SSAS
[12:52:53] [54/322] EVMM
[12:52:54] [55/322] SYCB
[12:52:55] [56/322] GCKI
[12:52:56] [57/322] IAET
[12:52:57] [58/322] DDTD
[12:52:58] [59/322] GMDH
[12:52:59] [60/322] STLE
[12:53:00] [61/322] JTRA
[12:53:00] 🔄 Identity reset
[12:53:00] 🔄 Identity rotated (every 10 requests)
[12:53:00] 🔄 Retry 1/5 for JTRA in 2.7s
[12:53:00] 🔄 Identity reset
[12:53:03] 🧠 New identity created
[12:53:03] 🔄 Retry 2/5 for JTRA in 4.8s
[12:53:03] 🔄 Identity reset
[12:53:08] 🧠 New identity created
[12:53:08] 🔄 Retry 3/5 for JTRA in 8.6s
[12:53:08] 🔄 Identity reset
[12:53:16] 🧠 New identity created
[12:53:16] 🔄 Retry 4/5 for JTRA in 16.4s
[12:53:16] 🔄 Identity reset
[12:53:33] 🧠 New identity created
[12:53:34] [62/322] RPPA
[12:53:35] [63/322] ARUT
[12:53:35] [64/322] JTVM
[12:53:36] [65/322] SWRH
[12:53:37] [66/322] DCPC
[12:53:38] [67/322] RAPR
[12:53:38] 🔄 Identity reset
[12:53:38] 🔄 Identity rotated (every 10 requests)
[12:53:39] [68/322] GCRT
[12:53:40] [69/322] ATUN
[12:53:41] [70/322] LTRM
[12:53:42] [71/322] TASR
[12:53:42] [72/322] RLLC
[12:53:44] [73/322] MABI
[12:53:45] [74/322] SVHB
[12:53:46] [75/322] NVTB
[12:53:47] [76/322] KCKG
[12:53:48] [77/322] SSRN
[12:53:48] 🔄 Identity reset
[12:53:48] 🔄 Identity rotated (every 10 requests)
[12:53:48] 🔄 Retry 1/5 for SSRN in 2.7s
[12:53:48] 🔄 Identity reset
[12:53:50] 🧠 New identity created
[12:53:51] [78/322] VDDC
[12:53:52] [79/322] GKTK
[12:53:53] [80/322] YFSN
[12:53:54] [81/322] GCSG
[12:53:55] [82/322] ESSM
[12:53:56] [83/322] KRIH
[12:53:57] [84/322] GCDS
[12:53:58] [85/322] CCSH
[12:53:59] [86/322] ACSK
[12:53:59] 🔄 Identity reset
[12:53:59] 🔄 Identity rotated (every 10 requests)
[12:54:00] [87/322] APRK
[12:54:01] [88/322] ADKM
[12:54:02] [89/322] SRDM
[12:54:03] [90/322] SJMY
[12:54:04] [91/322] PGGC
[12:54:04] [92/322] INGM
[12:54:06] [93/322] LSCB
[12:54:07] [94/322] STAD
[12:54:08] [95/322] MCCR
[12:54:09] [96/322] ABCC
[12:54:09] 🔄 Identity reset
[12:54:09] 🔄 Identity rotated (every 10 requests)
[12:54:09] 🔄 Retry 1/5 for ABCC in 2.3s
[12:54:09] 🔄 Identity reset
[12:54:11] 🧠 New identity created
[12:54:12] [97/322] RKCC
[12:54:13] [98/322] RTCR
[12:54:14] [99/322] GGBC
[12:54:15] [100/322] GCSD
[12:54:16] [101/322] LPTY
[12:54:17] [102/322] MCFD
[12:54:18] [103/322] HENN
[12:54:19] [104/322] SMKU
[12:54:20] [105/322] TNZC
[12:54:20] 🔄 Identity reset
[12:54:20] 🔄 Identity rotated (every 10 requests)
[12:54:20] 🔄 Retry 1/5 for TNZC in 2.7s
[12:54:20] 🔄 Identity reset
[12:54:23] 🧠 New identity created
[12:54:23] 🔄 Retry 2/5 for TNZC in 4.6s
[12:54:23] 🔄 Identity reset
[12:54:27] 🧠 New identity created
[12:54:28] [106/322] DRCD
[12:54:30] [107/322] DLCD
[12:54:31] [108/322] RCDA
[12:54:32] [109/322] COSM
[12:54:33] [110/322] MCMJ
[12:54:34] [111/322] CSTR
[12:54:35] [112/322] CVDK
[12:54:36] [113/322] INRR
[12:54:36] 🔄 Identity reset
[12:54:36] 🔄 Identity rotated (every 10 requests)
[12:54:36] 🔄 Retry 1/5 for INRR in 2.8s
[12:54:36] 🔄 Identity reset
[12:54:39] 🧠 New identity created
[12:54:40] [114/322] RJRT
[12:54:41] [115/322] IRMR
[12:54:42] [116/322] SRCF
[12:54:43] [117/322] GRCR
[12:54:44] [118/322] SURC
[12:54:45] [119/322] NMNH
[12:54:46] [120/322] SVBL
[12:54:47] [121/322] KACI
[12:54:47] [122/322] TDGO
[12:54:47] 🔄 Identity reset
[12:54:47] 🔄 Identity rotated (every 10 requests)
[12:54:48] [123/322] KTBR
[12:54:49] [124/322] PMAD
[12:54:50] [125/322] CCPN
[12:54:52] [126/322] SBTK
[12:54:53] [127/322] LMDK
[12:54:54] [128/322] PGDA
[12:54:55] [129/322] SRML
[12:54:56] [130/322] EVCK
[12:54:57] [131/322] RTTK
[12:54:57] [132/322] SRTU
[12:54:57] 🔄 Identity reset
[12:54:57] 🔄 Identity rotated (every 10 requests)
[12:54:57] 🔄 Retry 1/5 for SRTU in 2.3s
[12:54:57] 🔄 Identity reset
[12:55:00] 🧠 New identity created
[12:55:00] 🔄 Retry 2/5 for SRTU in 4.6s
[12:55:00] 🔄 Identity reset
[12:55:04] 🧠 New identity created
[12:55:05] [133/322] VRSA
[12:55:06] [134/322] VARS
[12:55:08] [135/322] DSCZ
[12:55:09] [136/322] GAGA
[12:55:10] [137/322] SARV
[12:55:11] [138/322] SEEG
[12:55:12] [139/322] GLCA
[12:55:14] [140/322] APAS
[12:55:14] 🔄 Identity reset
[12:55:14] 🔄 Identity rotated (every 10 requests)
[12:55:15] [141/322] VCIA
[12:55:15] [142/322] SJTA
[12:55:16] [143/322] SABM
[12:55:17] [144/322] PPAG
[12:55:18] [145/322] RVCA
[12:55:19] [146/322] CCIA
[12:55:19] [147/322] HTAG
[12:55:20] [148/322] SMBI
[12:55:21] [149/322] MCJR
[12:55:22] [150/322] CCJR
[12:55:22] 🔄 Identity reset
[12:55:22] 🔄 Identity rotated (every 10 requests)
[12:55:24] [151/322] SINF
[12:55:25] [152/322] CPLX
[12:55:26] [153/322] KKTJ
[12:55:26] [154/322] GDBW
[12:55:27] [155/322] CSUB
[12:55:28] [156/322] DABA
[12:55:29] [157/322] TITR
[12:55:30] [158/322] NYCR
[12:55:31] [159/322] RTRY
[12:55:31] [160/322] JTJL
[12:55:31] 🔄 Identity reset
[12:55:31] 🔄 Identity rotated (every 10 requests)
[12:55:32] [161/322] SJCP
[12:55:33] [162/322] KCCA
[12:55:34] [163/322] MLPG
[12:55:35] [164/322] VRCK
[12:55:36] [165/322] SRIN
[12:55:36] [166/322] CXMK
[12:55:37] [167/322] SKAD
[12:55:38] [168/322] AVTR
[12:55:39] [169/322] PTAJ
[12:55:40] [170/322] SCNK
[12:55:40] 🔄 Identity reset
[12:55:40] 🔄 Identity rotated (every 10 requests)
[12:55:41] [171/322] STTI
[12:55:42] [172/322] KACR
[12:55:44] [173/322] SSDX
[12:55:45] [174/322] VRTJ
[12:55:45] [175/322] RAJD
[12:55:47] [176/322] SCIP
[12:55:48] [177/322] RJSL
[12:55:49] [178/322] ARRS
[12:55:50] [179/322] ASMS
[12:55:51] [180/322] RDTS
[12:55:51] 🔄 Identity reset
[12:55:51] 🔄 Identity rotated (every 10 requests)
[12:55:51] 🔄 Retry 1/5 for RDTS in 2.8s
[12:55:51] 🔄 Identity reset
[12:55:54] 🧠 New identity created
[12:55:55] [181/322] DVMY
[12:55:56] [182/322] RASA
[12:55:57] [183/322] INOM
[12:55:58] [184/322] SPRS
[12:55:58] [185/322] SGCS
[12:55:59] [186/322] SALM
[12:56:00] [187/322] PKHC
[12:56:01] [188/322] RCSV
[12:56:02] [189/322] CPKC
[12:56:02] 🔄 Identity reset
[12:56:02] 🔄 Identity rotated (every 10 requests)
[12:56:02] 🔄 Retry 1/5 for CPKC in 3.0s
[12:56:02] 🔄 Identity reset
[12:56:05] 🧠 New identity created
[12:56:06] [190/322] AACD
[12:56:07] [191/322] GGCV
[12:56:08] [192/322] SMKD
[12:56:09] [193/322] NBCH
[12:56:10] [194/322] AMCB
[12:56:11] [195/322] OPCN
[12:56:12] [196/322] DCIN
[12:56:13] [197/322] INGW
[12:56:13] [198/322] PKKW
[12:56:13] 🔄 Identity reset
[12:56:13] 🔄 Identity rotated (every 10 requests)
[12:56:15] [199/322] FNGW
[12:56:16] [200/322] GCGD
[12:56:17] [201/322] MSTW
[12:56:17] [202/322] KCCG
[12:56:19] [203/322] MRSS
[12:56:20] [204/322] CLCF
[12:56:21] [205/322] EETS
[12:56:22] [206/322] AATR
[12:56:23] [207/322] CMMN
[12:56:24] [208/322] SCCJ
[12:56:24] 🔄 Identity reset
[12:56:24] 🔄 Identity rotated (every 10 requests)
[12:56:25] [209/322] CDTK
[12:56:26] [210/322] AICP
[12:56:27] [211/322] FNBP
[12:56:28] [212/322] CBPB
[12:56:29] [213/322] CPAS
[12:56:30] [214/322] MAPM
[12:56:31] [215/322] PASD
[12:56:32] [216/322] JCMN
[12:56:33] [217/322] MALB
[12:56:34] [218/322] SACG
[12:56:34] 🔄 Identity reset
[12:56:34] 🔄 Identity rotated (every 10 requests)
[12:56:35] [219/322] DDRX
[12:56:36] [220/322] DDXB
[12:56:37] [221/322] RAMC
[12:56:37] [222/322] SANC
[12:56:38] [223/322] BCBP
[12:56:40] [224/322] ALPC
[12:56:41] [225/322] RBAC
[12:56:42] [226/322] RAJL
[12:56:43] [227/322] MPDX
[12:56:44] [228/322] MUSC
[12:56:44] 🔄 Identity reset
[12:56:44] 🔄 Identity rotated (every 10 requests)
[12:56:45] [229/322] VKMK
[12:56:46] [230/322] SKCG
[12:56:47] [231/322] ANCN
[12:56:48] [232/322] MMCJ
[12:56:49] [233/322] DCAK
[12:56:50] [234/322] SCKG
[12:56:51] [235/322] LMCK
[12:56:52] [236/322] CKKX
[12:56:53] [237/322] ANKU
[12:56:54] [238/322] CSMD
[12:56:54] 🔄 Identity reset
[12:56:54] 🔄 Identity rotated (every 10 requests)
[12:56:54] 🔄 Retry 1/5 for CSMD in 2.2s
[12:56:54] 🔄 Identity reset
[12:56:56] 🧠 New identity created
[12:56:57] 🔄 Retry 2/5 for CSMD in 4.5s
[12:56:57] 🔄 Identity reset
[12:57:01] 🧠 New identity created
[12:57:03] [239/322] MKMP
[12:57:04] [240/322] SVBG
[12:57:05] [241/322] ROOP
[12:57:06] [242/322] GDMT
[12:57:07] [243/322] FPPF
[12:57:08] [244/322] SFUU
[12:57:09] [245/322] ANCB
[12:57:10] [246/322] SMMC
[12:57:10] 🔄 Identity reset
[12:57:10] 🔄 Identity rotated (every 10 requests)
[12:57:11] [247/322] UGKT
[12:57:12] [248/322] JVRM
[12:57:13] [249/322] BATG
[12:57:14] [250/322] RATE
[12:57:15] [251/322] SKME
[12:57:15] [252/322] LMTP
[12:57:16] [253/322] TCBD
[12:57:17] [254/322] ESBD
[12:57:18] [255/322] GDCU
[12:57:20] [256/322] SNKT
[12:57:20] 🔄 Identity reset
[12:57:20] 🔄 Identity rotated (every 10 requests)
[12:57:21] [257/322] SRNK
[12:57:22] [258/322] SMED
[12:57:23] [259/322] CSQS
[12:57:24] [260/322] ALCS
[12:57:25] [261/322] KCKN
[12:57:26] [262/322] VCCL
[12:57:27] [263/322] MCDA
[12:57:28] [264/322] SHMI
[12:57:29] [265/322] SKHA
[12:57:30] [266/322] SVFK
[12:57:30] 🔄 Identity reset
[12:57:30] 🔄 Identity rotated (every 10 requests)
[12:57:31] [267/322] INVB
[12:57:31] [268/322] MELD
[12:57:32] [269/322] JTYS
[12:57:33] [270/322] INCM
[12:57:34] [271/322] MCDV
[12:57:35] [272/322] KSGK
[12:57:35] [273/322] ICMG
[12:57:37] [274/322] CSCV
[12:57:38] [275/322] STMD
[12:57:39] [276/322] STTR
[12:57:39] 🔄 Identity reset
[12:57:39] 🔄 Identity rotated (every 10 requests)
[12:57:41] [277/322] INVC
[12:57:42] [278/322] JTBL
[12:57:44] [279/322] SRVV
[12:57:45] [280/322] MAVC
[12:57:46] [281/322] SRPP
[12:57:47] [282/322] JGDM
[12:57:48] [283/322] MBSJ
[12:57:49] [284/322] SSLL
[12:57:49] [285/322] SLKP
[12:57:50] [286/322] NSRV
[12:57:50] 🔄 Identity reset
[12:57:50] 🔄 Identity rotated (every 10 requests)
[12:57:51] [287/322] UTDV
[12:57:52] [288/322] KICM
[12:57:53] [289/322] KCMD
[12:57:54] [290/322] TTPP
[12:57:55] [291/322] KMPV
[12:57:56] [292/322] SKTV
[12:57:57] [293/322] STCV
[12:57:58] [294/322] SRDA
[12:57:59] [295/322] JTSX
[12:57:59] [296/322] STBV
[12:57:59] 🔄 Identity reset
[12:57:59] 🔄 Identity rotated (every 10 requests)
[12:58:00] [297/322] APVZ
[12:58:01] [298/322] GSTV
[12:58:02] [299/322] NMVS
[12:58:03] [300/322] SKRT
[12:58:04] [301/322] RMDV
[12:58:05] [302/322] RATG
[12:58:06] [303/322] SJYV
[12:58:07] [304/322] NDGP
[12:58:08] [305/322] SNDG
[12:58:09] [306/322] INSR
[12:58:09] 🔄 Identity reset
[12:58:09] 🔄 Identity rotated (every 10 requests)
[12:58:10] [307/322] INSO
[12:58:11] [308/322] CCSI
[12:58:12] [309/322] RASM
[12:58:13] [310/322] NEWC
[12:58:14] [311/322] VSHL
[12:58:14] [312/322] BISW
[12:58:15] [313/322] GCNG
[12:58:16] [314/322] CWSC
[12:58:17] [315/322] SKAN
[12:58:18] [316/322] CCOA
[12:58:18] 🔄 Identity reset
[12:58:18] 🔄 Identity rotated (every 10 requests)
[12:58:18] 🔄 Retry 1/5 for CCOA in 2.8s
[12:58:18] 🔄 Identity reset
[12:58:21] 🧠 New identity created
[12:58:22] [317/322] MCAJ
[12:58:23] [318/322] ACDE
[12:58:24] [319/322] AACM
[12:58:25] [320/322] JJCK
[12:58:26] [321/322] RCMO
[12:58:27] [322/322] GDAW
[12:58:28] 🧹 Deduping shows
[12:58:28] ✅ DONE | Shows=2327 | Movies=49
[14:34:33] 🚀 SCRIPT STARTED
[14:34:33] [1/322] CDCA
[14:34:33] 🧠 New identity created
[14:34:34] [2/322] VBCZ
[14:34:35] [3/322] MSDR
[14:34:36] [4/322] ACPV
[14:34:37] [5/322] PVHB
[14:34:38] [6/322] RCNH
[14:34:39] [7/322] IOMH
[14:34:40] [8/322] ILKS
[14:34:41] [9/322] AMSN
[14:34:42] [10/322] ANTP
[14:34:42] 🔄 Identity reset
[14:34:42] 🔄 Identity rotated (every 10 requests)
[14:34:42] 🔄 Retry 1/5 for ANTP in 2.7s
[14:34:42] 🔄 Identity reset
[14:34:45] 🧠 New identity created
[14:34:46] [11/322] SSEK
[14:34:47] [12/322] PICP
[14:34:48] [13/322] SICO
[14:34:49] [14/322] SISP
[14:34:50] [15/322] SCPI
[14:34:50] [16/322] CRPR
[14:34:51] [17/322] DCTW
[14:34:52] [18/322] DCSP
[14:34:53] [19/322] KRPM
[14:34:53] 🔄 Identity reset
[14:34:53] 🔄 Identity rotated (every 10 requests)
[14:34:54] [20/322] THKK
[14:34:55] [21/322] SNMY
[14:34:56] [22/322] AKCC
[14:34:57] [23/322] PCAT
[14:34:58] [24/322] RFGO
[14:34:59] [25/322] GGCS
[14:34:59] [26/322] ACKR
[14:35:00] [27/322] STDO
[14:35:01] [28/322] ACKB
[14:35:02] [29/322] ALUC
[14:35:02] 🔄 Identity reset
[14:35:02] 🔄 Identity rotated (every 10 requests)
[14:35:03] [30/322] MNSR
[14:35:04] [31/322] CSSL
[14:35:05] [32/322] BGGM
[14:35:06] [33/322] MANT
[14:35:07] [34/322] SOOY
[14:35:07] [35/322] VPPK
[14:35:08] [36/322] MYHJ
[14:35:09] [37/322] KSCK
[14:35:10] [38/322] KATK
[14:35:11] [39/322] RTRT
[14:35:11] 🔄 Identity reset
[14:35:11] 🔄 Identity rotated (every 10 requests)
[14:35:11] 🔄 Retry 1/5 for RTRT in 2.6s
[14:35:11] 🔄 Identity reset
[14:35:14] 🧠 New identity created
[14:35:14] 🔄 Retry 2/5 for RTRT in 4.4s
[14:35:14] 🔄 Identity reset
[14:35:18] 🧠 New identity created
[14:35:19] [40/322] SSTT
[14:35:20] [41/322] SSTV
[14:35:21] [42/322] LACM
[14:35:23] [43/322] SGMG
[14:35:24] [44/322] KACX
[14:35:25] [45/322] GVCP
[14:35:26] [46/322] CSNC
[14:35:27] [47/322] SXCB
[14:35:27] 🔄 Identity reset
[14:35:27] 🔄 Identity rotated (every 10 requests)
[14:35:28] [48/322] BAHS
[14:35:29] [49/322] PCBI
[14:35:30] [50/322] PSSM
[14:35:31] [51/322] RCOK
[14:35:32] [52/322] SCPF
[14:35:32] [53/322] SSAS
[14:35:34] [54/322] EVMM
[14:35:35] [55/322] SYCB
[14:35:36] [56/322] GCKI
[14:35:37] [57/322] IAET
[14:35:37] 🔄 Identity reset
[14:35:37] 🔄 Identity rotated (every 10 requests)
[14:35:38] [58/322] DDTD
[14:35:38] [59/322] GMDH
[14:35:39] [60/322] STLE
[14:35:40] [61/322] JTRA
[14:35:41] [62/322] RPPA
[14:35:42] [63/322] ARUT
[14:35:43] [64/322] JTVM
[14:35:44] [65/322] SWRH
[14:35:45] [66/322] DCPC
[14:35:45] [67/322] RAPR
[14:35:45] 🔄 Identity reset
[14:35:45] 🔄 Identity rotated (every 10 requests)
[14:35:47] [68/322] GCRT
[14:35:47] [69/322] ATUN
[14:35:48] [70/322] LTRM
[14:35:49] [71/322] TASR
[14:35:50] [72/322] RLLC
[14:35:51] [73/322] MABI
[14:35:52] [74/322] SVHB
[14:35:53] [75/322] NVTB
[14:35:54] [76/322] KCKG
[14:35:54] [77/322] SSRN
[14:35:54] 🔄 Identity reset
[14:35:54] 🔄 Identity rotated (every 10 requests)
[14:35:55] 🔄 Retry 1/5 for SSRN in 2.5s
[14:35:55] 🔄 Identity reset
[14:35:57] 🧠 New identity created
[14:35:58] [78/322] VDDC
[14:35:59] [79/322] GKTK
[14:36:00] [80/322] YFSN
[14:36:00] [81/322] GCSG
[14:36:01] [82/322] ESSM
[14:36:02] [83/322] KRIH
[14:36:03] [84/322] GCDS
[14:36:05] [85/322] CCSH
[14:36:05] [86/322] ACSK
[14:36:05] 🔄 Identity reset
[14:36:05] 🔄 Identity rotated (every 10 requests)
[14:36:06] [87/322] APRK
[14:36:07] [88/322] ADKM
[14:36:08] [89/322] SRDM
[14:36:09] [90/322] SJMY
[14:36:10] [91/322] PGGC
[14:36:11] [92/322] INGM
[14:36:12] [93/322] LSCB
[14:36:13] [94/322] STAD
[14:36:14] [95/322] MCCR
[14:36:15] [96/322] ABCC
[14:36:15] 🔄 Identity reset
[14:36:15] 🔄 Identity rotated (every 10 requests)
[14:36:15] 🔄 Retry 1/5 for ABCC in 3.0s
[14:36:15] 🔄 Identity reset
[14:36:18] 🧠 New identity created
[14:36:19] [97/322] RKCC
[14:36:19] [98/322] RTCR
[14:36:20] [99/322] GGBC
[14:36:21] [100/322] GCSD
[14:36:22] [101/322] LPTY
[14:36:23] [102/322] MCFD
[14:36:24] [103/322] HENN
[14:36:24] [104/322] SMKU
[14:36:25] [105/322] TNZC
[14:36:25] 🔄 Identity reset
[14:36:25] 🔄 Identity rotated (every 10 requests)
[14:36:27] [106/322] DRCD
[14:36:27] [107/322] DLCD
[14:36:28] [108/322] RCDA
[14:36:29] [109/322] COSM
[14:36:30] [110/322] MCMJ
[14:36:31] [111/322] CSTR
[14:36:32] [112/322] CVDK
[14:36:34] [113/322] INRR
[14:36:35] [114/322] RJRT
[14:36:36] [115/322] IRMR
[14:36:36] 🔄 Identity reset
[14:36:36] 🔄 Identity rotated (every 10 requests)
[14:36:37] [116/322] SRCF
[14:36:38] [117/322] GRCR
[14:36:38] [118/322] SURC
[14:36:39] [119/322] NMNH
[14:36:40] [120/322] SVBL
[14:36:41] [121/322] KACI
[14:36:42] [122/322] TDGO
[14:36:43] [123/322] KTBR
[14:36:44] [124/322] PMAD
[14:36:45] [125/322] CCPN
[14:36:45] 🔄 Identity reset
[14:36:45] 🔄 Identity rotated (every 10 requests)
[14:36:46] [126/322] SBTK
[14:36:47] [127/322] LMDK
[14:36:47] [128/322] PGDA
[14:36:48] [129/322] SRML
[14:36:49] [130/322] EVCK
[14:36:50] [131/322] RTTK
[14:36:51] [132/322] SRTU
[14:36:52] [133/322] VRSA
[14:36:53] [134/322] VARS
[14:36:54] [135/322] DSCZ
[14:36:54] 🔄 Identity reset
[14:36:54] 🔄 Identity rotated (every 10 requests)
[14:36:54] 🔄 Retry 1/5 for DSCZ in 2.0s
[14:36:54] 🔄 Identity reset
[14:36:56] 🧠 New identity created
[14:36:56] 🔄 Retry 2/5 for DSCZ in 4.8s
[14:36:56] 🔄 Identity reset
[14:37:01] 🧠 New identity created
[14:37:02] [136/322] GAGA
[14:37:03] [137/322] SARV
[14:37:04] [138/322] SEEG
[14:37:06] [139/322] GLCA
[14:37:07] [140/322] APAS
[14:37:08] [141/322] VCIA
[14:37:09] [142/322] SJTA
[14:37:09] [143/322] SABM
[14:37:09] 🔄 Identity reset
[14:37:09] 🔄 Identity rotated (every 10 requests)
[14:37:09] 🔄 Retry 1/5 for SABM in 2.3s
[14:37:09] 🔄 Identity reset
[14:37:12] 🧠 New identity created
[14:37:13] [144/322] PPAG
[14:37:14] [145/322] RVCA
[14:37:16] [146/322] CCIA
[14:37:17] [147/322] HTAG
[14:37:17] [148/322] SMBI
[14:37:18] [149/322] MCJR
[14:37:19] [150/322] CCJR
[14:37:20] [151/322] SINF
[14:37:21] [152/322] CPLX
[14:37:21] 🔄 Identity reset
[14:37:21] 🔄 Identity rotated (every 10 requests)
[14:37:22] [153/322] KKTJ
[14:37:24] [154/322] GDBW
[14:37:25] [155/322] CSUB
[14:37:25] [156/322] DABA
[14:37:26] [157/322] TITR
[14:37:27] [158/322] NYCR
[14:37:28] [159/322] RTRY
[14:37:29] [160/322] JTJL
[14:37:29] [161/322] SJCP
[14:37:30] [162/322] KCCA
[14:37:30] 🔄 Identity reset
[14:37:30] 🔄 Identity rotated (every 10 requests)
[14:37:31] [163/322] MLPG
[14:37:32] [164/322] VRCK
[14:37:33] [165/322] SRIN
[14:37:34] [166/322] CXMK
[14:37:34] [167/322] SKAD
[14:37:35] [168/322] AVTR
[14:37:36] [169/322] PTAJ
[14:37:37] [170/322] SCNK
[14:37:38] [171/322] STTI
[14:37:38] [172/322] KACR
[14:37:38] 🔄 Identity reset
[14:37:38] 🔄 Identity rotated (every 10 requests)
[14:37:38] 🔄 Retry 1/5 for KACR in 2.1s
[14:37:38] 🔄 Identity reset
[14:37:41] 🧠 New identity created
[14:37:42] [173/322] SSDX
[14:37:43] [174/322] VRTJ
[14:37:43] [175/322] RAJD
[14:37:44] [176/322] SCIP
[14:37:45] [177/322] RJSL
[14:37:46] [178/322] ARRS
[14:37:47] [179/322] ASMS
[14:37:47] [180/322] RDTS
[14:37:48] [181/322] DVMY
[14:37:48] 🔄 Identity reset
[14:37:48] 🔄 Identity rotated (every 10 requests)
[14:37:49] [182/322] RASA
[14:37:50] [183/322] INOM
[14:37:51] [184/322] SPRS
[14:37:52] [185/322] SGCS
[14:37:53] [186/322] SALM
[14:37:53] [187/322] PKHC
[14:37:54] [188/322] RCSV
[14:37:55] [189/322] CPKC
[14:37:56] [190/322] AACD
[14:37:57] [191/322] GGCV
[14:37:57] 🔄 Identity reset
[14:37:57] 🔄 Identity rotated (every 10 requests)
[14:37:57] 🔄 Retry 1/5 for GGCV in 2.5s
[14:37:57] 🔄 Identity reset
[14:38:00] 🧠 New identity created
[14:38:01] [192/322] SMKD
[14:38:03] [193/322] NBCH
[14:38:04] [194/322] AMCB
[14:38:05] [195/322] OPCN
[14:38:06] [196/322] DCIN
[14:38:07] [197/322] INGW
[14:38:08] [198/322] PKKW
[14:38:09] [199/322] FNGW
[14:38:10] [200/322] GCGD
[14:38:10] 🔄 Identity reset
[14:38:10] 🔄 Identity rotated (every 10 requests)
[14:38:11] [201/322] MSTW
[14:38:12] [202/322] KCCG
[14:38:12] [203/322] MRSS
[14:38:13] [204/322] CLCF
[14:38:15] [205/322] EETS
[14:38:16] [206/322] AATR
[14:38:17] [207/322] CMMN
[14:38:17] [208/322] SCCJ
[14:38:18] [209/322] CDTK
[14:38:19] [210/322] AICP
[14:38:19] 🔄 Identity reset
[14:38:19] 🔄 Identity rotated (every 10 requests)
[14:38:20] [211/322] FNBP
[14:38:21] [212/322] CBPB
[14:38:22] [213/322] CPAS
[14:38:23] [214/322] MAPM
[14:38:24] [215/322] PASD
[14:38:24] [216/322] JCMN
[14:38:25] [217/322] MALB
[14:38:26] [218/322] SACG
[14:38:27] [219/322] DDRX
[14:38:28] [220/322] DDXB
[14:38:28] 🔄 Identity reset
[14:38:28] 🔄 Identity rotated (every 10 requests)
[14:38:29] [221/322] RAMC
[14:38:30] [222/322] SANC
[14:38:30] [223/322] BCBP
[14:38:32] [224/322] ALPC
[14:38:33] [225/322] RBAC
[14:38:34] [226/322] RAJL
[14:38:34] [227/322] MPDX
[14:38:36] [228/322] MUSC
[14:38:37] [229/322] VKMK
[14:38:39] [230/322] SKCG
[14:38:39] 🔄 Identity reset
[14:38:39] 🔄 Identity rotated (every 10 requests)
[14:38:40] [231/322] ANCN
[14:38:40] [232/322] MMCJ
[14:38:41] [233/322] DCAK
[14:38:42] [234/322] SCKG
[14:38:43] [235/322] LMCK
[14:38:43] [236/322] CKKX
[14:38:44] [237/322] ANKU
[14:38:45] [238/322] CSMD
[14:38:46] [239/322] MKMP
[14:38:47] [240/322] SVBG
[14:38:47] 🔄 Identity reset
[14:38:47] 🔄 Identity rotated (every 10 requests)
[14:38:47] 🔄 Retry 1/5 for SVBG in 2.5s
[14:38:47] 🔄 Identity reset
[14:38:50] 🧠 New identity created
[14:38:51] [241/322] ROOP
[14:38:51] [242/322] GDMT
[14:38:52] [243/322] FPPF
[14:38:54] [244/322] SFUU
[14:38:55] [245/322] ANCB
[14:38:56] [246/322] SMMC
[14:38:57] [247/322] UGKT
[14:38:58] [248/322] JVRM
[14:38:59] [249/322] BATG
[14:38:59] 🔄 Identity reset
[14:38:59] 🔄 Identity rotated (every 10 requests)
[14:39:00] [250/322] RATE
[14:39:01] [251/322] SKME
[14:39:02] [252/322] LMTP
[14:39:03] [253/322] TCBD
[14:39:04] [254/322] ESBD
[14:39:04] [255/322] GDCU
[14:39:05] [256/322] SNKT
[14:39:06] [257/322] SRNK
[14:39:07] [258/322] SMED
[14:39:08] [259/322] CSQS
[14:39:08] 🔄 Identity reset
[14:39:08] 🔄 Identity rotated (every 10 requests)
[14:39:08] [260/322] ALCS
[14:39:09] [261/322] KCKN
[14:39:10] [262/322] VCCL
[14:39:11] [263/322] MCDA
[14:39:12] [264/322] SHMI
[14:39:12] [265/322] SKHA
[14:39:13] [266/322] SVFK
[14:39:14] [267/322] INVB
[14:39:15] [268/322] MELD
[14:39:15] [269/322] JTYS
[14:39:15] 🔄 Identity reset
[14:39:16] 🔄 Identity rotated (every 10 requests)
[14:39:17] [270/322] INCM
[14:39:18] [271/322] MCDV
[14:39:19] [272/322] KSGK
[14:39:20] [273/322] ICMG
[14:39:21] [274/322] CSCV
[14:39:22] [275/322] STMD
[14:39:22] [276/322] STTR
[14:39:23] [277/322] INVC
[14:39:24] [278/322] JTBL
[14:39:25] [279/322] SRVV
[14:39:25] 🔄 Identity reset
[14:39:25] 🔄 Identity rotated (every 10 requests)
[14:39:26] [280/322] MAVC
[14:39:27] [281/322] SRPP
[14:39:28] [282/322] JGDM
[14:39:28] [283/322] MBSJ
[14:39:29] [284/322] SSLL
[14:39:30] [285/322] SLKP
[14:39:31] [286/322] NSRV
[14:39:32] [287/322] UTDV
[14:39:33] [288/322] KICM
[14:39:34] [289/322] KCMD
[14:39:34] 🔄 Identity reset
[14:39:34] 🔄 Identity rotated (every 10 requests)
[14:39:35] [290/322] TTPP
[14:39:36] [291/322] KMPV
[14:39:36] [292/322] SKTV
[14:39:37] [293/322] STCV
[14:39:38] [294/322] SRDA
[14:39:39] [295/322] JTSX
[14:39:40] [296/322] STBV
[14:39:41] [297/322] APVZ
[14:39:42] [298/322] GSTV
[14:39:42] [299/322] NMVS
[14:39:42] 🔄 Identity reset
[14:39:42] 🔄 Identity rotated (every 10 requests)
[14:39:43] [300/322] SKRT
[14:39:44] [301/322] RMDV
[14:39:45] [302/322] RATG
[14:39:46] [303/322] SJYV
[14:39:47] [304/322] NDGP
[14:39:48] [305/322] SNDG
[14:39:48] [306/322] INSR
[14:39:50] [307/322] INSO
[14:39:51] [308/322] CCSI
[14:39:52] [309/322] RASM
[14:39:52] 🔄 Identity reset
[14:39:52] 🔄 Identity rotated (every 10 requests)
[14:39:53] [310/322] NEWC
[14:39:53] [311/322] VSHL
[14:39:54] [312/322] BISW
[14:39:56] [313/322] GCNG
[14:39:56] [314/322] CWSC
[14:39:57] [315/322] SKAN
[14:39:58] [316/322] CCOA
[14:39:59] [317/322] MCAJ
[14:40:00] [318/322] ACDE
[14:40:01] [319/322] AACM
[14:40:01] 🔄 Identity reset
[14:40:01] 🔄 Identity rotated (every 10 requests)
[14:40:03] [320/322] JJCK
[14:40:03] [321/322] RCMO
[14:40:04] [322/322] GDAW
[14:40:05] 🧹 Deduping shows
[14:40:05] ✅ DONE | Shows=2341 | Movies=49
[16:27:29] 🚀 SCRIPT STARTED
[16:27:29] [1/322] CDCA
[16:27:29] 🧠 New identity created
[16:27:30] [2/322] VBCZ
[16:27:31] [3/322] MSDR
[16:27:32] [4/322] ACPV
[16:27:33] [5/322] PVHB
[16:27:34] [6/322] RCNH
[16:27:35] [7/322] IOMH
[16:27:35] [8/322] ILKS
[16:27:36] [9/322] AMSN
[16:27:37] [10/322] ANTP
[16:27:37] 🔄 Identity reset
[16:27:37] 🔄 Identity rotated (every 10 requests)
[16:27:38] [11/322] SSEK
[16:27:39] [12/322] PICP
[16:27:40] [13/322] SICO
[16:27:40] [14/322] SISP
[16:27:41] [15/322] SCPI
[16:27:42] [16/322] CRPR
[16:27:43] [17/322] DCTW
[16:27:44] [18/322] DCSP
[16:27:45] [19/322] KRPM
[16:27:46] [20/322] THKK
[16:27:46] 🔄 Identity reset
[16:27:46] 🔄 Identity rotated (every 10 requests)
[16:27:47] [21/322] SNMY
[16:27:47] [22/322] AKCC
[16:27:48] [23/322] PCAT
[16:27:49] [24/322] RFGO
[16:27:51] [25/322] GGCS
[16:27:52] [26/322] ACKR
[16:27:52] [27/322] STDO
[16:27:54] [28/322] ACKB
[16:27:55] [29/322] ALUC
[16:27:56] [30/322] MNSR
[16:27:56] 🔄 Identity reset
[16:27:56] 🔄 Identity rotated (every 10 requests)
[16:27:57] [31/322] CSSL
[16:27:58] [32/322] BGGM
[16:27:59] [33/322] MANT
[16:28:00] [34/322] SOOY
[16:28:01] [35/322] VPPK
[16:28:02] [36/322] MYHJ
[16:28:03] [37/322] KSCK
[16:28:04] [38/322] KATK
[16:28:05] [39/322] RTRT
[16:28:06] [40/322] SSTT
[16:28:06] 🔄 Identity reset
[16:28:06] 🔄 Identity rotated (every 10 requests)
[16:28:06] [41/322] SSTV
[16:28:07] [42/322] LACM
[16:28:08] [43/322] SGMG
[16:28:09] [44/322] KACX
[16:28:11] [45/322] GVCP
[16:28:12] [46/322] CSNC
[16:28:12] [47/322] SXCB
[16:28:13] [48/322] BAHS
[16:28:14] [49/322] PCBI
[16:28:15] [50/322] PSSM
[16:28:15] 🔄 Identity reset
[16:28:15] 🔄 Identity rotated (every 10 requests)
[16:28:16] [51/322] RCOK
[16:28:17] [52/322] SCPF
[16:28:18] [53/322] SSAS
[16:28:20] [54/322] EVMM
[16:28:21] [55/322] SYCB
[16:28:22] [56/322] GCKI
[16:28:22] [57/322] IAET
[16:28:23] [58/322] DDTD
[16:28:24] [59/322] GMDH
[16:28:25] [60/322] STLE
[16:28:25] 🔄 Identity reset
[16:28:25] 🔄 Identity rotated (every 10 requests)
[16:28:26] [61/322] JTRA
[16:28:27] [62/322] RPPA
[16:28:28] [63/322] ARUT
[16:28:29] [64/322] JTVM
[16:28:30] [65/322] SWRH
[16:28:31] [66/322] DCPC
[16:28:31] [67/322] RAPR
[16:28:32] [68/322] GCRT
[16:28:33] [69/322] ATUN
[16:28:34] [70/322] LTRM
[16:28:34] 🔄 Identity reset
[16:28:34] 🔄 Identity rotated (every 10 requests)
[16:28:35] [71/322] TASR
[16:28:36] [72/322] RLLC
[16:28:37] [73/322] MABI
[16:28:38] [74/322] SVHB
[16:28:39] [75/322] NVTB
[16:28:40] [76/322] KCKG
[16:28:41] [77/322] SSRN
[16:28:42] [78/322] VDDC
[16:28:43] [79/322] GKTK
[16:28:43] [80/322] YFSN
[16:28:44] 🔄 Identity reset
[16:28:44] 🔄 Identity rotated (every 10 requests)
[16:28:44] 🔄 Retry 1/5 for YFSN in 2.7s
[16:28:44] 🔄 Identity reset
[16:28:46] 🧠 New identity created
[16:28:47] [81/322] GCSG
[16:28:48] [82/322] ESSM
[16:28:49] [83/322] KRIH
[16:28:50] [84/322] GCDS
[16:28:51] [85/322] CCSH
[16:28:52] [86/322] ACSK
[16:28:53] [87/322] APRK
[16:28:53] [88/322] ADKM
[16:28:54] [89/322] SRDM
[16:28:54] 🔄 Identity reset
[16:28:54] 🔄 Identity rotated (every 10 requests)
[16:28:54] 🔄 Retry 1/5 for SRDM in 2.9s
[16:28:54] 🔄 Identity reset
[16:28:57] 🧠 New identity created
[16:28:58] [90/322] SJMY
[16:28:59] [91/322] PGGC
[16:29:00] [92/322] INGM
[16:29:01] [93/322] LSCB
[16:29:02] [94/322] STAD
[16:29:03] [95/322] MCCR
[16:29:04] [96/322] ABCC
[16:29:05] [97/322] RKCC
[16:29:06] [98/322] RTCR
[16:29:06] 🔄 Identity reset
[16:29:06] 🔄 Identity rotated (every 10 requests)
[16:29:08] [99/322] GGBC
[16:29:09] [100/322] GCSD
[16:29:10] [101/322] LPTY
[16:29:11] [102/322] MCFD
[16:29:12] [103/322] HENN
[16:29:13] [104/322] SMKU
[16:29:14] [105/322] TNZC
[16:29:15] [106/322] DRCD
[16:29:16] [107/322] DLCD
[16:29:17] [108/322] RCDA
[16:29:17] 🔄 Identity reset
[16:29:17] 🔄 Identity rotated (every 10 requests)
[16:29:17] 🔄 Retry 1/5 for RCDA in 2.8s
[16:29:17] 🔄 Identity reset
[16:29:20] 🧠 New identity created
[16:29:21] [109/322] COSM
[16:29:22] [110/322] MCMJ
[16:29:23] [111/322] CSTR
[16:29:24] [112/322] CVDK
[16:29:25] [113/322] INRR
[16:29:26] [114/322] RJRT
[16:29:27] [115/322] IRMR
[16:29:27] [116/322] SRCF
[16:29:28] [117/322] GRCR
[16:29:28] 🔄 Identity reset
[16:29:28] 🔄 Identity rotated (every 10 requests)
[16:29:29] [118/322] SURC
[16:29:30] [119/322] NMNH
[16:29:31] [120/322] SVBL
[16:29:32] [121/322] KACI
[16:29:32] [122/322] TDGO
[16:29:34] [123/322] KTBR
[16:29:35] [124/322] PMAD
[16:29:35] [125/322] CCPN
[16:29:36] [126/322] SBTK
[16:29:37] [127/322] LMDK
[16:29:37] 🔄 Identity reset
[16:29:37] 🔄 Identity rotated (every 10 requests)
[16:29:38] [128/322] PGDA
[16:29:39] [129/322] SRML
[16:29:40] [130/322] EVCK
[16:29:41] [131/322] RTTK
[16:29:42] [132/322] SRTU
[16:29:43] [133/322] VRSA
[16:29:44] [134/322] VARS
[16:29:45] [135/322] DSCZ
[16:29:46] [136/322] GAGA
[16:29:47] [137/322] SARV
[16:29:47] 🔄 Identity reset
[16:29:47] 🔄 Identity rotated (every 10 requests)
[16:29:48] [138/322] SEEG
[16:29:49] [139/322] GLCA
[16:29:50] [140/322] APAS
[16:29:51] [141/322] VCIA
[16:29:52] [142/322] SJTA
[16:29:53] [143/322] SABM
[16:29:54] [144/322] PPAG
[16:29:55] [145/322] RVCA
[16:29:56] [146/322] CCIA
[16:29:57] [147/322] HTAG
[16:29:57] 🔄 Identity reset
[16:29:57] 🔄 Identity rotated (every 10 requests)
[16:29:57] [148/322] SMBI
[16:29:58] [149/322] MCJR
[16:29:59] [150/322] CCJR
[16:30:00] [151/322] SINF
[16:30:01] [152/322] CPLX
[16:30:02] [153/322] KKTJ
[16:30:03] [154/322] GDBW
[16:30:04] [155/322] CSUB
[16:30:05] [156/322] DABA
[16:30:06] [157/322] TITR
[16:30:06] 🔄 Identity reset
[16:30:06] 🔄 Identity rotated (every 10 requests)
[16:30:07] [158/322] NYCR
[16:30:08] [159/322] RTRY
[16:30:10] [160/322] JTJL
[16:30:10] [161/322] SJCP
[16:30:11] [162/322] KCCA
[16:30:12] [163/322] MLPG
[16:30:13] [164/322] VRCK
[16:30:14] [165/322] SRIN
[16:30:15] [166/322] CXMK
[16:30:16] [167/322] SKAD
[16:30:16] 🔄 Identity reset
[16:30:16] 🔄 Identity rotated (every 10 requests)
[16:30:17] [168/322] AVTR
[16:30:18] [169/322] PTAJ
[16:30:19] [170/322] SCNK
[16:30:19] [171/322] STTI
[16:30:21] [172/322] KACR
[16:30:22] [173/322] SSDX
[16:30:23] [174/322] VRTJ
[16:30:24] [175/322] RAJD
[16:30:24] [176/322] SCIP
[16:30:25] [177/322] RJSL
[16:30:25] 🔄 Identity reset
[16:30:25] 🔄 Identity rotated (every 10 requests)
[16:30:26] [178/322] ARRS
[16:30:27] [179/322] ASMS
[16:30:28] [180/322] RDTS
[16:30:29] [181/322] DVMY
[16:30:30] [182/322] RASA
[16:30:32] [183/322] INOM
[16:30:32] [184/322] SPRS
[16:30:33] [185/322] SGCS
[16:30:34] [186/322] SALM
[16:30:35] [187/322] PKHC
[16:30:35] 🔄 Identity reset
[16:30:35] 🔄 Identity rotated (every 10 requests)
[16:30:36] [188/322] RCSV
[16:30:37] [189/322] CPKC
[16:30:38] [190/322] AACD
[16:30:39] [191/322] GGCV
[16:30:39] [192/322] SMKD
[16:30:40] [193/322] NBCH
[16:30:41] [194/322] AMCB
[16:30:42] [195/322] OPCN
[16:30:43] [196/322] DCIN
[16:30:44] [197/322] INGW
[16:30:44] 🔄 Identity reset
[16:30:44] 🔄 Identity rotated (every 10 requests)
[16:30:45] [198/322] PKKW
[16:30:46] [199/322] FNGW
[16:30:46] [200/322] GCGD
[16:30:47] [201/322] MSTW
[16:30:48] [202/322] KCCG
[16:30:49] [203/322] MRSS
[16:30:50] [204/322] CLCF
[16:30:51] [205/322] EETS
[16:30:52] [206/322] AATR
[16:30:53] [207/322] CMMN
[16:30:53] 🔄 Identity reset
[16:30:53] 🔄 Identity rotated (every 10 requests)
[16:30:54] [208/322] SCCJ
[16:30:56] [209/322] CDTK
[16:30:57] [210/322] AICP
[16:30:57] [211/322] FNBP
[16:30:58] [212/322] CBPB
[16:31:00] [213/322] CPAS
[16:31:01] [214/322] MAPM
[16:31:02] [215/322] PASD
[16:31:02] [216/322] JCMN
[16:31:03] [217/322] MALB
[16:31:03] 🔄 Identity reset
[16:31:03] 🔄 Identity rotated (every 10 requests)
[16:31:04] [218/322] SACG
[16:31:05] [219/322] DDRX
[16:31:06] [220/322] DDXB
[16:31:07] [221/322] RAMC
[16:31:08] [222/322] SANC
[16:31:09] [223/322] BCBP
[16:31:10] [224/322] ALPC
[16:31:11] [225/322] RBAC
[16:31:11] [226/322] RAJL
[16:31:12] [227/322] MPDX
[16:31:12] 🔄 Identity reset
[16:31:12] 🔄 Identity rotated (every 10 requests)
[16:31:14] [228/322] MUSC
[16:31:15] [229/322] VKMK
[16:31:16] [230/322] SKCG
[16:31:17] [231/322] ANCN
[16:31:19] [232/322] MMCJ
[16:31:19] [233/322] DCAK
[16:31:20] [234/322] SCKG
[16:31:21] [235/322] LMCK
[16:31:22] [236/322] CKKX
[16:31:23] [237/322] ANKU
[16:31:23] 🔄 Identity reset
[16:31:23] 🔄 Identity rotated (every 10 requests)
[16:31:23] 🔄 Retry 1/5 for ANKU in 2.6s
[16:31:23] 🔄 Identity reset
[16:31:26] 🧠 New identity created
[16:31:27] [238/322] CSMD
[16:31:29] [239/322] MKMP
[16:31:29] [240/322] SVBG
[16:31:30] [241/322] ROOP
[16:31:31] [242/322] GDMT
[16:31:32] [243/322] FPPF
[16:31:33] [244/322] SFUU
[16:31:34] [245/322] ANCB
[16:31:35] [246/322] SMMC
[16:31:35] 🔄 Identity reset
[16:31:35] 🔄 Identity rotated (every 10 requests)
[16:31:36] [247/322] UGKT
[16:31:37] [248/322] JVRM
[16:31:38] [249/322] BATG
[16:31:39] [250/322] RATE
[16:31:40] [251/322] SKME
[16:31:41] [252/322] LMTP
[16:31:42] [253/322] TCBD
[16:31:42] [254/322] ESBD
[16:31:43] [255/322] GDCU
[16:31:44] [256/322] SNKT
[16:31:44] 🔄 Identity reset
[16:31:44] 🔄 Identity rotated (every 10 requests)
[16:31:44] 🔄 Retry 1/5 for SNKT in 2.7s
[16:31:44] 🔄 Identity reset
[16:31:47] 🧠 New identity created
[16:31:48] [257/322] SRNK
[16:31:49] [258/322] SMED
[16:31:50] [259/322] CSQS
[16:31:51] [260/322] ALCS
[16:31:52] [261/322] KCKN
[16:31:54] [262/322] VCCL
[16:31:55] [263/322] MCDA
[16:31:56] [264/322] SHMI
[16:31:57] [265/322] SKHA
[16:31:57] 🔄 Identity reset
[16:31:57] 🔄 Identity rotated (every 10 requests)
[16:31:57] 🔄 Retry 1/5 for SKHA in 2.3s
[16:31:57] 🔄 Identity reset
[16:31:59] 🧠 New identity created
[16:32:01] [266/322] SVFK
[16:32:02] [267/322] INVB
[16:32:02] [268/322] MELD
[16:32:04] [269/322] JTYS
[16:32:05] [270/322] INCM
[16:32:06] [271/322] MCDV
[16:32:06] [272/322] KSGK
[16:32:07] [273/322] ICMG
[16:32:08] [274/322] CSCV
[16:32:08] 🔄 Identity reset
[16:32:08] 🔄 Identity rotated (every 10 requests)
[16:32:09] [275/322] STMD
[16:32:10] [276/322] STTR
[16:32:11] [277/322] INVC
[16:32:12] [278/322] JTBL
[16:32:12] [279/322] SRVV
[16:32:13] [280/322] MAVC
[16:32:14] [281/322] SRPP
[16:32:15] [282/322] JGDM
[16:32:16] [283/322] MBSJ
[16:32:17] [284/322] SSLL
[16:32:17] 🔄 Identity reset
[16:32:17] 🔄 Identity rotated (every 10 requests)
[16:32:18] [285/322] SLKP
[16:32:19] [286/322] NSRV
[16:32:20] [287/322] UTDV
[16:32:21] [288/322] KICM
[16:32:22] [289/322] KCMD
[16:32:23] [290/322] TTPP
[16:32:23] [291/322] KMPV
[16:32:24] [292/322] SKTV
[16:32:25] [293/322] STCV
[16:32:26] [294/322] SRDA
[16:32:26] 🔄 Identity reset
[16:32:26] 🔄 Identity rotated (every 10 requests)
[16:32:28] [295/322] JTSX
[16:32:29] [296/322] STBV
[16:32:29] [297/322] APVZ
[16:32:30] [298/322] GSTV
[16:32:31] [299/322] NMVS
[16:32:32] [300/322] SKRT
[16:32:33] [301/322] RMDV
[16:32:34] [302/322] RATG
[16:32:35] [303/322] SJYV
[16:32:36] [304/322] NDGP
[16:32:36] 🔄 Identity reset
[16:32:36] 🔄 Identity rotated (every 10 requests)
[16:32:36] [305/322] SNDG
[16:32:37] [306/322] INSR
[16:32:38] [307/322] INSO
[16:32:39] [308/322] CCSI
[16:32:40] [309/322] RASM
[16:32:41] [310/322] NEWC
[16:32:42] [311/322] VSHL
[16:32:43] [312/322] BISW
[16:32:44] [313/322] GCNG
[16:32:45] [314/322] CWSC
[16:32:45] 🔄 Identity reset
[16:32:45] 🔄 Identity rotated (every 10 requests)
[16:32:46] [315/322] SKAN
[16:32:47] [316/322] CCOA
[16:32:47] [317/322] MCAJ
[16:32:49] [318/322] ACDE
[16:32:50] [319/322] AACM
[16:32:51] [320/322] JJCK
[16:32:52] [321/322] RCMO
[16:32:52] [322/322] GDAW
[16:32:53] 🧹 Deduping shows
[16:32:53] ✅ DONE | Shows=2427 | Movies=50
[18:54:39] 🚀 SCRIPT STARTED
[18:54:39] [1/322] CDCA
[18:54:39] 🧠 New identity created
[18:54:39] 🔄 Retry 1/5 for CDCA in 2.9s
[18:54:39] 🔄 Identity reset
[18:54:42] 🧠 New identity created
[18:54:43] [2/322] VBCZ
[18:54:44] [3/322] MSDR
[18:54:45] [4/322] ACPV
[18:54:46] [5/322] PVHB
[18:54:47] [6/322] RCNH
[18:54:49] [7/322] IOMH
[18:54:50] [8/322] ILKS
[18:54:51] [9/322] AMSN
[18:54:51] 🔄 Identity reset
[18:54:51] 🔄 Identity rotated (every 10 requests)
[18:54:51] 🔄 Retry 1/5 for AMSN in 2.9s
[18:54:51] 🔄 Identity reset
[18:54:54] 🧠 New identity created
[18:54:55] [10/322] ANTP
[18:54:56] [11/322] SSEK
[18:54:57] [12/322] PICP
[18:54:58] [13/322] SICO
[18:54:58] [14/322] SISP
[18:55:00] [15/322] SCPI
[18:55:01] [16/322] CRPR
[18:55:02] [17/322] DCTW
[18:55:03] [18/322] DCSP
[18:55:03] 🔄 Identity reset
[18:55:03] 🔄 Identity rotated (every 10 requests)
[18:55:04] [19/322] KRPM
[18:55:05] [20/322] THKK
[18:55:06] [21/322] SNMY
[18:55:07] [22/322] AKCC
[18:55:07] [23/322] PCAT
[18:55:08] [24/322] RFGO
[18:55:09] [25/322] GGCS
[18:55:10] [26/322] ACKR
[18:55:11] [27/322] STDO
[18:55:12] [28/322] ACKB
[18:55:12] 🔄 Identity reset
[18:55:12] 🔄 Identity rotated (every 10 requests)
[18:55:13] [29/322] ALUC
[18:55:14] [30/322] MNSR
[18:55:16] [31/322] CSSL
[18:55:17] [32/322] BGGM
[18:55:18] [33/322] MANT
[18:55:18] [34/322] SOOY
[18:55:19] [35/322] VPPK
[18:55:20] [36/322] MYHJ
[18:55:21] [37/322] KSCK
[18:55:22] [38/322] KATK
[18:55:22] 🔄 Identity reset
[18:55:22] 🔄 Identity rotated (every 10 requests)
[18:55:22] 🔄 Retry 1/5 for KATK in 2.4s
[18:55:22] 🔄 Identity reset
[18:55:25] 🧠 New identity created
[18:55:26] [39/322] RTRT
[18:55:27] [40/322] SSTT
[18:55:28] [41/322] SSTV
[18:55:29] [42/322] LACM
[18:55:30] [43/322] SGMG
[18:55:31] [44/322] KACX
[18:55:32] [45/322] GVCP
[18:55:33] [46/322] CSNC
[18:55:34] [47/322] SXCB
[18:55:34] 🔄 Identity reset
[18:55:34] 🔄 Identity rotated (every 10 requests)
[18:55:35] [48/322] BAHS
[18:55:36] [49/322] PCBI
[18:55:37] [50/322] PSSM
[18:55:38] [51/322] RCOK
[18:55:39] [52/322] SCPF
[18:55:40] [53/322] SSAS
[18:55:41] [54/322] EVMM
[18:55:42] [55/322] SYCB
[18:55:43] [56/322] GCKI
[18:55:44] [57/322] IAET
[18:55:44] 🔄 Identity reset
[18:55:44] 🔄 Identity rotated (every 10 requests)
[18:55:45] [58/322] DDTD
[18:55:46] [59/322] GMDH
[18:55:47] [60/322] STLE
[18:55:48] [61/322] JTRA
[18:55:48] [62/322] RPPA
[18:55:49] [63/322] ARUT
[18:55:50] [64/322] JTVM
[18:55:51] [65/322] SWRH
[18:55:52] [66/322] DCPC
[18:55:53] [67/322] RAPR
[18:55:53] 🔄 Identity reset
[18:55:53] 🔄 Identity rotated (every 10 requests)
[18:55:54] [68/322] GCRT
[18:55:55] [69/322] ATUN
[18:55:55] [70/322] LTRM
[18:55:56] [71/322] TASR
[18:55:57] [72/322] RLLC
[18:55:58] [73/322] MABI
[18:55:59] [74/322] SVHB
[18:56:00] [75/322] NVTB
[18:56:01] [76/322] KCKG
[18:56:02] [77/322] SSRN
[18:56:02] 🔄 Identity reset
[18:56:02] 🔄 Identity rotated (every 10 requests)
[18:56:02] 🔄 Retry 1/5 for SSRN in 2.9s
[18:56:02] 🔄 Identity reset
[18:56:05] 🧠 New identity created
[18:56:05] 🔄 Retry 2/5 for SSRN in 4.8s
[18:56:05] 🔄 Identity reset
[18:56:09] 🧠 New identity created
[18:56:10] [78/322] VDDC
[18:56:11] [79/322] GKTK
[18:56:12] [80/322] YFSN
[18:56:14] [81/322] GCSG
[18:56:15] [82/322] ESSM
[18:56:15] [83/322] KRIH
[18:56:16] [84/322] GCDS
[18:56:17] [85/322] CCSH
[18:56:17] 🔄 Identity reset
[18:56:17] 🔄 Identity rotated (every 10 requests)
[18:56:19] [86/322] ACSK
[18:56:20] [87/322] APRK
[18:56:21] [88/322] ADKM
[18:56:22] [89/322] SRDM
[18:56:23] [90/322] SJMY
[18:56:24] [91/322] PGGC
[18:56:25] [92/322] INGM
[18:56:27] [93/322] LSCB
[18:56:27] [94/322] STAD
[18:56:28] [95/322] MCCR
[18:56:28] 🔄 Identity reset
[18:56:28] 🔄 Identity rotated (every 10 requests)
[18:56:29] [96/322] ABCC
[18:56:30] [97/322] RKCC
[18:56:31] [98/322] RTCR
[18:56:32] [99/322] GGBC
[18:56:33] [100/322] GCSD
[18:56:35] [101/322] LPTY
[18:56:36] [102/322] MCFD
[18:56:37] [103/322] HENN
[18:56:38] [104/322] SMKU
[18:56:39] [105/322] TNZC
[18:56:39] 🔄 Identity reset
[18:56:39] 🔄 Identity rotated (every 10 requests)
[18:56:40] [106/322] DRCD
[18:56:41] [107/322] DLCD
[18:56:42] [108/322] RCDA
[18:56:43] [109/322] COSM
[18:56:44] [110/322] MCMJ
[18:56:44] [111/322] CSTR
[18:56:45] [112/322] CVDK
[18:56:46] [113/322] INRR
[18:56:47] [114/322] RJRT
[18:56:48] [115/322] IRMR
[18:56:48] 🔄 Identity reset
[18:56:48] 🔄 Identity rotated (every 10 requests)
[18:56:50] [116/322] SRCF
[18:56:50] [117/322] GRCR
[18:56:51] [118/322] SURC
[18:56:52] [119/322] NMNH
[18:56:53] [120/322] SVBL
[18:56:54] [121/322] KACI
[18:56:56] [122/322] TDGO
[18:56:56] [123/322] KTBR
[18:56:57] [124/322] PMAD
[18:56:58] [125/322] CCPN
[18:56:58] 🔄 Identity reset
[18:56:58] 🔄 Identity rotated (every 10 requests)
[18:56:59] [126/322] SBTK
[18:57:00] [127/322] LMDK
[18:57:01] [128/322] PGDA
[18:57:02] [129/322] SRML
[18:57:03] [130/322] EVCK
[18:57:04] [131/322] RTTK
[18:57:05] [132/322] SRTU
[18:57:06] [133/322] VRSA
[18:57:07] [134/322] VARS
[18:57:08] [135/322] DSCZ
[18:57:08] 🔄 Identity reset
[18:57:08] 🔄 Identity rotated (every 10 requests)
[18:57:09] [136/322] GAGA
[18:57:10] [137/322] SARV
[18:57:10] [138/322] SEEG
[18:57:12] [139/322] GLCA
[18:57:13] [140/322] APAS
[18:57:14] [141/322] VCIA
[18:57:14] [142/322] SJTA
[18:57:15] [143/322] SABM
[18:57:16] [144/322] PPAG
[18:57:17] [145/322] RVCA
[18:57:17] 🔄 Identity reset
[18:57:17] 🔄 Identity rotated (every 10 requests)
[18:57:18] [146/322] CCIA
[18:57:19] [147/322] HTAG
[18:57:19] [148/322] SMBI
[18:57:20] [149/322] MCJR
[18:57:21] [150/322] CCJR
[18:57:22] [151/322] SINF
[18:57:23] [152/322] CPLX
[18:57:24] [153/322] KKTJ
[18:57:25] [154/322] GDBW
[18:57:26] [155/322] CSUB
[18:57:26] 🔄 Identity reset
[18:57:26] 🔄 Identity rotated (every 10 requests)
[18:57:27] [156/322] DABA
[18:57:28] [157/322] TITR
[18:57:28] [158/322] NYCR
[18:57:29] [159/322] RTRY
[18:57:30] [160/322] JTJL
[18:57:31] [161/322] SJCP
[18:57:32] [162/322] KCCA
[18:57:33] [163/322] MLPG
[18:57:34] [164/322] VRCK
[18:57:35] [165/322] SRIN
[18:57:35] 🔄 Identity reset
[18:57:35] 🔄 Identity rotated (every 10 requests)
[18:57:35] 🔄 Retry 1/5 for SRIN in 2.5s
[18:57:35] 🔄 Identity reset
[18:57:38] 🧠 New identity created
[18:57:38] 🔄 Retry 2/5 for SRIN in 4.7s
[18:57:38] 🔄 Identity reset
[18:57:43] 🧠 New identity created
[18:57:43] 🔄 Retry 3/5 for SRIN in 8.5s
[18:57:43] 🔄 Identity reset
[18:57:51] 🧠 New identity created
[18:57:51] 🔄 Retry 4/5 for SRIN in 16.9s
[18:57:51] 🔄 Identity reset
[18:58:08] 🧠 New identity created
[18:58:08] ❌ SRIN failed after 5 attempts
[18:58:08] 🔄 Identity reset
[18:58:08] ❌ SRIN final failure | RuntimeError | HTTP 403
[18:58:09] [166/322] CXMK
[18:58:09] 🧠 New identity created
[18:58:10] [167/322] SKAD
[18:58:11] [168/322] AVTR
[18:58:12] [169/322] PTAJ
[18:58:13] [170/322] SCNK
[18:58:14] [171/322] STTI
[18:58:14] 🔄 Identity reset
[18:58:14] 🔄 Identity rotated (every 10 requests)
[18:58:15] [172/322] KACR
[18:58:17] [173/322] SSDX
[18:58:18] [174/322] VRTJ
[18:58:19] [175/322] RAJD
[18:58:20] [176/322] SCIP
[18:58:22] [177/322] RJSL
[18:58:23] [178/322] ARRS
[18:58:24] [179/322] ASMS
[18:58:25] [180/322] RDTS
[18:58:26] [181/322] DVMY
[18:58:26] 🔄 Identity reset
[18:58:26] 🔄 Identity rotated (every 10 requests)
[18:58:26] 🔄 Retry 1/5 for DVMY in 2.8s
[18:58:26] 🔄 Identity reset
[18:58:29] 🧠 New identity created
[18:58:30] [182/322] RASA
[18:58:31] [183/322] INOM
[18:58:32] [184/322] SPRS
[18:58:32] [185/322] SGCS
[18:58:33] [186/322] SALM
[18:58:34] [187/322] PKHC
[18:58:35] [188/322] RCSV
[18:58:36] [189/322] CPKC
[18:58:37] [190/322] AACD
[18:58:37] 🔄 Identity reset
[18:58:37] 🔄 Identity rotated (every 10 requests)
[18:58:38] [191/322] GGCV
[18:58:39] [192/322] SMKD
[18:58:40] [193/322] NBCH
[18:58:41] [194/322] AMCB
[18:58:42] [195/322] OPCN
[18:58:43] [196/322] DCIN
[18:58:45] [197/322] INGW
[18:58:46] [198/322] PKKW
[18:58:47] [199/322] FNGW
[18:58:48] [200/322] GCGD
[18:58:48] 🔄 Identity reset
[18:58:48] 🔄 Identity rotated (every 10 requests)
[18:58:48] [201/322] MSTW
[18:58:50] [202/322] KCCG
[18:58:50] [203/322] MRSS
[18:58:51] [204/322] CLCF
[18:58:52] [205/322] EETS
[18:58:53] [206/322] AATR
[18:58:54] [207/322] CMMN
[18:58:55] [208/322] SCCJ
[18:58:56] [209/322] CDTK
[18:58:57] [210/322] AICP
[18:58:57] 🔄 Identity reset
[18:58:57] 🔄 Identity rotated (every 10 requests)
[18:58:58] [211/322] FNBP
[18:58:58] [212/322] CBPB
[18:58:59] [213/322] CPAS
[18:59:00] [214/322] MAPM
[18:59:01] [215/322] PASD
[18:59:02] [216/322] JCMN
[18:59:03] [217/322] MALB
[18:59:04] [218/322] SACG
[18:59:05] [219/322] DDRX
[18:59:06] [220/322] DDXB
[18:59:06] 🔄 Identity reset
[18:59:06] 🔄 Identity rotated (every 10 requests)
[18:59:07] [221/322] RAMC
[18:59:08] [222/322] SANC
[18:59:09] [223/322] BCBP
[18:59:10] [224/322] ALPC
[18:59:11] [225/322] RBAC
[18:59:12] [226/322] RAJL
[18:59:13] [227/322] MPDX
[18:59:14] [228/322] MUSC
[18:59:15] [229/322] VKMK
[18:59:15] [230/322] SKCG
[18:59:15] 🔄 Identity reset
[18:59:15] 🔄 Identity rotated (every 10 requests)
[18:59:16] [231/322] ANCN
[18:59:17] [232/322] MMCJ
[18:59:18] [233/322] DCAK
[18:59:20] [234/322] SCKG
[18:59:21] [235/322] LMCK
[18:59:22] [236/322] CKKX
[18:59:23] [237/322] ANKU
[18:59:24] [238/322] CSMD
[18:59:25] [239/322] MKMP
[18:59:26] [240/322] SVBG
[18:59:26] 🔄 Identity reset
[18:59:26] 🔄 Identity rotated (every 10 requests)
[18:59:27] [241/322] ROOP
[18:59:27] [242/322] GDMT
[18:59:28] [243/322] FPPF
[18:59:29] [244/322] SFUU
[18:59:30] [245/322] ANCB
[18:59:31] [246/322] SMMC
[18:59:32] [247/322] UGKT
[18:59:33] [248/322] JVRM
[18:59:34] [249/322] BATG
[18:59:35] [250/322] RATE
[18:59:35] 🔄 Identity reset
[18:59:35] 🔄 Identity rotated (every 10 requests)
[18:59:36] [251/322] SKME
[18:59:37] [252/322] LMTP
[18:59:37] [253/322] TCBD
[18:59:38] [254/322] ESBD
[18:59:39] [255/322] GDCU
[18:59:40] [256/322] SNKT
[18:59:41] [257/322] SRNK
[18:59:43] [258/322] SMED
[18:59:44] [259/322] CSQS
[18:59:45] [260/322] ALCS
[18:59:45] 🔄 Identity reset
[18:59:45] 🔄 Identity rotated (every 10 requests)
[18:59:46] [261/322] KCKN
[18:59:47] [262/322] VCCL
[18:59:48] [263/322] MCDA
[18:59:49] [264/322] SHMI
[18:59:50] [265/322] SKHA
[18:59:51] [266/322] SVFK
[18:59:52] [267/322] INVB
[18:59:53] [268/322] MELD
[18:59:54] [269/322] JTYS
[18:59:55] [270/322] INCM
[18:59:55] 🔄 Identity reset
[18:59:55] 🔄 Identity rotated (every 10 requests)
[18:59:56] [271/322] MCDV
[18:59:57] [272/322] KSGK
[18:59:58] [273/322] ICMG
[19:00:00] [274/322] CSCV
[19:00:01] [275/322] STMD
[19:00:02] [276/322] STTR
[19:00:02] [277/322] INVC
[19:00:03] [278/322] JTBL
[19:00:04] [279/322] SRVV
[19:00:05] [280/322] MAVC
[19:00:05] 🔄 Identity reset
[19:00:05] 🔄 Identity rotated (every 10 requests)
[19:00:06] [281/322] SRPP
[19:00:07] [282/322] JGDM
[19:00:08] [283/322] MBSJ
[19:00:09] [284/322] SSLL
[19:00:10] [285/322] SLKP
[19:00:11] [286/322] NSRV
[19:00:12] [287/322] UTDV
[19:00:12] [288/322] KICM
[19:00:13] [289/322] KCMD
[19:00:14] [290/322] TTPP
[19:00:14] 🔄 Identity reset
[19:00:14] 🔄 Identity rotated (every 10 requests)
[19:00:15] [291/322] KMPV
[19:00:17] [292/322] SKTV
[19:00:18] [293/322] STCV
[19:00:19] [294/322] SRDA
[19:00:20] [295/322] JTSX
[19:00:22] [296/322] STBV
[19:00:23] [297/322] APVZ
[19:00:24] [298/322] GSTV
[19:00:25] [299/322] NMVS
[19:00:26] [300/322] SKRT
[19:00:26] 🔄 Identity reset
[19:00:26] 🔄 Identity rotated (every 10 requests)
[19:00:27] [301/322] RMDV
[19:00:28] [302/322] RATG
[19:00:29] [303/322] SJYV
[19:00:30] [304/322] NDGP
[19:00:31] [305/322] SNDG
[19:00:32] [306/322] INSR
[19:00:33] [307/322] INSO
[19:00:33] [308/322] CCSI
[19:00:34] [309/322] RASM
[19:00:35] [310/322] NEWC
[19:00:35] 🔄 Identity reset
[19:00:35] 🔄 Identity rotated (every 10 requests)
[19:00:37] [311/322] VSHL
[19:00:37] [312/322] BISW
[19:00:38] [313/322] GCNG
[19:00:39] [314/322] CWSC
[19:00:41] [315/322] SKAN
[19:00:42] [316/322] CCOA
[19:00:43] [317/322] MCAJ
[19:00:44] [318/322] ACDE
[19:00:45] [319/322] AACM
[19:00:46] [320/322] JJCK
[19:00:46] 🔄 Identity reset
[19:00:46] 🔄 Identity rotated (every 10 requests)
[19:00:47] [321/322] RCMO
[19:00:48] [322/322] GDAW
[19:00:49] 🧹 Deduping shows
[19:00:49] ✅ DONE | Shows=2461 | Movies=49
[19:48:44] 🚀 SCRIPT STARTED
[19:48:44] [1/322] CDCA
[19:48:44] 🧠 New identity created
[19:48:46] [2/322] VBCZ
[19:48:46] [3/322] MSDR
[19:48:47] [4/322] ACPV
[19:48:48] [5/322] PVHB
[19:48:50] [6/322] RCNH
[19:48:51] [7/322] IOMH
[19:48:52] [8/322] ILKS
[19:48:53] [9/322] AMSN
[19:48:54] [10/322] ANTP
[19:48:54] 🔄 Identity reset
[19:48:54] 🔄 Identity rotated (every 10 requests)
[19:48:55] [11/322] SSEK
[19:48:56] [12/322] PICP
[19:48:57] [13/322] SICO
[19:48:58] [14/322] SISP
[19:49:00] [15/322] SCPI
[19:49:01] [16/322] CRPR
[19:49:02] [17/322] DCTW
[19:49:02] [18/322] DCSP
[19:49:03] [19/322] KRPM
[19:49:05] [20/322] THKK
[19:49:05] 🔄 Identity reset
[19:49:05] 🔄 Identity rotated (every 10 requests)
[19:49:06] [21/322] SNMY
[19:49:07] [22/322] AKCC
[19:49:08] [23/322] PCAT
[19:49:09] [24/322] RFGO
[19:49:10] [25/322] GGCS
[19:49:11] [26/322] ACKR
[19:49:12] [27/322] STDO
[19:49:13] [28/322] ACKB
[19:49:14] [29/322] ALUC
[19:49:15] [30/322] MNSR
[19:49:15] 🔄 Identity reset
[19:49:15] 🔄 Identity rotated (every 10 requests)
[19:49:16] [31/322] CSSL
[19:49:17] [32/322] BGGM
[19:49:18] [33/322] MANT
[19:49:19] [34/322] SOOY
[19:49:20] [35/322] VPPK
[19:49:21] [36/322] MYHJ
[19:49:22] [37/322] KSCK
[19:49:23] [38/322] KATK
[19:49:24] [39/322] RTRT
[19:49:25] [40/322] SSTT
[19:49:25] 🔄 Identity reset
[19:49:25] 🔄 Identity rotated (every 10 requests)
[19:49:25] 🔄 Retry 1/5 for SSTT in 2.2s
[19:49:25] 🔄 Identity reset
[19:49:27] 🧠 New identity created
[19:49:28] [41/322] SSTV
[19:49:29] [42/322] LACM
[19:49:30] [43/322] SGMG
[19:49:31] [44/322] KACX
[19:49:33] [45/322] GVCP
[19:49:34] [46/322] CSNC
[19:49:34] [47/322] SXCB
[19:49:36] [48/322] BAHS
[19:49:36] [49/322] PCBI
[19:49:36] 🔄 Identity reset
[19:49:36] 🔄 Identity rotated (every 10 requests)
[19:49:37] [50/322] PSSM
[19:49:38] [51/322] RCOK
[19:49:39] [52/322] SCPF
[19:49:41] [53/322] SSAS
[19:49:41] [54/322] EVMM
[19:49:42] [55/322] SYCB
[19:49:43] [56/322] GCKI
[19:49:44] [57/322] IAET
[19:49:45] [58/322] DDTD
[19:49:46] [59/322] GMDH
[19:49:46] 🔄 Identity reset
[19:49:46] 🔄 Identity rotated (every 10 requests)
[19:49:47] [60/322] STLE
[19:49:48] [61/322] JTRA
[19:49:49] [62/322] RPPA
[19:49:50] [63/322] ARUT
[19:49:51] [64/322] JTVM
[19:49:52] [65/322] SWRH
[19:49:53] [66/322] DCPC
[19:49:53] [67/322] RAPR
[19:49:54] [68/322] GCRT
[19:49:55] [69/322] ATUN
[19:49:55] 🔄 Identity reset
[19:49:55] 🔄 Identity rotated (every 10 requests)
[19:49:56] [70/322] LTRM
[19:49:57] [71/322] TASR
[19:49:58] [72/322] RLLC
[19:49:59] [73/322] MABI
[19:50:00] [74/322] SVHB
[19:50:01] [75/322] NVTB
[19:50:02] [76/322] KCKG
[19:50:03] [77/322] SSRN
[19:50:04] [78/322] VDDC
[19:50:05] [79/322] GKTK
[19:50:05] 🔄 Identity reset
[19:50:05] 🔄 Identity rotated (every 10 requests)
[19:50:05] 🔄 Retry 1/5 for GKTK in 2.6s
[19:50:05] 🔄 Identity reset
[19:50:08] 🧠 New identity created
[19:50:09] [80/322] YFSN
[19:50:10] [81/322] GCSG
[19:50:11] [82/322] ESSM
[19:50:11] [83/322] KRIH
[19:50:12] [84/322] GCDS
[19:50:13] [85/322] CCSH
[19:50:14] [86/322] ACSK
[19:50:15] [87/322] APRK
[19:50:16] [88/322] ADKM
[19:50:16] 🔄 Identity reset
[19:50:16] 🔄 Identity rotated (every 10 requests)
[19:50:17] [89/322] SRDM
[19:50:18] [90/322] SJMY
[19:50:19] [91/322] PGGC
[19:50:20] [92/322] INGM
[19:50:20] [93/322] LSCB
[19:50:21] [94/322] STAD
[19:50:22] [95/322] MCCR
[19:50:23] [96/322] ABCC
[19:50:24] [97/322] RKCC
[19:50:26] [98/322] RTCR
[19:50:26] 🔄 Identity reset
[19:50:26] 🔄 Identity rotated (every 10 requests)
[19:50:26] 🔄 Retry 1/5 for RTCR in 2.4s
[19:50:26] 🔄 Identity reset
[19:50:28] 🧠 New identity created
[19:50:29] [99/322] GGBC
[19:50:30] [100/322] GCSD
[19:50:31] [101/322] LPTY
[19:50:32] [102/322] MCFD
[19:50:33] [103/322] HENN
[19:50:34] [104/322] SMKU
[19:50:35] [105/322] TNZC
[19:50:36] [106/322] DRCD
[19:50:37] [107/322] DLCD
[19:50:37] 🔄 Identity reset
[19:50:37] 🔄 Identity rotated (every 10 requests)
[19:50:37] 🔄 Retry 1/5 for DLCD in 2.1s
[19:50:37] 🔄 Identity reset
[19:50:39] 🧠 New identity created
[19:50:39] 🔄 Retry 2/5 for DLCD in 4.7s
[19:50:39] 🔄 Identity reset
[19:50:44] 🧠 New identity created
[19:50:44] 🔄 Retry 3/5 for DLCD in 9.0s
[19:50:44] 🔄 Identity reset
[19:50:53] 🧠 New identity created
[19:50:55] [108/322] RCDA
[19:50:56] [109/322] COSM
[19:50:57] [110/322] MCMJ
[19:50:58] [111/322] CSTR
[19:50:58] [112/322] CVDK
[19:50:59] [113/322] INRR
[19:51:00] [114/322] RJRT
[19:51:00] 🔄 Identity reset
[19:51:00] 🔄 Identity rotated (every 10 requests)
[19:51:01] [115/322] IRMR
[19:51:02] [116/322] SRCF
[19:51:03] [117/322] GRCR
[19:51:04] [118/322] SURC
[19:51:05] [119/322] NMNH
[19:51:06] [120/322] SVBL
[19:51:07] [121/322] KACI
[19:51:08] [122/322] TDGO
[19:51:09] [123/322] KTBR
[19:51:10] [124/322] PMAD
[19:51:10] 🔄 Identity reset
[19:51:10] 🔄 Identity rotated (every 10 requests)
[19:51:11] [125/322] CCPN
[19:51:11] [126/322] SBTK
[19:51:12] [127/322] LMDK
[19:51:13] [128/322] PGDA
[19:51:14] [129/322] SRML
[19:51:15] [130/322] EVCK
[19:51:16] [131/322] RTTK
[19:51:17] [132/322] SRTU
[19:51:18] [133/322] VRSA
[19:51:19] [134/322] VARS
[19:51:19] 🔄 Identity reset
[19:51:19] 🔄 Identity rotated (every 10 requests)
[19:51:20] [135/322] DSCZ
[19:51:21] [136/322] GAGA
[19:51:22] [137/322] SARV
[19:51:23] [138/322] SEEG
[19:51:24] [139/322] GLCA
[19:51:25] [140/322] APAS
[19:51:26] [141/322] VCIA
[19:51:27] [142/322] SJTA
[19:51:28] [143/322] SABM
[19:51:29] [144/322] PPAG
[19:51:29] 🔄 Identity reset
[19:51:29] 🔄 Identity rotated (every 10 requests)
[19:51:30] [145/322] RVCA
[19:51:31] [146/322] CCIA
[19:51:32] [147/322] HTAG
[19:51:33] [148/322] SMBI
[19:51:34] [149/322] MCJR
[19:51:35] [150/322] CCJR
[19:51:36] [151/322] SINF
[19:51:37] [152/322] CPLX
[19:51:38] [153/322] KKTJ
[19:51:39] [154/322] GDBW
[19:51:39] 🔄 Identity reset
[19:51:39] 🔄 Identity rotated (every 10 requests)
[19:51:40] [155/322] CSUB
[19:51:41] [156/322] DABA
[19:51:42] [157/322] TITR
[19:51:42] [158/322] NYCR
[19:51:43] [159/322] RTRY
[19:51:44] [160/322] JTJL
[19:51:46] [161/322] SJCP
[19:51:47] [162/322] KCCA
[19:51:49] [163/322] MLPG
[19:51:50] [164/322] VRCK
[19:51:50] 🔄 Identity reset
[19:51:50] 🔄 Identity rotated (every 10 requests)
[19:51:51] [165/322] SRIN
[19:51:52] [166/322] CXMK
[19:51:52] [167/322] SKAD
[19:51:53] [168/322] AVTR
[19:51:54] [169/322] PTAJ
[19:51:55] [170/322] SCNK
[19:51:56] [171/322] STTI
[19:51:57] [172/322] KACR
[19:51:58] [173/322] SSDX
[19:51:59] [174/322] VRTJ
[19:51:59] 🔄 Identity reset
[19:51:59] 🔄 Identity rotated (every 10 requests)
[19:52:00] [175/322] RAJD
[19:52:01] [176/322] SCIP
[19:52:02] [177/322] RJSL
[19:52:03] [178/322] ARRS
[19:52:04] [179/322] ASMS
[19:52:05] [180/322] RDTS
[19:52:06] [181/322] DVMY
[19:52:07] [182/322] RASA
[19:52:08] [183/322] INOM
[19:52:09] [184/322] SPRS
[19:52:09] 🔄 Identity reset
[19:52:09] 🔄 Identity rotated (every 10 requests)
[19:52:10] [185/322] SGCS
[19:52:11] [186/322] SALM
[19:52:12] [187/322] PKHC
[19:52:13] [188/322] RCSV
[19:52:14] [189/322] CPKC
[19:52:15] [190/322] AACD
[19:52:16] [191/322] GGCV
[19:52:17] [192/322] SMKD
[19:52:18] [193/322] NBCH
[19:52:19] [194/322] AMCB
[19:52:19] 🔄 Identity reset
[19:52:19] 🔄 Identity rotated (every 10 requests)
[19:52:19] 🔄 Retry 1/5 for AMCB in 2.4s
[19:52:19] 🔄 Identity reset
[19:52:21] 🧠 New identity created
[19:52:21] 🔄 Retry 2/5 for AMCB in 5.0s
[19:52:21] 🔄 Identity reset
[19:52:26] 🧠 New identity created
[19:52:26] 🔄 Retry 3/5 for AMCB in 8.1s
[19:52:26] 🔄 Identity reset
[19:52:34] 🧠 New identity created
[19:52:36] [195/322] OPCN
[19:52:36] [196/322] DCIN
[19:52:37] [197/322] INGW
[19:52:38] [198/322] PKKW
[19:52:39] [199/322] FNGW
[19:52:40] [200/322] GCGD
[19:52:41] [201/322] MSTW
[19:52:41] 🔄 Identity reset
[19:52:41] 🔄 Identity rotated (every 10 requests)
[19:52:41] 🔄 Retry 1/5 for MSTW in 2.2s
[19:52:41] 🔄 Identity reset
[19:52:44] 🧠 New identity created
[19:52:44] 🔄 Retry 2/5 for MSTW in 4.4s
[19:52:44] 🔄 Identity reset
[19:52:48] 🧠 New identity created
[19:52:49] [202/322] KCCG
[19:52:50] [203/322] MRSS
[19:52:51] [204/322] CLCF
[19:52:52] [205/322] EETS
[19:52:53] [206/322] AATR
[19:52:53] [207/322] CMMN
[19:52:54] [208/322] SCCJ
[19:52:55] [209/322] CDTK
[19:52:55] 🔄 Identity reset
[19:52:55] 🔄 Identity rotated (every 10 requests)
[19:52:57] [210/322] AICP
[19:52:58] [211/322] FNBP
[19:52:59] [212/322] CBPB
[19:53:00] [213/322] CPAS
[19:53:01] [214/322] MAPM
[19:53:02] [215/322] PASD
[19:53:03] [216/322] JCMN
[19:53:04] [217/322] MALB
[19:53:04] [218/322] SACG
[19:53:05] [219/322] DDRX
[19:53:05] 🔄 Identity reset
[19:53:05] 🔄 Identity rotated (every 10 requests)
[19:53:07] [220/322] DDXB
[19:53:08] [221/322] RAMC
[19:53:08] [222/322] SANC
[19:53:09] [223/322] BCBP
[19:53:10] [224/322] ALPC
[19:53:11] [225/322] RBAC
[19:53:12] [226/322] RAJL
[19:53:13] [227/322] MPDX
[19:53:14] [228/322] MUSC
[19:53:15] [229/322] VKMK
[19:53:15] 🔄 Identity reset
[19:53:15] 🔄 Identity rotated (every 10 requests)
[19:53:15] 🔄 Retry 1/5 for VKMK in 2.7s
[19:53:15] 🔄 Identity reset
[19:53:18] 🧠 New identity created
[19:53:19] [230/322] SKCG
[19:53:20] [231/322] ANCN
[19:53:21] [232/322] MMCJ
[19:53:22] [233/322] DCAK
[19:53:23] [234/322] SCKG
[19:53:24] [235/322] LMCK
[19:53:25] [236/322] CKKX
[19:53:26] [237/322] ANKU
[19:53:27] [238/322] CSMD
[19:53:27] 🔄 Identity reset
[19:53:27] 🔄 Identity rotated (every 10 requests)
[19:53:27] 🔄 Retry 1/5 for CSMD in 2.2s
[19:53:27] 🔄 Identity reset
[19:53:29] 🧠 New identity created
[19:53:29] 🔄 Retry 2/5 for CSMD in 4.2s
[19:53:29] 🔄 Identity reset
[19:53:34] 🧠 New identity created
[19:53:34] 🔄 Retry 3/5 for CSMD in 8.2s
[19:53:34] 🔄 Identity reset
[19:53:42] 🧠 New identity created
[19:53:42] 🔄 Retry 4/5 for CSMD in 16.2s
[19:53:42] 🔄 Identity reset
[19:53:58] 🧠 New identity created
[19:53:58] ❌ CSMD failed after 5 attempts
[19:53:58] 🔄 Identity reset
[19:53:58] ❌ CSMD final failure | RuntimeError | HTTP 403
[19:53:59] [239/322] MKMP
[19:53:59] 🧠 New identity created
[19:54:00] [240/322] SVBG
[19:54:01] [241/322] ROOP
[19:54:02] [242/322] GDMT
[19:54:03] [243/322] FPPF
[19:54:04] [244/322] SFUU
[19:54:04] 🔄 Identity reset
[19:54:04] 🔄 Identity rotated (every 10 requests)
[19:54:04] 🔄 Retry 1/5 for SFUU in 2.1s
[19:54:04] 🔄 Identity reset
[19:54:06] 🧠 New identity created
[19:54:08] [245/322] ANCB
[19:54:09] [246/322] SMMC
[19:54:10] [247/322] UGKT
[19:54:11] [248/322] JVRM
[19:54:12] [249/322] BATG
[19:54:13] [250/322] RATE
[19:54:14] [251/322] SKME
[19:54:14] [252/322] LMTP
[19:54:15] [253/322] TCBD
[19:54:15] 🔄 Identity reset
[19:54:15] 🔄 Identity rotated (every 10 requests)
[19:54:16] [254/322] ESBD
[19:54:17] [255/322] GDCU
[19:54:18] [256/322] SNKT
[19:54:20] [257/322] SRNK
[19:54:21] [258/322] SMED
[19:54:22] [259/322] CSQS
[19:54:23] [260/322] ALCS
[19:54:24] [261/322] KCKN
[19:54:25] [262/322] VCCL
[19:54:26] [263/322] MCDA
[19:54:26] 🔄 Identity reset
[19:54:26] 🔄 Identity rotated (every 10 requests)
[19:54:27] [264/322] SHMI
[19:54:29] [265/322] SKHA
[19:54:30] [266/322] SVFK
[19:54:31] [267/322] INVB
[19:54:32] [268/322] MELD
[19:54:33] [269/322] JTYS
[19:54:33] [270/322] INCM
[19:54:34] [271/322] MCDV
[19:54:35] [272/322] KSGK
[19:54:36] [273/322] ICMG
[19:54:36] 🔄 Identity reset
[19:54:36] 🔄 Identity rotated (every 10 requests)
[19:54:36] 🔄 Retry 1/5 for ICMG in 2.6s
[19:54:36] 🔄 Identity reset
[19:54:39] 🧠 New identity created
[19:54:39] 🔄 Retry 2/5 for ICMG in 5.0s
[19:54:39] 🔄 Identity reset
[19:54:44] 🧠 New identity created
[19:54:45] [274/322] CSCV
[19:54:46] [275/322] STMD
[19:54:47] [276/322] STTR
[19:54:48] [277/322] INVC
[19:54:49] [278/322] JTBL
[19:54:49] [279/322] SRVV
[19:54:51] [280/322] MAVC
[19:54:52] [281/322] SRPP
[19:54:52] 🔄 Identity reset
[19:54:52] 🔄 Identity rotated (every 10 requests)
[19:54:53] [282/322] JGDM
[19:54:54] [283/322] MBSJ
[19:54:55] [284/322] SSLL
[19:54:56] [285/322] SLKP
[19:54:57] [286/322] NSRV
[19:54:58] [287/322] UTDV
[19:54:59] [288/322] KICM
[19:55:00] [289/322] KCMD
[19:55:01] [290/322] TTPP
[19:55:02] [291/322] KMPV
[19:55:02] 🔄 Identity reset
[19:55:02] 🔄 Identity rotated (every 10 requests)
[19:55:03] [292/322] SKTV
[19:55:04] [293/322] STCV
[19:55:05] [294/322] SRDA
[19:55:06] [295/322] JTSX
[19:55:07] [296/322] STBV
[19:55:08] [297/322] APVZ
[19:55:09] [298/322] GSTV
[19:55:10] [299/322] NMVS
[19:55:11] [300/322] SKRT
[19:55:12] [301/322] RMDV
[19:55:12] 🔄 Identity reset
[19:55:12] 🔄 Identity rotated (every 10 requests)
[19:55:14] [302/322] RATG
[19:55:15] [303/322] SJYV
[19:55:16] [304/322] NDGP
[19:55:17] [305/322] SNDG
[19:55:17] [306/322] INSR
[19:55:18] [307/322] INSO
[19:55:19] [308/322] CCSI
[19:55:20] [309/322] RASM
[19:55:21] [310/322] NEWC
[19:55:23] [311/322] VSHL
[19:55:23] 🔄 Identity reset
[19:55:23] 🔄 Identity rotated (every 10 requests)
[19:55:23] 🔄 Retry 1/5 for VSHL in 2.1s
[19:55:23] 🔄 Identity reset
[19:55:25] 🧠 New identity created
[19:55:26] [312/322] BISW
[19:55:27] [313/322] GCNG
[19:55:27] [314/322] CWSC
[19:55:28] [315/322] SKAN
[19:55:29] [316/322] CCOA
[19:55:30] [317/322] MCAJ
[19:55:31] [318/322] ACDE
[19:55:33] [319/322] AACM
[19:55:34] [320/322] JJCK
[19:55:34] 🔄 Identity reset
[19:55:34] 🔄 Identity rotated (every 10 requests)
[19:55:35] [321/322] RCMO
[19:55:36] [322/322] GDAW
[19:55:37] 🧹 Deduping shows
[19:55:37] ✅ DONE | Shows=2482 | Movies=49
[20:11:23] 🚀 SCRIPT STARTED
[20:11:23] [1/322] CDCA
[20:11:23] 🧠 New identity created
[20:11:24] [2/322] VBCZ
[20:11:25] [3/322] MSDR
[20:11:25] [4/322] ACPV
[20:11:26] [5/322] PVHB
[20:11:27] [6/322] RCNH
[20:11:28] [7/322] IOMH
[20:11:28] [8/322] ILKS
[20:11:29] [9/322] AMSN
[20:11:30] [10/322] ANTP
[20:11:30] 🔄 Identity reset
[20:11:30] 🔄 Identity rotated (every 10 requests)
[20:11:31] [11/322] SSEK
[20:11:32] [12/322] PICP
[20:11:33] [13/322] SICO
[20:11:34] [14/322] SISP
[20:11:35] [15/322] SCPI
[20:11:36] [16/322] CRPR
[20:11:37] [17/322] DCTW
[20:11:38] [18/322] DCSP
[20:11:38] [19/322] KRPM
[20:11:39] [20/322] THKK
[20:11:39] 🔄 Identity reset
[20:11:39] 🔄 Identity rotated (every 10 requests)
[20:11:40] [21/322] SNMY
[20:11:41] [22/322] AKCC
[20:11:42] [23/322] PCAT
[20:11:43] [24/322] RFGO
[20:11:44] [25/322] GGCS
[20:11:44] [26/322] ACKR
[20:11:45] [27/322] STDO
[20:11:46] [28/322] ACKB
[20:11:47] [29/322] ALUC
[20:11:48] [30/322] MNSR
[20:11:48] 🔄 Identity reset
[20:11:48] 🔄 Identity rotated (every 10 requests)
[20:11:48] 🔄 Retry 1/5 for MNSR in 2.1s
[20:11:48] 🔄 Identity reset
[20:11:50] 🧠 New identity created
[20:11:51] [31/322] CSSL
[20:11:52] [32/322] BGGM
[20:11:53] [33/322] MANT
[20:11:53] [34/322] SOOY
[20:11:54] [35/322] VPPK
[20:11:55] [36/322] MYHJ
[20:11:56] [37/322] KSCK
[20:11:57] [38/322] KATK
[20:11:57] [39/322] RTRT
[20:11:57] 🔄 Identity reset
[20:11:57] 🔄 Identity rotated (every 10 requests)
[20:11:58] [40/322] SSTT
[20:11:59] [41/322] SSTV
[20:12:00] [42/322] LACM
[20:12:01] [43/322] SGMG
[20:12:02] [44/322] KACX
[20:12:03] [45/322] GVCP
[20:12:04] [46/322] CSNC
[20:12:04] [47/322] SXCB
[20:12:05] [48/322] BAHS
[20:12:06] [49/322] PCBI
[20:12:06] 🔄 Identity reset
[20:12:07] 🔄 Identity rotated (every 10 requests)
[20:12:07] 🔄 Retry 1/5 for PCBI in 2.8s
[20:12:07] 🔄 Identity reset
[20:12:09] 🧠 New identity created
[20:12:10] [50/322] PSSM
[20:12:11] [51/322] RCOK
[20:12:12] [52/322] SCPF
[20:12:14] [53/322] SSAS
[20:12:15] [54/322] EVMM
[20:12:16] [55/322] SYCB
[20:12:17] [56/322] GCKI
[20:12:18] [57/322] IAET
[20:12:19] [58/322] DDTD
[20:12:19] 🔄 Identity reset
[20:12:19] 🔄 Identity rotated (every 10 requests)
[20:12:20] [59/322] GMDH
[20:12:21] [60/322] STLE
[20:12:22] [61/322] JTRA
[20:12:23] [62/322] RPPA
[20:12:23] [63/322] ARUT
[20:12:24] [64/322] JTVM
[20:12:25] [65/322] SWRH
[20:12:26] [66/322] DCPC
[20:12:27] [67/322] RAPR
[20:12:28] [68/322] GCRT
[20:12:28] 🔄 Identity reset
[20:12:28] 🔄 Identity rotated (every 10 requests)
[20:12:29] [69/322] ATUN
[20:12:30] [70/322] LTRM
[20:12:31] [71/322] TASR
[20:12:32] [72/322] RLLC
[20:12:33] [73/322] MABI
[20:12:34] [74/322] SVHB
[20:12:34] [75/322] NVTB
[20:12:35] [76/322] KCKG
[20:12:36] [77/322] SSRN
[20:12:37] [78/322] VDDC
[20:12:37] 🔄 Identity reset
[20:12:37] 🔄 Identity rotated (every 10 requests)
[20:12:38] [79/322] GKTK
[20:12:40] [80/322] YFSN
[20:12:40] [81/322] GCSG
[20:12:42] [82/322] ESSM
[20:12:43] [83/322] KRIH
[20:12:44] [84/322] GCDS
[20:12:45] [85/322] CCSH
[20:12:46] [86/322] ACSK
[20:12:46] [87/322] APRK
[20:12:47] [88/322] ADKM
[20:12:47] 🔄 Identity reset
[20:12:47] 🔄 Identity rotated (every 10 requests)
[20:12:47] 🔄 Retry 1/5 for ADKM in 2.8s
[20:12:47] 🔄 Identity reset
[20:12:50] 🧠 New identity created
[20:12:51] [89/322] SRDM
[20:12:52] [90/322] SJMY
[20:12:53] [91/322] PGGC
[20:12:54] [92/322] INGM
[20:12:55] [93/322] LSCB
[20:12:56] [94/322] STAD
[20:12:57] [95/322] MCCR
[20:12:58] [96/322] ABCC
[20:12:58] [97/322] RKCC
[20:12:58] 🔄 Identity reset
[20:12:58] 🔄 Identity rotated (every 10 requests)
[20:12:58] 🔄 Retry 1/5 for RKCC in 2.8s
[20:12:58] 🔄 Identity reset
[20:13:01] 🧠 New identity created
[20:13:01] 🔄 Retry 2/5 for RKCC in 4.2s
[20:13:01] 🔄 Identity reset
[20:13:05] 🧠 New identity created
[20:13:06] [98/322] RTCR
[20:13:07] [99/322] GGBC
[20:13:08] [100/322] GCSD
[20:13:09] [101/322] LPTY
[20:13:09] [102/322] MCFD
[20:13:10] [103/322] HENN
[20:13:11] [104/322] SMKU
[20:13:12] [105/322] TNZC
[20:13:12] 🔄 Identity reset
[20:13:12] 🔄 Identity rotated (every 10 requests)
[20:13:14] [106/322] DRCD
[20:13:15] [107/322] DLCD
[20:13:15] [108/322] RCDA
[20:13:16] [109/322] COSM
[20:13:17] [110/322] MCMJ
[20:13:18] [111/322] CSTR
[20:13:20] [112/322] CVDK
[20:13:20] [113/322] INRR
[20:13:21] [114/322] RJRT
[20:13:22] [115/322] IRMR
[20:13:22] 🔄 Identity reset
[20:13:22] 🔄 Identity rotated (every 10 requests)
[20:13:23] [116/322] SRCF
[20:13:24] [117/322] GRCR
[20:13:26] [118/322] SURC
[20:13:27] [119/322] NMNH
[20:13:27] [120/322] SVBL
[20:13:28] [121/322] KACI
[20:13:29] [122/322] TDGO
[20:13:31] [123/322] KTBR
[20:13:32] [124/322] PMAD
[20:13:33] [125/322] CCPN
[20:13:33] 🔄 Identity reset
[20:13:33] 🔄 Identity rotated (every 10 requests)
[20:13:34] [126/322] SBTK
[20:13:34] [127/322] LMDK
[20:13:35] [128/322] PGDA
[20:13:36] [129/322] SRML
[20:13:37] [130/322] EVCK
[20:13:38] [131/322] RTTK
[20:13:39] [132/322] SRTU
[20:13:39] [133/322] VRSA
[20:13:40] [134/322] VARS
[20:13:41] [135/322] DSCZ
[20:13:41] 🔄 Identity reset
[20:13:41] 🔄 Identity rotated (every 10 requests)
[20:13:42] [136/322] GAGA
[20:13:43] [137/322] SARV
[20:13:43] [138/322] SEEG
[20:13:44] [139/322] GLCA
[20:13:45] [140/322] APAS
[20:13:46] [141/322] VCIA
[20:13:47] [142/322] SJTA
[20:13:48] [143/322] SABM
[20:13:49] [144/322] PPAG
[20:13:50] [145/322] RVCA
[20:13:50] 🔄 Identity reset
[20:13:50] 🔄 Identity rotated (every 10 requests)
[20:13:51] [146/322] CCIA
[20:13:52] [147/322] HTAG
[20:13:53] [148/322] SMBI
[20:13:54] [149/322] MCJR
[20:13:55] [150/322] CCJR
[20:13:56] [151/322] SINF
[20:13:56] [152/322] CPLX
[20:13:57] [153/322] KKTJ
[20:13:58] [154/322] GDBW
[20:13:59] [155/322] CSUB
[20:13:59] 🔄 Identity reset
[20:13:59] 🔄 Identity rotated (every 10 requests)
[20:14:00] [156/322] DABA
[20:14:01] [157/322] TITR
[20:14:02] [158/322] NYCR
[20:14:02] [159/322] RTRY
[20:14:04] [160/322] JTJL
[20:14:05] [161/322] SJCP
[20:14:06] [162/322] KCCA
[20:14:06] [163/322] MLPG
[20:14:07] [164/322] VRCK
[20:14:08] [165/322] SRIN
[20:14:08] 🔄 Identity reset
[20:14:08] 🔄 Identity rotated (every 10 requests)
[20:14:09] [166/322] CXMK
[20:14:10] [167/322] SKAD
[20:14:11] [168/322] AVTR
[20:14:11] [169/322] PTAJ
[20:14:12] [170/322] SCNK
[20:14:13] [171/322] STTI
[20:14:14] [172/322] KACR
[20:14:15] [173/322] SSDX
[20:14:16] [174/322] VRTJ
[20:14:17] [175/322] RAJD
[20:14:17] 🔄 Identity reset
[20:14:17] 🔄 Identity rotated (every 10 requests)
[20:14:18] [176/322] SCIP
[20:14:18] [177/322] RJSL
[20:14:19] [178/322] ARRS
[20:14:20] [179/322] ASMS
[20:14:21] [180/322] RDTS
[20:14:22] [181/322] DVMY
[20:14:23] [182/322] RASA
[20:14:24] [183/322] INOM
[20:14:25] [184/322] SPRS
[20:14:26] [185/322] SGCS
[20:14:26] 🔄 Identity reset
[20:14:26] 🔄 Identity rotated (every 10 requests)
[20:14:27] [186/322] SALM
[20:14:28] [187/322] PKHC
[20:14:29] [188/322] RCSV
[20:14:30] [189/322] CPKC
[20:14:30] [190/322] AACD
[20:14:31] [191/322] GGCV
[20:14:32] [192/322] SMKD
[20:14:33] [193/322] NBCH
[20:14:34] [194/322] AMCB
[20:14:35] [195/322] OPCN
[20:14:35] 🔄 Identity reset
[20:14:35] 🔄 Identity rotated (every 10 requests)
[20:14:35] 🔄 Retry 1/5 for OPCN in 2.6s
[20:14:35] 🔄 Identity reset
[20:14:38] 🧠 New identity created
[20:14:39] [196/322] DCIN
[20:14:40] [197/322] INGW
[20:14:41] [198/322] PKKW
[20:14:42] [199/322] FNGW
[20:14:43] [200/322] GCGD
[20:14:44] [201/322] MSTW
[20:14:44] [202/322] KCCG
[20:14:45] [203/322] MRSS
[20:14:46] [204/322] CLCF
[20:14:46] 🔄 Identity reset
[20:14:46] 🔄 Identity rotated (every 10 requests)
[20:14:46] 🔄 Retry 1/5 for CLCF in 2.0s
[20:14:46] 🔄 Identity reset
[20:14:48] 🧠 New identity created
[20:14:49] [205/322] EETS
[20:14:50] [206/322] AATR
[20:14:51] [207/322] CMMN
[20:14:52] [208/322] SCCJ
[20:14:53] [209/322] CDTK
[20:14:54] [210/322] AICP
[20:14:55] [211/322] FNBP
[20:14:56] [212/322] CBPB
[20:14:57] [213/322] CPAS
[20:14:57] 🔄 Identity reset
[20:14:57] 🔄 Identity rotated (every 10 requests)
[20:14:58] [214/322] MAPM
[20:14:59] [215/322] PASD
[20:15:00] [216/322] JCMN
[20:15:01] [217/322] MALB
[20:15:02] [218/322] SACG
[20:15:03] [219/322] DDRX
[20:15:04] [220/322] DDXB
[20:15:04] [221/322] RAMC
[20:15:05] [222/322] SANC
[20:15:06] [223/322] BCBP
[20:15:06] 🔄 Identity reset
[20:15:06] 🔄 Identity rotated (every 10 requests)
[20:15:07] [224/322] ALPC
[20:15:08] [225/322] RBAC
[20:15:09] [226/322] RAJL
[20:15:10] [227/322] MPDX
[20:15:11] [228/322] MUSC
[20:15:12] [229/322] VKMK
[20:15:13] [230/322] SKCG
[20:15:15] [231/322] ANCN
[20:15:16] [232/322] MMCJ
[20:15:17] [233/322] DCAK
[20:15:17] 🔄 Identity reset
[20:15:17] 🔄 Identity rotated (every 10 requests)
[20:15:17] [234/322] SCKG
[20:15:18] [235/322] LMCK
[20:15:20] [236/322] CKKX
[20:15:21] [237/322] ANKU
[20:15:22] [238/322] CSMD
[20:15:22] [239/322] MKMP
[20:15:24] [240/322] SVBG
[20:15:24] [241/322] ROOP
[20:15:25] [242/322] GDMT
[20:15:26] [243/322] FPPF
[20:15:26] 🔄 Identity reset
[20:15:26] 🔄 Identity rotated (every 10 requests)
[20:15:27] [244/322] SFUU
[20:15:28] [245/322] ANCB
[20:15:29] [246/322] SMMC
[20:15:30] [247/322] UGKT
[20:15:31] [248/322] JVRM
[20:15:32] [249/322] BATG
[20:15:33] [250/322] RATE
[20:15:34] [251/322] SKME
[20:15:34] [252/322] LMTP
[20:15:35] [253/322] TCBD
[20:15:35] 🔄 Identity reset
[20:15:35] 🔄 Identity rotated (every 10 requests)
[20:15:36] [254/322] ESBD
[20:15:38] [255/322] GDCU
[20:15:39] [256/322] SNKT
[20:15:39] [257/322] SRNK
[20:15:40] [258/322] SMED
[20:15:41] [259/322] CSQS
[20:15:42] [260/322] ALCS
[20:15:43] [261/322] KCKN
[20:15:44] [262/322] VCCL
[20:15:45] [263/322] MCDA
[20:15:45] 🔄 Identity reset
[20:15:45] 🔄 Identity rotated (every 10 requests)
[20:15:45] 🔄 Retry 1/5 for MCDA in 3.0s
[20:15:45] 🔄 Identity reset
[20:15:48] 🧠 New identity created
[20:15:49] [264/322] SHMI
[20:15:50] [265/322] SKHA
[20:15:51] [266/322] SVFK
[20:15:51] [267/322] INVB
[20:15:52] [268/322] MELD
[20:15:53] [269/322] JTYS
[20:15:54] [270/322] INCM
[20:15:55] [271/322] MCDV
[20:15:56] [272/322] KSGK
[20:15:56] 🔄 Identity reset
[20:15:56] 🔄 Identity rotated (every 10 requests)
[20:15:57] [273/322] ICMG
[20:15:57] [274/322] CSCV
[20:15:58] [275/322] STMD
[20:15:59] [276/322] STTR
[20:16:00] [277/322] INVC
[20:16:01] [278/322] JTBL
[20:16:02] [279/322] SRVV
[20:16:03] [280/322] MAVC
[20:16:04] [281/322] SRPP
[20:16:05] [282/322] JGDM
[20:16:05] 🔄 Identity reset
[20:16:05] 🔄 Identity rotated (every 10 requests)
[20:16:06] [283/322] MBSJ
[20:16:07] [284/322] SSLL
[20:16:08] [285/322] SLKP
[20:16:09] [286/322] NSRV
[20:16:10] [287/322] UTDV
[20:16:11] [288/322] KICM
[20:16:12] [289/322] KCMD
[20:16:13] [290/322] TTPP
[20:16:14] [291/322] KMPV
[20:16:15] [292/322] SKTV
[20:16:15] 🔄 Identity reset
[20:16:15] 🔄 Identity rotated (every 10 requests)
[20:16:15] [293/322] STCV
[20:16:16] [294/322] SRDA
[20:16:17] [295/322] JTSX
[20:16:18] [296/322] STBV
[20:16:19] [297/322] APVZ
[20:16:20] [298/322] GSTV
[20:16:21] [299/322] NMVS
[20:16:22] [300/322] SKRT
[20:16:23] [301/322] RMDV
[20:16:23] [302/322] RATG
[20:16:23] 🔄 Identity reset
[20:16:23] 🔄 Identity rotated (every 10 requests)
[20:16:24] [303/322] SJYV
[20:16:25] [304/322] NDGP
[20:16:26] [305/322] SNDG
[20:16:27] [306/322] INSR
[20:16:29] [307/322] INSO
[20:16:29] [308/322] CCSI
[20:16:31] [309/322] RASM
[20:16:32] [310/322] NEWC
[20:16:34] [311/322] VSHL
[20:16:35] [312/322] BISW
[20:16:35] 🔄 Identity reset
[20:16:35] 🔄 Identity rotated (every 10 requests)
[20:16:36] [313/322] GCNG
[20:16:37] [314/322] CWSC
[20:16:38] [315/322] SKAN
[20:16:39] [316/322] CCOA
[20:16:40] [317/322] MCAJ
[20:16:41] [318/322] ACDE
[20:16:42] [319/322] AACM
[20:16:43] [320/322] JJCK
[20:16:44] [321/322] RCMO
[20:16:45] [322/322] GDAW
[20:16:45] 🔄 Identity reset
[20:16:45] 🔄 Identity rotated (every 10 requests)
[20:16:46] 🧹 Deduping shows
[20:16:46] ✅ DONE | Shows=2488 | Movies=49
[20:33:33] 🚀 SCRIPT STARTED
[20:33:33] [1/322] CDCA
[20:33:33] 🧠 New identity created
[20:33:34] [2/322] VBCZ
[20:33:36] [3/322] MSDR
[20:33:37] [4/322] ACPV
[20:33:38] [5/322] PVHB
[20:33:39] [6/322] RCNH
[20:33:40] [7/322] IOMH
[20:33:40] [8/322] ILKS
[20:33:42] [9/322] AMSN
[20:33:43] [10/322] ANTP
[20:33:43] 🔄 Identity reset
[20:33:43] 🔄 Identity rotated (every 10 requests)
[20:33:44] 🔄 Retry 1/5 for ANTP in 2.4s
[20:33:44] 🔄 Identity reset
[20:33:46] 🧠 New identity created
[20:33:47] [11/322] SSEK
[20:33:48] [12/322] PICP
[20:33:49] [13/322] SICO
[20:33:50] [14/322] SISP
[20:33:51] [15/322] SCPI
[20:33:52] [16/322] CRPR
[20:33:54] [17/322] DCTW
[20:33:55] [18/322] DCSP
[20:33:56] [19/322] KRPM
[20:33:56] 🔄 Identity reset
[20:33:56] 🔄 Identity rotated (every 10 requests)
[20:33:57] [20/322] THKK
[20:33:58] [21/322] SNMY
[20:34:00] [22/322] AKCC
[20:34:01] [23/322] PCAT
[20:34:02] [24/322] RFGO
[20:34:03] [25/322] GGCS
[20:34:05] [26/322] ACKR
[20:34:06] [27/322] STDO
[20:34:07] [28/322] ACKB
[20:34:08] [29/322] ALUC
[20:34:08] 🔄 Identity reset
[20:34:08] 🔄 Identity rotated (every 10 requests)
[20:34:10] [30/322] MNSR
[20:34:11] [31/322] CSSL
[20:34:12] [32/322] BGGM
[20:34:13] [33/322] MANT
[20:34:14] [34/322] SOOY
[20:34:15] [35/322] VPPK
[20:34:16] [36/322] MYHJ
[20:34:17] [37/322] KSCK
[20:34:18] [38/322] KATK
[20:34:18] [39/322] RTRT
[20:34:18] 🔄 Identity reset
[20:34:18] 🔄 Identity rotated (every 10 requests)
[20:34:20] [40/322] SSTT
[20:34:21] [41/322] SSTV
[20:34:22] [42/322] LACM
[20:34:23] [43/322] SGMG
[20:34:24] [44/322] KACX
[20:34:25] [45/322] GVCP
[20:34:26] [46/322] CSNC
[20:34:27] [47/322] SXCB
[20:34:28] [48/322] BAHS
[20:34:29] [49/322] PCBI
[20:34:29] 🔄 Identity reset
[20:34:29] 🔄 Identity rotated (every 10 requests)
[20:34:30] [50/322] PSSM
[20:34:31] [51/322] RCOK
[20:34:32] [52/322] SCPF
[20:34:33] [53/322] SSAS
[20:34:34] [54/322] EVMM
[20:34:35] [55/322] SYCB
[20:34:37] [56/322] GCKI
[20:34:38] [57/322] IAET
[20:34:39] [58/322] DDTD
[20:34:40] [59/322] GMDH
[20:34:40] 🔄 Identity reset
[20:34:40] 🔄 Identity rotated (every 10 requests)
[20:34:41] [60/322] STLE
[20:34:42] [61/322] JTRA
[20:34:44] [62/322] RPPA
[20:34:45] [63/322] ARUT
[20:34:46] [64/322] JTVM
[20:34:47] [65/322] SWRH
[20:34:48] [66/322] DCPC
[20:34:49] [67/322] RAPR
[20:34:50] [68/322] GCRT
[20:34:51] [69/322] ATUN
[20:34:51] 🔄 Identity reset
[20:34:51] 🔄 Identity rotated (every 10 requests)
[20:34:51] 🔄 Retry 1/5 for ATUN in 2.6s
[20:34:51] 🔄 Identity reset
[20:34:54] 🧠 New identity created
[20:34:55] [70/322] LTRM
[20:34:56] [71/322] TASR
[20:34:57] [72/322] RLLC
[20:34:58] [73/322] MABI
[20:34:59] [74/322] SVHB
[20:35:00] [75/322] NVTB
[20:35:01] [76/322] KCKG
[20:35:02] [77/322] SSRN
[20:35:03] [78/322] VDDC
[20:35:03] 🔄 Identity reset
[20:35:03] 🔄 Identity rotated (every 10 requests)
[20:35:04] [79/322] GKTK
[20:35:05] [80/322] YFSN
[20:35:06] [81/322] GCSG
[20:35:07] [82/322] ESSM
[20:35:08] [83/322] KRIH
[20:35:08] [84/322] GCDS
[20:35:09] [85/322] CCSH
[20:35:10] [86/322] ACSK
[20:35:11] [87/322] APRK
[20:35:12] [88/322] ADKM
[20:35:12] 🔄 Identity reset
[20:35:12] 🔄 Identity rotated (every 10 requests)
[20:35:13] [89/322] SRDM
[20:35:14] [90/322] SJMY
[20:35:15] [91/322] PGGC
[20:35:16] [92/322] INGM
[20:35:17] [93/322] LSCB
[20:35:18] [94/322] STAD
[20:35:20] [95/322] MCCR
[20:35:21] [96/322] ABCC
[20:35:22] [97/322] RKCC
[20:35:23] [98/322] RTCR
[20:35:23] 🔄 Identity reset
[20:35:23] 🔄 Identity rotated (every 10 requests)
[20:35:24] [99/322] GGBC
[20:35:25] [100/322] GCSD
[20:35:26] [101/322] LPTY
[20:35:26] [102/322] MCFD
[20:35:27] [103/322] HENN
[20:35:29] [104/322] SMKU
[20:35:30] [105/322] TNZC
[20:35:31] [106/322] DRCD
[20:35:31] [107/322] DLCD
[20:35:32] [108/322] RCDA
[20:35:32] 🔄 Identity reset
[20:35:32] 🔄 Identity rotated (every 10 requests)
[20:35:33] [109/322] COSM
[20:35:34] [110/322] MCMJ
[20:35:35] [111/322] CSTR
[20:35:36] [112/322] CVDK
[20:35:37] [113/322] INRR
[20:35:38] [114/322] RJRT
[20:35:39] [115/322] IRMR
[20:35:40] [116/322] SRCF
[20:35:41] [117/322] GRCR
[20:35:43] [118/322] SURC
[20:35:43] 🔄 Identity reset
[20:35:43] 🔄 Identity rotated (every 10 requests)
[20:35:43] 🔄 Retry 1/5 for SURC in 2.3s
[20:35:43] 🔄 Identity reset
[20:35:45] 🧠 New identity created
[20:35:47] [119/322] NMNH
[20:35:48] [120/322] SVBL
[20:35:49] [121/322] KACI
[20:35:50] [122/322] TDGO
[20:35:51] [123/322] KTBR
[20:35:52] [124/322] PMAD
[20:35:53] [125/322] CCPN
[20:35:54] [126/322] SBTK
[20:35:55] [127/322] LMDK
[20:35:55] 🔄 Identity reset
[20:35:55] 🔄 Identity rotated (every 10 requests)
[20:35:55] 🔄 Retry 1/5 for LMDK in 2.3s
[20:35:55] 🔄 Identity reset
[20:35:58] 🧠 New identity created
[20:35:59] [128/322] PGDA
[20:36:00] [129/322] SRML
[20:36:01] [130/322] EVCK
[20:36:02] [131/322] RTTK
[20:36:03] [132/322] SRTU
[20:36:04] [133/322] VRSA
[20:36:05] [134/322] VARS
[20:36:06] [135/322] DSCZ
[20:36:07] [136/322] GAGA
[20:36:07] 🔄 Identity reset
[20:36:07] 🔄 Identity rotated (every 10 requests)
[20:36:07] [137/322] SARV
[20:36:08] [138/322] SEEG
[20:36:09] [139/322] GLCA
[20:36:10] [140/322] APAS
[20:36:11] [141/322] VCIA
[20:36:13] [142/322] SJTA
[20:36:14] [143/322] SABM
[20:36:15] [144/322] PPAG
[20:36:16] [145/322] RVCA
[20:36:17] [146/322] CCIA
[20:36:17] 🔄 Identity reset
[20:36:17] 🔄 Identity rotated (every 10 requests)
[20:36:18] [147/322] HTAG
[20:36:19] [148/322] SMBI
[20:36:20] [149/322] MCJR
[20:36:21] [150/322] CCJR
[20:36:23] [151/322] SINF
[20:36:24] [152/322] CPLX
[20:36:25] [153/322] KKTJ
[20:36:26] [154/322] GDBW
[20:36:27] [155/322] CSUB
[20:36:29] [156/322] DABA
[20:36:29] 🔄 Identity reset
[20:36:29] 🔄 Identity rotated (every 10 requests)
[20:36:29] 🔄 Retry 1/5 for DABA in 2.9s
[20:36:29] 🔄 Identity reset
[20:36:32] 🧠 New identity created
[20:36:33] [157/322] TITR
[20:36:34] [158/322] NYCR
[20:36:35] [159/322] RTRY
[20:36:36] [160/322] JTJL
[20:36:37] [161/322] SJCP
[20:36:37] [162/322] KCCA
[20:36:39] [163/322] MLPG
[20:36:40] [164/322] VRCK
[20:36:41] [165/322] SRIN
[20:36:41] 🔄 Identity reset
[20:36:41] 🔄 Identity rotated (every 10 requests)
[20:36:42] [166/322] CXMK
[20:36:43] [167/322] SKAD
[20:36:44] [168/322] AVTR
[20:36:45] [169/322] PTAJ
[20:36:46] [170/322] SCNK
[20:36:47] [171/322] STTI
[20:36:48] [172/322] KACR
[20:36:49] [173/322] SSDX
[20:36:50] [174/322] VRTJ
[20:36:51] [175/322] RAJD
[20:36:51] 🔄 Identity reset
[20:36:51] 🔄 Identity rotated (every 10 requests)
[20:36:52] [176/322] SCIP
[20:36:53] [177/322] RJSL
[20:36:53] [178/322] ARRS
[20:36:55] [179/322] ASMS
[20:36:56] [180/322] RDTS
[20:36:57] [181/322] DVMY
[20:36:58] [182/322] RASA
[20:36:58] [183/322] INOM
[20:37:00] [184/322] SPRS
[20:37:01] [185/322] SGCS
[20:37:01] 🔄 Identity reset
[20:37:01] 🔄 Identity rotated (every 10 requests)
[20:37:02] [186/322] SALM
[20:37:03] [187/322] PKHC
[20:37:04] [188/322] RCSV
[20:37:05] [189/322] CPKC
[20:37:06] [190/322] AACD
[20:37:07] [191/322] GGCV
[20:37:08] [192/322] SMKD
[20:37:09] [193/322] NBCH
[20:37:10] [194/322] AMCB
[20:37:11] [195/322] OPCN
[20:37:11] 🔄 Identity reset
[20:37:11] 🔄 Identity rotated (every 10 requests)
[20:37:11] 🔄 Retry 1/5 for OPCN in 2.2s
[20:37:11] 🔄 Identity reset
[20:37:13] 🧠 New identity created
[20:37:14] [196/322] DCIN
[20:37:15] [197/322] INGW
[20:37:16] [198/322] PKKW
[20:37:17] [199/322] FNGW
[20:37:18] [200/322] GCGD
[20:37:19] [201/322] MSTW
[20:37:20] [202/322] KCCG
[20:37:21] [203/322] MRSS
[20:37:23] [204/322] CLCF
[20:37:23] 🔄 Identity reset
[20:37:23] 🔄 Identity rotated (every 10 requests)
[20:37:24] [205/322] EETS
[20:37:25] [206/322] AATR
[20:37:26] [207/322] CMMN
[20:37:27] [208/322] SCCJ
[20:37:28] [209/322] CDTK
[20:37:29] [210/322] AICP
[20:37:30] [211/322] FNBP
[20:37:31] [212/322] CBPB
[20:37:32] [213/322] CPAS
[20:37:33] [214/322] MAPM
[20:37:33] 🔄 Identity reset
[20:37:33] 🔄 Identity rotated (every 10 requests)
[20:37:34] [215/322] PASD
[20:37:35] [216/322] JCMN
[20:37:36] [217/322] MALB
[20:37:37] [218/322] SACG
[20:37:38] [219/322] DDRX
[20:37:39] [220/322] DDXB
[20:37:40] [221/322] RAMC
[20:37:41] [222/322] SANC
[20:37:42] [223/322] BCBP
[20:37:43] [224/322] ALPC
[20:37:43] 🔄 Identity reset
[20:37:43] 🔄 Identity rotated (every 10 requests)
[20:37:44] [225/322] RBAC
[20:37:45] [226/322] RAJL
[20:37:46] [227/322] MPDX
[20:37:47] [228/322] MUSC
[20:37:48] [229/322] VKMK
[20:37:49] [230/322] SKCG
[20:37:50] [231/322] ANCN
[20:37:51] [232/322] MMCJ
[20:37:52] [233/322] DCAK
[20:37:53] [234/322] SCKG
[20:37:53] 🔄 Identity reset
[20:37:53] 🔄 Identity rotated (every 10 requests)
[20:37:54] [235/322] LMCK
[20:37:55] [236/322] CKKX
[20:37:56] [237/322] ANKU
[20:37:57] [238/322] CSMD
[20:37:58] [239/322] MKMP
[20:37:59] [240/322] SVBG
[20:38:00] [241/322] ROOP
[20:38:01] [242/322] GDMT
[20:38:02] [243/322] FPPF
[20:38:03] [244/322] SFUU
[20:38:03] 🔄 Identity reset
[20:38:03] 🔄 Identity rotated (every 10 requests)
[20:38:03] 🔄 Retry 1/5 for SFUU in 2.3s
[20:38:03] 🔄 Identity reset
[20:38:06] 🧠 New identity created
[20:38:06] 🔄 Retry 2/5 for SFUU in 4.4s
[20:38:06] 🔄 Identity reset
[20:38:10] 🧠 New identity created
[20:38:11] [245/322] ANCB
[20:38:12] [246/322] SMMC
[20:38:13] [247/322] UGKT
[20:38:14] [248/322] JVRM
[20:38:15] [249/322] BATG
[20:38:16] [250/322] RATE
[20:38:17] [251/322] SKME
[20:38:19] [252/322] LMTP
[20:38:19] 🔄 Identity reset
[20:38:19] 🔄 Identity rotated (every 10 requests)
[20:38:20] [253/322] TCBD
[20:38:22] [254/322] ESBD
[20:38:23] [255/322] GDCU
[20:38:24] [256/322] SNKT
[20:38:25] [257/322] SRNK
[20:38:26] [258/322] SMED
[20:38:27] [259/322] CSQS
[20:38:28] [260/322] ALCS
[20:38:29] [261/322] KCKN
[20:38:30] [262/322] VCCL
[20:38:30] 🔄 Identity reset
[20:38:30] 🔄 Identity rotated (every 10 requests)
[20:38:31] [263/322] MCDA
[20:38:32] [264/322] SHMI
[20:38:33] [265/322] SKHA
[20:38:34] [266/322] SVFK
[20:38:35] [267/322] INVB
[20:38:36] [268/322] MELD
[20:38:37] [269/322] JTYS
[20:38:38] [270/322] INCM
[20:38:40] [271/322] MCDV
[20:38:41] [272/322] KSGK
[20:38:41] 🔄 Identity reset
[20:38:41] 🔄 Identity rotated (every 10 requests)
[20:38:42] [273/322] ICMG
[20:38:43] [274/322] CSCV
[20:38:44] [275/322] STMD
[20:38:45] [276/322] STTR
[20:38:46] [277/322] INVC
[20:38:46] [278/322] JTBL
[20:38:47] [279/322] SRVV
[20:38:48] [280/322] MAVC
[20:38:49] [281/322] SRPP
[20:38:50] [282/322] JGDM
[20:38:50] 🔄 Identity reset
[20:38:50] 🔄 Identity rotated (every 10 requests)
[20:38:51] [283/322] MBSJ
[20:38:52] [284/322] SSLL
[20:38:53] [285/322] SLKP
[20:38:54] [286/322] NSRV
[20:38:55] [287/322] UTDV
[20:38:56] [288/322] KICM
[20:38:57] [289/322] KCMD
[20:38:58] [290/322] TTPP
[20:38:59] [291/322] KMPV
[20:39:00] [292/322] SKTV
[20:39:00] 🔄 Identity reset
[20:39:00] 🔄 Identity rotated (every 10 requests)
[20:39:01] [293/322] STCV
[20:39:02] [294/322] SRDA
[20:39:03] [295/322] JTSX
[20:39:04] [296/322] STBV
[20:39:04] [297/322] APVZ
[20:39:05] [298/322] GSTV
[20:39:06] [299/322] NMVS
[20:39:08] [300/322] SKRT
[20:39:09] [301/322] RMDV
[20:39:10] [302/322] RATG
[20:39:10] 🔄 Identity reset
[20:39:10] 🔄 Identity rotated (every 10 requests)
[20:39:11] [303/322] SJYV
[20:39:12] [304/322] NDGP
[20:39:13] [305/322] SNDG
[20:39:15] [306/322] INSR
[20:39:16] [307/322] INSO
[20:39:17] [308/322] CCSI
[20:39:18] [309/322] RASM
[20:39:19] [310/322] NEWC
[20:39:20] [311/322] VSHL
[20:39:21] [312/322] BISW
[20:39:21] 🔄 Identity reset
[20:39:21] 🔄 Identity rotated (every 10 requests)
[20:39:22] [313/322] GCNG
[20:39:23] [314/322] CWSC
[20:39:24] [315/322] SKAN
[20:39:25] [316/322] CCOA
[20:39:26] [317/322] MCAJ
[20:39:27] [318/322] ACDE
[20:39:28] [319/322] AACM
[20:39:28] [320/322] JJCK
[20:39:30] [321/322] RCMO
[20:39:30] [322/322] GDAW
[20:39:30] 🔄 Identity reset
[20:39:30] 🔄 Identity rotated (every 10 requests)
[20:39:31] 🧹 Deduping shows
[20:39:31] ✅ DONE | Shows=2488 | Movies=49
[22:29:54] 🚀 SCRIPT STARTED
[22:29:54] [1/322] CDCA
[22:29:54] 🧠 New identity created
[22:29:55] [2/322] VBCZ
[22:29:56] [3/322] MSDR
[22:29:57] [4/322] ACPV
[22:29:58] [5/322] PVHB
[22:29:59] [6/322] RCNH
[22:30:00] [7/322] IOMH
[22:30:01] [8/322] ILKS
[22:30:02] [9/322] AMSN
[22:30:03] [10/322] ANTP
[22:30:03] 🔄 Identity reset
[22:30:03] 🔄 Identity rotated (every 10 requests)
[22:30:04] [11/322] SSEK
[22:30:05] [12/322] PICP
[22:30:06] [13/322] SICO
[22:30:07] [14/322] SISP
[22:30:08] [15/322] SCPI
[22:30:09] [16/322] CRPR
[22:30:10] [17/322] DCTW
[22:30:10] [18/322] DCSP
[22:30:12] [19/322] KRPM
[22:30:13] [20/322] THKK
[22:30:13] 🔄 Identity reset
[22:30:13] 🔄 Identity rotated (every 10 requests)
[22:30:13] 🔄 Retry 1/5 for THKK in 2.9s
[22:30:13] 🔄 Identity reset
[22:30:16] 🧠 New identity created
[22:30:17] [21/322] SNMY
[22:30:19] [22/322] AKCC
[22:30:20] [23/322] PCAT
[22:30:21] [24/322] RFGO
[22:30:22] [25/322] GGCS
[22:30:23] [26/322] ACKR
[22:30:24] [27/322] STDO
[22:30:25] [28/322] ACKB
[22:30:26] [29/322] ALUC
[22:30:26] 🔄 Identity reset
[22:30:26] 🔄 Identity rotated (every 10 requests)
[22:30:27] [30/322] MNSR
[22:30:28] [31/322] CSSL
[22:30:29] [32/322] BGGM
[22:30:30] [33/322] MANT
[22:30:30] [34/322] SOOY
[22:30:31] [35/322] VPPK
[22:30:32] [36/322] MYHJ
[22:30:33] [37/322] KSCK
[22:30:34] [38/322] KATK
[22:30:35] [39/322] RTRT
[22:30:35] 🔄 Identity reset
[22:30:35] 🔄 Identity rotated (every 10 requests)
[22:30:36] [40/322] SSTT
[22:30:37] [41/322] SSTV
[22:30:38] [42/322] LACM
[22:30:38] [43/322] SGMG
[22:30:39] [44/322] KACX
[22:30:40] [45/322] GVCP
[22:30:41] [46/322] CSNC
[22:30:42] [47/322] SXCB
[22:30:43] [48/322] BAHS
[22:30:44] [49/322] PCBI
[22:30:44] 🔄 Identity reset
[22:30:44] 🔄 Identity rotated (every 10 requests)
[22:30:45] [50/322] PSSM
[22:30:46] [51/322] RCOK
[22:30:47] [52/322] SCPF
[22:30:48] [53/322] SSAS
[22:30:49] [54/322] EVMM
[22:30:50] [55/322] SYCB
[22:30:51] [56/322] GCKI
[22:30:52] [57/322] IAET
[22:30:53] [58/322] DDTD
[22:30:54] [59/322] GMDH
[22:30:54] 🔄 Identity reset
[22:30:54] 🔄 Identity rotated (every 10 requests)
[22:30:54] [60/322] STLE
[22:30:56] [61/322] JTRA
[22:30:57] [62/322] RPPA
[22:30:59] [63/322] ARUT
[22:30:59] [64/322] JTVM
[22:31:00] [65/322] SWRH
[22:31:01] [66/322] DCPC
[22:31:02] [67/322] RAPR
[22:31:03] [68/322] GCRT
[22:31:04] [69/322] ATUN
[22:31:04] 🔄 Identity reset
[22:31:04] 🔄 Identity rotated (every 10 requests)
[22:31:06] [70/322] LTRM
[22:31:07] [71/322] TASR
[22:31:08] [72/322] RLLC
[22:31:09] [73/322] MABI
[22:31:09] [74/322] SVHB
[22:31:10] [75/322] NVTB
[22:31:11] [76/322] KCKG
[22:31:12] [77/322] SSRN
[22:31:13] [78/322] VDDC
[22:31:14] [79/322] GKTK
[22:31:14] 🔄 Identity reset
[22:31:14] 🔄 Identity rotated (every 10 requests)
[22:31:14] 🔄 Retry 1/5 for GKTK in 2.8s
[22:31:14] 🔄 Identity reset
[22:31:17] 🧠 New identity created
[22:31:18] [80/322] YFSN
[22:31:18] [81/322] GCSG
[22:31:19] [82/322] ESSM
[22:31:21] [83/322] KRIH
[22:31:22] [84/322] GCDS
[22:31:22] [85/322] CCSH
[22:31:23] [86/322] ACSK
[22:31:24] [87/322] APRK
[22:31:25] [88/322] ADKM
[22:31:25] 🔄 Identity reset
[22:31:25] 🔄 Identity rotated (every 10 requests)
[22:31:26] [89/322] SRDM
[22:31:27] [90/322] SJMY
[22:31:28] [91/322] PGGC
[22:31:29] [92/322] INGM
[22:31:30] [93/322] LSCB
[22:31:31] [94/322] STAD
[22:31:32] [95/322] MCCR
[22:31:33] [96/322] ABCC
[22:31:34] [97/322] RKCC
[22:31:35] [98/322] RTCR
[22:31:35] 🔄 Identity reset
[22:31:35] 🔄 Identity rotated (every 10 requests)
[22:31:36] [99/322] GGBC
[22:31:37] [100/322] GCSD
[22:31:38] [101/322] LPTY
[22:31:38] [102/322] MCFD
[22:31:39] [103/322] HENN
[22:31:40] [104/322] SMKU
[22:31:41] [105/322] TNZC
[22:31:42] [106/322] DRCD
[22:31:43] [107/322] DLCD
[22:31:44] [108/322] RCDA
[22:31:44] 🔄 Identity reset
[22:31:44] 🔄 Identity rotated (every 10 requests)
[22:31:45] [109/322] COSM
[22:31:46] [110/322] MCMJ
[22:31:47] [111/322] CSTR
[22:31:48] [112/322] CVDK
[22:31:49] [113/322] INRR
[22:31:50] [114/322] RJRT
[22:31:52] [115/322] IRMR
[22:31:52] [116/322] SRCF
[22:31:53] [117/322] GRCR
[22:31:54] [118/322] SURC
[22:31:54] 🔄 Identity reset
[22:31:54] 🔄 Identity rotated (every 10 requests)
[22:31:54] 🔄 Retry 1/5 for SURC in 2.5s
[22:31:54] 🔄 Identity reset
[22:31:57] 🧠 New identity created
[22:31:57] [119/322] NMNH
[22:31:58] [120/322] SVBL
[22:31:59] [121/322] KACI
[22:32:00] [122/322] TDGO
[22:32:02] [123/322] KTBR
[22:32:03] [124/322] PMAD
[22:32:03] [125/322] CCPN
[22:32:04] [126/322] SBTK
[22:32:06] [127/322] LMDK
[22:32:06] 🔄 Identity reset
[22:32:06] 🔄 Identity rotated (every 10 requests)
[22:32:07] [128/322] PGDA
[22:32:09] [129/322] SRML
[22:32:10] [130/322] EVCK
[22:32:11] [131/322] RTTK
[22:32:12] [132/322] SRTU
[22:32:13] [133/322] VRSA
[22:32:14] [134/322] VARS
[22:32:16] [135/322] DSCZ
[22:32:16] [136/322] GAGA
[22:32:17] [137/322] SARV
[22:32:17] 🔄 Identity reset
[22:32:17] 🔄 Identity rotated (every 10 requests)
[22:32:18] [138/322] SEEG
[22:32:19] [139/322] GLCA
[22:32:20] [140/322] APAS
[22:32:22] [141/322] VCIA
[22:32:22] [142/322] SJTA
[22:32:23] [143/322] SABM
[22:32:24] [144/322] PPAG
[22:32:25] [145/322] RVCA
[22:32:26] [146/322] CCIA
[22:32:27] [147/322] HTAG
[22:32:27] 🔄 Identity reset
[22:32:27] 🔄 Identity rotated (every 10 requests)
[22:32:28] [148/322] SMBI
[22:32:29] [149/322] MCJR
[22:32:30] [150/322] CCJR
[22:32:31] [151/322] SINF
[22:32:32] [152/322] CPLX
[22:32:33] [153/322] KKTJ
[22:32:33] [154/322] GDBW
[22:32:34] [155/322] CSUB
[22:32:35] [156/322] DABA
[22:32:36] [157/322] TITR
[22:32:36] 🔄 Identity reset
[22:32:36] 🔄 Identity rotated (every 10 requests)
[22:32:37] [158/322] NYCR
[22:32:38] [159/322] RTRY
[22:32:39] [160/322] JTJL
[22:32:40] [161/322] SJCP
[22:32:41] [162/322] KCCA
[22:32:42] [163/322] MLPG
[22:32:43] [164/322] VRCK
[22:32:44] [165/322] SRIN
[22:32:45] [166/322] CXMK
[22:32:45] [167/322] SKAD
[22:32:45] 🔄 Identity reset
[22:32:45] 🔄 Identity rotated (every 10 requests)
[22:32:47] [168/322] AVTR
[22:32:48] [169/322] PTAJ
[22:32:49] [170/322] SCNK
[22:32:50] [171/322] STTI
[22:32:51] [172/322] KACR
[22:32:52] [173/322] SSDX
[22:32:53] [174/322] VRTJ
[22:32:54] [175/322] RAJD
[22:32:55] [176/322] SCIP
[22:32:56] [177/322] RJSL
[22:32:56] 🔄 Identity reset
[22:32:56] 🔄 Identity rotated (every 10 requests)
[22:32:57] [178/322] ARRS
[22:32:58] [179/322] ASMS
[22:32:59] [180/322] RDTS
[22:33:00] [181/322] DVMY
[22:33:01] [182/322] RASA
[22:33:02] [183/322] INOM
[22:33:03] [184/322] SPRS
[22:33:04] [185/322] SGCS
[22:33:05] [186/322] SALM
[22:33:06] [187/322] PKHC
[22:33:06] 🔄 Identity reset
[22:33:06] 🔄 Identity rotated (every 10 requests)
[22:33:07] [188/322] RCSV
[22:33:08] [189/322] CPKC
[22:33:09] [190/322] AACD
[22:33:10] [191/322] GGCV
[22:33:11] [192/322] SMKD
[22:33:12] [193/322] NBCH
[22:33:13] [194/322] AMCB
[22:33:14] [195/322] OPCN
[22:33:15] [196/322] DCIN
[22:33:16] [197/322] INGW
[22:33:16] 🔄 Identity reset
[22:33:16] 🔄 Identity rotated (every 10 requests)
[22:33:17] [198/322] PKKW
[22:33:18] [199/322] FNGW
[22:33:19] [200/322] GCGD
[22:33:20] [201/322] MSTW
[22:33:20] [202/322] KCCG
[22:33:21] [203/322] MRSS
[22:33:22] [204/322] CLCF
[22:33:23] [205/322] EETS
[22:33:24] [206/322] AATR
[22:33:25] [207/322] CMMN
[22:33:25] 🔄 Identity reset
[22:33:25] 🔄 Identity rotated (every 10 requests)
[22:33:26] [208/322] SCCJ
[22:33:27] [209/322] CDTK
[22:33:28] [210/322] AICP
[22:33:29] [211/322] FNBP
[22:33:30] [212/322] CBPB
[22:33:31] [213/322] CPAS
[22:33:32] [214/322] MAPM
[22:33:33] [215/322] PASD
[22:33:34] [216/322] JCMN
[22:33:35] [217/322] MALB
[22:33:35] 🔄 Identity reset
[22:33:35] 🔄 Identity rotated (every 10 requests)
[22:33:35] 🔄 Retry 1/5 for MALB in 2.6s
[22:33:35] 🔄 Identity reset
[22:33:37] 🧠 New identity created
[22:33:37] 🔄 Retry 2/5 for MALB in 4.3s
[22:33:37] 🔄 Identity reset
[22:33:42] 🧠 New identity created
[22:33:43] [218/322] SACG
[22:33:44] [219/322] DDRX
[22:33:45] [220/322] DDXB
[22:33:46] [221/322] RAMC
[22:33:47] [222/322] SANC
[22:33:48] [223/322] BCBP
[22:33:50] [224/322] ALPC
[22:33:51] [225/322] RBAC
[22:33:51] 🔄 Identity reset
[22:33:51] 🔄 Identity rotated (every 10 requests)
[22:33:52] [226/322] RAJL
[22:33:53] [227/322] MPDX
[22:33:54] [228/322] MUSC
[22:33:55] [229/322] VKMK
[22:33:56] [230/322] SKCG
[22:33:57] [231/322] ANCN
[22:33:58] [232/322] MMCJ
[22:33:58] [233/322] DCAK
[22:33:59] [234/322] SCKG
[22:34:00] [235/322] LMCK
[22:34:00] 🔄 Identity reset
[22:34:00] 🔄 Identity rotated (every 10 requests)
[22:34:01] [236/322] CKKX
[22:34:02] [237/322] ANKU
[22:34:03] [238/322] CSMD
[22:34:05] [239/322] MKMP
[22:34:06] [240/322] SVBG
[22:34:07] [241/322] ROOP
[22:34:08] [242/322] GDMT
[22:34:09] [243/322] FPPF
[22:34:10] [244/322] SFUU
[22:34:11] [245/322] ANCB
[22:34:11] 🔄 Identity reset
[22:34:11] 🔄 Identity rotated (every 10 requests)
[22:34:11] 🔄 Retry 1/5 for ANCB in 2.2s
[22:34:11] 🔄 Identity reset
[22:34:13] 🧠 New identity created
[22:34:14] [246/322] SMMC
[22:34:15] [247/322] UGKT
[22:34:16] [248/322] JVRM
[22:34:18] [249/322] BATG
[22:34:19] [250/322] RATE
[22:34:20] [251/322] SKME
[22:34:21] [252/322] LMTP
[22:34:22] [253/322] TCBD
[22:34:23] [254/322] ESBD
[22:34:23] 🔄 Identity reset
[22:34:23] 🔄 Identity rotated (every 10 requests)
[22:34:23] [255/322] GDCU
[22:34:24] [256/322] SNKT
[22:34:25] [257/322] SRNK
[22:34:26] [258/322] SMED
[22:34:27] [259/322] CSQS
[22:34:28] [260/322] ALCS
[22:34:29] [261/322] KCKN
[22:34:30] [262/322] VCCL
[22:34:31] [263/322] MCDA
[22:34:32] [264/322] SHMI
[22:34:32] 🔄 Identity reset
[22:34:32] 🔄 Identity rotated (every 10 requests)
[22:34:32] 🔄 Retry 1/5 for SHMI in 2.2s
[22:34:32] 🔄 Identity reset
[22:34:34] 🧠 New identity created
[22:34:35] [265/322] SKHA
[22:34:36] [266/322] SVFK
[22:34:37] [267/322] INVB
[22:34:38] [268/322] MELD
[22:34:39] [269/322] JTYS
[22:34:40] [270/322] INCM
[22:34:41] [271/322] MCDV
[22:34:42] [272/322] KSGK
[22:34:42] [273/322] ICMG
[22:34:42] 🔄 Identity reset
[22:34:42] 🔄 Identity rotated (every 10 requests)
[22:34:42] 🔄 Retry 1/5 for ICMG in 2.1s
[22:34:42] 🔄 Identity reset
[22:34:45] 🧠 New identity created
[22:34:45] [274/322] CSCV
[22:34:46] [275/322] STMD
[22:34:47] [276/322] STTR
[22:34:48] [277/322] INVC
[22:34:49] [278/322] JTBL
[22:34:50] [279/322] SRVV
[22:34:51] [280/322] MAVC
[22:34:52] [281/322] SRPP
[22:34:53] [282/322] JGDM
[22:34:53] 🔄 Identity reset
[22:34:53] 🔄 Identity rotated (every 10 requests)
[22:34:53] [283/322] MBSJ
[22:34:54] [284/322] SSLL
[22:34:55] [285/322] SLKP
[22:34:56] [286/322] NSRV
[22:34:58] [287/322] UTDV
[22:34:59] [288/322] KICM
[22:35:00] [289/322] KCMD
[22:35:01] [290/322] TTPP
[22:35:02] [291/322] KMPV
[22:35:03] [292/322] SKTV
[22:35:03] 🔄 Identity reset
[22:35:03] 🔄 Identity rotated (every 10 requests)
[22:35:05] [293/322] STCV
[22:35:05] [294/322] SRDA
[22:35:06] [295/322] JTSX
[22:35:08] [296/322] STBV
[22:35:09] [297/322] APVZ
[22:35:09] [298/322] GSTV
[22:35:10] [299/322] NMVS
[22:35:11] [300/322] SKRT
[22:35:12] [301/322] RMDV
[22:35:13] [302/322] RATG
[22:35:13] 🔄 Identity reset
[22:35:13] 🔄 Identity rotated (every 10 requests)
[22:35:14] [303/322] SJYV
[22:35:15] [304/322] NDGP
[22:35:16] [305/322] SNDG
[22:35:17] [306/322] INSR
[22:35:18] [307/322] INSO
[22:35:19] [308/322] CCSI
[22:35:20] [309/322] RASM
[22:35:20] [310/322] NEWC
[22:35:21] [311/322] VSHL
[22:35:22] [312/322] BISW
[22:35:22] 🔄 Identity reset
[22:35:22] 🔄 Identity rotated (every 10 requests)
[22:35:22] 🔄 Retry 1/5 for BISW in 2.3s
[22:35:22] 🔄 Identity reset
[22:35:25] 🧠 New identity created
[22:35:26] [313/322] GCNG
[22:35:27] [314/322] CWSC
[22:35:28] [315/322] SKAN
[22:35:29] [316/322] CCOA
[22:35:30] [317/322] MCAJ
[22:35:31] [318/322] ACDE
[22:35:32] [319/322] AACM
[22:35:33] [320/322] JJCK
[22:35:34] [321/322] RCMO
[22:35:34] 🔄 Identity reset
[22:35:34] 🔄 Identity rotated (every 10 requests)
[22:35:35] [322/322] GDAW
[22:35:36] 🧹 Deduping shows
[22:35:36] ✅ DONE | Shows=2518 | Movies=49
[23:32:45] 🚀 SCRIPT STARTED
[23:32:45] [1/322] CDCA
[23:32:45] 🧠 New identity created
[23:32:46] [2/322] VBCZ
[23:32:47] [3/322] MSDR
[23:32:48] [4/322] ACPV
[23:32:49] [5/322] PVHB
[23:32:50] [6/322] RCNH
[23:32:51] [7/322] IOMH
[23:32:52] [8/322] ILKS
[23:32:53] [9/322] AMSN
[23:32:54] [10/322] ANTP
[23:32:54] 🔄 Identity reset
[23:32:54] 🔄 Identity rotated (every 10 requests)
[23:32:55] [11/322] SSEK
[23:32:56] [12/322] PICP
[23:32:57] [13/322] SICO
[23:32:57] [14/322] SISP
[23:32:58] [15/322] SCPI
[23:32:59] [16/322] CRPR
[23:33:00] [17/322] DCTW
[23:33:01] [18/322] DCSP
[23:33:02] [19/322] KRPM
[23:33:03] [20/322] THKK
[23:33:03] 🔄 Identity reset
[23:33:03] 🔄 Identity rotated (every 10 requests)
[23:33:04] [21/322] SNMY
[23:33:05] [22/322] AKCC
[23:33:07] [23/322] PCAT
[23:33:08] [24/322] RFGO
[23:33:09] [25/322] GGCS
[23:33:09] [26/322] ACKR
[23:33:10] [27/322] STDO
[23:33:11] [28/322] ACKB
[23:33:12] [29/322] ALUC
[23:33:13] [30/322] MNSR
[23:33:13] 🔄 Identity reset
[23:33:13] 🔄 Identity rotated (every 10 requests)
[23:33:13] 🔄 Retry 1/5 for MNSR in 2.3s
[23:33:13] 🔄 Identity reset
[23:33:15] 🧠 New identity created
[23:33:17] [31/322] CSSL
[23:33:17] [32/322] BGGM
[23:33:18] [33/322] MANT
[23:33:20] [34/322] SOOY
[23:33:21] [35/322] VPPK
[23:33:22] [36/322] MYHJ
[23:33:23] [37/322] KSCK
[23:33:24] [38/322] KATK
[23:33:25] [39/322] RTRT
[23:33:25] 🔄 Identity reset
[23:33:25] 🔄 Identity rotated (every 10 requests)
[23:33:27] [40/322] SSTT
[23:33:29] [41/322] SSTV
[23:33:30] [42/322] LACM
[23:33:31] [43/322] SGMG
[23:33:32] [44/322] KACX
[23:33:33] [45/322] GVCP
[23:33:34] [46/322] CSNC
[23:33:35] [47/322] SXCB
[23:33:37] [48/322] BAHS
[23:33:38] [49/322] PCBI
[23:33:38] 🔄 Identity reset
[23:33:39] 🔄 Identity rotated (every 10 requests)
[23:33:39] 🔄 Retry 1/5 for PCBI in 2.7s
[23:33:39] 🔄 Identity reset
[23:33:41] 🧠 New identity created
[23:33:41] 🔄 Retry 2/5 for PCBI in 4.6s
[23:33:41] 🔄 Identity reset
[23:33:46] 🧠 New identity created
[23:33:48] [50/322] PSSM
[23:33:49] [51/322] RCOK
[23:33:50] [52/322] SCPF
[23:33:51] [53/322] SSAS
[23:33:52] [54/322] EVMM
[23:33:53] [55/322] SYCB
[23:33:55] [56/322] GCKI
[23:33:56] [57/322] IAET
[23:33:56] 🔄 Identity reset
[23:33:56] 🔄 Identity rotated (every 10 requests)
[23:33:57] [58/322] DDTD
[23:33:58] [59/322] GMDH
[23:33:59] [60/322] STLE
[23:34:00] [61/322] JTRA
[23:34:01] [62/322] RPPA
[23:34:02] [63/322] ARUT
[23:34:03] [64/322] JTVM
[23:34:04] [65/322] SWRH
[23:34:05] [66/322] DCPC
[23:34:05] [67/322] RAPR
[23:34:05] 🔄 Identity reset
[23:34:05] 🔄 Identity rotated (every 10 requests)
[23:34:06] [68/322] GCRT
[23:34:08] [69/322] ATUN
[23:34:08] [70/322] LTRM
[23:34:09] [71/322] TASR
[23:34:10] [72/322] RLLC
[23:34:11] [73/322] MABI
[23:34:13] [74/322] SVHB
[23:34:14] [75/322] NVTB
[23:34:15] [76/322] KCKG
[23:34:16] [77/322] SSRN
[23:34:16] 🔄 Identity reset
[23:34:16] 🔄 Identity rotated (every 10 requests)
[23:34:17] [78/322] VDDC
[23:34:18] [79/322] GKTK
[23:34:19] [80/322] YFSN
[23:34:20] [81/322] GCSG
[23:34:21] [82/322] ESSM
[23:34:23] [83/322] KRIH
[23:34:24] [84/322] GCDS
[23:34:25] [85/322] CCSH
[23:34:26] [86/322] ACSK
[23:34:27] [87/322] APRK
[23:34:27] 🔄 Identity reset
[23:34:27] 🔄 Identity rotated (every 10 requests)
[23:34:28] [88/322] ADKM
[23:34:30] [89/322] SRDM
[23:34:31] [90/322] SJMY
[23:34:33] [91/322] PGGC
[23:34:34] [92/322] INGM
[23:34:35] [93/322] LSCB
[23:34:36] [94/322] STAD
[23:34:37] [95/322] MCCR
[23:34:38] [96/322] ABCC
[23:34:39] [97/322] RKCC
[23:34:39] 🔄 Identity reset
[23:34:39] 🔄 Identity rotated (every 10 requests)
[23:34:40] [98/322] RTCR
[23:34:41] [99/322] GGBC
[23:34:42] [100/322] GCSD
[23:34:43] [101/322] LPTY
[23:34:44] [102/322] MCFD
[23:34:45] [103/322] HENN
[23:34:46] [104/322] SMKU
[23:34:47] [105/322] TNZC
[23:34:48] [106/322] DRCD
[23:34:49] [107/322] DLCD
[23:34:49] 🔄 Identity reset
[23:34:49] 🔄 Identity rotated (every 10 requests)
[23:34:49] 🔄 Retry 1/5 for DLCD in 2.9s
[23:34:49] 🔄 Identity reset
[23:34:52] 🧠 New identity created
[23:34:52] 🔄 Retry 2/5 for DLCD in 4.6s
[23:34:52] 🔄 Identity reset
[23:34:57] 🧠 New identity created
[23:34:58] [108/322] RCDA
[23:34:59] [109/322] COSM
[23:35:00] [110/322] MCMJ
[23:35:01] [111/322] CSTR
[23:35:02] [112/322] CVDK
[23:35:02] [113/322] INRR
[23:35:03] [114/322] RJRT
[23:35:04] [115/322] IRMR
[23:35:04] 🔄 Identity reset
[23:35:04] 🔄 Identity rotated (every 10 requests)
[23:35:05] [116/322] SRCF
[23:35:06] [117/322] GRCR
[23:35:08] [118/322] SURC
[23:35:08] [119/322] NMNH
[23:35:09] [120/322] SVBL
[23:35:10] [121/322] KACI
[23:35:11] [122/322] TDGO
[23:35:12] [123/322] KTBR
[23:35:14] [124/322] PMAD
[23:35:15] [125/322] CCPN
[23:35:15] 🔄 Identity reset
[23:35:15] 🔄 Identity rotated (every 10 requests)
[23:35:16] [126/322] SBTK
[23:35:18] [127/322] LMDK
[23:35:19] [128/322] PGDA
[23:35:20] [129/322] SRML
[23:35:21] [130/322] EVCK
[23:35:22] [131/322] RTTK
[23:35:23] [132/322] SRTU
[23:35:24] [133/322] VRSA
[23:35:25] [134/322] VARS
[23:35:26] [135/322] DSCZ
[23:35:26] 🔄 Identity reset
[23:35:26] 🔄 Identity rotated (every 10 requests)
[23:35:26] 🔄 Retry 1/5 for DSCZ in 3.0s
[23:35:26] 🔄 Identity reset
[23:35:29] 🧠 New identity created
[23:35:30] [136/322] GAGA
[23:35:31] [137/322] SARV
[23:35:32] [138/322] SEEG
[23:35:33] [139/322] GLCA
[23:35:34] [140/322] APAS
[23:35:35] [141/322] VCIA
[23:35:36] [142/322] SJTA
[23:35:37] [143/322] SABM
[23:35:38] [144/322] PPAG
[23:35:38] 🔄 Identity reset
[23:35:38] 🔄 Identity rotated (every 10 requests)
[23:35:39] [145/322] RVCA
[23:35:40] [146/322] CCIA
[23:35:41] [147/322] HTAG
[23:35:42] [148/322] SMBI
[23:35:44] [149/322] MCJR
[23:35:45] [150/322] CCJR
[23:35:45] [151/322] SINF
[23:35:46] [152/322] CPLX
[23:35:47] [153/322] KKTJ
[23:35:48] [154/322] GDBW
[23:35:48] 🔄 Identity reset
[23:35:48] 🔄 Identity rotated (every 10 requests)
[23:35:48] 🔄 Retry 1/5 for GDBW in 3.0s
[23:35:48] 🔄 Identity reset
[23:35:51] 🧠 New identity created
[23:35:52] [155/322] CSUB
[23:35:53] [156/322] DABA
[23:35:54] [157/322] TITR
[23:35:55] [158/322] NYCR
[23:35:56] [159/322] RTRY
[23:35:58] [160/322] JTJL
[23:35:59] [161/322] SJCP
[23:36:00] [162/322] KCCA
[23:36:01] [163/322] MLPG
[23:36:01] 🔄 Identity reset
[23:36:01] 🔄 Identity rotated (every 10 requests)
[23:36:02] [164/322] VRCK
[23:36:02] [165/322] SRIN
[23:36:03] [166/322] CXMK
[23:36:04] [167/322] SKAD
[23:36:06] [168/322] AVTR
[23:36:07] [169/322] PTAJ
[23:36:08] [170/322] SCNK
[23:36:09] [171/322] STTI
[23:36:10] [172/322] KACR
[23:36:11] [173/322] SSDX
[23:36:11] 🔄 Identity reset
[23:36:11] 🔄 Identity rotated (every 10 requests)
[23:36:12] [174/322] VRTJ
[23:36:12] [175/322] RAJD
[23:36:13] [176/322] SCIP
[23:36:14] [177/322] RJSL
[23:36:15] [178/322] ARRS
[23:36:16] [179/322] ASMS
[23:36:17] [180/322] RDTS
[23:36:18] [181/322] DVMY
[23:36:19] [182/322] RASA
[23:36:20] [183/322] INOM
[23:36:20] 🔄 Identity reset
[23:36:20] 🔄 Identity rotated (every 10 requests)
[23:36:21] [184/322] SPRS
[23:36:22] [185/322] SGCS
[23:36:23] [186/322] SALM
[23:36:25] [187/322] PKHC
[23:36:26] [188/322] RCSV
[23:36:27] [189/322] CPKC
[23:36:27] [190/322] AACD
[23:36:28] [191/322] GGCV
[23:36:30] [192/322] SMKD
[23:36:31] [193/322] NBCH
[23:36:31] 🔄 Identity reset
[23:36:31] 🔄 Identity rotated (every 10 requests)
[23:36:32] [194/322] AMCB
[23:36:33] [195/322] OPCN
[23:36:34] [196/322] DCIN
[23:36:35] [197/322] INGW
[23:36:36] [198/322] PKKW
[23:36:38] [199/322] FNGW
[23:36:39] [200/322] GCGD
[23:36:40] [201/322] MSTW
[23:36:41] [202/322] KCCG
[23:36:42] [203/322] MRSS
[23:36:42] 🔄 Identity reset
[23:36:42] 🔄 Identity rotated (every 10 requests)
[23:36:43] [204/322] CLCF
[23:36:45] [205/322] EETS
[23:36:46] [206/322] AATR
[23:36:47] [207/322] CMMN
[23:36:48] [208/322] SCCJ
[23:36:49] [209/322] CDTK
[23:36:50] [210/322] AICP
[23:36:51] [211/322] FNBP
[23:36:52] [212/322] CBPB
[23:36:53] [213/322] CPAS
[23:36:53] 🔄 Identity reset
[23:36:53] 🔄 Identity rotated (every 10 requests)
[23:36:54] [214/322] MAPM
[23:36:55] [215/322] PASD
[23:36:56] [216/322] JCMN
[23:36:57] [217/322] MALB
[23:36:58] [218/322] SACG
[23:36:58] [219/322] DDRX
[23:36:59] [220/322] DDXB
[23:37:00] [221/322] RAMC
[23:37:01] [222/322] SANC
[23:37:02] [223/322] BCBP
[23:37:02] 🔄 Identity reset
[23:37:02] 🔄 Identity rotated (every 10 requests)
[23:37:03] [224/322] ALPC
[23:37:05] [225/322] RBAC
[23:37:06] [226/322] RAJL
[23:37:06] [227/322] MPDX
[23:37:07] [228/322] MUSC
[23:37:08] [229/322] VKMK
[23:37:10] [230/322] SKCG
[23:37:11] [231/322] ANCN
[23:37:12] [232/322] MMCJ
[23:37:13] [233/322] DCAK
[23:37:13] 🔄 Identity reset
[23:37:13] 🔄 Identity rotated (every 10 requests)
[23:37:14] [234/322] SCKG
[23:37:15] [235/322] LMCK
[23:37:16] [236/322] CKKX
[23:37:17] [237/322] ANKU
[23:37:18] [238/322] CSMD
[23:37:19] [239/322] MKMP
[23:37:20] [240/322] SVBG
[23:37:21] [241/322] ROOP
[23:37:23] [242/322] GDMT
[23:37:23] [243/322] FPPF
[23:37:23] 🔄 Identity reset
[23:37:24] 🔄 Identity rotated (every 10 requests)
[23:37:25] [244/322] SFUU
[23:37:26] [245/322] ANCB
[23:37:27] [246/322] SMMC
[23:37:28] [247/322] UGKT
[23:37:29] [248/322] JVRM
[23:37:30] [249/322] BATG
[23:37:31] [250/322] RATE
[23:37:32] [251/322] SKME
[23:37:33] [252/322] LMTP
[23:37:34] [253/322] TCBD
[23:37:34] 🔄 Identity reset
[23:37:34] 🔄 Identity rotated (every 10 requests)
[23:37:36] [254/322] ESBD
[23:37:37] [255/322] GDCU
[23:37:37] [256/322] SNKT
[23:37:39] [257/322] SRNK
[23:37:39] [258/322] SMED
[23:37:41] [259/322] CSQS
[23:37:42] [260/322] ALCS
[23:37:43] [261/322] KCKN
[23:37:44] [262/322] VCCL
[23:37:44] [263/322] MCDA
[23:37:44] 🔄 Identity reset
[23:37:44] 🔄 Identity rotated (every 10 requests)
[23:37:46] [264/322] SHMI
[23:37:47] [265/322] SKHA
[23:37:48] [266/322] SVFK
[23:37:49] [267/322] INVB
[23:37:49] [268/322] MELD
[23:37:50] [269/322] JTYS
[23:37:51] [270/322] INCM
[23:37:52] [271/322] MCDV
[23:37:53] [272/322] KSGK
[23:37:54] [273/322] ICMG
[23:37:54] 🔄 Identity reset
[23:37:54] 🔄 Identity rotated (every 10 requests)
[23:37:55] [274/322] CSCV
[23:37:56] [275/322] STMD
[23:37:57] [276/322] STTR
[23:37:58] [277/322] INVC
[23:38:00] [278/322] JTBL
[23:38:01] [279/322] SRVV
[23:38:02] [280/322] MAVC
[23:38:03] [281/322] SRPP
[23:38:04] [282/322] JGDM
[23:38:05] [283/322] MBSJ
[23:38:05] 🔄 Identity reset
[23:38:05] 🔄 Identity rotated (every 10 requests)
[23:38:06] [284/322] SSLL
[23:38:06] [285/322] SLKP
[23:38:07] [286/322] NSRV
[23:38:08] [287/322] UTDV
[23:38:09] [288/322] KICM
[23:38:10] [289/322] KCMD
[23:38:11] [290/322] TTPP
[23:38:12] [291/322] KMPV
[23:38:13] [292/322] SKTV
[23:38:14] [293/322] STCV
[23:38:14] 🔄 Identity reset
[23:38:14] 🔄 Identity rotated (every 10 requests)
[23:38:14] 🔄 Retry 1/5 for STCV in 2.5s
[23:38:14] 🔄 Identity reset
[23:38:16] 🧠 New identity created
[23:38:17] [294/322] SRDA
[23:38:18] [295/322] JTSX
[23:38:19] [296/322] STBV
[23:38:20] [297/322] APVZ
[23:38:21] [298/322] GSTV
[23:38:22] [299/322] NMVS
[23:38:23] [300/322] SKRT
[23:38:23] [301/322] RMDV
[23:38:24] [302/322] RATG
[23:38:24] 🔄 Identity reset
[23:38:24] 🔄 Identity rotated (every 10 requests)
[23:38:25] 🔄 Retry 1/5 for RATG in 2.7s
[23:38:25] 🔄 Identity reset
[23:38:27] 🧠 New identity created
[23:38:29] [303/322] SJYV
[23:38:30] [304/322] NDGP
[23:38:31] [305/322] SNDG
[23:38:32] [306/322] INSR
[23:38:33] [307/322] INSO
[23:38:35] [308/322] CCSI
[23:38:36] [309/322] RASM
[23:38:37] [310/322] NEWC
[23:38:38] [311/322] VSHL
[23:38:38] 🔄 Identity reset
[23:38:38] 🔄 Identity rotated (every 10 requests)
[23:38:39] [312/322] BISW
[23:38:39] [313/322] GCNG
[23:38:40] [314/322] CWSC
[23:38:41] [315/322] SKAN
[23:38:42] [316/322] CCOA
[23:38:43] [317/322] MCAJ
[23:38:44] [318/322] ACDE
[23:38:45] [319/322] AACM
[23:38:46] [320/322] JJCK
[23:38:47] [321/322] RCMO
[23:38:47] 🔄 Identity reset
[23:38:47] 🔄 Identity rotated (every 10 requests)
[23:38:47] 🔄 Retry 1/5 for RCMO in 2.8s
[23:38:47] 🔄 Identity reset
[23:38:50] 🧠 New identity created
[23:38:51] [322/322] GDAW
[23:38:53] 🧹 Deduping shows
[23:38:53] ✅ DONE | Shows=2526 | Movies=49
