[10:08:52] 🚀 SCRIPT STARTED (enhanced anti‑detection)
[10:08:52] [1/458] MBDC
[10:08:53] 🧠 New identity created
[10:08:53] 🔄 Retry 1/5 for MBDC in 2.9s
[10:08:53] 🔄 Identity reset
[10:08:56] 🧠 New identity created
[10:08:56] 🔄 Retry 2/5 for MBDC in 4.1s
[10:08:56] 🔄 Identity reset
[10:09:00] 🧠 New identity created
[10:09:00] 🔄 Retry 3/5 for MBDC in 8.9s
[10:09:00] 🔄 Identity reset
[10:09:09] 🧠 New identity created
[10:09:09] [2/458] CHKM
[10:09:11] [3/458] JTKZ
[10:09:12] [4/458] CMCT
[10:09:12] [5/458] ASHO
[10:09:14] [6/458] ECDG
[10:09:15] [7/458] SPAT
[10:09:15] 🔄 Identity reset
[10:09:15] 🔄 Identity rotated (every 10 requests)
[10:09:15] 🔄 Retry 1/5 for SPAT in 2.4s
[10:09:15] 🔄 Identity reset
[10:09:18] 🧠 New identity created
[10:09:18] [8/458] HILC
[10:09:19] [9/458] SPPH
[10:09:21] [10/458] SBHN
[10:09:22] [11/458] RRCA
[10:09:23] [12/458] APAA
[10:09:24] [13/458] RAME
[10:09:25] [14/458] TMMS
[10:09:26] [15/458] BATK
[10:09:27] [16/458] LKOP
[10:09:27] 🔄 Identity reset
[10:09:27] 🔄 Identity rotated (every 10 requests)
[10:09:28] [17/458] AMTT
[10:09:29] [18/458] PTGK
[10:09:30] [19/458] ANRS
[10:09:30] [20/458] VWBW
[10:09:31] [21/458] SVFG
[10:09:32] [22/458] STAT
[10:09:33] [23/458] GDCV
[10:09:34] [24/458] VEBI
[10:09:35] [25/458] VDSS
[10:09:36] [26/458] NTHV
[10:09:36] 🔄 Identity reset
[10:09:36] 🔄 Identity rotated (every 10 requests)
[10:09:36] 🔄 Retry 1/5 for NTHV in 3.0s
[10:09:36] 🔄 Identity reset
[10:09:39] 🧠 New identity created
[10:09:40] [27/458] AOCH
[10:09:41] [28/458] KASR
[10:09:41] [29/458] AYCS
[10:09:42] [30/458] SHAI
[10:09:43] [31/458] SKPE
[10:09:44] [32/458] SBTA
[10:09:45] [33/458] RTTD
[10:09:46] [34/458] CCJD
[10:09:47] [35/458] RSJJ
[10:09:47] 🔄 Identity reset
[10:09:47] 🔄 Identity rotated (every 10 requests)
[10:09:48] [36/458] RKND
[10:09:49] [37/458] SVTX
[10:09:50] [38/458] BAKM
[10:09:50] [39/458] SVDC
[10:09:51] [40/458] MNCV
[10:09:53] [41/458] SJGC
[10:09:54] [42/458] MTPK
[10:09:55] [43/458] GATP
[10:09:56] [44/458] ABTS
[10:09:57] [45/458] ABDE
[10:09:57] 🔄 Identity reset
[10:09:57] 🔄 Identity rotated (every 10 requests)
[10:09:57] [46/458] RCNM
[10:09:58] [47/458] KTHV
[10:09:59] [48/458] MDGJ
[10:10:00] [49/458] SMLM
[10:10:01] [50/458] JTMA
[10:10:02] [51/458] ACKP
[10:10:03] [52/458] SRTA
[10:10:04] [53/458] STAY
[10:10:05] [54/458] MAVO
[10:10:06] [55/458] APTS
[10:10:07] 🔄 Identity reset
[10:10:07] 🔄 Identity rotated (every 10 requests)
[10:10:07] 🔄 Retry 1/5 for APTS in 2.8s
[10:10:07] 🔄 Identity reset
[10:10:10] 🧠 New identity created
[10:10:10] 🔄 Retry 2/5 for APTS in 4.9s
[10:10:10] 🔄 Identity reset
[10:10:15] 🧠 New identity created
[10:10:15] [56/458] OMEA
[10:10:16] [57/458] TTFD
[10:10:17] [58/458] MJCU
[10:10:18] [59/458] CXTE
[10:10:19] [60/458] CTPX
[10:10:19] [61/458] ASSL
[10:10:20] [62/458] CMVB
[10:10:21] [63/458] VPUR
[10:10:22] 🔄 Identity reset
[10:10:22] 🔄 Identity rotated (every 10 requests)
[10:10:22] [64/458] JJDA
[10:10:23] [65/458] INBL
[10:10:24] [66/458] BIKB
[10:10:25] [67/458] NTBB
[10:10:26] [68/458] GLOB
[10:10:27] [69/458] SNTB
[10:10:27] [70/458] CHGV
[10:10:28] [71/458] SSBZ
[10:10:29] [72/458] PRDB
[10:10:30] [73/458] ISMT
[10:10:31] 🔄 Identity reset
[10:10:31] 🔄 Identity rotated (every 10 requests)
[10:10:31] 🔄 Retry 1/5 for ISMT in 2.6s
[10:10:31] 🔄 Identity reset
[10:10:33] 🧠 New identity created
[10:10:34] [74/458] MCSD
[10:10:35] [75/458] JBTT
[10:10:36] [76/458] GEKR
[10:10:37] [77/458] PVUN
[10:10:38] [78/458] NRTB
[10:10:38] [79/458] PRAA
[10:10:39] [80/458] PCBL
[10:10:41] [81/458] PTCM
[10:10:42] [82/458] KHNN
[10:10:42] 🔄 Identity reset
[10:10:42] 🔄 Identity rotated (every 10 requests)
[10:10:43] [83/458] OMJE
[10:10:44] [84/458] STGN
[10:10:44] [85/458] RPMS
[10:10:45] [86/458] NWAD
[10:10:46] [87/458] BLCK
[10:10:47] [88/458] SVAA
[10:10:48] [89/458] URVM
[10:10:49] [90/458] ANTM
[10:10:50] [91/458] VJYM
[10:10:51] [92/458] MAZZ
[10:10:51] 🔄 Identity reset
[10:10:51] 🔄 Identity rotated (every 10 requests)
[10:10:52] [93/458] CSHM
[10:10:52] [94/458] WGMH
[10:10:53] [95/458] SALN
[10:10:54] [96/458] BRTP
[10:10:56] [97/458] SVTA
[10:10:57] [98/458] SBTP
[10:10:58] [99/458] VLSS
[10:10:58] [100/458] SRJA
[10:10:59] [101/458] ANCG
[10:11:00] [102/458] CGGC
[10:11:01] 🔄 Identity reset
[10:11:01] 🔄 Identity rotated (every 10 requests)
[10:11:01] [103/458] CRJA
[10:11:02] [104/458] USCR
[10:11:03] [105/458] MMEF
[10:11:03] [106/458] JCRJ
[10:11:04] [107/458] ADCM
[10:11:05] [108/458] BMYK
[10:11:06] [109/458] KICS
[10:11:07] [110/458] MBBT
[10:11:08] [111/458] MACK
[10:11:09] [112/458] CLDR
[10:11:09] 🔄 Identity reset
[10:11:09] 🔄 Identity rotated (every 10 requests)
[10:11:10] [113/458] JYCR
[10:11:11] [114/458] DCRP
[10:11:13] [115/458] RAHT
[10:11:13] [116/458] CSSM
[10:11:14] [117/458] ATPK
[10:11:15] [118/458] KLRT
[10:11:16] [119/458] SRDD
[10:11:17] [120/458] CKMC
[10:11:18] [121/458] KRVM
[10:11:18] [122/458] AKCP
[10:11:19] 🔄 Identity reset
[10:11:19] 🔄 Identity rotated (every 10 requests)
[10:11:19] 🔄 Retry 1/5 for AKCP in 2.1s
[10:11:19] 🔄 Identity reset
[10:11:21] 🧠 New identity created
[10:11:21] [123/458] CNCV
[10:11:22] [124/458] PACT
[10:11:23] [125/458] NATP
[10:11:24] [126/458] PCPK
[10:11:25] [127/458] SMHO
[10:11:26] [128/458] CWTK
[10:11:27] [129/458] RVKZ
[10:11:28] [130/458] ASPD
[10:11:28] [131/458] VTKZ
[10:11:29] 🔄 Identity reset
[10:11:29] 🔄 Identity rotated (every 10 requests)
[10:11:29] 🔄 Retry 1/5 for VTKZ in 2.4s
[10:11:29] 🔄 Identity reset
[10:11:31] 🧠 New identity created
[10:11:32] [132/458] LCSO
[10:11:33] [133/458] PRDY
[10:11:34] [134/458] RCAP
[10:11:34] [135/458] RGAR
[10:11:35] [136/458] RCAC
[10:11:36] [137/458] PMOD
[10:11:37] [138/458] PVCN
[10:11:38] [139/458] SCRZ
[10:11:39] [140/458] PVPC
[10:11:39] 🔄 Identity reset
[10:11:39] 🔄 Identity rotated (every 10 requests)
[10:11:39] 🔄 Retry 1/5 for PVPC in 2.7s
[10:11:39] 🔄 Identity reset
[10:11:42] 🧠 New identity created
[10:11:42] 🔄 Retry 2/5 for PVPC in 4.4s
[10:11:42] 🔄 Identity reset
[10:11:47] 🧠 New identity created
[10:11:47] [141/458] STID
[10:11:48] [142/458] NEDD
[10:11:49] [143/458] BNBA
[10:11:50] [144/458] NTCD
[10:11:52] [145/458] OCDE
[10:11:52] [146/458] CCDU
[10:11:53] [147/458] CRXH
[10:11:54] [148/458] VLVT
[10:11:55] 🔄 Identity reset
[10:11:55] 🔄 Identity rotated (every 10 requests)
[10:11:55] 🔄 Retry 1/5 for VLVT in 2.5s
[10:11:55] 🔄 Identity reset
[10:11:58] 🧠 New identity created
[10:11:58] 🔄 Retry 2/5 for VLVT in 4.4s
[10:11:58] 🔄 Identity reset
[10:12:02] 🧠 New identity created
[10:12:02] 🔄 Retry 3/5 for VLVT in 8.6s
[10:12:02] 🔄 Identity reset
[10:12:11] 🧠 New identity created
[10:12:11] 🔄 Retry 4/5 for VLVT in 16.7s
[10:12:11] 🔄 Identity reset
[10:12:27] 🧠 New identity created
[10:12:28] ❌ VLVT failed after 5 attempts
[10:12:28] 🔄 Identity reset
[10:12:28] ❌ VLVT final failure | RuntimeError | HTTP 403
[10:12:28] [149/458] CICI
[10:12:28] 🧠 New identity created
[10:12:28] 🔄 Retry 1/5 for CICI in 2.9s
[10:12:28] 🔄 Identity reset
[10:12:31] 🧠 New identity created
[10:12:32] [150/458] SUCB
[10:12:33] [151/458] TCBP
[10:12:34] [152/458] SCCY
[10:12:34] [153/458] LXCY
[10:12:35] 🔄 Identity reset
[10:12:35] 🔄 Identity rotated (every 10 requests)
[10:12:35] 🔄 Retry 1/5 for LXCY in 2.6s
[10:12:35] 🔄 Identity reset
[10:12:38] 🧠 New identity created
[10:12:38] [154/458] NCMD
[10:12:39] [155/458] PHCS
[10:12:40] [156/458] DUXR
[10:12:41] [157/458] VNKS
[10:12:42] [158/458] SEDP
[10:12:42] [159/458] SVEN
[10:12:43] [160/458] SRKM
[10:12:44] [161/458] JTLT
[10:12:45] [162/458] SVSS
[10:12:46] 🔄 Identity reset
[10:12:46] 🔄 Identity rotated (every 10 requests)
[10:12:46] 🔄 Retry 1/5 for SVSS in 2.7s
[10:12:46] 🔄 Identity reset
[10:12:48] 🧠 New identity created
[10:12:49] [163/458] AMDE
[10:12:49] [164/458] WVRN
[10:12:50] [165/458] ISMG
[10:12:51] [166/458] WVKS
[10:12:52] [167/458] USCG
[10:12:53] [168/458] IOTG
[10:12:54] [169/458] RRJM
[10:12:55] [170/458] EDMP
[10:12:56] [171/458] SCGZ
[10:12:57] 🔄 Identity reset
[10:12:57] 🔄 Identity rotated (every 10 requests)
[10:12:57] 🔄 Retry 1/5 for SCGZ in 2.9s
[10:12:57] 🔄 Identity reset
[10:13:00] 🧠 New identity created
[10:13:01] [172/458] GMGX
[10:13:01] [173/458] OMTP
[10:13:02] [174/458] MITD
[10:13:03] [175/458] SMMD
[10:13:04] [176/458] STML
[10:13:05] [177/458] MCFS
[10:13:06] [178/458] FPKA
[10:13:06] [179/458] OMLR
[10:13:07] [180/458] KKSC
[10:13:08] 🔄 Identity reset
[10:13:08] 🔄 Identity rotated (every 10 requests)
[10:13:08] [181/458] RVMA
[10:13:09] [182/458] SCLL
[10:13:10] [183/458] SCDK
[10:13:11] [184/458] SXMI
[10:13:12] [185/458] SHDN
[10:13:12] [186/458] PAAD
[10:13:13] [187/458] UUCB
[10:13:14] [188/458] JHOL
[10:13:15] [189/458] SGWT
[10:13:16] [190/458] SRII
[10:13:17] 🔄 Identity reset
[10:13:17] 🔄 Identity rotated (every 10 requests)
[10:13:17] [191/458] SGCK
[10:13:18] [192/458] SVVB
[10:13:19] [193/458] DMHA
[10:13:20] [194/458] PPNL
[10:13:21] [195/458] CPNL
[10:13:22] [196/458] WVLD
[10:13:23] [197/458] PSLV
[10:13:24] [198/458] VTTL
[10:13:25] [199/458] NPAD
[10:13:25] [200/458] PVCS
[10:13:26] 🔄 Identity reset
[10:13:26] 🔄 Identity rotated (every 10 requests)
[10:13:26] 🔄 Retry 1/5 for PVCS in 2.1s
[10:13:26] 🔄 Identity reset
[10:13:28] 🧠 New identity created
[10:13:29] [201/458] MCHL
[10:13:30] [202/458] PPLL
[10:13:31] [203/458] MALO
[10:13:31] [204/458] SWBH
[10:13:32] [205/458] PUGB
[10:13:33] [206/458] INBB
[10:13:34] [207/458] INNS
[10:13:35] [208/458] MCPT
[10:13:36] [209/458] SCMI
[10:13:36] 🔄 Identity reset
[10:13:36] 🔄 Identity rotated (every 10 requests)
[10:13:37] [210/458] OCON
[10:13:38] [211/458] SCSM
[10:13:39] [212/458] RJVN
[10:13:40] [213/458] AMDK
[10:13:41] [214/458] ISMR
[10:13:41] [215/458] SMTD
[10:13:42] [216/458] VTDD
[10:13:43] [217/458] PDDZ
[10:13:44] [218/458] PCCK
[10:13:45] [219/458] INAM
[10:13:46] 🔄 Identity reset
[10:13:46] 🔄 Identity rotated (every 10 requests)
[10:13:46] [220/458] FNKT
[10:13:47] [221/458] GDKA
[10:13:48] [222/458] MAYU
[10:13:49] [223/458] TCGU
[10:13:50] [224/458] KDCA
[10:13:51] [225/458] DOMY
[10:13:52] [226/458] PDDD
[10:13:53] [227/458] BJTS
[10:13:53] [228/458] VTCA
[10:13:54] [229/458] SBTM
[10:13:55] 🔄 Identity reset
[10:13:55] 🔄 Identity rotated (every 10 requests)
[10:13:55] [230/458] SEET
[10:13:56] [231/458] SSTJ
[10:13:57] [232/458] SVNT
[10:13:58] [233/458] PPPR
[10:13:59] [234/458] PVYS
[10:14:00] [235/458] IOSE
[10:14:01] [236/458] ACTV
[10:14:01] [237/458] APVE
[10:14:02] [238/458] TCCL
[10:14:03] [239/458] SCMO
[10:14:04] 🔄 Identity reset
[10:14:04] 🔄 Identity rotated (every 10 requests)
[10:14:04] 🔄 Retry 1/5 for SCMO in 2.6s
[10:14:04] 🔄 Identity reset
[10:14:06] 🧠 New identity created
[10:14:07] [240/458] SAUM
[10:14:08] [241/458] KCJS
[10:14:09] [242/458] NJCJ
[10:14:09] [243/458] NECF
[10:14:10] [244/458] CCGW
[10:14:11] [245/458] CCMG
[10:14:12] [246/458] NYRG
[10:14:13] [247/458] NCSQ
[10:14:14] [248/458] GRCG
[10:14:15] 🔄 Identity reset
[10:14:15] 🔄 Identity rotated (every 10 requests)
[10:14:15] 🔄 Retry 1/5 for GRCG in 2.3s
[10:14:15] 🔄 Identity reset
[10:14:17] 🧠 New identity created
[10:14:18] [249/458] CCBT
[10:14:19] [250/458] ACGA
[10:14:20] [251/458] INAG
[10:14:21] [252/458] FUCG
[10:14:22] [253/458] AICF
[10:14:23] [254/458] GRGA
[10:14:24] [255/458] GDCN
[10:14:24] [256/458] RRCG
[10:14:25] [257/458] SDCH
[10:14:26] 🔄 Identity reset
[10:14:26] 🔄 Identity rotated (every 10 requests)
[10:14:26] [258/458] WVJM
[10:14:27] [259/458] JCCZ
[10:14:28] [260/458] CNCL
[10:14:29] [261/458] TMLV
[10:14:30] [262/458] MEMB
[10:14:31] [263/458] SGTD
[10:14:32] [264/458] CONX
[10:14:33] [265/458] CCMH
[10:14:34] [266/458] ACMC
[10:14:35] [267/458] DTPD
[10:14:35] 🔄 Identity reset
[10:14:35] 🔄 Identity rotated (every 10 requests)
[10:14:36] [268/458] POJA
[10:14:37] [269/458] FNBH
[10:14:37] [270/458] CGCB
[10:14:38] [271/458] RACN
[10:14:39] [272/458] JTSM
[10:14:40] [273/458] SCDN
[10:14:41] [274/458] AACK
[10:14:42] [275/458] RMCE
[10:14:43] [276/458] BSGB
[10:14:44] [277/458] MRCB
[10:14:45] 🔄 Identity reset
[10:14:45] 🔄 Identity rotated (every 10 requests)
[10:14:45] 🔄 Retry 1/5 for MRCB in 2.8s
[10:14:45] 🔄 Identity reset
[10:14:48] 🧠 New identity created
[10:14:48] 🔄 Retry 2/5 for MRCB in 4.0s
[10:14:48] 🔄 Identity reset
[10:14:52] 🧠 New identity created
[10:14:52] [278/458] SRVR
[10:14:53] [279/458] VTKK
[10:14:54] [280/458] AMST
[10:14:55] [281/458] APCY
[10:14:56] [282/458] LMHO
[10:14:57] [283/458] MTZH
[10:14:58] [284/458] AMZB
[10:14:59] [285/458] SUVT
[10:14:59] 🔄 Identity reset
[10:14:59] 🔄 Identity rotated (every 10 requests)
[10:14:59] [286/458] RCIP
[10:15:00] [287/458] KESR
[10:15:01] [288/458] SNKC
[10:15:03] [289/458] SCED
[10:15:04] [290/458] DVCA
[10:15:05] [291/458] VCDT
[10:15:06] [292/458] RRDI
[10:15:07] [293/458] DFCH
[10:15:08] [294/458] INSC
[10:15:09] [295/458] RGTR
[10:15:09] 🔄 Identity reset
[10:15:09] 🔄 Identity rotated (every 10 requests)
[10:15:10] [296/458] FMOT
[10:15:11] [297/458] SCPM
[10:15:12] [298/458] GCDT
[10:15:13] [299/458] BRKT
[10:15:14] [300/458] DEMP
[10:15:14] [301/458] SRLC
[10:15:16] [302/458] KSTT
[10:15:17] [303/458] SMMT
[10:15:18] [304/458] SILM
[10:15:19] [305/458] JCVM
[10:15:20] 🔄 Identity reset
[10:15:20] 🔄 Identity rotated (every 10 requests)
[10:15:20] [306/458] KCSV
[10:15:21] [307/458] MHLK
[10:15:22] [308/458] SLVL
[10:15:24] [309/458] RJKP
[10:15:25] [310/458] BBPC
[10:15:25] [311/458] MXCB
[10:15:26] [312/458] TCPK
[10:15:27] [313/458] RTBR
[10:15:28] [314/458] GAUT
[10:15:29] [315/458] DVCF
[10:15:29] 🔄 Identity reset
[10:15:29] 🔄 Identity rotated (every 10 requests)
[10:15:30] [316/458] JTSB
[10:15:30] [317/458] SBLS
[10:15:31] [318/458] UDAY
[10:15:32] [319/458] PTNP
[10:15:33] [320/458] DMKT
[10:15:34] [321/458] NTDT
[10:15:35] [322/458] SHDJ
[10:15:36] [323/458] OTNC
[10:15:36] [324/458] RNTW
[10:15:37] [325/458] GCMI
[10:15:38] 🔄 Identity reset
[10:15:38] 🔄 Identity rotated (every 10 requests)
[10:15:38] 🔄 Retry 1/5 for GCMI in 2.9s
[10:15:38] 🔄 Identity reset
[10:15:41] 🧠 New identity created
[10:15:41] [326/458] CRCM
[10:15:43] [327/458] NNCZ
[10:15:44] [328/458] OEMO
[10:15:45] [329/458] PVJM
[10:15:46] [330/458] CPJI
[10:15:47] [331/458] RMCJ
[10:15:48] [332/458] CNWJ
[10:15:49] [333/458] EPJM
[10:15:50] [334/458] FNJJ
[10:15:50] 🔄 Identity reset
[10:15:50] 🔄 Identity rotated (every 10 requests)
[10:15:51] 🔄 Retry 1/5 for FNJJ in 2.6s
[10:15:51] 🔄 Identity reset
[10:15:53] 🧠 New identity created
[10:15:53] [335/458] GCMJ
[10:15:54] [336/458] INPS
[10:15:55] [337/458] BICJ
[10:15:56] [338/458] ISTJ
[10:15:57] [339/458] INJC
[10:15:57] [340/458] GLXJ
[10:15:58] [341/458] INEM
[10:15:59] [342/458] JTMN
[10:16:00] [343/458] FRCJ
[10:16:00] 🔄 Identity reset
[10:16:00] 🔄 Identity rotated (every 10 requests)
[10:16:01] [344/458] DDJP
[10:16:02] [345/458] INJV
[10:16:02] [346/458] GOLC
[10:16:03] [347/458] KOCI
[10:16:04] [348/458] FSTD
[10:16:05] [349/458] PACJ
[10:16:06] [350/458] GMCN
[10:16:07] [351/458] MMDJ
[10:16:08] [352/458] GODH
[10:16:08] [353/458] SKYN
[10:16:09] 🔄 Identity reset
[10:16:09] 🔄 Identity rotated (every 10 requests)
[10:16:09] [354/458] NCTH
[10:16:11] [355/458] SKVZ
[10:16:13] [356/458] SVML
[10:16:14] [357/458] ACVZ
[10:16:15] [358/458] SURA
[10:16:15] [359/458] RTRB
[10:16:16] [360/458] LLCT
[10:16:18] [361/458] ATTS
[10:16:19] [362/458] JYCM
[10:16:20] [363/458] CTKR
[10:16:20] 🔄 Identity reset
[10:16:20] 🔄 Identity rotated (every 10 requests)
[10:16:20] [364/458] LCKR
[10:16:21] [365/458] NYCV
[10:16:22] [366/458] NYOH
[10:16:23] [367/458] NOVX
[10:16:24] [368/458] MRGK
[10:16:25] [369/458] MOON
[10:16:26] [370/458] SBUC
[10:16:27] [371/458] GSVA
[10:16:27] [372/458] VIAK
[10:16:28] [373/458] SMVZ
[10:16:29] 🔄 Identity reset
[10:16:29] 🔄 Identity rotated (every 10 requests)
[10:16:29] 🔄 Retry 1/5 for SMVZ in 2.4s
[10:16:29] 🔄 Identity reset
[10:16:32] 🧠 New identity created
[10:16:33] [374/458] MATE
[10:16:33] [375/458] RDCN
[10:16:34] [376/458] ASBL
[10:16:35] [377/458] ASVS
[10:16:36] [378/458] ASSR
[10:16:37] [379/458] SSKN
[10:16:38] [380/458] DRPV
[10:16:39] [381/458] MRHT
[10:16:40] [382/458] BSCN
[10:16:41] 🔄 Identity reset
[10:16:41] 🔄 Identity rotated (every 10 requests)
[10:16:41] [383/458] RKNX
[10:16:42] [384/458] MSMC
[10:16:44] [385/458] MSCJ
[10:16:45] [386/458] BTBJ
[10:16:46] [387/458] MJCC
[10:16:46] [388/458] IOMM
[10:16:47] [389/458] ADGR
[10:16:48] [390/458] MYCP
[10:16:49] [391/458] IGCM
[10:16:50] [392/458] PGRK
[10:16:50] 🔄 Identity reset
[10:16:50] 🔄 Identity rotated (every 10 requests)
[10:16:51] [393/458] VPGO
[10:16:52] [394/458] KOMS
[10:16:52] [395/458] URGG
[10:16:53] [396/458] GOST
[10:16:54] [397/458] LACT
[10:16:55] [398/458] BWCM
[10:16:56] [399/458] NCCW
[10:16:56] [400/458] SKYC
[10:16:58] [401/458] CCPM
[10:16:59] [402/458] VCBT
[10:17:00] 🔄 Identity reset
[10:17:00] 🔄 Identity rotated (every 10 requests)
[10:17:00] [403/458] SDKR
[10:17:01] [404/458] CTYB
[10:17:02] [405/458] SHCX
[10:17:03] [406/458] RCUN
[10:17:04] [407/458] CNRA
[10:17:04] [408/458] RFCA
[10:17:06] [409/458] RDCU
[10:17:07] [410/458] SARK
[10:17:08] [411/458] SPPP
[10:17:08] [412/458] ADMB
[10:17:09] 🔄 Identity reset
[10:17:09] 🔄 Identity rotated (every 10 requests)
[10:17:09] [413/458] JYOE
[10:17:10] [414/458] SRMD
[10:17:11] [415/458] RJDH
[10:17:12] [416/458] SSTD
[10:17:13] [417/458] AACV
[10:17:14] [418/458] PPVD
[10:17:16] [419/458] STCP
[10:17:17] [420/458] ANLS
[10:17:18] [421/458] BIJO
[10:17:19] [422/458] AVAB
[10:17:20] 🔄 Identity reset
[10:17:20] 🔄 Identity rotated (every 10 requests)
[10:17:20] [423/458] SPMD
[10:17:21] [424/458] SVJL
[10:17:22] [425/458] SDDJ
[10:17:23] [426/458] SLTU
[10:17:24] [427/458] SAKA
[10:17:25] [428/458] PMAM
[10:17:26] [429/458] FNAM
[10:17:27] [430/458] ACAM
[10:17:28] [431/458] SCMM
[10:17:29] [432/458] PMAK
[10:17:30] 🔄 Identity reset
[10:17:30] 🔄 Identity rotated (every 10 requests)
[10:17:30] [433/458] NYSA
[10:17:31] [434/458] FCPA
[10:17:32] [435/458] GDAN
[10:17:33] [436/458] RSCA
[10:17:34] [437/458] DMAN
[10:17:35] [438/458] DZCM
[10:17:36] [439/458] NSGL
[10:17:37] [440/458] CCPP
[10:17:37] [441/458] PSMG
[10:17:38] [442/458] GSER
[10:17:39] 🔄 Identity reset
[10:17:39] 🔄 Identity rotated (every 10 requests)
[10:17:39] [443/458] FCCT
[10:17:40] [444/458] FCTB
[10:17:42] [445/458] LCNK
[10:17:43] [446/458] SKTY
[10:17:43] [447/458] INAA
[10:17:44] [448/458] RCWN
[10:17:45] [449/458] VAIS
[10:17:46] [450/458] CVMN
[10:17:47] [451/458] INTS
[10:17:48] [452/458] FRGS
[10:17:48] 🔄 Identity reset
[10:17:48] 🔄 Identity rotated (every 10 requests)
[10:17:50] [453/458] DTCK
[10:17:51] [454/458] MCMH
[10:17:51] [455/458] ECRR
[10:17:52] [456/458] RLLP
[10:17:53] [457/458] CCSN
[10:17:54] [458/458] CCBA
[10:17:55] 🔁 RETRY ROUND 1 | Remaining: 1
[10:17:55] [RETRY-1] VLVT
[10:17:58] 🧹 Deduping shows
[10:17:58] ✅ DONE | Shows=846 | Movies=25
[04:57:08] 🚀 SCRIPT STARTED (enhanced anti‑detection)
[04:57:08] [1/458] MBDC
[04:57:09] 🧠 New identity created
[04:57:09] 🔄 Retry 1/5 for MBDC in 2.5s
[04:57:09] 🔄 Identity reset
[04:57:12] 🧠 New identity created
[04:57:12] [2/458] CHKM
[04:57:13] [3/458] JTKZ
[04:57:14] [4/458] CMCT
[04:57:15] [5/458] ASHO
[04:57:16] [6/458] ECDG
[04:57:17] [7/458] SPAT
[04:57:18] [8/458] HILC
[04:57:19] [9/458] SPPH
[04:57:19] 🔄 Identity reset
[04:57:19] 🔄 Identity rotated (every 10 requests)
[04:57:19] 🔄 Retry 1/5 for SPPH in 2.7s
[04:57:19] 🔄 Identity reset
[04:57:22] 🧠 New identity created
[04:57:22] 🔄 Retry 2/5 for SPPH in 4.9s
[04:57:22] 🔄 Identity reset
[04:57:27] 🧠 New identity created
[04:57:27] 🔄 Retry 3/5 for SPPH in 8.1s
[04:57:27] 🔄 Identity reset
[04:57:35] 🧠 New identity created
[04:57:36] [10/458] SBHN
[04:57:37] [11/458] RRCA
[04:57:38] [12/458] APAA
[04:57:39] [13/458] RAME
[04:57:40] [14/458] TMMS
[04:57:40] [15/458] BATK
[04:57:41] [16/458] LKOP
[04:57:42] 🔄 Identity reset
[04:57:42] 🔄 Identity rotated (every 10 requests)
[04:57:42] [17/458] AMTT
[04:57:43] [18/458] PTGK
[04:57:44] [19/458] ANRS
[04:57:45] [20/458] VWBW
[04:57:46] [21/458] SVFG
[04:57:47] [22/458] STAT
[04:57:48] [23/458] GDCV
[04:57:49] [24/458] VEBI
[04:57:51] [25/458] VDSS
[04:57:52] [26/458] NTHV
[04:57:52] 🔄 Identity reset
[04:57:52] 🔄 Identity rotated (every 10 requests)
[04:57:53] [27/458] AOCH
[04:57:54] [28/458] KASR
[04:57:55] [29/458] AYCS
[04:57:56] [30/458] SHAI
[04:57:57] [31/458] SKPE
[04:57:59] [32/458] SBTA
[04:57:59] [33/458] RTTD
[04:58:00] [34/458] CCJD
[04:58:01] [35/458] RSJJ
[04:58:02] [36/458] RKND
[04:58:03] 🔄 Identity reset
[04:58:03] 🔄 Identity rotated (every 10 requests)
[04:58:03] [37/458] SVTX
[04:58:04] [38/458] BAKM
[04:58:05] [39/458] SVDC
[04:58:06] [40/458] MNCV
[04:58:07] [41/458] SJGC
[04:58:08] [42/458] MTPK
[04:58:08] [43/458] GATP
[04:58:09] [44/458] ABTS
[04:58:10] [45/458] ABDE
[04:58:11] [46/458] RCNM
[04:58:12] 🔄 Identity reset
[04:58:12] 🔄 Identity rotated (every 10 requests)
[04:58:12] [47/458] KTHV
[04:58:13] [48/458] MDGJ
[04:58:14] [49/458] SMLM
[04:58:15] [50/458] JTMA
[04:58:16] [51/458] ACKP
[04:58:16] [52/458] SRTA
[04:58:17] [53/458] STAY
[04:58:18] [54/458] MAVO
[04:58:19] [55/458] APTS
[04:58:20] [56/458] OMEA
[04:58:21] 🔄 Identity reset
[04:58:21] 🔄 Identity rotated (every 10 requests)
[04:58:21] 🔄 Retry 1/5 for OMEA in 2.7s
[04:58:21] 🔄 Identity reset
[04:58:23] 🧠 New identity created
[04:58:23] 🔄 Retry 2/5 for OMEA in 4.9s
[04:58:23] 🔄 Identity reset
[04:58:28] 🧠 New identity created
[04:58:29] [57/458] TTFD
[04:58:30] [58/458] MJCU
[04:58:31] [59/458] CXTE
[04:58:32] [60/458] CTPX
[04:58:33] [61/458] ASSL
[04:58:34] [62/458] CMVB
[04:58:35] [63/458] VPUR
[04:58:36] [64/458] JJDA
[04:58:37] 🔄 Identity reset
[04:58:37] 🔄 Identity rotated (every 10 requests)
[04:58:37] 🔄 Retry 1/5 for JJDA in 2.1s
[04:58:37] 🔄 Identity reset
[04:58:39] 🧠 New identity created
[04:58:39] 🔄 Retry 2/5 for JJDA in 4.6s
[04:58:39] 🔄 Identity reset
[04:58:44] 🧠 New identity created
[04:58:44] [65/458] INBL
[04:58:45] [66/458] BIKB
[04:58:46] [67/458] NTBB
[04:58:47] [68/458] GLOB
[04:58:48] [69/458] SNTB
[04:58:48] [70/458] CHGV
[04:58:49] [71/458] SSBZ
[04:58:50] [72/458] PRDB
[04:58:51] 🔄 Identity reset
[04:58:51] 🔄 Identity rotated (every 10 requests)
[04:58:51] [73/458] ISMT
[04:58:53] [74/458] MCSD
[04:58:53] [75/458] JBTT
[04:58:54] [76/458] GEKR
[04:58:55] [77/458] PVUN
[04:58:56] [78/458] NRTB
[04:58:57] [79/458] PRAA
[04:58:58] [80/458] PCBL
[04:58:59] [81/458] PTCM
[04:59:00] [82/458] KHNN
[04:59:00] 🔄 Identity reset
[04:59:00] 🔄 Identity rotated (every 10 requests)
[04:59:01] [83/458] OMJE
[04:59:01] [84/458] STGN
[04:59:02] [85/458] RPMS
[04:59:03] [86/458] NWAD
[04:59:04] [87/458] BLCK
[04:59:05] [88/458] SVAA
[04:59:06] [89/458] URVM
[04:59:07] [90/458] ANTM
[04:59:08] [91/458] VJYM
[04:59:09] [92/458] MAZZ
[04:59:10] 🔄 Identity reset
[04:59:10] 🔄 Identity rotated (every 10 requests)
[04:59:10] 🔄 Retry 1/5 for MAZZ in 2.7s
[04:59:10] 🔄 Identity reset
[04:59:12] 🧠 New identity created
[04:59:13] [93/458] CSHM
[04:59:14] [94/458] WGMH
[04:59:15] [95/458] SALN
[04:59:15] [96/458] BRTP
[04:59:16] [97/458] SVTA
[04:59:17] [98/458] SBTP
[04:59:18] [99/458] VLSS
[04:59:19] [100/458] SRJA
[04:59:20] [101/458] ANCG
[04:59:20] 🔄 Identity reset
[04:59:20] 🔄 Identity rotated (every 10 requests)
[04:59:21] [102/458] CGGC
[04:59:22] [103/458] CRJA
[04:59:23] [104/458] USCR
[04:59:24] [105/458] MMEF
[04:59:25] [106/458] JCRJ
[04:59:26] [107/458] ADCM
[04:59:27] [108/458] BMYK
[04:59:28] [109/458] KICS
[04:59:29] [110/458] MBBT
[04:59:30] [111/458] MACK
[04:59:30] 🔄 Identity reset
[04:59:30] 🔄 Identity rotated (every 10 requests)
[04:59:31] [112/458] CLDR
[04:59:32] [113/458] JYCR
[04:59:34] [114/458] DCRP
[04:59:35] [115/458] RAHT
[04:59:36] [116/458] CSSM
[04:59:36] [117/458] ATPK
[04:59:37] [118/458] KLRT
[04:59:38] [119/458] SRDD
[04:59:39] [120/458] CKMC
[04:59:40] [121/458] KRVM
[04:59:41] 🔄 Identity reset
[04:59:41] 🔄 Identity rotated (every 10 requests)
[04:59:41] 🔄 Retry 1/5 for KRVM in 2.1s
[04:59:41] 🔄 Identity reset
[04:59:43] 🧠 New identity created
[04:59:43] 🔄 Retry 2/5 for KRVM in 4.6s
[04:59:43] 🔄 Identity reset
[04:59:48] 🧠 New identity created
[04:59:48] [122/458] AKCP
[04:59:49] [123/458] CNCV
[04:59:50] [124/458] PACT
[04:59:51] [125/458] NATP
[04:59:52] [126/458] PCPK
[04:59:53] [127/458] SMHO
[04:59:54] [128/458] CWTK
[04:59:55] [129/458] RVKZ
[04:59:55] 🔄 Identity reset
[04:59:55] 🔄 Identity rotated (every 10 requests)
[04:59:56] [130/458] ASPD
[04:59:56] [131/458] VTKZ
[04:59:57] [132/458] LCSO
[04:59:58] [133/458] PRDY
[04:59:59] [134/458] RCAP
[05:00:00] [135/458] RGAR
[05:00:02] [136/458] RCAC
[05:00:02] [137/458] PMOD
[05:00:03] [138/458] PVCN
[05:00:04] [139/458] SCRZ
[05:00:05] 🔄 Identity reset
[05:00:05] 🔄 Identity rotated (every 10 requests)
[05:00:05] [140/458] PVPC
[05:00:06] [141/458] STID
[05:00:07] [142/458] NEDD
[05:00:08] [143/458] BNBA
[05:00:09] [144/458] NTCD
[05:00:10] [145/458] OCDE
[05:00:11] [146/458] CCDU
[05:00:11] [147/458] CRXH
[05:00:12] [148/458] VLVT
[05:00:13] [149/458] CICI
[05:00:14] 🔄 Identity reset
[05:00:14] 🔄 Identity rotated (every 10 requests)
[05:00:14] [150/458] SUCB
[05:00:15] [151/458] TCBP
[05:00:15] [152/458] SCCY
[05:00:16] [153/458] LXCY
[05:00:17] [154/458] NCMD
[05:00:18] [155/458] PHCS
[05:00:19] [156/458] DUXR
[05:00:20] [157/458] VNKS
[05:00:21] [158/458] SEDP
[05:00:21] [159/458] SVEN
[05:00:22] 🔄 Identity reset
[05:00:22] 🔄 Identity rotated (every 10 requests)
[05:00:22] [160/458] SRKM
[05:00:23] [161/458] JTLT
[05:00:24] [162/458] SVSS
[05:00:25] [163/458] AMDE
[05:00:27] [164/458] WVRN
[05:00:27] [165/458] ISMG
[05:00:29] [166/458] WVKS
[05:00:30] [167/458] USCG
[05:00:31] [168/458] IOTG
[05:00:31] [169/458] RRJM
[05:00:32] 🔄 Identity reset
[05:00:32] 🔄 Identity rotated (every 10 requests)
[05:00:32] [170/458] EDMP
[05:00:33] [171/458] SCGZ
[05:00:34] [172/458] GMGX
[05:00:35] [173/458] OMTP
[05:00:36] [174/458] MITD
[05:00:37] [175/458] SMMD
[05:00:38] [176/458] STML
[05:00:39] [177/458] MCFS
[05:00:40] [178/458] FPKA
[05:00:41] [179/458] OMLR
[05:00:42] 🔄 Identity reset
[05:00:42] 🔄 Identity rotated (every 10 requests)
[05:00:42] 🔄 Retry 1/5 for OMLR in 2.3s
[05:00:42] 🔄 Identity reset
[05:00:44] 🧠 New identity created
[05:00:44] [180/458] KKSC
[05:00:46] [181/458] RVMA
[05:00:47] [182/458] SCLL
[05:00:48] [183/458] SCDK
[05:00:48] [184/458] SXMI
[05:00:49] [185/458] SHDN
[05:00:51] [186/458] PAAD
[05:00:52] [187/458] UUCB
[05:00:52] [188/458] JHOL
[05:00:53] 🔄 Identity reset
[05:00:53] 🔄 Identity rotated (every 10 requests)
[05:00:53] [189/458] SGWT
[05:00:54] [190/458] SRII
[05:00:56] [191/458] SGCK
[05:00:57] [192/458] SVVB
[05:00:58] [193/458] DMHA
[05:00:59] [194/458] PPNL
[05:00:59] [195/458] CPNL
[05:01:00] [196/458] WVLD
[05:01:01] [197/458] PSLV
[05:01:02] [198/458] VTTL
[05:01:03] 🔄 Identity reset
[05:01:03] 🔄 Identity rotated (every 10 requests)
[05:01:03] [199/458] NPAD
[05:01:04] [200/458] PVCS
[05:01:05] [201/458] MCHL
[05:01:06] [202/458] PPLL
[05:01:07] [203/458] MALO
[05:01:08] [204/458] SWBH
[05:01:08] [205/458] PUGB
[05:01:09] [206/458] INBB
[05:01:10] [207/458] INNS
[05:01:11] [208/458] MCPT
[05:01:12] 🔄 Identity reset
[05:01:12] 🔄 Identity rotated (every 10 requests)
[05:01:12] [209/458] SCMI
[05:01:13] [210/458] OCON
[05:01:14] [211/458] SCSM
[05:01:15] [212/458] RJVN
[05:01:16] [213/458] AMDK
[05:01:17] [214/458] ISMR
[05:01:18] [215/458] SMTD
[05:01:20] [216/458] VTDD
[05:01:21] [217/458] PDDZ
[05:01:21] [218/458] PCCK
[05:01:22] 🔄 Identity reset
[05:01:22] 🔄 Identity rotated (every 10 requests)
[05:01:22] 🔄 Retry 1/5 for PCCK in 2.0s
[05:01:22] 🔄 Identity reset
[05:01:24] 🧠 New identity created
[05:01:25] [219/458] INAM
[05:01:26] [220/458] FNKT
[05:01:27] [221/458] GDKA
[05:01:28] [222/458] MAYU
[05:01:29] [223/458] TCGU
[05:01:30] [224/458] KDCA
[05:01:31] [225/458] DOMY
[05:01:32] [226/458] PDDD
[05:01:33] [227/458] BJTS
[05:01:34] 🔄 Identity reset
[05:01:34] 🔄 Identity rotated (every 10 requests)
[05:01:34] 🔄 Retry 1/5 for BJTS in 2.5s
[05:01:34] 🔄 Identity reset
[05:01:36] 🧠 New identity created
[05:01:37] [228/458] VTCA
[05:01:38] [229/458] SBTM
[05:01:38] [230/458] SEET
[05:01:39] [231/458] SSTJ
[05:01:40] [232/458] SVNT
[05:01:41] [233/458] PPPR
[05:01:42] [234/458] PVYS
[05:01:43] [235/458] IOSE
[05:01:44] [236/458] ACTV
[05:01:45] 🔄 Identity reset
[05:01:45] 🔄 Identity rotated (every 10 requests)
[05:01:45] 🔄 Retry 1/5 for ACTV in 2.8s
[05:01:45] 🔄 Identity reset
[05:01:47] 🧠 New identity created
[05:01:47] 🔄 Retry 2/5 for ACTV in 4.7s
[05:01:47] 🔄 Identity reset
[05:01:52] 🧠 New identity created
[05:01:52] [237/458] APVE
[05:01:53] [238/458] TCCL
[05:01:54] [239/458] SCMO
[05:01:55] [240/458] SAUM
[05:01:56] [241/458] KCJS
[05:01:57] [242/458] NJCJ
[05:01:58] [243/458] NECF
[05:01:59] [244/458] CCGW
[05:01:59] 🔄 Identity reset
[05:01:59] 🔄 Identity rotated (every 10 requests)
[05:02:00] 🔄 Retry 1/5 for CCGW in 2.7s
[05:02:00] 🔄 Identity reset
[05:02:02] 🧠 New identity created
[05:02:02] 🔄 Retry 2/5 for CCGW in 4.3s
[05:02:02] 🔄 Identity reset
[05:02:07] 🧠 New identity created
[05:02:07] 🔄 Retry 3/5 for CCGW in 8.6s
[05:02:07] 🔄 Identity reset
[05:02:15] 🧠 New identity created
[05:02:15] 🔄 Retry 4/5 for CCGW in 16.5s
[05:02:15] 🔄 Identity reset
[05:02:32] 🧠 New identity created
[05:02:32] ❌ CCGW failed after 5 attempts
[05:02:32] 🔄 Identity reset
[05:02:32] ❌ CCGW final failure | RuntimeError | HTTP 403
[05:02:32] [245/458] CCMG
[05:02:33] 🧠 New identity created
[05:02:33] [246/458] NYRG
[05:02:34] [247/458] NCSQ
[05:02:35] [248/458] GRCG
[05:02:36] [249/458] CCBT
[05:02:37] [250/458] ACGA
[05:02:37] 🔄 Identity reset
[05:02:37] 🔄 Identity rotated (every 10 requests)
[05:02:38] [251/458] INAG
[05:02:39] [252/458] FUCG
[05:02:40] [253/458] AICF
[05:02:41] [254/458] GRGA
[05:02:42] [255/458] GDCN
[05:02:43] [256/458] RRCG
[05:02:44] [257/458] SDCH
[05:02:45] [258/458] WVJM
[05:02:46] [259/458] JCCZ
[05:02:47] [260/458] CNCL
[05:02:48] 🔄 Identity reset
[05:02:48] 🔄 Identity rotated (every 10 requests)
[05:02:48] [261/458] TMLV
[05:02:49] [262/458] MEMB
[05:02:50] [263/458] SGTD
[05:02:51] [264/458] CONX
[05:02:52] [265/458] CCMH
[05:02:53] [266/458] ACMC
[05:02:54] [267/458] DTPD
[05:02:55] [268/458] POJA
[05:02:56] [269/458] FNBH
[05:02:57] [270/458] CGCB
[05:02:58] 🔄 Identity reset
[05:02:58] 🔄 Identity rotated (every 10 requests)
[05:02:58] [271/458] RACN
[05:02:59] [272/458] JTSM
[05:03:00] [273/458] SCDN
[05:03:01] [274/458] AACK
[05:03:01] [275/458] RMCE
[05:03:02] [276/458] BSGB
[05:03:03] [277/458] MRCB
[05:03:04] [278/458] SRVR
[05:03:05] [279/458] VTKK
[05:03:06] [280/458] AMST
[05:03:07] 🔄 Identity reset
[05:03:07] 🔄 Identity rotated (every 10 requests)
[05:03:07] [281/458] APCY
[05:03:08] [282/458] LMHO
[05:03:10] [283/458] MTZH
[05:03:10] [284/458] AMZB
[05:03:11] [285/458] SUVT
[05:03:12] [286/458] RCIP
[05:03:13] [287/458] KESR
[05:03:14] [288/458] SNKC
[05:03:14] [289/458] SCED
[05:03:15] [290/458] DVCA
[05:03:16] 🔄 Identity reset
[05:03:16] 🔄 Identity rotated (every 10 requests)
[05:03:16] [291/458] VCDT
[05:03:17] [292/458] RRDI
[05:03:18] [293/458] DFCH
[05:03:19] [294/458] INSC
[05:03:20] [295/458] RGTR
[05:03:21] [296/458] FMOT
[05:03:22] [297/458] SCPM
[05:03:23] [298/458] GCDT
[05:03:24] [299/458] BRKT
[05:03:25] [300/458] DEMP
[05:03:25] 🔄 Identity reset
[05:03:25] 🔄 Identity rotated (every 10 requests)
[05:03:26] [301/458] SRLC
[05:03:26] [302/458] KSTT
[05:03:27] [303/458] SMMT
[05:03:28] [304/458] SILM
[05:03:29] [305/458] JCVM
[05:03:30] [306/458] KCSV
[05:03:31] [307/458] MHLK
[05:03:31] [308/458] SLVL
[05:03:33] [309/458] RJKP
[05:03:33] [310/458] BBPC
[05:03:34] 🔄 Identity reset
[05:03:34] 🔄 Identity rotated (every 10 requests)
[05:03:34] 🔄 Retry 1/5 for BBPC in 2.1s
[05:03:34] 🔄 Identity reset
[05:03:36] 🧠 New identity created
[05:03:37] [311/458] MXCB
[05:03:38] [312/458] TCPK
[05:03:38] [313/458] RTBR
[05:03:39] [314/458] GAUT
[05:03:40] [315/458] DVCF
[05:03:41] [316/458] JTSB
[05:03:42] [317/458] SBLS
[05:03:43] [318/458] UDAY
[05:03:44] [319/458] PTNP
[05:03:45] 🔄 Identity reset
[05:03:45] 🔄 Identity rotated (every 10 requests)
[05:03:45] [320/458] DMKT
[05:03:46] [321/458] NTDT
[05:03:47] [322/458] SHDJ
[05:03:48] [323/458] OTNC
[05:03:48] [324/458] RNTW
[05:03:49] [325/458] GCMI
[05:03:50] [326/458] CRCM
[05:03:51] [327/458] NNCZ
[05:03:52] [328/458] OEMO
[05:03:54] [329/458] PVJM
[05:03:54] 🔄 Identity reset
[05:03:54] 🔄 Identity rotated (every 10 requests)
[05:03:54] 🔄 Retry 1/5 for PVJM in 2.2s
[05:03:54] 🔄 Identity reset
[05:03:56] 🧠 New identity created
[05:03:57] 🔄 Retry 2/5 for PVJM in 5.0s
[05:03:57] 🔄 Identity reset
[05:04:02] 🧠 New identity created
[05:04:02] 🔄 Retry 3/5 for PVJM in 8.9s
[05:04:02] 🔄 Identity reset
[05:04:10] 🧠 New identity created
[05:04:11] [330/458] CPJI
[05:04:12] [331/458] RMCJ
[05:04:12] [332/458] CNWJ
[05:04:14] [333/458] EPJM
[05:04:15] [334/458] FNJJ
[05:04:16] [335/458] GCMJ
[05:04:18] [336/458] INPS
[05:04:18] 🔄 Identity reset
[05:04:18] 🔄 Identity rotated (every 10 requests)
[05:04:19] [337/458] BICJ
[05:04:20] [338/458] ISTJ
[05:04:20] [339/458] INJC
[05:04:21] [340/458] GLXJ
[05:04:22] [341/458] INEM
[05:04:23] [342/458] JTMN
[05:04:24] [343/458] FRCJ
[05:04:25] [344/458] DDJP
[05:04:26] [345/458] INJV
[05:04:27] [346/458] GOLC
[05:04:27] 🔄 Identity reset
[05:04:27] 🔄 Identity rotated (every 10 requests)
[05:04:28] [347/458] KOCI
[05:04:29] [348/458] FSTD
[05:04:30] [349/458] PACJ
[05:04:31] [350/458] GMCN
[05:04:32] [351/458] MMDJ
[05:04:32] [352/458] GODH
[05:04:33] [353/458] SKYN
[05:04:35] [354/458] NCTH
[05:04:36] [355/458] SKVZ
[05:04:37] [356/458] SVML
[05:04:37] 🔄 Identity reset
[05:04:37] 🔄 Identity rotated (every 10 requests)
[05:04:37] 🔄 Retry 1/5 for SVML in 2.3s
[05:04:37] 🔄 Identity reset
[05:04:40] 🧠 New identity created
[05:04:40] [357/458] ACVZ
[05:04:41] [358/458] SURA
[05:04:42] [359/458] RTRB
[05:04:43] [360/458] LLCT
[05:04:44] [361/458] ATTS
[05:04:45] [362/458] JYCM
[05:04:45] [363/458] CTKR
[05:04:46] [364/458] LCKR
[05:04:47] [365/458] NYCV
[05:04:48] 🔄 Identity reset
[05:04:48] 🔄 Identity rotated (every 10 requests)
[05:04:49] [366/458] NYOH
[05:04:50] [367/458] NOVX
[05:04:52] [368/458] MRGK
[05:04:52] [369/458] MOON
[05:04:54] [370/458] SBUC
[05:04:55] [371/458] GSVA
[05:04:56] [372/458] VIAK
[05:04:57] [373/458] SMVZ
[05:04:58] [374/458] MATE
[05:04:59] [375/458] RDCN
[05:04:59] 🔄 Identity reset
[05:04:59] 🔄 Identity rotated (every 10 requests)
[05:05:00] [376/458] ASBL
[05:05:01] [377/458] ASVS
[05:05:02] [378/458] ASSR
[05:05:02] [379/458] SSKN
[05:05:03] [380/458] DRPV
[05:05:05] [381/458] MRHT
[05:05:06] [382/458] BSCN
[05:05:07] [383/458] RKNX
[05:05:08] [384/458] MSMC
[05:05:09] [385/458] MSCJ
[05:05:09] 🔄 Identity reset
[05:05:09] 🔄 Identity rotated (every 10 requests)
[05:05:10] [386/458] BTBJ
[05:05:10] [387/458] MJCC
[05:05:11] [388/458] IOMM
[05:05:12] [389/458] ADGR
[05:05:13] [390/458] MYCP
[05:05:14] [391/458] IGCM
[05:05:15] [392/458] PGRK
[05:05:16] [393/458] VPGO
[05:05:17] [394/458] KOMS
[05:05:17] [395/458] URGG
[05:05:18] 🔄 Identity reset
[05:05:18] 🔄 Identity rotated (every 10 requests)
[05:05:18] [396/458] GOST
[05:05:19] [397/458] LACT
[05:05:20] [398/458] BWCM
[05:05:21] [399/458] NCCW
[05:05:22] [400/458] SKYC
[05:05:23] [401/458] CCPM
[05:05:24] [402/458] VCBT
[05:05:24] [403/458] SDKR
[05:05:25] [404/458] CTYB
[05:05:26] [405/458] SHCX
[05:05:27] 🔄 Identity reset
[05:05:27] 🔄 Identity rotated (every 10 requests)
[05:05:27] [406/458] RCUN
[05:05:28] [407/458] CNRA
[05:05:29] [408/458] RFCA
[05:05:30] [409/458] RDCU
[05:05:30] [410/458] SARK
[05:05:31] [411/458] SPPP
[05:05:32] [412/458] ADMB
[05:05:33] [413/458] JYOE
[05:05:34] [414/458] SRMD
[05:05:35] [415/458] RJDH
[05:05:36] 🔄 Identity reset
[05:05:36] 🔄 Identity rotated (every 10 requests)
[05:05:36] [416/458] SSTD
[05:05:37] [417/458] AACV
[05:05:38] [418/458] PPVD
[05:05:39] [419/458] STCP
[05:05:40] [420/458] ANLS
[05:05:41] [421/458] BIJO
[05:05:42] [422/458] AVAB
[05:05:43] [423/458] SPMD
[05:05:44] [424/458] SVJL
[05:05:44] [425/458] SDDJ
[05:05:45] 🔄 Identity reset
[05:05:45] 🔄 Identity rotated (every 10 requests)
[05:05:45] [426/458] SLTU
[05:05:46] [427/458] SAKA
[05:05:47] [428/458] PMAM
[05:05:48] [429/458] FNAM
[05:05:49] [430/458] ACAM
[05:05:51] [431/458] SCMM
[05:05:52] [432/458] PMAK
[05:05:53] [433/458] NYSA
[05:05:53] [434/458] FCPA
[05:05:54] [435/458] GDAN
[05:05:55] 🔄 Identity reset
[05:05:55] 🔄 Identity rotated (every 10 requests)
[05:05:55] [436/458] RSCA
[05:05:56] [437/458] DMAN
[05:05:57] [438/458] DZCM
[05:05:58] [439/458] NSGL
[05:05:59] [440/458] CCPP
[05:06:00] [441/458] PSMG
[05:06:01] [442/458] GSER
[05:06:02] [443/458] FCCT
[05:06:03] [444/458] FCTB
[05:06:04] [445/458] LCNK
[05:06:05] 🔄 Identity reset
[05:06:05] 🔄 Identity rotated (every 10 requests)
[05:06:05] [446/458] SKTY
[05:06:06] [447/458] INAA
[05:06:07] [448/458] RCWN
[05:06:08] [449/458] VAIS
[05:06:09] [450/458] CVMN
[05:06:10] [451/458] INTS
[05:06:12] [452/458] FRGS
[05:06:13] [453/458] DTCK
[05:06:13] [454/458] MCMH
[05:06:14] [455/458] ECRR
[05:06:15] 🔄 Identity reset
[05:06:15] 🔄 Identity rotated (every 10 requests)
[05:06:15] 🔄 Retry 1/5 for ECRR in 2.3s
[05:06:15] 🔄 Identity reset
[05:06:17] 🧠 New identity created
[05:06:17] [456/458] RLLP
[05:06:18] [457/458] CCSN
[05:06:19] [458/458] CCBA
[05:06:20] 🔁 RETRY ROUND 1 | Remaining: 1
[05:06:20] [RETRY-1] CCGW
[05:06:23] 🧹 Deduping shows
[05:06:23] ✅ DONE | Shows=1039 | Movies=31
[12:21:49] 🚀 SCRIPT STARTED (enhanced anti‑detection)
[12:21:49] [1/458] MBDC
[12:21:50] 🧠 New identity created
[12:21:51] [2/458] CHKM
[12:21:52] [3/458] JTKZ
[12:21:53] [4/458] CMCT
[12:21:54] [5/458] ASHO
[12:21:55] [6/458] ECDG
[12:21:56] [7/458] SPAT
[12:21:57] [8/458] HILC
[12:21:58] [9/458] SPPH
[12:21:59] [10/458] SBHN
[12:21:59] 🔄 Identity reset
[12:21:59] 🔄 Identity rotated (every 10 requests)
[12:22:00] [11/458] RRCA
[12:22:01] [12/458] APAA
[12:22:02] [13/458] RAME
[12:22:02] [14/458] TMMS
[12:22:03] [15/458] BATK
[12:22:04] [16/458] LKOP
[12:22:05] [17/458] AMTT
[12:22:06] [18/458] PTGK
[12:22:07] [19/458] ANRS
[12:22:08] [20/458] VWBW
[12:22:08] 🔄 Identity reset
[12:22:08] 🔄 Identity rotated (every 10 requests)
[12:22:09] 🔄 Retry 1/5 for VWBW in 2.2s
[12:22:09] 🔄 Identity reset
[12:22:11] 🧠 New identity created
[12:22:11] [21/458] SVFG
[12:22:12] [22/458] STAT
[12:22:13] [23/458] GDCV
[12:22:14] [24/458] VEBI
[12:22:15] [25/458] VDSS
[12:22:16] [26/458] NTHV
[12:22:16] [27/458] AOCH
[12:22:17] [28/458] KASR
[12:22:18] [29/458] AYCS
[12:22:19] 🔄 Identity reset
[12:22:19] 🔄 Identity rotated (every 10 requests)
[12:22:19] [30/458] SHAI
[12:22:20] [31/458] SKPE
[12:22:21] [32/458] SBTA
[12:22:22] [33/458] RTTD
[12:22:23] [34/458] CCJD
[12:22:24] [35/458] RSJJ
[12:22:24] [36/458] RKND
[12:22:25] [37/458] SVTX
[12:22:26] [38/458] BAKM
[12:22:27] [39/458] SVDC
[12:22:28] 🔄 Identity reset
[12:22:28] 🔄 Identity rotated (every 10 requests)
[12:22:28] [40/458] MNCV
[12:22:29] [41/458] SJGC
[12:22:30] [42/458] MTPK
[12:22:31] [43/458] GATP
[12:22:32] [44/458] ABTS
[12:22:33] [45/458] ABDE
[12:22:35] [46/458] RCNM
[12:22:36] [47/458] KTHV
[12:22:37] [48/458] MDGJ
[12:22:38] [49/458] SMLM
[12:22:38] 🔄 Identity reset
[12:22:38] 🔄 Identity rotated (every 10 requests)
[12:22:39] [50/458] JTMA
[12:22:40] [51/458] ACKP
[12:22:41] [52/458] SRTA
[12:22:42] [53/458] STAY
[12:22:43] [54/458] MAVO
[12:22:43] [55/458] APTS
[12:22:44] [56/458] OMEA
[12:22:45] [57/458] TTFD
[12:22:46] [58/458] MJCU
[12:22:47] [59/458] CXTE
[12:22:48] 🔄 Identity reset
[12:22:48] 🔄 Identity rotated (every 10 requests)
[12:22:49] [60/458] CTPX
[12:22:49] [61/458] ASSL
[12:22:50] [62/458] CMVB
[12:22:51] [63/458] VPUR
[12:22:52] [64/458] JJDA
[12:22:53] [65/458] INBL
[12:22:54] [66/458] BIKB
[12:22:54] [67/458] NTBB
[12:22:55] [68/458] GLOB
[12:22:56] [69/458] SNTB
[12:22:57] 🔄 Identity reset
[12:22:57] 🔄 Identity rotated (every 10 requests)
[12:22:57] [70/458] CHGV
[12:22:58] [71/458] SSBZ
[12:22:59] [72/458] PRDB
[12:23:01] [73/458] ISMT
[12:23:02] [74/458] MCSD
[12:23:03] [75/458] JBTT
[12:23:03] [76/458] GEKR
[12:23:04] [77/458] PVUN
[12:23:05] [78/458] NRTB
[12:23:06] [79/458] PRAA
[12:23:07] 🔄 Identity reset
[12:23:07] 🔄 Identity rotated (every 10 requests)
[12:23:07] [80/458] PCBL
[12:23:08] [81/458] PTCM
[12:23:09] [82/458] KHNN
[12:23:10] [83/458] OMJE
[12:23:11] [84/458] STGN
[12:23:12] [85/458] RPMS
[12:23:13] [86/458] NWAD
[12:23:14] [87/458] BLCK
[12:23:15] [88/458] SVAA
[12:23:16] [89/458] URVM
[12:23:16] 🔄 Identity reset
[12:23:16] 🔄 Identity rotated (every 10 requests)
[12:23:17] [90/458] ANTM
[12:23:18] [91/458] VJYM
[12:23:18] [92/458] MAZZ
[12:23:20] [93/458] CSHM
[12:23:21] [94/458] WGMH
[12:23:22] [95/458] SALN
[12:23:23] [96/458] BRTP
[12:23:24] [97/458] SVTA
[12:23:25] [98/458] SBTP
[12:23:26] [99/458] VLSS
[12:23:27] 🔄 Identity reset
[12:23:27] 🔄 Identity rotated (every 10 requests)
[12:23:27] [100/458] SRJA
[12:23:28] [101/458] ANCG
[12:23:29] [102/458] CGGC
[12:23:30] [103/458] CRJA
[12:23:30] [104/458] USCR
[12:23:31] [105/458] MMEF
[12:23:32] [106/458] JCRJ
[12:23:33] [107/458] ADCM
[12:23:34] [108/458] BMYK
[12:23:35] [109/458] KICS
[12:23:36] 🔄 Identity reset
[12:23:36] 🔄 Identity rotated (every 10 requests)
[12:23:36] [110/458] MBBT
[12:23:37] [111/458] MACK
[12:23:38] [112/458] CLDR
[12:23:39] [113/458] JYCR
[12:23:40] [114/458] DCRP
[12:23:41] [115/458] RAHT
[12:23:41] [116/458] CSSM
[12:23:42] [117/458] ATPK
[12:23:43] [118/458] KLRT
[12:23:44] [119/458] SRDD
[12:23:45] 🔄 Identity reset
[12:23:45] 🔄 Identity rotated (every 10 requests)
[12:23:45] [120/458] CKMC
[12:23:46] [121/458] KRVM
[12:23:47] [122/458] AKCP
[12:23:48] [123/458] CNCV
[12:23:49] [124/458] PACT
[12:23:50] [125/458] NATP
[12:23:50] [126/458] PCPK
[12:23:51] [127/458] SMHO
[12:23:52] [128/458] CWTK
[12:23:53] [129/458] RVKZ
[12:23:54] 🔄 Identity reset
[12:23:54] 🔄 Identity rotated (every 10 requests)
[12:23:54] [130/458] ASPD
[12:23:55] [131/458] VTKZ
[12:23:56] [132/458] LCSO
[12:23:56] [133/458] PRDY
[12:23:57] [134/458] RCAP
[12:23:58] [135/458] RGAR
[12:23:59] [136/458] RCAC
[12:24:00] [137/458] PMOD
[12:24:01] [138/458] PVCN
[12:24:02] [139/458] SCRZ
[12:24:02] 🔄 Identity reset
[12:24:02] 🔄 Identity rotated (every 10 requests)
[12:24:03] [140/458] PVPC
[12:24:04] [141/458] STID
[12:24:05] [142/458] NEDD
[12:24:06] [143/458] BNBA
[12:24:06] [144/458] NTCD
[12:24:07] [145/458] OCDE
[12:24:08] [146/458] CCDU
[12:24:09] [147/458] CRXH
[12:24:10] [148/458] VLVT
[12:24:11] [149/458] CICI
[12:24:12] 🔄 Identity reset
[12:24:12] 🔄 Identity rotated (every 10 requests)
[12:24:12] [150/458] SUCB
[12:24:13] [151/458] TCBP
[12:24:14] [152/458] SCCY
[12:24:15] [153/458] LXCY
[12:24:16] [154/458] NCMD
[12:24:17] [155/458] PHCS
[12:24:17] [156/458] DUXR
[12:24:19] [157/458] VNKS
[12:24:19] [158/458] SEDP
[12:24:20] [159/458] SVEN
[12:24:21] 🔄 Identity reset
[12:24:21] 🔄 Identity rotated (every 10 requests)
[12:24:22] [160/458] SRKM
[12:24:22] [161/458] JTLT
[12:24:23] [162/458] SVSS
[12:24:24] [163/458] AMDE
[12:24:25] [164/458] WVRN
[12:24:26] [165/458] ISMG
[12:24:28] [166/458] WVKS
[12:24:30] [167/458] USCG
[12:24:31] [168/458] IOTG
[12:24:32] [169/458] RRJM
[12:24:33] 🔄 Identity reset
[12:24:33] 🔄 Identity rotated (every 10 requests)
[12:24:33] [170/458] EDMP
[12:24:34] [171/458] SCGZ
[12:24:35] [172/458] GMGX
[12:24:36] [173/458] OMTP
[12:24:36] [174/458] MITD
[12:24:37] [175/458] SMMD
[12:24:38] [176/458] STML
[12:24:39] [177/458] MCFS
[12:24:40] [178/458] FPKA
[12:24:41] [179/458] OMLR
[12:24:41] 🔄 Identity reset
[12:24:41] 🔄 Identity rotated (every 10 requests)
[12:24:42] [180/458] KKSC
[12:24:43] [181/458] RVMA
[12:24:44] [182/458] SCLL
[12:24:44] [183/458] SCDK
[12:24:45] [184/458] SXMI
[12:24:46] [185/458] SHDN
[12:24:47] [186/458] PAAD
[12:24:48] [187/458] UUCB
[12:24:49] [188/458] JHOL
[12:24:49] [189/458] SGWT
[12:24:50] 🔄 Identity reset
[12:24:50] 🔄 Identity rotated (every 10 requests)
[12:24:50] [190/458] SRII
[12:24:52] [191/458] SGCK
[12:24:53] [192/458] SVVB
[12:24:54] [193/458] DMHA
[12:24:55] [194/458] PPNL
[12:24:56] [195/458] CPNL
[12:24:57] [196/458] WVLD
[12:24:58] [197/458] PSLV
[12:24:59] [198/458] VTTL
[12:25:00] [199/458] NPAD
[12:25:00] 🔄 Identity reset
[12:25:00] 🔄 Identity rotated (every 10 requests)
[12:25:01] [200/458] PVCS
[12:25:02] [201/458] MCHL
[12:25:03] [202/458] PPLL
[12:25:03] [203/458] MALO
[12:25:05] [204/458] SWBH
[12:25:05] [205/458] PUGB
[12:25:06] [206/458] INBB
[12:25:07] [207/458] INNS
[12:25:08] [208/458] MCPT
[12:25:09] [209/458] SCMI
[12:25:10] 🔄 Identity reset
[12:25:10] 🔄 Identity rotated (every 10 requests)
[12:25:10] [210/458] OCON
[12:25:11] [211/458] SCSM
[12:25:12] [212/458] RJVN
[12:25:13] [213/458] AMDK
[12:25:14] [214/458] ISMR
[12:25:14] [215/458] SMTD
[12:25:16] [216/458] VTDD
[12:25:17] [217/458] PDDZ
[12:25:18] [218/458] PCCK
[12:25:18] [219/458] INAM
[12:25:19] 🔄 Identity reset
[12:25:19] 🔄 Identity rotated (every 10 requests)
[12:25:19] [220/458] FNKT
[12:25:21] [221/458] GDKA
[12:25:22] [222/458] MAYU
[12:25:22] [223/458] TCGU
[12:25:23] [224/458] KDCA
[12:25:24] [225/458] DOMY
[12:25:25] [226/458] PDDD
[12:25:27] [227/458] BJTS
[12:25:28] [228/458] VTCA
[12:25:28] [229/458] SBTM
[12:25:29] 🔄 Identity reset
[12:25:29] 🔄 Identity rotated (every 10 requests)
[12:25:29] 🔄 Retry 1/5 for SBTM in 2.2s
[12:25:29] 🔄 Identity reset
[12:25:31] 🧠 New identity created
[12:25:32] [230/458] SEET
[12:25:33] [231/458] SSTJ
[12:25:34] [232/458] SVNT
[12:25:35] [233/458] PPPR
[12:25:36] [234/458] PVYS
[12:25:37] [235/458] IOSE
[12:25:38] [236/458] ACTV
[12:25:39] [237/458] APVE
[12:25:40] [238/458] TCCL
[12:25:40] 🔄 Identity reset
[12:25:41] 🔄 Identity rotated (every 10 requests)
[12:25:41] [239/458] SCMO
[12:25:42] [240/458] SAUM
[12:25:43] [241/458] KCJS
[12:25:43] [242/458] NJCJ
[12:25:45] [243/458] NECF
[12:25:46] [244/458] CCGW
[12:25:47] [245/458] CCMG
[12:25:48] [246/458] NYRG
[12:25:49] [247/458] NCSQ
[12:25:49] [248/458] GRCG
[12:25:50] 🔄 Identity reset
[12:25:50] 🔄 Identity rotated (every 10 requests)
[12:25:50] [249/458] CCBT
[12:25:51] [250/458] ACGA
[12:25:52] [251/458] INAG
[12:25:53] [252/458] FUCG
[12:25:54] [253/458] AICF
[12:25:55] [254/458] GRGA
[12:25:57] [255/458] GDCN
[12:25:58] [256/458] RRCG
[12:25:59] [257/458] SDCH
[12:26:00] [258/458] WVJM
[12:26:00] 🔄 Identity reset
[12:26:00] 🔄 Identity rotated (every 10 requests)
[12:26:00] [259/458] JCCZ
[12:26:01] [260/458] CNCL
[12:26:02] [261/458] TMLV
[12:26:03] [262/458] MEMB
[12:26:04] [263/458] SGTD
[12:26:05] [264/458] CONX
[12:26:06] [265/458] CCMH
[12:26:07] [266/458] ACMC
[12:26:08] [267/458] DTPD
[12:26:09] [268/458] POJA
[12:26:10] 🔄 Identity reset
[12:26:10] 🔄 Identity rotated (every 10 requests)
[12:26:10] 🔄 Retry 1/5 for POJA in 2.6s
[12:26:10] 🔄 Identity reset
[12:26:12] 🧠 New identity created
[12:26:13] [269/458] FNBH
[12:26:14] [270/458] CGCB
[12:26:15] [271/458] RACN
[12:26:16] [272/458] JTSM
[12:26:17] [273/458] SCDN
[12:26:18] [274/458] AACK
[12:26:19] [275/458] RMCE
[12:26:20] [276/458] BSGB
[12:26:21] [277/458] MRCB
[12:26:21] 🔄 Identity reset
[12:26:21] 🔄 Identity rotated (every 10 requests)
[12:26:22] [278/458] SRVR
[12:26:23] [279/458] VTKK
[12:26:24] [280/458] AMST
[12:26:25] [281/458] APCY
[12:26:26] [282/458] LMHO
[12:26:27] [283/458] MTZH
[12:26:28] [284/458] AMZB
[12:26:29] [285/458] SUVT
[12:26:30] [286/458] RCIP
[12:26:31] [287/458] KESR
[12:26:31] 🔄 Identity reset
[12:26:31] 🔄 Identity rotated (every 10 requests)
[12:26:32] [288/458] SNKC
[12:26:33] [289/458] SCED
[12:26:34] [290/458] DVCA
[12:26:34] [291/458] VCDT
[12:26:35] [292/458] RRDI
[12:26:36] [293/458] DFCH
[12:26:37] [294/458] INSC
[12:26:38] [295/458] RGTR
[12:26:39] [296/458] FMOT
[12:26:40] [297/458] SCPM
[12:26:41] 🔄 Identity reset
[12:26:41] 🔄 Identity rotated (every 10 requests)
[12:26:42] [298/458] GCDT
[12:26:43] [299/458] BRKT
[12:26:44] [300/458] DEMP
[12:26:45] [301/458] SRLC
[12:26:46] [302/458] KSTT
[12:26:47] [303/458] SMMT
[12:26:48] [304/458] SILM
[12:26:49] [305/458] JCVM
[12:26:50] [306/458] KCSV
[12:26:51] [307/458] MHLK
[12:26:51] 🔄 Identity reset
[12:26:51] 🔄 Identity rotated (every 10 requests)
[12:26:52] [308/458] SLVL
[12:26:53] [309/458] RJKP
[12:26:53] [310/458] BBPC
[12:26:54] [311/458] MXCB
[12:26:55] [312/458] TCPK
[12:26:56] [313/458] RTBR
[12:26:57] [314/458] GAUT
[12:26:59] [315/458] DVCF
[12:26:59] [316/458] JTSB
[12:27:01] [317/458] SBLS
[12:27:02] 🔄 Identity reset
[12:27:02] 🔄 Identity rotated (every 10 requests)
[12:27:02] [318/458] UDAY
[12:27:03] [319/458] PTNP
[12:27:04] [320/458] DMKT
[12:27:06] [321/458] NTDT
[12:27:07] [322/458] SHDJ
[12:27:08] [323/458] OTNC
[12:27:08] [324/458] RNTW
[12:27:10] [325/458] GCMI
[12:27:11] [326/458] CRCM
[12:27:12] [327/458] NNCZ
[12:27:12] 🔄 Identity reset
[12:27:12] 🔄 Identity rotated (every 10 requests)
[12:27:13] [328/458] OEMO
[12:27:14] [329/458] PVJM
[12:27:15] [330/458] CPJI
[12:27:16] [331/458] RMCJ
[12:27:17] [332/458] CNWJ
[12:27:18] [333/458] EPJM
[12:27:19] [334/458] FNJJ
[12:27:20] [335/458] GCMJ
[12:27:23] [336/458] INPS
[12:27:24] [337/458] BICJ
[12:27:25] 🔄 Identity reset
[12:27:25] 🔄 Identity rotated (every 10 requests)
[12:27:26] [338/458] ISTJ
[12:27:27] [339/458] INJC
[12:27:28] [340/458] GLXJ
[12:27:29] [341/458] INEM
[12:27:30] [342/458] JTMN
[12:27:31] [343/458] FRCJ
[12:27:31] [344/458] DDJP
[12:27:32] [345/458] INJV
[12:27:33] [346/458] GOLC
[12:27:34] [347/458] KOCI
[12:27:35] 🔄 Identity reset
[12:27:35] 🔄 Identity rotated (every 10 requests)
[12:27:35] [348/458] FSTD
[12:27:37] [349/458] PACJ
[12:27:38] [350/458] GMCN
[12:27:39] [351/458] MMDJ
[12:27:39] [352/458] GODH
[12:27:41] [353/458] SKYN
[12:27:42] [354/458] NCTH
[12:27:43] [355/458] SKVZ
[12:27:43] [356/458] SVML
[12:27:44] [357/458] ACVZ
[12:27:45] 🔄 Identity reset
[12:27:45] 🔄 Identity rotated (every 10 requests)
[12:27:45] [358/458] SURA
[12:27:46] [359/458] RTRB
[12:27:47] [360/458] LLCT
[12:27:48] [361/458] ATTS
[12:27:49] [362/458] JYCM
[12:27:50] [363/458] CTKR
[12:27:51] [364/458] LCKR
[12:27:52] [365/458] NYCV
[12:27:53] [366/458] NYOH
[12:27:54] [367/458] NOVX
[12:27:55] 🔄 Identity reset
[12:27:55] 🔄 Identity rotated (every 10 requests)
[12:27:55] 🔄 Retry 1/5 for NOVX in 2.2s
[12:27:55] 🔄 Identity reset
[12:27:57] 🧠 New identity created
[12:27:57] [368/458] MRGK
[12:27:58] [369/458] MOON
[12:27:59] [370/458] SBUC
[12:28:00] [371/458] GSVA
[12:28:01] [372/458] VIAK
[12:28:02] [373/458] SMVZ
[12:28:03] [374/458] MATE
[12:28:04] [375/458] RDCN
[12:28:05] [376/458] ASBL
[12:28:05] 🔄 Identity reset
[12:28:05] 🔄 Identity rotated (every 10 requests)
[12:28:06] [377/458] ASVS
[12:28:07] [378/458] ASSR
[12:28:08] [379/458] SSKN
[12:28:09] [380/458] DRPV
[12:28:10] [381/458] MRHT
[12:28:11] [382/458] BSCN
[12:28:12] [383/458] RKNX
[12:28:13] [384/458] MSMC
[12:28:14] [385/458] MSCJ
[12:28:15] [386/458] BTBJ
[12:28:16] 🔄 Identity reset
[12:28:16] 🔄 Identity rotated (every 10 requests)
[12:28:16] [387/458] MJCC
[12:28:17] [388/458] IOMM
[12:28:18] [389/458] ADGR
[12:28:18] [390/458] MYCP
[12:28:19] [391/458] IGCM
[12:28:21] [392/458] PGRK
[12:28:22] [393/458] VPGO
[12:28:23] [394/458] KOMS
[12:28:24] [395/458] URGG
[12:28:25] [396/458] GOST
[12:28:25] 🔄 Identity reset
[12:28:25] 🔄 Identity rotated (every 10 requests)
[12:28:26] [397/458] LACT
[12:28:27] [398/458] BWCM
[12:28:28] [399/458] NCCW
[12:28:29] [400/458] SKYC
[12:28:30] [401/458] CCPM
[12:28:31] [402/458] VCBT
[12:28:31] [403/458] SDKR
[12:28:32] [404/458] CTYB
[12:28:33] [405/458] SHCX
[12:28:35] [406/458] RCUN
[12:28:35] 🔄 Identity reset
[12:28:35] 🔄 Identity rotated (every 10 requests)
[12:28:36] [407/458] CNRA
[12:28:37] [408/458] RFCA
[12:28:38] [409/458] RDCU
[12:28:39] [410/458] SARK
[12:28:40] [411/458] SPPP
[12:28:41] [412/458] ADMB
[12:28:42] [413/458] JYOE
[12:28:43] [414/458] SRMD
[12:28:44] [415/458] RJDH
[12:28:45] [416/458] SSTD
[12:28:46] 🔄 Identity reset
[12:28:46] 🔄 Identity rotated (every 10 requests)
[12:28:46] 🔄 Retry 1/5 for SSTD in 2.6s
[12:28:46] 🔄 Identity reset
[12:28:48] 🧠 New identity created
[12:28:49] [417/458] AACV
[12:28:50] [418/458] PPVD
[12:28:51] [419/458] STCP
[12:28:52] [420/458] ANLS
[12:28:53] [421/458] BIJO
[12:28:54] [422/458] AVAB
[12:28:55] [423/458] SPMD
[12:28:56] [424/458] SVJL
[12:28:57] [425/458] SDDJ
[12:28:57] 🔄 Identity reset
[12:28:57] 🔄 Identity rotated (every 10 requests)
[12:28:58] [426/458] SLTU
[12:28:59] [427/458] SAKA
[12:29:00] [428/458] PMAM
[12:29:01] [429/458] FNAM
[12:29:02] [430/458] ACAM
[12:29:03] [431/458] SCMM
[12:29:04] [432/458] PMAK
[12:29:05] [433/458] NYSA
[12:29:05] [434/458] FCPA
[12:29:07] [435/458] GDAN
[12:29:08] 🔄 Identity reset
[12:29:08] 🔄 Identity rotated (every 10 requests)
[12:29:08] [436/458] RSCA
[12:29:09] [437/458] DMAN
[12:29:10] [438/458] DZCM
[12:29:11] [439/458] NSGL
[12:29:13] [440/458] CCPP
[12:29:14] [441/458] PSMG
[12:29:15] [442/458] GSER
[12:29:17] [443/458] FCCT
[12:29:17] [444/458] FCTB
[12:29:18] [445/458] LCNK
[12:29:19] 🔄 Identity reset
[12:29:19] 🔄 Identity rotated (every 10 requests)
[12:29:19] [446/458] SKTY
[12:29:20] [447/458] INAA
[12:29:21] [448/458] RCWN
[12:29:23] [449/458] VAIS
[12:29:24] [450/458] CVMN
[12:29:24] [451/458] INTS
[12:29:25] [452/458] FRGS
[12:29:26] [453/458] DTCK
[12:29:27] [454/458] MCMH
[12:29:28] [455/458] ECRR
[12:29:29] 🔄 Identity reset
[12:29:29] 🔄 Identity rotated (every 10 requests)
[12:29:29] [456/458] RLLP
[12:29:30] [457/458] CCSN
[12:29:32] [458/458] CCBA
[12:29:34] 🧹 Deduping shows
[12:29:34] ✅ DONE | Shows=1168 | Movies=32
[22:03:43] 🚀 SCRIPT STARTED (enhanced anti‑detection)
[22:03:43] [1/458] MBDC
[22:03:44] 🧠 New identity created
[22:03:44] [2/458] CHKM
[22:03:45] [3/458] JTKZ
[22:03:46] [4/458] CMCT
[22:03:47] [5/458] ASHO
[22:03:48] [6/458] ECDG
[22:03:50] [7/458] SPAT
[22:03:51] [8/458] HILC
[22:03:52] [9/458] SPPH
[22:03:52] [10/458] SBHN
[22:03:53] 🔄 Identity reset
[22:03:53] 🔄 Identity rotated (every 10 requests)
[22:03:53] 🔄 Retry 1/5 for SBHN in 2.9s
[22:03:53] 🔄 Identity reset
[22:03:56] 🧠 New identity created
[22:03:56] 🔄 Retry 2/5 for SBHN in 4.6s
[22:03:56] 🔄 Identity reset
[22:04:01] 🧠 New identity created
[22:04:01] 🔄 Retry 3/5 for SBHN in 8.1s
[22:04:01] 🔄 Identity reset
[22:04:09] 🧠 New identity created
[22:04:09] [11/458] RRCA
[22:04:10] [12/458] APAA
[22:04:11] [13/458] RAME
[22:04:13] [14/458] TMMS
[22:04:13] [15/458] BATK
[22:04:14] [16/458] LKOP
[22:04:15] [17/458] AMTT
[22:04:16] 🔄 Identity reset
[22:04:16] 🔄 Identity rotated (every 10 requests)
[22:04:16] [18/458] PTGK
[22:04:17] [19/458] ANRS
[22:04:18] [20/458] VWBW
[22:04:19] [21/458] SVFG
[22:04:20] [22/458] STAT
[22:04:20] [23/458] GDCV
[22:04:21] [24/458] VEBI
[22:04:22] [25/458] VDSS
[22:04:23] [26/458] NTHV
[22:04:24] [27/458] AOCH
[22:04:25] 🔄 Identity reset
[22:04:25] 🔄 Identity rotated (every 10 requests)
[22:04:25] [28/458] KASR
[22:04:26] [29/458] AYCS
[22:04:27] [30/458] SHAI
[22:04:28] [31/458] SKPE
[22:04:29] [32/458] SBTA
[22:04:30] [33/458] RTTD
[22:04:31] [34/458] CCJD
[22:04:32] [35/458] RSJJ
[22:04:32] [36/458] RKND
[22:04:33] [37/458] SVTX
[22:04:34] 🔄 Identity reset
[22:04:34] 🔄 Identity rotated (every 10 requests)
[22:04:34] [38/458] BAKM
[22:04:35] [39/458] SVDC
[22:04:36] [40/458] MNCV
[22:04:37] [41/458] SJGC
[22:04:38] [42/458] MTPK
[22:04:39] [43/458] GATP
[22:04:40] [44/458] ABTS
[22:04:41] [45/458] ABDE
[22:04:41] [46/458] RCNM
[22:04:42] [47/458] KTHV
[22:04:43] 🔄 Identity reset
[22:04:43] 🔄 Identity rotated (every 10 requests)
[22:04:43] [48/458] MDGJ
[22:04:44] [49/458] SMLM
[22:04:45] [50/458] JTMA
[22:04:46] [51/458] ACKP
[22:04:47] [52/458] SRTA
[22:04:47] [53/458] STAY
[22:04:48] [54/458] MAVO
[22:04:49] [55/458] APTS
[22:04:50] [56/458] OMEA
[22:04:51] [57/458] TTFD
[22:04:51] 🔄 Identity reset
[22:04:51] 🔄 Identity rotated (every 10 requests)
[22:04:52] [58/458] MJCU
[22:04:53] [59/458] CXTE
[22:04:54] [60/458] CTPX
[22:04:54] [61/458] ASSL
[22:04:55] [62/458] CMVB
[22:04:56] [63/458] VPUR
[22:04:57] [64/458] JJDA
[22:04:58] [65/458] INBL
[22:04:59] [66/458] BIKB
[22:05:00] [67/458] NTBB
[22:05:00] 🔄 Identity reset
[22:05:00] 🔄 Identity rotated (every 10 requests)
[22:05:02] [68/458] GLOB
[22:05:03] [69/458] SNTB
[22:05:04] [70/458] CHGV
[22:05:04] [71/458] SSBZ
[22:05:05] [72/458] PRDB
[22:05:06] [73/458] ISMT
[22:05:07] [74/458] MCSD
[22:05:08] [75/458] JBTT
[22:05:08] [76/458] GEKR
[22:05:09] [77/458] PVUN
[22:05:10] 🔄 Identity reset
[22:05:10] 🔄 Identity rotated (every 10 requests)
[22:05:10] [78/458] NRTB
[22:05:11] [79/458] PRAA
[22:05:12] [80/458] PCBL
[22:05:13] [81/458] PTCM
[22:05:14] [82/458] KHNN
[22:05:15] [83/458] OMJE
[22:05:16] [84/458] STGN
[22:05:17] [85/458] RPMS
[22:05:19] [86/458] NWAD
[22:05:20] [87/458] BLCK
[22:05:21] 🔄 Identity reset
[22:05:21] 🔄 Identity rotated (every 10 requests)
[22:05:21] [88/458] SVAA
[22:05:22] [89/458] URVM
[22:05:23] [90/458] ANTM
[22:05:24] [91/458] VJYM
[22:05:25] [92/458] MAZZ
[22:05:26] [93/458] CSHM
[22:05:27] [94/458] WGMH
[22:05:28] [95/458] SALN
[22:05:29] [96/458] BRTP
[22:05:30] [97/458] SVTA
[22:05:30] 🔄 Identity reset
[22:05:30] 🔄 Identity rotated (every 10 requests)
[22:05:31] [98/458] SBTP
[22:05:31] [99/458] VLSS
[22:05:32] [100/458] SRJA
[22:05:33] [101/458] ANCG
[22:05:34] [102/458] CGGC
[22:05:35] [103/458] CRJA
[22:05:36] [104/458] USCR
[22:05:37] [105/458] MMEF
[22:05:38] [106/458] JCRJ
[22:05:39] [107/458] ADCM
[22:05:40] 🔄 Identity reset
[22:05:40] 🔄 Identity rotated (every 10 requests)
[22:05:40] [108/458] BMYK
[22:05:41] [109/458] KICS
[22:05:42] [110/458] MBBT
[22:05:43] [111/458] MACK
[22:05:43] [112/458] CLDR
[22:05:44] [113/458] JYCR
[22:05:45] [114/458] DCRP
[22:05:46] [115/458] RAHT
[22:05:47] [116/458] CSSM
[22:05:48] [117/458] ATPK
[22:05:49] 🔄 Identity reset
[22:05:49] 🔄 Identity rotated (every 10 requests)
[22:05:49] 🔄 Retry 1/5 for ATPK in 2.9s
[22:05:49] 🔄 Identity reset
[22:05:52] 🧠 New identity created
[22:05:52] [118/458] KLRT
[22:05:53] [119/458] SRDD
[22:05:54] [120/458] CKMC
[22:05:55] [121/458] KRVM
[22:05:56] [122/458] AKCP
[22:05:57] [123/458] CNCV
[22:05:58] [124/458] PACT
[22:05:59] [125/458] NATP
[22:05:59] [126/458] PCPK
[22:06:00] 🔄 Identity reset
[22:06:00] 🔄 Identity rotated (every 10 requests)
[22:06:00] 🔄 Retry 1/5 for PCPK in 2.2s
[22:06:00] 🔄 Identity reset
[22:06:02] 🧠 New identity created
[22:06:03] [127/458] SMHO
[22:06:03] [128/458] CWTK
[22:06:04] [129/458] RVKZ
[22:06:05] [130/458] ASPD
[22:06:06] [131/458] VTKZ
[22:06:07] [132/458] LCSO
[22:06:08] [133/458] PRDY
[22:06:09] [134/458] RCAP
[22:06:10] [135/458] RGAR
[22:06:10] 🔄 Identity reset
[22:06:10] 🔄 Identity rotated (every 10 requests)
[22:06:10] 🔄 Retry 1/5 for RGAR in 2.5s
[22:06:10] 🔄 Identity reset
[22:06:13] 🧠 New identity created
[22:06:13] 🔄 Retry 2/5 for RGAR in 4.7s
[22:06:13] 🔄 Identity reset
[22:06:18] 🧠 New identity created
[22:06:18] [136/458] RCAC
[22:06:19] [137/458] PMOD
[22:06:20] [138/458] PVCN
[22:06:21] [139/458] SCRZ
[22:06:22] [140/458] PVPC
[22:06:23] [141/458] STID
[22:06:24] [142/458] NEDD
[22:06:24] [143/458] BNBA
[22:06:25] 🔄 Identity reset
[22:06:25] 🔄 Identity rotated (every 10 requests)
[22:06:25] [144/458] NTCD
[22:06:26] [145/458] OCDE
[22:06:27] [146/458] CCDU
[22:06:28] [147/458] CRXH
[22:06:29] [148/458] VLVT
[22:06:30] [149/458] CICI
[22:06:31] [150/458] SUCB
[22:06:32] [151/458] TCBP
[22:06:33] [152/458] SCCY
[22:06:34] [153/458] LXCY
[22:06:34] 🔄 Identity reset
[22:06:34] 🔄 Identity rotated (every 10 requests)
[22:06:34] [154/458] NCMD
[22:06:35] [155/458] PHCS
[22:06:36] [156/458] DUXR
[22:06:37] [157/458] VNKS
[22:06:38] [158/458] SEDP
[22:06:39] [159/458] SVEN
[22:06:40] [160/458] SRKM
[22:06:41] [161/458] JTLT
[22:06:42] [162/458] SVSS
[22:06:42] [163/458] AMDE
[22:06:43] 🔄 Identity reset
[22:06:43] 🔄 Identity rotated (every 10 requests)
[22:06:43] [164/458] WVRN
[22:06:44] [165/458] ISMG
[22:06:45] [166/458] WVKS
[22:06:46] [167/458] USCG
[22:06:48] [168/458] IOTG
[22:06:49] [169/458] RRJM
[22:06:50] [170/458] EDMP
[22:06:50] [171/458] SCGZ
[22:06:52] [172/458] GMGX
[22:06:53] [173/458] OMTP
[22:06:53] 🔄 Identity reset
[22:06:53] 🔄 Identity rotated (every 10 requests)
[22:06:54] [174/458] MITD
[22:06:55] [175/458] SMMD
[22:06:56] [176/458] STML
[22:06:56] [177/458] MCFS
[22:06:57] [178/458] FPKA
[22:06:58] [179/458] OMLR
[22:06:59] [180/458] KKSC
[22:07:00] [181/458] RVMA
[22:07:01] [182/458] SCLL
[22:07:02] [183/458] SCDK
[22:07:02] 🔄 Identity reset
[22:07:02] 🔄 Identity rotated (every 10 requests)
[22:07:02] 🔄 Retry 1/5 for SCDK in 2.6s
[22:07:02] 🔄 Identity reset
[22:07:05] 🧠 New identity created
[22:07:05] [184/458] SXMI
[22:07:06] [185/458] SHDN
[22:07:07] [186/458] PAAD
[22:07:08] [187/458] UUCB
[22:07:09] [188/458] JHOL
[22:07:10] [189/458] SGWT
[22:07:11] [190/458] SRII
[22:07:11] [191/458] SGCK
[22:07:12] [192/458] SVVB
[22:07:13] 🔄 Identity reset
[22:07:13] 🔄 Identity rotated (every 10 requests)
[22:07:13] [193/458] DMHA
[22:07:14] [194/458] PPNL
[22:07:15] [195/458] CPNL
[22:07:16] [196/458] WVLD
[22:07:17] [197/458] PSLV
[22:07:19] [198/458] VTTL
[22:07:19] [199/458] NPAD
[22:07:20] [200/458] PVCS
[22:07:21] [201/458] MCHL
[22:07:22] [202/458] PPLL
[22:07:23] 🔄 Identity reset
[22:07:23] 🔄 Identity rotated (every 10 requests)
[22:07:23] [203/458] MALO
[22:07:24] [204/458] SWBH
[22:07:25] [205/458] PUGB
[22:07:26] [206/458] INBB
[22:07:27] [207/458] INNS
[22:07:28] [208/458] MCPT
[22:07:29] [209/458] SCMI
[22:07:30] [210/458] OCON
[22:07:31] [211/458] SCSM
[22:07:32] [212/458] RJVN
[22:07:32] 🔄 Identity reset
[22:07:32] 🔄 Identity rotated (every 10 requests)
[22:07:33] [213/458] AMDK
[22:07:34] [214/458] ISMR
[22:07:35] [215/458] SMTD
[22:07:36] [216/458] VTDD
[22:07:37] [217/458] PDDZ
[22:07:38] [218/458] PCCK
[22:07:39] [219/458] INAM
[22:07:40] [220/458] FNKT
[22:07:41] [221/458] GDKA
[22:07:41] [222/458] MAYU
[22:07:42] 🔄 Identity reset
[22:07:42] 🔄 Identity rotated (every 10 requests)
[22:07:42] 🔄 Retry 1/5 for MAYU in 2.1s
[22:07:42] 🔄 Identity reset
[22:07:44] 🧠 New identity created
[22:07:45] [223/458] TCGU
[22:07:46] [224/458] KDCA
[22:07:47] [225/458] DOMY
[22:07:48] [226/458] PDDD
[22:07:49] [227/458] BJTS
[22:07:50] [228/458] VTCA
[22:07:51] [229/458] SBTM
[22:07:52] [230/458] SEET
[22:07:53] [231/458] SSTJ
[22:07:54] 🔄 Identity reset
[22:07:54] 🔄 Identity rotated (every 10 requests)
[22:07:55] [232/458] SVNT
[22:07:56] [233/458] PPPR
[22:07:57] [234/458] PVYS
[22:07:58] [235/458] IOSE
[22:07:58] [236/458] ACTV
[22:07:59] [237/458] APVE
[22:08:01] [238/458] TCCL
[22:08:02] [239/458] SCMO
[22:08:03] [240/458] SAUM
[22:08:03] [241/458] KCJS
[22:08:04] 🔄 Identity reset
[22:08:04] 🔄 Identity rotated (every 10 requests)
[22:08:04] [242/458] NJCJ
[22:08:05] [243/458] NECF
[22:08:06] [244/458] CCGW
[22:08:07] [245/458] CCMG
[22:08:08] [246/458] NYRG
[22:08:09] [247/458] NCSQ
[22:08:10] [248/458] GRCG
[22:08:10] [249/458] CCBT
[22:08:11] [250/458] ACGA
[22:08:12] [251/458] INAG
[22:08:13] 🔄 Identity reset
[22:08:13] 🔄 Identity rotated (every 10 requests)
[22:08:13] [252/458] FUCG
[22:08:14] [253/458] AICF
[22:08:15] [254/458] GRGA
[22:08:16] [255/458] GDCN
[22:08:17] [256/458] RRCG
[22:08:18] [257/458] SDCH
[22:08:19] [258/458] WVJM
[22:08:19] [259/458] JCCZ
[22:08:20] [260/458] CNCL
[22:08:21] [261/458] TMLV
[22:08:22] 🔄 Identity reset
[22:08:22] 🔄 Identity rotated (every 10 requests)
[22:08:22] [262/458] MEMB
[22:08:23] [263/458] SGTD
[22:08:24] [264/458] CONX
[22:08:25] [265/458] CCMH
[22:08:26] [266/458] ACMC
[22:08:27] [267/458] DTPD
[22:08:28] [268/458] POJA
[22:08:29] [269/458] FNBH
[22:08:30] [270/458] CGCB
[22:08:31] [271/458] RACN
[22:08:31] 🔄 Identity reset
[22:08:31] 🔄 Identity rotated (every 10 requests)
[22:08:32] [272/458] JTSM
[22:08:33] [273/458] SCDN
[22:08:34] [274/458] AACK
[22:08:34] [275/458] RMCE
[22:08:35] [276/458] BSGB
[22:08:36] [277/458] MRCB
[22:08:37] [278/458] SRVR
[22:08:38] [279/458] VTKK
[22:08:39] [280/458] AMST
[22:08:40] [281/458] APCY
[22:08:40] 🔄 Identity reset
[22:08:40] 🔄 Identity rotated (every 10 requests)
[22:08:40] [282/458] LMHO
[22:08:41] [283/458] MTZH
[22:08:42] [284/458] AMZB
[22:08:43] [285/458] SUVT
[22:08:45] [286/458] RCIP
[22:08:46] [287/458] KESR
[22:08:47] [288/458] SNKC
[22:08:48] [289/458] SCED
[22:08:49] [290/458] DVCA
[22:08:50] [291/458] VCDT
[22:08:51] 🔄 Identity reset
[22:08:51] 🔄 Identity rotated (every 10 requests)
[22:08:51] [292/458] RRDI
[22:08:52] [293/458] DFCH
[22:08:53] [294/458] INSC
[22:08:54] [295/458] RGTR
[22:08:55] [296/458] FMOT
[22:08:56] [297/458] SCPM
[22:08:57] [298/458] GCDT
[22:08:58] [299/458] BRKT
[22:08:59] [300/458] DEMP
[22:09:00] [301/458] SRLC
[22:09:01] 🔄 Identity reset
[22:09:01] 🔄 Identity rotated (every 10 requests)
[22:09:01] [302/458] KSTT
[22:09:02] [303/458] SMMT
[22:09:03] [304/458] SILM
[22:09:04] [305/458] JCVM
[22:09:04] [306/458] KCSV
[22:09:05] [307/458] MHLK
[22:09:06] [308/458] SLVL
[22:09:08] [309/458] RJKP
[22:09:09] [310/458] BBPC
[22:09:10] [311/458] MXCB
[22:09:10] 🔄 Identity reset
[22:09:10] 🔄 Identity rotated (every 10 requests)
[22:09:11] [312/458] TCPK
[22:09:12] [313/458] RTBR
[22:09:12] [314/458] GAUT
[22:09:13] [315/458] DVCF
[22:09:14] [316/458] JTSB
[22:09:15] [317/458] SBLS
[22:09:17] [318/458] UDAY
[22:09:18] [319/458] PTNP
[22:09:19] [320/458] DMKT
[22:09:20] [321/458] NTDT
[22:09:21] 🔄 Identity reset
[22:09:21] 🔄 Identity rotated (every 10 requests)
[22:09:21] 🔄 Retry 1/5 for NTDT in 2.0s
[22:09:21] 🔄 Identity reset
[22:09:23] 🧠 New identity created
[22:09:23] 🔄 Retry 2/5 for NTDT in 4.6s
[22:09:23] 🔄 Identity reset
[22:09:27] 🧠 New identity created
[22:09:28] [322/458] SHDJ
[22:09:29] [323/458] OTNC
[22:09:29] [324/458] RNTW
[22:09:30] [325/458] GCMI
[22:09:31] [326/458] CRCM
[22:09:32] [327/458] NNCZ
[22:09:33] [328/458] OEMO
[22:09:35] [329/458] PVJM
[22:09:35] 🔄 Identity reset
[22:09:35] 🔄 Identity rotated (every 10 requests)
[22:09:36] [330/458] CPJI
[22:09:36] [331/458] RMCJ
[22:09:37] [332/458] CNWJ
[22:09:38] [333/458] EPJM
[22:09:40] [334/458] FNJJ
[22:09:41] [335/458] GCMJ
[22:09:42] [336/458] INPS
[22:09:43] [337/458] BICJ
[22:09:44] [338/458] ISTJ
[22:09:45] [339/458] INJC
[22:09:45] 🔄 Identity reset
[22:09:45] 🔄 Identity rotated (every 10 requests)
[22:09:45] [340/458] GLXJ
[22:09:46] [341/458] INEM
[22:09:47] [342/458] JTMN
[22:09:48] [343/458] FRCJ
[22:09:49] [344/458] DDJP
[22:09:50] [345/458] INJV
[22:09:51] [346/458] GOLC
[22:09:52] [347/458] KOCI
[22:09:53] [348/458] FSTD
[22:09:54] [349/458] PACJ
[22:09:55] 🔄 Identity reset
[22:09:55] 🔄 Identity rotated (every 10 requests)
[22:09:55] [350/458] GMCN
[22:09:56] [351/458] MMDJ
[22:09:57] [352/458] GODH
[22:09:58] [353/458] SKYN
[22:09:59] [354/458] NCTH
[22:09:59] [355/458] SKVZ
[22:10:00] [356/458] SVML
[22:10:01] [357/458] ACVZ
[22:10:02] [358/458] SURA
[22:10:03] [359/458] RTRB
[22:10:03] 🔄 Identity reset
[22:10:03] 🔄 Identity rotated (every 10 requests)
[22:10:04] [360/458] LLCT
[22:10:04] [361/458] ATTS
[22:10:05] [362/458] JYCM
[22:10:06] [363/458] CTKR
[22:10:07] [364/458] LCKR
[22:10:08] [365/458] NYCV
[22:10:09] [366/458] NYOH
[22:10:10] [367/458] NOVX
[22:10:11] [368/458] MRGK
[22:10:12] [369/458] MOON
[22:10:12] 🔄 Identity reset
[22:10:12] 🔄 Identity rotated (every 10 requests)
[22:10:13] [370/458] SBUC
[22:10:13] [371/458] GSVA
[22:10:14] [372/458] VIAK
[22:10:15] [373/458] SMVZ
[22:10:16] [374/458] MATE
[22:10:17] [375/458] RDCN
[22:10:18] [376/458] ASBL
[22:10:19] [377/458] ASVS
[22:10:20] [378/458] ASSR
[22:10:21] [379/458] SSKN
[22:10:21] 🔄 Identity reset
[22:10:21] 🔄 Identity rotated (every 10 requests)
[22:10:22] [380/458] DRPV
[22:10:23] [381/458] MRHT
[22:10:25] [382/458] BSCN
[22:10:26] [383/458] RKNX
[22:10:27] [384/458] MSMC
[22:10:28] [385/458] MSCJ
[22:10:28] [386/458] BTBJ
[22:10:29] [387/458] MJCC
[22:10:30] [388/458] IOMM
[22:10:31] [389/458] ADGR
[22:10:32] 🔄 Identity reset
[22:10:32] 🔄 Identity rotated (every 10 requests)
[22:10:32] 🔄 Retry 1/5 for ADGR in 2.7s
[22:10:32] 🔄 Identity reset
[22:10:34] 🧠 New identity created
[22:10:35] [390/458] MYCP
[22:10:36] [391/458] IGCM
[22:10:37] [392/458] PGRK
[22:10:37] [393/458] VPGO
[22:10:39] [394/458] KOMS
[22:10:40] [395/458] URGG
[22:10:41] [396/458] GOST
[22:10:42] [397/458] LACT
[22:10:44] [398/458] BWCM
[22:10:44] 🔄 Identity reset
[22:10:44] 🔄 Identity rotated (every 10 requests)
[22:10:45] [399/458] NCCW
[22:10:45] [400/458] SKYC
[22:10:46] [401/458] CCPM
[22:10:47] [402/458] VCBT
[22:10:48] [403/458] SDKR
[22:10:49] [404/458] CTYB
[22:10:50] [405/458] SHCX
[22:10:51] [406/458] RCUN
[22:10:51] [407/458] CNRA
[22:10:52] [408/458] RFCA
[22:10:53] 🔄 Identity reset
[22:10:53] 🔄 Identity rotated (every 10 requests)
[22:10:54] [409/458] RDCU
[22:10:55] [410/458] SARK
[22:10:55] [411/458] SPPP
[22:10:56] [412/458] ADMB
[22:10:57] [413/458] JYOE
[22:10:58] [414/458] SRMD
[22:10:59] [415/458] RJDH
[22:11:00] [416/458] SSTD
[22:11:01] [417/458] AACV
[22:11:02] [418/458] PPVD
[22:11:03] 🔄 Identity reset
[22:11:03] 🔄 Identity rotated (every 10 requests)
[22:11:03] 🔄 Retry 1/5 for PPVD in 2.6s
[22:11:03] 🔄 Identity reset
[22:11:06] 🧠 New identity created
[22:11:06] [419/458] STCP
[22:11:07] [420/458] ANLS
[22:11:07] [421/458] BIJO
[22:11:08] [422/458] AVAB
[22:11:10] [423/458] SPMD
[22:11:11] [424/458] SVJL
[22:11:12] [425/458] SDDJ
[22:11:13] [426/458] SLTU
[22:11:14] [427/458] SAKA
[22:11:15] 🔄 Identity reset
[22:11:15] 🔄 Identity rotated (every 10 requests)
[22:11:15] [428/458] PMAM
[22:11:17] [429/458] FNAM
[22:11:18] [430/458] ACAM
[22:11:19] [431/458] SCMM
[22:11:20] [432/458] PMAK
[22:11:21] [433/458] NYSA
[22:11:22] [434/458] FCPA
[22:11:23] [435/458] GDAN
[22:11:23] [436/458] RSCA
[22:11:24] [437/458] DMAN
[22:11:25] 🔄 Identity reset
[22:11:25] 🔄 Identity rotated (every 10 requests)
[22:11:25] 🔄 Retry 1/5 for DMAN in 2.6s
[22:11:25] 🔄 Identity reset
[22:11:28] 🧠 New identity created
[22:11:28] [438/458] DZCM
[22:11:29] [439/458] NSGL
[22:11:30] [440/458] CCPP
[22:11:31] [441/458] PSMG
[22:11:32] [442/458] GSER
[22:11:32] [443/458] FCCT
[22:11:33] [444/458] FCTB
[22:11:34] [445/458] LCNK
[22:11:35] [446/458] SKTY
[22:11:36] 🔄 Identity reset
[22:11:36] 🔄 Identity rotated (every 10 requests)
[22:11:36] [447/458] INAA
[22:11:37] [448/458] RCWN
[22:11:38] [449/458] VAIS
[22:11:39] [450/458] CVMN
[22:11:40] [451/458] INTS
[22:11:41] [452/458] FRGS
[22:11:42] [453/458] DTCK
[22:11:43] [454/458] MCMH
[22:11:44] [455/458] ECRR
[22:11:45] [456/458] RLLP
[22:11:46] 🔄 Identity reset
[22:11:46] 🔄 Identity rotated (every 10 requests)
[22:11:46] [457/458] CCSN
[22:11:47] [458/458] CCBA
[22:11:48] 🧹 Deduping shows
[22:11:48] ✅ DONE | Shows=1659 | Movies=39
[07:15:12] 🚀 SCRIPT STARTED (enhanced anti‑detection)
[07:15:12] [1/458] MBDC
[07:15:13] 🧠 New identity created
[07:15:13] 🔄 Retry 1/5 for MBDC in 2.0s
[07:15:13] 🔄 Identity reset
[07:15:15] 🧠 New identity created
[07:15:15] [2/458] CHKM
[07:15:16] [3/458] JTKZ
[07:15:17] [4/458] CMCT
[07:15:17] [5/458] ASHO
[07:15:18] [6/458] ECDG
[07:15:20] [7/458] SPAT
[07:15:20] [8/458] HILC
[07:15:21] [9/458] SPPH
[07:15:22] 🔄 Identity reset
[07:15:22] 🔄 Identity rotated (every 10 requests)
[07:15:22] [10/458] SBHN
[07:15:23] [11/458] RRCA
[07:15:23] [12/458] APAA
[07:15:24] [13/458] RAME
[07:15:25] [14/458] TMMS
[07:15:26] [15/458] BATK
[07:15:27] [16/458] LKOP
[07:15:28] [17/458] AMTT
[07:15:29] [18/458] PTGK
[07:15:30] [19/458] ANRS
[07:15:30] 🔄 Identity reset
[07:15:30] 🔄 Identity rotated (every 10 requests)
[07:15:31] [20/458] VWBW
[07:15:31] [21/458] SVFG
[07:15:32] [22/458] STAT
[07:15:33] [23/458] GDCV
[07:15:34] [24/458] VEBI
[07:15:34] [25/458] VDSS
[07:15:35] [26/458] NTHV
[07:15:36] [27/458] AOCH
[07:15:37] [28/458] KASR
[07:15:38] [29/458] AYCS
[07:15:38] 🔄 Identity reset
[07:15:38] 🔄 Identity rotated (every 10 requests)
[07:15:39] [30/458] SHAI
[07:15:39] [31/458] SKPE
[07:15:40] [32/458] SBTA
[07:15:41] [33/458] RTTD
[07:15:42] [34/458] CCJD
[07:15:43] [35/458] RSJJ
[07:15:44] [36/458] RKND
[07:15:45] [37/458] SVTX
[07:15:45] [38/458] BAKM
[07:15:46] [39/458] SVDC
[07:15:47] 🔄 Identity reset
[07:15:47] 🔄 Identity rotated (every 10 requests)
[07:15:47] [40/458] MNCV
[07:15:48] [41/458] SJGC
[07:15:48] [42/458] MTPK
[07:15:49] [43/458] GATP
[07:15:50] [44/458] ABTS
[07:15:51] [45/458] ABDE
[07:15:52] [46/458] RCNM
[07:15:53] [47/458] KTHV
[07:15:54] [48/458] MDGJ
[07:15:55] [49/458] SMLM
[07:15:55] 🔄 Identity reset
[07:15:55] 🔄 Identity rotated (every 10 requests)
[07:15:55] [50/458] JTMA
[07:15:56] [51/458] ACKP
[07:15:58] [52/458] SRTA
[07:15:59] [53/458] STAY
[07:16:00] [54/458] MAVO
[07:16:00] [55/458] APTS
[07:16:01] [56/458] OMEA
[07:16:02] [57/458] TTFD
[07:16:03] [58/458] MJCU
[07:16:04] [59/458] CXTE
[07:16:05] 🔄 Identity reset
[07:16:05] 🔄 Identity rotated (every 10 requests)
[07:16:05] 🔄 Retry 1/5 for CXTE in 2.0s
[07:16:05] 🔄 Identity reset
[07:16:07] 🧠 New identity created
[07:16:07] [60/458] CTPX
[07:16:08] [61/458] ASSL
[07:16:09] [62/458] CMVB
[07:16:09] [63/458] VPUR
[07:16:10] [64/458] JJDA
[07:16:11] [65/458] INBL
[07:16:12] [66/458] BIKB
[07:16:13] [67/458] NTBB
[07:16:14] [68/458] GLOB
[07:16:15] 🔄 Identity reset
[07:16:15] 🔄 Identity rotated (every 10 requests)
[07:16:15] [69/458] SNTB
[07:16:16] [70/458] CHGV
[07:16:17] [71/458] SSBZ
[07:16:18] [72/458] PRDB
[07:16:19] [73/458] ISMT
[07:16:20] [74/458] MCSD
[07:16:21] [75/458] JBTT
[07:16:22] [76/458] GEKR
[07:16:23] [77/458] PVUN
[07:16:24] [78/458] NRTB
[07:16:24] 🔄 Identity reset
[07:16:24] 🔄 Identity rotated (every 10 requests)
[07:16:25] [79/458] PRAA
[07:16:26] [80/458] PCBL
[07:16:27] [81/458] PTCM
[07:16:28] [82/458] KHNN
[07:16:29] [83/458] OMJE
[07:16:29] [84/458] STGN
[07:16:30] [85/458] RPMS
[07:16:31] [86/458] NWAD
[07:16:31] [87/458] BLCK
[07:16:32] [88/458] SVAA
[07:16:33] 🔄 Identity reset
[07:16:33] 🔄 Identity rotated (every 10 requests)
[07:16:33] [89/458] URVM
[07:16:34] [90/458] ANTM
[07:16:35] [91/458] VJYM
[07:16:36] [92/458] MAZZ
[07:16:37] [93/458] CSHM
[07:16:37] [94/458] WGMH
[07:16:38] [95/458] SALN
[07:16:39] [96/458] BRTP
[07:16:40] [97/458] SVTA
[07:16:41] [98/458] SBTP
[07:16:41] 🔄 Identity reset
[07:16:41] 🔄 Identity rotated (every 10 requests)
[07:16:42] [99/458] VLSS
[07:16:42] [100/458] SRJA
[07:16:43] [101/458] ANCG
[07:16:44] [102/458] CGGC
[07:16:45] [103/458] CRJA
[07:16:46] [104/458] USCR
[07:16:46] [105/458] MMEF
[07:16:47] [106/458] JCRJ
[07:16:48] [107/458] ADCM
[07:16:49] [108/458] BMYK
[07:16:49] 🔄 Identity reset
[07:16:49] 🔄 Identity rotated (every 10 requests)
[07:16:50] [109/458] KICS
[07:16:51] [110/458] MBBT
[07:16:51] [111/458] MACK
[07:16:52] [112/458] CLDR
[07:16:53] [113/458] JYCR
[07:16:54] [114/458] DCRP
[07:16:55] [115/458] RAHT
[07:16:56] [116/458] CSSM
[07:16:57] [117/458] ATPK
[07:16:57] [118/458] KLRT
[07:16:58] 🔄 Identity reset
[07:16:58] 🔄 Identity rotated (every 10 requests)
[07:16:58] [119/458] SRDD
[07:16:59] [120/458] CKMC
[07:17:00] [121/458] KRVM
[07:17:01] [122/458] AKCP
[07:17:02] [123/458] CNCV
[07:17:03] [124/458] PACT
[07:17:04] [125/458] NATP
[07:17:04] [126/458] PCPK
[07:17:05] [127/458] SMHO
[07:17:06] [128/458] CWTK
[07:17:07] 🔄 Identity reset
[07:17:07] 🔄 Identity rotated (every 10 requests)
[07:17:07] [129/458] RVKZ
[07:17:08] [130/458] ASPD
[07:17:09] [131/458] VTKZ
[07:17:09] [132/458] LCSO
[07:17:10] [133/458] PRDY
[07:17:11] [134/458] RCAP
[07:17:12] [135/458] RGAR
[07:17:13] [136/458] RCAC
[07:17:13] [137/458] PMOD
[07:17:15] [138/458] PVCN
[07:17:16] 🔄 Identity reset
[07:17:16] 🔄 Identity rotated (every 10 requests)
[07:17:16] [139/458] SCRZ
[07:17:18] [140/458] PVPC
[07:17:19] [141/458] STID
[07:17:19] [142/458] NEDD
[07:17:20] [143/458] BNBA
[07:17:21] [144/458] NTCD
[07:17:21] [145/458] OCDE
[07:17:22] [146/458] CCDU
[07:17:23] [147/458] CRXH
[07:17:24] [148/458] VLVT
[07:17:24] 🔄 Identity reset
[07:17:24] 🔄 Identity rotated (every 10 requests)
[07:17:24] [149/458] CICI
[07:17:25] [150/458] SUCB
[07:17:26] [151/458] TCBP
[07:17:27] [152/458] SCCY
[07:17:28] [153/458] LXCY
[07:17:29] [154/458] NCMD
[07:17:29] [155/458] PHCS
[07:17:30] [156/458] DUXR
[07:17:31] [157/458] VNKS
[07:17:32] [158/458] SEDP
[07:17:32] 🔄 Identity reset
[07:17:32] 🔄 Identity rotated (every 10 requests)
[07:17:33] [159/458] SVEN
[07:17:33] [160/458] SRKM
[07:17:34] [161/458] JTLT
[07:17:35] [162/458] SVSS
[07:17:36] [163/458] AMDE
[07:17:36] [164/458] WVRN
[07:17:37] [165/458] ISMG
[07:17:38] [166/458] WVKS
[07:17:38] [167/458] USCG
[07:17:39] [168/458] IOTG
[07:17:40] 🔄 Identity reset
[07:17:40] 🔄 Identity rotated (every 10 requests)
[07:17:40] [169/458] RRJM
[07:17:41] [170/458] EDMP
[07:17:41] [171/458] SCGZ
[07:17:43] [172/458] GMGX
[07:17:43] [173/458] OMTP
[07:17:44] [174/458] MITD
[07:17:45] [175/458] SMMD
[07:17:46] [176/458] STML
[07:17:47] [177/458] MCFS
[07:17:48] [178/458] FPKA
[07:17:49] 🔄 Identity reset
[07:17:49] 🔄 Identity rotated (every 10 requests)
[07:17:50] [179/458] OMLR
[07:17:50] [180/458] KKSC
[07:17:51] [181/458] RVMA
[07:17:52] [182/458] SCLL
[07:17:54] [183/458] SCDK
[07:17:54] [184/458] SXMI
[07:17:55] [185/458] SHDN
[07:17:56] [186/458] PAAD
[07:17:57] [187/458] UUCB
[07:17:57] [188/458] JHOL
[07:17:58] 🔄 Identity reset
[07:17:58] 🔄 Identity rotated (every 10 requests)
[07:17:58] [189/458] SGWT
[07:17:59] [190/458] SRII
[07:18:00] [191/458] SGCK
[07:18:01] [192/458] SVVB
[07:18:02] [193/458] DMHA
[07:18:03] [194/458] PPNL
[07:18:03] [195/458] CPNL
[07:18:04] [196/458] WVLD
[07:18:05] [197/458] PSLV
[07:18:06] [198/458] VTTL
[07:18:07] 🔄 Identity reset
[07:18:07] 🔄 Identity rotated (every 10 requests)
[07:18:07] 🔄 Retry 1/5 for VTTL in 2.1s
[07:18:07] 🔄 Identity reset
[07:18:09] 🧠 New identity created
[07:18:09] [199/458] NPAD
[07:18:10] [200/458] PVCS
[07:18:11] [201/458] MCHL
[07:18:12] [202/458] PPLL
[07:18:12] [203/458] MALO
[07:18:13] [204/458] SWBH
[07:18:14] [205/458] PUGB
[07:18:15] [206/458] INBB
[07:18:15] [207/458] INNS
[07:18:16] 🔄 Identity reset
[07:18:16] 🔄 Identity rotated (every 10 requests)
[07:18:16] [208/458] MCPT
[07:18:17] [209/458] SCMI
[07:18:18] [210/458] OCON
[07:18:19] [211/458] SCSM
[07:18:20] [212/458] RJVN
[07:18:21] [213/458] AMDK
[07:18:22] [214/458] ISMR
[07:18:23] [215/458] SMTD
[07:18:24] [216/458] VTDD
[07:18:25] [217/458] PDDZ
[07:18:25] 🔄 Identity reset
[07:18:25] 🔄 Identity rotated (every 10 requests)
[07:18:26] [218/458] PCCK
[07:18:26] [219/458] INAM
[07:18:27] [220/458] FNKT
[07:18:28] [221/458] GDKA
[07:18:30] [222/458] MAYU
[07:18:31] [223/458] TCGU
[07:18:31] [224/458] KDCA
[07:18:32] [225/458] DOMY
[07:18:33] [226/458] PDDD
[07:18:34] [227/458] BJTS
[07:18:34] 🔄 Identity reset
[07:18:34] 🔄 Identity rotated (every 10 requests)
[07:18:35] [228/458] VTCA
[07:18:36] [229/458] SBTM
[07:18:37] [230/458] SEET
[07:18:38] [231/458] SSTJ
[07:18:40] [232/458] SVNT
[07:18:40] [233/458] PPPR
[07:18:41] [234/458] PVYS
[07:18:42] [235/458] IOSE
[07:18:43] [236/458] ACTV
[07:18:44] [237/458] APVE
[07:18:44] 🔄 Identity reset
[07:18:44] 🔄 Identity rotated (every 10 requests)
[07:18:44] [238/458] TCCL
[07:18:45] [239/458] SCMO
[07:18:46] [240/458] SAUM
[07:18:47] [241/458] KCJS
[07:18:48] [242/458] NJCJ
[07:18:48] [243/458] NECF
[07:18:49] [244/458] CCGW
[07:18:50] [245/458] CCMG
[07:18:51] [246/458] NYRG
[07:18:52] [247/458] NCSQ
[07:18:53] 🔄 Identity reset
[07:18:53] 🔄 Identity rotated (every 10 requests)
[07:18:53] [248/458] GRCG
[07:18:54] [249/458] CCBT
[07:18:55] [250/458] ACGA
[07:18:56] [251/458] INAG
[07:18:56] [252/458] FUCG
[07:18:57] [253/458] AICF
[07:18:58] [254/458] GRGA
[07:18:58] [255/458] GDCN
[07:18:59] [256/458] RRCG
[07:19:00] [257/458] SDCH
[07:19:01] 🔄 Identity reset
[07:19:01] 🔄 Identity rotated (every 10 requests)
[07:19:01] [258/458] WVJM
[07:19:01] [259/458] JCCZ
[07:19:02] [260/458] CNCL
[07:19:03] [261/458] TMLV
[07:19:04] [262/458] MEMB
[07:19:05] [263/458] SGTD
[07:19:05] [264/458] CONX
[07:19:06] [265/458] CCMH
[07:19:07] [266/458] ACMC
[07:19:08] [267/458] DTPD
[07:19:08] 🔄 Identity reset
[07:19:08] 🔄 Identity rotated (every 10 requests)
[07:19:09] [268/458] POJA
[07:19:10] [269/458] FNBH
[07:19:10] [270/458] CGCB
[07:19:11] [271/458] RACN
[07:19:12] [272/458] JTSM
[07:19:13] [273/458] SCDN
[07:19:13] [274/458] AACK
[07:19:14] [275/458] RMCE
[07:19:15] [276/458] BSGB
[07:19:16] [277/458] MRCB
[07:19:16] 🔄 Identity reset
[07:19:16] 🔄 Identity rotated (every 10 requests)
[07:19:16] [278/458] SRVR
[07:19:17] [279/458] VTKK
[07:19:18] [280/458] AMST
[07:19:19] [281/458] APCY
[07:19:20] [282/458] LMHO
[07:19:21] [283/458] MTZH
[07:19:22] [284/458] AMZB
[07:19:22] [285/458] SUVT
[07:19:23] [286/458] RCIP
[07:19:24] [287/458] KESR
[07:19:25] 🔄 Identity reset
[07:19:25] 🔄 Identity rotated (every 10 requests)
[07:19:25] [288/458] SNKC
[07:19:26] [289/458] SCED
[07:19:27] [290/458] DVCA
[07:19:27] [291/458] VCDT
[07:19:28] [292/458] RRDI
[07:19:29] [293/458] DFCH
[07:19:30] [294/458] INSC
[07:19:30] [295/458] RGTR
[07:19:31] [296/458] FMOT
[07:19:31] [297/458] SCPM
[07:19:32] 🔄 Identity reset
[07:19:32] 🔄 Identity rotated (every 10 requests)
[07:19:32] [298/458] GCDT
[07:19:33] [299/458] BRKT
[07:19:34] [300/458] DEMP
[07:19:34] [301/458] SRLC
[07:19:35] [302/458] KSTT
[07:19:36] [303/458] SMMT
[07:19:37] [304/458] SILM
[07:19:37] [305/458] JCVM
[07:19:38] [306/458] KCSV
[07:19:39] [307/458] MHLK
[07:19:40] 🔄 Identity reset
[07:19:40] 🔄 Identity rotated (every 10 requests)
[07:19:40] [308/458] SLVL
[07:19:41] [309/458] RJKP
[07:19:42] [310/458] BBPC
[07:19:43] [311/458] MXCB
[07:19:43] [312/458] TCPK
[07:19:44] [313/458] RTBR
[07:19:45] [314/458] GAUT
[07:19:46] [315/458] DVCF
[07:19:47] [316/458] JTSB
[07:19:47] [317/458] SBLS
[07:19:48] 🔄 Identity reset
[07:19:48] 🔄 Identity rotated (every 10 requests)
[07:19:48] [318/458] UDAY
[07:19:49] [319/458] PTNP
[07:19:49] [320/458] DMKT
[07:19:50] [321/458] NTDT
[07:19:51] [322/458] SHDJ
[07:19:52] [323/458] OTNC
[07:19:53] [324/458] RNTW
[07:19:53] [325/458] GCMI
[07:19:54] [326/458] CRCM
[07:19:55] [327/458] NNCZ
[07:19:56] 🔄 Identity reset
[07:19:56] 🔄 Identity rotated (every 10 requests)
[07:19:56] [328/458] OEMO
[07:19:57] [329/458] PVJM
[07:19:58] [330/458] CPJI
[07:19:59] [331/458] RMCJ
[07:20:00] [332/458] CNWJ
[07:20:01] [333/458] EPJM
[07:20:02] [334/458] FNJJ
[07:20:03] [335/458] GCMJ
[07:20:03] [336/458] INPS
[07:20:04] [337/458] BICJ
[07:20:04] 🔄 Identity reset
[07:20:04] 🔄 Identity rotated (every 10 requests)
[07:20:04] [338/458] ISTJ
[07:20:05] [339/458] INJC
[07:20:06] [340/458] GLXJ
[07:20:07] [341/458] INEM
[07:20:08] [342/458] JTMN
[07:20:09] [343/458] FRCJ
[07:20:10] [344/458] DDJP
[07:20:11] [345/458] INJV
[07:20:11] [346/458] GOLC
[07:20:12] [347/458] KOCI
[07:20:13] 🔄 Identity reset
[07:20:13] 🔄 Identity rotated (every 10 requests)
[07:20:13] 🔄 Retry 1/5 for KOCI in 2.7s
[07:20:13] 🔄 Identity reset
[07:20:16] 🧠 New identity created
[07:20:16] 🔄 Retry 2/5 for KOCI in 4.4s
[07:20:16] 🔄 Identity reset
[07:20:20] 🧠 New identity created
[07:20:20] [348/458] FSTD
[07:20:21] [349/458] PACJ
[07:20:22] [350/458] GMCN
[07:20:23] [351/458] MMDJ
[07:20:24] [352/458] GODH
[07:20:25] [353/458] SKYN
[07:20:26] [354/458] NCTH
[07:20:27] [355/458] SKVZ
[07:20:27] 🔄 Identity reset
[07:20:27] 🔄 Identity rotated (every 10 requests)
[07:20:28] [356/458] SVML
[07:20:29] [357/458] ACVZ
[07:20:30] [358/458] SURA
[07:20:31] [359/458] RTRB
[07:20:32] [360/458] LLCT
[07:20:33] [361/458] ATTS
[07:20:34] [362/458] JYCM
[07:20:35] [363/458] CTKR
[07:20:36] [364/458] LCKR
[07:20:37] [365/458] NYCV
[07:20:37] 🔄 Identity reset
[07:20:37] 🔄 Identity rotated (every 10 requests)
[07:20:38] [366/458] NYOH
[07:20:39] [367/458] NOVX
[07:20:39] [368/458] MRGK
[07:20:40] [369/458] MOON
[07:20:41] [370/458] SBUC
[07:20:42] [371/458] GSVA
[07:20:43] [372/458] VIAK
[07:20:44] [373/458] SMVZ
[07:20:45] [374/458] MATE
[07:20:46] [375/458] RDCN
[07:20:46] 🔄 Identity reset
[07:20:46] 🔄 Identity rotated (every 10 requests)
[07:20:47] [376/458] ASBL
[07:20:47] [377/458] ASVS
[07:20:48] [378/458] ASSR
[07:20:49] [379/458] SSKN
[07:20:50] [380/458] DRPV
[07:20:51] [381/458] MRHT
[07:20:52] [382/458] BSCN
[07:20:52] [383/458] RKNX
[07:20:53] [384/458] MSMC
[07:20:54] [385/458] MSCJ
[07:20:55] 🔄 Identity reset
[07:20:55] 🔄 Identity rotated (every 10 requests)
[07:20:55] 🔄 Retry 1/5 for MSCJ in 2.7s
[07:20:55] 🔄 Identity reset
[07:20:58] 🧠 New identity created
[07:20:58] [386/458] BTBJ
[07:20:59] [387/458] MJCC
[07:20:59] [388/458] IOMM
[07:21:00] [389/458] ADGR
[07:21:01] [390/458] MYCP
[07:21:02] [391/458] IGCM
[07:21:03] [392/458] PGRK
[07:21:04] [393/458] VPGO
[07:21:05] [394/458] KOMS
[07:21:05] 🔄 Identity reset
[07:21:05] 🔄 Identity rotated (every 10 requests)
[07:21:06] [395/458] URGG
[07:21:07] [396/458] GOST
[07:21:07] [397/458] LACT
[07:21:08] [398/458] BWCM
[07:21:09] [399/458] NCCW
[07:21:10] [400/458] SKYC
[07:21:10] [401/458] CCPM
[07:21:11] [402/458] VCBT
[07:21:12] [403/458] SDKR
[07:21:13] [404/458] CTYB
[07:21:13] 🔄 Identity reset
[07:21:13] 🔄 Identity rotated (every 10 requests)
[07:21:13] 🔄 Retry 1/5 for CTYB in 2.5s
[07:21:13] 🔄 Identity reset
[07:21:16] 🧠 New identity created
[07:21:16] 🔄 Retry 2/5 for CTYB in 4.9s
[07:21:16] 🔄 Identity reset
[07:21:21] 🧠 New identity created
[07:21:21] [405/458] SHCX
[07:21:22] [406/458] RCUN
[07:21:23] [407/458] CNRA
[07:21:24] [408/458] RFCA
[07:21:24] [409/458] RDCU
[07:21:25] [410/458] SARK
[07:21:27] [411/458] SPPP
[07:21:27] [412/458] ADMB
[07:21:28] 🔄 Identity reset
[07:21:28] 🔄 Identity rotated (every 10 requests)
[07:21:28] 🔄 Retry 1/5 for ADMB in 2.6s
[07:21:28] 🔄 Identity reset
[07:21:31] 🧠 New identity created
[07:21:31] [413/458] JYOE
[07:21:32] [414/458] SRMD
[07:21:33] [415/458] RJDH
[07:21:34] [416/458] SSTD
[07:21:35] [417/458] AACV
[07:21:35] [418/458] PPVD
[07:21:37] [419/458] STCP
[07:21:38] [420/458] ANLS
[07:21:39] [421/458] BIJO
[07:21:39] 🔄 Identity reset
[07:21:39] 🔄 Identity rotated (every 10 requests)
[07:21:40] [422/458] AVAB
[07:21:40] [423/458] SPMD
[07:21:42] [424/458] SVJL
[07:21:43] [425/458] SDDJ
[07:21:43] [426/458] SLTU
[07:21:44] [427/458] SAKA
[07:21:45] [428/458] PMAM
[07:21:46] [429/458] FNAM
[07:21:47] [430/458] ACAM
[07:21:48] [431/458] SCMM
[07:21:48] 🔄 Identity reset
[07:21:48] 🔄 Identity rotated (every 10 requests)
[07:21:48] 🔄 Retry 1/5 for SCMM in 2.1s
[07:21:48] 🔄 Identity reset
[07:21:50] 🧠 New identity created
[07:21:50] [432/458] PMAK
[07:21:51] [433/458] NYSA
[07:21:52] [434/458] FCPA
[07:21:53] [435/458] GDAN
[07:21:54] [436/458] RSCA
[07:21:55] [437/458] DMAN
[07:21:55] [438/458] DZCM
[07:21:56] [439/458] NSGL
[07:21:57] [440/458] CCPP
[07:21:58] 🔄 Identity reset
[07:21:58] 🔄 Identity rotated (every 10 requests)
[07:21:58] [441/458] PSMG
[07:21:59] [442/458] GSER
[07:21:59] [443/458] FCCT
[07:22:00] [444/458] FCTB
[07:22:01] [445/458] LCNK
[07:22:02] [446/458] SKTY
[07:22:03] [447/458] INAA
[07:22:03] [448/458] RCWN
[07:22:04] [449/458] VAIS
[07:22:05] [450/458] CVMN
[07:22:05] 🔄 Identity reset
[07:22:06] 🔄 Identity rotated (every 10 requests)
[07:22:06] [451/458] INTS
[07:22:07] [452/458] FRGS
[07:22:08] [453/458] DTCK
[07:22:09] [454/458] MCMH
[07:22:10] [455/458] ECRR
[07:22:11] [456/458] RLLP
[07:22:12] [457/458] CCSN
[07:22:12] [458/458] CCBA
[07:22:13] 🧹 Deduping shows
[07:22:13] ✅ DONE | Shows=1668 | Movies=39
[17:28:01] 🚀 SCRIPT STARTED (enhanced anti‑detection)
[17:28:01] [1/458] MBDC
[17:28:02] 🧠 New identity created
[17:28:02] [2/458] CHKM
[17:28:03] [3/458] JTKZ
[17:28:04] [4/458] CMCT
[17:28:05] [5/458] ASHO
[17:28:06] [6/458] ECDG
[17:28:07] [7/458] SPAT
[17:28:08] [8/458] HILC
[17:28:09] [9/458] SPPH
[17:28:10] [10/458] SBHN
[17:28:10] 🔄 Identity reset
[17:28:10] 🔄 Identity rotated (every 10 requests)
[17:28:11] 🔄 Retry 1/5 for SBHN in 2.9s
[17:28:11] 🔄 Identity reset
[17:28:13] 🧠 New identity created
[17:28:14] [11/458] RRCA
[17:28:14] [12/458] APAA
[17:28:15] [13/458] RAME
[17:28:16] [14/458] TMMS
[17:28:17] [15/458] BATK
[17:28:18] [16/458] LKOP
[17:28:19] [17/458] AMTT
[17:28:20] [18/458] PTGK
[17:28:21] [19/458] ANRS
[17:28:21] 🔄 Identity reset
[17:28:21] 🔄 Identity rotated (every 10 requests)
[17:28:21] 🔄 Retry 1/5 for ANRS in 2.9s
[17:28:21] 🔄 Identity reset
[17:28:24] 🧠 New identity created
[17:28:24] [20/458] VWBW
[17:28:25] [21/458] SVFG
[17:28:26] [22/458] STAT
[17:28:27] [23/458] GDCV
[17:28:28] [24/458] VEBI
[17:28:29] [25/458] VDSS
[17:28:30] [26/458] NTHV
[17:28:30] [27/458] AOCH
[17:28:31] [28/458] KASR
[17:28:32] 🔄 Identity reset
[17:28:32] 🔄 Identity rotated (every 10 requests)
[17:28:32] [29/458] AYCS
[17:28:33] [30/458] SHAI
[17:28:34] [31/458] SKPE
[17:28:34] [32/458] SBTA
[17:28:35] [33/458] RTTD
[17:28:36] [34/458] CCJD
[17:28:37] [35/458] RSJJ
[17:28:38] [36/458] RKND
[17:28:39] [37/458] SVTX
[17:28:40] [38/458] BAKM
[17:28:40] 🔄 Identity reset
[17:28:40] 🔄 Identity rotated (every 10 requests)
[17:28:40] 🔄 Retry 1/5 for BAKM in 2.8s
[17:28:40] 🔄 Identity reset
[17:28:43] 🧠 New identity created
[17:28:43] [39/458] SVDC
[17:28:44] [40/458] MNCV
[17:28:46] [41/458] SJGC
[17:28:47] [42/458] MTPK
[17:28:48] [43/458] GATP
[17:28:49] [44/458] ABTS
[17:28:49] [45/458] ABDE
[17:28:50] [46/458] RCNM
[17:28:51] [47/458] KTHV
[17:28:52] 🔄 Identity reset
[17:28:52] 🔄 Identity rotated (every 10 requests)
[17:28:52] [48/458] MDGJ
[17:28:53] [49/458] SMLM
[17:28:54] [50/458] JTMA
[17:28:55] [51/458] ACKP
[17:28:56] [52/458] SRTA
[17:28:56] [53/458] STAY
[17:28:57] [54/458] MAVO
[17:28:58] [55/458] APTS
[17:28:59] [56/458] OMEA
[17:29:00] [57/458] TTFD
[17:29:00] 🔄 Identity reset
[17:29:00] 🔄 Identity rotated (every 10 requests)
[17:29:01] 🔄 Retry 1/5 for TTFD in 2.5s
[17:29:01] 🔄 Identity reset
[17:29:03] 🧠 New identity created
[17:29:03] [58/458] MJCU
[17:29:04] [59/458] CXTE
[17:29:05] [60/458] CTPX
[17:29:06] [61/458] ASSL
[17:29:07] [62/458] CMVB
[17:29:08] [63/458] VPUR
[17:29:09] [64/458] JJDA
[17:29:10] [65/458] INBL
[17:29:12] [66/458] BIKB
[17:29:12] 🔄 Identity reset
[17:29:12] 🔄 Identity rotated (every 10 requests)
[17:29:12] 🔄 Retry 1/5 for BIKB in 2.4s
[17:29:12] 🔄 Identity reset
[17:29:15] 🧠 New identity created
[17:29:15] [67/458] NTBB
[17:29:16] [68/458] GLOB
[17:29:17] [69/458] SNTB
[17:29:18] [70/458] CHGV
[17:29:19] [71/458] SSBZ
[17:29:20] [72/458] PRDB
[17:29:21] [73/458] ISMT
[17:29:22] [74/458] MCSD
[17:29:22] [75/458] JBTT
[17:29:23] 🔄 Identity reset
[17:29:23] 🔄 Identity rotated (every 10 requests)
[17:29:23] [76/458] GEKR
[17:29:24] [77/458] PVUN
[17:29:25] [78/458] NRTB
[17:29:26] [79/458] PRAA
[17:29:26] [80/458] PCBL
[17:29:27] [81/458] PTCM
[17:29:28] [82/458] KHNN
[17:29:29] [83/458] OMJE
[17:29:30] [84/458] STGN
[17:29:31] [85/458] RPMS
[17:29:31] 🔄 Identity reset
[17:29:31] 🔄 Identity rotated (every 10 requests)
[17:29:31] 🔄 Retry 1/5 for RPMS in 2.0s
[17:29:31] 🔄 Identity reset
[17:29:33] 🧠 New identity created
[17:29:33] 🔄 Retry 2/5 for RPMS in 4.9s
[17:29:33] 🔄 Identity reset
[17:29:38] 🧠 New identity created
[17:29:39] [86/458] NWAD
[17:29:40] [87/458] BLCK
[17:29:41] [88/458] SVAA
[17:29:41] [89/458] URVM
[17:29:42] [90/458] ANTM
[17:29:43] [91/458] VJYM
[17:29:44] [92/458] MAZZ
[17:29:45] [93/458] CSHM
[17:29:46] 🔄 Identity reset
[17:29:46] 🔄 Identity rotated (every 10 requests)
[17:29:46] 🔄 Retry 1/5 for CSHM in 2.8s
[17:29:46] 🔄 Identity reset
[17:29:49] 🧠 New identity created
[17:29:49] [94/458] WGMH
[17:29:50] [95/458] SALN
[17:29:51] [96/458] BRTP
[17:29:52] [97/458] SVTA
[17:29:52] [98/458] SBTP
[17:29:53] [99/458] VLSS
[17:29:54] [100/458] SRJA
[17:29:56] [101/458] ANCG
[17:29:57] [102/458] CGGC
[17:29:57] 🔄 Identity reset
[17:29:57] 🔄 Identity rotated (every 10 requests)
[17:29:58] [103/458] CRJA
[17:29:59] [104/458] USCR
[17:29:59] [105/458] MMEF
[17:30:00] [106/458] JCRJ
[17:30:02] [107/458] ADCM
[17:30:03] [108/458] BMYK
[17:30:04] [109/458] KICS
[17:30:04] [110/458] MBBT
[17:30:05] [111/458] MACK
[17:30:07] [112/458] CLDR
[17:30:07] 🔄 Identity reset
[17:30:07] 🔄 Identity rotated (every 10 requests)
[17:30:08] [113/458] JYCR
[17:30:09] [114/458] DCRP
[17:30:09] [115/458] RAHT
[17:30:10] [116/458] CSSM
[17:30:11] [117/458] ATPK
[17:30:12] [118/458] KLRT
[17:30:13] [119/458] SRDD
[17:30:14] [120/458] CKMC
[17:30:15] [121/458] KRVM
[17:30:16] [122/458] AKCP
[17:30:16] 🔄 Identity reset
[17:30:16] 🔄 Identity rotated (every 10 requests)
[17:30:16] [123/458] CNCV
[17:30:17] [124/458] PACT
[17:30:18] [125/458] NATP
[17:30:19] [126/458] PCPK
[17:30:20] [127/458] SMHO
[17:30:21] [128/458] CWTK
[17:30:22] [129/458] RVKZ
[17:30:23] [130/458] ASPD
[17:30:23] [131/458] VTKZ
[17:30:24] [132/458] LCSO
[17:30:25] 🔄 Identity reset
[17:30:25] 🔄 Identity rotated (every 10 requests)
[17:30:25] [133/458] PRDY
[17:30:26] [134/458] RCAP
[17:30:27] [135/458] RGAR
[17:30:28] [136/458] RCAC
[17:30:29] [137/458] PMOD
[17:30:30] [138/458] PVCN
[17:30:31] [139/458] SCRZ
[17:30:32] [140/458] PVPC
[17:30:33] [141/458] STID
[17:30:34] [142/458] NEDD
[17:30:34] 🔄 Identity reset
[17:30:34] 🔄 Identity rotated (every 10 requests)
[17:30:34] 🔄 Retry 1/5 for NEDD in 2.6s
[17:30:34] 🔄 Identity reset
[17:30:37] 🧠 New identity created
[17:30:37] [143/458] BNBA
[17:30:38] [144/458] NTCD
[17:30:39] [145/458] OCDE
[17:30:40] [146/458] CCDU
[17:30:41] [147/458] CRXH
[17:30:42] [148/458] VLVT
[17:30:43] [149/458] CICI
[17:30:44] [150/458] SUCB
[17:30:45] [151/458] TCBP
[17:30:45] 🔄 Identity reset
[17:30:45] 🔄 Identity rotated (every 10 requests)
[17:30:46] [152/458] SCCY
[17:30:47] [153/458] LXCY
[17:30:47] [154/458] NCMD
[17:30:48] [155/458] PHCS
[17:30:49] [156/458] DUXR
[17:30:51] [157/458] VNKS
[17:30:52] [158/458] SEDP
[17:30:53] [159/458] SVEN
[17:30:54] [160/458] SRKM
[17:30:55] [161/458] JTLT
[17:30:56] 🔄 Identity reset
[17:30:56] 🔄 Identity rotated (every 10 requests)
[17:30:56] 🔄 Retry 1/5 for JTLT in 2.9s
[17:30:56] 🔄 Identity reset
[17:30:59] 🧠 New identity created
[17:30:59] [162/458] SVSS
[17:31:01] [163/458] AMDE
[17:31:02] [164/458] WVRN
[17:31:03] [165/458] ISMG
[17:31:04] [166/458] WVKS
[17:31:05] [167/458] USCG
[17:31:06] [168/458] IOTG
[17:31:07] [169/458] RRJM
[17:31:08] [170/458] EDMP
[17:31:08] 🔄 Identity reset
[17:31:08] 🔄 Identity rotated (every 10 requests)
[17:31:09] [171/458] SCGZ
[17:31:09] [172/458] GMGX
[17:31:10] [173/458] OMTP
[17:31:12] [174/458] MITD
[17:31:12] [175/458] SMMD
[17:31:13] [176/458] STML
[17:31:14] [177/458] MCFS
[17:31:15] [178/458] FPKA
[17:31:16] [179/458] OMLR
[17:31:16] [180/458] KKSC
[17:31:17] 🔄 Identity reset
[17:31:17] 🔄 Identity rotated (every 10 requests)
[17:31:17] [181/458] RVMA
[17:31:18] [182/458] SCLL
[17:31:19] [183/458] SCDK
[17:31:20] [184/458] SXMI
[17:31:21] [185/458] SHDN
[17:31:21] [186/458] PAAD
[17:31:22] [187/458] UUCB
[17:31:23] [188/458] JHOL
[17:31:24] [189/458] SGWT
[17:31:25] [190/458] SRII
[17:31:26] 🔄 Identity reset
[17:31:26] 🔄 Identity rotated (every 10 requests)
[17:31:26] [191/458] SGCK
[17:31:27] [192/458] SVVB
[17:31:28] [193/458] DMHA
[17:31:29] [194/458] PPNL
[17:31:30] [195/458] CPNL
[17:31:31] [196/458] WVLD
[17:31:32] [197/458] PSLV
[17:31:33] [198/458] VTTL
[17:31:34] [199/458] NPAD
[17:31:35] [200/458] PVCS
[17:31:36] 🔄 Identity reset
[17:31:36] 🔄 Identity rotated (every 10 requests)
[17:31:36] [201/458] MCHL
[17:31:37] [202/458] PPLL
[17:31:38] [203/458] MALO
[17:31:39] [204/458] SWBH
[17:31:40] [205/458] PUGB
[17:31:41] [206/458] INBB
[17:31:42] [207/458] INNS
[17:31:43] [208/458] MCPT
[17:31:44] [209/458] SCMI
[17:31:45] [210/458] OCON
[17:31:45] 🔄 Identity reset
[17:31:45] 🔄 Identity rotated (every 10 requests)
[17:31:46] [211/458] SCSM
[17:31:47] [212/458] RJVN
[17:31:48] [213/458] AMDK
[17:31:49] [214/458] ISMR
[17:31:50] [215/458] SMTD
[17:31:51] [216/458] VTDD
[17:31:51] [217/458] PDDZ
[17:31:52] [218/458] PCCK
[17:31:53] [219/458] INAM
[17:31:54] [220/458] FNKT
[17:31:54] 🔄 Identity reset
[17:31:55] 🔄 Identity rotated (every 10 requests)
[17:31:55] 🔄 Retry 1/5 for FNKT in 2.3s
[17:31:55] 🔄 Identity reset
[17:31:57] 🧠 New identity created
[17:31:57] [221/458] GDKA
[17:31:58] [222/458] MAYU
[17:31:59] [223/458] TCGU
[17:32:00] [224/458] KDCA
[17:32:00] [225/458] DOMY
[17:32:01] [226/458] PDDD
[17:32:02] [227/458] BJTS
[17:32:03] [228/458] VTCA
[17:32:04] [229/458] SBTM
[17:32:04] 🔄 Identity reset
[17:32:04] 🔄 Identity rotated (every 10 requests)
[17:32:05] [230/458] SEET
[17:32:06] [231/458] SSTJ
[17:32:07] [232/458] SVNT
[17:32:08] [233/458] PPPR
[17:32:09] [234/458] PVYS
[17:32:10] [235/458] IOSE
[17:32:11] [236/458] ACTV
[17:32:12] [237/458] APVE
[17:32:13] [238/458] TCCL
[17:32:14] [239/458] SCMO
[17:32:14] 🔄 Identity reset
[17:32:14] 🔄 Identity rotated (every 10 requests)
[17:32:15] [240/458] SAUM
[17:32:16] [241/458] KCJS
[17:32:16] [242/458] NJCJ
[17:32:17] [243/458] NECF
[17:32:18] [244/458] CCGW
[17:32:19] [245/458] CCMG
[17:32:20] [246/458] NYRG
[17:32:21] [247/458] NCSQ
[17:32:22] [248/458] GRCG
[17:32:23] [249/458] CCBT
[17:32:23] 🔄 Identity reset
[17:32:23] 🔄 Identity rotated (every 10 requests)
[17:32:24] [250/458] ACGA
[17:32:24] [251/458] INAG
[17:32:25] [252/458] FUCG
[17:32:26] [253/458] AICF
[17:32:27] [254/458] GRGA
[17:32:28] [255/458] GDCN
[17:32:28] [256/458] RRCG
[17:32:29] [257/458] SDCH
[17:32:30] [258/458] WVJM
[17:32:31] [259/458] JCCZ
[17:32:32] 🔄 Identity reset
[17:32:32] 🔄 Identity rotated (every 10 requests)
[17:32:32] [260/458] CNCL
[17:32:33] [261/458] TMLV
[17:32:34] [262/458] MEMB
[17:32:35] [263/458] SGTD
[17:32:35] [264/458] CONX
[17:32:37] [265/458] CCMH
[17:32:38] [266/458] ACMC
[17:32:38] [267/458] DTPD
[17:32:39] [268/458] POJA
[17:32:40] [269/458] FNBH
[17:32:41] 🔄 Identity reset
[17:32:41] 🔄 Identity rotated (every 10 requests)
[17:32:41] [270/458] CGCB
[17:32:42] [271/458] RACN
[17:32:43] [272/458] JTSM
[17:32:44] [273/458] SCDN
[17:32:45] [274/458] AACK
[17:32:46] [275/458] RMCE
[17:32:46] [276/458] BSGB
[17:32:47] [277/458] MRCB
[17:32:48] [278/458] SRVR
[17:32:49] [279/458] VTKK
[17:32:50] 🔄 Identity reset
[17:32:50] 🔄 Identity rotated (every 10 requests)
[17:32:50] [280/458] AMST
[17:32:51] [281/458] APCY
[17:32:52] [282/458] LMHO
[17:32:53] [283/458] MTZH
[17:32:53] [284/458] AMZB
[17:32:54] [285/458] SUVT
[17:32:55] [286/458] RCIP
[17:32:56] [287/458] KESR
[17:32:57] [288/458] SNKC
[17:32:58] [289/458] SCED
[17:32:58] 🔄 Identity reset
[17:32:58] 🔄 Identity rotated (every 10 requests)
[17:32:59] [290/458] DVCA
[17:33:00] [291/458] VCDT
[17:33:00] [292/458] RRDI
[17:33:01] [293/458] DFCH
[17:33:02] [294/458] INSC
[17:33:03] [295/458] RGTR
[17:33:04] [296/458] FMOT
[17:33:05] [297/458] SCPM
[17:33:06] [298/458] GCDT
[17:33:06] [299/458] BRKT
[17:33:07] 🔄 Identity reset
[17:33:07] 🔄 Identity rotated (every 10 requests)
[17:33:07] [300/458] DEMP
[17:33:08] [301/458] SRLC
[17:33:09] [302/458] KSTT
[17:33:11] [303/458] SMMT
[17:33:12] [304/458] SILM
[17:33:12] [305/458] JCVM
[17:33:13] [306/458] KCSV
[17:33:14] [307/458] MHLK
[17:33:15] [308/458] SLVL
[17:33:16] [309/458] RJKP
[17:33:16] 🔄 Identity reset
[17:33:16] 🔄 Identity rotated (every 10 requests)
[17:33:17] [310/458] BBPC
[17:33:17] [311/458] MXCB
[17:33:18] [312/458] TCPK
[17:33:19] [313/458] RTBR
[17:33:20] [314/458] GAUT
[17:33:21] [315/458] DVCF
[17:33:22] [316/458] JTSB
[17:33:23] [317/458] SBLS
[17:33:24] [318/458] UDAY
[17:33:25] [319/458] PTNP
[17:33:25] 🔄 Identity reset
[17:33:25] 🔄 Identity rotated (every 10 requests)
[17:33:26] [320/458] DMKT
[17:33:27] [321/458] NTDT
[17:33:28] [322/458] SHDJ
[17:33:28] [323/458] OTNC
[17:33:29] [324/458] RNTW
[17:33:31] [325/458] GCMI
[17:33:31] [326/458] CRCM
[17:33:32] [327/458] NNCZ
[17:33:33] [328/458] OEMO
[17:33:34] [329/458] PVJM
[17:33:35] 🔄 Identity reset
[17:33:35] 🔄 Identity rotated (every 10 requests)
[17:33:35] 🔄 Retry 1/5 for PVJM in 2.5s
[17:33:35] 🔄 Identity reset
[17:33:37] 🧠 New identity created
[17:33:37] [330/458] CPJI
[17:33:38] [331/458] RMCJ
[17:33:39] [332/458] CNWJ
[17:33:40] [333/458] EPJM
[17:33:42] [334/458] FNJJ
[17:33:42] [335/458] GCMJ
[17:33:43] [336/458] INPS
[17:33:44] [337/458] BICJ
[17:33:45] [338/458] ISTJ
[17:33:46] 🔄 Identity reset
[17:33:46] 🔄 Identity rotated (every 10 requests)
[17:33:46] [339/458] INJC
[17:33:48] [340/458] GLXJ
[17:33:48] [341/458] INEM
[17:33:49] [342/458] JTMN
[17:33:50] [343/458] FRCJ
[17:33:51] [344/458] DDJP
[17:33:52] [345/458] INJV
[17:33:53] [346/458] GOLC
[17:33:54] [347/458] KOCI
[17:33:55] [348/458] FSTD
[17:33:56] 🔄 Identity reset
[17:33:56] 🔄 Identity rotated (every 10 requests)
[17:33:56] 🔄 Retry 1/5 for FSTD in 2.2s
[17:33:56] 🔄 Identity reset
[17:33:58] 🧠 New identity created
[17:33:59] [349/458] PACJ
[17:33:59] [350/458] GMCN
[17:34:00] [351/458] MMDJ
[17:34:01] [352/458] GODH
[17:34:02] [353/458] SKYN
[17:34:03] [354/458] NCTH
[17:34:04] [355/458] SKVZ
[17:34:05] [356/458] SVML
[17:34:06] [357/458] ACVZ
[17:34:06] 🔄 Identity reset
[17:34:06] 🔄 Identity rotated (every 10 requests)
[17:34:07] [358/458] SURA
[17:34:07] [359/458] RTRB
[17:34:08] [360/458] LLCT
[17:34:09] [361/458] ATTS
[17:34:10] [362/458] JYCM
[17:34:11] [363/458] CTKR
[17:34:12] [364/458] LCKR
[17:34:13] [365/458] NYCV
[17:34:14] [366/458] NYOH
[17:34:15] [367/458] NOVX
[17:34:16] 🔄 Identity reset
[17:34:16] 🔄 Identity rotated (every 10 requests)
[17:34:17] [368/458] MRGK
[17:34:18] [369/458] MOON
[17:34:19] [370/458] SBUC
[17:34:20] [371/458] GSVA
[17:34:21] [372/458] VIAK
[17:34:22] [373/458] SMVZ
[17:34:23] [374/458] MATE
[17:34:24] [375/458] RDCN
[17:34:25] [376/458] ASBL
[17:34:26] [377/458] ASVS
[17:34:26] 🔄 Identity reset
[17:34:26] 🔄 Identity rotated (every 10 requests)
[17:34:26] [378/458] ASSR
[17:34:27] [379/458] SSKN
[17:34:28] [380/458] DRPV
[17:34:29] [381/458] MRHT
[17:34:30] [382/458] BSCN
[17:34:30] [383/458] RKNX
[17:34:31] [384/458] MSMC
[17:34:32] [385/458] MSCJ
[17:34:33] [386/458] BTBJ
[17:34:34] [387/458] MJCC
[17:34:34] 🔄 Identity reset
[17:34:35] 🔄 Identity rotated (every 10 requests)
[17:34:35] [388/458] IOMM
[17:34:36] [389/458] ADGR
[17:34:37] [390/458] MYCP
[17:34:37] [391/458] IGCM
[17:34:38] [392/458] PGRK
[17:34:39] [393/458] VPGO
[17:34:40] [394/458] KOMS
[17:34:41] [395/458] URGG
[17:34:42] [396/458] GOST
[17:34:42] [397/458] LACT
[17:34:43] 🔄 Identity reset
[17:34:43] 🔄 Identity rotated (every 10 requests)
[17:34:43] [398/458] BWCM
[17:34:44] [399/458] NCCW
[17:34:45] [400/458] SKYC
[17:34:46] [401/458] CCPM
[17:34:47] [402/458] VCBT
[17:34:47] [403/458] SDKR
[17:34:48] [404/458] CTYB
[17:34:49] [405/458] SHCX
[17:34:50] [406/458] RCUN
[17:34:51] [407/458] CNRA
[17:34:51] 🔄 Identity reset
[17:34:51] 🔄 Identity rotated (every 10 requests)
[17:34:52] [408/458] RFCA
[17:34:52] [409/458] RDCU
[17:34:53] [410/458] SARK
[17:34:54] [411/458] SPPP
[17:34:55] [412/458] ADMB
[17:34:56] [413/458] JYOE
[17:34:57] [414/458] SRMD
[17:34:57] [415/458] RJDH
[17:34:58] [416/458] SSTD
[17:34:59] [417/458] AACV
[17:35:00] 🔄 Identity reset
[17:35:00] 🔄 Identity rotated (every 10 requests)
[17:35:00] [418/458] PPVD
[17:35:01] [419/458] STCP
[17:35:02] [420/458] ANLS
[17:35:03] [421/458] BIJO
[17:35:04] [422/458] AVAB
[17:35:04] [423/458] SPMD
[17:35:05] [424/458] SVJL
[17:35:06] [425/458] SDDJ
[17:35:07] [426/458] SLTU
[17:35:08] [427/458] SAKA
[17:35:09] 🔄 Identity reset
[17:35:09] 🔄 Identity rotated (every 10 requests)
[17:35:09] [428/458] PMAM
[17:35:10] [429/458] FNAM
[17:35:11] [430/458] ACAM
[17:35:12] [431/458] SCMM
[17:35:12] [432/458] PMAK
[17:35:13] [433/458] NYSA
[17:35:14] [434/458] FCPA
[17:35:15] [435/458] GDAN
[17:35:15] [436/458] RSCA
[17:35:16] [437/458] DMAN
[17:35:17] 🔄 Identity reset
[17:35:17] 🔄 Identity rotated (every 10 requests)
[17:35:17] [438/458] DZCM
[17:35:19] [439/458] NSGL
[17:35:20] [440/458] CCPP
[17:35:21] [441/458] PSMG
[17:35:21] [442/458] GSER
[17:35:22] [443/458] FCCT
[17:35:23] [444/458] FCTB
[17:35:24] [445/458] LCNK
[17:35:25] [446/458] SKTY
[17:35:26] [447/458] INAA
[17:35:26] 🔄 Identity reset
[17:35:26] 🔄 Identity rotated (every 10 requests)
[17:35:27] [448/458] RCWN
[17:35:28] [449/458] VAIS
[17:35:29] [450/458] CVMN
[17:35:30] [451/458] INTS
[17:35:31] [452/458] FRGS
[17:35:32] [453/458] DTCK
[17:35:33] [454/458] MCMH
[17:35:34] [455/458] ECRR
[17:35:34] [456/458] RLLP
[17:35:35] [457/458] CCSN
[17:35:36] 🔄 Identity reset
[17:35:36] 🔄 Identity rotated (every 10 requests)
[17:35:36] [458/458] CCBA
[17:35:37] 🧹 Deduping shows
[17:35:37] ✅ DONE | Shows=1789 | Movies=41
[18:17:10] 🚀 SCRIPT STARTED (enhanced anti‑detection)
[18:17:10] [1/458] MBDC
[18:17:10] 🧠 New identity created
[18:17:11] [2/458] CHKM
[18:17:11] [3/458] JTKZ
[18:17:12] [4/458] CMCT
[18:17:14] [5/458] ASHO
[18:17:14] [6/458] ECDG
[18:17:15] [7/458] SPAT
[18:17:16] [8/458] HILC
[18:17:18] [9/458] SPPH
[18:17:18] [10/458] SBHN
[18:17:19] 🔄 Identity reset
[18:17:19] 🔄 Identity rotated (every 10 requests)
[18:17:19] [11/458] RRCA
[18:17:20] [12/458] APAA
[18:17:21] [13/458] RAME
[18:17:22] [14/458] TMMS
[18:17:23] [15/458] BATK
[18:17:23] [16/458] LKOP
[18:17:24] [17/458] AMTT
[18:17:25] [18/458] PTGK
[18:17:26] [19/458] ANRS
[18:17:27] [20/458] VWBW
[18:17:27] 🔄 Identity reset
[18:17:27] 🔄 Identity rotated (every 10 requests)
[18:17:28] 🔄 Retry 1/5 for VWBW in 2.7s
[18:17:28] 🔄 Identity reset
[18:17:30] 🧠 New identity created
[18:17:30] 🔄 Retry 2/5 for VWBW in 4.3s
[18:17:30] 🔄 Identity reset
[18:17:35] 🧠 New identity created
[18:17:35] 🔄 Retry 3/5 for VWBW in 8.6s
[18:17:35] 🔄 Identity reset
[18:17:43] 🧠 New identity created
[18:17:44] [21/458] SVFG
[18:17:45] [22/458] STAT
[18:17:46] [23/458] GDCV
[18:17:47] [24/458] VEBI
[18:17:48] [25/458] VDSS
[18:17:49] [26/458] NTHV
[18:17:50] [27/458] AOCH
[18:17:50] 🔄 Identity reset
[18:17:51] 🔄 Identity rotated (every 10 requests)
[18:17:51] [28/458] KASR
[18:17:52] [29/458] AYCS
[18:17:53] [30/458] SHAI
[18:17:54] [31/458] SKPE
[18:17:55] [32/458] SBTA
[18:17:56] [33/458] RTTD
[18:17:56] [34/458] CCJD
[18:17:57] [35/458] RSJJ
[18:17:58] [36/458] RKND
[18:17:59] [37/458] SVTX
[18:18:00] 🔄 Identity reset
[18:18:00] 🔄 Identity rotated (every 10 requests)
[18:18:00] [38/458] BAKM
[18:18:01] [39/458] SVDC
[18:18:02] [40/458] MNCV
[18:18:03] [41/458] SJGC
[18:18:03] [42/458] MTPK
[18:18:04] [43/458] GATP
[18:18:05] [44/458] ABTS
[18:18:06] [45/458] ABDE
[18:18:07] [46/458] RCNM
[18:18:08] [47/458] KTHV
[18:18:09] 🔄 Identity reset
[18:18:09] 🔄 Identity rotated (every 10 requests)
[18:18:09] 🔄 Retry 1/5 for KTHV in 2.5s
[18:18:09] 🔄 Identity reset
[18:18:11] 🧠 New identity created
[18:18:12] [48/458] MDGJ
[18:18:12] [49/458] SMLM
[18:18:13] [50/458] JTMA
[18:18:14] [51/458] ACKP
[18:18:15] [52/458] SRTA
[18:18:15] [53/458] STAY
[18:18:16] [54/458] MAVO
[18:18:18] [55/458] APTS
[18:18:18] [56/458] OMEA
[18:18:19] 🔄 Identity reset
[18:18:19] 🔄 Identity rotated (every 10 requests)
[18:18:19] 🔄 Retry 1/5 for OMEA in 2.8s
[18:18:19] 🔄 Identity reset
[18:18:22] 🧠 New identity created
[18:18:22] [57/458] TTFD
[18:18:23] [58/458] MJCU
[18:18:24] [59/458] CXTE
[18:18:25] [60/458] CTPX
[18:18:25] [61/458] ASSL
[18:18:26] [62/458] CMVB
[18:18:27] [63/458] VPUR
[18:18:28] [64/458] JJDA
[18:18:29] [65/458] INBL
[18:18:30] 🔄 Identity reset
[18:18:30] 🔄 Identity rotated (every 10 requests)
[18:18:30] [66/458] BIKB
[18:18:31] [67/458] NTBB
[18:18:32] [68/458] GLOB
[18:18:33] [69/458] SNTB
[18:18:33] [70/458] CHGV
[18:18:34] [71/458] SSBZ
[18:18:35] [72/458] PRDB
[18:18:36] [73/458] ISMT
[18:18:37] [74/458] MCSD
[18:18:38] [75/458] JBTT
[18:18:38] 🔄 Identity reset
[18:18:38] 🔄 Identity rotated (every 10 requests)
[18:18:39] [76/458] GEKR
[18:18:39] [77/458] PVUN
[18:18:40] [78/458] NRTB
[18:18:41] [79/458] PRAA
[18:18:42] [80/458] PCBL
[18:18:43] [81/458] PTCM
[18:18:44] [82/458] KHNN
[18:18:45] [83/458] OMJE
[18:18:46] [84/458] STGN
[18:18:46] [85/458] RPMS
[18:18:47] 🔄 Identity reset
[18:18:47] 🔄 Identity rotated (every 10 requests)
[18:18:47] 🔄 Retry 1/5 for RPMS in 2.2s
[18:18:47] 🔄 Identity reset
[18:18:49] 🧠 New identity created
[18:18:50] [86/458] NWAD
[18:18:51] [87/458] BLCK
[18:18:52] [88/458] SVAA
[18:18:53] [89/458] URVM
[18:18:54] [90/458] ANTM
[18:18:55] [91/458] VJYM
[18:18:56] [92/458] MAZZ
[18:18:56] [93/458] CSHM
[18:18:57] [94/458] WGMH
[18:18:58] 🔄 Identity reset
[18:18:58] 🔄 Identity rotated (every 10 requests)
[18:18:58] [95/458] SALN
[18:18:59] [96/458] BRTP
[18:19:00] [97/458] SVTA
[18:19:01] [98/458] SBTP
[18:19:02] [99/458] VLSS
[18:19:03] [100/458] SRJA
[18:19:03] [101/458] ANCG
[18:19:04] [102/458] CGGC
[18:19:05] [103/458] CRJA
[18:19:06] [104/458] USCR
[18:19:07] 🔄 Identity reset
[18:19:07] 🔄 Identity rotated (every 10 requests)
[18:19:07] 🔄 Retry 1/5 for USCR in 2.5s
[18:19:07] 🔄 Identity reset
[18:19:09] 🧠 New identity created
[18:19:10] [105/458] MMEF
[18:19:11] [106/458] JCRJ
[18:19:12] [107/458] ADCM
[18:19:13] [108/458] BMYK
[18:19:14] [109/458] KICS
[18:19:15] [110/458] MBBT
[18:19:16] [111/458] MACK
[18:19:18] [112/458] CLDR
[18:19:18] [113/458] JYCR
[18:19:19] 🔄 Identity reset
[18:19:19] 🔄 Identity rotated (every 10 requests)
[18:19:19] 🔄 Retry 1/5 for JYCR in 2.4s
[18:19:19] 🔄 Identity reset
[18:19:22] 🧠 New identity created
[18:19:23] [114/458] DCRP
[18:19:23] [115/458] RAHT
[18:19:24] [116/458] CSSM
[18:19:25] [117/458] ATPK
[18:19:26] [118/458] KLRT
[18:19:28] [119/458] SRDD
[18:19:29] [120/458] CKMC
[18:19:29] [121/458] KRVM
[18:19:30] [122/458] AKCP
[18:19:31] 🔄 Identity reset
[18:19:31] 🔄 Identity rotated (every 10 requests)
[18:19:31] 🔄 Retry 1/5 for AKCP in 2.9s
[18:19:31] 🔄 Identity reset
[18:19:34] 🧠 New identity created
[18:19:34] 🔄 Retry 2/5 for AKCP in 4.8s
[18:19:34] 🔄 Identity reset
[18:19:39] 🧠 New identity created
[18:19:39] [123/458] CNCV
[18:19:40] [124/458] PACT
[18:19:41] [125/458] NATP
[18:19:41] [126/458] PCPK
[18:19:42] [127/458] SMHO
[18:19:43] [128/458] CWTK
[18:19:44] [129/458] RVKZ
[18:19:45] [130/458] ASPD
[18:19:46] 🔄 Identity reset
[18:19:46] 🔄 Identity rotated (every 10 requests)
[18:19:46] 🔄 Retry 1/5 for ASPD in 2.5s
[18:19:46] 🔄 Identity reset
[18:19:48] 🧠 New identity created
[18:19:48] 🔄 Retry 2/5 for ASPD in 4.4s
[18:19:48] 🔄 Identity reset
[18:19:53] 🧠 New identity created
[18:19:53] [131/458] VTKZ
[18:19:54] [132/458] LCSO
[18:19:54] [133/458] PRDY
[18:19:55] [134/458] RCAP
[18:19:56] [135/458] RGAR
[18:19:58] [136/458] RCAC
[18:19:59] [137/458] PMOD
[18:19:59] [138/458] PVCN
[18:20:00] 🔄 Identity reset
[18:20:00] 🔄 Identity rotated (every 10 requests)
[18:20:00] [139/458] SCRZ
[18:20:01] [140/458] PVPC
[18:20:02] [141/458] STID
[18:20:03] [142/458] NEDD
[18:20:04] [143/458] BNBA
[18:20:04] [144/458] NTCD
[18:20:06] [145/458] OCDE
[18:20:06] [146/458] CCDU
[18:20:07] [147/458] CRXH
[18:20:08] [148/458] VLVT
[18:20:09] 🔄 Identity reset
[18:20:09] 🔄 Identity rotated (every 10 requests)
[18:20:09] 🔄 Retry 1/5 for VLVT in 2.5s
[18:20:09] 🔄 Identity reset
[18:20:11] 🧠 New identity created
[18:20:12] [149/458] CICI
[18:20:13] [150/458] SUCB
[18:20:13] [151/458] TCBP
[18:20:14] [152/458] SCCY
[18:20:15] [153/458] LXCY
[18:20:16] [154/458] NCMD
[18:20:17] [155/458] PHCS
[18:20:18] [156/458] DUXR
[18:20:19] [157/458] VNKS
[18:20:19] 🔄 Identity reset
[18:20:19] 🔄 Identity rotated (every 10 requests)
[18:20:20] [158/458] SEDP
[18:20:21] [159/458] SVEN
[18:20:22] [160/458] SRKM
[18:20:22] [161/458] JTLT
[18:20:23] [162/458] SVSS
[18:20:24] [163/458] AMDE
[18:20:25] [164/458] WVRN
[18:20:26] [165/458] ISMG
[18:20:26] [166/458] WVKS
[18:20:27] [167/458] USCG
[18:20:28] 🔄 Identity reset
[18:20:28] 🔄 Identity rotated (every 10 requests)
[18:20:28] [168/458] IOTG
[18:20:29] [169/458] RRJM
[18:20:30] [170/458] EDMP
[18:20:31] [171/458] SCGZ
[18:20:32] [172/458] GMGX
[18:20:32] [173/458] OMTP
[18:20:33] [174/458] MITD
[18:20:35] [175/458] SMMD
[18:20:35] [176/458] STML
[18:20:36] [177/458] MCFS
[18:20:37] 🔄 Identity reset
[18:20:37] 🔄 Identity rotated (every 10 requests)
[18:20:37] 🔄 Retry 1/5 for MCFS in 2.1s
[18:20:37] 🔄 Identity reset
[18:20:39] 🧠 New identity created
[18:20:39] [178/458] FPKA
[18:20:41] [179/458] OMLR
[18:20:42] [180/458] KKSC
[18:20:43] [181/458] RVMA
[18:20:43] [182/458] SCLL
[18:20:44] [183/458] SCDK
[18:20:45] [184/458] SXMI
[18:20:46] [185/458] SHDN
[18:20:47] [186/458] PAAD
[18:20:48] 🔄 Identity reset
[18:20:48] 🔄 Identity rotated (every 10 requests)
[18:20:48] [187/458] UUCB
[18:20:49] [188/458] JHOL
[18:20:50] [189/458] SGWT
[18:20:51] [190/458] SRII
[18:20:52] [191/458] SGCK
[18:20:53] [192/458] SVVB
[18:20:54] [193/458] DMHA
[18:20:55] [194/458] PPNL
[18:20:55] [195/458] CPNL
[18:20:56] [196/458] WVLD
[18:20:57] 🔄 Identity reset
[18:20:57] 🔄 Identity rotated (every 10 requests)
[18:20:57] 🔄 Retry 1/5 for WVLD in 2.2s
[18:20:57] 🔄 Identity reset
[18:20:59] 🧠 New identity created
[18:21:00] [197/458] PSLV
[18:21:00] [198/458] VTTL
[18:21:01] [199/458] NPAD
[18:21:02] [200/458] PVCS
[18:21:03] [201/458] MCHL
[18:21:04] [202/458] PPLL
[18:21:05] [203/458] MALO
[18:21:06] [204/458] SWBH
[18:21:06] [205/458] PUGB
[18:21:07] 🔄 Identity reset
[18:21:07] 🔄 Identity rotated (every 10 requests)
[18:21:08] [206/458] INBB
[18:21:09] [207/458] INNS
[18:21:10] [208/458] MCPT
[18:21:11] [209/458] SCMI
[18:21:12] [210/458] OCON
[18:21:12] [211/458] SCSM
[18:21:13] [212/458] RJVN
[18:21:14] [213/458] AMDK
[18:21:15] [214/458] ISMR
[18:21:16] [215/458] SMTD
[18:21:16] 🔄 Identity reset
[18:21:16] 🔄 Identity rotated (every 10 requests)
[18:21:17] [216/458] VTDD
[18:21:17] [217/458] PDDZ
[18:21:19] [218/458] PCCK
[18:21:20] [219/458] INAM
[18:21:21] [220/458] FNKT
[18:21:22] [221/458] GDKA
[18:21:23] [222/458] MAYU
[18:21:23] [223/458] TCGU
[18:21:24] [224/458] KDCA
[18:21:25] [225/458] DOMY
[18:21:26] 🔄 Identity reset
[18:21:26] 🔄 Identity rotated (every 10 requests)
[18:21:26] [226/458] PDDD
[18:21:27] [227/458] BJTS
[18:21:28] [228/458] VTCA
[18:21:29] [229/458] SBTM
[18:21:30] [230/458] SEET
[18:21:31] [231/458] SSTJ
[18:21:32] [232/458] SVNT
[18:21:33] [233/458] PPPR
[18:21:34] [234/458] PVYS
[18:21:35] [235/458] IOSE
[18:21:35] 🔄 Identity reset
[18:21:35] 🔄 Identity rotated (every 10 requests)
[18:21:36] [236/458] ACTV
[18:21:37] [237/458] APVE
[18:21:38] [238/458] TCCL
[18:21:39] [239/458] SCMO
[18:21:40] [240/458] SAUM
[18:21:40] [241/458] KCJS
[18:21:41] [242/458] NJCJ
[18:21:43] [243/458] NECF
[18:21:44] [244/458] CCGW
[18:21:44] [245/458] CCMG
[18:21:45] 🔄 Identity reset
[18:21:45] 🔄 Identity rotated (every 10 requests)
[18:21:45] [246/458] NYRG
[18:21:47] [247/458] NCSQ
[18:21:48] [248/458] GRCG
[18:21:49] [249/458] CCBT
[18:21:49] [250/458] ACGA
[18:21:51] [251/458] INAG
[18:21:52] [252/458] FUCG
[18:21:53] [253/458] AICF
[18:21:54] [254/458] GRGA
[18:21:55] [255/458] GDCN
[18:21:56] 🔄 Identity reset
[18:21:56] 🔄 Identity rotated (every 10 requests)
[18:21:56] [256/458] RRCG
[18:21:57] [257/458] SDCH
[18:21:58] [258/458] WVJM
[18:21:59] [259/458] JCCZ
[18:22:00] [260/458] CNCL
[18:22:00] [261/458] TMLV
[18:22:02] [262/458] MEMB
[18:22:02] [263/458] SGTD
[18:22:03] [264/458] CONX
[18:22:04] [265/458] CCMH
[18:22:05] 🔄 Identity reset
[18:22:05] 🔄 Identity rotated (every 10 requests)
[18:22:05] 🔄 Retry 1/5 for CCMH in 2.9s
[18:22:05] 🔄 Identity reset
[18:22:08] 🧠 New identity created
[18:22:09] [266/458] ACMC
[18:22:10] [267/458] DTPD
[18:22:11] [268/458] POJA
[18:22:12] [269/458] FNBH
[18:22:13] [270/458] CGCB
[18:22:14] [271/458] RACN
[18:22:15] [272/458] JTSM
[18:22:16] [273/458] SCDN
[18:22:17] [274/458] AACK
[18:22:17] 🔄 Identity reset
[18:22:17] 🔄 Identity rotated (every 10 requests)
[18:22:18] [275/458] RMCE
[18:22:19] [276/458] BSGB
[18:22:19] [277/458] MRCB
[18:22:20] [278/458] SRVR
[18:22:21] [279/458] VTKK
[18:22:22] [280/458] AMST
[18:22:24] [281/458] APCY
[18:22:25] [282/458] LMHO
[18:22:25] [283/458] MTZH
[18:22:26] [284/458] AMZB
[18:22:27] 🔄 Identity reset
[18:22:27] 🔄 Identity rotated (every 10 requests)
[18:22:27] 🔄 Retry 1/5 for AMZB in 2.2s
[18:22:27] 🔄 Identity reset
[18:22:29] 🧠 New identity created
[18:22:29] 🔄 Retry 2/5 for AMZB in 4.9s
[18:22:29] 🔄 Identity reset
[18:22:34] 🧠 New identity created
[18:22:34] [285/458] SUVT
[18:22:35] [286/458] RCIP
[18:22:36] [287/458] KESR
[18:22:37] [288/458] SNKC
[18:22:38] [289/458] SCED
[18:22:39] [290/458] DVCA
[18:22:40] [291/458] VCDT
[18:22:41] [292/458] RRDI
[18:22:42] 🔄 Identity reset
[18:22:42] 🔄 Identity rotated (every 10 requests)
[18:22:42] [293/458] DFCH
[18:22:43] [294/458] INSC
[18:22:44] [295/458] RGTR
[18:22:45] [296/458] FMOT
[18:22:46] [297/458] SCPM
[18:22:46] [298/458] GCDT
[18:22:47] [299/458] BRKT
[18:22:48] [300/458] DEMP
[18:22:49] [301/458] SRLC
[18:22:50] [302/458] KSTT
[18:22:50] 🔄 Identity reset
[18:22:50] 🔄 Identity rotated (every 10 requests)
[18:22:50] 🔄 Retry 1/5 for KSTT in 2.2s
[18:22:50] 🔄 Identity reset
[18:22:52] 🧠 New identity created
[18:22:53] [303/458] SMMT
[18:22:54] [304/458] SILM
[18:22:54] [305/458] JCVM
[18:22:55] [306/458] KCSV
[18:22:56] [307/458] MHLK
[18:22:57] [308/458] SLVL
[18:22:58] [309/458] RJKP
[18:22:59] [310/458] BBPC
[18:23:00] [311/458] MXCB
[18:23:01] 🔄 Identity reset
[18:23:01] 🔄 Identity rotated (every 10 requests)
[18:23:01] [312/458] TCPK
[18:23:02] [313/458] RTBR
[18:23:02] [314/458] GAUT
[18:23:04] [315/458] DVCF
[18:23:05] [316/458] JTSB
[18:23:06] [317/458] SBLS
[18:23:07] [318/458] UDAY
[18:23:08] [319/458] PTNP
[18:23:09] [320/458] DMKT
[18:23:10] [321/458] NTDT
[18:23:11] 🔄 Identity reset
[18:23:11] 🔄 Identity rotated (every 10 requests)
[18:23:11] [322/458] SHDJ
[18:23:12] [323/458] OTNC
[18:23:13] [324/458] RNTW
[18:23:14] [325/458] GCMI
[18:23:15] [326/458] CRCM
[18:23:16] [327/458] NNCZ
[18:23:17] [328/458] OEMO
[18:23:17] [329/458] PVJM
[18:23:18] [330/458] CPJI
[18:23:19] [331/458] RMCJ
[18:23:20] 🔄 Identity reset
[18:23:20] 🔄 Identity rotated (every 10 requests)
[18:23:20] 🔄 Retry 1/5 for RMCJ in 2.3s
[18:23:20] 🔄 Identity reset
[18:23:22] 🧠 New identity created
[18:23:23] [332/458] CNWJ
[18:23:23] [333/458] EPJM
[18:23:24] [334/458] FNJJ
[18:23:25] [335/458] GCMJ
[18:23:26] [336/458] INPS
[18:23:27] [337/458] BICJ
[18:23:28] [338/458] ISTJ
[18:23:29] [339/458] INJC
[18:23:30] [340/458] GLXJ
[18:23:31] 🔄 Identity reset
[18:23:31] 🔄 Identity rotated (every 10 requests)
[18:23:31] [341/458] INEM
[18:23:32] [342/458] JTMN
[18:23:33] [343/458] FRCJ
[18:23:34] [344/458] DDJP
[18:23:35] [345/458] INJV
[18:23:36] [346/458] GOLC
[18:23:37] [347/458] KOCI
[18:23:38] [348/458] FSTD
[18:23:39] [349/458] PACJ
[18:23:39] [350/458] GMCN
[18:23:40] 🔄 Identity reset
[18:23:40] 🔄 Identity rotated (every 10 requests)
[18:23:40] [351/458] MMDJ
[18:23:41] [352/458] GODH
[18:23:42] [353/458] SKYN
[18:23:43] [354/458] NCTH
[18:23:44] [355/458] SKVZ
[18:23:45] [356/458] SVML
[18:23:45] [357/458] ACVZ
[18:23:46] [358/458] SURA
[18:23:47] [359/458] RTRB
[18:23:48] [360/458] LLCT
[18:23:49] 🔄 Identity reset
[18:23:49] 🔄 Identity rotated (every 10 requests)
[18:23:49] [361/458] ATTS
[18:23:50] [362/458] JYCM
[18:23:51] [363/458] CTKR
[18:23:52] [364/458] LCKR
[18:23:53] [365/458] NYCV
[18:23:53] [366/458] NYOH
[18:23:54] [367/458] NOVX
[18:23:55] [368/458] MRGK
[18:23:56] [369/458] MOON
[18:23:57] [370/458] SBUC
[18:23:57] 🔄 Identity reset
[18:23:57] 🔄 Identity rotated (every 10 requests)
[18:23:58] [371/458] GSVA
[18:23:59] [372/458] VIAK
[18:23:59] [373/458] SMVZ
[18:24:00] [374/458] MATE
[18:24:01] [375/458] RDCN
[18:24:03] [376/458] ASBL
[18:24:04] [377/458] ASVS
[18:24:05] [378/458] ASSR
[18:24:05] [379/458] SSKN
[18:24:07] [380/458] DRPV
[18:24:07] 🔄 Identity reset
[18:24:07] 🔄 Identity rotated (every 10 requests)
[18:24:08] [381/458] MRHT
[18:24:09] [382/458] BSCN
[18:24:09] [383/458] RKNX
[18:24:10] [384/458] MSMC
[18:24:11] [385/458] MSCJ
[18:24:12] [386/458] BTBJ
[18:24:13] [387/458] MJCC
[18:24:14] [388/458] IOMM
[18:24:15] [389/458] ADGR
[18:24:16] [390/458] MYCP
[18:24:16] 🔄 Identity reset
[18:24:16] 🔄 Identity rotated (every 10 requests)
[18:24:17] [391/458] IGCM
[18:24:18] [392/458] PGRK
[18:24:18] [393/458] VPGO
[18:24:19] [394/458] KOMS
[18:24:20] [395/458] URGG
[18:24:21] [396/458] GOST
[18:24:21] [397/458] LACT
[18:24:22] [398/458] BWCM
[18:24:23] [399/458] NCCW
[18:24:24] [400/458] SKYC
[18:24:25] 🔄 Identity reset
[18:24:25] 🔄 Identity rotated (every 10 requests)
[18:24:25] [401/458] CCPM
[18:24:26] [402/458] VCBT
[18:24:27] [403/458] SDKR
[18:24:28] [404/458] CTYB
[18:24:29] [405/458] SHCX
[18:24:29] [406/458] RCUN
[18:24:30] [407/458] CNRA
[18:24:31] [408/458] RFCA
[18:24:32] [409/458] RDCU
[18:24:33] [410/458] SARK
[18:24:33] 🔄 Identity reset
[18:24:33] 🔄 Identity rotated (every 10 requests)
[18:24:34] [411/458] SPPP
[18:24:34] [412/458] ADMB
[18:24:35] [413/458] JYOE
[18:24:36] [414/458] SRMD
[18:24:38] [415/458] RJDH
[18:24:39] [416/458] SSTD
[18:24:39] [417/458] AACV
[18:24:40] [418/458] PPVD
[18:24:41] [419/458] STCP
[18:24:42] [420/458] ANLS
[18:24:42] 🔄 Identity reset
[18:24:42] 🔄 Identity rotated (every 10 requests)
[18:24:43] [421/458] BIJO
[18:24:44] [422/458] AVAB
[18:24:45] [423/458] SPMD
[18:24:45] [424/458] SVJL
[18:24:46] [425/458] SDDJ
[18:24:47] [426/458] SLTU
[18:24:48] [427/458] SAKA
[18:24:49] [428/458] PMAM
[18:24:50] [429/458] FNAM
[18:24:51] [430/458] ACAM
[18:24:51] 🔄 Identity reset
[18:24:51] 🔄 Identity rotated (every 10 requests)
[18:24:51] 🔄 Retry 1/5 for ACAM in 2.4s
[18:24:51] 🔄 Identity reset
[18:24:54] 🧠 New identity created
[18:24:54] [431/458] SCMM
[18:24:55] [432/458] PMAK
[18:24:56] [433/458] NYSA
[18:24:57] [434/458] FCPA
[18:24:58] [435/458] GDAN
[18:24:59] [436/458] RSCA
[18:25:00] [437/458] DMAN
[18:25:01] [438/458] DZCM
[18:25:01] [439/458] NSGL
[18:25:02] 🔄 Identity reset
[18:25:02] 🔄 Identity rotated (every 10 requests)
[18:25:02] 🔄 Retry 1/5 for NSGL in 2.8s
[18:25:02] 🔄 Identity reset
[18:25:05] 🧠 New identity created
[18:25:05] [440/458] CCPP
[18:25:06] [441/458] PSMG
[18:25:07] [442/458] GSER
[18:25:08] [443/458] FCCT
[18:25:09] [444/458] FCTB
[18:25:10] [445/458] LCNK
[18:25:11] [446/458] SKTY
[18:25:12] [447/458] INAA
[18:25:13] [448/458] RCWN
[18:25:13] 🔄 Identity reset
[18:25:13] 🔄 Identity rotated (every 10 requests)
[18:25:14] [449/458] VAIS
[18:25:15] [450/458] CVMN
[18:25:15] [451/458] INTS
[18:25:16] [452/458] FRGS
[18:25:17] [453/458] DTCK
[18:25:18] [454/458] MCMH
[18:25:19] [455/458] ECRR
[18:25:20] [456/458] RLLP
[18:25:21] [457/458] CCSN
[18:25:22] [458/458] CCBA
[18:25:22] 🔄 Identity reset
[18:25:22] 🔄 Identity rotated (every 10 requests)
[18:25:23] 🧹 Deduping shows
[18:25:23] ✅ DONE | Shows=1773 | Movies=41
[18:27:24] 🚀 SCRIPT STARTED (enhanced anti‑detection)
[18:27:24] [1/458] MBDC
[18:27:24] 🧠 New identity created
[18:27:24] [2/458] CHKM
[18:27:25] [3/458] JTKZ
[18:27:26] [4/458] CMCT
[18:27:27] [5/458] ASHO
[18:27:28] [6/458] ECDG
[18:27:29] [7/458] SPAT
[18:27:30] [8/458] HILC
[18:27:31] [9/458] SPPH
[18:27:32] [10/458] SBHN
[18:27:32] 🔄 Identity reset
[18:27:32] 🔄 Identity rotated (every 10 requests)
[18:27:32] 🔄 Retry 1/5 for SBHN in 2.2s
[18:27:32] 🔄 Identity reset
[18:27:35] 🧠 New identity created
[18:27:35] 🔄 Retry 2/5 for SBHN in 4.5s
[18:27:35] 🔄 Identity reset
[18:27:39] 🧠 New identity created
[18:27:39] [11/458] RRCA
[18:27:40] [12/458] APAA
[18:27:41] [13/458] RAME
[18:27:42] [14/458] TMMS
[18:27:43] [15/458] BATK
[18:27:43] [16/458] LKOP
[18:27:44] [17/458] AMTT
[18:27:46] [18/458] PTGK
[18:27:47] 🔄 Identity reset
[18:27:47] 🔄 Identity rotated (every 10 requests)
[18:27:47] 🔄 Retry 1/5 for PTGK in 2.6s
[18:27:47] 🔄 Identity reset
[18:27:49] 🧠 New identity created
[18:27:49] 🔄 Retry 2/5 for PTGK in 4.8s
[18:27:49] 🔄 Identity reset
[18:27:54] 🧠 New identity created
[18:27:54] [19/458] ANRS
[18:27:55] [20/458] VWBW
[18:27:56] [21/458] SVFG
[18:27:57] [22/458] STAT
[18:27:58] [23/458] GDCV
[18:27:59] [24/458] VEBI
[18:28:00] [25/458] VDSS
[18:28:01] [26/458] NTHV
[18:28:01] 🔄 Identity reset
[18:28:01] 🔄 Identity rotated (every 10 requests)
[18:28:01] 🔄 Retry 1/5 for NTHV in 2.8s
[18:28:01] 🔄 Identity reset
[18:28:04] 🧠 New identity created
[18:28:05] [27/458] AOCH
[18:28:05] [28/458] KASR
[18:28:07] [29/458] AYCS
[18:28:08] [30/458] SHAI
[18:28:08] [31/458] SKPE
[18:28:09] [32/458] SBTA
[18:28:10] [33/458] RTTD
[18:28:12] [34/458] CCJD
[18:28:12] [35/458] RSJJ
[18:28:13] 🔄 Identity reset
[18:28:13] 🔄 Identity rotated (every 10 requests)
[18:28:13] 🔄 Retry 1/5 for RSJJ in 2.5s
[18:28:13] 🔄 Identity reset
[18:28:16] 🧠 New identity created
[18:28:16] [36/458] RKND
[18:28:17] [37/458] SVTX
[18:28:18] [38/458] BAKM
[18:28:19] [39/458] SVDC
[18:28:20] [40/458] MNCV
[18:28:21] [41/458] SJGC
[18:28:23] [42/458] MTPK
[18:28:24] [43/458] GATP
[18:28:25] [44/458] ABTS
[18:28:25] 🔄 Identity reset
[18:28:25] 🔄 Identity rotated (every 10 requests)
[18:28:26] 🔄 Retry 1/5 for ABTS in 2.9s
[18:28:26] 🔄 Identity reset
[18:28:28] 🧠 New identity created
[18:28:29] 🔄 Retry 2/5 for ABTS in 4.9s
[18:28:29] 🔄 Identity reset
[18:28:33] 🧠 New identity created
[18:28:34] [45/458] ABDE
[18:28:35] [46/458] RCNM
[18:28:36] [47/458] KTHV
[18:28:37] [48/458] MDGJ
[18:28:38] [49/458] SMLM
[18:28:38] [50/458] JTMA
[18:28:39] [51/458] ACKP
[18:28:40] [52/458] SRTA
[18:28:41] 🔄 Identity reset
[18:28:41] 🔄 Identity rotated (every 10 requests)
[18:28:41] 🔄 Retry 1/5 for SRTA in 2.1s
[18:28:41] 🔄 Identity reset
[18:28:43] 🧠 New identity created
[18:28:43] 🔄 Retry 2/5 for SRTA in 4.3s
[18:28:43] 🔄 Identity reset
[18:28:48] 🧠 New identity created
[18:28:48] [53/458] STAY
[18:28:49] [54/458] MAVO
[18:28:50] [55/458] APTS
[18:28:51] [56/458] OMEA
[18:28:51] [57/458] TTFD
[18:28:52] [58/458] MJCU
[18:28:53] [59/458] CXTE
[18:28:54] [60/458] CTPX
[18:28:55] 🔄 Identity reset
[18:28:55] 🔄 Identity rotated (every 10 requests)
[18:28:55] [61/458] ASSL
[18:28:56] [62/458] CMVB
[18:28:58] [63/458] VPUR
[18:28:59] [64/458] JJDA
[18:28:59] [65/458] INBL
[18:29:00] [66/458] BIKB
[18:29:02] [67/458] NTBB
[18:29:03] [68/458] GLOB
[18:29:04] [69/458] SNTB
[18:29:05] [70/458] CHGV
[18:29:05] 🔄 Identity reset
[18:29:05] 🔄 Identity rotated (every 10 requests)
[18:29:06] [71/458] SSBZ
[18:29:06] [72/458] PRDB
[18:29:07] [73/458] ISMT
[18:29:08] [74/458] MCSD
[18:29:10] [75/458] JBTT
[18:29:11] [76/458] GEKR
[18:29:12] [77/458] PVUN
[18:29:13] [78/458] NRTB
[18:29:14] [79/458] PRAA
[18:29:15] [80/458] PCBL
[18:29:16] 🔄 Identity reset
[18:29:16] 🔄 Identity rotated (every 10 requests)
[18:29:16] [81/458] PTCM
[18:29:17] [82/458] KHNN
[18:29:18] [83/458] OMJE
[18:29:19] [84/458] STGN
[18:29:20] [85/458] RPMS
[18:29:20] [86/458] NWAD
[18:29:21] [87/458] BLCK
[18:29:22] [88/458] SVAA
[18:29:23] [89/458] URVM
[18:29:24] [90/458] ANTM
[18:29:25] 🔄 Identity reset
[18:29:25] 🔄 Identity rotated (every 10 requests)
[18:29:26] [91/458] VJYM
[18:29:26] [92/458] MAZZ
[18:29:27] [93/458] CSHM
[18:29:28] [94/458] WGMH
[18:29:30] [95/458] SALN
[18:29:31] [96/458] BRTP
[18:29:32] [97/458] SVTA
[18:29:33] [98/458] SBTP
[18:29:34] [99/458] VLSS
[18:29:35] [100/458] SRJA
[18:29:35] 🔄 Identity reset
[18:29:35] 🔄 Identity rotated (every 10 requests)
[18:29:35] 🔄 Retry 1/5 for SRJA in 2.4s
[18:29:35] 🔄 Identity reset
[18:29:38] 🧠 New identity created
[18:29:38] 🔄 Retry 2/5 for SRJA in 4.7s
[18:29:38] 🔄 Identity reset
[18:29:42] 🧠 New identity created
[18:29:42] 🔄 Retry 3/5 for SRJA in 8.8s
[18:29:42] 🔄 Identity reset
[18:29:51] 🧠 New identity created
[18:29:52] [101/458] ANCG
[18:29:53] [102/458] CGGC
[18:29:53] [103/458] CRJA
[18:29:55] [104/458] USCR
[18:29:56] [105/458] MMEF
[18:29:57] [106/458] JCRJ
[18:29:58] [107/458] ADCM
[18:29:58] 🔄 Identity reset
[18:29:58] 🔄 Identity rotated (every 10 requests)
[18:29:59] [108/458] BMYK
[18:29:59] [109/458] KICS
[18:30:00] [110/458] MBBT
[18:30:01] [111/458] MACK
[18:30:02] [112/458] CLDR
[18:30:03] [113/458] JYCR
[18:30:04] [114/458] DCRP
[18:30:05] [115/458] RAHT
[18:30:06] [116/458] CSSM
[18:30:07] [117/458] ATPK
[18:30:07] 🔄 Identity reset
[18:30:07] 🔄 Identity rotated (every 10 requests)
[18:30:08] [118/458] KLRT
[18:30:09] [119/458] SRDD
[18:30:10] [120/458] CKMC
[18:30:11] [121/458] KRVM
[18:30:13] [122/458] AKCP
[18:30:14] [123/458] CNCV
[18:30:15] [124/458] PACT
[18:30:16] [125/458] NATP
[18:30:17] [126/458] PCPK
[18:30:17] [127/458] SMHO
[18:30:18] 🔄 Identity reset
[18:30:18] 🔄 Identity rotated (every 10 requests)
[18:30:18] [128/458] CWTK
[18:30:19] [129/458] RVKZ
[18:30:20] [130/458] ASPD
[18:30:21] [131/458] VTKZ
[18:30:22] [132/458] LCSO
[18:30:23] [133/458] PRDY
[18:30:24] [134/458] RCAP
[18:30:25] [135/458] RGAR
[18:30:26] [136/458] RCAC
[18:30:26] [137/458] PMOD
[18:30:27] 🔄 Identity reset
[18:30:27] 🔄 Identity rotated (every 10 requests)
[18:30:27] [138/458] PVCN
[18:30:28] [139/458] SCRZ
[18:30:29] [140/458] PVPC
[18:30:30] [141/458] STID
[18:30:31] [142/458] NEDD
[18:30:32] [143/458] BNBA
[18:30:33] [144/458] NTCD
[18:30:34] [145/458] OCDE
[18:30:35] [146/458] CCDU
[18:30:36] [147/458] CRXH
[18:30:36] 🔄 Identity reset
[18:30:36] 🔄 Identity rotated (every 10 requests)
[18:30:36] 🔄 Retry 1/5 for CRXH in 2.0s
[18:30:36] 🔄 Identity reset
[18:30:38] 🧠 New identity created
[18:30:39] [148/458] VLVT
[18:30:39] [149/458] CICI
[18:30:40] [150/458] SUCB
[18:30:41] [151/458] TCBP
[18:30:42] [152/458] SCCY
[18:30:44] [153/458] LXCY
[18:30:45] [154/458] NCMD
[18:30:45] [155/458] PHCS
[18:30:46] [156/458] DUXR
[18:30:47] 🔄 Identity reset
[18:30:47] 🔄 Identity rotated (every 10 requests)
[18:30:47] [157/458] VNKS
[18:30:48] [158/458] SEDP
[18:30:49] [159/458] SVEN
[18:30:50] [160/458] SRKM
[18:30:51] [161/458] JTLT
[18:30:52] [162/458] SVSS
[18:30:54] [163/458] AMDE
[18:30:55] [164/458] WVRN
[18:30:55] [165/458] ISMG
[18:30:56] [166/458] WVKS
[18:30:57] 🔄 Identity reset
[18:30:57] 🔄 Identity rotated (every 10 requests)
[18:30:57] [167/458] USCG
[18:30:58] [168/458] IOTG
[18:30:59] [169/458] RRJM
[18:31:00] [170/458] EDMP
[18:31:01] [171/458] SCGZ
[18:31:01] [172/458] GMGX
[18:31:02] [173/458] OMTP
[18:31:03] [174/458] MITD
[18:31:04] [175/458] SMMD
[18:31:05] [176/458] STML
[18:31:05] 🔄 Identity reset
[18:31:05] 🔄 Identity rotated (every 10 requests)
[18:31:05] 🔄 Retry 1/5 for STML in 2.9s
[18:31:05] 🔄 Identity reset
[18:31:08] 🧠 New identity created
[18:31:09] [177/458] MCFS
[18:31:10] [178/458] FPKA
[18:31:11] [179/458] OMLR
[18:31:12] [180/458] KKSC
[18:31:13] [181/458] RVMA
[18:31:14] [182/458] SCLL
[18:31:15] [183/458] SCDK
[18:31:15] [184/458] SXMI
[18:31:16] [185/458] SHDN
[18:31:17] 🔄 Identity reset
[18:31:17] 🔄 Identity rotated (every 10 requests)
[18:31:17] [186/458] PAAD
[18:31:18] [187/458] UUCB
[18:31:19] [188/458] JHOL
[18:31:20] [189/458] SGWT
[18:31:21] [190/458] SRII
[18:31:22] [191/458] SGCK
[18:31:23] [192/458] SVVB
[18:31:24] [193/458] DMHA
[18:31:25] [194/458] PPNL
[18:31:26] [195/458] CPNL
[18:31:26] 🔄 Identity reset
[18:31:26] 🔄 Identity rotated (every 10 requests)
[18:31:27] [196/458] WVLD
[18:31:28] [197/458] PSLV
[18:31:28] [198/458] VTTL
[18:31:30] [199/458] NPAD
[18:31:31] [200/458] PVCS
[18:31:32] [201/458] MCHL
[18:31:33] [202/458] PPLL
[18:31:33] [203/458] MALO
[18:31:34] [204/458] SWBH
[18:31:35] [205/458] PUGB
[18:31:36] 🔄 Identity reset
[18:31:36] 🔄 Identity rotated (every 10 requests)
[18:31:36] [206/458] INBB
[18:31:37] [207/458] INNS
[18:31:38] [208/458] MCPT
[18:31:39] [209/458] SCMI
[18:31:41] [210/458] OCON
[18:31:42] [211/458] SCSM
[18:31:43] [212/458] RJVN
[18:31:43] [213/458] AMDK
[18:31:44] [214/458] ISMR
[18:31:45] [215/458] SMTD
[18:31:45] 🔄 Identity reset
[18:31:46] 🔄 Identity rotated (every 10 requests)
[18:31:46] [216/458] VTDD
[18:31:47] [217/458] PDDZ
[18:31:52] [218/458] PCCK
[18:31:53] [219/458] INAM
[18:31:54] [220/458] FNKT
[18:31:54] [221/458] GDKA
[18:31:56] [222/458] MAYU
[18:31:57] [223/458] TCGU
[18:31:58] [224/458] KDCA
[18:31:59] [225/458] DOMY
[18:31:59] 🔄 Identity reset
[18:31:59] 🔄 Identity rotated (every 10 requests)
[18:31:59] 🔄 Retry 1/5 for DOMY in 2.6s
[18:31:59] 🔄 Identity reset
[18:32:02] 🧠 New identity created
[18:32:02] [226/458] PDDD
[18:32:03] [227/458] BJTS
[18:32:05] [228/458] VTCA
[18:32:06] [229/458] SBTM
[18:32:06] [230/458] SEET
[18:32:07] [231/458] SSTJ
[18:32:08] [232/458] SVNT
[18:32:09] [233/458] PPPR
[18:32:10] [234/458] PVYS
[18:32:11] 🔄 Identity reset
[18:32:11] 🔄 Identity rotated (every 10 requests)
[18:32:11] [235/458] IOSE
[18:32:12] [236/458] ACTV
[18:32:13] [237/458] APVE
[18:32:13] [238/458] TCCL
[18:32:14] [239/458] SCMO
[18:32:15] [240/458] SAUM
[18:32:16] [241/458] KCJS
[18:32:17] [242/458] NJCJ
[18:32:18] [243/458] NECF
[18:32:19] [244/458] CCGW
[18:32:19] 🔄 Identity reset
[18:32:19] 🔄 Identity rotated (every 10 requests)
[18:32:20] [245/458] CCMG
[18:32:20] [246/458] NYRG
[18:32:21] [247/458] NCSQ
[18:32:22] [248/458] GRCG
[18:32:23] [249/458] CCBT
[18:32:24] [250/458] ACGA
[18:32:25] [251/458] INAG
[18:32:27] [252/458] FUCG
[18:32:27] [253/458] AICF
[18:32:28] [254/458] GRGA
[18:32:29] 🔄 Identity reset
[18:32:29] 🔄 Identity rotated (every 10 requests)
[18:32:30] [255/458] GDCN
[18:32:31] [256/458] RRCG
[18:32:32] [257/458] SDCH
[18:32:33] [258/458] WVJM
[18:32:34] [259/458] JCCZ
[18:32:35] [260/458] CNCL
[18:32:36] [261/458] TMLV
[18:32:37] [262/458] MEMB
[18:32:38] [263/458] SGTD
[18:32:38] [264/458] CONX
[18:32:39] 🔄 Identity reset
[18:32:39] 🔄 Identity rotated (every 10 requests)
[18:32:39] [265/458] CCMH
[18:32:41] [266/458] ACMC
[18:32:42] [267/458] DTPD
[18:32:42] [268/458] POJA
[18:32:44] [269/458] FNBH
[18:32:45] [270/458] CGCB
[18:32:46] [271/458] RACN
[18:32:47] [272/458] JTSM
[18:32:48] [273/458] SCDN
[18:32:49] [274/458] AACK
[18:32:49] 🔄 Identity reset
[18:32:49] 🔄 Identity rotated (every 10 requests)
[18:32:49] [275/458] RMCE
[18:32:50] [276/458] BSGB
[18:32:51] [277/458] MRCB
[18:32:52] [278/458] SRVR
[18:32:53] [279/458] VTKK
[18:32:54] [280/458] AMST
[18:32:55] [281/458] APCY
[18:32:56] [282/458] LMHO
[18:32:57] [283/458] MTZH
[18:32:58] [284/458] AMZB
[18:32:58] 🔄 Identity reset
[18:32:58] 🔄 Identity rotated (every 10 requests)
[18:32:59] [285/458] SUVT
[18:33:00] [286/458] RCIP
[18:33:01] [287/458] KESR
[18:33:02] [288/458] SNKC
[18:33:03] [289/458] SCED
[18:33:04] [290/458] DVCA
[18:33:05] [291/458] VCDT
[18:33:07] [292/458] RRDI
[18:33:08] [293/458] DFCH
[18:33:09] [294/458] INSC
[18:33:10] 🔄 Identity reset
[18:33:10] 🔄 Identity rotated (every 10 requests)
[18:33:10] [295/458] RGTR
[18:33:11] [296/458] FMOT
[18:33:12] [297/458] SCPM
[18:33:13] [298/458] GCDT
[18:33:14] [299/458] BRKT
[18:33:14] [300/458] DEMP
[18:33:16] [301/458] SRLC
[18:33:17] [302/458] KSTT
[18:33:18] [303/458] SMMT
[18:33:19] [304/458] SILM
[18:33:19] 🔄 Identity reset
[18:33:19] 🔄 Identity rotated (every 10 requests)
[18:33:20] [305/458] JCVM
[18:33:21] [306/458] KCSV
[18:33:22] [307/458] MHLK
[18:33:23] [308/458] SLVL
[18:33:24] [309/458] RJKP
[18:33:25] [310/458] BBPC
[18:33:26] [311/458] MXCB
[18:33:26] [312/458] TCPK
[18:33:28] [313/458] RTBR
[18:33:29] [314/458] GAUT
[18:33:29] 🔄 Identity reset
[18:33:29] 🔄 Identity rotated (every 10 requests)
[18:33:30] 🔄 Retry 1/5 for GAUT in 2.3s
[18:33:30] 🔄 Identity reset
[18:33:32] 🧠 New identity created
[18:33:33] [315/458] DVCF
[18:33:34] [316/458] JTSB
[18:33:35] [317/458] SBLS
[18:33:36] [318/458] UDAY
[18:33:37] [319/458] PTNP
[18:33:38] [320/458] DMKT
[18:33:39] [321/458] NTDT
[18:33:40] [322/458] SHDJ
[18:33:41] [323/458] OTNC
[18:33:41] 🔄 Identity reset
[18:33:41] 🔄 Identity rotated (every 10 requests)
[18:33:42] [324/458] RNTW
[18:33:43] [325/458] GCMI
[18:33:43] [326/458] CRCM
[18:33:44] [327/458] NNCZ
[18:33:45] [328/458] OEMO
[18:33:46] [329/458] PVJM
[18:33:47] [330/458] CPJI
[18:33:48] [331/458] RMCJ
[18:33:49] [332/458] CNWJ
[18:33:49] [333/458] EPJM
[18:33:50] 🔄 Identity reset
[18:33:50] 🔄 Identity rotated (every 10 requests)
[18:33:51] [334/458] FNJJ
[18:33:51] [335/458] GCMJ
[18:33:52] [336/458] INPS
[18:33:53] [337/458] BICJ
[18:33:54] [338/458] ISTJ
[18:33:55] [339/458] INJC
[18:33:57] [340/458] GLXJ
[18:33:58] [341/458] INEM
[18:33:59] [342/458] JTMN
[18:34:00] [343/458] FRCJ
[18:34:00] 🔄 Identity reset
[18:34:00] 🔄 Identity rotated (every 10 requests)
[18:34:00] [344/458] DDJP
[18:34:01] [345/458] INJV
[18:34:02] [346/458] GOLC
[18:34:03] [347/458] KOCI
[18:34:04] [348/458] FSTD
[18:34:05] [349/458] PACJ
[18:34:05] [350/458] GMCN
[18:34:06] [351/458] MMDJ
[18:34:07] [352/458] GODH
[18:34:08] [353/458] SKYN
[18:34:09] 🔄 Identity reset
[18:34:09] 🔄 Identity rotated (every 10 requests)
[18:34:09] [354/458] NCTH
[18:34:10] [355/458] SKVZ
[18:34:11] [356/458] SVML
[18:34:12] [357/458] ACVZ
[18:34:12] [358/458] SURA
[18:34:13] [359/458] RTRB
[18:34:14] [360/458] LLCT
[18:34:15] [361/458] ATTS
[18:34:16] [362/458] JYCM
[18:34:16] [363/458] CTKR
[18:34:17] 🔄 Identity reset
[18:34:17] 🔄 Identity rotated (every 10 requests)
[18:34:17] [364/458] LCKR
[18:34:18] [365/458] NYCV
[18:34:19] [366/458] NYOH
[18:34:20] [367/458] NOVX
[18:34:21] [368/458] MRGK
[18:34:22] [369/458] MOON
[18:34:23] [370/458] SBUC
[18:34:24] [371/458] GSVA
[18:34:24] [372/458] VIAK
[18:34:25] [373/458] SMVZ
[18:34:26] 🔄 Identity reset
[18:34:26] 🔄 Identity rotated (every 10 requests)
[18:34:26] [374/458] MATE
[18:34:27] [375/458] RDCN
[18:34:28] [376/458] ASBL
[18:34:29] [377/458] ASVS
[18:34:30] [378/458] ASSR
[18:34:31] [379/458] SSKN
[18:34:32] [380/458] DRPV
[18:34:33] [381/458] MRHT
[18:34:34] [382/458] BSCN
[18:34:35] [383/458] RKNX
[18:34:35] 🔄 Identity reset
[18:34:35] 🔄 Identity rotated (every 10 requests)
[18:34:36] [384/458] MSMC
[18:34:37] [385/458] MSCJ
[18:34:38] [386/458] BTBJ
[18:34:38] [387/458] MJCC
[18:34:39] [388/458] IOMM
[18:34:40] [389/458] ADGR
[18:34:41] [390/458] MYCP
[18:34:42] [391/458] IGCM
[18:34:43] [392/458] PGRK
[18:34:45] [393/458] VPGO
[18:34:45] 🔄 Identity reset
[18:34:45] 🔄 Identity rotated (every 10 requests)
[18:34:46] [394/458] KOMS
[18:34:47] [395/458] URGG
[18:34:48] [396/458] GOST
[18:34:49] [397/458] LACT
[18:34:49] [398/458] BWCM
[18:34:50] [399/458] NCCW
[18:34:51] [400/458] SKYC
[18:34:52] [401/458] CCPM
[18:34:53] [402/458] VCBT
[18:34:54] [403/458] SDKR
[18:34:55] 🔄 Identity reset
[18:34:55] 🔄 Identity rotated (every 10 requests)
[18:34:56] [404/458] CTYB
[18:34:56] [405/458] SHCX
[18:34:57] [406/458] RCUN
[18:34:58] [407/458] CNRA
[18:34:59] [408/458] RFCA
[18:34:59] [409/458] RDCU
[18:35:00] [410/458] SARK
[18:35:01] [411/458] SPPP
[18:35:02] [412/458] ADMB
[18:35:03] [413/458] JYOE
[18:35:03] 🔄 Identity reset
[18:35:03] 🔄 Identity rotated (every 10 requests)
[18:35:04] [414/458] SRMD
[18:35:04] [415/458] RJDH
[18:35:05] [416/458] SSTD
[18:35:06] [417/458] AACV
[18:35:07] [418/458] PPVD
[18:35:08] [419/458] STCP
[18:35:09] [420/458] ANLS
[18:35:10] [421/458] BIJO
[18:35:10] [422/458] AVAB
[18:35:11] [423/458] SPMD
[18:35:12] 🔄 Identity reset
[18:35:12] 🔄 Identity rotated (every 10 requests)
[18:35:12] [424/458] SVJL
[18:35:13] [425/458] SDDJ
[18:35:14] [426/458] SLTU
[18:35:15] [427/458] SAKA
[18:35:16] [428/458] PMAM
[18:35:17] [429/458] FNAM
[18:35:18] [430/458] ACAM
[18:35:19] [431/458] SCMM
[18:35:20] [432/458] PMAK
[18:35:21] [433/458] NYSA
[18:35:21] 🔄 Identity reset
[18:35:21] 🔄 Identity rotated (every 10 requests)
[18:35:22] [434/458] FCPA
[18:35:23] [435/458] GDAN
[18:35:23] [436/458] RSCA
[18:35:24] [437/458] DMAN
[18:35:25] [438/458] DZCM
[18:35:26] [439/458] NSGL
[18:35:27] [440/458] CCPP
[18:35:28] [441/458] PSMG
[18:35:30] [442/458] GSER
[18:35:30] [443/458] FCCT
[18:35:31] 🔄 Identity reset
[18:35:31] 🔄 Identity rotated (every 10 requests)
[18:35:31] [444/458] FCTB
[18:35:32] [445/458] LCNK
[18:35:33] [446/458] SKTY
[18:35:34] [447/458] INAA
[18:35:35] [448/458] RCWN
[18:35:36] [449/458] VAIS
[18:35:37] [450/458] CVMN
[18:35:38] [451/458] INTS
[18:35:39] [452/458] FRGS
[18:35:40] [453/458] DTCK
[18:35:40] 🔄 Identity reset
[18:35:40] 🔄 Identity rotated (every 10 requests)
[18:35:41] [454/458] MCMH
[18:35:42] [455/458] ECRR
[18:35:42] [456/458] RLLP
[18:35:43] [457/458] CCSN
[18:35:44] [458/458] CCBA
[18:35:45] 🧹 Deduping shows
[18:35:45] ✅ DONE | Shows=1784 | Movies=41
[22:57:22] 🚀 SCRIPT STARTED (enhanced anti‑detection)
[22:57:22] [1/458] MBDC
[22:57:22] 🧠 New identity created
[22:57:23] [2/458] CHKM
[22:57:24] [3/458] JTKZ
[22:57:24] [4/458] CMCT
[22:57:26] [5/458] ASHO
[22:57:27] [6/458] ECDG
[22:57:28] [7/458] SPAT
[22:57:29] [8/458] HILC
[22:57:30] [9/458] SPPH
[22:57:31] [10/458] SBHN
[22:57:32] 🔄 Identity reset
[22:57:32] 🔄 Identity rotated (every 10 requests)
[22:57:32] [11/458] RRCA
[22:57:33] [12/458] APAA
[22:57:34] [13/458] RAME
[22:57:35] [14/458] TMMS
[22:57:36] [15/458] BATK
[22:57:37] [16/458] LKOP
[22:57:39] [17/458] AMTT
[22:57:40] [18/458] PTGK
[22:57:41] [19/458] ANRS
[22:57:42] [20/458] VWBW
[22:57:42] 🔄 Identity reset
[22:57:42] 🔄 Identity rotated (every 10 requests)
[22:57:43] [21/458] SVFG
[22:57:44] [22/458] STAT
[22:57:45] [23/458] GDCV
[22:57:45] [24/458] VEBI
[22:57:47] [25/458] VDSS
[22:57:48] [26/458] NTHV
[22:57:49] [27/458] AOCH
[22:57:50] [28/458] KASR
[22:57:51] [29/458] AYCS
[22:57:51] [30/458] SHAI
[22:57:52] 🔄 Identity reset
[22:57:52] 🔄 Identity rotated (every 10 requests)
[22:57:52] [31/458] SKPE
[22:57:54] [32/458] SBTA
[22:57:55] [33/458] RTTD
[22:57:56] [34/458] CCJD
[22:57:57] [35/458] RSJJ
[22:57:58] [36/458] RKND
[22:57:59] [37/458] SVTX
[22:58:00] [38/458] BAKM
[22:58:01] [39/458] SVDC
[22:58:02] [40/458] MNCV
[22:58:02] 🔄 Identity reset
[22:58:02] 🔄 Identity rotated (every 10 requests)
[22:58:03] [41/458] SJGC
[22:58:04] [42/458] MTPK
[22:58:05] [43/458] GATP
[22:58:06] [44/458] ABTS
[22:58:06] [45/458] ABDE
[22:58:07] [46/458] RCNM
[22:58:08] [47/458] KTHV
[22:58:09] [48/458] MDGJ
[22:58:10] [49/458] SMLM
[22:58:11] [50/458] JTMA
[22:58:12] 🔄 Identity reset
[22:58:12] 🔄 Identity rotated (every 10 requests)
[22:58:12] 🔄 Retry 1/5 for JTMA in 2.4s
[22:58:12] 🔄 Identity reset
[22:58:15] 🧠 New identity created
[22:58:15] [51/458] ACKP
[22:58:16] [52/458] SRTA
[22:58:17] [53/458] STAY
[22:58:18] [54/458] MAVO
[22:58:19] [55/458] APTS
[22:58:20] [56/458] OMEA
[22:58:21] [57/458] TTFD
[22:58:22] [58/458] MJCU
[22:58:23] [59/458] CXTE
[22:58:24] 🔄 Identity reset
[22:58:24] 🔄 Identity rotated (every 10 requests)
[22:58:24] [60/458] CTPX
[22:58:25] [61/458] ASSL
[22:58:26] [62/458] CMVB
[22:58:27] [63/458] VPUR
[22:58:28] [64/458] JJDA
[22:58:29] [65/458] INBL
[22:58:30] [66/458] BIKB
[22:58:30] [67/458] NTBB
[22:58:31] [68/458] GLOB
[22:58:32] [69/458] SNTB
[22:58:33] 🔄 Identity reset
[22:58:33] 🔄 Identity rotated (every 10 requests)
[22:58:33] [70/458] CHGV
[22:58:34] [71/458] SSBZ
[22:58:35] [72/458] PRDB
[22:58:36] [73/458] ISMT
[22:58:37] [74/458] MCSD
[22:58:38] [75/458] JBTT
[22:58:39] [76/458] GEKR
[22:58:40] [77/458] PVUN
[22:58:41] [78/458] NRTB
[22:58:42] [79/458] PRAA
[22:58:43] 🔄 Identity reset
[22:58:43] 🔄 Identity rotated (every 10 requests)
[22:58:43] [80/458] PCBL
[22:58:44] [81/458] PTCM
[22:58:45] [82/458] KHNN
[22:58:46] [83/458] OMJE
[22:58:47] [84/458] STGN
[22:58:48] [85/458] RPMS
[22:58:49] [86/458] NWAD
[22:58:51] [87/458] BLCK
[22:58:52] [88/458] SVAA
[22:58:53] [89/458] URVM
[22:58:54] 🔄 Identity reset
[22:58:54] 🔄 Identity rotated (every 10 requests)
[22:58:54] [90/458] ANTM
[22:58:55] [91/458] VJYM
[22:58:56] [92/458] MAZZ
[22:58:57] [93/458] CSHM
[22:58:58] [94/458] WGMH
[22:58:59] [95/458] SALN
[22:59:00] [96/458] BRTP
[22:59:01] [97/458] SVTA
[22:59:02] [98/458] SBTP
[22:59:04] [99/458] VLSS
[22:59:04] 🔄 Identity reset
[22:59:04] 🔄 Identity rotated (every 10 requests)
[22:59:04] 🔄 Retry 1/5 for VLSS in 2.9s
[22:59:04] 🔄 Identity reset
[22:59:07] 🧠 New identity created
[22:59:08] [100/458] SRJA
[22:59:09] [101/458] ANCG
[22:59:10] [102/458] CGGC
[22:59:11] [103/458] CRJA
[22:59:12] [104/458] USCR
[22:59:13] [105/458] MMEF
[22:59:14] [106/458] JCRJ
[22:59:15] [107/458] ADCM
[22:59:16] [108/458] BMYK
[22:59:17] 🔄 Identity reset
[22:59:17] 🔄 Identity rotated (every 10 requests)
[22:59:17] [109/458] KICS
[22:59:18] [110/458] MBBT
[22:59:19] [111/458] MACK
[22:59:21] [112/458] CLDR
[22:59:22] [113/458] JYCR
[22:59:23] [114/458] DCRP
[22:59:24] [115/458] RAHT
[22:59:25] [116/458] CSSM
[22:59:26] [117/458] ATPK
[22:59:27] [118/458] KLRT
[22:59:28] 🔄 Identity reset
[22:59:28] 🔄 Identity rotated (every 10 requests)
[22:59:28] [119/458] SRDD
[22:59:30] [120/458] CKMC
[22:59:31] [121/458] KRVM
[22:59:32] [122/458] AKCP
[22:59:33] [123/458] CNCV
[22:59:34] [124/458] PACT
[22:59:35] [125/458] NATP
[22:59:36] [126/458] PCPK
[22:59:37] [127/458] SMHO
[22:59:38] [128/458] CWTK
[22:59:39] 🔄 Identity reset
[22:59:39] 🔄 Identity rotated (every 10 requests)
[22:59:39] [129/458] RVKZ
[22:59:40] [130/458] ASPD
[22:59:41] [131/458] VTKZ
[22:59:43] [132/458] LCSO
[22:59:44] [133/458] PRDY
[22:59:45] [134/458] RCAP
[22:59:46] [135/458] RGAR
[22:59:47] [136/458] RCAC
[22:59:48] [137/458] PMOD
[22:59:48] [138/458] PVCN
[22:59:49] 🔄 Identity reset
[22:59:49] 🔄 Identity rotated (every 10 requests)
[22:59:49] [139/458] SCRZ
[22:59:50] [140/458] PVPC
[22:59:52] [141/458] STID
[22:59:53] [142/458] NEDD
[22:59:54] [143/458] BNBA
[22:59:55] [144/458] NTCD
[22:59:56] [145/458] OCDE
[22:59:57] [146/458] CCDU
[22:59:57] [147/458] CRXH
[22:59:59] [148/458] VLVT
[22:59:59] 🔄 Identity reset
[22:59:59] 🔄 Identity rotated (every 10 requests)
[23:00:00] [149/458] CICI
[23:00:01] [150/458] SUCB
[23:00:02] [151/458] TCBP
[23:00:02] [152/458] SCCY
[23:00:04] [153/458] LXCY
[23:00:05] [154/458] NCMD
[23:00:06] [155/458] PHCS
[23:00:07] [156/458] DUXR
[23:00:08] [157/458] VNKS
[23:00:09] [158/458] SEDP
[23:00:09] 🔄 Identity reset
[23:00:09] 🔄 Identity rotated (every 10 requests)
[23:00:09] 🔄 Retry 1/5 for SEDP in 2.3s
[23:00:09] 🔄 Identity reset
[23:00:12] 🧠 New identity created
[23:00:12] [159/458] SVEN
[23:00:14] [160/458] SRKM
[23:00:15] [161/458] JTLT
[23:00:17] [162/458] SVSS
[23:00:18] [163/458] AMDE
[23:00:19] [164/458] WVRN
[23:00:20] [165/458] ISMG
[23:00:21] [166/458] WVKS
[23:00:22] [167/458] USCG
[23:00:23] 🔄 Identity reset
[23:00:23] 🔄 Identity rotated (every 10 requests)
[23:00:24] [168/458] IOTG
[23:00:25] [169/458] RRJM
[23:00:26] [170/458] EDMP
[23:00:27] [171/458] SCGZ
[23:00:28] [172/458] GMGX
[23:00:28] [173/458] OMTP
[23:00:29] [174/458] MITD
[23:00:30] [175/458] SMMD
[23:00:31] [176/458] STML
[23:00:32] [177/458] MCFS
[23:00:33] 🔄 Identity reset
[23:00:33] 🔄 Identity rotated (every 10 requests)
[23:00:33] 🔄 Retry 1/5 for MCFS in 2.2s
[23:00:33] 🔄 Identity reset
[23:00:35] 🧠 New identity created
[23:00:36] [178/458] FPKA
[23:00:36] [179/458] OMLR
[23:00:37] [180/458] KKSC
[23:00:38] [181/458] RVMA
[23:00:39] [182/458] SCLL
[23:00:40] [183/458] SCDK
[23:00:41] [184/458] SXMI
[23:00:42] [185/458] SHDN
[23:00:43] [186/458] PAAD
[23:00:43] 🔄 Identity reset
[23:00:43] 🔄 Identity rotated (every 10 requests)
[23:00:44] 🔄 Retry 1/5 for PAAD in 2.6s
[23:00:44] 🔄 Identity reset
[23:00:46] 🧠 New identity created
[23:00:47] [187/458] UUCB
[23:00:48] [188/458] JHOL
[23:00:49] [189/458] SGWT
[23:00:51] [190/458] SRII
[23:00:52] [191/458] SGCK
[23:00:53] [192/458] SVVB
[23:00:54] [193/458] DMHA
[23:00:55] [194/458] PPNL
[23:00:56] [195/458] CPNL
[23:00:57] 🔄 Identity reset
[23:00:57] 🔄 Identity rotated (every 10 requests)
[23:00:57] [196/458] WVLD
[23:00:58] [197/458] PSLV
[23:00:59] [198/458] VTTL
[23:01:00] [199/458] NPAD
[23:01:02] [200/458] PVCS
[23:01:03] [201/458] MCHL
[23:01:04] [202/458] PPLL
[23:01:05] [203/458] MALO
[23:01:06] [204/458] SWBH
[23:01:07] [205/458] PUGB
[23:01:07] 🔄 Identity reset
[23:01:07] 🔄 Identity rotated (every 10 requests)
[23:01:09] [206/458] INBB
[23:01:10] [207/458] INNS
[23:01:10] [208/458] MCPT
[23:01:11] [209/458] SCMI
[23:01:13] [210/458] OCON
[23:01:14] [211/458] SCSM
[23:01:15] [212/458] RJVN
[23:01:16] [213/458] AMDK
[23:01:17] [214/458] ISMR
[23:01:18] [215/458] SMTD
[23:01:19] 🔄 Identity reset
[23:01:19] 🔄 Identity rotated (every 10 requests)
[23:01:19] [216/458] VTDD
[23:01:20] [217/458] PDDZ
[23:01:21] [218/458] PCCK
[23:01:22] [219/458] INAM
[23:01:23] [220/458] FNKT
[23:01:24] [221/458] GDKA
[23:01:25] [222/458] MAYU
[23:01:26] [223/458] TCGU
[23:01:27] [224/458] KDCA
[23:01:28] [225/458] DOMY
[23:01:29] 🔄 Identity reset
[23:01:29] 🔄 Identity rotated (every 10 requests)
[23:01:29] [226/458] PDDD
[23:01:30] [227/458] BJTS
[23:01:31] [228/458] VTCA
[23:01:33] [229/458] SBTM
[23:01:34] [230/458] SEET
[23:01:35] [231/458] SSTJ
[23:01:36] [232/458] SVNT
[23:01:37] [233/458] PPPR
[23:01:38] [234/458] PVYS
[23:01:39] [235/458] IOSE
[23:01:40] 🔄 Identity reset
[23:01:40] 🔄 Identity rotated (every 10 requests)
[23:01:40] 🔄 Retry 1/5 for IOSE in 2.6s
[23:01:40] 🔄 Identity reset
[23:01:42] 🧠 New identity created
[23:01:42] 🔄 Retry 2/5 for IOSE in 4.6s
[23:01:42] 🔄 Identity reset
[23:01:47] 🧠 New identity created
[23:01:47] [236/458] ACTV
[23:01:48] [237/458] APVE
[23:01:49] [238/458] TCCL
[23:01:50] [239/458] SCMO
[23:01:51] [240/458] SAUM
[23:01:52] [241/458] KCJS
[23:01:53] [242/458] NJCJ
[23:01:54] [243/458] NECF
[23:01:54] 🔄 Identity reset
[23:01:54] 🔄 Identity rotated (every 10 requests)
[23:01:55] [244/458] CCGW
[23:01:56] [245/458] CCMG
[23:01:57] [246/458] NYRG
[23:01:58] [247/458] NCSQ
[23:01:58] [248/458] GRCG
[23:01:59] [249/458] CCBT
[23:02:00] [250/458] ACGA
[23:02:01] [251/458] INAG
[23:02:02] [252/458] FUCG
[23:02:03] [253/458] AICF
[23:02:04] 🔄 Identity reset
[23:02:04] 🔄 Identity rotated (every 10 requests)
[23:02:04] [254/458] GRGA
[23:02:05] [255/458] GDCN
[23:02:06] [256/458] RRCG
[23:02:07] [257/458] SDCH
[23:02:08] [258/458] WVJM
[23:02:09] [259/458] JCCZ
[23:02:10] [260/458] CNCL
[23:02:11] [261/458] TMLV
[23:02:12] [262/458] MEMB
[23:02:13] [263/458] SGTD
[23:02:14] 🔄 Identity reset
[23:02:14] 🔄 Identity rotated (every 10 requests)
[23:02:14] [264/458] CONX
[23:02:16] [265/458] CCMH
[23:02:17] [266/458] ACMC
[23:02:17] [267/458] DTPD
[23:02:19] [268/458] POJA
[23:02:20] [269/458] FNBH
[23:02:21] [270/458] CGCB
[23:02:22] [271/458] RACN
[23:02:23] [272/458] JTSM
[23:02:24] [273/458] SCDN
[23:02:25] 🔄 Identity reset
[23:02:25] 🔄 Identity rotated (every 10 requests)
[23:02:25] [274/458] AACK
[23:02:26] [275/458] RMCE
[23:02:27] [276/458] BSGB
[23:02:28] [277/458] MRCB
[23:02:29] [278/458] SRVR
[23:02:30] [279/458] VTKK
[23:02:31] [280/458] AMST
[23:02:32] [281/458] APCY
[23:02:33] [282/458] LMHO
[23:02:34] [283/458] MTZH
[23:02:34] 🔄 Identity reset
[23:02:34] 🔄 Identity rotated (every 10 requests)
[23:02:35] [284/458] AMZB
[23:02:37] [285/458] SUVT
[23:02:38] [286/458] RCIP
[23:02:39] [287/458] KESR
[23:02:40] [288/458] SNKC
[23:02:41] [289/458] SCED
[23:02:42] [290/458] DVCA
[23:02:43] [291/458] VCDT
[23:02:44] [292/458] RRDI
[23:02:45] [293/458] DFCH
[23:02:46] 🔄 Identity reset
[23:02:46] 🔄 Identity rotated (every 10 requests)
[23:02:47] [294/458] INSC
[23:02:48] [295/458] RGTR
[23:02:49] [296/458] FMOT
[23:02:50] [297/458] SCPM
[23:02:51] [298/458] GCDT
[23:02:52] [299/458] BRKT
[23:02:53] [300/458] DEMP
[23:02:54] [301/458] SRLC
[23:02:55] [302/458] KSTT
[23:02:56] [303/458] SMMT
[23:02:57] 🔄 Identity reset
[23:02:57] 🔄 Identity rotated (every 10 requests)
[23:02:57] 🔄 Retry 1/5 for SMMT in 2.0s
[23:02:57] 🔄 Identity reset
[23:02:59] 🧠 New identity created
[23:02:59] [304/458] SILM
[23:03:00] [305/458] JCVM
[23:03:01] [306/458] KCSV
[23:03:02] [307/458] MHLK
[23:03:03] [308/458] SLVL
[23:03:04] [309/458] RJKP
[23:03:05] [310/458] BBPC
[23:03:06] [311/458] MXCB
[23:03:07] [312/458] TCPK
[23:03:08] 🔄 Identity reset
[23:03:08] 🔄 Identity rotated (every 10 requests)
[23:03:08] [313/458] RTBR
[23:03:09] [314/458] GAUT
[23:03:10] [315/458] DVCF
[23:03:11] [316/458] JTSB
[23:03:12] [317/458] SBLS
[23:03:13] [318/458] UDAY
[23:03:14] [319/458] PTNP
[23:03:15] [320/458] DMKT
[23:03:16] [321/458] NTDT
[23:03:18] [322/458] SHDJ
[23:03:19] 🔄 Identity reset
[23:03:19] 🔄 Identity rotated (every 10 requests)
[23:03:19] [323/458] OTNC
[23:03:20] [324/458] RNTW
[23:03:21] [325/458] GCMI
[23:03:22] [326/458] CRCM
[23:03:23] [327/458] NNCZ
[23:03:24] [328/458] OEMO
[23:03:25] [329/458] PVJM
[23:03:26] [330/458] CPJI
[23:03:27] [331/458] RMCJ
[23:03:28] [332/458] CNWJ
[23:03:28] 🔄 Identity reset
[23:03:28] 🔄 Identity rotated (every 10 requests)
[23:03:29] [333/458] EPJM
[23:03:30] [334/458] FNJJ
[23:03:31] [335/458] GCMJ
[23:03:33] [336/458] INPS
[23:03:34] [337/458] BICJ
[23:03:35] [338/458] ISTJ
[23:03:36] [339/458] INJC
[23:03:37] [340/458] GLXJ
[23:03:38] [341/458] INEM
[23:03:39] [342/458] JTMN
[23:03:39] 🔄 Identity reset
[23:03:39] 🔄 Identity rotated (every 10 requests)
[23:03:40] 🔄 Retry 1/5 for JTMN in 2.0s
[23:03:40] 🔄 Identity reset
[23:03:42] 🧠 New identity created
[23:03:42] [343/458] FRCJ
[23:03:43] [344/458] DDJP
[23:03:44] [345/458] INJV
[23:03:45] [346/458] GOLC
[23:03:46] [347/458] KOCI
[23:03:47] [348/458] FSTD
[23:03:48] [349/458] PACJ
[23:03:49] [350/458] GMCN
[23:03:50] [351/458] MMDJ
[23:03:50] 🔄 Identity reset
[23:03:50] 🔄 Identity rotated (every 10 requests)
[23:03:51] [352/458] GODH
[23:03:52] [353/458] SKYN
[23:03:53] [354/458] NCTH
[23:03:54] [355/458] SKVZ
[23:03:55] [356/458] SVML
[23:03:55] [357/458] ACVZ
[23:03:56] [358/458] SURA
[23:03:57] [359/458] RTRB
[23:03:58] [360/458] LLCT
[23:04:00] [361/458] ATTS
[23:04:00] 🔄 Identity reset
[23:04:00] 🔄 Identity rotated (every 10 requests)
[23:04:01] [362/458] JYCM
[23:04:02] [363/458] CTKR
[23:04:03] [364/458] LCKR
[23:04:03] [365/458] NYCV
[23:04:05] [366/458] NYOH
[23:04:06] [367/458] NOVX
[23:04:07] [368/458] MRGK
[23:04:08] [369/458] MOON
[23:04:09] [370/458] SBUC
[23:04:10] [371/458] GSVA
[23:04:11] 🔄 Identity reset
[23:04:11] 🔄 Identity rotated (every 10 requests)
[23:04:11] [372/458] VIAK
[23:04:12] [373/458] SMVZ
[23:04:13] [374/458] MATE
[23:04:15] [375/458] RDCN
[23:04:16] [376/458] ASBL
[23:04:18] [377/458] ASVS
[23:04:19] [378/458] ASSR
[23:04:20] [379/458] SSKN
[23:04:21] [380/458] DRPV
[23:04:22] [381/458] MRHT
[23:04:22] 🔄 Identity reset
[23:04:22] 🔄 Identity rotated (every 10 requests)
[23:04:23] [382/458] BSCN
[23:04:24] [383/458] RKNX
[23:04:24] [384/458] MSMC
[23:04:26] [385/458] MSCJ
[23:04:27] [386/458] BTBJ
[23:04:28] [387/458] MJCC
[23:04:29] [388/458] IOMM
[23:04:29] [389/458] ADGR
[23:04:31] [390/458] MYCP
[23:04:32] [391/458] IGCM
[23:04:32] 🔄 Identity reset
[23:04:32] 🔄 Identity rotated (every 10 requests)
[23:04:33] [392/458] PGRK
[23:04:34] [393/458] VPGO
[23:04:34] [394/458] KOMS
[23:04:35] [395/458] URGG
[23:04:36] [396/458] GOST
[23:04:37] [397/458] LACT
[23:04:38] [398/458] BWCM
[23:04:39] [399/458] NCCW
[23:04:40] [400/458] SKYC
[23:04:41] [401/458] CCPM
[23:04:42] 🔄 Identity reset
[23:04:42] 🔄 Identity rotated (every 10 requests)
[23:04:42] [402/458] VCBT
[23:04:43] [403/458] SDKR
[23:04:44] [404/458] CTYB
[23:04:45] [405/458] SHCX
[23:04:46] [406/458] RCUN
[23:04:47] [407/458] CNRA
[23:04:48] [408/458] RFCA
[23:04:50] [409/458] RDCU
[23:04:51] [410/458] SARK
[23:04:52] [411/458] SPPP
[23:04:53] 🔄 Identity reset
[23:04:53] 🔄 Identity rotated (every 10 requests)
[23:04:53] [412/458] ADMB
[23:04:55] [413/458] JYOE
[23:04:56] [414/458] SRMD
[23:04:57] [415/458] RJDH
[23:04:58] [416/458] SSTD
[23:04:58] [417/458] AACV
[23:05:00] [418/458] PPVD
[23:05:01] [419/458] STCP
[23:05:02] [420/458] ANLS
[23:05:03] [421/458] BIJO
[23:05:03] 🔄 Identity reset
[23:05:03] 🔄 Identity rotated (every 10 requests)
[23:05:04] [422/458] AVAB
[23:05:05] [423/458] SPMD
[23:05:06] [424/458] SVJL
[23:05:07] [425/458] SDDJ
[23:05:08] [426/458] SLTU
[23:05:09] [427/458] SAKA
[23:05:10] [428/458] PMAM
[23:05:11] [429/458] FNAM
[23:05:12] [430/458] ACAM
[23:05:13] [431/458] SCMM
[23:05:14] 🔄 Identity reset
[23:05:14] 🔄 Identity rotated (every 10 requests)
[23:05:14] 🔄 Retry 1/5 for SCMM in 2.6s
[23:05:14] 🔄 Identity reset
[23:05:16] 🧠 New identity created
[23:05:17] [432/458] PMAK
[23:05:18] [433/458] NYSA
[23:05:19] [434/458] FCPA
[23:05:20] [435/458] GDAN
[23:05:21] [436/458] RSCA
[23:05:22] [437/458] DMAN
[23:05:23] [438/458] DZCM
[23:05:25] [439/458] NSGL
[23:05:26] [440/458] CCPP
[23:05:27] 🔄 Identity reset
[23:05:27] 🔄 Identity rotated (every 10 requests)
[23:05:27] [441/458] PSMG
[23:05:29] [442/458] GSER
[23:05:29] [443/458] FCCT
[23:05:30] [444/458] FCTB
[23:05:32] [445/458] LCNK
[23:05:32] [446/458] SKTY
[23:05:33] [447/458] INAA
[23:05:35] [448/458] RCWN
[23:05:36] [449/458] VAIS
[23:05:37] [450/458] CVMN
[23:05:37] 🔄 Identity reset
[23:05:37] 🔄 Identity rotated (every 10 requests)
[23:05:38] [451/458] INTS
[23:05:39] [452/458] FRGS
[23:05:40] [453/458] DTCK
[23:05:41] [454/458] MCMH
[23:05:42] [455/458] ECRR
[23:05:43] [456/458] RLLP
[23:05:45] [457/458] CCSN
[23:05:46] [458/458] CCBA
[23:05:47] 🧹 Deduping shows
[23:05:47] ✅ DONE | Shows=1825 | Movies=43
[07:46:19] 🚀 SCRIPT STARTED (enhanced anti‑detection)
[07:46:19] [1/458] MBDC
[07:46:20] 🧠 New identity created
[07:46:20] 🔄 Retry 1/5 for MBDC in 2.8s
[07:46:20] 🔄 Identity reset
[07:46:23] 🧠 New identity created
[07:46:23] [2/458] CHKM
[07:46:24] [3/458] JTKZ
[07:46:25] [4/458] CMCT
[07:46:26] [5/458] ASHO
[07:46:27] [6/458] ECDG
[07:46:28] [7/458] SPAT
[07:46:29] [8/458] HILC
[07:46:31] [9/458] SPPH
[07:46:31] 🔄 Identity reset
[07:46:31] 🔄 Identity rotated (every 10 requests)
[07:46:32] [10/458] SBHN
[07:46:32] [11/458] RRCA
[07:46:34] [12/458] APAA
[07:46:35] [13/458] RAME
[07:46:35] [14/458] TMMS
[07:46:36] [15/458] BATK
[07:46:37] [16/458] LKOP
[07:46:39] [17/458] AMTT
[07:46:41] [18/458] PTGK
[07:46:41] [19/458] ANRS
[07:46:42] 🔄 Identity reset
[07:46:42] 🔄 Identity rotated (every 10 requests)
[07:46:42] [20/458] VWBW
[07:46:43] [21/458] SVFG
[07:46:44] [22/458] STAT
[07:46:45] [23/458] GDCV
[07:46:46] [24/458] VEBI
[07:46:47] [25/458] VDSS
[07:46:48] [26/458] NTHV
[07:46:49] [27/458] AOCH
[07:46:50] [28/458] KASR
[07:46:51] [29/458] AYCS
[07:46:52] 🔄 Identity reset
[07:46:52] 🔄 Identity rotated (every 10 requests)
[07:46:52] [30/458] SHAI
[07:46:53] [31/458] SKPE
[07:46:54] [32/458] SBTA
[07:46:55] [33/458] RTTD
[07:46:56] [34/458] CCJD
[07:46:58] [35/458] RSJJ
[07:46:59] [36/458] RKND
[07:47:00] [37/458] SVTX
[07:47:01] [38/458] BAKM
[07:47:01] [39/458] SVDC
[07:47:02] 🔄 Identity reset
[07:47:02] 🔄 Identity rotated (every 10 requests)
[07:47:02] [40/458] MNCV
[07:47:03] [41/458] SJGC
[07:47:04] [42/458] MTPK
[07:47:05] [43/458] GATP
[07:47:06] [44/458] ABTS
[07:47:06] [45/458] ABDE
[07:47:07] [46/458] RCNM
[07:47:08] [47/458] KTHV
[07:47:09] [48/458] MDGJ
[07:47:10] [49/458] SMLM
[07:47:10] 🔄 Identity reset
[07:47:10] 🔄 Identity rotated (every 10 requests)
[07:47:10] 🔄 Retry 1/5 for SMLM in 2.1s
[07:47:10] 🔄 Identity reset
[07:47:12] 🧠 New identity created
[07:47:13] [50/458] JTMA
[07:47:14] [51/458] ACKP
[07:47:14] [52/458] SRTA
[07:47:15] [53/458] STAY
[07:47:16] [54/458] MAVO
[07:47:17] [55/458] APTS
[07:47:18] [56/458] OMEA
[07:47:19] [57/458] TTFD
[07:47:20] [58/458] MJCU
[07:47:20] 🔄 Identity reset
[07:47:20] 🔄 Identity rotated (every 10 requests)
[07:47:20] [59/458] CXTE
[07:47:21] [60/458] CTPX
[07:47:22] [61/458] ASSL
[07:47:23] [62/458] CMVB
[07:47:24] [63/458] VPUR
[07:47:25] [64/458] JJDA
[07:47:25] [65/458] INBL
[07:47:26] [66/458] BIKB
[07:47:27] [67/458] NTBB
[07:47:28] [68/458] GLOB
[07:47:29] 🔄 Identity reset
[07:47:29] 🔄 Identity rotated (every 10 requests)
[07:47:29] [69/458] SNTB
[07:47:30] [70/458] CHGV
[07:47:31] [71/458] SSBZ
[07:47:32] [72/458] PRDB
[07:47:33] [73/458] ISMT
[07:47:33] [74/458] MCSD
[07:47:34] [75/458] JBTT
[07:47:35] [76/458] GEKR
[07:47:36] [77/458] PVUN
[07:47:37] [78/458] NRTB
[07:47:37] 🔄 Identity reset
[07:47:37] 🔄 Identity rotated (every 10 requests)
[07:47:38] [79/458] PRAA
[07:47:39] [80/458] PCBL
[07:47:40] [81/458] PTCM
[07:47:40] [82/458] KHNN
[07:47:41] [83/458] OMJE
[07:47:42] [84/458] STGN
[07:47:43] [85/458] RPMS
[07:47:44] [86/458] NWAD
[07:47:45] [87/458] BLCK
[07:47:46] [88/458] SVAA
[07:47:47] 🔄 Identity reset
[07:47:47] 🔄 Identity rotated (every 10 requests)
[07:47:47] 🔄 Retry 1/5 for SVAA in 2.2s
[07:47:47] 🔄 Identity reset
[07:47:49] 🧠 New identity created
[07:47:49] 🔄 Retry 2/5 for SVAA in 4.4s
[07:47:49] 🔄 Identity reset
[07:47:53] 🧠 New identity created
[07:47:54] [89/458] URVM
[07:47:55] [90/458] ANTM
[07:47:56] [91/458] VJYM
[07:47:56] [92/458] MAZZ
[07:47:57] [93/458] CSHM
[07:47:58] [94/458] WGMH
[07:47:59] [95/458] SALN
[07:48:00] [96/458] BRTP
[07:48:00] 🔄 Identity reset
[07:48:00] 🔄 Identity rotated (every 10 requests)
[07:48:01] [97/458] SVTA
[07:48:02] [98/458] SBTP
[07:48:02] [99/458] VLSS
[07:48:03] [100/458] SRJA
[07:48:04] [101/458] ANCG
[07:48:05] [102/458] CGGC
[07:48:05] [103/458] CRJA
[07:48:07] [104/458] USCR
[07:48:08] [105/458] MMEF
[07:48:09] [106/458] JCRJ
[07:48:09] 🔄 Identity reset
[07:48:09] 🔄 Identity rotated (every 10 requests)
[07:48:09] 🔄 Retry 1/5 for JCRJ in 2.8s
[07:48:09] 🔄 Identity reset
[07:48:12] 🧠 New identity created
[07:48:12] [107/458] ADCM
[07:48:13] [108/458] BMYK
[07:48:14] [109/458] KICS
[07:48:15] [110/458] MBBT
[07:48:16] [111/458] MACK
[07:48:17] [112/458] CLDR
[07:48:18] [113/458] JYCR
[07:48:19] [114/458] DCRP
[07:48:20] [115/458] RAHT
[07:48:21] 🔄 Identity reset
[07:48:21] 🔄 Identity rotated (every 10 requests)
[07:48:21] [116/458] CSSM
[07:48:23] [117/458] ATPK
[07:48:24] [118/458] KLRT
[07:48:25] [119/458] SRDD
[07:48:26] [120/458] CKMC
[07:48:27] [121/458] KRVM
[07:48:28] [122/458] AKCP
[07:48:29] [123/458] CNCV
[07:48:29] [124/458] PACT
[07:48:30] [125/458] NATP
[07:48:31] 🔄 Identity reset
[07:48:31] 🔄 Identity rotated (every 10 requests)
[07:48:31] 🔄 Retry 1/5 for NATP in 2.1s
[07:48:31] 🔄 Identity reset
[07:48:33] 🧠 New identity created
[07:48:34] [126/458] PCPK
[07:48:35] [127/458] SMHO
[07:48:36] [128/458] CWTK
[07:48:37] [129/458] RVKZ
[07:48:38] [130/458] ASPD
[07:48:39] [131/458] VTKZ
[07:48:40] [132/458] LCSO
[07:48:40] [133/458] PRDY
[07:48:41] [134/458] RCAP
[07:48:42] 🔄 Identity reset
[07:48:42] 🔄 Identity rotated (every 10 requests)
[07:48:42] [135/458] RGAR
[07:48:43] [136/458] RCAC
[07:48:44] [137/458] PMOD
[07:48:45] [138/458] PVCN
[07:48:46] [139/458] SCRZ
[07:48:48] [140/458] PVPC
[07:48:48] [141/458] STID
[07:48:49] [142/458] NEDD
[07:48:50] [143/458] BNBA
[07:48:51] [144/458] NTCD
[07:48:51] 🔄 Identity reset
[07:48:51] 🔄 Identity rotated (every 10 requests)
[07:48:52] [145/458] OCDE
[07:48:52] [146/458] CCDU
[07:48:54] [147/458] CRXH
[07:48:55] [148/458] VLVT
[07:48:56] [149/458] CICI
[07:48:56] [150/458] SUCB
[07:48:57] [151/458] TCBP
[07:48:58] [152/458] SCCY
[07:48:59] [153/458] LXCY
[07:49:00] [154/458] NCMD
[07:49:01] 🔄 Identity reset
[07:49:01] 🔄 Identity rotated (every 10 requests)
[07:49:01] [155/458] PHCS
[07:49:02] [156/458] DUXR
[07:49:03] [157/458] VNKS
[07:49:05] [158/458] SEDP
[07:49:06] [159/458] SVEN
[07:49:06] [160/458] SRKM
[07:49:07] [161/458] JTLT
[07:49:08] [162/458] SVSS
[07:49:09] [163/458] AMDE
[07:49:10] [164/458] WVRN
[07:49:11] 🔄 Identity reset
[07:49:11] 🔄 Identity rotated (every 10 requests)
[07:49:11] 🔄 Retry 1/5 for WVRN in 2.3s
[07:49:11] 🔄 Identity reset
[07:49:13] 🧠 New identity created
[07:49:13] [165/458] ISMG
[07:49:14] [166/458] WVKS
[07:49:15] [167/458] USCG
[07:49:16] [168/458] IOTG
[07:49:17] [169/458] RRJM
[07:49:18] [170/458] EDMP
[07:49:19] [171/458] SCGZ
[07:49:20] [172/458] GMGX
[07:49:21] [173/458] OMTP
[07:49:21] 🔄 Identity reset
[07:49:22] 🔄 Identity rotated (every 10 requests)
[07:49:22] [174/458] MITD
[07:49:23] [175/458] SMMD
[07:49:24] [176/458] STML
[07:49:24] [177/458] MCFS
[07:49:25] [178/458] FPKA
[07:49:26] [179/458] OMLR
[07:49:27] [180/458] KKSC
[07:49:28] [181/458] RVMA
[07:49:29] [182/458] SCLL
[07:49:30] [183/458] SCDK
[07:49:30] 🔄 Identity reset
[07:49:31] 🔄 Identity rotated (every 10 requests)
[07:49:31] [184/458] SXMI
[07:49:32] [185/458] SHDN
[07:49:33] [186/458] PAAD
[07:49:34] [187/458] UUCB
[07:49:35] [188/458] JHOL
[07:49:35] [189/458] SGWT
[07:49:36] [190/458] SRII
[07:49:37] [191/458] SGCK
[07:49:38] [192/458] SVVB
[07:49:39] [193/458] DMHA
[07:49:40] 🔄 Identity reset
[07:49:40] 🔄 Identity rotated (every 10 requests)
[07:49:40] [194/458] PPNL
[07:49:41] [195/458] CPNL
[07:49:42] [196/458] WVLD
[07:49:43] [197/458] PSLV
[07:49:44] [198/458] VTTL
[07:49:45] [199/458] NPAD
[07:49:46] [200/458] PVCS
[07:49:47] [201/458] MCHL
[07:49:48] [202/458] PPLL
[07:49:49] [203/458] MALO
[07:49:49] 🔄 Identity reset
[07:49:49] 🔄 Identity rotated (every 10 requests)
[07:49:49] 🔄 Retry 1/5 for MALO in 2.5s
[07:49:49] 🔄 Identity reset
[07:49:52] 🧠 New identity created
[07:49:52] [204/458] SWBH
[07:49:53] [205/458] PUGB
[07:49:54] [206/458] INBB
[07:49:55] [207/458] INNS
[07:49:56] [208/458] MCPT
[07:49:57] [209/458] SCMI
[07:49:58] [210/458] OCON
[07:49:59] [211/458] SCSM
[07:50:00] [212/458] RJVN
[07:50:00] 🔄 Identity reset
[07:50:00] 🔄 Identity rotated (every 10 requests)
[07:50:01] [213/458] AMDK
[07:50:01] [214/458] ISMR
[07:50:02] [215/458] SMTD
[07:50:03] [216/458] VTDD
[07:50:04] [217/458] PDDZ
[07:50:05] [218/458] PCCK
[07:50:06] [219/458] INAM
[07:50:07] [220/458] FNKT
[07:50:08] [221/458] GDKA
[07:50:08] [222/458] MAYU
[07:50:09] 🔄 Identity reset
[07:50:09] 🔄 Identity rotated (every 10 requests)
[07:50:09] 🔄 Retry 1/5 for MAYU in 2.0s
[07:50:09] 🔄 Identity reset
[07:50:11] 🧠 New identity created
[07:50:11] 🔄 Retry 2/5 for MAYU in 4.1s
[07:50:11] 🔄 Identity reset
[07:50:15] 🧠 New identity created
[07:50:16] [223/458] TCGU
[07:50:17] [224/458] KDCA
[07:50:17] [225/458] DOMY
[07:50:18] [226/458] PDDD
[07:50:19] [227/458] BJTS
[07:50:20] [228/458] VTCA
[07:50:21] [229/458] SBTM
[07:50:22] [230/458] SEET
[07:50:23] 🔄 Identity reset
[07:50:23] 🔄 Identity rotated (every 10 requests)
[07:50:23] [231/458] SSTJ
[07:50:24] [232/458] SVNT
[07:50:25] [233/458] PPPR
[07:50:26] [234/458] PVYS
[07:50:27] [235/458] IOSE
[07:50:28] [236/458] ACTV
[07:50:29] [237/458] APVE
[07:50:30] [238/458] TCCL
[07:50:30] [239/458] SCMO
[07:50:31] [240/458] SAUM
[07:50:32] 🔄 Identity reset
[07:50:32] 🔄 Identity rotated (every 10 requests)
[07:50:33] [241/458] KCJS
[07:50:34] [242/458] NJCJ
[07:50:35] [243/458] NECF
[07:50:35] [244/458] CCGW
[07:50:37] [245/458] CCMG
[07:50:38] [246/458] NYRG
[07:50:38] [247/458] NCSQ
[07:50:39] [248/458] GRCG
[07:50:40] [249/458] CCBT
[07:50:42] [250/458] ACGA
[07:50:42] 🔄 Identity reset
[07:50:42] 🔄 Identity rotated (every 10 requests)
[07:50:43] [251/458] INAG
[07:50:44] [252/458] FUCG
[07:50:45] [253/458] AICF
[07:50:46] [254/458] GRGA
[07:50:47] [255/458] GDCN
[07:50:48] [256/458] RRCG
[07:50:49] [257/458] SDCH
[07:50:50] [258/458] WVJM
[07:50:51] [259/458] JCCZ
[07:50:52] [260/458] CNCL
[07:50:53] 🔄 Identity reset
[07:50:53] 🔄 Identity rotated (every 10 requests)
[07:50:53] [261/458] TMLV
[07:50:54] [262/458] MEMB
[07:50:55] [263/458] SGTD
[07:50:56] [264/458] CONX
[07:50:57] [265/458] CCMH
[07:50:58] [266/458] ACMC
[07:50:59] [267/458] DTPD
[07:51:00] [268/458] POJA
[07:51:01] [269/458] FNBH
[07:51:01] [270/458] CGCB
[07:51:02] 🔄 Identity reset
[07:51:02] 🔄 Identity rotated (every 10 requests)
[07:51:02] [271/458] RACN
[07:51:03] [272/458] JTSM
[07:51:04] [273/458] SCDN
[07:51:05] [274/458] AACK
[07:51:05] [275/458] RMCE
[07:51:06] [276/458] BSGB
[07:51:07] [277/458] MRCB
[07:51:08] [278/458] SRVR
[07:51:09] [279/458] VTKK
[07:51:11] [280/458] AMST
[07:51:12] 🔄 Identity reset
[07:51:12] 🔄 Identity rotated (every 10 requests)
[07:51:12] [281/458] APCY
[07:51:13] [282/458] LMHO
[07:51:14] [283/458] MTZH
[07:51:15] [284/458] AMZB
[07:51:16] [285/458] SUVT
[07:51:17] [286/458] RCIP
[07:51:18] [287/458] KESR
[07:51:19] [288/458] SNKC
[07:51:20] [289/458] SCED
[07:51:21] [290/458] DVCA
[07:51:22] 🔄 Identity reset
[07:51:22] 🔄 Identity rotated (every 10 requests)
[07:51:22] [291/458] VCDT
[07:51:23] [292/458] RRDI
[07:51:24] [293/458] DFCH
[07:51:25] [294/458] INSC
[07:51:26] [295/458] RGTR
[07:51:27] [296/458] FMOT
[07:51:28] [297/458] SCPM
[07:51:29] [298/458] GCDT
[07:51:29] [299/458] BRKT
[07:51:30] [300/458] DEMP
[07:51:31] 🔄 Identity reset
[07:51:31] 🔄 Identity rotated (every 10 requests)
[07:51:31] [301/458] SRLC
[07:51:33] [302/458] KSTT
[07:51:34] [303/458] SMMT
[07:51:35] [304/458] SILM
[07:51:36] [305/458] JCVM
[07:51:37] [306/458] KCSV
[07:51:38] [307/458] MHLK
[07:51:39] [308/458] SLVL
[07:51:40] [309/458] RJKP
[07:51:41] [310/458] BBPC
[07:51:42] 🔄 Identity reset
[07:51:42] 🔄 Identity rotated (every 10 requests)
[07:51:42] [311/458] MXCB
[07:51:43] [312/458] TCPK
[07:51:44] [313/458] RTBR
[07:51:45] [314/458] GAUT
[07:51:46] [315/458] DVCF
[07:51:47] [316/458] JTSB
[07:51:47] [317/458] SBLS
[07:51:48] [318/458] UDAY
[07:51:50] [319/458] PTNP
[07:51:51] [320/458] DMKT
[07:51:52] 🔄 Identity reset
[07:51:52] 🔄 Identity rotated (every 10 requests)
[07:51:52] [321/458] NTDT
[07:51:53] [322/458] SHDJ
[07:51:54] [323/458] OTNC
[07:51:55] [324/458] RNTW
[07:51:56] [325/458] GCMI
[07:51:57] [326/458] CRCM
[07:51:57] [327/458] NNCZ
[07:51:58] [328/458] OEMO
[07:51:59] [329/458] PVJM
[07:52:00] [330/458] CPJI
[07:52:01] 🔄 Identity reset
[07:52:01] 🔄 Identity rotated (every 10 requests)
[07:52:01] [331/458] RMCJ
[07:52:03] [332/458] CNWJ
[07:52:03] [333/458] EPJM
[07:52:05] [334/458] FNJJ
[07:52:06] [335/458] GCMJ
[07:52:07] [336/458] INPS
[07:52:08] [337/458] BICJ
[07:52:09] [338/458] ISTJ
[07:52:10] [339/458] INJC
[07:52:10] [340/458] GLXJ
[07:52:11] 🔄 Identity reset
[07:52:11] 🔄 Identity rotated (every 10 requests)
[07:52:11] [341/458] INEM
[07:52:12] [342/458] JTMN
[07:52:13] [343/458] FRCJ
[07:52:14] [344/458] DDJP
[07:52:15] [345/458] INJV
[07:52:16] [346/458] GOLC
[07:52:17] [347/458] KOCI
[07:52:18] [348/458] FSTD
[07:52:19] [349/458] PACJ
[07:52:19] [350/458] GMCN
[07:52:20] 🔄 Identity reset
[07:52:20] 🔄 Identity rotated (every 10 requests)
[07:52:21] [351/458] MMDJ
[07:52:21] [352/458] GODH
[07:52:22] [353/458] SKYN
[07:52:23] [354/458] NCTH
[07:52:24] [355/458] SKVZ
[07:52:25] [356/458] SVML
[07:52:26] [357/458] ACVZ
[07:52:27] [358/458] SURA
[07:52:28] [359/458] RTRB
[07:52:28] [360/458] LLCT
[07:52:29] 🔄 Identity reset
[07:52:29] 🔄 Identity rotated (every 10 requests)
[07:52:29] [361/458] ATTS
[07:52:30] [362/458] JYCM
[07:52:31] [363/458] CTKR
[07:52:32] [364/458] LCKR
[07:52:33] [365/458] NYCV
[07:52:34] [366/458] NYOH
[07:52:35] [367/458] NOVX
[07:52:36] [368/458] MRGK
[07:52:37] [369/458] MOON
[07:52:37] [370/458] SBUC
[07:52:38] 🔄 Identity reset
[07:52:38] 🔄 Identity rotated (every 10 requests)
[07:52:39] [371/458] GSVA
[07:52:40] [372/458] VIAK
[07:52:40] [373/458] SMVZ
[07:52:41] [374/458] MATE
[07:52:42] [375/458] RDCN
[07:52:43] [376/458] ASBL
[07:52:44] [377/458] ASVS
[07:52:45] [378/458] ASSR
[07:52:46] [379/458] SSKN
[07:52:46] [380/458] DRPV
[07:52:47] 🔄 Identity reset
[07:52:47] 🔄 Identity rotated (every 10 requests)
[07:52:47] 🔄 Retry 1/5 for DRPV in 2.3s
[07:52:47] 🔄 Identity reset
[07:52:50] 🧠 New identity created
[07:52:50] [381/458] MRHT
[07:52:51] [382/458] BSCN
[07:52:52] [383/458] RKNX
[07:52:53] [384/458] MSMC
[07:52:54] [385/458] MSCJ
[07:52:55] [386/458] BTBJ
[07:52:56] [387/458] MJCC
[07:52:57] [388/458] IOMM
[07:52:57] [389/458] ADGR
[07:52:58] 🔄 Identity reset
[07:52:58] 🔄 Identity rotated (every 10 requests)
[07:52:58] [390/458] MYCP
[07:52:59] [391/458] IGCM
[07:53:00] [392/458] PGRK
[07:53:01] [393/458] VPGO
[07:53:02] [394/458] KOMS
[07:53:03] [395/458] URGG
[07:53:04] [396/458] GOST
[07:53:05] [397/458] LACT
[07:53:06] [398/458] BWCM
[07:53:07] [399/458] NCCW
[07:53:07] 🔄 Identity reset
[07:53:07] 🔄 Identity rotated (every 10 requests)
[07:53:07] [400/458] SKYC
[07:53:08] [401/458] CCPM
[07:53:09] [402/458] VCBT
[07:53:10] [403/458] SDKR
[07:53:11] [404/458] CTYB
[07:53:12] [405/458] SHCX
[07:53:12] [406/458] RCUN
[07:53:14] [407/458] CNRA
[07:53:15] [408/458] RFCA
[07:53:16] [409/458] RDCU
[07:53:16] 🔄 Identity reset
[07:53:16] 🔄 Identity rotated (every 10 requests)
[07:53:16] 🔄 Retry 1/5 for RDCU in 3.0s
[07:53:16] 🔄 Identity reset
[07:53:19] 🧠 New identity created
[07:53:20] [410/458] SARK
[07:53:20] [411/458] SPPP
[07:53:21] [412/458] ADMB
[07:53:22] [413/458] JYOE
[07:53:23] [414/458] SRMD
[07:53:24] [415/458] RJDH
[07:53:25] [416/458] SSTD
[07:53:26] [417/458] AACV
[07:53:27] [418/458] PPVD
[07:53:27] 🔄 Identity reset
[07:53:27] 🔄 Identity rotated (every 10 requests)
[07:53:27] [419/458] STCP
[07:53:28] [420/458] ANLS
[07:53:29] [421/458] BIJO
[07:53:30] [422/458] AVAB
[07:53:31] [423/458] SPMD
[07:53:31] [424/458] SVJL
[07:53:32] [425/458] SDDJ
[07:53:33] [426/458] SLTU
[07:53:34] [427/458] SAKA
[07:53:35] [428/458] PMAM
[07:53:36] 🔄 Identity reset
[07:53:36] 🔄 Identity rotated (every 10 requests)
[07:53:36] [429/458] FNAM
[07:53:37] [430/458] ACAM
[07:53:38] [431/458] SCMM
[07:53:39] [432/458] PMAK
[07:53:40] [433/458] NYSA
[07:53:40] [434/458] FCPA
[07:53:42] [435/458] GDAN
[07:53:43] [436/458] RSCA
[07:53:44] [437/458] DMAN
[07:53:45] [438/458] DZCM
[07:53:46] 🔄 Identity reset
[07:53:46] 🔄 Identity rotated (every 10 requests)
[07:53:46] [439/458] NSGL
[07:53:47] [440/458] CCPP
[07:53:48] [441/458] PSMG
[07:53:49] [442/458] GSER
[07:53:50] [443/458] FCCT
[07:53:51] [444/458] FCTB
[07:53:52] [445/458] LCNK
[07:53:52] [446/458] SKTY
[07:53:53] [447/458] INAA
[07:53:54] [448/458] RCWN
[07:53:55] 🔄 Identity reset
[07:53:55] 🔄 Identity rotated (every 10 requests)
[07:53:55] [449/458] VAIS
[07:53:57] [450/458] CVMN
[07:53:58] [451/458] INTS
[07:53:58] [452/458] FRGS
[07:53:59] [453/458] DTCK
[07:54:00] [454/458] MCMH
[07:54:01] [455/458] ECRR
[07:54:02] [456/458] RLLP
[07:54:03] [457/458] CCSN
[07:54:03] [458/458] CCBA
[07:54:04] 🔄 Identity reset
[07:54:04] 🔄 Identity rotated (every 10 requests)
[07:54:04] 🧹 Deduping shows
[07:54:04] ✅ DONE | Shows=1849 | Movies=44
[08:32:55] 🚀 SCRIPT STARTED (enhanced anti‑detection)
[08:32:55] [1/458] MBDC
[08:32:55] 🧠 New identity created
[08:32:55] 🔄 Retry 1/5 for MBDC in 2.0s
[08:32:55] 🔄 Identity reset
[08:32:58] 🧠 New identity created
[08:32:58] [2/458] CHKM
[08:32:59] [3/458] JTKZ
[08:33:00] [4/458] CMCT
[08:33:01] [5/458] ASHO
[08:33:02] [6/458] ECDG
[08:33:02] [7/458] SPAT
[08:33:04] [8/458] HILC
[08:33:05] [9/458] SPPH
[08:33:06] 🔄 Identity reset
[08:33:06] 🔄 Identity rotated (every 10 requests)
[08:33:06] [10/458] SBHN
[08:33:07] [11/458] RRCA
[08:33:08] [12/458] APAA
[08:33:09] [13/458] RAME
[08:33:10] [14/458] TMMS
[08:33:11] [15/458] BATK
[08:33:12] [16/458] LKOP
[08:33:13] [17/458] AMTT
[08:33:14] [18/458] PTGK
[08:33:15] [19/458] ANRS
[08:33:15] 🔄 Identity reset
[08:33:15] 🔄 Identity rotated (every 10 requests)
[08:33:16] [20/458] VWBW
[08:33:17] [21/458] SVFG
[08:33:18] [22/458] STAT
[08:33:19] [23/458] GDCV
[08:33:20] [24/458] VEBI
[08:33:21] [25/458] VDSS
[08:33:22] [26/458] NTHV
[08:33:23] [27/458] AOCH
[08:33:23] [28/458] KASR
[08:33:24] [29/458] AYCS
[08:33:25] 🔄 Identity reset
[08:33:25] 🔄 Identity rotated (every 10 requests)
[08:33:25] [30/458] SHAI
[08:33:26] [31/458] SKPE
[08:33:27] [32/458] SBTA
[08:33:28] [33/458] RTTD
[08:33:29] [34/458] CCJD
[08:33:30] [35/458] RSJJ
[08:33:31] [36/458] RKND
[08:33:32] [37/458] SVTX
[08:33:33] [38/458] BAKM
[08:33:34] [39/458] SVDC
[08:33:34] 🔄 Identity reset
[08:33:34] 🔄 Identity rotated (every 10 requests)
[08:33:35] [40/458] MNCV
[08:33:36] [41/458] SJGC
[08:33:36] [42/458] MTPK
[08:33:37] [43/458] GATP
[08:33:38] [44/458] ABTS
[08:33:39] [45/458] ABDE
[08:33:40] [46/458] RCNM
[08:33:41] [47/458] KTHV
[08:33:42] [48/458] MDGJ
[08:33:43] [49/458] SMLM
[08:33:43] 🔄 Identity reset
[08:33:43] 🔄 Identity rotated (every 10 requests)
[08:33:43] 🔄 Retry 1/5 for SMLM in 3.0s
[08:33:43] 🔄 Identity reset
[08:33:46] 🧠 New identity created
[08:33:46] [50/458] JTMA
[08:33:47] [51/458] ACKP
[08:33:48] [52/458] SRTA
[08:33:49] [53/458] STAY
[08:33:50] [54/458] MAVO
[08:33:51] [55/458] APTS
[08:33:52] [56/458] OMEA
[08:33:53] [57/458] TTFD
[08:33:54] [58/458] MJCU
[08:33:55] 🔄 Identity reset
[08:33:55] 🔄 Identity rotated (every 10 requests)
[08:33:55] [59/458] CXTE
[08:33:56] [60/458] CTPX
[08:33:57] [61/458] ASSL
[08:33:57] [62/458] CMVB
[08:33:58] [63/458] VPUR
[08:34:00] [64/458] JJDA
[08:34:01] [65/458] INBL
[08:34:02] [66/458] BIKB
[08:34:03] [67/458] NTBB
[08:34:04] [68/458] GLOB
[08:34:04] 🔄 Identity reset
[08:34:04] 🔄 Identity rotated (every 10 requests)
[08:34:04] 🔄 Retry 1/5 for GLOB in 2.5s
[08:34:04] 🔄 Identity reset
[08:34:07] 🧠 New identity created
[08:34:07] 🔄 Retry 2/5 for GLOB in 4.3s
[08:34:07] 🔄 Identity reset
[08:34:11] 🧠 New identity created
[08:34:12] [69/458] SNTB
[08:34:12] [70/458] CHGV
[08:34:13] [71/458] SSBZ
[08:34:14] [72/458] PRDB
[08:34:16] [73/458] ISMT
[08:34:17] [74/458] MCSD
[08:34:18] [75/458] JBTT
[08:34:18] [76/458] GEKR
[08:34:19] 🔄 Identity reset
[08:34:19] 🔄 Identity rotated (every 10 requests)
[08:34:19] [77/458] PVUN
[08:34:20] [78/458] NRTB
[08:34:21] [79/458] PRAA
[08:34:22] [80/458] PCBL
[08:34:23] [81/458] PTCM
[08:34:24] [82/458] KHNN
[08:34:25] [83/458] OMJE
[08:34:27] [84/458] STGN
[08:34:28] [85/458] RPMS
[08:34:28] [86/458] NWAD
[08:34:29] 🔄 Identity reset
[08:34:29] 🔄 Identity rotated (every 10 requests)
[08:34:29] [87/458] BLCK
[08:34:30] [88/458] SVAA
[08:34:31] [89/458] URVM
[08:34:32] [90/458] ANTM
[08:34:33] [91/458] VJYM
[08:34:34] [92/458] MAZZ
[08:34:35] [93/458] CSHM
[08:34:35] [94/458] WGMH
[08:34:37] [95/458] SALN
[08:34:38] [96/458] BRTP
[08:34:39] 🔄 Identity reset
[08:34:39] 🔄 Identity rotated (every 10 requests)
[08:34:39] [97/458] SVTA
[08:34:40] [98/458] SBTP
[08:34:41] [99/458] VLSS
[08:34:41] [100/458] SRJA
[08:34:42] [101/458] ANCG
[08:34:44] [102/458] CGGC
[08:34:44] [103/458] CRJA
[08:34:45] [104/458] USCR
[08:34:46] [105/458] MMEF
[08:34:47] [106/458] JCRJ
[08:34:48] 🔄 Identity reset
[08:34:48] 🔄 Identity rotated (every 10 requests)
[08:34:49] [107/458] ADCM
[08:34:50] [108/458] BMYK
[08:34:51] [109/458] KICS
[08:34:52] [110/458] MBBT
[08:34:53] [111/458] MACK
[08:34:54] [112/458] CLDR
[08:34:56] [113/458] JYCR
[08:34:57] [114/458] DCRP
[08:34:59] [115/458] RAHT
[08:35:00] [116/458] CSSM
[08:35:00] 🔄 Identity reset
[08:35:00] 🔄 Identity rotated (every 10 requests)
[08:35:00] [117/458] ATPK
[08:35:01] [118/458] KLRT
[08:35:02] [119/458] SRDD
[08:35:03] [120/458] CKMC
[08:35:04] [121/458] KRVM
[08:35:05] [122/458] AKCP
[08:35:06] [123/458] CNCV
[08:35:07] [124/458] PACT
[08:35:08] [125/458] NATP
[08:35:08] [126/458] PCPK
[08:35:09] 🔄 Identity reset
[08:35:09] 🔄 Identity rotated (every 10 requests)
[08:35:09] [127/458] SMHO
[08:35:10] [128/458] CWTK
[08:35:11] [129/458] RVKZ
[08:35:12] [130/458] ASPD
[08:35:13] [131/458] VTKZ
[08:35:14] [132/458] LCSO
[08:35:15] [133/458] PRDY
[08:35:15] [134/458] RCAP
[08:35:16] [135/458] RGAR
[08:35:18] [136/458] RCAC
[08:35:18] 🔄 Identity reset
[08:35:18] 🔄 Identity rotated (every 10 requests)
[08:35:19] [137/458] PMOD
[08:35:20] [138/458] PVCN
[08:35:21] [139/458] SCRZ
[08:35:21] [140/458] PVPC
[08:35:23] [141/458] STID
[08:35:24] [142/458] NEDD
[08:35:25] [143/458] BNBA
[08:35:25] [144/458] NTCD
[08:35:26] [145/458] OCDE
[08:35:27] [146/458] CCDU
[08:35:28] 🔄 Identity reset
[08:35:28] 🔄 Identity rotated (every 10 requests)
[08:35:28] [147/458] CRXH
[08:35:29] [148/458] VLVT
[08:35:30] [149/458] CICI
[08:35:31] [150/458] SUCB
[08:35:32] [151/458] TCBP
[08:35:33] [152/458] SCCY
[08:35:33] [153/458] LXCY
[08:35:34] [154/458] NCMD
[08:35:35] [155/458] PHCS
[08:35:36] [156/458] DUXR
[08:35:36] 🔄 Identity reset
[08:35:36] 🔄 Identity rotated (every 10 requests)
[08:35:37] [157/458] VNKS
[08:35:38] [158/458] SEDP
[08:35:38] [159/458] SVEN
[08:35:39] [160/458] SRKM
[08:35:41] [161/458] JTLT
[08:35:42] [162/458] SVSS
[08:35:43] [163/458] AMDE
[08:35:43] [164/458] WVRN
[08:35:44] [165/458] ISMG
[08:35:45] [166/458] WVKS
[08:35:46] 🔄 Identity reset
[08:35:46] 🔄 Identity rotated (every 10 requests)
[08:35:46] [167/458] USCG
[08:35:47] [168/458] IOTG
[08:35:48] [169/458] RRJM
[08:35:49] [170/458] EDMP
[08:35:50] [171/458] SCGZ
[08:35:50] [172/458] GMGX
[08:35:52] [173/458] OMTP
[08:35:53] [174/458] MITD
[08:35:54] [175/458] SMMD
[08:35:55] [176/458] STML
[08:35:55] 🔄 Identity reset
[08:35:55] 🔄 Identity rotated (every 10 requests)
[08:35:56] [177/458] MCFS
[08:35:57] [178/458] FPKA
[08:35:58] [179/458] OMLR
[08:35:59] [180/458] KKSC
[08:36:00] [181/458] RVMA
[08:36:00] [182/458] SCLL
[08:36:01] [183/458] SCDK
[08:36:02] [184/458] SXMI
[08:36:03] [185/458] SHDN
[08:36:04] [186/458] PAAD
[08:36:04] 🔄 Identity reset
[08:36:04] 🔄 Identity rotated (every 10 requests)
[08:36:05] [187/458] UUCB
[08:36:06] [188/458] JHOL
[08:36:06] [189/458] SGWT
[08:36:07] [190/458] SRII
[08:36:08] [191/458] SGCK
[08:36:09] [192/458] SVVB
[08:36:10] [193/458] DMHA
[08:36:12] [194/458] PPNL
[08:36:13] [195/458] CPNL
[08:36:14] [196/458] WVLD
[08:36:15] 🔄 Identity reset
[08:36:15] 🔄 Identity rotated (every 10 requests)
[08:36:15] 🔄 Retry 1/5 for WVLD in 2.7s
[08:36:15] 🔄 Identity reset
[08:36:17] 🧠 New identity created
[08:36:17] 🔄 Retry 2/5 for WVLD in 4.4s
[08:36:17] 🔄 Identity reset
[08:36:22] 🧠 New identity created
[08:36:22] 🔄 Retry 3/5 for WVLD in 8.9s
[08:36:22] 🔄 Identity reset
[08:36:31] 🧠 New identity created
[08:36:31] 🔄 Retry 4/5 for WVLD in 16.0s
[08:36:31] 🔄 Identity reset
[08:36:47] 🧠 New identity created
[08:36:47] [197/458] PSLV
[08:36:48] [198/458] VTTL
[08:36:49] [199/458] NPAD
[08:36:50] [200/458] PVCS
[08:36:51] [201/458] MCHL
[08:36:52] [202/458] PPLL
[08:36:52] 🔄 Identity reset
[08:36:52] 🔄 Identity rotated (every 10 requests)
[08:36:53] [203/458] MALO
[08:36:54] [204/458] SWBH
[08:36:55] [205/458] PUGB
[08:36:56] [206/458] INBB
[08:36:57] [207/458] INNS
[08:36:58] [208/458] MCPT
[08:36:58] [209/458] SCMI
[08:36:59] [210/458] OCON
[08:37:01] [211/458] SCSM
[08:37:02] [212/458] RJVN
[08:37:03] 🔄 Identity reset
[08:37:03] 🔄 Identity rotated (every 10 requests)
[08:37:03] [213/458] AMDK
[08:37:04] [214/458] ISMR
[08:37:05] [215/458] SMTD
[08:37:06] [216/458] VTDD
[08:37:07] [217/458] PDDZ
[08:37:08] [218/458] PCCK
[08:37:10] [219/458] INAM
[08:37:11] [220/458] FNKT
[08:37:12] [221/458] GDKA
[08:37:12] [222/458] MAYU
[08:37:13] 🔄 Identity reset
[08:37:13] 🔄 Identity rotated (every 10 requests)
[08:37:13] [223/458] TCGU
[08:37:14] [224/458] KDCA
[08:37:15] [225/458] DOMY
[08:37:16] [226/458] PDDD
[08:37:17] [227/458] BJTS
[08:37:18] [228/458] VTCA
[08:37:19] [229/458] SBTM
[08:37:20] [230/458] SEET
[08:37:21] [231/458] SSTJ
[08:37:22] [232/458] SVNT
[08:37:23] 🔄 Identity reset
[08:37:23] 🔄 Identity rotated (every 10 requests)
[08:37:23] 🔄 Retry 1/5 for SVNT in 2.7s
[08:37:23] 🔄 Identity reset
[08:37:25] 🧠 New identity created
[08:37:26] [233/458] PPPR
[08:37:26] [234/458] PVYS
[08:37:27] [235/458] IOSE
[08:37:28] [236/458] ACTV
[08:37:29] [237/458] APVE
[08:37:30] [238/458] TCCL
[08:37:31] [239/458] SCMO
[08:37:32] [240/458] SAUM
[08:37:33] [241/458] KCJS
[08:37:34] 🔄 Identity reset
[08:37:34] 🔄 Identity rotated (every 10 requests)
[08:37:34] 🔄 Retry 1/5 for KCJS in 2.7s
[08:37:34] 🔄 Identity reset
[08:37:36] 🧠 New identity created
[08:37:37] [242/458] NJCJ
[08:37:38] [243/458] NECF
[08:37:38] [244/458] CCGW
[08:37:39] [245/458] CCMG
[08:37:40] [246/458] NYRG
[08:37:41] [247/458] NCSQ
[08:37:42] [248/458] GRCG
[08:37:43] [249/458] CCBT
[08:37:45] [250/458] ACGA
[08:37:46] 🔄 Identity reset
[08:37:46] 🔄 Identity rotated (every 10 requests)
[08:37:47] [251/458] INAG
[08:37:47] [252/458] FUCG
[08:37:49] [253/458] AICF
[08:37:50] [254/458] GRGA
[08:37:51] [255/458] GDCN
[08:37:52] [256/458] RRCG
[08:37:53] [257/458] SDCH
[08:37:54] [258/458] WVJM
[08:37:55] [259/458] JCCZ
[08:37:56] [260/458] CNCL
[08:37:57] 🔄 Identity reset
[08:37:57] 🔄 Identity rotated (every 10 requests)
[08:37:57] [261/458] TMLV
[08:37:59] [262/458] MEMB
[08:38:01] [263/458] SGTD
[08:38:01] [264/458] CONX
[08:38:02] [265/458] CCMH
[08:38:03] [266/458] ACMC
[08:38:04] [267/458] DTPD
[08:38:05] [268/458] POJA
[08:38:05] [269/458] FNBH
[08:38:06] [270/458] CGCB
[08:38:07] 🔄 Identity reset
[08:38:07] 🔄 Identity rotated (every 10 requests)
[08:38:07] [271/458] RACN
[08:38:08] [272/458] JTSM
[08:38:09] [273/458] SCDN
[08:38:10] [274/458] AACK
[08:38:11] [275/458] RMCE
[08:38:12] [276/458] BSGB
[08:38:13] [277/458] MRCB
[08:38:13] [278/458] SRVR
[08:38:15] [279/458] VTKK
[08:38:15] [280/458] AMST
[08:38:16] 🔄 Identity reset
[08:38:16] 🔄 Identity rotated (every 10 requests)
[08:38:16] [281/458] APCY
[08:38:17] [282/458] LMHO
[08:38:18] [283/458] MTZH
[08:38:19] [284/458] AMZB
[08:38:20] [285/458] SUVT
[08:38:21] [286/458] RCIP
[08:38:22] [287/458] KESR
[08:38:23] [288/458] SNKC
[08:38:24] [289/458] SCED
[08:38:25] [290/458] DVCA
[08:38:26] 🔄 Identity reset
[08:38:26] 🔄 Identity rotated (every 10 requests)
[08:38:26] [291/458] VCDT
[08:38:27] [292/458] RRDI
[08:38:28] [293/458] DFCH
[08:38:29] [294/458] INSC
[08:38:30] [295/458] RGTR
[08:38:31] [296/458] FMOT
[08:38:32] [297/458] SCPM
[08:38:32] [298/458] GCDT
[08:38:33] [299/458] BRKT
[08:38:34] [300/458] DEMP
[08:38:35] 🔄 Identity reset
[08:38:35] 🔄 Identity rotated (every 10 requests)
[08:38:35] [301/458] SRLC
[08:38:36] [302/458] KSTT
[08:38:37] [303/458] SMMT
[08:38:38] [304/458] SILM
[08:38:39] [305/458] JCVM
[08:38:40] [306/458] KCSV
[08:38:40] [307/458] MHLK
[08:38:41] [308/458] SLVL
[08:38:42] [309/458] RJKP
[08:38:43] [310/458] BBPC
[08:38:44] 🔄 Identity reset
[08:38:44] 🔄 Identity rotated (every 10 requests)
[08:38:44] 🔄 Retry 1/5 for BBPC in 2.1s
[08:38:44] 🔄 Identity reset
[08:38:46] 🧠 New identity created
[08:38:46] [311/458] MXCB
[08:38:47] [312/458] TCPK
[08:38:48] [313/458] RTBR
[08:38:49] [314/458] GAUT
[08:38:50] [315/458] DVCF
[08:38:51] [316/458] JTSB
[08:38:52] [317/458] SBLS
[08:38:53] [318/458] UDAY
[08:38:53] [319/458] PTNP
[08:38:54] 🔄 Identity reset
[08:38:54] 🔄 Identity rotated (every 10 requests)
[08:38:54] 🔄 Retry 1/5 for PTNP in 2.7s
[08:38:54] 🔄 Identity reset
[08:38:57] 🧠 New identity created
[08:38:57] [320/458] DMKT
[08:38:58] [321/458] NTDT
[08:38:59] [322/458] SHDJ
[08:39:00] [323/458] OTNC
[08:39:01] [324/458] RNTW
[08:39:02] [325/458] GCMI
[08:39:03] [326/458] CRCM
[08:39:04] [327/458] NNCZ
[08:39:05] [328/458] OEMO
[08:39:06] 🔄 Identity reset
[08:39:06] 🔄 Identity rotated (every 10 requests)
[08:39:06] [329/458] PVJM
[08:39:07] [330/458] CPJI
[08:39:08] [331/458] RMCJ
[08:39:09] [332/458] CNWJ
[08:39:10] [333/458] EPJM
[08:39:11] [334/458] FNJJ
[08:39:12] [335/458] GCMJ
[08:39:12] [336/458] INPS
[08:39:13] [337/458] BICJ
[08:39:14] [338/458] ISTJ
[08:39:15] 🔄 Identity reset
[08:39:15] 🔄 Identity rotated (every 10 requests)
[08:39:15] [339/458] INJC
[08:39:16] [340/458] GLXJ
[08:39:17] [341/458] INEM
[08:39:18] [342/458] JTMN
[08:39:20] [343/458] FRCJ
[08:39:21] [344/458] DDJP
[08:39:21] [345/458] INJV
[08:39:22] [346/458] GOLC
[08:39:23] [347/458] KOCI
[08:39:24] [348/458] FSTD
[08:39:25] 🔄 Identity reset
[08:39:25] 🔄 Identity rotated (every 10 requests)
[08:39:25] [349/458] PACJ
[08:39:26] [350/458] GMCN
[08:39:27] [351/458] MMDJ
[08:39:28] [352/458] GODH
[08:39:29] [353/458] SKYN
[08:39:29] [354/458] NCTH
[08:39:31] [355/458] SKVZ
[08:39:32] [356/458] SVML
[08:39:33] [357/458] ACVZ
[08:39:34] [358/458] SURA
[08:39:35] 🔄 Identity reset
[08:39:35] 🔄 Identity rotated (every 10 requests)
[08:39:35] [359/458] RTRB
[08:39:36] [360/458] LLCT
[08:39:37] [361/458] ATTS
[08:39:38] [362/458] JYCM
[08:39:39] [363/458] CTKR
[08:39:40] [364/458] LCKR
[08:39:41] [365/458] NYCV
[08:39:42] [366/458] NYOH
[08:39:42] [367/458] NOVX
[08:39:43] [368/458] MRGK
[08:39:44] 🔄 Identity reset
[08:39:44] 🔄 Identity rotated (every 10 requests)
[08:39:44] 🔄 Retry 1/5 for MRGK in 2.8s
[08:39:44] 🔄 Identity reset
[08:39:47] 🧠 New identity created
[08:39:47] [369/458] MOON
[08:39:48] [370/458] SBUC
[08:39:50] [371/458] GSVA
[08:39:51] [372/458] VIAK
[08:39:52] [373/458] SMVZ
[08:39:53] [374/458] MATE
[08:39:54] [375/458] RDCN
[08:39:55] [376/458] ASBL
[08:39:56] [377/458] ASVS
[08:39:57] 🔄 Identity reset
[08:39:57] 🔄 Identity rotated (every 10 requests)
[08:39:57] [378/458] ASSR
[08:39:58] [379/458] SSKN
[08:39:59] [380/458] DRPV
[08:40:00] [381/458] MRHT
[08:40:01] [382/458] BSCN
[08:40:02] [383/458] RKNX
[08:40:03] [384/458] MSMC
[08:40:04] [385/458] MSCJ
[08:40:06] [386/458] BTBJ
[08:40:07] [387/458] MJCC
[08:40:07] 🔄 Identity reset
[08:40:07] 🔄 Identity rotated (every 10 requests)
[08:40:08] [388/458] IOMM
[08:40:09] [389/458] ADGR
[08:40:11] [390/458] MYCP
[08:40:12] [391/458] IGCM
[08:40:14] [392/458] PGRK
[08:40:15] [393/458] VPGO
[08:40:16] [394/458] KOMS
[08:40:17] [395/458] URGG
[08:40:18] [396/458] GOST
[08:40:18] [397/458] LACT
[08:40:19] 🔄 Identity reset
[08:40:19] 🔄 Identity rotated (every 10 requests)
[08:40:19] 🔄 Retry 1/5 for LACT in 2.6s
[08:40:19] 🔄 Identity reset
[08:40:22] 🧠 New identity created
[08:40:22] [398/458] BWCM
[08:40:23] [399/458] NCCW
[08:40:24] [400/458] SKYC
[08:40:25] [401/458] CCPM
[08:40:26] [402/458] VCBT
[08:40:27] [403/458] SDKR
[08:40:28] [404/458] CTYB
[08:40:29] [405/458] SHCX
[08:40:30] [406/458] RCUN
[08:40:30] 🔄 Identity reset
[08:40:31] 🔄 Identity rotated (every 10 requests)
[08:40:31] [407/458] CNRA
[08:40:32] [408/458] RFCA
[08:40:33] [409/458] RDCU
[08:40:34] [410/458] SARK
[08:40:35] [411/458] SPPP
[08:40:35] [412/458] ADMB
[08:40:36] [413/458] JYOE
[08:40:37] [414/458] SRMD
[08:40:38] [415/458] RJDH
[08:40:39] [416/458] SSTD
[08:40:40] 🔄 Identity reset
[08:40:40] 🔄 Identity rotated (every 10 requests)
[08:40:40] [417/458] AACV
[08:40:41] [418/458] PPVD
[08:40:42] [419/458] STCP
[08:40:43] [420/458] ANLS
[08:40:43] [421/458] BIJO
[08:40:44] [422/458] AVAB
[08:40:45] [423/458] SPMD
[08:40:47] [424/458] SVJL
[08:40:48] [425/458] SDDJ
[08:40:48] [426/458] SLTU
[08:40:49] 🔄 Identity reset
[08:40:49] 🔄 Identity rotated (every 10 requests)
[08:40:50] [427/458] SAKA
[08:40:51] [428/458] PMAM
[08:40:51] [429/458] FNAM
[08:40:52] [430/458] ACAM
[08:40:53] [431/458] SCMM
[08:40:54] [432/458] PMAK
[08:40:55] [433/458] NYSA
[08:40:56] [434/458] FCPA
[08:40:57] [435/458] GDAN
[08:40:58] [436/458] RSCA
[08:40:59] 🔄 Identity reset
[08:40:59] 🔄 Identity rotated (every 10 requests)
[08:40:59] [437/458] DMAN
[08:41:00] [438/458] DZCM
[08:41:01] [439/458] NSGL
[08:41:02] [440/458] CCPP
[08:41:03] [441/458] PSMG
[08:41:03] [442/458] GSER
[08:41:04] [443/458] FCCT
[08:41:05] [444/458] FCTB
[08:41:06] [445/458] LCNK
[08:41:07] [446/458] SKTY
[08:41:08] 🔄 Identity reset
[08:41:08] 🔄 Identity rotated (every 10 requests)
[08:41:08] 🔄 Retry 1/5 for SKTY in 3.0s
[08:41:08] 🔄 Identity reset
[08:41:11] 🧠 New identity created
[08:41:11] [447/458] INAA
[08:41:12] [448/458] RCWN
[08:41:13] [449/458] VAIS
[08:41:14] [450/458] CVMN
[08:41:15] [451/458] INTS
[08:41:16] [452/458] FRGS
[08:41:17] [453/458] DTCK
[08:41:18] [454/458] MCMH
[08:41:19] [455/458] ECRR
[08:41:19] 🔄 Identity reset
[08:41:19] 🔄 Identity rotated (every 10 requests)
[08:41:20] [456/458] RLLP
[08:41:20] [457/458] CCSN
[08:41:22] [458/458] CCBA
[08:41:23] 🧹 Deduping shows
[08:41:23] ✅ DONE | Shows=1849 | Movies=44
[14:16:48] 🚀 SCRIPT STARTED (enhanced anti‑detection)
[14:16:48] [1/458] MBDC
[14:16:49] 🧠 New identity created
[14:16:50] [2/458] CHKM
[14:16:51] [3/458] JTKZ
[14:16:52] [4/458] CMCT
[14:16:53] [5/458] ASHO
[14:16:54] [6/458] ECDG
[14:16:55] [7/458] SPAT
[14:16:56] [8/458] HILC
[14:16:57] [9/458] SPPH
[14:16:58] [10/458] SBHN
[14:16:59] 🔄 Identity reset
[14:16:59] 🔄 Identity rotated (every 10 requests)
[14:16:59] [11/458] RRCA
[14:17:00] [12/458] APAA
[14:17:00] [13/458] RAME
[14:17:01] [14/458] TMMS
[14:17:02] [15/458] BATK
[14:17:03] [16/458] LKOP
[14:17:04] [17/458] AMTT
[14:17:04] [18/458] PTGK
[14:17:05] [19/458] ANRS
[14:17:07] [20/458] VWBW
[14:17:07] 🔄 Identity reset
[14:17:07] 🔄 Identity rotated (every 10 requests)
[14:17:07] 🔄 Retry 1/5 for VWBW in 2.4s
[14:17:07] 🔄 Identity reset
[14:17:10] 🧠 New identity created
[14:17:10] [21/458] SVFG
[14:17:11] [22/458] STAT
[14:17:12] [23/458] GDCV
[14:17:12] [24/458] VEBI
[14:17:14] [25/458] VDSS
[14:17:15] [26/458] NTHV
[14:17:16] [27/458] AOCH
[14:17:16] [28/458] KASR
[14:17:17] [29/458] AYCS
[14:17:18] 🔄 Identity reset
[14:17:18] 🔄 Identity rotated (every 10 requests)
[14:17:18] 🔄 Retry 1/5 for AYCS in 2.4s
[14:17:18] 🔄 Identity reset
[14:17:20] 🧠 New identity created
[14:17:20] 🔄 Retry 2/5 for AYCS in 4.3s
[14:17:20] 🔄 Identity reset
[14:17:25] 🧠 New identity created
[14:17:25] [30/458] SHAI
[14:17:26] [31/458] SKPE
[14:17:26] [32/458] SBTA
[14:17:27] [33/458] RTTD
[14:17:28] [34/458] CCJD
[14:17:29] [35/458] RSJJ
[14:17:29] [36/458] RKND
[14:17:30] [37/458] SVTX
[14:17:31] 🔄 Identity reset
[14:17:31] 🔄 Identity rotated (every 10 requests)
[14:17:31] [38/458] BAKM
[14:17:32] [39/458] SVDC
[14:17:33] [40/458] MNCV
[14:17:33] [41/458] SJGC
[14:17:34] [42/458] MTPK
[14:17:35] [43/458] GATP
[14:17:36] [44/458] ABTS
[14:17:37] [45/458] ABDE
[14:17:38] [46/458] RCNM
[14:17:38] [47/458] KTHV
[14:17:39] 🔄 Identity reset
[14:17:39] 🔄 Identity rotated (every 10 requests)
[14:17:39] 🔄 Retry 1/5 for KTHV in 2.3s
[14:17:39] 🔄 Identity reset
[14:17:41] 🧠 New identity created
[14:17:42] [48/458] MDGJ
[14:17:43] [49/458] SMLM
[14:17:43] [50/458] JTMA
[14:17:44] [51/458] ACKP
[14:17:45] [52/458] SRTA
[14:17:46] [53/458] STAY
[14:17:47] [54/458] MAVO
[14:17:48] [55/458] APTS
[14:17:48] [56/458] OMEA
[14:17:49] 🔄 Identity reset
[14:17:49] 🔄 Identity rotated (every 10 requests)
[14:17:49] 🔄 Retry 1/5 for OMEA in 2.4s
[14:17:49] 🔄 Identity reset
[14:17:51] 🧠 New identity created
[14:17:52] [57/458] TTFD
[14:17:53] [58/458] MJCU
[14:17:54] [59/458] CXTE
[14:17:55] [60/458] CTPX
[14:17:55] [61/458] ASSL
[14:17:56] [62/458] CMVB
[14:17:57] [63/458] VPUR
[14:17:58] [64/458] JJDA
[14:17:59] [65/458] INBL
[14:17:59] 🔄 Identity reset
[14:17:59] 🔄 Identity rotated (every 10 requests)
[14:17:59] 🔄 Retry 1/5 for INBL in 2.4s
[14:17:59] 🔄 Identity reset
[14:18:02] 🧠 New identity created
[14:18:02] 🔄 Retry 2/5 for INBL in 5.0s
[14:18:02] 🔄 Identity reset
[14:18:07] 🧠 New identity created
[14:18:07] [66/458] BIKB
[14:18:08] [67/458] NTBB
[14:18:09] [68/458] GLOB
[14:18:10] [69/458] SNTB
[14:18:11] [70/458] CHGV
[14:18:11] [71/458] SSBZ
[14:18:12] [72/458] PRDB
[14:18:13] [73/458] ISMT
[14:18:14] 🔄 Identity reset
[14:18:14] 🔄 Identity rotated (every 10 requests)
[14:18:14] [74/458] MCSD
[14:18:15] [75/458] JBTT
[14:18:16] [76/458] GEKR
[14:18:17] [77/458] PVUN
[14:18:17] [78/458] NRTB
[14:18:18] [79/458] PRAA
[14:18:19] [80/458] PCBL
[14:18:20] [81/458] PTCM
[14:18:21] [82/458] KHNN
[14:18:21] [83/458] OMJE
[14:18:22] 🔄 Identity reset
[14:18:22] 🔄 Identity rotated (every 10 requests)
[14:18:22] [84/458] STGN
[14:18:23] [85/458] RPMS
[14:18:24] [86/458] NWAD
[14:18:25] [87/458] BLCK
[14:18:26] [88/458] SVAA
[14:18:27] [89/458] URVM
[14:18:28] [90/458] ANTM
[14:18:29] [91/458] VJYM
[14:18:29] [92/458] MAZZ
[14:18:30] [93/458] CSHM
[14:18:30] 🔄 Identity reset
[14:18:30] 🔄 Identity rotated (every 10 requests)
[14:18:30] 🔄 Retry 1/5 for CSHM in 2.3s
[14:18:30] 🔄 Identity reset
[14:18:33] 🧠 New identity created
[14:18:33] 🔄 Retry 2/5 for CSHM in 4.9s
[14:18:33] 🔄 Identity reset
[14:18:38] 🧠 New identity created
[14:18:38] [94/458] WGMH
[14:18:39] [95/458] SALN
[14:18:40] [96/458] BRTP
[14:18:41] [97/458] SVTA
[14:18:41] [98/458] SBTP
[14:18:42] [99/458] VLSS
[14:18:43] [100/458] SRJA
[14:18:45] [101/458] ANCG
[14:18:45] 🔄 Identity reset
[14:18:45] 🔄 Identity rotated (every 10 requests)
[14:18:45] [102/458] CGGC
[14:18:46] [103/458] CRJA
[14:18:47] [104/458] USCR
[14:18:48] [105/458] MMEF
[14:18:49] [106/458] JCRJ
[14:18:50] [107/458] ADCM
[14:18:51] [108/458] BMYK
[14:18:52] [109/458] KICS
[14:18:54] [110/458] MBBT
[14:18:54] [111/458] MACK
[14:18:55] 🔄 Identity reset
[14:18:55] 🔄 Identity rotated (every 10 requests)
[14:18:55] [112/458] CLDR
[14:18:56] [113/458] JYCR
[14:18:57] [114/458] DCRP
[14:18:58] [115/458] RAHT
[14:18:59] [116/458] CSSM
[14:18:59] [117/458] ATPK
[14:19:00] [118/458] KLRT
[14:19:01] [119/458] SRDD
[14:19:02] [120/458] CKMC
[14:19:03] [121/458] KRVM
[14:19:04] 🔄 Identity reset
[14:19:04] 🔄 Identity rotated (every 10 requests)
[14:19:04] 🔄 Retry 1/5 for KRVM in 2.9s
[14:19:04] 🔄 Identity reset
[14:19:07] 🧠 New identity created
[14:19:07] [122/458] AKCP
[14:19:08] [123/458] CNCV
[14:19:09] [124/458] PACT
[14:19:10] [125/458] NATP
[14:19:11] [126/458] PCPK
[14:19:12] [127/458] SMHO
[14:19:13] [128/458] CWTK
[14:19:14] [129/458] RVKZ
[14:19:14] [130/458] ASPD
[14:19:15] 🔄 Identity reset
[14:19:15] 🔄 Identity rotated (every 10 requests)
[14:19:15] 🔄 Retry 1/5 for ASPD in 2.9s
[14:19:15] 🔄 Identity reset
[14:19:18] 🧠 New identity created
[14:19:18] [131/458] VTKZ
[14:19:19] [132/458] LCSO
[14:19:20] [133/458] PRDY
[14:19:21] [134/458] RCAP
[14:19:22] [135/458] RGAR
[14:19:23] [136/458] RCAC
[14:19:23] [137/458] PMOD
[14:19:24] [138/458] PVCN
[14:19:25] [139/458] SCRZ
[14:19:26] 🔄 Identity reset
[14:19:26] 🔄 Identity rotated (every 10 requests)
[14:19:26] [140/458] PVPC
[14:19:27] [141/458] STID
[14:19:28] [142/458] NEDD
[14:19:28] [143/458] BNBA
[14:19:29] [144/458] NTCD
[14:19:30] [145/458] OCDE
[14:19:32] [146/458] CCDU
[14:19:33] [147/458] CRXH
[14:19:33] [148/458] VLVT
[14:19:34] [149/458] CICI
[14:19:35] 🔄 Identity reset
[14:19:35] 🔄 Identity rotated (every 10 requests)
[14:19:35] [150/458] SUCB
[14:19:36] [151/458] TCBP
[14:19:38] [152/458] SCCY
[14:19:39] [153/458] LXCY
[14:19:40] [154/458] NCMD
[14:19:41] [155/458] PHCS
[14:19:42] [156/458] DUXR
[14:19:42] [157/458] VNKS
[14:19:43] [158/458] SEDP
[14:19:44] [159/458] SVEN
[14:19:45] 🔄 Identity reset
[14:19:45] 🔄 Identity rotated (every 10 requests)
[14:19:45] [160/458] SRKM
[14:19:46] [161/458] JTLT
[14:19:46] [162/458] SVSS
[14:19:47] [163/458] AMDE
[14:19:49] [164/458] WVRN
[14:19:49] [165/458] ISMG
[14:19:50] [166/458] WVKS
[14:19:51] [167/458] USCG
[14:19:52] [168/458] IOTG
[14:19:53] [169/458] RRJM
[14:19:53] 🔄 Identity reset
[14:19:54] 🔄 Identity rotated (every 10 requests)
[14:19:54] [170/458] EDMP
[14:19:55] [171/458] SCGZ
[14:19:57] [172/458] GMGX
[14:19:58] [173/458] OMTP
[14:19:58] [174/458] MITD
[14:19:59] [175/458] SMMD
[14:20:00] [176/458] STML
[14:20:01] [177/458] MCFS
[14:20:02] [178/458] FPKA
[14:20:02] [179/458] OMLR
[14:20:03] 🔄 Identity reset
[14:20:03] 🔄 Identity rotated (every 10 requests)
[14:20:03] [180/458] KKSC
[14:20:04] [181/458] RVMA
[14:20:05] [182/458] SCLL
[14:20:06] [183/458] SCDK
[14:20:07] [184/458] SXMI
[14:20:08] [185/458] SHDN
[14:20:09] [186/458] PAAD
[14:20:10] [187/458] UUCB
[14:20:10] [188/458] JHOL
[14:20:11] [189/458] SGWT
[14:20:12] 🔄 Identity reset
[14:20:12] 🔄 Identity rotated (every 10 requests)
[14:20:12] 🔄 Retry 1/5 for SGWT in 2.6s
[14:20:12] 🔄 Identity reset
[14:20:14] 🧠 New identity created
[14:20:15] [190/458] SRII
[14:20:16] [191/458] SGCK
[14:20:16] [192/458] SVVB
[14:20:17] [193/458] DMHA
[14:20:18] [194/458] PPNL
[14:20:19] [195/458] CPNL
[14:20:20] [196/458] WVLD
[14:20:21] [197/458] PSLV
[14:20:22] [198/458] VTTL
[14:20:22] 🔄 Identity reset
[14:20:22] 🔄 Identity rotated (every 10 requests)
[14:20:23] [199/458] NPAD
[14:20:23] [200/458] PVCS
[14:20:24] [201/458] MCHL
[14:20:25] [202/458] PPLL
[14:20:26] [203/458] MALO
[14:20:27] [204/458] SWBH
[14:20:27] [205/458] PUGB
[14:20:28] [206/458] INBB
[14:20:29] [207/458] INNS
[14:20:30] [208/458] MCPT
[14:20:30] 🔄 Identity reset
[14:20:31] 🔄 Identity rotated (every 10 requests)
[14:20:31] 🔄 Retry 1/5 for MCPT in 2.8s
[14:20:31] 🔄 Identity reset
[14:20:33] 🧠 New identity created
[14:20:34] [209/458] SCMI
[14:20:34] [210/458] OCON
[14:20:35] [211/458] SCSM
[14:20:36] [212/458] RJVN
[14:20:37] [213/458] AMDK
[14:20:37] [214/458] ISMR
[14:20:38] [215/458] SMTD
[14:20:39] [216/458] VTDD
[14:20:40] [217/458] PDDZ
[14:20:41] 🔄 Identity reset
[14:20:41] 🔄 Identity rotated (every 10 requests)
[14:20:41] 🔄 Retry 1/5 for PDDZ in 2.9s
[14:20:41] 🔄 Identity reset
[14:20:44] 🧠 New identity created
[14:20:45] [218/458] PCCK
[14:20:46] [219/458] INAM
[14:20:47] [220/458] FNKT
[14:20:47] [221/458] GDKA
[14:20:48] [222/458] MAYU
[14:20:49] [223/458] TCGU
[14:20:50] [224/458] KDCA
[14:20:51] [225/458] DOMY
[14:20:52] [226/458] PDDD
[14:20:52] 🔄 Identity reset
[14:20:52] 🔄 Identity rotated (every 10 requests)
[14:20:53] [227/458] BJTS
[14:20:54] [228/458] VTCA
[14:20:55] [229/458] SBTM
[14:20:56] [230/458] SEET
[14:20:57] [231/458] SSTJ
[14:20:57] [232/458] SVNT
[14:20:58] [233/458] PPPR
[14:20:59] [234/458] PVYS
[14:21:00] [235/458] IOSE
[14:21:01] [236/458] ACTV
[14:21:01] 🔄 Identity reset
[14:21:01] 🔄 Identity rotated (every 10 requests)
[14:21:01] 🔄 Retry 1/5 for ACTV in 2.0s
[14:21:01] 🔄 Identity reset
[14:21:03] 🧠 New identity created
[14:21:03] 🔄 Retry 2/5 for ACTV in 5.0s
[14:21:03] 🔄 Identity reset
[14:21:08] 🧠 New identity created
[14:21:08] 🔄 Retry 3/5 for ACTV in 8.2s
[14:21:08] 🔄 Identity reset
[14:21:17] 🧠 New identity created
[14:21:17] 🔄 Retry 4/5 for ACTV in 16.8s
[14:21:17] 🔄 Identity reset
[14:21:34] 🧠 New identity created
[14:21:34] [237/458] APVE
[14:21:35] [238/458] TCCL
[14:21:35] [239/458] SCMO
[14:21:36] [240/458] SAUM
[14:21:37] [241/458] KCJS
[14:21:38] [242/458] NJCJ
[14:21:39] 🔄 Identity reset
[14:21:39] 🔄 Identity rotated (every 10 requests)
[14:21:39] [243/458] NECF
[14:21:40] [244/458] CCGW
[14:21:41] [245/458] CCMG
[14:21:42] [246/458] NYRG
[14:21:43] [247/458] NCSQ
[14:21:44] [248/458] GRCG
[14:21:45] [249/458] CCBT
[14:21:46] [250/458] ACGA
[14:21:47] [251/458] INAG
[14:21:48] [252/458] FUCG
[14:21:48] 🔄 Identity reset
[14:21:48] 🔄 Identity rotated (every 10 requests)
[14:21:49] [253/458] AICF
[14:21:50] [254/458] GRGA
[14:21:51] [255/458] GDCN
[14:21:52] [256/458] RRCG
[14:21:53] [257/458] SDCH
[14:21:54] [258/458] WVJM
[14:21:55] [259/458] JCCZ
[14:21:56] [260/458] CNCL
[14:21:57] [261/458] TMLV
[14:21:58] [262/458] MEMB
[14:21:59] 🔄 Identity reset
[14:21:59] 🔄 Identity rotated (every 10 requests)
[14:21:59] [263/458] SGTD
[14:22:00] [264/458] CONX
[14:22:01] [265/458] CCMH
[14:22:02] [266/458] ACMC
[14:22:03] [267/458] DTPD
[14:22:04] [268/458] POJA
[14:22:05] [269/458] FNBH
[14:22:06] [270/458] CGCB
[14:22:07] [271/458] RACN
[14:22:07] [272/458] JTSM
[14:22:08] 🔄 Identity reset
[14:22:08] 🔄 Identity rotated (every 10 requests)
[14:22:08] [273/458] SCDN
[14:22:09] [274/458] AACK
[14:22:10] [275/458] RMCE
[14:22:11] [276/458] BSGB
[14:22:12] [277/458] MRCB
[14:22:13] [278/458] SRVR
[14:22:14] [279/458] VTKK
[14:22:15] [280/458] AMST
[14:22:16] [281/458] APCY
[14:22:16] [282/458] LMHO
[14:22:17] 🔄 Identity reset
[14:22:17] 🔄 Identity rotated (every 10 requests)
[14:22:17] [283/458] MTZH
[14:22:18] [284/458] AMZB
[14:22:19] [285/458] SUVT
[14:22:19] [286/458] RCIP
[14:22:20] [287/458] KESR
[14:22:21] [288/458] SNKC
[14:22:22] [289/458] SCED
[14:22:23] [290/458] DVCA
[14:22:24] [291/458] VCDT
[14:22:25] [292/458] RRDI
[14:22:25] 🔄 Identity reset
[14:22:25] 🔄 Identity rotated (every 10 requests)
[14:22:25] 🔄 Retry 1/5 for RRDI in 2.4s
[14:22:25] 🔄 Identity reset
[14:22:28] 🧠 New identity created
[14:22:28] [293/458] DFCH
[14:22:29] [294/458] INSC
[14:22:30] [295/458] RGTR
[14:22:31] [296/458] FMOT
[14:22:33] [297/458] SCPM
[14:22:33] [298/458] GCDT
[14:22:34] [299/458] BRKT
[14:22:35] [300/458] DEMP
[14:22:36] [301/458] SRLC
[14:22:37] 🔄 Identity reset
[14:22:37] 🔄 Identity rotated (every 10 requests)
[14:22:38] [302/458] KSTT
[14:22:38] [303/458] SMMT
[14:22:39] [304/458] SILM
[14:22:41] [305/458] JCVM
[14:22:41] [306/458] KCSV
[14:22:42] [307/458] MHLK
[14:22:43] [308/458] SLVL
[14:22:44] [309/458] RJKP
[14:22:45] [310/458] BBPC
[14:22:46] [311/458] MXCB
[14:22:47] 🔄 Identity reset
[14:22:47] 🔄 Identity rotated (every 10 requests)
[14:22:48] [312/458] TCPK
[14:22:49] [313/458] RTBR
[14:22:49] [314/458] GAUT
[14:22:50] [315/458] DVCF
[14:22:51] [316/458] JTSB
[14:22:52] [317/458] SBLS
[14:22:53] [318/458] UDAY
[14:22:54] [319/458] PTNP
[14:22:55] [320/458] DMKT
[14:22:56] [321/458] NTDT
[14:22:56] 🔄 Identity reset
[14:22:56] 🔄 Identity rotated (every 10 requests)
[14:22:57] [322/458] SHDJ
[14:22:57] [323/458] OTNC
[14:22:58] [324/458] RNTW
[14:22:59] [325/458] GCMI
[14:23:00] [326/458] CRCM
[14:23:01] [327/458] NNCZ
[14:23:01] [328/458] OEMO
[14:23:02] [329/458] PVJM
[14:23:03] [330/458] CPJI
[14:23:04] [331/458] RMCJ
[14:23:05] 🔄 Identity reset
[14:23:05] 🔄 Identity rotated (every 10 requests)
[14:23:05] 🔄 Retry 1/5 for RMCJ in 2.1s
[14:23:05] 🔄 Identity reset
[14:23:07] 🧠 New identity created
[14:23:07] [332/458] CNWJ
[14:23:08] [333/458] EPJM
[14:23:09] [334/458] FNJJ
[14:23:09] [335/458] GCMJ
[14:23:10] [336/458] INPS
[14:23:11] [337/458] BICJ
[14:23:12] [338/458] ISTJ
[14:23:13] [339/458] INJC
[14:23:14] [340/458] GLXJ
[14:23:15] 🔄 Identity reset
[14:23:15] 🔄 Identity rotated (every 10 requests)
[14:23:15] [341/458] INEM
[14:23:16] [342/458] JTMN
[14:23:16] [343/458] FRCJ
[14:23:17] [344/458] DDJP
[14:23:18] [345/458] INJV
[14:23:19] [346/458] GOLC
[14:23:20] [347/458] KOCI
[14:23:21] [348/458] FSTD
[14:23:21] [349/458] PACJ
[14:23:22] [350/458] GMCN
[14:23:23] 🔄 Identity reset
[14:23:23] 🔄 Identity rotated (every 10 requests)
[14:23:23] [351/458] MMDJ
[14:23:24] [352/458] GODH
[14:23:24] [353/458] SKYN
[14:23:25] [354/458] NCTH
[14:23:26] [355/458] SKVZ
[14:23:27] [356/458] SVML
[14:23:28] [357/458] ACVZ
[14:23:29] [358/458] SURA
[14:23:30] [359/458] RTRB
[14:23:31] [360/458] LLCT
[14:23:31] 🔄 Identity reset
[14:23:31] 🔄 Identity rotated (every 10 requests)
[14:23:32] [361/458] ATTS
[14:23:33] [362/458] JYCM
[14:23:34] [363/458] CTKR
[14:23:34] [364/458] LCKR
[14:23:35] [365/458] NYCV
[14:23:36] [366/458] NYOH
[14:23:37] [367/458] NOVX
[14:23:38] [368/458] MRGK
[14:23:38] [369/458] MOON
[14:23:39] [370/458] SBUC
[14:23:40] 🔄 Identity reset
[14:23:40] 🔄 Identity rotated (every 10 requests)
[14:23:40] [371/458] GSVA
[14:23:41] [372/458] VIAK
[14:23:42] [373/458] SMVZ
[14:23:43] [374/458] MATE
[14:23:44] [375/458] RDCN
[14:23:45] [376/458] ASBL
[14:23:46] [377/458] ASVS
[14:23:47] [378/458] ASSR
[14:23:48] [379/458] SSKN
[14:23:48] [380/458] DRPV
[14:23:49] 🔄 Identity reset
[14:23:49] 🔄 Identity rotated (every 10 requests)
[14:23:49] [381/458] MRHT
[14:23:50] [382/458] BSCN
[14:23:51] [383/458] RKNX
[14:23:52] [384/458] MSMC
[14:23:53] [385/458] MSCJ
[14:23:54] [386/458] BTBJ
[14:23:56] [387/458] MJCC
[14:23:57] [388/458] IOMM
[14:23:58] [389/458] ADGR
[14:23:58] [390/458] MYCP
[14:23:59] 🔄 Identity reset
[14:23:59] 🔄 Identity rotated (every 10 requests)
[14:23:59] [391/458] IGCM
[14:24:00] [392/458] PGRK
[14:24:01] [393/458] VPGO
[14:24:02] [394/458] KOMS
[14:24:02] [395/458] URGG
[14:24:03] [396/458] GOST
[14:24:04] [397/458] LACT
[14:24:05] [398/458] BWCM
[14:24:06] [399/458] NCCW
[14:24:07] [400/458] SKYC
[14:24:07] 🔄 Identity reset
[14:24:07] 🔄 Identity rotated (every 10 requests)
[14:24:08] [401/458] CCPM
[14:24:09] [402/458] VCBT
[14:24:10] [403/458] SDKR
[14:24:10] [404/458] CTYB
[14:24:11] [405/458] SHCX
[14:24:12] [406/458] RCUN
[14:24:13] [407/458] CNRA
[14:24:14] [408/458] RFCA
[14:24:15] [409/458] RDCU
[14:24:16] [410/458] SARK
[14:24:16] 🔄 Identity reset
[14:24:16] 🔄 Identity rotated (every 10 requests)
[14:24:17] [411/458] SPPP
[14:24:17] [412/458] ADMB
[14:24:19] [413/458] JYOE
[14:24:19] [414/458] SRMD
[14:24:20] [415/458] RJDH
[14:24:21] [416/458] SSTD
[14:24:22] [417/458] AACV
[14:24:22] [418/458] PPVD
[14:24:23] [419/458] STCP
[14:24:24] [420/458] ANLS
[14:24:25] 🔄 Identity reset
[14:24:25] 🔄 Identity rotated (every 10 requests)
[14:24:25] [421/458] BIJO
[14:24:26] [422/458] AVAB
[14:24:27] [423/458] SPMD
[14:24:28] [424/458] SVJL
[14:24:28] [425/458] SDDJ
[14:24:29] [426/458] SLTU
[14:24:30] [427/458] SAKA
[14:24:31] [428/458] PMAM
[14:24:32] [429/458] FNAM
[14:24:33] [430/458] ACAM
[14:24:34] 🔄 Identity reset
[14:24:34] 🔄 Identity rotated (every 10 requests)
[14:24:34] [431/458] SCMM
[14:24:35] [432/458] PMAK
[14:24:36] [433/458] NYSA
[14:24:36] [434/458] FCPA
[14:24:37] [435/458] GDAN
[14:24:38] [436/458] RSCA
[14:24:39] [437/458] DMAN
[14:24:40] [438/458] DZCM
[14:24:40] [439/458] NSGL
[14:24:41] [440/458] CCPP
[14:24:42] 🔄 Identity reset
[14:24:42] 🔄 Identity rotated (every 10 requests)
[14:24:42] [441/458] PSMG
[14:24:43] [442/458] GSER
[14:24:44] [443/458] FCCT
[14:24:45] [444/458] FCTB
[14:24:46] [445/458] LCNK
[14:24:46] [446/458] SKTY
[14:24:48] [447/458] INAA
[14:24:49] [448/458] RCWN
[14:24:50] [449/458] VAIS
[14:24:50] [450/458] CVMN
[14:24:51] 🔄 Identity reset
[14:24:51] 🔄 Identity rotated (every 10 requests)
[14:24:51] [451/458] INTS
[14:24:52] [452/458] FRGS
[14:24:53] [453/458] DTCK
[14:24:54] [454/458] MCMH
[14:24:55] [455/458] ECRR
[14:24:56] [456/458] RLLP
[14:24:57] [457/458] CCSN
[14:24:58] [458/458] CCBA
[14:24:58] 🧹 Deduping shows
[14:24:58] ✅ DONE | Shows=2161 | Movies=49
[15:03:22] 🚀 SCRIPT STARTED (enhanced anti‑detection)
[15:03:22] [1/458] MBDC
[15:03:22] 🧠 New identity created
[15:03:23] [2/458] CHKM
[15:03:24] [3/458] JTKZ
[15:03:25] [4/458] CMCT
[15:03:27] [5/458] ASHO
[15:03:28] [6/458] ECDG
[15:03:29] [7/458] SPAT
[15:03:29] [8/458] HILC
[15:03:30] [9/458] SPPH
[15:03:31] [10/458] SBHN
[15:03:32] 🔄 Identity reset
[15:03:32] 🔄 Identity rotated (every 10 requests)
[15:03:32] 🔄 Retry 1/5 for SBHN in 2.2s
[15:03:32] 🔄 Identity reset
[15:03:34] 🧠 New identity created
[15:03:35] [11/458] RRCA
[15:03:36] [12/458] APAA
[15:03:36] [13/458] RAME
[15:03:37] [14/458] TMMS
[15:03:38] [15/458] BATK
[15:03:39] [16/458] LKOP
[15:03:40] [17/458] AMTT
[15:03:41] [18/458] PTGK
[15:03:42] [19/458] ANRS
[15:03:42] 🔄 Identity reset
[15:03:42] 🔄 Identity rotated (every 10 requests)
[15:03:43] [20/458] VWBW
[15:03:44] [21/458] SVFG
[15:03:44] [22/458] STAT
[15:03:45] [23/458] GDCV
[15:03:46] [24/458] VEBI
[15:03:47] [25/458] VDSS
[15:03:48] [26/458] NTHV
[15:03:49] [27/458] AOCH
[15:03:50] [28/458] KASR
[15:03:52] [29/458] AYCS
[15:03:52] 🔄 Identity reset
[15:03:52] 🔄 Identity rotated (every 10 requests)
[15:03:53] [30/458] SHAI
[15:03:54] [31/458] SKPE
[15:03:54] [32/458] SBTA
[15:03:55] [33/458] RTTD
[15:03:56] [34/458] CCJD
[15:03:57] [35/458] RSJJ
[15:03:57] [36/458] RKND
[15:03:59] [37/458] SVTX
[15:04:00] [38/458] BAKM
[15:04:01] [39/458] SVDC
[15:04:02] 🔄 Identity reset
[15:04:02] 🔄 Identity rotated (every 10 requests)
[15:04:02] [40/458] MNCV
[15:04:03] [41/458] SJGC
[15:04:04] [42/458] MTPK
[15:04:06] [43/458] GATP
[15:04:07] [44/458] ABTS
[15:04:07] [45/458] ABDE
[15:04:09] [46/458] RCNM
[15:04:10] [47/458] KTHV
[15:04:11] [48/458] MDGJ
[15:04:12] [49/458] SMLM
[15:04:13] 🔄 Identity reset
[15:04:13] 🔄 Identity rotated (every 10 requests)
[15:04:13] [50/458] JTMA
[15:04:15] [51/458] ACKP
[15:04:16] [52/458] SRTA
[15:04:17] [53/458] STAY
[15:04:18] [54/458] MAVO
[15:04:19] [55/458] APTS
[15:04:20] [56/458] OMEA
[15:04:21] [57/458] TTFD
[15:04:22] [58/458] MJCU
[15:04:23] [59/458] CXTE
[15:04:24] 🔄 Identity reset
[15:04:24] 🔄 Identity rotated (every 10 requests)
[15:04:24] [60/458] CTPX
[15:04:26] [61/458] ASSL
[15:04:27] [62/458] CMVB
[15:04:29] [63/458] VPUR
[15:04:30] [64/458] JJDA
[15:04:31] [65/458] INBL
[15:04:32] [66/458] BIKB
[15:04:33] [67/458] NTBB
[15:04:33] [68/458] GLOB
[15:04:34] [69/458] SNTB
[15:04:35] 🔄 Identity reset
[15:04:35] 🔄 Identity rotated (every 10 requests)
[15:04:35] [70/458] CHGV
[15:04:36] [71/458] SSBZ
[15:04:37] [72/458] PRDB
[15:04:38] [73/458] ISMT
[15:04:39] [74/458] MCSD
[15:04:40] [75/458] JBTT
[15:04:41] [76/458] GEKR
[15:04:42] [77/458] PVUN
[15:04:43] [78/458] NRTB
[15:04:44] [79/458] PRAA
[15:04:44] 🔄 Identity reset
[15:04:44] 🔄 Identity rotated (every 10 requests)
[15:04:45] [80/458] PCBL
[15:04:46] [81/458] PTCM
[15:04:46] [82/458] KHNN
[15:04:47] [83/458] OMJE
[15:04:48] [84/458] STGN
[15:04:49] [85/458] RPMS
[15:04:50] [86/458] NWAD
[15:04:51] [87/458] BLCK
[15:04:52] [88/458] SVAA
[15:04:53] [89/458] URVM
[15:04:54] 🔄 Identity reset
[15:04:54] 🔄 Identity rotated (every 10 requests)
[15:04:54] [90/458] ANTM
[15:04:56] [91/458] VJYM
[15:04:57] [92/458] MAZZ
[15:04:58] [93/458] CSHM
[15:04:59] [94/458] WGMH
[15:04:59] [95/458] SALN
[15:05:00] [96/458] BRTP
[15:05:01] [97/458] SVTA
[15:05:02] [98/458] SBTP
[15:05:03] [99/458] VLSS
[15:05:03] 🔄 Identity reset
[15:05:04] 🔄 Identity rotated (every 10 requests)
[15:05:04] [100/458] SRJA
[15:05:05] [101/458] ANCG
[15:05:06] [102/458] CGGC
[15:05:07] [103/458] CRJA
[15:05:08] [104/458] USCR
[15:05:09] [105/458] MMEF
[15:05:10] [106/458] JCRJ
[15:05:11] [107/458] ADCM
[15:05:12] [108/458] BMYK
[15:05:13] [109/458] KICS
[15:05:14] 🔄 Identity reset
[15:05:14] 🔄 Identity rotated (every 10 requests)
[15:05:14] [110/458] MBBT
[15:05:15] [111/458] MACK
[15:05:16] [112/458] CLDR
[15:05:17] [113/458] JYCR
[15:05:18] [114/458] DCRP
[15:05:19] [115/458] RAHT
[15:05:20] [116/458] CSSM
[15:05:21] [117/458] ATPK
[15:05:22] [118/458] KLRT
[15:05:23] [119/458] SRDD
[15:05:23] 🔄 Identity reset
[15:05:23] 🔄 Identity rotated (every 10 requests)
[15:05:23] 🔄 Retry 1/5 for SRDD in 2.4s
[15:05:23] 🔄 Identity reset
[15:05:26] 🧠 New identity created
[15:05:26] [120/458] CKMC
[15:05:27] [121/458] KRVM
[15:05:28] [122/458] AKCP
[15:05:29] [123/458] CNCV
[15:05:30] [124/458] PACT
[15:05:30] [125/458] NATP
[15:05:31] [126/458] PCPK
[15:05:33] [127/458] SMHO
[15:05:34] [128/458] CWTK
[15:05:35] 🔄 Identity reset
[15:05:35] 🔄 Identity rotated (every 10 requests)
[15:05:35] [129/458] RVKZ
[15:05:36] [130/458] ASPD
[15:05:37] [131/458] VTKZ
[15:05:38] [132/458] LCSO
[15:05:39] [133/458] PRDY
[15:05:40] [134/458] RCAP
[15:05:41] [135/458] RGAR
[15:05:42] [136/458] RCAC
[15:05:43] [137/458] PMOD
[15:05:44] [138/458] PVCN
[15:05:45] 🔄 Identity reset
[15:05:45] 🔄 Identity rotated (every 10 requests)
[15:05:45] [139/458] SCRZ
[15:05:46] [140/458] PVPC
[15:05:47] [141/458] STID
[15:05:48] [142/458] NEDD
[15:05:49] [143/458] BNBA
[15:05:50] [144/458] NTCD
[15:05:51] [145/458] OCDE
[15:05:52] [146/458] CCDU
[15:05:53] [147/458] CRXH
[15:05:53] [148/458] VLVT
[15:05:54] 🔄 Identity reset
[15:05:54] 🔄 Identity rotated (every 10 requests)
[15:05:54] 🔄 Retry 1/5 for VLVT in 2.8s
[15:05:54] 🔄 Identity reset
[15:05:57] 🧠 New identity created
[15:05:57] [149/458] CICI
[15:05:58] [150/458] SUCB
[15:05:59] [151/458] TCBP
[15:06:00] [152/458] SCCY
[15:06:01] [153/458] LXCY
[15:06:02] [154/458] NCMD
[15:06:03] [155/458] PHCS
[15:06:04] [156/458] DUXR
[15:06:05] [157/458] VNKS
[15:06:05] 🔄 Identity reset
[15:06:05] 🔄 Identity rotated (every 10 requests)
[15:06:05] [158/458] SEDP
[15:06:06] [159/458] SVEN
[15:06:07] [160/458] SRKM
[15:06:08] [161/458] JTLT
[15:06:09] [162/458] SVSS
[15:06:11] [163/458] AMDE
[15:06:12] [164/458] WVRN
[15:06:13] [165/458] ISMG
[15:06:14] [166/458] WVKS
[15:06:15] [167/458] USCG
[15:06:15] 🔄 Identity reset
[15:06:15] 🔄 Identity rotated (every 10 requests)
[15:06:16] [168/458] IOTG
[15:06:17] [169/458] RRJM
[15:06:18] [170/458] EDMP
[15:06:19] [171/458] SCGZ
[15:06:20] [172/458] GMGX
[15:06:21] [173/458] OMTP
[15:06:22] [174/458] MITD
[15:06:23] [175/458] SMMD
[15:06:24] [176/458] STML
[15:06:25] [177/458] MCFS
[15:06:25] 🔄 Identity reset
[15:06:26] 🔄 Identity rotated (every 10 requests)
[15:06:26] [178/458] FPKA
[15:06:27] [179/458] OMLR
[15:06:28] [180/458] KKSC
[15:06:28] [181/458] RVMA
[15:06:29] [182/458] SCLL
[15:06:30] [183/458] SCDK
[15:06:31] [184/458] SXMI
[15:06:32] [185/458] SHDN
[15:06:33] [186/458] PAAD
[15:06:34] [187/458] UUCB
[15:06:35] 🔄 Identity reset
[15:06:35] 🔄 Identity rotated (every 10 requests)
[15:06:35] [188/458] JHOL
[15:06:37] [189/458] SGWT
[15:06:37] [190/458] SRII
[15:06:38] [191/458] SGCK
[15:06:39] [192/458] SVVB
[15:06:40] [193/458] DMHA
[15:06:41] [194/458] PPNL
[15:06:42] [195/458] CPNL
[15:06:43] [196/458] WVLD
[15:06:44] [197/458] PSLV
[15:06:45] 🔄 Identity reset
[15:06:45] 🔄 Identity rotated (every 10 requests)
[15:06:45] 🔄 Retry 1/5 for PSLV in 2.5s
[15:06:45] 🔄 Identity reset
[15:06:47] 🧠 New identity created
[15:06:48] [198/458] VTTL
[15:06:49] [199/458] NPAD
[15:06:50] [200/458] PVCS
[15:06:51] [201/458] MCHL
[15:06:52] [202/458] PPLL
[15:06:53] [203/458] MALO
[15:06:54] [204/458] SWBH
[15:06:55] [205/458] PUGB
[15:06:56] [206/458] INBB
[15:06:57] 🔄 Identity reset
[15:06:57] 🔄 Identity rotated (every 10 requests)
[15:06:57] [207/458] INNS
[15:06:59] [208/458] MCPT
[15:07:00] [209/458] SCMI
[15:07:01] [210/458] OCON
[15:07:02] [211/458] SCSM
[15:07:03] [212/458] RJVN
[15:07:04] [213/458] AMDK
[15:07:04] [214/458] ISMR
[15:07:05] [215/458] SMTD
[15:07:07] [216/458] VTDD
[15:07:07] 🔄 Identity reset
[15:07:07] 🔄 Identity rotated (every 10 requests)
[15:07:08] 🔄 Retry 1/5 for VTDD in 2.9s
[15:07:08] 🔄 Identity reset
[15:07:11] 🧠 New identity created
[15:07:12] [217/458] PDDZ
[15:07:13] [218/458] PCCK
[15:07:14] [219/458] INAM
[15:07:15] [220/458] FNKT
[15:07:15] [221/458] GDKA
[15:07:16] [222/458] MAYU
[15:07:17] [223/458] TCGU
[15:07:18] [224/458] KDCA
[15:07:19] [225/458] DOMY
[15:07:19] 🔄 Identity reset
[15:07:19] 🔄 Identity rotated (every 10 requests)
[15:07:20] [226/458] PDDD
[15:07:21] [227/458] BJTS
[15:07:22] [228/458] VTCA
[15:07:22] [229/458] SBTM
[15:07:23] [230/458] SEET
[15:07:25] [231/458] SSTJ
[15:07:26] [232/458] SVNT
[15:07:27] [233/458] PPPR
[15:07:27] [234/458] PVYS
[15:07:28] [235/458] IOSE
[15:07:29] 🔄 Identity reset
[15:07:29] 🔄 Identity rotated (every 10 requests)
[15:07:29] 🔄 Retry 1/5 for IOSE in 3.0s
[15:07:29] 🔄 Identity reset
[15:07:32] 🧠 New identity created
[15:07:33] [236/458] ACTV
[15:07:34] [237/458] APVE
[15:07:35] [238/458] TCCL
[15:07:36] [239/458] SCMO
[15:07:37] [240/458] SAUM
[15:07:38] [241/458] KCJS
[15:07:39] [242/458] NJCJ
[15:07:40] [243/458] NECF
[15:07:41] [244/458] CCGW
[15:07:41] 🔄 Identity reset
[15:07:41] 🔄 Identity rotated (every 10 requests)
[15:07:42] [245/458] CCMG
[15:07:43] [246/458] NYRG
[15:07:43] [247/458] NCSQ
[15:07:44] [248/458] GRCG
[15:07:45] [249/458] CCBT
[15:07:46] [250/458] ACGA
[15:07:47] [251/458] INAG
[15:07:48] [252/458] FUCG
[15:07:49] [253/458] AICF
[15:07:50] [254/458] GRGA
[15:07:50] 🔄 Identity reset
[15:07:50] 🔄 Identity rotated (every 10 requests)
[15:07:50] [255/458] GDCN
[15:07:51] [256/458] RRCG
[15:07:52] [257/458] SDCH
[15:07:53] [258/458] WVJM
[15:07:54] [259/458] JCCZ
[15:07:55] [260/458] CNCL
[15:07:56] [261/458] TMLV
[15:07:57] [262/458] MEMB
[15:07:58] [263/458] SGTD
[15:07:59] [264/458] CONX
[15:08:00] 🔄 Identity reset
[15:08:00] 🔄 Identity rotated (every 10 requests)
[15:08:00] [265/458] CCMH
[15:08:01] [266/458] ACMC
[15:08:02] [267/458] DTPD
[15:08:03] [268/458] POJA
[15:08:04] [269/458] FNBH
[15:08:05] [270/458] CGCB
[15:08:05] [271/458] RACN
[15:08:06] [272/458] JTSM
[15:08:07] [273/458] SCDN
[15:08:08] [274/458] AACK
[15:08:08] 🔄 Identity reset
[15:08:08] 🔄 Identity rotated (every 10 requests)
[15:08:09] [275/458] RMCE
[15:08:10] [276/458] BSGB
[15:08:11] [277/458] MRCB
[15:08:12] [278/458] SRVR
[15:08:13] [279/458] VTKK
[15:08:14] [280/458] AMST
[15:08:15] [281/458] APCY
[15:08:15] [282/458] LMHO
[15:08:16] [283/458] MTZH
[15:08:17] [284/458] AMZB
[15:08:18] 🔄 Identity reset
[15:08:18] 🔄 Identity rotated (every 10 requests)
[15:08:18] [285/458] SUVT
[15:08:19] [286/458] RCIP
[15:08:21] [287/458] KESR
[15:08:22] [288/458] SNKC
[15:08:22] [289/458] SCED
[15:08:24] [290/458] DVCA
[15:08:24] [291/458] VCDT
[15:08:25] [292/458] RRDI
[15:08:26] [293/458] DFCH
[15:08:27] [294/458] INSC
[15:08:28] 🔄 Identity reset
[15:08:28] 🔄 Identity rotated (every 10 requests)
[15:08:28] [295/458] RGTR
[15:08:29] [296/458] FMOT
[15:08:29] [297/458] SCPM
[15:08:30] [298/458] GCDT
[15:08:31] [299/458] BRKT
[15:08:32] [300/458] DEMP
[15:08:33] [301/458] SRLC
[15:08:35] [302/458] KSTT
[15:08:36] [303/458] SMMT
[15:08:37] [304/458] SILM
[15:08:37] 🔄 Identity reset
[15:08:37] 🔄 Identity rotated (every 10 requests)
[15:08:38] [305/458] JCVM
[15:08:38] [306/458] KCSV
[15:08:39] [307/458] MHLK
[15:08:40] [308/458] SLVL
[15:08:41] [309/458] RJKP
[15:08:43] [310/458] BBPC
[15:08:44] [311/458] MXCB
[15:08:45] [312/458] TCPK
[15:08:46] [313/458] RTBR
[15:08:47] [314/458] GAUT
[15:08:47] 🔄 Identity reset
[15:08:47] 🔄 Identity rotated (every 10 requests)
[15:08:48] [315/458] DVCF
[15:08:49] [316/458] JTSB
[15:08:50] [317/458] SBLS
[15:08:51] [318/458] UDAY
[15:08:52] [319/458] PTNP
[15:08:53] [320/458] DMKT
[15:08:54] [321/458] NTDT
[15:08:55] [322/458] SHDJ
[15:08:56] [323/458] OTNC
[15:08:57] [324/458] RNTW
[15:08:57] 🔄 Identity reset
[15:08:57] 🔄 Identity rotated (every 10 requests)
[15:08:58] 🔄 Retry 1/5 for RNTW in 2.6s
[15:08:58] 🔄 Identity reset
[15:09:00] 🧠 New identity created
[15:09:00] 🔄 Retry 2/5 for RNTW in 4.9s
[15:09:00] 🔄 Identity reset
[15:09:05] 🧠 New identity created
[15:09:06] [325/458] GCMI
[15:09:07] [326/458] CRCM
[15:09:08] [327/458] NNCZ
[15:09:09] [328/458] OEMO
[15:09:09] [329/458] PVJM
[15:09:10] [330/458] CPJI
[15:09:11] [331/458] RMCJ
[15:09:12] [332/458] CNWJ
[15:09:13] 🔄 Identity reset
[15:09:13] 🔄 Identity rotated (every 10 requests)
[15:09:13] [333/458] EPJM
[15:09:15] [334/458] FNJJ
[15:09:15] [335/458] GCMJ
[15:09:16] [336/458] INPS
[15:09:17] [337/458] BICJ
[15:09:18] [338/458] ISTJ
[15:09:19] [339/458] INJC
[15:09:20] [340/458] GLXJ
[15:09:21] [341/458] INEM
[15:09:22] [342/458] JTMN
[15:09:22] 🔄 Identity reset
[15:09:22] 🔄 Identity rotated (every 10 requests)
[15:09:23] [343/458] FRCJ
[15:09:23] [344/458] DDJP
[15:09:24] [345/458] INJV
[15:09:25] [346/458] GOLC
[15:09:26] [347/458] KOCI
[15:09:27] [348/458] FSTD
[15:09:28] [349/458] PACJ
[15:09:29] [350/458] GMCN
[15:09:30] [351/458] MMDJ
[15:09:31] [352/458] GODH
[15:09:32] 🔄 Identity reset
[15:09:32] 🔄 Identity rotated (every 10 requests)
[15:09:32] 🔄 Retry 1/5 for GODH in 2.8s
[15:09:32] 🔄 Identity reset
[15:09:35] 🧠 New identity created
[15:09:35] [353/458] SKYN
[15:09:36] [354/458] NCTH
[15:09:37] [355/458] SKVZ
[15:09:37] [356/458] SVML
[15:09:38] [357/458] ACVZ
[15:09:40] [358/458] SURA
[15:09:42] [359/458] RTRB
[15:09:43] [360/458] LLCT
[15:09:44] [361/458] ATTS
[15:09:44] 🔄 Identity reset
[15:09:44] 🔄 Identity rotated (every 10 requests)
[15:09:45] [362/458] JYCM
[15:09:46] [363/458] CTKR
[15:09:47] [364/458] LCKR
[15:09:47] [365/458] NYCV
[15:09:48] [366/458] NYOH
[15:09:49] [367/458] NOVX
[15:09:50] [368/458] MRGK
[15:09:51] [369/458] MOON
[15:09:52] [370/458] SBUC
[15:09:53] [371/458] GSVA
[15:09:53] 🔄 Identity reset
[15:09:53] 🔄 Identity rotated (every 10 requests)
[15:09:54] [372/458] VIAK
[15:09:54] [373/458] SMVZ
[15:09:55] [374/458] MATE
[15:09:56] [375/458] RDCN
[15:09:57] [376/458] ASBL
[15:09:58] [377/458] ASVS
[15:09:59] [378/458] ASSR
[15:09:59] [379/458] SSKN
[15:10:00] [380/458] DRPV
[15:10:02] [381/458] MRHT
[15:10:03] 🔄 Identity reset
[15:10:03] 🔄 Identity rotated (every 10 requests)
[15:10:03] [382/458] BSCN
[15:10:04] [383/458] RKNX
[15:10:05] [384/458] MSMC
[15:10:06] [385/458] MSCJ
[15:10:07] [386/458] BTBJ
[15:10:08] [387/458] MJCC
[15:10:09] [388/458] IOMM
[15:10:10] [389/458] ADGR
[15:10:11] [390/458] MYCP
[15:10:12] [391/458] IGCM
[15:10:13] 🔄 Identity reset
[15:10:13] 🔄 Identity rotated (every 10 requests)
[15:10:13] [392/458] PGRK
[15:10:14] [393/458] VPGO
[15:10:15] [394/458] KOMS
[15:10:16] [395/458] URGG
[15:10:17] [396/458] GOST
[15:10:18] [397/458] LACT
[15:10:19] [398/458] BWCM
[15:10:20] [399/458] NCCW
[15:10:20] [400/458] SKYC
[15:10:21] [401/458] CCPM
[15:10:22] 🔄 Identity reset
[15:10:22] 🔄 Identity rotated (every 10 requests)
[15:10:34] 🔄 Retry 1/5 for CCPM in 2.1s
[15:10:34] 🔄 Identity reset
[15:10:36] 🧠 New identity created
[15:10:36] [402/458] VCBT
[15:10:37] [403/458] SDKR
[15:10:38] [404/458] CTYB
[15:10:39] [405/458] SHCX
[15:10:40] [406/458] RCUN
[15:10:41] [407/458] CNRA
[15:10:41] [408/458] RFCA
[15:10:42] [409/458] RDCU
[15:10:44] [410/458] SARK
[15:10:45] 🔄 Identity reset
[15:10:45] 🔄 Identity rotated (every 10 requests)
[15:10:45] [411/458] SPPP
[15:10:46] [412/458] ADMB
[15:10:47] [413/458] JYOE
[15:10:48] [414/458] SRMD
[15:10:49] [415/458] RJDH
[15:10:49] [416/458] SSTD
[15:10:50] [417/458] AACV
[15:10:51] [418/458] PPVD
[15:10:52] [419/458] STCP
[15:10:53] [420/458] ANLS
[15:10:53] 🔄 Identity reset
[15:10:53] 🔄 Identity rotated (every 10 requests)
[15:10:54] [421/458] BIJO
[15:10:55] [422/458] AVAB
[15:10:56] [423/458] SPMD
[15:10:57] [424/458] SVJL
[15:10:57] [425/458] SDDJ
[15:10:59] [426/458] SLTU
[15:11:00] [427/458] SAKA
[15:11:01] [428/458] PMAM
[15:11:02] [429/458] FNAM
[15:11:03] [430/458] ACAM
[15:11:03] 🔄 Identity reset
[15:11:03] 🔄 Identity rotated (every 10 requests)
[15:11:04] [431/458] SCMM
[15:11:04] [432/458] PMAK
[15:11:05] [433/458] NYSA
[15:11:06] [434/458] FCPA
[15:11:07] [435/458] GDAN
[15:11:08] [436/458] RSCA
[15:11:09] [437/458] DMAN
[15:11:10] [438/458] DZCM
[15:11:11] [439/458] NSGL
[15:11:12] [440/458] CCPP
[15:11:12] 🔄 Identity reset
[15:11:12] 🔄 Identity rotated (every 10 requests)
[15:11:12] [441/458] PSMG
[15:11:13] [442/458] GSER
[15:11:14] [443/458] FCCT
[15:11:15] [444/458] FCTB
[15:11:16] [445/458] LCNK
[15:11:17] [446/458] SKTY
[15:11:18] [447/458] INAA
[15:11:19] [448/458] RCWN
[15:11:20] [449/458] VAIS
[15:11:20] [450/458] CVMN
[15:11:21] 🔄 Identity reset
[15:11:21] 🔄 Identity rotated (every 10 requests)
[15:11:22] [451/458] INTS
[15:11:22] [452/458] FRGS
[15:11:23] [453/458] DTCK
[15:11:24] [454/458] MCMH
[15:11:25] [455/458] ECRR
[15:11:26] [456/458] RLLP
[15:11:26] [457/458] CCSN
[15:11:27] [458/458] CCBA
[15:11:29] 🧹 Deduping shows
[15:11:29] ✅ DONE | Shows=2223 | Movies=51
[16:06:48] 🚀 SCRIPT STARTED (enhanced anti‑detection)
[16:06:48] [1/458] MBDC
[16:06:48] 🧠 New identity created
[16:06:49] [2/458] CHKM
[16:06:49] [3/458] JTKZ
[16:06:50] [4/458] CMCT
[16:06:51] [5/458] ASHO
[16:06:51] [6/458] ECDG
[16:06:53] [7/458] SPAT
[16:06:53] [8/458] HILC
[16:06:54] [9/458] SPPH
[16:06:55] [10/458] SBHN
[16:06:55] 🔄 Identity reset
[16:06:55] 🔄 Identity rotated (every 10 requests)
[16:06:56] [11/458] RRCA
[16:06:57] [12/458] APAA
[16:06:58] [13/458] RAME
[16:06:59] [14/458] TMMS
[16:07:00] [15/458] BATK
[16:07:01] [16/458] LKOP
[16:07:02] [17/458] AMTT
[16:07:02] [18/458] PTGK
[16:07:03] [19/458] ANRS
[16:07:05] [20/458] VWBW
[16:07:05] 🔄 Identity reset
[16:07:05] 🔄 Identity rotated (every 10 requests)
[16:07:05] [21/458] SVFG
[16:07:06] [22/458] STAT
[16:07:07] [23/458] GDCV
[16:07:08] [24/458] VEBI
[16:07:08] [25/458] VDSS
[16:07:09] [26/458] NTHV
[16:07:10] [27/458] AOCH
[16:07:11] [28/458] KASR
[16:07:11] [29/458] AYCS
[16:07:12] [30/458] SHAI
[16:07:13] 🔄 Identity reset
[16:07:13] 🔄 Identity rotated (every 10 requests)
[16:07:13] [31/458] SKPE
[16:07:14] [32/458] SBTA
[16:07:15] [33/458] RTTD
[16:07:15] [34/458] CCJD
[16:07:16] [35/458] RSJJ
[16:07:17] [36/458] RKND
[16:07:18] [37/458] SVTX
[16:07:19] [38/458] BAKM
[16:07:20] [39/458] SVDC
[16:07:21] [40/458] MNCV
[16:07:21] 🔄 Identity reset
[16:07:21] 🔄 Identity rotated (every 10 requests)
[16:07:21] [41/458] SJGC
[16:07:22] [42/458] MTPK
[16:07:23] [43/458] GATP
[16:07:24] [44/458] ABTS
[16:07:25] [45/458] ABDE
[16:07:26] [46/458] RCNM
[16:07:26] [47/458] KTHV
[16:07:27] [48/458] MDGJ
[16:07:28] [49/458] SMLM
[16:07:29] [50/458] JTMA
[16:07:29] 🔄 Identity reset
[16:07:29] 🔄 Identity rotated (every 10 requests)
[16:07:30] [51/458] ACKP
[16:07:31] [52/458] SRTA
[16:07:31] [53/458] STAY
[16:07:32] [54/458] MAVO
[16:07:34] [55/458] APTS
[16:07:35] [56/458] OMEA
[16:07:35] [57/458] TTFD
[16:07:37] [58/458] MJCU
[16:07:38] [59/458] CXTE
[16:07:38] [60/458] CTPX
[16:07:39] 🔄 Identity reset
[16:07:39] 🔄 Identity rotated (every 10 requests)
[16:07:39] [61/458] ASSL
[16:07:40] [62/458] CMVB
[16:07:41] [63/458] VPUR
[16:07:41] [64/458] JJDA
[16:07:42] [65/458] INBL
[16:07:43] [66/458] BIKB
[16:07:43] [67/458] NTBB
[16:07:44] [68/458] GLOB
[16:07:45] [69/458] SNTB
[16:07:46] [70/458] CHGV
[16:07:46] 🔄 Identity reset
[16:07:46] 🔄 Identity rotated (every 10 requests)
[16:07:46] 🔄 Retry 1/5 for CHGV in 2.7s
[16:07:46] 🔄 Identity reset
[16:07:49] 🧠 New identity created
[16:07:49] [71/458] SSBZ
[16:07:50] [72/458] PRDB
[16:07:51] [73/458] ISMT
[16:07:52] [74/458] MCSD
[16:07:53] [75/458] JBTT
[16:07:53] [76/458] GEKR
[16:07:54] [77/458] PVUN
[16:07:55] [78/458] NRTB
[16:07:56] [79/458] PRAA
[16:07:57] 🔄 Identity reset
[16:07:57] 🔄 Identity rotated (every 10 requests)
[16:07:57] [80/458] PCBL
[16:07:58] [81/458] PTCM
[16:07:59] [82/458] KHNN
[16:07:59] [83/458] OMJE
[16:08:00] [84/458] STGN
[16:08:01] [85/458] RPMS
[16:08:02] [86/458] NWAD
[16:08:03] [87/458] BLCK
[16:08:04] [88/458] SVAA
[16:08:05] [89/458] URVM
[16:08:06] 🔄 Identity reset
[16:08:06] 🔄 Identity rotated (every 10 requests)
[16:08:06] [90/458] ANTM
[16:08:07] [91/458] VJYM
[16:08:08] [92/458] MAZZ
[16:08:08] [93/458] CSHM
[16:08:09] [94/458] WGMH
[16:08:10] [95/458] SALN
[16:08:11] [96/458] BRTP
[16:08:11] [97/458] SVTA
[16:08:12] [98/458] SBTP
[16:08:13] [99/458] VLSS
[16:08:14] 🔄 Identity reset
[16:08:14] 🔄 Identity rotated (every 10 requests)
[16:08:14] 🔄 Retry 1/5 for VLSS in 2.4s
[16:08:14] 🔄 Identity reset
[16:08:16] 🧠 New identity created
[16:08:16] 🔄 Retry 2/5 for VLSS in 4.9s
[16:08:16] 🔄 Identity reset
[16:08:21] 🧠 New identity created
[16:08:21] [100/458] SRJA
[16:08:22] [101/458] ANCG
[16:08:23] [102/458] CGGC
[16:08:24] [103/458] CRJA
[16:08:25] [104/458] USCR
[16:08:26] [105/458] MMEF
[16:08:27] [106/458] JCRJ
[16:08:28] [107/458] ADCM
[16:08:29] 🔄 Identity reset
[16:08:29] 🔄 Identity rotated (every 10 requests)
[16:08:29] [108/458] BMYK
[16:08:30] [109/458] KICS
[16:08:31] [110/458] MBBT
[16:08:32] [111/458] MACK
[16:08:33] [112/458] CLDR
[16:08:34] [113/458] JYCR
[16:08:35] [114/458] DCRP
[16:08:35] [115/458] RAHT
[16:08:36] [116/458] CSSM
[16:08:37] [117/458] ATPK
[16:08:38] 🔄 Identity reset
[16:08:38] 🔄 Identity rotated (every 10 requests)
[16:08:38] [118/458] KLRT
[16:08:39] [119/458] SRDD
[16:08:40] [120/458] CKMC
[16:08:41] [121/458] KRVM
[16:08:42] [122/458] AKCP
[16:08:43] [123/458] CNCV
[16:08:44] [124/458] PACT
[16:08:45] [125/458] NATP
[16:08:46] [126/458] PCPK
[16:08:47] [127/458] SMHO
[16:08:47] 🔄 Identity reset
[16:08:47] 🔄 Identity rotated (every 10 requests)
[16:08:47] 🔄 Retry 1/5 for SMHO in 2.2s
[16:08:47] 🔄 Identity reset
[16:08:50] 🧠 New identity created
[16:08:50] [128/458] CWTK
[16:08:51] [129/458] RVKZ
[16:08:51] [130/458] ASPD
[16:08:52] [131/458] VTKZ
[16:08:53] [132/458] LCSO
[16:08:54] [133/458] PRDY
[16:08:55] [134/458] RCAP
[16:08:56] [135/458] RGAR
[16:08:57] [136/458] RCAC
[16:08:58] 🔄 Identity reset
[16:08:58] 🔄 Identity rotated (every 10 requests)
[16:08:58] [137/458] PMOD
[16:08:59] [138/458] PVCN
[16:08:59] [139/458] SCRZ
[16:09:00] [140/458] PVPC
[16:09:01] [141/458] STID
[16:09:02] [142/458] NEDD
[16:09:03] [143/458] BNBA
[16:09:04] [144/458] NTCD
[16:09:05] [145/458] OCDE
[16:09:05] [146/458] CCDU
[16:09:06] 🔄 Identity reset
[16:09:06] 🔄 Identity rotated (every 10 requests)
[16:09:06] [147/458] CRXH
[16:09:07] [148/458] VLVT
[16:09:07] [149/458] CICI
[16:09:08] [150/458] SUCB
[16:09:09] [151/458] TCBP
[16:09:11] [152/458] SCCY
[16:09:11] [153/458] LXCY
[16:09:12] [154/458] NCMD
[16:09:13] [155/458] PHCS
[16:09:14] [156/458] DUXR
[16:09:14] 🔄 Identity reset
[16:09:14] 🔄 Identity rotated (every 10 requests)
[16:09:14] [157/458] VNKS
[16:09:15] [158/458] SEDP
[16:09:16] [159/458] SVEN
[16:09:17] [160/458] SRKM
[16:09:18] [161/458] JTLT
[16:09:18] [162/458] SVSS
[16:09:19] [163/458] AMDE
[16:09:20] [164/458] WVRN
[16:09:21] [165/458] ISMG
[16:09:22] [166/458] WVKS
[16:09:22] 🔄 Identity reset
[16:09:22] 🔄 Identity rotated (every 10 requests)
[16:09:23] [167/458] USCG
[16:09:24] [168/458] IOTG
[16:09:24] [169/458] RRJM
[16:09:25] [170/458] EDMP
[16:09:26] [171/458] SCGZ
[16:09:27] [172/458] GMGX
[16:09:27] [173/458] OMTP
[16:09:28] [174/458] MITD
[16:09:29] [175/458] SMMD
[16:09:30] [176/458] STML
[16:09:30] 🔄 Identity reset
[16:09:30] 🔄 Identity rotated (every 10 requests)
[16:09:30] 🔄 Retry 1/5 for STML in 2.2s
[16:09:30] 🔄 Identity reset
[16:09:33] 🧠 New identity created
[16:09:33] [177/458] MCFS
[16:09:34] [178/458] FPKA
[16:09:35] [179/458] OMLR
[16:09:36] [180/458] KKSC
[16:09:36] [181/458] RVMA
[16:09:37] [182/458] SCLL
[16:09:39] [183/458] SCDK
[16:09:39] [184/458] SXMI
[16:09:40] [185/458] SHDN
[16:09:41] 🔄 Identity reset
[16:09:41] 🔄 Identity rotated (every 10 requests)
[16:09:41] [186/458] PAAD
[16:09:42] [187/458] UUCB
[16:09:43] [188/458] JHOL
[16:09:44] [189/458] SGWT
[16:09:44] [190/458] SRII
[16:09:45] [191/458] SGCK
[16:09:46] [192/458] SVVB
[16:09:47] [193/458] DMHA
[16:09:48] [194/458] PPNL
[16:09:49] [195/458] CPNL
[16:09:49] 🔄 Identity reset
[16:09:49] 🔄 Identity rotated (every 10 requests)
[16:09:49] [196/458] WVLD
[16:09:50] [197/458] PSLV
[16:09:51] [198/458] VTTL
[16:09:52] [199/458] NPAD
[16:09:53] [200/458] PVCS
[16:09:55] [201/458] MCHL
[16:09:56] [202/458] PPLL
[16:09:57] [203/458] MALO
[16:09:58] [204/458] SWBH
[16:09:59] [205/458] PUGB
[16:09:59] 🔄 Identity reset
[16:09:59] 🔄 Identity rotated (every 10 requests)
[16:09:59] 🔄 Retry 1/5 for PUGB in 2.8s
[16:09:59] 🔄 Identity reset
[16:10:02] 🧠 New identity created
[16:10:02] 🔄 Retry 2/5 for PUGB in 4.5s
[16:10:02] 🔄 Identity reset
[16:10:07] 🧠 New identity created
[16:10:07] [206/458] INBB
[16:10:08] [207/458] INNS
[16:10:09] [208/458] MCPT
[16:10:10] [209/458] SCMI
[16:10:11] [210/458] OCON
[16:10:12] [211/458] SCSM
[16:10:12] [212/458] RJVN
[16:10:13] [213/458] AMDK
[16:10:13] 🔄 Identity reset
[16:10:13] 🔄 Identity rotated (every 10 requests)
[16:10:14] [214/458] ISMR
[16:10:15] [215/458] SMTD
[16:10:15] [216/458] VTDD
[16:10:16] [217/458] PDDZ
[16:10:17] [218/458] PCCK
[16:10:18] [219/458] INAM
[16:10:18] [220/458] FNKT
[16:10:19] [221/458] GDKA
[16:10:20] [222/458] MAYU
[16:10:21] [223/458] TCGU
[16:10:22] 🔄 Identity reset
[16:10:22] 🔄 Identity rotated (every 10 requests)
[16:10:22] [224/458] KDCA
[16:10:22] [225/458] DOMY
[16:10:24] [226/458] PDDD
[16:10:24] [227/458] BJTS
[16:10:25] [228/458] VTCA
[16:10:26] [229/458] SBTM
[16:10:27] [230/458] SEET
[16:10:27] [231/458] SSTJ
[16:10:28] [232/458] SVNT
[16:10:29] [233/458] PPPR
[16:10:29] 🔄 Identity reset
[16:10:29] 🔄 Identity rotated (every 10 requests)
[16:10:29] [234/458] PVYS
[16:10:30] [235/458] IOSE
[16:10:31] [236/458] ACTV
[16:10:32] [237/458] APVE
[16:10:33] [238/458] TCCL
[16:10:34] [239/458] SCMO
[16:10:34] [240/458] SAUM
[16:10:35] [241/458] KCJS
[16:10:36] [242/458] NJCJ
[16:10:37] [243/458] NECF
[16:10:37] 🔄 Identity reset
[16:10:37] 🔄 Identity rotated (every 10 requests)
[16:10:37] [244/458] CCGW
[16:10:38] [245/458] CCMG
[16:10:39] [246/458] NYRG
[16:10:40] [247/458] NCSQ
[16:10:40] [248/458] GRCG
[16:10:41] [249/458] CCBT
[16:10:42] [250/458] ACGA
[16:10:43] [251/458] INAG
[16:10:43] [252/458] FUCG
[16:10:44] [253/458] AICF
[16:10:45] 🔄 Identity reset
[16:10:45] 🔄 Identity rotated (every 10 requests)
[16:10:45] 🔄 Retry 1/5 for AICF in 2.9s
[16:10:45] 🔄 Identity reset
[16:10:48] 🧠 New identity created
[16:10:48] [254/458] GRGA
[16:10:49] [255/458] GDCN
[16:10:50] [256/458] RRCG
[16:10:50] [257/458] SDCH
[16:10:51] [258/458] WVJM
[16:10:52] [259/458] JCCZ
[16:10:53] [260/458] CNCL
[16:10:54] [261/458] TMLV
[16:10:55] [262/458] MEMB
[16:10:55] 🔄 Identity reset
[16:10:55] 🔄 Identity rotated (every 10 requests)
[16:10:55] [263/458] SGTD
[16:10:56] [264/458] CONX
[16:10:57] [265/458] CCMH
[16:10:58] [266/458] ACMC
[16:10:59] [267/458] DTPD
[16:11:00] [268/458] POJA
[16:11:01] [269/458] FNBH
[16:11:01] [270/458] CGCB
[16:11:02] [271/458] RACN
[16:11:03] [272/458] JTSM
[16:11:03] 🔄 Identity reset
[16:11:03] 🔄 Identity rotated (every 10 requests)
[16:11:04] [273/458] SCDN
[16:11:04] [274/458] AACK
[16:11:06] [275/458] RMCE
[16:11:07] [276/458] BSGB
[16:11:09] [277/458] MRCB
[16:11:10] [278/458] SRVR
[16:11:10] [279/458] VTKK
[16:11:11] [280/458] AMST
[16:11:12] [281/458] APCY
[16:11:13] [282/458] LMHO
[16:11:13] 🔄 Identity reset
[16:11:13] 🔄 Identity rotated (every 10 requests)
[16:11:13] [283/458] MTZH
[16:11:14] [284/458] AMZB
[16:11:15] [285/458] SUVT
[16:11:16] [286/458] RCIP
[16:11:17] [287/458] KESR
[16:11:17] [288/458] SNKC
[16:11:18] [289/458] SCED
[16:11:19] [290/458] DVCA
[16:11:20] [291/458] VCDT
[16:11:20] [292/458] RRDI
[16:11:21] 🔄 Identity reset
[16:11:21] 🔄 Identity rotated (every 10 requests)
[16:11:21] [293/458] DFCH
[16:11:22] [294/458] INSC
[16:11:23] [295/458] RGTR
[16:11:24] [296/458] FMOT
[16:11:25] [297/458] SCPM
[16:11:25] [298/458] GCDT
[16:11:26] [299/458] BRKT
[16:11:27] [300/458] DEMP
[16:11:28] [301/458] SRLC
[16:11:28] [302/458] KSTT
[16:11:29] 🔄 Identity reset
[16:11:29] 🔄 Identity rotated (every 10 requests)
[16:11:29] [303/458] SMMT
[16:11:30] [304/458] SILM
[16:11:31] [305/458] JCVM
[16:11:32] [306/458] KCSV
[16:11:33] [307/458] MHLK
[16:11:35] [308/458] SLVL
[16:11:35] [309/458] RJKP
[16:11:36] 🔄 Retry 1/5 for RJKP in 2.9s
[16:11:36] 🔄 Identity reset
[16:11:39] 🧠 New identity created
[16:11:39] [310/458] BBPC
[16:11:40] [311/458] MXCB
[16:11:41] 🔄 Identity reset
[16:11:41] 🔄 Identity rotated (every 10 requests)
[16:11:41] [312/458] TCPK
[16:11:42] [313/458] RTBR
[16:11:43] [314/458] GAUT
[16:11:43] [315/458] DVCF
[16:11:45] [316/458] JTSB
[16:11:46] [317/458] SBLS
[16:11:47] [318/458] UDAY
[16:11:47] [319/458] PTNP
[16:11:48] [320/458] DMKT
[16:11:49] [321/458] NTDT
[16:11:49] 🔄 Identity reset
[16:11:49] 🔄 Identity rotated (every 10 requests)
[16:11:50] [322/458] SHDJ
[16:11:51] [323/458] OTNC
[16:11:53] [324/458] RNTW
[16:11:54] [325/458] GCMI
[16:11:54] [326/458] CRCM
[16:11:55] [327/458] NNCZ
[16:11:56] [328/458] OEMO
[16:11:56] [329/458] PVJM
[16:11:57] [330/458] CPJI
[16:11:59] [331/458] RMCJ
[16:12:00] 🔄 Identity reset
[16:12:00] 🔄 Identity rotated (every 10 requests)
[16:12:00] [332/458] CNWJ
[16:12:01] [333/458] EPJM
[16:12:02] [334/458] FNJJ
[16:12:03] [335/458] GCMJ
[16:12:03] [336/458] INPS
[16:12:04] [337/458] BICJ
[16:12:05] [338/458] ISTJ
[16:12:06] [339/458] INJC
[16:12:07] [340/458] GLXJ
[16:12:07] [341/458] INEM
[16:12:08] 🔄 Identity reset
[16:12:08] 🔄 Identity rotated (every 10 requests)
[16:12:08] [342/458] JTMN
[16:12:10] [343/458] FRCJ
[16:12:11] [344/458] DDJP
[16:12:11] [345/458] INJV
[16:12:12] [346/458] GOLC
[16:12:13] [347/458] KOCI
[16:12:14] [348/458] FSTD
[16:12:17] [349/458] PACJ
[16:12:17] [350/458] GMCN
[16:12:18] [351/458] MMDJ
[16:12:19] 🔄 Identity reset
[16:12:19] 🔄 Identity rotated (every 10 requests)
[16:12:19] [352/458] GODH
[16:12:20] [353/458] SKYN
[16:12:20] [354/458] NCTH
[16:12:21] [355/458] SKVZ
[16:12:22] [356/458] SVML
[16:12:22] [357/458] ACVZ
[16:12:23] [358/458] SURA
[16:12:24] [359/458] RTRB
[16:12:25] [360/458] LLCT
[16:12:26] [361/458] ATTS
[16:12:26] 🔄 Identity reset
[16:12:26] 🔄 Identity rotated (every 10 requests)
[16:12:27] [362/458] JYCM
[16:12:27] [363/458] CTKR
[16:12:28] [364/458] LCKR
[16:12:29] [365/458] NYCV
[16:12:30] [366/458] NYOH
[16:12:31] [367/458] NOVX
[16:12:32] [368/458] MRGK
[16:12:33] [369/458] MOON
[16:12:34] [370/458] SBUC
[16:12:34] [371/458] GSVA
[16:12:35] 🔄 Identity reset
[16:12:35] 🔄 Identity rotated (every 10 requests)
[16:12:35] [372/458] VIAK
[16:12:36] [373/458] SMVZ
[16:12:37] [374/458] MATE
[16:12:38] [375/458] RDCN
[16:12:38] [376/458] ASBL
[16:12:39] [377/458] ASVS
[16:12:40] [378/458] ASSR
[16:12:41] [379/458] SSKN
[16:12:42] [380/458] DRPV
[16:12:43] [381/458] MRHT
[16:12:43] 🔄 Identity reset
[16:12:43] 🔄 Identity rotated (every 10 requests)
[16:12:44] [382/458] BSCN
[16:12:45] [383/458] RKNX
[16:12:46] [384/458] MSMC
[16:12:47] [385/458] MSCJ
[16:12:47] [386/458] BTBJ
[16:12:48] [387/458] MJCC
[16:12:49] [388/458] IOMM
[16:12:50] [389/458] ADGR
[16:12:51] [390/458] MYCP
[16:12:52] [391/458] IGCM
[16:12:52] 🔄 Identity reset
[16:12:52] 🔄 Identity rotated (every 10 requests)
[16:12:53] [392/458] PGRK
[16:12:53] [393/458] VPGO
[16:12:54] [394/458] KOMS
[16:12:55] [395/458] URGG
[16:12:56] [396/458] GOST
[16:12:57] [397/458] LACT
[16:12:57] [398/458] BWCM
[16:12:58] [399/458] NCCW
[16:12:59] [400/458] SKYC
[16:13:00] [401/458] CCPM
[16:13:00] 🔄 Identity reset
[16:13:00] 🔄 Identity rotated (every 10 requests)
[16:13:01] [402/458] VCBT
[16:13:01] [403/458] SDKR
[16:13:02] [404/458] CTYB
[16:13:03] [405/458] SHCX
[16:13:04] [406/458] RCUN
[16:13:05] [407/458] CNRA
[16:13:06] [408/458] RFCA
[16:13:06] [409/458] RDCU
[16:13:07] [410/458] SARK
[16:13:09] [411/458] SPPP
[16:13:09] 🔄 Identity reset
[16:13:09] 🔄 Identity rotated (every 10 requests)
[16:13:09] 🔄 Retry 1/5 for SPPP in 2.2s
[16:13:09] 🔄 Identity reset
[16:13:12] 🧠 New identity created
[16:13:12] [412/458] ADMB
[16:13:13] [413/458] JYOE
[16:13:14] [414/458] SRMD
[16:13:14] [415/458] RJDH
[16:13:15] [416/458] SSTD
[16:13:16] [417/458] AACV
[16:13:17] [418/458] PPVD
[16:13:18] [419/458] STCP
[16:13:19] [420/458] ANLS
[16:13:20] 🔄 Identity reset
[16:13:20] 🔄 Identity rotated (every 10 requests)
[16:13:20] 🔄 Retry 1/5 for ANLS in 2.2s
[16:13:20] 🔄 Identity reset
[16:13:22] 🧠 New identity created
[16:13:22] [421/458] BIJO
[16:13:23] [422/458] AVAB
[16:13:24] [423/458] SPMD
[16:13:25] [424/458] SVJL
[16:13:26] [425/458] SDDJ
[16:13:27] [426/458] SLTU
[16:13:28] [427/458] SAKA
[16:13:28] [428/458] PMAM
[16:13:29] [429/458] FNAM
[16:13:30] 🔄 Identity reset
[16:13:30] 🔄 Identity rotated (every 10 requests)
[16:13:30] [430/458] ACAM
[16:13:31] [431/458] SCMM
[16:13:31] [432/458] PMAK
[16:13:32] [433/458] NYSA
[16:13:33] [434/458] FCPA
[16:13:34] [435/458] GDAN
[16:13:36] [436/458] RSCA
[16:13:37] [437/458] DMAN
[16:13:38] [438/458] DZCM
[16:13:38] [439/458] NSGL
[16:13:39] 🔄 Identity reset
[16:13:39] 🔄 Identity rotated (every 10 requests)
[16:13:39] [440/458] CCPP
[16:13:40] [441/458] PSMG
[16:13:41] [442/458] GSER
[16:13:42] [443/458] FCCT
[16:13:43] [444/458] FCTB
[16:13:44] [445/458] LCNK
[16:13:44] [446/458] SKTY
[16:13:45] [447/458] INAA
[16:13:46] [448/458] RCWN
[16:13:47] [449/458] VAIS
[16:13:48] 🔄 Identity reset
[16:13:48] 🔄 Identity rotated (every 10 requests)
[16:13:48] 🔄 Retry 1/5 for VAIS in 2.2s
[16:13:48] 🔄 Identity reset
[16:13:50] 🧠 New identity created
[16:13:50] [450/458] CVMN
[16:13:51] [451/458] INTS
[16:13:52] [452/458] FRGS
[16:13:53] [453/458] DTCK
[16:13:54] [454/458] MCMH
[16:13:55] [455/458] ECRR
[16:13:56] [456/458] RLLP
[16:13:57] [457/458] CCSN
[16:13:58] [458/458] CCBA
[16:13:58] 🔄 Identity reset
[16:13:59] 🔄 Identity rotated (every 10 requests)
[16:13:59] 🧹 Deduping shows
[16:13:59] ✅ DONE | Shows=2244 | Movies=51
[20:11:42] 🚀 SCRIPT STARTED (enhanced anti‑detection)
[20:11:42] [1/458] MBDC
[20:11:43] 🧠 New identity created
[20:11:43] [2/458] CHKM
[20:11:44] [3/458] JTKZ
[20:11:45] [4/458] CMCT
[20:11:46] [5/458] ASHO
[20:11:47] [6/458] ECDG
[20:11:48] [7/458] SPAT
[20:11:49] [8/458] HILC
[20:11:49] [9/458] SPPH
[20:11:50] [10/458] SBHN
[20:11:51] 🔄 Identity reset
[20:11:51] 🔄 Identity rotated (every 10 requests)
[20:11:51] 🔄 Retry 1/5 for SBHN in 2.5s
[20:11:51] 🔄 Identity reset
[20:11:53] 🧠 New identity created
[20:11:54] [11/458] RRCA
[20:11:55] [12/458] APAA
[20:11:56] [13/458] RAME
[20:11:57] [14/458] TMMS
[20:11:58] [15/458] BATK
[20:11:59] [16/458] LKOP
[20:12:00] [17/458] AMTT
[20:12:01] [18/458] PTGK
[20:12:02] [19/458] ANRS
[20:12:02] 🔄 Identity reset
[20:12:02] 🔄 Identity rotated (every 10 requests)
[20:12:03] [20/458] VWBW
[20:12:04] [21/458] SVFG
[20:12:05] [22/458] STAT
[20:12:05] [23/458] GDCV
[20:12:07] [24/458] VEBI
[20:12:08] [25/458] VDSS
[20:12:09] [26/458] NTHV
[20:12:10] [27/458] AOCH
[20:12:10] [28/458] KASR
[20:12:11] [29/458] AYCS
[20:12:12] 🔄 Identity reset
[20:12:12] 🔄 Identity rotated (every 10 requests)
[20:12:13] [30/458] SHAI
[20:12:14] [31/458] SKPE
[20:12:15] [32/458] SBTA
[20:12:16] [33/458] RTTD
[20:12:16] [34/458] CCJD
[20:12:17] [35/458] RSJJ
[20:12:18] [36/458] RKND
[20:12:19] [37/458] SVTX
[20:12:20] [38/458] BAKM
[20:12:21] [39/458] SVDC
[20:12:21] 🔄 Identity reset
[20:12:21] 🔄 Identity rotated (every 10 requests)
[20:12:22] [40/458] MNCV
[20:12:22] [41/458] SJGC
[20:12:23] [42/458] MTPK
[20:12:25] [43/458] GATP
[20:12:26] [44/458] ABTS
[20:12:27] [45/458] ABDE
[20:12:27] [46/458] RCNM
[20:12:28] [47/458] KTHV
[20:12:29] [48/458] MDGJ
[20:12:30] [49/458] SMLM
[20:12:30] 🔄 Identity reset
[20:12:30] 🔄 Identity rotated (every 10 requests)
[20:12:30] [50/458] JTMA
[20:12:31] [51/458] ACKP
[20:12:32] [52/458] SRTA
[20:12:33] [53/458] STAY
[20:12:34] [54/458] MAVO
[20:12:35] [55/458] APTS
[20:12:36] [56/458] OMEA
[20:12:36] [57/458] TTFD
[20:12:37] [58/458] MJCU
[20:12:38] [59/458] CXTE
[20:12:38] 🔄 Identity reset
[20:12:38] 🔄 Identity rotated (every 10 requests)
[20:12:39] 🔄 Retry 1/5 for CXTE in 2.1s
[20:12:39] 🔄 Identity reset
[20:12:41] 🧠 New identity created
[20:12:41] [60/458] CTPX
[20:12:42] [61/458] ASSL
[20:12:43] [62/458] CMVB
[20:12:44] [63/458] VPUR
[20:12:45] [64/458] JJDA
[20:12:45] [65/458] INBL
[20:12:46] [66/458] BIKB
[20:12:47] [67/458] NTBB
[20:12:48] [68/458] GLOB
[20:12:49] 🔄 Identity reset
[20:12:49] 🔄 Identity rotated (every 10 requests)
[20:12:49] 🔄 Retry 1/5 for GLOB in 2.1s
[20:12:49] 🔄 Identity reset
[20:12:51] 🧠 New identity created
[20:12:52] [69/458] SNTB
[20:12:52] [70/458] CHGV
[20:12:53] [71/458] SSBZ
[20:12:54] [72/458] PRDB
[20:12:55] [73/458] ISMT
[20:12:56] [74/458] MCSD
[20:12:56] [75/458] JBTT
[20:12:57] [76/458] GEKR
[20:12:58] [77/458] PVUN
[20:12:59] 🔄 Identity reset
[20:12:59] 🔄 Identity rotated (every 10 requests)
[20:12:59] 🔄 Retry 1/5 for PVUN in 3.0s
[20:12:59] 🔄 Identity reset
[20:13:02] 🧠 New identity created
[20:13:02] [78/458] NRTB
[20:13:04] [79/458] PRAA
[20:13:04] [80/458] PCBL
[20:13:05] [81/458] PTCM
[20:13:07] [82/458] KHNN
[20:13:08] [83/458] OMJE
[20:13:09] [84/458] STGN
[20:13:09] [85/458] RPMS
[20:13:10] [86/458] NWAD
[20:13:11] 🔄 Identity reset
[20:13:11] 🔄 Identity rotated (every 10 requests)
[20:13:11] 🔄 Retry 1/5 for NWAD in 2.5s
[20:13:11] 🔄 Identity reset
[20:13:14] 🧠 New identity created
[20:13:14] [87/458] BLCK
[20:13:15] [88/458] SVAA
[20:13:16] [89/458] URVM
[20:13:16] [90/458] ANTM
[20:13:17] [91/458] VJYM
[20:13:18] [92/458] MAZZ
[20:13:20] [93/458] CSHM
[20:13:21] [94/458] WGMH
[20:13:22] [95/458] SALN
[20:13:22] 🔄 Identity reset
[20:13:23] 🔄 Identity rotated (every 10 requests)
[20:13:23] [96/458] BRTP
[20:13:24] [97/458] SVTA
[20:13:25] [98/458] SBTP
[20:13:26] [99/458] VLSS
[20:13:27] [100/458] SRJA
[20:13:28] [101/458] ANCG
[20:13:29] [102/458] CGGC
[20:13:30] [103/458] CRJA
[20:13:31] [104/458] USCR
[20:13:31] [105/458] MMEF
[20:13:32] 🔄 Identity reset
[20:13:32] 🔄 Identity rotated (every 10 requests)
[20:13:32] [106/458] JCRJ
[20:13:33] [107/458] ADCM
[20:13:34] [108/458] BMYK
[20:13:35] [109/458] KICS
[20:13:35] [110/458] MBBT
[20:13:36] [111/458] MACK
[20:13:37] [112/458] CLDR
[20:13:38] [113/458] JYCR
[20:13:39] [114/458] DCRP
[20:13:40] [115/458] RAHT
[20:13:41] 🔄 Identity reset
[20:13:41] 🔄 Identity rotated (every 10 requests)
[20:13:41] [116/458] CSSM
[20:13:42] [117/458] ATPK
[20:13:43] [118/458] KLRT
[20:13:44] [119/458] SRDD
[20:13:45] [120/458] CKMC
[20:13:46] [121/458] KRVM
[20:13:47] [122/458] AKCP
[20:13:48] [123/458] CNCV
[20:13:49] [124/458] PACT
[20:13:50] [125/458] NATP
[20:13:50] 🔄 Identity reset
[20:13:50] 🔄 Identity rotated (every 10 requests)
[20:13:50] [126/458] PCPK
[20:13:51] [127/458] SMHO
[20:13:52] [128/458] CWTK
[20:13:53] [129/458] RVKZ
[20:13:53] [130/458] ASPD
[20:13:54] [131/458] VTKZ
[20:13:55] [132/458] LCSO
[20:13:56] [133/458] PRDY
[20:13:56] [134/458] RCAP
[20:13:57] [135/458] RGAR
[20:13:58] 🔄 Identity reset
[20:13:58] 🔄 Identity rotated (every 10 requests)
[20:13:58] [136/458] RCAC
[20:13:59] [137/458] PMOD
[20:14:00] [138/458] PVCN
[20:14:02] [139/458] SCRZ
[20:14:03] [140/458] PVPC
[20:14:04] [141/458] STID
[20:14:05] [142/458] NEDD
[20:14:05] [143/458] BNBA
[20:14:06] [144/458] NTCD
[20:14:07] [145/458] OCDE
[20:14:08] 🔄 Identity reset
[20:14:08] 🔄 Identity rotated (every 10 requests)
[20:14:08] [146/458] CCDU
[20:14:09] [147/458] CRXH
[20:14:10] [148/458] VLVT
[20:14:11] [149/458] CICI
[20:14:11] [150/458] SUCB
[20:14:12] [151/458] TCBP
[20:14:13] [152/458] SCCY
[20:14:14] [153/458] LXCY
[20:14:15] [154/458] NCMD
[20:14:16] [155/458] PHCS
[20:14:17] 🔄 Identity reset
[20:14:17] 🔄 Identity rotated (every 10 requests)
[20:14:17] 🔄 Retry 1/5 for PHCS in 2.1s
[20:14:17] 🔄 Identity reset
[20:14:19] 🧠 New identity created
[20:14:19] [156/458] DUXR
[20:14:20] [157/458] VNKS
[20:14:21] [158/458] SEDP
[20:14:22] [159/458] SVEN
[20:14:23] [160/458] SRKM
[20:14:23] [161/458] JTLT
[20:14:24] [162/458] SVSS
[20:14:25] [163/458] AMDE
[20:14:26] [164/458] WVRN
[20:14:27] 🔄 Identity reset
[20:14:27] 🔄 Identity rotated (every 10 requests)
[20:14:27] 🔄 Retry 1/5 for WVRN in 2.7s
[20:14:27] 🔄 Identity reset
[20:14:29] 🧠 New identity created
[20:14:30] [165/458] ISMG
[20:14:30] [166/458] WVKS
[20:14:31] [167/458] USCG
[20:14:32] [168/458] IOTG
[20:14:33] [169/458] RRJM
[20:14:34] [170/458] EDMP
[20:14:35] [171/458] SCGZ
[20:14:36] [172/458] GMGX
[20:14:36] [173/458] OMTP
[20:14:37] 🔄 Identity reset
[20:14:37] 🔄 Identity rotated (every 10 requests)
[20:14:37] [174/458] MITD
[20:14:38] [175/458] SMMD
[20:14:40] [176/458] STML
[20:14:41] [177/458] MCFS
[20:14:41] [178/458] FPKA
[20:14:42] [179/458] OMLR
[20:14:43] [180/458] KKSC
[20:14:44] [181/458] RVMA
[20:14:45] [182/458] SCLL
[20:14:46] [183/458] SCDK
[20:14:47] 🔄 Identity reset
[20:14:47] 🔄 Identity rotated (every 10 requests)
[20:14:47] [184/458] SXMI
[20:14:48] [185/458] SHDN
[20:14:49] [186/458] PAAD
[20:14:49] [187/458] UUCB
[20:14:50] [188/458] JHOL
[20:14:51] [189/458] SGWT
[20:14:52] [190/458] SRII
[20:14:54] [191/458] SGCK
[20:14:54] [192/458] SVVB
[20:14:55] [193/458] DMHA
[20:14:56] 🔄 Identity reset
[20:14:56] 🔄 Identity rotated (every 10 requests)
[20:14:56] [194/458] PPNL
[20:14:57] [195/458] CPNL
[20:14:58] [196/458] WVLD
[20:14:59] [197/458] PSLV
[20:15:00] [198/458] VTTL
[20:15:01] [199/458] NPAD
[20:15:02] [200/458] PVCS
[20:15:03] [201/458] MCHL
[20:15:03] [202/458] PPLL
[20:15:04] [203/458] MALO
[20:15:05] 🔄 Identity reset
[20:15:05] 🔄 Identity rotated (every 10 requests)
[20:15:05] [204/458] SWBH
[20:15:06] [205/458] PUGB
[20:15:07] [206/458] INBB
[20:15:08] [207/458] INNS
[20:15:09] [208/458] MCPT
[20:15:10] [209/458] SCMI
[20:15:11] [210/458] OCON
[20:15:12] [211/458] SCSM
[20:15:13] [212/458] RJVN
[20:15:15] [213/458] AMDK
[20:15:15] 🔄 Identity reset
[20:15:15] 🔄 Identity rotated (every 10 requests)
[20:15:16] [214/458] ISMR
[20:15:17] [215/458] SMTD
[20:15:17] [216/458] VTDD
[20:15:18] [217/458] PDDZ
[20:15:19] [218/458] PCCK
[20:15:21] [219/458] INAM
[20:15:22] [220/458] FNKT
[20:15:23] [221/458] GDKA
[20:15:24] [222/458] MAYU
[20:15:25] [223/458] TCGU
[20:15:25] 🔄 Identity reset
[20:15:25] 🔄 Identity rotated (every 10 requests)
[20:15:25] [224/458] KDCA
[20:15:26] [225/458] DOMY
[20:15:28] [226/458] PDDD
[20:15:28] [227/458] BJTS
[20:15:29] [228/458] VTCA
[20:15:31] [229/458] SBTM
[20:15:32] [230/458] SEET
[20:15:32] [231/458] SSTJ
[20:15:33] [232/458] SVNT
[20:15:35] [233/458] PPPR
[20:15:36] 🔄 Identity reset
[20:15:36] 🔄 Identity rotated (every 10 requests)
[20:15:36] 🔄 Retry 1/5 for PPPR in 3.0s
[20:15:36] 🔄 Identity reset
[20:15:39] 🧠 New identity created
[20:15:39] [234/458] PVYS
[20:15:40] [235/458] IOSE
[20:15:41] [236/458] ACTV
[20:15:42] [237/458] APVE
[20:15:43] [238/458] TCCL
[20:15:43] [239/458] SCMO
[20:15:44] [240/458] SAUM
[20:15:45] [241/458] KCJS
[20:15:46] [242/458] NJCJ
[20:15:47] 🔄 Identity reset
[20:15:47] 🔄 Identity rotated (every 10 requests)
[20:15:47] 🔄 Retry 1/5 for NJCJ in 2.0s
[20:15:47] 🔄 Identity reset
[20:15:49] 🧠 New identity created
[20:15:49] [243/458] NECF
[20:15:50] [244/458] CCGW
[20:15:51] [245/458] CCMG
[20:15:52] [246/458] NYRG
[20:15:53] [247/458] NCSQ
[20:15:54] [248/458] GRCG
[20:15:55] [249/458] CCBT
[20:15:56] [250/458] ACGA
[20:15:57] [251/458] INAG
[20:15:57] 🔄 Identity reset
[20:15:57] 🔄 Identity rotated (every 10 requests)
[20:15:57] [252/458] FUCG
[20:15:59] [253/458] AICF
[20:16:00] [254/458] GRGA
[20:16:01] [255/458] GDCN
[20:16:02] [256/458] RRCG
[20:16:02] [257/458] SDCH
[20:16:03] [258/458] WVJM
[20:16:04] [259/458] JCCZ
[20:16:05] [260/458] CNCL
[20:16:06] [261/458] TMLV
[20:16:06] 🔄 Identity reset
[20:16:06] 🔄 Identity rotated (every 10 requests)
[20:16:06] 🔄 Retry 1/5 for TMLV in 2.1s
[20:16:06] 🔄 Identity reset
[20:16:08] 🧠 New identity created
[20:16:09] [262/458] MEMB
[20:16:10] [263/458] SGTD
[20:16:11] [264/458] CONX
[20:16:11] [265/458] CCMH
[20:16:12] [266/458] ACMC
[20:16:13] [267/458] DTPD
[20:16:14] [268/458] POJA
[20:16:15] [269/458] FNBH
[20:16:16] [270/458] CGCB
[20:16:16] 🔄 Identity reset
[20:16:16] 🔄 Identity rotated (every 10 requests)
[20:16:17] [271/458] RACN
[20:16:17] [272/458] JTSM
[20:16:18] [273/458] SCDN
[20:16:19] [274/458] AACK
[20:16:20] [275/458] RMCE
[20:16:22] [276/458] BSGB
[20:16:23] [277/458] MRCB
[20:16:24] [278/458] SRVR
[20:16:25] [279/458] VTKK
[20:16:26] [280/458] AMST
[20:16:26] 🔄 Identity reset
[20:16:26] 🔄 Identity rotated (every 10 requests)
[20:16:26] 🔄 Retry 1/5 for AMST in 2.2s
[20:16:26] 🔄 Identity reset
[20:16:29] 🧠 New identity created
[20:16:29] [281/458] APCY
[20:16:30] [282/458] LMHO
[20:16:31] [283/458] MTZH
[20:16:32] [284/458] AMZB
[20:16:33] [285/458] SUVT
[20:16:34] [286/458] RCIP
[20:16:35] [287/458] KESR
[20:16:36] [288/458] SNKC
[20:16:37] [289/458] SCED
[20:16:38] 🔄 Identity reset
[20:16:38] 🔄 Identity rotated (every 10 requests)
[20:16:38] [290/458] DVCA
[20:16:39] [291/458] VCDT
[20:16:40] [292/458] RRDI
[20:16:41] [293/458] DFCH
[20:16:42] [294/458] INSC
[20:16:44] [295/458] RGTR
[20:16:45] [296/458] FMOT
[20:16:45] [297/458] SCPM
[20:16:46] [298/458] GCDT
[20:16:47] [299/458] BRKT
[20:16:48] 🔄 Identity reset
[20:16:48] 🔄 Identity rotated (every 10 requests)
[20:16:48] [300/458] DEMP
[20:16:49] [301/458] SRLC
[20:16:50] [302/458] KSTT
[20:16:51] [303/458] SMMT
[20:16:52] [304/458] SILM
[20:16:53] [305/458] JCVM
[20:16:53] [306/458] KCSV
[20:16:54] [307/458] MHLK
[20:16:55] [308/458] SLVL
[20:16:56] [309/458] RJKP
[20:16:57] 🔄 Identity reset
[20:16:57] 🔄 Identity rotated (every 10 requests)
[20:16:57] [310/458] BBPC
[20:16:58] [311/458] MXCB
[20:17:00] [312/458] TCPK
[20:17:01] [313/458] RTBR
[20:17:01] [314/458] GAUT
[20:17:02] [315/458] DVCF
[20:17:03] [316/458] JTSB
[20:17:04] [317/458] SBLS
[20:17:05] [318/458] UDAY
[20:17:06] [319/458] PTNP
[20:17:06] 🔄 Identity reset
[20:17:06] 🔄 Identity rotated (every 10 requests)
[20:17:06] 🔄 Retry 1/5 for PTNP in 2.3s
[20:17:06] 🔄 Identity reset
[20:17:09] 🧠 New identity created
[20:17:10] [320/458] DMKT
[20:17:11] [321/458] NTDT
[20:17:12] [322/458] SHDJ
[20:17:13] [323/458] OTNC
[20:17:14] [324/458] RNTW
[20:17:15] [325/458] GCMI
[20:17:16] [326/458] CRCM
[20:17:17] [327/458] NNCZ
[20:17:18] [328/458] OEMO
[20:17:19] 🔄 Identity reset
[20:17:19] 🔄 Identity rotated (every 10 requests)
[20:17:19] [329/458] PVJM
[20:17:20] [330/458] CPJI
[20:17:21] [331/458] RMCJ
[20:17:22] [332/458] CNWJ
[20:17:22] [333/458] EPJM
[20:17:24] [334/458] FNJJ
[20:17:26] [335/458] GCMJ
[20:17:27] [336/458] INPS
[20:17:28] [337/458] BICJ
[20:17:28] [338/458] ISTJ
[20:17:29] 🔄 Identity reset
[20:17:29] 🔄 Identity rotated (every 10 requests)
[20:17:29] [339/458] INJC
[20:17:30] [340/458] GLXJ
[20:17:31] [341/458] INEM
[20:17:32] [342/458] JTMN
[20:17:34] [343/458] FRCJ
[20:17:35] [344/458] DDJP
[20:17:36] [345/458] INJV
[20:17:37] [346/458] GOLC
[20:17:38] [347/458] KOCI
[20:17:39] [348/458] FSTD
[20:17:39] 🔄 Identity reset
[20:17:39] 🔄 Identity rotated (every 10 requests)
[20:17:40] [349/458] PACJ
[20:17:41] [350/458] GMCN
[20:17:42] [351/458] MMDJ
[20:17:43] [352/458] GODH
[20:17:44] [353/458] SKYN
[20:17:45] [354/458] NCTH
[20:17:46] [355/458] SKVZ
[20:17:47] [356/458] SVML
[20:17:48] [357/458] ACVZ
[20:17:49] [358/458] SURA
[20:17:49] 🔄 Identity reset
[20:17:49] 🔄 Identity rotated (every 10 requests)
[20:17:50] [359/458] RTRB
[20:17:50] [360/458] LLCT
[20:17:51] [361/458] ATTS
[20:17:52] [362/458] JYCM
[20:17:53] [363/458] CTKR
[20:17:54] [364/458] LCKR
[20:17:55] [365/458] NYCV
[20:17:56] [366/458] NYOH
[20:17:57] [367/458] NOVX
[20:17:58] [368/458] MRGK
[20:17:58] 🔄 Identity reset
[20:17:58] 🔄 Identity rotated (every 10 requests)
[20:17:59] [369/458] MOON
[20:18:01] [370/458] SBUC
[20:18:02] [371/458] GSVA
[20:18:03] [372/458] VIAK
[20:18:04] [373/458] SMVZ
[20:18:05] [374/458] MATE
[20:18:06] [375/458] RDCN
[20:18:07] [376/458] ASBL
[20:18:08] [377/458] ASVS
[20:18:09] [378/458] ASSR
[20:18:10] 🔄 Identity reset
[20:18:10] 🔄 Identity rotated (every 10 requests)
[20:18:11] [379/458] SSKN
[20:18:12] [380/458] DRPV
[20:18:12] [381/458] MRHT
[20:18:13] [382/458] BSCN
[20:18:14] [383/458] RKNX
[20:18:15] [384/458] MSMC
[20:18:16] [385/458] MSCJ
[20:18:17] [386/458] BTBJ
[20:18:18] [387/458] MJCC
[20:18:19] [388/458] IOMM
[20:18:20] 🔄 Identity reset
[20:18:20] 🔄 Identity rotated (every 10 requests)
[20:18:21] [389/458] ADGR
[20:18:22] [390/458] MYCP
[20:18:23] [391/458] IGCM
[20:18:24] [392/458] PGRK
[20:18:25] [393/458] VPGO
[20:18:26] [394/458] KOMS
[20:18:27] [395/458] URGG
[20:18:28] [396/458] GOST
[20:18:29] [397/458] LACT
[20:18:30] [398/458] BWCM
[20:18:30] 🔄 Identity reset
[20:18:30] 🔄 Identity rotated (every 10 requests)
[20:18:31] [399/458] NCCW
[20:18:32] [400/458] SKYC
[20:18:33] [401/458] CCPM
[20:18:33] [402/458] VCBT
[20:18:34] [403/458] SDKR
[20:18:35] [404/458] CTYB
[20:18:37] [405/458] SHCX
[20:18:37] [406/458] RCUN
[20:18:39] [407/458] CNRA
[20:18:40] [408/458] RFCA
[20:18:41] 🔄 Identity reset
[20:18:41] 🔄 Identity rotated (every 10 requests)
[20:18:41] [409/458] RDCU
[20:18:42] [410/458] SARK
[20:18:43] [411/458] SPPP
[20:18:44] [412/458] ADMB
[20:18:45] [413/458] JYOE
[20:18:45] [414/458] SRMD
[20:18:46] [415/458] RJDH
[20:18:47] [416/458] SSTD
[20:18:48] [417/458] AACV
[20:18:49] [418/458] PPVD
[20:18:50] 🔄 Identity reset
[20:18:50] 🔄 Identity rotated (every 10 requests)
[20:18:50] [419/458] STCP
[20:18:51] [420/458] ANLS
[20:18:52] [421/458] BIJO
[20:18:53] [422/458] AVAB
[20:18:55] [423/458] SPMD
[20:18:56] [424/458] SVJL
[20:18:57] [425/458] SDDJ
[20:18:58] [426/458] SLTU
[20:18:59] [427/458] SAKA
[20:19:00] [428/458] PMAM
[20:19:01] 🔄 Identity reset
[20:19:01] 🔄 Identity rotated (every 10 requests)
[20:19:01] [429/458] FNAM
[20:19:02] [430/458] ACAM
[20:19:03] [431/458] SCMM
[20:19:03] [432/458] PMAK
[20:19:04] [433/458] NYSA
[20:19:05] [434/458] FCPA
[20:19:07] [435/458] GDAN
[20:19:08] [436/458] RSCA
[20:19:09] [437/458] DMAN
[20:19:09] [438/458] DZCM
[20:19:10] 🔄 Identity reset
[20:19:10] 🔄 Identity rotated (every 10 requests)
[20:19:10] [439/458] NSGL
[20:19:11] [440/458] CCPP
[20:19:12] [441/458] PSMG
[20:19:13] [442/458] GSER
[20:19:14] [443/458] FCCT
[20:19:15] [444/458] FCTB
[20:19:16] [445/458] LCNK
[20:19:17] [446/458] SKTY
[20:19:18] [447/458] INAA
[20:19:19] [448/458] RCWN
[20:19:20] 🔄 Identity reset
[20:19:20] 🔄 Identity rotated (every 10 requests)
[20:19:20] 🔄 Retry 1/5 for RCWN in 2.9s
[20:19:20] 🔄 Identity reset
[20:19:23] 🧠 New identity created
[20:19:23] [449/458] VAIS
[20:19:24] [450/458] CVMN
[20:19:25] [451/458] INTS
[20:19:26] [452/458] FRGS
[20:19:27] [453/458] DTCK
[20:19:28] [454/458] MCMH
[20:19:29] [455/458] ECRR
[20:19:30] [456/458] RLLP
[20:19:31] [457/458] CCSN
[20:19:32] 🔄 Identity reset
[20:19:32] 🔄 Identity rotated (every 10 requests)
[20:19:32] [458/458] CCBA
[20:19:33] 🧹 Deduping shows
[20:19:33] ✅ DONE | Shows=2527 | Movies=55
[07:34:10] 🚀 SCRIPT STARTED
[07:34:10] [1/458] MBDC
[07:34:10] 🧠 New identity created
[07:34:12] [2/458] CHKM
[07:34:12] [3/458] JTKZ
[07:34:13] [4/458] CMCT
[07:34:13] [5/458] ASHO
[07:34:14] [6/458] ECDG
[07:34:15] [7/458] SPAT
[07:34:16] [8/458] HILC
[07:34:16] [9/458] SPPH
[07:34:17] [10/458] SBHN
[07:34:17] 🔄 Identity reset
[07:34:17] 🔄 Identity rotated (every 10 requests)
[07:34:17] 🔄 Retry 1/5 for SBHN in 2.1s
[07:34:17] 🔄 Identity reset
[07:34:19] 🧠 New identity created
[07:34:20] [11/458] RRCA
[07:34:21] [12/458] APAA
[07:34:21] [13/458] RAME
[07:34:22] [14/458] TMMS
[07:34:23] [15/458] BATK
[07:34:23] [16/458] LKOP
[07:34:24] [17/458] AMTT
[07:34:25] [18/458] PTGK
[07:34:25] [19/458] ANRS
[07:34:25] 🔄 Identity reset
[07:34:25] 🔄 Identity rotated (every 10 requests)
[07:34:25] 🔄 Retry 1/5 for ANRS in 2.1s
[07:34:25] 🔄 Identity reset
[07:34:28] 🧠 New identity created
[07:34:28] [20/458] VWBW
[07:34:29] [21/458] SVFG
[07:34:30] [22/458] STAT
[07:34:30] [23/458] GDCV
[07:34:31] [24/458] VEBI
[07:34:32] [25/458] VDSS
[07:34:32] [26/458] NTHV
[07:34:33] [27/458] AOCH
[07:34:33] [28/458] KASR
[07:34:33] 🔄 Identity reset
[07:34:33] 🔄 Identity rotated (every 10 requests)
[07:34:34] [29/458] AYCS
[07:34:35] [30/458] SHAI
[07:34:36] [31/458] SKPE
[07:34:37] [32/458] SBTA
[07:34:37] [33/458] RTTD
[07:34:38] [34/458] CCJD
[07:34:39] [35/458] RSJJ
[07:34:39] [36/458] RKND
[07:34:40] [37/458] SVTX
[07:34:41] [38/458] BAKM
[07:34:41] 🔄 Identity reset
[07:34:41] 🔄 Identity rotated (every 10 requests)
[07:34:42] [39/458] SVDC
[07:34:42] [40/458] MNCV
[07:34:43] [41/458] SJGC
[07:34:44] [42/458] MTPK
[07:34:44] [43/458] GATP
[07:34:45] [44/458] ABTS
[07:34:46] [45/458] ABDE
[07:34:47] [46/458] RCNM
[07:34:47] [47/458] KTHV
[07:34:48] [48/458] MDGJ
[07:34:48] 🔄 Identity reset
[07:34:48] 🔄 Identity rotated (every 10 requests)
[07:34:49] [49/458] SMLM
[07:34:50] [50/458] JTMA
[07:34:50] [51/458] ACKP
[07:34:51] [52/458] SRTA
[07:34:52] [53/458] STAY
[07:34:52] [54/458] MAVO
[07:34:53] [55/458] APTS
[07:34:54] [56/458] OMEA
[07:34:55] [57/458] TTFD
[07:34:55] [58/458] MJCU
[07:34:55] 🔄 Identity reset
[07:34:55] 🔄 Identity rotated (every 10 requests)
[07:34:56] [59/458] CXTE
[07:34:57] [60/458] CTPX
[07:34:58] [61/458] ASSL
[07:34:58] [62/458] CMVB
[07:34:59] [63/458] VPUR
[07:34:59] [64/458] JJDA
[07:35:00] [65/458] INBL
[07:35:01] [66/458] BIKB
[07:35:02] [67/458] NTBB
[07:35:03] [68/458] GLOB
[07:35:03] 🔄 Identity reset
[07:35:03] 🔄 Identity rotated (every 10 requests)
[07:35:03] 🔄 Retry 1/5 for GLOB in 2.4s
[07:35:03] 🔄 Identity reset
[07:35:05] 🧠 New identity created
[07:35:06] [69/458] SNTB
[07:35:07] [70/458] CHGV
[07:35:07] [71/458] SSBZ
[07:35:08] [72/458] PRDB
[07:35:09] [73/458] ISMT
[07:35:10] [74/458] MCSD
[07:35:10] [75/458] JBTT
[07:35:11] [76/458] GEKR
[07:35:12] [77/458] PVUN
[07:35:12] 🔄 Identity reset
[07:35:12] 🔄 Identity rotated (every 10 requests)
[07:35:12] [78/458] NRTB
[07:35:13] [79/458] PRAA
[07:35:14] [80/458] PCBL
[07:35:14] [81/458] PTCM
[07:35:15] [82/458] KHNN
[07:35:15] [83/458] OMJE
[07:35:16] [84/458] STGN
[07:35:17] [85/458] RPMS
[07:35:17] [86/458] NWAD
[07:35:18] [87/458] BLCK
[07:35:18] 🔄 Identity reset
[07:35:18] 🔄 Identity rotated (every 10 requests)
[07:35:19] [88/458] SVAA
[07:35:20] [89/458] URVM
[07:35:20] [90/458] ANTM
[07:35:21] [91/458] VJYM
[07:35:21] [92/458] MAZZ
[07:35:22] [93/458] CSHM
[07:35:23] [94/458] WGMH
[07:35:23] [95/458] SALN
[07:35:24] [96/458] BRTP
[07:35:25] [97/458] SVTA
[07:35:25] 🔄 Identity reset
[07:35:25] 🔄 Identity rotated (every 10 requests)
[07:35:26] [98/458] SBTP
[07:35:26] [99/458] VLSS
[07:35:27] [100/458] SRJA
[07:35:27] [101/458] ANCG
[07:35:28] [102/458] CGGC
[07:35:29] [103/458] CRJA
[07:35:30] [104/458] USCR
[07:35:31] [105/458] MMEF
[07:35:31] [106/458] JCRJ
[07:35:32] [107/458] ADCM
[07:35:32] 🔄 Identity reset
[07:35:32] 🔄 Identity rotated (every 10 requests)
[07:35:33] [108/458] BMYK
[07:35:34] [109/458] KICS
[07:35:34] [110/458] MBBT
[07:35:35] [111/458] MACK
[07:35:36] [112/458] CLDR
[07:35:36] [113/458] JYCR
[07:35:37] [114/458] DCRP
[07:35:38] [115/458] RAHT
[07:35:38] [116/458] CSSM
[07:35:39] [117/458] ATPK
[07:35:39] 🔄 Identity reset
[07:35:39] 🔄 Identity rotated (every 10 requests)
[07:35:40] [118/458] KLRT
[07:35:40] [119/458] SRDD
[07:35:41] [120/458] CKMC
[07:35:42] [121/458] KRVM
[07:35:42] [122/458] AKCP
[07:35:43] [123/458] CNCV
[07:35:44] [124/458] PACT
[07:35:45] [125/458] NATP
[07:35:46] [126/458] PCPK
[07:35:46] [127/458] SMHO
[07:35:46] 🔄 Identity reset
[07:35:46] 🔄 Identity rotated (every 10 requests)
[07:35:47] [128/458] CWTK
[07:35:48] [129/458] RVKZ
[07:35:49] [130/458] ASPD
[07:35:49] [131/458] VTKZ
[07:35:50] [132/458] LCSO
[07:35:51] [133/458] PRDY
[07:35:52] [134/458] RCAP
[07:35:52] [135/458] RGAR
[07:35:53] [136/458] RCAC
[07:35:54] [137/458] PMOD
[07:35:54] 🔄 Identity reset
[07:35:54] 🔄 Identity rotated (every 10 requests)
[07:35:54] [138/458] PVCN
[07:35:55] [139/458] SCRZ
[07:35:56] [140/458] PVPC
[07:35:56] [141/458] STID
[07:35:57] [142/458] NEDD
[07:35:58] [143/458] BNBA
[07:35:58] [144/458] NTCD
[07:35:59] [145/458] OCDE
[07:36:00] [146/458] CCDU
[07:36:00] [147/458] CRXH
[07:36:00] 🔄 Identity reset
[07:36:00] 🔄 Identity rotated (every 10 requests)
[07:36:01] [148/458] VLVT
[07:36:02] [149/458] CICI
[07:36:03] [150/458] SUCB
[07:36:03] [151/458] TCBP
[07:36:04] [152/458] SCCY
[07:36:05] [153/458] LXCY
[07:36:05] [154/458] NCMD
[07:36:06] [155/458] PHCS
[07:36:07] [156/458] DUXR
[07:36:08] [157/458] VNKS
[07:36:08] 🔄 Identity reset
[07:36:08] 🔄 Identity rotated (every 10 requests)
[07:36:08] [158/458] SEDP
[07:36:09] [159/458] SVEN
[07:36:10] [160/458] SRKM
[07:36:10] [161/458] JTLT
[07:36:11] [162/458] SVSS
[07:36:12] [163/458] AMDE
[07:36:13] [164/458] WVRN
[07:36:13] [165/458] ISMG
[07:36:14] [166/458] WVKS
[07:36:15] [167/458] USCG
[07:36:15] 🔄 Identity reset
[07:36:15] 🔄 Identity rotated (every 10 requests)
[07:36:15] [168/458] IOTG
[07:36:16] [169/458] RRJM
[07:36:17] [170/458] EDMP
[07:36:17] [171/458] SCGZ
[07:36:18] [172/458] GMGX
[07:36:19] [173/458] OMTP
[07:36:19] [174/458] MITD
[07:36:20] [175/458] SMMD
[07:36:21] [176/458] STML
[07:36:21] [177/458] MCFS
[07:36:21] 🔄 Identity reset
[07:36:21] 🔄 Identity rotated (every 10 requests)
[07:36:21] 🔄 Retry 1/5 for MCFS in 2.1s
[07:36:21] 🔄 Identity reset
[07:36:23] 🧠 New identity created
[07:36:24] [178/458] FPKA
[07:36:25] [179/458] OMLR
[07:36:26] [180/458] KKSC
[07:36:26] [181/458] RVMA
[07:36:27] [182/458] SCLL
[07:36:28] [183/458] SCDK
[07:36:29] [184/458] SXMI
[07:36:29] [185/458] SHDN
[07:36:30] [186/458] PAAD
[07:36:30] 🔄 Identity reset
[07:36:30] 🔄 Identity rotated (every 10 requests)
[07:36:31] [187/458] UUCB
[07:36:32] [188/458] JHOL
[07:36:32] [189/458] SGWT
[07:36:33] [190/458] SRII
[07:36:34] [191/458] SGCK
[07:36:34] [192/458] SVVB
[07:36:35] [193/458] DMHA
[07:36:36] [194/458] PPNL
[07:36:36] [195/458] CPNL
[07:36:37] [196/458] WVLD
[07:36:37] 🔄 Identity reset
[07:36:37] 🔄 Identity rotated (every 10 requests)
[07:36:38] [197/458] PSLV
[07:36:38] [198/458] VTTL
[07:36:39] [199/458] NPAD
[07:36:40] [200/458] PVCS
[07:36:40] [201/458] MCHL
[07:36:41] [202/458] PPLL
[07:36:41] [203/458] MALO
[07:36:42] [204/458] SWBH
[07:36:43] [205/458] PUGB
[07:36:44] [206/458] INBB
[07:36:44] 🔄 Identity reset
[07:36:44] 🔄 Identity rotated (every 10 requests)
[07:36:44] [207/458] INNS
[07:36:45] [208/458] MCPT
[07:36:46] [209/458] SCMI
[07:36:46] [210/458] OCON
[07:36:47] [211/458] SCSM
[07:36:48] [212/458] RJVN
[07:36:49] [213/458] AMDK
[07:36:49] [214/458] ISMR
[07:36:50] [215/458] SMTD
[07:36:51] [216/458] VTDD
[07:36:51] 🔄 Identity reset
[07:36:51] 🔄 Identity rotated (every 10 requests)
[07:36:52] [217/458] PDDZ
[07:36:53] [218/458] PCCK
[07:36:53] [219/458] INAM
[07:36:54] [220/458] FNKT
[07:36:55] [221/458] GDKA
[07:36:56] [222/458] MAYU
[07:36:57] [223/458] TCGU
[07:36:57] [224/458] KDCA
[07:36:58] [225/458] DOMY
[07:36:59] [226/458] PDDD
[07:36:59] 🔄 Identity reset
[07:36:59] 🔄 Identity rotated (every 10 requests)
[07:36:59] 🔄 Retry 1/5 for PDDD in 2.8s
[07:36:59] 🔄 Identity reset
[07:37:02] 🧠 New identity created
[07:37:02] 🔄 Retry 2/5 for PDDD in 4.2s
[07:37:02] 🔄 Identity reset
[07:37:06] 🧠 New identity created
[07:37:07] [227/458] BJTS
[07:37:08] [228/458] VTCA
[07:37:08] [229/458] SBTM
[07:37:09] [230/458] SEET
[07:37:10] [231/458] SSTJ
[07:37:10] [232/458] SVNT
[07:37:11] [233/458] PPPR
[07:37:12] [234/458] PVYS
[07:37:12] 🔄 Identity reset
[07:37:12] 🔄 Identity rotated (every 10 requests)
[07:37:13] [235/458] IOSE
[07:37:13] [236/458] ACTV
[07:37:14] [237/458] APVE
[07:37:15] [238/458] TCCL
[07:37:16] [239/458] SCMO
[07:37:16] [240/458] SAUM
[07:37:17] [241/458] KCJS
[07:37:18] [242/458] NJCJ
[07:37:18] [243/458] NECF
[07:37:19] [244/458] CCGW
[07:37:19] 🔄 Identity reset
[07:37:19] 🔄 Identity rotated (every 10 requests)
[07:37:20] [245/458] CCMG
[07:37:20] [246/458] NYRG
[07:37:21] [247/458] NCSQ
[07:37:22] [248/458] GRCG
[07:37:23] [249/458] CCBT
[07:37:23] [250/458] ACGA
[07:37:24] [251/458] INAG
[07:37:25] [252/458] FUCG
[07:37:25] [253/458] AICF
[07:37:26] [254/458] GRGA
[07:37:26] 🔄 Identity reset
[07:37:26] 🔄 Identity rotated (every 10 requests)
[07:37:27] [255/458] GDCN
[07:37:28] [256/458] RRCG
[07:37:28] [257/458] SDCH
[07:37:29] [258/458] WVJM
[07:37:30] [259/458] JCCZ
[07:37:30] [260/458] CNCL
[07:37:31] [261/458] TMLV
[07:37:32] [262/458] MEMB
[07:37:33] [263/458] SGTD
[07:37:33] [264/458] CONX
[07:37:33] 🔄 Identity reset
[07:37:33] 🔄 Identity rotated (every 10 requests)
[07:37:34] [265/458] CCMH
[07:37:35] [266/458] ACMC
[07:37:36] [267/458] DTPD
[07:37:37] [268/458] POJA
[07:37:37] [269/458] FNBH
[07:37:38] [270/458] CGCB
[07:37:39] [271/458] RACN
[07:37:39] [272/458] JTSM
[07:37:40] [273/458] SCDN
[07:37:41] [274/458] AACK
[07:37:41] 🔄 Identity reset
[07:37:41] 🔄 Identity rotated (every 10 requests)
[07:37:42] [275/458] RMCE
[07:37:42] [276/458] BSGB
[07:37:43] [277/458] MRCB
[07:37:44] [278/458] SRVR
[07:37:44] [279/458] VTKK
[07:37:45] [280/458] AMST
[07:37:46] [281/458] APCY
[07:37:46] [282/458] LMHO
[07:37:47] [283/458] MTZH
[07:37:48] [284/458] AMZB
[07:37:48] 🔄 Identity reset
[07:37:48] 🔄 Identity rotated (every 10 requests)
[07:37:48] [285/458] SUVT
[07:37:49] [286/458] RCIP
[07:37:50] [287/458] KESR
[07:37:50] [288/458] SNKC
[07:37:51] [289/458] SCED
[07:37:52] [290/458] DVCA
[07:37:53] [291/458] VCDT
[07:37:53] [292/458] RRDI
[07:37:54] [293/458] DFCH
[07:37:55] [294/458] INSC
[07:37:55] 🔄 Identity reset
[07:37:55] 🔄 Identity rotated (every 10 requests)
[07:37:55] [295/458] RGTR
[07:37:56] [296/458] FMOT
[07:37:57] [297/458] SCPM
[07:37:58] [298/458] GCDT
[07:37:58] [299/458] BRKT
[07:37:59] [300/458] DEMP
[07:38:00] [301/458] SRLC
[07:38:00] [302/458] KSTT
[07:38:01] [303/458] SMMT
[07:38:02] [304/458] SILM
[07:38:02] 🔄 Identity reset
[07:38:02] 🔄 Identity rotated (every 10 requests)
[07:38:03] [305/458] JCVM
[07:38:03] [306/458] KCSV
[07:38:04] [307/458] MHLK
[07:38:05] [308/458] SLVL
[07:38:05] [309/458] RJKP
[07:38:06] [310/458] BBPC
[07:38:07] [311/458] MXCB
[07:38:08] [312/458] TCPK
[07:38:08] [313/458] RTBR
[07:38:09] [314/458] GAUT
[07:38:09] 🔄 Identity reset
[07:38:09] 🔄 Identity rotated (every 10 requests)
[07:38:09] 🔄 Retry 1/5 for GAUT in 2.3s
[07:38:09] 🔄 Identity reset
[07:38:11] 🧠 New identity created
[07:38:12] [315/458] DVCF
[07:38:13] [316/458] JTSB
[07:38:14] [317/458] SBLS
[07:38:15] [318/458] UDAY
[07:38:15] [319/458] PTNP
[07:38:16] [320/458] DMKT
[07:38:16] [321/458] NTDT
[07:38:17] [322/458] SHDJ
[07:38:18] [323/458] OTNC
[07:38:18] 🔄 Identity reset
[07:38:18] 🔄 Identity rotated (every 10 requests)
[07:38:19] [324/458] RNTW
[07:38:19] [325/458] GCMI
[07:38:20] [326/458] CRCM
[07:38:21] [327/458] NNCZ
[07:38:22] [328/458] OEMO
[07:38:22] [329/458] PVJM
[07:38:23] [330/458] CPJI
[07:38:24] [331/458] RMCJ
[07:38:24] [332/458] CNWJ
[07:38:25] [333/458] EPJM
[07:38:25] 🔄 Identity reset
[07:38:25] 🔄 Identity rotated (every 10 requests)
[07:38:26] [334/458] FNJJ
[07:38:27] [335/458] GCMJ
[07:38:27] [336/458] INPS
[07:38:28] [337/458] BICJ
[07:38:29] [338/458] ISTJ
[07:38:29] [339/458] INJC
[07:38:30] [340/458] GLXJ
[07:38:31] [341/458] INEM
[07:38:31] [342/458] JTMN
[07:38:32] [343/458] FRCJ
[07:38:32] 🔄 Identity reset
[07:38:32] 🔄 Identity rotated (every 10 requests)
[07:38:32] 🔄 Retry 1/5 for FRCJ in 2.8s
[07:38:32] 🔄 Identity reset
[07:38:35] 🧠 New identity created
[07:38:35] [344/458] DDJP
[07:38:36] [345/458] INJV
[07:38:37] [346/458] GOLC
[07:38:38] [347/458] KOCI
[07:38:38] [348/458] FSTD
[07:38:39] [349/458] PACJ
[07:38:40] [350/458] GMCN
[07:38:40] [351/458] MMDJ
[07:38:41] [352/458] GODH
[07:38:41] 🔄 Identity reset
[07:38:41] 🔄 Identity rotated (every 10 requests)
[07:38:42] [353/458] SKYN
[07:38:43] [354/458] NCTH
[07:38:44] [355/458] SKVZ
[07:38:45] [356/458] SVML
[07:38:45] [357/458] ACVZ
[07:38:46] [358/458] SURA
[07:38:47] [359/458] RTRB
[07:38:47] [360/458] LLCT
[07:38:48] [361/458] ATTS
[07:38:49] [362/458] JYCM
[07:38:49] 🔄 Identity reset
[07:38:49] 🔄 Identity rotated (every 10 requests)
[07:38:50] [363/458] CTKR
[07:38:50] [364/458] LCKR
[07:38:51] [365/458] NYCV
[07:38:52] [366/458] NYOH
[07:38:53] [367/458] NOVX
[07:38:53] [368/458] MRGK
[07:38:54] [369/458] MOON
[07:38:55] [370/458] SBUC
[07:38:56] [371/458] GSVA
[07:38:56] [372/458] VIAK
[07:38:56] 🔄 Identity reset
[07:38:56] 🔄 Identity rotated (every 10 requests)
[07:38:57] [373/458] SMVZ
[07:38:58] [374/458] MATE
[07:38:58] [375/458] RDCN
[07:38:59] [376/458] ASBL
[07:39:00] [377/458] ASVS
[07:39:01] [378/458] ASSR
[07:39:01] [379/458] SSKN
[07:39:02] [380/458] DRPV
[07:39:02] [381/458] MRHT
[07:39:03] [382/458] BSCN
[07:39:03] 🔄 Identity reset
[07:39:03] 🔄 Identity rotated (every 10 requests)
[07:39:04] [383/458] RKNX
[07:39:04] [384/458] MSMC
[07:39:05] [385/458] MSCJ
[07:39:06] [386/458] BTBJ
[07:39:06] [387/458] MJCC
[07:39:07] [388/458] IOMM
[07:39:08] [389/458] ADGR
[07:39:09] [390/458] MYCP
[07:39:09] [391/458] IGCM
[07:39:10] [392/458] PGRK
[07:39:10] 🔄 Identity reset
[07:39:10] 🔄 Identity rotated (every 10 requests)
[07:39:11] [393/458] VPGO
[07:39:11] [394/458] KOMS
[07:39:12] [395/458] URGG
[07:39:13] [396/458] GOST
[07:39:13] [397/458] LACT
[07:39:14] [398/458] BWCM
[07:39:15] [399/458] NCCW
[07:39:15] [400/458] SKYC
[07:39:16] [401/458] CCPM
[07:39:17] [402/458] VCBT
[07:39:17] 🔄 Identity reset
[07:39:17] 🔄 Identity rotated (every 10 requests)
[07:39:17] [403/458] SDKR
[07:39:18] [404/458] CTYB
[07:39:19] [405/458] SHCX
[07:39:20] [406/458] RCUN
[07:39:20] [407/458] CNRA
[07:39:21] [408/458] RFCA
[07:39:22] [409/458] RDCU
[07:39:22] [410/458] SARK
[07:39:23] [411/458] SPPP
[07:39:24] [412/458] ADMB
[07:39:24] 🔄 Identity reset
[07:39:24] 🔄 Identity rotated (every 10 requests)
[07:39:25] [413/458] JYOE
[07:39:25] [414/458] SRMD
[07:39:26] [415/458] RJDH
[07:39:27] [416/458] SSTD
[07:39:27] [417/458] AACV
[07:39:28] [418/458] PPVD
[07:39:28] [419/458] STCP
[07:39:29] [420/458] ANLS
[07:39:30] [421/458] BIJO
[07:39:31] [422/458] AVAB
[07:39:31] 🔄 Identity reset
[07:39:31] 🔄 Identity rotated (every 10 requests)
[07:39:31] [423/458] SPMD
[07:39:32] [424/458] SVJL
[07:39:33] [425/458] SDDJ
[07:39:33] [426/458] SLTU
[07:39:34] [427/458] SAKA
[07:39:35] [428/458] PMAM
[07:39:36] [429/458] FNAM
[07:39:36] [430/458] ACAM
[07:39:37] [431/458] SCMM
[07:39:38] [432/458] PMAK
[07:39:38] 🔄 Identity reset
[07:39:38] 🔄 Identity rotated (every 10 requests)
[07:39:38] [433/458] NYSA
[07:39:39] [434/458] FCPA
[07:39:40] [435/458] GDAN
[07:39:41] [436/458] RSCA
[07:39:41] [437/458] DMAN
[07:39:42] [438/458] DZCM
[07:39:43] [439/458] NSGL
[07:39:44] [440/458] CCPP
[07:39:44] [441/458] PSMG
[07:39:45] [442/458] GSER
[07:39:45] 🔄 Identity reset
[07:39:45] 🔄 Identity rotated (every 10 requests)
[07:39:46] [443/458] FCCT
[07:39:46] [444/458] FCTB
[07:39:47] [445/458] LCNK
[07:39:47] [446/458] SKTY
[07:39:48] [447/458] INAA
[07:39:49] [448/458] RCWN
[07:39:50] [449/458] VAIS
[07:39:51] [450/458] CVMN
[07:39:51] [451/458] INTS
[07:39:52] [452/458] FRGS
[07:39:52] 🔄 Identity reset
[07:39:52] 🔄 Identity rotated (every 10 requests)
[07:39:53] [453/458] DTCK
[07:39:53] [454/458] MCMH
[07:39:54] [455/458] ECRR
[07:39:55] [456/458] RLLP
[07:39:55] [457/458] CCSN
[07:39:56] [458/458] CCBA
[07:39:56] 🧹 Deduping shows
[07:39:57] ✅ DONE | Shows=2955 | Movies=56
[08:56:38] 🚀 SCRIPT STARTED
[08:56:38] [1/458] MBDC
[08:56:38] 🧠 New identity created
[08:56:40] [2/458] CHKM
[08:56:41] [3/458] JTKZ
[08:56:42] [4/458] CMCT
[08:56:42] [5/458] ASHO
[08:56:44] [6/458] ECDG
[08:56:45] [7/458] SPAT
[08:56:46] [8/458] HILC
[08:56:47] [9/458] SPPH
[08:56:48] [10/458] SBHN
[08:56:48] 🔄 Identity reset
[08:56:48] 🔄 Identity rotated (every 10 requests)
[08:56:48] 🔄 Retry 1/5 for SBHN in 3.0s
[08:56:48] 🔄 Identity reset
[08:56:52] 🧠 New identity created
[08:56:53] [11/458] RRCA
[08:56:54] [12/458] APAA
[08:56:54] [13/458] RAME
[08:56:55] [14/458] TMMS
[08:56:56] [15/458] BATK
[08:56:57] [16/458] LKOP
[08:56:58] [17/458] AMTT
[08:56:59] [18/458] PTGK
[08:57:00] [19/458] ANRS
[08:57:00] 🔄 Identity reset
[08:57:00] 🔄 Identity rotated (every 10 requests)
[08:57:00] 🔄 Retry 1/5 for ANRS in 3.0s
[08:57:00] 🔄 Identity reset
[08:57:03] 🧠 New identity created
[08:57:03] 🔄 Retry 2/5 for ANRS in 4.0s
[08:57:03] 🔄 Identity reset
[08:57:07] 🧠 New identity created
[08:57:08] [20/458] VWBW
[08:57:08] [21/458] SVFG
[08:57:09] [22/458] STAT
[08:57:10] [23/458] GDCV
[08:57:11] [24/458] VEBI
[08:57:12] [25/458] VDSS
[08:57:12] [26/458] NTHV
[08:57:14] [27/458] AOCH
[08:57:14] 🔄 Identity reset
[08:57:14] 🔄 Identity rotated (every 10 requests)
[08:57:14] 🔄 Retry 1/5 for AOCH in 2.4s
[08:57:14] 🔄 Identity reset
[08:57:16] 🧠 New identity created
[08:57:16] 🔄 Retry 2/5 for AOCH in 4.2s
[08:57:16] 🔄 Identity reset
[08:57:21] 🧠 New identity created
[08:57:22] [28/458] KASR
[08:57:23] [29/458] AYCS
[08:57:24] [30/458] SHAI
[08:57:25] [31/458] SKPE
[08:57:26] [32/458] SBTA
[08:57:27] [33/458] RTTD
[08:57:28] [34/458] CCJD
[08:57:29] [35/458] RSJJ
[08:57:29] 🔄 Identity reset
[08:57:29] 🔄 Identity rotated (every 10 requests)
[08:57:29] 🔄 Retry 1/5 for RSJJ in 2.3s
[08:57:29] 🔄 Identity reset
[08:57:31] 🧠 New identity created
[08:57:31] 🔄 Retry 2/5 for RSJJ in 4.4s
[08:57:31] 🔄 Identity reset
[08:57:36] 🧠 New identity created
[08:57:36] [36/458] RKND
[08:57:38] [37/458] SVTX
[08:57:39] [38/458] BAKM
[08:57:39] [39/458] SVDC
[08:57:40] [40/458] MNCV
[08:57:41] [41/458] SJGC
[08:57:42] [42/458] MTPK
[08:57:43] [43/458] GATP
[08:57:43] 🔄 Identity reset
[08:57:43] 🔄 Identity rotated (every 10 requests)
[08:57:44] [44/458] ABTS
[08:57:45] [45/458] ABDE
[08:57:46] [46/458] RCNM
[08:57:47] [47/458] KTHV
[08:57:48] [48/458] MDGJ
[08:57:49] [49/458] SMLM
[08:57:49] [50/458] JTMA
[08:57:51] [51/458] ACKP
[08:57:51] [52/458] SRTA
[08:57:52] [53/458] STAY
[08:57:52] 🔄 Identity reset
[08:57:52] 🔄 Identity rotated (every 10 requests)
[08:57:53] [54/458] MAVO
[08:57:54] [55/458] APTS
[08:57:55] [56/458] OMEA
[08:57:56] [57/458] TTFD
[08:57:57] [58/458] MJCU
[08:57:58] [59/458] CXTE
[08:57:59] [60/458] CTPX
[08:58:00] [61/458] ASSL
[08:58:01] [62/458] CMVB
[08:58:02] [63/458] VPUR
[08:58:02] 🔄 Identity reset
[08:58:02] 🔄 Identity rotated (every 10 requests)
[08:58:03] [64/458] JJDA
[08:58:04] [65/458] INBL
[08:58:05] [66/458] BIKB
[08:58:06] [67/458] NTBB
[08:58:07] [68/458] GLOB
[08:58:08] [69/458] SNTB
[08:58:09] [70/458] CHGV
[08:58:10] [71/458] SSBZ
[08:58:11] [72/458] PRDB
[08:58:12] [73/458] ISMT
[08:58:12] 🔄 Identity reset
[08:58:12] 🔄 Identity rotated (every 10 requests)
[08:58:13] [74/458] MCSD
[08:58:13] [75/458] JBTT
[08:58:14] [76/458] GEKR
[08:58:16] [77/458] PVUN
[08:58:17] [78/458] NRTB
[08:58:18] [79/458] PRAA
[08:58:20] [80/458] PCBL
[08:58:21] [81/458] PTCM
[08:58:22] [82/458] KHNN
[08:58:23] [83/458] OMJE
[08:58:23] 🔄 Identity reset
[08:58:23] 🔄 Identity rotated (every 10 requests)
[08:58:23] 🔄 Retry 1/5 for OMJE in 2.3s
[08:58:23] 🔄 Identity reset
[08:58:25] 🧠 New identity created
[08:58:26] [84/458] STGN
[08:58:27] [85/458] RPMS
[08:58:28] [86/458] NWAD
[08:58:29] [87/458] BLCK
[08:58:29] [88/458] SVAA
[08:58:30] [89/458] URVM
[08:58:32] [90/458] ANTM
[08:58:33] [91/458] VJYM
[08:58:34] [92/458] MAZZ
[08:58:34] 🔄 Identity reset
[08:58:34] 🔄 Identity rotated (every 10 requests)
[08:58:35] [93/458] CSHM
[08:58:36] [94/458] WGMH
[08:58:37] [95/458] SALN
[08:58:38] [96/458] BRTP
[08:58:39] [97/458] SVTA
[08:58:40] [98/458] SBTP
[08:58:41] [99/458] VLSS
[08:58:42] [100/458] SRJA
[08:58:43] [101/458] ANCG
[08:58:43] [102/458] CGGC
[08:58:43] 🔄 Identity reset
[08:58:44] 🔄 Identity rotated (every 10 requests)
[08:58:44] [103/458] CRJA
[08:58:45] [104/458] USCR
[08:58:46] [105/458] MMEF
[08:58:48] [106/458] JCRJ
[08:58:49] [107/458] ADCM
[08:58:50] [108/458] BMYK
[08:58:51] [109/458] KICS
[08:58:52] [110/458] MBBT
[08:58:53] [111/458] MACK
[08:58:54] [112/458] CLDR
[08:58:54] 🔄 Identity reset
[08:58:54] 🔄 Identity rotated (every 10 requests)
[08:58:54] 🔄 Retry 1/5 for CLDR in 2.3s
[08:58:54] 🔄 Identity reset
[08:58:56] 🧠 New identity created
[08:58:57] [113/458] JYCR
[08:58:58] [114/458] DCRP
[08:58:59] [115/458] RAHT
[08:58:59] [116/458] CSSM
[08:59:01] [117/458] ATPK
[08:59:02] [118/458] KLRT
[08:59:02] [119/458] SRDD
[08:59:03] [120/458] CKMC
[08:59:04] [121/458] KRVM
[08:59:04] 🔄 Identity reset
[08:59:04] 🔄 Identity rotated (every 10 requests)
[08:59:05] [122/458] AKCP
[08:59:06] [123/458] CNCV
[08:59:07] [124/458] PACT
[08:59:08] [125/458] NATP
[08:59:09] [126/458] PCPK
[08:59:10] [127/458] SMHO
[08:59:11] [128/458] CWTK
[08:59:12] [129/458] RVKZ
[08:59:14] [130/458] ASPD
[08:59:14] [131/458] VTKZ
[08:59:14] 🔄 Identity reset
[08:59:14] 🔄 Identity rotated (every 10 requests)
[08:59:15] [132/458] LCSO
[08:59:16] [133/458] PRDY
[08:59:17] [134/458] RCAP
[08:59:18] [135/458] RGAR
[08:59:19] [136/458] RCAC
[08:59:20] [137/458] PMOD
[08:59:21] [138/458] PVCN
[08:59:22] [139/458] SCRZ
[08:59:23] [140/458] PVPC
[08:59:24] [141/458] STID
[08:59:24] 🔄 Identity reset
[08:59:24] 🔄 Identity rotated (every 10 requests)
[08:59:24] 🔄 Retry 1/5 for STID in 2.7s
[08:59:24] 🔄 Identity reset
[08:59:27] 🧠 New identity created
[08:59:27] 🔄 Retry 2/5 for STID in 4.3s
[08:59:27] 🔄 Identity reset
[08:59:31] 🧠 New identity created
[08:59:32] [142/458] NEDD
[08:59:33] [143/458] BNBA
[08:59:34] [144/458] NTCD
[08:59:35] [145/458] OCDE
[08:59:36] [146/458] CCDU
[08:59:37] [147/458] CRXH
[08:59:38] [148/458] VLVT
[08:59:39] [149/458] CICI
[08:59:39] 🔄 Identity reset
[08:59:39] 🔄 Identity rotated (every 10 requests)
[08:59:40] [150/458] SUCB
[08:59:40] [151/458] TCBP
[08:59:41] [152/458] SCCY
[08:59:42] [153/458] LXCY
[08:59:43] [154/458] NCMD
[08:59:44] [155/458] PHCS
[08:59:45] [156/458] DUXR
[08:59:46] [157/458] VNKS
[08:59:47] [158/458] SEDP
[08:59:47] [159/458] SVEN
[08:59:47] 🔄 Identity reset
[08:59:47] 🔄 Identity rotated (every 10 requests)
[08:59:48] 🔄 Retry 1/5 for SVEN in 2.4s
[08:59:48] 🔄 Identity reset
[08:59:50] 🧠 New identity created
[08:59:51] [160/458] SRKM
[08:59:52] [161/458] JTLT
[08:59:53] [162/458] SVSS
[08:59:54] [163/458] AMDE
[08:59:55] [164/458] WVRN
[08:59:56] [165/458] ISMG
[08:59:57] [166/458] WVKS
[08:59:58] [167/458] USCG
[08:59:59] [168/458] IOTG
[08:59:59] 🔄 Identity reset
[08:59:59] 🔄 Identity rotated (every 10 requests)
[09:00:00] [169/458] RRJM
[09:00:01] [170/458] EDMP
[09:00:02] [171/458] SCGZ
[09:00:02] [172/458] GMGX
[09:00:04] [173/458] OMTP
[09:00:05] [174/458] MITD
[09:00:05] [175/458] SMMD
[09:00:06] [176/458] STML
[09:00:08] [177/458] MCFS
[09:00:09] [178/458] FPKA
[09:00:09] 🔄 Identity reset
[09:00:09] 🔄 Identity rotated (every 10 requests)
[09:00:11] [179/458] OMLR
[09:00:12] [180/458] KKSC
[09:00:13] [181/458] RVMA
[09:00:14] [182/458] SCLL
[09:00:15] [183/458] SCDK
[09:00:16] [184/458] SXMI
[09:00:17] [185/458] SHDN
[09:00:18] [186/458] PAAD
[09:00:19] [187/458] UUCB
[09:00:20] [188/458] JHOL
[09:00:20] 🔄 Identity reset
[09:00:20] 🔄 Identity rotated (every 10 requests)
[09:00:21] [189/458] SGWT
[09:00:22] [190/458] SRII
[09:00:23] [191/458] SGCK
[09:00:24] [192/458] SVVB
[09:00:24] [193/458] DMHA
[09:00:25] [194/458] PPNL
[09:00:26] [195/458] CPNL
[09:00:27] [196/458] WVLD
[09:00:28] [197/458] PSLV
[09:00:29] [198/458] VTTL
[09:00:29] 🔄 Identity reset
[09:00:29] 🔄 Identity rotated (every 10 requests)
[09:00:30] [199/458] NPAD
[09:00:31] [200/458] PVCS
[09:00:32] [201/458] MCHL
[09:00:33] [202/458] PPLL
[09:00:34] [203/458] MALO
[09:00:35] [204/458] SWBH
[09:00:36] [205/458] PUGB
[09:00:37] [206/458] INBB
[09:00:38] [207/458] INNS
[09:00:38] [208/458] MCPT
[09:00:38] 🔄 Identity reset
[09:00:38] 🔄 Identity rotated (every 10 requests)
[09:00:39] 🔄 Retry 1/5 for MCPT in 2.6s
[09:00:39] 🔄 Identity reset
[09:00:41] 🧠 New identity created
[09:00:42] [209/458] SCMI
[09:00:43] [210/458] OCON
[09:00:44] [211/458] SCSM
[09:00:45] [212/458] RJVN
[09:00:46] [213/458] AMDK
[09:00:46] [214/458] ISMR
[09:00:47] [215/458] SMTD
[09:00:48] [216/458] VTDD
[09:00:49] [217/458] PDDZ
[09:00:49] 🔄 Identity reset
[09:00:49] 🔄 Identity rotated (every 10 requests)
[09:00:50] [218/458] PCCK
[09:00:51] [219/458] INAM
[09:00:52] [220/458] FNKT
[09:00:53] [221/458] GDKA
[09:00:53] [222/458] MAYU
[09:00:54] [223/458] TCGU
[09:00:55] [224/458] KDCA
[09:00:56] [225/458] DOMY
[09:00:57] [226/458] PDDD
[09:00:59] [227/458] BJTS
[09:00:59] 🔄 Identity reset
[09:00:59] 🔄 Identity rotated (every 10 requests)
[09:00:59] 🔄 Retry 1/5 for BJTS in 2.6s
[09:00:59] 🔄 Identity reset
[09:01:01] 🧠 New identity created
[09:01:02] [228/458] VTCA
[09:01:03] [229/458] SBTM
[09:01:04] [230/458] SEET
[09:01:05] [231/458] SSTJ
[09:01:06] [232/458] SVNT
[09:01:08] [233/458] PPPR
[09:01:09] [234/458] PVYS
[09:01:10] [235/458] IOSE
[09:01:11] [236/458] ACTV
[09:01:11] 🔄 Identity reset
[09:01:11] 🔄 Identity rotated (every 10 requests)
[09:01:11] 🔄 Retry 1/5 for ACTV in 2.2s
[09:01:11] 🔄 Identity reset
[09:01:13] 🧠 New identity created
[09:01:14] [237/458] APVE
[09:01:15] [238/458] TCCL
[09:01:16] [239/458] SCMO
[09:01:17] [240/458] SAUM
[09:01:18] [241/458] KCJS
[09:01:19] [242/458] NJCJ
[09:01:20] [243/458] NECF
[09:01:21] [244/458] CCGW
[09:01:22] [245/458] CCMG
[09:01:22] 🔄 Identity reset
[09:01:22] 🔄 Identity rotated (every 10 requests)
[09:01:22] 🔄 Retry 1/5 for CCMG in 2.8s
[09:01:22] 🔄 Identity reset
[09:01:25] 🧠 New identity created
[09:01:26] [246/458] NYRG
[09:01:27] [247/458] NCSQ
[09:01:28] [248/458] GRCG
[09:01:29] [249/458] CCBT
[09:01:30] [250/458] ACGA
[09:01:31] [251/458] INAG
[09:01:32] [252/458] FUCG
[09:01:33] [253/458] AICF
[09:01:33] [254/458] GRGA
[09:01:33] 🔄 Identity reset
[09:01:33] 🔄 Identity rotated (every 10 requests)
[09:01:34] [255/458] GDCN
[09:01:35] [256/458] RRCG
[09:01:36] [257/458] SDCH
[09:01:37] [258/458] WVJM
[09:01:38] [259/458] JCCZ
[09:01:39] [260/458] CNCL
[09:01:40] [261/458] TMLV
[09:01:41] [262/458] MEMB
[09:01:42] [263/458] SGTD
[09:01:43] [264/458] CONX
[09:01:43] 🔄 Identity reset
[09:01:43] 🔄 Identity rotated (every 10 requests)
[09:01:43] 🔄 Retry 1/5 for CONX in 2.2s
[09:01:43] 🔄 Identity reset
[09:01:45] 🧠 New identity created
[09:01:46] [265/458] CCMH
[09:01:47] [266/458] ACMC
[09:01:48] [267/458] DTPD
[09:01:49] [268/458] POJA
[09:01:49] [269/458] FNBH
[09:01:50] [270/458] CGCB
[09:01:51] [271/458] RACN
[09:01:52] [272/458] JTSM
[09:01:53] [273/458] SCDN
[09:01:53] 🔄 Identity reset
[09:01:53] 🔄 Identity rotated (every 10 requests)
[09:01:54] [274/458] AACK
[09:01:55] [275/458] RMCE
[09:01:56] [276/458] BSGB
[09:01:57] [277/458] MRCB
[09:01:58] [278/458] SRVR
[09:01:59] [279/458] VTKK
[09:02:00] [280/458] AMST
[09:02:01] [281/458] APCY
[09:02:01] [282/458] LMHO
[09:02:02] [283/458] MTZH
[09:02:02] 🔄 Identity reset
[09:02:02] 🔄 Identity rotated (every 10 requests)
[09:02:03] [284/458] AMZB
[09:02:04] [285/458] SUVT
[09:02:05] [286/458] RCIP
[09:02:06] [287/458] KESR
[09:02:07] [288/458] SNKC
[09:02:08] [289/458] SCED
[09:02:08] [290/458] DVCA
[09:02:09] [291/458] VCDT
[09:02:11] [292/458] RRDI
[09:02:12] [293/458] DFCH
[09:02:12] 🔄 Identity reset
[09:02:12] 🔄 Identity rotated (every 10 requests)
[09:02:13] [294/458] INSC
[09:02:15] [295/458] RGTR
[09:02:15] [296/458] FMOT
[09:02:16] [297/458] SCPM
[09:02:17] [298/458] GCDT
[09:02:18] [299/458] BRKT
[09:02:18] [300/458] DEMP
[09:02:19] [301/458] SRLC
[09:02:20] [302/458] KSTT
[09:02:21] [303/458] SMMT
[09:02:21] 🔄 Identity reset
[09:02:21] 🔄 Identity rotated (every 10 requests)
[09:02:22] [304/458] SILM
[09:02:23] [305/458] JCVM
[09:02:24] [306/458] KCSV
[09:02:25] [307/458] MHLK
[09:02:26] [308/458] SLVL
[09:02:27] [309/458] RJKP
[09:02:28] [310/458] BBPC
[09:02:29] [311/458] MXCB
[09:02:30] [312/458] TCPK
[09:02:31] [313/458] RTBR
[09:02:31] 🔄 Identity reset
[09:02:31] 🔄 Identity rotated (every 10 requests)
[09:02:31] [314/458] GAUT
[09:02:32] [315/458] DVCF
[09:02:34] [316/458] JTSB
[09:02:34] [317/458] SBLS
[09:02:35] [318/458] UDAY
[09:02:36] [319/458] PTNP
[09:02:38] [320/458] DMKT
[09:02:38] [321/458] NTDT
[09:02:39] [322/458] SHDJ
[09:02:40] [323/458] OTNC
[09:02:40] 🔄 Identity reset
[09:02:40] 🔄 Identity rotated (every 10 requests)
[09:02:40] 🔄 Retry 1/5 for OTNC in 2.6s
[09:02:40] 🔄 Identity reset
[09:02:43] 🧠 New identity created
[09:02:44] [324/458] RNTW
[09:02:45] [325/458] GCMI
[09:02:46] [326/458] CRCM
[09:02:47] [327/458] NNCZ
[09:02:47] [328/458] OEMO
[09:02:48] [329/458] PVJM
[09:02:50] [330/458] CPJI
[09:02:51] [331/458] RMCJ
[09:02:52] [332/458] CNWJ
[09:02:52] 🔄 Identity reset
[09:02:52] 🔄 Identity rotated (every 10 requests)
[09:02:52] [333/458] EPJM
[09:02:53] [334/458] FNJJ
[09:02:54] [335/458] GCMJ
[09:02:55] [336/458] INPS
[09:02:56] [337/458] BICJ
[09:02:56] [338/458] ISTJ
[09:02:57] [339/458] INJC
[09:02:58] [340/458] GLXJ
[09:02:59] [341/458] INEM
[09:03:00] [342/458] JTMN
[09:03:00] 🔄 Identity reset
[09:03:00] 🔄 Identity rotated (every 10 requests)
[09:03:01] [343/458] FRCJ
[09:03:01] [344/458] DDJP
[09:03:02] [345/458] INJV
[09:03:03] [346/458] GOLC
[09:03:04] [347/458] KOCI
[09:03:05] [348/458] FSTD
[09:03:06] [349/458] PACJ
[09:03:07] [350/458] GMCN
[09:03:08] [351/458] MMDJ
[09:03:09] [352/458] GODH
[09:03:09] 🔄 Identity reset
[09:03:09] 🔄 Identity rotated (every 10 requests)
[09:03:10] [353/458] SKYN
[09:03:11] [354/458] NCTH
[09:03:12] [355/458] SKVZ
[09:03:13] [356/458] SVML
[09:03:14] [357/458] ACVZ
[09:03:15] [358/458] SURA
[09:03:16] [359/458] RTRB
[09:03:18] [360/458] LLCT
[09:03:18] [361/458] ATTS
[09:03:19] [362/458] JYCM
[09:03:19] 🔄 Identity reset
[09:03:19] 🔄 Identity rotated (every 10 requests)
[09:03:21] [363/458] CTKR
[09:03:21] [364/458] LCKR
[09:03:22] [365/458] NYCV
[09:03:23] [366/458] NYOH
[09:03:23] [367/458] NOVX
[09:03:24] [368/458] MRGK
[09:03:25] [369/458] MOON
[09:03:26] [370/458] SBUC
[09:03:27] [371/458] GSVA
[09:03:28] [372/458] VIAK
[09:03:28] 🔄 Identity reset
[09:03:28] 🔄 Identity rotated (every 10 requests)
[09:03:29] [373/458] SMVZ
[09:03:30] [374/458] MATE
[09:03:31] [375/458] RDCN
[09:03:31] [376/458] ASBL
[09:03:32] [377/458] ASVS
[09:03:33] [378/458] ASSR
[09:03:34] [379/458] SSKN
[09:03:34] [380/458] DRPV
[09:03:35] [381/458] MRHT
[09:03:36] [382/458] BSCN
[09:03:36] 🔄 Identity reset
[09:03:36] 🔄 Identity rotated (every 10 requests)
[09:03:36] 🔄 Retry 1/5 for BSCN in 2.1s
[09:03:36] 🔄 Identity reset
[09:03:38] 🧠 New identity created
[09:03:39] [383/458] RKNX
[09:03:40] [384/458] MSMC
[09:03:41] [385/458] MSCJ
[09:03:41] [386/458] BTBJ
[09:03:42] [387/458] MJCC
[09:03:43] [388/458] IOMM
[09:03:44] [389/458] ADGR
[09:03:44] [390/458] MYCP
[09:03:45] [391/458] IGCM
[09:03:45] 🔄 Identity reset
[09:03:45] 🔄 Identity rotated (every 10 requests)
[09:03:45] 🔄 Retry 1/5 for IGCM in 2.7s
[09:03:45] 🔄 Identity reset
[09:03:48] 🧠 New identity created
[09:03:48] 🔄 Retry 2/5 for IGCM in 4.5s
[09:03:48] 🔄 Identity reset
[09:03:52] 🧠 New identity created
[09:03:53] [392/458] PGRK
[09:03:54] [393/458] VPGO
[09:03:55] [394/458] KOMS
[09:03:56] [395/458] URGG
[09:03:57] [396/458] GOST
[09:03:58] [397/458] LACT
[09:03:58] [398/458] BWCM
[09:03:59] [399/458] NCCW
[09:03:59] 🔄 Identity reset
[09:03:59] 🔄 Identity rotated (every 10 requests)
[09:04:00] [400/458] SKYC
[09:04:00] [401/458] CCPM
[09:04:01] [402/458] VCBT
[09:04:02] [403/458] SDKR
[09:04:03] [404/458] CTYB
[09:04:04] [405/458] SHCX
[09:04:04] [406/458] RCUN
[09:04:05] [407/458] CNRA
[09:04:06] [408/458] RFCA
[09:04:06] [409/458] RDCU
[09:04:06] 🔄 Identity reset
[09:04:06] 🔄 Identity rotated (every 10 requests)
[09:04:08] [410/458] SARK
[09:04:09] [411/458] SPPP
[09:04:10] [412/458] ADMB
[09:04:11] [413/458] JYOE
[09:04:12] [414/458] SRMD
[09:04:12] [415/458] RJDH
[09:04:13] [416/458] SSTD
[09:04:14] [417/458] AACV
[09:04:15] [418/458] PPVD
[09:04:16] [419/458] STCP
[09:04:16] 🔄 Identity reset
[09:04:16] 🔄 Identity rotated (every 10 requests)
[09:04:17] [420/458] ANLS
[09:04:18] [421/458] BIJO
[09:04:18] [422/458] AVAB
[09:04:19] [423/458] SPMD
[09:04:20] [424/458] SVJL
[09:04:21] [425/458] SDDJ
[09:04:22] [426/458] SLTU
[09:04:23] [427/458] SAKA
[09:04:24] [428/458] PMAM
[09:04:25] [429/458] FNAM
[09:04:25] 🔄 Identity reset
[09:04:25] 🔄 Identity rotated (every 10 requests)
[09:04:26] [430/458] ACAM
[09:04:27] [431/458] SCMM
[09:04:28] [432/458] PMAK
[09:04:29] [433/458] NYSA
[09:04:30] [434/458] FCPA
[09:04:30] [435/458] GDAN
[09:04:31] [436/458] RSCA
[09:04:32] [437/458] DMAN
[09:04:33] [438/458] DZCM
[09:04:34] [439/458] NSGL
[09:04:34] 🔄 Identity reset
[09:04:34] 🔄 Identity rotated (every 10 requests)
[09:04:34] 🔄 Retry 1/5 for NSGL in 2.0s
[09:04:34] 🔄 Identity reset
[09:04:36] 🧠 New identity created
[09:04:37] [440/458] CCPP
[09:04:37] [441/458] PSMG
[09:04:38] [442/458] GSER
[09:04:39] [443/458] FCCT
[09:04:40] [444/458] FCTB
[09:04:41] [445/458] LCNK
[09:04:42] [446/458] SKTY
[09:04:42] [447/458] INAA
[09:04:43] [448/458] RCWN
[09:04:43] 🔄 Identity reset
[09:04:43] 🔄 Identity rotated (every 10 requests)
[09:04:44] [449/458] VAIS
[09:04:45] [450/458] CVMN
[09:04:45] [451/458] INTS
[09:04:46] [452/458] FRGS
[09:04:48] [453/458] DTCK
[09:04:49] [454/458] MCMH
[09:04:50] [455/458] ECRR
[09:04:50] [456/458] RLLP
[09:04:51] [457/458] CCSN
[09:04:52] [458/458] CCBA
[09:04:52] 🔄 Identity reset
[09:04:52] 🔄 Identity rotated (every 10 requests)
[09:04:53] 🧹 Deduping shows
[09:04:53] ✅ DONE | Shows=2955 | Movies=56
[12:52:25] 🚀 SCRIPT STARTED
[12:52:25] [1/458] MBDC
[12:52:25] 🧠 New identity created
[12:52:25] 🔄 Retry 1/5 for MBDC in 2.7s
[12:52:25] 🔄 Identity reset
[12:52:28] 🧠 New identity created
[12:52:29] [2/458] CHKM
[12:52:30] [3/458] JTKZ
[12:52:31] [4/458] CMCT
[12:52:32] [5/458] ASHO
[12:52:33] [6/458] ECDG
[12:52:33] [7/458] SPAT
[12:52:34] [8/458] HILC
[12:52:35] [9/458] SPPH
[12:52:35] 🔄 Identity reset
[12:52:35] 🔄 Identity rotated (every 10 requests)
[12:52:36] [10/458] SBHN
[12:52:37] [11/458] RRCA
[12:52:38] [12/458] APAA
[12:52:39] [13/458] RAME
[12:52:40] [14/458] TMMS
[12:52:41] [15/458] BATK
[12:52:42] [16/458] LKOP
[12:52:43] [17/458] AMTT
[12:52:44] [18/458] PTGK
[12:52:45] [19/458] ANRS
[12:52:45] 🔄 Identity reset
[12:52:45] 🔄 Identity rotated (every 10 requests)
[12:52:46] [20/458] VWBW
[12:52:47] [21/458] SVFG
[12:52:48] [22/458] STAT
[12:52:48] [23/458] GDCV
[12:52:49] [24/458] VEBI
[12:52:50] [25/458] VDSS
[12:52:51] [26/458] NTHV
[12:52:52] [27/458] AOCH
[12:52:53] [28/458] KASR
[12:52:54] [29/458] AYCS
[12:52:54] 🔄 Identity reset
[12:52:54] 🔄 Identity rotated (every 10 requests)
[12:52:55] [30/458] SHAI
[12:52:56] [31/458] SKPE
[12:52:57] [32/458] SBTA
[12:52:58] [33/458] RTTD
[12:52:59] [34/458] CCJD
[12:53:00] [35/458] RSJJ
[12:53:01] [36/458] RKND
[12:53:03] [37/458] SVTX
[12:53:03] [38/458] BAKM
[12:53:04] [39/458] SVDC
[12:53:04] 🔄 Identity reset
[12:53:04] 🔄 Identity rotated (every 10 requests)
[12:53:05] [40/458] MNCV
[12:53:06] [41/458] SJGC
[12:53:07] [42/458] MTPK
[12:53:08] [43/458] GATP
[12:53:09] [44/458] ABTS
[12:53:11] [45/458] ABDE
[12:53:11] [46/458] RCNM
[12:53:13] [47/458] KTHV
[12:53:14] [48/458] MDGJ
[12:53:15] [49/458] SMLM
[12:53:15] 🔄 Identity reset
[12:53:15] 🔄 Identity rotated (every 10 requests)
[12:53:15] 🔄 Retry 1/5 for SMLM in 2.5s
[12:53:15] 🔄 Identity reset
[12:53:18] 🧠 New identity created
[12:53:19] [50/458] JTMA
[12:53:20] [51/458] ACKP
[12:53:21] [52/458] SRTA
[12:53:22] [53/458] STAY
[12:53:23] [54/458] MAVO
[12:53:24] [55/458] APTS
[12:53:25] [56/458] OMEA
[12:53:26] [57/458] TTFD
[12:53:28] [58/458] MJCU
[12:53:28] 🔄 Identity reset
[12:53:28] 🔄 Identity rotated (every 10 requests)
[12:53:29] [59/458] CXTE
[12:53:30] [60/458] CTPX
[12:53:31] [61/458] ASSL
[12:53:32] [62/458] CMVB
[12:53:33] [63/458] VPUR
[12:53:34] [64/458] JJDA
[12:53:35] [65/458] INBL
[12:53:36] [66/458] BIKB
[12:53:37] [67/458] NTBB
[12:53:38] [68/458] GLOB
[12:53:38] 🔄 Identity reset
[12:53:38] 🔄 Identity rotated (every 10 requests)
[12:53:38] 🔄 Retry 1/5 for GLOB in 3.0s
[12:53:38] 🔄 Identity reset
[12:53:41] 🧠 New identity created
[12:53:42] [69/458] SNTB
[12:53:43] [70/458] CHGV
[12:53:43] [71/458] SSBZ
[12:53:45] [72/458] PRDB
[12:53:46] [73/458] ISMT
[12:53:47] [74/458] MCSD
[12:53:47] [75/458] JBTT
[12:53:48] [76/458] GEKR
[12:53:49] [77/458] PVUN
[12:53:49] 🔄 Identity reset
[12:53:49] 🔄 Identity rotated (every 10 requests)
[12:53:50] [78/458] NRTB
[12:53:51] [79/458] PRAA
[12:53:52] [80/458] PCBL
[12:53:53] [81/458] PTCM
[12:53:54] [82/458] KHNN
[12:53:55] [83/458] OMJE
[12:53:55] [84/458] STGN
[12:53:56] [85/458] RPMS
[12:53:57] [86/458] NWAD
[12:53:58] [87/458] BLCK
[12:53:58] 🔄 Identity reset
[12:53:58] 🔄 Identity rotated (every 10 requests)
[12:53:59] [88/458] SVAA
[12:54:00] [89/458] URVM
[12:54:01] [90/458] ANTM
[12:54:02] [91/458] VJYM
[12:54:03] [92/458] MAZZ
[12:54:04] [93/458] CSHM
[12:54:04] [94/458] WGMH
[12:54:05] [95/458] SALN
[12:54:06] [96/458] BRTP
[12:54:07] [97/458] SVTA
[12:54:07] 🔄 Identity reset
[12:54:07] 🔄 Identity rotated (every 10 requests)
[12:54:09] [98/458] SBTP
[12:54:10] [99/458] VLSS
[12:54:10] [100/458] SRJA
[12:54:11] [101/458] ANCG
[12:54:12] [102/458] CGGC
[12:54:13] [103/458] CRJA
[12:54:13] [104/458] USCR
[12:54:14] [105/458] MMEF
[12:54:16] [106/458] JCRJ
[12:54:17] [107/458] ADCM
[12:54:17] 🔄 Identity reset
[12:54:17] 🔄 Identity rotated (every 10 requests)
[12:54:18] [108/458] BMYK
[12:54:19] [109/458] KICS
[12:54:20] [110/458] MBBT
[12:54:21] [111/458] MACK
[12:54:22] [112/458] CLDR
[12:54:22] [113/458] JYCR
[12:54:23] [114/458] DCRP
[12:54:24] [115/458] RAHT
[12:54:25] [116/458] CSSM
[12:54:26] [117/458] ATPK
[12:54:26] 🔄 Identity reset
[12:54:26] 🔄 Identity rotated (every 10 requests)
[12:54:27] [118/458] KLRT
[12:54:28] [119/458] SRDD
[12:54:29] [120/458] CKMC
[12:54:30] [121/458] KRVM
[12:54:31] [122/458] AKCP
[12:54:32] [123/458] CNCV
[12:54:33] [124/458] PACT
[12:54:33] [125/458] NATP
[12:54:34] [126/458] PCPK
[12:54:35] [127/458] SMHO
[12:54:35] 🔄 Identity reset
[12:54:35] 🔄 Identity rotated (every 10 requests)
[12:54:36] [128/458] CWTK
[12:54:37] [129/458] RVKZ
[12:54:38] [130/458] ASPD
[12:54:39] [131/458] VTKZ
[12:54:40] [132/458] LCSO
[12:54:40] [133/458] PRDY
[12:54:41] [134/458] RCAP
[12:54:43] [135/458] RGAR
[12:54:44] [136/458] RCAC
[12:54:45] [137/458] PMOD
[12:54:45] 🔄 Identity reset
[12:54:45] 🔄 Identity rotated (every 10 requests)
[12:54:46] [138/458] PVCN
[12:54:46] [139/458] SCRZ
[12:54:47] [140/458] PVPC
[12:54:48] [141/458] STID
[12:54:49] [142/458] NEDD
[12:54:50] [143/458] BNBA
[12:54:51] [144/458] NTCD
[12:54:52] [145/458] OCDE
[12:54:52] [146/458] CCDU
[12:54:53] [147/458] CRXH
[12:54:53] 🔄 Identity reset
[12:54:53] 🔄 Identity rotated (every 10 requests)
[12:54:53] 🔄 Retry 1/5 for CRXH in 2.6s
[12:54:53] 🔄 Identity reset
[12:54:56] 🧠 New identity created
[12:54:57] [148/458] VLVT
[12:54:58] [149/458] CICI
[12:54:59] [150/458] SUCB
[12:55:00] [151/458] TCBP
[12:55:01] [152/458] SCCY
[12:55:02] [153/458] LXCY
[12:55:03] [154/458] NCMD
[12:55:04] [155/458] PHCS
[12:55:05] [156/458] DUXR
[12:55:05] 🔄 Identity reset
[12:55:05] 🔄 Identity rotated (every 10 requests)
[12:55:05] 🔄 Retry 1/5 for DUXR in 2.7s
[12:55:05] 🔄 Identity reset
[12:55:07] 🧠 New identity created
[12:55:08] [157/458] VNKS
[12:55:09] [158/458] SEDP
[12:55:10] [159/458] SVEN
[12:55:11] [160/458] SRKM
[12:55:13] [161/458] JTLT
[12:55:13] [162/458] SVSS
[12:55:14] [163/458] AMDE
[12:55:15] [164/458] WVRN
[12:55:17] [165/458] ISMG
[12:55:17] 🔄 Identity reset
[12:55:17] 🔄 Identity rotated (every 10 requests)
[12:55:18] [166/458] WVKS
[12:55:19] [167/458] USCG
[12:55:20] [168/458] IOTG
[12:55:21] [169/458] RRJM
[12:55:22] [170/458] EDMP
[12:55:23] [171/458] SCGZ
[12:55:23] [172/458] GMGX
[12:55:24] [173/458] OMTP
[12:55:26] [174/458] MITD
[12:55:27] [175/458] SMMD
[12:55:27] 🔄 Identity reset
[12:55:27] 🔄 Identity rotated (every 10 requests)
[12:55:28] [176/458] STML
[12:55:28] [177/458] MCFS
[12:55:29] [178/458] FPKA
[12:55:30] [179/458] OMLR
[12:55:31] [180/458] KKSC
[12:55:32] [181/458] RVMA
[12:55:33] [182/458] SCLL
[12:55:33] [183/458] SCDK
[12:55:34] [184/458] SXMI
[12:55:35] [185/458] SHDN
[12:55:35] 🔄 Identity reset
[12:55:35] 🔄 Identity rotated (every 10 requests)
[12:55:36] [186/458] PAAD
[12:55:37] [187/458] UUCB
[12:55:38] [188/458] JHOL
[12:55:39] [189/458] SGWT
[12:55:40] [190/458] SRII
[12:55:41] [191/458] SGCK
[12:55:41] [192/458] SVVB
[12:55:42] [193/458] DMHA
[12:55:43] [194/458] PPNL
[12:55:44] [195/458] CPNL
[12:55:44] 🔄 Identity reset
[12:55:44] 🔄 Identity rotated (every 10 requests)
[12:55:46] [196/458] WVLD
[12:55:47] [197/458] PSLV
[12:55:48] [198/458] VTTL
[12:55:48] [199/458] NPAD
[12:55:49] [200/458] PVCS
[12:55:50] [201/458] MCHL
[12:55:51] [202/458] PPLL
[12:55:52] [203/458] MALO
[12:55:52] [204/458] SWBH
[12:55:53] [205/458] PUGB
[12:55:53] 🔄 Identity reset
[12:55:53] 🔄 Identity rotated (every 10 requests)
[12:55:53] 🔄 Retry 1/5 for PUGB in 2.5s
[12:55:53] 🔄 Identity reset
[12:55:56] 🧠 New identity created
[12:55:57] [206/458] INBB
[12:55:58] [207/458] INNS
[12:55:59] [208/458] MCPT
[12:56:00] [209/458] SCMI
[12:56:01] [210/458] OCON
[12:56:01] [211/458] SCSM
[12:56:02] [212/458] RJVN
[12:56:03] [213/458] AMDK
[12:56:04] [214/458] ISMR
[12:56:04] 🔄 Identity reset
[12:56:04] 🔄 Identity rotated (every 10 requests)
[12:56:05] [215/458] SMTD
[12:56:06] [216/458] VTDD
[12:56:07] [217/458] PDDZ
[12:56:08] [218/458] PCCK
[12:56:08] [219/458] INAM
[12:56:10] [220/458] FNKT
[12:56:11] [221/458] GDKA
[12:56:12] [222/458] MAYU
[12:56:13] [223/458] TCGU
[12:56:14] [224/458] KDCA
[12:56:14] 🔄 Identity reset
[12:56:14] 🔄 Identity rotated (every 10 requests)
[12:56:15] [225/458] DOMY
[12:56:16] [226/458] PDDD
[12:56:17] [227/458] BJTS
[12:56:18] [228/458] VTCA
[12:56:19] [229/458] SBTM
[12:56:20] [230/458] SEET
[12:56:21] [231/458] SSTJ
[12:56:22] [232/458] SVNT
[12:56:23] [233/458] PPPR
[12:56:24] [234/458] PVYS
[12:56:24] 🔄 Identity reset
[12:56:24] 🔄 Identity rotated (every 10 requests)
[12:56:26] [235/458] IOSE
[12:56:27] [236/458] ACTV
[12:56:28] [237/458] APVE
[12:56:29] [238/458] TCCL
[12:56:30] [239/458] SCMO
[12:56:31] [240/458] SAUM
[12:56:32] [241/458] KCJS
[12:56:33] [242/458] NJCJ
[12:56:34] [243/458] NECF
[12:56:35] [244/458] CCGW
[12:56:35] 🔄 Identity reset
[12:56:35] 🔄 Identity rotated (every 10 requests)
[12:56:36] [245/458] CCMG
[12:56:37] [246/458] NYRG
[12:56:38] [247/458] NCSQ
[12:56:38] [248/458] GRCG
[12:56:39] [249/458] CCBT
[12:56:40] [250/458] ACGA
[12:56:41] [251/458] INAG
[12:56:42] [252/458] FUCG
[12:56:43] [253/458] AICF
[12:56:45] [254/458] GRGA
[12:56:45] 🔄 Identity reset
[12:56:45] 🔄 Identity rotated (every 10 requests)
[12:56:46] [255/458] GDCN
[12:56:47] [256/458] RRCG
[12:56:48] [257/458] SDCH
[12:56:49] [258/458] WVJM
[12:56:50] [259/458] JCCZ
[12:56:51] [260/458] CNCL
[12:56:52] [261/458] TMLV
[12:56:52] [262/458] MEMB
[12:56:53] [263/458] SGTD
[12:56:54] [264/458] CONX
[12:56:54] 🔄 Identity reset
[12:56:54] 🔄 Identity rotated (every 10 requests)
[12:56:55] [265/458] CCMH
[12:56:57] [266/458] ACMC
[12:56:58] [267/458] DTPD
[12:56:59] [268/458] POJA
[12:57:00] [269/458] FNBH
[12:57:01] [270/458] CGCB
[12:57:01] [271/458] RACN
[12:57:02] [272/458] JTSM
[12:57:03] [273/458] SCDN
[12:57:04] [274/458] AACK
[12:57:04] 🔄 Identity reset
[12:57:04] 🔄 Identity rotated (every 10 requests)
[12:57:06] [275/458] RMCE
[12:57:06] [276/458] BSGB
[12:57:07] [277/458] MRCB
[12:57:08] [278/458] SRVR
[12:57:09] [279/458] VTKK
[12:57:10] [280/458] AMST
[12:57:10] [281/458] APCY
[12:57:11] [282/458] LMHO
[12:57:12] [283/458] MTZH
[12:57:13] [284/458] AMZB
[12:57:13] 🔄 Identity reset
[12:57:13] 🔄 Identity rotated (every 10 requests)
[12:57:14] [285/458] SUVT
[12:57:15] [286/458] RCIP
[12:57:16] [287/458] KESR
[12:57:17] [288/458] SNKC
[12:57:18] [289/458] SCED
[12:57:19] [290/458] DVCA
[12:57:20] [291/458] VCDT
[12:57:21] [292/458] RRDI
[12:57:22] [293/458] DFCH
[12:57:23] [294/458] INSC
[12:57:23] 🔄 Identity reset
[12:57:23] 🔄 Identity rotated (every 10 requests)
[12:57:24] [295/458] RGTR
[12:57:25] [296/458] FMOT
[12:57:25] [297/458] SCPM
[12:57:26] [298/458] GCDT
[12:57:28] [299/458] BRKT
[12:57:29] [300/458] DEMP
[12:57:29] [301/458] SRLC
[12:57:30] [302/458] KSTT
[12:57:31] [303/458] SMMT
[12:57:32] [304/458] SILM
[12:57:32] 🔄 Identity reset
[12:57:32] 🔄 Identity rotated (every 10 requests)
[12:57:33] [305/458] JCVM
[12:57:34] [306/458] KCSV
[12:57:35] [307/458] MHLK
[12:57:35] [308/458] SLVL
[12:57:36] [309/458] RJKP
[12:57:37] [310/458] BBPC
[12:57:38] [311/458] MXCB
[12:57:39] [312/458] TCPK
[12:57:40] [313/458] RTBR
[12:57:40] [314/458] GAUT
[12:57:40] 🔄 Identity reset
[12:57:40] 🔄 Identity rotated (every 10 requests)
[12:57:41] [315/458] DVCF
[12:57:42] [316/458] JTSB
[12:57:43] [317/458] SBLS
[12:57:43] [318/458] UDAY
[12:57:44] [319/458] PTNP
[12:57:45] [320/458] DMKT
[12:57:46] [321/458] NTDT
[12:57:47] [322/458] SHDJ
[12:57:48] [323/458] OTNC
[12:57:49] [324/458] RNTW
[12:57:49] 🔄 Identity reset
[12:57:49] 🔄 Identity rotated (every 10 requests)
[12:57:50] [325/458] GCMI
[12:57:50] [326/458] CRCM
[12:57:51] [327/458] NNCZ
[12:57:52] [328/458] OEMO
[12:57:53] [329/458] PVJM
[12:57:54] [330/458] CPJI
[12:57:55] [331/458] RMCJ
[12:57:56] [332/458] CNWJ
[12:57:57] [333/458] EPJM
[12:57:58] [334/458] FNJJ
[12:57:58] 🔄 Identity reset
[12:57:58] 🔄 Identity rotated (every 10 requests)
[12:57:59] [335/458] GCMJ
[12:58:00] [336/458] INPS
[12:58:01] [337/458] BICJ
[12:58:02] [338/458] ISTJ
[12:58:03] [339/458] INJC
[12:58:04] [340/458] GLXJ
[12:58:05] [341/458] INEM
[12:58:06] [342/458] JTMN
[12:58:07] [343/458] FRCJ
[12:58:08] [344/458] DDJP
[12:58:08] 🔄 Identity reset
[12:58:08] 🔄 Identity rotated (every 10 requests)
[12:58:09] [345/458] INJV
[12:58:10] [346/458] GOLC
[12:58:11] [347/458] KOCI
[12:58:12] [348/458] FSTD
[12:58:13] [349/458] PACJ
[12:58:14] [350/458] GMCN
[12:58:15] [351/458] MMDJ
[12:58:16] [352/458] GODH
[12:58:16] [353/458] SKYN
[12:58:17] [354/458] NCTH
[12:58:17] 🔄 Identity reset
[12:58:17] 🔄 Identity rotated (every 10 requests)
[12:58:18] [355/458] SKVZ
[12:58:19] [356/458] SVML
[12:58:20] [357/458] ACVZ
[12:58:21] [358/458] SURA
[12:58:22] [359/458] RTRB
[12:58:22] [360/458] LLCT
[12:58:23] [361/458] ATTS
[12:58:25] [362/458] JYCM
[12:58:25] [363/458] CTKR
[12:58:26] [364/458] LCKR
[12:58:26] 🔄 Identity reset
[12:58:26] 🔄 Identity rotated (every 10 requests)
[12:58:27] [365/458] NYCV
[12:58:28] [366/458] NYOH
[12:58:29] [367/458] NOVX
[12:58:30] [368/458] MRGK
[12:58:31] [369/458] MOON
[12:58:32] [370/458] SBUC
[12:58:33] [371/458] GSVA
[12:58:34] [372/458] VIAK
[12:58:35] [373/458] SMVZ
[12:58:36] [374/458] MATE
[12:58:36] 🔄 Identity reset
[12:58:36] 🔄 Identity rotated (every 10 requests)
[12:58:37] [375/458] RDCN
[12:58:38] [376/458] ASBL
[12:58:39] [377/458] ASVS
[12:58:40] [378/458] ASSR
[12:58:40] [379/458] SSKN
[12:58:41] [380/458] DRPV
[12:58:42] [381/458] MRHT
[12:58:43] [382/458] BSCN
[12:58:43] [383/458] RKNX
[12:58:44] [384/458] MSMC
[12:58:44] 🔄 Identity reset
[12:58:44] 🔄 Identity rotated (every 10 requests)
[12:58:45] [385/458] MSCJ
[12:58:46] [386/458] BTBJ
[12:58:47] [387/458] MJCC
[12:58:48] [388/458] IOMM
[12:58:49] [389/458] ADGR
[12:58:49] [390/458] MYCP
[12:58:50] [391/458] IGCM
[12:58:51] [392/458] PGRK
[12:58:52] [393/458] VPGO
[12:58:53] [394/458] KOMS
[12:58:53] 🔄 Identity reset
[12:58:53] 🔄 Identity rotated (every 10 requests)
[12:58:54] [395/458] URGG
[12:58:54] [396/458] GOST
[12:58:55] [397/458] LACT
[12:58:56] [398/458] BWCM
[12:58:57] [399/458] NCCW
[12:58:58] [400/458] SKYC
[12:58:59] [401/458] CCPM
[12:59:00] [402/458] VCBT
[12:59:00] [403/458] SDKR
[12:59:01] [404/458] CTYB
[12:59:01] 🔄 Identity reset
[12:59:01] 🔄 Identity rotated (every 10 requests)
[12:59:02] [405/458] SHCX
[12:59:03] [406/458] RCUN
[12:59:05] [407/458] CNRA
[12:59:06] [408/458] RFCA
[12:59:07] [409/458] RDCU
[12:59:08] [410/458] SARK
[12:59:08] [411/458] SPPP
[12:59:10] [412/458] ADMB
[12:59:11] [413/458] JYOE
[12:59:12] [414/458] SRMD
[12:59:12] 🔄 Identity reset
[12:59:12] 🔄 Identity rotated (every 10 requests)
[12:59:13] [415/458] RJDH
[12:59:14] [416/458] SSTD
[12:59:15] [417/458] AACV
[12:59:16] [418/458] PPVD
[12:59:16] [419/458] STCP
[12:59:17] [420/458] ANLS
[12:59:18] [421/458] BIJO
[12:59:19] [422/458] AVAB
[12:59:19] [423/458] SPMD
[12:59:20] [424/458] SVJL
[12:59:20] 🔄 Identity reset
[12:59:20] 🔄 Identity rotated (every 10 requests)
[12:59:21] [425/458] SDDJ
[12:59:22] [426/458] SLTU
[12:59:23] [427/458] SAKA
[12:59:24] [428/458] PMAM
[12:59:24] [429/458] FNAM
[12:59:25] [430/458] ACAM
[12:59:26] [431/458] SCMM
[12:59:28] [432/458] PMAK
[12:59:29] [433/458] NYSA
[12:59:29] [434/458] FCPA
[12:59:29] 🔄 Identity reset
[12:59:29] 🔄 Identity rotated (every 10 requests)
[12:59:30] [435/458] GDAN
[12:59:31] [436/458] RSCA
[12:59:32] [437/458] DMAN
[12:59:33] [438/458] DZCM
[12:59:34] [439/458] NSGL
[12:59:35] [440/458] CCPP
[12:59:36] [441/458] PSMG
[12:59:37] [442/458] GSER
[12:59:38] [443/458] FCCT
[12:59:39] [444/458] FCTB
[12:59:39] 🔄 Identity reset
[12:59:39] 🔄 Identity rotated (every 10 requests)
[12:59:40] [445/458] LCNK
[12:59:41] [446/458] SKTY
[12:59:42] [447/458] INAA
[12:59:43] [448/458] RCWN
[12:59:44] [449/458] VAIS
[12:59:44] [450/458] CVMN
[12:59:46] [451/458] INTS
[12:59:47] [452/458] FRGS
[12:59:48] [453/458] DTCK
[12:59:49] [454/458] MCMH
[12:59:49] 🔄 Identity reset
[12:59:49] 🔄 Identity rotated (every 10 requests)
[12:59:50] [455/458] ECRR
[12:59:51] [456/458] RLLP
[12:59:51] [457/458] CCSN
[12:59:52] [458/458] CCBA
[12:59:53] 🧹 Deduping shows
[12:59:53] ✅ DONE | Shows=3212 | Movies=59
