[10:12:42] 🚀 SCRIPT STARTED (enhanced anti‑detection)
[10:12:42] [1/445] TGMR
[10:12:42] 🧠 New identity created
[10:12:43] [2/445] CXKR
[10:12:44] [3/445] SROP
[10:12:45] [4/445] GTSV
[10:12:45] [5/445] SNTY
[10:12:46] [6/445] SMYY
[10:12:47] [7/445] CNCS
[10:12:48] [8/445] CSTM
[10:12:49] [9/445] NUCD
[10:12:50] [10/445] SHCZ
[10:12:51] 🔄 Identity reset
[10:12:51] 🔄 Identity rotated (every 10 requests)
[10:12:51] [11/445] NJCT
[10:12:52] [12/445] COPC
[10:12:53] [13/445] STVV
[10:12:54] [14/445] SKRN
[10:12:54] [15/445] APPZ
[10:12:55] [16/445] YMGN
[10:12:56] [17/445] SVTU
[10:12:57] [18/445] GTAD
[10:12:58] [19/445] PSUS
[10:12:59] [20/445] SMCD
[10:13:00] 🔄 Identity reset
[10:13:00] 🔄 Identity rotated (every 10 requests)
[10:13:00] 🔄 Retry 1/5 for SMCD in 2.9s
[10:13:00] 🔄 Identity reset
[10:13:03] 🧠 New identity created
[10:13:03] [21/445] CMCM
[10:13:04] [22/445] SYCT
[10:13:05] [23/445] STLY
[10:13:06] [24/445] CMHU
[10:13:07] [25/445] CMSA
[10:13:08] [26/445] CLCU
[10:13:09] [27/445] PPNT
[10:13:10] [28/445] JTAB
[10:13:11] [29/445] BUUC
[10:13:11] 🔄 Identity reset
[10:13:11] 🔄 Identity rotated (every 10 requests)
[10:13:12] [30/445] BSVK
[10:13:12] [31/445] VVVQ
[10:13:13] [32/445] TKMU
[10:13:14] [33/445] ESYL
[10:13:15] [34/445] ACHP
[10:13:16] [35/445] BTKD
[10:13:16] [36/445] DESA
[10:13:17] [37/445] GBCT
[10:13:18] [38/445] BLLD
[10:13:19] [39/445] SKNT
[10:13:20] 🔄 Identity reset
[10:13:20] 🔄 Identity rotated (every 10 requests)
[10:13:20] [40/445] SSTE
[10:13:21] [41/445] VJMR
[10:13:22] [42/445] NTPU
[10:13:23] [43/445] RDKN
[10:13:24] [44/445] ADGC
[10:13:25] [45/445] VRBP
[10:13:25] [46/445] NMNA
[10:13:26] [47/445] CMMX
[10:13:28] [48/445] PTKO
[10:13:29] [49/445] RBML
[10:13:30] 🔄 Identity reset
[10:13:30] 🔄 Identity rotated (every 10 requests)
[10:13:30] 🔄 Retry 1/5 for RBML in 2.9s
[10:13:30] 🔄 Identity reset
[10:13:33] 🧠 New identity created
[10:13:33] [50/445] SAIC
[10:13:34] [51/445] SVTJ
[10:13:35] [52/445] MRTE
[10:13:36] [53/445] RBTP
[10:13:36] [54/445] NLPS
[10:13:38] [55/445] GTNA
[10:13:39] [56/445] DGGC
[10:13:40] [57/445] SMCR
[10:13:41] [58/445] SCGD
[10:13:41] 🔄 Identity reset
[10:13:41] 🔄 Identity rotated (every 10 requests)
[10:13:41] 🔄 Retry 1/5 for SCGD in 2.3s
[10:13:41] 🔄 Identity reset
[10:13:43] 🧠 New identity created
[10:13:44] [59/445] SRRJ
[10:13:45] [60/445] CNRY
[10:13:46] [61/445] KTDI
[10:13:47] [62/445] SNJL
[10:13:48] [63/445] RKMD
[10:13:48] [64/445] SMDC
[10:13:49] [65/445] TADG
[10:13:50] [66/445] MCGS
[10:13:51] [67/445] PETK
[10:13:52] 🔄 Identity reset
[10:13:52] 🔄 Identity rotated (every 10 requests)
[10:13:52] [68/445] CHAG
[10:13:54] [69/445] KSTL
[10:13:55] [70/445] AADS
[10:13:57] [71/445] NTHZ
[10:13:58] [72/445] HCKI
[10:13:59] [73/445] SSEF
[10:14:00] [74/445] MCGX
[10:14:01] [75/445] ERRA
[10:14:02] [76/445] SDTW
[10:14:03] [77/445] RMPK
[10:14:03] 🔄 Identity reset
[10:14:03] 🔄 Identity rotated (every 10 requests)
[10:14:04] [78/445] PTHK
[10:14:05] [79/445] PXCS
[10:14:06] [80/445] SVLU
[10:14:06] [81/445] STAH
[10:14:07] [82/445] JRGF
[10:14:08] [83/445] CDOK
[10:14:09] [84/445] CMSG
[10:14:10] [85/445] APTD
[10:14:11] [86/445] KMPG
[10:14:12] [87/445] MUTJ
[10:14:12] 🔄 Identity reset
[10:14:12] 🔄 Identity rotated (every 10 requests)
[10:14:12] 🔄 Retry 1/5 for MUTJ in 2.0s
[10:14:12] 🔄 Identity reset
[10:14:14] 🧠 New identity created
[10:14:15] [88/445] VCCI
[10:14:16] [89/445] URBE
[10:14:17] [90/445] TCTS
[10:14:18] [91/445] STSN
[10:14:19] [92/445] AKCH
[10:14:20] [93/445] APSC
[10:14:21] [94/445] VLTB
[10:14:22] [95/445] SANU
[10:14:23] [96/445] AXAM
[10:14:23] 🔄 Identity reset
[10:14:23] 🔄 Identity rotated (every 10 requests)
[10:14:24] [97/445] MGMG
[10:14:25] [98/445] HTBY
[10:14:26] [99/445] MMZS
[10:14:27] [100/445] SUDR
[10:14:27] [101/445] CCAD
[10:14:28] [102/445] SKKC
[10:14:29] [103/445] RMCD
[10:14:30] [104/445] SBCQ
[10:14:31] [105/445] DCCT
[10:14:32] [106/445] VTKP
[10:14:33] 🔄 Identity reset
[10:14:33] 🔄 Identity rotated (every 10 requests)
[10:14:33] [107/445] MLAM
[10:14:34] [108/445] SAVT
[10:14:35] [109/445] GEPL
[10:14:36] [110/445] AMCD
[10:14:37] [111/445] CCXR
[10:14:38] [112/445] GRNG
[10:14:39] [113/445] EBCA
[10:14:40] [114/445] CNVG
[10:14:41] [115/445] MWSS
[10:14:42] [116/445] VBOR
[10:14:42] 🔄 Identity reset
[10:14:43] 🔄 Identity rotated (every 10 requests)
[10:14:44] [117/445] NEEB
[10:14:44] [118/445] SUTH
[10:14:45] [119/445] ANDB
[10:14:46] [120/445] MMXS
[10:14:47] [121/445] CNPD
[10:14:48] [122/445] SDCE
[10:14:49] [123/445] DHCB
[10:14:50] [124/445] ODEN
[10:14:50] [125/445] TNTC
[10:14:51] [126/445] VBKM
[10:14:52] 🔄 Identity reset
[10:14:52] 🔄 Identity rotated (every 10 requests)
[10:14:52] 🔄 Retry 1/5 for VBKM in 2.4s
[10:14:52] 🔄 Identity reset
[10:14:54] 🧠 New identity created
[10:14:54] [127/445] RZYM
[10:14:55] [128/445] JEMC
[10:14:57] [129/445] CMAU
[10:14:58] [130/445] SIVP
[10:14:59] [131/445] ATAG
[10:15:00] [132/445] CHTM
[10:15:00] [133/445] AAEE
[10:15:01] [134/445] IWPM
[10:15:02] [135/445] KCMW
[10:15:02] 🔄 Identity reset
[10:15:02] 🔄 Identity rotated (every 10 requests)
[10:15:03] [136/445] MCTD
[10:15:04] [137/445] SPWR
[10:15:05] [138/445] SDPO
[10:15:06] [139/445] PCSK
[10:15:07] [140/445] ACHV
[10:15:08] [141/445] SVLA
[10:15:09] [142/445] PICT
[10:15:10] [143/445] BXDR
[10:15:10] [144/445] SPWA
[10:15:11] [145/445] MCKO
[10:15:12] 🔄 Identity reset
[10:15:12] 🔄 Identity rotated (every 10 requests)
[10:15:12] [146/445] RTHK
[10:15:14] [147/445] CCMF
[10:15:16] [148/445] MRGB
[10:15:17] [149/445] CPLC
[10:15:18] [150/445] RACD
[10:15:19] [151/445] ATKT
[10:15:19] [152/445] SARN
[10:15:21] [153/445] KKUI
[10:15:22] [154/445] RGCM
[10:15:23] [155/445] BRVP
[10:15:23] 🔄 Identity reset
[10:15:23] 🔄 Identity rotated (every 10 requests)
[10:15:24] [156/445] HRSR
[10:15:25] [157/445] GKGM
[10:15:26] [158/445] TTCD
[10:15:27] [159/445] PTTI
[10:15:28] [160/445] MPTT
[10:15:29] [161/445] CVTT
[10:15:30] [162/445] PCXD
[10:15:31] [163/445] GCDC
[10:15:32] [164/445] CCCF
[10:15:34] [165/445] MRAD
[10:15:34] 🔄 Identity reset
[10:15:34] 🔄 Identity rotated (every 10 requests)
[10:15:35] [166/445] CPLK
[10:15:36] [167/445] SATB
[10:15:37] [168/445] SNVG
[10:15:37] [169/445] JMBA
[10:15:38] [170/445] TEJA
[10:15:39] [171/445] STYO
[10:15:40] [172/445] JTBP
[10:15:41] [173/445] KRGD
[10:15:42] [174/445] SLJJ
[10:15:43] [175/445] SPTJ
[10:15:44] 🔄 Identity reset
[10:15:44] 🔄 Identity rotated (every 10 requests)
[10:15:44] 🔄 Retry 1/5 for SPTJ in 2.5s
[10:15:44] 🔄 Identity reset
[10:15:46] 🧠 New identity created
[10:15:46] 🔄 Retry 2/5 for SPTJ in 4.7s
[10:15:46] 🔄 Identity reset
[10:15:51] 🧠 New identity created
[10:15:51] [176/445] SWJG
[10:15:52] [177/445] LKRT
[10:15:53] [178/445] KCKA
[10:15:54] [179/445] SNCR
[10:15:55] [180/445] SMKL
[10:15:57] [181/445] GCFA
[10:15:58] [182/445] DDCK
[10:15:58] [183/445] NCHJ
[10:15:59] 🔄 Identity reset
[10:15:59] 🔄 Identity rotated (every 10 requests)
[10:15:59] [184/445] RDMA
[10:16:01] [185/445] SVSV
[10:16:02] [186/445] SCJG
[10:16:03] [187/445] VKLP
[10:16:04] [188/445] NWCC
[10:16:05] [189/445] VKNS
[10:16:06] [190/445] SDDP
[10:16:06] [191/445] ACSI
[10:16:08] [192/445] SATG
[10:16:09] [193/445] SCMW
[10:16:09] 🔄 Identity reset
[10:16:09] 🔄 Identity rotated (every 10 requests)
[10:16:09] [194/445] LKTK
[10:16:11] [195/445] VCKV
[10:16:12] [196/445] KKPE
[10:16:13] [197/445] KIGH
[10:16:13] [198/445] SRPM
[10:16:14] [199/445] SCAH
[10:16:15] [200/445] MUTA
[10:16:16] [201/445] SEPU
[10:16:17] [202/445] INOA
[10:16:18] [203/445] BASK
[10:16:19] 🔄 Identity reset
[10:16:19] 🔄 Identity rotated (every 10 requests)
[10:16:19] [204/445] NECB
[10:16:20] [205/445] GTTG
[10:16:21] [206/445] ASSA
[10:16:22] [207/445] ANCL
[10:16:23] [208/445] GCTI
[10:16:23] [209/445] RCTS
[10:16:24] [210/445] ACNL
[10:16:26] [211/445] MYCT
[10:16:27] [212/445] NMHT
[10:16:28] [213/445] MDIT
[10:16:29] 🔄 Identity reset
[10:16:29] 🔄 Identity rotated (every 10 requests)
[10:16:29] [214/445] LATG
[10:16:30] [215/445] SMTY
[10:16:31] [216/445] CVCT
[10:16:32] [217/445] RAMB
[10:16:33] [218/445] TGMS
[10:16:34] [219/445] BHEL
[10:16:35] [220/445] SHCT
[10:16:36] [221/445] SVCT
[10:16:38] [222/445] MRIY
[10:16:39] [223/445] SARO
[10:16:39] 🔄 Identity reset
[10:16:39] 🔄 Identity rotated (every 10 requests)
[10:16:40] [224/445] STCT
[10:16:41] [225/445] JKKC
[10:16:41] [226/445] PLTT
[10:16:42] [227/445] SRNT
[10:16:43] [228/445] YAST
[10:16:45] [229/445] PERL
[10:16:46] [230/445] CICM
[10:16:47] [231/445] MMTR
[10:16:47] [232/445] ABTK
[10:16:48] [233/445] ATYY
[10:16:49] 🔄 Identity reset
[10:16:49] 🔄 Identity rotated (every 10 requests)
[10:16:49] [234/445] ASTK
[10:16:50] [235/445] VVCK
[10:16:51] [236/445] ATKY
[10:16:52] [237/445] GWEK
[10:16:53] [238/445] SVFH
[10:16:54] [239/445] SLTA
[10:16:55] [240/445] AASH
[10:16:56] [241/445] ACXB
[10:16:57] [242/445] SMTX
[10:16:58] [243/445] AZDH
[10:16:58] 🔄 Identity reset
[10:16:58] 🔄 Identity rotated (every 10 requests)
[10:16:58] 🔄 Retry 1/5 for AZDH in 2.5s
[10:16:58] 🔄 Identity reset
[10:17:01] 🧠 New identity created
[10:17:01] 🔄 Retry 2/5 for AZDH in 4.5s
[10:17:01] 🔄 Identity reset
[10:17:05] 🧠 New identity created
[10:17:06] 🔄 Retry 3/5 for AZDH in 8.2s
[10:17:06] 🔄 Identity reset
[10:17:14] 🧠 New identity created
[10:17:14] 🔄 Retry 4/5 for AZDH in 16.2s
[10:17:14] 🔄 Identity reset
[10:17:30] 🧠 New identity created
[10:17:30] [244/445] CMMH
[10:17:31] [245/445] SCSZ
[10:17:32] [246/445] SCKP
[10:17:33] [247/445] NXTM
[10:17:34] [248/445] NWCS
[10:17:35] [249/445] CXMH
[10:17:36] 🔄 Identity reset
[10:17:36] 🔄 Identity rotated (every 10 requests)
[10:17:36] 🔄 Retry 1/5 for CXMH in 2.8s
[10:17:36] 🔄 Identity reset
[10:17:38] 🧠 New identity created
[10:17:39] [250/445] PCMA
[10:17:39] [251/445] SGCM
[10:17:40] [252/445] SDTU
[10:17:41] [253/445] MMVI
[10:17:43] [254/445] JKCM
[10:17:44] [255/445] VCMM
[10:17:46] [256/445] SYEE
[10:17:47] [257/445] VASD
[10:17:48] [258/445] BDRB
[10:17:48] 🔄 Identity reset
[10:17:48] 🔄 Identity rotated (every 10 requests)
[10:17:49] [259/445] LASM
[10:17:49] [260/445] DCRL
[10:17:50] [261/445] DVPM
[10:17:51] [262/445] SBMJ
[10:17:52] [263/445] CBMU
[10:17:53] [264/445] IUBS
[10:17:54] [265/445] INAP
[10:17:55] [266/445] SRRC
[10:17:56] [267/445] SAGR
[10:17:56] [268/445] CPMJ
[10:17:57] 🔄 Identity reset
[10:17:57] 🔄 Identity rotated (every 10 requests)
[10:17:57] [269/445] ATJL
[10:17:58] [270/445] NNTD
[10:17:59] [271/445] JHCJ
[10:18:00] [272/445] CMMP
[10:18:02] [273/445] RSDR
[10:18:03] [274/445] AMTI
[10:18:04] [275/445] NYSG
[10:18:05] [276/445] AVSG
[10:18:06] [277/445] SYTP
[10:18:07] [278/445] LARC
[10:18:08] 🔄 Identity reset
[10:18:08] 🔄 Identity rotated (every 10 requests)
[10:18:08] [279/445] RJTP
[10:18:09] [280/445] LAKC
[10:18:10] [281/445] MCXE
[10:18:11] [282/445] CCZC
[10:18:12] [283/445] AVCH
[10:18:13] [284/445] CMBE
[10:18:14] [285/445] MRRC
[10:18:15] [286/445] PCPY
[10:18:16] [287/445] SRMH
[10:18:17] [288/445] SVGS
[10:18:17] 🔄 Identity reset
[10:18:17] 🔄 Identity rotated (every 10 requests)
[10:18:18] [289/445] PCSE
[10:18:18] [290/445] SVFT
[10:18:19] [291/445] TNZP
[10:18:20] [292/445] ICTP
[10:18:21] [293/445] ACTZ
[10:18:22] [294/445] GTUR
[10:18:23] [295/445] MAFC
[10:18:24] [296/445] MINL
[10:18:24] [297/445] MRCL
[10:18:25] [298/445] RCRP
[10:18:26] 🔄 Identity reset
[10:18:26] 🔄 Identity rotated (every 10 requests)
[10:18:26] [299/445] RFFG
[10:18:27] [300/445] RMAS
[10:18:28] [301/445] INVR
[10:18:29] [302/445] RMAR
[10:18:30] [303/445] CNIS
[10:18:31] [304/445] RHRJ
[10:18:33] [305/445] INXR
[10:18:34] [306/445] VALT
[10:18:34] [307/445] LCSH
[10:18:35] [308/445] CMVS
[10:18:36] 🔄 Identity reset
[10:18:36] 🔄 Identity rotated (every 10 requests)
[10:18:36] [309/445] CNMS
[10:18:37] [310/445] ROOG
[10:18:38] [311/445] ISRM
[10:18:39] [312/445] RCRM
[10:18:40] [313/445] ACJA
[10:18:40] [314/445] RCVS
[10:18:42] [315/445] CPUS
[10:18:42] [316/445] TGCS
[10:18:44] [317/445] RKCJ
[10:18:45] [318/445] MKSB
[10:18:45] 🔄 Identity reset
[10:18:45] 🔄 Identity rotated (every 10 requests)
[10:18:47] [319/445] TCSJ
[10:18:48] [320/445] RMGP
[10:18:48] [321/445] CLLP
[10:18:49] [322/445] RCMV
[10:18:50] [323/445] CCKS
[10:18:51] [324/445] RSRP
[10:18:52] [325/445] APLP
[10:18:53] [326/445] CNVS
[10:18:54] [327/445] RMVY
[10:18:55] [328/445] PGBD
[10:18:55] 🔄 Identity reset
[10:18:55] 🔄 Identity rotated (every 10 requests)
[10:18:56] [329/445] KLMS
[10:18:57] [330/445] RUST
[10:18:59] [331/445] MASM
[10:19:00] [332/445] BACS
[10:19:01] [333/445] BWST
[10:19:02] [334/445] RRFH
[10:19:02] [335/445] SJTM
[10:19:03] [336/445] BEMR
[10:19:04] [337/445] MCGR
[10:19:05] [338/445] SDSK
[10:19:05] 🔄 Identity reset
[10:19:05] 🔄 Identity rotated (every 10 requests)
[10:19:06] [339/445] VBOL
[10:19:07] [340/445] RMGM
[10:19:08] [341/445] NOPL
[10:19:09] [342/445] MKJK
[10:19:10] [343/445] CVRN
[10:19:11] [344/445] MMEN
[10:19:12] [345/445] AMNG
[10:19:13] [346/445] INTM
[10:19:14] [347/445] SLCZ
[10:19:15] [348/445] AMJN
[10:19:16] 🔄 Identity reset
[10:19:16] 🔄 Identity rotated (every 10 requests)
[10:19:16] 🔄 Retry 1/5 for AMJN in 2.3s
[10:19:16] 🔄 Identity reset
[10:19:18] 🧠 New identity created
[10:19:18] [349/445] ACJN
[10:19:19] [350/445] AMKN
[10:19:20] [351/445] BTCN
[10:19:21] [352/445] AMBT
[10:19:22] [353/445] PACN
[10:19:23] [354/445] LCNS
[10:19:24] [355/445] PPKC
[10:19:25] [356/445] JYYN
[10:19:26] [357/445] JTNR
[10:19:27] 🔄 Identity reset
[10:19:27] 🔄 Identity rotated (every 10 requests)
[10:19:27] [358/445] GTEE
[10:19:28] [359/445] SRNM
[10:19:29] [360/445] SDTC
[10:19:31] [361/445] VPCA
[10:19:32] [362/445] VLRA
[10:19:33] [363/445] SHKR
[10:19:34] [364/445] SBKD
[10:19:35] [365/445] SAAD
[10:19:36] [366/445] JTGN
[10:19:37] [367/445] SLAM
[10:19:38] 🔄 Identity reset
[10:19:38] 🔄 Identity rotated (every 10 requests)
[10:19:38] 🔄 Retry 1/5 for SLAM in 2.5s
[10:19:38] 🔄 Identity reset
[10:19:41] 🧠 New identity created
[10:19:41] [368/445] VTPM
[10:19:42] [369/445] ANPT
[10:19:43] [370/445] PUNB
[10:19:43] [371/445] CPKT
[10:19:44] [372/445] CNWE
[10:19:45] [373/445] ECPP
[10:19:47] [374/445] CPAR
[10:19:48] [375/445] ESBW
[10:19:49] [376/445] PKPU
[10:19:49] 🔄 Identity reset
[10:19:49] 🔄 Identity rotated (every 10 requests)
[10:19:49] 🔄 Retry 1/5 for PKPU in 2.3s
[10:19:49] 🔄 Identity reset
[10:19:52] 🧠 New identity created
[10:19:52] [377/445] CPRP
[10:19:53] [378/445] RAHU
[10:19:54] [379/445] RHMN
[10:19:55] [380/445] FMJP
[10:19:56] [381/445] CTMP
[10:19:57] [382/445] INPN
[10:19:58] [383/445] STTG
[10:19:58] [384/445] CTRD
[10:19:59] [385/445] PUVB
[10:20:00] 🔄 Identity reset
[10:20:00] 🔄 Identity rotated (every 10 requests)
[10:20:00] [386/445] ESVP
[10:20:02] [387/445] CPFT
[10:20:03] [388/445] LCPC
[10:20:04] [389/445] VBCT
[10:20:04] [390/445] FSCW
[10:20:05] [391/445] VCMP
[10:20:07] [392/445] ASHC
[10:20:09] [393/445] VLCX
[10:20:10] [394/445] SHEV
[10:20:10] [395/445] APCO
[10:20:11] 🔄 Identity reset
[10:20:11] 🔄 Identity rotated (every 10 requests)
[10:20:11] [396/445] SILC
[10:20:12] [397/445] SNMR
[10:20:13] [398/445] KYBO
[10:20:14] [399/445] SATK
[10:20:15] [400/445] SSCS
[10:20:15] [401/445] CLSB
[10:20:16] [402/445] KMJR
[10:20:17] [403/445] FSCK
[10:20:18] [404/445] NNKA
[10:20:19] [405/445] CLMK
[10:20:20] 🔄 Identity reset
[10:20:20] 🔄 Identity rotated (every 10 requests)
[10:20:20] [406/445] DMPZ
[10:20:21] [407/445] INQM
[10:20:22] [408/445] CAML
[10:20:23] [409/445] INRK
[10:20:23] [410/445] IMKN
[10:20:24] [411/445] SVNR
[10:20:25] [412/445] INSL
[10:20:26] [413/445] MSMA
[10:20:27] [414/445] MCKK
[10:20:28] [415/445] FCHP
[10:20:29] 🔄 Identity reset
[10:20:29] 🔄 Identity rotated (every 10 requests)
[10:20:29] [416/445] SFCR
[10:20:31] [417/445] NACK
[10:20:31] [418/445] PVAK
[10:20:32] [419/445] INER
[10:20:33] [420/445] RDBK
[10:20:34] [421/445] SVFN
[10:20:35] [422/445] IFRM
[10:20:36] [423/445] ATCK
[10:20:37] [424/445] ASKO
[10:20:37] [425/445] STKT
[10:20:38] 🔄 Identity reset
[10:20:38] 🔄 Identity rotated (every 10 requests)
[10:20:38] [426/445] SVFB
[10:20:39] [427/445] INKS
[10:20:40] [428/445] PCRA
[10:20:42] [429/445] ATJA
[10:20:43] [430/445] IMJN
[10:20:44] [431/445] INHD
[10:20:44] [432/445] BARA
[10:20:46] [433/445] MCSL
[10:20:46] [434/445] RTOY
[10:20:47] [435/445] MENO
[10:20:48] 🔄 Identity reset
[10:20:48] 🔄 Identity rotated (every 10 requests)
[10:20:48] [436/445] PUDM
[10:20:49] [437/445] PRCN
[10:20:50] [438/445] JMJR
[10:20:51] [439/445] SSGK
[10:20:52] [440/445] SSRL
[10:20:53] [441/445] JYKL
[10:20:55] [442/445] ACNB
[10:20:56] [443/445] SONP
[10:20:57] [444/445] EMCI
[10:20:58] [445/445] MRJH
[10:20:58] 🔄 Identity reset
[10:20:58] 🔄 Identity rotated (every 10 requests)
[10:20:59] 🧹 Deduping shows
[10:20:59] ✅ DONE | Shows=12 | Movies=1
[04:57:19] 🚀 SCRIPT STARTED (enhanced anti‑detection)
[04:57:19] [1/445] TGMR
[04:57:20] 🧠 New identity created
[04:57:20] [2/445] CXKR
[04:57:21] [3/445] SROP
[04:57:22] [4/445] GTSV
[04:57:23] [5/445] SNTY
[04:57:24] [6/445] SMYY
[04:57:25] [7/445] CNCS
[04:57:25] [8/445] CSTM
[04:57:26] [9/445] NUCD
[04:57:27] [10/445] SHCZ
[04:57:27] 🔄 Identity reset
[04:57:27] 🔄 Identity rotated (every 10 requests)
[04:57:28] [11/445] NJCT
[04:57:29] [12/445] COPC
[04:57:30] [13/445] STVV
[04:57:31] [14/445] SKRN
[04:57:32] [15/445] APPZ
[04:57:33] [16/445] YMGN
[04:57:34] [17/445] SVTU
[04:57:34] [18/445] GTAD
[04:57:35] [19/445] PSUS
[04:57:36] [20/445] SMCD
[04:57:37] 🔄 Identity reset
[04:57:37] 🔄 Identity rotated (every 10 requests)
[04:57:37] [21/445] CMCM
[04:57:38] [22/445] SYCT
[04:57:39] [23/445] STLY
[04:57:39] [24/445] CMHU
[04:57:40] [25/445] CMSA
[04:57:42] [26/445] CLCU
[04:57:43] [27/445] PPNT
[04:57:43] [28/445] JTAB
[04:57:44] [29/445] BUUC
[04:57:45] [30/445] BSVK
[04:57:46] 🔄 Identity reset
[04:57:46] 🔄 Identity rotated (every 10 requests)
[04:57:46] 🔄 Retry 1/5 for BSVK in 2.6s
[04:57:46] 🔄 Identity reset
[04:57:48] 🧠 New identity created
[04:57:49] [31/445] VVVQ
[04:57:50] [32/445] TKMU
[04:57:51] [33/445] ESYL
[04:57:51] [34/445] ACHP
[04:57:52] [35/445] BTKD
[04:57:53] [36/445] DESA
[04:57:54] [37/445] GBCT
[04:57:55] [38/445] BLLD
[04:57:55] [39/445] SKNT
[04:57:56] 🔄 Identity reset
[04:57:56] 🔄 Identity rotated (every 10 requests)
[04:57:56] 🔄 Retry 1/5 for SKNT in 2.7s
[04:57:56] 🔄 Identity reset
[04:57:59] 🧠 New identity created
[04:58:00] [40/445] SSTE
[04:58:01] [41/445] VJMR
[04:58:02] [42/445] NTPU
[04:58:02] [43/445] RDKN
[04:58:03] [44/445] ADGC
[04:58:04] [45/445] VRBP
[04:58:05] [46/445] NMNA
[04:58:06] [47/445] CMMX
[04:58:07] [48/445] PTKO
[04:58:07] 🔄 Identity reset
[04:58:08] 🔄 Identity rotated (every 10 requests)
[04:58:08] [49/445] RBML
[04:58:09] [50/445] SAIC
[04:58:10] [51/445] SVTJ
[04:58:10] [52/445] MRTE
[04:58:11] [53/445] RBTP
[04:58:12] [54/445] NLPS
[04:58:13] [55/445] GTNA
[04:58:14] [56/445] DGGC
[04:58:14] [57/445] SMCR
[04:58:15] [58/445] SCGD
[04:58:16] 🔄 Identity reset
[04:58:16] 🔄 Identity rotated (every 10 requests)
[04:58:16] [59/445] SRRJ
[04:58:17] [60/445] CNRY
[04:58:18] [61/445] KTDI
[04:58:19] [62/445] SNJL
[04:58:19] [63/445] RKMD
[04:58:20] [64/445] SMDC
[04:58:21] [65/445] TADG
[04:58:22] [66/445] MCGS
[04:58:23] [67/445] PETK
[04:58:24] [68/445] CHAG
[04:58:24] 🔄 Identity reset
[04:58:24] 🔄 Identity rotated (every 10 requests)
[04:58:25] [69/445] KSTL
[04:58:25] [70/445] AADS
[04:58:26] [71/445] NTHZ
[04:58:27] [72/445] HCKI
[04:58:28] [73/445] SSEF
[04:58:29] [74/445] MCGX
[04:58:30] [75/445] ERRA
[04:58:31] [76/445] SDTW
[04:58:32] [77/445] RMPK
[04:58:34] [78/445] PTHK
[04:58:34] 🔄 Identity reset
[04:58:34] 🔄 Identity rotated (every 10 requests)
[04:58:34] 🔄 Retry 1/5 for PTHK in 2.1s
[04:58:34] 🔄 Identity reset
[04:58:36] 🧠 New identity created
[04:58:37] [79/445] PXCS
[04:58:37] [80/445] SVLU
[04:58:38] [81/445] STAH
[04:58:40] [82/445] JRGF
[04:58:41] [83/445] CDOK
[04:58:42] [84/445] CMSG
[04:58:43] [85/445] APTD
[04:58:44] [86/445] KMPG
[04:58:46] [87/445] MUTJ
[04:58:46] 🔄 Identity reset
[04:58:46] 🔄 Identity rotated (every 10 requests)
[04:58:47] [88/445] VCCI
[04:58:48] [89/445] URBE
[04:58:48] [90/445] TCTS
[04:58:50] [91/445] STSN
[04:58:51] [92/445] AKCH
[04:58:52] [93/445] APSC
[04:58:53] [94/445] VLTB
[04:58:54] [95/445] SANU
[04:58:55] [96/445] AXAM
[04:58:56] [97/445] MGMG
[04:58:56] 🔄 Identity reset
[04:58:56] 🔄 Identity rotated (every 10 requests)
[04:58:56] [98/445] HTBY
[04:58:57] [99/445] MMZS
[04:58:58] [100/445] SUDR
[04:58:59] [101/445] CCAD
[04:59:00] [102/445] SKKC
[04:59:01] [103/445] RMCD
[04:59:02] [104/445] SBCQ
[04:59:04] [105/445] DCCT
[04:59:05] [106/445] VTKP
[04:59:05] [107/445] MLAM
[04:59:06] 🔄 Identity reset
[04:59:06] 🔄 Identity rotated (every 10 requests)
[04:59:06] [108/445] SAVT
[04:59:08] [109/445] GEPL
[04:59:08] [110/445] AMCD
[04:59:09] [111/445] CCXR
[04:59:10] [112/445] GRNG
[04:59:11] [113/445] EBCA
[04:59:12] [114/445] CNVG
[04:59:12] [115/445] MWSS
[04:59:13] [116/445] VBOR
[04:59:14] [117/445] NEEB
[04:59:15] 🔄 Identity reset
[04:59:15] 🔄 Identity rotated (every 10 requests)
[04:59:16] [118/445] SUTH
[04:59:17] [119/445] ANDB
[04:59:17] [120/445] MMXS
[04:59:18] [121/445] CNPD
[04:59:19] [122/445] SDCE
[04:59:21] [123/445] DHCB
[04:59:22] [124/445] ODEN
[04:59:22] [125/445] TNTC
[04:59:23] [126/445] VBKM
[04:59:24] [127/445] RZYM
[04:59:25] 🔄 Identity reset
[04:59:25] 🔄 Identity rotated (every 10 requests)
[04:59:26] [128/445] JEMC
[04:59:27] [129/445] CMAU
[04:59:28] [130/445] SIVP
[04:59:28] [131/445] ATAG
[04:59:29] [132/445] CHTM
[04:59:31] [133/445] AAEE
[04:59:32] [134/445] IWPM
[04:59:33] [135/445] KCMW
[04:59:34] [136/445] MCTD
[04:59:35] [137/445] SPWR
[04:59:35] 🔄 Identity reset
[04:59:35] 🔄 Identity rotated (every 10 requests)
[04:59:36] [138/445] SDPO
[04:59:36] [139/445] PCSK
[04:59:38] [140/445] ACHV
[04:59:39] [141/445] SVLA
[04:59:40] [142/445] PICT
[04:59:41] [143/445] BXDR
[04:59:42] [144/445] SPWA
[04:59:43] [145/445] MCKO
[04:59:44] [146/445] RTHK
[04:59:46] [147/445] CCMF
[04:59:46] 🔄 Identity reset
[04:59:46] 🔄 Identity rotated (every 10 requests)
[04:59:46] [148/445] MRGB
[04:59:47] [149/445] CPLC
[04:59:48] [150/445] RACD
[04:59:50] [151/445] ATKT
[04:59:51] [152/445] SARN
[04:59:52] [153/445] KKUI
[04:59:53] [154/445] RGCM
[04:59:53] [155/445] BRVP
[04:59:54] [156/445] HRSR
[04:59:55] [157/445] GKGM
[04:59:56] 🔄 Identity reset
[04:59:56] 🔄 Identity rotated (every 10 requests)
[04:59:57] [158/445] TTCD
[04:59:58] [159/445] PTTI
[04:59:59] [160/445] MPTT
[04:59:59] [161/445] CVTT
[05:00:00] [162/445] PCXD
[05:00:01] [163/445] GCDC
[05:00:02] [164/445] CCCF
[05:00:03] [165/445] MRAD
[05:00:04] [166/445] CPLK
[05:00:05] [167/445] SATB
[05:00:05] 🔄 Identity reset
[05:00:05] 🔄 Identity rotated (every 10 requests)
[05:00:05] 🔄 Retry 1/5 for SATB in 2.2s
[05:00:05] 🔄 Identity reset
[05:00:08] 🧠 New identity created
[05:00:08] [168/445] SNVG
[05:00:09] [169/445] JMBA
[05:00:10] [170/445] TEJA
[05:00:10] [171/445] STYO
[05:00:11] [172/445] JTBP
[05:00:12] [173/445] KRGD
[05:00:14] [174/445] SLJJ
[05:00:15] [175/445] SPTJ
[05:00:15] [176/445] SWJG
[05:00:16] 🔄 Identity reset
[05:00:16] 🔄 Identity rotated (every 10 requests)
[05:00:16] [177/445] LKRT
[05:00:17] [178/445] KCKA
[05:00:19] [179/445] SNCR
[05:00:19] [180/445] SMKL
[05:00:21] [181/445] GCFA
[05:00:21] [182/445] DDCK
[05:00:22] [183/445] NCHJ
[05:00:23] [184/445] RDMA
[05:00:24] [185/445] SVSV
[05:00:25] [186/445] SCJG
[05:00:25] 🔄 Identity reset
[05:00:25] 🔄 Identity rotated (every 10 requests)
[05:00:26] [187/445] VKLP
[05:00:27] [188/445] NWCC
[05:00:28] [189/445] VKNS
[05:00:29] [190/445] SDDP
[05:00:30] [191/445] ACSI
[05:00:31] [192/445] SATG
[05:00:31] [193/445] SCMW
[05:00:32] [194/445] LKTK
[05:00:34] [195/445] VCKV
[05:00:35] [196/445] KKPE
[05:00:35] 🔄 Identity reset
[05:00:35] 🔄 Identity rotated (every 10 requests)
[05:00:36] [197/445] KIGH
[05:00:37] [198/445] SRPM
[05:00:38] [199/445] SCAH
[05:00:38] [200/445] MUTA
[05:00:39] [201/445] SEPU
[05:00:41] [202/445] INOA
[05:00:41] [203/445] BASK
[05:00:42] [204/445] NECB
[05:00:43] [205/445] GTTG
[05:00:44] [206/445] ASSA
[05:00:44] 🔄 Identity reset
[05:00:44] 🔄 Identity rotated (every 10 requests)
[05:00:45] [207/445] ANCL
[05:00:46] [208/445] GCTI
[05:00:46] [209/445] RCTS
[05:00:47] [210/445] ACNL
[05:00:48] [211/445] MYCT
[05:00:49] [212/445] NMHT
[05:00:50] [213/445] MDIT
[05:00:51] [214/445] LATG
[05:00:51] [215/445] SMTY
[05:00:52] [216/445] CVCT
[05:00:53] 🔄 Identity reset
[05:00:53] 🔄 Identity rotated (every 10 requests)
[05:00:53] [217/445] RAMB
[05:00:54] [218/445] TGMS
[05:00:54] [219/445] BHEL
[05:00:55] [220/445] SHCT
[05:00:56] [221/445] SVCT
[05:00:57] [222/445] MRIY
[05:00:58] [223/445] SARO
[05:00:59] [224/445] STCT
[05:01:00] [225/445] JKKC
[05:01:01] [226/445] PLTT
[05:01:01] 🔄 Identity reset
[05:01:01] 🔄 Identity rotated (every 10 requests)
[05:01:02] [227/445] SRNT
[05:01:02] [228/445] YAST
[05:01:03] [229/445] PERL
[05:01:04] [230/445] CICM
[05:01:05] [231/445] MMTR
[05:01:06] [232/445] ABTK
[05:01:06] [233/445] ATYY
[05:01:07] [234/445] ASTK
[05:01:08] [235/445] VVCK
[05:01:09] [236/445] ATKY
[05:01:09] 🔄 Identity reset
[05:01:09] 🔄 Identity rotated (every 10 requests)
[05:01:10] [237/445] GWEK
[05:01:10] [238/445] SVFH
[05:01:11] [239/445] SLTA
[05:01:12] [240/445] AASH
[05:01:13] [241/445] ACXB
[05:01:14] [242/445] SMTX
[05:01:15] [243/445] AZDH
[05:01:16] [244/445] CMMH
[05:01:17] [245/445] SCSZ
[05:01:17] [246/445] SCKP
[05:01:18] 🔄 Identity reset
[05:01:18] 🔄 Identity rotated (every 10 requests)
[05:01:18] [247/445] NXTM
[05:01:19] [248/445] NWCS
[05:01:21] [249/445] CXMH
[05:01:21] [250/445] PCMA
[05:01:22] [251/445] SGCM
[05:01:23] [252/445] SDTU
[05:01:24] [253/445] MMVI
[05:01:25] [254/445] JKCM
[05:01:26] [255/445] VCMM
[05:01:26] [256/445] SYEE
[05:01:27] 🔄 Identity reset
[05:01:27] 🔄 Identity rotated (every 10 requests)
[05:01:27] 🔄 Retry 1/5 for SYEE in 2.2s
[05:01:27] 🔄 Identity reset
[05:01:29] 🧠 New identity created
[05:01:30] [257/445] VASD
[05:01:31] [258/445] BDRB
[05:01:31] [259/445] LASM
[05:01:32] [260/445] DCRL
[05:01:33] [261/445] DVPM
[05:01:34] [262/445] SBMJ
[05:01:35] [263/445] CBMU
[05:01:36] [264/445] IUBS
[05:01:37] [265/445] INAP
[05:01:38] 🔄 Identity reset
[05:01:38] 🔄 Identity rotated (every 10 requests)
[05:01:38] 🔄 Retry 1/5 for INAP in 2.2s
[05:01:38] 🔄 Identity reset
[05:01:40] 🧠 New identity created
[05:01:40] [266/445] SRRC
[05:01:41] [267/445] SAGR
[05:01:42] [268/445] CPMJ
[05:01:43] [269/445] ATJL
[05:01:44] [270/445] NNTD
[05:01:45] [271/445] JHCJ
[05:01:46] [272/445] CMMP
[05:01:48] [273/445] RSDR
[05:01:49] [274/445] AMTI
[05:01:49] 🔄 Identity reset
[05:01:49] 🔄 Identity rotated (every 10 requests)
[05:01:50] [275/445] NYSG
[05:01:51] [276/445] AVSG
[05:01:52] [277/445] SYTP
[05:01:53] [278/445] LARC
[05:01:54] [279/445] RJTP
[05:01:54] [280/445] LAKC
[05:01:55] [281/445] MCXE
[05:01:56] [282/445] CCZC
[05:01:57] [283/445] AVCH
[05:01:58] [284/445] CMBE
[05:01:59] 🔄 Identity reset
[05:01:59] 🔄 Identity rotated (every 10 requests)
[05:01:59] [285/445] MRRC
[05:02:00] [286/445] PCPY
[05:02:01] [287/445] SRMH
[05:02:02] [288/445] SVGS
[05:02:04] [289/445] PCSE
[05:02:05] [290/445] SVFT
[05:02:05] [291/445] TNZP
[05:02:06] [292/445] ICTP
[05:02:07] [293/445] ACTZ
[05:02:08] [294/445] GTUR
[05:02:09] 🔄 Identity reset
[05:02:09] 🔄 Identity rotated (every 10 requests)
[05:02:09] [295/445] MAFC
[05:02:10] [296/445] MINL
[05:02:12] [297/445] MRCL
[05:02:12] [298/445] RCRP
[05:02:13] [299/445] RFFG
[05:02:14] [300/445] RMAS
[05:02:15] [301/445] INVR
[05:02:16] [302/445] RMAR
[05:02:17] [303/445] CNIS
[05:02:17] [304/445] RHRJ
[05:02:18] 🔄 Identity reset
[05:02:18] 🔄 Identity rotated (every 10 requests)
[05:02:18] 🔄 Retry 1/5 for RHRJ in 2.9s
[05:02:18] 🔄 Identity reset
[05:02:21] 🧠 New identity created
[05:02:21] [305/445] INXR
[05:02:23] [306/445] VALT
[05:02:24] [307/445] LCSH
[05:02:25] [308/445] CMVS
[05:02:26] [309/445] CNMS
[05:02:27] [310/445] ROOG
[05:02:28] [311/445] ISRM
[05:02:29] [312/445] RCRM
[05:02:30] [313/445] ACJA
[05:02:30] 🔄 Identity reset
[05:02:30] 🔄 Identity rotated (every 10 requests)
[05:02:31] [314/445] RCVS
[05:02:32] [315/445] CPUS
[05:02:32] [316/445] TGCS
[05:02:33] [317/445] RKCJ
[05:02:35] [318/445] MKSB
[05:02:35] [319/445] TCSJ
[05:02:36] [320/445] RMGP
[05:02:37] [321/445] CLLP
[05:02:38] [322/445] RCMV
[05:02:39] [323/445] CCKS
[05:02:40] 🔄 Identity reset
[05:02:40] 🔄 Identity rotated (every 10 requests)
[05:02:40] [324/445] RSRP
[05:02:41] [325/445] APLP
[05:02:42] [326/445] CNVS
[05:02:42] [327/445] RMVY
[05:02:43] [328/445] PGBD
[05:02:45] [329/445] KLMS
[05:02:46] [330/445] RUST
[05:02:46] [331/445] MASM
[05:02:47] [332/445] BACS
[05:02:48] [333/445] BWST
[05:02:49] 🔄 Identity reset
[05:02:49] 🔄 Identity rotated (every 10 requests)
[05:02:49] [334/445] RRFH
[05:02:50] [335/445] SJTM
[05:02:51] [336/445] BEMR
[05:02:52] [337/445] MCGR
[05:02:53] [338/445] SDSK
[05:02:53] [339/445] VBOL
[05:02:54] [340/445] RMGM
[05:02:55] [341/445] NOPL
[05:02:56] [342/445] MKJK
[05:02:56] [343/445] CVRN
[05:02:57] 🔄 Identity reset
[05:02:57] 🔄 Identity rotated (every 10 requests)
[05:02:57] [344/445] MMEN
[05:02:58] [345/445] AMNG
[05:02:59] [346/445] INTM
[05:03:00] [347/445] SLCZ
[05:03:01] [348/445] AMJN
[05:03:01] [349/445] ACJN
[05:03:02] [350/445] AMKN
[05:03:03] [351/445] BTCN
[05:03:04] [352/445] AMBT
[05:03:05] [353/445] PACN
[05:03:06] 🔄 Identity reset
[05:03:06] 🔄 Identity rotated (every 10 requests)
[05:03:06] [354/445] LCNS
[05:03:07] [355/445] PPKC
[05:03:08] [356/445] JYYN
[05:03:08] [357/445] JTNR
[05:03:09] [358/445] GTEE
[05:03:10] [359/445] SRNM
[05:03:11] [360/445] SDTC
[05:03:12] [361/445] VPCA
[05:03:12] [362/445] VLRA
[05:03:13] [363/445] SHKR
[05:03:14] 🔄 Identity reset
[05:03:14] 🔄 Identity rotated (every 10 requests)
[05:03:14] [364/445] SBKD
[05:03:16] [365/445] SAAD
[05:03:17] [366/445] JTGN
[05:03:17] [367/445] SLAM
[05:03:18] [368/445] VTPM
[05:03:19] [369/445] ANPT
[05:03:20] [370/445] PUNB
[05:03:21] [371/445] CPKT
[05:03:22] [372/445] CNWE
[05:03:23] [373/445] ECPP
[05:03:24] 🔄 Identity reset
[05:03:24] 🔄 Identity rotated (every 10 requests)
[05:03:24] [374/445] CPAR
[05:03:25] [375/445] ESBW
[05:03:26] [376/445] PKPU
[05:03:27] [377/445] CPRP
[05:03:28] [378/445] RAHU
[05:03:29] [379/445] RHMN
[05:03:30] [380/445] FMJP
[05:03:30] [381/445] CTMP
[05:03:31] [382/445] INPN
[05:03:32] [383/445] STTG
[05:03:33] 🔄 Identity reset
[05:03:33] 🔄 Identity rotated (every 10 requests)
[05:03:33] [384/445] CTRD
[05:03:34] [385/445] PUVB
[05:03:35] [386/445] ESVP
[05:03:35] [387/445] CPFT
[05:03:36] [388/445] LCPC
[05:03:37] [389/445] VBCT
[05:03:38] [390/445] FSCW
[05:03:39] [391/445] VCMP
[05:03:40] [392/445] ASHC
[05:03:40] [393/445] VLCX
[05:03:41] 🔄 Identity reset
[05:03:41] 🔄 Identity rotated (every 10 requests)
[05:03:41] [394/445] SHEV
[05:03:42] [395/445] APCO
[05:03:43] [396/445] SILC
[05:03:44] [397/445] SNMR
[05:03:44] [398/445] KYBO
[05:03:45] [399/445] SATK
[05:03:47] [400/445] SSCS
[05:03:48] [401/445] CLSB
[05:03:49] [402/445] KMJR
[05:03:49] [403/445] FSCK
[05:03:50] 🔄 Identity reset
[05:03:50] 🔄 Identity rotated (every 10 requests)
[05:03:50] [404/445] NNKA
[05:03:52] [405/445] CLMK
[05:03:53] [406/445] DMPZ
[05:03:54] [407/445] INQM
[05:03:54] [408/445] CAML
[05:03:55] [409/445] INRK
[05:03:56] [410/445] IMKN
[05:03:57] [411/445] SVNR
[05:03:58] [412/445] INSL
[05:03:59] [413/445] MSMA
[05:03:59] 🔄 Identity reset
[05:03:59] 🔄 Identity rotated (every 10 requests)
[05:04:00] [414/445] MCKK
[05:04:01] [415/445] FCHP
[05:04:01] [416/445] SFCR
[05:04:02] [417/445] NACK
[05:04:03] [418/445] PVAK
[05:04:04] [419/445] INER
[05:04:05] [420/445] RDBK
[05:04:06] [421/445] SVFN
[05:04:06] [422/445] IFRM
[05:04:07] [423/445] ATCK
[05:04:08] 🔄 Identity reset
[05:04:08] 🔄 Identity rotated (every 10 requests)
[05:04:08] [424/445] ASKO
[05:04:09] [425/445] STKT
[05:04:11] [426/445] SVFB
[05:04:12] [427/445] INKS
[05:04:13] [428/445] PCRA
[05:04:14] [429/445] ATJA
[05:04:15] [430/445] IMJN
[05:04:16] [431/445] INHD
[05:04:17] [432/445] BARA
[05:04:18] [433/445] MCSL
[05:04:19] 🔄 Identity reset
[05:04:19] 🔄 Identity rotated (every 10 requests)
[05:04:19] [434/445] RTOY
[05:04:20] [435/445] MENO
[05:04:21] [436/445] PUDM
[05:04:22] [437/445] PRCN
[05:04:23] [438/445] JMJR
[05:04:24] [439/445] SSGK
[05:04:24] [440/445] SSRL
[05:04:25] [441/445] JYKL
[05:04:26] [442/445] ACNB
[05:04:27] [443/445] SONP
[05:04:28] 🔄 Identity reset
[05:04:28] 🔄 Identity rotated (every 10 requests)
[05:04:28] [444/445] EMCI
[05:04:29] [445/445] MRJH
[05:04:29] 🧹 Deduping shows
[05:04:29] ✅ DONE | Shows=18 | Movies=3
[22:06:46] 🚀 SCRIPT STARTED (enhanced anti‑detection)
[22:06:46] [1/445] TGMR
[22:06:46] 🧠 New identity created
[22:06:47] [2/445] CXKR
[22:06:48] [3/445] SROP
[22:06:49] [4/445] GTSV
[22:06:50] [5/445] SNTY
[22:06:51] [6/445] SMYY
[22:06:52] [7/445] CNCS
[22:06:53] [8/445] CSTM
[22:06:54] [9/445] NUCD
[22:06:55] [10/445] SHCZ
[22:06:55] 🔄 Identity reset
[22:06:55] 🔄 Identity rotated (every 10 requests)
[22:06:55] 🔄 Retry 1/5 for SHCZ in 2.5s
[22:06:55] 🔄 Identity reset
[22:06:58] 🧠 New identity created
[22:06:58] 🔄 Retry 2/5 for SHCZ in 4.5s
[22:06:58] 🔄 Identity reset
[22:07:02] 🧠 New identity created
[22:07:03] [11/445] NJCT
[22:07:04] [12/445] COPC
[22:07:05] [13/445] STVV
[22:07:05] [14/445] SKRN
[22:07:06] [15/445] APPZ
[22:07:07] [16/445] YMGN
[22:07:08] [17/445] SVTU
[22:07:09] [18/445] GTAD
[22:07:09] 🔄 Identity reset
[22:07:09] 🔄 Identity rotated (every 10 requests)
[22:07:10] [19/445] PSUS
[22:07:11] [20/445] SMCD
[22:07:12] [21/445] CMCM
[22:07:12] [22/445] SYCT
[22:07:13] [23/445] STLY
[22:07:14] [24/445] CMHU
[22:07:15] [25/445] CMSA
[22:07:16] [26/445] CLCU
[22:07:17] [27/445] PPNT
[22:07:18] [28/445] JTAB
[22:07:18] 🔄 Identity reset
[22:07:18] 🔄 Identity rotated (every 10 requests)
[22:07:18] 🔄 Retry 1/5 for JTAB in 2.5s
[22:07:18] 🔄 Identity reset
[22:07:21] 🧠 New identity created
[22:07:21] 🔄 Retry 2/5 for JTAB in 4.9s
[22:07:21] 🔄 Identity reset
[22:07:26] 🧠 New identity created
[22:07:26] [29/445] BUUC
[22:07:28] [30/445] BSVK
[22:07:28] [31/445] VVVQ
[22:07:29] [32/445] TKMU
[22:07:30] [33/445] ESYL
[22:07:31] [34/445] ACHP
[22:07:32] [35/445] BTKD
[22:07:33] [36/445] DESA
[22:07:33] 🔄 Identity reset
[22:07:33] 🔄 Identity rotated (every 10 requests)
[22:07:34] 🔄 Retry 1/5 for DESA in 2.5s
[22:07:34] 🔄 Identity reset
[22:07:36] 🧠 New identity created
[22:07:37] [37/445] GBCT
[22:07:38] [38/445] BLLD
[22:07:39] [39/445] SKNT
[22:07:40] [40/445] SSTE
[22:07:41] [41/445] VJMR
[22:07:42] [42/445] NTPU
[22:07:43] [43/445] RDKN
[22:07:44] [44/445] ADGC
[22:07:45] [45/445] VRBP
[22:07:46] 🔄 Identity reset
[22:07:46] 🔄 Identity rotated (every 10 requests)
[22:07:46] 🔄 Retry 1/5 for VRBP in 2.6s
[22:07:46] 🔄 Identity reset
[22:07:48] 🧠 New identity created
[22:07:48] 🔄 Retry 2/5 for VRBP in 4.8s
[22:07:48] 🔄 Identity reset
[22:07:53] 🧠 New identity created
[22:07:53] 🔄 Retry 3/5 for VRBP in 8.3s
[22:07:53] 🔄 Identity reset
[22:08:01] 🧠 New identity created
[22:08:02] [46/445] NMNA
[22:08:03] [47/445] CMMX
[22:08:04] [48/445] PTKO
[22:08:04] [49/445] RBML
[22:08:05] [50/445] SAIC
[22:08:06] [51/445] SVTJ
[22:08:07] [52/445] MRTE
[22:08:08] 🔄 Identity reset
[22:08:08] 🔄 Identity rotated (every 10 requests)
[22:08:08] [53/445] RBTP
[22:08:09] [54/445] NLPS
[22:08:10] [55/445] GTNA
[22:08:11] [56/445] DGGC
[22:08:12] [57/445] SMCR
[22:08:12] [58/445] SCGD
[22:08:13] [59/445] SRRJ
[22:08:14] [60/445] CNRY
[22:08:16] [61/445] KTDI
[22:08:17] [62/445] SNJL
[22:08:17] 🔄 Identity reset
[22:08:17] 🔄 Identity rotated (every 10 requests)
[22:08:17] 🔄 Retry 1/5 for SNJL in 3.0s
[22:08:17] 🔄 Identity reset
[22:08:20] 🧠 New identity created
[22:08:20] 🔄 Retry 2/5 for SNJL in 4.7s
[22:08:20] 🔄 Identity reset
[22:08:25] 🧠 New identity created
[22:08:25] 🔄 Retry 3/5 for SNJL in 8.8s
[22:08:25] 🔄 Identity reset
[22:08:34] 🧠 New identity created
[22:08:34] 🔄 Retry 4/5 for SNJL in 16.3s
[22:08:34] 🔄 Identity reset
[22:08:50] 🧠 New identity created
[22:08:50] ❌ SNJL failed after 5 attempts
[22:08:50] 🔄 Identity reset
[22:08:50] ❌ SNJL final failure | RuntimeError | HTTP 403
[22:08:50] [63/445] RKMD
[22:08:51] 🧠 New identity created
[22:08:52] [64/445] SMDC
[22:08:53] [65/445] TADG
[22:08:53] [66/445] MCGS
[22:08:54] [67/445] PETK
[22:08:55] [68/445] CHAG
[22:08:56] 🔄 Identity reset
[22:08:56] 🔄 Identity rotated (every 10 requests)
[22:08:56] 🔄 Retry 1/5 for CHAG in 3.0s
[22:08:56] 🔄 Identity reset
[22:08:59] 🧠 New identity created
[22:08:59] 🔄 Retry 2/5 for CHAG in 4.5s
[22:08:59] 🔄 Identity reset
[22:09:03] 🧠 New identity created
[22:09:03] 🔄 Retry 3/5 for CHAG in 8.5s
[22:09:03] 🔄 Identity reset
[22:09:12] 🧠 New identity created
[22:09:12] 🔄 Retry 4/5 for CHAG in 16.4s
[22:09:12] 🔄 Identity reset
[22:09:28] 🧠 New identity created
[22:09:29] [69/445] KSTL
[22:09:31] [70/445] AADS
[22:09:32] [71/445] NTHZ
[22:09:33] [72/445] HCKI
[22:09:34] [73/445] SSEF
[22:09:35] [74/445] MCGX
[22:09:36] 🔄 Identity reset
[22:09:36] 🔄 Identity rotated (every 10 requests)
[22:09:36] 🔄 Retry 1/5 for MCGX in 2.5s
[22:09:36] 🔄 Identity reset
[22:09:38] 🧠 New identity created
[22:09:39] [75/445] ERRA
[22:09:40] [76/445] SDTW
[22:09:40] [77/445] RMPK
[22:09:41] [78/445] PTHK
[22:09:42] [79/445] PXCS
[22:09:44] [80/445] SVLU
[22:09:45] [81/445] STAH
[22:09:46] [82/445] JRGF
[22:09:47] [83/445] CDOK
[22:09:47] 🔄 Identity reset
[22:09:47] 🔄 Identity rotated (every 10 requests)
[22:09:47] 🔄 Retry 1/5 for CDOK in 2.3s
[22:09:47] 🔄 Identity reset
[22:09:50] 🧠 New identity created
[22:09:50] 🔄 Retry 2/5 for CDOK in 4.8s
[22:09:50] 🔄 Identity reset
[22:09:54] 🧠 New identity created
[22:09:54] 🔄 Retry 3/5 for CDOK in 8.3s
[22:09:54] 🔄 Identity reset
[22:10:03] 🧠 New identity created
[22:10:03] 🔄 Retry 4/5 for CDOK in 16.0s
[22:10:03] 🔄 Identity reset
[22:10:19] 🧠 New identity created
[22:10:19] [84/445] CMSG
[22:10:20] [85/445] APTD
[22:10:22] [86/445] KMPG
[22:10:22] [87/445] MUTJ
[22:10:23] [88/445] VCCI
[22:10:24] [89/445] URBE
[22:10:25] 🔄 Identity reset
[22:10:25] 🔄 Identity rotated (every 10 requests)
[22:10:25] [90/445] TCTS
[22:10:26] [91/445] STSN
[22:10:27] [92/445] AKCH
[22:10:28] [93/445] APSC
[22:10:29] [94/445] VLTB
[22:10:30] [95/445] SANU
[22:10:30] [96/445] AXAM
[22:10:32] [97/445] MGMG
[22:10:33] [98/445] HTBY
[22:10:34] [99/445] MMZS
[22:10:35] 🔄 Identity reset
[22:10:35] 🔄 Identity rotated (every 10 requests)
[22:10:35] 🔄 Retry 1/5 for MMZS in 2.4s
[22:10:35] 🔄 Identity reset
[22:10:37] 🧠 New identity created
[22:10:37] [100/445] SUDR
[22:10:38] [101/445] CCAD
[22:10:39] [102/445] SKKC
[22:10:40] [103/445] RMCD
[22:10:41] [104/445] SBCQ
[22:10:42] [105/445] DCCT
[22:10:43] [106/445] VTKP
[22:10:44] [107/445] MLAM
[22:10:45] [108/445] SAVT
[22:10:45] 🔄 Identity reset
[22:10:45] 🔄 Identity rotated (every 10 requests)
[22:10:46] [109/445] GEPL
[22:10:47] [110/445] AMCD
[22:10:48] [111/445] CCXR
[22:10:49] [112/445] GRNG
[22:10:50] [113/445] EBCA
[22:10:51] [114/445] CNVG
[22:10:52] [115/445] MWSS
[22:10:53] [116/445] VBOR
[22:10:54] [117/445] NEEB
[22:10:55] [118/445] SUTH
[22:10:55] 🔄 Identity reset
[22:10:55] 🔄 Identity rotated (every 10 requests)
[22:10:56] [119/445] ANDB
[22:10:57] [120/445] MMXS
[22:10:58] [121/445] CNPD
[22:10:58] [122/445] SDCE
[22:10:59] [123/445] DHCB
[22:11:00] [124/445] ODEN
[22:11:01] [125/445] TNTC
[22:11:03] [126/445] VBKM
[22:11:04] [127/445] RZYM
[22:11:05] [128/445] JEMC
[22:11:05] 🔄 Identity reset
[22:11:05] 🔄 Identity rotated (every 10 requests)
[22:11:05] 🔄 Retry 1/5 for JEMC in 2.0s
[22:11:05] 🔄 Identity reset
[22:11:07] 🧠 New identity created
[22:11:08] [129/445] CMAU
[22:11:09] [130/445] SIVP
[22:11:10] [131/445] ATAG
[22:11:11] [132/445] CHTM
[22:11:12] [133/445] AAEE
[22:11:13] [134/445] IWPM
[22:11:13] [135/445] KCMW
[22:11:14] [136/445] MCTD
[22:11:15] [137/445] SPWR
[22:11:16] 🔄 Identity reset
[22:11:16] 🔄 Identity rotated (every 10 requests)
[22:11:16] [138/445] SDPO
[22:11:17] [139/445] PCSK
[22:11:18] [140/445] ACHV
[22:11:19] [141/445] SVLA
[22:11:20] [142/445] PICT
[22:11:21] [143/445] BXDR
[22:11:22] [144/445] SPWA
[22:11:23] [145/445] MCKO
[22:11:24] [146/445] RTHK
[22:11:24] [147/445] CCMF
[22:11:25] 🔄 Identity reset
[22:11:25] 🔄 Identity rotated (every 10 requests)
[22:11:26] [148/445] MRGB
[22:11:28] [149/445] CPLC
[22:11:30] [150/445] RACD
[22:11:30] [151/445] ATKT
[22:11:31] [152/445] SARN
[22:11:32] [153/445] KKUI
[22:11:33] [154/445] RGCM
[22:11:34] [155/445] BRVP
[22:11:35] [156/445] HRSR
[22:11:36] [157/445] GKGM
[22:11:37] 🔄 Identity reset
[22:11:37] 🔄 Identity rotated (every 10 requests)
[22:11:37] 🔄 Retry 1/5 for GKGM in 2.6s
[22:11:37] 🔄 Identity reset
[22:11:39] 🧠 New identity created
[22:11:39] 🔄 Retry 2/5 for GKGM in 4.7s
[22:11:39] 🔄 Identity reset
[22:11:44] 🧠 New identity created
[22:11:45] [158/445] TTCD
[22:11:46] [159/445] PTTI
[22:11:47] [160/445] MPTT
[22:11:48] [161/445] CVTT
[22:11:48] [162/445] PCXD
[22:11:49] [163/445] GCDC
[22:11:50] [164/445] CCCF
[22:11:51] [165/445] MRAD
[22:11:52] 🔄 Identity reset
[22:11:52] 🔄 Identity rotated (every 10 requests)
[22:11:52] [166/445] CPLK
[22:11:53] [167/445] SATB
[22:11:54] [168/445] SNVG
[22:11:55] [169/445] JMBA
[22:11:56] [170/445] TEJA
[22:11:57] [171/445] STYO
[22:11:58] [172/445] JTBP
[22:11:59] [173/445] KRGD
[22:11:59] [174/445] SLJJ
[22:12:00] [175/445] SPTJ
[22:12:01] 🔄 Identity reset
[22:12:01] 🔄 Identity rotated (every 10 requests)
[22:12:01] 🔄 Retry 1/5 for SPTJ in 2.6s
[22:12:01] 🔄 Identity reset
[22:12:04] 🧠 New identity created
[22:12:04] [176/445] SWJG
[22:12:06] [177/445] LKRT
[22:12:07] [178/445] KCKA
[22:12:08] [179/445] SNCR
[22:12:08] [180/445] SMKL
[22:12:09] [181/445] GCFA
[22:12:10] [182/445] DDCK
[22:12:11] [183/445] NCHJ
[22:12:12] [184/445] RDMA
[22:12:13] 🔄 Identity reset
[22:12:13] 🔄 Identity rotated (every 10 requests)
[22:12:13] [185/445] SVSV
[22:12:14] [186/445] SCJG
[22:12:15] [187/445] VKLP
[22:12:16] [188/445] NWCC
[22:12:16] [189/445] VKNS
[22:12:18] [190/445] SDDP
[22:12:20] [191/445] ACSI
[22:12:21] [192/445] SATG
[22:12:21] [193/445] SCMW
[22:12:22] [194/445] LKTK
[22:12:23] 🔄 Identity reset
[22:12:23] 🔄 Identity rotated (every 10 requests)
[22:12:23] [195/445] VCKV
[22:12:24] [196/445] KKPE
[22:12:25] [197/445] KIGH
[22:12:26] [198/445] SRPM
[22:12:27] [199/445] SCAH
[22:12:28] [200/445] MUTA
[22:12:29] [201/445] SEPU
[22:12:30] [202/445] INOA
[22:12:32] [203/445] BASK
[22:12:33] [204/445] NECB
[22:12:34] 🔄 Identity reset
[22:12:34] 🔄 Identity rotated (every 10 requests)
[22:12:34] 🔄 Retry 1/5 for NECB in 2.1s
[22:12:34] 🔄 Identity reset
[22:12:36] 🧠 New identity created
[22:12:36] 🔄 Retry 2/5 for NECB in 4.5s
[22:12:36] 🔄 Identity reset
[22:12:40] 🧠 New identity created
[22:12:41] [205/445] GTTG
[22:12:41] [206/445] ASSA
[22:12:42] [207/445] ANCL
[22:12:43] [208/445] GCTI
[22:12:44] [209/445] RCTS
[22:12:45] [210/445] ACNL
[22:12:46] [211/445] MYCT
[22:12:47] [212/445] NMHT
[22:12:48] 🔄 Identity reset
[22:12:48] 🔄 Identity rotated (every 10 requests)
[22:12:49] [213/445] MDIT
[22:12:50] [214/445] LATG
[22:12:50] [215/445] SMTY
[22:12:51] [216/445] CVCT
[22:12:52] [217/445] RAMB
[22:12:54] [218/445] TGMS
[22:12:55] [219/445] BHEL
[22:12:55] [220/445] SHCT
[22:12:56] [221/445] SVCT
[22:12:58] [222/445] MRIY
[22:12:59] 🔄 Identity reset
[22:12:59] 🔄 Identity rotated (every 10 requests)
[22:12:59] [223/445] SARO
[22:13:00] [224/445] STCT
[22:13:01] [225/445] JKKC
[22:13:02] [226/445] PLTT
[22:13:04] [227/445] SRNT
[22:13:04] [228/445] YAST
[22:13:05] [229/445] PERL
[22:13:06] [230/445] CICM
[22:13:07] [231/445] MMTR
[22:13:08] [232/445] ABTK
[22:13:08] 🔄 Identity reset
[22:13:08] 🔄 Identity rotated (every 10 requests)
[22:13:09] [233/445] ATYY
[22:13:10] [234/445] ASTK
[22:13:11] [235/445] VVCK
[22:13:12] [236/445] ATKY
[22:13:12] [237/445] GWEK
[22:13:14] [238/445] SVFH
[22:13:14] [239/445] SLTA
[22:13:15] [240/445] AASH
[22:13:16] [241/445] ACXB
[22:13:17] [242/445] SMTX
[22:13:17] 🔄 Identity reset
[22:13:17] 🔄 Identity rotated (every 10 requests)
[22:13:17] 🔄 Retry 1/5 for SMTX in 2.2s
[22:13:17] 🔄 Identity reset
[22:13:20] 🧠 New identity created
[22:13:21] [243/445] AZDH
[22:13:22] [244/445] CMMH
[22:13:22] [245/445] SCSZ
[22:13:24] [246/445] SCKP
[22:13:24] [247/445] NXTM
[22:13:25] [248/445] NWCS
[22:13:26] [249/445] CXMH
[22:13:27] [250/445] PCMA
[22:13:28] [251/445] SGCM
[22:13:29] 🔄 Identity reset
[22:13:29] 🔄 Identity rotated (every 10 requests)
[22:13:29] [252/445] SDTU
[22:13:30] [253/445] MMVI
[22:13:32] [254/445] JKCM
[22:13:33] [255/445] VCMM
[22:13:34] [256/445] SYEE
[22:13:35] [257/445] VASD
[22:13:36] [258/445] BDRB
[22:13:37] [259/445] LASM
[22:13:38] [260/445] DCRL
[22:13:39] [261/445] DVPM
[22:13:39] 🔄 Identity reset
[22:13:39] 🔄 Identity rotated (every 10 requests)
[22:13:40] [262/445] SBMJ
[22:13:40] [263/445] CBMU
[22:13:41] [264/445] IUBS
[22:13:42] [265/445] INAP
[22:13:43] [266/445] SRRC
[22:13:44] [267/445] SAGR
[22:13:45] [268/445] CPMJ
[22:13:46] [269/445] ATJL
[22:13:47] [270/445] NNTD
[22:13:48] [271/445] JHCJ
[22:13:48] 🔄 Identity reset
[22:13:48] 🔄 Identity rotated (every 10 requests)
[22:13:49] 🔄 Retry 1/5 for JHCJ in 2.0s
[22:13:49] 🔄 Identity reset
[22:13:51] 🧠 New identity created
[22:13:51] [272/445] CMMP
[22:13:52] [273/445] RSDR
[22:13:53] [274/445] AMTI
[22:13:54] [275/445] NYSG
[22:13:55] [276/445] AVSG
[22:13:55] [277/445] SYTP
[22:13:56] [278/445] LARC
[22:13:57] [279/445] RJTP
[22:13:58] [280/445] LAKC
[22:13:59] 🔄 Identity reset
[22:13:59] 🔄 Identity rotated (every 10 requests)
[22:13:59] 🔄 Retry 1/5 for LAKC in 2.2s
[22:13:59] 🔄 Identity reset
[22:14:01] 🧠 New identity created
[22:14:01] [281/445] MCXE
[22:14:02] [282/445] CCZC
[22:14:03] [283/445] AVCH
[22:14:04] [284/445] CMBE
[22:14:05] [285/445] MRRC
[22:14:05] [286/445] PCPY
[22:14:06] [287/445] SRMH
[22:14:07] [288/445] SVGS
[22:14:08] [289/445] PCSE
[22:14:09] 🔄 Identity reset
[22:14:09] 🔄 Identity rotated (every 10 requests)
[22:14:09] [290/445] SVFT
[22:14:10] [291/445] TNZP
[22:14:11] [292/445] ICTP
[22:14:12] [293/445] ACTZ
[22:14:13] [294/445] GTUR
[22:14:14] [295/445] MAFC
[22:14:15] [296/445] MINL
[22:14:16] [297/445] MRCL
[22:14:17] [298/445] RCRP
[22:14:18] [299/445] RFFG
[22:14:18] 🔄 Identity reset
[22:14:18] 🔄 Identity rotated (every 10 requests)
[22:14:18] 🔄 Retry 1/5 for RFFG in 2.1s
[22:14:18] 🔄 Identity reset
[22:14:21] 🧠 New identity created
[22:14:21] 🔄 Retry 2/5 for RFFG in 4.9s
[22:14:21] 🔄 Identity reset
[22:14:25] 🧠 New identity created
[22:14:26] [300/445] RMAS
[22:14:27] [301/445] INVR
[22:14:28] [302/445] RMAR
[22:14:29] [303/445] CNIS
[22:14:30] [304/445] RHRJ
[22:14:31] [305/445] INXR
[22:14:32] [306/445] VALT
[22:14:33] [307/445] LCSH
[22:14:33] 🔄 Identity reset
[22:14:33] 🔄 Identity rotated (every 10 requests)
[22:14:33] 🔄 Retry 1/5 for LCSH in 2.3s
[22:14:33] 🔄 Identity reset
[22:14:36] 🧠 New identity created
[22:14:36] [308/445] CMVS
[22:14:37] [309/445] CNMS
[22:14:38] [310/445] ROOG
[22:14:39] [311/445] ISRM
[22:14:40] [312/445] RCRM
[22:14:41] [313/445] ACJA
[22:14:42] [314/445] RCVS
[22:14:43] [315/445] CPUS
[22:14:44] [316/445] TGCS
[22:14:44] 🔄 Identity reset
[22:14:44] 🔄 Identity rotated (every 10 requests)
[22:14:44] 🔄 Retry 1/5 for TGCS in 2.2s
[22:14:44] 🔄 Identity reset
[22:14:47] 🧠 New identity created
[22:14:48] [317/445] RKCJ
[22:14:48] [318/445] MKSB
[22:14:50] [319/445] TCSJ
[22:14:51] [320/445] RMGP
[22:14:52] [321/445] CLLP
[22:14:53] [322/445] RCMV
[22:14:53] [323/445] CCKS
[22:14:54] [324/445] RSRP
[22:14:55] [325/445] APLP
[22:14:56] 🔄 Identity reset
[22:14:56] 🔄 Identity rotated (every 10 requests)
[22:14:56] 🔄 Retry 1/5 for APLP in 2.0s
[22:14:56] 🔄 Identity reset
[22:14:58] 🧠 New identity created
[22:14:58] 🔄 Retry 2/5 for APLP in 4.5s
[22:14:58] 🔄 Identity reset
[22:15:02] 🧠 New identity created
[22:15:03] [326/445] CNVS
[22:15:04] [327/445] RMVY
[22:15:05] [328/445] PGBD
[22:15:06] [329/445] KLMS
[22:15:07] [330/445] RUST
[22:15:08] [331/445] MASM
[22:15:09] [332/445] BACS
[22:15:10] [333/445] BWST
[22:15:10] 🔄 Identity reset
[22:15:10] 🔄 Identity rotated (every 10 requests)
[22:15:10] 🔄 Retry 1/5 for BWST in 2.9s
[22:15:10] 🔄 Identity reset
[22:15:13] 🧠 New identity created
[22:15:14] [334/445] RRFH
[22:15:15] [335/445] SJTM
[22:15:16] [336/445] BEMR
[22:15:17] [337/445] MCGR
[22:15:18] [338/445] SDSK
[22:15:19] [339/445] VBOL
[22:15:20] [340/445] RMGM
[22:15:21] [341/445] NOPL
[22:15:22] [342/445] MKJK
[22:15:22] 🔄 Identity reset
[22:15:22] 🔄 Identity rotated (every 10 requests)
[22:15:23] [343/445] CVRN
[22:15:24] [344/445] MMEN
[22:15:25] [345/445] AMNG
[22:15:27] [346/445] INTM
[22:15:27] [347/445] SLCZ
[22:15:28] [348/445] AMJN
[22:15:29] [349/445] ACJN
[22:15:30] [350/445] AMKN
[22:15:32] [351/445] BTCN
[22:15:33] [352/445] AMBT
[22:15:33] 🔄 Identity reset
[22:15:33] 🔄 Identity rotated (every 10 requests)
[22:15:33] 🔄 Retry 1/5 for AMBT in 2.8s
[22:15:33] 🔄 Identity reset
[22:15:36] 🧠 New identity created
[22:15:36] [353/445] PACN
[22:15:38] [354/445] LCNS
[22:15:39] [355/445] PPKC
[22:15:40] [356/445] JYYN
[22:15:41] [357/445] JTNR
[22:15:41] [358/445] GTEE
[22:15:42] [359/445] SRNM
[22:15:43] [360/445] SDTC
[22:15:44] [361/445] VPCA
[22:15:44] 🔄 Identity reset
[22:15:44] 🔄 Identity rotated (every 10 requests)
[22:15:45] 🔄 Retry 1/5 for VPCA in 2.8s
[22:15:45] 🔄 Identity reset
[22:15:47] 🧠 New identity created
[22:15:48] [362/445] VLRA
[22:15:49] [363/445] SHKR
[22:15:50] [364/445] SBKD
[22:15:50] [365/445] SAAD
[22:15:51] [366/445] JTGN
[22:15:53] [367/445] SLAM
[22:15:55] [368/445] VTPM
[22:15:56] [369/445] ANPT
[22:15:57] [370/445] PUNB
[22:15:57] 🔄 Identity reset
[22:15:57] 🔄 Identity rotated (every 10 requests)
[22:15:57] 🔄 Retry 1/5 for PUNB in 2.8s
[22:15:57] 🔄 Identity reset
[22:16:00] 🧠 New identity created
[22:16:00] 🔄 Retry 2/5 for PUNB in 4.7s
[22:16:00] 🔄 Identity reset
[22:16:05] 🧠 New identity created
[22:16:06] [371/445] CPKT
[22:16:07] [372/445] CNWE
[22:16:08] [373/445] ECPP
[22:16:09] [374/445] CPAR
[22:16:10] [375/445] ESBW
[22:16:11] [376/445] PKPU
[22:16:12] [377/445] CPRP
[22:16:13] [378/445] RAHU
[22:16:13] 🔄 Identity reset
[22:16:13] 🔄 Identity rotated (every 10 requests)
[22:16:13] 🔄 Retry 1/5 for RAHU in 2.1s
[22:16:13] 🔄 Identity reset
[22:16:15] 🧠 New identity created
[22:16:15] 🔄 Retry 2/5 for RAHU in 4.5s
[22:16:15] 🔄 Identity reset
[22:16:20] 🧠 New identity created
[22:16:20] [379/445] RHMN
[22:16:21] [380/445] FMJP
[22:16:22] [381/445] CTMP
[22:16:23] [382/445] INPN
[22:16:24] [383/445] STTG
[22:16:25] [384/445] CTRD
[22:16:26] [385/445] PUVB
[22:16:27] [386/445] ESVP
[22:16:27] 🔄 Identity reset
[22:16:27] 🔄 Identity rotated (every 10 requests)
[22:16:27] 🔄 Retry 1/5 for ESVP in 2.1s
[22:16:27] 🔄 Identity reset
[22:16:29] 🧠 New identity created
[22:16:29] 🔄 Retry 2/5 for ESVP in 5.0s
[22:16:29] 🔄 Identity reset
[22:16:34] 🧠 New identity created
[22:16:35] [387/445] CPFT
[22:16:36] [388/445] LCPC
[22:16:37] [389/445] VBCT
[22:16:38] [390/445] FSCW
[22:16:39] [391/445] VCMP
[22:16:40] [392/445] ASHC
[22:16:41] [393/445] VLCX
[22:16:42] [394/445] SHEV
[22:16:43] 🔄 Identity reset
[22:16:43] 🔄 Identity rotated (every 10 requests)
[22:16:43] [395/445] APCO
[22:16:44] [396/445] SILC
[22:16:45] [397/445] SNMR
[22:16:46] [398/445] KYBO
[22:16:47] [399/445] SATK
[22:16:48] [400/445] SSCS
[22:16:48] [401/445] CLSB
[22:16:49] [402/445] KMJR
[22:16:50] [403/445] FSCK
[22:16:51] [404/445] NNKA
[22:16:52] 🔄 Identity reset
[22:16:52] 🔄 Identity rotated (every 10 requests)
[22:16:52] [405/445] CLMK
[22:16:53] [406/445] DMPZ
[22:16:55] [407/445] INQM
[22:16:55] [408/445] CAML
[22:16:56] [409/445] INRK
[22:16:57] [410/445] IMKN
[22:16:59] [411/445] SVNR
[22:17:00] [412/445] INSL
[22:17:00] [413/445] MSMA
[22:17:01] [414/445] MCKK
[22:17:02] 🔄 Identity reset
[22:17:02] 🔄 Identity rotated (every 10 requests)
[22:17:02] [415/445] FCHP
[22:17:03] [416/445] SFCR
[22:17:04] [417/445] NACK
[22:17:05] [418/445] PVAK
[22:17:06] [419/445] INER
[22:17:07] [420/445] RDBK
[22:17:08] [421/445] SVFN
[22:17:09] [422/445] IFRM
[22:17:10] [423/445] ATCK
[22:17:11] [424/445] ASKO
[22:17:11] 🔄 Identity reset
[22:17:11] 🔄 Identity rotated (every 10 requests)
[22:17:12] [425/445] STKT
[22:17:13] [426/445] SVFB
[22:17:14] [427/445] INKS
[22:17:15] [428/445] PCRA
[22:17:15] [429/445] ATJA
[22:17:16] [430/445] IMJN
[22:17:17] [431/445] INHD
[22:17:18] [432/445] BARA
[22:17:19] [433/445] MCSL
[22:17:20] [434/445] RTOY
[22:17:20] 🔄 Identity reset
[22:17:20] 🔄 Identity rotated (every 10 requests)
[22:17:21] [435/445] MENO
[22:17:22] [436/445] PUDM
[22:17:23] [437/445] PRCN
[22:17:24] [438/445] JMJR
[22:17:25] [439/445] SSGK
[22:17:26] [440/445] SSRL
[22:17:26] [441/445] JYKL
[22:17:27] [442/445] ACNB
[22:17:28] [443/445] SONP
[22:17:29] [444/445] EMCI
[22:17:29] 🔄 Identity reset
[22:17:29] 🔄 Identity rotated (every 10 requests)
[22:17:29] 🔄 Retry 1/5 for EMCI in 2.9s
[22:17:29] 🔄 Identity reset
[22:17:32] 🧠 New identity created
[22:17:32] 🔄 Retry 2/5 for EMCI in 4.8s
[22:17:32] 🔄 Identity reset
[22:17:37] 🧠 New identity created
[22:17:38] [445/445] MRJH
[22:17:38] 🔁 RETRY ROUND 1 | Remaining: 1
[22:17:38] [RETRY-1] SNJL
[22:17:41] 🧹 Deduping shows
[22:17:41] ✅ DONE | Shows=37 | Movies=6
[18:28:54] 🚀 SCRIPT STARTED (enhanced anti‑detection)
[18:28:54] [1/445] TGMR
[18:28:55] 🧠 New identity created
[18:28:55] [2/445] CXKR
[18:28:56] [3/445] SROP
[18:28:57] [4/445] GTSV
[18:28:58] [5/445] SNTY
[18:28:59] [6/445] SMYY
[18:29:00] [7/445] CNCS
[18:29:00] [8/445] CSTM
[18:29:01] [9/445] NUCD
[18:29:02] [10/445] SHCZ
[18:29:03] 🔄 Identity reset
[18:29:03] 🔄 Identity rotated (every 10 requests)
[18:29:03] 🔄 Retry 1/5 for SHCZ in 2.5s
[18:29:03] 🔄 Identity reset
[18:29:05] 🧠 New identity created
[18:29:06] 🔄 Retry 2/5 for SHCZ in 4.6s
[18:29:06] 🔄 Identity reset
[18:29:10] 🧠 New identity created
[18:29:10] 🔄 Retry 3/5 for SHCZ in 8.8s
[18:29:10] 🔄 Identity reset
[18:29:19] 🧠 New identity created
[18:29:19] 🔄 Retry 4/5 for SHCZ in 16.6s
[18:29:19] 🔄 Identity reset
[18:29:36] 🧠 New identity created
[18:29:36] ❌ SHCZ failed after 5 attempts
[18:29:36] 🔄 Identity reset
[18:29:36] ❌ SHCZ final failure | RuntimeError | HTTP 403
[18:29:36] [11/445] NJCT
[18:29:37] 🧠 New identity created
[18:29:37] 🔄 Retry 1/5 for NJCT in 2.1s
[18:29:37] 🔄 Identity reset
[18:29:39] 🧠 New identity created
[18:29:39] 🔄 Retry 2/5 for NJCT in 4.4s
[18:29:39] 🔄 Identity reset
[18:29:43] 🧠 New identity created
[18:29:44] [12/445] COPC
[18:29:45] [13/445] STVV
[18:29:46] [14/445] SKRN
[18:29:47] 🔄 Identity reset
[18:29:47] 🔄 Identity rotated (every 10 requests)
[18:29:47] 🔄 Retry 1/5 for SKRN in 2.8s
[18:29:47] 🔄 Identity reset
[18:29:50] 🧠 New identity created
[18:29:50] 🔄 Retry 2/5 for SKRN in 4.2s
[18:29:50] 🔄 Identity reset
[18:29:54] 🧠 New identity created
[18:29:55] [15/445] APPZ
[18:29:55] [16/445] YMGN
[18:29:56] [17/445] SVTU
[18:29:57] [18/445] GTAD
[18:29:58] [19/445] PSUS
[18:29:59] [20/445] SMCD
[18:30:00] [21/445] CMCM
[18:30:01] [22/445] SYCT
[18:30:02] 🔄 Identity reset
[18:30:02] 🔄 Identity rotated (every 10 requests)
[18:30:02] [23/445] STLY
[18:30:03] [24/445] CMHU
[18:30:04] [25/445] CMSA
[18:30:05] [26/445] CLCU
[18:30:06] [27/445] PPNT
[18:30:07] [28/445] JTAB
[18:30:08] [29/445] BUUC
[18:30:09] [30/445] BSVK
[18:30:10] [31/445] VVVQ
[18:30:11] [32/445] TKMU
[18:30:12] 🔄 Identity reset
[18:30:12] 🔄 Identity rotated (every 10 requests)
[18:30:13] [33/445] ESYL
[18:30:14] [34/445] ACHP
[18:30:15] [35/445] BTKD
[18:30:16] [36/445] DESA
[18:30:17] [37/445] GBCT
[18:30:18] [38/445] BLLD
[18:30:19] [39/445] SKNT
[18:30:21] [40/445] SSTE
[18:30:22] [41/445] VJMR
[18:30:24] [42/445] NTPU
[18:30:25] 🔄 Identity reset
[18:30:25] 🔄 Identity rotated (every 10 requests)
[18:30:25] [43/445] RDKN
[18:30:26] [44/445] ADGC
[18:30:27] [45/445] VRBP
[18:30:28] [46/445] NMNA
[18:30:29] [47/445] CMMX
[18:30:31] [48/445] PTKO
[18:30:31] [49/445] RBML
[18:30:32] [50/445] SAIC
[18:30:33] [51/445] SVTJ
[18:30:34] [52/445] MRTE
[18:30:35] 🔄 Identity reset
[18:30:35] 🔄 Identity rotated (every 10 requests)
[18:30:36] [53/445] RBTP
[18:30:37] [54/445] NLPS
[18:30:38] [55/445] GTNA
[18:30:40] [56/445] DGGC
[18:30:41] [57/445] SMCR
[18:30:42] [58/445] SCGD
[18:30:43] [59/445] SRRJ
[18:30:45] [60/445] CNRY
[18:30:46] [61/445] KTDI
[18:30:47] [62/445] SNJL
[18:30:48] 🔄 Identity reset
[18:30:48] 🔄 Identity rotated (every 10 requests)
[18:30:48] [63/445] RKMD
[18:30:49] [64/445] SMDC
[18:30:50] [65/445] TADG
[18:30:51] [66/445] MCGS
[18:30:52] [67/445] PETK
[18:30:53] [68/445] CHAG
[18:30:54] [69/445] KSTL
[18:30:55] [70/445] AADS
[18:30:55] [71/445] NTHZ
[18:30:57] [72/445] HCKI
[18:30:57] 🔄 Identity reset
[18:30:57] 🔄 Identity rotated (every 10 requests)
[18:30:58] [73/445] SSEF
[18:30:58] [74/445] MCGX
[18:30:59] [75/445] ERRA
[18:31:00] [76/445] SDTW
[18:31:01] [77/445] RMPK
[18:31:02] [78/445] PTHK
[18:31:04] [79/445] PXCS
[18:31:04] [80/445] SVLU
[18:31:05] [81/445] STAH
[18:31:06] [82/445] JRGF
[18:31:07] 🔄 Identity reset
[18:31:07] 🔄 Identity rotated (every 10 requests)
[18:31:07] 🔄 Retry 1/5 for JRGF in 2.7s
[18:31:07] 🔄 Identity reset
[18:31:10] 🧠 New identity created
[18:31:10] [83/445] CDOK
[18:31:12] [84/445] CMSG
[18:31:13] [85/445] APTD
[18:31:14] [86/445] KMPG
[18:31:14] [87/445] MUTJ
[18:31:16] [88/445] VCCI
[18:31:17] [89/445] URBE
[18:31:18] [90/445] TCTS
[18:31:20] [91/445] STSN
[18:31:21] 🔄 Identity reset
[18:31:21] 🔄 Identity rotated (every 10 requests)
[18:31:21] 🔄 Retry 1/5 for STSN in 2.2s
[18:31:21] 🔄 Identity reset
[18:31:23] 🧠 New identity created
[18:31:23] [92/445] AKCH
[18:31:24] [93/445] APSC
[18:31:25] [94/445] VLTB
[18:31:26] [95/445] SANU
[18:31:27] [96/445] AXAM
[18:31:28] [97/445] MGMG
[18:31:29] [98/445] HTBY
[18:31:30] [99/445] MMZS
[18:31:31] [100/445] SUDR
[18:31:31] 🔄 Identity reset
[18:31:31] 🔄 Identity rotated (every 10 requests)
[18:31:32] [101/445] CCAD
[18:31:32] [102/445] SKKC
[18:31:33] [103/445] RMCD
[18:31:34] [104/445] SBCQ
[18:31:35] [105/445] DCCT
[18:31:36] [106/445] VTKP
[18:31:37] [107/445] MLAM
[18:31:38] [108/445] SAVT
[18:31:39] [109/445] GEPL
[18:31:40] [110/445] AMCD
[18:31:41] 🔄 Identity reset
[18:31:41] 🔄 Identity rotated (every 10 requests)
[18:31:42] [111/445] CCXR
[18:31:43] [112/445] GRNG
[18:31:45] [113/445] EBCA
[18:31:47] [114/445] CNVG
[18:31:47] [115/445] MWSS
[18:31:48] [116/445] VBOR
[18:31:49] [117/445] NEEB
[18:31:50] [118/445] SUTH
[18:31:51] [119/445] ANDB
[18:31:52] [120/445] MMXS
[18:31:53] 🔄 Identity reset
[18:31:53] 🔄 Identity rotated (every 10 requests)
[18:31:54] [121/445] CNPD
[18:31:55] [122/445] SDCE
[18:31:56] [123/445] DHCB
[18:31:57] [124/445] ODEN
[18:31:58] [125/445] TNTC
[18:31:59] [126/445] VBKM
[18:32:01] [127/445] RZYM
[18:32:02] [128/445] JEMC
[18:32:03] [129/445] CMAU
[18:32:04] [130/445] SIVP
[18:32:05] 🔄 Identity reset
[18:32:05] 🔄 Identity rotated (every 10 requests)
[18:32:05] 🔄 Retry 1/5 for SIVP in 2.4s
[18:32:05] 🔄 Identity reset
[18:32:07] 🧠 New identity created
[18:32:08] [131/445] ATAG
[18:32:09] [132/445] CHTM
[18:32:10] [133/445] AAEE
[18:32:11] [134/445] IWPM
[18:32:12] [135/445] KCMW
[18:32:13] [136/445] MCTD
[18:32:14] [137/445] SPWR
[18:32:15] [138/445] SDPO
[18:32:16] [139/445] PCSK
[18:32:16] 🔄 Identity reset
[18:32:16] 🔄 Identity rotated (every 10 requests)
[18:32:16] 🔄 Retry 1/5 for PCSK in 2.3s
[18:32:16] 🔄 Identity reset
[18:32:19] 🧠 New identity created
[18:32:19] 🔄 Retry 2/5 for PCSK in 4.1s
[18:32:19] 🔄 Identity reset
[18:32:23] 🧠 New identity created
[18:32:23] [140/445] ACHV
[18:32:24] [141/445] SVLA
[18:32:26] [142/445] PICT
[18:32:28] [143/445] BXDR
[18:32:29] [144/445] SPWA
[18:32:30] [145/445] MCKO
[18:32:32] [146/445] RTHK
[18:32:33] [147/445] CCMF
[18:32:33] 🔄 Identity reset
[18:32:33] 🔄 Identity rotated (every 10 requests)
[18:32:34] [148/445] MRGB
[18:32:35] [149/445] CPLC
[18:32:35] [150/445] RACD
[18:32:36] [151/445] ATKT
[18:32:38] [152/445] SARN
[18:32:39] [153/445] KKUI
[18:32:40] [154/445] RGCM
[18:32:41] [155/445] BRVP
[18:32:42] [156/445] HRSR
[18:32:43] [157/445] GKGM
[18:32:44] 🔄 Identity reset
[18:32:44] 🔄 Identity rotated (every 10 requests)
[18:32:44] [158/445] TTCD
[18:32:45] [159/445] PTTI
[18:32:46] [160/445] MPTT
[18:32:47] [161/445] CVTT
[18:32:48] [162/445] PCXD
[18:32:49] [163/445] GCDC
[18:32:50] [164/445] CCCF
[18:32:51] [165/445] MRAD
[18:32:52] [166/445] CPLK
[18:32:53] [167/445] SATB
[18:32:54] 🔄 Identity reset
[18:32:54] 🔄 Identity rotated (every 10 requests)
[18:32:54] [168/445] SNVG
[18:32:55] [169/445] JMBA
[18:32:56] [170/445] TEJA
[18:32:57] [171/445] STYO
[18:32:58] [172/445] JTBP
[18:32:59] [173/445] KRGD
[18:33:00] [174/445] SLJJ
[18:33:01] [175/445] SPTJ
[18:33:02] [176/445] SWJG
[18:33:03] [177/445] LKRT
[18:33:03] 🔄 Identity reset
[18:33:03] 🔄 Identity rotated (every 10 requests)
[18:33:04] 🔄 Retry 1/5 for LKRT in 2.0s
[18:33:04] 🔄 Identity reset
[18:33:06] 🧠 New identity created
[18:33:06] 🔄 Retry 2/5 for LKRT in 4.6s
[18:33:06] 🔄 Identity reset
[18:33:10] 🧠 New identity created
[18:33:11] [178/445] KCKA
[18:33:12] [179/445] SNCR
[18:33:13] [180/445] SMKL
[18:33:14] [181/445] GCFA
[18:33:15] [182/445] DDCK
[18:33:16] [183/445] NCHJ
[18:33:17] [184/445] RDMA
[18:33:19] [185/445] SVSV
[18:33:20] 🔄 Identity reset
[18:33:20] 🔄 Identity rotated (every 10 requests)
[18:33:20] [186/445] SCJG
[18:33:21] [187/445] VKLP
[18:33:22] [188/445] NWCC
[18:33:23] [189/445] VKNS
[18:33:24] [190/445] SDDP
[18:33:25] [191/445] ACSI
[18:33:26] [192/445] SATG
[18:33:27] [193/445] SCMW
[18:33:28] [194/445] LKTK
[18:33:29] [195/445] VCKV
[18:33:29] 🔄 Identity reset
[18:33:29] 🔄 Identity rotated (every 10 requests)
[18:33:30] [196/445] KKPE
[18:33:32] [197/445] KIGH
[18:33:32] [198/445] SRPM
[18:33:33] [199/445] SCAH
[18:33:34] [200/445] MUTA
[18:33:35] [201/445] SEPU
[18:33:36] [202/445] INOA
[18:33:37] [203/445] BASK
[18:33:38] [204/445] NECB
[18:33:40] [205/445] GTTG
[18:33:41] 🔄 Identity reset
[18:33:41] 🔄 Identity rotated (every 10 requests)
[18:33:41] [206/445] ASSA
[18:33:42] [207/445] ANCL
[18:33:43] [208/445] GCTI
[18:33:44] [209/445] RCTS
[18:33:45] [210/445] ACNL
[18:33:46] [211/445] MYCT
[18:33:48] [212/445] NMHT
[18:33:48] [213/445] MDIT
[18:33:49] [214/445] LATG
[18:33:50] [215/445] SMTY
[18:33:51] 🔄 Identity reset
[18:33:51] 🔄 Identity rotated (every 10 requests)
[18:33:51] 🔄 Retry 1/5 for SMTY in 3.0s
[18:33:51] 🔄 Identity reset
[18:33:54] 🧠 New identity created
[18:33:55] [216/445] CVCT
[18:33:55] [217/445] RAMB
[18:33:56] [218/445] TGMS
[18:33:57] [219/445] BHEL
[18:33:58] [220/445] SHCT
[18:33:59] [221/445] SVCT
[18:34:00] [222/445] MRIY
[18:34:01] [223/445] SARO
[18:34:02] [224/445] STCT
[18:34:03] 🔄 Identity reset
[18:34:03] 🔄 Identity rotated (every 10 requests)
[18:34:03] 🔄 Retry 1/5 for STCT in 2.7s
[18:34:03] 🔄 Identity reset
[18:34:06] 🧠 New identity created
[18:34:06] 🔄 Retry 2/5 for STCT in 4.2s
[18:34:06] 🔄 Identity reset
[18:34:10] 🧠 New identity created
[18:34:10] [225/445] JKKC
[18:34:12] [226/445] PLTT
[18:34:13] [227/445] SRNT
[18:34:14] [228/445] YAST
[18:34:15] [229/445] PERL
[18:34:16] [230/445] CICM
[18:34:17] [231/445] MMTR
[18:34:18] [232/445] ABTK
[18:34:18] 🔄 Identity reset
[18:34:18] 🔄 Identity rotated (every 10 requests)
[18:34:19] 🔄 Retry 1/5 for ABTK in 2.0s
[18:34:19] 🔄 Identity reset
[18:34:21] 🧠 New identity created
[18:34:21] 🔄 Retry 2/5 for ABTK in 4.6s
[18:34:21] 🔄 Identity reset
[18:34:25] 🧠 New identity created
[18:34:26] [233/445] ATYY
[18:34:27] [234/445] ASTK
[18:34:28] [235/445] VVCK
[18:34:29] [236/445] ATKY
[18:34:30] [237/445] GWEK
[18:34:30] [238/445] SVFH
[18:34:31] [239/445] SLTA
[18:34:32] [240/445] AASH
[18:34:33] 🔄 Identity reset
[18:34:33] 🔄 Identity rotated (every 10 requests)
[18:34:33] [241/445] ACXB
[18:34:34] [242/445] SMTX
[18:34:35] [243/445] AZDH
[18:34:36] [244/445] CMMH
[18:34:37] [245/445] SCSZ
[18:34:38] [246/445] SCKP
[18:34:39] [247/445] NXTM
[18:34:40] [248/445] NWCS
[18:34:41] [249/445] CXMH
[18:34:42] [250/445] PCMA
[18:34:42] 🔄 Identity reset
[18:34:42] 🔄 Identity rotated (every 10 requests)
[18:34:42] [251/445] SGCM
[18:34:43] [252/445] SDTU
[18:34:44] [253/445] MMVI
[18:34:45] [254/445] JKCM
[18:34:46] [255/445] VCMM
[18:34:47] [256/445] SYEE
[18:34:48] [257/445] VASD
[18:34:49] [258/445] BDRB
[18:34:50] [259/445] LASM
[18:34:51] [260/445] DCRL
[18:34:52] 🔄 Identity reset
[18:34:52] 🔄 Identity rotated (every 10 requests)
[18:34:52] [261/445] DVPM
[18:34:54] [262/445] SBMJ
[18:34:55] [263/445] CBMU
[18:34:56] [264/445] IUBS
[18:34:57] [265/445] INAP
[18:34:58] [266/445] SRRC
[18:34:59] [267/445] SAGR
[18:34:59] [268/445] CPMJ
[18:35:00] [269/445] ATJL
[18:35:02] [270/445] NNTD
[18:35:03] 🔄 Identity reset
[18:35:03] 🔄 Identity rotated (every 10 requests)
[18:35:03] [271/445] JHCJ
[18:35:04] [272/445] CMMP
[18:35:05] [273/445] RSDR
[18:35:07] [274/445] AMTI
[18:35:09] [275/445] NYSG
[18:35:10] [276/445] AVSG
[18:35:11] [277/445] SYTP
[18:35:12] [278/445] LARC
[18:35:13] [279/445] RJTP
[18:35:13] [280/445] LAKC
[18:35:14] 🔄 Identity reset
[18:35:14] 🔄 Identity rotated (every 10 requests)
[18:35:14] [281/445] MCXE
[18:35:15] [282/445] CCZC
[18:35:16] [283/445] AVCH
[18:35:17] [284/445] CMBE
[18:35:18] [285/445] MRRC
[18:35:19] [286/445] PCPY
[18:35:20] [287/445] SRMH
[18:35:22] [288/445] SVGS
[18:35:23] [289/445] PCSE
[18:35:24] [290/445] SVFT
[18:35:25] 🔄 Identity reset
[18:35:25] 🔄 Identity rotated (every 10 requests)
[18:35:25] 🔄 Retry 1/5 for SVFT in 2.8s
[18:35:25] 🔄 Identity reset
[18:35:27] 🧠 New identity created
[18:35:28] [291/445] TNZP
[18:35:29] [292/445] ICTP
[18:35:30] [293/445] ACTZ
[18:35:31] [294/445] GTUR
[18:35:32] [295/445] MAFC
[18:35:33] [296/445] MINL
[18:35:34] [297/445] MRCL
[18:35:35] [298/445] RCRP
[18:35:37] [299/445] RFFG
[18:35:37] 🔄 Identity reset
[18:35:37] 🔄 Identity rotated (every 10 requests)
[18:35:38] [300/445] RMAS
[18:35:39] [301/445] INVR
[18:35:40] [302/445] RMAR
[18:35:41] [303/445] CNIS
[18:35:42] [304/445] RHRJ
[18:35:43] [305/445] INXR
[18:35:44] [306/445] VALT
[18:35:45] [307/445] LCSH
[18:35:47] [308/445] CMVS
[18:35:48] [309/445] CNMS
[18:35:49] 🔄 Identity reset
[18:35:49] 🔄 Identity rotated (every 10 requests)
[18:35:49] [310/445] ROOG
[18:35:50] [311/445] ISRM
[18:35:51] [312/445] RCRM
[18:35:52] [313/445] ACJA
[18:35:53] [314/445] RCVS
[18:35:54] [315/445] CPUS
[18:35:55] [316/445] TGCS
[18:35:56] [317/445] RKCJ
[18:35:57] [318/445] MKSB
[18:35:58] [319/445] TCSJ
[18:35:58] 🔄 Identity reset
[18:35:58] 🔄 Identity rotated (every 10 requests)
[18:35:59] [320/445] RMGP
[18:36:00] [321/445] CLLP
[18:36:01] [322/445] RCMV
[18:36:02] [323/445] CCKS
[18:36:03] [324/445] RSRP
[18:36:04] [325/445] APLP
[18:36:05] [326/445] CNVS
[18:36:06] [327/445] RMVY
[18:36:07] [328/445] PGBD
[18:36:08] [329/445] KLMS
[18:36:08] 🔄 Identity reset
[18:36:08] 🔄 Identity rotated (every 10 requests)
[18:36:09] [330/445] RUST
[18:36:10] [331/445] MASM
[18:36:10] [332/445] BACS
[18:36:11] [333/445] BWST
[18:36:12] [334/445] RRFH
[18:36:13] [335/445] SJTM
[18:36:14] [336/445] BEMR
[18:36:15] [337/445] MCGR
[18:36:16] [338/445] SDSK
[18:36:17] [339/445] VBOL
[18:36:17] 🔄 Identity reset
[18:36:17] 🔄 Identity rotated (every 10 requests)
[18:36:18] [340/445] RMGM
[18:36:19] [341/445] NOPL
[18:36:20] [342/445] MKJK
[18:36:21] [343/445] CVRN
[18:36:22] [344/445] MMEN
[18:36:23] [345/445] AMNG
[18:36:24] [346/445] INTM
[18:36:25] [347/445] SLCZ
[18:36:26] [348/445] AMJN
[18:36:27] [349/445] ACJN
[18:36:28] 🔄 Identity reset
[18:36:28] 🔄 Identity rotated (every 10 requests)
[18:36:28] 🔄 Retry 1/5 for ACJN in 2.1s
[18:36:28] 🔄 Identity reset
[18:36:30] 🧠 New identity created
[18:36:30] 🔄 Retry 2/5 for ACJN in 4.8s
[18:36:30] 🔄 Identity reset
[18:36:35] 🧠 New identity created
[18:36:35] [350/445] AMKN
[18:36:36] [351/445] BTCN
[18:36:37] [352/445] AMBT
[18:36:38] [353/445] PACN
[18:36:39] [354/445] LCNS
[18:36:40] [355/445] PPKC
[18:36:41] [356/445] JYYN
[18:36:42] [357/445] JTNR
[18:36:43] 🔄 Identity reset
[18:36:43] 🔄 Identity rotated (every 10 requests)
[18:36:43] [358/445] GTEE
[18:36:44] [359/445] SRNM
[18:36:45] [360/445] SDTC
[18:36:45] [361/445] VPCA
[18:36:46] [362/445] VLRA
[18:36:47] [363/445] SHKR
[18:36:48] [364/445] SBKD
[18:36:49] [365/445] SAAD
[18:36:51] [366/445] JTGN
[18:36:52] [367/445] SLAM
[18:36:52] 🔄 Identity reset
[18:36:52] 🔄 Identity rotated (every 10 requests)
[18:36:52] 🔄 Retry 1/5 for SLAM in 3.0s
[18:36:52] 🔄 Identity reset
[18:36:55] 🧠 New identity created
[18:36:56] 🔄 Retry 2/5 for SLAM in 5.0s
[18:36:56] 🔄 Identity reset
[18:37:01] 🧠 New identity created
[18:37:01] 🔄 Retry 3/5 for SLAM in 8.5s
[18:37:01] 🔄 Identity reset
[18:37:09] 🧠 New identity created
[18:37:10] [368/445] VTPM
[18:37:11] [369/445] ANPT
[18:37:11] [370/445] PUNB
[18:37:12] [371/445] CPKT
[18:37:14] [372/445] CNWE
[18:37:15] [373/445] ECPP
[18:37:16] [374/445] CPAR
[18:37:17] 🔄 Identity reset
[18:37:17] 🔄 Identity rotated (every 10 requests)
[18:37:17] [375/445] ESBW
[18:37:18] [376/445] PKPU
[18:37:19] [377/445] CPRP
[18:37:20] [378/445] RAHU
[18:37:22] [379/445] RHMN
[18:37:23] [380/445] FMJP
[18:37:24] [381/445] CTMP
[18:37:25] [382/445] INPN
[18:37:26] [383/445] STTG
[18:37:27] [384/445] CTRD
[18:37:28] 🔄 Identity reset
[18:37:28] 🔄 Identity rotated (every 10 requests)
[18:37:29] [385/445] PUVB
[18:37:29] [386/445] ESVP
[18:37:30] [387/445] CPFT
[18:37:31] [388/445] LCPC
[18:37:32] [389/445] VBCT
[18:37:33] [390/445] FSCW
[18:37:34] [391/445] VCMP
[18:37:36] [392/445] ASHC
[18:37:36] [393/445] VLCX
[18:37:38] [394/445] SHEV
[18:37:38] 🔄 Identity reset
[18:37:38] 🔄 Identity rotated (every 10 requests)
[18:37:39] [395/445] APCO
[18:37:40] [396/445] SILC
[18:37:41] [397/445] SNMR
[18:37:42] [398/445] KYBO
[18:37:43] [399/445] SATK
[18:37:44] [400/445] SSCS
[18:37:45] [401/445] CLSB
[18:37:46] [402/445] KMJR
[18:37:47] [403/445] FSCK
[18:37:48] [404/445] NNKA
[18:37:49] 🔄 Identity reset
[18:37:49] 🔄 Identity rotated (every 10 requests)
[18:37:49] [405/445] CLMK
[18:37:50] [406/445] DMPZ
[18:37:52] [407/445] INQM
[18:37:53] [408/445] CAML
[18:37:54] [409/445] INRK
[18:37:54] [410/445] IMKN
[18:37:55] [411/445] SVNR
[18:37:56] [412/445] INSL
[18:37:57] [413/445] MSMA
[18:37:58] [414/445] MCKK
[18:37:59] 🔄 Identity reset
[18:37:59] 🔄 Identity rotated (every 10 requests)
[18:37:59] 🔄 Retry 1/5 for MCKK in 2.7s
[18:37:59] 🔄 Identity reset
[18:38:02] 🧠 New identity created
[18:38:02] 🔄 Retry 2/5 for MCKK in 4.4s
[18:38:02] 🔄 Identity reset
[18:38:07] 🧠 New identity created
[18:38:08] [415/445] FCHP
[18:38:09] [416/445] SFCR
[18:38:10] [417/445] NACK
[18:38:11] [418/445] PVAK
[18:38:11] [419/445] INER
[18:38:12] [420/445] RDBK
[18:38:13] [421/445] SVFN
[18:38:14] [422/445] IFRM
[18:38:15] 🔄 Identity reset
[18:38:15] 🔄 Identity rotated (every 10 requests)
[18:38:15] [423/445] ATCK
[18:38:16] [424/445] ASKO
[18:38:17] [425/445] STKT
[18:38:18] [426/445] SVFB
[18:38:19] [427/445] INKS
[18:38:20] [428/445] PCRA
[18:38:22] [429/445] ATJA
[18:38:23] [430/445] IMJN
[18:38:24] [431/445] INHD
[18:38:24] [432/445] BARA
[18:38:25] 🔄 Identity reset
[18:38:25] 🔄 Identity rotated (every 10 requests)
[18:38:25] 🔄 Retry 1/5 for BARA in 2.3s
[18:38:25] 🔄 Identity reset
[18:38:28] 🧠 New identity created
[18:38:28] [433/445] MCSL
[18:38:29] [434/445] RTOY
[18:38:30] [435/445] MENO
[18:38:31] [436/445] PUDM
[18:38:32] [437/445] PRCN
[18:38:33] [438/445] JMJR
[18:38:33] [439/445] SSGK
[18:38:34] [440/445] SSRL
[18:38:35] [441/445] JYKL
[18:38:36] 🔄 Identity reset
[18:38:36] 🔄 Identity rotated (every 10 requests)
[18:38:36] [442/445] ACNB
[18:38:37] [443/445] SONP
[18:38:39] [444/445] EMCI
[18:38:39] [445/445] MRJH
[18:38:41] 🔁 RETRY ROUND 1 | Remaining: 1
[18:38:41] [RETRY-1] SHCZ
[18:38:42] 🧹 Deduping shows
[18:38:42] ✅ DONE | Shows=123 | Movies=9
[03:01:13] 🚀 SCRIPT STARTED (enhanced anti‑detection)
[03:01:13] [1/445] TGMR
[03:01:14] 🧠 New identity created
[03:01:14] 🔄 Retry 1/5 for TGMR in 2.8s
[03:01:14] 🔄 Identity reset
[03:01:17] 🧠 New identity created
[03:01:17] 🔄 Retry 2/5 for TGMR in 4.1s
[03:01:17] 🔄 Identity reset
[03:01:21] 🧠 New identity created
[03:01:21] 🔄 Retry 3/5 for TGMR in 8.4s
[03:01:21] 🔄 Identity reset
[03:01:29] 🧠 New identity created
[03:01:29] 🔄 Retry 4/5 for TGMR in 16.9s
[03:01:29] 🔄 Identity reset
[03:01:46] 🧠 New identity created
[03:01:46] ❌ TGMR failed after 5 attempts
[03:01:46] 🔄 Identity reset
[03:01:46] ❌ TGMR final failure | RuntimeError | HTTP 403
[03:01:46] [2/445] CXKR
[03:01:47] 🧠 New identity created
[03:01:47] [3/445] SROP
[03:01:48] [4/445] GTSV
[03:01:50] [5/445] SNTY
[03:01:51] [6/445] SMYY
[03:01:51] 🔄 Identity reset
[03:01:51] 🔄 Identity rotated (every 10 requests)
[03:01:51] 🔄 Retry 1/5 for SMYY in 2.2s
[03:01:51] 🔄 Identity reset
[03:01:54] 🧠 New identity created
[03:01:54] [7/445] CNCS
[03:01:55] [8/445] CSTM
[03:01:55] [9/445] NUCD
[03:01:56] [10/445] SHCZ
[03:01:57] [11/445] NJCT
[03:01:58] [12/445] COPC
[03:01:59] [13/445] STVV
[03:02:00] [14/445] SKRN
[03:02:01] [15/445] APPZ
[03:02:01] 🔄 Identity reset
[03:02:01] 🔄 Identity rotated (every 10 requests)
[03:02:01] 🔄 Retry 1/5 for APPZ in 2.8s
[03:02:01] 🔄 Identity reset
[03:02:04] 🧠 New identity created
[03:02:04] 🔄 Retry 2/5 for APPZ in 4.3s
[03:02:04] 🔄 Identity reset
[03:02:08] 🧠 New identity created
[03:02:09] [16/445] YMGN
[03:02:10] [17/445] SVTU
[03:02:10] [18/445] GTAD
[03:02:11] [19/445] PSUS
[03:02:12] [20/445] SMCD
[03:02:13] [21/445] CMCM
[03:02:13] [22/445] SYCT
[03:02:14] [23/445] STLY
[03:02:15] 🔄 Identity reset
[03:02:15] 🔄 Identity rotated (every 10 requests)
[03:02:15] [24/445] CMHU
[03:02:16] [25/445] CMSA
[03:02:17] [26/445] CLCU
[03:02:18] [27/445] PPNT
[03:02:19] [28/445] JTAB
[03:02:19] [29/445] BUUC
[03:02:20] [30/445] BSVK
[03:02:21] [31/445] VVVQ
[03:02:22] [32/445] TKMU
[03:02:23] [33/445] ESYL
[03:02:23] 🔄 Identity reset
[03:02:23] 🔄 Identity rotated (every 10 requests)
[03:02:24] [34/445] ACHP
[03:02:25] [35/445] BTKD
[03:02:25] [36/445] DESA
[03:02:26] [37/445] GBCT
[03:02:28] [38/445] BLLD
[03:02:29] [39/445] SKNT
[03:02:30] [40/445] SSTE
[03:02:31] [41/445] VJMR
[03:02:32] [42/445] NTPU
[03:02:33] [43/445] RDKN
[03:02:33] 🔄 Identity reset
[03:02:34] 🔄 Identity rotated (every 10 requests)
[03:02:34] [44/445] ADGC
[03:02:35] [45/445] VRBP
[03:02:35] [46/445] NMNA
[03:02:36] [47/445] CMMX
[03:02:37] [48/445] PTKO
[03:02:38] [49/445] RBML
[03:02:39] [50/445] SAIC
[03:02:39] [51/445] SVTJ
[03:02:40] [52/445] MRTE
[03:02:41] [53/445] RBTP
[03:02:42] 🔄 Identity reset
[03:02:42] 🔄 Identity rotated (every 10 requests)
[03:02:42] [54/445] NLPS
[03:02:43] [55/445] GTNA
[03:02:43] [56/445] DGGC
[03:02:44] [57/445] SMCR
[03:02:45] [58/445] SCGD
[03:02:46] [59/445] SRRJ
[03:02:47] [60/445] CNRY
[03:02:48] [61/445] KTDI
[03:02:49] [62/445] SNJL
[03:02:50] [63/445] RKMD
[03:02:50] 🔄 Identity reset
[03:02:50] 🔄 Identity rotated (every 10 requests)
[03:02:50] [64/445] SMDC
[03:02:51] [65/445] TADG
[03:02:52] [66/445] MCGS
[03:02:53] [67/445] PETK
[03:02:54] [68/445] CHAG
[03:02:55] [69/445] KSTL
[03:02:56] [70/445] AADS
[03:02:56] [71/445] NTHZ
[03:02:57] [72/445] HCKI
[03:02:58] [73/445] SSEF
[03:02:59] 🔄 Identity reset
[03:02:59] 🔄 Identity rotated (every 10 requests)
[03:03:00] [74/445] MCGX
[03:03:01] [75/445] ERRA
[03:03:01] [76/445] SDTW
[03:03:02] [77/445] RMPK
[03:03:03] [78/445] PTHK
[03:03:04] [79/445] PXCS
[03:03:05] [80/445] SVLU
[03:03:06] [81/445] STAH
[03:03:07] [82/445] JRGF
[03:03:08] [83/445] CDOK
[03:03:09] 🔄 Identity reset
[03:03:09] 🔄 Identity rotated (every 10 requests)
[03:03:09] 🔄 Retry 1/5 for CDOK in 2.4s
[03:03:09] 🔄 Identity reset
[03:03:11] 🧠 New identity created
[03:03:11] 🔄 Retry 2/5 for CDOK in 4.0s
[03:03:11] 🔄 Identity reset
[03:03:16] 🧠 New identity created
[03:03:16] [84/445] CMSG
[03:03:17] [85/445] APTD
[03:03:18] [86/445] KMPG
[03:03:19] [87/445] MUTJ
[03:03:19] [88/445] VCCI
[03:03:20] [89/445] URBE
[03:03:21] [90/445] TCTS
[03:03:22] [91/445] STSN
[03:03:23] 🔄 Identity reset
[03:03:23] 🔄 Identity rotated (every 10 requests)
[03:03:23] 🔄 Retry 1/5 for STSN in 2.8s
[03:03:23] 🔄 Identity reset
[03:03:26] 🧠 New identity created
[03:03:26] 🔄 Retry 2/5 for STSN in 4.2s
[03:03:26] 🔄 Identity reset
[03:03:30] 🧠 New identity created
[03:03:31] [92/445] AKCH
[03:03:32] [93/445] APSC
[03:03:33] [94/445] VLTB
[03:03:33] [95/445] SANU
[03:03:34] [96/445] AXAM
[03:03:35] [97/445] MGMG
[03:03:36] [98/445] HTBY
[03:03:37] [99/445] MMZS
[03:03:37] 🔄 Identity reset
[03:03:37] 🔄 Identity rotated (every 10 requests)
[03:03:37] 🔄 Retry 1/5 for MMZS in 2.8s
[03:03:37] 🔄 Identity reset
[03:03:40] 🧠 New identity created
[03:03:40] [100/445] SUDR
[03:03:41] [101/445] CCAD
[03:03:42] [102/445] SKKC
[03:03:43] [103/445] RMCD
[03:03:44] [104/445] SBCQ
[03:03:45] [105/445] DCCT
[03:03:46] [106/445] VTKP
[03:03:46] [107/445] MLAM
[03:03:47] [108/445] SAVT
[03:03:48] 🔄 Identity reset
[03:03:48] 🔄 Identity rotated (every 10 requests)
[03:03:48] [109/445] GEPL
[03:03:49] [110/445] AMCD
[03:03:50] [111/445] CCXR
[03:03:51] [112/445] GRNG
[03:03:52] [113/445] EBCA
[03:03:53] [114/445] CNVG
[03:03:54] [115/445] MWSS
[03:03:55] [116/445] VBOR
[03:03:56] [117/445] NEEB
[03:03:56] [118/445] SUTH
[03:03:57] 🔄 Identity reset
[03:03:57] 🔄 Identity rotated (every 10 requests)
[03:03:57] [119/445] ANDB
[03:03:59] [120/445] MMXS
[03:04:00] [121/445] CNPD
[03:04:00] [122/445] SDCE
[03:04:01] [123/445] DHCB
[03:04:02] [124/445] ODEN
[03:04:03] [125/445] TNTC
[03:04:04] [126/445] VBKM
[03:04:04] [127/445] RZYM
[03:04:05] [128/445] JEMC
[03:04:06] 🔄 Identity reset
[03:04:06] 🔄 Identity rotated (every 10 requests)
[03:04:06] 🔄 Retry 1/5 for JEMC in 2.9s
[03:04:06] 🔄 Identity reset
[03:04:09] 🧠 New identity created
[03:04:09] [129/445] CMAU
[03:04:10] [130/445] SIVP
[03:04:12] [131/445] ATAG
[03:04:12] [132/445] CHTM
[03:04:14] [133/445] AAEE
[03:04:15] [134/445] IWPM
[03:04:15] [135/445] KCMW
[03:04:17] [136/445] MCTD
[03:04:18] [137/445] SPWR
[03:04:19] 🔄 Identity reset
[03:04:19] 🔄 Identity rotated (every 10 requests)
[03:04:19] 🔄 Retry 1/5 for SPWR in 2.2s
[03:04:19] 🔄 Identity reset
[03:04:21] 🧠 New identity created
[03:04:22] [138/445] SDPO
[03:04:22] [139/445] PCSK
[03:04:23] [140/445] ACHV
[03:04:24] [141/445] SVLA
[03:04:25] [142/445] PICT
[03:04:26] [143/445] BXDR
[03:04:27] [144/445] SPWA
[03:04:28] [145/445] MCKO
[03:04:28] [146/445] RTHK
[03:04:29] 🔄 Identity reset
[03:04:29] 🔄 Identity rotated (every 10 requests)
[03:04:29] 🔄 Retry 1/5 for RTHK in 2.6s
[03:04:29] 🔄 Identity reset
[03:04:32] 🧠 New identity created
[03:04:32] [147/445] CCMF
[03:04:33] [148/445] MRGB
[03:04:34] [149/445] CPLC
[03:04:35] [150/445] RACD
[03:04:35] [151/445] ATKT
[03:04:36] [152/445] SARN
[03:04:37] [153/445] KKUI
[03:04:38] [154/445] RGCM
[03:04:39] [155/445] BRVP
[03:04:39] 🔄 Identity reset
[03:04:39] 🔄 Identity rotated (every 10 requests)
[03:04:40] 🔄 Retry 1/5 for BRVP in 2.3s
[03:04:40] 🔄 Identity reset
[03:04:42] 🧠 New identity created
[03:04:42] [156/445] HRSR
[03:04:43] [157/445] GKGM
[03:04:44] [158/445] TTCD
[03:04:45] [159/445] PTTI
[03:04:46] [160/445] MPTT
[03:04:47] [161/445] CVTT
[03:04:48] [162/445] PCXD
[03:04:49] [163/445] GCDC
[03:04:50] [164/445] CCCF
[03:04:51] 🔄 Identity reset
[03:04:51] 🔄 Identity rotated (every 10 requests)
[03:04:51] 🔄 Retry 1/5 for CCCF in 2.5s
[03:04:51] 🔄 Identity reset
[03:04:53] 🧠 New identity created
[03:04:53] 🔄 Retry 2/5 for CCCF in 5.0s
[03:04:53] 🔄 Identity reset
[03:04:58] 🧠 New identity created
[03:04:59] [165/445] MRAD
[03:05:00] [166/445] CPLK
[03:05:00] [167/445] SATB
[03:05:01] [168/445] SNVG
[03:05:02] [169/445] JMBA
[03:05:04] [170/445] TEJA
[03:05:05] [171/445] STYO
[03:05:06] [172/445] JTBP
[03:05:07] 🔄 Identity reset
[03:05:07] 🔄 Identity rotated (every 10 requests)
[03:05:07] [173/445] KRGD
[03:05:08] [174/445] SLJJ
[03:05:09] [175/445] SPTJ
[03:05:10] [176/445] SWJG
[03:05:11] [177/445] LKRT
[03:05:12] [178/445] KCKA
[03:05:13] [179/445] SNCR
[03:05:14] [180/445] SMKL
[03:05:14] [181/445] GCFA
[03:05:15] [182/445] DDCK
[03:05:16] 🔄 Identity reset
[03:05:16] 🔄 Identity rotated (every 10 requests)
[03:05:16] 🔄 Retry 1/5 for DDCK in 2.2s
[03:05:16] 🔄 Identity reset
[03:05:18] 🧠 New identity created
[03:05:18] [183/445] NCHJ
[03:05:19] [184/445] RDMA
[03:05:20] [185/445] SVSV
[03:05:21] [186/445] SCJG
[03:05:22] [187/445] VKLP
[03:05:23] [188/445] NWCC
[03:05:23] [189/445] VKNS
[03:05:24] [190/445] SDDP
[03:05:25] [191/445] ACSI
[03:05:26] 🔄 Identity reset
[03:05:26] 🔄 Identity rotated (every 10 requests)
[03:05:26] [192/445] SATG
[03:05:27] [193/445] SCMW
[03:05:28] [194/445] LKTK
[03:05:29] [195/445] VCKV
[03:05:30] [196/445] KKPE
[03:05:31] [197/445] KIGH
[03:05:32] [198/445] SRPM
[03:05:33] [199/445] SCAH
[03:05:34] [200/445] MUTA
[03:05:35] [201/445] SEPU
[03:05:36] 🔄 Identity reset
[03:05:36] 🔄 Identity rotated (every 10 requests)
[03:05:36] [202/445] INOA
[03:05:37] [203/445] BASK
[03:05:38] [204/445] NECB
[03:05:38] [205/445] GTTG
[03:05:39] [206/445] ASSA
[03:05:41] [207/445] ANCL
[03:05:41] [208/445] GCTI
[03:05:42] [209/445] RCTS
[03:05:43] [210/445] ACNL
[03:05:43] [211/445] MYCT
[03:05:44] 🔄 Identity reset
[03:05:44] 🔄 Identity rotated (every 10 requests)
[03:05:44] [212/445] NMHT
[03:05:45] [213/445] MDIT
[03:05:46] [214/445] LATG
[03:05:47] [215/445] SMTY
[03:05:47] [216/445] CVCT
[03:05:48] [217/445] RAMB
[03:05:49] [218/445] TGMS
[03:05:50] [219/445] BHEL
[03:05:51] [220/445] SHCT
[03:05:52] [221/445] SVCT
[03:05:52] 🔄 Identity reset
[03:05:52] 🔄 Identity rotated (every 10 requests)
[03:05:53] [222/445] MRIY
[03:05:53] [223/445] SARO
[03:05:54] [224/445] STCT
[03:05:55] [225/445] JKKC
[03:05:56] [226/445] PLTT
[03:05:57] [227/445] SRNT
[03:05:58] [228/445] YAST
[03:05:58] [229/445] PERL
[03:05:59] [230/445] CICM
[03:06:00] [231/445] MMTR
[03:06:01] 🔄 Identity reset
[03:06:01] 🔄 Identity rotated (every 10 requests)
[03:06:01] [232/445] ABTK
[03:06:02] [233/445] ATYY
[03:06:02] [234/445] ASTK
[03:06:03] [235/445] VVCK
[03:06:04] [236/445] ATKY
[03:06:05] [237/445] GWEK
[03:06:06] [238/445] SVFH
[03:06:07] [239/445] SLTA
[03:06:08] [240/445] AASH
[03:06:09] [241/445] ACXB
[03:06:09] 🔄 Identity reset
[03:06:09] 🔄 Identity rotated (every 10 requests)
[03:06:09] 🔄 Retry 1/5 for ACXB in 2.7s
[03:06:09] 🔄 Identity reset
[03:06:12] 🧠 New identity created
[03:06:12] [242/445] SMTX
[03:06:13] [243/445] AZDH
[03:06:15] [244/445] CMMH
[03:06:16] [245/445] SCSZ
[03:06:17] [246/445] SCKP
[03:06:18] [247/445] NXTM
[03:06:19] [248/445] NWCS
[03:06:20] [249/445] CXMH
[03:06:20] [250/445] PCMA
[03:06:21] 🔄 Identity reset
[03:06:21] 🔄 Identity rotated (every 10 requests)
[03:06:22] [251/445] SGCM
[03:06:23] [252/445] SDTU
[03:06:24] [253/445] MMVI
[03:06:25] [254/445] JKCM
[03:06:26] [255/445] VCMM
[03:06:26] [256/445] SYEE
[03:06:27] [257/445] VASD
[03:06:28] [258/445] BDRB
[03:06:29] [259/445] LASM
[03:06:30] [260/445] DCRL
[03:06:30] 🔄 Identity reset
[03:06:30] 🔄 Identity rotated (every 10 requests)
[03:06:30] 🔄 Retry 1/5 for DCRL in 2.0s
[03:06:30] 🔄 Identity reset
[03:06:32] 🧠 New identity created
[03:06:32] 🔄 Retry 2/5 for DCRL in 4.8s
[03:06:32] 🔄 Identity reset
[03:06:37] 🧠 New identity created
[03:06:37] [261/445] DVPM
[03:06:38] [262/445] SBMJ
[03:06:39] [263/445] CBMU
[03:06:40] [264/445] IUBS
[03:06:40] [265/445] INAP
[03:06:41] [266/445] SRRC
[03:06:42] [267/445] SAGR
[03:06:43] [268/445] CPMJ
[03:06:43] 🔄 Identity reset
[03:06:44] 🔄 Identity rotated (every 10 requests)
[03:06:44] [269/445] ATJL
[03:06:44] [270/445] NNTD
[03:06:45] [271/445] JHCJ
[03:06:46] [272/445] CMMP
[03:06:47] [273/445] RSDR
[03:06:47] [274/445] AMTI
[03:06:48] [275/445] NYSG
[03:06:50] [276/445] AVSG
[03:06:51] [277/445] SYTP
[03:06:52] [278/445] LARC
[03:06:52] 🔄 Identity reset
[03:06:52] 🔄 Identity rotated (every 10 requests)
[03:06:52] 🔄 Retry 1/5 for LARC in 2.7s
[03:06:52] 🔄 Identity reset
[03:06:55] 🧠 New identity created
[03:06:55] [279/445] RJTP
[03:06:56] [280/445] LAKC
[03:06:57] [281/445] MCXE
[03:06:58] [282/445] CCZC
[03:06:59] [283/445] AVCH
[03:07:00] [284/445] CMBE
[03:07:01] [285/445] MRRC
[03:07:01] [286/445] PCPY
[03:07:03] [287/445] SRMH
[03:07:03] 🔄 Identity reset
[03:07:03] 🔄 Identity rotated (every 10 requests)
[03:07:04] [288/445] SVGS
[03:07:05] [289/445] PCSE
[03:07:05] [290/445] SVFT
[03:07:06] [291/445] TNZP
[03:07:08] [292/445] ICTP
[03:07:09] [293/445] ACTZ
[03:07:09] [294/445] GTUR
[03:07:10] [295/445] MAFC
[03:07:11] [296/445] MINL
[03:07:12] [297/445] MRCL
[03:07:13] 🔄 Identity reset
[03:07:13] 🔄 Identity rotated (every 10 requests)
[03:07:13] 🔄 Retry 1/5 for MRCL in 2.9s
[03:07:13] 🔄 Identity reset
[03:07:16] 🧠 New identity created
[03:07:16] 🔄 Retry 2/5 for MRCL in 4.1s
[03:07:16] 🔄 Identity reset
[03:07:20] 🧠 New identity created
[03:07:20] [298/445] RCRP
[03:07:21] [299/445] RFFG
[03:07:22] [300/445] RMAS
[03:07:23] [301/445] INVR
[03:07:23] [302/445] RMAR
[03:07:24] [303/445] CNIS
[03:07:25] [304/445] RHRJ
[03:07:26] [305/445] INXR
[03:07:26] 🔄 Identity reset
[03:07:26] 🔄 Identity rotated (every 10 requests)
[03:07:27] [306/445] VALT
[03:07:28] [307/445] LCSH
[03:07:29] [308/445] CMVS
[03:07:29] [309/445] CNMS
[03:07:30] [310/445] ROOG
[03:07:31] [311/445] ISRM
[03:07:32] [312/445] RCRM
[03:07:33] [313/445] ACJA
[03:07:34] [314/445] RCVS
[03:07:35] [315/445] CPUS
[03:07:36] 🔄 Identity reset
[03:07:36] 🔄 Identity rotated (every 10 requests)
[03:07:36] [316/445] TGCS
[03:07:37] [317/445] RKCJ
[03:07:38] [318/445] MKSB
[03:07:39] [319/445] TCSJ
[03:07:40] [320/445] RMGP
[03:07:41] [321/445] CLLP
[03:07:42] [322/445] RCMV
[03:07:43] [323/445] CCKS
[03:07:44] [324/445] RSRP
[03:07:45] [325/445] APLP
[03:07:46] 🔄 Identity reset
[03:07:46] 🔄 Identity rotated (every 10 requests)
[03:07:46] [326/445] CNVS
[03:07:46] [327/445] RMVY
[03:07:47] [328/445] PGBD
[03:07:48] [329/445] KLMS
[03:07:49] [330/445] RUST
[03:07:50] [331/445] MASM
[03:07:50] [332/445] BACS
[03:07:51] [333/445] BWST
[03:07:52] [334/445] RRFH
[03:07:53] [335/445] SJTM
[03:07:53] 🔄 Identity reset
[03:07:53] 🔄 Identity rotated (every 10 requests)
[03:07:53] [336/445] BEMR
[03:07:54] [337/445] MCGR
[03:07:55] [338/445] SDSK
[03:07:56] [339/445] VBOL
[03:07:57] [340/445] RMGM
[03:07:57] [341/445] NOPL
[03:07:58] [342/445] MKJK
[03:07:59] [343/445] CVRN
[03:08:00] [344/445] MMEN
[03:08:01] [345/445] AMNG
[03:08:01] 🔄 Identity reset
[03:08:01] 🔄 Identity rotated (every 10 requests)
[03:08:02] [346/445] INTM
[03:08:03] [347/445] SLCZ
[03:08:03] [348/445] AMJN
[03:08:04] [349/445] ACJN
[03:08:05] [350/445] AMKN
[03:08:06] [351/445] BTCN
[03:08:06] [352/445] AMBT
[03:08:07] [353/445] PACN
[03:08:08] [354/445] LCNS
[03:08:09] [355/445] PPKC
[03:08:09] 🔄 Identity reset
[03:08:10] 🔄 Identity rotated (every 10 requests)
[03:08:10] [356/445] JYYN
[03:08:11] [357/445] JTNR
[03:08:12] [358/445] GTEE
[03:08:13] [359/445] SRNM
[03:08:14] [360/445] SDTC
[03:08:15] [361/445] VPCA
[03:08:16] [362/445] VLRA
[03:08:17] [363/445] SHKR
[03:08:18] [364/445] SBKD
[03:08:19] [365/445] SAAD
[03:08:19] 🔄 Identity reset
[03:08:20] 🔄 Identity rotated (every 10 requests)
[03:08:20] [366/445] JTGN
[03:08:21] [367/445] SLAM
[03:08:22] [368/445] VTPM
[03:08:23] [369/445] ANPT
[03:08:23] [370/445] PUNB
[03:08:24] [371/445] CPKT
[03:08:25] [372/445] CNWE
[03:08:26] [373/445] ECPP
[03:08:26] [374/445] CPAR
[03:08:27] [375/445] ESBW
[03:08:28] 🔄 Identity reset
[03:08:28] 🔄 Identity rotated (every 10 requests)
[03:08:28] [376/445] PKPU
[03:08:29] [377/445] CPRP
[03:08:30] [378/445] RAHU
[03:08:31] [379/445] RHMN
[03:08:32] [380/445] FMJP
[03:08:33] [381/445] CTMP
[03:08:33] [382/445] INPN
[03:08:34] [383/445] STTG
[03:08:35] [384/445] CTRD
[03:08:35] [385/445] PUVB
[03:08:36] 🔄 Identity reset
[03:08:36] 🔄 Identity rotated (every 10 requests)
[03:08:36] 🔄 Retry 1/5 for PUVB in 2.2s
[03:08:36] 🔄 Identity reset
[03:08:38] 🧠 New identity created
[03:08:39] [386/445] ESVP
[03:08:39] [387/445] CPFT
[03:08:40] [388/445] LCPC
[03:08:41] [389/445] VBCT
[03:08:42] [390/445] FSCW
[03:08:43] [391/445] VCMP
[03:08:44] [392/445] ASHC
[03:08:45] [393/445] VLCX
[03:08:46] [394/445] SHEV
[03:08:47] 🔄 Identity reset
[03:08:47] 🔄 Identity rotated (every 10 requests)
[03:08:47] [395/445] APCO
[03:08:48] [396/445] SILC
[03:08:49] [397/445] SNMR
[03:08:50] [398/445] KYBO
[03:08:50] [399/445] SATK
[03:08:51] [400/445] SSCS
[03:08:52] [401/445] CLSB
[03:08:52] [402/445] KMJR
[03:08:53] [403/445] FSCK
[03:08:54] [404/445] NNKA
[03:08:54] 🔄 Identity reset
[03:08:54] 🔄 Identity rotated (every 10 requests)
[03:08:54] [405/445] CLMK
[03:08:55] [406/445] DMPZ
[03:08:56] [407/445] INQM
[03:08:57] [408/445] CAML
[03:08:57] [409/445] INRK
[03:08:58] [410/445] IMKN
[03:08:59] [411/445] SVNR
[03:09:00] [412/445] INSL
[03:09:00] [413/445] MSMA
[03:09:01] [414/445] MCKK
[03:09:02] 🔄 Identity reset
[03:09:02] 🔄 Identity rotated (every 10 requests)
[03:09:02] 🔄 Retry 1/5 for MCKK in 2.2s
[03:09:02] 🔄 Identity reset
[03:09:04] 🧠 New identity created
[03:09:04] [415/445] FCHP
[03:09:05] [416/445] SFCR
[03:09:06] [417/445] NACK
[03:09:06] [418/445] PVAK
[03:09:07] [419/445] INER
[03:09:08] [420/445] RDBK
[03:09:09] [421/445] SVFN
[03:09:10] [422/445] IFRM
[03:09:11] [423/445] ATCK
[03:09:11] 🔄 Identity reset
[03:09:11] 🔄 Identity rotated (every 10 requests)
[03:09:11] [424/445] ASKO
[03:09:12] [425/445] STKT
[03:09:13] [426/445] SVFB
[03:09:14] [427/445] INKS
[03:09:15] [428/445] PCRA
[03:09:15] [429/445] ATJA
[03:09:16] [430/445] IMJN
[03:09:17] [431/445] INHD
[03:09:18] [432/445] BARA
[03:09:19] [433/445] MCSL
[03:09:19] 🔄 Identity reset
[03:09:19] 🔄 Identity rotated (every 10 requests)
[03:09:19] 🔄 Retry 1/5 for MCSL in 2.9s
[03:09:19] 🔄 Identity reset
[03:09:22] 🧠 New identity created
[03:09:22] [434/445] RTOY
[03:09:23] [435/445] MENO
[03:09:24] [436/445] PUDM
[03:09:25] [437/445] PRCN
[03:09:26] [438/445] JMJR
[03:09:26] [439/445] SSGK
[03:09:27] [440/445] SSRL
[03:09:28] [441/445] JYKL
[03:09:29] [442/445] ACNB
[03:09:29] 🔄 Identity reset
[03:09:29] 🔄 Identity rotated (every 10 requests)
[03:09:30] [443/445] SONP
[03:09:30] [444/445] EMCI
[03:09:31] [445/445] MRJH
[03:09:31] 🔁 RETRY ROUND 1 | Remaining: 1
[03:09:31] [RETRY-1] TGMR
[03:09:35] 🧹 Deduping shows
[03:09:35] ✅ DONE | Shows=167 | Movies=10
[08:35:14] 🚀 SCRIPT STARTED (enhanced anti‑detection)
[08:35:14] [1/445] TGMR
[08:35:15] 🧠 New identity created
[08:35:15] 🔄 Retry 1/5 for TGMR in 2.8s
[08:35:15] 🔄 Identity reset
[08:35:18] 🧠 New identity created
[08:35:18] 🔄 Retry 2/5 for TGMR in 4.8s
[08:35:18] 🔄 Identity reset
[08:35:23] 🧠 New identity created
[08:35:23] [2/445] CXKR
[08:35:24] [3/445] SROP
[08:35:24] [4/445] GTSV
[08:35:25] [5/445] SNTY
[08:35:26] [6/445] SMYY
[08:35:26] [7/445] CNCS
[08:35:27] [8/445] CSTM
[08:35:27] 🔄 Identity reset
[08:35:27] 🔄 Identity rotated (every 10 requests)
[08:35:28] [9/445] NUCD
[08:35:28] [10/445] SHCZ
[08:35:29] [11/445] NJCT
[08:35:30] [12/445] COPC
[08:35:30] [13/445] STVV
[08:35:31] [14/445] SKRN
[08:35:32] [15/445] APPZ
[08:35:33] [16/445] YMGN
[08:35:34] [17/445] SVTU
[08:35:35] [18/445] GTAD
[08:35:35] 🔄 Identity reset
[08:35:35] 🔄 Identity rotated (every 10 requests)
[08:35:36] [19/445] PSUS
[08:35:36] [20/445] SMCD
[08:35:37] [21/445] CMCM
[08:35:38] [22/445] SYCT
[08:35:38] [23/445] STLY
[08:35:39] [24/445] CMHU
[08:35:40] [25/445] CMSA
[08:35:40] [26/445] CLCU
[08:35:41] [27/445] PPNT
[08:35:42] [28/445] JTAB
[08:35:43] 🔄 Identity reset
[08:35:43] 🔄 Identity rotated (every 10 requests)
[08:35:43] [29/445] BUUC
[08:35:44] [30/445] BSVK
[08:35:44] [31/445] VVVQ
[08:35:45] [32/445] TKMU
[08:35:46] [33/445] ESYL
[08:35:46] [34/445] ACHP
[08:35:47] [35/445] BTKD
[08:35:48] [36/445] DESA
[08:35:48] [37/445] GBCT
[08:35:49] [38/445] BLLD
[08:35:50] 🔄 Identity reset
[08:35:50] 🔄 Identity rotated (every 10 requests)
[08:35:50] [39/445] SKNT
[08:35:51] [40/445] SSTE
[08:35:52] [41/445] VJMR
[08:35:52] [42/445] NTPU
[08:35:54] [43/445] RDKN
[08:35:55] [44/445] ADGC
[08:35:56] [45/445] VRBP
[08:35:56] [46/445] NMNA
[08:35:57] [47/445] CMMX
[08:35:58] [48/445] PTKO
[08:35:59] 🔄 Identity reset
[08:35:59] 🔄 Identity rotated (every 10 requests)
[08:35:59] [49/445] RBML
[08:36:00] [50/445] SAIC
[08:36:00] [51/445] SVTJ
[08:36:01] [52/445] MRTE
[08:36:02] [53/445] RBTP
[08:36:02] [54/445] NLPS
[08:36:03] [55/445] GTNA
[08:36:04] [56/445] DGGC
[08:36:04] [57/445] SMCR
[08:36:05] [58/445] SCGD
[08:36:05] 🔄 Identity reset
[08:36:05] 🔄 Identity rotated (every 10 requests)
[08:36:06] [59/445] SRRJ
[08:36:06] [60/445] CNRY
[08:36:07] [61/445] KTDI
[08:36:08] [62/445] SNJL
[08:36:09] [63/445] RKMD
[08:36:09] [64/445] SMDC
[08:36:10] [65/445] TADG
[08:36:11] [66/445] MCGS
[08:36:11] [67/445] PETK
[08:36:12] [68/445] CHAG
[08:36:13] 🔄 Identity reset
[08:36:13] 🔄 Identity rotated (every 10 requests)
[08:36:13] [69/445] KSTL
[08:36:13] [70/445] AADS
[08:36:14] [71/445] NTHZ
[08:36:15] [72/445] HCKI
[08:36:16] [73/445] SSEF
[08:36:16] [74/445] MCGX
[08:36:17] [75/445] ERRA
[08:36:18] [76/445] SDTW
[08:36:19] [77/445] RMPK
[08:36:19] [78/445] PTHK
[08:36:20] 🔄 Identity reset
[08:36:20] 🔄 Identity rotated (every 10 requests)
[08:36:20] 🔄 Retry 1/5 for PTHK in 2.5s
[08:36:20] 🔄 Identity reset
[08:36:23] 🧠 New identity created
[08:36:23] 🔄 Retry 2/5 for PTHK in 4.7s
[08:36:23] 🔄 Identity reset
[08:36:27] 🧠 New identity created
[08:36:28] 🔄 Retry 3/5 for PTHK in 9.0s
[08:36:28] 🔄 Identity reset
[08:36:37] 🧠 New identity created
[08:36:37] [79/445] PXCS
[08:36:37] [80/445] SVLU
[08:36:38] [81/445] STAH
[08:36:38] [82/445] JRGF
[08:36:39] [83/445] CDOK
[08:36:40] [84/445] CMSG
[08:36:41] [85/445] APTD
[08:36:41] 🔄 Identity reset
[08:36:41] 🔄 Identity rotated (every 10 requests)
[08:36:41] [86/445] KMPG
[08:36:42] [87/445] MUTJ
[08:36:43] [88/445] VCCI
[08:36:44] [89/445] URBE
[08:36:45] [90/445] TCTS
[08:36:45] [91/445] STSN
[08:36:47] [92/445] AKCH
[08:36:48] [93/445] APSC
[08:36:48] [94/445] VLTB
[08:36:50] [95/445] SANU
[08:36:51] 🔄 Identity reset
[08:36:51] 🔄 Identity rotated (every 10 requests)
[08:36:51] [96/445] AXAM
[08:36:52] [97/445] MGMG
[08:36:53] [98/445] HTBY
[08:36:54] [99/445] MMZS
[08:36:55] [100/445] SUDR
[08:36:56] [101/445] CCAD
[08:36:57] [102/445] SKKC
[08:36:58] [103/445] RMCD
[08:36:58] [104/445] SBCQ
[08:36:59] [105/445] DCCT
[08:37:00] 🔄 Identity reset
[08:37:00] 🔄 Identity rotated (every 10 requests)
[08:37:00] 🔄 Retry 1/5 for DCCT in 3.0s
[08:37:00] 🔄 Identity reset
[08:37:03] 🧠 New identity created
[08:37:03] 🔄 Retry 2/5 for DCCT in 4.2s
[08:37:03] 🔄 Identity reset
[08:37:07] 🧠 New identity created
[08:37:07] 🔄 Retry 3/5 for DCCT in 8.3s
[08:37:07] 🔄 Identity reset
[08:37:15] 🧠 New identity created
[08:37:15] [106/445] VTKP
[08:37:16] [107/445] MLAM
[08:37:17] [108/445] SAVT
[08:37:18] [109/445] GEPL
[08:37:18] [110/445] AMCD
[08:37:19] [111/445] CCXR
[08:37:20] [112/445] GRNG
[08:37:20] 🔄 Identity reset
[08:37:20] 🔄 Identity rotated (every 10 requests)
[08:37:21] [113/445] EBCA
[08:37:22] [114/445] CNVG
[08:37:23] [115/445] MWSS
[08:37:23] [116/445] VBOR
[08:37:24] [117/445] NEEB
[08:37:25] [118/445] SUTH
[08:37:26] [119/445] ANDB
[08:37:26] [120/445] MMXS
[08:37:27] [121/445] CNPD
[08:37:28] [122/445] SDCE
[08:37:28] 🔄 Identity reset
[08:37:28] 🔄 Identity rotated (every 10 requests)
[08:37:29] 🔄 Retry 1/5 for SDCE in 2.5s
[08:37:29] 🔄 Identity reset
[08:37:31] 🧠 New identity created
[08:37:31] 🔄 Retry 2/5 for SDCE in 4.4s
[08:37:31] 🔄 Identity reset
[08:37:36] 🧠 New identity created
[08:37:36] [123/445] DHCB
[08:37:36] [124/445] ODEN
[08:37:37] [125/445] TNTC
[08:37:38] [126/445] VBKM
[08:37:39] [127/445] RZYM
[08:37:39] [128/445] JEMC
[08:37:40] [129/445] CMAU
[08:37:42] [130/445] SIVP
[08:37:42] 🔄 Identity reset
[08:37:42] 🔄 Identity rotated (every 10 requests)
[08:37:42] [131/445] ATAG
[08:37:43] [132/445] CHTM
[08:37:44] [133/445] AAEE
[08:37:45] [134/445] IWPM
[08:37:45] [135/445] KCMW
[08:37:46] [136/445] MCTD
[08:37:47] [137/445] SPWR
[08:37:48] [138/445] SDPO
[08:37:48] [139/445] PCSK
[08:37:49] [140/445] ACHV
[08:37:50] 🔄 Identity reset
[08:37:50] 🔄 Identity rotated (every 10 requests)
[08:37:50] [141/445] SVLA
[08:37:51] [142/445] PICT
[08:37:51] [143/445] BXDR
[08:37:52] [144/445] SPWA
[08:37:53] [145/445] MCKO
[08:37:54] [146/445] RTHK
[08:37:55] [147/445] CCMF
[08:37:55] [148/445] MRGB
[08:37:56] [149/445] CPLC
[08:37:58] [150/445] RACD
[08:37:58] 🔄 Identity reset
[08:37:58] 🔄 Identity rotated (every 10 requests)
[08:37:58] [151/445] ATKT
[08:37:59] [152/445] SARN
[08:38:00] [153/445] KKUI
[08:38:01] [154/445] RGCM
[08:38:02] [155/445] BRVP
[08:38:02] [156/445] HRSR
[08:38:03] [157/445] GKGM
[08:38:04] [158/445] TTCD
[08:38:04] [159/445] PTTI
[08:38:05] [160/445] MPTT
[08:38:05] 🔄 Identity reset
[08:38:05] 🔄 Identity rotated (every 10 requests)
[08:38:06] [161/445] CVTT
[08:38:07] [162/445] PCXD
[08:38:08] [163/445] GCDC
[08:38:08] [164/445] CCCF
[08:38:09] [165/445] MRAD
[08:38:10] [166/445] CPLK
[08:38:11] [167/445] SATB
[08:38:12] [168/445] SNVG
[08:38:13] [169/445] JMBA
[08:38:14] [170/445] TEJA
[08:38:15] 🔄 Identity reset
[08:38:15] 🔄 Identity rotated (every 10 requests)
[08:38:15] [171/445] STYO
[08:38:15] [172/445] JTBP
[08:38:16] [173/445] KRGD
[08:38:17] [174/445] SLJJ
[08:38:18] [175/445] SPTJ
[08:38:18] [176/445] SWJG
[08:38:19] [177/445] LKRT
[08:38:20] [178/445] KCKA
[08:38:21] [179/445] SNCR
[08:38:22] [180/445] SMKL
[08:38:22] 🔄 Identity reset
[08:38:22] 🔄 Identity rotated (every 10 requests)
[08:38:22] [181/445] GCFA
[08:38:23] [182/445] DDCK
[08:38:24] [183/445] NCHJ
[08:38:25] [184/445] RDMA
[08:38:25] [185/445] SVSV
[08:38:26] [186/445] SCJG
[08:38:27] [187/445] VKLP
[08:38:28] [188/445] NWCC
[08:38:28] [189/445] VKNS
[08:38:29] [190/445] SDDP
[08:38:29] 🔄 Identity reset
[08:38:29] 🔄 Identity rotated (every 10 requests)
[08:38:29] [191/445] ACSI
[08:38:31] [192/445] SATG
[08:38:32] [193/445] SCMW
[08:38:32] [194/445] LKTK
[08:38:33] [195/445] VCKV
[08:38:34] [196/445] KKPE
[08:38:35] [197/445] KIGH
[08:38:36] [198/445] SRPM
[08:38:37] [199/445] SCAH
[08:38:37] [200/445] MUTA
[08:38:38] 🔄 Identity reset
[08:38:38] 🔄 Identity rotated (every 10 requests)
[08:38:38] [201/445] SEPU
[08:38:40] [202/445] INOA
[08:38:41] [203/445] BASK
[08:38:42] [204/445] NECB
[08:38:42] [205/445] GTTG
[08:38:43] [206/445] ASSA
[08:38:44] [207/445] ANCL
[08:38:45] [208/445] GCTI
[08:38:45] [209/445] RCTS
[08:38:46] [210/445] ACNL
[08:38:47] 🔄 Identity reset
[08:38:47] 🔄 Identity rotated (every 10 requests)
[08:38:47] [211/445] MYCT
[08:38:48] [212/445] NMHT
[08:38:49] [213/445] MDIT
[08:38:49] [214/445] LATG
[08:38:50] [215/445] SMTY
[08:38:51] [216/445] CVCT
[08:38:53] [217/445] RAMB
[08:38:54] [218/445] TGMS
[08:38:54] [219/445] BHEL
[08:38:55] [220/445] SHCT
[08:38:56] 🔄 Identity reset
[08:38:56] 🔄 Identity rotated (every 10 requests)
[08:38:56] 🔄 Retry 1/5 for SHCT in 2.5s
[08:38:56] 🔄 Identity reset
[08:38:58] 🧠 New identity created
[08:38:58] [221/445] SVCT
[08:38:59] [222/445] MRIY
[08:39:00] [223/445] SARO
[08:39:00] [224/445] STCT
[08:39:01] [225/445] JKKC
[08:39:02] [226/445] PLTT
[08:39:03] [227/445] SRNT
[08:39:04] [228/445] YAST
[08:39:04] [229/445] PERL
[08:39:05] 🔄 Identity reset
[08:39:05] 🔄 Identity rotated (every 10 requests)
[08:39:05] 🔄 Retry 1/5 for PERL in 2.1s
[08:39:05] 🔄 Identity reset
[08:39:07] 🧠 New identity created
[08:39:08] [230/445] CICM
[08:39:09] [231/445] MMTR
[08:39:10] [232/445] ABTK
[08:39:11] [233/445] ATYY
[08:39:12] [234/445] ASTK
[08:39:13] [235/445] VVCK
[08:39:14] [236/445] ATKY
[08:39:15] [237/445] GWEK
[08:39:15] [238/445] SVFH
[08:39:16] 🔄 Identity reset
[08:39:16] 🔄 Identity rotated (every 10 requests)
[08:39:16] [239/445] SLTA
[08:39:17] [240/445] AASH
[08:39:17] [241/445] ACXB
[08:39:19] [242/445] SMTX
[08:39:19] [243/445] AZDH
[08:39:20] [244/445] CMMH
[08:39:21] [245/445] SCSZ
[08:39:22] [246/445] SCKP
[08:39:23] [247/445] NXTM
[08:39:24] [248/445] NWCS
[08:39:24] 🔄 Identity reset
[08:39:24] 🔄 Identity rotated (every 10 requests)
[08:39:25] [249/445] CXMH
[08:39:25] [250/445] PCMA
[08:39:26] [251/445] SGCM
[08:39:27] [252/445] SDTU
[08:39:28] [253/445] MMVI
[08:39:29] [254/445] JKCM
[08:39:30] [255/445] VCMM
[08:39:31] [256/445] SYEE
[08:39:32] [257/445] VASD
[08:39:32] [258/445] BDRB
[08:39:33] 🔄 Identity reset
[08:39:33] 🔄 Identity rotated (every 10 requests)
[08:39:33] [259/445] LASM
[08:39:34] [260/445] DCRL
[08:39:35] [261/445] DVPM
[08:39:36] [262/445] SBMJ
[08:39:36] [263/445] CBMU
[08:39:37] [264/445] IUBS
[08:39:38] [265/445] INAP
[08:39:39] [266/445] SRRC
[08:39:40] [267/445] SAGR
[08:39:41] [268/445] CPMJ
[08:39:41] 🔄 Identity reset
[08:39:41] 🔄 Identity rotated (every 10 requests)
[08:39:41] [269/445] ATJL
[08:39:42] [270/445] NNTD
[08:39:44] [271/445] JHCJ
[08:39:45] [272/445] CMMP
[08:39:46] [273/445] RSDR
[08:39:47] [274/445] AMTI
[08:39:48] [275/445] NYSG
[08:39:50] [276/445] AVSG
[08:39:50] [277/445] SYTP
[08:39:51] [278/445] LARC
[08:39:52] 🔄 Identity reset
[08:39:52] 🔄 Identity rotated (every 10 requests)
[08:39:52] [279/445] RJTP
[08:39:53] [280/445] LAKC
[08:39:54] [281/445] MCXE
[08:39:55] [282/445] CCZC
[08:39:56] [283/445] AVCH
[08:39:57] [284/445] CMBE
[08:39:58] [285/445] MRRC
[08:39:59] [286/445] PCPY
[08:40:00] [287/445] SRMH
[08:40:00] [288/445] SVGS
[08:40:01] 🔄 Identity reset
[08:40:01] 🔄 Identity rotated (every 10 requests)
[08:40:01] [289/445] PCSE
[08:40:02] [290/445] SVFT
[08:40:03] [291/445] TNZP
[08:40:04] [292/445] ICTP
[08:40:04] [293/445] ACTZ
[08:40:05] [294/445] GTUR
[08:40:06] [295/445] MAFC
[08:40:07] [296/445] MINL
[08:40:08] [297/445] MRCL
[08:40:09] [298/445] RCRP
[08:40:10] 🔄 Identity reset
[08:40:10] 🔄 Identity rotated (every 10 requests)
[08:40:10] [299/445] RFFG
[08:40:11] [300/445] RMAS
[08:40:12] [301/445] INVR
[08:40:13] [302/445] RMAR
[08:40:13] [303/445] CNIS
[08:40:15] [304/445] RHRJ
[08:40:16] [305/445] INXR
[08:40:17] [306/445] VALT
[08:40:17] [307/445] LCSH
[08:40:19] [308/445] CMVS
[08:40:19] 🔄 Identity reset
[08:40:19] 🔄 Identity rotated (every 10 requests)
[08:40:20] [309/445] CNMS
[08:40:20] [310/445] ROOG
[08:40:21] [311/445] ISRM
[08:40:22] [312/445] RCRM
[08:40:23] [313/445] ACJA
[08:40:24] [314/445] RCVS
[08:40:25] [315/445] CPUS
[08:40:26] [316/445] TGCS
[08:40:26] [317/445] RKCJ
[08:40:27] [318/445] MKSB
[08:40:28] 🔄 Identity reset
[08:40:28] 🔄 Identity rotated (every 10 requests)
[08:40:28] [319/445] TCSJ
[08:40:28] [320/445] RMGP
[08:40:29] [321/445] CLLP
[08:40:30] [322/445] RCMV
[08:40:31] [323/445] CCKS
[08:40:32] [324/445] RSRP
[08:40:33] [325/445] APLP
[08:40:34] [326/445] CNVS
[08:40:35] [327/445] RMVY
[08:40:36] [328/445] PGBD
[08:40:36] 🔄 Identity reset
[08:40:36] 🔄 Identity rotated (every 10 requests)
[08:40:36] [329/445] KLMS
[08:40:37] [330/445] RUST
[08:40:38] [331/445] MASM
[08:40:39] [332/445] BACS
[08:40:40] [333/445] BWST
[08:40:41] [334/445] RRFH
[08:40:42] [335/445] SJTM
[08:40:43] [336/445] BEMR
[08:40:44] [337/445] MCGR
[08:40:45] [338/445] SDSK
[08:40:45] 🔄 Identity reset
[08:40:45] 🔄 Identity rotated (every 10 requests)
[08:40:46] [339/445] VBOL
[08:40:46] [340/445] RMGM
[08:40:47] [341/445] NOPL
[08:40:49] [342/445] MKJK
[08:40:50] [343/445] CVRN
[08:40:50] [344/445] MMEN
[08:40:51] [345/445] AMNG
[08:40:52] [346/445] INTM
[08:40:53] [347/445] SLCZ
[08:40:53] [348/445] AMJN
[08:40:54] 🔄 Identity reset
[08:40:54] 🔄 Identity rotated (every 10 requests)
[08:40:54] [349/445] ACJN
[08:40:55] [350/445] AMKN
[08:40:56] [351/445] BTCN
[08:40:57] [352/445] AMBT
[08:40:58] [353/445] PACN
[08:40:59] [354/445] LCNS
[08:41:00] [355/445] PPKC
[08:41:01] [356/445] JYYN
[08:41:02] [357/445] JTNR
[08:41:02] [358/445] GTEE
[08:41:03] 🔄 Identity reset
[08:41:03] 🔄 Identity rotated (every 10 requests)
[08:41:03] [359/445] SRNM
[08:41:04] [360/445] SDTC
[08:41:05] [361/445] VPCA
[08:41:06] [362/445] VLRA
[08:41:07] [363/445] SHKR
[08:41:08] [364/445] SBKD
[08:41:09] [365/445] SAAD
[08:41:10] [366/445] JTGN
[08:41:11] [367/445] SLAM
[08:41:12] [368/445] VTPM
[08:41:13] 🔄 Identity reset
[08:41:13] 🔄 Identity rotated (every 10 requests)
[08:41:13] [369/445] ANPT
[08:41:14] [370/445] PUNB
[08:41:16] [371/445] CPKT
[08:41:17] [372/445] CNWE
[08:41:17] [373/445] ECPP
[08:41:18] [374/445] CPAR
[08:41:19] [375/445] ESBW
[08:41:20] [376/445] PKPU
[08:41:21] [377/445] CPRP
[08:41:22] [378/445] RAHU
[08:41:22] 🔄 Identity reset
[08:41:22] 🔄 Identity rotated (every 10 requests)
[08:41:23] [379/445] RHMN
[08:41:24] [380/445] FMJP
[08:41:24] [381/445] CTMP
[08:41:26] [382/445] INPN
[08:41:27] [383/445] STTG
[08:41:28] [384/445] CTRD
[08:41:29] [385/445] PUVB
[08:41:29] [386/445] ESVP
[08:41:30] [387/445] CPFT
[08:41:32] [388/445] LCPC
[08:41:32] 🔄 Identity reset
[08:41:32] 🔄 Identity rotated (every 10 requests)
[08:41:33] [389/445] VBCT
[08:41:33] [390/445] FSCW
[08:41:34] [391/445] VCMP
[08:41:36] [392/445] ASHC
[08:41:37] [393/445] VLCX
[08:41:37] [394/445] SHEV
[08:41:38] [395/445] APCO
[08:41:39] [396/445] SILC
[08:41:40] [397/445] SNMR
[08:41:41] [398/445] KYBO
[08:41:41] 🔄 Identity reset
[08:41:41] 🔄 Identity rotated (every 10 requests)
[08:41:42] [399/445] SATK
[08:41:42] [400/445] SSCS
[08:41:43] [401/445] CLSB
[08:41:44] [402/445] KMJR
[08:41:45] [403/445] FSCK
[08:41:46] [404/445] NNKA
[08:41:47] [405/445] CLMK
[08:41:48] [406/445] DMPZ
[08:41:49] [407/445] INQM
[08:41:50] [408/445] CAML
[08:41:50] 🔄 Identity reset
[08:41:50] 🔄 Identity rotated (every 10 requests)
[08:41:50] 🔄 Retry 1/5 for CAML in 2.0s
[08:41:50] 🔄 Identity reset
[08:41:52] 🧠 New identity created
[08:41:52] [409/445] INRK
[08:41:53] [410/445] IMKN
[08:41:54] [411/445] SVNR
[08:41:55] [412/445] INSL
[08:41:56] [413/445] MSMA
[08:41:57] [414/445] MCKK
[08:41:58] [415/445] FCHP
[08:41:59] [416/445] SFCR
[08:42:00] [417/445] NACK
[08:42:01] 🔄 Identity reset
[08:42:01] 🔄 Identity rotated (every 10 requests)
[08:42:01] [418/445] PVAK
[08:42:02] [419/445] INER
[08:42:03] [420/445] RDBK
[08:42:04] [421/445] SVFN
[08:42:05] [422/445] IFRM
[08:42:06] [423/445] ATCK
[08:42:07] [424/445] ASKO
[08:42:07] [425/445] STKT
[08:42:08] [426/445] SVFB
[08:42:09] [427/445] INKS
[08:42:10] 🔄 Identity reset
[08:42:10] 🔄 Identity rotated (every 10 requests)
[08:42:10] [428/445] PCRA
[08:42:11] [429/445] ATJA
[08:42:12] [430/445] IMJN
[08:42:12] [431/445] INHD
[08:42:14] [432/445] BARA
[08:42:15] [433/445] MCSL
[08:42:16] [434/445] RTOY
[08:42:17] [435/445] MENO
[08:42:17] [436/445] PUDM
[08:42:18] [437/445] PRCN
[08:42:19] 🔄 Identity reset
[08:42:19] 🔄 Identity rotated (every 10 requests)
[08:42:19] 🔄 Retry 1/5 for PRCN in 2.1s
[08:42:19] 🔄 Identity reset
[08:42:21] 🧠 New identity created
[08:42:21] [438/445] JMJR
[08:42:22] [439/445] SSGK
[08:42:23] [440/445] SSRL
[08:42:24] [441/445] JYKL
[08:42:24] [442/445] ACNB
[08:42:25] [443/445] SONP
[08:42:26] [444/445] EMCI
[08:42:27] [445/445] MRJH
[08:42:28] 🧹 Deduping shows
[08:42:28] ✅ DONE | Shows=167 | Movies=10
