[10:12:27] 🚀 SCRIPT STARTED (enhanced anti‑detection)
[10:12:27] [1/458] MBDC
[10:12:28] 🧠 New identity created
[10:12:29] [2/458] CHKM
[10:12:29] [3/458] JTKZ
[10:12:30] [4/458] CMCT
[10:12:31] [5/458] ASHO
[10:12:32] [6/458] ECDG
[10:12:32] [7/458] SPAT
[10:12:33] [8/458] HILC
[10:12:34] [9/458] SPPH
[10:12:35] [10/458] SBHN
[10:12:35] 🔄 Identity reset
[10:12:36] 🔄 Identity rotated (every 10 requests)
[10:12:36] [11/458] RRCA
[10:12:37] [12/458] APAA
[10:12:37] [13/458] RAME
[10:12:38] [14/458] TMMS
[10:12:39] [15/458] BATK
[10:12:40] [16/458] LKOP
[10:12:41] [17/458] AMTT
[10:12:42] [18/458] PTGK
[10:12:42] [19/458] ANRS
[10:12:43] [20/458] VWBW
[10:12:44] 🔄 Identity reset
[10:12:44] 🔄 Identity rotated (every 10 requests)
[10:12:44] 🔄 Retry 1/5 for VWBW in 2.6s
[10:12:44] 🔄 Identity reset
[10:12:46] 🧠 New identity created
[10:12:47] [21/458] SVFG
[10:12:48] [22/458] STAT
[10:12:49] [23/458] GDCV
[10:12:50] [24/458] VEBI
[10:12:51] [25/458] VDSS
[10:12:52] [26/458] NTHV
[10:12:52] [27/458] AOCH
[10:12:53] [28/458] KASR
[10:12:54] [29/458] AYCS
[10:12:55] 🔄 Identity reset
[10:12:55] 🔄 Identity rotated (every 10 requests)
[10:12:55] [30/458] SHAI
[10:12:56] [31/458] SKPE
[10:12:57] [32/458] SBTA
[10:12:58] [33/458] RTTD
[10:12:59] [34/458] CCJD
[10:12:59] [35/458] RSJJ
[10:13:00] [36/458] RKND
[10:13:01] [37/458] SVTX
[10:13:02] [38/458] BAKM
[10:13:04] [39/458] SVDC
[10:13:04] 🔄 Identity reset
[10:13:04] 🔄 Identity rotated (every 10 requests)
[10:13:04] [40/458] MNCV
[10:13:06] [41/458] SJGC
[10:13:07] [42/458] MTPK
[10:13:08] [43/458] GATP
[10:13:09] [44/458] ABTS
[10:13:10] [45/458] ABDE
[10:13:11] [46/458] RCNM
[10:13:13] [47/458] KTHV
[10:13:13] [48/458] MDGJ
[10:13:14] [49/458] SMLM
[10:13:15] 🔄 Identity reset
[10:13:15] 🔄 Identity rotated (every 10 requests)
[10:13:16] [50/458] JTMA
[10:13:17] [51/458] ACKP
[10:13:18] [52/458] SRTA
[10:13:19] [53/458] STAY
[10:13:20] [54/458] MAVO
[10:13:21] [55/458] APTS
[10:13:22] [56/458] OMEA
[10:13:23] [57/458] TTFD
[10:13:24] [58/458] MJCU
[10:13:25] [59/458] CXTE
[10:13:25] 🔄 Identity reset
[10:13:25] 🔄 Identity rotated (every 10 requests)
[10:13:25] [60/458] CTPX
[10:13:26] [61/458] ASSL
[10:13:27] [62/458] CMVB
[10:13:28] [63/458] VPUR
[10:13:29] [64/458] JJDA
[10:13:30] [65/458] INBL
[10:13:31] [66/458] BIKB
[10:13:32] [67/458] NTBB
[10:13:32] [68/458] GLOB
[10:13:33] [69/458] SNTB
[10:13:34] 🔄 Identity reset
[10:13:34] 🔄 Identity rotated (every 10 requests)
[10:13:34] [70/458] CHGV
[10:13:35] [71/458] SSBZ
[10:13:36] [72/458] PRDB
[10:13:37] [73/458] ISMT
[10:13:38] [74/458] MCSD
[10:13:39] [75/458] JBTT
[10:13:39] [76/458] GEKR
[10:13:41] [77/458] PVUN
[10:13:42] [78/458] NRTB
[10:13:43] [79/458] PRAA
[10:13:43] 🔄 Identity reset
[10:13:43] 🔄 Identity rotated (every 10 requests)
[10:13:43] 🔄 Retry 1/5 for PRAA in 2.6s
[10:13:43] 🔄 Identity reset
[10:13:46] 🧠 New identity created
[10:13:46] [80/458] PCBL
[10:13:47] [81/458] PTCM
[10:13:48] [82/458] KHNN
[10:13:49] [83/458] OMJE
[10:13:49] [84/458] STGN
[10:13:50] [85/458] RPMS
[10:13:51] [86/458] NWAD
[10:13:52] [87/458] BLCK
[10:13:53] [88/458] SVAA
[10:13:53] 🔄 Identity reset
[10:13:53] 🔄 Identity rotated (every 10 requests)
[10:13:54] [89/458] URVM
[10:13:55] [90/458] ANTM
[10:13:57] [91/458] VJYM
[10:13:57] [92/458] MAZZ
[10:13:58] [93/458] CSHM
[10:13:59] [94/458] WGMH
[10:14:00] [95/458] SALN
[10:14:01] [96/458] BRTP
[10:14:02] [97/458] SVTA
[10:14:02] [98/458] SBTP
[10:14:03] 🔄 Identity reset
[10:14:03] 🔄 Identity rotated (every 10 requests)
[10:14:03] [99/458] VLSS
[10:14:04] [100/458] SRJA
[10:14:05] [101/458] ANCG
[10:14:06] [102/458] CGGC
[10:14:07] [103/458] CRJA
[10:14:07] [104/458] USCR
[10:14:08] [105/458] MMEF
[10:14:09] [106/458] JCRJ
[10:14:10] [107/458] ADCM
[10:14:10] [108/458] BMYK
[10:14:11] 🔄 Identity reset
[10:14:11] 🔄 Identity rotated (every 10 requests)
[10:14:11] [109/458] KICS
[10:14:12] [110/458] MBBT
[10:14:13] [111/458] MACK
[10:14:14] [112/458] CLDR
[10:14:15] [113/458] JYCR
[10:14:16] [114/458] DCRP
[10:14:16] [115/458] RAHT
[10:14:17] [116/458] CSSM
[10:14:18] [117/458] ATPK
[10:14:19] [118/458] KLRT
[10:14:19] 🔄 Identity reset
[10:14:19] 🔄 Identity rotated (every 10 requests)
[10:14:20] [119/458] SRDD
[10:14:21] [120/458] CKMC
[10:14:21] [121/458] KRVM
[10:14:22] [122/458] AKCP
[10:14:23] [123/458] CNCV
[10:14:24] [124/458] PACT
[10:14:25] [125/458] NATP
[10:14:26] [126/458] PCPK
[10:14:26] [127/458] SMHO
[10:14:28] [128/458] CWTK
[10:14:29] 🔄 Identity reset
[10:14:29] 🔄 Identity rotated (every 10 requests)
[10:14:29] [129/458] RVKZ
[10:14:30] [130/458] ASPD
[10:14:31] [131/458] VTKZ
[10:14:32] [132/458] LCSO
[10:14:33] [133/458] PRDY
[10:14:33] [134/458] RCAP
[10:14:34] [135/458] RGAR
[10:14:35] [136/458] RCAC
[10:14:36] [137/458] PMOD
[10:14:37] [138/458] PVCN
[10:14:37] 🔄 Identity reset
[10:14:37] 🔄 Identity rotated (every 10 requests)
[10:14:37] [139/458] SCRZ
[10:14:38] [140/458] PVPC
[10:14:39] [141/458] STID
[10:14:40] [142/458] NEDD
[10:14:41] [143/458] BNBA
[10:14:41] [144/458] NTCD
[10:14:42] [145/458] OCDE
[10:14:43] [146/458] CCDU
[10:14:44] [147/458] CRXH
[10:14:45] [148/458] VLVT
[10:14:45] 🔄 Identity reset
[10:14:45] 🔄 Identity rotated (every 10 requests)
[10:14:45] [149/458] CICI
[10:14:46] [150/458] SUCB
[10:14:47] [151/458] TCBP
[10:14:48] [152/458] SCCY
[10:14:49] [153/458] LXCY
[10:14:50] [154/458] NCMD
[10:14:51] [155/458] PHCS
[10:14:51] [156/458] DUXR
[10:14:53] [157/458] VNKS
[10:14:54] [158/458] SEDP
[10:14:54] 🔄 Identity reset
[10:14:54] 🔄 Identity rotated (every 10 requests)
[10:14:54] [159/458] SVEN
[10:14:55] [160/458] SRKM
[10:14:56] [161/458] JTLT
[10:14:57] [162/458] SVSS
[10:14:58] [163/458] AMDE
[10:14:59] [164/458] WVRN
[10:15:00] [165/458] ISMG
[10:15:01] [166/458] WVKS
[10:15:01] [167/458] USCG
[10:15:02] [168/458] IOTG
[10:15:03] 🔄 Identity reset
[10:15:03] 🔄 Identity rotated (every 10 requests)
[10:15:04] [169/458] RRJM
[10:15:05] [170/458] EDMP
[10:15:05] [171/458] SCGZ
[10:15:06] [172/458] GMGX
[10:15:07] [173/458] OMTP
[10:15:08] [174/458] MITD
[10:15:09] [175/458] SMMD
[10:15:09] [176/458] STML
[10:15:10] [177/458] MCFS
[10:15:11] [178/458] FPKA
[10:15:12] 🔄 Identity reset
[10:15:12] 🔄 Identity rotated (every 10 requests)
[10:15:12] [179/458] OMLR
[10:15:13] [180/458] KKSC
[10:15:14] [181/458] RVMA
[10:15:15] [182/458] SCLL
[10:15:16] [183/458] SCDK
[10:15:16] [184/458] SXMI
[10:15:17] [185/458] SHDN
[10:15:18] [186/458] PAAD
[10:15:19] [187/458] UUCB
[10:15:19] [188/458] JHOL
[10:15:20] 🔄 Identity reset
[10:15:20] 🔄 Identity rotated (every 10 requests)
[10:15:20] 🔄 Retry 1/5 for JHOL in 2.7s
[10:15:20] 🔄 Identity reset
[10:15:23] 🧠 New identity created
[10:15:23] [189/458] SGWT
[10:15:24] [190/458] SRII
[10:15:25] [191/458] SGCK
[10:15:26] [192/458] SVVB
[10:15:27] [193/458] DMHA
[10:15:28] [194/458] PPNL
[10:15:29] [195/458] CPNL
[10:15:29] [196/458] WVLD
[10:15:30] [197/458] PSLV
[10:15:31] 🔄 Identity reset
[10:15:31] 🔄 Identity rotated (every 10 requests)
[10:15:31] [198/458] VTTL
[10:15:32] [199/458] NPAD
[10:15:33] [200/458] PVCS
[10:15:34] [201/458] MCHL
[10:15:35] [202/458] PPLL
[10:15:35] [203/458] MALO
[10:15:36] [204/458] SWBH
[10:15:37] [205/458] PUGB
[10:15:38] [206/458] INBB
[10:15:39] [207/458] INNS
[10:15:40] 🔄 Identity reset
[10:15:40] 🔄 Identity rotated (every 10 requests)
[10:15:40] [208/458] MCPT
[10:15:41] [209/458] SCMI
[10:15:42] [210/458] OCON
[10:15:42] [211/458] SCSM
[10:15:43] [212/458] RJVN
[10:15:44] [213/458] AMDK
[10:15:45] [214/458] ISMR
[10:15:46] [215/458] SMTD
[10:15:47] [216/458] VTDD
[10:15:48] [217/458] PDDZ
[10:15:48] 🔄 Identity reset
[10:15:48] 🔄 Identity rotated (every 10 requests)
[10:15:48] 🔄 Retry 1/5 for PDDZ in 2.2s
[10:15:48] 🔄 Identity reset
[10:15:50] 🧠 New identity created
[10:15:51] [218/458] PCCK
[10:15:51] [219/458] INAM
[10:15:52] [220/458] FNKT
[10:15:54] [221/458] GDKA
[10:15:55] [222/458] MAYU
[10:15:55] [223/458] TCGU
[10:15:56] [224/458] KDCA
[10:15:57] [225/458] DOMY
[10:15:58] [226/458] PDDD
[10:15:58] 🔄 Identity reset
[10:15:58] 🔄 Identity rotated (every 10 requests)
[10:15:59] [227/458] BJTS
[10:15:59] [228/458] VTCA
[10:16:00] [229/458] SBTM
[10:16:01] [230/458] SEET
[10:16:01] [231/458] SSTJ
[10:16:02] [232/458] SVNT
[10:16:03] [233/458] PPPR
[10:16:04] [234/458] PVYS
[10:16:06] [235/458] IOSE
[10:16:06] [236/458] ACTV
[10:16:07] 🔄 Identity reset
[10:16:07] 🔄 Identity rotated (every 10 requests)
[10:16:07] 🔄 Retry 1/5 for ACTV in 2.2s
[10:16:07] 🔄 Identity reset
[10:16:09] 🧠 New identity created
[10:16:10] [237/458] APVE
[10:16:10] [238/458] TCCL
[10:16:11] [239/458] SCMO
[10:16:12] [240/458] SAUM
[10:16:13] [241/458] KCJS
[10:16:14] [242/458] NJCJ
[10:16:15] [243/458] NECF
[10:16:16] [244/458] CCGW
[10:16:16] [245/458] CCMG
[10:16:17] 🔄 Identity reset
[10:16:17] 🔄 Identity rotated (every 10 requests)
[10:16:17] [246/458] NYRG
[10:16:18] [247/458] NCSQ
[10:16:19] [248/458] GRCG
[10:16:20] [249/458] CCBT
[10:16:21] [250/458] ACGA
[10:16:23] [251/458] INAG
[10:16:24] [252/458] FUCG
[10:16:24] [253/458] AICF
[10:16:25] [254/458] GRGA
[10:16:26] [255/458] GDCN
[10:16:27] 🔄 Identity reset
[10:16:27] 🔄 Identity rotated (every 10 requests)
[10:16:27] [256/458] RRCG
[10:16:28] [257/458] SDCH
[10:16:29] [258/458] WVJM
[10:16:29] [259/458] JCCZ
[10:16:30] [260/458] CNCL
[10:16:31] [261/458] TMLV
[10:16:32] [262/458] MEMB
[10:16:33] [263/458] SGTD
[10:16:34] [264/458] CONX
[10:16:35] [265/458] CCMH
[10:16:35] 🔄 Identity reset
[10:16:35] 🔄 Identity rotated (every 10 requests)
[10:16:35] [266/458] ACMC
[10:16:36] [267/458] DTPD
[10:16:37] [268/458] POJA
[10:16:38] [269/458] FNBH
[10:16:39] [270/458] CGCB
[10:16:40] [271/458] RACN
[10:16:41] [272/458] JTSM
[10:16:41] [273/458] SCDN
[10:16:43] [274/458] AACK
[10:16:44] [275/458] RMCE
[10:16:45] 🔄 Identity reset
[10:16:45] 🔄 Identity rotated (every 10 requests)
[10:16:45] [276/458] BSGB
[10:16:46] [277/458] MRCB
[10:16:46] [278/458] SRVR
[10:16:47] [279/458] VTKK
[10:16:48] [280/458] AMST
[10:16:49] [281/458] APCY
[10:16:50] [282/458] LMHO
[10:16:51] [283/458] MTZH
[10:16:52] [284/458] AMZB
[10:16:53] [285/458] SUVT
[10:16:54] 🔄 Identity reset
[10:16:54] 🔄 Identity rotated (every 10 requests)
[10:16:54] [286/458] RCIP
[10:16:55] [287/458] KESR
[10:16:56] [288/458] SNKC
[10:16:57] [289/458] SCED
[10:16:58] [290/458] DVCA
[10:16:59] [291/458] VCDT
[10:16:59] [292/458] RRDI
[10:17:00] [293/458] DFCH
[10:17:01] [294/458] INSC
[10:17:02] [295/458] RGTR
[10:17:03] 🔄 Identity reset
[10:17:03] 🔄 Identity rotated (every 10 requests)
[10:17:03] [296/458] FMOT
[10:17:04] [297/458] SCPM
[10:17:05] [298/458] GCDT
[10:17:06] [299/458] BRKT
[10:17:07] [300/458] DEMP
[10:17:08] [301/458] SRLC
[10:17:09] [302/458] KSTT
[10:17:10] [303/458] SMMT
[10:17:11] [304/458] SILM
[10:17:12] [305/458] JCVM
[10:17:13] 🔄 Identity reset
[10:17:13] 🔄 Identity rotated (every 10 requests)
[10:17:13] [306/458] KCSV
[10:17:14] [307/458] MHLK
[10:17:15] [308/458] SLVL
[10:17:16] [309/458] RJKP
[10:17:16] [310/458] BBPC
[10:17:17] [311/458] MXCB
[10:17:18] [312/458] TCPK
[10:17:19] [313/458] RTBR
[10:17:20] [314/458] GAUT
[10:17:21] [315/458] DVCF
[10:17:21] 🔄 Identity reset
[10:17:21] 🔄 Identity rotated (every 10 requests)
[10:17:21] [316/458] JTSB
[10:17:22] [317/458] SBLS
[10:17:23] [318/458] UDAY
[10:17:25] [319/458] PTNP
[10:17:25] [320/458] DMKT
[10:17:26] [321/458] NTDT
[10:17:27] [322/458] SHDJ
[10:17:28] [323/458] OTNC
[10:17:29] [324/458] RNTW
[10:17:30] [325/458] GCMI
[10:17:30] 🔄 Identity reset
[10:17:30] 🔄 Identity rotated (every 10 requests)
[10:17:30] [326/458] CRCM
[10:17:31] [327/458] NNCZ
[10:17:32] [328/458] OEMO
[10:17:33] [329/458] PVJM
[10:17:33] [330/458] CPJI
[10:17:34] [331/458] RMCJ
[10:17:35] [332/458] CNWJ
[10:17:36] [333/458] EPJM
[10:17:37] [334/458] FNJJ
[10:17:38] [335/458] GCMJ
[10:17:38] 🔄 Identity reset
[10:17:38] 🔄 Identity rotated (every 10 requests)
[10:17:39] [336/458] INPS
[10:17:39] [337/458] BICJ
[10:17:40] [338/458] ISTJ
[10:17:42] [339/458] INJC
[10:17:43] [340/458] GLXJ
[10:17:44] [341/458] INEM
[10:17:45] [342/458] JTMN
[10:17:45] [343/458] FRCJ
[10:17:46] [344/458] DDJP
[10:17:47] [345/458] INJV
[10:17:48] 🔄 Identity reset
[10:17:48] 🔄 Identity rotated (every 10 requests)
[10:17:48] [346/458] GOLC
[10:17:49] [347/458] KOCI
[10:17:49] [348/458] FSTD
[10:17:50] [349/458] PACJ
[10:17:51] [350/458] GMCN
[10:17:52] [351/458] MMDJ
[10:17:53] [352/458] GODH
[10:17:54] [353/458] SKYN
[10:17:55] [354/458] NCTH
[10:17:56] [355/458] SKVZ
[10:17:57] 🔄 Identity reset
[10:17:57] 🔄 Identity rotated (every 10 requests)
[10:17:57] [356/458] SVML
[10:17:58] [357/458] ACVZ
[10:17:59] [358/458] SURA
[10:18:00] [359/458] RTRB
[10:18:00] [360/458] LLCT
[10:18:01] [361/458] ATTS
[10:18:02] [362/458] JYCM
[10:18:03] [363/458] CTKR
[10:18:04] [364/458] LCKR
[10:18:05] [365/458] NYCV
[10:18:05] 🔄 Identity reset
[10:18:05] 🔄 Identity rotated (every 10 requests)
[10:18:06] [366/458] NYOH
[10:18:06] [367/458] NOVX
[10:18:07] [368/458] MRGK
[10:18:08] [369/458] MOON
[10:18:09] [370/458] SBUC
[10:18:10] [371/458] GSVA
[10:18:11] [372/458] VIAK
[10:18:11] [373/458] SMVZ
[10:18:12] [374/458] MATE
[10:18:14] [375/458] RDCN
[10:18:14] 🔄 Identity reset
[10:18:14] 🔄 Identity rotated (every 10 requests)
[10:18:14] [376/458] ASBL
[10:18:15] [377/458] ASVS
[10:18:16] [378/458] ASSR
[10:18:17] [379/458] SSKN
[10:18:18] [380/458] DRPV
[10:18:19] [381/458] MRHT
[10:18:20] [382/458] BSCN
[10:18:20] [383/458] RKNX
[10:18:21] [384/458] MSMC
[10:18:23] [385/458] MSCJ
[10:18:23] 🔄 Identity reset
[10:18:23] 🔄 Identity rotated (every 10 requests)
[10:18:24] [386/458] BTBJ
[10:18:25] [387/458] MJCC
[10:18:26] [388/458] IOMM
[10:18:27] [389/458] ADGR
[10:18:28] [390/458] MYCP
[10:18:29] [391/458] IGCM
[10:18:29] [392/458] PGRK
[10:18:30] [393/458] VPGO
[10:18:31] [394/458] KOMS
[10:18:32] [395/458] URGG
[10:18:32] 🔄 Identity reset
[10:18:32] 🔄 Identity rotated (every 10 requests)
[10:18:33] [396/458] GOST
[10:18:34] [397/458] LACT
[10:18:34] [398/458] BWCM
[10:18:35] [399/458] NCCW
[10:18:36] [400/458] SKYC
[10:18:37] [401/458] CCPM
[10:18:38] [402/458] VCBT
[10:18:39] [403/458] SDKR
[10:18:40] [404/458] CTYB
[10:18:41] [405/458] SHCX
[10:18:41] 🔄 Identity reset
[10:18:41] 🔄 Identity rotated (every 10 requests)
[10:18:41] [406/458] RCUN
[10:18:42] [407/458] CNRA
[10:18:43] [408/458] RFCA
[10:18:44] [409/458] RDCU
[10:18:45] [410/458] SARK
[10:18:46] [411/458] SPPP
[10:18:47] [412/458] ADMB
[10:18:47] [413/458] JYOE
[10:18:48] [414/458] SRMD
[10:18:49] [415/458] RJDH
[10:18:50] 🔄 Identity reset
[10:18:50] 🔄 Identity rotated (every 10 requests)
[10:18:50] [416/458] SSTD
[10:18:51] [417/458] AACV
[10:18:52] [418/458] PPVD
[10:18:53] [419/458] STCP
[10:18:54] [420/458] ANLS
[10:18:55] [421/458] BIJO
[10:18:55] [422/458] AVAB
[10:18:56] [423/458] SPMD
[10:18:57] [424/458] SVJL
[10:18:58] [425/458] SDDJ
[10:18:58] 🔄 Identity reset
[10:18:58] 🔄 Identity rotated (every 10 requests)
[10:18:59] [426/458] SLTU
[10:19:00] [427/458] SAKA
[10:19:01] [428/458] PMAM
[10:19:01] [429/458] FNAM
[10:19:02] [430/458] ACAM
[10:19:03] [431/458] SCMM
[10:19:04] [432/458] PMAK
[10:19:05] [433/458] NYSA
[10:19:06] [434/458] FCPA
[10:19:07] [435/458] GDAN
[10:19:07] 🔄 Identity reset
[10:19:07] 🔄 Identity rotated (every 10 requests)
[10:19:07] [436/458] RSCA
[10:19:08] [437/458] DMAN
[10:19:09] [438/458] DZCM
[10:19:10] [439/458] NSGL
[10:19:11] [440/458] CCPP
[10:19:12] [441/458] PSMG
[10:19:13] [442/458] GSER
[10:19:13] [443/458] FCCT
[10:19:14] [444/458] FCTB
[10:19:16] [445/458] LCNK
[10:19:16] 🔄 Identity reset
[10:19:16] 🔄 Identity rotated (every 10 requests)
[10:19:16] [446/458] SKTY
[10:19:17] [447/458] INAA
[10:19:18] [448/458] RCWN
[10:19:19] [449/458] VAIS
[10:19:20] [450/458] CVMN
[10:19:21] [451/458] INTS
[10:19:22] [452/458] FRGS
[10:19:23] [453/458] DTCK
[10:19:23] [454/458] MCMH
[10:19:24] [455/458] ECRR
[10:19:25] 🔄 Identity reset
[10:19:25] 🔄 Identity rotated (every 10 requests)
[10:19:25] [456/458] RLLP
[10:19:26] [457/458] CCSN
[10:19:27] [458/458] CCBA
[10:19:28] 🧹 Deduping shows
[10:19:28] ✅ DONE | Shows=12 | Movies=1
[04:57:18] 🚀 SCRIPT STARTED (enhanced anti‑detection)
[04:57:18] [1/458] MBDC
[04:57:19] 🧠 New identity created
[04:57:19] [2/458] CHKM
[04:57:20] [3/458] JTKZ
[04:57:21] [4/458] CMCT
[04:57:21] [5/458] ASHO
[04:57:23] [6/458] ECDG
[04:57:24] [7/458] SPAT
[04:57:25] [8/458] HILC
[04:57:26] [9/458] SPPH
[04:57:27] [10/458] SBHN
[04:57:27] 🔄 Identity reset
[04:57:27] 🔄 Identity rotated (every 10 requests)
[04:57:28] [11/458] RRCA
[04:57:29] [12/458] APAA
[04:57:30] [13/458] RAME
[04:57:31] [14/458] TMMS
[04:57:32] [15/458] BATK
[04:57:33] [16/458] LKOP
[04:57:34] [17/458] AMTT
[04:57:35] [18/458] PTGK
[04:57:36] [19/458] ANRS
[04:57:37] [20/458] VWBW
[04:57:37] 🔄 Identity reset
[04:57:37] 🔄 Identity rotated (every 10 requests)
[04:57:38] [21/458] SVFG
[04:57:39] [22/458] STAT
[04:57:39] [23/458] GDCV
[04:57:40] [24/458] VEBI
[04:57:41] [25/458] VDSS
[04:57:42] [26/458] NTHV
[04:57:43] [27/458] AOCH
[04:57:44] [28/458] KASR
[04:57:45] [29/458] AYCS
[04:57:46] [30/458] SHAI
[04:57:46] 🔄 Identity reset
[04:57:46] 🔄 Identity rotated (every 10 requests)
[04:57:46] 🔄 Retry 1/5 for SHAI in 2.1s
[04:57:46] 🔄 Identity reset
[04:57:49] 🧠 New identity created
[04:57:50] [31/458] SKPE
[04:57:51] [32/458] SBTA
[04:57:52] [33/458] RTTD
[04:57:52] [34/458] CCJD
[04:57:53] [35/458] RSJJ
[04:57:54] [36/458] RKND
[04:57:55] [37/458] SVTX
[04:57:56] [38/458] BAKM
[04:57:57] [39/458] SVDC
[04:57:57] 🔄 Identity reset
[04:57:57] 🔄 Identity rotated (every 10 requests)
[04:57:58] [40/458] MNCV
[04:57:58] [41/458] SJGC
[04:57:59] [42/458] MTPK
[04:58:00] [43/458] GATP
[04:58:01] [44/458] ABTS
[04:58:02] [45/458] ABDE
[04:58:03] [46/458] RCNM
[04:58:04] [47/458] KTHV
[04:58:05] [48/458] MDGJ
[04:58:06] [49/458] SMLM
[04:58:06] 🔄 Identity reset
[04:58:06] 🔄 Identity rotated (every 10 requests)
[04:58:07] [50/458] JTMA
[04:58:08] [51/458] ACKP
[04:58:09] [52/458] SRTA
[04:58:10] [53/458] STAY
[04:58:11] [54/458] MAVO
[04:58:12] [55/458] APTS
[04:58:13] [56/458] OMEA
[04:58:14] [57/458] TTFD
[04:58:15] [58/458] MJCU
[04:58:16] [59/458] CXTE
[04:58:16] 🔄 Identity reset
[04:58:16] 🔄 Identity rotated (every 10 requests)
[04:58:17] [60/458] CTPX
[04:58:18] [61/458] ASSL
[04:58:19] [62/458] CMVB
[04:58:20] [63/458] VPUR
[04:58:21] [64/458] JJDA
[04:58:22] [65/458] INBL
[04:58:23] [66/458] BIKB
[04:58:24] [67/458] NTBB
[04:58:25] [68/458] GLOB
[04:58:26] [69/458] SNTB
[04:58:26] 🔄 Identity reset
[04:58:26] 🔄 Identity rotated (every 10 requests)
[04:58:27] [70/458] CHGV
[04:58:27] [71/458] SSBZ
[04:58:28] [72/458] PRDB
[04:58:29] [73/458] ISMT
[04:58:30] [74/458] MCSD
[04:58:31] [75/458] JBTT
[04:58:32] [76/458] GEKR
[04:58:33] [77/458] PVUN
[04:58:34] [78/458] NRTB
[04:58:34] [79/458] PRAA
[04:58:35] 🔄 Identity reset
[04:58:35] 🔄 Identity rotated (every 10 requests)
[04:58:35] [80/458] PCBL
[04:58:36] [81/458] PTCM
[04:58:37] [82/458] KHNN
[04:58:38] [83/458] OMJE
[04:58:39] [84/458] STGN
[04:58:40] [85/458] RPMS
[04:58:41] [86/458] NWAD
[04:58:42] [87/458] BLCK
[04:58:43] [88/458] SVAA
[04:58:43] [89/458] URVM
[04:58:44] 🔄 Identity reset
[04:58:44] 🔄 Identity rotated (every 10 requests)
[04:58:45] [90/458] ANTM
[04:58:46] [91/458] VJYM
[04:58:48] [92/458] MAZZ
[04:58:49] [93/458] CSHM
[04:58:50] [94/458] WGMH
[04:58:51] [95/458] SALN
[04:58:52] [96/458] BRTP
[04:58:53] [97/458] SVTA
[04:58:53] [98/458] SBTP
[04:58:54] [99/458] VLSS
[04:58:55] 🔄 Identity reset
[04:58:55] 🔄 Identity rotated (every 10 requests)
[04:58:55] [100/458] SRJA
[04:58:56] [101/458] ANCG
[04:58:57] [102/458] CGGC
[04:58:59] [103/458] CRJA
[04:58:59] [104/458] USCR
[04:59:01] [105/458] MMEF
[04:59:02] [106/458] JCRJ
[04:59:03] [107/458] ADCM
[04:59:04] [108/458] BMYK
[04:59:05] [109/458] KICS
[04:59:06] 🔄 Identity reset
[04:59:06] 🔄 Identity rotated (every 10 requests)
[04:59:06] [110/458] MBBT
[04:59:07] [111/458] MACK
[04:59:08] [112/458] CLDR
[04:59:09] [113/458] JYCR
[04:59:10] [114/458] DCRP
[04:59:10] [115/458] RAHT
[04:59:11] [116/458] CSSM
[04:59:12] [117/458] ATPK
[04:59:13] [118/458] KLRT
[04:59:14] [119/458] SRDD
[04:59:14] 🔄 Identity reset
[04:59:14] 🔄 Identity rotated (every 10 requests)
[04:59:15] [120/458] CKMC
[04:59:16] [121/458] KRVM
[04:59:17] [122/458] AKCP
[04:59:18] [123/458] CNCV
[04:59:19] [124/458] PACT
[04:59:20] [125/458] NATP
[04:59:21] [126/458] PCPK
[04:59:22] [127/458] SMHO
[04:59:22] [128/458] CWTK
[04:59:23] [129/458] RVKZ
[04:59:24] 🔄 Identity reset
[04:59:24] 🔄 Identity rotated (every 10 requests)
[04:59:24] [130/458] ASPD
[04:59:25] [131/458] VTKZ
[04:59:26] [132/458] LCSO
[04:59:27] [133/458] PRDY
[04:59:28] [134/458] RCAP
[04:59:29] [135/458] RGAR
[04:59:30] [136/458] RCAC
[04:59:31] [137/458] PMOD
[04:59:32] [138/458] PVCN
[04:59:33] [139/458] SCRZ
[04:59:34] 🔄 Identity reset
[04:59:34] 🔄 Identity rotated (every 10 requests)
[04:59:34] 🔄 Retry 1/5 for SCRZ in 2.7s
[04:59:34] 🔄 Identity reset
[04:59:36] 🧠 New identity created
[04:59:37] [140/458] PVPC
[04:59:38] [141/458] STID
[04:59:39] [142/458] NEDD
[04:59:40] [143/458] BNBA
[04:59:41] [144/458] NTCD
[04:59:42] [145/458] OCDE
[04:59:43] [146/458] CCDU
[04:59:44] [147/458] CRXH
[04:59:45] [148/458] VLVT
[04:59:46] 🔄 Identity reset
[04:59:46] 🔄 Identity rotated (every 10 requests)
[04:59:46] [149/458] CICI
[04:59:47] [150/458] SUCB
[04:59:48] [151/458] TCBP
[04:59:49] [152/458] SCCY
[04:59:50] [153/458] LXCY
[04:59:51] [154/458] NCMD
[04:59:52] [155/458] PHCS
[04:59:53] [156/458] DUXR
[04:59:54] [157/458] VNKS
[04:59:55] [158/458] SEDP
[04:59:56] 🔄 Identity reset
[04:59:56] 🔄 Identity rotated (every 10 requests)
[04:59:56] [159/458] SVEN
[04:59:58] [160/458] SRKM
[04:59:58] [161/458] JTLT
[04:59:59] [162/458] SVSS
[05:00:00] [163/458] AMDE
[05:00:01] [164/458] WVRN
[05:00:02] [165/458] ISMG
[05:00:03] [166/458] WVKS
[05:00:04] [167/458] USCG
[05:00:05] [168/458] IOTG
[05:00:06] 🔄 Identity reset
[05:00:06] 🔄 Identity rotated (every 10 requests)
[05:00:06] [169/458] RRJM
[05:00:07] [170/458] EDMP
[05:00:08] [171/458] SCGZ
[05:00:08] [172/458] GMGX
[05:00:09] [173/458] OMTP
[05:00:10] [174/458] MITD
[05:00:11] [175/458] SMMD
[05:00:12] [176/458] STML
[05:00:13] [177/458] MCFS
[05:00:14] [178/458] FPKA
[05:00:14] 🔄 Identity reset
[05:00:14] 🔄 Identity rotated (every 10 requests)
[05:00:14] 🔄 Retry 1/5 for FPKA in 2.0s
[05:00:14] 🔄 Identity reset
[05:00:17] 🧠 New identity created
[05:00:17] [179/458] OMLR
[05:00:18] [180/458] KKSC
[05:00:19] [181/458] RVMA
[05:00:20] [182/458] SCLL
[05:00:21] [183/458] SCDK
[05:00:22] [184/458] SXMI
[05:00:23] [185/458] SHDN
[05:00:24] [186/458] PAAD
[05:00:24] [187/458] UUCB
[05:00:25] 🔄 Identity reset
[05:00:25] 🔄 Identity rotated (every 10 requests)
[05:00:26] [188/458] JHOL
[05:00:27] [189/458] SGWT
[05:00:28] [190/458] SRII
[05:00:29] [191/458] SGCK
[05:00:30] [192/458] SVVB
[05:00:31] [193/458] DMHA
[05:00:31] [194/458] PPNL
[05:00:32] [195/458] CPNL
[05:00:33] [196/458] WVLD
[05:00:35] [197/458] PSLV
[05:00:36] 🔄 Identity reset
[05:00:36] 🔄 Identity rotated (every 10 requests)
[05:00:36] [198/458] VTTL
[05:00:37] [199/458] NPAD
[05:00:38] [200/458] PVCS
[05:00:39] [201/458] MCHL
[05:00:40] [202/458] PPLL
[05:00:41] [203/458] MALO
[05:00:42] [204/458] SWBH
[05:00:42] [205/458] PUGB
[05:00:43] [206/458] INBB
[05:00:44] [207/458] INNS
[05:00:45] 🔄 Identity reset
[05:00:45] 🔄 Identity rotated (every 10 requests)
[05:00:45] 🔄 Retry 1/5 for INNS in 2.9s
[05:00:45] 🔄 Identity reset
[05:00:48] 🧠 New identity created
[05:00:48] [208/458] MCPT
[05:00:50] [209/458] SCMI
[05:00:51] [210/458] OCON
[05:00:52] [211/458] SCSM
[05:00:53] [212/458] RJVN
[05:00:53] [213/458] AMDK
[05:00:54] [214/458] ISMR
[05:00:55] [215/458] SMTD
[05:00:57] [216/458] VTDD
[05:00:58] 🔄 Identity reset
[05:00:58] 🔄 Identity rotated (every 10 requests)
[05:00:58] [217/458] PDDZ
[05:00:59] [218/458] PCCK
[05:01:00] [219/458] INAM
[05:01:01] [220/458] FNKT
[05:01:01] [221/458] GDKA
[05:01:03] [222/458] MAYU
[05:01:03] [223/458] TCGU
[05:01:04] [224/458] KDCA
[05:01:05] [225/458] DOMY
[05:01:06] [226/458] PDDD
[05:01:06] 🔄 Identity reset
[05:01:06] 🔄 Identity rotated (every 10 requests)
[05:01:07] [227/458] BJTS
[05:01:08] [228/458] VTCA
[05:01:09] [229/458] SBTM
[05:01:10] [230/458] SEET
[05:01:11] [231/458] SSTJ
[05:01:12] [232/458] SVNT
[05:01:13] [233/458] PPPR
[05:01:14] [234/458] PVYS
[05:01:16] [235/458] IOSE
[05:01:17] [236/458] ACTV
[05:01:17] 🔄 Identity reset
[05:01:17] 🔄 Identity rotated (every 10 requests)
[05:01:18] [237/458] APVE
[05:01:19] [238/458] TCCL
[05:01:20] [239/458] SCMO
[05:01:21] [240/458] SAUM
[05:01:21] [241/458] KCJS
[05:01:22] [242/458] NJCJ
[05:01:24] [243/458] NECF
[05:01:25] [244/458] CCGW
[05:01:26] [245/458] CCMG
[05:01:27] [246/458] NYRG
[05:01:28] 🔄 Identity reset
[05:01:28] 🔄 Identity rotated (every 10 requests)
[05:01:28] [247/458] NCSQ
[05:01:29] [248/458] GRCG
[05:01:30] [249/458] CCBT
[05:01:32] [250/458] ACGA
[05:01:32] [251/458] INAG
[05:01:33] [252/458] FUCG
[05:01:34] [253/458] AICF
[05:01:35] [254/458] GRGA
[05:01:36] [255/458] GDCN
[05:01:37] [256/458] RRCG
[05:01:37] 🔄 Identity reset
[05:01:38] 🔄 Identity rotated (every 10 requests)
[05:01:38] [257/458] SDCH
[05:01:39] [258/458] WVJM
[05:01:39] [259/458] JCCZ
[05:01:40] [260/458] CNCL
[05:01:41] [261/458] TMLV
[05:01:42] [262/458] MEMB
[05:01:43] [263/458] SGTD
[05:01:44] [264/458] CONX
[05:01:45] [265/458] CCMH
[05:01:46] [266/458] ACMC
[05:01:46] 🔄 Identity reset
[05:01:46] 🔄 Identity rotated (every 10 requests)
[05:01:47] [267/458] DTPD
[05:01:47] [268/458] POJA
[05:01:49] [269/458] FNBH
[05:01:50] [270/458] CGCB
[05:01:51] [271/458] RACN
[05:01:52] [272/458] JTSM
[05:01:54] [273/458] SCDN
[05:01:55] [274/458] AACK
[05:01:57] [275/458] RMCE
[05:01:58] [276/458] BSGB
[05:01:58] 🔄 Identity reset
[05:01:58] 🔄 Identity rotated (every 10 requests)
[05:01:58] 🔄 Retry 1/5 for BSGB in 2.1s
[05:01:58] 🔄 Identity reset
[05:02:00] 🧠 New identity created
[05:02:01] [277/458] MRCB
[05:02:02] [278/458] SRVR
[05:02:03] [279/458] VTKK
[05:02:04] [280/458] AMST
[05:02:05] [281/458] APCY
[05:02:06] [282/458] LMHO
[05:02:07] [283/458] MTZH
[05:02:07] [284/458] AMZB
[05:02:08] [285/458] SUVT
[05:02:09] 🔄 Identity reset
[05:02:09] 🔄 Identity rotated (every 10 requests)
[05:02:09] [286/458] RCIP
[05:02:10] [287/458] KESR
[05:02:11] [288/458] SNKC
[05:02:13] [289/458] SCED
[05:02:14] [290/458] DVCA
[05:02:15] [291/458] VCDT
[05:02:15] [292/458] RRDI
[05:02:16] [293/458] DFCH
[05:02:17] [294/458] INSC
[05:02:18] [295/458] RGTR
[05:02:18] 🔄 Identity reset
[05:02:19] 🔄 Identity rotated (every 10 requests)
[05:02:19] [296/458] FMOT
[05:02:20] [297/458] SCPM
[05:02:20] [298/458] GCDT
[05:02:22] [299/458] BRKT
[05:02:23] [300/458] DEMP
[05:02:24] [301/458] SRLC
[05:02:25] [302/458] KSTT
[05:02:26] [303/458] SMMT
[05:02:27] [304/458] SILM
[05:02:28] [305/458] JCVM
[05:02:29] 🔄 Identity reset
[05:02:29] 🔄 Identity rotated (every 10 requests)
[05:02:29] 🔄 Retry 1/5 for JCVM in 2.5s
[05:02:29] 🔄 Identity reset
[05:02:31] 🧠 New identity created
[05:02:31] [306/458] KCSV
[05:02:32] [307/458] MHLK
[05:02:34] [308/458] SLVL
[05:02:35] [309/458] RJKP
[05:02:36] [310/458] BBPC
[05:02:37] [311/458] MXCB
[05:02:38] [312/458] TCPK
[05:02:39] [313/458] RTBR
[05:02:40] [314/458] GAUT
[05:02:41] 🔄 Identity reset
[05:02:41] 🔄 Identity rotated (every 10 requests)
[05:02:41] 🔄 Retry 1/5 for GAUT in 2.4s
[05:02:41] 🔄 Identity reset
[05:02:43] 🧠 New identity created
[05:02:44] [315/458] DVCF
[05:02:45] [316/458] JTSB
[05:02:45] [317/458] SBLS
[05:02:46] [318/458] UDAY
[05:02:47] [319/458] PTNP
[05:02:48] [320/458] DMKT
[05:02:49] [321/458] NTDT
[05:02:50] [322/458] SHDJ
[05:02:51] [323/458] OTNC
[05:02:51] 🔄 Identity reset
[05:02:51] 🔄 Identity rotated (every 10 requests)
[05:02:52] [324/458] RNTW
[05:02:53] [325/458] GCMI
[05:02:54] [326/458] CRCM
[05:02:55] [327/458] NNCZ
[05:02:56] [328/458] OEMO
[05:02:57] [329/458] PVJM
[05:02:58] [330/458] CPJI
[05:02:59] [331/458] RMCJ
[05:03:00] [332/458] CNWJ
[05:03:01] [333/458] EPJM
[05:03:01] 🔄 Identity reset
[05:03:01] 🔄 Identity rotated (every 10 requests)
[05:03:02] [334/458] FNJJ
[05:03:02] [335/458] GCMJ
[05:03:03] [336/458] INPS
[05:03:04] [337/458] BICJ
[05:03:06] [338/458] ISTJ
[05:03:07] [339/458] INJC
[05:03:08] [340/458] GLXJ
[05:03:08] [341/458] INEM
[05:03:09] [342/458] JTMN
[05:03:10] [343/458] FRCJ
[05:03:11] 🔄 Identity reset
[05:03:11] 🔄 Identity rotated (every 10 requests)
[05:03:11] [344/458] DDJP
[05:03:12] [345/458] INJV
[05:03:13] [346/458] GOLC
[05:03:14] [347/458] KOCI
[05:03:15] [348/458] FSTD
[05:03:16] [349/458] PACJ
[05:03:17] [350/458] GMCN
[05:03:18] [351/458] MMDJ
[05:03:19] [352/458] GODH
[05:03:20] [353/458] SKYN
[05:03:21] 🔄 Identity reset
[05:03:21] 🔄 Identity rotated (every 10 requests)
[05:03:21] [354/458] NCTH
[05:03:22] [355/458] SKVZ
[05:03:23] [356/458] SVML
[05:03:24] [357/458] ACVZ
[05:03:25] [358/458] SURA
[05:03:26] [359/458] RTRB
[05:03:27] [360/458] LLCT
[05:03:28] [361/458] ATTS
[05:03:29] [362/458] JYCM
[05:03:30] [363/458] CTKR
[05:03:31] 🔄 Identity reset
[05:03:31] 🔄 Identity rotated (every 10 requests)
[05:03:31] [364/458] LCKR
[05:03:32] [365/458] NYCV
[05:03:33] [366/458] NYOH
[05:03:34] [367/458] NOVX
[05:03:35] [368/458] MRGK
[05:03:36] [369/458] MOON
[05:03:37] [370/458] SBUC
[05:03:38] [371/458] GSVA
[05:03:39] [372/458] VIAK
[05:03:39] [373/458] SMVZ
[05:03:40] 🔄 Identity reset
[05:03:40] 🔄 Identity rotated (every 10 requests)
[05:03:40] [374/458] MATE
[05:03:41] [375/458] RDCN
[05:03:42] [376/458] ASBL
[05:03:43] [377/458] ASVS
[05:03:44] [378/458] ASSR
[05:03:45] [379/458] SSKN
[05:03:45] [380/458] DRPV
[05:03:46] [381/458] MRHT
[05:03:47] [382/458] BSCN
[05:03:49] [383/458] RKNX
[05:03:49] 🔄 Identity reset
[05:03:49] 🔄 Identity rotated (every 10 requests)
[05:03:50] [384/458] MSMC
[05:03:51] [385/458] MSCJ
[05:03:52] [386/458] BTBJ
[05:03:53] [387/458] MJCC
[05:03:55] [388/458] IOMM
[05:03:56] [389/458] ADGR
[05:03:57] [390/458] MYCP
[05:03:58] [391/458] IGCM
[05:03:58] [392/458] PGRK
[05:04:00] [393/458] VPGO
[05:04:00] 🔄 Identity reset
[05:04:00] 🔄 Identity rotated (every 10 requests)
[05:04:00] [394/458] KOMS
[05:04:01] [395/458] URGG
[05:04:02] [396/458] GOST
[05:04:03] [397/458] LACT
[05:04:04] [398/458] BWCM
[05:04:05] [399/458] NCCW
[05:04:06] [400/458] SKYC
[05:04:07] [401/458] CCPM
[05:04:08] [402/458] VCBT
[05:04:08] [403/458] SDKR
[05:04:09] 🔄 Identity reset
[05:04:09] 🔄 Identity rotated (every 10 requests)
[05:04:09] [404/458] CTYB
[05:04:10] [405/458] SHCX
[05:04:11] [406/458] RCUN
[05:04:12] [407/458] CNRA
[05:04:13] [408/458] RFCA
[05:04:14] [409/458] RDCU
[05:04:15] [410/458] SARK
[05:04:16] [411/458] SPPP
[05:04:17] [412/458] ADMB
[05:04:18] [413/458] JYOE
[05:04:18] 🔄 Identity reset
[05:04:18] 🔄 Identity rotated (every 10 requests)
[05:04:19] [414/458] SRMD
[05:04:19] [415/458] RJDH
[05:04:20] [416/458] SSTD
[05:04:21] [417/458] AACV
[05:04:22] [418/458] PPVD
[05:04:23] [419/458] STCP
[05:04:24] [420/458] ANLS
[05:04:25] [421/458] BIJO
[05:04:25] [422/458] AVAB
[05:04:26] [423/458] SPMD
[05:04:27] 🔄 Identity reset
[05:04:27] 🔄 Identity rotated (every 10 requests)
[05:04:27] 🔄 Retry 1/5 for SPMD in 2.3s
[05:04:27] 🔄 Identity reset
[05:04:30] 🧠 New identity created
[05:04:30] [424/458] SVJL
[05:04:31] [425/458] SDDJ
[05:04:32] [426/458] SLTU
[05:04:32] [427/458] SAKA
[05:04:33] [428/458] PMAM
[05:04:34] [429/458] FNAM
[05:04:35] [430/458] ACAM
[05:04:36] [431/458] SCMM
[05:04:37] [432/458] PMAK
[05:04:37] 🔄 Identity reset
[05:04:37] 🔄 Identity rotated (every 10 requests)
[05:04:38] [433/458] NYSA
[05:04:39] [434/458] FCPA
[05:04:40] [435/458] GDAN
[05:04:41] [436/458] RSCA
[05:04:41] [437/458] DMAN
[05:04:42] [438/458] DZCM
[05:04:43] [439/458] NSGL
[05:04:44] [440/458] CCPP
[05:04:45] [441/458] PSMG
[05:04:46] [442/458] GSER
[05:04:46] 🔄 Identity reset
[05:04:46] 🔄 Identity rotated (every 10 requests)
[05:04:47] [443/458] FCCT
[05:04:47] [444/458] FCTB
[05:04:48] [445/458] LCNK
[05:04:49] [446/458] SKTY
[05:04:50] [447/458] INAA
[05:04:51] [448/458] RCWN
[05:04:52] [449/458] VAIS
[05:04:54] [450/458] CVMN
[05:04:55] [451/458] INTS
[05:04:56] [452/458] FRGS
[05:04:57] 🔄 Identity reset
[05:04:57] 🔄 Identity rotated (every 10 requests)
[05:04:57] [453/458] DTCK
[05:04:58] [454/458] MCMH
[05:04:59] [455/458] ECRR
[05:05:00] [456/458] RLLP
[05:05:00] [457/458] CCSN
[05:05:01] [458/458] CCBA
[05:05:02] 🧹 Deduping shows
[05:05:02] ✅ DONE | Shows=16 | Movies=2
[22:05:53] 🚀 SCRIPT STARTED (enhanced anti‑detection)
[22:05:53] [1/458] MBDC
[22:05:54] 🧠 New identity created
[22:05:54] [2/458] CHKM
[22:05:56] [3/458] JTKZ
[22:05:57] [4/458] CMCT
[22:05:58] [5/458] ASHO
[22:05:59] [6/458] ECDG
[22:06:00] [7/458] SPAT
[22:06:01] [8/458] HILC
[22:06:02] [9/458] SPPH
[22:06:03] [10/458] SBHN
[22:06:04] 🔄 Identity reset
[22:06:04] 🔄 Identity rotated (every 10 requests)
[22:06:04] [11/458] RRCA
[22:06:06] [12/458] APAA
[22:06:07] [13/458] RAME
[22:06:07] [14/458] TMMS
[22:06:08] [15/458] BATK
[22:06:09] [16/458] LKOP
[22:06:10] [17/458] AMTT
[22:06:12] [18/458] PTGK
[22:06:13] [19/458] ANRS
[22:06:14] [20/458] VWBW
[22:06:15] 🔄 Identity reset
[22:06:15] 🔄 Identity rotated (every 10 requests)
[22:06:15] 🔄 Retry 1/5 for VWBW in 2.8s
[22:06:15] 🔄 Identity reset
[22:06:18] 🧠 New identity created
[22:06:18] [21/458] SVFG
[22:06:19] [22/458] STAT
[22:06:20] [23/458] GDCV
[22:06:21] [24/458] VEBI
[22:06:22] [25/458] VDSS
[22:06:23] [26/458] NTHV
[22:06:24] [27/458] AOCH
[22:06:25] [28/458] KASR
[22:06:26] [29/458] AYCS
[22:06:27] 🔄 Identity reset
[22:06:27] 🔄 Identity rotated (every 10 requests)
[22:06:27] 🔄 Retry 1/5 for AYCS in 2.9s
[22:06:27] 🔄 Identity reset
[22:06:30] 🧠 New identity created
[22:06:30] 🔄 Retry 2/5 for AYCS in 4.3s
[22:06:30] 🔄 Identity reset
[22:06:34] 🧠 New identity created
[22:06:34] 🔄 Retry 3/5 for AYCS in 8.2s
[22:06:34] 🔄 Identity reset
[22:06:43] 🧠 New identity created
[22:06:43] 🔄 Retry 4/5 for AYCS in 16.6s
[22:06:43] 🔄 Identity reset
[22:06:59] 🧠 New identity created
[22:07:00] [30/458] SHAI
[22:07:01] [31/458] SKPE
[22:07:02] [32/458] SBTA
[22:07:03] [33/458] RTTD
[22:07:04] [34/458] CCJD
[22:07:05] [35/458] RSJJ
[22:07:06] 🔄 Identity reset
[22:07:06] 🔄 Identity rotated (every 10 requests)
[22:07:06] [36/458] RKND
[22:07:07] [37/458] SVTX
[22:07:08] [38/458] BAKM
[22:07:09] [39/458] SVDC
[22:07:10] [40/458] MNCV
[22:07:11] [41/458] SJGC
[22:07:13] [42/458] MTPK
[22:07:14] [43/458] GATP
[22:07:15] [44/458] ABTS
[22:07:16] [45/458] ABDE
[22:07:16] 🔄 Identity reset
[22:07:16] 🔄 Identity rotated (every 10 requests)
[22:07:17] [46/458] RCNM
[22:07:18] [47/458] KTHV
[22:07:19] [48/458] MDGJ
[22:07:20] [49/458] SMLM
[22:07:21] [50/458] JTMA
[22:07:22] [51/458] ACKP
[22:07:23] [52/458] SRTA
[22:07:24] [53/458] STAY
[22:07:25] [54/458] MAVO
[22:07:25] [55/458] APTS
[22:07:26] 🔄 Identity reset
[22:07:26] 🔄 Identity rotated (every 10 requests)
[22:07:26] 🔄 Retry 1/5 for APTS in 2.8s
[22:07:26] 🔄 Identity reset
[22:07:29] 🧠 New identity created
[22:07:29] 🔄 Retry 2/5 for APTS in 4.6s
[22:07:29] 🔄 Identity reset
[22:07:34] 🧠 New identity created
[22:07:34] [56/458] OMEA
[22:07:35] [57/458] TTFD
[22:07:36] [58/458] MJCU
[22:07:37] [59/458] CXTE
[22:07:38] [60/458] CTPX
[22:07:39] [61/458] ASSL
[22:07:40] [62/458] CMVB
[22:07:42] [63/458] VPUR
[22:07:42] 🔄 Identity reset
[22:07:42] 🔄 Identity rotated (every 10 requests)
[22:07:42] 🔄 Retry 1/5 for VPUR in 2.7s
[22:07:42] 🔄 Identity reset
[22:07:45] 🧠 New identity created
[22:07:45] [64/458] JJDA
[22:07:53] [65/458] INBL
[22:07:54] [66/458] BIKB
[22:07:55] [67/458] NTBB
[22:07:56] [68/458] GLOB
[22:07:57] [69/458] SNTB
[22:07:58] [70/458] CHGV
[22:07:59] [71/458] SSBZ
[22:08:00] [72/458] PRDB
[22:08:01] 🔄 Identity reset
[22:08:01] 🔄 Identity rotated (every 10 requests)
[22:08:01] 🔄 Retry 1/5 for PRDB in 2.2s
[22:08:01] 🔄 Identity reset
[22:08:04] 🧠 New identity created
[22:08:04] 🔄 Retry 2/5 for PRDB in 4.7s
[22:08:04] 🔄 Identity reset
[22:08:08] 🧠 New identity created
[22:08:08] 🔄 Retry 3/5 for PRDB in 8.4s
[22:08:08] 🔄 Identity reset
[22:08:17] 🧠 New identity created
[22:08:17] [73/458] ISMT
[22:08:18] [74/458] MCSD
[22:08:19] [75/458] JBTT
[22:08:20] [76/458] GEKR
[22:08:21] [77/458] PVUN
[22:08:22] [78/458] NRTB
[22:08:23] [79/458] PRAA
[22:08:24] 🔄 Identity reset
[22:08:24] 🔄 Identity rotated (every 10 requests)
[22:08:24] 🔄 Retry 1/5 for PRAA in 2.7s
[22:08:24] 🔄 Identity reset
[22:08:27] 🧠 New identity created
[22:08:27] [80/458] PCBL
[22:08:29] [81/458] PTCM
[22:08:30] [82/458] KHNN
[22:08:31] [83/458] OMJE
[22:08:32] [84/458] STGN
[22:08:33] [85/458] RPMS
[22:08:34] [86/458] NWAD
[22:08:35] [87/458] BLCK
[22:08:36] [88/458] SVAA
[22:08:36] 🔄 Identity reset
[22:08:36] 🔄 Identity rotated (every 10 requests)
[22:08:37] [89/458] URVM
[22:08:38] [90/458] ANTM
[22:08:39] [91/458] VJYM
[22:08:40] [92/458] MAZZ
[22:08:41] [93/458] CSHM
[22:08:42] [94/458] WGMH
[22:08:42] [95/458] SALN
[22:08:43] [96/458] BRTP
[22:08:45] [97/458] SVTA
[22:08:45] [98/458] SBTP
[22:08:46] 🔄 Identity reset
[22:08:46] 🔄 Identity rotated (every 10 requests)
[22:08:47] [99/458] VLSS
[22:08:48] [100/458] SRJA
[22:08:49] [101/458] ANCG
[22:08:50] [102/458] CGGC
[22:08:51] [103/458] CRJA
[22:08:52] [104/458] USCR
[22:08:53] [105/458] MMEF
[22:08:54] [106/458] JCRJ
[22:08:55] [107/458] ADCM
[22:08:56] [108/458] BMYK
[22:08:57] 🔄 Identity reset
[22:08:57] 🔄 Identity rotated (every 10 requests)
[22:08:58] [109/458] KICS
[22:09:00] [110/458] MBBT
[22:09:01] [111/458] MACK
[22:09:02] [112/458] CLDR
[22:09:03] [113/458] JYCR
[22:09:04] [114/458] DCRP
[22:09:04] [115/458] RAHT
[22:09:05] [116/458] CSSM
[22:09:06] [117/458] ATPK
[22:09:07] [118/458] KLRT
[22:09:08] 🔄 Identity reset
[22:09:08] 🔄 Identity rotated (every 10 requests)
[22:09:08] 🔄 Retry 1/5 for KLRT in 2.7s
[22:09:08] 🔄 Identity reset
[22:09:11] 🧠 New identity created
[22:09:11] [119/458] SRDD
[22:09:12] [120/458] CKMC
[22:09:13] [121/458] KRVM
[22:09:14] [122/458] AKCP
[22:09:15] [123/458] CNCV
[22:09:16] [124/458] PACT
[22:09:17] [125/458] NATP
[22:09:18] [126/458] PCPK
[22:09:20] [127/458] SMHO
[22:09:20] 🔄 Identity reset
[22:09:20] 🔄 Identity rotated (every 10 requests)
[22:09:21] 🔄 Retry 1/5 for SMHO in 2.7s
[22:09:21] 🔄 Identity reset
[22:09:23] 🧠 New identity created
[22:09:23] 🔄 Retry 2/5 for SMHO in 4.7s
[22:09:23] 🔄 Identity reset
[22:09:28] 🧠 New identity created
[22:09:29] [128/458] CWTK
[22:09:29] [129/458] RVKZ
[22:09:31] [130/458] ASPD
[22:09:32] [131/458] VTKZ
[22:09:32] [132/458] LCSO
[22:09:34] [133/458] PRDY
[22:09:34] [134/458] RCAP
[22:09:35] [135/458] RGAR
[22:09:36] 🔄 Identity reset
[22:09:36] 🔄 Identity rotated (every 10 requests)
[22:09:36] 🔄 Retry 1/5 for RGAR in 2.2s
[22:09:36] 🔄 Identity reset
[22:09:39] 🧠 New identity created
[22:09:39] [136/458] RCAC
[22:09:40] [137/458] PMOD
[22:09:41] [138/458] PVCN
[22:09:42] [139/458] SCRZ
[22:09:43] [140/458] PVPC
[22:09:44] [141/458] STID
[22:09:45] [142/458] NEDD
[22:09:46] [143/458] BNBA
[22:09:47] [144/458] NTCD
[22:09:47] 🔄 Identity reset
[22:09:47] 🔄 Identity rotated (every 10 requests)
[22:09:48] [145/458] OCDE
[22:09:48] [146/458] CCDU
[22:09:49] [147/458] CRXH
[22:09:50] [148/458] VLVT
[22:09:51] [149/458] CICI
[22:09:52] [150/458] SUCB
[22:09:53] [151/458] TCBP
[22:09:54] [152/458] SCCY
[22:09:55] [153/458] LXCY
[22:09:56] [154/458] NCMD
[22:09:57] 🔄 Identity reset
[22:09:57] 🔄 Identity rotated (every 10 requests)
[22:09:57] 🔄 Retry 1/5 for NCMD in 2.8s
[22:09:57] 🔄 Identity reset
[22:10:00] 🧠 New identity created
[22:10:00] [155/458] PHCS
[22:10:01] [156/458] DUXR
[22:10:02] [157/458] VNKS
[22:10:03] [158/458] SEDP
[22:10:04] [159/458] SVEN
[22:10:05] [160/458] SRKM
[22:10:06] [161/458] JTLT
[22:10:07] [162/458] SVSS
[22:10:08] [163/458] AMDE
[22:10:08] 🔄 Identity reset
[22:10:08] 🔄 Identity rotated (every 10 requests)
[22:10:09] [164/458] WVRN
[22:10:10] [165/458] ISMG
[22:10:11] [166/458] WVKS
[22:10:12] [167/458] USCG
[22:10:13] [168/458] IOTG
[22:10:14] [169/458] RRJM
[22:10:16] [170/458] EDMP
[22:10:17] [171/458] SCGZ
[22:10:18] [172/458] GMGX
[22:10:19] [173/458] OMTP
[22:10:20] 🔄 Identity reset
[22:10:20] 🔄 Identity rotated (every 10 requests)
[22:10:20] 🔄 Retry 1/5 for OMTP in 2.6s
[22:10:20] 🔄 Identity reset
[22:10:23] 🧠 New identity created
[22:10:23] [174/458] MITD
[22:10:24] [175/458] SMMD
[22:10:25] [176/458] STML
[22:10:26] [177/458] MCFS
[22:10:27] [178/458] FPKA
[22:10:28] [179/458] OMLR
[22:10:29] [180/458] KKSC
[22:10:30] [181/458] RVMA
[22:10:31] [182/458] SCLL
[22:10:32] 🔄 Identity reset
[22:10:32] 🔄 Identity rotated (every 10 requests)
[22:10:32] [183/458] SCDK
[22:10:34] [184/458] SXMI
[22:10:35] [185/458] SHDN
[22:10:36] [186/458] PAAD
[22:10:37] [187/458] UUCB
[22:10:38] [188/458] JHOL
[22:10:39] [189/458] SGWT
[22:10:39] [190/458] SRII
[22:10:40] [191/458] SGCK
[22:10:42] [192/458] SVVB
[22:10:42] 🔄 Identity reset
[22:10:42] 🔄 Identity rotated (every 10 requests)
[22:10:43] 🔄 Retry 1/5 for SVVB in 2.5s
[22:10:43] 🔄 Identity reset
[22:10:45] 🧠 New identity created
[22:10:45] 🔄 Retry 2/5 for SVVB in 5.0s
[22:10:45] 🔄 Identity reset
[22:10:50] 🧠 New identity created
[22:10:50] 🔄 Retry 3/5 for SVVB in 8.9s
[22:10:50] 🔄 Identity reset
[22:10:59] 🧠 New identity created
[22:10:59] 🔄 Retry 4/5 for SVVB in 16.3s
[22:10:59] 🔄 Identity reset
[22:11:16] 🧠 New identity created
[22:11:16] ❌ SVVB failed after 5 attempts
[22:11:16] 🔄 Identity reset
[22:11:16] ❌ SVVB final failure | RuntimeError | HTTP 403
[22:11:16] [193/458] DMHA
[22:11:17] 🧠 New identity created
[22:11:17] [194/458] PPNL
[22:11:18] [195/458] CPNL
[22:11:19] [196/458] WVLD
[22:11:20] [197/458] PSLV
[22:11:21] [198/458] VTTL
[22:11:22] 🔄 Identity reset
[22:11:22] 🔄 Identity rotated (every 10 requests)
[22:11:23] [199/458] NPAD
[22:11:23] [200/458] PVCS
[22:11:25] [201/458] MCHL
[22:11:26] [202/458] PPLL
[22:11:28] [203/458] MALO
[22:11:30] [204/458] SWBH
[22:11:32] [205/458] PUGB
[22:11:33] [206/458] INBB
[22:11:33] [207/458] INNS
[22:11:35] [208/458] MCPT
[22:11:36] 🔄 Identity reset
[22:11:36] 🔄 Identity rotated (every 10 requests)
[22:11:36] [209/458] SCMI
[22:11:38] [210/458] OCON
[22:11:39] [211/458] SCSM
[22:11:40] [212/458] RJVN
[22:11:41] [213/458] AMDK
[22:11:42] [214/458] ISMR
[22:11:43] [215/458] SMTD
[22:11:43] [216/458] VTDD
[22:11:44] [217/458] PDDZ
[22:11:45] [218/458] PCCK
[22:11:46] 🔄 Identity reset
[22:11:46] 🔄 Identity rotated (every 10 requests)
[22:11:46] [219/458] INAM
[22:11:47] [220/458] FNKT
[22:11:48] [221/458] GDKA
[22:11:49] [222/458] MAYU
[22:11:50] [223/458] TCGU
[22:11:51] [224/458] KDCA
[22:11:52] [225/458] DOMY
[22:11:53] [226/458] PDDD
[22:11:54] [227/458] BJTS
[22:11:55] [228/458] VTCA
[22:11:56] 🔄 Identity reset
[22:11:56] 🔄 Identity rotated (every 10 requests)
[22:11:56] 🔄 Retry 1/5 for VTCA in 2.2s
[22:11:56] 🔄 Identity reset
[22:11:58] 🧠 New identity created
[22:11:59] 🔄 Retry 2/5 for VTCA in 4.6s
[22:11:59] 🔄 Identity reset
[22:12:03] 🧠 New identity created
[22:12:04] [229/458] SBTM
[22:12:05] [230/458] SEET
[22:12:06] [231/458] SSTJ
[22:12:07] [232/458] SVNT
[22:12:07] [233/458] PPPR
[22:12:08] [234/458] PVYS
[22:12:09] [235/458] IOSE
[22:12:10] [236/458] ACTV
[22:12:11] 🔄 Identity reset
[22:12:11] 🔄 Identity rotated (every 10 requests)
[22:12:11] 🔄 Retry 1/5 for ACTV in 2.8s
[22:12:11] 🔄 Identity reset
[22:12:14] 🧠 New identity created
[22:12:14] [237/458] APVE
[22:12:15] [238/458] TCCL
[22:12:16] [239/458] SCMO
[22:12:17] [240/458] SAUM
[22:12:18] [241/458] KCJS
[22:12:20] [242/458] NJCJ
[22:12:21] [243/458] NECF
[22:12:22] [244/458] CCGW
[22:12:23] [245/458] CCMG
[22:12:24] 🔄 Identity reset
[22:12:24] 🔄 Identity rotated (every 10 requests)
[22:12:24] 🔄 Retry 1/5 for CCMG in 2.8s
[22:12:24] 🔄 Identity reset
[22:12:27] 🧠 New identity created
[22:12:27] [246/458] NYRG
[22:12:28] [247/458] NCSQ
[22:12:29] [248/458] GRCG
[22:12:30] [249/458] CCBT
[22:12:31] [250/458] ACGA
[22:12:32] [251/458] INAG
[22:12:33] [252/458] FUCG
[22:12:34] [253/458] AICF
[22:12:35] [254/458] GRGA
[22:12:35] 🔄 Identity reset
[22:12:35] 🔄 Identity rotated (every 10 requests)
[22:12:36] [255/458] GDCN
[22:12:37] [256/458] RRCG
[22:12:38] [257/458] SDCH
[22:12:40] [258/458] WVJM
[22:12:41] [259/458] JCCZ
[22:12:42] [260/458] CNCL
[22:12:43] [261/458] TMLV
[22:12:44] [262/458] MEMB
[22:12:45] [263/458] SGTD
[22:12:45] [264/458] CONX
[22:12:46] 🔄 Identity reset
[22:12:46] 🔄 Identity rotated (every 10 requests)
[22:12:46] 🔄 Retry 1/5 for CONX in 2.4s
[22:12:46] 🔄 Identity reset
[22:12:49] 🧠 New identity created
[22:12:49] [265/458] CCMH
[22:12:50] [266/458] ACMC
[22:12:51] [267/458] DTPD
[22:12:52] [268/458] POJA
[22:12:53] [269/458] FNBH
[22:12:54] [270/458] CGCB
[22:12:55] [271/458] RACN
[22:12:56] [272/458] JTSM
[22:12:57] [273/458] SCDN
[22:12:58] 🔄 Identity reset
[22:12:58] 🔄 Identity rotated (every 10 requests)
[22:12:58] [274/458] AACK
[22:12:59] [275/458] RMCE
[22:13:00] [276/458] BSGB
[22:13:02] [277/458] MRCB
[22:13:03] [278/458] SRVR
[22:13:04] [279/458] VTKK
[22:13:05] [280/458] AMST
[22:13:06] [281/458] APCY
[22:13:07] [282/458] LMHO
[22:13:08] [283/458] MTZH
[22:13:08] 🔄 Identity reset
[22:13:08] 🔄 Identity rotated (every 10 requests)
[22:13:09] 🔄 Retry 1/5 for MTZH in 2.5s
[22:13:09] 🔄 Identity reset
[22:13:11] 🧠 New identity created
[22:13:12] [284/458] AMZB
[22:13:13] [285/458] SUVT
[22:13:14] [286/458] RCIP
[22:13:15] [287/458] KESR
[22:13:16] [288/458] SNKC
[22:13:17] [289/458] SCED
[22:13:18] [290/458] DVCA
[22:13:19] [291/458] VCDT
[22:13:20] [292/458] RRDI
[22:13:20] 🔄 Identity reset
[22:13:20] 🔄 Identity rotated (every 10 requests)
[22:13:21] 🔄 Retry 1/5 for RRDI in 2.1s
[22:13:21] 🔄 Identity reset
[22:13:23] 🧠 New identity created
[22:13:24] [293/458] DFCH
[22:13:25] [294/458] INSC
[22:13:26] [295/458] RGTR
[22:13:27] [296/458] FMOT
[22:13:29] [297/458] SCPM
[22:13:30] [298/458] GCDT
[22:13:32] [299/458] BRKT
[22:13:33] [300/458] DEMP
[22:13:35] [301/458] SRLC
[22:13:35] 🔄 Identity reset
[22:13:35] 🔄 Identity rotated (every 10 requests)
[22:13:35] 🔄 Retry 1/5 for SRLC in 2.7s
[22:13:35] 🔄 Identity reset
[22:13:38] 🧠 New identity created
[22:13:38] [302/458] KSTT
[22:13:40] [303/458] SMMT
[22:13:41] [304/458] SILM
[22:13:42] [305/458] JCVM
[22:13:43] [306/458] KCSV
[22:13:44] [307/458] MHLK
[22:13:45] [308/458] SLVL
[22:13:46] [309/458] RJKP
[22:13:47] [310/458] BBPC
[22:13:47] 🔄 Identity reset
[22:13:47] 🔄 Identity rotated (every 10 requests)
[22:13:48] [311/458] MXCB
[22:13:49] [312/458] TCPK
[22:13:51] [313/458] RTBR
[22:13:52] [314/458] GAUT
[22:13:53] [315/458] DVCF
[22:13:54] [316/458] JTSB
[22:13:55] [317/458] SBLS
[22:13:56] [318/458] UDAY
[22:13:57] [319/458] PTNP
[22:13:58] [320/458] DMKT
[22:13:59] 🔄 Identity reset
[22:13:59] 🔄 Identity rotated (every 10 requests)
[22:13:59] [321/458] NTDT
[22:14:00] [322/458] SHDJ
[22:14:01] [323/458] OTNC
[22:14:02] [324/458] RNTW
[22:14:03] [325/458] GCMI
[22:14:03] [326/458] CRCM
[22:14:04] [327/458] NNCZ
[22:14:05] [328/458] OEMO
[22:14:06] [329/458] PVJM
[22:14:07] [330/458] CPJI
[22:14:08] 🔄 Identity reset
[22:14:08] 🔄 Identity rotated (every 10 requests)
[22:14:09] [331/458] RMCJ
[22:14:09] [332/458] CNWJ
[22:14:10] [333/458] EPJM
[22:14:12] [334/458] FNJJ
[22:14:12] [335/458] GCMJ
[22:14:13] [336/458] INPS
[22:14:15] [337/458] BICJ
[22:14:16] [338/458] ISTJ
[22:14:16] [339/458] INJC
[22:14:17] [340/458] GLXJ
[22:14:18] 🔄 Identity reset
[22:14:18] 🔄 Identity rotated (every 10 requests)
[22:14:19] [341/458] INEM
[22:14:20] [342/458] JTMN
[22:14:21] [343/458] FRCJ
[22:14:22] [344/458] DDJP
[22:14:23] [345/458] INJV
[22:14:24] [346/458] GOLC
[22:14:25] [347/458] KOCI
[22:14:25] [348/458] FSTD
[22:14:26] [349/458] PACJ
[22:14:28] [350/458] GMCN
[22:14:29] 🔄 Identity reset
[22:14:29] 🔄 Identity rotated (every 10 requests)
[22:14:29] 🔄 Retry 1/5 for GMCN in 2.6s
[22:14:29] 🔄 Identity reset
[22:14:31] 🧠 New identity created
[22:14:32] [351/458] MMDJ
[22:14:33] [352/458] GODH
[22:14:34] [353/458] SKYN
[22:14:35] [354/458] NCTH
[22:14:36] [355/458] SKVZ
[22:14:37] [356/458] SVML
[22:14:38] [357/458] ACVZ
[22:14:39] [358/458] SURA
[22:14:40] [359/458] RTRB
[22:14:41] 🔄 Identity reset
[22:14:41] 🔄 Identity rotated (every 10 requests)
[22:14:41] [360/458] LLCT
[22:14:43] [361/458] ATTS
[22:14:44] [362/458] JYCM
[22:14:45] [363/458] CTKR
[22:14:46] [364/458] LCKR
[22:14:47] [365/458] NYCV
[22:14:48] [366/458] NYOH
[22:14:49] [367/458] NOVX
[22:14:50] [368/458] MRGK
[22:14:51] [369/458] MOON
[22:14:52] 🔄 Identity reset
[22:14:52] 🔄 Identity rotated (every 10 requests)
[22:14:52] 🔄 Retry 1/5 for MOON in 2.1s
[22:14:52] 🔄 Identity reset
[22:14:54] 🧠 New identity created
[22:14:54] 🔄 Retry 2/5 for MOON in 4.9s
[22:14:54] 🔄 Identity reset
[22:14:59] 🧠 New identity created
[22:14:59] 🔄 Retry 3/5 for MOON in 8.9s
[22:14:59] 🔄 Identity reset
[22:15:08] 🧠 New identity created
[22:15:08] [370/458] SBUC
[22:15:09] [371/458] GSVA
[22:15:11] [372/458] VIAK
[22:15:12] [373/458] SMVZ
[22:15:13] [374/458] MATE
[22:15:14] [375/458] RDCN
[22:15:15] [376/458] ASBL
[22:15:15] 🔄 Identity reset
[22:15:15] 🔄 Identity rotated (every 10 requests)
[22:15:16] [377/458] ASVS
[22:15:17] [378/458] ASSR
[22:15:18] [379/458] SSKN
[22:15:18] [380/458] DRPV
[22:15:20] [381/458] MRHT
[22:15:20] [382/458] BSCN
[22:15:21] [383/458] RKNX
[22:15:22] [384/458] MSMC
[22:15:23] [385/458] MSCJ
[22:15:24] [386/458] BTBJ
[22:15:25] 🔄 Identity reset
[22:15:25] 🔄 Identity rotated (every 10 requests)
[22:15:25] [387/458] MJCC
[22:15:26] [388/458] IOMM
[22:15:27] [389/458] ADGR
[22:15:29] [390/458] MYCP
[22:15:30] [391/458] IGCM
[22:15:31] [392/458] PGRK
[22:15:32] [393/458] VPGO
[22:15:33] [394/458] KOMS
[22:15:34] [395/458] URGG
[22:15:34] [396/458] GOST
[22:15:35] 🔄 Identity reset
[22:15:35] 🔄 Identity rotated (every 10 requests)
[22:15:36] [397/458] LACT
[22:15:36] [398/458] BWCM
[22:15:37] [399/458] NCCW
[22:15:38] [400/458] SKYC
[22:15:39] [401/458] CCPM
[22:15:40] [402/458] VCBT
[22:15:41] [403/458] SDKR
[22:15:42] [404/458] CTYB
[22:15:43] [405/458] SHCX
[22:15:44] [406/458] RCUN
[22:15:45] 🔄 Identity reset
[22:15:45] 🔄 Identity rotated (every 10 requests)
[22:15:45] [407/458] CNRA
[22:15:46] [408/458] RFCA
[22:15:47] [409/458] RDCU
[22:15:49] [410/458] SARK
[22:15:50] [411/458] SPPP
[22:15:51] [412/458] ADMB
[22:15:52] [413/458] JYOE
[22:15:53] [414/458] SRMD
[22:15:53] [415/458] RJDH
[22:15:55] [416/458] SSTD
[22:15:55] 🔄 Identity reset
[22:15:55] 🔄 Identity rotated (every 10 requests)
[22:15:56] [417/458] AACV
[22:15:57] [418/458] PPVD
[22:15:57] [419/458] STCP
[22:15:59] [420/458] ANLS
[22:16:00] [421/458] BIJO
[22:16:02] [422/458] AVAB
[22:16:03] [423/458] SPMD
[22:16:03] [424/458] SVJL
[22:16:05] [425/458] SDDJ
[22:16:05] [426/458] SLTU
[22:16:06] 🔄 Identity reset
[22:16:06] 🔄 Identity rotated (every 10 requests)
[22:16:07] [427/458] SAKA
[22:16:08] [428/458] PMAM
[22:16:09] [429/458] FNAM
[22:16:10] [430/458] ACAM
[22:16:11] [431/458] SCMM
[22:16:13] [432/458] PMAK
[22:16:14] [433/458] NYSA
[22:16:15] [434/458] FCPA
[22:16:16] [435/458] GDAN
[22:16:17] [436/458] RSCA
[22:16:18] 🔄 Identity reset
[22:16:18] 🔄 Identity rotated (every 10 requests)
[22:16:18] [437/458] DMAN
[22:16:19] [438/458] DZCM
[22:16:20] [439/458] NSGL
[22:16:21] [440/458] CCPP
[22:16:22] [441/458] PSMG
[22:16:23] [442/458] GSER
[22:16:24] [443/458] FCCT
[22:16:25] [444/458] FCTB
[22:16:26] [445/458] LCNK
[22:16:27] [446/458] SKTY
[22:16:27] 🔄 Identity reset
[22:16:27] 🔄 Identity rotated (every 10 requests)
[22:16:28] 🔄 Retry 1/5 for SKTY in 2.4s
[22:16:28] 🔄 Identity reset
[22:16:30] 🧠 New identity created
[22:16:30] 🔄 Retry 2/5 for SKTY in 4.2s
[22:16:30] 🔄 Identity reset
[22:16:34] 🧠 New identity created
[22:16:35] [447/458] INAA
[22:16:36] [448/458] RCWN
[22:16:37] [449/458] VAIS
[22:16:37] [450/458] CVMN
[22:16:38] [451/458] INTS
[22:16:39] [452/458] FRGS
[22:16:40] [453/458] DTCK
[22:16:42] [454/458] MCMH
[22:16:42] 🔄 Identity reset
[22:16:42] 🔄 Identity rotated (every 10 requests)
[22:16:43] [455/458] ECRR
[22:16:43] [456/458] RLLP
[22:16:44] [457/458] CCSN
[22:16:45] [458/458] CCBA
[22:16:46] 🔁 RETRY ROUND 1 | Remaining: 1
[22:16:46] [RETRY-1] SVVB
[22:16:48] 🧹 Deduping shows
[22:16:48] ✅ DONE | Shows=29 | Movies=5
[18:28:56] 🚀 SCRIPT STARTED (enhanced anti‑detection)
[18:28:56] [1/458] MBDC
[18:28:57] 🧠 New identity created
[18:28:57] 🔄 Retry 1/5 for MBDC in 2.4s
[18:28:57] 🔄 Identity reset
[18:28:59] 🧠 New identity created
[18:28:59] 🔄 Retry 2/5 for MBDC in 4.9s
[18:28:59] 🔄 Identity reset
[18:29:04] 🧠 New identity created
[18:29:04] 🔄 Retry 3/5 for MBDC in 8.8s
[18:29:04] 🔄 Identity reset
[18:29:13] 🧠 New identity created
[18:29:13] [2/458] CHKM
[18:29:14] [3/458] JTKZ
[18:29:15] [4/458] CMCT
[18:29:16] [5/458] ASHO
[18:29:17] [6/458] ECDG
[18:29:18] [7/458] SPAT
[18:29:18] 🔄 Identity reset
[18:29:18] 🔄 Identity rotated (every 10 requests)
[18:29:19] [8/458] HILC
[18:29:19] [9/458] SPPH
[18:29:20] [10/458] SBHN
[18:29:21] [11/458] RRCA
[18:29:23] [12/458] APAA
[18:29:24] [13/458] RAME
[18:29:25] [14/458] TMMS
[18:29:26] [15/458] BATK
[18:29:27] [16/458] LKOP
[18:29:27] [17/458] AMTT
[18:29:28] 🔄 Identity reset
[18:29:28] 🔄 Identity rotated (every 10 requests)
[18:29:28] 🔄 Retry 1/5 for AMTT in 2.1s
[18:29:28] 🔄 Identity reset
[18:29:30] 🧠 New identity created
[18:29:31] [18/458] PTGK
[18:29:31] [19/458] ANRS
[18:29:32] [20/458] VWBW
[18:29:33] [21/458] SVFG
[18:29:34] [22/458] STAT
[18:29:35] [23/458] GDCV
[18:29:36] [24/458] VEBI
[18:29:36] [25/458] VDSS
[18:29:37] [26/458] NTHV
[18:29:38] 🔄 Identity reset
[18:29:38] 🔄 Identity rotated (every 10 requests)
[18:29:38] [27/458] AOCH
[18:29:39] [28/458] KASR
[18:29:40] [29/458] AYCS
[18:29:41] [30/458] SHAI
[18:29:42] [31/458] SKPE
[18:29:43] [32/458] SBTA
[18:29:44] [33/458] RTTD
[18:29:45] [34/458] CCJD
[18:29:46] [35/458] RSJJ
[18:29:47] [36/458] RKND
[18:29:47] 🔄 Identity reset
[18:29:47] 🔄 Identity rotated (every 10 requests)
[18:29:48] [37/458] SVTX
[18:29:49] [38/458] BAKM
[18:29:50] [39/458] SVDC
[18:29:51] [40/458] MNCV
[18:29:52] [41/458] SJGC
[18:29:53] [42/458] MTPK
[18:29:54] [43/458] GATP
[18:29:54] [44/458] ABTS
[18:29:55] [45/458] ABDE
[18:29:56] [46/458] RCNM
[18:29:57] 🔄 Identity reset
[18:29:57] 🔄 Identity rotated (every 10 requests)
[18:29:57] [47/458] KTHV
[18:29:58] [48/458] MDGJ
[18:29:59] [49/458] SMLM
[18:30:00] [50/458] JTMA
[18:30:01] [51/458] ACKP
[18:30:02] [52/458] SRTA
[18:30:03] [53/458] STAY
[18:30:04] [54/458] MAVO
[18:30:05] [55/458] APTS
[18:30:05] [56/458] OMEA
[18:30:06] 🔄 Identity reset
[18:30:06] 🔄 Identity rotated (every 10 requests)
[18:30:06] 🔄 Retry 1/5 for OMEA in 2.3s
[18:30:06] 🔄 Identity reset
[18:30:08] 🧠 New identity created
[18:30:09] 🔄 Retry 2/5 for OMEA in 4.7s
[18:30:09] 🔄 Identity reset
[18:30:13] 🧠 New identity created
[18:30:13] 🔄 Retry 3/5 for OMEA in 8.7s
[18:30:13] 🔄 Identity reset
[18:30:22] 🧠 New identity created
[18:30:22] [57/458] TTFD
[18:30:23] [58/458] MJCU
[18:30:24] [59/458] CXTE
[18:30:25] [60/458] CTPX
[18:30:26] [61/458] ASSL
[18:30:27] [62/458] CMVB
[18:30:28] [63/458] VPUR
[18:30:29] 🔄 Identity reset
[18:30:29] 🔄 Identity rotated (every 10 requests)
[18:30:29] [64/458] JJDA
[18:30:30] [65/458] INBL
[18:30:31] [66/458] BIKB
[18:30:32] [67/458] NTBB
[18:30:32] [68/458] GLOB
[18:30:33] [69/458] SNTB
[18:30:34] [70/458] CHGV
[18:30:35] [71/458] SSBZ
[18:30:36] [72/458] PRDB
[18:30:37] [73/458] ISMT
[18:30:38] 🔄 Identity reset
[18:30:38] 🔄 Identity rotated (every 10 requests)
[18:30:38] 🔄 Retry 1/5 for ISMT in 2.6s
[18:30:38] 🔄 Identity reset
[18:30:40] 🧠 New identity created
[18:30:40] 🔄 Retry 2/5 for ISMT in 4.8s
[18:30:40] 🔄 Identity reset
[18:30:45] 🧠 New identity created
[18:30:45] 🔄 Retry 3/5 for ISMT in 8.1s
[18:30:45] 🔄 Identity reset
[18:30:53] 🧠 New identity created
[18:30:54] [74/458] MCSD
[18:30:55] [75/458] JBTT
[18:30:55] [76/458] GEKR
[18:30:56] [77/458] PVUN
[18:30:57] [78/458] NRTB
[18:30:58] [79/458] PRAA
[18:30:59] [80/458] PCBL
[18:30:59] 🔄 Identity reset
[18:30:59] 🔄 Identity rotated (every 10 requests)
[18:30:59] 🔄 Retry 1/5 for PCBL in 2.2s
[18:30:59] 🔄 Identity reset
[18:31:02] 🧠 New identity created
[18:31:02] 🔄 Retry 2/5 for PCBL in 4.9s
[18:31:02] 🔄 Identity reset
[18:31:07] 🧠 New identity created
[18:31:07] [81/458] PTCM
[18:31:08] [82/458] KHNN
[18:31:09] [83/458] OMJE
[18:31:09] [84/458] STGN
[18:31:10] [85/458] RPMS
[18:31:11] [86/458] NWAD
[18:31:12] [87/458] BLCK
[18:31:13] [88/458] SVAA
[18:31:13] 🔄 Identity reset
[18:31:13] 🔄 Identity rotated (every 10 requests)
[18:31:14] [89/458] URVM
[18:31:15] [90/458] ANTM
[18:31:16] [91/458] VJYM
[18:31:17] [92/458] MAZZ
[18:31:18] [93/458] CSHM
[18:31:19] [94/458] WGMH
[18:31:19] [95/458] SALN
[18:31:20] [96/458] BRTP
[18:31:21] [97/458] SVTA
[18:31:22] [98/458] SBTP
[18:31:22] 🔄 Identity reset
[18:31:22] 🔄 Identity rotated (every 10 requests)
[18:31:23] [99/458] VLSS
[18:31:24] [100/458] SRJA
[18:31:25] [101/458] ANCG
[18:31:26] [102/458] CGGC
[18:31:27] [103/458] CRJA
[18:31:27] [104/458] USCR
[18:31:29] [105/458] MMEF
[18:31:30] [106/458] JCRJ
[18:31:31] [107/458] ADCM
[18:31:32] [108/458] BMYK
[18:31:33] 🔄 Identity reset
[18:31:33] 🔄 Identity rotated (every 10 requests)
[18:31:33] 🔄 Retry 1/5 for BMYK in 2.3s
[18:31:33] 🔄 Identity reset
[18:31:35] 🧠 New identity created
[18:31:35] [109/458] KICS
[18:31:36] [110/458] MBBT
[18:31:37] [111/458] MACK
[18:31:38] [112/458] CLDR
[18:31:39] [113/458] JYCR
[18:31:39] [114/458] DCRP
[18:31:40] [115/458] RAHT
[18:31:41] [116/458] CSSM
[18:31:42] [117/458] ATPK
[18:31:43] 🔄 Identity reset
[18:31:43] 🔄 Identity rotated (every 10 requests)
[18:31:43] [118/458] KLRT
[18:31:44] [119/458] SRDD
[18:31:45] [120/458] CKMC
[18:31:46] [121/458] KRVM
[18:31:47] [122/458] AKCP
[18:31:48] [123/458] CNCV
[18:31:49] [124/458] PACT
[18:31:50] [125/458] NATP
[18:31:52] [126/458] PCPK
[18:31:53] [127/458] SMHO
[18:31:53] 🔄 Identity reset
[18:31:53] 🔄 Identity rotated (every 10 requests)
[18:31:54] [128/458] CWTK
[18:31:55] [129/458] RVKZ
[18:31:56] [130/458] ASPD
[18:31:57] [131/458] VTKZ
[18:31:58] [132/458] LCSO
[18:31:58] [133/458] PRDY
[18:31:59] [134/458] RCAP
[18:32:00] [135/458] RGAR
[18:32:01] [136/458] RCAC
[18:32:02] [137/458] PMOD
[18:32:02] 🔄 Identity reset
[18:32:02] 🔄 Identity rotated (every 10 requests)
[18:32:03] [138/458] PVCN
[18:32:03] [139/458] SCRZ
[18:32:05] [140/458] PVPC
[18:32:06] [141/458] STID
[18:32:07] [142/458] NEDD
[18:32:08] [143/458] BNBA
[18:32:10] [144/458] NTCD
[18:32:11] [145/458] OCDE
[18:32:12] [146/458] CCDU
[18:32:13] [147/458] CRXH
[18:32:13] 🔄 Identity reset
[18:32:13] 🔄 Identity rotated (every 10 requests)
[18:32:14] [148/458] VLVT
[18:32:15] [149/458] CICI
[18:32:15] [150/458] SUCB
[18:32:16] [151/458] TCBP
[18:32:17] [152/458] SCCY
[18:32:18] [153/458] LXCY
[18:32:19] [154/458] NCMD
[18:32:20] [155/458] PHCS
[18:32:21] [156/458] DUXR
[18:32:22] [157/458] VNKS
[18:32:23] 🔄 Identity reset
[18:32:23] 🔄 Identity rotated (every 10 requests)
[18:32:23] 🔄 Retry 1/5 for VNKS in 2.0s
[18:32:23] 🔄 Identity reset
[18:32:25] 🧠 New identity created
[18:32:25] 🔄 Retry 2/5 for VNKS in 4.4s
[18:32:25] 🔄 Identity reset
[18:32:29] 🧠 New identity created
[18:32:30] [158/458] SEDP
[18:32:31] [159/458] SVEN
[18:32:32] [160/458] SRKM
[18:32:33] [161/458] JTLT
[18:32:34] [162/458] SVSS
[18:32:35] [163/458] AMDE
[18:32:36] [164/458] WVRN
[18:32:37] [165/458] ISMG
[18:32:38] 🔄 Identity reset
[18:32:38] 🔄 Identity rotated (every 10 requests)
[18:32:38] 🔄 Retry 1/5 for ISMG in 2.5s
[18:32:38] 🔄 Identity reset
[18:32:40] 🧠 New identity created
[18:32:41] [166/458] WVKS
[18:32:42] [167/458] USCG
[18:32:43] [168/458] IOTG
[18:32:44] [169/458] RRJM
[18:32:45] [170/458] EDMP
[18:32:46] [171/458] SCGZ
[18:32:47] [172/458] GMGX
[18:32:47] [173/458] OMTP
[18:32:48] [174/458] MITD
[18:32:49] 🔄 Identity reset
[18:32:49] 🔄 Identity rotated (every 10 requests)
[18:32:49] 🔄 Retry 1/5 for MITD in 2.1s
[18:32:49] 🔄 Identity reset
[18:32:51] 🧠 New identity created
[18:32:51] 🔄 Retry 2/5 for MITD in 4.6s
[18:32:51] 🔄 Identity reset
[18:32:56] 🧠 New identity created
[18:32:56] 🔄 Retry 3/5 for MITD in 8.9s
[18:32:56] 🔄 Identity reset
[18:33:04] 🧠 New identity created
[18:33:05] 🔄 Retry 4/5 for MITD in 16.3s
[18:33:05] 🔄 Identity reset
[18:33:21] 🧠 New identity created
[18:33:21] [175/458] SMMD
[18:33:22] [176/458] STML
[18:33:23] [177/458] MCFS
[18:33:25] [178/458] FPKA
[18:33:26] [179/458] OMLR
[18:33:26] [180/458] KKSC
[18:33:27] 🔄 Identity reset
[18:33:27] 🔄 Identity rotated (every 10 requests)
[18:33:27] [181/458] RVMA
[18:33:28] [182/458] SCLL
[18:33:29] [183/458] SCDK
[18:33:31] [184/458] SXMI
[18:33:32] [185/458] SHDN
[18:33:32] [186/458] PAAD
[18:33:33] [187/458] UUCB
[18:33:35] [188/458] JHOL
[18:33:36] [189/458] SGWT
[18:33:36] [190/458] SRII
[18:33:37] 🔄 Identity reset
[18:33:37] 🔄 Identity rotated (every 10 requests)
[18:33:37] [191/458] SGCK
[18:33:38] [192/458] SVVB
[18:33:39] [193/458] DMHA
[18:33:40] [194/458] PPNL
[18:33:41] [195/458] CPNL
[18:33:42] [196/458] WVLD
[18:33:43] [197/458] PSLV
[18:33:44] [198/458] VTTL
[18:33:45] [199/458] NPAD
[18:33:46] [200/458] PVCS
[18:33:46] 🔄 Identity reset
[18:33:46] 🔄 Identity rotated (every 10 requests)
[18:33:47] [201/458] MCHL
[18:33:47] [202/458] PPLL
[18:33:48] [203/458] MALO
[18:33:49] [204/458] SWBH
[18:33:50] [205/458] PUGB
[18:33:51] [206/458] INBB
[18:33:52] [207/458] INNS
[18:33:53] [208/458] MCPT
[18:33:54] [209/458] SCMI
[18:33:55] [210/458] OCON
[18:33:55] 🔄 Identity reset
[18:33:55] 🔄 Identity rotated (every 10 requests)
[18:33:56] [211/458] SCSM
[18:33:57] [212/458] RJVN
[18:33:57] [213/458] AMDK
[18:33:59] [214/458] ISMR
[18:33:59] [215/458] SMTD
[18:34:00] [216/458] VTDD
[18:34:01] [217/458] PDDZ
[18:34:02] [218/458] PCCK
[18:34:03] [219/458] INAM
[18:34:04] [220/458] FNKT
[18:34:04] 🔄 Identity reset
[18:34:04] 🔄 Identity rotated (every 10 requests)
[18:34:05] [221/458] GDKA
[18:34:06] [222/458] MAYU
[18:34:07] [223/458] TCGU
[18:34:08] [224/458] KDCA
[18:34:09] [225/458] DOMY
[18:34:10] [226/458] PDDD
[18:34:11] [227/458] BJTS
[18:34:12] [228/458] VTCA
[18:34:13] [229/458] SBTM
[18:34:14] [230/458] SEET
[18:34:15] 🔄 Identity reset
[18:34:15] 🔄 Identity rotated (every 10 requests)
[18:34:15] [231/458] SSTJ
[18:34:17] [232/458] SVNT
[18:34:17] [233/458] PPPR
[18:34:18] [234/458] PVYS
[18:34:19] [235/458] IOSE
[18:34:20] [236/458] ACTV
[18:34:21] [237/458] APVE
[18:34:22] [238/458] TCCL
[18:34:23] [239/458] SCMO
[18:34:24] [240/458] SAUM
[18:34:24] 🔄 Identity reset
[18:34:24] 🔄 Identity rotated (every 10 requests)
[18:34:25] [241/458] KCJS
[18:34:26] [242/458] NJCJ
[18:34:26] [243/458] NECF
[18:34:27] [244/458] CCGW
[18:34:28] [245/458] CCMG
[18:34:29] [246/458] NYRG
[18:34:30] [247/458] NCSQ
[18:34:31] [248/458] GRCG
[18:34:32] [249/458] CCBT
[18:34:33] [250/458] ACGA
[18:34:33] 🔄 Identity reset
[18:34:33] 🔄 Identity rotated (every 10 requests)
[18:34:34] [251/458] INAG
[18:34:36] [252/458] FUCG
[18:34:37] [253/458] AICF
[18:34:38] [254/458] GRGA
[18:34:39] [255/458] GDCN
[18:34:40] [256/458] RRCG
[18:34:41] [257/458] SDCH
[18:34:42] [258/458] WVJM
[18:34:43] [259/458] JCCZ
[18:34:44] [260/458] CNCL
[18:34:45] 🔄 Identity reset
[18:34:45] 🔄 Identity rotated (every 10 requests)
[18:34:45] 🔄 Retry 1/5 for CNCL in 2.4s
[18:34:45] 🔄 Identity reset
[18:34:47] 🧠 New identity created
[18:34:47] [261/458] TMLV
[18:34:48] [262/458] MEMB
[18:34:50] [263/458] SGTD
[18:34:51] [264/458] CONX
[18:34:52] [265/458] CCMH
[18:34:53] [266/458] ACMC
[18:34:54] [267/458] DTPD
[18:34:55] [268/458] POJA
[18:34:56] [269/458] FNBH
[18:34:57] 🔄 Identity reset
[18:34:57] 🔄 Identity rotated (every 10 requests)
[18:34:57] 🔄 Retry 1/5 for FNBH in 2.1s
[18:34:57] 🔄 Identity reset
[18:34:59] 🧠 New identity created
[18:34:59] [270/458] CGCB
[18:35:00] [271/458] RACN
[18:35:01] [272/458] JTSM
[18:35:02] [273/458] SCDN
[18:35:03] [274/458] AACK
[18:35:04] [275/458] RMCE
[18:35:04] [276/458] BSGB
[18:35:05] [277/458] MRCB
[18:35:06] [278/458] SRVR
[18:35:07] 🔄 Identity reset
[18:35:07] 🔄 Identity rotated (every 10 requests)
[18:35:07] [279/458] VTKK
[18:35:08] [280/458] AMST
[18:35:09] [281/458] APCY
[18:35:09] [282/458] LMHO
[18:35:10] [283/458] MTZH
[18:35:11] [284/458] AMZB
[18:35:12] [285/458] SUVT
[18:35:13] [286/458] RCIP
[18:35:14] [287/458] KESR
[18:35:15] [288/458] SNKC
[18:35:16] 🔄 Identity reset
[18:35:16] 🔄 Identity rotated (every 10 requests)
[18:35:16] [289/458] SCED
[18:35:17] [290/458] DVCA
[18:35:18] [291/458] VCDT
[18:35:19] [292/458] RRDI
[18:35:20] [293/458] DFCH
[18:35:21] [294/458] INSC
[18:35:22] [295/458] RGTR
[18:35:23] [296/458] FMOT
[18:35:24] [297/458] SCPM
[18:35:25] [298/458] GCDT
[18:35:26] 🔄 Identity reset
[18:35:26] 🔄 Identity rotated (every 10 requests)
[18:35:26] [299/458] BRKT
[18:35:27] [300/458] DEMP
[18:35:28] [301/458] SRLC
[18:35:29] [302/458] KSTT
[18:35:31] [303/458] SMMT
[18:35:31] [304/458] SILM
[18:35:32] [305/458] JCVM
[18:35:33] [306/458] KCSV
[18:35:34] [307/458] MHLK
[18:35:35] [308/458] SLVL
[18:35:35] 🔄 Identity reset
[18:35:35] 🔄 Identity rotated (every 10 requests)
[18:35:36] 🔄 Retry 1/5 for SLVL in 2.3s
[18:35:36] 🔄 Identity reset
[18:35:38] 🧠 New identity created
[18:35:38] [309/458] RJKP
[18:35:39] [310/458] BBPC
[18:35:40] [311/458] MXCB
[18:35:41] [312/458] TCPK
[18:35:42] [313/458] RTBR
[18:35:43] [314/458] GAUT
[18:35:44] [315/458] DVCF
[18:35:45] [316/458] JTSB
[18:35:46] [317/458] SBLS
[18:35:46] 🔄 Identity reset
[18:35:46] 🔄 Identity rotated (every 10 requests)
[18:35:48] [318/458] UDAY
[18:35:49] [319/458] PTNP
[18:35:49] [320/458] DMKT
[18:35:50] [321/458] NTDT
[18:35:51] [322/458] SHDJ
[18:35:52] [323/458] OTNC
[18:35:53] [324/458] RNTW
[18:35:54] [325/458] GCMI
[18:35:55] [326/458] CRCM
[18:35:55] [327/458] NNCZ
[18:35:56] 🔄 Identity reset
[18:35:56] 🔄 Identity rotated (every 10 requests)
[18:35:57] [328/458] OEMO
[18:35:58] [329/458] PVJM
[18:35:59] [330/458] CPJI
[18:36:00] [331/458] RMCJ
[18:36:00] [332/458] CNWJ
[18:36:01] [333/458] EPJM
[18:36:02] [334/458] FNJJ
[18:36:03] [335/458] GCMJ
[18:36:04] [336/458] INPS
[18:36:05] [337/458] BICJ
[18:36:06] 🔄 Identity reset
[18:36:06] 🔄 Identity rotated (every 10 requests)
[18:36:06] [338/458] ISTJ
[18:36:07] [339/458] INJC
[18:36:08] [340/458] GLXJ
[18:36:09] [341/458] INEM
[18:36:10] [342/458] JTMN
[18:36:11] [343/458] FRCJ
[18:36:12] [344/458] DDJP
[18:36:13] [345/458] INJV
[18:36:14] [346/458] GOLC
[18:36:14] [347/458] KOCI
[18:36:15] 🔄 Identity reset
[18:36:15] 🔄 Identity rotated (every 10 requests)
[18:36:15] [348/458] FSTD
[18:36:16] [349/458] PACJ
[18:36:17] [350/458] GMCN
[18:36:18] [351/458] MMDJ
[18:36:19] [352/458] GODH
[18:36:20] [353/458] SKYN
[18:36:20] [354/458] NCTH
[18:36:21] [355/458] SKVZ
[18:36:22] [356/458] SVML
[18:36:23] [357/458] ACVZ
[18:36:23] 🔄 Identity reset
[18:36:23] 🔄 Identity rotated (every 10 requests)
[18:36:24] [358/458] SURA
[18:36:25] [359/458] RTRB
[18:36:26] [360/458] LLCT
[18:36:26] [361/458] ATTS
[18:36:27] [362/458] JYCM
[18:36:28] [363/458] CTKR
[18:36:30] [364/458] LCKR
[18:36:31] [365/458] NYCV
[18:36:31] [366/458] NYOH
[18:36:32] [367/458] NOVX
[18:36:33] 🔄 Identity reset
[18:36:33] 🔄 Identity rotated (every 10 requests)
[18:36:33] [368/458] MRGK
[18:36:35] [369/458] MOON
[18:36:36] [370/458] SBUC
[18:36:37] [371/458] GSVA
[18:36:38] [372/458] VIAK
[18:36:39] [373/458] SMVZ
[18:36:40] [374/458] MATE
[18:36:40] [375/458] RDCN
[18:36:41] [376/458] ASBL
[18:36:42] [377/458] ASVS
[18:36:42] 🔄 Identity reset
[18:36:43] 🔄 Identity rotated (every 10 requests)
[18:36:43] [378/458] ASSR
[18:36:44] [379/458] SSKN
[18:36:45] [380/458] DRPV
[18:36:45] [381/458] MRHT
[18:36:46] [382/458] BSCN
[18:36:47] [383/458] RKNX
[18:36:49] [384/458] MSMC
[18:36:50] [385/458] MSCJ
[18:36:50] [386/458] BTBJ
[18:36:52] [387/458] MJCC
[18:36:53] 🔄 Identity reset
[18:36:53] 🔄 Identity rotated (every 10 requests)
[18:36:53] 🔄 Retry 1/5 for MJCC in 2.9s
[18:36:53] 🔄 Identity reset
[18:36:56] 🧠 New identity created
[18:36:56] [388/458] IOMM
[18:36:58] [389/458] ADGR
[18:36:58] [390/458] MYCP
[18:36:59] [391/458] IGCM
[18:37:00] [392/458] PGRK
[18:37:02] [393/458] VPGO
[18:37:02] [394/458] KOMS
[18:37:03] [395/458] URGG
[18:37:04] [396/458] GOST
[18:37:05] 🔄 Identity reset
[18:37:05] 🔄 Identity rotated (every 10 requests)
[18:37:05] [397/458] LACT
[18:37:06] [398/458] BWCM
[18:37:07] [399/458] NCCW
[18:37:08] [400/458] SKYC
[18:37:09] [401/458] CCPM
[18:37:10] [402/458] VCBT
[18:37:10] [403/458] SDKR
[18:37:12] [404/458] CTYB
[18:37:13] [405/458] SHCX
[18:37:13] [406/458] RCUN
[18:37:14] 🔄 Identity reset
[18:37:14] 🔄 Identity rotated (every 10 requests)
[18:37:14] [407/458] CNRA
[18:37:15] [408/458] RFCA
[18:37:16] [409/458] RDCU
[18:37:17] [410/458] SARK
[18:37:18] [411/458] SPPP
[18:37:19] [412/458] ADMB
[18:37:19] [413/458] JYOE
[18:37:20] [414/458] SRMD
[18:37:21] [415/458] RJDH
[18:37:23] [416/458] SSTD
[18:37:23] 🔄 Identity reset
[18:37:23] 🔄 Identity rotated (every 10 requests)
[18:37:23] [417/458] AACV
[18:37:24] [418/458] PPVD
[18:37:25] [419/458] STCP
[18:37:26] [420/458] ANLS
[18:37:27] [421/458] BIJO
[18:37:28] [422/458] AVAB
[18:37:29] [423/458] SPMD
[18:37:30] [424/458] SVJL
[18:37:31] [425/458] SDDJ
[18:37:32] [426/458] SLTU
[18:37:32] 🔄 Identity reset
[18:37:32] 🔄 Identity rotated (every 10 requests)
[18:37:32] [427/458] SAKA
[18:37:33] [428/458] PMAM
[18:37:34] [429/458] FNAM
[18:37:35] [430/458] ACAM
[18:37:36] [431/458] SCMM
[18:37:37] [432/458] PMAK
[18:37:38] [433/458] NYSA
[18:37:39] [434/458] FCPA
[18:37:39] [435/458] GDAN
[18:37:40] [436/458] RSCA
[18:37:41] 🔄 Identity reset
[18:37:41] 🔄 Identity rotated (every 10 requests)
[18:37:41] 🔄 Retry 1/5 for RSCA in 2.7s
[18:37:41] 🔄 Identity reset
[18:37:44] 🧠 New identity created
[18:37:44] 🔄 Retry 2/5 for RSCA in 4.3s
[18:37:44] 🔄 Identity reset
[18:37:48] 🧠 New identity created
[18:37:48] 🔄 Retry 3/5 for RSCA in 8.7s
[18:37:48] 🔄 Identity reset
[18:37:57] 🧠 New identity created
[18:37:57] 🔄 Retry 4/5 for RSCA in 16.8s
[18:37:57] 🔄 Identity reset
[18:38:14] 🧠 New identity created
[18:38:14] [437/458] DMAN
[18:38:15] [438/458] DZCM
[18:38:16] [439/458] NSGL
[18:38:17] [440/458] CCPP
[18:38:18] [441/458] PSMG
[18:38:19] [442/458] GSER
[18:38:20] 🔄 Identity reset
[18:38:20] 🔄 Identity rotated (every 10 requests)
[18:38:20] [443/458] FCCT
[18:38:22] [444/458] FCTB
[18:38:23] [445/458] LCNK
[18:38:24] [446/458] SKTY
[18:38:25] [447/458] INAA
[18:38:26] [448/458] RCWN
[18:38:27] [449/458] VAIS
[18:38:28] [450/458] CVMN
[18:38:29] [451/458] INTS
[18:38:29] [452/458] FRGS
[18:38:30] 🔄 Identity reset
[18:38:30] 🔄 Identity rotated (every 10 requests)
[18:38:30] [453/458] DTCK
[18:38:31] [454/458] MCMH
[18:38:32] [455/458] ECRR
[18:38:33] [456/458] RLLP
[18:38:34] [457/458] CCSN
[18:38:35] [458/458] CCBA
[18:38:35] 🧹 Deduping shows
[18:38:35] ✅ DONE | Shows=164 | Movies=9
[03:01:32] 🚀 SCRIPT STARTED (enhanced anti‑detection)
[03:01:32] [1/458] MBDC
[03:01:32] 🧠 New identity created
[03:01:33] [2/458] CHKM
[03:01:34] [3/458] JTKZ
[03:01:35] [4/458] CMCT
[03:01:35] [5/458] ASHO
[03:01:36] [6/458] ECDG
[03:01:37] [7/458] SPAT
[03:01:38] [8/458] HILC
[03:01:39] [9/458] SPPH
[03:01:40] [10/458] SBHN
[03:01:41] 🔄 Identity reset
[03:01:41] 🔄 Identity rotated (every 10 requests)
[03:01:41] [11/458] RRCA
[03:01:42] [12/458] APAA
[03:01:43] [13/458] RAME
[03:01:44] [14/458] TMMS
[03:01:45] [15/458] BATK
[03:01:46] [16/458] LKOP
[03:01:47] [17/458] AMTT
[03:01:48] [18/458] PTGK
[03:01:49] [19/458] ANRS
[03:01:49] [20/458] VWBW
[03:01:50] 🔄 Identity reset
[03:01:50] 🔄 Identity rotated (every 10 requests)
[03:01:50] [21/458] SVFG
[03:01:51] [22/458] STAT
[03:01:53] [23/458] GDCV
[03:01:54] [24/458] VEBI
[03:01:54] [25/458] VDSS
[03:01:56] [26/458] NTHV
[03:01:57] [27/458] AOCH
[03:01:58] [28/458] KASR
[03:01:59] [29/458] AYCS
[03:02:00] [30/458] SHAI
[03:02:00] 🔄 Identity reset
[03:02:00] 🔄 Identity rotated (every 10 requests)
[03:02:00] 🔄 Retry 1/5 for SHAI in 2.1s
[03:02:00] 🔄 Identity reset
[03:02:03] 🧠 New identity created
[03:02:03] [31/458] SKPE
[03:02:04] [32/458] SBTA
[03:02:05] [33/458] RTTD
[03:02:06] [34/458] CCJD
[03:02:07] [35/458] RSJJ
[03:02:07] [36/458] RKND
[03:02:08] [37/458] SVTX
[03:02:09] [38/458] BAKM
[03:02:10] [39/458] SVDC
[03:02:11] 🔄 Identity reset
[03:02:11] 🔄 Identity rotated (every 10 requests)
[03:02:11] [40/458] MNCV
[03:02:12] [41/458] SJGC
[03:02:13] [42/458] MTPK
[03:02:14] [43/458] GATP
[03:02:15] [44/458] ABTS
[03:02:16] [45/458] ABDE
[03:02:17] [46/458] RCNM
[03:02:18] [47/458] KTHV
[03:02:19] [48/458] MDGJ
[03:02:21] [49/458] SMLM
[03:02:22] 🔄 Identity reset
[03:02:22] 🔄 Identity rotated (every 10 requests)
[03:02:23] [50/458] JTMA
[03:02:24] [51/458] ACKP
[03:02:25] [52/458] SRTA
[03:02:26] [53/458] STAY
[03:02:27] [54/458] MAVO
[03:02:28] [55/458] APTS
[03:02:29] [56/458] OMEA
[03:02:30] [57/458] TTFD
[03:02:31] [58/458] MJCU
[03:02:32] [59/458] CXTE
[03:02:33] 🔄 Identity reset
[03:02:33] 🔄 Identity rotated (every 10 requests)
[03:02:33] 🔄 Retry 1/5 for CXTE in 2.3s
[03:02:33] 🔄 Identity reset
[03:02:35] 🧠 New identity created
[03:02:36] [60/458] CTPX
[03:02:36] [61/458] ASSL
[03:02:37] [62/458] CMVB
[03:02:38] [63/458] VPUR
[03:02:39] [64/458] JJDA
[03:02:40] [65/458] INBL
[03:02:41] [66/458] BIKB
[03:02:42] [67/458] NTBB
[03:02:43] [68/458] GLOB
[03:02:43] 🔄 Identity reset
[03:02:43] 🔄 Identity rotated (every 10 requests)
[03:02:44] [69/458] SNTB
[03:02:45] [70/458] CHGV
[03:02:46] [71/458] SSBZ
[03:02:47] [72/458] PRDB
[03:02:48] [73/458] ISMT
[03:02:49] [74/458] MCSD
[03:02:49] [75/458] JBTT
[03:02:50] [76/458] GEKR
[03:02:51] [77/458] PVUN
[03:02:52] [78/458] NRTB
[03:02:53] 🔄 Identity reset
[03:02:53] 🔄 Identity rotated (every 10 requests)
[03:02:53] [79/458] PRAA
[03:02:55] [80/458] PCBL
[03:02:55] [81/458] PTCM
[03:02:56] [82/458] KHNN
[03:02:57] [83/458] OMJE
[03:02:58] [84/458] STGN
[03:02:59] [85/458] RPMS
[03:03:00] [86/458] NWAD
[03:03:01] [87/458] BLCK
[03:03:02] [88/458] SVAA
[03:03:03] 🔄 Identity reset
[03:03:03] 🔄 Identity rotated (every 10 requests)
[03:03:03] 🔄 Retry 1/5 for SVAA in 2.1s
[03:03:03] 🔄 Identity reset
[03:03:05] 🧠 New identity created
[03:03:05] [89/458] URVM
[03:03:06] [90/458] ANTM
[03:03:07] [91/458] VJYM
[03:03:08] [92/458] MAZZ
[03:03:09] [93/458] CSHM
[03:03:11] [94/458] WGMH
[03:03:12] [95/458] SALN
[03:03:12] [96/458] BRTP
[03:03:13] [97/458] SVTA
[03:03:14] 🔄 Identity reset
[03:03:14] 🔄 Identity rotated (every 10 requests)
[03:03:14] 🔄 Retry 1/5 for SVTA in 2.4s
[03:03:14] 🔄 Identity reset
[03:03:16] 🧠 New identity created
[03:03:17] [98/458] SBTP
[03:03:17] [99/458] VLSS
[03:03:18] [100/458] SRJA
[03:03:19] [101/458] ANCG
[03:03:20] [102/458] CGGC
[03:03:21] [103/458] CRJA
[03:03:22] [104/458] USCR
[03:03:23] [105/458] MMEF
[03:03:24] [106/458] JCRJ
[03:03:25] 🔄 Identity reset
[03:03:25] 🔄 Identity rotated (every 10 requests)
[03:03:25] [107/458] ADCM
[03:03:26] [108/458] BMYK
[03:03:27] [109/458] KICS
[03:03:28] [110/458] MBBT
[03:03:28] [111/458] MACK
[03:03:29] [112/458] CLDR
[03:03:30] [113/458] JYCR
[03:03:31] [114/458] DCRP
[03:03:32] [115/458] RAHT
[03:03:33] [116/458] CSSM
[03:03:33] 🔄 Identity reset
[03:03:33] 🔄 Identity rotated (every 10 requests)
[03:03:34] [117/458] ATPK
[03:03:35] [118/458] KLRT
[03:03:36] [119/458] SRDD
[03:03:37] [120/458] CKMC
[03:03:38] [121/458] KRVM
[03:03:39] [122/458] AKCP
[03:03:39] [123/458] CNCV
[03:03:40] [124/458] PACT
[03:03:41] [125/458] NATP
[03:03:42] [126/458] PCPK
[03:03:42] 🔄 Identity reset
[03:03:43] 🔄 Identity rotated (every 10 requests)
[03:03:44] [127/458] SMHO
[03:03:45] [128/458] CWTK
[03:03:46] [129/458] RVKZ
[03:03:47] [130/458] ASPD
[03:03:48] [131/458] VTKZ
[03:03:49] [132/458] LCSO
[03:03:50] [133/458] PRDY
[03:03:51] [134/458] RCAP
[03:03:52] [135/458] RGAR
[03:03:52] [136/458] RCAC
[03:03:53] 🔄 Identity reset
[03:03:53] 🔄 Identity rotated (every 10 requests)
[03:03:53] [137/458] PMOD
[03:03:54] [138/458] PVCN
[03:03:55] [139/458] SCRZ
[03:03:56] [140/458] PVPC
[03:03:57] [141/458] STID
[03:03:58] [142/458] NEDD
[03:03:59] [143/458] BNBA
[03:04:00] [144/458] NTCD
[03:04:01] [145/458] OCDE
[03:04:02] [146/458] CCDU
[03:04:03] 🔄 Identity reset
[03:04:03] 🔄 Identity rotated (every 10 requests)
[03:04:03] [147/458] CRXH
[03:04:04] [148/458] VLVT
[03:04:05] [149/458] CICI
[03:04:06] [150/458] SUCB
[03:04:07] [151/458] TCBP
[03:04:08] [152/458] SCCY
[03:04:09] [153/458] LXCY
[03:04:10] [154/458] NCMD
[03:04:11] [155/458] PHCS
[03:04:12] [156/458] DUXR
[03:04:13] 🔄 Identity reset
[03:04:13] 🔄 Identity rotated (every 10 requests)
[03:04:13] 🔄 Retry 1/5 for DUXR in 2.3s
[03:04:13] 🔄 Identity reset
[03:04:15] 🧠 New identity created
[03:04:15] 🔄 Retry 2/5 for DUXR in 4.0s
[03:04:15] 🔄 Identity reset
[03:04:19] 🧠 New identity created
[03:04:19] 🔄 Retry 3/5 for DUXR in 8.2s
[03:04:19] 🔄 Identity reset
[03:04:28] 🧠 New identity created
[03:04:28] [157/458] VNKS
[03:04:29] [158/458] SEDP
[03:04:30] [159/458] SVEN
[03:04:32] [160/458] SRKM
[03:04:33] [161/458] JTLT
[03:04:34] [162/458] SVSS
[03:04:35] [163/458] AMDE
[03:04:35] 🔄 Identity reset
[03:04:35] 🔄 Identity rotated (every 10 requests)
[03:04:35] [164/458] WVRN
[03:04:37] [165/458] ISMG
[03:04:38] [166/458] WVKS
[03:04:39] [167/458] USCG
[03:04:40] [168/458] IOTG
[03:04:40] [169/458] RRJM
[03:04:41] [170/458] EDMP
[03:04:42] [171/458] SCGZ
[03:04:43] [172/458] GMGX
[03:04:44] [173/458] OMTP
[03:04:45] 🔄 Identity reset
[03:04:45] 🔄 Identity rotated (every 10 requests)
[03:04:45] 🔄 Retry 1/5 for OMTP in 2.1s
[03:04:45] 🔄 Identity reset
[03:04:47] 🧠 New identity created
[03:04:47] 🔄 Retry 2/5 for OMTP in 4.8s
[03:04:47] 🔄 Identity reset
[03:04:52] 🧠 New identity created
[03:04:52] [174/458] MITD
[03:04:53] [175/458] SMMD
[03:04:54] [176/458] STML
[03:04:55] [177/458] MCFS
[03:04:56] [178/458] FPKA
[03:04:58] [179/458] OMLR
[03:04:59] [180/458] KKSC
[03:05:00] [181/458] RVMA
[03:05:01] 🔄 Identity reset
[03:05:01] 🔄 Identity rotated (every 10 requests)
[03:05:01] 🔄 Retry 1/5 for RVMA in 2.1s
[03:05:01] 🔄 Identity reset
[03:05:03] 🧠 New identity created
[03:05:03] [182/458] SCLL
[03:05:05] [183/458] SCDK
[03:05:06] [184/458] SXMI
[03:05:07] [185/458] SHDN
[03:05:08] [186/458] PAAD
[03:05:08] [187/458] UUCB
[03:05:09] [188/458] JHOL
[03:05:10] [189/458] SGWT
[03:05:11] [190/458] SRII
[03:05:12] 🔄 Identity reset
[03:05:12] 🔄 Identity rotated (every 10 requests)
[03:05:12] [191/458] SGCK
[03:05:13] [192/458] SVVB
[03:05:14] [193/458] DMHA
[03:05:15] [194/458] PPNL
[03:05:16] [195/458] CPNL
[03:05:17] [196/458] WVLD
[03:05:18] [197/458] PSLV
[03:05:19] [198/458] VTTL
[03:05:20] [199/458] NPAD
[03:05:21] [200/458] PVCS
[03:05:21] 🔄 Identity reset
[03:05:21] 🔄 Identity rotated (every 10 requests)
[03:05:22] [201/458] MCHL
[03:05:22] [202/458] PPLL
[03:05:24] [203/458] MALO
[03:05:24] [204/458] SWBH
[03:05:26] [205/458] PUGB
[03:05:27] [206/458] INBB
[03:05:28] [207/458] INNS
[03:05:29] [208/458] MCPT
[03:05:30] [209/458] SCMI
[03:05:31] [210/458] OCON
[03:05:31] 🔄 Identity reset
[03:05:31] 🔄 Identity rotated (every 10 requests)
[03:05:31] 🔄 Retry 1/5 for OCON in 2.4s
[03:05:31] 🔄 Identity reset
[03:05:34] 🧠 New identity created
[03:05:34] [211/458] SCSM
[03:05:35] [212/458] RJVN
[03:05:36] [213/458] AMDK
[03:05:37] [214/458] ISMR
[03:05:38] [215/458] SMTD
[03:05:40] [216/458] VTDD
[03:05:41] [217/458] PDDZ
[03:05:42] [218/458] PCCK
[03:05:42] [219/458] INAM
[03:05:43] 🔄 Identity reset
[03:05:43] 🔄 Identity rotated (every 10 requests)
[03:05:43] 🔄 Retry 1/5 for INAM in 2.0s
[03:05:43] 🔄 Identity reset
[03:05:45] 🧠 New identity created
[03:05:46] [220/458] FNKT
[03:05:47] [221/458] GDKA
[03:05:48] [222/458] MAYU
[03:05:49] [223/458] TCGU
[03:05:50] [224/458] KDCA
[03:05:51] [225/458] DOMY
[03:05:52] [226/458] PDDD
[03:05:53] [227/458] BJTS
[03:05:54] [228/458] VTCA
[03:05:54] 🔄 Identity reset
[03:05:54] 🔄 Identity rotated (every 10 requests)
[03:05:55] [229/458] SBTM
[03:05:56] [230/458] SEET
[03:05:57] [231/458] SSTJ
[03:05:58] [232/458] SVNT
[03:05:58] [233/458] PPPR
[03:05:59] [234/458] PVYS
[03:06:01] [235/458] IOSE
[03:06:02] [236/458] ACTV
[03:06:02] [237/458] APVE
[03:06:03] [238/458] TCCL
[03:06:04] 🔄 Identity reset
[03:06:04] 🔄 Identity rotated (every 10 requests)
[03:06:05] [239/458] SCMO
[03:06:06] [240/458] SAUM
[03:06:07] [241/458] KCJS
[03:06:08] [242/458] NJCJ
[03:06:09] [243/458] NECF
[03:06:10] [244/458] CCGW
[03:06:11] [245/458] CCMG
[03:06:12] [246/458] NYRG
[03:06:12] [247/458] NCSQ
[03:06:14] [248/458] GRCG
[03:06:15] 🔄 Identity reset
[03:06:15] 🔄 Identity rotated (every 10 requests)
[03:06:15] [249/458] CCBT
[03:06:16] [250/458] ACGA
[03:06:16] [251/458] INAG
[03:06:17] [252/458] FUCG
[03:06:18] [253/458] AICF
[03:06:19] [254/458] GRGA
[03:06:20] [255/458] GDCN
[03:06:21] [256/458] RRCG
[03:06:22] [257/458] SDCH
[03:06:23] [258/458] WVJM
[03:06:24] 🔄 Identity reset
[03:06:24] 🔄 Identity rotated (every 10 requests)
[03:06:24] 🔄 Retry 1/5 for WVJM in 2.1s
[03:06:24] 🔄 Identity reset
[03:06:26] 🧠 New identity created
[03:06:27] [259/458] JCCZ
[03:06:27] [260/458] CNCL
[03:06:28] [261/458] TMLV
[03:06:29] [262/458] MEMB
[03:06:30] [263/458] SGTD
[03:06:31] [264/458] CONX
[03:06:32] [265/458] CCMH
[03:06:33] [266/458] ACMC
[03:06:33] [267/458] DTPD
[03:06:34] 🔄 Identity reset
[03:06:34] 🔄 Identity rotated (every 10 requests)
[03:06:35] [268/458] POJA
[03:06:36] [269/458] FNBH
[03:06:37] [270/458] CGCB
[03:06:38] [271/458] RACN
[03:06:39] [272/458] JTSM
[03:06:39] [273/458] SCDN
[03:06:40] [274/458] AACK
[03:06:41] [275/458] RMCE
[03:06:43] [276/458] BSGB
[03:06:44] [277/458] MRCB
[03:06:44] 🔄 Identity reset
[03:06:45] 🔄 Identity rotated (every 10 requests)
[03:06:45] [278/458] SRVR
[03:06:46] [279/458] VTKK
[03:06:47] [280/458] AMST
[03:06:48] [281/458] APCY
[03:06:48] [282/458] LMHO
[03:06:49] [283/458] MTZH
[03:06:50] [284/458] AMZB
[03:06:51] [285/458] SUVT
[03:06:52] [286/458] RCIP
[03:06:53] [287/458] KESR
[03:06:53] 🔄 Identity reset
[03:06:53] 🔄 Identity rotated (every 10 requests)
[03:06:54] [288/458] SNKC
[03:06:55] [289/458] SCED
[03:06:56] [290/458] DVCA
[03:06:56] [291/458] VCDT
[03:06:57] [292/458] RRDI
[03:06:58] [293/458] DFCH
[03:07:00] [294/458] INSC
[03:07:01] [295/458] RGTR
[03:07:01] [296/458] FMOT
[03:07:03] [297/458] SCPM
[03:07:03] 🔄 Identity reset
[03:07:03] 🔄 Identity rotated (every 10 requests)
[03:07:03] [298/458] GCDT
[03:07:04] [299/458] BRKT
[03:07:05] [300/458] DEMP
[03:07:06] [301/458] SRLC
[03:07:07] [302/458] KSTT
[03:07:08] [303/458] SMMT
[03:07:09] [304/458] SILM
[03:07:10] [305/458] JCVM
[03:07:11] [306/458] KCSV
[03:07:11] [307/458] MHLK
[03:07:12] 🔄 Identity reset
[03:07:12] 🔄 Identity rotated (every 10 requests)
[03:07:12] [308/458] SLVL
[03:07:13] [309/458] RJKP
[03:07:14] [310/458] BBPC
[03:07:15] [311/458] MXCB
[03:07:16] [312/458] TCPK
[03:07:16] [313/458] RTBR
[03:07:17] [314/458] GAUT
[03:07:18] [315/458] DVCF
[03:07:19] [316/458] JTSB
[03:07:20] [317/458] SBLS
[03:07:20] 🔄 Identity reset
[03:07:20] 🔄 Identity rotated (every 10 requests)
[03:07:22] [318/458] UDAY
[03:07:23] [319/458] PTNP
[03:07:24] [320/458] DMKT
[03:07:25] [321/458] NTDT
[03:07:26] [322/458] SHDJ
[03:07:27] [323/458] OTNC
[03:07:28] [324/458] RNTW
[03:07:28] [325/458] GCMI
[03:07:29] [326/458] CRCM
[03:07:30] [327/458] NNCZ
[03:07:30] 🔄 Identity reset
[03:07:30] 🔄 Identity rotated (every 10 requests)
[03:07:31] [328/458] OEMO
[03:07:32] [329/458] PVJM
[03:07:33] [330/458] CPJI
[03:07:33] [331/458] RMCJ
[03:07:34] [332/458] CNWJ
[03:07:35] [333/458] EPJM
[03:07:35] [334/458] FNJJ
[03:07:36] [335/458] GCMJ
[03:07:37] [336/458] INPS
[03:07:38] [337/458] BICJ
[03:07:39] 🔄 Identity reset
[03:07:39] 🔄 Identity rotated (every 10 requests)
[03:07:39] 🔄 Retry 1/5 for BICJ in 2.5s
[03:07:39] 🔄 Identity reset
[03:07:41] 🧠 New identity created
[03:07:42] [338/458] ISTJ
[03:07:43] [339/458] INJC
[03:07:44] [340/458] GLXJ
[03:07:45] [341/458] INEM
[03:07:46] [342/458] JTMN
[03:07:47] [343/458] FRCJ
[03:07:47] [344/458] DDJP
[03:07:49] [345/458] INJV
[03:07:50] [346/458] GOLC
[03:07:50] 🔄 Identity reset
[03:07:50] 🔄 Identity rotated (every 10 requests)
[03:07:51] [347/458] KOCI
[03:07:51] [348/458] FSTD
[03:07:52] [349/458] PACJ
[03:07:53] [350/458] GMCN
[03:07:54] [351/458] MMDJ
[03:07:55] [352/458] GODH
[03:07:56] [353/458] SKYN
[03:07:57] [354/458] NCTH
[03:07:58] [355/458] SKVZ
[03:07:59] [356/458] SVML
[03:08:00] 🔄 Identity reset
[03:08:00] 🔄 Identity rotated (every 10 requests)
[03:08:00] [357/458] ACVZ
[03:08:01] [358/458] SURA
[03:08:02] [359/458] RTRB
[03:08:02] [360/458] LLCT
[03:08:03] [361/458] ATTS
[03:08:04] [362/458] JYCM
[03:08:05] [363/458] CTKR
[03:08:07] [364/458] LCKR
[03:08:07] [365/458] NYCV
[03:08:09] [366/458] NYOH
[03:08:10] 🔄 Identity reset
[03:08:10] 🔄 Identity rotated (every 10 requests)
[03:08:10] [367/458] NOVX
[03:08:11] [368/458] MRGK
[03:08:12] [369/458] MOON
[03:08:13] [370/458] SBUC
[03:08:14] [371/458] GSVA
[03:08:14] [372/458] VIAK
[03:08:15] [373/458] SMVZ
[03:08:16] [374/458] MATE
[03:08:18] [375/458] RDCN
[03:08:19] [376/458] ASBL
[03:08:19] 🔄 Identity reset
[03:08:19] 🔄 Identity rotated (every 10 requests)
[03:08:20] [377/458] ASVS
[03:08:21] [378/458] ASSR
[03:08:22] [379/458] SSKN
[03:08:23] [380/458] DRPV
[03:08:24] [381/458] MRHT
[03:08:25] [382/458] BSCN
[03:08:25] [383/458] RKNX
[03:08:26] [384/458] MSMC
[03:08:27] [385/458] MSCJ
[03:08:28] [386/458] BTBJ
[03:08:28] 🔄 Identity reset
[03:08:28] 🔄 Identity rotated (every 10 requests)
[03:08:29] [387/458] MJCC
[03:08:30] [388/458] IOMM
[03:08:31] [389/458] ADGR
[03:08:32] [390/458] MYCP
[03:08:33] [391/458] IGCM
[03:08:33] [392/458] PGRK
[03:08:34] [393/458] VPGO
[03:08:36] [394/458] KOMS
[03:08:37] [395/458] URGG
[03:08:39] [396/458] GOST
[03:08:39] 🔄 Identity reset
[03:08:39] 🔄 Identity rotated (every 10 requests)
[03:08:39] [397/458] LACT
[03:08:41] [398/458] BWCM
[03:08:42] [399/458] NCCW
[03:08:42] [400/458] SKYC
[03:08:43] [401/458] CCPM
[03:08:44] [402/458] VCBT
[03:08:45] [403/458] SDKR
[03:08:46] [404/458] CTYB
[03:08:47] [405/458] SHCX
[03:08:48] [406/458] RCUN
[03:08:49] 🔄 Identity reset
[03:08:49] 🔄 Identity rotated (every 10 requests)
[03:08:49] [407/458] CNRA
[03:08:50] [408/458] RFCA
[03:08:51] [409/458] RDCU
[03:08:52] [410/458] SARK
[03:08:52] [411/458] SPPP
[03:08:53] [412/458] ADMB
[03:08:55] [413/458] JYOE
[03:08:56] [414/458] SRMD
[03:08:56] [415/458] RJDH
[03:08:57] [416/458] SSTD
[03:08:58] 🔄 Identity reset
[03:08:58] 🔄 Identity rotated (every 10 requests)
[03:08:58] [417/458] AACV
[03:08:59] [418/458] PPVD
[03:09:00] [419/458] STCP
[03:09:01] [420/458] ANLS
[03:09:02] [421/458] BIJO
[03:09:03] [422/458] AVAB
[03:09:04] [423/458] SPMD
[03:09:05] [424/458] SVJL
[03:09:05] [425/458] SDDJ
[03:09:06] [426/458] SLTU
[03:09:07] 🔄 Identity reset
[03:09:07] 🔄 Identity rotated (every 10 requests)
[03:09:07] [427/458] SAKA
[03:09:08] [428/458] PMAM
[03:09:09] [429/458] FNAM
[03:09:10] [430/458] ACAM
[03:09:10] [431/458] SCMM
[03:09:11] [432/458] PMAK
[03:09:12] [433/458] NYSA
[03:09:13] [434/458] FCPA
[03:09:14] [435/458] GDAN
[03:09:15] [436/458] RSCA
[03:09:15] 🔄 Identity reset
[03:09:15] 🔄 Identity rotated (every 10 requests)
[03:09:16] [437/458] DMAN
[03:09:16] [438/458] DZCM
[03:09:18] [439/458] NSGL
[03:09:18] [440/458] CCPP
[03:09:19] [441/458] PSMG
[03:09:20] [442/458] GSER
[03:09:21] [443/458] FCCT
[03:09:21] [444/458] FCTB
[03:09:22] [445/458] LCNK
[03:09:23] [446/458] SKTY
[03:09:23] 🔄 Identity reset
[03:09:24] 🔄 Identity rotated (every 10 requests)
[03:09:24] [447/458] INAA
[03:09:24] [448/458] RCWN
[03:09:25] [449/458] VAIS
[03:09:26] [450/458] CVMN
[03:09:27] [451/458] INTS
[03:09:28] [452/458] FRGS
[03:09:28] [453/458] DTCK
[03:09:29] [454/458] MCMH
[03:09:30] [455/458] ECRR
[03:09:30] [456/458] RLLP
[03:09:31] 🔄 Identity reset
[03:09:31] 🔄 Identity rotated (every 10 requests)
[03:09:31] [457/458] CCSN
[03:09:32] [458/458] CCBA
[03:09:33] 🧹 Deduping shows
[03:09:33] ✅ DONE | Shows=217 | Movies=12
[08:35:17] 🚀 SCRIPT STARTED (enhanced anti‑detection)
[08:35:17] [1/458] MBDC
[08:35:18] 🧠 New identity created
[08:35:18] [2/458] CHKM
[08:35:19] [3/458] JTKZ
[08:35:19] [4/458] CMCT
[08:35:20] [5/458] ASHO
[08:35:21] [6/458] ECDG
[08:35:21] [7/458] SPAT
[08:35:22] [8/458] HILC
[08:35:22] [9/458] SPPH
[08:35:23] [10/458] SBHN
[08:35:23] 🔄 Identity reset
[08:35:23] 🔄 Identity rotated (every 10 requests)
[08:35:24] [11/458] RRCA
[08:35:24] [12/458] APAA
[08:35:25] [13/458] RAME
[08:35:26] [14/458] TMMS
[08:35:28] [15/458] BATK
[08:35:28] [16/458] LKOP
[08:35:29] [17/458] AMTT
[08:35:29] [18/458] PTGK
[08:35:30] [19/458] ANRS
[08:35:31] [20/458] VWBW
[08:35:32] 🔄 Identity reset
[08:35:32] 🔄 Identity rotated (every 10 requests)
[08:35:32] [21/458] SVFG
[08:35:33] [22/458] STAT
[08:35:33] [23/458] GDCV
[08:35:34] [24/458] VEBI
[08:35:36] [25/458] VDSS
[08:35:36] [26/458] NTHV
[08:35:37] [27/458] AOCH
[08:35:38] [28/458] KASR
[08:35:38] [29/458] AYCS
[08:35:39] [30/458] SHAI
[08:35:40] 🔄 Identity reset
[08:35:40] 🔄 Identity rotated (every 10 requests)
[08:35:40] 🔄 Retry 1/5 for SHAI in 2.2s
[08:35:40] 🔄 Identity reset
[08:35:42] 🧠 New identity created
[08:35:42] [31/458] SKPE
[08:35:43] [32/458] SBTA
[08:35:44] [33/458] RTTD
[08:35:44] [34/458] CCJD
[08:35:45] [35/458] RSJJ
[08:35:45] [36/458] RKND
[08:35:46] [37/458] SVTX
[08:35:47] [38/458] BAKM
[08:35:48] [39/458] SVDC
[08:35:48] 🔄 Identity reset
[08:35:48] 🔄 Identity rotated (every 10 requests)
[08:35:49] [40/458] MNCV
[08:35:49] [41/458] SJGC
[08:35:50] [42/458] MTPK
[08:35:50] [43/458] GATP
[08:35:51] [44/458] ABTS
[08:35:52] [45/458] ABDE
[08:35:53] [46/458] RCNM
[08:35:54] [47/458] KTHV
[08:35:54] [48/458] MDGJ
[08:35:55] [49/458] SMLM
[08:35:55] 🔄 Identity reset
[08:35:55] 🔄 Identity rotated (every 10 requests)
[08:35:55] 🔄 Retry 1/5 for SMLM in 2.4s
[08:35:55] 🔄 Identity reset
[08:35:58] 🧠 New identity created
[08:35:58] 🔄 Retry 2/5 for SMLM in 4.5s
[08:35:58] 🔄 Identity reset
[08:36:02] 🧠 New identity created
[08:36:03] 🔄 Retry 3/5 for SMLM in 8.3s
[08:36:03] 🔄 Identity reset
[08:36:11] 🧠 New identity created
[08:36:11] [50/458] JTMA
[08:36:12] [51/458] ACKP
[08:36:12] [52/458] SRTA
[08:36:13] [53/458] STAY
[08:36:14] [54/458] MAVO
[08:36:14] [55/458] APTS
[08:36:15] [56/458] OMEA
[08:36:16] 🔄 Identity reset
[08:36:16] 🔄 Identity rotated (every 10 requests)
[08:36:17] [57/458] TTFD
[08:36:17] [58/458] MJCU
[08:36:18] [59/458] CXTE
[08:36:19] [60/458] CTPX
[08:36:20] [61/458] ASSL
[08:36:21] [62/458] CMVB
[08:36:22] [63/458] VPUR
[08:36:23] [64/458] JJDA
[08:36:23] [65/458] INBL
[08:36:24] [66/458] BIKB
[08:36:24] 🔄 Identity reset
[08:36:24] 🔄 Identity rotated (every 10 requests)
[08:36:24] 🔄 Retry 1/5 for BIKB in 2.5s
[08:36:24] 🔄 Identity reset
[08:36:27] 🧠 New identity created
[08:36:27] 🔄 Retry 2/5 for BIKB in 4.4s
[08:36:27] 🔄 Identity reset
[08:36:31] 🧠 New identity created
[08:36:32] [67/458] NTBB
[08:36:32] [68/458] GLOB
[08:36:33] [69/458] SNTB
[08:36:34] [70/458] CHGV
[08:36:35] [71/458] SSBZ
[08:36:35] [72/458] PRDB
[08:36:36] [73/458] ISMT
[08:36:37] [74/458] MCSD
[08:36:37] 🔄 Identity reset
[08:36:37] 🔄 Identity rotated (every 10 requests)
[08:36:37] [75/458] JBTT
[08:36:38] [76/458] GEKR
[08:36:39] [77/458] PVUN
[08:36:39] [78/458] NRTB
[08:36:40] [79/458] PRAA
[08:36:41] [80/458] PCBL
[08:36:42] [81/458] PTCM
[08:36:43] [82/458] KHNN
[08:36:43] [83/458] OMJE
[08:36:44] [84/458] STGN
[08:36:45] 🔄 Identity reset
[08:36:45] 🔄 Identity rotated (every 10 requests)
[08:36:45] 🔄 Retry 1/5 for STGN in 2.2s
[08:36:45] 🔄 Identity reset
[08:36:47] 🧠 New identity created
[08:36:47] 🔄 Retry 2/5 for STGN in 4.3s
[08:36:47] 🔄 Identity reset
[08:36:51] 🧠 New identity created
[08:36:51] [85/458] RPMS
[08:36:52] [86/458] NWAD
[08:36:53] [87/458] BLCK
[08:36:54] [88/458] SVAA
[08:36:54] [89/458] URVM
[08:36:55] [90/458] ANTM
[08:36:56] [91/458] VJYM
[08:36:57] [92/458] MAZZ
[08:36:57] 🔄 Identity reset
[08:36:57] 🔄 Identity rotated (every 10 requests)
[08:36:57] [93/458] CSHM
[08:36:58] [94/458] WGMH
[08:36:59] [95/458] SALN
[08:37:00] [96/458] BRTP
[08:37:01] [97/458] SVTA
[08:37:01] [98/458] SBTP
[08:37:02] [99/458] VLSS
[08:37:03] [100/458] SRJA
[08:37:04] [101/458] ANCG
[08:37:05] [102/458] CGGC
[08:37:05] 🔄 Identity reset
[08:37:05] 🔄 Identity rotated (every 10 requests)
[08:37:06] [103/458] CRJA
[08:37:07] [104/458] USCR
[08:37:08] [105/458] MMEF
[08:37:08] [106/458] JCRJ
[08:37:09] [107/458] ADCM
[08:37:10] [108/458] BMYK
[08:37:11] [109/458] KICS
[08:37:12] [110/458] MBBT
[08:37:12] [111/458] MACK
[08:37:13] [112/458] CLDR
[08:37:13] 🔄 Identity reset
[08:37:13] 🔄 Identity rotated (every 10 requests)
[08:37:14] [113/458] JYCR
[08:37:14] [114/458] DCRP
[08:37:15] [115/458] RAHT
[08:37:16] [116/458] CSSM
[08:37:17] [117/458] ATPK
[08:37:18] [118/458] KLRT
[08:37:18] [119/458] SRDD
[08:37:19] [120/458] CKMC
[08:37:20] [121/458] KRVM
[08:37:20] [122/458] AKCP
[08:37:21] 🔄 Identity reset
[08:37:21] 🔄 Identity rotated (every 10 requests)
[08:37:21] [123/458] CNCV
[08:37:22] [124/458] PACT
[08:37:23] [125/458] NATP
[08:37:24] [126/458] PCPK
[08:37:24] [127/458] SMHO
[08:37:25] [128/458] CWTK
[08:37:26] [129/458] RVKZ
[08:37:26] [130/458] ASPD
[08:37:27] [131/458] VTKZ
[08:37:28] [132/458] LCSO
[08:37:29] 🔄 Identity reset
[08:37:29] 🔄 Identity rotated (every 10 requests)
[08:37:29] [133/458] PRDY
[08:37:30] [134/458] RCAP
[08:37:31] [135/458] RGAR
[08:37:31] [136/458] RCAC
[08:37:32] [137/458] PMOD
[08:37:32] [138/458] PVCN
[08:37:33] [139/458] SCRZ
[08:37:34] [140/458] PVPC
[08:37:34] [141/458] STID
[08:37:35] [142/458] NEDD
[08:37:36] 🔄 Identity reset
[08:37:36] 🔄 Identity rotated (every 10 requests)
[08:37:36] 🔄 Retry 1/5 for NEDD in 2.8s
[08:37:36] 🔄 Identity reset
[08:37:39] 🧠 New identity created
[08:37:39] [143/458] BNBA
[08:37:40] [144/458] NTCD
[08:37:40] [145/458] OCDE
[08:37:41] [146/458] CCDU
[08:37:42] [147/458] CRXH
[08:37:43] [148/458] VLVT
[08:37:44] [149/458] CICI
[08:37:45] [150/458] SUCB
[08:37:45] [151/458] TCBP
[08:37:46] 🔄 Identity reset
[08:37:46] 🔄 Identity rotated (every 10 requests)
[08:37:46] [152/458] SCCY
[08:37:47] [153/458] LXCY
[08:37:48] [154/458] NCMD
[08:37:48] [155/458] PHCS
[08:37:49] [156/458] DUXR
[08:37:50] [157/458] VNKS
[08:37:50] [158/458] SEDP
[08:37:51] [159/458] SVEN
[08:37:51] [160/458] SRKM
[08:37:52] [161/458] JTLT
[08:37:52] 🔄 Identity reset
[08:37:52] 🔄 Identity rotated (every 10 requests)
[08:37:53] [162/458] SVSS
[08:37:53] [163/458] AMDE
[08:37:55] [164/458] WVRN
[08:37:56] [165/458] ISMG
[08:37:57] [166/458] WVKS
[08:37:57] [167/458] USCG
[08:37:58] [168/458] IOTG
[08:37:59] [169/458] RRJM
[08:37:59] [170/458] EDMP
[08:38:00] [171/458] SCGZ
[08:38:01] 🔄 Identity reset
[08:38:01] 🔄 Identity rotated (every 10 requests)
[08:38:01] [172/458] GMGX
[08:38:02] [173/458] OMTP
[08:38:02] [174/458] MITD
[08:38:03] [175/458] SMMD
[08:38:03] [176/458] STML
[08:38:04] [177/458] MCFS
[08:38:05] [178/458] FPKA
[08:38:07] [179/458] OMLR
[08:38:07] [180/458] KKSC
[08:38:08] [181/458] RVMA
[08:38:09] 🔄 Identity reset
[08:38:09] 🔄 Identity rotated (every 10 requests)
[08:38:09] [182/458] SCLL
[08:38:09] [183/458] SCDK
[08:38:10] [184/458] SXMI
[08:38:11] [185/458] SHDN
[08:38:12] [186/458] PAAD
[08:38:12] [187/458] UUCB
[08:38:13] [188/458] JHOL
[08:38:13] [189/458] SGWT
[08:38:14] [190/458] SRII
[08:38:15] [191/458] SGCK
[08:38:15] 🔄 Identity reset
[08:38:15] 🔄 Identity rotated (every 10 requests)
[08:38:15] [192/458] SVVB
[08:38:16] [193/458] DMHA
[08:38:17] [194/458] PPNL
[08:38:18] [195/458] CPNL
[08:38:19] [196/458] WVLD
[08:38:19] [197/458] PSLV
[08:38:20] [198/458] VTTL
[08:38:21] [199/458] NPAD
[08:38:22] [200/458] PVCS
[08:38:22] [201/458] MCHL
[08:38:23] 🔄 Identity reset
[08:38:23] 🔄 Identity rotated (every 10 requests)
[08:38:23] 🔄 Retry 1/5 for MCHL in 2.7s
[08:38:23] 🔄 Identity reset
[08:38:25] 🧠 New identity created
[08:38:26] 🔄 Retry 2/5 for MCHL in 5.0s
[08:38:26] 🔄 Identity reset
[08:38:30] 🧠 New identity created
[08:38:31] [202/458] PPLL
[08:38:31] [203/458] MALO
[08:38:32] [204/458] SWBH
[08:38:33] [205/458] PUGB
[08:38:34] [206/458] INBB
[08:38:35] [207/458] INNS
[08:38:35] [208/458] MCPT
[08:38:37] [209/458] SCMI
[08:38:38] 🔄 Identity reset
[08:38:38] 🔄 Identity rotated (every 10 requests)
[08:38:38] [210/458] OCON
[08:38:39] [211/458] SCSM
[08:38:39] [212/458] RJVN
[08:38:41] [213/458] AMDK
[08:38:42] [214/458] ISMR
[08:38:43] [215/458] SMTD
[08:38:43] [216/458] VTDD
[08:38:44] [217/458] PDDZ
[08:38:45] [218/458] PCCK
[08:38:46] [219/458] INAM
[08:38:46] 🔄 Identity reset
[08:38:46] 🔄 Identity rotated (every 10 requests)
[08:38:46] 🔄 Retry 1/5 for INAM in 2.4s
[08:38:46] 🔄 Identity reset
[08:38:49] 🧠 New identity created
[08:38:49] 🔄 Retry 2/5 for INAM in 4.5s
[08:38:49] 🔄 Identity reset
[08:38:53] 🧠 New identity created
[08:38:53] 🔄 Retry 3/5 for INAM in 8.3s
[08:38:53] 🔄 Identity reset
[08:39:02] 🧠 New identity created
[08:39:02] [220/458] FNKT
[08:39:03] [221/458] GDKA
[08:39:04] [222/458] MAYU
[08:39:04] [223/458] TCGU
[08:39:05] [224/458] KDCA
[08:39:06] [225/458] DOMY
[08:39:07] [226/458] PDDD
[08:39:07] 🔄 Identity reset
[08:39:07] 🔄 Identity rotated (every 10 requests)
[08:39:08] [227/458] BJTS
[08:39:09] [228/458] VTCA
[08:39:09] [229/458] SBTM
[08:39:10] [230/458] SEET
[08:39:11] [231/458] SSTJ
[08:39:11] [232/458] SVNT
[08:39:12] [233/458] PPPR
[08:39:13] [234/458] PVYS
[08:39:13] [235/458] IOSE
[08:39:14] [236/458] ACTV
[08:39:15] 🔄 Identity reset
[08:39:15] 🔄 Identity rotated (every 10 requests)
[08:39:15] [237/458] APVE
[08:39:16] [238/458] TCCL
[08:39:16] [239/458] SCMO
[08:39:17] [240/458] SAUM
[08:39:19] [241/458] KCJS
[08:39:20] [242/458] NJCJ
[08:39:21] [243/458] NECF
[08:39:22] [244/458] CCGW
[08:39:22] [245/458] CCMG
[08:39:23] [246/458] NYRG
[08:39:24] 🔄 Identity reset
[08:39:24] 🔄 Identity rotated (every 10 requests)
[08:39:24] [247/458] NCSQ
[08:39:25] [248/458] GRCG
[08:39:26] [249/458] CCBT
[08:39:27] [250/458] ACGA
[08:39:28] [251/458] INAG
[08:39:29] [252/458] FUCG
[08:39:30] [253/458] AICF
[08:39:30] [254/458] GRGA
[08:39:31] [255/458] GDCN
[08:39:32] [256/458] RRCG
[08:39:32] 🔄 Identity reset
[08:39:32] 🔄 Identity rotated (every 10 requests)
[08:39:33] 🔄 Retry 1/5 for RRCG in 2.8s
[08:39:33] 🔄 Identity reset
[08:39:35] 🧠 New identity created
[08:39:35] 🔄 Retry 2/5 for RRCG in 4.8s
[08:39:35] 🔄 Identity reset
[08:39:40] 🧠 New identity created
[08:39:40] [257/458] SDCH
[08:39:41] [258/458] WVJM
[08:39:42] [259/458] JCCZ
[08:39:43] [260/458] CNCL
[08:39:44] [261/458] TMLV
[08:39:44] [262/458] MEMB
[08:39:45] [263/458] SGTD
[08:39:46] [264/458] CONX
[08:39:46] 🔄 Identity reset
[08:39:46] 🔄 Identity rotated (every 10 requests)
[08:39:47] [265/458] CCMH
[08:39:47] [266/458] ACMC
[08:39:48] [267/458] DTPD
[08:39:49] [268/458] POJA
[08:39:50] [269/458] FNBH
[08:39:51] [270/458] CGCB
[08:39:52] [271/458] RACN
[08:39:53] [272/458] JTSM
[08:39:54] [273/458] SCDN
[08:39:55] [274/458] AACK
[08:39:56] 🔄 Identity reset
[08:39:56] 🔄 Identity rotated (every 10 requests)
[08:39:56] [275/458] RMCE
[08:39:57] [276/458] BSGB
[08:39:58] [277/458] MRCB
[08:39:59] [278/458] SRVR
[08:40:00] [279/458] VTKK
[08:40:00] [280/458] AMST
[08:40:01] [281/458] APCY
[08:40:02] [282/458] LMHO
[08:40:03] [283/458] MTZH
[08:40:04] [284/458] AMZB
[08:40:05] 🔄 Identity reset
[08:40:05] 🔄 Identity rotated (every 10 requests)
[08:40:05] [285/458] SUVT
[08:40:05] [286/458] RCIP
[08:40:06] [287/458] KESR
[08:40:07] [288/458] SNKC
[08:40:08] [289/458] SCED
[08:40:09] [290/458] DVCA
[08:40:10] [291/458] VCDT
[08:40:11] [292/458] RRDI
[08:40:12] [293/458] DFCH
[08:40:13] [294/458] INSC
[08:40:13] 🔄 Identity reset
[08:40:13] 🔄 Identity rotated (every 10 requests)
[08:40:13] [295/458] RGTR
[08:40:14] [296/458] FMOT
[08:40:15] [297/458] SCPM
[08:40:15] [298/458] GCDT
[08:40:17] [299/458] BRKT
[08:40:18] [300/458] DEMP
[08:40:19] [301/458] SRLC
[08:40:20] [302/458] KSTT
[08:40:21] [303/458] SMMT
[08:40:21] [304/458] SILM
[08:40:22] 🔄 Identity reset
[08:40:22] 🔄 Identity rotated (every 10 requests)
[08:40:22] [305/458] JCVM
[08:40:23] [306/458] KCSV
[08:40:24] [307/458] MHLK
[08:40:25] [308/458] SLVL
[08:40:25] [309/458] RJKP
[08:40:26] [310/458] BBPC
[08:40:27] [311/458] MXCB
[08:40:28] [312/458] TCPK
[08:40:28] [313/458] RTBR
[08:40:29] [314/458] GAUT
[08:40:30] 🔄 Identity reset
[08:40:30] 🔄 Identity rotated (every 10 requests)
[08:40:30] [315/458] DVCF
[08:40:31] [316/458] JTSB
[08:40:32] [317/458] SBLS
[08:40:33] [318/458] UDAY
[08:40:33] [319/458] PTNP
[08:40:34] [320/458] DMKT
[08:40:35] [321/458] NTDT
[08:40:36] [322/458] SHDJ
[08:40:36] [323/458] OTNC
[08:40:38] [324/458] RNTW
[08:40:38] 🔄 Identity reset
[08:40:38] 🔄 Identity rotated (every 10 requests)
[08:40:38] 🔄 Retry 1/5 for RNTW in 2.4s
[08:40:38] 🔄 Identity reset
[08:40:41] 🧠 New identity created
[08:40:42] [325/458] GCMI
[08:40:42] [326/458] CRCM
[08:40:43] [327/458] NNCZ
[08:40:44] [328/458] OEMO
[08:40:45] [329/458] PVJM
[08:40:46] [330/458] CPJI
[08:40:47] [331/458] RMCJ
[08:40:48] [332/458] CNWJ
[08:40:49] [333/458] EPJM
[08:40:50] 🔄 Identity reset
[08:40:50] 🔄 Identity rotated (every 10 requests)
[08:40:50] [334/458] FNJJ
[08:40:51] [335/458] GCMJ
[08:40:52] [336/458] INPS
[08:40:53] [337/458] BICJ
[08:40:54] [338/458] ISTJ
[08:40:55] [339/458] INJC
[08:40:56] [340/458] GLXJ
[08:40:57] [341/458] INEM
[08:40:58] [342/458] JTMN
[08:40:59] [343/458] FRCJ
[08:40:59] 🔄 Identity reset
[08:40:59] 🔄 Identity rotated (every 10 requests)
[08:41:00] [344/458] DDJP
[08:41:00] [345/458] INJV
[08:41:02] [346/458] GOLC
[08:41:03] [347/458] KOCI
[08:41:04] [348/458] FSTD
[08:41:04] [349/458] PACJ
[08:41:05] [350/458] GMCN
[08:41:06] [351/458] MMDJ
[08:41:07] [352/458] GODH
[08:41:08] [353/458] SKYN
[08:41:09] 🔄 Identity reset
[08:41:09] 🔄 Identity rotated (every 10 requests)
[08:41:09] 🔄 Retry 1/5 for SKYN in 2.8s
[08:41:09] 🔄 Identity reset
[08:41:11] 🧠 New identity created
[08:41:12] [354/458] NCTH
[08:41:13] [355/458] SKVZ
[08:41:14] [356/458] SVML
[08:41:15] [357/458] ACVZ
[08:41:16] [358/458] SURA
[08:41:17] [359/458] RTRB
[08:41:18] [360/458] LLCT
[08:41:19] [361/458] ATTS
[08:41:19] [362/458] JYCM
[08:41:20] 🔄 Identity reset
[08:41:20] 🔄 Identity rotated (every 10 requests)
[08:41:20] [363/458] CTKR
[08:41:21] [364/458] LCKR
[08:41:22] [365/458] NYCV
[08:41:23] [366/458] NYOH
[08:41:23] [367/458] NOVX
[08:41:24] [368/458] MRGK
[08:41:26] [369/458] MOON
[08:41:27] [370/458] SBUC
[08:41:27] [371/458] GSVA
[08:41:28] [372/458] VIAK
[08:41:29] 🔄 Identity reset
[08:41:29] 🔄 Identity rotated (every 10 requests)
[08:41:29] [373/458] SMVZ
[08:41:30] [374/458] MATE
[08:41:31] [375/458] RDCN
[08:41:32] [376/458] ASBL
[08:41:32] [377/458] ASVS
[08:41:34] [378/458] ASSR
[08:41:35] [379/458] SSKN
[08:41:36] [380/458] DRPV
[08:41:37] [381/458] MRHT
[08:41:38] [382/458] BSCN
[08:41:39] 🔄 Identity reset
[08:41:39] 🔄 Identity rotated (every 10 requests)
[08:41:39] [383/458] RKNX
[08:41:40] [384/458] MSMC
[08:41:41] [385/458] MSCJ
[08:41:41] [386/458] BTBJ
[08:41:42] [387/458] MJCC
[08:41:43] [388/458] IOMM
[08:41:44] [389/458] ADGR
[08:41:44] [390/458] MYCP
[08:41:45] [391/458] IGCM
[08:41:46] [392/458] PGRK
[08:41:47] 🔄 Identity reset
[08:41:47] 🔄 Identity rotated (every 10 requests)
[08:41:47] [393/458] VPGO
[08:41:48] [394/458] KOMS
[08:41:49] [395/458] URGG
[08:41:49] [396/458] GOST
[08:41:50] [397/458] LACT
[08:41:51] [398/458] BWCM
[08:41:52] [399/458] NCCW
[08:41:53] [400/458] SKYC
[08:41:54] [401/458] CCPM
[08:41:55] [402/458] VCBT
[08:41:55] 🔄 Identity reset
[08:41:55] 🔄 Identity rotated (every 10 requests)
[08:41:56] [403/458] SDKR
[08:41:57] [404/458] CTYB
[08:41:58] [405/458] SHCX
[08:41:59] [406/458] RCUN
[08:41:59] [407/458] CNRA
[08:42:00] [408/458] RFCA
[08:42:01] [409/458] RDCU
[08:42:02] [410/458] SARK
[08:42:03] [411/458] SPPP
[08:42:04] [412/458] ADMB
[08:42:04] 🔄 Identity reset
[08:42:04] 🔄 Identity rotated (every 10 requests)
[08:42:04] [413/458] JYOE
[08:42:06] [414/458] SRMD
[08:42:07] [415/458] RJDH
[08:42:08] [416/458] SSTD
[08:42:09] [417/458] AACV
[08:42:10] [418/458] PPVD
[08:42:11] [419/458] STCP
[08:42:12] [420/458] ANLS
[08:42:12] [421/458] BIJO
[08:42:13] [422/458] AVAB
[08:42:14] 🔄 Identity reset
[08:42:14] 🔄 Identity rotated (every 10 requests)
[08:42:14] 🔄 Retry 1/5 for AVAB in 3.0s
[08:42:14] 🔄 Identity reset
[08:42:17] 🧠 New identity created
[08:42:17] [423/458] SPMD
[08:42:18] [424/458] SVJL
[08:42:19] [425/458] SDDJ
[08:42:20] [426/458] SLTU
[08:42:20] [427/458] SAKA
[08:42:21] [428/458] PMAM
[08:42:22] [429/458] FNAM
[08:42:23] [430/458] ACAM
[08:42:24] [431/458] SCMM
[08:42:24] 🔄 Identity reset
[08:42:24] 🔄 Identity rotated (every 10 requests)
[08:42:25] [432/458] PMAK
[08:42:26] [433/458] NYSA
[08:42:27] [434/458] FCPA
[08:42:28] [435/458] GDAN
[08:42:28] [436/458] RSCA
[08:42:29] [437/458] DMAN
[08:42:30] [438/458] DZCM
[08:42:31] [439/458] NSGL
[08:42:32] [440/458] CCPP
[08:42:33] [441/458] PSMG
[08:42:33] 🔄 Identity reset
[08:42:33] 🔄 Identity rotated (every 10 requests)
[08:42:33] [442/458] GSER
[08:42:34] [443/458] FCCT
[08:42:36] [444/458] FCTB
[08:42:37] [445/458] LCNK
[08:42:37] [446/458] SKTY
[08:42:38] [447/458] INAA
[08:42:39] [448/458] RCWN
[08:42:40] [449/458] VAIS
[08:42:41] [450/458] CVMN
[08:42:41] [451/458] INTS
[08:42:42] 🔄 Identity reset
[08:42:42] 🔄 Identity rotated (every 10 requests)
[08:42:42] 🔄 Retry 1/5 for INTS in 2.4s
[08:42:42] 🔄 Identity reset
[08:42:44] 🧠 New identity created
[08:42:45] [452/458] FRGS
[08:42:45] [453/458] DTCK
[08:42:46] [454/458] MCMH
[08:42:47] [455/458] ECRR
[08:42:48] [456/458] RLLP
[08:42:49] [457/458] CCSN
[08:42:50] [458/458] CCBA
[08:42:51] 🧹 Deduping shows
[08:42:51] ✅ DONE | Shows=221 | Movies=12
