[10:12:27] 🚀 SCRIPT STARTED (enhanced anti‑detection)
[10:12:27] [1/455] MXGN
[10:12:28] 🧠 New identity created
[10:12:28] [2/455] PGGM
[10:12:29] [3/455] IPMJ
[10:12:30] [4/455] M2PP
[10:12:32] [5/455] PMMS
[10:12:33] [6/455] SCJN
[10:12:34] [7/455] CPUM
[10:12:34] [8/455] SCND
[10:12:35] [9/455] INWM
[10:12:36] [10/455] DVDC
[10:12:37] 🔄 Identity reset
[10:12:37] 🔄 Identity rotated (every 10 requests)
[10:12:37] [11/455] WVND
[10:12:38] [12/455] LBDL
[10:12:39] [13/455] CRGM
[10:12:40] [14/455] PVKS
[10:12:41] [15/455] PBLL
[10:12:41] [16/455] FNLN
[10:12:42] [17/455] PPDA
[10:12:43] [18/455] SCPT
[10:12:44] [19/455] IAJS
[10:12:45] [20/455] MMZG
[10:12:45] 🔄 Identity reset
[10:12:45] 🔄 Identity rotated (every 10 requests)
[10:12:45] 🔄 Retry 1/5 for MMZG in 2.8s
[10:12:45] 🔄 Identity reset
[10:12:48] 🧠 New identity created
[10:12:48] [21/455] MCTI
[10:12:49] [22/455] PPMF
[10:12:50] [23/455] FNSD
[10:12:51] [24/455] M2RH
[10:12:52] [25/455] CPGV
[10:12:53] [26/455] PECD
[10:12:53] [27/455] CTEE
[10:12:55] [28/455] IOMG
[10:12:56] [29/455] CIJA
[10:12:56] 🔄 Identity reset
[10:12:56] 🔄 Identity rotated (every 10 requests)
[10:12:56] 🔄 Retry 1/5 for CIJA in 2.5s
[10:12:56] 🔄 Identity reset
[10:12:59] 🧠 New identity created
[10:12:59] [30/455] NYCG
[10:13:01] [31/455] CEST
[10:13:01] [32/455] WVRG
[10:13:02] [33/455] DPDC
[10:13:03] [34/455] PDIV
[10:13:04] [35/455] MTPP
[10:13:06] [36/455] MHNU
[10:13:07] [37/455] WUPG
[10:13:08] [38/455] USCO
[10:13:09] 🔄 Identity reset
[10:13:09] 🔄 Identity rotated (every 10 requests)
[10:13:09] [39/455] INFR
[10:13:10] [40/455] PVPD
[10:13:11] [41/455] RONC
[10:13:12] [42/455] IOCP
[10:13:13] [43/455] EMPS
[10:13:13] [44/455] PNAD
[10:13:14] [45/455] VVGZ
[10:13:15] [46/455] MDDC
[10:13:16] [47/455] MMAP
[10:13:17] [48/455] GPDC
[10:13:17] 🔄 Identity reset
[10:13:17] 🔄 Identity rotated (every 10 requests)
[10:13:18] [49/455] PVPU
[10:13:19] [50/455] DCMV
[10:13:19] [51/455] PCCF
[10:13:20] [52/455] MCEF
[10:13:21] [53/455] INRD
[10:13:22] [54/455] CCPZ
[10:13:23] [55/455] BCWG
[10:13:24] [56/455] PMGU
[10:13:24] [57/455] MCVM
[10:13:25] [58/455] MCDE
[10:13:26] 🔄 Identity reset
[10:13:26] 🔄 Identity rotated (every 10 requests)
[10:13:26] [59/455] IEFM
[10:13:27] [60/455] MXCS
[10:13:28] [61/455] RNMT
[10:13:28] [62/455] PSDD
[10:13:29] [63/455] PETA
[10:13:30] [64/455] IZOP
[10:13:31] [65/455] PDEI
[10:13:32] [66/455] MTND
[10:13:33] [67/455] PCPL
[10:13:34] [68/455] LSCM
[10:13:35] 🔄 Identity reset
[10:13:35] 🔄 Identity rotated (every 10 requests)
[10:13:35] [69/455] BTFD
[10:13:36] [70/455] MERM
[10:13:37] [71/455] PVMS
[10:13:38] [72/455] CIGK
[10:13:38] [73/455] INSG
[10:13:39] [74/455] IDEN
[10:13:40] [75/455] MCGN
[10:13:41] [76/455] IGAM
[10:13:41] [77/455] SLCU
[10:13:42] [78/455] MIMU
[10:13:43] 🔄 Identity reset
[10:13:43] 🔄 Identity rotated (every 10 requests)
[10:13:43] [79/455] QLAC
[10:13:44] [80/455] MENL
[10:13:45] [81/455] SCUR
[10:13:46] [82/455] MDGD
[10:13:46] [83/455] LSRS
[10:13:47] [84/455] KMLG
[10:13:48] [85/455] MKLJ
[10:13:49] [86/455] IBYG
[10:13:50] [87/455] ISML
[10:13:51] [88/455] MJMM
[10:13:51] 🔄 Identity reset
[10:13:51] 🔄 Identity rotated (every 10 requests)
[10:13:52] [89/455] RCGD
[10:13:53] [90/455] MMOC
[10:13:53] [91/455] RRCO
[10:13:54] [92/455] MEDM
[10:13:55] [93/455] MCAZ
[10:13:55] [94/455] STWA
[10:13:56] [95/455] PFFG
[10:13:57] [96/455] GAGC
[10:13:58] [97/455] PMPM
[10:14:00] [98/455] HVCD
[10:14:00] 🔄 Identity reset
[10:14:00] 🔄 Identity rotated (every 10 requests)
[10:14:00] [99/455] AKRF
[10:14:01] [100/455] AKRC
[10:14:03] [101/455] MIDA
[10:14:04] [102/455] MAGX
[10:14:05] [103/455] ESOS
[10:14:06] [104/455] BBCL
[10:14:08] [105/455] LYAS
[10:14:09] [106/455] NRMS
[10:14:10] [107/455] BHUC
[10:14:10] [108/455] SRIC
[10:14:11] 🔄 Identity reset
[10:14:11] 🔄 Identity rotated (every 10 requests)
[10:14:11] [109/455] PDME
[10:14:12] [110/455] MJCS
[10:14:13] [111/455] NRAA
[10:14:14] [112/455] VATA
[10:14:15] [113/455] MNKC
[10:14:16] [114/455] DHCL
[10:14:17] [115/455] JCPC
[10:14:18] [116/455] CTML
[10:14:19] [117/455] RMMR
[10:14:20] [118/455] STTL
[10:14:20] 🔄 Identity reset
[10:14:20] 🔄 Identity rotated (every 10 requests)
[10:14:21] [119/455] CNPS
[10:14:21] [120/455] ACKL
[10:14:22] [121/455] SCAU
[10:14:23] [122/455] RMIA
[10:14:24] [123/455] MANU
[10:14:25] [124/455] ARDC
[10:14:26] [125/455] GLDA
[10:14:27] [126/455] KVSW
[10:14:27] [127/455] CGCA
[10:14:28] [128/455] CMLO
[10:14:29] 🔄 Identity reset
[10:14:29] 🔄 Identity rotated (every 10 requests)
[10:14:29] 🔄 Retry 1/5 for CMLO in 2.5s
[10:14:29] 🔄 Identity reset
[10:14:31] 🧠 New identity created
[10:14:31] 🔄 Retry 2/5 for CMLO in 4.5s
[10:14:31] 🔄 Identity reset
[10:14:36] 🧠 New identity created
[10:14:36] [129/455] CECB
[10:14:37] [130/455] RCPN
[10:14:38] [131/455] ASMW
[10:14:39] [132/455] PWLM
[10:14:39] [133/455] ASGM
[10:14:40] [134/455] ACWH
[10:14:41] [135/455] AAPW
[10:14:42] [136/455] RTWA
[10:14:43] 🔄 Identity reset
[10:14:43] 🔄 Identity rotated (every 10 requests)
[10:14:43] [137/455] RAMW
[10:14:44] [138/455] VKTR
[10:14:44] [139/455] SMBH
[10:14:45] [140/455] BVDR
[10:14:46] [141/455] MRTP
[10:14:47] [142/455] BLBR
[10:14:48] [143/455] LPIN
[10:14:49] [144/455] SNPC
[10:14:49] [145/455] PDCB
[10:14:50] [146/455] DYPK
[10:14:51] 🔄 Identity reset
[10:14:51] 🔄 Identity rotated (every 10 requests)
[10:14:51] [147/455] INMK
[10:14:52] [148/455] PDCK
[10:14:53] [149/455] PCKR
[10:14:54] [150/455] SHUA
[10:14:55] [151/455] SCVK
[10:14:56] [152/455] STPA
[10:14:57] [153/455] WVHD
[10:14:58] [154/455] MRCH
[10:14:59] [155/455] MCNP
[10:15:00] [156/455] RCAG
[10:15:01] 🔄 Identity reset
[10:15:01] 🔄 Identity rotated (every 10 requests)
[10:15:01] [157/455] JTSN
[10:15:02] [158/455] AANS
[10:15:03] [159/455] GDDR
[10:15:03] [160/455] SRER
[10:15:04] [161/455] JKMA
[10:15:05] [162/455] ARAN
[10:15:06] [163/455] ALCT
[10:15:07] [164/455] CCTA
[10:15:08] [165/455] CNCT
[10:15:09] [166/455] NZBL
[10:15:10] 🔄 Identity reset
[10:15:10] 🔄 Identity rotated (every 10 requests)
[10:15:10] [167/455] SRRA
[10:15:11] [168/455] SVPW
[10:15:11] [169/455] SRTW
[10:15:12] [170/455] XMTD
[10:15:13] [171/455] SCCZ
[10:15:14] [172/455] PBCR
[10:15:15] [173/455] RTSC
[10:15:16] [174/455] TLSV
[10:15:17] [175/455] RMTK
[10:15:18] [176/455] SRAT
[10:15:18] 🔄 Identity reset
[10:15:18] 🔄 Identity rotated (every 10 requests)
[10:15:19] [177/455] GCYC
[10:15:20] [178/455] HCAJ
[10:15:21] [179/455] LCXA
[10:15:22] [180/455] BINT
[10:15:22] [181/455] IXIM
[10:15:23] [182/455] MBCR
[10:15:25] [183/455] BMCJ
[10:15:26] [184/455] NICJ
[10:15:27] [185/455] SCAJ
[10:15:27] [186/455] CMXS
[10:15:28] 🔄 Identity reset
[10:15:28] 🔄 Identity rotated (every 10 requests)
[10:15:28] [187/455] MMSR
[10:15:29] [188/455] PRKT
[10:15:30] [189/455] LPTH
[10:15:31] [190/455] SARP
[10:15:32] [191/455] MNPP
[10:15:33] [192/455] PRLR
[10:15:33] [193/455] RCMW
[10:15:35] [194/455] FCMG
[10:15:36] [195/455] RTNK
[10:15:37] [196/455] LRCP
[10:15:37] 🔄 Identity reset
[10:15:37] 🔄 Identity rotated (every 10 requests)
[10:15:38] [197/455] DBJR
[10:15:39] [198/455] CACN
[10:15:39] [199/455] AMRL
[10:15:40] [200/455] SBBC
[10:15:41] [201/455] VENN
[10:15:42] [202/455] STSS
[10:15:43] [203/455] SMRB
[10:15:44] [204/455] CCMX
[10:15:45] [205/455] KCMR
[10:15:45] [206/455] SALH
[10:15:46] 🔄 Identity reset
[10:15:46] 🔄 Identity rotated (every 10 requests)
[10:15:46] [207/455] CGTT
[10:15:47] [208/455] PMDR
[10:15:48] [209/455] VCPM
[10:15:49] [210/455] RZMX
[10:15:49] [211/455] TMSY
[10:15:50] [212/455] NTMS
[10:15:51] [213/455] VTAG
[10:15:52] [214/455] REMA
[10:15:53] [215/455] NXCC
[10:15:54] [216/455] SKYM
[10:15:54] 🔄 Identity reset
[10:15:54] 🔄 Identity rotated (every 10 requests)
[10:15:55] [217/455] CCMO
[10:15:56] [218/455] DMXM
[10:15:57] [219/455] SPPM
[10:15:57] [220/455] PTKL
[10:15:58] [221/455] SLVO
[10:15:59] [222/455] VASL
[10:16:00] [223/455] CBCM
[10:16:01] [224/455] STMA
[10:16:01] [225/455] LASK
[10:16:02] [226/455] VITE
[10:16:03] 🔄 Identity reset
[10:16:03] 🔄 Identity rotated (every 10 requests)
[10:16:03] [227/455] AAST
[10:16:04] [228/455] JTPT
[10:16:05] [229/455] RRSH
[10:16:06] [230/455] CINL
[10:16:07] [231/455] MCSR
[10:16:08] [232/455] SBCF
[10:16:08] [233/455] GCDU
[10:16:09] [234/455] PSPR
[10:16:11] [235/455] IMMO
[10:16:11] [236/455] CLGM
[10:16:12] 🔄 Identity reset
[10:16:12] 🔄 Identity rotated (every 10 requests)
[10:16:12] [237/455] PBMM
[10:16:13] [238/455] CEHR
[10:16:14] [239/455] CPOE
[10:16:15] [240/455] PGFD
[10:16:16] [241/455] PSLC
[10:16:17] [242/455] MSMD
[10:16:18] [243/455] FMFB
[10:16:19] [244/455] RKCL
[10:16:20] [245/455] PMMC
[10:16:21] [246/455] SKMM
[10:16:21] 🔄 Identity reset
[10:16:21] 🔄 Identity rotated (every 10 requests)
[10:16:22] [247/455] VOIB
[10:16:23] [248/455] KINO
[10:16:24] [249/455] VCTP
[10:16:25] [250/455] PDWR
[10:16:26] [251/455] SAED
[10:16:27] [252/455] SRRT
[10:16:28] [253/455] CVLG
[10:16:29] [254/455] SNGN
[10:16:30] [255/455] SIDA
[10:16:31] [256/455] IMCB
[10:16:31] 🔄 Identity reset
[10:16:31] 🔄 Identity rotated (every 10 requests)
[10:16:32] [257/455] SMHP
[10:16:33] [258/455] GDTY
[10:16:34] [259/455] VYCH
[10:16:35] [260/455] PDYA
[10:16:36] [261/455] RKDO
[10:16:37] [262/455] VECG
[10:16:37] [263/455] NFGD
[10:16:38] [264/455] SNDC
[10:16:39] [265/455] SDJH
[10:16:40] [266/455] HASV
[10:16:41] 🔄 Identity reset
[10:16:41] 🔄 Identity rotated (every 10 requests)
[10:16:41] [267/455] PTYK
[10:16:42] [268/455] MUTB
[10:16:43] [269/455] AMRT
[10:16:44] [270/455] VACD
[10:16:45] [271/455] SKDD
[10:16:46] [272/455] STGR
[10:16:47] [273/455] GDAK
[10:16:48] [274/455] SKHK
[10:16:49] [275/455] SLND
[10:16:49] [276/455] APAP
[10:16:50] 🔄 Identity reset
[10:16:50] 🔄 Identity rotated (every 10 requests)
[10:16:50] 🔄 Retry 1/5 for APAP in 2.3s
[10:16:50] 🔄 Identity reset
[10:16:52] 🧠 New identity created
[10:16:53] [277/455] AYYA
[10:16:53] [278/455] VCCZ
[10:16:54] [279/455] MEML
[10:16:55] [280/455] MAOU
[10:16:56] [281/455] ESND
[10:16:56] [282/455] PTBZ
[10:16:57] [283/455] LBCN
[10:16:58] [284/455] PAWA
[10:16:59] [285/455] ZEIC
[10:16:59] 🔄 Identity reset
[10:16:59] 🔄 Identity rotated (every 10 requests)
[10:17:00] [286/455] CGMM
[10:17:01] [287/455] PJPM
[10:17:02] [288/455] ECMR
[10:17:03] [289/455] SHMZ
[10:17:04] [290/455] STCA
[10:17:05] [291/455] VDRC
[10:17:06] [292/455] SEEM
[10:17:07] [293/455] MKNS
[10:17:08] [294/455] KPPP
[10:17:09] [295/455] CCML
[10:17:10] 🔄 Identity reset
[10:17:10] 🔄 Identity rotated (every 10 requests)
[10:17:10] [296/455] CIBA
[10:17:11] [297/455] NACS
[10:17:11] [298/455] CTMK
[10:17:12] [299/455] CTCT
[10:17:13] [300/455] MCSN
[10:17:14] [301/455] MAXX
[10:17:14] [302/455] MECB
[10:17:15] [303/455] NTBY
[10:17:17] [304/455] UTBI
[10:17:19] [305/455] RADK
[10:17:19] 🔄 Identity reset
[10:17:19] 🔄 Identity rotated (every 10 requests)
[10:17:19] [306/455] STBY
[10:17:20] [307/455] GTBY
[10:17:21] [308/455] RRMB
[10:17:22] [309/455] ABRN
[10:17:23] [310/455] GTSG
[10:17:24] [311/455] GBTG
[10:17:25] [312/455] SBGS
[10:17:25] [313/455] KBPM
[10:17:26] [314/455] SMHT
[10:17:27] [315/455] VTDM
[10:17:28] 🔄 Identity reset
[10:17:28] 🔄 Identity rotated (every 10 requests)
[10:17:28] [316/455] ASCT
[10:17:29] [317/455] AWCT
[10:17:30] [318/455] DCCU
[10:17:30] [319/455] PSCE
[10:17:31] [320/455] KSNY
[10:17:32] [321/455] ACID
[10:17:33] [322/455] LVCD
[10:17:34] [323/455] KSSB
[10:17:35] [324/455] SWTD
[10:17:36] [325/455] RBMR
[10:17:36] 🔄 Identity reset
[10:17:36] 🔄 Identity rotated (every 10 requests)
[10:17:37] [326/455] SCBC
[10:17:37] [327/455] RKME
[10:17:38] [328/455] GALX
[10:17:39] [329/455] GCCH
[10:17:40] [330/455] RATR
[10:17:41] [331/455] GTGA
[10:17:42] [332/455] LTTR
[10:17:43] [333/455] TTAA
[10:17:44] [334/455] TVHP
[10:17:45] [335/455] KVCS
[10:17:45] 🔄 Identity reset
[10:17:45] 🔄 Identity rotated (every 10 requests)
[10:17:47] [336/455] CBMC
[10:17:47] [337/455] MAYJ
[10:17:48] [338/455] INPR
[10:17:49] [339/455] RSSC
[10:17:50] [340/455] PCAN
[10:17:51] [341/455] PVHR
[10:17:52] [342/455] AGSM
[10:17:53] [343/455] PVES
[10:17:54] [344/455] INTO
[10:17:55] [345/455] ACON
[10:17:55] 🔄 Identity reset
[10:17:55] 🔄 Identity rotated (every 10 requests)
[10:17:56] [346/455] PVPZ
[10:17:57] [347/455] PVHC
[10:17:57] [348/455] KSTK
[10:17:58] [349/455] PVSR
[10:17:59] [350/455] ACTN
[10:18:00] [351/455] FMCN
[10:18:01] [352/455] PABC
[10:18:02] [353/455] SUTC
[10:18:03] [354/455] PGMV
[10:18:03] [355/455] GKCP
[10:18:04] 🔄 Identity reset
[10:18:04] 🔄 Identity rotated (every 10 requests)
[10:18:04] [356/455] INCH
[10:18:05] [357/455] MLMT
[10:18:06] [358/455] SSCC
[10:18:07] [359/455] SLMP
[10:18:08] [360/455] VVTN
[10:18:09] [361/455] SBTR
[10:18:11] [362/455] PGRA
[10:18:12] [363/455] PBRM
[10:18:12] [364/455] GCRP
[10:18:13] [365/455] MCSK
[10:18:14] 🔄 Identity reset
[10:18:14] 🔄 Identity rotated (every 10 requests)
[10:18:15] [366/455] NLTC
[10:18:16] [367/455] MTLM
[10:18:17] [368/455] VECT
[10:18:17] [369/455] KMRM
[10:18:18] [370/455] RACM
[10:18:19] [371/455] WSTC
[10:18:20] [372/455] PVTJ
[10:18:21] [373/455] MMKC
[10:18:22] [374/455] SVWT
[10:18:23] [375/455] JOTG
[10:18:23] 🔄 Identity reset
[10:18:23] 🔄 Identity rotated (every 10 requests)
[10:18:24] [376/455] VCDK
[10:18:25] [377/455] ANAC
[10:18:26] [378/455] GRTC
[10:18:27] [379/455] JTPL
[10:18:27] [380/455] VRCP
[10:18:28] [381/455] REMC
[10:18:29] [382/455] ATMG
[10:18:30] [383/455] GAHC
[10:18:31] [384/455] JTMV
[10:18:32] [385/455] OMTT
[10:18:32] 🔄 Identity reset
[10:18:32] 🔄 Identity rotated (every 10 requests)
[10:18:32] [386/455] GKKC
[10:18:34] [387/455] BBPO
[10:18:35] [388/455] ZCBB
[10:18:36] [389/455] DCGO
[10:18:37] [390/455] STOP
[10:18:37] [391/455] BSPC
[10:18:38] [392/455] SOND
[10:18:39] [393/455] GCKG
[10:18:40] [394/455] PCDB
[10:18:41] [395/455] PGRC
[10:18:41] 🔄 Identity reset
[10:18:41] 🔄 Identity rotated (every 10 requests)
[10:18:42] [396/455] CSCT
[10:18:43] [397/455] STDA
[10:18:43] [398/455] JAYD
[10:18:44] [399/455] PPPD
[10:18:45] [400/455] KRTT
[10:18:46] [401/455] PTDT
[10:18:47] [402/455] TRSV
[10:18:48] [403/455] VELR
[10:18:48] [404/455] STDT
[10:18:49] [405/455] SATT
[10:18:50] 🔄 Identity reset
[10:18:50] 🔄 Identity rotated (every 10 requests)
[10:18:50] [406/455] KCPM
[10:18:52] [407/455] MFCP
[10:18:53] [408/455] AXMP
[10:18:54] [409/455] LTVB
[10:18:54] [410/455] APST
[10:18:56] [411/455] DTVP
[10:18:57] [412/455] AAVB
[10:18:58] [413/455] PMBL
[10:18:58] [414/455] STKC
[10:18:59] [415/455] KKMA
[10:19:00] 🔄 Identity reset
[10:19:00] 🔄 Identity rotated (every 10 requests)
[10:19:00] [416/455] NMXS
[10:19:01] [417/455] DECX
[10:19:02] [418/455] MAPJ
[10:19:03] [419/455] SMLK
[10:19:03] [420/455] PMPU
[10:19:04] [421/455] AFST
[10:19:05] [422/455] SRSY
[10:19:06] [423/455] RMKT
[10:19:06] [424/455] RAJX
[10:19:07] [425/455] UVCD
[10:19:08] 🔄 Identity reset
[10:19:08] 🔄 Identity rotated (every 10 requests)
[10:19:08] [426/455] LISA
[10:19:09] [427/455] LMSR
[10:19:10] [428/455] PMCA
[10:19:11] [429/455] INPO
[10:19:12] [430/455] INGO
[10:19:13] [431/455] HFSQ
[10:19:14] [432/455] INMG
[10:19:15] [433/455] NYCP
[10:19:16] [434/455] HFSV
[10:19:17] [435/455] MMZP
[10:19:18] 🔄 Identity reset
[10:19:18] 🔄 Identity rotated (every 10 requests)
[10:19:19] [436/455] KSES
[10:19:20] [437/455] HFSA
[10:19:20] [438/455] ACMM
[10:19:21] [439/455] RCKD
[10:19:22] [440/455] BCKR
[10:19:23] [441/455] SFCO
[10:19:24] [442/455] JCCB
[10:19:25] [443/455] BCCR
[10:19:26] [444/455] NWCB
[10:19:27] [445/455] SAMT
[10:19:28] 🔄 Identity reset
[10:19:28] 🔄 Identity rotated (every 10 requests)
[10:19:28] [446/455] TMST
[10:19:29] [447/455] SJCN
[10:19:29] [448/455] MCBS
[10:19:30] [449/455] CMKR
[10:19:31] [450/455] INPM
[10:19:32] [451/455] WVMT
[10:19:33] [452/455] NYSM
[10:19:34] [453/455] RCMA
[10:19:35] [454/455] RECM
[10:19:35] [455/455] CYCM
[10:19:36] 🔄 Identity reset
[10:19:36] 🔄 Identity rotated (every 10 requests)
[10:19:36] 🧹 Deduping shows
[10:19:36] ✅ DONE | Shows=9 | Movies=3
[04:57:19] 🚀 SCRIPT STARTED (enhanced anti‑detection)
[04:57:19] [1/455] MXGN
[04:57:20] 🧠 New identity created
[04:57:20] 🔄 Retry 1/5 for MXGN in 2.1s
[04:57:20] 🔄 Identity reset
[04:57:22] 🧠 New identity created
[04:57:23] [2/455] PGGM
[04:57:24] [3/455] IPMJ
[04:57:25] [4/455] M2PP
[04:57:26] [5/455] PMMS
[04:57:27] [6/455] SCJN
[04:57:28] [7/455] CPUM
[04:57:29] [8/455] SCND
[04:57:30] [9/455] INWM
[04:57:30] 🔄 Identity reset
[04:57:30] 🔄 Identity rotated (every 10 requests)
[04:57:31] [10/455] DVDC
[04:57:32] [11/455] WVND
[04:57:33] [12/455] LBDL
[04:57:35] [13/455] CRGM
[04:57:36] [14/455] PVKS
[04:57:37] [15/455] PBLL
[04:57:38] [16/455] FNLN
[04:57:39] [17/455] PPDA
[04:57:40] [18/455] SCPT
[04:57:40] [19/455] IAJS
[04:57:41] 🔄 Identity reset
[04:57:41] 🔄 Identity rotated (every 10 requests)
[04:57:41] [20/455] MMZG
[04:57:42] [21/455] MCTI
[04:57:43] [22/455] PPMF
[04:57:44] [23/455] FNSD
[04:57:46] [24/455] M2RH
[04:57:47] [25/455] CPGV
[04:57:48] [26/455] PECD
[04:57:48] [27/455] CTEE
[04:57:49] [28/455] IOMG
[04:57:50] [29/455] CIJA
[04:57:51] 🔄 Identity reset
[04:57:51] 🔄 Identity rotated (every 10 requests)
[04:57:51] [30/455] NYCG
[04:57:52] [31/455] CEST
[04:57:53] [32/455] WVRG
[04:57:54] [33/455] DPDC
[04:57:55] [34/455] PDIV
[04:57:56] [35/455] MTPP
[04:57:57] [36/455] MHNU
[04:57:58] [37/455] WUPG
[04:57:59] [38/455] USCO
[04:58:00] [39/455] INFR
[04:58:01] 🔄 Identity reset
[04:58:01] 🔄 Identity rotated (every 10 requests)
[04:58:01] [40/455] PVPD
[04:58:02] [41/455] RONC
[04:58:03] [42/455] IOCP
[04:58:04] [43/455] EMPS
[04:58:05] [44/455] PNAD
[04:58:06] [45/455] VVGZ
[04:58:07] [46/455] MDDC
[04:58:08] [47/455] MMAP
[04:58:09] [48/455] GPDC
[04:58:10] [49/455] PVPU
[04:58:10] 🔄 Identity reset
[04:58:10] 🔄 Identity rotated (every 10 requests)
[04:58:11] [50/455] DCMV
[04:58:12] [51/455] PCCF
[04:58:13] [52/455] MCEF
[04:58:14] [53/455] INRD
[04:58:15] [54/455] CCPZ
[04:58:16] [55/455] BCWG
[04:58:17] [56/455] PMGU
[04:58:17] [57/455] MCVM
[04:58:18] [58/455] MCDE
[04:58:19] [59/455] IEFM
[04:58:20] 🔄 Identity reset
[04:58:20] 🔄 Identity rotated (every 10 requests)
[04:58:20] [60/455] MXCS
[04:58:21] [61/455] RNMT
[04:58:22] [62/455] PSDD
[04:58:23] [63/455] PETA
[04:58:23] [64/455] IZOP
[04:58:24] [65/455] PDEI
[04:58:25] [66/455] MTND
[04:58:27] [67/455] PCPL
[04:58:28] [68/455] LSCM
[04:58:29] [69/455] BTFD
[04:58:29] 🔄 Identity reset
[04:58:29] 🔄 Identity rotated (every 10 requests)
[04:58:29] 🔄 Retry 1/5 for BTFD in 2.5s
[04:58:29] 🔄 Identity reset
[04:58:32] 🧠 New identity created
[04:58:33] [70/455] MERM
[04:58:34] [71/455] PVMS
[04:58:35] [72/455] CIGK
[04:58:36] [73/455] INSG
[04:58:37] [74/455] IDEN
[04:58:38] [75/455] MCGN
[04:58:39] [76/455] IGAM
[04:58:40] [77/455] SLCU
[04:58:41] [78/455] MIMU
[04:58:41] 🔄 Identity reset
[04:58:41] 🔄 Identity rotated (every 10 requests)
[04:58:41] 🔄 Retry 1/5 for MIMU in 2.9s
[04:58:41] 🔄 Identity reset
[04:58:44] 🧠 New identity created
[04:58:45] [79/455] QLAC
[04:58:46] [80/455] MENL
[04:58:46] [81/455] SCUR
[04:58:47] [82/455] MDGD
[04:58:48] [83/455] LSRS
[04:58:49] [84/455] KMLG
[04:58:50] [85/455] MKLJ
[04:58:51] [86/455] IBYG
[04:58:52] [87/455] ISML
[04:58:52] 🔄 Identity reset
[04:58:52] 🔄 Identity rotated (every 10 requests)
[04:58:52] 🔄 Retry 1/5 for ISML in 3.0s
[04:58:52] 🔄 Identity reset
[04:58:55] 🧠 New identity created
[04:58:56] [88/455] MJMM
[04:58:57] [89/455] RCGD
[04:58:58] [90/455] MMOC
[04:58:58] [91/455] RRCO
[04:59:00] [92/455] MEDM
[04:59:01] [93/455] MCAZ
[04:59:02] [94/455] STWA
[04:59:03] [95/455] PFFG
[04:59:04] [96/455] GAGC
[04:59:05] 🔄 Identity reset
[04:59:05] 🔄 Identity rotated (every 10 requests)
[04:59:05] [97/455] PMPM
[04:59:06] [98/455] HVCD
[04:59:07] [99/455] AKRF
[04:59:08] [100/455] AKRC
[04:59:09] [101/455] MIDA
[04:59:10] [102/455] MAGX
[04:59:11] [103/455] ESOS
[04:59:12] [104/455] BBCL
[04:59:13] [105/455] LYAS
[04:59:14] [106/455] NRMS
[04:59:14] 🔄 Identity reset
[04:59:14] 🔄 Identity rotated (every 10 requests)
[04:59:14] [107/455] BHUC
[04:59:15] [108/455] SRIC
[04:59:16] [109/455] PDME
[04:59:17] [110/455] MJCS
[04:59:18] [111/455] NRAA
[04:59:19] [112/455] VATA
[04:59:20] [113/455] MNKC
[04:59:21] [114/455] DHCL
[04:59:22] [115/455] JCPC
[04:59:23] [116/455] CTML
[04:59:24] 🔄 Identity reset
[04:59:24] 🔄 Identity rotated (every 10 requests)
[04:59:24] 🔄 Retry 1/5 for CTML in 2.6s
[04:59:24] 🔄 Identity reset
[04:59:27] 🧠 New identity created
[04:59:27] [117/455] RMMR
[04:59:28] [118/455] STTL
[04:59:29] [119/455] CNPS
[04:59:30] [120/455] ACKL
[04:59:31] [121/455] SCAU
[04:59:32] [122/455] RMIA
[04:59:33] [123/455] MANU
[04:59:33] [124/455] ARDC
[04:59:34] [125/455] GLDA
[04:59:35] 🔄 Identity reset
[04:59:35] 🔄 Identity rotated (every 10 requests)
[04:59:35] 🔄 Retry 1/5 for GLDA in 2.5s
[04:59:35] 🔄 Identity reset
[04:59:37] 🧠 New identity created
[04:59:38] [126/455] KVSW
[04:59:39] [127/455] CGCA
[04:59:40] [128/455] CMLO
[04:59:42] [129/455] CECB
[04:59:43] [130/455] RCPN
[04:59:44] [131/455] ASMW
[04:59:45] [132/455] PWLM
[04:59:46] [133/455] ASGM
[04:59:47] [134/455] ACWH
[04:59:47] 🔄 Identity reset
[04:59:47] 🔄 Identity rotated (every 10 requests)
[04:59:48] [135/455] AAPW
[04:59:48] [136/455] RTWA
[04:59:49] [137/455] RAMW
[04:59:50] [138/455] VKTR
[04:59:52] [139/455] SMBH
[04:59:53] [140/455] BVDR
[04:59:54] [141/455] MRTP
[04:59:55] [142/455] BLBR
[04:59:55] [143/455] LPIN
[04:59:56] [144/455] SNPC
[04:59:57] 🔄 Identity reset
[04:59:57] 🔄 Identity rotated (every 10 requests)
[04:59:58] [145/455] PDCB
[04:59:59] [146/455] DYPK
[05:00:00] [147/455] INMK
[05:00:01] [148/455] PDCK
[05:00:02] [149/455] PCKR
[05:00:03] [150/455] SHUA
[05:00:04] [151/455] SCVK
[05:00:05] [152/455] STPA
[05:00:06] [153/455] WVHD
[05:00:07] [154/455] MRCH
[05:00:07] 🔄 Identity reset
[05:00:07] 🔄 Identity rotated (every 10 requests)
[05:00:07] 🔄 Retry 1/5 for MRCH in 2.8s
[05:00:07] 🔄 Identity reset
[05:00:10] 🧠 New identity created
[05:00:11] [155/455] MCNP
[05:00:12] [156/455] RCAG
[05:00:13] [157/455] JTSN
[05:00:14] [158/455] AANS
[05:00:15] [159/455] GDDR
[05:00:15] [160/455] SRER
[05:00:16] [161/455] JKMA
[05:00:17] [162/455] ARAN
[05:00:18] [163/455] ALCT
[05:00:19] 🔄 Identity reset
[05:00:19] 🔄 Identity rotated (every 10 requests)
[05:00:19] [164/455] CCTA
[05:00:20] [165/455] CNCT
[05:00:21] [166/455] NZBL
[05:00:22] [167/455] SRRA
[05:00:24] [168/455] SVPW
[05:00:25] [169/455] SRTW
[05:00:26] [170/455] XMTD
[05:00:27] [171/455] SCCZ
[05:00:27] [172/455] PBCR
[05:00:28] [173/455] RTSC
[05:00:29] 🔄 Identity reset
[05:00:29] 🔄 Identity rotated (every 10 requests)
[05:00:29] 🔄 Retry 1/5 for RTSC in 2.5s
[05:00:29] 🔄 Identity reset
[05:00:31] 🧠 New identity created
[05:00:32] [174/455] TLSV
[05:00:33] [175/455] RMTK
[05:00:34] [176/455] SRAT
[05:00:35] [177/455] GCYC
[05:00:35] [178/455] HCAJ
[05:00:36] [179/455] LCXA
[05:00:37] [180/455] BINT
[05:00:38] [181/455] IXIM
[05:00:39] [182/455] MBCR
[05:00:40] 🔄 Identity reset
[05:00:40] 🔄 Identity rotated (every 10 requests)
[05:00:40] [183/455] BMCJ
[05:00:42] [184/455] NICJ
[05:00:42] [185/455] SCAJ
[05:00:43] [186/455] CMXS
[05:00:44] [187/455] MMSR
[05:00:46] [188/455] PRKT
[05:00:47] [189/455] LPTH
[05:00:48] [190/455] SARP
[05:00:49] [191/455] MNPP
[05:00:50] [192/455] PRLR
[05:00:51] 🔄 Identity reset
[05:00:51] 🔄 Identity rotated (every 10 requests)
[05:00:51] [193/455] RCMW
[05:00:52] [194/455] FCMG
[05:00:53] [195/455] RTNK
[05:00:54] [196/455] LRCP
[05:00:55] [197/455] DBJR
[05:00:56] [198/455] CACN
[05:00:57] [199/455] AMRL
[05:00:58] [200/455] SBBC
[05:00:59] [201/455] VENN
[05:00:59] [202/455] STSS
[05:01:00] 🔄 Identity reset
[05:01:00] 🔄 Identity rotated (every 10 requests)
[05:01:00] 🔄 Retry 1/5 for STSS in 2.5s
[05:01:00] 🔄 Identity reset
[05:01:03] 🧠 New identity created
[05:01:03] [203/455] SMRB
[05:01:04] [204/455] CCMX
[05:01:05] [205/455] KCMR
[05:01:06] [206/455] SALH
[05:01:07] [207/455] CGTT
[05:01:08] [208/455] PMDR
[05:01:09] [209/455] VCPM
[05:01:10] [210/455] RZMX
[05:01:11] [211/455] TMSY
[05:01:11] 🔄 Identity reset
[05:01:11] 🔄 Identity rotated (every 10 requests)
[05:01:11] [212/455] NTMS
[05:01:12] [213/455] VTAG
[05:01:13] [214/455] REMA
[05:01:14] [215/455] NXCC
[05:01:15] [216/455] SKYM
[05:01:16] [217/455] CCMO
[05:01:17] [218/455] DMXM
[05:01:18] [219/455] SPPM
[05:01:19] [220/455] PTKL
[05:01:20] [221/455] SLVO
[05:01:20] 🔄 Identity reset
[05:01:20] 🔄 Identity rotated (every 10 requests)
[05:01:20] 🔄 Retry 1/5 for SLVO in 2.4s
[05:01:20] 🔄 Identity reset
[05:01:23] 🧠 New identity created
[05:01:23] [222/455] VASL
[05:01:24] [223/455] CBCM
[05:01:25] [224/455] STMA
[05:01:26] [225/455] LASK
[05:01:27] [226/455] VITE
[05:01:28] [227/455] AAST
[05:01:30] [228/455] JTPT
[05:01:31] [229/455] RRSH
[05:01:32] [230/455] CINL
[05:01:32] 🔄 Identity reset
[05:01:32] 🔄 Identity rotated (every 10 requests)
[05:01:33] [231/455] MCSR
[05:01:34] [232/455] SBCF
[05:01:34] [233/455] GCDU
[05:01:35] [234/455] PSPR
[05:01:36] [235/455] IMMO
[05:01:37] [236/455] CLGM
[05:01:38] [237/455] PBMM
[05:01:39] [238/455] CEHR
[05:01:40] [239/455] CPOE
[05:01:41] [240/455] PGFD
[05:01:42] 🔄 Identity reset
[05:01:42] 🔄 Identity rotated (every 10 requests)
[05:01:42] [241/455] PSLC
[05:01:43] [242/455] MSMD
[05:01:44] [243/455] FMFB
[05:01:45] [244/455] RKCL
[05:01:46] [245/455] PMMC
[05:01:47] [246/455] SKMM
[05:01:48] [247/455] VOIB
[05:01:49] [248/455] KINO
[05:01:50] [249/455] VCTP
[05:01:51] [250/455] PDWR
[05:01:51] 🔄 Identity reset
[05:01:51] 🔄 Identity rotated (every 10 requests)
[05:01:51] 🔄 Retry 1/5 for PDWR in 2.5s
[05:01:51] 🔄 Identity reset
[05:01:54] 🧠 New identity created
[05:01:54] [251/455] SAED
[05:01:55] [252/455] SRRT
[05:01:56] [253/455] CVLG
[05:01:58] [254/455] SNGN
[05:01:59] [255/455] SIDA
[05:02:00] [256/455] IMCB
[05:02:00] [257/455] SMHP
[05:02:01] [258/455] GDTY
[05:02:02] [259/455] VYCH
[05:02:03] 🔄 Identity reset
[05:02:03] 🔄 Identity rotated (every 10 requests)
[05:02:03] [260/455] PDYA
[05:02:04] [261/455] RKDO
[05:02:05] [262/455] VECG
[05:02:06] [263/455] NFGD
[05:02:07] [264/455] SNDC
[05:02:08] [265/455] SDJH
[05:02:09] [266/455] HASV
[05:02:10] [267/455] PTYK
[05:02:11] [268/455] MUTB
[05:02:12] [269/455] AMRT
[05:02:12] 🔄 Identity reset
[05:02:12] 🔄 Identity rotated (every 10 requests)
[05:02:13] [270/455] VACD
[05:02:14] [271/455] SKDD
[05:02:15] [272/455] STGR
[05:02:16] [273/455] GDAK
[05:02:17] [274/455] SKHK
[05:02:19] [275/455] SLND
[05:02:19] [276/455] APAP
[05:02:20] [277/455] AYYA
[05:02:21] [278/455] VCCZ
[05:02:22] [279/455] MEML
[05:02:23] 🔄 Identity reset
[05:02:23] 🔄 Identity rotated (every 10 requests)
[05:02:23] [280/455] MAOU
[05:02:24] [281/455] ESND
[05:02:25] [282/455] PTBZ
[05:02:26] [283/455] LBCN
[05:02:27] [284/455] PAWA
[05:02:27] [285/455] ZEIC
[05:02:28] [286/455] CGMM
[05:02:30] [287/455] PJPM
[05:02:31] [288/455] ECMR
[05:02:31] [289/455] SHMZ
[05:02:32] 🔄 Identity reset
[05:02:32] 🔄 Identity rotated (every 10 requests)
[05:02:32] [290/455] STCA
[05:02:34] [291/455] VDRC
[05:02:35] [292/455] SEEM
[05:02:36] [293/455] MKNS
[05:02:37] [294/455] KPPP
[05:02:38] [295/455] CCML
[05:02:39] [296/455] CIBA
[05:02:40] [297/455] NACS
[05:02:41] [298/455] CTMK
[05:02:42] [299/455] CTCT
[05:02:43] 🔄 Identity reset
[05:02:43] 🔄 Identity rotated (every 10 requests)
[05:02:43] [300/455] MCSN
[05:02:44] [301/455] MAXX
[05:02:46] [302/455] MECB
[05:02:46] [303/455] NTBY
[05:02:48] [304/455] UTBI
[05:02:49] [305/455] RADK
[05:02:50] [306/455] STBY
[05:02:51] [307/455] GTBY
[05:02:52] [308/455] RRMB
[05:02:53] [309/455] ABRN
[05:02:53] 🔄 Identity reset
[05:02:53] 🔄 Identity rotated (every 10 requests)
[05:02:54] [310/455] GTSG
[05:02:55] [311/455] GBTG
[05:02:56] [312/455] SBGS
[05:02:57] [313/455] KBPM
[05:02:58] [314/455] SMHT
[05:02:59] [315/455] VTDM
[05:03:00] [316/455] ASCT
[05:03:01] [317/455] AWCT
[05:03:01] [318/455] DCCU
[05:03:02] [319/455] PSCE
[05:03:03] 🔄 Identity reset
[05:03:03] 🔄 Identity rotated (every 10 requests)
[05:03:03] [320/455] KSNY
[05:03:04] [321/455] ACID
[05:03:05] [322/455] LVCD
[05:03:06] [323/455] KSSB
[05:03:07] [324/455] SWTD
[05:03:08] [325/455] RBMR
[05:03:09] [326/455] SCBC
[05:03:10] [327/455] RKME
[05:03:10] [328/455] GALX
[05:03:11] [329/455] GCCH
[05:03:12] 🔄 Identity reset
[05:03:12] 🔄 Identity rotated (every 10 requests)
[05:03:12] [330/455] RATR
[05:03:14] [331/455] GTGA
[05:03:15] [332/455] LTTR
[05:03:15] [333/455] TTAA
[05:03:16] [334/455] TVHP
[05:03:17] [335/455] KVCS
[05:03:18] [336/455] CBMC
[05:03:19] [337/455] MAYJ
[05:03:20] [338/455] INPR
[05:03:20] [339/455] RSSC
[05:03:21] 🔄 Identity reset
[05:03:21] 🔄 Identity rotated (every 10 requests)
[05:03:21] [340/455] PCAN
[05:03:22] [341/455] PVHR
[05:03:23] [342/455] AGSM
[05:03:24] [343/455] PVES
[05:03:25] [344/455] INTO
[05:03:26] [345/455] ACON
[05:03:27] [346/455] PVPZ
[05:03:28] [347/455] PVHC
[05:03:29] [348/455] KSTK
[05:03:30] [349/455] PVSR
[05:03:30] 🔄 Identity reset
[05:03:30] 🔄 Identity rotated (every 10 requests)
[05:03:31] [350/455] ACTN
[05:03:32] [351/455] FMCN
[05:03:32] [352/455] PABC
[05:03:33] [353/455] SUTC
[05:03:34] [354/455] PGMV
[05:03:36] [355/455] GKCP
[05:03:37] [356/455] INCH
[05:03:37] [357/455] MLMT
[05:03:38] [358/455] SSCC
[05:03:39] [359/455] SLMP
[05:03:40] 🔄 Identity reset
[05:03:40] 🔄 Identity rotated (every 10 requests)
[05:03:40] 🔄 Retry 1/5 for SLMP in 2.1s
[05:03:40] 🔄 Identity reset
[05:03:42] 🧠 New identity created
[05:03:43] [360/455] VVTN
[05:03:44] [361/455] SBTR
[05:03:44] [362/455] PGRA
[05:03:45] [363/455] PBRM
[05:03:46] [364/455] GCRP
[05:03:47] [365/455] MCSK
[05:03:48] [366/455] NLTC
[05:03:49] [367/455] MTLM
[05:03:50] [368/455] VECT
[05:03:51] 🔄 Identity reset
[05:03:51] 🔄 Identity rotated (every 10 requests)
[05:03:51] [369/455] KMRM
[05:03:52] [370/455] RACM
[05:03:53] [371/455] WSTC
[05:03:53] [372/455] PVTJ
[05:03:54] [373/455] MMKC
[05:03:55] [374/455] SVWT
[05:03:56] [375/455] JOTG
[05:03:57] [376/455] VCDK
[05:03:59] [377/455] ANAC
[05:04:00] [378/455] GRTC
[05:04:00] 🔄 Identity reset
[05:04:00] 🔄 Identity rotated (every 10 requests)
[05:04:01] [379/455] JTPL
[05:04:01] [380/455] VRCP
[05:04:03] [381/455] REMC
[05:04:04] [382/455] ATMG
[05:04:05] [383/455] GAHC
[05:04:06] [384/455] JTMV
[05:04:07] [385/455] OMTT
[05:04:08] [386/455] GKKC
[05:04:09] [387/455] BBPO
[05:04:10] [388/455] ZCBB
[05:04:10] 🔄 Identity reset
[05:04:10] 🔄 Identity rotated (every 10 requests)
[05:04:11] [389/455] DCGO
[05:04:12] [390/455] STOP
[05:04:13] [391/455] BSPC
[05:04:14] [392/455] SOND
[05:04:14] [393/455] GCKG
[05:04:15] [394/455] PCDB
[05:04:16] [395/455] PGRC
[05:04:17] [396/455] CSCT
[05:04:19] [397/455] STDA
[05:04:20] [398/455] JAYD
[05:04:20] 🔄 Identity reset
[05:04:20] 🔄 Identity rotated (every 10 requests)
[05:04:21] [399/455] PPPD
[05:04:22] [400/455] KRTT
[05:04:22] [401/455] PTDT
[05:04:24] [402/455] TRSV
[05:04:24] [403/455] VELR
[05:04:26] [404/455] STDT
[05:04:27] [405/455] SATT
[05:04:29] [406/455] KCPM
[05:04:29] [407/455] MFCP
[05:04:30] [408/455] AXMP
[05:04:31] 🔄 Identity reset
[05:04:31] 🔄 Identity rotated (every 10 requests)
[05:04:31] 🔄 Retry 1/5 for AXMP in 2.8s
[05:04:31] 🔄 Identity reset
[05:04:34] 🧠 New identity created
[05:04:34] [409/455] LTVB
[05:04:36] [410/455] APST
[05:04:37] [411/455] DTVP
[05:04:38] [412/455] AAVB
[05:04:38] [413/455] PMBL
[05:04:39] [414/455] STKC
[05:04:41] [415/455] KKMA
[05:04:42] [416/455] NMXS
[05:04:42] [417/455] DECX
[05:04:43] 🔄 Identity reset
[05:04:43] 🔄 Identity rotated (every 10 requests)
[05:04:43] [418/455] MAPJ
[05:04:45] [419/455] SMLK
[05:04:46] [420/455] PMPU
[05:04:47] [421/455] AFST
[05:04:48] [422/455] SRSY
[05:04:48] [423/455] RMKT
[05:04:49] [424/455] RAJX
[05:04:50] [425/455] UVCD
[05:04:51] [426/455] LISA
[05:04:52] [427/455] LMSR
[05:04:53] 🔄 Identity reset
[05:04:53] 🔄 Identity rotated (every 10 requests)
[05:04:53] 🔄 Retry 1/5 for LMSR in 2.6s
[05:04:53] 🔄 Identity reset
[05:04:55] 🧠 New identity created
[05:04:56] 🔄 Retry 2/5 for LMSR in 4.1s
[05:04:56] 🔄 Identity reset
[05:05:00] 🧠 New identity created
[05:05:00] [428/455] PMCA
[05:05:01] [429/455] INPO
[05:05:02] [430/455] INGO
[05:05:03] [431/455] HFSQ
[05:05:04] [432/455] INMG
[05:05:05] [433/455] NYCP
[05:05:06] [434/455] HFSV
[05:05:07] [435/455] MMZP
[05:05:07] 🔄 Identity reset
[05:05:07] 🔄 Identity rotated (every 10 requests)
[05:05:08] [436/455] KSES
[05:05:08] [437/455] HFSA
[05:05:10] [438/455] ACMM
[05:05:11] [439/455] RCKD
[05:05:11] [440/455] BCKR
[05:05:12] [441/455] SFCO
[05:05:13] [442/455] JCCB
[05:05:14] [443/455] BCCR
[05:05:15] [444/455] NWCB
[05:05:16] [445/455] SAMT
[05:05:17] 🔄 Identity reset
[05:05:17] 🔄 Identity rotated (every 10 requests)
[05:05:17] [446/455] TMST
[05:05:18] [447/455] SJCN
[05:05:19] [448/455] MCBS
[05:05:20] [449/455] CMKR
[05:05:21] [450/455] INPM
[05:05:22] [451/455] WVMT
[05:05:23] [452/455] NYSM
[05:05:24] [453/455] RCMA
[05:05:25] [454/455] RECM
[05:05:25] [455/455] CYCM
[05:05:26] 🔄 Identity reset
[05:05:26] 🔄 Identity rotated (every 10 requests)
[05:05:26] 🔄 Retry 1/5 for CYCM in 2.8s
[05:05:26] 🔄 Identity reset
[05:05:29] 🧠 New identity created
[05:05:29] 🧹 Deduping shows
[05:05:29] ✅ DONE | Shows=25 | Movies=6
[22:05:59] 🚀 SCRIPT STARTED (enhanced anti‑detection)
[22:05:59] [1/455] MXGN
[22:05:59] 🧠 New identity created
[22:06:00] [2/455] PGGM
[22:06:01] [3/455] IPMJ
[22:06:02] [4/455] M2PP
[22:06:03] [5/455] PMMS
[22:06:04] [6/455] SCJN
[22:06:05] [7/455] CPUM
[22:06:06] [8/455] SCND
[22:06:07] [9/455] INWM
[22:06:07] [10/455] DVDC
[22:06:08] 🔄 Identity reset
[22:06:08] 🔄 Identity rotated (every 10 requests)
[22:06:08] 🔄 Retry 1/5 for DVDC in 2.4s
[22:06:08] 🔄 Identity reset
[22:06:11] 🧠 New identity created
[22:06:11] 🔄 Retry 2/5 for DVDC in 4.1s
[22:06:11] 🔄 Identity reset
[22:06:15] 🧠 New identity created
[22:06:15] [11/455] WVND
[22:06:16] [12/455] LBDL
[22:06:17] [13/455] CRGM
[22:06:18] [14/455] PVKS
[22:06:19] [15/455] PBLL
[22:06:20] [16/455] FNLN
[22:06:20] [17/455] PPDA
[22:06:21] [18/455] SCPT
[22:06:22] 🔄 Identity reset
[22:06:22] 🔄 Identity rotated (every 10 requests)
[22:06:22] 🔄 Retry 1/5 for SCPT in 2.2s
[22:06:22] 🔄 Identity reset
[22:06:24] 🧠 New identity created
[22:06:25] [19/455] IAJS
[22:06:25] [20/455] MMZG
[22:06:26] [21/455] MCTI
[22:06:28] [22/455] PPMF
[22:06:28] [23/455] FNSD
[22:06:29] [24/455] M2RH
[22:06:30] [25/455] CPGV
[22:06:31] [26/455] PECD
[22:06:32] [27/455] CTEE
[22:06:33] 🔄 Identity reset
[22:06:33] 🔄 Identity rotated (every 10 requests)
[22:06:33] [28/455] IOMG
[22:06:34] [29/455] CIJA
[22:06:35] [30/455] NYCG
[22:06:36] [31/455] CEST
[22:06:37] [32/455] WVRG
[22:06:37] [33/455] DPDC
[22:06:38] [34/455] PDIV
[22:06:40] [35/455] MTPP
[22:06:41] [36/455] MHNU
[22:06:42] [37/455] WUPG
[22:06:42] 🔄 Identity reset
[22:06:42] 🔄 Identity rotated (every 10 requests)
[22:06:42] 🔄 Retry 1/5 for WUPG in 2.6s
[22:06:42] 🔄 Identity reset
[22:06:45] 🧠 New identity created
[22:06:45] 🔄 Retry 2/5 for WUPG in 4.7s
[22:06:45] 🔄 Identity reset
[22:06:50] 🧠 New identity created
[22:06:50] 🔄 Retry 3/5 for WUPG in 8.6s
[22:06:50] 🔄 Identity reset
[22:06:58] 🧠 New identity created
[22:06:58] 🔄 Retry 4/5 for WUPG in 16.6s
[22:06:58] 🔄 Identity reset
[22:07:15] 🧠 New identity created
[22:07:15] [38/455] USCO
[22:07:16] [39/455] INFR
[22:07:17] [40/455] PVPD
[22:07:18] [41/455] RONC
[22:07:19] [42/455] IOCP
[22:07:20] [43/455] EMPS
[22:07:20] 🔄 Identity reset
[22:07:20] 🔄 Identity rotated (every 10 requests)
[22:07:21] 🔄 Retry 1/5 for EMPS in 2.1s
[22:07:21] 🔄 Identity reset
[22:07:23] 🧠 New identity created
[22:07:23] 🔄 Retry 2/5 for EMPS in 4.6s
[22:07:23] 🔄 Identity reset
[22:07:27] 🧠 New identity created
[22:07:28] [44/455] PNAD
[22:07:29] [45/455] VVGZ
[22:07:29] [46/455] MDDC
[22:07:30] [47/455] MMAP
[22:07:31] [48/455] GPDC
[22:07:32] [49/455] PVPU
[22:07:33] [50/455] DCMV
[22:07:34] [51/455] PCCF
[22:07:35] 🔄 Identity reset
[22:07:35] 🔄 Identity rotated (every 10 requests)
[22:07:35] [52/455] MCEF
[22:07:36] [53/455] INRD
[22:07:37] [54/455] CCPZ
[22:07:38] [55/455] BCWG
[22:07:39] [56/455] PMGU
[22:07:40] [57/455] MCVM
[22:07:41] [58/455] MCDE
[22:07:41] [59/455] IEFM
[22:07:42] [60/455] MXCS
[22:07:43] [61/455] RNMT
[22:07:44] 🔄 Identity reset
[22:07:44] 🔄 Identity rotated (every 10 requests)
[22:07:44] [62/455] PSDD
[22:07:46] [63/455] PETA
[22:07:47] [64/455] IZOP
[22:07:48] [65/455] PDEI
[22:07:48] [66/455] MTND
[22:07:49] [67/455] PCPL
[22:07:50] [68/455] LSCM
[22:07:51] [69/455] BTFD
[22:07:52] [70/455] MERM
[22:07:53] [71/455] PVMS
[22:07:53] 🔄 Identity reset
[22:07:53] 🔄 Identity rotated (every 10 requests)
[22:07:53] [72/455] CIGK
[22:07:54] [73/455] INSG
[22:07:55] [74/455] IDEN
[22:07:56] [75/455] MCGN
[22:07:56] [76/455] IGAM
[22:07:57] [77/455] SLCU
[22:07:58] [78/455] MIMU
[22:08:00] [79/455] QLAC
[22:08:00] [80/455] MENL
[22:08:01] [81/455] SCUR
[22:08:02] 🔄 Identity reset
[22:08:02] 🔄 Identity rotated (every 10 requests)
[22:08:02] [82/455] MDGD
[22:08:03] [83/455] LSRS
[22:08:04] [84/455] KMLG
[22:08:05] [85/455] MKLJ
[22:08:06] [86/455] IBYG
[22:08:07] [87/455] ISML
[22:08:08] [88/455] MJMM
[22:08:10] [89/455] RCGD
[22:08:11] [90/455] MMOC
[22:08:11] [91/455] RRCO
[22:08:12] 🔄 Identity reset
[22:08:12] 🔄 Identity rotated (every 10 requests)
[22:08:12] 🔄 Retry 1/5 for RRCO in 2.2s
[22:08:12] 🔄 Identity reset
[22:08:14] 🧠 New identity created
[22:08:15] [92/455] MEDM
[22:08:16] [93/455] MCAZ
[22:08:17] [94/455] STWA
[22:08:18] [95/455] PFFG
[22:08:19] [96/455] GAGC
[22:08:20] [97/455] PMPM
[22:08:20] [98/455] HVCD
[22:08:21] [99/455] AKRF
[22:08:22] [100/455] AKRC
[22:08:23] 🔄 Identity reset
[22:08:23] 🔄 Identity rotated (every 10 requests)
[22:08:23] [101/455] MIDA
[22:08:24] [102/455] MAGX
[22:08:25] [103/455] ESOS
[22:08:26] [104/455] BBCL
[22:08:27] [105/455] LYAS
[22:08:28] [106/455] NRMS
[22:08:29] [107/455] BHUC
[22:08:30] [108/455] SRIC
[22:08:30] [109/455] PDME
[22:08:32] [110/455] MJCS
[22:08:33] 🔄 Identity reset
[22:08:33] 🔄 Identity rotated (every 10 requests)
[22:08:33] [111/455] NRAA
[22:08:34] [112/455] VATA
[22:08:35] [113/455] MNKC
[22:08:36] [114/455] DHCL
[22:08:38] [115/455] JCPC
[22:08:39] [116/455] CTML
[22:08:40] [117/455] RMMR
[22:08:40] [118/455] STTL
[22:08:42] [119/455] CNPS
[22:08:42] [120/455] ACKL
[22:08:43] 🔄 Identity reset
[22:08:43] 🔄 Identity rotated (every 10 requests)
[22:08:43] [121/455] SCAU
[22:08:44] [122/455] RMIA
[22:08:45] [123/455] MANU
[22:08:46] [124/455] ARDC
[22:08:46] [125/455] GLDA
[22:08:47] [126/455] KVSW
[22:08:48] [127/455] CGCA
[22:08:49] [128/455] CMLO
[22:08:50] [129/455] CECB
[22:08:51] [130/455] RCPN
[22:08:51] 🔄 Identity reset
[22:08:51] 🔄 Identity rotated (every 10 requests)
[22:08:51] 🔄 Retry 1/5 for RCPN in 2.2s
[22:08:51] 🔄 Identity reset
[22:08:53] 🧠 New identity created
[22:08:54] 🔄 Retry 2/5 for RCPN in 4.3s
[22:08:54] 🔄 Identity reset
[22:08:58] 🧠 New identity created
[22:08:58] 🔄 Retry 3/5 for RCPN in 8.5s
[22:08:58] 🔄 Identity reset
[22:09:07] 🧠 New identity created
[22:09:07] 🔄 Retry 4/5 for RCPN in 16.3s
[22:09:07] 🔄 Identity reset
[22:09:23] 🧠 New identity created
[22:09:23] [131/455] ASMW
[22:09:24] [132/455] PWLM
[22:09:25] [133/455] ASGM
[22:09:26] [134/455] ACWH
[22:09:27] [135/455] AAPW
[22:09:28] [136/455] RTWA
[22:09:28] 🔄 Identity reset
[22:09:29] 🔄 Identity rotated (every 10 requests)
[22:09:29] [137/455] RAMW
[22:09:30] [138/455] VKTR
[22:09:31] [139/455] SMBH
[22:09:32] [140/455] BVDR
[22:09:33] [141/455] MRTP
[22:09:34] [142/455] BLBR
[22:09:35] [143/455] LPIN
[22:09:36] [144/455] SNPC
[22:09:36] [145/455] PDCB
[22:09:38] [146/455] DYPK
[22:09:39] 🔄 Identity reset
[22:09:39] 🔄 Identity rotated (every 10 requests)
[22:09:39] 🔄 Retry 1/5 for DYPK in 2.1s
[22:09:39] 🔄 Identity reset
[22:09:41] 🧠 New identity created
[22:09:41] 🔄 Retry 2/5 for DYPK in 4.1s
[22:09:41] 🔄 Identity reset
[22:09:45] 🧠 New identity created
[22:09:45] 🔄 Retry 3/5 for DYPK in 8.8s
[22:09:45] 🔄 Identity reset
[22:09:54] 🧠 New identity created
[22:09:54] 🔄 Retry 4/5 for DYPK in 16.5s
[22:09:54] 🔄 Identity reset
[22:10:11] 🧠 New identity created
[22:10:11] [147/455] INMK
[22:10:12] [148/455] PDCK
[22:10:13] [149/455] PCKR
[22:10:14] [150/455] SHUA
[22:10:15] [151/455] SCVK
[22:10:16] [152/455] STPA
[22:10:17] 🔄 Identity reset
[22:10:17] 🔄 Identity rotated (every 10 requests)
[22:10:17] 🔄 Retry 1/5 for STPA in 2.0s
[22:10:17] 🔄 Identity reset
[22:10:19] 🧠 New identity created
[22:10:19] [153/455] WVHD
[22:10:20] [154/455] MRCH
[22:10:21] [155/455] MCNP
[22:10:22] [156/455] RCAG
[22:10:24] [157/455] JTSN
[22:10:25] [158/455] AANS
[22:10:26] [159/455] GDDR
[22:10:27] [160/455] SRER
[22:10:28] [161/455] JKMA
[22:10:29] 🔄 Identity reset
[22:10:29] 🔄 Identity rotated (every 10 requests)
[22:10:29] [162/455] ARAN
[22:10:30] [163/455] ALCT
[22:10:31] [164/455] CCTA
[22:10:32] [165/455] CNCT
[22:10:33] [166/455] NZBL
[22:10:34] [167/455] SRRA
[22:10:34] [168/455] SVPW
[22:10:35] [169/455] SRTW
[22:10:36] [170/455] XMTD
[22:10:37] [171/455] SCCZ
[22:10:38] 🔄 Identity reset
[22:10:38] 🔄 Identity rotated (every 10 requests)
[22:10:38] [172/455] PBCR
[22:10:39] [173/455] RTSC
[22:10:41] [174/455] TLSV
[22:10:42] [175/455] RMTK
[22:10:43] [176/455] SRAT
[22:10:44] [177/455] GCYC
[22:10:44] [178/455] HCAJ
[22:10:45] [179/455] LCXA
[22:10:46] [180/455] BINT
[22:10:48] [181/455] IXIM
[22:10:48] 🔄 Identity reset
[22:10:48] 🔄 Identity rotated (every 10 requests)
[22:10:49] [182/455] MBCR
[22:10:49] [183/455] BMCJ
[22:10:50] [184/455] NICJ
[22:10:51] [185/455] SCAJ
[22:10:52] [186/455] CMXS
[22:10:53] [187/455] MMSR
[22:10:54] [188/455] PRKT
[22:10:55] [189/455] LPTH
[22:10:56] [190/455] SARP
[22:10:57] [191/455] MNPP
[22:10:58] 🔄 Identity reset
[22:10:58] 🔄 Identity rotated (every 10 requests)
[22:10:58] [192/455] PRLR
[22:10:59] [193/455] RCMW
[22:11:00] [194/455] FCMG
[22:11:02] [195/455] RTNK
[22:11:02] [196/455] LRCP
[22:11:03] [197/455] DBJR
[22:11:04] [198/455] CACN
[22:11:05] [199/455] AMRL
[22:11:06] [200/455] SBBC
[22:11:07] [201/455] VENN
[22:11:08] 🔄 Identity reset
[22:11:08] 🔄 Identity rotated (every 10 requests)
[22:11:09] [202/455] STSS
[22:11:10] [203/455] SMRB
[22:11:10] [204/455] CCMX
[22:11:11] [205/455] KCMR
[22:11:12] [206/455] SALH
[22:11:13] [207/455] CGTT
[22:11:14] [208/455] PMDR
[22:11:15] [209/455] VCPM
[22:11:16] [210/455] RZMX
[22:11:17] [211/455] TMSY
[22:11:17] 🔄 Identity reset
[22:11:17] 🔄 Identity rotated (every 10 requests)
[22:11:18] [212/455] NTMS
[22:11:19] [213/455] VTAG
[22:11:20] [214/455] REMA
[22:11:20] [215/455] NXCC
[22:11:21] [216/455] SKYM
[22:11:22] [217/455] CCMO
[22:11:23] [218/455] DMXM
[22:11:24] [219/455] SPPM
[22:11:24] [220/455] PTKL
[22:11:25] [221/455] SLVO
[22:11:26] 🔄 Identity reset
[22:11:26] 🔄 Identity rotated (every 10 requests)
[22:11:26] 🔄 Retry 1/5 for SLVO in 2.7s
[22:11:26] 🔄 Identity reset
[22:11:29] 🧠 New identity created
[22:11:29] 🔄 Retry 2/5 for SLVO in 4.7s
[22:11:29] 🔄 Identity reset
[22:11:33] 🧠 New identity created
[22:11:34] [222/455] VASL
[22:11:35] [223/455] CBCM
[22:11:36] [224/455] STMA
[22:11:37] [225/455] LASK
[22:11:38] [226/455] VITE
[22:11:39] [227/455] AAST
[22:11:40] [228/455] JTPT
[22:11:40] [229/455] RRSH
[22:11:41] 🔄 Identity reset
[22:11:41] 🔄 Identity rotated (every 10 requests)
[22:11:41] [230/455] CINL
[22:11:42] [231/455] MCSR
[22:11:43] [232/455] SBCF
[22:11:44] [233/455] GCDU
[22:11:45] [234/455] PSPR
[22:11:46] [235/455] IMMO
[22:11:47] [236/455] CLGM
[22:11:48] [237/455] PBMM
[22:11:49] [238/455] CEHR
[22:11:50] [239/455] CPOE
[22:11:50] 🔄 Identity reset
[22:11:50] 🔄 Identity rotated (every 10 requests)
[22:11:50] [240/455] PGFD
[22:11:51] [241/455] PSLC
[22:11:52] [242/455] MSMD
[22:11:53] [243/455] FMFB
[22:11:54] [244/455] RKCL
[22:11:55] [245/455] PMMC
[22:11:57] [246/455] SKMM
[22:11:58] [247/455] VOIB
[22:11:58] [248/455] KINO
[22:11:59] [249/455] VCTP
[22:12:00] 🔄 Identity reset
[22:12:00] 🔄 Identity rotated (every 10 requests)
[22:12:01] [250/455] PDWR
[22:12:02] [251/455] SAED
[22:12:02] [252/455] SRRT
[22:12:03] [253/455] CVLG
[22:12:04] [254/455] SNGN
[22:12:05] [255/455] SIDA
[22:12:06] [256/455] IMCB
[22:12:08] [257/455] SMHP
[22:12:09] [258/455] GDTY
[22:12:09] [259/455] VYCH
[22:12:10] 🔄 Identity reset
[22:12:10] 🔄 Identity rotated (every 10 requests)
[22:12:10] 🔄 Retry 1/5 for VYCH in 2.5s
[22:12:10] 🔄 Identity reset
[22:12:13] 🧠 New identity created
[22:12:14] [260/455] PDYA
[22:12:15] [261/455] RKDO
[22:12:16] [262/455] VECG
[22:12:16] [263/455] NFGD
[22:12:18] [264/455] SNDC
[22:12:19] [265/455] SDJH
[22:12:20] [266/455] HASV
[22:12:21] [267/455] PTYK
[22:12:22] [268/455] MUTB
[22:12:22] 🔄 Identity reset
[22:12:23] 🔄 Identity rotated (every 10 requests)
[22:12:23] 🔄 Retry 1/5 for MUTB in 2.3s
[22:12:23] 🔄 Identity reset
[22:12:25] 🧠 New identity created
[22:12:25] 🔄 Retry 2/5 for MUTB in 4.4s
[22:12:25] 🔄 Identity reset
[22:12:29] 🧠 New identity created
[22:12:30] [269/455] AMRT
[22:12:30] [270/455] VACD
[22:12:31] [271/455] SKDD
[22:12:32] [272/455] STGR
[22:12:33] [273/455] GDAK
[22:12:34] [274/455] SKHK
[22:12:35] [275/455] SLND
[22:12:35] [276/455] APAP
[22:12:36] 🔄 Identity reset
[22:12:36] 🔄 Identity rotated (every 10 requests)
[22:12:36] 🔄 Retry 1/5 for APAP in 2.8s
[22:12:36] 🔄 Identity reset
[22:12:39] 🧠 New identity created
[22:12:39] [277/455] AYYA
[22:12:40] [278/455] VCCZ
[22:12:41] [279/455] MEML
[22:12:42] [280/455] MAOU
[22:12:43] [281/455] ESND
[22:12:44] [282/455] PTBZ
[22:12:45] [283/455] LBCN
[22:12:45] [284/455] PAWA
[22:12:46] [285/455] ZEIC
[22:12:47] 🔄 Identity reset
[22:12:47] 🔄 Identity rotated (every 10 requests)
[22:12:47] [286/455] CGMM
[22:12:48] [287/455] PJPM
[22:12:49] [288/455] ECMR
[22:12:50] [289/455] SHMZ
[22:12:51] [290/455] STCA
[22:12:52] [291/455] VDRC
[22:12:53] [292/455] SEEM
[22:12:54] [293/455] MKNS
[22:12:55] [294/455] KPPP
[22:12:56] [295/455] CCML
[22:12:57] 🔄 Identity reset
[22:12:57] 🔄 Identity rotated (every 10 requests)
[22:12:57] 🔄 Retry 1/5 for CCML in 2.3s
[22:12:57] 🔄 Identity reset
[22:12:59] 🧠 New identity created
[22:12:59] 🔄 Retry 2/5 for CCML in 4.9s
[22:12:59] 🔄 Identity reset
[22:13:04] 🧠 New identity created
[22:13:04] 🔄 Retry 3/5 for CCML in 9.0s
[22:13:04] 🔄 Identity reset
[22:13:13] 🧠 New identity created
[22:13:14] [296/455] CIBA
[22:13:15] [297/455] NACS
[22:13:16] [298/455] CTMK
[22:13:16] [299/455] CTCT
[22:13:17] [300/455] MCSN
[22:13:18] [301/455] MAXX
[22:13:19] [302/455] MECB
[22:13:20] 🔄 Identity reset
[22:13:20] 🔄 Identity rotated (every 10 requests)
[22:13:20] 🔄 Retry 1/5 for MECB in 2.8s
[22:13:20] 🔄 Identity reset
[22:13:23] 🧠 New identity created
[22:13:24] [303/455] NTBY
[22:13:25] [304/455] UTBI
[22:13:25] [305/455] RADK
[22:13:26] [306/455] STBY
[22:13:27] [307/455] GTBY
[22:13:28] [308/455] RRMB
[22:13:29] [309/455] ABRN
[22:13:30] [310/455] GTSG
[22:13:31] [311/455] GBTG
[22:13:31] 🔄 Identity reset
[22:13:31] 🔄 Identity rotated (every 10 requests)
[22:13:32] [312/455] SBGS
[22:13:33] [313/455] KBPM
[22:13:34] [314/455] SMHT
[22:13:35] [315/455] VTDM
[22:13:36] [316/455] ASCT
[22:13:37] [317/455] AWCT
[22:13:38] [318/455] DCCU
[22:13:39] [319/455] PSCE
[22:13:39] [320/455] KSNY
[22:13:40] [321/455] ACID
[22:13:41] 🔄 Identity reset
[22:13:41] 🔄 Identity rotated (every 10 requests)
[22:13:41] [322/455] LVCD
[22:13:42] [323/455] KSSB
[22:13:43] [324/455] SWTD
[22:13:44] [325/455] RBMR
[22:13:45] [326/455] SCBC
[22:13:46] [327/455] RKME
[22:13:47] [328/455] GALX
[22:13:48] [329/455] GCCH
[22:13:48] [330/455] RATR
[22:13:49] [331/455] GTGA
[22:13:50] 🔄 Identity reset
[22:13:50] 🔄 Identity rotated (every 10 requests)
[22:13:50] [332/455] LTTR
[22:13:51] [333/455] TTAA
[22:13:52] [334/455] TVHP
[22:13:53] [335/455] KVCS
[22:13:54] [336/455] CBMC
[22:13:55] [337/455] MAYJ
[22:13:56] [338/455] INPR
[22:13:57] [339/455] RSSC
[22:13:58] [340/455] PCAN
[22:13:59] [341/455] PVHR
[22:14:00] 🔄 Identity reset
[22:14:00] 🔄 Identity rotated (every 10 requests)
[22:14:00] 🔄 Retry 1/5 for PVHR in 2.6s
[22:14:00] 🔄 Identity reset
[22:14:03] 🧠 New identity created
[22:14:03] [342/455] AGSM
[22:14:04] [343/455] PVES
[22:14:05] [344/455] INTO
[22:14:05] [345/455] ACON
[22:14:06] [346/455] PVPZ
[22:14:07] [347/455] PVHC
[22:14:08] [348/455] KSTK
[22:14:10] [349/455] PVSR
[22:14:11] [350/455] ACTN
[22:14:11] 🔄 Identity reset
[22:14:11] 🔄 Identity rotated (every 10 requests)
[22:14:11] 🔄 Retry 1/5 for ACTN in 2.6s
[22:14:11] 🔄 Identity reset
[22:14:14] 🧠 New identity created
[22:14:14] [351/455] FMCN
[22:14:15] [352/455] PABC
[22:14:16] [353/455] SUTC
[22:14:17] [354/455] PGMV
[22:14:18] [355/455] GKCP
[22:14:19] [356/455] INCH
[22:14:19] [357/455] MLMT
[22:14:20] [358/455] SSCC
[22:14:21] [359/455] SLMP
[22:14:22] 🔄 Identity reset
[22:14:22] 🔄 Identity rotated (every 10 requests)
[22:14:22] 🔄 Retry 1/5 for SLMP in 2.8s
[22:14:22] 🔄 Identity reset
[22:14:25] 🧠 New identity created
[22:14:25] 🔄 Retry 2/5 for SLMP in 4.2s
[22:14:25] 🔄 Identity reset
[22:14:29] 🧠 New identity created
[22:14:30] [360/455] VVTN
[22:14:31] [361/455] SBTR
[22:14:32] [362/455] PGRA
[22:14:33] [363/455] PBRM
[22:14:34] [364/455] GCRP
[22:14:34] [365/455] MCSK
[22:14:35] [366/455] NLTC
[22:14:36] [367/455] MTLM
[22:14:37] 🔄 Identity reset
[22:14:37] 🔄 Identity rotated (every 10 requests)
[22:14:37] [368/455] VECT
[22:14:38] [369/455] KMRM
[22:14:39] [370/455] RACM
[22:14:40] [371/455] WSTC
[22:14:41] [372/455] PVTJ
[22:14:42] [373/455] MMKC
[22:14:43] [374/455] SVWT
[22:14:43] [375/455] JOTG
[22:14:44] [376/455] VCDK
[22:14:45] [377/455] ANAC
[22:14:46] 🔄 Identity reset
[22:14:46] 🔄 Identity rotated (every 10 requests)
[22:14:46] 🔄 Retry 1/5 for ANAC in 2.3s
[22:14:46] 🔄 Identity reset
[22:14:48] 🧠 New identity created
[22:14:49] [378/455] GRTC
[22:14:50] [379/455] JTPL
[22:14:51] [380/455] VRCP
[22:14:52] [381/455] REMC
[22:14:53] [382/455] ATMG
[22:14:54] [383/455] GAHC
[22:14:55] [384/455] JTMV
[22:14:56] [385/455] OMTT
[22:14:57] [386/455] GKKC
[22:14:57] 🔄 Identity reset
[22:14:57] 🔄 Identity rotated (every 10 requests)
[22:14:58] [387/455] BBPO
[22:14:59] [388/455] ZCBB
[22:14:59] [389/455] DCGO
[22:15:00] [390/455] STOP
[22:15:01] [391/455] BSPC
[22:15:02] [392/455] SOND
[22:15:04] [393/455] GCKG
[22:15:05] [394/455] PCDB
[22:15:06] [395/455] PGRC
[22:15:07] [396/455] CSCT
[22:15:08] 🔄 Identity reset
[22:15:08] 🔄 Identity rotated (every 10 requests)
[22:15:08] [397/455] STDA
[22:15:09] [398/455] JAYD
[22:15:10] [399/455] PPPD
[22:15:11] [400/455] KRTT
[22:15:12] [401/455] PTDT
[22:15:13] [402/455] TRSV
[22:15:14] [403/455] VELR
[22:15:15] [404/455] STDT
[22:15:16] [405/455] SATT
[22:15:17] [406/455] KCPM
[22:15:17] 🔄 Identity reset
[22:15:17] 🔄 Identity rotated (every 10 requests)
[22:15:18] [407/455] MFCP
[22:15:19] [408/455] AXMP
[22:15:20] [409/455] LTVB
[22:15:21] [410/455] APST
[22:15:22] [411/455] DTVP
[22:15:22] [412/455] AAVB
[22:15:23] [413/455] PMBL
[22:15:24] [414/455] STKC
[22:15:25] [415/455] KKMA
[22:15:26] [416/455] NMXS
[22:15:26] 🔄 Identity reset
[22:15:26] 🔄 Identity rotated (every 10 requests)
[22:15:26] 🔄 Retry 1/5 for NMXS in 2.7s
[22:15:26] 🔄 Identity reset
[22:15:29] 🧠 New identity created
[22:15:29] 🔄 Retry 2/5 for NMXS in 4.1s
[22:15:29] 🔄 Identity reset
[22:15:33] 🧠 New identity created
[22:15:33] 🔄 Retry 3/5 for NMXS in 8.0s
[22:15:33] 🔄 Identity reset
[22:15:41] 🧠 New identity created
[22:15:41] 🔄 Retry 4/5 for NMXS in 16.6s
[22:15:41] 🔄 Identity reset
[22:15:58] 🧠 New identity created
[22:15:58] [417/455] DECX
[22:15:59] [418/455] MAPJ
[22:16:00] [419/455] SMLK
[22:16:01] [420/455] PMPU
[22:16:02] [421/455] AFST
[22:16:03] [422/455] SRSY
[22:16:03] 🔄 Identity reset
[22:16:03] 🔄 Identity rotated (every 10 requests)
[22:16:03] [423/455] RMKT
[22:16:04] [424/455] RAJX
[22:16:05] [425/455] UVCD
[22:16:06] [426/455] LISA
[22:16:07] [427/455] LMSR
[22:16:08] [428/455] PMCA
[22:16:09] [429/455] INPO
[22:16:10] [430/455] INGO
[22:16:11] [431/455] HFSQ
[22:16:11] [432/455] INMG
[22:16:12] 🔄 Identity reset
[22:16:12] 🔄 Identity rotated (every 10 requests)
[22:16:13] [433/455] NYCP
[22:16:14] [434/455] HFSV
[22:16:15] [435/455] MMZP
[22:16:15] [436/455] KSES
[22:16:17] [437/455] HFSA
[22:16:18] [438/455] ACMM
[22:16:19] [439/455] RCKD
[22:16:19] [440/455] BCKR
[22:16:20] [441/455] SFCO
[22:16:21] [442/455] JCCB
[22:16:22] 🔄 Identity reset
[22:16:22] 🔄 Identity rotated (every 10 requests)
[22:16:22] [443/455] BCCR
[22:16:23] [444/455] NWCB
[22:16:24] [445/455] SAMT
[22:16:25] [446/455] TMST
[22:16:26] [447/455] SJCN
[22:16:27] [448/455] MCBS
[22:16:28] [449/455] CMKR
[22:16:29] [450/455] INPM
[22:16:30] [451/455] WVMT
[22:16:31] [452/455] NYSM
[22:16:31] 🔄 Identity reset
[22:16:31] 🔄 Identity rotated (every 10 requests)
[22:16:31] 🔄 Retry 1/5 for NYSM in 2.9s
[22:16:31] 🔄 Identity reset
[22:16:34] 🧠 New identity created
[22:16:34] 🔄 Retry 2/5 for NYSM in 4.5s
[22:16:34] 🔄 Identity reset
[22:16:39] 🧠 New identity created
[22:16:39] 🔄 Retry 3/5 for NYSM in 8.1s
[22:16:39] 🔄 Identity reset
[22:16:47] 🧠 New identity created
[22:16:48] [453/455] RCMA
[22:16:49] [454/455] RECM
[22:16:49] [455/455] CYCM
[22:16:50] 🧹 Deduping shows
[22:16:50] ✅ DONE | Shows=44 | Movies=8
[18:28:51] 🚀 SCRIPT STARTED (enhanced anti‑detection)
[18:28:51] [1/455] MXGN
[18:28:51] 🧠 New identity created
[18:28:51] 🔄 Retry 1/5 for MXGN in 2.4s
[18:28:51] 🔄 Identity reset
[18:28:54] 🧠 New identity created
[18:28:54] [2/455] PGGM
[18:28:55] [3/455] IPMJ
[18:28:56] [4/455] M2PP
[18:28:57] [5/455] PMMS
[18:28:58] [6/455] SCJN
[18:28:59] [7/455] CPUM
[18:29:00] [8/455] SCND
[18:29:02] [9/455] INWM
[18:29:02] 🔄 Identity reset
[18:29:02] 🔄 Identity rotated (every 10 requests)
[18:29:02] 🔄 Retry 1/5 for INWM in 2.2s
[18:29:02] 🔄 Identity reset
[18:29:04] 🧠 New identity created
[18:29:04] 🔄 Retry 2/5 for INWM in 4.5s
[18:29:04] 🔄 Identity reset
[18:29:09] 🧠 New identity created
[18:29:09] [10/455] DVDC
[18:29:10] [11/455] WVND
[18:29:11] [12/455] LBDL
[18:29:12] [13/455] CRGM
[18:29:13] [14/455] PVKS
[18:29:14] [15/455] PBLL
[18:29:15] [16/455] FNLN
[18:29:15] [17/455] PPDA
[18:29:16] 🔄 Identity reset
[18:29:16] 🔄 Identity rotated (every 10 requests)
[18:29:16] 🔄 Retry 1/5 for PPDA in 2.5s
[18:29:16] 🔄 Identity reset
[18:29:19] 🧠 New identity created
[18:29:19] [18/455] SCPT
[18:29:20] [19/455] IAJS
[18:29:21] [20/455] MMZG
[18:29:22] [21/455] MCTI
[18:29:23] [22/455] PPMF
[18:29:24] [23/455] FNSD
[18:29:25] [24/455] M2RH
[18:29:26] [25/455] CPGV
[18:29:26] [26/455] PECD
[18:29:27] 🔄 Identity reset
[18:29:27] 🔄 Identity rotated (every 10 requests)
[18:29:27] [27/455] CTEE
[18:29:28] [28/455] IOMG
[18:29:29] [29/455] CIJA
[18:29:30] [30/455] NYCG
[18:29:31] [31/455] CEST
[18:29:32] [32/455] WVRG
[18:29:33] [33/455] DPDC
[18:29:34] [34/455] PDIV
[18:29:34] [35/455] MTPP
[18:29:35] [36/455] MHNU
[18:29:36] 🔄 Identity reset
[18:29:36] 🔄 Identity rotated (every 10 requests)
[18:29:36] 🔄 Retry 1/5 for MHNU in 2.0s
[18:29:36] 🔄 Identity reset
[18:29:38] 🧠 New identity created
[18:29:38] 🔄 Retry 2/5 for MHNU in 5.0s
[18:29:38] 🔄 Identity reset
[18:29:43] 🧠 New identity created
[18:29:43] 🔄 Retry 3/5 for MHNU in 8.2s
[18:29:43] 🔄 Identity reset
[18:29:51] 🧠 New identity created
[18:29:51] 🔄 Retry 4/5 for MHNU in 16.4s
[18:29:51] 🔄 Identity reset
[18:30:08] 🧠 New identity created
[18:30:08] [37/455] WUPG
[18:30:09] [38/455] USCO
[18:30:10] [39/455] INFR
[18:30:11] [40/455] PVPD
[18:30:12] [41/455] RONC
[18:30:13] [42/455] IOCP
[18:30:13] 🔄 Identity reset
[18:30:13] 🔄 Identity rotated (every 10 requests)
[18:30:14] [43/455] EMPS
[18:30:15] [44/455] PNAD
[18:30:16] [45/455] VVGZ
[18:30:17] [46/455] MDDC
[18:30:18] [47/455] MMAP
[18:30:19] [48/455] GPDC
[18:30:20] [49/455] PVPU
[18:30:22] [50/455] DCMV
[18:30:23] [51/455] PCCF
[18:30:24] [52/455] MCEF
[18:30:25] 🔄 Identity reset
[18:30:25] 🔄 Identity rotated (every 10 requests)
[18:30:25] [53/455] INRD
[18:30:26] [54/455] CCPZ
[18:30:27] [55/455] BCWG
[18:30:28] [56/455] PMGU
[18:30:29] [57/455] MCVM
[18:30:30] [58/455] MCDE
[18:30:31] [59/455] IEFM
[18:30:32] [60/455] MXCS
[18:30:33] [61/455] RNMT
[18:30:33] [62/455] PSDD
[18:30:34] 🔄 Identity reset
[18:30:34] 🔄 Identity rotated (every 10 requests)
[18:30:34] [63/455] PETA
[18:30:35] [64/455] IZOP
[18:30:36] [65/455] PDEI
[18:30:37] [66/455] MTND
[18:30:38] [67/455] PCPL
[18:30:38] [68/455] LSCM
[18:30:40] [69/455] BTFD
[18:30:41] [70/455] MERM
[18:30:42] [71/455] PVMS
[18:30:43] [72/455] CIGK
[18:30:43] 🔄 Identity reset
[18:30:43] 🔄 Identity rotated (every 10 requests)
[18:30:43] 🔄 Retry 1/5 for CIGK in 2.1s
[18:30:43] 🔄 Identity reset
[18:30:45] 🧠 New identity created
[18:30:46] [73/455] INSG
[18:30:47] [74/455] IDEN
[18:30:48] [75/455] MCGN
[18:30:49] [76/455] IGAM
[18:30:50] [77/455] SLCU
[18:30:51] [78/455] MIMU
[18:30:52] [79/455] QLAC
[18:30:53] [80/455] MENL
[18:30:54] [81/455] SCUR
[18:30:54] 🔄 Identity reset
[18:30:54] 🔄 Identity rotated (every 10 requests)
[18:30:54] 🔄 Retry 1/5 for SCUR in 2.2s
[18:30:54] 🔄 Identity reset
[18:30:57] 🧠 New identity created
[18:30:57] [82/455] MDGD
[18:30:58] [83/455] LSRS
[18:30:59] [84/455] KMLG
[18:31:00] [85/455] MKLJ
[18:31:00] [86/455] IBYG
[18:31:01] [87/455] ISML
[18:31:02] [88/455] MJMM
[18:31:03] [89/455] RCGD
[18:31:04] [90/455] MMOC
[18:31:05] 🔄 Identity reset
[18:31:05] 🔄 Identity rotated (every 10 requests)
[18:31:05] [91/455] RRCO
[18:31:06] [92/455] MEDM
[18:31:08] [93/455] MCAZ
[18:31:08] [94/455] STWA
[18:31:09] [95/455] PFFG
[18:31:10] [96/455] GAGC
[18:31:11] [97/455] PMPM
[18:31:12] [98/455] HVCD
[18:31:13] [99/455] AKRF
[18:31:15] [100/455] AKRC
[18:31:15] 🔄 Identity reset
[18:31:15] 🔄 Identity rotated (every 10 requests)
[18:31:15] 🔄 Retry 1/5 for AKRC in 2.0s
[18:31:15] 🔄 Identity reset
[18:31:17] 🧠 New identity created
[18:31:18] 🔄 Retry 2/5 for AKRC in 4.5s
[18:31:18] 🔄 Identity reset
[18:31:22] 🧠 New identity created
[18:31:22] [101/455] MIDA
[18:31:23] [102/455] MAGX
[18:31:25] [103/455] ESOS
[18:31:26] [104/455] BBCL
[18:31:27] [105/455] LYAS
[18:31:27] [106/455] NRMS
[18:31:28] [107/455] BHUC
[18:31:29] [108/455] SRIC
[18:31:30] 🔄 Identity reset
[18:31:30] 🔄 Identity rotated (every 10 requests)
[18:31:30] [109/455] PDME
[18:31:31] [110/455] MJCS
[18:31:32] [111/455] NRAA
[18:31:43] [112/455] VATA
[18:31:43] [113/455] MNKC
[18:31:44] [114/455] DHCL
[18:31:46] [115/455] JCPC
[18:31:47] [116/455] CTML
[18:31:48] [117/455] RMMR
[18:31:49] [118/455] STTL
[18:31:49] 🔄 Identity reset
[18:31:49] 🔄 Identity rotated (every 10 requests)
[18:31:49] 🔄 Retry 1/5 for STTL in 3.0s
[18:31:49] 🔄 Identity reset
[18:31:52] 🧠 New identity created
[18:31:52] 🔄 Retry 2/5 for STTL in 4.5s
[18:31:52] 🔄 Identity reset
[18:31:57] 🧠 New identity created
[18:31:57] [119/455] CNPS
[18:31:58] [120/455] ACKL
[18:31:59] [121/455] SCAU
[18:32:00] [122/455] RMIA
[18:32:01] [123/455] MANU
[18:32:02] [124/455] ARDC
[18:32:04] [125/455] GLDA
[18:32:05] [126/455] KVSW
[18:32:05] 🔄 Identity reset
[18:32:05] 🔄 Identity rotated (every 10 requests)
[18:32:05] [127/455] CGCA
[18:32:06] [128/455] CMLO
[18:32:07] [129/455] CECB
[18:32:08] [130/455] RCPN
[18:32:10] [131/455] ASMW
[18:32:10] [132/455] PWLM
[18:32:11] [133/455] ASGM
[18:32:12] [134/455] ACWH
[18:32:13] [135/455] AAPW
[18:32:14] [136/455] RTWA
[18:32:15] 🔄 Identity reset
[18:32:15] 🔄 Identity rotated (every 10 requests)
[18:32:15] 🔄 Retry 1/5 for RTWA in 2.9s
[18:32:15] 🔄 Identity reset
[18:32:18] 🧠 New identity created
[18:32:18] [137/455] RAMW
[18:32:19] [138/455] VKTR
[18:32:20] [139/455] SMBH
[18:32:22] [140/455] BVDR
[18:32:23] [141/455] MRTP
[18:32:24] [142/455] BLBR
[18:32:25] [143/455] LPIN
[18:32:27] [144/455] SNPC
[18:32:28] [145/455] PDCB
[18:32:28] 🔄 Identity reset
[18:32:28] 🔄 Identity rotated (every 10 requests)
[18:32:29] [146/455] DYPK
[18:32:30] [147/455] INMK
[18:32:31] [148/455] PDCK
[18:32:32] [149/455] PCKR
[18:32:33] [150/455] SHUA
[18:32:33] [151/455] SCVK
[18:32:34] [152/455] STPA
[18:32:35] [153/455] WVHD
[18:32:36] [154/455] MRCH
[18:32:37] [155/455] MCNP
[18:32:38] 🔄 Identity reset
[18:32:38] 🔄 Identity rotated (every 10 requests)
[18:32:38] 🔄 Retry 1/5 for MCNP in 2.8s
[18:32:38] 🔄 Identity reset
[18:32:41] 🧠 New identity created
[18:32:41] 🔄 Retry 2/5 for MCNP in 4.7s
[18:32:41] 🔄 Identity reset
[18:32:46] 🧠 New identity created
[18:32:46] [156/455] RCAG
[18:32:47] [157/455] JTSN
[18:32:48] [158/455] AANS
[18:32:49] [159/455] GDDR
[18:32:50] [160/455] SRER
[18:32:51] [161/455] JKMA
[18:32:52] [162/455] ARAN
[18:32:53] [163/455] ALCT
[18:32:53] 🔄 Identity reset
[18:32:53] 🔄 Identity rotated (every 10 requests)
[18:32:54] [164/455] CCTA
[18:32:55] [165/455] CNCT
[18:32:55] [166/455] NZBL
[18:32:56] [167/455] SRRA
[18:32:57] [168/455] SVPW
[18:32:58] [169/455] SRTW
[18:32:59] [170/455] XMTD
[18:33:00] [171/455] SCCZ
[18:33:01] [172/455] PBCR
[18:33:02] [173/455] RTSC
[18:33:02] 🔄 Identity reset
[18:33:02] 🔄 Identity rotated (every 10 requests)
[18:33:02] 🔄 Retry 1/5 for RTSC in 2.3s
[18:33:02] 🔄 Identity reset
[18:33:05] 🧠 New identity created
[18:33:06] [174/455] TLSV
[18:33:07] [175/455] RMTK
[18:33:08] [176/455] SRAT
[18:33:08] [177/455] GCYC
[18:33:09] [178/455] HCAJ
[18:33:10] [179/455] LCXA
[18:33:11] [180/455] BINT
[18:33:12] [181/455] IXIM
[18:33:13] [182/455] MBCR
[18:33:14] 🔄 Identity reset
[18:33:14] 🔄 Identity rotated (every 10 requests)
[18:33:14] [183/455] BMCJ
[18:33:15] [184/455] NICJ
[18:33:16] [185/455] SCAJ
[18:33:17] [186/455] CMXS
[18:33:18] [187/455] MMSR
[18:33:19] [188/455] PRKT
[18:33:20] [189/455] LPTH
[18:33:21] [190/455] SARP
[18:33:22] [191/455] MNPP
[18:33:23] [192/455] PRLR
[18:33:23] 🔄 Identity reset
[18:33:23] 🔄 Identity rotated (every 10 requests)
[18:33:24] [193/455] RCMW
[18:33:25] [194/455] FCMG
[18:33:25] [195/455] RTNK
[18:33:26] [196/455] LRCP
[18:33:27] [197/455] DBJR
[18:33:28] [198/455] CACN
[18:33:29] [199/455] AMRL
[18:33:30] [200/455] SBBC
[18:33:31] [201/455] VENN
[18:33:32] [202/455] STSS
[18:33:32] 🔄 Identity reset
[18:33:32] 🔄 Identity rotated (every 10 requests)
[18:33:33] [203/455] SMRB
[18:33:34] [204/455] CCMX
[18:33:34] [205/455] KCMR
[18:33:35] [206/455] SALH
[18:33:36] [207/455] CGTT
[18:33:37] [208/455] PMDR
[18:33:38] [209/455] VCPM
[18:33:40] [210/455] RZMX
[18:33:41] [211/455] TMSY
[18:33:42] [212/455] NTMS
[18:33:43] 🔄 Identity reset
[18:33:43] 🔄 Identity rotated (every 10 requests)
[18:33:43] [213/455] VTAG
[18:33:45] [214/455] REMA
[18:33:46] [215/455] NXCC
[18:33:46] [216/455] SKYM
[18:33:48] [217/455] CCMO
[18:33:49] [218/455] DMXM
[18:33:50] [219/455] SPPM
[18:33:51] [220/455] PTKL
[18:33:52] [221/455] SLVO
[18:33:52] [222/455] VASL
[18:33:53] 🔄 Identity reset
[18:33:53] 🔄 Identity rotated (every 10 requests)
[18:33:54] [223/455] CBCM
[18:33:55] [224/455] STMA
[18:33:55] [225/455] LASK
[18:33:56] [226/455] VITE
[18:33:57] [227/455] AAST
[18:33:58] [228/455] JTPT
[18:33:59] [229/455] RRSH
[18:34:01] [230/455] CINL
[18:34:02] [231/455] MCSR
[18:34:03] [232/455] SBCF
[18:34:04] 🔄 Identity reset
[18:34:04] 🔄 Identity rotated (every 10 requests)
[18:34:04] 🔄 Retry 1/5 for SBCF in 2.0s
[18:34:04] 🔄 Identity reset
[18:34:06] 🧠 New identity created
[18:34:06] [233/455] GCDU
[18:34:07] [234/455] PSPR
[18:34:08] [235/455] IMMO
[18:34:09] [236/455] CLGM
[18:34:09] [237/455] PBMM
[18:34:10] [238/455] CEHR
[18:34:11] [239/455] CPOE
[18:34:12] [240/455] PGFD
[18:34:13] [241/455] PSLC
[18:34:13] 🔄 Identity reset
[18:34:13] 🔄 Identity rotated (every 10 requests)
[18:34:14] 🔄 Retry 1/5 for PSLC in 3.0s
[18:34:14] 🔄 Identity reset
[18:34:16] 🧠 New identity created
[18:34:17] [242/455] MSMD
[18:34:18] [243/455] FMFB
[18:34:19] [244/455] RKCL
[18:34:20] [245/455] PMMC
[18:34:21] [246/455] SKMM
[18:34:22] [247/455] VOIB
[18:34:23] [248/455] KINO
[18:34:24] [249/455] VCTP
[18:34:24] [250/455] PDWR
[18:34:25] 🔄 Identity reset
[18:34:25] 🔄 Identity rotated (every 10 requests)
[18:34:26] [251/455] SAED
[18:34:26] [252/455] SRRT
[18:34:27] [253/455] CVLG
[18:34:29] [254/455] SNGN
[18:34:30] [255/455] SIDA
[18:34:31] [256/455] IMCB
[18:34:32] [257/455] SMHP
[18:34:33] [258/455] GDTY
[18:34:34] [259/455] VYCH
[18:34:35] [260/455] PDYA
[18:34:36] 🔄 Identity reset
[18:34:36] 🔄 Identity rotated (every 10 requests)
[18:34:36] [261/455] RKDO
[18:34:37] [262/455] VECG
[18:34:38] [263/455] NFGD
[18:34:39] [264/455] SNDC
[18:34:40] [265/455] SDJH
[18:34:41] [266/455] HASV
[18:34:43] [267/455] PTYK
[18:34:44] [268/455] MUTB
[18:34:45] [269/455] AMRT
[18:34:47] [270/455] VACD
[18:34:47] 🔄 Identity reset
[18:34:47] 🔄 Identity rotated (every 10 requests)
[18:34:47] [271/455] SKDD
[18:34:48] [272/455] STGR
[18:34:49] [273/455] GDAK
[18:34:50] [274/455] SKHK
[18:34:51] [275/455] SLND
[18:34:52] [276/455] APAP
[18:34:53] [277/455] AYYA
[18:34:54] [278/455] VCCZ
[18:34:55] [279/455] MEML
[18:34:56] [280/455] MAOU
[18:34:56] 🔄 Identity reset
[18:34:56] 🔄 Identity rotated (every 10 requests)
[18:34:56] [281/455] ESND
[18:34:57] [282/455] PTBZ
[18:34:59] [283/455] LBCN
[18:35:00] [284/455] PAWA
[18:35:00] [285/455] ZEIC
[18:35:01] [286/455] CGMM
[18:35:02] [287/455] PJPM
[18:35:03] [288/455] ECMR
[18:35:04] [289/455] SHMZ
[18:35:05] [290/455] STCA
[18:35:05] 🔄 Identity reset
[18:35:05] 🔄 Identity rotated (every 10 requests)
[18:35:05] 🔄 Retry 1/5 for STCA in 2.5s
[18:35:05] 🔄 Identity reset
[18:35:08] 🧠 New identity created
[18:35:09] [291/455] VDRC
[18:35:10] [292/455] SEEM
[18:35:11] [293/455] MKNS
[18:35:12] [294/455] KPPP
[18:35:13] [295/455] CCML
[18:35:14] [296/455] CIBA
[18:35:15] [297/455] NACS
[18:35:16] [298/455] CTMK
[18:35:17] [299/455] CTCT
[18:35:17] 🔄 Identity reset
[18:35:17] 🔄 Identity rotated (every 10 requests)
[18:35:18] [300/455] MCSN
[18:35:18] [301/455] MAXX
[18:35:19] [302/455] MECB
[18:35:20] [303/455] NTBY
[18:35:21] [304/455] UTBI
[18:35:22] [305/455] RADK
[18:35:24] [306/455] STBY
[18:35:25] [307/455] GTBY
[18:35:26] [308/455] RRMB
[18:35:27] [309/455] ABRN
[18:35:27] 🔄 Identity reset
[18:35:27] 🔄 Identity rotated (every 10 requests)
[18:35:27] 🔄 Retry 1/5 for ABRN in 3.0s
[18:35:27] 🔄 Identity reset
[18:35:30] 🧠 New identity created
[18:35:31] [310/455] GTSG
[18:35:32] [311/455] GBTG
[18:35:33] [312/455] SBGS
[18:35:34] [313/455] KBPM
[18:35:34] [314/455] SMHT
[18:35:35] [315/455] VTDM
[18:35:36] [316/455] ASCT
[18:35:37] [317/455] AWCT
[18:35:37] [318/455] DCCU
[18:35:38] 🔄 Identity reset
[18:35:38] 🔄 Identity rotated (every 10 requests)
[18:35:39] [319/455] PSCE
[18:35:39] [320/455] KSNY
[18:35:40] [321/455] ACID
[18:35:41] [322/455] LVCD
[18:35:42] [323/455] KSSB
[18:35:43] [324/455] SWTD
[18:35:44] [325/455] RBMR
[18:35:45] [326/455] SCBC
[18:35:46] [327/455] RKME
[18:35:47] [328/455] GALX
[18:35:48] 🔄 Identity reset
[18:35:48] 🔄 Identity rotated (every 10 requests)
[18:35:48] 🔄 Retry 1/5 for GALX in 2.7s
[18:35:48] 🔄 Identity reset
[18:35:50] 🧠 New identity created
[18:35:51] [329/455] GCCH
[18:35:52] [330/455] RATR
[18:35:52] [331/455] GTGA
[18:35:53] [332/455] LTTR
[18:35:55] [333/455] TTAA
[18:35:56] [334/455] TVHP
[18:35:57] [335/455] KVCS
[18:35:58] [336/455] CBMC
[18:35:59] [337/455] MAYJ
[18:35:59] 🔄 Identity reset
[18:35:59] 🔄 Identity rotated (every 10 requests)
[18:36:11] 🔄 Retry 1/5 for MAYJ in 2.3s
[18:36:11] 🔄 Identity reset
[18:36:14] 🧠 New identity created
[18:36:14] [338/455] INPR
[18:36:15] [339/455] RSSC
[18:36:16] [340/455] PCAN
[18:36:17] [341/455] PVHR
[18:36:18] [342/455] AGSM
[18:36:18] [343/455] PVES
[18:36:19] [344/455] INTO
[18:36:20] [345/455] ACON
[18:36:21] [346/455] PVPZ
[18:36:22] 🔄 Identity reset
[18:36:22] 🔄 Identity rotated (every 10 requests)
[18:36:22] [347/455] PVHC
[18:36:24] [348/455] KSTK
[18:36:25] [349/455] PVSR
[18:36:25] [350/455] ACTN
[18:36:26] [351/455] FMCN
[18:36:27] [352/455] PABC
[18:36:28] [353/455] SUTC
[18:36:29] [354/455] PGMV
[18:36:30] [355/455] GKCP
[18:36:31] [356/455] INCH
[18:36:31] 🔄 Identity reset
[18:36:31] 🔄 Identity rotated (every 10 requests)
[18:36:31] 🔄 Retry 1/5 for INCH in 2.5s
[18:36:31] 🔄 Identity reset
[18:36:34] 🧠 New identity created
[18:36:34] [357/455] MLMT
[18:36:35] [358/455] SSCC
[18:36:37] [359/455] SLMP
[18:36:38] [360/455] VVTN
[18:36:39] [361/455] SBTR
[18:36:40] [362/455] PGRA
[18:36:41] [363/455] PBRM
[18:36:42] [364/455] GCRP
[18:36:43] [365/455] MCSK
[18:36:44] 🔄 Identity reset
[18:36:44] 🔄 Identity rotated (every 10 requests)
[18:36:44] [366/455] NLTC
[18:36:45] [367/455] MTLM
[18:36:46] [368/455] VECT
[18:36:47] [369/455] KMRM
[18:36:48] [370/455] RACM
[18:36:49] [371/455] WSTC
[18:36:49] [372/455] PVTJ
[18:36:51] [373/455] MMKC
[18:36:52] [374/455] SVWT
[18:36:53] [375/455] JOTG
[18:36:53] 🔄 Identity reset
[18:36:53] 🔄 Identity rotated (every 10 requests)
[18:36:54] [376/455] VCDK
[18:36:54] [377/455] ANAC
[18:36:55] [378/455] GRTC
[18:36:56] [379/455] JTPL
[18:36:57] [380/455] VRCP
[18:36:58] [381/455] REMC
[18:36:59] [382/455] ATMG
[18:37:00] [383/455] GAHC
[18:37:01] [384/455] JTMV
[18:37:01] [385/455] OMTT
[18:37:02] 🔄 Identity reset
[18:37:02] 🔄 Identity rotated (every 10 requests)
[18:37:02] 🔄 Retry 1/5 for OMTT in 2.7s
[18:37:02] 🔄 Identity reset
[18:37:05] 🧠 New identity created
[18:37:05] [386/455] GKKC
[18:37:06] [387/455] BBPO
[18:37:07] [388/455] ZCBB
[18:37:09] [389/455] DCGO
[18:37:10] [390/455] STOP
[18:37:11] [391/455] BSPC
[18:37:12] [392/455] SOND
[18:37:12] [393/455] GCKG
[18:37:13] [394/455] PCDB
[18:37:14] 🔄 Identity reset
[18:37:14] 🔄 Identity rotated (every 10 requests)
[18:37:14] [395/455] PGRC
[18:37:15] [396/455] CSCT
[18:37:16] [397/455] STDA
[18:37:17] [398/455] JAYD
[18:37:17] [399/455] PPPD
[18:37:18] [400/455] KRTT
[18:37:19] [401/455] PTDT
[18:37:20] [402/455] TRSV
[18:37:21] [403/455] VELR
[18:37:22] [404/455] STDT
[18:37:23] 🔄 Identity reset
[18:37:23] 🔄 Identity rotated (every 10 requests)
[18:37:23] [405/455] SATT
[18:37:24] [406/455] KCPM
[18:37:25] [407/455] MFCP
[18:37:26] [408/455] AXMP
[18:37:27] [409/455] LTVB
[18:37:27] [410/455] APST
[18:37:28] [411/455] DTVP
[18:37:29] [412/455] AAVB
[18:37:30] [413/455] PMBL
[18:37:30] [414/455] STKC
[18:37:31] 🔄 Identity reset
[18:37:31] 🔄 Identity rotated (every 10 requests)
[18:37:31] 🔄 Retry 1/5 for STKC in 2.8s
[18:37:31] 🔄 Identity reset
[18:37:34] 🧠 New identity created
[18:37:34] [415/455] KKMA
[18:37:35] [416/455] NMXS
[18:37:36] [417/455] DECX
[18:37:37] [418/455] MAPJ
[18:37:38] [419/455] SMLK
[18:37:39] [420/455] PMPU
[18:37:40] [421/455] AFST
[18:37:41] [422/455] SRSY
[18:37:42] [423/455] RMKT
[18:37:42] 🔄 Identity reset
[18:37:42] 🔄 Identity rotated (every 10 requests)
[18:37:43] [424/455] RAJX
[18:37:44] [425/455] UVCD
[18:37:45] [426/455] LISA
[18:37:45] [427/455] LMSR
[18:37:46] [428/455] PMCA
[18:37:47] [429/455] INPO
[18:37:48] [430/455] INGO
[18:37:49] [431/455] HFSQ
[18:37:50] [432/455] INMG
[18:37:51] [433/455] NYCP
[18:37:51] 🔄 Identity reset
[18:37:51] 🔄 Identity rotated (every 10 requests)
[18:37:52] [434/455] HFSV
[18:37:52] [435/455] MMZP
[18:37:53] [436/455] KSES
[18:37:54] [437/455] HFSA
[18:37:55] [438/455] ACMM
[18:37:56] [439/455] RCKD
[18:37:57] [440/455] BCKR
[18:37:58] [441/455] SFCO
[18:37:59] [442/455] JCCB
[18:37:59] [443/455] BCCR
[18:38:00] 🔄 Identity reset
[18:38:00] 🔄 Identity rotated (every 10 requests)
[18:38:00] [444/455] NWCB
[18:38:02] [445/455] SAMT
[18:38:03] [446/455] TMST
[18:38:04] [447/455] SJCN
[18:38:04] [448/455] MCBS
[18:38:05] [449/455] CMKR
[18:38:06] [450/455] INPM
[18:38:08] [451/455] WVMT
[18:38:09] [452/455] NYSM
[18:38:10] [453/455] RCMA
[18:38:10] 🔄 Identity reset
[18:38:10] 🔄 Identity rotated (every 10 requests)
[18:38:10] [454/455] RECM
[18:38:11] [455/455] CYCM
[18:38:12] 🧹 Deduping shows
[18:38:12] ✅ DONE | Shows=150 | Movies=22
[03:01:16] 🚀 SCRIPT STARTED (enhanced anti‑detection)
[03:01:16] [1/455] MXGN
[03:01:17] 🧠 New identity created
[03:01:17] [2/455] PGGM
[03:01:18] [3/455] IPMJ
[03:01:19] [4/455] M2PP
[03:01:20] [5/455] PMMS
[03:01:21] [6/455] SCJN
[03:01:23] [7/455] CPUM
[03:01:24] [8/455] SCND
[03:01:25] [9/455] INWM
[03:01:26] [10/455] DVDC
[03:01:26] 🔄 Identity reset
[03:01:26] 🔄 Identity rotated (every 10 requests)
[03:01:26] 🔄 Retry 1/5 for DVDC in 2.6s
[03:01:26] 🔄 Identity reset
[03:01:29] 🧠 New identity created
[03:01:29] 🔄 Retry 2/5 for DVDC in 4.8s
[03:01:29] 🔄 Identity reset
[03:01:34] 🧠 New identity created
[03:01:34] [11/455] WVND
[03:01:35] [12/455] LBDL
[03:01:36] [13/455] CRGM
[03:01:37] [14/455] PVKS
[03:01:38] [15/455] PBLL
[03:01:39] [16/455] FNLN
[03:01:39] [17/455] PPDA
[03:01:40] [18/455] SCPT
[03:01:41] 🔄 Identity reset
[03:01:41] 🔄 Identity rotated (every 10 requests)
[03:01:41] [19/455] IAJS
[03:01:43] [20/455] MMZG
[03:01:44] [21/455] MCTI
[03:01:45] [22/455] PPMF
[03:01:46] [23/455] FNSD
[03:01:47] [24/455] M2RH
[03:01:48] [25/455] CPGV
[03:01:49] [26/455] PECD
[03:01:51] [27/455] CTEE
[03:01:52] [28/455] IOMG
[03:01:52] 🔄 Identity reset
[03:01:52] 🔄 Identity rotated (every 10 requests)
[03:01:53] 🔄 Retry 1/5 for IOMG in 2.5s
[03:01:53] 🔄 Identity reset
[03:01:55] 🧠 New identity created
[03:01:55] 🔄 Retry 2/5 for IOMG in 4.8s
[03:01:55] 🔄 Identity reset
[03:02:00] 🧠 New identity created
[03:02:00] 🔄 Retry 3/5 for IOMG in 8.6s
[03:02:00] 🔄 Identity reset
[03:02:09] 🧠 New identity created
[03:02:09] 🔄 Retry 4/5 for IOMG in 17.0s
[03:02:09] 🔄 Identity reset
[03:02:26] 🧠 New identity created
[03:02:26] ❌ IOMG failed after 5 attempts
[03:02:26] 🔄 Identity reset
[03:02:26] ❌ IOMG final failure | RuntimeError | HTTP 403
[03:02:26] [29/455] CIJA
[03:02:27] 🧠 New identity created
[03:02:27] 🔄 Retry 1/5 for CIJA in 2.8s
[03:02:27] 🔄 Identity reset
[03:02:29] 🧠 New identity created
[03:02:30] 🔄 Retry 2/5 for CIJA in 4.6s
[03:02:30] 🔄 Identity reset
[03:02:34] 🧠 New identity created
[03:02:34] 🔄 Retry 3/5 for CIJA in 8.3s
[03:02:34] 🔄 Identity reset
[03:02:43] 🧠 New identity created
[03:02:43] [30/455] NYCG
[03:02:44] [31/455] CEST
[03:02:44] 🔄 Identity reset
[03:02:44] 🔄 Identity rotated (every 10 requests)
[03:02:45] [32/455] WVRG
[03:02:45] [33/455] DPDC
[03:02:46] [34/455] PDIV
[03:02:48] [35/455] MTPP
[03:02:49] [36/455] MHNU
[03:02:50] [37/455] WUPG
[03:02:51] [38/455] USCO
[03:02:52] [39/455] INFR
[03:02:53] [40/455] PVPD
[03:02:54] [41/455] RONC
[03:02:54] 🔄 Identity reset
[03:02:54] 🔄 Identity rotated (every 10 requests)
[03:02:55] [42/455] IOCP
[03:02:56] [43/455] EMPS
[03:02:57] [44/455] PNAD
[03:02:58] [45/455] VVGZ
[03:03:00] [46/455] MDDC
[03:03:01] [47/455] MMAP
[03:03:02] [48/455] GPDC
[03:03:03] [49/455] PVPU
[03:03:04] [50/455] DCMV
[03:03:04] [51/455] PCCF
[03:03:05] 🔄 Identity reset
[03:03:05] 🔄 Identity rotated (every 10 requests)
[03:03:05] [52/455] MCEF
[03:03:06] [53/455] INRD
[03:03:07] [54/455] CCPZ
[03:03:08] [55/455] BCWG
[03:03:09] [56/455] PMGU
[03:03:10] [57/455] MCVM
[03:03:11] [58/455] MCDE
[03:03:13] [59/455] IEFM
[03:03:14] [60/455] MXCS
[03:03:15] [61/455] RNMT
[03:03:16] 🔄 Identity reset
[03:03:16] 🔄 Identity rotated (every 10 requests)
[03:03:16] [62/455] PSDD
[03:03:17] [63/455] PETA
[03:03:18] [64/455] IZOP
[03:03:19] [65/455] PDEI
[03:03:20] [66/455] MTND
[03:03:21] [67/455] PCPL
[03:03:21] [68/455] LSCM
[03:03:22] [69/455] BTFD
[03:03:24] [70/455] MERM
[03:03:25] [71/455] PVMS
[03:03:26] 🔄 Identity reset
[03:03:26] 🔄 Identity rotated (every 10 requests)
[03:03:26] 🔄 Retry 1/5 for PVMS in 3.0s
[03:03:26] 🔄 Identity reset
[03:03:29] 🧠 New identity created
[03:03:29] 🔄 Retry 2/5 for PVMS in 4.8s
[03:03:29] 🔄 Identity reset
[03:03:33] 🧠 New identity created
[03:03:34] 🔄 Retry 3/5 for PVMS in 8.6s
[03:03:34] 🔄 Identity reset
[03:03:42] 🧠 New identity created
[03:03:43] [72/455] CIGK
[03:03:44] [73/455] INSG
[03:03:45] [74/455] IDEN
[03:03:46] [75/455] MCGN
[03:03:47] [76/455] IGAM
[03:03:47] [77/455] SLCU
[03:03:48] [78/455] MIMU
[03:03:49] 🔄 Identity reset
[03:03:49] 🔄 Identity rotated (every 10 requests)
[03:03:49] [79/455] QLAC
[03:03:50] [80/455] MENL
[03:03:51] [81/455] SCUR
[03:03:52] [82/455] MDGD
[03:03:53] [83/455] LSRS
[03:03:54] [84/455] KMLG
[03:03:55] [85/455] MKLJ
[03:03:56] [86/455] IBYG
[03:03:56] [87/455] ISML
[03:03:57] [88/455] MJMM
[03:03:58] 🔄 Identity reset
[03:03:58] 🔄 Identity rotated (every 10 requests)
[03:03:58] 🔄 Retry 1/5 for MJMM in 2.9s
[03:03:58] 🔄 Identity reset
[03:04:01] 🧠 New identity created
[03:04:01] [89/455] RCGD
[03:04:02] [90/455] MMOC
[03:04:03] [91/455] RRCO
[03:04:04] [92/455] MEDM
[03:04:05] [93/455] MCAZ
[03:04:06] [94/455] STWA
[03:04:07] [95/455] PFFG
[03:04:08] [96/455] GAGC
[03:04:09] [97/455] PMPM
[03:04:10] 🔄 Identity reset
[03:04:10] 🔄 Identity rotated (every 10 requests)
[03:04:11] [98/455] HVCD
[03:04:12] [99/455] AKRF
[03:04:13] [100/455] AKRC
[03:04:14] [101/455] MIDA
[03:04:14] [102/455] MAGX
[03:04:15] [103/455] ESOS
[03:04:17] [104/455] BBCL
[03:04:18] [105/455] LYAS
[03:04:19] [106/455] NRMS
[03:04:19] [107/455] BHUC
[03:04:20] 🔄 Identity reset
[03:04:20] 🔄 Identity rotated (every 10 requests)
[03:04:20] [108/455] SRIC
[03:04:21] [109/455] PDME
[03:04:22] [110/455] MJCS
[03:04:23] [111/455] NRAA
[03:04:24] [112/455] VATA
[03:04:24] [113/455] MNKC
[03:04:25] [114/455] DHCL
[03:04:26] [115/455] JCPC
[03:04:27] [116/455] CTML
[03:04:28] [117/455] RMMR
[03:04:29] 🔄 Identity reset
[03:04:29] 🔄 Identity rotated (every 10 requests)
[03:04:29] 🔄 Retry 1/5 for RMMR in 2.5s
[03:04:29] 🔄 Identity reset
[03:04:31] 🧠 New identity created
[03:04:31] 🔄 Retry 2/5 for RMMR in 4.8s
[03:04:31] 🔄 Identity reset
[03:04:36] 🧠 New identity created
[03:04:36] 🔄 Retry 3/5 for RMMR in 8.1s
[03:04:36] 🔄 Identity reset
[03:04:44] 🧠 New identity created
[03:04:45] [118/455] STTL
[03:04:45] [119/455] CNPS
[03:04:46] [120/455] ACKL
[03:04:47] [121/455] SCAU
[03:04:48] [122/455] RMIA
[03:04:49] [123/455] MANU
[03:04:50] [124/455] ARDC
[03:04:50] 🔄 Identity reset
[03:04:50] 🔄 Identity rotated (every 10 requests)
[03:04:50] 🔄 Retry 1/5 for ARDC in 2.0s
[03:04:50] 🔄 Identity reset
[03:04:52] 🧠 New identity created
[03:04:52] 🔄 Retry 2/5 for ARDC in 4.0s
[03:04:52] 🔄 Identity reset
[03:04:56] 🧠 New identity created
[03:04:57] 🔄 Retry 3/5 for ARDC in 8.7s
[03:04:57] 🔄 Identity reset
[03:05:05] 🧠 New identity created
[03:05:05] 🔄 Retry 4/5 for ARDC in 16.3s
[03:05:05] 🔄 Identity reset
[03:05:22] 🧠 New identity created
[03:05:22] [125/455] GLDA
[03:05:23] [126/455] KVSW
[03:05:24] [127/455] CGCA
[03:05:24] [128/455] CMLO
[03:05:25] [129/455] CECB
[03:05:26] [130/455] RCPN
[03:05:27] 🔄 Identity reset
[03:05:27] 🔄 Identity rotated (every 10 requests)
[03:05:27] [131/455] ASMW
[03:05:28] [132/455] PWLM
[03:05:29] [133/455] ASGM
[03:05:30] [134/455] ACWH
[03:05:31] [135/455] AAPW
[03:05:31] [136/455] RTWA
[03:05:33] [137/455] RAMW
[03:05:34] [138/455] VKTR
[03:05:35] [139/455] SMBH
[03:05:36] [140/455] BVDR
[03:05:37] 🔄 Identity reset
[03:05:37] 🔄 Identity rotated (every 10 requests)
[03:05:37] [141/455] MRTP
[03:05:38] [142/455] BLBR
[03:05:40] [143/455] LPIN
[03:05:41] [144/455] SNPC
[03:05:42] [145/455] PDCB
[03:05:43] [146/455] DYPK
[03:05:44] [147/455] INMK
[03:05:45] [148/455] PDCK
[03:05:46] [149/455] PCKR
[03:05:47] [150/455] SHUA
[03:05:48] 🔄 Identity reset
[03:05:48] 🔄 Identity rotated (every 10 requests)
[03:05:49] [151/455] SCVK
[03:05:50] [152/455] STPA
[03:05:51] [153/455] WVHD
[03:05:52] [154/455] MRCH
[03:05:52] [155/455] MCNP
[03:05:53] [156/455] RCAG
[03:05:55] [157/455] JTSN
[03:05:56] [158/455] AANS
[03:05:57] [159/455] GDDR
[03:05:58] [160/455] SRER
[03:05:58] 🔄 Identity reset
[03:05:58] 🔄 Identity rotated (every 10 requests)
[03:05:59] [161/455] JKMA
[03:06:00] [162/455] ARAN
[03:06:00] [163/455] ALCT
[03:06:02] [164/455] CCTA
[03:06:02] [165/455] CNCT
[03:06:03] [166/455] NZBL
[03:06:04] [167/455] SRRA
[03:06:05] [168/455] SVPW
[03:06:06] [169/455] SRTW
[03:06:07] [170/455] XMTD
[03:06:07] 🔄 Identity reset
[03:06:07] 🔄 Identity rotated (every 10 requests)
[03:06:07] [171/455] SCCZ
[03:06:08] [172/455] PBCR
[03:06:10] [173/455] RTSC
[03:06:11] [174/455] TLSV
[03:06:12] [175/455] RMTK
[03:06:13] [176/455] SRAT
[03:06:14] [177/455] GCYC
[03:06:15] [178/455] HCAJ
[03:06:16] [179/455] LCXA
[03:06:17] [180/455] BINT
[03:06:17] 🔄 Identity reset
[03:06:17] 🔄 Identity rotated (every 10 requests)
[03:06:17] 🔄 Retry 1/5 for BINT in 3.0s
[03:06:17] 🔄 Identity reset
[03:06:20] 🧠 New identity created
[03:06:21] [181/455] IXIM
[03:06:22] [182/455] MBCR
[03:06:22] [183/455] BMCJ
[03:06:23] [184/455] NICJ
[03:06:24] [185/455] SCAJ
[03:06:25] [186/455] CMXS
[03:06:26] [187/455] MMSR
[03:06:26] [188/455] PRKT
[03:06:27] [189/455] LPTH
[03:06:28] 🔄 Identity reset
[03:06:28] 🔄 Identity rotated (every 10 requests)
[03:06:28] 🔄 Retry 1/5 for LPTH in 2.0s
[03:06:28] 🔄 Identity reset
[03:06:30] 🧠 New identity created
[03:06:30] [190/455] SARP
[03:06:31] [191/455] MNPP
[03:06:32] [192/455] PRLR
[03:06:33] [193/455] RCMW
[03:06:34] [194/455] FCMG
[03:06:35] [195/455] RTNK
[03:06:36] [196/455] LRCP
[03:06:37] [197/455] DBJR
[03:06:38] [198/455] CACN
[03:06:38] 🔄 Identity reset
[03:06:38] 🔄 Identity rotated (every 10 requests)
[03:06:38] 🔄 Retry 1/5 for CACN in 2.1s
[03:06:38] 🔄 Identity reset
[03:06:40] 🧠 New identity created
[03:06:40] 🔄 Retry 2/5 for CACN in 4.3s
[03:06:40] 🔄 Identity reset
[03:06:45] 🧠 New identity created
[03:06:45] [199/455] AMRL
[03:06:46] [200/455] SBBC
[03:06:47] [201/455] VENN
[03:06:48] [202/455] STSS
[03:06:49] [203/455] SMRB
[03:06:50] [204/455] CCMX
[03:06:51] [205/455] KCMR
[03:06:52] [206/455] SALH
[03:06:52] 🔄 Identity reset
[03:06:52] 🔄 Identity rotated (every 10 requests)
[03:06:52] 🔄 Retry 1/5 for SALH in 2.2s
[03:06:52] 🔄 Identity reset
[03:06:55] 🧠 New identity created
[03:06:55] [207/455] CGTT
[03:06:56] [208/455] PMDR
[03:06:57] [209/455] VCPM
[03:06:58] [210/455] RZMX
[03:06:59] [211/455] TMSY
[03:07:00] [212/455] NTMS
[03:07:02] [213/455] VTAG
[03:07:03] [214/455] REMA
[03:07:04] [215/455] NXCC
[03:07:04] 🔄 Identity reset
[03:07:04] 🔄 Identity rotated (every 10 requests)
[03:07:04] 🔄 Retry 1/5 for NXCC in 2.7s
[03:07:04] 🔄 Identity reset
[03:07:07] 🧠 New identity created
[03:07:07] 🔄 Retry 2/5 for NXCC in 4.1s
[03:07:07] 🔄 Identity reset
[03:07:11] 🧠 New identity created
[03:07:12] [216/455] SKYM
[03:07:13] [217/455] CCMO
[03:07:13] [218/455] DMXM
[03:07:14] [219/455] SPPM
[03:07:15] [220/455] PTKL
[03:07:16] [221/455] SLVO
[03:07:17] [222/455] VASL
[03:07:18] [223/455] CBCM
[03:07:19] 🔄 Identity reset
[03:07:19] 🔄 Identity rotated (every 10 requests)
[03:07:19] 🔄 Retry 1/5 for CBCM in 2.4s
[03:07:19] 🔄 Identity reset
[03:07:21] 🧠 New identity created
[03:07:21] 🔄 Retry 2/5 for CBCM in 4.2s
[03:07:21] 🔄 Identity reset
[03:07:25] 🧠 New identity created
[03:07:25] 🔄 Retry 3/5 for CBCM in 8.8s
[03:07:25] 🔄 Identity reset
[03:07:34] 🧠 New identity created
[03:07:35] [224/455] STMA
[03:07:35] [225/455] LASK
[03:07:36] [226/455] VITE
[03:07:37] [227/455] AAST
[03:07:38] [228/455] JTPT
[03:07:38] [229/455] RRSH
[03:07:39] [230/455] CINL
[03:07:40] 🔄 Identity reset
[03:07:40] 🔄 Identity rotated (every 10 requests)
[03:07:40] [231/455] MCSR
[03:07:41] [232/455] SBCF
[03:07:42] [233/455] GCDU
[03:07:43] [234/455] PSPR
[03:07:45] [235/455] IMMO
[03:07:45] [236/455] CLGM
[03:07:46] [237/455] PBMM
[03:07:47] [238/455] CEHR
[03:07:48] [239/455] CPOE
[03:07:49] [240/455] PGFD
[03:07:49] 🔄 Identity reset
[03:07:49] 🔄 Identity rotated (every 10 requests)
[03:07:50] [241/455] PSLC
[03:07:50] [242/455] MSMD
[03:07:51] [243/455] FMFB
[03:07:52] [244/455] RKCL
[03:07:53] [245/455] PMMC
[03:07:54] [246/455] SKMM
[03:07:55] [247/455] VOIB
[03:07:56] [248/455] KINO
[03:07:57] [249/455] VCTP
[03:07:58] [250/455] PDWR
[03:07:58] 🔄 Identity reset
[03:07:58] 🔄 Identity rotated (every 10 requests)
[03:07:59] [251/455] SAED
[03:08:00] [252/455] SRRT
[03:08:01] [253/455] CVLG
[03:08:02] [254/455] SNGN
[03:08:03] [255/455] SIDA
[03:08:04] [256/455] IMCB
[03:08:05] [257/455] SMHP
[03:08:06] [258/455] GDTY
[03:08:06] [259/455] VYCH
[03:08:08] [260/455] PDYA
[03:08:09] 🔄 Identity reset
[03:08:09] 🔄 Identity rotated (every 10 requests)
[03:08:09] 🔄 Retry 1/5 for PDYA in 2.5s
[03:08:09] 🔄 Identity reset
[03:08:11] 🧠 New identity created
[03:08:11] [261/455] RKDO
[03:08:12] [262/455] VECG
[03:08:13] [263/455] NFGD
[03:08:15] [264/455] SNDC
[03:08:16] [265/455] SDJH
[03:08:17] [266/455] HASV
[03:08:17] [267/455] PTYK
[03:08:18] [268/455] MUTB
[03:08:19] [269/455] AMRT
[03:08:20] 🔄 Identity reset
[03:08:20] 🔄 Identity rotated (every 10 requests)
[03:08:20] 🔄 Retry 1/5 for AMRT in 2.2s
[03:08:20] 🔄 Identity reset
[03:08:22] 🧠 New identity created
[03:08:22] [270/455] VACD
[03:08:24] [271/455] SKDD
[03:08:25] [272/455] STGR
[03:08:25] [273/455] GDAK
[03:08:26] [274/455] SKHK
[03:08:27] [275/455] SLND
[03:08:28] [276/455] APAP
[03:08:29] [277/455] AYYA
[03:08:30] [278/455] VCCZ
[03:08:30] 🔄 Identity reset
[03:08:30] 🔄 Identity rotated (every 10 requests)
[03:08:31] 🔄 Retry 1/5 for VCCZ in 2.2s
[03:08:31] 🔄 Identity reset
[03:08:33] 🧠 New identity created
[03:08:33] [279/455] MEML
[03:08:34] [280/455] MAOU
[03:08:35] [281/455] ESND
[03:08:36] [282/455] PTBZ
[03:08:36] [283/455] LBCN
[03:08:37] [284/455] PAWA
[03:08:38] [285/455] ZEIC
[03:08:39] [286/455] CGMM
[03:08:40] [287/455] PJPM
[03:08:40] 🔄 Identity reset
[03:08:40] 🔄 Identity rotated (every 10 requests)
[03:08:41] [288/455] ECMR
[03:08:42] [289/455] SHMZ
[03:08:43] [290/455] STCA
[03:08:44] [291/455] VDRC
[03:08:45] [292/455] SEEM
[03:08:46] [293/455] MKNS
[03:08:47] [294/455] KPPP
[03:08:48] [295/455] CCML
[03:08:49] [296/455] CIBA
[03:08:50] [297/455] NACS
[03:08:51] 🔄 Identity reset
[03:08:51] 🔄 Identity rotated (every 10 requests)
[03:08:51] [298/455] CTMK
[03:08:52] [299/455] CTCT
[03:08:53] [300/455] MCSN
[03:08:54] [301/455] MAXX
[03:08:54] [302/455] MECB
[03:08:55] [303/455] NTBY
[03:08:57] [304/455] UTBI
[03:08:58] [305/455] RADK
[03:08:58] [306/455] STBY
[03:08:59] [307/455] GTBY
[03:08:59] 🔄 Identity reset
[03:08:59] 🔄 Identity rotated (every 10 requests)
[03:09:00] [308/455] RRMB
[03:09:01] [309/455] ABRN
[03:09:02] [310/455] GTSG
[03:09:03] [311/455] GBTG
[03:09:04] [312/455] SBGS
[03:09:05] [313/455] KBPM
[03:09:06] [314/455] SMHT
[03:09:07] [315/455] VTDM
[03:09:07] [316/455] ASCT
[03:09:08] [317/455] AWCT
[03:09:09] 🔄 Identity reset
[03:09:09] 🔄 Identity rotated (every 10 requests)
[03:09:09] 🔄 Retry 1/5 for AWCT in 2.5s
[03:09:09] 🔄 Identity reset
[03:09:12] 🧠 New identity created
[03:09:12] [318/455] DCCU
[03:09:13] [319/455] PSCE
[03:09:14] [320/455] KSNY
[03:09:15] [321/455] ACID
[03:09:16] [322/455] LVCD
[03:09:17] [323/455] KSSB
[03:09:18] [324/455] SWTD
[03:09:19] [325/455] RBMR
[03:09:19] [326/455] SCBC
[03:09:20] 🔄 Identity reset
[03:09:20] 🔄 Identity rotated (every 10 requests)
[03:09:20] [327/455] RKME
[03:09:21] [328/455] GALX
[03:09:22] [329/455] GCCH
[03:09:23] [330/455] RATR
[03:09:23] [331/455] GTGA
[03:09:24] [332/455] LTTR
[03:09:25] [333/455] TTAA
[03:09:26] [334/455] TVHP
[03:09:27] [335/455] KVCS
[03:09:28] [336/455] CBMC
[03:09:29] 🔄 Identity reset
[03:09:29] 🔄 Identity rotated (every 10 requests)
[03:09:29] 🔄 Retry 1/5 for CBMC in 2.6s
[03:09:29] 🔄 Identity reset
[03:09:31] 🧠 New identity created
[03:09:32] [337/455] MAYJ
[03:09:33] [338/455] INPR
[03:09:34] [339/455] RSSC
[03:09:35] [340/455] PCAN
[03:09:36] [341/455] PVHR
[03:09:37] [342/455] AGSM
[03:09:38] [343/455] PVES
[03:09:38] [344/455] INTO
[03:09:39] [345/455] ACON
[03:09:40] 🔄 Identity reset
[03:09:40] 🔄 Identity rotated (every 10 requests)
[03:09:40] 🔄 Retry 1/5 for ACON in 2.1s
[03:09:40] 🔄 Identity reset
[03:09:42] 🧠 New identity created
[03:09:43] [346/455] PVPZ
[03:09:43] [347/455] PVHC
[03:09:44] [348/455] KSTK
[03:09:45] [349/455] PVSR
[03:09:45] [350/455] ACTN
[03:09:46] [351/455] FMCN
[03:09:47] [352/455] PABC
[03:09:47] [353/455] SUTC
[03:09:48] [354/455] PGMV
[03:09:49] 🔄 Identity reset
[03:09:49] 🔄 Identity rotated (every 10 requests)
[03:09:49] 🔄 Retry 1/5 for PGMV in 2.1s
[03:09:49] 🔄 Identity reset
[03:09:51] 🧠 New identity created
[03:09:51] [355/455] GKCP
[03:09:52] [356/455] INCH
[03:09:53] [357/455] MLMT
[03:09:54] [358/455] SSCC
[03:09:55] [359/455] SLMP
[03:09:56] [360/455] VVTN
[03:09:56] [361/455] SBTR
[03:09:57] [362/455] PGRA
[03:09:58] [363/455] PBRM
[03:09:59] 🔄 Identity reset
[03:09:59] 🔄 Identity rotated (every 10 requests)
[03:09:59] [364/455] GCRP
[03:10:00] [365/455] MCSK
[03:10:00] [366/455] NLTC
[03:10:01] [367/455] MTLM
[03:10:02] [368/455] VECT
[03:10:03] [369/455] KMRM
[03:10:04] [370/455] RACM
[03:10:05] [371/455] WSTC
[03:10:06] [372/455] PVTJ
[03:10:06] [373/455] MMKC
[03:10:07] 🔄 Identity reset
[03:10:07] 🔄 Identity rotated (every 10 requests)
[03:10:07] 🔄 Retry 1/5 for MMKC in 2.6s
[03:10:07] 🔄 Identity reset
[03:10:10] 🧠 New identity created
[03:10:10] [374/455] SVWT
[03:10:11] [375/455] JOTG
[03:10:11] [376/455] VCDK
[03:10:12] [377/455] ANAC
[03:10:13] [378/455] GRTC
[03:10:13] [379/455] JTPL
[03:10:15] [380/455] VRCP
[03:10:16] [381/455] REMC
[03:10:17] [382/455] ATMG
[03:10:17] 🔄 Identity reset
[03:10:17] 🔄 Identity rotated (every 10 requests)
[03:10:18] [383/455] GAHC
[03:10:19] [384/455] JTMV
[03:10:20] [385/455] OMTT
[03:10:20] [386/455] GKKC
[03:10:21] [387/455] BBPO
[03:10:22] [388/455] ZCBB
[03:10:22] [389/455] DCGO
[03:10:23] [390/455] STOP
[03:10:24] [391/455] BSPC
[03:10:25] [392/455] SOND
[03:10:25] 🔄 Identity reset
[03:10:25] 🔄 Identity rotated (every 10 requests)
[03:10:26] [393/455] GCKG
[03:10:27] [394/455] PCDB
[03:10:28] [395/455] PGRC
[03:10:28] [396/455] CSCT
[03:10:29] [397/455] STDA
[03:10:30] [398/455] JAYD
[03:10:31] [399/455] PPPD
[03:10:31] [400/455] KRTT
[03:10:32] [401/455] PTDT
[03:10:32] [402/455] TRSV
[03:10:33] 🔄 Identity reset
[03:10:33] 🔄 Identity rotated (every 10 requests)
[03:10:33] 🔄 Retry 1/5 for TRSV in 2.1s
[03:10:33] 🔄 Identity reset
[03:10:35] 🧠 New identity created
[03:10:35] [403/455] VELR
[03:10:36] [404/455] STDT
[03:10:37] [405/455] SATT
[03:10:38] [406/455] KCPM
[03:10:39] [407/455] MFCP
[03:10:39] [408/455] AXMP
[03:10:40] [409/455] LTVB
[03:10:41] [410/455] APST
[03:10:41] [411/455] DTVP
[03:10:42] 🔄 Identity reset
[03:10:42] 🔄 Identity rotated (every 10 requests)
[03:10:42] [412/455] AAVB
[03:10:43] [413/455] PMBL
[03:10:44] [414/455] STKC
[03:10:45] [415/455] KKMA
[03:10:46] [416/455] NMXS
[03:10:47] [417/455] DECX
[03:10:47] [418/455] MAPJ
[03:10:48] [419/455] SMLK
[03:10:49] [420/455] PMPU
[03:10:50] [421/455] AFST
[03:10:50] 🔄 Identity reset
[03:10:50] 🔄 Identity rotated (every 10 requests)
[03:10:51] [422/455] SRSY
[03:10:52] [423/455] RMKT
[03:10:52] [424/455] RAJX
[03:10:53] [425/455] UVCD
[03:10:54] [426/455] LISA
[03:10:55] [427/455] LMSR
[03:10:56] [428/455] PMCA
[03:10:56] [429/455] INPO
[03:10:57] [430/455] INGO
[03:10:58] [431/455] HFSQ
[03:10:58] 🔄 Identity reset
[03:10:58] 🔄 Identity rotated (every 10 requests)
[03:10:58] [432/455] INMG
[03:10:59] [433/455] NYCP
[03:11:00] [434/455] HFSV
[03:11:01] [435/455] MMZP
[03:11:02] [436/455] KSES
[03:11:03] [437/455] HFSA
[03:11:03] [438/455] ACMM
[03:11:04] [439/455] RCKD
[03:11:05] [440/455] BCKR
[03:11:06] [441/455] SFCO
[03:11:07] 🔄 Identity reset
[03:11:07] 🔄 Identity rotated (every 10 requests)
[03:11:07] [442/455] JCCB
[03:11:08] [443/455] BCCR
[03:11:09] [444/455] NWCB
[03:11:10] [445/455] SAMT
[03:11:10] [446/455] TMST
[03:11:12] [447/455] SJCN
[03:11:12] [448/455] MCBS
[03:11:14] [449/455] CMKR
[03:11:15] [450/455] INPM
[03:11:16] [451/455] WVMT
[03:11:16] 🔄 Identity reset
[03:11:16] 🔄 Identity rotated (every 10 requests)
[03:11:17] [452/455] NYSM
[03:11:18] [453/455] RCMA
[03:11:18] [454/455] RECM
[03:11:20] [455/455] CYCM
[03:11:21] 🔁 RETRY ROUND 1 | Remaining: 1
[03:11:21] [RETRY-1] IOMG
[03:11:23] 🧹 Deduping shows
[03:11:23] ✅ DONE | Shows=260 | Movies=22
[08:35:18] 🚀 SCRIPT STARTED (enhanced anti‑detection)
[08:35:18] [1/455] MXGN
[08:35:19] 🧠 New identity created
[08:35:19] 🔄 Retry 1/5 for MXGN in 2.2s
[08:35:19] 🔄 Identity reset
[08:35:21] 🧠 New identity created
[08:35:21] [2/455] PGGM
[08:35:22] [3/455] IPMJ
[08:35:23] [4/455] M2PP
[08:35:24] [5/455] PMMS
[08:35:25] [6/455] SCJN
[08:35:26] [7/455] CPUM
[08:35:27] [8/455] SCND
[08:35:28] [9/455] INWM
[08:35:29] 🔄 Identity reset
[08:35:29] 🔄 Identity rotated (every 10 requests)
[08:35:29] 🔄 Retry 1/5 for INWM in 2.7s
[08:35:29] 🔄 Identity reset
[08:35:32] 🧠 New identity created
[08:35:32] [10/455] DVDC
[08:35:34] [11/455] WVND
[08:35:35] [12/455] LBDL
[08:35:36] [13/455] CRGM
[08:35:37] [14/455] PVKS
[08:35:37] [15/455] PBLL
[08:35:38] [16/455] FNLN
[08:35:39] [17/455] PPDA
[08:35:40] [18/455] SCPT
[08:35:41] 🔄 Identity reset
[08:35:41] 🔄 Identity rotated (every 10 requests)
[08:35:41] [19/455] IAJS
[08:35:43] [20/455] MMZG
[08:35:44] [21/455] MCTI
[08:35:45] [22/455] PPMF
[08:35:46] [23/455] FNSD
[08:35:47] [24/455] M2RH
[08:35:48] [25/455] CPGV
[08:35:49] [26/455] PECD
[08:35:50] [27/455] CTEE
[08:35:51] [28/455] IOMG
[08:35:52] 🔄 Identity reset
[08:35:52] 🔄 Identity rotated (every 10 requests)
[08:35:52] [29/455] CIJA
[08:35:53] [30/455] NYCG
[08:35:54] [31/455] CEST
[08:35:55] [32/455] WVRG
[08:35:56] [33/455] DPDC
[08:35:57] [34/455] PDIV
[08:35:58] [35/455] MTPP
[08:35:59] [36/455] MHNU
[08:36:00] [37/455] WUPG
[08:36:01] [38/455] USCO
[08:36:02] 🔄 Identity reset
[08:36:02] 🔄 Identity rotated (every 10 requests)
[08:36:02] [39/455] INFR
[08:36:04] [40/455] PVPD
[08:36:04] [41/455] RONC
[08:36:06] [42/455] IOCP
[08:36:07] [43/455] EMPS
[08:36:08] [44/455] PNAD
[08:36:08] [45/455] VVGZ
[08:36:09] [46/455] MDDC
[08:36:10] [47/455] MMAP
[08:36:11] [48/455] GPDC
[08:36:12] 🔄 Identity reset
[08:36:12] 🔄 Identity rotated (every 10 requests)
[08:36:12] 🔄 Retry 1/5 for GPDC in 2.3s
[08:36:12] 🔄 Identity reset
[08:36:14] 🧠 New identity created
[08:36:15] [49/455] PVPU
[08:36:16] [50/455] DCMV
[08:36:19] [51/455] PCCF
[08:36:20] [52/455] MCEF
[08:36:21] [53/455] INRD
[08:36:22] [54/455] CCPZ
[08:36:23] [55/455] BCWG
[08:36:24] [56/455] PMGU
[08:36:25] [57/455] MCVM
[08:36:26] 🔄 Identity reset
[08:36:26] 🔄 Identity rotated (every 10 requests)
[08:36:26] 🔄 Retry 1/5 for MCVM in 2.1s
[08:36:26] 🔄 Identity reset
[08:36:28] 🧠 New identity created
[08:36:29] [58/455] MCDE
[08:36:30] [59/455] IEFM
[08:36:31] [60/455] MXCS
[08:36:32] [61/455] RNMT
[08:36:33] [62/455] PSDD
[08:36:34] [63/455] PETA
[08:36:35] [64/455] IZOP
[08:36:36] [65/455] PDEI
[08:36:37] [66/455] MTND
[08:36:38] 🔄 Identity reset
[08:36:38] 🔄 Identity rotated (every 10 requests)
[08:36:38] 🔄 Retry 1/5 for MTND in 2.1s
[08:36:38] 🔄 Identity reset
[08:36:40] 🧠 New identity created
[08:36:40] [67/455] PCPL
[08:36:41] [68/455] LSCM
[08:36:42] [69/455] BTFD
[08:36:43] [70/455] MERM
[08:36:44] [71/455] PVMS
[08:36:45] [72/455] CIGK
[08:36:46] [73/455] INSG
[08:36:47] [74/455] IDEN
[08:36:48] [75/455] MCGN
[08:36:48] 🔄 Identity reset
[08:36:48] 🔄 Identity rotated (every 10 requests)
[08:36:49] [76/455] IGAM
[08:36:50] [77/455] SLCU
[08:36:51] [78/455] MIMU
[08:36:52] [79/455] QLAC
[08:36:53] [80/455] MENL
[08:36:54] [81/455] SCUR
[08:36:55] [82/455] MDGD
[08:36:56] [83/455] LSRS
[08:36:57] [84/455] KMLG
[08:36:58] [85/455] MKLJ
[08:36:59] 🔄 Identity reset
[08:36:59] 🔄 Identity rotated (every 10 requests)
[08:36:59] 🔄 Retry 1/5 for MKLJ in 3.0s
[08:36:59] 🔄 Identity reset
[08:37:02] 🧠 New identity created
[08:37:02] [86/455] IBYG
[08:37:03] [87/455] ISML
[08:37:04] [88/455] MJMM
[08:37:05] [89/455] RCGD
[08:37:06] [90/455] MMOC
[08:37:08] [91/455] RRCO
[08:37:09] [92/455] MEDM
[08:37:10] [93/455] MCAZ
[08:37:11] [94/455] STWA
[08:37:11] 🔄 Identity reset
[08:37:11] 🔄 Identity rotated (every 10 requests)
[08:37:12] [95/455] PFFG
[08:37:13] [96/455] GAGC
[08:37:14] [97/455] PMPM
[08:37:14] [98/455] HVCD
[08:37:15] [99/455] AKRF
[08:37:16] [100/455] AKRC
[08:37:17] [101/455] MIDA
[08:37:18] [102/455] MAGX
[08:37:19] [103/455] ESOS
[08:37:21] [104/455] BBCL
[08:37:21] 🔄 Identity reset
[08:37:21] 🔄 Identity rotated (every 10 requests)
[08:37:22] [105/455] LYAS
[08:37:23] [106/455] NRMS
[08:37:24] [107/455] BHUC
[08:37:26] [108/455] SRIC
[08:37:27] [109/455] PDME
[08:37:28] [110/455] MJCS
[08:37:29] [111/455] NRAA
[08:37:30] [112/455] VATA
[08:37:31] [113/455] MNKC
[08:37:32] [114/455] DHCL
[08:37:32] 🔄 Identity reset
[08:37:32] 🔄 Identity rotated (every 10 requests)
[08:37:32] [115/455] JCPC
[08:37:33] [116/455] CTML
[08:37:34] [117/455] RMMR
[08:37:35] [118/455] STTL
[08:37:36] [119/455] CNPS
[08:37:37] [120/455] ACKL
[08:37:38] [121/455] SCAU
[08:37:39] [122/455] RMIA
[08:37:40] [123/455] MANU
[08:37:41] [124/455] ARDC
[08:37:42] 🔄 Identity reset
[08:37:42] 🔄 Identity rotated (every 10 requests)
[08:37:42] [125/455] GLDA
[08:37:43] [126/455] KVSW
[08:37:44] [127/455] CGCA
[08:37:45] [128/455] CMLO
[08:37:46] [129/455] CECB
[08:37:47] [130/455] RCPN
[08:37:48] [131/455] ASMW
[08:37:50] [132/455] PWLM
[08:37:51] [133/455] ASGM
[08:37:52] [134/455] ACWH
[08:37:52] 🔄 Identity reset
[08:37:52] 🔄 Identity rotated (every 10 requests)
[08:37:53] [135/455] AAPW
[08:37:54] [136/455] RTWA
[08:37:55] [137/455] RAMW
[08:37:56] [138/455] VKTR
[08:37:57] [139/455] SMBH
[08:37:58] [140/455] BVDR
[08:37:59] [141/455] MRTP
[08:38:00] [142/455] BLBR
[08:38:01] [143/455] LPIN
[08:38:02] [144/455] SNPC
[08:38:03] 🔄 Identity reset
[08:38:03] 🔄 Identity rotated (every 10 requests)
[08:38:03] [145/455] PDCB
[08:38:04] [146/455] DYPK
[08:38:05] [147/455] INMK
[08:38:06] [148/455] PDCK
[08:38:07] [149/455] PCKR
[08:38:08] [150/455] SHUA
[08:38:09] [151/455] SCVK
[08:38:10] [152/455] STPA
[08:38:11] [153/455] WVHD
[08:38:12] [154/455] MRCH
[08:38:12] 🔄 Identity reset
[08:38:12] 🔄 Identity rotated (every 10 requests)
[08:38:12] 🔄 Retry 1/5 for MRCH in 2.3s
[08:38:12] 🔄 Identity reset
[08:38:15] 🧠 New identity created
[08:38:15] [155/455] MCNP
[08:38:16] [156/455] RCAG
[08:38:17] [157/455] JTSN
[08:38:18] [158/455] AANS
[08:38:19] [159/455] GDDR
[08:38:20] [160/455] SRER
[08:38:21] [161/455] JKMA
[08:38:22] [162/455] ARAN
[08:38:23] [163/455] ALCT
[08:38:24] 🔄 Identity reset
[08:38:24] 🔄 Identity rotated (every 10 requests)
[08:38:24] [164/455] CCTA
[08:38:25] [165/455] CNCT
[08:38:26] [166/455] NZBL
[08:38:27] [167/455] SRRA
[08:38:28] [168/455] SVPW
[08:38:30] [169/455] SRTW
[08:38:31] [170/455] XMTD
[08:38:32] [171/455] SCCZ
[08:38:33] [172/455] PBCR
[08:38:34] [173/455] RTSC
[08:38:34] 🔄 Identity reset
[08:38:34] 🔄 Identity rotated (every 10 requests)
[08:38:35] [174/455] TLSV
[08:38:36] [175/455] RMTK
[08:38:37] [176/455] SRAT
[08:38:37] [177/455] GCYC
[08:38:38] [178/455] HCAJ
[08:38:39] [179/455] LCXA
[08:38:40] [180/455] BINT
[08:38:41] [181/455] IXIM
[08:38:42] [182/455] MBCR
[08:38:43] [183/455] BMCJ
[08:38:44] 🔄 Identity reset
[08:38:44] 🔄 Identity rotated (every 10 requests)
[08:38:44] 🔄 Retry 1/5 for BMCJ in 2.3s
[08:38:44] 🔄 Identity reset
[08:38:46] 🧠 New identity created
[08:38:46] [184/455] NICJ
[08:38:47] [185/455] SCAJ
[08:38:48] [186/455] CMXS
[08:38:49] [187/455] MMSR
[08:38:50] [188/455] PRKT
[08:38:51] [189/455] LPTH
[08:38:52] [190/455] SARP
[08:38:53] [191/455] MNPP
[08:38:54] [192/455] PRLR
[08:38:55] 🔄 Identity reset
[08:38:55] 🔄 Identity rotated (every 10 requests)
[08:38:55] [193/455] RCMW
[08:38:56] [194/455] FCMG
[08:38:57] [195/455] RTNK
[08:38:58] [196/455] LRCP
[08:38:59] [197/455] DBJR
[08:39:00] [198/455] CACN
[08:39:01] [199/455] AMRL
[08:39:02] [200/455] SBBC
[08:39:03] [201/455] VENN
[08:39:04] [202/455] STSS
[08:39:04] 🔄 Identity reset
[08:39:04] 🔄 Identity rotated (every 10 requests)
[08:39:05] [203/455] SMRB
[08:39:05] [204/455] CCMX
[08:39:06] [205/455] KCMR
[08:39:07] [206/455] SALH
[08:39:08] [207/455] CGTT
[08:39:10] [208/455] PMDR
[08:39:11] [209/455] VCPM
[08:39:12] [210/455] RZMX
[08:39:13] [211/455] TMSY
[08:39:14] [212/455] NTMS
[08:39:14] 🔄 Identity reset
[08:39:14] 🔄 Identity rotated (every 10 requests)
[08:39:14] 🔄 Retry 1/5 for NTMS in 2.5s
[08:39:14] 🔄 Identity reset
[08:39:17] 🧠 New identity created
[08:39:17] 🔄 Retry 2/5 for NTMS in 4.9s
[08:39:17] 🔄 Identity reset
[08:39:22] 🧠 New identity created
[08:39:22] [213/455] VTAG
[08:39:23] [214/455] REMA
[08:39:24] [215/455] NXCC
[08:39:25] [216/455] SKYM
[08:39:26] [217/455] CCMO
[08:39:27] [218/455] DMXM
[08:39:28] [219/455] SPPM
[08:39:30] [220/455] PTKL
[08:39:30] 🔄 Identity reset
[08:39:30] 🔄 Identity rotated (every 10 requests)
[08:39:31] [221/455] SLVO
[08:39:32] [222/455] VASL
[08:39:33] [223/455] CBCM
[08:39:34] [224/455] STMA
[08:39:35] [225/455] LASK
[08:39:35] [226/455] VITE
[08:39:36] [227/455] AAST
[08:39:37] [228/455] JTPT
[08:39:38] [229/455] RRSH
[08:39:39] [230/455] CINL
[08:39:40] 🔄 Identity reset
[08:39:40] 🔄 Identity rotated (every 10 requests)
[08:39:40] 🔄 Retry 1/5 for CINL in 2.1s
[08:39:40] 🔄 Identity reset
[08:39:42] 🧠 New identity created
[08:39:42] 🔄 Retry 2/5 for CINL in 5.0s
[08:39:42] 🔄 Identity reset
[08:39:47] 🧠 New identity created
[08:39:48] [231/455] MCSR
[08:39:49] [232/455] SBCF
[08:39:50] [233/455] GCDU
[08:39:51] [234/455] PSPR
[08:39:52] [235/455] IMMO
[08:39:53] [236/455] CLGM
[08:39:55] [237/455] PBMM
[08:39:56] [238/455] CEHR
[08:39:57] 🔄 Identity reset
[08:39:57] 🔄 Identity rotated (every 10 requests)
[08:39:57] [239/455] CPOE
[08:39:58] [240/455] PGFD
[08:39:59] [241/455] PSLC
[08:40:00] [242/455] MSMD
[08:40:01] [243/455] FMFB
[08:40:02] [244/455] RKCL
[08:40:03] [245/455] PMMC
[08:40:04] [246/455] SKMM
[08:40:05] [247/455] VOIB
[08:40:06] [248/455] KINO
[08:40:06] 🔄 Identity reset
[08:40:06] 🔄 Identity rotated (every 10 requests)
[08:40:07] [249/455] VCTP
[08:40:08] [250/455] PDWR
[08:40:09] [251/455] SAED
[08:40:11] [252/455] SRRT
[08:40:12] [253/455] CVLG
[08:40:12] [254/455] SNGN
[08:40:14] [255/455] SIDA
[08:40:14] [256/455] IMCB
[08:40:16] [257/455] SMHP
[08:40:17] [258/455] GDTY
[08:40:17] 🔄 Identity reset
[08:40:17] 🔄 Identity rotated (every 10 requests)
[08:40:17] 🔄 Retry 1/5 for GDTY in 2.6s
[08:40:17] 🔄 Identity reset
[08:40:20] 🧠 New identity created
[08:40:20] [259/455] VYCH
[08:40:21] [260/455] PDYA
[08:40:23] [261/455] RKDO
[08:40:24] [262/455] VECG
[08:40:25] [263/455] NFGD
[08:40:27] [264/455] SNDC
[08:40:28] [265/455] SDJH
[08:40:29] [266/455] HASV
[08:40:30] [267/455] PTYK
[08:40:30] 🔄 Identity reset
[08:40:30] 🔄 Identity rotated (every 10 requests)
[08:40:30] 🔄 Retry 1/5 for PTYK in 2.9s
[08:40:30] 🔄 Identity reset
[08:40:33] 🧠 New identity created
[08:40:34] 🔄 Retry 2/5 for PTYK in 4.8s
[08:40:34] 🔄 Identity reset
[08:40:38] 🧠 New identity created
[08:40:38] 🔄 Retry 3/5 for PTYK in 8.5s
[08:40:38] 🔄 Identity reset
[08:40:47] 🧠 New identity created
[08:40:47] 🔄 Retry 4/5 for PTYK in 16.4s
[08:40:47] 🔄 Identity reset
[08:41:03] 🧠 New identity created
[08:41:04] [268/455] MUTB
[08:41:05] [269/455] AMRT
[08:41:06] [270/455] VACD
[08:41:07] [271/455] SKDD
[08:41:07] [272/455] STGR
[08:41:08] [273/455] GDAK
[08:41:09] 🔄 Identity reset
[08:41:09] 🔄 Identity rotated (every 10 requests)
[08:41:10] [274/455] SKHK
[08:41:12] [275/455] SLND
[08:41:13] [276/455] APAP
[08:41:14] [277/455] AYYA
[08:41:15] [278/455] VCCZ
[08:41:16] [279/455] MEML
[08:41:17] [280/455] MAOU
[08:41:18] [281/455] ESND
[08:41:19] [282/455] PTBZ
[08:41:20] [283/455] LBCN
[08:41:20] 🔄 Identity reset
[08:41:20] 🔄 Identity rotated (every 10 requests)
[08:41:21] [284/455] PAWA
[08:41:22] [285/455] ZEIC
[08:41:23] [286/455] CGMM
[08:41:24] [287/455] PJPM
[08:41:24] [288/455] ECMR
[08:41:25] [289/455] SHMZ
[08:41:26] [290/455] STCA
[08:41:28] [291/455] VDRC
[08:41:29] [292/455] SEEM
[08:41:30] [293/455] MKNS
[08:41:31] 🔄 Identity reset
[08:41:31] 🔄 Identity rotated (every 10 requests)
[08:41:31] [294/455] KPPP
[08:41:32] [295/455] CCML
[08:41:33] [296/455] CIBA
[08:41:34] [297/455] NACS
[08:41:35] [298/455] CTMK
[08:41:36] [299/455] CTCT
[08:41:37] [300/455] MCSN
[08:41:38] [301/455] MAXX
[08:41:39] [302/455] MECB
[08:41:41] [303/455] NTBY
[08:41:41] 🔄 Identity reset
[08:41:42] 🔄 Identity rotated (every 10 requests)
[08:41:42] 🔄 Retry 1/5 for NTBY in 2.4s
[08:41:42] 🔄 Identity reset
[08:41:44] 🧠 New identity created
[08:41:44] [304/455] UTBI
[08:41:45] [305/455] RADK
[08:41:46] [306/455] STBY
[08:41:47] [307/455] GTBY
[08:41:48] [308/455] RRMB
[08:41:49] [309/455] ABRN
[08:41:50] [310/455] GTSG
[08:41:51] [311/455] GBTG
[08:41:52] [312/455] SBGS
[08:41:53] 🔄 Identity reset
[08:41:53] 🔄 Identity rotated (every 10 requests)
[08:41:53] [313/455] KBPM
[08:41:54] [314/455] SMHT
[08:41:55] [315/455] VTDM
[08:41:56] [316/455] ASCT
[08:41:57] [317/455] AWCT
[08:41:58] [318/455] DCCU
[08:41:59] [319/455] PSCE
[08:42:00] [320/455] KSNY
[08:42:01] [321/455] ACID
[08:42:02] [322/455] LVCD
[08:42:02] 🔄 Identity reset
[08:42:02] 🔄 Identity rotated (every 10 requests)
[08:42:02] 🔄 Retry 1/5 for LVCD in 2.9s
[08:42:02] 🔄 Identity reset
[08:42:05] 🧠 New identity created
[08:42:06] [323/455] KSSB
[08:42:07] [324/455] SWTD
[08:42:08] [325/455] RBMR
[08:42:09] [326/455] SCBC
[08:42:10] [327/455] RKME
[08:42:11] [328/455] GALX
[08:42:12] [329/455] GCCH
[08:42:13] [330/455] RATR
[08:42:14] [331/455] GTGA
[08:42:14] 🔄 Identity reset
[08:42:15] 🔄 Identity rotated (every 10 requests)
[08:42:15] [332/455] LTTR
[08:42:16] [333/455] TTAA
[08:42:17] [334/455] TVHP
[08:42:18] [335/455] KVCS
[08:42:18] [336/455] CBMC
[08:42:19] [337/455] MAYJ
[08:42:21] [338/455] INPR
[08:42:22] [339/455] RSSC
[08:42:23] [340/455] PCAN
[08:42:25] [341/455] PVHR
[08:42:25] 🔄 Identity reset
[08:42:25] 🔄 Identity rotated (every 10 requests)
[08:42:26] [342/455] AGSM
[08:42:27] [343/455] PVES
[08:42:28] [344/455] INTO
[08:42:28] [345/455] ACON
[08:42:29] [346/455] PVPZ
[08:42:30] [347/455] PVHC
[08:42:31] [348/455] KSTK
[08:42:33] [349/455] PVSR
[08:42:34] [350/455] ACTN
[08:42:34] [351/455] FMCN
[08:42:35] 🔄 Identity reset
[08:42:35] 🔄 Identity rotated (every 10 requests)
[08:42:35] 🔄 Retry 1/5 for FMCN in 2.5s
[08:42:35] 🔄 Identity reset
[08:42:38] 🧠 New identity created
[08:42:38] [352/455] PABC
[08:42:39] [353/455] SUTC
[08:42:40] [354/455] PGMV
[08:42:41] [355/455] GKCP
[08:42:42] [356/455] INCH
[08:42:43] [357/455] MLMT
[08:42:44] [358/455] SSCC
[08:42:45] [359/455] SLMP
[08:42:46] [360/455] VVTN
[08:42:47] 🔄 Identity reset
[08:42:47] 🔄 Identity rotated (every 10 requests)
[08:42:47] 🔄 Retry 1/5 for VVTN in 2.6s
[08:42:47] 🔄 Identity reset
[08:42:49] 🧠 New identity created
[08:42:50] [361/455] SBTR
[08:42:51] [362/455] PGRA
[08:42:52] [363/455] PBRM
[08:42:53] [364/455] GCRP
[08:42:54] [365/455] MCSK
[08:42:55] [366/455] NLTC
[08:42:56] [367/455] MTLM
[08:42:56] [368/455] VECT
[08:42:58] [369/455] KMRM
[08:42:58] 🔄 Identity reset
[08:42:58] 🔄 Identity rotated (every 10 requests)
[08:42:58] [370/455] RACM
[08:42:59] [371/455] WSTC
[08:43:00] [372/455] PVTJ
[08:43:01] [373/455] MMKC
[08:43:02] [374/455] SVWT
[08:43:03] [375/455] JOTG
[08:43:05] [376/455] VCDK
[08:43:06] [377/455] ANAC
[08:43:07] [378/455] GRTC
[08:43:08] [379/455] JTPL
[08:43:08] 🔄 Identity reset
[08:43:08] 🔄 Identity rotated (every 10 requests)
[08:43:09] [380/455] VRCP
[08:43:10] [381/455] REMC
[08:43:11] [382/455] ATMG
[08:43:12] [383/455] GAHC
[08:43:13] [384/455] JTMV
[08:43:14] [385/455] OMTT
[08:43:15] [386/455] GKKC
[08:43:16] [387/455] BBPO
[08:43:17] [388/455] ZCBB
[08:43:18] [389/455] DCGO
[08:43:18] 🔄 Identity reset
[08:43:18] 🔄 Identity rotated (every 10 requests)
[08:43:19] [390/455] STOP
[08:43:20] [391/455] BSPC
[08:43:20] [392/455] SOND
[08:43:21] [393/455] GCKG
[08:43:22] [394/455] PCDB
[08:43:23] [395/455] PGRC
[08:43:24] [396/455] CSCT
[08:43:25] [397/455] STDA
[08:43:26] [398/455] JAYD
[08:43:27] [399/455] PPPD
[08:43:28] 🔄 Identity reset
[08:43:28] 🔄 Identity rotated (every 10 requests)
[08:43:29] [400/455] KRTT
[08:43:30] [401/455] PTDT
[08:43:31] [402/455] TRSV
[08:43:32] [403/455] VELR
[08:43:33] [404/455] STDT
[08:43:34] [405/455] SATT
[08:43:35] [406/455] KCPM
[08:43:36] [407/455] MFCP
[08:43:37] [408/455] AXMP
[08:43:38] [409/455] LTVB
[08:43:38] 🔄 Identity reset
[08:43:38] 🔄 Identity rotated (every 10 requests)
[08:43:39] [410/455] APST
[08:43:39] [411/455] DTVP
[08:43:40] [412/455] AAVB
[08:43:41] [413/455] PMBL
[08:43:42] [414/455] STKC
[08:43:43] [415/455] KKMA
[08:43:44] [416/455] NMXS
[08:43:46] [417/455] DECX
[08:43:48] [418/455] MAPJ
[08:43:49] [419/455] SMLK
[08:43:49] 🔄 Identity reset
[08:43:49] 🔄 Identity rotated (every 10 requests)
[08:43:49] 🔄 Retry 1/5 for SMLK in 2.2s
[08:43:49] 🔄 Identity reset
[08:43:51] 🧠 New identity created
[08:43:52] [420/455] PMPU
[08:43:53] [421/455] AFST
[08:43:54] [422/455] SRSY
[08:43:55] [423/455] RMKT
[08:43:56] [424/455] RAJX
[08:43:57] [425/455] UVCD
[08:43:58] [426/455] LISA
[08:43:59] [427/455] LMSR
[08:44:00] [428/455] PMCA
[08:44:00] 🔄 Identity reset
[08:44:00] 🔄 Identity rotated (every 10 requests)
[08:44:01] [429/455] INPO
[08:44:02] [430/455] INGO
[08:44:03] [431/455] HFSQ
[08:44:04] [432/455] INMG
[08:44:05] [433/455] NYCP
[08:44:06] [434/455] HFSV
[08:44:07] [435/455] MMZP
[08:44:08] [436/455] KSES
[08:44:09] [437/455] HFSA
[08:44:10] [438/455] ACMM
[08:44:11] 🔄 Identity reset
[08:44:11] 🔄 Identity rotated (every 10 requests)
[08:44:11] 🔄 Retry 1/5 for ACMM in 2.6s
[08:44:11] 🔄 Identity reset
[08:44:14] 🧠 New identity created
[08:44:14] 🔄 Retry 2/5 for ACMM in 4.8s
[08:44:14] 🔄 Identity reset
[08:44:18] 🧠 New identity created
[08:44:19] [439/455] RCKD
[08:44:20] [440/455] BCKR
[08:44:22] [441/455] SFCO
[08:44:23] [442/455] JCCB
[08:44:24] [443/455] BCCR
[08:44:25] [444/455] NWCB
[08:44:26] [445/455] SAMT
[08:44:27] [446/455] TMST
[08:44:27] 🔄 Identity reset
[08:44:27] 🔄 Identity rotated (every 10 requests)
[08:44:28] [447/455] SJCN
[08:44:30] [448/455] MCBS
[08:44:31] [449/455] CMKR
[08:44:32] [450/455] INPM
[08:44:33] [451/455] WVMT
[08:44:34] [452/455] NYSM
[08:44:35] [453/455] RCMA
[08:44:36] [454/455] RECM
[08:44:37] [455/455] CYCM
[08:44:38] 🧹 Deduping shows
[08:44:38] ✅ DONE | Shows=303 | Movies=25
