[00:13:17] 🚀 BMS DAILY TRACKER STARTED (enhanced anti‑detection)
[00:13:17] [1/459] NECA
[00:13:18] 🧠 New identity created
[00:13:20] [2/459] BJLC
[00:13:21] [3/459] BASU
[00:13:22] [4/459] RUPI
[00:13:23] [5/459] LCBK
[00:13:24] [6/459] PMAC
[00:13:25] [7/459] AMLC
[00:13:26] [8/459] LICL
[00:13:27] [9/459] UDMM
[00:13:28] [10/459] STBZ
[00:13:29] 🔄 Identity reset
[00:13:29] 🔄 Identity rotated (every 10 requests)
[00:13:29] 🔄 Retry 1/5 for STBZ in 2.9s
[00:13:29] 🔄 Identity reset
[00:13:32] 🧠 New identity created
[00:13:33] [11/459] UUBT
[00:13:34] [12/459] SJKC
[00:13:36] [13/459] TUAL
[00:13:37] [14/459] MRSE
[00:13:38] [15/459] RMRK
[00:13:39] [16/459] TTKP
[00:13:40] [17/459] KTKO
[00:13:41] [18/459] SDBK
[00:13:42] [19/459] MCPR
[00:13:43] 🔄 Identity reset
[00:13:43] 🔄 Identity rotated (every 10 requests)
[00:13:44] [20/459] CHTI
[00:13:44] [21/459] GCCP
[00:13:45] [22/459] SRMY
[00:13:47] [23/459] NYST
[00:13:48] [24/459] NYAG
[00:13:49] [25/459] SBMT
[00:13:49] [26/459] INGA
[00:13:51] [27/459] WSIC
[00:13:52] [28/459] SCSS
[00:13:53] [29/459] COPG
[00:13:53] 🔄 Identity reset
[00:13:53] 🔄 Identity rotated (every 10 requests)
[00:13:53] 🔄 Retry 1/5 for COPG in 2.8s
[00:13:53] 🔄 Identity reset
[00:13:56] 🧠 New identity created
[00:13:56] [30/459] RCGR
[00:13:57] [31/459] TCZA
[00:13:58] [32/459] CNLP
[00:13:59] [33/459] CLKN
[00:14:00] [34/459] LHDF
[00:14:01] [35/459] ELKC
[00:14:01] [36/459] VCEM
[00:14:02] [37/459] SSZA
[00:14:03] [38/459] KRMT
[00:14:04] 🔄 Identity reset
[00:14:04] 🔄 Identity rotated (every 10 requests)
[00:14:05] [39/459] LCMV
[00:14:06] [40/459] AYCZ
[00:14:06] [41/459] CUMS
[00:14:08] [42/459] BOCK
[00:14:09] [43/459] PNMR
[00:14:09] [44/459] PJCP
[00:14:10] [45/459] JDDD
[00:14:11] [46/459] STMS
[00:14:12] [47/459] FLMB
[00:14:13] [48/459] PKCM
[00:14:14] 🔄 Identity reset
[00:14:14] 🔄 Identity rotated (every 10 requests)
[00:14:14] 🔄 Retry 1/5 for PKCM in 2.3s
[00:14:14] 🔄 Identity reset
[00:14:16] 🧠 New identity created
[00:14:16] [49/459] SPPR
[00:14:17] [50/459] EYLH
[00:14:18] [51/459] RJCC
[00:14:19] [52/459] MMPS
[00:14:21] [53/459] SHMX
[00:14:22] [54/459] CCNL
[00:14:23] [55/459] RCNV
[00:14:24] [56/459] MAAG
[00:14:25] [57/459] LXCM
[00:14:26] 🔄 Identity reset
[00:14:26] 🔄 Identity rotated (every 10 requests)
[00:14:26] [58/459] RCNI
[00:14:27] [59/459] SNNI
[00:14:28] [60/459] LALC
[00:14:29] [61/459] SOCN
[00:14:29] [62/459] JHTP
[00:14:30] [63/459] PITP
[00:14:31] [64/459] CCKW
[00:14:32] [65/459] MCMC
[00:14:33] [66/459] DEES
[00:14:34] [67/459] SABT
[00:14:35] 🔄 Identity reset
[00:14:35] 🔄 Identity rotated (every 10 requests)
[00:14:35] [68/459] VSPP
[00:14:36] [69/459] ABCT
[00:14:37] [70/459] JVTB
[00:14:38] [71/459] VCBD
[00:14:39] [72/459] RMGG
[00:14:40] [73/459] RNMH
[00:14:41] [74/459] SPGL
[00:14:42] [75/459] JTTR
[00:14:44] [76/459] SICS
[00:14:45] [77/459] SRMI
[00:14:45] 🔄 Identity reset
[00:14:45] 🔄 Identity rotated (every 10 requests)
[00:14:45] 🔄 Retry 1/5 for SRMI in 2.1s
[00:14:45] 🔄 Identity reset
[00:14:47] 🧠 New identity created
[00:14:48] [78/459] SSIJ
[00:14:49] [79/459] KFMT
[00:14:51] [80/459] VBIT
[00:14:51] [81/459] JKCT
[00:14:52] [82/459] GCGP
[00:14:53] [83/459] GDCS
[00:14:54] [84/459] TRBA
[00:14:55] [85/459] QUST
[00:14:56] [86/459] VSHM
[00:14:57] 🔄 Identity reset
[00:14:57] 🔄 Identity rotated (every 10 requests)
[00:14:57] [87/459] SDCP
[00:14:59] [88/459] SNVS
[00:15:00] [89/459] NYTO
[00:15:01] [90/459] URWC
[00:15:02] [91/459] GTWH
[00:15:03] [92/459] PFCM
[00:15:04] [93/459] KRTA
[00:15:05] [94/459] AXMC
[00:15:06] [95/459] EVMC
[00:15:07] [96/459] HGSM
[00:15:08] 🔄 Identity reset
[00:15:08] 🔄 Identity rotated (every 10 requests)
[00:15:08] 🔄 Retry 1/5 for HGSM in 2.9s
[00:15:08] 🔄 Identity reset
[00:15:11] 🧠 New identity created
[00:15:11] [97/459] ACVM
[00:15:12] [98/459] PSKL
[00:15:14] [99/459] RDMP
[00:15:14] [100/459] RHGH
[00:15:16] [101/459] OMCM
[00:15:17] [102/459] DCCP
[00:15:18] [103/459] MCPB
[00:15:19] [104/459] ALCI
[00:15:20] [105/459] BLMX
[00:15:21] 🔄 Identity reset
[00:15:21] 🔄 Identity rotated (every 10 requests)
[00:15:21] [106/459] BTMV
[00:15:23] [107/459] FVPN
[00:15:24] [108/459] CMAR
[00:15:25] [109/459] CEIM
[00:15:26] [110/459] CMVA
[00:15:27] [111/459] CPIV
[00:15:28] [112/459] CNPE
[00:15:29] [113/459] COLV
[00:15:30] [114/459] DNNV
[00:15:31] [115/459] HCAD
[00:15:32] 🔄 Identity reset
[00:15:32] 🔄 Identity rotated (every 10 requests)
[00:15:32] [116/459] TAKA
[00:15:34] [117/459] INVD
[00:15:35] [118/459] IRMM
[00:15:36] [119/459] INSE
[00:15:37] [120/459] MRSW
[00:15:38] [121/459] MCVD
[00:15:40] [122/459] MCSO
[00:15:41] [123/459] PEVM
[00:15:42] [124/459] PVNL
[00:15:43] [125/459] PTCV
[00:15:44] 🔄 Identity reset
[00:15:44] 🔄 Identity rotated (every 10 requests)
[00:15:44] [126/459] PRTC
[00:15:45] [127/459] RCVA
[00:15:46] [128/459] MTBN
[00:15:47] [129/459] LUCP
[00:15:48] [130/459] FMPT
[00:15:48] [131/459] JLSL
[00:15:51] [132/459] SBHA
[00:15:51] [133/459] SHRC
[00:15:53] [134/459] AVPS
[00:15:54] [135/459] STPM
[00:15:55] 🔄 Identity reset
[00:15:55] 🔄 Identity rotated (every 10 requests)
[00:15:55] 🔄 Retry 1/5 for STPM in 3.0s
[00:15:55] 🔄 Identity reset
[00:15:58] 🧠 New identity created
[00:15:59] [136/459] ATRD
[00:16:00] [137/459] VTED
[00:16:00] [138/459] ACAI
[00:16:01] [139/459] SMAE
[00:16:02] [140/459] VMAT
[00:16:03] [141/459] LKCT
[00:16:04] [142/459] JTVK
[00:16:05] [143/459] PRTY
[00:16:06] [144/459] GETT
[00:16:06] 🔄 Identity reset
[00:16:06] 🔄 Identity rotated (every 10 requests)
[00:16:06] 🔄 Retry 1/5 for GETT in 2.0s
[00:16:06] 🔄 Identity reset
[00:16:08] 🧠 New identity created
[00:16:09] [145/459] ESAP
[00:16:09] [146/459] NCPM
[00:16:11] [147/459] PCPA
[00:16:12] [148/459] MMOM
[00:16:13] [149/459] PHUP
[00:16:14] [150/459] CCPI
[00:16:15] [151/459] CNTD
[00:16:16] [152/459] NLJR
[00:16:17] [153/459] SRNG
[00:16:17] 🔄 Identity reset
[00:16:17] 🔄 Identity rotated (every 10 requests)
[00:16:17] 🔄 Retry 1/5 for SRNG in 2.3s
[00:16:17] 🔄 Identity reset
[00:16:19] 🧠 New identity created
[00:16:20] [154/459] MHAL
[00:16:21] [155/459] PNSM
[00:16:22] [156/459] DRMY
[00:16:23] [157/459] CCMU
[00:16:24] [158/459] SCMY
[00:16:25] [159/459] PVSY
[00:16:26] [160/459] SDLM
[00:16:27] [161/459] ICCM
[00:16:28] [162/459] PYSU
[00:16:28] 🔄 Identity reset
[00:16:28] 🔄 Identity rotated (every 10 requests)
[00:16:29] [163/459] GATM
[00:16:29] [164/459] WOTM
[00:16:30] [165/459] RKTS
[00:16:32] [166/459] PMTY
[00:16:33] [167/459] LYMS
[00:16:34] [168/459] TGCA
[00:16:35] [169/459] DSTA
[00:16:36] [170/459] CNGE
[00:16:37] [171/459] VSTG
[00:16:38] [172/459] GTCK
[00:16:39] 🔄 Identity reset
[00:16:39] 🔄 Identity rotated (every 10 requests)
[00:16:39] [173/459] TGNT
[00:16:40] [174/459] ASLC
[00:16:41] [175/459] SSST
[00:16:42] [176/459] KBTT
[00:16:43] [177/459] HKCP
[00:16:43] [178/459] SWLC
[00:16:44] [179/459] RTND
[00:16:46] [180/459] PKKT
[00:16:47] [181/459] HSTK
[00:16:49] [182/459] SPTT
[00:16:49] 🔄 Identity reset
[00:16:49] 🔄 Identity rotated (every 10 requests)
[00:16:50] 🔄 Retry 1/5 for SPTT in 2.5s
[00:16:50] 🔄 Identity reset
[00:16:52] 🧠 New identity created
[00:16:52] [183/459] IMPM
[00:16:53] [184/459] SCMV
[00:16:54] [185/459] SPCT
[00:16:55] [186/459] JBCA
[00:16:57] [187/459] ATTR
[00:16:58] [188/459] SPMT
[00:16:59] [189/459] LCTM
[00:17:00] [190/459] SCVL
[00:17:01] [191/459] SCVT
[00:17:02] 🔄 Identity reset
[00:17:02] 🔄 Identity rotated (every 10 requests)
[00:17:02] [192/459] KRIC
[00:17:03] [193/459] CTMG
[00:17:04] [194/459] ACNC
[00:17:05] [195/459] DMCK
[00:17:06] [196/459] KMTV
[00:17:07] [197/459] PFCJ
[00:17:08] [198/459] VNMD
[00:17:09] [199/459] VPCZ
[00:17:10] [200/459] SRYR
[00:17:11] [201/459] SYTR
[00:17:11] 🔄 Identity reset
[00:17:11] 🔄 Identity rotated (every 10 requests)
[00:17:11] [202/459] GATR
[00:17:13] [203/459] URTR
[00:17:14] [204/459] MKSM
[00:17:15] [205/459] VSMH
[00:17:15] [206/459] SKRJ
[00:17:16] [207/459] SSJR
[00:17:17] [208/459] SVSM
[00:17:18] [209/459] RUCM
[00:17:19] [210/459] PRKN
[00:17:20] [211/459] RROH
[00:17:21] 🔄 Identity reset
[00:17:21] 🔄 Identity rotated (every 10 requests)
[00:17:21] 🔄 Retry 1/5 for RROH in 2.4s
[00:17:21] 🔄 Identity reset
[00:17:23] 🧠 New identity created
[00:17:23] 🔄 Retry 2/5 for RROH in 4.5s
[00:17:23] 🔄 Identity reset
[00:17:28] 🧠 New identity created
[00:17:29] [212/459] SCTN
[00:17:30] [213/459] RTDM
[00:17:32] [214/459] ASRM
[00:17:32] [215/459] SKMD
[00:17:33] [216/459] SUTD
[00:17:34] [217/459] SADM
[00:17:35] [218/459] WCNR
[00:17:36] [219/459] CNED
[00:17:37] 🔄 Identity reset
[00:17:37] 🔄 Identity rotated (every 10 requests)
[00:17:37] 🔄 Retry 1/5 for CNED in 2.1s
[00:17:37] 🔄 Identity reset
[00:17:39] 🧠 New identity created
[00:17:39] [220/459] MPDB
[00:17:40] [221/459] KTBH
[00:17:41] [222/459] IDRM
[00:17:42] [223/459] PJJT
[00:17:43] [224/459] PFCV
[00:17:44] [225/459] AACT
[00:17:45] [226/459] AAAD
[00:17:47] [227/459] ANES
[00:17:49] [228/459] MNCA
[00:17:49] 🔄 Identity reset
[00:17:49] 🔄 Identity rotated (every 10 requests)
[00:17:50] [229/459] RMGU
[00:17:51] [230/459] DLCN
[00:17:52] [231/459] LJWT
[00:17:54] [232/459] MCBG
[00:17:55] [233/459] MYBG
[00:17:56] [234/459] GCCA
[00:17:56] [235/459] GCGA
[00:17:57] [236/459] ECGN
[00:17:58] [237/459] PRAB
[00:17:59] [238/459] PNMP
[00:17:59] 🔄 Identity reset
[00:17:59] 🔄 Identity rotated (every 10 requests)
[00:18:00] [239/459] GCPT
[00:18:01] [240/459] ROYN
[00:18:02] [241/459] VATM
[00:18:03] [242/459] KSNT
[00:18:03] [243/459] ACTC
[00:18:05] [244/459] PLTD
[00:18:06] [245/459] SKMK
[00:18:07] [246/459] CMTT
[00:18:08] [247/459] SMXP
[00:18:09] [248/459] SCMX
[00:18:09] 🔄 Identity reset
[00:18:09] 🔄 Identity rotated (every 10 requests)
[00:18:09] 🔄 Retry 1/5 for SCMX in 2.2s
[00:18:09] 🔄 Identity reset
[00:18:12] 🧠 New identity created
[00:18:12] [249/459] ACXN
[00:18:13] [250/459] ASWT
[00:18:14] [251/459] VVVL
[00:18:15] [252/459] NAGO
[00:18:16] [253/459] SNCN
[00:18:16] [254/459] MCKP
[00:18:17] [255/459] SAMO
[00:18:19] [256/459] JBTV
[00:18:20] [257/459] DCVV
[00:18:21] 🔄 Identity reset
[00:18:21] 🔄 Identity rotated (every 10 requests)
[00:18:21] [258/459] KMSV
[00:18:22] [259/459] KDCN
[00:18:23] [260/459] CNCP
[00:18:24] [261/459] HAMC
[00:18:25] [262/459] CCVZ
[00:18:26] [263/459] NCCK
[00:18:27] [264/459] MCHR
[00:18:29] [265/459] SCHT
[00:18:30] [266/459] ESSH
[00:18:31] [267/459] CUJC
[00:18:31] 🔄 Identity reset
[00:18:31] 🔄 Identity rotated (every 10 requests)
[00:18:32] [268/459] PECP
[00:18:33] [269/459] PMMI
[00:18:33] [270/459] PCCH
[00:18:34] [271/459] PRPM
[00:18:36] [272/459] PVKL
[00:18:36] [273/459] CBSM
[00:18:37] [274/459] PVCZ
[00:18:38] [275/459] PCVV
[00:18:40] [276/459] CTMJ
[00:18:40] [277/459] RCPS
[00:18:41] 🔄 Identity reset
[00:18:41] 🔄 Identity rotated (every 10 requests)
[00:18:41] [278/459] PCIT
[00:18:42] [279/459] FNCH
[00:18:44] [280/459] INZD
[00:18:45] [281/459] INPC
[00:18:46] [282/459] LCZP
[00:18:47] [283/459] SMCB
[00:18:48] [284/459] PTSB
[00:18:49] [285/459] TPSI
[00:18:50] [286/459] KHMJ
[00:18:51] [287/459] RCCJ
[00:18:52] 🔄 Identity reset
[00:18:52] 🔄 Identity rotated (every 10 requests)
[00:18:52] [288/459] NCJA
[00:18:53] [289/459] NCJN
[00:18:54] [290/459] BTDP
[00:18:55] [291/459] PADY
[00:18:56] [292/459] NYBH
[00:18:57] [293/459] MTBR
[00:18:58] [294/459] KRBC
[00:18:59] [295/459] DKTI
[00:19:00] [296/459] ANAN
[00:19:01] [297/459] INBP
[00:19:01] 🔄 Identity reset
[00:19:01] 🔄 Identity rotated (every 10 requests)
[00:19:02] [298/459] PATB
[00:19:03] [299/459] RGNT
[00:19:04] [300/459] CGPM
[00:19:04] [301/459] INTN
[00:19:05] [302/459] MCMP
[00:19:06] [303/459] ASRG
[00:19:07] [304/459] CXJD
[00:19:08] [305/459] SPCP
[00:19:09] [306/459] CSTP
[00:19:10] [307/459] PKVC
[00:19:11] 🔄 Identity reset
[00:19:11] 🔄 Identity rotated (every 10 requests)
[00:19:12] [308/459] ESCP
[00:19:13] [309/459] CAEP
[00:19:14] [310/459] CCSP
[00:19:15] [311/459] KTPC
[00:19:16] [312/459] DACA
[00:19:17] [313/459] NVKY
[00:19:18] [314/459] PTIN
[00:19:18] [315/459] SCIN
[00:19:19] [316/459] MCTY
[00:19:20] [317/459] PCMX
[00:19:21] 🔄 Identity reset
[00:19:21] 🔄 Identity rotated (every 10 requests)
[00:19:21] [318/459] INIC
[00:19:22] [319/459] MMZM
[00:19:23] [320/459] SSLP
[00:19:24] [321/459] DTDT
[00:19:25] [322/459] FFCX
[00:19:26] [323/459] RCMM
[00:19:28] [324/459] KYID
[00:19:28] [325/459] CSCI
[00:19:30] [326/459] FCMC
[00:19:31] [327/459] MMXI
[00:19:31] 🔄 Identity reset
[00:19:31] 🔄 Identity rotated (every 10 requests)
[00:19:32] [328/459] ASTC
[00:19:33] [329/459] CMRA
[00:19:34] [330/459] DICI
[00:19:35] [331/459] KDIN
[00:19:36] [332/459] PRFI
[00:19:37] [333/459] SVFC
[00:19:39] [334/459] UCPL
[00:19:39] [335/459] COOC
[00:19:40] [336/459] SCAL
[00:19:41] [337/459] SVFF
[00:19:42] 🔄 Identity reset
[00:19:42] 🔄 Identity rotated (every 10 requests)
[00:19:42] 🔄 Retry 1/5 for SVFF in 2.4s
[00:19:42] 🔄 Identity reset
[00:19:44] 🧠 New identity created
[00:19:45] [338/459] VCMG
[00:19:46] [339/459] UUCT
[00:19:46] [340/459] GCSE
[00:19:47] [341/459] SUSC
[00:19:48] [342/459] MISC
[00:19:50] [343/459] RMBL
[00:19:51] [344/459] CMXN
[00:19:52] [345/459] PVBK
[00:19:53] [346/459] HHCG
[00:19:54] 🔄 Identity reset
[00:19:54] 🔄 Identity rotated (every 10 requests)
[00:19:54] [347/459] SCAG
[00:19:55] [348/459] CNPR
[00:19:56] [349/459] CSER
[00:19:57] [350/459] HLWD
[00:19:58] [351/459] BOLY
[00:19:59] [352/459] SSPG
[00:20:00] [353/459] MUPX
[00:20:01] [354/459] HAMR
[00:20:02] [355/459] SDNC
[00:20:04] [356/459] RTEN
[00:20:04] 🔄 Identity reset
[00:20:04] 🔄 Identity rotated (every 10 requests)
[00:20:05] [357/459] SDTD
[00:20:06] [358/459] KAWS
[00:20:06] [359/459] CMZX
[00:20:07] [360/459] DCDD
[00:20:08] [361/459] ALSN
[00:20:09] [362/459] IMXS
[00:20:11] [363/459] PVFF
[00:20:12] [364/459] PVOO
[00:20:13] [365/459] CFBS
[00:20:14] [366/459] PVER
[00:20:15] 🔄 Identity reset
[00:20:15] 🔄 Identity rotated (every 10 requests)
[00:20:15] [367/459] PPNX
[00:20:16] [368/459] CNRM
[00:20:17] [369/459] PVWW
[00:20:18] [370/459] INMB
[00:20:19] [371/459] CPJR
[00:20:21] [372/459] INRZ
[00:20:22] [373/459] PMSR
[00:20:23] [374/459] GPGM
[00:20:23] [375/459] PGWB
[00:20:24] [376/459] PMBR
[00:20:25] 🔄 Identity reset
[00:20:25] 🔄 Identity rotated (every 10 requests)
[00:20:26] [377/459] GPAM
[00:20:28] [378/459] INBC
[00:20:29] [379/459] PZVK
[00:20:30] [380/459] CPEB
[00:20:31] [381/459] FMLB
[00:20:32] [382/459] INBG
[00:20:33] [383/459] GPBR
[00:20:33] [384/459] PAAS
[00:20:36] [385/459] VTBR
[00:20:37] [386/459] GPMY
[00:20:37] 🔄 Identity reset
[00:20:37] 🔄 Identity rotated (every 10 requests)
[00:20:38] [387/459] GYBU
[00:20:39] [388/459] INBJ
[00:20:40] [389/459] LKTH
[00:20:41] [390/459] NSBR
[00:20:42] [391/459] PDRD
[00:20:43] [392/459] VRBL
[00:20:44] [393/459] VTGB
[00:20:44] [394/459] VTSK
[00:20:45] [395/459] BKDV
[00:20:46] [396/459] SVTB
[00:20:47] 🔄 Identity reset
[00:20:47] 🔄 Identity rotated (every 10 requests)
[00:20:47] [397/459] MLDT
[00:20:48] [398/459] NRBL
[00:20:49] [399/459] SLTR
[00:20:50] [400/459] VNKA
[00:20:51] [401/459] TDCA
[00:20:52] [402/459] INBM
[00:20:53] [403/459] SSNR
[00:20:54] [404/459] BHAC
[00:20:55] [405/459] SDSD
[00:20:56] [406/459] SAMP
[00:20:56] 🔄 Identity reset
[00:20:56] 🔄 Identity rotated (every 10 requests)
[00:20:57] [407/459] RATK
[00:20:58] [408/459] KCBI
[00:20:59] [409/459] URBL
[00:21:00] [410/459] MKBG
[00:21:01] [411/459] ASTB
[00:21:02] [412/459] VBWT
[00:21:03] [413/459] GPSM
[00:21:04] [414/459] ROON
[00:21:05] [415/459] CHTH
[00:21:07] [416/459] SSPA
[00:21:07] 🔄 Identity reset
[00:21:07] 🔄 Identity rotated (every 10 requests)
[00:21:07] [417/459] ANBL
[00:21:08] [418/459] VTBE
[00:21:10] [419/459] SVKT
[00:21:11] [420/459] SVYK
[00:21:11] [421/459] PTBK
[00:21:12] [422/459] RKTB
[00:21:13] [423/459] BALT
[00:21:14] [424/459] STSV
[00:21:15] [425/459] VCCB
[00:21:16] [426/459] SLTB
[00:21:16] 🔄 Identity reset
[00:21:16] 🔄 Identity rotated (every 10 requests)
[00:21:18] [427/459] SBCR
[00:21:18] [428/459] VDCS
[00:21:19] [429/459] MDKI
[00:21:20] [430/459] SMRN
[00:21:21] [431/459] PTBC
[00:21:22] [432/459] RADI
[00:21:24] [433/459] ADCR
[00:21:24] [434/459] SDCS
[00:21:25] [435/459] SRPJ
[00:21:26] [436/459] ARTS
[00:21:27] 🔄 Identity reset
[00:21:27] 🔄 Identity rotated (every 10 requests)
[00:21:27] [437/459] SRHK
[00:21:28] [438/459] SPAY
[00:21:29] [439/459] GPTB
[00:21:30] [440/459] SNNN
[00:21:31] [441/459] BALJ
[00:21:32] [442/459] TRIG
[00:21:33] [443/459] GTYT
[00:21:33] [444/459] ATGN
[00:21:34] [445/459] ANTE
[00:21:35] [446/459] BDCG
[00:21:36] 🔄 Identity reset
[00:21:36] 🔄 Identity rotated (every 10 requests)
[00:21:36] [447/459] VECI
[00:21:37] [448/459] SCPR
[00:21:38] [449/459] RTEA
[00:21:39] [450/459] JSAI
[00:21:40] [451/459] VJTP
[00:21:41] [452/459] GNDS
[00:21:41] [453/459] PAXA
[00:21:42] [454/459] CGGM
[00:21:43] [455/459] ACKZ
[00:21:44] [456/459] EMCC
[00:21:45] 🔄 Identity reset
[00:21:45] 🔄 Identity rotated (every 10 requests)
[00:21:45] [457/459] KLSK
[00:21:46] [458/459] AVCK
[00:21:47] [459/459] JTCK
[00:21:48] ✅ DONE | Shows=0 | Movies=0
[01:01:44] 🚀 BMS DAILY TRACKER STARTED (enhanced anti‑detection)
[01:01:44] [1/459] NECA
[01:01:45] 🧠 New identity created
[01:01:45] [2/459] BJLC
[01:01:46] [3/459] BASU
[01:01:47] [4/459] RUPI
[01:01:48] [5/459] LCBK
[01:01:49] [6/459] PMAC
[01:01:50] [7/459] AMLC
[01:01:51] [8/459] LICL
[01:01:52] [9/459] UDMM
[01:01:53] [10/459] STBZ
[01:01:54] 🔄 Identity reset
[01:01:54] 🔄 Identity rotated (every 10 requests)
[01:01:54] [11/459] UUBT
[01:01:55] [12/459] SJKC
[01:01:56] [13/459] TUAL
[01:01:57] [14/459] MRSE
[01:01:58] [15/459] RMRK
[01:01:58] [16/459] TTKP
[01:01:59] [17/459] KTKO
[01:02:00] [18/459] SDBK
[01:02:01] [19/459] MCPR
[01:02:02] [20/459] CHTI
[01:02:03] 🔄 Identity reset
[01:02:03] 🔄 Identity rotated (every 10 requests)
[01:02:03] 🔄 Retry 1/5 for CHTI in 2.8s
[01:02:03] 🔄 Identity reset
[01:02:06] 🧠 New identity created
[01:02:06] [21/459] GCCP
[01:02:07] [22/459] SRMY
[01:02:08] [23/459] NYST
[01:02:09] [24/459] NYAG
[01:02:09] [25/459] SBMT
[01:02:10] [26/459] INGA
[01:02:11] [27/459] WSIC
[01:02:12] [28/459] SCSS
[01:02:13] [29/459] COPG
[01:02:13] 🔄 Identity reset
[01:02:13] 🔄 Identity rotated (every 10 requests)
[01:02:14] 🔄 Retry 1/5 for COPG in 2.5s
[01:02:14] 🔄 Identity reset
[01:02:16] 🧠 New identity created
[01:02:16] 🔄 Retry 2/5 for COPG in 4.9s
[01:02:16] 🔄 Identity reset
[01:02:21] 🧠 New identity created
[01:02:22] [30/459] RCGR
[01:02:23] [31/459] TCZA
[01:02:24] [32/459] CNLP
[01:02:25] [33/459] CLKN
[01:02:26] [34/459] LHDF
[01:02:27] [35/459] ELKC
[01:02:28] [36/459] VCEM
[01:02:28] [37/459] SSZA
[01:02:29] 🔄 Identity reset
[01:02:29] 🔄 Identity rotated (every 10 requests)
[01:02:29] [38/459] KRMT
[01:02:30] [39/459] LCMV
[01:02:31] [40/459] AYCZ
[01:02:32] [41/459] CUMS
[01:02:33] [42/459] BOCK
[01:02:34] [43/459] PNMR
[01:02:35] [44/459] PJCP
[01:02:36] [45/459] JDDD
[01:02:36] [46/459] STMS
[01:02:38] [47/459] FLMB
[01:02:38] 🔄 Identity reset
[01:02:38] 🔄 Identity rotated (every 10 requests)
[01:02:39] [48/459] PKCM
[01:02:40] [49/459] SPPR
[01:02:41] [50/459] EYLH
[01:02:42] [51/459] RJCC
[01:02:42] [52/459] MMPS
[01:02:43] [53/459] SHMX
[01:02:44] [54/459] CCNL
[01:02:45] [55/459] RCNV
[01:02:46] [56/459] MAAG
[01:02:47] [57/459] LXCM
[01:02:47] 🔄 Identity reset
[01:02:47] 🔄 Identity rotated (every 10 requests)
[01:02:48] [58/459] RCNI
[01:02:48] [59/459] SNNI
[01:02:49] [60/459] LALC
[01:02:50] [61/459] SOCN
[01:02:52] [62/459] JHTP
[01:02:53] [63/459] PITP
[01:02:54] [64/459] CCKW
[01:02:54] [65/459] MCMC
[01:02:55] [66/459] DEES
[01:02:57] [67/459] SABT
[01:02:57] 🔄 Identity reset
[01:02:57] 🔄 Identity rotated (every 10 requests)
[01:02:57] 🔄 Retry 1/5 for SABT in 2.9s
[01:02:57] 🔄 Identity reset
[01:03:00] 🧠 New identity created
[01:03:00] 🔄 Retry 2/5 for SABT in 4.9s
[01:03:00] 🔄 Identity reset
[01:03:05] 🧠 New identity created
[01:03:05] 🔄 Retry 3/5 for SABT in 8.3s
[01:03:05] 🔄 Identity reset
[01:03:13] 🧠 New identity created
[01:03:14] 🔄 Retry 4/5 for SABT in 16.4s
[01:03:14] 🔄 Identity reset
[01:03:30] 🧠 New identity created
[01:03:30] [68/459] VSPP
[01:03:31] [69/459] ABCT
[01:03:32] [70/459] JVTB
[01:03:33] [71/459] VCBD
[01:03:34] [72/459] RMGG
[01:03:35] [73/459] RNMH
[01:03:35] 🔄 Identity reset
[01:03:35] 🔄 Identity rotated (every 10 requests)
[01:03:35] [74/459] SPGL
[01:03:36] [75/459] JTTR
[01:03:37] [76/459] SICS
[01:03:38] [77/459] SRMI
[01:03:39] [78/459] SSIJ
[01:03:41] [79/459] KFMT
[01:03:41] [80/459] VBIT
[01:03:42] [81/459] JKCT
[01:03:43] [82/459] GCGP
[01:03:44] [83/459] GDCS
[01:03:45] 🔄 Identity reset
[01:03:45] 🔄 Identity rotated (every 10 requests)
[01:03:45] 🔄 Retry 1/5 for GDCS in 2.4s
[01:03:45] 🔄 Identity reset
[01:03:47] 🧠 New identity created
[01:03:48] [84/459] TRBA
[01:03:48] [85/459] QUST
[01:03:49] [86/459] VSHM
[01:03:50] [87/459] SDCP
[01:03:51] [88/459] SNVS
[01:03:52] [89/459] NYTO
[01:03:53] [90/459] URWC
[01:03:54] [91/459] GTWH
[01:03:55] [92/459] PFCM
[01:03:56] 🔄 Identity reset
[01:03:56] 🔄 Identity rotated (every 10 requests)
[01:03:56] [93/459] KRTA
[01:03:57] [94/459] AXMC
[01:03:58] [95/459] EVMC
[01:03:59] [96/459] HGSM
[01:04:00] [97/459] ACVM
[01:04:01] [98/459] PSKL
[01:04:02] [99/459] RDMP
[01:04:03] [100/459] RHGH
[01:04:04] [101/459] OMCM
[01:04:05] [102/459] DCCP
[01:04:05] 🔄 Identity reset
[01:04:05] 🔄 Identity rotated (every 10 requests)
[01:04:06] [103/459] MCPB
[01:04:07] [104/459] ALCI
[01:04:07] [105/459] BLMX
[01:04:08] [106/459] BTMV
[01:04:09] [107/459] FVPN
[01:04:10] [108/459] CMAR
[01:04:11] [109/459] CEIM
[01:04:12] [110/459] CMVA
[01:04:13] [111/459] CPIV
[01:04:14] [112/459] CNPE
[01:04:14] 🔄 Identity reset
[01:04:14] 🔄 Identity rotated (every 10 requests)
[01:04:15] [113/459] COLV
[01:04:16] [114/459] DNNV
[01:04:18] [115/459] HCAD
[01:04:19] [116/459] TAKA
[01:04:19] [117/459] INVD
[01:04:20] [118/459] IRMM
[01:04:21] [119/459] INSE
[01:04:22] [120/459] MRSW
[01:04:23] [121/459] MCVD
[01:04:23] [122/459] MCSO
[01:04:24] 🔄 Identity reset
[01:04:24] 🔄 Identity rotated (every 10 requests)
[01:04:25] [123/459] PEVM
[01:04:26] [124/459] PVNL
[01:04:27] [125/459] PTCV
[01:04:28] [126/459] PRTC
[01:04:29] [127/459] RCVA
[01:04:30] [128/459] MTBN
[01:04:30] [129/459] LUCP
[01:04:31] [130/459] FMPT
[01:04:32] [131/459] JLSL
[01:04:33] [132/459] SBHA
[01:04:34] 🔄 Identity reset
[01:04:34] 🔄 Identity rotated (every 10 requests)
[01:04:34] 🔄 Retry 1/5 for SBHA in 2.1s
[01:04:34] 🔄 Identity reset
[01:04:36] 🧠 New identity created
[01:04:36] 🔄 Retry 2/5 for SBHA in 4.6s
[01:04:36] 🔄 Identity reset
[01:04:41] 🧠 New identity created
[01:04:41] [133/459] SHRC
[01:04:43] [134/459] AVPS
[01:04:43] [135/459] STPM
[01:04:44] [136/459] ATRD
[01:04:45] [137/459] VTED
[01:04:46] [138/459] ACAI
[01:04:47] [139/459] SMAE
[01:04:48] [140/459] VMAT
[01:04:48] 🔄 Identity reset
[01:04:48] 🔄 Identity rotated (every 10 requests)
[01:04:49] [141/459] LKCT
[01:04:49] [142/459] JTVK
[01:04:50] [143/459] PRTY
[01:04:51] [144/459] GETT
[01:04:52] [145/459] ESAP
[01:04:53] [146/459] NCPM
[01:04:54] [147/459] PCPA
[01:04:55] [148/459] MMOM
[01:04:56] [149/459] PHUP
[01:04:57] [150/459] CCPI
[01:04:58] 🔄 Identity reset
[01:04:58] 🔄 Identity rotated (every 10 requests)
[01:04:58] [151/459] CNTD
[01:04:59] [152/459] NLJR
[01:05:00] [153/459] SRNG
[01:05:01] [154/459] MHAL
[01:05:02] [155/459] PNSM
[01:05:03] [156/459] DRMY
[01:05:04] [157/459] CCMU
[01:05:05] [158/459] SCMY
[01:05:06] [159/459] PVSY
[01:05:06] [160/459] SDLM
[01:05:07] 🔄 Identity reset
[01:05:07] 🔄 Identity rotated (every 10 requests)
[01:05:07] 🔄 Retry 1/5 for SDLM in 2.8s
[01:05:07] 🔄 Identity reset
[01:05:10] 🧠 New identity created
[01:05:10] [161/459] ICCM
[01:05:12] [162/459] PYSU
[01:05:12] [163/459] GATM
[01:05:13] [164/459] WOTM
[01:05:14] [165/459] RKTS
[01:05:15] [166/459] PMTY
[01:05:16] [167/459] LYMS
[01:05:16] [168/459] TGCA
[01:05:17] [169/459] DSTA
[01:05:18] 🔄 Identity reset
[01:05:18] 🔄 Identity rotated (every 10 requests)
[01:05:18] [170/459] CNGE
[01:05:19] [171/459] VSTG
[01:05:20] [172/459] GTCK
[01:05:21] [173/459] TGNT
[01:05:22] [174/459] ASLC
[01:05:23] [175/459] SSST
[01:05:24] [176/459] KBTT
[01:05:25] [177/459] HKCP
[01:05:26] [178/459] SWLC
[01:05:27] [179/459] RTND
[01:05:27] 🔄 Identity reset
[01:05:28] 🔄 Identity rotated (every 10 requests)
[01:05:28] [180/459] PKKT
[01:05:29] [181/459] HSTK
[01:05:30] [182/459] SPTT
[01:05:30] [183/459] IMPM
[01:05:31] [184/459] SCMV
[01:05:32] [185/459] SPCT
[01:05:33] [186/459] JBCA
[01:05:34] [187/459] ATTR
[01:05:35] [188/459] SPMT
[01:05:36] [189/459] LCTM
[01:05:36] 🔄 Identity reset
[01:05:36] 🔄 Identity rotated (every 10 requests)
[01:05:36] 🔄 Retry 1/5 for LCTM in 2.7s
[01:05:36] 🔄 Identity reset
[01:05:39] 🧠 New identity created
[01:05:40] [190/459] SCVL
[01:05:41] [191/459] SCVT
[01:05:42] [192/459] KRIC
[01:05:42] [193/459] CTMG
[01:05:43] [194/459] ACNC
[01:05:44] [195/459] DMCK
[01:05:46] [196/459] KMTV
[01:05:47] [197/459] PFCJ
[01:05:48] [198/459] VNMD
[01:05:48] 🔄 Identity reset
[01:05:48] 🔄 Identity rotated (every 10 requests)
[01:05:48] 🔄 Retry 1/5 for VNMD in 2.5s
[01:05:48] 🔄 Identity reset
[01:05:51] 🧠 New identity created
[01:05:51] [199/459] VPCZ
[01:05:52] [200/459] SRYR
[01:05:53] [201/459] SYTR
[01:05:54] [202/459] GATR
[01:05:55] [203/459] URTR
[01:05:56] [204/459] MKSM
[01:05:57] [205/459] VSMH
[01:05:58] [206/459] SKRJ
[01:05:59] [207/459] SSJR
[01:06:00] 🔄 Identity reset
[01:06:00] 🔄 Identity rotated (every 10 requests)
[01:06:01] [208/459] SVSM
[01:06:02] [209/459] RUCM
[01:06:03] [210/459] PRKN
[01:06:04] [211/459] RROH
[01:06:04] [212/459] SCTN
[01:06:05] [213/459] RTDM
[01:06:07] [214/459] ASRM
[01:06:08] [215/459] SKMD
[01:06:09] [216/459] SUTD
[01:06:10] [217/459] SADM
[01:06:10] 🔄 Identity reset
[01:06:10] 🔄 Identity rotated (every 10 requests)
[01:06:11] [218/459] WCNR
[01:06:13] [219/459] CNED
[01:06:14] [220/459] MPDB
[01:06:14] [221/459] KTBH
[01:06:15] [222/459] IDRM
[01:06:16] [223/459] PJJT
[01:06:18] [224/459] PFCV
[01:06:19] [225/459] AACT
[01:06:20] [226/459] AAAD
[01:06:21] [227/459] ANES
[01:06:21] 🔄 Identity reset
[01:06:21] 🔄 Identity rotated (every 10 requests)
[01:06:21] [228/459] MNCA
[01:06:22] [229/459] RMGU
[01:06:24] [230/459] DLCN
[01:06:25] [231/459] LJWT
[01:06:26] [232/459] MCBG
[01:06:27] [233/459] MYBG
[01:06:27] [234/459] GCCA
[01:06:28] [235/459] GCGA
[01:06:29] [236/459] ECGN
[01:06:30] [237/459] PRAB
[01:06:31] 🔄 Identity reset
[01:06:31] 🔄 Identity rotated (every 10 requests)
[01:06:31] [238/459] PNMP
[01:06:32] [239/459] GCPT
[01:06:33] [240/459] ROYN
[01:06:34] [241/459] VATM
[01:06:35] [242/459] KSNT
[01:06:36] [243/459] ACTC
[01:06:36] [244/459] PLTD
[01:06:37] [245/459] SKMK
[01:06:38] [246/459] CMTT
[01:06:39] [247/459] SMXP
[01:06:40] 🔄 Identity reset
[01:06:40] 🔄 Identity rotated (every 10 requests)
[01:06:40] 🔄 Retry 1/5 for SMXP in 2.3s
[01:06:40] 🔄 Identity reset
[01:06:42] 🧠 New identity created
[01:06:42] [248/459] SCMX
[01:06:43] [249/459] ACXN
[01:06:44] [250/459] ASWT
[01:06:45] [251/459] VVVL
[01:06:46] [252/459] NAGO
[01:06:47] [253/459] SNCN
[01:06:48] [254/459] MCKP
[01:06:49] [255/459] SAMO
[01:06:50] [256/459] JBTV
[01:06:50] 🔄 Identity reset
[01:06:50] 🔄 Identity rotated (every 10 requests)
[01:06:50] 🔄 Retry 1/5 for JBTV in 2.0s
[01:06:50] 🔄 Identity reset
[01:06:52] 🧠 New identity created
[01:06:53] [257/459] DCVV
[01:06:54] [258/459] KMSV
[01:06:55] [259/459] KDCN
[01:06:56] [260/459] CNCP
[01:06:57] [261/459] HAMC
[01:06:58] [262/459] CCVZ
[01:06:59] [263/459] NCCK
[01:07:00] [264/459] MCHR
[01:07:01] [265/459] SCHT
[01:07:02] 🔄 Identity reset
[01:07:02] 🔄 Identity rotated (every 10 requests)
[01:07:02] [266/459] ESSH
[01:07:03] [267/459] CUJC
[01:07:04] [268/459] PECP
[01:07:05] [269/459] PMMI
[01:07:06] [270/459] PCCH
[01:07:06] [271/459] PRPM
[01:07:07] [272/459] PVKL
[01:07:08] [273/459] CBSM
[01:07:09] [274/459] PVCZ
[01:07:10] [275/459] PCVV
[01:07:10] 🔄 Identity reset
[01:07:10] 🔄 Identity rotated (every 10 requests)
[01:07:11] 🔄 Retry 1/5 for PCVV in 2.9s
[01:07:11] 🔄 Identity reset
[01:07:13] 🧠 New identity created
[01:07:14] [276/459] CTMJ
[01:07:14] [277/459] RCPS
[01:07:16] [278/459] PCIT
[01:07:16] [279/459] FNCH
[01:07:17] [280/459] INZD
[01:07:18] [281/459] INPC
[01:07:19] [282/459] LCZP
[01:07:20] [283/459] SMCB
[01:07:21] [284/459] PTSB
[01:07:22] 🔄 Identity reset
[01:07:22] 🔄 Identity rotated (every 10 requests)
[01:07:22] [285/459] TPSI
[01:07:24] [286/459] KHMJ
[01:07:25] [287/459] RCCJ
[01:07:26] [288/459] NCJA
[01:07:27] [289/459] NCJN
[01:07:28] [290/459] BTDP
[01:07:29] [291/459] PADY
[01:07:30] [292/459] NYBH
[01:07:30] [293/459] MTBR
[01:07:31] [294/459] KRBC
[01:07:32] 🔄 Identity reset
[01:07:32] 🔄 Identity rotated (every 10 requests)
[01:07:32] [295/459] DKTI
[01:07:33] [296/459] ANAN
[01:07:34] [297/459] INBP
[01:07:35] [298/459] PATB
[01:07:36] [299/459] RGNT
[01:07:37] [300/459] CGPM
[01:07:38] [301/459] INTN
[01:07:39] [302/459] MCMP
[01:07:39] [303/459] ASRG
[01:07:40] [304/459] CXJD
[01:07:41] 🔄 Identity reset
[01:07:41] 🔄 Identity rotated (every 10 requests)
[01:07:41] [305/459] SPCP
[01:07:42] [306/459] CSTP
[01:07:43] [307/459] PKVC
[01:07:44] [308/459] ESCP
[01:07:46] [309/459] CAEP
[01:07:47] [310/459] CCSP
[01:07:48] [311/459] KTPC
[01:07:49] [312/459] DACA
[01:07:50] [313/459] NVKY
[01:07:52] [314/459] PTIN
[01:07:52] 🔄 Identity reset
[01:07:52] 🔄 Identity rotated (every 10 requests)
[01:07:53] [315/459] SCIN
[01:07:53] [316/459] MCTY
[01:07:54] [317/459] PCMX
[01:07:55] [318/459] INIC
[01:07:56] [319/459] MMZM
[01:07:57] [320/459] SSLP
[01:07:58] [321/459] DTDT
[01:07:59] [322/459] FFCX
[01:08:00] [323/459] RCMM
[01:08:01] [324/459] KYID
[01:08:01] 🔄 Identity reset
[01:08:01] 🔄 Identity rotated (every 10 requests)
[01:08:02] [325/459] CSCI
[01:08:03] [326/459] FCMC
[01:08:04] [327/459] MMXI
[01:08:04] [328/459] ASTC
[01:08:05] [329/459] CMRA
[01:08:06] [330/459] DICI
[01:08:07] [331/459] KDIN
[01:08:08] [332/459] PRFI
[01:08:09] [333/459] SVFC
[01:08:10] [334/459] UCPL
[01:08:11] 🔄 Identity reset
[01:08:11] 🔄 Identity rotated (every 10 requests)
[01:08:11] [335/459] COOC
[01:08:12] [336/459] SCAL
[01:08:13] [337/459] SVFF
[01:08:14] [338/459] VCMG
[01:08:15] [339/459] UUCT
[01:08:15] [340/459] GCSE
[01:08:16] [341/459] SUSC
[01:08:17] [342/459] MISC
[01:08:19] [343/459] RMBL
[01:08:20] [344/459] CMXN
[01:08:20] 🔄 Identity reset
[01:08:20] 🔄 Identity rotated (every 10 requests)
[01:08:21] [345/459] PVBK
[01:08:21] [346/459] HHCG
[01:08:22] [347/459] SCAG
[01:08:23] [348/459] CNPR
[01:08:24] [349/459] CSER
[01:08:25] [350/459] HLWD
[01:08:26] [351/459] BOLY
[01:08:27] [352/459] SSPG
[01:08:28] [353/459] MUPX
[01:08:29] [354/459] HAMR
[01:08:30] 🔄 Identity reset
[01:08:30] 🔄 Identity rotated (every 10 requests)
[01:08:30] [355/459] SDNC
[01:08:31] [356/459] RTEN
[01:08:32] [357/459] SDTD
[01:08:33] [358/459] KAWS
[01:08:34] [359/459] CMZX
[01:08:35] [360/459] DCDD
[01:08:36] [361/459] ALSN
[01:08:37] [362/459] IMXS
[01:08:38] [363/459] PVFF
[01:08:39] [364/459] PVOO
[01:08:39] 🔄 Identity reset
[01:08:39] 🔄 Identity rotated (every 10 requests)
[01:08:40] [365/459] CFBS
[01:08:41] [366/459] PVER
[01:08:41] [367/459] PPNX
[01:08:42] [368/459] CNRM
[01:08:43] [369/459] PVWW
[01:08:44] [370/459] INMB
[01:08:45] [371/459] CPJR
[01:08:46] [372/459] INRZ
[01:08:46] [373/459] PMSR
[01:08:47] [374/459] GPGM
[01:08:48] 🔄 Identity reset
[01:08:48] 🔄 Identity rotated (every 10 requests)
[01:08:48] [375/459] PGWB
[01:08:49] [376/459] PMBR
[01:08:50] [377/459] GPAM
[01:08:51] [378/459] INBC
[01:08:52] [379/459] PZVK
[01:08:53] [380/459] CPEB
[01:08:53] [381/459] FMLB
[01:08:54] [382/459] INBG
[01:08:55] [383/459] GPBR
[01:08:56] [384/459] PAAS
[01:08:56] 🔄 Identity reset
[01:08:57] 🔄 Identity rotated (every 10 requests)
[01:08:57] [385/459] VTBR
[01:08:58] [386/459] GPMY
[01:08:59] [387/459] GYBU
[01:09:00] [388/459] INBJ
[01:09:01] [389/459] LKTH
[01:09:02] [390/459] NSBR
[01:09:03] [391/459] PDRD
[01:09:04] [392/459] VRBL
[01:09:04] [393/459] VTGB
[01:09:05] [394/459] VTSK
[01:09:06] 🔄 Identity reset
[01:09:06] 🔄 Identity rotated (every 10 requests)
[01:09:06] 🔄 Retry 1/5 for VTSK in 2.1s
[01:09:06] 🔄 Identity reset
[01:09:08] 🧠 New identity created
[01:09:08] 🔄 Retry 2/5 for VTSK in 4.3s
[01:09:08] 🔄 Identity reset
[01:09:12] 🧠 New identity created
[01:09:12] [395/459] BKDV
[01:09:13] [396/459] SVTB
[01:09:14] [397/459] MLDT
[01:09:16] [398/459] NRBL
[01:09:17] [399/459] SLTR
[01:09:18] [400/459] VNKA
[01:09:18] [401/459] TDCA
[01:09:19] [402/459] INBM
[01:09:20] 🔄 Identity reset
[01:09:20] 🔄 Identity rotated (every 10 requests)
[01:09:20] [403/459] SSNR
[01:09:21] [404/459] BHAC
[01:09:23] [405/459] SDSD
[01:09:23] [406/459] SAMP
[01:09:24] [407/459] RATK
[01:09:26] [408/459] KCBI
[01:09:26] [409/459] URBL
[01:09:27] [410/459] MKBG
[01:09:28] [411/459] ASTB
[01:09:30] [412/459] VBWT
[01:09:30] 🔄 Identity reset
[01:09:30] 🔄 Identity rotated (every 10 requests)
[01:09:31] [413/459] GPSM
[01:09:31] [414/459] ROON
[01:09:33] [415/459] CHTH
[01:09:34] [416/459] SSPA
[01:09:35] [417/459] ANBL
[01:09:36] [418/459] VTBE
[01:09:37] [419/459] SVKT
[01:09:38] [420/459] SVYK
[01:09:38] [421/459] PTBK
[01:09:39] [422/459] RKTB
[01:09:40] 🔄 Identity reset
[01:09:40] 🔄 Identity rotated (every 10 requests)
[01:09:40] [423/459] BALT
[01:09:41] [424/459] STSV
[01:09:42] [425/459] VCCB
[01:09:43] [426/459] SLTB
[01:09:43] [427/459] SBCR
[01:09:44] [428/459] VDCS
[01:09:45] [429/459] MDKI
[01:09:46] [430/459] SMRN
[01:09:47] [431/459] PTBC
[01:09:48] [432/459] RADI
[01:09:48] 🔄 Identity reset
[01:09:49] 🔄 Identity rotated (every 10 requests)
[01:09:49] [433/459] ADCR
[01:09:50] [434/459] SDCS
[01:09:51] [435/459] SRPJ
[01:09:51] [436/459] ARTS
[01:09:52] [437/459] SRHK
[01:09:53] [438/459] SPAY
[01:09:54] [439/459] GPTB
[01:09:55] [440/459] SNNN
[01:09:55] [441/459] BALJ
[01:09:57] [442/459] TRIG
[01:09:57] 🔄 Identity reset
[01:09:57] 🔄 Identity rotated (every 10 requests)
[01:09:58] [443/459] GTYT
[01:09:59] [444/459] ATGN
[01:10:00] [445/459] ANTE
[01:10:01] [446/459] BDCG
[01:10:01] [447/459] VECI
[01:10:02] [448/459] SCPR
[01:10:03] [449/459] RTEA
[01:10:04] [450/459] JSAI
[01:10:05] [451/459] VJTP
[01:10:06] [452/459] GNDS
[01:10:06] 🔄 Identity reset
[01:10:06] 🔄 Identity rotated (every 10 requests)
[01:10:07] [453/459] PAXA
[01:10:07] [454/459] CGGM
[01:10:08] [455/459] ACKZ
[01:10:09] [456/459] EMCC
[01:10:10] [457/459] KLSK
[01:10:11] [458/459] AVCK
[01:10:11] [459/459] JTCK
[01:10:12] ✅ DONE | Shows=0 | Movies=0
[01:21:11] 🚀 BMS DAILY TRACKER STARTED (enhanced anti‑detection)
[01:21:11] [1/459] NECA
[01:21:11] 🧠 New identity created
[01:21:11] 🔄 Retry 1/5 for NECA in 2.9s
[01:21:11] 🔄 Identity reset
[01:21:14] 🧠 New identity created
[01:21:14] 🔄 Retry 2/5 for NECA in 4.2s
[01:21:14] 🔄 Identity reset
[01:21:18] 🧠 New identity created
[01:21:19] [2/459] BJLC
[01:21:20] [3/459] BASU
[01:21:20] [4/459] RUPI
[01:21:21] [5/459] LCBK
[01:21:22] [6/459] PMAC
[01:21:23] [7/459] AMLC
[01:21:24] [8/459] LICL
[01:21:25] 🔄 Identity reset
[01:21:25] 🔄 Identity rotated (every 10 requests)
[01:21:26] [9/459] UDMM
[01:21:27] [10/459] STBZ
[01:21:27] [11/459] UUBT
[01:21:28] [12/459] SJKC
[01:21:29] [13/459] TUAL
[01:21:30] [14/459] MRSE
[01:21:31] [15/459] RMRK
[01:21:32] [16/459] TTKP
[01:21:33] [17/459] KTKO
[01:21:34] [18/459] SDBK
[01:21:34] 🔄 Identity reset
[01:21:34] 🔄 Identity rotated (every 10 requests)
[01:21:34] [19/459] MCPR
[01:21:35] [20/459] CHTI
[01:21:36] [21/459] GCCP
[01:21:37] [22/459] SRMY
[01:21:39] [23/459] NYST
[01:21:40] [24/459] NYAG
[01:21:41] [25/459] SBMT
[01:21:41] [26/459] INGA
[01:21:42] [27/459] WSIC
[01:21:43] [28/459] SCSS
[01:21:44] 🔄 Identity reset
[01:21:44] 🔄 Identity rotated (every 10 requests)
[01:21:45] [29/459] COPG
[01:21:46] [30/459] RCGR
[01:21:47] [31/459] TCZA
[01:21:48] [32/459] CNLP
[01:21:49] [33/459] CLKN
[01:21:50] [34/459] LHDF
[01:21:51] [35/459] ELKC
[01:21:52] [36/459] VCEM
[01:21:53] [37/459] SSZA
[01:21:54] [38/459] KRMT
[01:21:55] 🔄 Identity reset
[01:21:55] 🔄 Identity rotated (every 10 requests)
[01:21:55] [39/459] LCMV
[01:21:56] [40/459] AYCZ
[01:21:57] [41/459] CUMS
[01:21:58] [42/459] BOCK
[01:21:59] [43/459] PNMR
[01:22:00] [44/459] PJCP
[01:22:01] [45/459] JDDD
[01:22:03] [46/459] STMS
[01:22:03] [47/459] FLMB
[01:22:04] [48/459] PKCM
[01:22:05] 🔄 Identity reset
[01:22:05] 🔄 Identity rotated (every 10 requests)
[01:22:05] [49/459] SPPR
[01:22:06] [50/459] EYLH
[01:22:07] [51/459] RJCC
[01:22:08] [52/459] MMPS
[01:22:09] [53/459] SHMX
[01:22:10] [54/459] CCNL
[01:22:11] [55/459] RCNV
[01:22:12] [56/459] MAAG
[01:22:13] [57/459] LXCM
[01:22:14] [58/459] RCNI
[01:22:14] 🔄 Identity reset
[01:22:14] 🔄 Identity rotated (every 10 requests)
[01:22:15] [59/459] SNNI
[01:22:16] [60/459] LALC
[01:22:17] [61/459] SOCN
[01:22:18] [62/459] JHTP
[01:22:19] [63/459] PITP
[01:22:19] [64/459] CCKW
[01:22:20] [65/459] MCMC
[01:22:21] [66/459] DEES
[01:22:22] [67/459] SABT
[01:22:23] [68/459] VSPP
[01:22:23] 🔄 Identity reset
[01:22:23] 🔄 Identity rotated (every 10 requests)
[01:22:23] 🔄 Retry 1/5 for VSPP in 2.1s
[01:22:23] 🔄 Identity reset
[01:22:26] 🧠 New identity created
[01:22:26] 🔄 Retry 2/5 for VSPP in 4.4s
[01:22:26] 🔄 Identity reset
[01:22:30] 🧠 New identity created
[01:22:30] 🔄 Retry 3/5 for VSPP in 8.9s
[01:22:30] 🔄 Identity reset
[01:22:39] 🧠 New identity created
[01:22:39] 🔄 Retry 4/5 for VSPP in 17.0s
[01:22:39] 🔄 Identity reset
[01:22:56] 🧠 New identity created
[01:22:56] [69/459] ABCT
[01:22:57] [70/459] JVTB
[01:22:58] [71/459] VCBD
[01:22:59] [72/459] RMGG
[01:23:00] [73/459] RNMH
[01:23:01] [74/459] SPGL
[01:23:01] 🔄 Identity reset
[01:23:01] 🔄 Identity rotated (every 10 requests)
[01:23:01] [75/459] JTTR
[01:23:02] [76/459] SICS
[01:23:03] [77/459] SRMI
[01:23:04] [78/459] SSIJ
[01:23:05] [79/459] KFMT
[01:23:06] [80/459] VBIT
[01:23:06] [81/459] JKCT
[01:23:07] [82/459] GCGP
[01:23:08] [83/459] GDCS
[01:23:09] [84/459] TRBA
[01:23:10] 🔄 Identity reset
[01:23:10] 🔄 Identity rotated (every 10 requests)
[01:23:10] 🔄 Retry 1/5 for TRBA in 2.8s
[01:23:10] 🔄 Identity reset
[01:23:12] 🧠 New identity created
[01:23:13] [85/459] QUST
[01:23:14] [86/459] VSHM
[01:23:14] [87/459] SDCP
[01:23:15] [88/459] SNVS
[01:23:16] [89/459] NYTO
[01:23:17] [90/459] URWC
[01:23:17] [91/459] GTWH
[01:23:18] [92/459] PFCM
[01:23:19] [93/459] KRTA
[01:23:20] 🔄 Identity reset
[01:23:20] 🔄 Identity rotated (every 10 requests)
[01:23:20] 🔄 Retry 1/5 for KRTA in 2.4s
[01:23:20] 🔄 Identity reset
[01:23:22] 🧠 New identity created
[01:23:23] [94/459] AXMC
[01:23:23] [95/459] EVMC
[01:23:24] [96/459] HGSM
[01:23:25] [97/459] ACVM
[01:23:26] [98/459] PSKL
[01:23:27] [99/459] RDMP
[01:23:28] [100/459] RHGH
[01:23:29] [101/459] OMCM
[01:23:30] [102/459] DCCP
[01:23:30] 🔄 Identity reset
[01:23:30] 🔄 Identity rotated (every 10 requests)
[01:23:31] [103/459] MCPB
[01:23:32] [104/459] ALCI
[01:23:33] [105/459] BLMX
[01:23:33] [106/459] BTMV
[01:23:35] [107/459] FVPN
[01:23:36] [108/459] CMAR
[01:23:37] [109/459] CEIM
[01:23:37] [110/459] CMVA
[01:23:38] [111/459] CPIV
[01:23:39] [112/459] CNPE
[01:23:39] 🔄 Identity reset
[01:23:40] 🔄 Identity rotated (every 10 requests)
[01:23:40] [113/459] COLV
[01:23:41] [114/459] DNNV
[01:23:42] [115/459] HCAD
[01:23:42] [116/459] TAKA
[01:23:43] [117/459] INVD
[01:23:44] [118/459] IRMM
[01:23:45] [119/459] INSE
[01:23:46] [120/459] MRSW
[01:23:46] [121/459] MCVD
[01:23:47] [122/459] MCSO
[01:23:48] 🔄 Identity reset
[01:23:48] 🔄 Identity rotated (every 10 requests)
[01:23:48] [123/459] PEVM
[01:23:49] [124/459] PVNL
[01:23:51] [125/459] PTCV
[01:23:52] [126/459] PRTC
[01:23:52] [127/459] RCVA
[01:23:53] [128/459] MTBN
[01:23:54] [129/459] LUCP
[01:23:55] [130/459] FMPT
[01:23:56] [131/459] JLSL
[01:23:57] [132/459] SBHA
[01:23:57] 🔄 Identity reset
[01:23:57] 🔄 Identity rotated (every 10 requests)
[01:23:57] [133/459] SHRC
[01:23:58] [134/459] AVPS
[01:23:59] [135/459] STPM
[01:24:00] [136/459] ATRD
[01:24:01] [137/459] VTED
[01:24:02] [138/459] ACAI
[01:24:03] [139/459] SMAE
[01:24:04] [140/459] VMAT
[01:24:04] [141/459] LKCT
[01:24:05] [142/459] JTVK
[01:24:06] 🔄 Identity reset
[01:24:06] 🔄 Identity rotated (every 10 requests)
[01:24:06] [143/459] PRTY
[01:24:07] [144/459] GETT
[01:24:08] [145/459] ESAP
[01:24:10] [146/459] NCPM
[01:24:11] [147/459] PCPA
[01:24:12] [148/459] MMOM
[01:24:12] [149/459] PHUP
[01:24:13] [150/459] CCPI
[01:24:15] [151/459] CNTD
[01:24:16] [152/459] NLJR
[01:24:16] 🔄 Identity reset
[01:24:16] 🔄 Identity rotated (every 10 requests)
[01:24:16] 🔄 Retry 1/5 for NLJR in 2.2s
[01:24:16] 🔄 Identity reset
[01:24:19] 🧠 New identity created
[01:24:19] 🔄 Retry 2/5 for NLJR in 4.3s
[01:24:19] 🔄 Identity reset
[01:24:23] 🧠 New identity created
[01:24:23] 🔄 Retry 3/5 for NLJR in 8.7s
[01:24:23] 🔄 Identity reset
[01:24:32] 🧠 New identity created
[01:24:32] [153/459] SRNG
[01:24:33] [154/459] MHAL
[01:24:33] [155/459] PNSM
[01:24:35] [156/459] DRMY
[01:24:36] [157/459] CCMU
[01:24:36] [158/459] SCMY
[01:24:37] [159/459] PVSY
[01:24:38] 🔄 Identity reset
[01:24:38] 🔄 Identity rotated (every 10 requests)
[01:24:38] [160/459] SDLM
[01:24:39] [161/459] ICCM
[01:24:40] [162/459] PYSU
[01:24:41] [163/459] GATM
[01:24:42] [164/459] WOTM
[01:24:43] [165/459] RKTS
[01:24:44] [166/459] PMTY
[01:24:45] [167/459] LYMS
[01:24:46] [168/459] TGCA
[01:24:47] [169/459] DSTA
[01:24:48] 🔄 Identity reset
[01:24:48] 🔄 Identity rotated (every 10 requests)
[01:24:48] 🔄 Retry 1/5 for DSTA in 2.4s
[01:24:48] 🔄 Identity reset
[01:24:50] 🧠 New identity created
[01:24:50] [170/459] CNGE
[01:24:51] [171/459] VSTG
[01:24:52] [172/459] GTCK
[01:24:53] [173/459] TGNT
[01:24:54] [174/459] ASLC
[01:24:55] [175/459] SSST
[01:24:56] [176/459] KBTT
[01:24:58] [177/459] HKCP
[01:24:58] [178/459] SWLC
[01:24:59] 🔄 Identity reset
[01:24:59] 🔄 Identity rotated (every 10 requests)
[01:24:59] [179/459] RTND
[01:25:00] [180/459] PKKT
[01:25:01] [181/459] HSTK
[01:25:03] [182/459] SPTT
[01:25:04] [183/459] IMPM
[01:25:05] [184/459] SCMV
[01:25:05] [185/459] SPCT
[01:25:06] [186/459] JBCA
[01:25:07] [187/459] ATTR
[01:25:08] [188/459] SPMT
[01:25:09] 🔄 Identity reset
[01:25:09] 🔄 Identity rotated (every 10 requests)
[01:25:09] [189/459] LCTM
[01:25:10] [190/459] SCVL
[01:25:11] [191/459] SCVT
[01:25:11] [192/459] KRIC
[01:25:12] [193/459] CTMG
[01:25:13] [194/459] ACNC
[01:25:14] [195/459] DMCK
[01:25:16] [196/459] KMTV
[01:25:16] [197/459] PFCJ
[01:25:17] [198/459] VNMD
[01:25:18] 🔄 Identity reset
[01:25:18] 🔄 Identity rotated (every 10 requests)
[01:25:18] [199/459] VPCZ
[01:25:19] [200/459] SRYR
[01:25:20] [201/459] SYTR
[01:25:21] [202/459] GATR
[01:25:22] [203/459] URTR
[01:25:23] [204/459] MKSM
[01:25:23] [205/459] VSMH
[01:25:24] [206/459] SKRJ
[01:25:25] [207/459] SSJR
[01:25:26] [208/459] SVSM
[01:25:27] 🔄 Identity reset
[01:25:27] 🔄 Identity rotated (every 10 requests)
[01:25:27] [209/459] RUCM
[01:25:28] [210/459] PRKN
[01:25:30] [211/459] RROH
[01:25:31] [212/459] SCTN
[01:25:31] [213/459] RTDM
[01:25:33] [214/459] ASRM
[01:25:34] [215/459] SKMD
[01:25:34] [216/459] SUTD
[01:25:35] [217/459] SADM
[01:25:37] [218/459] WCNR
[01:25:37] 🔄 Identity reset
[01:25:37] 🔄 Identity rotated (every 10 requests)
[01:25:38] [219/459] CNED
[01:25:38] [220/459] MPDB
[01:25:40] [221/459] KTBH
[01:25:41] [222/459] IDRM
[01:25:41] [223/459] PJJT
[01:25:43] [224/459] PFCV
[01:25:44] [225/459] AACT
[01:25:45] [226/459] AAAD
[01:25:45] [227/459] ANES
[01:25:46] [228/459] MNCA
[01:25:47] 🔄 Identity reset
[01:25:47] 🔄 Identity rotated (every 10 requests)
[01:25:48] [229/459] RMGU
[01:25:48] [230/459] DLCN
[01:25:49] [231/459] LJWT
[01:25:50] [232/459] MCBG
[01:25:51] [233/459] MYBG
[01:25:52] [234/459] GCCA
[01:25:52] [235/459] GCGA
[01:25:53] [236/459] ECGN
[01:25:54] [237/459] PRAB
[01:25:55] [238/459] PNMP
[01:25:56] 🔄 Identity reset
[01:25:56] 🔄 Identity rotated (every 10 requests)
[01:25:56] 🔄 Retry 1/5 for PNMP in 2.3s
[01:25:56] 🔄 Identity reset
[01:25:58] 🧠 New identity created
[01:25:59] [239/459] GCPT
[01:26:00] [240/459] ROYN
[01:26:01] [241/459] VATM
[01:26:02] [242/459] KSNT
[01:26:02] [243/459] ACTC
[01:26:03] [244/459] PLTD
[01:26:04] [245/459] SKMK
[01:26:05] [246/459] CMTT
[01:26:06] [247/459] SMXP
[01:26:06] 🔄 Identity reset
[01:26:06] 🔄 Identity rotated (every 10 requests)
[01:26:06] [248/459] SCMX
[01:26:07] [249/459] ACXN
[01:26:08] [250/459] ASWT
[01:26:09] [251/459] VVVL
[01:26:10] [252/459] NAGO
[01:26:11] [253/459] SNCN
[01:26:12] [254/459] MCKP
[01:26:12] [255/459] SAMO
[01:26:13] [256/459] JBTV
[01:26:14] [257/459] DCVV
[01:26:15] 🔄 Identity reset
[01:26:15] 🔄 Identity rotated (every 10 requests)
[01:26:15] 🔄 Retry 1/5 for DCVV in 2.8s
[01:26:15] 🔄 Identity reset
[01:26:18] 🧠 New identity created
[01:26:18] [258/459] KMSV
[01:26:19] [259/459] KDCN
[01:26:19] [260/459] CNCP
[01:26:20] [261/459] HAMC
[01:26:21] [262/459] CCVZ
[01:26:22] [263/459] NCCK
[01:26:23] [264/459] MCHR
[01:26:23] [265/459] SCHT
[01:26:24] [266/459] ESSH
[01:26:25] 🔄 Identity reset
[01:26:25] 🔄 Identity rotated (every 10 requests)
[01:26:26] [267/459] CUJC
[01:26:27] [268/459] PECP
[01:26:28] [269/459] PMMI
[01:26:28] [270/459] PCCH
[01:26:29] [271/459] PRPM
[01:26:30] [272/459] PVKL
[01:26:31] [273/459] CBSM
[01:26:32] [274/459] PVCZ
[01:26:33] [275/459] PCVV
[01:26:34] [276/459] CTMJ
[01:26:35] 🔄 Identity reset
[01:26:35] 🔄 Identity rotated (every 10 requests)
[01:26:35] [277/459] RCPS
[01:26:36] [278/459] PCIT
[01:26:37] [279/459] FNCH
[01:26:38] [280/459] INZD
[01:26:39] [281/459] INPC
[01:26:40] [282/459] LCZP
[01:26:41] [283/459] SMCB
[01:26:42] [284/459] PTSB
[01:26:43] [285/459] TPSI
[01:26:44] [286/459] KHMJ
[01:26:44] 🔄 Identity reset
[01:26:44] 🔄 Identity rotated (every 10 requests)
[01:26:45] [287/459] RCCJ
[01:26:46] [288/459] NCJA
[01:26:47] [289/459] NCJN
[01:26:48] [290/459] BTDP
[01:26:48] [291/459] PADY
[01:26:49] [292/459] NYBH
[01:26:51] [293/459] MTBR
[01:26:51] [294/459] KRBC
[01:26:52] [295/459] DKTI
[01:26:53] [296/459] ANAN
[01:26:54] 🔄 Identity reset
[01:26:54] 🔄 Identity rotated (every 10 requests)
[01:26:55] [297/459] INBP
[01:26:55] [298/459] PATB
[01:26:56] [299/459] RGNT
[01:26:57] [300/459] CGPM
[01:26:57] [301/459] INTN
[01:26:58] [302/459] MCMP
[01:26:59] [303/459] ASRG
[01:27:00] [304/459] CXJD
[01:27:00] [305/459] SPCP
[01:27:01] [306/459] CSTP
[01:27:02] 🔄 Identity reset
[01:27:02] 🔄 Identity rotated (every 10 requests)
[01:27:02] [307/459] PKVC
[01:27:03] [308/459] ESCP
[01:27:04] [309/459] CAEP
[01:27:05] [310/459] CCSP
[01:27:05] [311/459] KTPC
[01:27:06] [312/459] DACA
[01:27:07] [313/459] NVKY
[01:27:08] [314/459] PTIN
[01:27:09] [315/459] SCIN
[01:27:10] [316/459] MCTY
[01:27:10] 🔄 Identity reset
[01:27:10] 🔄 Identity rotated (every 10 requests)
[01:27:10] 🔄 Retry 1/5 for MCTY in 3.0s
[01:27:10] 🔄 Identity reset
[01:27:13] 🧠 New identity created
[01:27:13] 🔄 Retry 2/5 for MCTY in 4.9s
[01:27:13] 🔄 Identity reset
[01:27:18] 🧠 New identity created
[01:27:19] [317/459] PCMX
[01:27:19] [318/459] INIC
[01:27:20] [319/459] MMZM
[01:27:21] [320/459] SSLP
[01:27:21] [321/459] DTDT
[01:27:22] [322/459] FFCX
[01:27:24] [323/459] RCMM
[01:27:24] [324/459] KYID
[01:27:25] 🔄 Identity reset
[01:27:25] 🔄 Identity rotated (every 10 requests)
[01:27:25] [325/459] CSCI
[01:27:26] [326/459] FCMC
[01:27:27] [327/459] MMXI
[01:27:28] [328/459] ASTC
[01:27:28] [329/459] CMRA
[01:27:29] [330/459] DICI
[01:27:30] [331/459] KDIN
[01:27:30] [332/459] PRFI
[01:27:32] [333/459] SVFC
[01:27:33] [334/459] UCPL
[01:27:33] 🔄 Identity reset
[01:27:33] 🔄 Identity rotated (every 10 requests)
[01:27:34] [335/459] COOC
[01:27:35] [336/459] SCAL
[01:27:36] [337/459] SVFF
[01:27:36] [338/459] VCMG
[01:27:37] [339/459] UUCT
[01:27:38] [340/459] GCSE
[01:27:39] [341/459] SUSC
[01:27:40] [342/459] MISC
[01:27:40] [343/459] RMBL
[01:27:41] [344/459] CMXN
[01:27:42] 🔄 Identity reset
[01:27:42] 🔄 Identity rotated (every 10 requests)
[01:27:42] [345/459] PVBK
[01:27:44] [346/459] HHCG
[01:27:44] [347/459] SCAG
[01:27:45] [348/459] CNPR
[01:27:46] [349/459] CSER
[01:27:47] [350/459] HLWD
[01:27:48] [351/459] BOLY
[01:27:49] [352/459] SSPG
[01:27:49] [353/459] MUPX
[01:27:50] [354/459] HAMR
[01:27:51] 🔄 Identity reset
[01:27:51] 🔄 Identity rotated (every 10 requests)
[01:27:51] [355/459] SDNC
[01:27:52] [356/459] RTEN
[01:27:53] [357/459] SDTD
[01:27:54] [358/459] KAWS
[01:27:54] [359/459] CMZX
[01:27:55] [360/459] DCDD
[01:27:56] [361/459] ALSN
[01:27:56] [362/459] IMXS
[01:27:57] [363/459] PVFF
[01:27:58] [364/459] PVOO
[01:27:59] 🔄 Identity reset
[01:27:59] 🔄 Identity rotated (every 10 requests)
[01:28:00] [365/459] CFBS
[01:28:00] [366/459] PVER
[01:28:01] [367/459] PPNX
[01:28:02] [368/459] CNRM
[01:28:03] [369/459] PVWW
[01:28:03] [370/459] INMB
[01:28:04] [371/459] CPJR
[01:28:05] [372/459] INRZ
[01:28:06] [373/459] PMSR
[01:28:06] [374/459] GPGM
[01:28:07] 🔄 Identity reset
[01:28:07] 🔄 Identity rotated (every 10 requests)
[01:28:07] [375/459] PGWB
[01:28:08] [376/459] PMBR
[01:28:10] [377/459] GPAM
[01:28:11] [378/459] INBC
[01:28:11] [379/459] PZVK
[01:28:12] [380/459] CPEB
[01:28:13] [381/459] FMLB
[01:28:14] [382/459] INBG
[01:28:15] [383/459] GPBR
[01:28:16] [384/459] PAAS
[01:28:17] 🔄 Identity reset
[01:28:17] 🔄 Identity rotated (every 10 requests)
[01:28:17] [385/459] VTBR
[01:28:18] [386/459] GPMY
[01:28:19] [387/459] GYBU
[01:28:19] [388/459] INBJ
[01:28:20] [389/459] LKTH
[01:28:21] [390/459] NSBR
[01:28:21] [391/459] PDRD
[01:28:22] [392/459] VRBL
[01:28:23] [393/459] VTGB
[01:28:24] [394/459] VTSK
[01:28:24] 🔄 Identity reset
[01:28:24] 🔄 Identity rotated (every 10 requests)
[01:28:25] [395/459] BKDV
[01:28:25] [396/459] SVTB
[01:28:26] [397/459] MLDT
[01:28:27] [398/459] NRBL
[01:28:28] [399/459] SLTR
[01:28:29] [400/459] VNKA
[01:28:30] [401/459] TDCA
[01:28:30] [402/459] INBM
[01:28:31] [403/459] SSNR
[01:28:33] [404/459] BHAC
[01:28:33] 🔄 Identity reset
[01:28:33] 🔄 Identity rotated (every 10 requests)
[01:28:33] [405/459] SDSD
[01:28:34] [406/459] SAMP
[01:28:35] [407/459] RATK
[01:28:37] [408/459] KCBI
[01:28:37] [409/459] URBL
[01:28:38] [410/459] MKBG
[01:28:39] [411/459] ASTB
[01:28:40] [412/459] VBWT
[01:28:40] [413/459] GPSM
[01:28:41] [414/459] ROON
[01:28:42] 🔄 Identity reset
[01:28:42] 🔄 Identity rotated (every 10 requests)
[01:28:42] [415/459] CHTH
[01:28:43] [416/459] SSPA
[01:28:44] [417/459] ANBL
[01:28:45] [418/459] VTBE
[01:28:46] [419/459] SVKT
[01:28:46] [420/459] SVYK
[01:28:47] [421/459] PTBK
[01:28:48] [422/459] RKTB
[01:28:49] [423/459] BALT
[01:28:49] [424/459] STSV
[01:28:50] 🔄 Identity reset
[01:28:50] 🔄 Identity rotated (every 10 requests)
[01:28:50] [425/459] VCCB
[01:28:51] [426/459] SLTB
[01:28:52] [427/459] SBCR
[01:28:53] [428/459] VDCS
[01:28:54] [429/459] MDKI
[01:28:54] [430/459] SMRN
[01:28:55] [431/459] PTBC
[01:28:56] [432/459] RADI
[01:28:57] [433/459] ADCR
[01:28:58] [434/459] SDCS
[01:28:58] 🔄 Identity reset
[01:28:58] 🔄 Identity rotated (every 10 requests)
[01:28:58] [435/459] SRPJ
[01:28:59] [436/459] ARTS
[01:28:59] [437/459] SRHK
[01:29:00] [438/459] SPAY
[01:29:01] [439/459] GPTB
[01:29:01] [440/459] SNNN
[01:29:02] [441/459] BALJ
[01:29:02] [442/459] TRIG
[01:29:03] [443/459] GTYT
[01:29:04] [444/459] ATGN
[01:29:04] 🔄 Identity reset
[01:29:04] 🔄 Identity rotated (every 10 requests)
[01:29:04] [445/459] ANTE
[01:29:05] [446/459] BDCG
[01:29:06] [447/459] VECI
[01:29:07] [448/459] SCPR
[01:29:07] [449/459] RTEA
[01:29:08] [450/459] JSAI
[01:29:09] [451/459] VJTP
[01:29:09] [452/459] GNDS
[01:29:10] [453/459] PAXA
[01:29:10] [454/459] CGGM
[01:29:11] 🔄 Identity reset
[01:29:11] 🔄 Identity rotated (every 10 requests)
[01:29:11] [455/459] ACKZ
[01:29:12] [456/459] EMCC
[01:29:13] [457/459] KLSK
[01:29:13] [458/459] AVCK
[01:29:14] [459/459] JTCK
[01:29:15] ✅ DONE | Shows=0 | Movies=0
[02:00:43] 🚀 BMS DAILY TRACKER STARTED (enhanced anti‑detection)
[02:00:43] [1/459] NECA
[02:00:43] 🧠 New identity created
[02:00:43] [2/459] BJLC
[02:00:44] [3/459] BASU
[02:00:45] [4/459] RUPI
[02:00:46] [5/459] LCBK
[02:00:46] [6/459] PMAC
[02:00:47] [7/459] AMLC
[02:00:48] [8/459] LICL
[02:00:48] [9/459] UDMM
[02:00:49] [10/459] STBZ
[02:00:50] 🔄 Identity reset
[02:00:50] 🔄 Identity rotated (every 10 requests)
[02:00:50] 🔄 Retry 1/5 for STBZ in 2.6s
[02:00:50] 🔄 Identity reset
[02:00:53] 🧠 New identity created
[02:00:54] [11/459] UUBT
[02:00:54] [12/459] SJKC
[02:00:56] [13/459] TUAL
[02:00:57] [14/459] MRSE
[02:00:58] [15/459] RMRK
[02:00:59] [16/459] TTKP
[02:00:59] [17/459] KTKO
[02:01:00] [18/459] SDBK
[02:01:01] [19/459] MCPR
[02:01:02] 🔄 Identity reset
[02:01:02] 🔄 Identity rotated (every 10 requests)
[02:01:02] [20/459] CHTI
[02:01:03] [21/459] GCCP
[02:01:04] [22/459] SRMY
[02:01:04] [23/459] NYST
[02:01:05] [24/459] NYAG
[02:01:06] [25/459] SBMT
[02:01:07] [26/459] INGA
[02:01:08] [27/459] WSIC
[02:01:09] [28/459] SCSS
[02:01:09] [29/459] COPG
[02:01:10] 🔄 Identity reset
[02:01:10] 🔄 Identity rotated (every 10 requests)
[02:01:11] [30/459] RCGR
[02:01:12] [31/459] TCZA
[02:01:12] [32/459] CNLP
[02:01:13] [33/459] CLKN
[02:01:13] [34/459] LHDF
[02:01:14] [35/459] ELKC
[02:01:15] [36/459] VCEM
[02:01:16] [37/459] SSZA
[02:01:17] [38/459] KRMT
[02:01:18] [39/459] LCMV
[02:01:19] 🔄 Identity reset
[02:01:19] 🔄 Identity rotated (every 10 requests)
[02:01:19] 🔄 Retry 1/5 for LCMV in 2.6s
[02:01:19] 🔄 Identity reset
[02:01:22] 🧠 New identity created
[02:01:22] 🔄 Retry 2/5 for LCMV in 4.9s
[02:01:22] 🔄 Identity reset
[02:01:27] 🧠 New identity created
[02:01:27] 🔄 Retry 3/5 for LCMV in 8.5s
[02:01:27] 🔄 Identity reset
[02:01:35] 🧠 New identity created
[02:01:35] 🔄 Retry 4/5 for LCMV in 16.7s
[02:01:35] 🔄 Identity reset
[02:01:52] 🧠 New identity created
[02:01:52] [40/459] AYCZ
[02:01:53] [41/459] CUMS
[02:01:54] [42/459] BOCK
[02:01:55] [43/459] PNMR
[02:01:55] [44/459] PJCP
[02:01:56] [45/459] JDDD
[02:01:57] 🔄 Identity reset
[02:01:57] 🔄 Identity rotated (every 10 requests)
[02:01:58] [46/459] STMS
[02:01:59] [47/459] FLMB
[02:02:00] [48/459] PKCM
[02:02:01] [49/459] SPPR
[02:02:01] [50/459] EYLH
[02:02:02] [51/459] RJCC
[02:02:03] [52/459] MMPS
[02:02:04] [53/459] SHMX
[02:02:05] [54/459] CCNL
[02:02:06] [55/459] RCNV
[02:02:06] 🔄 Identity reset
[02:02:06] 🔄 Identity rotated (every 10 requests)
[02:02:06] 🔄 Retry 1/5 for RCNV in 2.8s
[02:02:06] 🔄 Identity reset
[02:02:09] 🧠 New identity created
[02:02:09] [56/459] MAAG
[02:02:10] [57/459] LXCM
[02:02:11] [58/459] RCNI
[02:02:12] [59/459] SNNI
[02:02:13] [60/459] LALC
[02:02:15] [61/459] SOCN
[02:02:16] [62/459] JHTP
[02:02:17] [63/459] PITP
[02:02:18] [64/459] CCKW
[02:02:19] 🔄 Identity reset
[02:02:19] 🔄 Identity rotated (every 10 requests)
[02:02:19] [65/459] MCMC
[02:02:20] [66/459] DEES
[02:02:21] [67/459] SABT
[02:02:21] [68/459] VSPP
[02:02:22] [69/459] ABCT
[02:02:23] [70/459] JVTB
[02:02:24] [71/459] VCBD
[02:02:25] [72/459] RMGG
[02:02:25] [73/459] RNMH
[02:02:26] [74/459] SPGL
[02:02:27] 🔄 Identity reset
[02:02:27] 🔄 Identity rotated (every 10 requests)
[02:02:27] 🔄 Retry 1/5 for SPGL in 2.4s
[02:02:27] 🔄 Identity reset
[02:02:30] 🧠 New identity created
[02:02:30] [75/459] JTTR
[02:02:30] [76/459] SICS
[02:02:31] [77/459] SRMI
[02:02:32] [78/459] SSIJ
[02:02:32] [79/459] KFMT
[02:02:33] [80/459] VBIT
[02:02:34] [81/459] JKCT
[02:02:34] [82/459] GCGP
[02:02:35] [83/459] GDCS
[02:02:36] 🔄 Identity reset
[02:02:36] 🔄 Identity rotated (every 10 requests)
[02:02:36] 🔄 Retry 1/5 for GDCS in 2.2s
[02:02:36] 🔄 Identity reset
[02:02:38] 🧠 New identity created
[02:02:38] 🔄 Retry 2/5 for GDCS in 4.1s
[02:02:38] 🔄 Identity reset
[02:02:42] 🧠 New identity created
[02:02:42] 🔄 Retry 3/5 for GDCS in 8.2s
[02:02:42] 🔄 Identity reset
[02:02:51] 🧠 New identity created
[02:02:51] [84/459] TRBA
[02:02:51] [85/459] QUST
[02:02:52] [86/459] VSHM
[02:02:53] [87/459] SDCP
[02:02:53] [88/459] SNVS
[02:02:54] [89/459] NYTO
[02:02:54] [90/459] URWC
[02:02:55] 🔄 Identity reset
[02:02:55] 🔄 Identity rotated (every 10 requests)
[02:02:55] [91/459] GTWH
[02:02:56] [92/459] PFCM
[02:02:57] [93/459] KRTA
[02:02:57] [94/459] AXMC
[02:02:58] [95/459] EVMC
[02:02:59] [96/459] HGSM
[02:03:00] [97/459] ACVM
[02:03:00] [98/459] PSKL
[02:03:01] [99/459] RDMP
[02:03:02] [100/459] RHGH
[02:03:02] 🔄 Identity reset
[02:03:02] 🔄 Identity rotated (every 10 requests)
[02:03:02] 🔄 Retry 1/5 for RHGH in 2.3s
[02:03:02] 🔄 Identity reset
[02:03:05] 🧠 New identity created
[02:03:05] [101/459] OMCM
[02:03:05] [102/459] DCCP
[02:03:06] [103/459] MCPB
[02:03:07] [104/459] ALCI
[02:03:07] [105/459] BLMX
[02:03:08] [106/459] BTMV
[02:03:09] [107/459] FVPN
[02:03:09] [108/459] CMAR
[02:03:10] [109/459] CEIM
[02:03:10] 🔄 Identity reset
[02:03:10] 🔄 Identity rotated (every 10 requests)
[02:03:10] 🔄 Retry 1/5 for CEIM in 2.8s
[02:03:10] 🔄 Identity reset
[02:03:13] 🧠 New identity created
[02:03:13] 🔄 Retry 2/5 for CEIM in 4.3s
[02:03:13] 🔄 Identity reset
[02:03:18] 🧠 New identity created
[02:03:18] [110/459] CMVA
[02:03:19] [111/459] CPIV
[02:03:19] [112/459] CNPE
[02:03:20] [113/459] COLV
[02:03:21] [114/459] DNNV
[02:03:21] [115/459] HCAD
[02:03:22] [116/459] TAKA
[02:03:23] [117/459] INVD
[02:03:24] 🔄 Identity reset
[02:03:24] 🔄 Identity rotated (every 10 requests)
[02:03:24] 🔄 Retry 1/5 for INVD in 2.1s
[02:03:24] 🔄 Identity reset
[02:03:26] 🧠 New identity created
[02:03:26] 🔄 Retry 2/5 for INVD in 4.8s
[02:03:26] 🔄 Identity reset
[02:03:31] 🧠 New identity created
[02:03:31] [118/459] IRMM
[02:03:31] [119/459] INSE
[02:03:32] [120/459] MRSW
[02:03:33] [121/459] MCVD
[02:03:34] [122/459] MCSO
[02:03:34] [123/459] PEVM
[02:03:35] [124/459] PVNL
[02:03:35] [125/459] PTCV
[02:03:36] 🔄 Identity reset
[02:03:36] 🔄 Identity rotated (every 10 requests)
[02:03:36] [126/459] PRTC
[02:03:37] [127/459] RCVA
[02:03:37] [128/459] MTBN
[02:03:38] [129/459] LUCP
[02:03:39] [130/459] FMPT
[02:03:39] [131/459] JLSL
[02:03:40] [132/459] SBHA
[02:03:41] [133/459] SHRC
[02:03:41] [134/459] AVPS
[02:03:42] [135/459] STPM
[02:03:42] 🔄 Identity reset
[02:03:42] 🔄 Identity rotated (every 10 requests)
[02:03:43] 🔄 Retry 1/5 for STPM in 2.8s
[02:03:43] 🔄 Identity reset
[02:03:45] 🧠 New identity created
[02:03:45] [136/459] ATRD
[02:03:46] [137/459] VTED
[02:03:47] [138/459] ACAI
[02:03:47] [139/459] SMAE
[02:03:48] [140/459] VMAT
[02:03:48] [141/459] LKCT
[02:03:49] [142/459] JTVK
[02:03:50] [143/459] PRTY
[02:03:51] [144/459] GETT
[02:03:51] 🔄 Identity reset
[02:03:51] 🔄 Identity rotated (every 10 requests)
[02:03:51] [145/459] ESAP
[02:03:52] [146/459] NCPM
[02:03:53] [147/459] PCPA
[02:03:53] [148/459] MMOM
[02:03:54] [149/459] PHUP
[02:03:55] [150/459] CCPI
[02:03:55] [151/459] CNTD
[02:03:56] [152/459] NLJR
[02:03:57] [153/459] SRNG
[02:03:57] [154/459] MHAL
[02:03:58] 🔄 Identity reset
[02:03:58] 🔄 Identity rotated (every 10 requests)
[02:03:58] [155/459] PNSM
[02:03:59] [156/459] DRMY
[02:03:59] [157/459] CCMU
[02:04:00] [158/459] SCMY
[02:04:01] [159/459] PVSY
[02:04:01] [160/459] SDLM
[02:04:02] [161/459] ICCM
[02:04:03] [162/459] PYSU
[02:04:03] [163/459] GATM
[02:04:04] [164/459] WOTM
[02:04:05] 🔄 Identity reset
[02:04:05] 🔄 Identity rotated (every 10 requests)
[02:04:05] 🔄 Retry 1/5 for WOTM in 2.1s
[02:04:05] 🔄 Identity reset
[02:04:07] 🧠 New identity created
[02:04:07] [165/459] RKTS
[02:04:08] [166/459] PMTY
[02:04:08] [167/459] LYMS
[02:04:09] [168/459] TGCA
[02:04:10] [169/459] DSTA
[02:04:10] [170/459] CNGE
[02:04:11] [171/459] VSTG
[02:04:11] [172/459] GTCK
[02:04:12] [173/459] TGNT
[02:04:13] 🔄 Identity reset
[02:04:13] 🔄 Identity rotated (every 10 requests)
[02:04:13] [174/459] ASLC
[02:04:14] [175/459] SSST
[02:04:14] [176/459] KBTT
[02:04:15] [177/459] HKCP
[02:04:16] [178/459] SWLC
[02:04:16] [179/459] RTND
[02:04:17] [180/459] PKKT
[02:04:17] [181/459] HSTK
[02:04:18] [182/459] SPTT
[02:04:19] [183/459] IMPM
[02:04:19] 🔄 Identity reset
[02:04:19] 🔄 Identity rotated (every 10 requests)
[02:04:19] [184/459] SCMV
[02:04:20] [185/459] SPCT
[02:04:20] [186/459] JBCA
[02:04:21] [187/459] ATTR
[02:04:22] [188/459] SPMT
[02:04:23] [189/459] LCTM
[02:04:23] [190/459] SCVL
[02:04:24] [191/459] SCVT
[02:04:24] [192/459] KRIC
[02:04:25] [193/459] CTMG
[02:04:26] 🔄 Identity reset
[02:04:26] 🔄 Identity rotated (every 10 requests)
[02:04:26] [194/459] ACNC
[02:04:27] [195/459] DMCK
[02:04:27] [196/459] KMTV
[02:04:28] [197/459] PFCJ
[02:04:29] [198/459] VNMD
[02:04:29] [199/459] VPCZ
[02:04:30] [200/459] SRYR
[02:04:31] [201/459] SYTR
[02:04:31] [202/459] GATR
[02:04:32] [203/459] URTR
[02:04:33] 🔄 Identity reset
[02:04:33] 🔄 Identity rotated (every 10 requests)
[02:04:33] 🔄 Retry 1/5 for URTR in 2.8s
[02:04:33] 🔄 Identity reset
[02:04:36] 🧠 New identity created
[02:04:36] 🔄 Retry 2/5 for URTR in 4.2s
[02:04:36] 🔄 Identity reset
[02:04:40] 🧠 New identity created
[02:04:40] [204/459] MKSM
[02:04:41] [205/459] VSMH
[02:04:42] [206/459] SKRJ
[02:04:42] [207/459] SSJR
[02:04:43] [208/459] SVSM
[02:04:43] [209/459] RUCM
[02:04:44] [210/459] PRKN
[02:04:45] [211/459] RROH
[02:04:45] 🔄 Identity reset
[02:04:45] 🔄 Identity rotated (every 10 requests)
[02:04:45] 🔄 Retry 1/5 for RROH in 3.0s
[02:04:45] 🔄 Identity reset
[02:04:48] 🧠 New identity created
[02:04:48] 🔄 Retry 2/5 for RROH in 4.8s
[02:04:48] 🔄 Identity reset
[02:04:53] 🧠 New identity created
[02:04:53] [212/459] SCTN
[02:04:54] [213/459] RTDM
[02:04:55] [214/459] ASRM
[02:04:55] [215/459] SKMD
[02:04:56] [216/459] SUTD
[02:04:57] [217/459] SADM
[02:04:58] [218/459] WCNR
[02:04:58] [219/459] CNED
[02:04:59] 🔄 Identity reset
[02:04:59] 🔄 Identity rotated (every 10 requests)
[02:04:59] [220/459] MPDB
[02:05:00] [221/459] KTBH
[02:05:00] [222/459] IDRM
[02:05:01] [223/459] PJJT
[02:05:02] [224/459] PFCV
[02:05:02] [225/459] AACT
[02:05:03] [226/459] AAAD
[02:05:03] [227/459] ANES
[02:05:04] [228/459] MNCA
[02:05:05] [229/459] RMGU
[02:05:05] 🔄 Identity reset
[02:05:05] 🔄 Identity rotated (every 10 requests)
[02:05:05] [230/459] DLCN
[02:05:06] [231/459] LJWT
[02:05:07] [232/459] MCBG
[02:05:07] [233/459] MYBG
[02:05:08] [234/459] GCCA
[02:05:09] [235/459] GCGA
[02:05:09] [236/459] ECGN
[02:05:10] [237/459] PRAB
[02:05:11] [238/459] PNMP
[02:05:11] [239/459] GCPT
[02:05:12] 🔄 Identity reset
[02:05:12] 🔄 Identity rotated (every 10 requests)
[02:05:12] 🔄 Retry 1/5 for GCPT in 2.5s
[02:05:12] 🔄 Identity reset
[02:05:15] 🧠 New identity created
[02:05:15] 🔄 Retry 2/5 for GCPT in 4.2s
[02:05:15] 🔄 Identity reset
[02:05:19] 🧠 New identity created
[02:05:19] 🔄 Retry 3/5 for GCPT in 8.3s
[02:05:19] 🔄 Identity reset
[02:05:27] 🧠 New identity created
[02:05:27] 🔄 Retry 4/5 for GCPT in 16.8s
[02:05:27] 🔄 Identity reset
[02:05:44] 🧠 New identity created
[02:05:44] [240/459] ROYN
[02:05:45] [241/459] VATM
[02:05:46] [242/459] KSNT
[02:05:46] [243/459] ACTC
[02:05:47] [244/459] PLTD
[02:05:47] [245/459] SKMK
[02:05:48] 🔄 Identity reset
[02:05:48] 🔄 Identity rotated (every 10 requests)
[02:05:48] [246/459] CMTT
[02:05:49] [247/459] SMXP
[02:05:49] [248/459] SCMX
[02:05:50] [249/459] ACXN
[02:05:51] [250/459] ASWT
[02:05:51] [251/459] VVVL
[02:05:52] [252/459] NAGO
[02:05:53] [253/459] SNCN
[02:05:53] [254/459] MCKP
[02:05:54] [255/459] SAMO
[02:05:55] 🔄 Identity reset
[02:05:55] 🔄 Identity rotated (every 10 requests)
[02:05:55] [256/459] JBTV
[02:05:56] [257/459] DCVV
[02:05:56] [258/459] KMSV
[02:05:57] [259/459] KDCN
[02:05:58] [260/459] CNCP
[02:05:58] [261/459] HAMC
[02:05:59] [262/459] CCVZ
[02:05:59] [263/459] NCCK
[02:06:00] [264/459] MCHR
[02:06:01] [265/459] SCHT
[02:06:01] 🔄 Identity reset
[02:06:01] 🔄 Identity rotated (every 10 requests)
[02:06:01] [266/459] ESSH
[02:06:02] [267/459] CUJC
[02:06:03] [268/459] PECP
[02:06:03] [269/459] PMMI
[02:06:04] [270/459] PCCH
[02:06:05] [271/459] PRPM
[02:06:05] [272/459] PVKL
[02:06:06] [273/459] CBSM
[02:06:06] [274/459] PVCZ
[02:06:07] [275/459] PCVV
[02:06:08] 🔄 Identity reset
[02:06:08] 🔄 Identity rotated (every 10 requests)
[02:06:08] [276/459] CTMJ
[02:06:08] [277/459] RCPS
[02:06:09] [278/459] PCIT
[02:06:10] [279/459] FNCH
[02:06:10] [280/459] INZD
[02:06:11] [281/459] INPC
[02:06:12] [282/459] LCZP
[02:06:13] [283/459] SMCB
[02:06:13] [284/459] PTSB
[02:06:14] [285/459] TPSI
[02:06:14] 🔄 Identity reset
[02:06:14] 🔄 Identity rotated (every 10 requests)
[02:06:15] 🔄 Retry 1/5 for TPSI in 2.5s
[02:06:15] 🔄 Identity reset
[02:06:17] 🧠 New identity created
[02:06:17] 🔄 Retry 2/5 for TPSI in 4.6s
[02:06:17] 🔄 Identity reset
[02:06:22] 🧠 New identity created
[02:06:22] 🔄 Retry 3/5 for TPSI in 8.6s
[02:06:22] 🔄 Identity reset
[02:06:30] 🧠 New identity created
[02:06:30] [286/459] KHMJ
[02:06:31] [287/459] RCCJ
[02:06:31] [288/459] NCJA
[02:06:32] [289/459] NCJN
[02:06:33] [290/459] BTDP
[02:06:34] [291/459] PADY
[02:06:34] [292/459] NYBH
[02:06:35] 🔄 Identity reset
[02:06:35] 🔄 Identity rotated (every 10 requests)
[02:06:35] [293/459] MTBR
[02:06:36] [294/459] KRBC
[02:06:37] [295/459] DKTI
[02:06:37] [296/459] ANAN
[02:06:38] [297/459] INBP
[02:06:38] [298/459] PATB
[02:06:39] [299/459] RGNT
[02:06:40] [300/459] CGPM
[02:06:41] [301/459] INTN
[02:06:41] [302/459] MCMP
[02:06:42] 🔄 Identity reset
[02:06:42] 🔄 Identity rotated (every 10 requests)
[02:06:42] 🔄 Retry 1/5 for MCMP in 2.1s
[02:06:42] 🔄 Identity reset
[02:06:44] 🧠 New identity created
[02:06:44] 🔄 Retry 2/5 for MCMP in 4.7s
[02:06:44] 🔄 Identity reset
[02:06:49] 🧠 New identity created
[02:06:49] [303/459] ASRG
[02:06:50] [304/459] CXJD
[02:06:50] [305/459] SPCP
[02:06:51] [306/459] CSTP
[02:06:52] [307/459] PKVC
[02:06:52] [308/459] ESCP
[02:06:53] [309/459] CAEP
[02:06:53] [310/459] CCSP
[02:06:54] 🔄 Identity reset
[02:06:54] 🔄 Identity rotated (every 10 requests)
[02:06:54] [311/459] KTPC
[02:06:55] [312/459] DACA
[02:06:56] [313/459] NVKY
[02:06:56] [314/459] PTIN
[02:06:57] [315/459] SCIN
[02:06:57] [316/459] MCTY
[02:06:58] [317/459] PCMX
[02:06:59] [318/459] INIC
[02:06:59] [319/459] MMZM
[02:07:00] [320/459] SSLP
[02:07:01] 🔄 Identity reset
[02:07:01] 🔄 Identity rotated (every 10 requests)
[02:07:01] [321/459] DTDT
[02:07:01] [322/459] FFCX
[02:07:02] [323/459] RCMM
[02:07:02] [324/459] KYID
[02:07:03] [325/459] CSCI
[02:07:04] [326/459] FCMC
[02:07:04] [327/459] MMXI
[02:07:05] [328/459] ASTC
[02:07:06] [329/459] CMRA
[02:07:07] [330/459] DICI
[02:07:07] 🔄 Identity reset
[02:07:07] 🔄 Identity rotated (every 10 requests)
[02:07:07] [331/459] KDIN
[02:07:08] [332/459] PRFI
[02:07:09] [333/459] SVFC
[02:07:09] [334/459] UCPL
[02:07:10] [335/459] COOC
[02:07:11] [336/459] SCAL
[02:07:12] [337/459] SVFF
[02:07:12] [338/459] VCMG
[02:07:13] [339/459] UUCT
[02:07:13] [340/459] GCSE
[02:07:14] 🔄 Identity reset
[02:07:14] 🔄 Identity rotated (every 10 requests)
[02:07:14] [341/459] SUSC
[02:07:15] [342/459] MISC
[02:07:15] [343/459] RMBL
[02:07:16] [344/459] CMXN
[02:07:17] [345/459] PVBK
[02:07:18] [346/459] HHCG
[02:07:18] [347/459] SCAG
[02:07:19] [348/459] CNPR
[02:07:19] [349/459] CSER
[02:07:20] [350/459] HLWD
[02:07:21] 🔄 Identity reset
[02:07:21] 🔄 Identity rotated (every 10 requests)
[02:07:21] [351/459] BOLY
[02:07:21] [352/459] SSPG
[02:07:22] [353/459] MUPX
[02:07:23] [354/459] HAMR
[02:07:23] [355/459] SDNC
[02:07:24] [356/459] RTEN
[02:07:24] [357/459] SDTD
[02:07:25] [358/459] KAWS
[02:07:26] [359/459] CMZX
[02:07:26] [360/459] DCDD
[02:07:27] 🔄 Identity reset
[02:07:27] 🔄 Identity rotated (every 10 requests)
[02:07:27] [361/459] ALSN
[02:07:28] [362/459] IMXS
[02:07:28] [363/459] PVFF
[02:07:29] [364/459] PVOO
[02:07:29] [365/459] CFBS
[02:07:30] [366/459] PVER
[02:07:31] [367/459] PPNX
[02:07:31] [368/459] CNRM
[02:07:32] [369/459] PVWW
[02:07:33] [370/459] INMB
[02:07:33] 🔄 Identity reset
[02:07:33] 🔄 Identity rotated (every 10 requests)
[02:07:33] [371/459] CPJR
[02:07:34] [372/459] INRZ
[02:07:35] [373/459] PMSR
[02:07:35] [374/459] GPGM
[02:07:36] [375/459] PGWB
[02:07:37] [376/459] PMBR
[02:07:38] [377/459] GPAM
[02:07:38] [378/459] INBC
[02:07:39] [379/459] PZVK
[02:07:39] [380/459] CPEB
[02:07:40] 🔄 Identity reset
[02:07:40] 🔄 Identity rotated (every 10 requests)
[02:07:40] [381/459] FMLB
[02:07:41] [382/459] INBG
[02:07:41] [383/459] GPBR
[02:07:42] [384/459] PAAS
[02:07:42] [385/459] VTBR
[02:07:43] [386/459] GPMY
[02:07:44] [387/459] GYBU
[02:07:44] [388/459] INBJ
[02:07:45] [389/459] LKTH
[02:07:46] [390/459] NSBR
[02:07:46] 🔄 Identity reset
[02:07:46] 🔄 Identity rotated (every 10 requests)
[02:07:46] [391/459] PDRD
[02:07:47] [392/459] VRBL
[02:07:48] [393/459] VTGB
[02:07:48] [394/459] VTSK
[02:07:49] [395/459] BKDV
[02:07:50] [396/459] SVTB
[02:07:51] [397/459] MLDT
[02:07:51] [398/459] NRBL
[02:07:52] [399/459] SLTR
[02:07:52] [400/459] VNKA
[02:07:53] 🔄 Identity reset
[02:07:53] 🔄 Identity rotated (every 10 requests)
[02:07:53] [401/459] TDCA
[02:07:54] [402/459] INBM
[02:07:54] [403/459] SSNR
[02:07:55] [404/459] BHAC
[02:07:56] [405/459] SDSD
[02:07:56] [406/459] SAMP
[02:07:57] [407/459] RATK
[02:07:58] [408/459] KCBI
[02:07:58] [409/459] URBL
[02:07:59] [410/459] MKBG
[02:08:00] 🔄 Identity reset
[02:08:00] 🔄 Identity rotated (every 10 requests)
[02:08:00] 🔄 Retry 1/5 for MKBG in 2.7s
[02:08:00] 🔄 Identity reset
[02:08:03] 🧠 New identity created
[02:08:03] [411/459] ASTB
[02:08:03] [412/459] VBWT
[02:08:04] [413/459] GPSM
[02:08:05] [414/459] ROON
[02:08:05] [415/459] CHTH
[02:08:06] [416/459] SSPA
[02:08:07] [417/459] ANBL
[02:08:07] [418/459] VTBE
[02:08:08] [419/459] SVKT
[02:08:09] 🔄 Identity reset
[02:08:09] 🔄 Identity rotated (every 10 requests)
[02:08:09] [420/459] SVYK
[02:08:09] [421/459] PTBK
[02:08:10] [422/459] RKTB
[02:08:11] [423/459] BALT
[02:08:11] [424/459] STSV
[02:08:12] [425/459] VCCB
[02:08:13] [426/459] SLTB
[02:08:13] [427/459] SBCR
[02:08:14] [428/459] VDCS
[02:08:14] [429/459] MDKI
[02:08:15] 🔄 Identity reset
[02:08:15] 🔄 Identity rotated (every 10 requests)
[02:08:15] [430/459] SMRN
[02:08:16] [431/459] PTBC
[02:08:16] [432/459] RADI
[02:08:17] [433/459] ADCR
[02:08:18] [434/459] SDCS
[02:08:18] [435/459] SRPJ
[02:08:19] [436/459] ARTS
[02:08:20] [437/459] SRHK
[02:08:20] [438/459] SPAY
[02:08:21] [439/459] GPTB
[02:08:21] 🔄 Identity reset
[02:08:21] 🔄 Identity rotated (every 10 requests)
[02:08:22] 🔄 Retry 1/5 for GPTB in 2.8s
[02:08:22] 🔄 Identity reset
[02:08:24] 🧠 New identity created
[02:08:24] [440/459] SNNN
[02:08:25] [441/459] BALJ
[02:08:26] [442/459] TRIG
[02:08:26] [443/459] GTYT
[02:08:27] [444/459] ATGN
[02:08:28] [445/459] ANTE
[02:08:28] [446/459] BDCG
[02:08:29] [447/459] VECI
[02:08:30] [448/459] SCPR
[02:08:30] 🔄 Identity reset
[02:08:30] 🔄 Identity rotated (every 10 requests)
[02:08:30] [449/459] RTEA
[02:08:31] [450/459] JSAI
[02:08:31] [451/459] VJTP
[02:08:32] [452/459] GNDS
[02:08:33] [453/459] PAXA
[02:08:34] [454/459] CGGM
[02:08:34] [455/459] ACKZ
[02:08:35] [456/459] EMCC
[02:08:36] [457/459] KLSK
[02:08:36] [458/459] AVCK
[02:08:37] 🔄 Identity reset
[02:08:37] 🔄 Identity rotated (every 10 requests)
[02:08:37] [459/459] JTCK
[02:08:38] ✅ DONE | Shows=0 | Movies=0
[02:17:48] 🚀 BMS DAILY TRACKER STARTED (enhanced anti‑detection)
[02:17:48] [1/459] NECA
[02:17:49] 🧠 New identity created
[02:17:49] [2/459] BJLC
[02:17:50] [3/459] BASU
[02:17:50] [4/459] RUPI
[02:17:51] [5/459] LCBK
[02:17:52] [6/459] PMAC
[02:17:53] [7/459] AMLC
[02:17:54] [8/459] LICL
[02:17:54] [9/459] UDMM
[02:17:55] [10/459] STBZ
[02:17:56] 🔄 Identity reset
[02:17:56] 🔄 Identity rotated (every 10 requests)
[02:17:56] [11/459] UUBT
[02:17:57] [12/459] SJKC
[02:17:57] [13/459] TUAL
[02:17:58] [14/459] MRSE
[02:17:58] [15/459] RMRK
[02:17:59] [16/459] TTKP
[02:18:00] [17/459] KTKO
[02:18:01] [18/459] SDBK
[02:18:01] [19/459] MCPR
[02:18:02] [20/459] CHTI
[02:18:02] 🔄 Identity reset
[02:18:03] 🔄 Identity rotated (every 10 requests)
[02:18:03] [21/459] GCCP
[02:18:03] [22/459] SRMY
[02:18:04] [23/459] NYST
[02:18:05] [24/459] NYAG
[02:18:05] [25/459] SBMT
[02:18:06] [26/459] INGA
[02:18:07] [27/459] WSIC
[02:18:07] [28/459] SCSS
[02:18:08] [29/459] COPG
[02:18:08] [30/459] RCGR
[02:18:09] 🔄 Identity reset
[02:18:09] 🔄 Identity rotated (every 10 requests)
[02:18:09] 🔄 Retry 1/5 for RCGR in 2.8s
[02:18:09] 🔄 Identity reset
[02:18:12] 🧠 New identity created
[02:18:12] [31/459] TCZA
[02:18:13] [32/459] CNLP
[02:18:13] [33/459] CLKN
[02:18:14] [34/459] LHDF
[02:18:15] [35/459] ELKC
[02:18:15] [36/459] VCEM
[02:18:16] [37/459] SSZA
[02:18:16] [38/459] KRMT
[02:18:17] [39/459] LCMV
[02:18:18] 🔄 Identity reset
[02:18:18] 🔄 Identity rotated (every 10 requests)
[02:18:18] [40/459] AYCZ
[02:18:19] [41/459] CUMS
[02:18:19] [42/459] BOCK
[02:18:20] [43/459] PNMR
[02:18:20] [44/459] PJCP
[02:18:21] [45/459] JDDD
[02:18:21] [46/459] STMS
[02:18:22] [47/459] FLMB
[02:18:23] [48/459] PKCM
[02:18:23] [49/459] SPPR
[02:18:24] 🔄 Identity reset
[02:18:24] 🔄 Identity rotated (every 10 requests)
[02:18:24] [50/459] EYLH
[02:18:25] [51/459] RJCC
[02:18:25] [52/459] MMPS
[02:18:26] [53/459] SHMX
[02:18:27] [54/459] CCNL
[02:18:27] [55/459] RCNV
[02:18:28] [56/459] MAAG
[02:18:29] [57/459] LXCM
[02:18:29] [58/459] RCNI
[02:18:30] [59/459] SNNI
[02:18:30] 🔄 Identity reset
[02:18:30] 🔄 Identity rotated (every 10 requests)
[02:18:30] [60/459] LALC
[02:18:31] [61/459] SOCN
[02:18:32] [62/459] JHTP
[02:18:32] [63/459] PITP
[02:18:33] [64/459] CCKW
[02:18:33] [65/459] MCMC
[02:18:34] [66/459] DEES
[02:18:35] [67/459] SABT
[02:18:35] [68/459] VSPP
[02:18:36] [69/459] ABCT
[02:18:37] 🔄 Identity reset
[02:18:37] 🔄 Identity rotated (every 10 requests)
[02:18:37] [70/459] JVTB
[02:18:37] [71/459] VCBD
[02:18:38] [72/459] RMGG
[02:18:39] [73/459] RNMH
[02:18:39] [74/459] SPGL
[02:18:40] [75/459] JTTR
[02:18:40] [76/459] SICS
[02:18:41] [77/459] SRMI
[02:18:42] [78/459] SSIJ
[02:18:42] [79/459] KFMT
[02:18:43] 🔄 Identity reset
[02:18:43] 🔄 Identity rotated (every 10 requests)
[02:18:43] [80/459] VBIT
[02:18:44] [81/459] JKCT
[02:18:44] [82/459] GCGP
[02:18:45] [83/459] GDCS
[02:18:46] [84/459] TRBA
[02:18:46] [85/459] QUST
[02:18:47] [86/459] VSHM
[02:18:47] [87/459] SDCP
[02:18:48] [88/459] SNVS
[02:18:49] [89/459] NYTO
[02:18:49] 🔄 Identity reset
[02:18:49] 🔄 Identity rotated (every 10 requests)
[02:18:49] 🔄 Retry 1/5 for NYTO in 2.6s
[02:18:49] 🔄 Identity reset
[02:18:52] 🧠 New identity created
[02:18:52] [90/459] URWC
[02:18:53] [91/459] GTWH
[02:18:53] [92/459] PFCM
[02:18:54] [93/459] KRTA
[02:18:54] [94/459] AXMC
[02:18:55] [95/459] EVMC
[02:18:56] [96/459] HGSM
[02:18:56] [97/459] ACVM
[02:18:57] [98/459] PSKL
[02:18:57] 🔄 Identity reset
[02:18:57] 🔄 Identity rotated (every 10 requests)
[02:18:57] 🔄 Retry 1/5 for PSKL in 2.5s
[02:18:57] 🔄 Identity reset
[02:19:00] 🧠 New identity created
[02:19:00] 🔄 Retry 2/5 for PSKL in 4.0s
[02:19:00] 🔄 Identity reset
[02:19:04] 🧠 New identity created
[02:19:04] [99/459] RDMP
[02:19:05] [100/459] RHGH
[02:19:05] [101/459] OMCM
[02:19:06] [102/459] DCCP
[02:19:06] [103/459] MCPB
[02:19:07] [104/459] ALCI
[02:19:07] [105/459] BLMX
[02:19:08] [106/459] BTMV
[02:19:09] 🔄 Identity reset
[02:19:09] 🔄 Identity rotated (every 10 requests)
[02:19:09] 🔄 Retry 1/5 for BTMV in 2.7s
[02:19:09] 🔄 Identity reset
[02:19:11] 🧠 New identity created
[02:19:12] [107/459] FVPN
[02:19:12] [108/459] CMAR
[02:19:13] [109/459] CEIM
[02:19:14] [110/459] CMVA
[02:19:14] [111/459] CPIV
[02:19:15] [112/459] CNPE
[02:19:16] [113/459] COLV
[02:19:17] [114/459] DNNV
[02:19:17] [115/459] HCAD
[02:19:18] 🔄 Identity reset
[02:19:18] 🔄 Identity rotated (every 10 requests)
[02:19:18] 🔄 Retry 1/5 for HCAD in 2.2s
[02:19:18] 🔄 Identity reset
[02:19:20] 🧠 New identity created
[02:19:20] [116/459] TAKA
[02:19:21] [117/459] INVD
[02:19:22] [118/459] IRMM
[02:19:22] [119/459] INSE
[02:19:23] [120/459] MRSW
[02:19:24] [121/459] MCVD
[02:19:24] [122/459] MCSO
[02:19:25] [123/459] PEVM
[02:19:26] [124/459] PVNL
[02:19:26] 🔄 Identity reset
[02:19:26] 🔄 Identity rotated (every 10 requests)
[02:19:26] 🔄 Retry 1/5 for PVNL in 3.0s
[02:19:26] 🔄 Identity reset
[02:19:29] 🧠 New identity created
[02:19:30] 🔄 Retry 2/5 for PVNL in 4.5s
[02:19:30] 🔄 Identity reset
[02:19:34] 🧠 New identity created
[02:19:34] [125/459] PTCV
[02:19:35] [126/459] PRTC
[02:19:35] [127/459] RCVA
[02:19:36] [128/459] MTBN
[02:19:37] [129/459] LUCP
[02:19:38] [130/459] FMPT
[02:19:38] [131/459] JLSL
[02:19:39] [132/459] SBHA
[02:19:40] 🔄 Identity reset
[02:19:40] 🔄 Identity rotated (every 10 requests)
[02:19:40] [133/459] SHRC
[02:19:41] [134/459] AVPS
[02:19:41] [135/459] STPM
[02:19:42] [136/459] ATRD
[02:19:42] [137/459] VTED
[02:19:43] [138/459] ACAI
[02:19:44] [139/459] SMAE
[02:19:44] [140/459] VMAT
[02:19:45] [141/459] LKCT
[02:19:46] [142/459] JTVK
[02:19:46] 🔄 Identity reset
[02:19:46] 🔄 Identity rotated (every 10 requests)
[02:19:46] 🔄 Retry 1/5 for JTVK in 2.4s
[02:19:46] 🔄 Identity reset
[02:19:49] 🧠 New identity created
[02:19:49] 🔄 Retry 2/5 for JTVK in 4.6s
[02:19:49] 🔄 Identity reset
[02:19:53] 🧠 New identity created
[02:19:54] [143/459] PRTY
[02:19:54] [144/459] GETT
[02:19:55] [145/459] ESAP
[02:19:55] [146/459] NCPM
[02:19:56] [147/459] PCPA
[02:19:57] [148/459] MMOM
[02:19:57] [149/459] PHUP
[02:19:58] [150/459] CCPI
[02:19:59] 🔄 Identity reset
[02:19:59] 🔄 Identity rotated (every 10 requests)
[02:19:59] [151/459] CNTD
[02:19:59] [152/459] NLJR
[02:20:00] [153/459] SRNG
[02:20:00] [154/459] MHAL
[02:20:01] [155/459] PNSM
[02:20:02] [156/459] DRMY
[02:20:02] [157/459] CCMU
[02:20:03] [158/459] SCMY
[02:20:04] [159/459] PVSY
[02:20:04] [160/459] SDLM
[02:20:05] 🔄 Identity reset
[02:20:05] 🔄 Identity rotated (every 10 requests)
[02:20:05] 🔄 Retry 1/5 for SDLM in 3.0s
[02:20:05] 🔄 Identity reset
[02:20:08] 🧠 New identity created
[02:20:08] [161/459] ICCM
[02:20:09] [162/459] PYSU
[02:20:09] [163/459] GATM
[02:20:10] [164/459] WOTM
[02:20:11] [165/459] RKTS
[02:20:12] [166/459] PMTY
[02:20:12] [167/459] LYMS
[02:20:13] [168/459] TGCA
[02:20:13] [169/459] DSTA
[02:20:14] 🔄 Identity reset
[02:20:14] 🔄 Identity rotated (every 10 requests)
[02:20:14] [170/459] CNGE
[02:20:15] [171/459] VSTG
[02:20:15] [172/459] GTCK
[02:20:16] [173/459] TGNT
[02:20:16] [174/459] ASLC
[02:20:17] [175/459] SSST
[02:20:17] [176/459] KBTT
[02:20:18] [177/459] HKCP
[02:20:19] [178/459] SWLC
[02:20:19] [179/459] RTND
[02:20:20] 🔄 Identity reset
[02:20:20] 🔄 Identity rotated (every 10 requests)
[02:20:20] [180/459] PKKT
[02:20:21] [181/459] HSTK
[02:20:22] [182/459] SPTT
[02:20:22] [183/459] IMPM
[02:20:23] [184/459] SCMV
[02:20:23] [185/459] SPCT
[02:20:24] [186/459] JBCA
[02:20:25] [187/459] ATTR
[02:20:25] [188/459] SPMT
[02:20:26] [189/459] LCTM
[02:20:27] 🔄 Identity reset
[02:20:27] 🔄 Identity rotated (every 10 requests)
[02:20:27] [190/459] SCVL
[02:20:27] [191/459] SCVT
[02:20:28] [192/459] KRIC
[02:20:29] [193/459] CTMG
[02:20:29] [194/459] ACNC
[02:20:30] [195/459] DMCK
[02:20:30] [196/459] KMTV
[02:20:31] [197/459] PFCJ
[02:20:32] [198/459] VNMD
[02:20:32] [199/459] VPCZ
[02:20:33] 🔄 Identity reset
[02:20:33] 🔄 Identity rotated (every 10 requests)
[02:20:33] 🔄 Retry 1/5 for VPCZ in 2.3s
[02:20:33] 🔄 Identity reset
[02:20:35] 🧠 New identity created
[02:20:35] 🔄 Retry 2/5 for VPCZ in 4.6s
[02:20:35] 🔄 Identity reset
[02:20:40] 🧠 New identity created
[02:20:40] 🔄 Retry 3/5 for VPCZ in 8.2s
[02:20:40] 🔄 Identity reset
[02:20:48] 🧠 New identity created
[02:20:48] [200/459] SRYR
[02:20:49] [201/459] SYTR
[02:20:50] [202/459] GATR
[02:20:50] [203/459] URTR
[02:20:51] [204/459] MKSM
[02:20:51] [205/459] VSMH
[02:20:52] [206/459] SKRJ
[02:20:53] 🔄 Identity reset
[02:20:53] 🔄 Identity rotated (every 10 requests)
[02:20:53] 🔄 Retry 1/5 for SKRJ in 2.0s
[02:20:53] 🔄 Identity reset
[02:20:55] 🧠 New identity created
[02:20:55] 🔄 Retry 2/5 for SKRJ in 4.8s
[02:20:55] 🔄 Identity reset
[02:21:00] 🧠 New identity created
[02:21:00] [207/459] SSJR
[02:21:00] [208/459] SVSM
[02:21:01] [209/459] RUCM
[02:21:02] [210/459] PRKN
[02:21:02] [211/459] RROH
[02:21:03] [212/459] SCTN
[02:21:04] [213/459] RTDM
[02:21:04] [214/459] ASRM
[02:21:05] 🔄 Identity reset
[02:21:05] 🔄 Identity rotated (every 10 requests)
[02:21:05] 🔄 Retry 1/5 for ASRM in 2.6s
[02:21:05] 🔄 Identity reset
[02:21:08] 🧠 New identity created
[02:21:08] [215/459] SKMD
[02:21:08] [216/459] SUTD
[02:21:09] [217/459] SADM
[02:21:10] [218/459] WCNR
[02:21:10] [219/459] CNED
[02:21:11] [220/459] MPDB
[02:21:12] [221/459] KTBH
[02:21:13] [222/459] IDRM
[02:21:13] [223/459] PJJT
[02:21:14] 🔄 Identity reset
[02:21:14] 🔄 Identity rotated (every 10 requests)
[02:21:14] [224/459] PFCV
[02:21:14] [225/459] AACT
[02:21:15] [226/459] AAAD
[02:21:16] [227/459] ANES
[02:21:17] [228/459] MNCA
[02:21:17] [229/459] RMGU
[02:21:18] [230/459] DLCN
[02:21:18] [231/459] LJWT
[02:21:19] [232/459] MCBG
[02:21:20] [233/459] MYBG
[02:21:20] 🔄 Identity reset
[02:21:20] 🔄 Identity rotated (every 10 requests)
[02:21:20] [234/459] GCCA
[02:21:21] [235/459] GCGA
[02:21:22] [236/459] ECGN
[02:21:22] [237/459] PRAB
[02:21:23] [238/459] PNMP
[02:21:24] [239/459] GCPT
[02:21:24] [240/459] ROYN
[02:21:25] [241/459] VATM
[02:21:25] [242/459] KSNT
[02:21:26] [243/459] ACTC
[02:21:27] 🔄 Identity reset
[02:21:27] 🔄 Identity rotated (every 10 requests)
[02:21:27] 🔄 Retry 1/5 for ACTC in 2.9s
[02:21:27] 🔄 Identity reset
[02:21:30] 🧠 New identity created
[02:21:30] [244/459] PLTD
[02:21:31] [245/459] SKMK
[02:21:31] [246/459] CMTT
[02:21:32] [247/459] SMXP
[02:21:33] [248/459] SCMX
[02:21:33] [249/459] ACXN
[02:21:34] [250/459] ASWT
[02:21:35] [251/459] VVVL
[02:21:35] [252/459] NAGO
[02:21:36] 🔄 Identity reset
[02:21:36] 🔄 Identity rotated (every 10 requests)
[02:21:36] 🔄 Retry 1/5 for NAGO in 2.0s
[02:21:36] 🔄 Identity reset
[02:21:38] 🧠 New identity created
[02:21:38] [253/459] SNCN
[02:21:39] [254/459] MCKP
[02:21:39] [255/459] SAMO
[02:21:40] [256/459] JBTV
[02:21:41] [257/459] DCVV
[02:21:41] [258/459] KMSV
[02:21:42] [259/459] KDCN
[02:21:43] [260/459] CNCP
[02:21:44] [261/459] HAMC
[02:21:44] 🔄 Identity reset
[02:21:44] 🔄 Identity rotated (every 10 requests)
[02:21:44] [262/459] CCVZ
[02:21:45] [263/459] NCCK
[02:21:45] [264/459] MCHR
[02:21:46] [265/459] SCHT
[02:21:47] [266/459] ESSH
[02:21:47] [267/459] CUJC
[02:21:48] [268/459] PECP
[02:21:49] [269/459] PMMI
[02:21:49] [270/459] PCCH
[02:21:50] [271/459] PRPM
[02:21:50] 🔄 Identity reset
[02:21:50] 🔄 Identity rotated (every 10 requests)
[02:21:51] [272/459] PVKL
[02:21:51] [273/459] CBSM
[02:21:52] [274/459] PVCZ
[02:21:53] [275/459] PCVV
[02:21:53] [276/459] CTMJ
[02:21:54] [277/459] RCPS
[02:21:54] [278/459] PCIT
[02:21:55] [279/459] FNCH
[02:21:56] [280/459] INZD
[02:21:56] [281/459] INPC
[02:21:57] 🔄 Identity reset
[02:21:57] 🔄 Identity rotated (every 10 requests)
[02:21:57] [282/459] LCZP
[02:21:58] [283/459] SMCB
[02:21:58] [284/459] PTSB
[02:21:59] [285/459] TPSI
[02:22:00] [286/459] KHMJ
[02:22:01] [287/459] RCCJ
[02:22:01] [288/459] NCJA
[02:22:02] [289/459] NCJN
[02:22:03] [290/459] BTDP
[02:22:03] [291/459] PADY
[02:22:04] 🔄 Identity reset
[02:22:04] 🔄 Identity rotated (every 10 requests)
[02:22:04] [292/459] NYBH
[02:22:05] [293/459] MTBR
[02:22:05] [294/459] KRBC
[02:22:06] [295/459] DKTI
[02:22:07] [296/459] ANAN
[02:22:07] [297/459] INBP
[02:22:08] [298/459] PATB
[02:22:09] [299/459] RGNT
[02:22:10] [300/459] CGPM
[02:22:10] [301/459] INTN
[02:22:11] 🔄 Identity reset
[02:22:11] 🔄 Identity rotated (every 10 requests)
[02:22:11] 🔄 Retry 1/5 for INTN in 2.3s
[02:22:11] 🔄 Identity reset
[02:22:13] 🧠 New identity created
[02:22:13] [302/459] MCMP
[02:22:14] [303/459] ASRG
[02:22:15] [304/459] CXJD
[02:22:15] [305/459] SPCP
[02:22:16] [306/459] CSTP
[02:22:16] [307/459] PKVC
[02:22:17] [308/459] ESCP
[02:22:18] [309/459] CAEP
[02:22:18] [310/459] CCSP
[02:22:19] 🔄 Identity reset
[02:22:19] 🔄 Identity rotated (every 10 requests)
[02:22:19] [311/459] KTPC
[02:22:20] [312/459] DACA
[02:22:20] [313/459] NVKY
[02:22:21] [314/459] PTIN
[02:22:22] [315/459] SCIN
[02:22:22] [316/459] MCTY
[02:22:23] [317/459] PCMX
[02:22:24] [318/459] INIC
[02:22:24] [319/459] MMZM
[02:22:25] [320/459] SSLP
[02:22:26] 🔄 Identity reset
[02:22:26] 🔄 Identity rotated (every 10 requests)
[02:22:26] 🔄 Retry 1/5 for SSLP in 2.6s
[02:22:26] 🔄 Identity reset
[02:22:28] 🧠 New identity created
[02:22:28] 🔄 Retry 2/5 for SSLP in 4.8s
[02:22:28] 🔄 Identity reset
[02:22:33] 🧠 New identity created
[02:22:33] [321/459] DTDT
[02:22:34] [322/459] FFCX
[02:22:35] [323/459] RCMM
[02:22:35] [324/459] KYID
[02:22:36] [325/459] CSCI
[02:22:37] [326/459] FCMC
[02:22:37] [327/459] MMXI
[02:22:38] [328/459] ASTC
[02:22:39] 🔄 Identity reset
[02:22:39] 🔄 Identity rotated (every 10 requests)
[02:22:39] [329/459] CMRA
[02:22:39] [330/459] DICI
[02:22:40] [331/459] KDIN
[02:22:41] [332/459] PRFI
[02:22:41] [333/459] SVFC
[02:22:42] [334/459] UCPL
[02:22:43] [335/459] COOC
[02:22:43] [336/459] SCAL
[02:22:44] [337/459] SVFF
[02:22:44] [338/459] VCMG
[02:22:45] 🔄 Identity reset
[02:22:45] 🔄 Identity rotated (every 10 requests)
[02:22:45] [339/459] UUCT
[02:22:46] [340/459] GCSE
[02:22:46] [341/459] SUSC
[02:22:47] [342/459] MISC
[02:22:48] [343/459] RMBL
[02:22:48] [344/459] CMXN
[02:22:49] [345/459] PVBK
[02:22:50] [346/459] HHCG
[02:22:50] [347/459] SCAG
[02:22:51] [348/459] CNPR
[02:22:52] 🔄 Identity reset
[02:22:52] 🔄 Identity rotated (every 10 requests)
[02:22:52] [349/459] CSER
[02:22:52] [350/459] HLWD
[02:22:53] [351/459] BOLY
[02:22:53] [352/459] SSPG
[02:22:54] [353/459] MUPX
[02:22:55] [354/459] HAMR
[02:22:55] [355/459] SDNC
[02:22:56] [356/459] RTEN
[02:22:57] [357/459] SDTD
[02:22:58] [358/459] KAWS
[02:22:58] 🔄 Identity reset
[02:22:58] 🔄 Identity rotated (every 10 requests)
[02:22:58] [359/459] CMZX
[02:22:59] [360/459] DCDD
[02:23:00] [361/459] ALSN
[02:23:00] [362/459] IMXS
[02:23:01] [363/459] PVFF
[02:23:02] [364/459] PVOO
[02:23:02] [365/459] CFBS
[02:23:03] [366/459] PVER
[02:23:04] [367/459] PPNX
[02:23:04] [368/459] CNRM
[02:23:05] 🔄 Identity reset
[02:23:05] 🔄 Identity rotated (every 10 requests)
[02:23:05] [369/459] PVWW
[02:23:06] [370/459] INMB
[02:23:06] [371/459] CPJR
[02:23:07] [372/459] INRZ
[02:23:08] [373/459] PMSR
[02:23:08] [374/459] GPGM
[02:23:09] [375/459] PGWB
[02:23:10] [376/459] PMBR
[02:23:10] [377/459] GPAM
[02:23:11] [378/459] INBC
[02:23:12] 🔄 Identity reset
[02:23:12] 🔄 Identity rotated (every 10 requests)
[02:23:12] 🔄 Retry 1/5 for INBC in 2.2s
[02:23:12] 🔄 Identity reset
[02:23:14] 🧠 New identity created
[02:23:14] [379/459] PZVK
[02:23:15] [380/459] CPEB
[02:23:15] [381/459] FMLB
[02:23:16] [382/459] INBG
[02:23:17] [383/459] GPBR
[02:23:17] [384/459] PAAS
[02:23:18] [385/459] VTBR
[02:23:18] [386/459] GPMY
[02:23:19] [387/459] GYBU
[02:23:20] 🔄 Identity reset
[02:23:20] 🔄 Identity rotated (every 10 requests)
[02:23:20] [388/459] INBJ
[02:23:21] [389/459] LKTH
[02:23:21] [390/459] NSBR
[02:23:22] [391/459] PDRD
[02:23:23] [392/459] VRBL
[02:23:23] [393/459] VTGB
[02:23:24] [394/459] VTSK
[02:23:25] [395/459] BKDV
[02:23:25] [396/459] SVTB
[02:23:26] [397/459] MLDT
[02:23:26] 🔄 Identity reset
[02:23:26] 🔄 Identity rotated (every 10 requests)
[02:23:27] [398/459] NRBL
[02:23:27] [399/459] SLTR
[02:23:28] [400/459] VNKA
[02:23:29] [401/459] TDCA
[02:23:29] [402/459] INBM
[02:23:30] [403/459] SSNR
[02:23:31] [404/459] BHAC
[02:23:31] [405/459] SDSD
[02:23:32] [406/459] SAMP
[02:23:32] [407/459] RATK
[02:23:33] 🔄 Identity reset
[02:23:33] 🔄 Identity rotated (every 10 requests)
[02:23:33] 🔄 Retry 1/5 for RATK in 3.0s
[02:23:33] 🔄 Identity reset
[02:23:36] 🧠 New identity created
[02:23:36] [408/459] KCBI
[02:23:37] [409/459] URBL
[02:23:38] [410/459] MKBG
[02:23:38] [411/459] ASTB
[02:23:39] [412/459] VBWT
[02:23:39] [413/459] GPSM
[02:23:40] [414/459] ROON
[02:23:41] [415/459] CHTH
[02:23:41] [416/459] SSPA
[02:23:42] 🔄 Identity reset
[02:23:42] 🔄 Identity rotated (every 10 requests)
[02:23:42] [417/459] ANBL
[02:23:43] [418/459] VTBE
[02:23:43] [419/459] SVKT
[02:23:44] [420/459] SVYK
[02:23:45] [421/459] PTBK
[02:23:45] [422/459] RKTB
[02:23:46] [423/459] BALT
[02:23:46] [424/459] STSV
[02:23:47] [425/459] VCCB
[02:23:47] [426/459] SLTB
[02:23:48] 🔄 Identity reset
[02:23:48] 🔄 Identity rotated (every 10 requests)
[02:23:48] [427/459] SBCR
[02:23:49] [428/459] VDCS
[02:23:50] [429/459] MDKI
[02:23:50] [430/459] SMRN
[02:23:51] [431/459] PTBC
[02:23:52] [432/459] RADI
[02:23:52] [433/459] ADCR
[02:23:53] [434/459] SDCS
[02:23:54] [435/459] SRPJ
[02:23:54] [436/459] ARTS
[02:23:55] 🔄 Identity reset
[02:23:55] 🔄 Identity rotated (every 10 requests)
[02:23:55] [437/459] SRHK
[02:23:56] [438/459] SPAY
[02:23:57] [439/459] GPTB
[02:23:57] [440/459] SNNN
[02:23:58] [441/459] BALJ
[02:23:59] [442/459] TRIG
[02:23:59] [443/459] GTYT
[02:24:00] [444/459] ATGN
[02:24:01] [445/459] ANTE
[02:24:01] [446/459] BDCG
[02:24:02] 🔄 Identity reset
[02:24:02] 🔄 Identity rotated (every 10 requests)
[02:24:02] [447/459] VECI
[02:24:03] [448/459] SCPR
[02:24:03] [449/459] RTEA
[02:24:04] [450/459] JSAI
[02:24:05] [451/459] VJTP
[02:24:05] [452/459] GNDS
[02:24:06] [453/459] PAXA
[02:24:06] [454/459] CGGM
[02:24:07] [455/459] ACKZ
[02:24:08] [456/459] EMCC
[02:24:08] 🔄 Identity reset
[02:24:08] 🔄 Identity rotated (every 10 requests)
[02:24:08] 🔄 Retry 1/5 for EMCC in 2.9s
[02:24:08] 🔄 Identity reset
[02:24:11] 🧠 New identity created
[02:24:11] [457/459] KLSK
[02:24:12] [458/459] AVCK
[02:24:12] [459/459] JTCK
[02:24:13] ✅ DONE | Shows=0 | Movies=0
[02:59:16] 🚀 BMS DAILY TRACKER STARTED (enhanced anti‑detection)
[02:59:16] [1/459] NECA
[02:59:17] 🧠 New identity created
[02:59:17] [2/459] BJLC
[02:59:18] [3/459] BASU
[02:59:19] [4/459] RUPI
[02:59:20] [5/459] LCBK
[02:59:21] [6/459] PMAC
[02:59:21] [7/459] AMLC
[02:59:22] [8/459] LICL
[02:59:23] [9/459] UDMM
[02:59:24] [10/459] STBZ
[02:59:25] 🔄 Identity reset
[02:59:25] 🔄 Identity rotated (every 10 requests)
[02:59:25] [11/459] UUBT
[02:59:26] [12/459] SJKC
[02:59:26] [13/459] TUAL
[02:59:27] [14/459] MRSE
[02:59:28] [15/459] RMRK
[02:59:29] [16/459] TTKP
[02:59:30] [17/459] KTKO
[02:59:31] [18/459] SDBK
[02:59:32] [19/459] MCPR
[02:59:33] [20/459] CHTI
[02:59:33] 🔄 Identity reset
[02:59:33] 🔄 Identity rotated (every 10 requests)
[02:59:34] [21/459] GCCP
[02:59:34] [22/459] SRMY
[02:59:35] [23/459] NYST
[02:59:36] [24/459] NYAG
[02:59:37] [25/459] SBMT
[02:59:38] [26/459] INGA
[02:59:39] [27/459] WSIC
[02:59:40] [28/459] SCSS
[02:59:41] [29/459] COPG
[02:59:42] [30/459] RCGR
[02:59:42] 🔄 Identity reset
[02:59:42] 🔄 Identity rotated (every 10 requests)
[02:59:43] [31/459] TCZA
[02:59:43] [32/459] CNLP
[02:59:45] [33/459] CLKN
[02:59:45] [34/459] LHDF
[02:59:46] [35/459] ELKC
[02:59:47] [36/459] VCEM
[02:59:48] [37/459] SSZA
[02:59:49] [38/459] KRMT
[02:59:50] [39/459] LCMV
[02:59:50] [40/459] AYCZ
[02:59:51] 🔄 Identity reset
[02:59:51] 🔄 Identity rotated (every 10 requests)
[02:59:51] [41/459] CUMS
[02:59:52] [42/459] BOCK
[02:59:54] [43/459] PNMR
[02:59:55] [44/459] PJCP
[02:59:56] [45/459] JDDD
[02:59:57] [46/459] STMS
[02:59:58] [47/459] FLMB
[02:59:59] [48/459] PKCM
[02:59:59] [49/459] SPPR
[03:00:00] [50/459] EYLH
[03:00:01] 🔄 Identity reset
[03:00:01] 🔄 Identity rotated (every 10 requests)
[03:00:02] [51/459] RJCC
[03:00:03] [52/459] MMPS
[03:00:04] [53/459] SHMX
[03:00:05] [54/459] CCNL
[03:00:06] [55/459] RCNV
[03:00:07] [56/459] MAAG
[03:00:08] [57/459] LXCM
[03:00:09] [58/459] RCNI
[03:00:10] [59/459] SNNI
[03:00:11] [60/459] LALC
[03:00:11] 🔄 Identity reset
[03:00:11] 🔄 Identity rotated (every 10 requests)
[03:00:12] [61/459] SOCN
[03:00:13] [62/459] JHTP
[03:00:13] [63/459] PITP
[03:00:14] [64/459] CCKW
[03:00:15] [65/459] MCMC
[03:00:16] [66/459] DEES
[03:00:17] [67/459] SABT
[03:00:18] [68/459] VSPP
[03:00:19] [69/459] ABCT
[03:00:20] [70/459] JVTB
[03:00:20] 🔄 Identity reset
[03:00:20] 🔄 Identity rotated (every 10 requests)
[03:00:21] [71/459] VCBD
[03:00:22] [72/459] RMGG
[03:00:22] [73/459] RNMH
[03:00:24] [74/459] SPGL
[03:00:25] [75/459] JTTR
[03:00:26] [76/459] SICS
[03:00:26] [77/459] SRMI
[03:00:27] [78/459] SSIJ
[03:00:28] [79/459] KFMT
[03:00:29] [80/459] VBIT
[03:00:29] 🔄 Identity reset
[03:00:29] 🔄 Identity rotated (every 10 requests)
[03:00:30] [81/459] JKCT
[03:00:31] [82/459] GCGP
[03:00:31] [83/459] GDCS
[03:00:32] [84/459] TRBA
[03:00:33] [85/459] QUST
[03:00:34] [86/459] VSHM
[03:00:36] [87/459] SDCP
[03:00:36] [88/459] SNVS
[03:00:37] [89/459] NYTO
[03:00:38] [90/459] URWC
[03:00:39] 🔄 Identity reset
[03:00:39] 🔄 Identity rotated (every 10 requests)
[03:00:39] [91/459] GTWH
[03:00:40] [92/459] PFCM
[03:00:41] [93/459] KRTA
[03:00:42] [94/459] AXMC
[03:00:42] [95/459] EVMC
[03:00:43] [96/459] HGSM
[03:00:44] [97/459] ACVM
[03:00:46] [98/459] PSKL
[03:00:46] [99/459] RDMP
[03:00:47] [100/459] RHGH
[03:00:48] 🔄 Identity reset
[03:00:48] 🔄 Identity rotated (every 10 requests)
[03:00:48] [101/459] OMCM
[03:00:49] [102/459] DCCP
[03:00:50] [103/459] MCPB
[03:00:51] [104/459] ALCI
[03:00:51] [105/459] BLMX
[03:00:52] [106/459] BTMV
[03:00:53] [107/459] FVPN
[03:00:54] [108/459] CMAR
[03:00:55] [109/459] CEIM
[03:00:56] [110/459] CMVA
[03:00:56] 🔄 Identity reset
[03:00:56] 🔄 Identity rotated (every 10 requests)
[03:00:57] [111/459] CPIV
[03:00:58] [112/459] CNPE
[03:00:59] [113/459] COLV
[03:01:00] [114/459] DNNV
[03:01:00] [115/459] HCAD
[03:01:01] [116/459] TAKA
[03:01:02] [117/459] INVD
[03:01:03] [118/459] IRMM
[03:01:04] [119/459] INSE
[03:01:04] [120/459] MRSW
[03:01:05] 🔄 Identity reset
[03:01:05] 🔄 Identity rotated (every 10 requests)
[03:01:05] [121/459] MCVD
[03:01:06] [122/459] MCSO
[03:01:08] [123/459] PEVM
[03:01:08] [124/459] PVNL
[03:01:10] [125/459] PTCV
[03:01:11] [126/459] PRTC
[03:01:11] [127/459] RCVA
[03:01:12] [128/459] MTBN
[03:01:14] [129/459] LUCP
[03:01:15] [130/459] FMPT
[03:01:16] 🔄 Identity reset
[03:01:16] 🔄 Identity rotated (every 10 requests)
[03:01:17] [131/459] JLSL
[03:01:17] [132/459] SBHA
[03:01:18] [133/459] SHRC
[03:01:19] [134/459] AVPS
[03:01:20] [135/459] STPM
[03:01:21] [136/459] ATRD
[03:01:22] [137/459] VTED
[03:01:23] [138/459] ACAI
[03:01:24] [139/459] SMAE
[03:01:24] [140/459] VMAT
[03:01:25] 🔄 Identity reset
[03:01:25] 🔄 Identity rotated (every 10 requests)
[03:01:25] [141/459] LKCT
[03:01:26] [142/459] JTVK
[03:01:27] [143/459] PRTY
[03:01:29] [144/459] GETT
[03:01:30] [145/459] ESAP
[03:01:31] [146/459] NCPM
[03:01:32] [147/459] PCPA
[03:01:32] [148/459] MMOM
[03:01:33] [149/459] PHUP
[03:01:34] [150/459] CCPI
[03:01:35] 🔄 Identity reset
[03:01:35] 🔄 Identity rotated (every 10 requests)
[03:01:35] [151/459] CNTD
[03:01:36] [152/459] NLJR
[03:01:37] [153/459] SRNG
[03:01:38] [154/459] MHAL
[03:01:38] [155/459] PNSM
[03:01:39] [156/459] DRMY
[03:01:40] [157/459] CCMU
[03:01:41] [158/459] SCMY
[03:01:42] [159/459] PVSY
[03:01:43] [160/459] SDLM
[03:01:43] 🔄 Identity reset
[03:01:43] 🔄 Identity rotated (every 10 requests)
[03:01:44] [161/459] ICCM
[03:01:45] [162/459] PYSU
[03:01:46] [163/459] GATM
[03:01:47] [164/459] WOTM
[03:01:48] [165/459] RKTS
[03:01:49] [166/459] PMTY
[03:01:50] [167/459] LYMS
[03:01:50] [168/459] TGCA
[03:01:51] [169/459] DSTA
[03:01:52] [170/459] CNGE
[03:01:52] 🔄 Identity reset
[03:01:52] 🔄 Identity rotated (every 10 requests)
[03:01:53] [171/459] VSTG
[03:01:54] [172/459] GTCK
[03:01:54] [173/459] TGNT
[03:01:55] [174/459] ASLC
[03:01:56] [175/459] SSST
[03:01:57] [176/459] KBTT
[03:01:58] [177/459] HKCP
[03:01:59] [178/459] SWLC
[03:02:00] [179/459] RTND
[03:02:02] [180/459] PKKT
[03:02:02] 🔄 Identity reset
[03:02:02] 🔄 Identity rotated (every 10 requests)
[03:02:03] [181/459] HSTK
[03:02:03] [182/459] SPTT
[03:02:04] [183/459] IMPM
[03:02:05] [184/459] SCMV
[03:02:06] [185/459] SPCT
[03:02:07] [186/459] JBCA
[03:02:08] [187/459] ATTR
[03:02:09] [188/459] SPMT
[03:02:10] [189/459] LCTM
[03:02:11] [190/459] SCVL
[03:02:12] 🔄 Identity reset
[03:02:12] 🔄 Identity rotated (every 10 requests)
[03:02:12] [191/459] SCVT
[03:02:13] [192/459] KRIC
[03:02:14] [193/459] CTMG
[03:02:15] [194/459] ACNC
[03:02:16] [195/459] DMCK
[03:02:17] [196/459] KMTV
[03:02:18] [197/459] PFCJ
[03:02:18] [198/459] VNMD
[03:02:19] [199/459] VPCZ
[03:02:20] [200/459] SRYR
[03:02:21] 🔄 Identity reset
[03:02:21] 🔄 Identity rotated (every 10 requests)
[03:02:21] [201/459] SYTR
[03:02:22] [202/459] GATR
[03:02:23] [203/459] URTR
[03:02:24] [204/459] MKSM
[03:02:25] [205/459] VSMH
[03:02:26] [206/459] SKRJ
[03:02:27] [207/459] SSJR
[03:02:28] [208/459] SVSM
[03:02:29] [209/459] RUCM
[03:02:29] [210/459] PRKN
[03:02:30] 🔄 Identity reset
[03:02:30] 🔄 Identity rotated (every 10 requests)
[03:02:30] 🔄 Retry 1/5 for PRKN in 2.6s
[03:02:30] 🔄 Identity reset
[03:02:33] 🧠 New identity created
[03:02:33] [211/459] RROH
[03:02:34] [212/459] SCTN
[03:02:35] [213/459] RTDM
[03:02:36] [214/459] ASRM
[03:02:37] [215/459] SKMD
[03:02:38] [216/459] SUTD
[03:02:38] [217/459] SADM
[03:02:40] [218/459] WCNR
[03:02:41] [219/459] CNED
[03:02:41] 🔄 Identity reset
[03:02:41] 🔄 Identity rotated (every 10 requests)
[03:02:42] [220/459] MPDB
[03:02:42] [221/459] KTBH
[03:02:43] [222/459] IDRM
[03:02:44] [223/459] PJJT
[03:02:45] [224/459] PFCV
[03:02:47] [225/459] AACT
[03:02:48] [226/459] AAAD
[03:02:49] [227/459] ANES
[03:02:50] [228/459] MNCA
[03:02:50] [229/459] RMGU
[03:02:51] 🔄 Identity reset
[03:02:51] 🔄 Identity rotated (every 10 requests)
[03:02:51] [230/459] DLCN
[03:02:52] [231/459] LJWT
[03:02:53] [232/459] MCBG
[03:02:54] [233/459] MYBG
[03:02:54] [234/459] GCCA
[03:02:56] [235/459] GCGA
[03:02:57] [236/459] ECGN
[03:02:58] [237/459] PRAB
[03:02:59] [238/459] PNMP
[03:03:00] [239/459] GCPT
[03:03:01] 🔄 Identity reset
[03:03:01] 🔄 Identity rotated (every 10 requests)
[03:03:01] [240/459] ROYN
[03:03:02] [241/459] VATM
[03:03:03] [242/459] KSNT
[03:03:04] [243/459] ACTC
[03:03:05] [244/459] PLTD
[03:03:05] [245/459] SKMK
[03:03:06] [246/459] CMTT
[03:03:07] [247/459] SMXP
[03:03:08] [248/459] SCMX
[03:03:09] [249/459] ACXN
[03:03:09] 🔄 Identity reset
[03:03:09] 🔄 Identity rotated (every 10 requests)
[03:03:09] 🔄 Retry 1/5 for ACXN in 2.5s
[03:03:09] 🔄 Identity reset
[03:03:12] 🧠 New identity created
[03:03:13] [250/459] ASWT
[03:03:14] [251/459] VVVL
[03:03:14] [252/459] NAGO
[03:03:15] [253/459] SNCN
[03:03:16] [254/459] MCKP
[03:03:17] [255/459] SAMO
[03:03:19] [256/459] JBTV
[03:03:20] [257/459] DCVV
[03:03:20] [258/459] KMSV
[03:03:21] 🔄 Identity reset
[03:03:21] 🔄 Identity rotated (every 10 requests)
[03:03:21] [259/459] KDCN
[03:03:23] [260/459] CNCP
[03:03:24] [261/459] HAMC
[03:03:26] [262/459] CCVZ
[03:03:26] [263/459] NCCK
[03:03:27] [264/459] MCHR
[03:03:29] [265/459] SCHT
[03:03:30] [266/459] ESSH
[03:03:31] [267/459] CUJC
[03:03:32] [268/459] PECP
[03:03:33] 🔄 Identity reset
[03:03:33] 🔄 Identity rotated (every 10 requests)
[03:03:33] [269/459] PMMI
[03:03:34] [270/459] PCCH
[03:03:35] [271/459] PRPM
[03:03:36] [272/459] PVKL
[03:03:37] [273/459] CBSM
[03:03:38] [274/459] PVCZ
[03:03:39] [275/459] PCVV
[03:03:40] [276/459] CTMJ
[03:03:40] [277/459] RCPS
[03:03:41] [278/459] PCIT
[03:03:42] 🔄 Identity reset
[03:03:42] 🔄 Identity rotated (every 10 requests)
[03:03:42] [279/459] FNCH
[03:03:43] [280/459] INZD
[03:03:44] [281/459] INPC
[03:03:45] [282/459] LCZP
[03:03:46] [283/459] SMCB
[03:03:46] [284/459] PTSB
[03:03:48] [285/459] TPSI
[03:03:48] [286/459] KHMJ
[03:03:49] [287/459] RCCJ
[03:03:50] [288/459] NCJA
[03:03:51] 🔄 Identity reset
[03:03:51] 🔄 Identity rotated (every 10 requests)
[03:03:51] 🔄 Retry 1/5 for NCJA in 2.1s
[03:03:51] 🔄 Identity reset
[03:03:53] 🧠 New identity created
[03:03:53] [289/459] NCJN
[03:03:54] [290/459] BTDP
[03:03:55] [291/459] PADY
[03:03:56] [292/459] NYBH
[03:03:57] [293/459] MTBR
[03:03:57] [294/459] KRBC
[03:03:59] [295/459] DKTI
[03:04:00] [296/459] ANAN
[03:04:00] [297/459] INBP
[03:04:01] 🔄 Identity reset
[03:04:01] 🔄 Identity rotated (every 10 requests)
[03:04:01] [298/459] PATB
[03:04:02] [299/459] RGNT
[03:04:03] [300/459] CGPM
[03:04:04] [301/459] INTN
[03:04:05] [302/459] MCMP
[03:04:05] [303/459] ASRG
[03:04:06] [304/459] CXJD
[03:04:08] [305/459] SPCP
[03:04:09] [306/459] CSTP
[03:04:10] [307/459] PKVC
[03:04:10] 🔄 Identity reset
[03:04:10] 🔄 Identity rotated (every 10 requests)
[03:04:10] [308/459] ESCP
[03:04:12] [309/459] CAEP
[03:04:13] [310/459] CCSP
[03:04:14] [311/459] KTPC
[03:04:15] [312/459] DACA
[03:04:16] [313/459] NVKY
[03:04:17] [314/459] PTIN
[03:04:17] [315/459] SCIN
[03:04:18] [316/459] MCTY
[03:04:20] [317/459] PCMX
[03:04:20] 🔄 Identity reset
[03:04:20] 🔄 Identity rotated (every 10 requests)
[03:04:21] [318/459] INIC
[03:04:21] [319/459] MMZM
[03:04:22] [320/459] SSLP
[03:04:23] [321/459] DTDT
[03:04:24] [322/459] FFCX
[03:04:25] [323/459] RCMM
[03:04:26] [324/459] KYID
[03:04:27] [325/459] CSCI
[03:04:28] [326/459] FCMC
[03:04:29] [327/459] MMXI
[03:04:29] 🔄 Identity reset
[03:04:29] 🔄 Identity rotated (every 10 requests)
[03:04:29] [328/459] ASTC
[03:04:30] [329/459] CMRA
[03:04:31] [330/459] DICI
[03:04:32] [331/459] KDIN
[03:04:33] [332/459] PRFI
[03:04:33] [333/459] SVFC
[03:04:34] [334/459] UCPL
[03:04:35] [335/459] COOC
[03:04:36] [336/459] SCAL
[03:04:37] [337/459] SVFF
[03:04:38] 🔄 Identity reset
[03:04:38] 🔄 Identity rotated (every 10 requests)
[03:04:38] [338/459] VCMG
[03:04:39] [339/459] UUCT
[03:04:40] [340/459] GCSE
[03:04:41] [341/459] SUSC
[03:04:41] [342/459] MISC
[03:04:42] [343/459] RMBL
[03:04:43] [344/459] CMXN
[03:04:44] [345/459] PVBK
[03:04:45] [346/459] HHCG
[03:04:46] [347/459] SCAG
[03:04:46] 🔄 Identity reset
[03:04:46] 🔄 Identity rotated (every 10 requests)
[03:04:47] [348/459] CNPR
[03:04:48] [349/459] CSER
[03:04:49] [350/459] HLWD
[03:04:49] [351/459] BOLY
[03:04:50] [352/459] SSPG
[03:04:51] [353/459] MUPX
[03:04:52] [354/459] HAMR
[03:04:53] [355/459] SDNC
[03:04:54] [356/459] RTEN
[03:04:54] [357/459] SDTD
[03:04:55] 🔄 Identity reset
[03:04:55] 🔄 Identity rotated (every 10 requests)
[03:04:55] [358/459] KAWS
[03:04:56] [359/459] CMZX
[03:04:58] [360/459] DCDD
[03:04:58] [361/459] ALSN
[03:04:59] [362/459] IMXS
[03:05:00] [363/459] PVFF
[03:05:01] [364/459] PVOO
[03:05:02] [365/459] CFBS
[03:05:02] [366/459] PVER
[03:05:03] [367/459] PPNX
[03:05:04] 🔄 Identity reset
[03:05:04] 🔄 Identity rotated (every 10 requests)
[03:05:04] [368/459] CNRM
[03:05:06] [369/459] PVWW
[03:05:06] [370/459] INMB
[03:05:07] [371/459] CPJR
[03:05:08] [372/459] INRZ
[03:05:09] [373/459] PMSR
[03:05:10] [374/459] GPGM
[03:05:11] [375/459] PGWB
[03:05:12] [376/459] PMBR
[03:05:13] [377/459] GPAM
[03:05:13] 🔄 Identity reset
[03:05:13] 🔄 Identity rotated (every 10 requests)
[03:05:14] [378/459] INBC
[03:05:15] [379/459] PZVK
[03:05:16] [380/459] CPEB
[03:05:17] [381/459] FMLB
[03:05:18] [382/459] INBG
[03:05:19] [383/459] GPBR
[03:05:20] [384/459] PAAS
[03:05:21] [385/459] VTBR
[03:05:22] [386/459] GPMY
[03:05:23] [387/459] GYBU
[03:05:24] 🔄 Identity reset
[03:05:24] 🔄 Identity rotated (every 10 requests)
[03:05:24] [388/459] INBJ
[03:05:25] [389/459] LKTH
[03:05:26] [390/459] NSBR
[03:05:27] [391/459] PDRD
[03:05:28] [392/459] VRBL
[03:05:29] [393/459] VTGB
[03:05:30] [394/459] VTSK
[03:05:30] [395/459] BKDV
[03:05:31] [396/459] SVTB
[03:05:32] [397/459] MLDT
[03:05:32] 🔄 Identity reset
[03:05:32] 🔄 Identity rotated (every 10 requests)
[03:05:33] [398/459] NRBL
[03:05:35] [399/459] SLTR
[03:05:35] [400/459] VNKA
[03:05:36] [401/459] TDCA
[03:05:37] [402/459] INBM
[03:05:38] [403/459] SSNR
[03:05:39] [404/459] BHAC
[03:05:40] [405/459] SDSD
[03:05:41] [406/459] SAMP
[03:05:42] [407/459] RATK
[03:05:43] 🔄 Identity reset
[03:05:43] 🔄 Identity rotated (every 10 requests)
[03:05:43] [408/459] KCBI
[03:05:45] [409/459] URBL
[03:05:46] [410/459] MKBG
[03:05:46] [411/459] ASTB
[03:05:47] [412/459] VBWT
[03:05:48] [413/459] GPSM
[03:05:49] [414/459] ROON
[03:05:51] [415/459] CHTH
[03:05:52] [416/459] SSPA
[03:05:52] [417/459] ANBL
[03:05:53] 🔄 Identity reset
[03:05:53] 🔄 Identity rotated (every 10 requests)
[03:05:53] [418/459] VTBE
[03:05:54] [419/459] SVKT
[03:05:55] [420/459] SVYK
[03:05:56] [421/459] PTBK
[03:05:57] [422/459] RKTB
[03:05:58] [423/459] BALT
[03:05:59] [424/459] STSV
[03:06:00] [425/459] VCCB
[03:06:01] [426/459] SLTB
[03:06:02] [427/459] SBCR
[03:06:02] 🔄 Identity reset
[03:06:02] 🔄 Identity rotated (every 10 requests)
[03:06:02] [428/459] VDCS
[03:06:03] [429/459] MDKI
[03:06:04] [430/459] SMRN
[03:06:05] [431/459] PTBC
[03:06:06] [432/459] RADI
[03:06:07] [433/459] ADCR
[03:06:08] [434/459] SDCS
[03:06:09] [435/459] SRPJ
[03:06:09] [436/459] ARTS
[03:06:10] [437/459] SRHK
[03:06:11] 🔄 Identity reset
[03:06:11] 🔄 Identity rotated (every 10 requests)
[03:06:12] [438/459] SPAY
[03:06:12] [439/459] GPTB
[03:06:13] [440/459] SNNN
[03:06:14] [441/459] BALJ
[03:06:15] [442/459] TRIG
[03:06:16] [443/459] GTYT
[03:06:17] [444/459] ATGN
[03:06:19] [445/459] ANTE
[03:06:20] [446/459] BDCG
[03:06:20] [447/459] VECI
[03:06:21] 🔄 Identity reset
[03:06:21] 🔄 Identity rotated (every 10 requests)
[03:06:21] [448/459] SCPR
[03:06:22] [449/459] RTEA
[03:06:23] [450/459] JSAI
[03:06:24] [451/459] VJTP
[03:06:25] [452/459] GNDS
[03:06:26] [453/459] PAXA
[03:06:27] [454/459] CGGM
[03:06:28] [455/459] ACKZ
[03:06:29] [456/459] EMCC
[03:06:30] [457/459] KLSK
[03:06:30] 🔄 Identity reset
[03:06:30] 🔄 Identity rotated (every 10 requests)
[03:06:31] [458/459] AVCK
[03:06:32] [459/459] JTCK
[03:06:32] ✅ DONE | Shows=0 | Movies=0
[03:17:23] 🚀 BMS DAILY TRACKER STARTED (enhanced anti‑detection)
[03:17:23] [1/459] NECA
[03:17:24] 🧠 New identity created
[03:17:24] 🔄 Retry 1/5 for NECA in 2.9s
[03:17:24] 🔄 Identity reset
[03:17:27] 🧠 New identity created
[03:17:27] [2/459] BJLC
[03:17:28] [3/459] BASU
[03:17:28] [4/459] RUPI
[03:17:29] [5/459] LCBK
[03:17:30] [6/459] PMAC
[03:17:30] [7/459] AMLC
[03:17:31] [8/459] LICL
[03:17:32] [9/459] UDMM
[03:17:32] 🔄 Identity reset
[03:17:32] 🔄 Identity rotated (every 10 requests)
[03:17:32] 🔄 Retry 1/5 for UDMM in 2.4s
[03:17:32] 🔄 Identity reset
[03:17:35] 🧠 New identity created
[03:17:35] [10/459] STBZ
[03:17:36] [11/459] UUBT
[03:17:36] [12/459] SJKC
[03:17:37] [13/459] TUAL
[03:17:38] [14/459] MRSE
[03:17:38] [15/459] RMRK
[03:17:39] [16/459] TTKP
[03:17:40] [17/459] KTKO
[03:17:40] [18/459] SDBK
[03:17:41] 🔄 Identity reset
[03:17:41] 🔄 Identity rotated (every 10 requests)
[03:17:41] [19/459] MCPR
[03:17:42] [20/459] CHTI
[03:17:43] [21/459] GCCP
[03:17:43] [22/459] SRMY
[03:17:44] [23/459] NYST
[03:17:45] [24/459] NYAG
[03:17:45] [25/459] SBMT
[03:17:46] [26/459] INGA
[03:17:47] [27/459] WSIC
[03:17:47] [28/459] SCSS
[03:17:48] 🔄 Identity reset
[03:17:48] 🔄 Identity rotated (every 10 requests)
[03:17:48] [29/459] COPG
[03:17:49] [30/459] RCGR
[03:17:50] [31/459] TCZA
[03:17:50] [32/459] CNLP
[03:17:51] [33/459] CLKN
[03:17:52] [34/459] LHDF
[03:17:52] [35/459] ELKC
[03:17:53] [36/459] VCEM
[03:17:54] [37/459] SSZA
[03:17:54] [38/459] KRMT
[03:17:55] 🔄 Identity reset
[03:17:55] 🔄 Identity rotated (every 10 requests)
[03:17:55] [39/459] LCMV
[03:17:55] [40/459] AYCZ
[03:17:56] [41/459] CUMS
[03:17:57] [42/459] BOCK
[03:17:58] [43/459] PNMR
[03:17:58] [44/459] PJCP
[03:17:59] [45/459] JDDD
[03:18:00] [46/459] STMS
[03:18:01] [47/459] FLMB
[03:18:01] [48/459] PKCM
[03:18:02] 🔄 Identity reset
[03:18:02] 🔄 Identity rotated (every 10 requests)
[03:18:02] 🔄 Retry 1/5 for PKCM in 2.8s
[03:18:02] 🔄 Identity reset
[03:18:05] 🧠 New identity created
[03:18:05] [49/459] SPPR
[03:18:05] [50/459] EYLH
[03:18:06] [51/459] RJCC
[03:18:07] [52/459] MMPS
[03:18:07] [53/459] SHMX
[03:18:08] [54/459] CCNL
[03:18:09] [55/459] RCNV
[03:18:09] [56/459] MAAG
[03:18:10] [57/459] LXCM
[03:18:11] 🔄 Identity reset
[03:18:11] 🔄 Identity rotated (every 10 requests)
[03:18:11] [58/459] RCNI
[03:18:12] [59/459] SNNI
[03:18:13] [60/459] LALC
[03:18:13] [61/459] SOCN
[03:18:14] [62/459] JHTP
[03:18:15] [63/459] PITP
[03:18:15] [64/459] CCKW
[03:18:16] [65/459] MCMC
[03:18:17] [66/459] DEES
[03:18:18] [67/459] SABT
[03:18:18] 🔄 Identity reset
[03:18:18] 🔄 Identity rotated (every 10 requests)
[03:18:18] [68/459] VSPP
[03:18:19] [69/459] ABCT
[03:18:20] [70/459] JVTB
[03:18:20] [71/459] VCBD
[03:18:21] [72/459] RMGG
[03:18:22] [73/459] RNMH
[03:18:22] [74/459] SPGL
[03:18:23] [75/459] JTTR
[03:18:24] [76/459] SICS
[03:18:24] [77/459] SRMI
[03:18:25] 🔄 Identity reset
[03:18:25] 🔄 Identity rotated (every 10 requests)
[03:18:25] 🔄 Retry 1/5 for SRMI in 2.5s
[03:18:25] 🔄 Identity reset
[03:18:28] 🧠 New identity created
[03:18:28] [78/459] SSIJ
[03:18:28] [79/459] KFMT
[03:18:29] [80/459] VBIT
[03:18:30] [81/459] JKCT
[03:18:31] [82/459] GCGP
[03:18:31] [83/459] GDCS
[03:18:32] [84/459] TRBA
[03:18:32] [85/459] QUST
[03:18:33] [86/459] VSHM
[03:18:34] 🔄 Identity reset
[03:18:34] 🔄 Identity rotated (every 10 requests)
[03:18:34] [87/459] SDCP
[03:18:35] [88/459] SNVS
[03:18:35] [89/459] NYTO
[03:18:36] [90/459] URWC
[03:18:37] [91/459] GTWH
[03:18:37] [92/459] PFCM
[03:18:38] [93/459] KRTA
[03:18:39] [94/459] AXMC
[03:18:39] [95/459] EVMC
[03:18:40] [96/459] HGSM
[03:18:40] 🔄 Identity reset
[03:18:40] 🔄 Identity rotated (every 10 requests)
[03:18:41] [97/459] ACVM
[03:18:41] [98/459] PSKL
[03:18:42] [99/459] RDMP
[03:18:43] [100/459] RHGH
[03:18:43] [101/459] OMCM
[03:18:44] [102/459] DCCP
[03:18:44] [103/459] MCPB
[03:18:45] [104/459] ALCI
[03:18:45] [105/459] BLMX
[03:18:46] [106/459] BTMV
[03:18:47] 🔄 Identity reset
[03:18:47] 🔄 Identity rotated (every 10 requests)
[03:18:47] [107/459] FVPN
[03:18:48] [108/459] CMAR
[03:18:48] [109/459] CEIM
[03:18:49] [110/459] CMVA
[03:18:50] [111/459] CPIV
[03:18:50] [112/459] CNPE
[03:18:51] [113/459] COLV
[03:18:52] [114/459] DNNV
[03:18:53] [115/459] HCAD
[03:18:53] [116/459] TAKA
[03:18:54] 🔄 Identity reset
[03:18:54] 🔄 Identity rotated (every 10 requests)
[03:18:54] [117/459] INVD
[03:18:55] [118/459] IRMM
[03:18:55] [119/459] INSE
[03:18:56] [120/459] MRSW
[03:18:56] [121/459] MCVD
[03:18:57] [122/459] MCSO
[03:18:58] [123/459] PEVM
[03:18:58] [124/459] PVNL
[03:18:59] [125/459] PTCV
[03:19:00] [126/459] PRTC
[03:19:01] 🔄 Identity reset
[03:19:01] 🔄 Identity rotated (every 10 requests)
[03:19:01] [127/459] RCVA
[03:19:01] [128/459] MTBN
[03:19:02] [129/459] LUCP
[03:19:03] [130/459] FMPT
[03:19:03] [131/459] JLSL
[03:19:04] [132/459] SBHA
[03:19:05] [133/459] SHRC
[03:19:06] [134/459] AVPS
[03:19:06] [135/459] STPM
[03:19:07] [136/459] ATRD
[03:19:07] 🔄 Identity reset
[03:19:07] 🔄 Identity rotated (every 10 requests)
[03:19:08] [137/459] VTED
[03:19:08] [138/459] ACAI
[03:19:09] [139/459] SMAE
[03:19:10] [140/459] VMAT
[03:19:10] [141/459] LKCT
[03:19:11] [142/459] JTVK
[03:19:12] [143/459] PRTY
[03:19:12] [144/459] GETT
[03:19:13] [145/459] ESAP
[03:19:14] [146/459] NCPM
[03:19:14] 🔄 Identity reset
[03:19:14] 🔄 Identity rotated (every 10 requests)
[03:19:14] 🔄 Retry 1/5 for NCPM in 2.8s
[03:19:14] 🔄 Identity reset
[03:19:17] 🧠 New identity created
[03:19:17] [147/459] PCPA
[03:19:18] [148/459] MMOM
[03:19:18] [149/459] PHUP
[03:19:19] [150/459] CCPI
[03:19:20] [151/459] CNTD
[03:19:20] [152/459] NLJR
[03:19:21] [153/459] SRNG
[03:19:22] [154/459] MHAL
[03:19:23] [155/459] PNSM
[03:19:23] 🔄 Identity reset
[03:19:23] 🔄 Identity rotated (every 10 requests)
[03:19:23] 🔄 Retry 1/5 for PNSM in 3.0s
[03:19:23] 🔄 Identity reset
[03:19:26] 🧠 New identity created
[03:19:26] [156/459] DRMY
[03:19:27] [157/459] CCMU
[03:19:28] [158/459] SCMY
[03:19:28] [159/459] PVSY
[03:19:29] [160/459] SDLM
[03:19:30] [161/459] ICCM
[03:19:30] [162/459] PYSU
[03:19:31] [163/459] GATM
[03:19:32] [164/459] WOTM
[03:19:32] 🔄 Identity reset
[03:19:32] 🔄 Identity rotated (every 10 requests)
[03:19:32] 🔄 Retry 1/5 for WOTM in 2.7s
[03:19:32] 🔄 Identity reset
[03:19:35] 🧠 New identity created
[03:19:35] [165/459] RKTS
[03:19:36] [166/459] PMTY
[03:19:37] [167/459] LYMS
[03:19:37] [168/459] TGCA
[03:19:38] [169/459] DSTA
[03:19:38] [170/459] CNGE
[03:19:39] [171/459] VSTG
[03:19:40] [172/459] GTCK
[03:19:40] [173/459] TGNT
[03:19:41] 🔄 Identity reset
[03:19:41] 🔄 Identity rotated (every 10 requests)
[03:19:41] [174/459] ASLC
[03:19:42] [175/459] SSST
[03:19:42] [176/459] KBTT
[03:19:43] [177/459] HKCP
[03:19:44] [178/459] SWLC
[03:19:45] [179/459] RTND
[03:19:45] [180/459] PKKT
[03:19:46] [181/459] HSTK
[03:19:46] [182/459] SPTT
[03:19:47] [183/459] IMPM
[03:19:48] 🔄 Identity reset
[03:19:48] 🔄 Identity rotated (every 10 requests)
[03:19:48] [184/459] SCMV
[03:19:49] [185/459] SPCT
[03:19:49] [186/459] JBCA
[03:19:50] [187/459] ATTR
[03:19:51] [188/459] SPMT
[03:19:51] [189/459] LCTM
[03:19:52] [190/459] SCVL
[03:19:53] [191/459] SCVT
[03:19:53] [192/459] KRIC
[03:19:54] [193/459] CTMG
[03:19:55] 🔄 Identity reset
[03:19:55] 🔄 Identity rotated (every 10 requests)
[03:19:55] [194/459] ACNC
[03:19:56] [195/459] DMCK
[03:19:56] [196/459] KMTV
[03:19:57] [197/459] PFCJ
[03:19:58] [198/459] VNMD
[03:19:58] [199/459] VPCZ
[03:19:59] [200/459] SRYR
[03:19:59] [201/459] SYTR
[03:20:00] [202/459] GATR
[03:20:01] [203/459] URTR
[03:20:01] 🔄 Identity reset
[03:20:01] 🔄 Identity rotated (every 10 requests)
[03:20:02] [204/459] MKSM
[03:20:02] [205/459] VSMH
[03:20:03] [206/459] SKRJ
[03:20:04] [207/459] SSJR
[03:20:05] [208/459] SVSM
[03:20:05] [209/459] RUCM
[03:20:06] [210/459] PRKN
[03:20:07] [211/459] RROH
[03:20:07] [212/459] SCTN
[03:20:08] [213/459] RTDM
[03:20:08] 🔄 Identity reset
[03:20:08] 🔄 Identity rotated (every 10 requests)
[03:20:09] [214/459] ASRM
[03:20:09] [215/459] SKMD
[03:20:10] [216/459] SUTD
[03:20:11] [217/459] SADM
[03:20:11] [218/459] WCNR
[03:20:12] [219/459] CNED
[03:20:12] [220/459] MPDB
[03:20:13] [221/459] KTBH
[03:20:14] [222/459] IDRM
[03:20:15] [223/459] PJJT
[03:20:15] 🔄 Identity reset
[03:20:15] 🔄 Identity rotated (every 10 requests)
[03:20:15] [224/459] PFCV
[03:20:16] [225/459] AACT
[03:20:17] [226/459] AAAD
[03:20:17] [227/459] ANES
[03:20:18] [228/459] MNCA
[03:20:19] [229/459] RMGU
[03:20:19] [230/459] DLCN
[03:20:20] [231/459] LJWT
[03:20:21] [232/459] MCBG
[03:20:21] [233/459] MYBG
[03:20:22] 🔄 Identity reset
[03:20:22] 🔄 Identity rotated (every 10 requests)
[03:20:22] 🔄 Retry 1/5 for MYBG in 2.4s
[03:20:22] 🔄 Identity reset
[03:20:24] 🧠 New identity created
[03:20:25] [234/459] GCCA
[03:20:25] [235/459] GCGA
[03:20:26] [236/459] ECGN
[03:20:27] [237/459] PRAB
[03:20:28] [238/459] PNMP
[03:20:28] [239/459] GCPT
[03:20:29] [240/459] ROYN
[03:20:29] [241/459] VATM
[03:20:30] [242/459] KSNT
[03:20:31] 🔄 Identity reset
[03:20:31] 🔄 Identity rotated (every 10 requests)
[03:20:31] [243/459] ACTC
[03:20:31] [244/459] PLTD
[03:20:32] [245/459] SKMK
[03:20:33] [246/459] CMTT
[03:20:33] [247/459] SMXP
[03:20:34] [248/459] SCMX
[03:20:34] [249/459] ACXN
[03:20:35] [250/459] ASWT
[03:20:36] [251/459] VVVL
[03:20:37] [252/459] NAGO
[03:20:37] 🔄 Identity reset
[03:20:37] 🔄 Identity rotated (every 10 requests)
[03:20:37] 🔄 Retry 1/5 for NAGO in 2.2s
[03:20:37] 🔄 Identity reset
[03:20:40] 🧠 New identity created
[03:20:40] 🔄 Retry 2/5 for NAGO in 4.8s
[03:20:40] 🔄 Identity reset
[03:20:44] 🧠 New identity created
[03:20:45] [253/459] SNCN
[03:20:45] [254/459] MCKP
[03:20:46] [255/459] SAMO
[03:20:47] [256/459] JBTV
[03:20:47] [257/459] DCVV
[03:20:48] [258/459] KMSV
[03:20:49] [259/459] KDCN
[03:20:50] [260/459] CNCP
[03:20:50] 🔄 Identity reset
[03:20:50] 🔄 Identity rotated (every 10 requests)
[03:20:50] [261/459] HAMC
[03:20:51] [262/459] CCVZ
[03:20:52] [263/459] NCCK
[03:20:52] [264/459] MCHR
[03:20:53] [265/459] SCHT
[03:20:54] [266/459] ESSH
[03:20:54] [267/459] CUJC
[03:20:55] [268/459] PECP
[03:20:56] [269/459] PMMI
[03:20:56] [270/459] PCCH
[03:20:57] 🔄 Identity reset
[03:20:57] 🔄 Identity rotated (every 10 requests)
[03:20:57] [271/459] PRPM
[03:20:58] [272/459] PVKL
[03:20:58] [273/459] CBSM
[03:20:59] [274/459] PVCZ
[03:20:59] [275/459] PCVV
[03:21:00] [276/459] CTMJ
[03:21:01] [277/459] RCPS
[03:21:01] [278/459] PCIT
[03:21:02] [279/459] FNCH
[03:21:03] [280/459] INZD
[03:21:03] 🔄 Identity reset
[03:21:03] 🔄 Identity rotated (every 10 requests)
[03:21:03] [281/459] INPC
[03:21:04] [282/459] LCZP
[03:21:04] [283/459] SMCB
[03:21:05] [284/459] PTSB
[03:21:06] [285/459] TPSI
[03:21:07] [286/459] KHMJ
[03:21:07] [287/459] RCCJ
[03:21:08] [288/459] NCJA
[03:21:09] [289/459] NCJN
[03:21:09] [290/459] BTDP
[03:21:10] 🔄 Identity reset
[03:21:10] 🔄 Identity rotated (every 10 requests)
[03:21:10] [291/459] PADY
[03:21:10] [292/459] NYBH
[03:21:11] [293/459] MTBR
[03:21:12] [294/459] KRBC
[03:21:12] [295/459] DKTI
[03:21:13] [296/459] ANAN
[03:21:14] [297/459] INBP
[03:21:14] [298/459] PATB
[03:21:15] [299/459] RGNT
[03:21:15] [300/459] CGPM
[03:21:16] 🔄 Identity reset
[03:21:16] 🔄 Identity rotated (every 10 requests)
[03:21:16] [301/459] INTN
[03:21:17] [302/459] MCMP
[03:21:17] [303/459] ASRG
[03:21:18] [304/459] CXJD
[03:21:19] [305/459] SPCP
[03:21:19] [306/459] CSTP
[03:21:20] [307/459] PKVC
[03:21:21] [308/459] ESCP
[03:21:21] [309/459] CAEP
[03:21:22] [310/459] CCSP
[03:21:22] 🔄 Identity reset
[03:21:22] 🔄 Identity rotated (every 10 requests)
[03:21:23] [311/459] KTPC
[03:21:23] [312/459] DACA
[03:21:24] [313/459] NVKY
[03:21:24] [314/459] PTIN
[03:21:25] [315/459] SCIN
[03:21:26] [316/459] MCTY
[03:21:26] [317/459] PCMX
[03:21:27] [318/459] INIC
[03:21:27] [319/459] MMZM
[03:21:28] [320/459] SSLP
[03:21:29] 🔄 Identity reset
[03:21:29] 🔄 Identity rotated (every 10 requests)
[03:21:29] [321/459] DTDT
[03:21:29] [322/459] FFCX
[03:21:30] [323/459] RCMM
[03:21:31] [324/459] KYID
[03:21:31] [325/459] CSCI
[03:21:32] [326/459] FCMC
[03:21:33] [327/459] MMXI
[03:21:33] [328/459] ASTC
[03:21:34] [329/459] CMRA
[03:21:35] [330/459] DICI
[03:21:35] 🔄 Identity reset
[03:21:35] 🔄 Identity rotated (every 10 requests)
[03:21:35] [331/459] KDIN
[03:21:36] [332/459] PRFI
[03:21:37] [333/459] SVFC
[03:21:37] [334/459] UCPL
[03:21:38] [335/459] COOC
[03:21:39] [336/459] SCAL
[03:21:40] [337/459] SVFF
[03:21:40] [338/459] VCMG
[03:21:41] [339/459] UUCT
[03:21:42] [340/459] GCSE
[03:21:42] 🔄 Identity reset
[03:21:42] 🔄 Identity rotated (every 10 requests)
[03:21:42] 🔄 Retry 1/5 for GCSE in 2.3s
[03:21:42] 🔄 Identity reset
[03:21:44] 🧠 New identity created
[03:21:45] [341/459] SUSC
[03:21:45] [342/459] MISC
[03:21:46] [343/459] RMBL
[03:21:47] [344/459] CMXN
[03:21:47] [345/459] PVBK
[03:21:48] [346/459] HHCG
[03:21:48] [347/459] SCAG
[03:21:49] [348/459] CNPR
[03:21:50] [349/459] CSER
[03:21:50] 🔄 Identity reset
[03:21:50] 🔄 Identity rotated (every 10 requests)
[03:21:51] [350/459] HLWD
[03:21:51] [351/459] BOLY
[03:21:52] [352/459] SSPG
[03:21:53] [353/459] MUPX
[03:21:53] [354/459] HAMR
[03:21:54] [355/459] SDNC
[03:21:54] [356/459] RTEN
[03:21:55] [357/459] SDTD
[03:21:56] [358/459] KAWS
[03:21:56] [359/459] CMZX
[03:21:57] 🔄 Identity reset
[03:21:57] 🔄 Identity rotated (every 10 requests)
[03:21:57] 🔄 Retry 1/5 for CMZX in 2.3s
[03:21:57] 🔄 Identity reset
[03:21:59] 🧠 New identity created
[03:21:59] [360/459] DCDD
[03:22:00] [361/459] ALSN
[03:22:01] [362/459] IMXS
[03:22:02] [363/459] PVFF
[03:22:02] [364/459] PVOO
[03:22:03] [365/459] CFBS
[03:22:04] [366/459] PVER
[03:22:04] [367/459] PPNX
[03:22:05] [368/459] CNRM
[03:22:06] 🔄 Identity reset
[03:22:06] 🔄 Identity rotated (every 10 requests)
[03:22:06] [369/459] PVWW
[03:22:06] [370/459] INMB
[03:22:07] [371/459] CPJR
[03:22:08] [372/459] INRZ
[03:22:08] [373/459] PMSR
[03:22:09] [374/459] GPGM
[03:22:09] [375/459] PGWB
[03:22:10] [376/459] PMBR
[03:22:11] [377/459] GPAM
[03:22:12] [378/459] INBC
[03:22:12] 🔄 Identity reset
[03:22:12] 🔄 Identity rotated (every 10 requests)
[03:22:12] [379/459] PZVK
[03:22:13] [380/459] CPEB
[03:22:13] [381/459] FMLB
[03:22:14] [382/459] INBG
[03:22:15] [383/459] GPBR
[03:22:15] [384/459] PAAS
[03:22:16] [385/459] VTBR
[03:22:17] [386/459] GPMY
[03:22:18] [387/459] GYBU
[03:22:18] [388/459] INBJ
[03:22:19] 🔄 Identity reset
[03:22:19] 🔄 Identity rotated (every 10 requests)
[03:22:19] 🔄 Retry 1/5 for INBJ in 2.2s
[03:22:19] 🔄 Identity reset
[03:22:21] 🧠 New identity created
[03:22:21] [389/459] LKTH
[03:22:22] [390/459] NSBR
[03:22:23] [391/459] PDRD
[03:22:23] [392/459] VRBL
[03:22:24] [393/459] VTGB
[03:22:24] [394/459] VTSK
[03:22:25] [395/459] BKDV
[03:22:26] [396/459] SVTB
[03:22:26] [397/459] MLDT
[03:22:27] 🔄 Identity reset
[03:22:27] 🔄 Identity rotated (every 10 requests)
[03:22:27] [398/459] NRBL
[03:22:28] [399/459] SLTR
[03:22:29] [400/459] VNKA
[03:22:29] [401/459] TDCA
[03:22:30] [402/459] INBM
[03:22:31] [403/459] SSNR
[03:22:31] [404/459] BHAC
[03:22:32] [405/459] SDSD
[03:22:33] [406/459] SAMP
[03:22:33] [407/459] RATK
[03:22:34] 🔄 Identity reset
[03:22:34] 🔄 Identity rotated (every 10 requests)
[03:22:34] [408/459] KCBI
[03:22:35] [409/459] URBL
[03:22:35] [410/459] MKBG
[03:22:36] [411/459] ASTB
[03:22:37] [412/459] VBWT
[03:22:37] [413/459] GPSM
[03:22:38] [414/459] ROON
[03:22:39] [415/459] CHTH
[03:22:39] [416/459] SSPA
[03:22:40] [417/459] ANBL
[03:22:41] 🔄 Identity reset
[03:22:41] 🔄 Identity rotated (every 10 requests)
[03:22:41] [418/459] VTBE
[03:22:41] [419/459] SVKT
[03:22:42] [420/459] SVYK
[03:22:43] [421/459] PTBK
[03:22:43] [422/459] RKTB
[03:22:44] [423/459] BALT
[03:22:45] [424/459] STSV
[03:22:46] [425/459] VCCB
[03:22:46] [426/459] SLTB
[03:22:47] [427/459] SBCR
[03:22:47] 🔄 Identity reset
[03:22:47] 🔄 Identity rotated (every 10 requests)
[03:22:48] 🔄 Retry 1/5 for SBCR in 2.1s
[03:22:48] 🔄 Identity reset
[03:22:50] 🧠 New identity created
[03:22:50] 🔄 Retry 2/5 for SBCR in 4.8s
[03:22:50] 🔄 Identity reset
[03:22:55] 🧠 New identity created
[03:22:55] [428/459] VDCS
[03:22:55] [429/459] MDKI
[03:22:56] [430/459] SMRN
[03:22:56] [431/459] PTBC
[03:22:57] [432/459] RADI
[03:22:58] [433/459] ADCR
[03:22:58] [434/459] SDCS
[03:22:59] [435/459] SRPJ
[03:23:00] 🔄 Identity reset
[03:23:00] 🔄 Identity rotated (every 10 requests)
[03:23:00] [436/459] ARTS
[03:23:00] [437/459] SRHK
[03:23:01] [438/459] SPAY
[03:23:02] [439/459] GPTB
[03:23:02] [440/459] SNNN
[03:23:03] [441/459] BALJ
[03:23:04] [442/459] TRIG
[03:23:04] [443/459] GTYT
[03:23:05] [444/459] ATGN
[03:23:06] [445/459] ANTE
[03:23:06] 🔄 Identity reset
[03:23:06] 🔄 Identity rotated (every 10 requests)
[03:23:06] 🔄 Retry 1/5 for ANTE in 2.4s
[03:23:06] 🔄 Identity reset
[03:23:09] 🧠 New identity created
[03:23:09] [446/459] BDCG
[03:23:09] [447/459] VECI
[03:23:10] [448/459] SCPR
[03:23:11] [449/459] RTEA
[03:23:11] [450/459] JSAI
[03:23:12] [451/459] VJTP
[03:23:13] [452/459] GNDS
[03:23:14] [453/459] PAXA
[03:23:14] [454/459] CGGM
[03:23:15] 🔄 Identity reset
[03:23:15] 🔄 Identity rotated (every 10 requests)
[03:23:15] [455/459] ACKZ
[03:23:16] [456/459] EMCC
[03:23:16] [457/459] KLSK
[03:23:17] [458/459] AVCK
[03:23:18] [459/459] JTCK
[03:23:19] ✅ DONE | Shows=0 | Movies=0
[03:58:39] 🚀 BMS DAILY TRACKER STARTED (enhanced anti‑detection)
[03:58:39] [1/459] NECA
[03:58:40] 🧠 New identity created
[03:58:40] [2/459] BJLC
[03:58:40] [3/459] BASU
[03:58:41] [4/459] RUPI
[03:58:42] [5/459] LCBK
[03:58:42] [6/459] PMAC
[03:58:43] [7/459] AMLC
[03:58:44] [8/459] LICL
[03:58:44] [9/459] UDMM
[03:58:45] [10/459] STBZ
[03:58:46] 🔄 Identity reset
[03:58:46] 🔄 Identity rotated (every 10 requests)
[03:58:46] [11/459] UUBT
[03:58:47] [12/459] SJKC
[03:58:47] [13/459] TUAL
[03:58:48] [14/459] MRSE
[03:58:48] [15/459] RMRK
[03:58:49] [16/459] TTKP
[03:58:50] [17/459] KTKO
[03:58:50] [18/459] SDBK
[03:58:51] [19/459] MCPR
[03:58:52] [20/459] CHTI
[03:58:52] 🔄 Identity reset
[03:58:52] 🔄 Identity rotated (every 10 requests)
[03:58:52] 🔄 Retry 1/5 for CHTI in 2.7s
[03:58:52] 🔄 Identity reset
[03:58:55] 🧠 New identity created
[03:58:55] [21/459] GCCP
[03:58:56] [22/459] SRMY
[03:58:56] [23/459] NYST
[03:58:57] [24/459] NYAG
[03:58:57] [25/459] SBMT
[03:58:58] [26/459] INGA
[03:58:59] [27/459] WSIC
[03:59:00] [28/459] SCSS
[03:59:00] [29/459] COPG
[03:59:01] 🔄 Identity reset
[03:59:01] 🔄 Identity rotated (every 10 requests)
[03:59:01] 🔄 Retry 1/5 for COPG in 2.9s
[03:59:01] 🔄 Identity reset
[03:59:04] 🧠 New identity created
[03:59:04] 🔄 Retry 2/5 for COPG in 4.9s
[03:59:04] 🔄 Identity reset
[03:59:09] 🧠 New identity created
[03:59:09] [30/459] RCGR
[03:59:10] [31/459] TCZA
[03:59:10] [32/459] CNLP
[03:59:11] [33/459] CLKN
[03:59:12] [34/459] LHDF
[03:59:12] [35/459] ELKC
[03:59:13] [36/459] VCEM
[03:59:14] [37/459] SSZA
[03:59:14] 🔄 Identity reset
[03:59:14] 🔄 Identity rotated (every 10 requests)
[03:59:14] [38/459] KRMT
[03:59:15] [39/459] LCMV
[03:59:15] [40/459] AYCZ
[03:59:16] [41/459] CUMS
[03:59:16] [42/459] BOCK
[03:59:17] [43/459] PNMR
[03:59:18] [44/459] PJCP
[03:59:18] [45/459] JDDD
[03:59:19] [46/459] STMS
[03:59:20] [47/459] FLMB
[03:59:20] 🔄 Identity reset
[03:59:20] 🔄 Identity rotated (every 10 requests)
[03:59:20] 🔄 Retry 1/5 for FLMB in 2.3s
[03:59:20] 🔄 Identity reset
[03:59:23] 🧠 New identity created
[03:59:23] 🔄 Retry 2/5 for FLMB in 4.6s
[03:59:23] 🔄 Identity reset
[03:59:27] 🧠 New identity created
[03:59:27] [48/459] PKCM
[03:59:28] [49/459] SPPR
[03:59:28] [50/459] EYLH
[03:59:29] [51/459] RJCC
[03:59:30] [52/459] MMPS
[03:59:30] [53/459] SHMX
[03:59:31] [54/459] CCNL
[03:59:32] [55/459] RCNV
[03:59:32] 🔄 Identity reset
[03:59:32] 🔄 Identity rotated (every 10 requests)
[03:59:32] [56/459] MAAG
[03:59:33] [57/459] LXCM
[03:59:34] [58/459] RCNI
[03:59:34] [59/459] SNNI
[03:59:35] [60/459] LALC
[03:59:36] [61/459] SOCN
[03:59:36] [62/459] JHTP
[03:59:37] [63/459] PITP
[03:59:37] [64/459] CCKW
[03:59:38] [65/459] MCMC
[03:59:38] 🔄 Identity reset
[03:59:38] 🔄 Identity rotated (every 10 requests)
[03:59:39] 🔄 Retry 1/5 for MCMC in 2.6s
[03:59:39] 🔄 Identity reset
[03:59:41] 🧠 New identity created
[03:59:41] 🔄 Retry 2/5 for MCMC in 4.1s
[03:59:41] 🔄 Identity reset
[03:59:45] 🧠 New identity created
[03:59:45] [66/459] DEES
[03:59:46] [67/459] SABT
[03:59:47] [68/459] VSPP
[03:59:47] [69/459] ABCT
[03:59:48] [70/459] JVTB
[03:59:48] [71/459] VCBD
[03:59:49] [72/459] RMGG
[03:59:50] [73/459] RNMH
[03:59:50] 🔄 Identity reset
[03:59:50] 🔄 Identity rotated (every 10 requests)
[03:59:50] [74/459] SPGL
[03:59:51] [75/459] JTTR
[03:59:52] [76/459] SICS
[03:59:52] [77/459] SRMI
[03:59:53] [78/459] SSIJ
[03:59:54] [79/459] KFMT
[03:59:54] [80/459] VBIT
[03:59:55] [81/459] JKCT
[03:59:56] [82/459] GCGP
[03:59:56] [83/459] GDCS
[03:59:57] 🔄 Identity reset
[03:59:57] 🔄 Identity rotated (every 10 requests)
[03:59:57] [84/459] TRBA
[03:59:57] [85/459] QUST
[03:59:58] [86/459] VSHM
[03:59:58] [87/459] SDCP
[03:59:59] [88/459] SNVS
[04:00:00] [89/459] NYTO
[04:00:00] [90/459] URWC
[04:00:01] [91/459] GTWH
[04:00:02] [92/459] PFCM
[04:00:02] [93/459] KRTA
[04:00:03] 🔄 Identity reset
[04:00:03] 🔄 Identity rotated (every 10 requests)
[04:00:03] [94/459] AXMC
[04:00:04] [95/459] EVMC
[04:00:04] [96/459] HGSM
[04:00:05] [97/459] ACVM
[04:00:06] [98/459] PSKL
[04:00:06] [99/459] RDMP
[04:00:07] [100/459] RHGH
[04:00:07] [101/459] OMCM
[04:00:08] [102/459] DCCP
[04:00:09] [103/459] MCPB
[04:00:09] 🔄 Identity reset
[04:00:09] 🔄 Identity rotated (every 10 requests)
[04:00:10] [104/459] ALCI
[04:00:10] [105/459] BLMX
[04:00:11] [106/459] BTMV
[04:00:11] [107/459] FVPN
[04:00:12] [108/459] CMAR
[04:00:13] [109/459] CEIM
[04:00:14] [110/459] CMVA
[04:00:14] [111/459] CPIV
[04:00:15] [112/459] CNPE
[04:00:16] [113/459] COLV
[04:00:16] 🔄 Identity reset
[04:00:16] 🔄 Identity rotated (every 10 requests)
[04:00:16] [114/459] DNNV
[04:00:17] [115/459] HCAD
[04:00:18] [116/459] TAKA
[04:00:18] [117/459] INVD
[04:00:19] [118/459] IRMM
[04:00:20] [119/459] INSE
[04:00:21] [120/459] MRSW
[04:00:21] [121/459] MCVD
[04:00:22] [122/459] MCSO
[04:00:23] [123/459] PEVM
[04:00:23] 🔄 Identity reset
[04:00:23] 🔄 Identity rotated (every 10 requests)
[04:00:23] [124/459] PVNL
[04:00:24] [125/459] PTCV
[04:00:25] [126/459] PRTC
[04:00:25] [127/459] RCVA
[04:00:26] [128/459] MTBN
[04:00:27] [129/459] LUCP
[04:00:27] [130/459] FMPT
[04:00:28] [131/459] JLSL
[04:00:28] [132/459] SBHA
[04:00:29] [133/459] SHRC
[04:00:29] 🔄 Identity reset
[04:00:29] 🔄 Identity rotated (every 10 requests)
[04:00:30] [134/459] AVPS
[04:00:30] [135/459] STPM
[04:00:31] [136/459] ATRD
[04:00:32] [137/459] VTED
[04:00:32] [138/459] ACAI
[04:00:33] [139/459] SMAE
[04:00:34] [140/459] VMAT
[04:00:34] [141/459] LKCT
[04:00:35] [142/459] JTVK
[04:00:35] [143/459] PRTY
[04:00:36] 🔄 Identity reset
[04:00:36] 🔄 Identity rotated (every 10 requests)
[04:00:36] 🔄 Retry 1/5 for PRTY in 3.0s
[04:00:36] 🔄 Identity reset
[04:00:39] 🧠 New identity created
[04:00:39] [144/459] GETT
[04:00:40] [145/459] ESAP
[04:00:40] [146/459] NCPM
[04:00:41] [147/459] PCPA
[04:00:42] [148/459] MMOM
[04:00:43] [149/459] PHUP
[04:00:43] [150/459] CCPI
[04:00:44] [151/459] CNTD
[04:00:45] [152/459] NLJR
[04:00:45] 🔄 Identity reset
[04:00:45] 🔄 Identity rotated (every 10 requests)
[04:00:46] 🔄 Retry 1/5 for NLJR in 2.6s
[04:00:46] 🔄 Identity reset
[04:00:48] 🧠 New identity created
[04:00:48] 🔄 Retry 2/5 for NLJR in 4.8s
[04:00:48] 🔄 Identity reset
[04:00:53] 🧠 New identity created
[04:00:53] [153/459] SRNG
[04:00:54] [154/459] MHAL
[04:00:54] [155/459] PNSM
[04:00:55] [156/459] DRMY
[04:00:56] [157/459] CCMU
[04:00:56] [158/459] SCMY
[04:00:57] [159/459] PVSY
[04:00:57] [160/459] SDLM
[04:00:58] 🔄 Identity reset
[04:00:58] 🔄 Identity rotated (every 10 requests)
[04:00:58] [161/459] ICCM
[04:00:59] [162/459] PYSU
[04:00:59] [163/459] GATM
[04:01:00] [164/459] WOTM
[04:01:00] [165/459] RKTS
[04:01:01] [166/459] PMTY
[04:01:02] [167/459] LYMS
[04:01:02] [168/459] TGCA
[04:01:03] [169/459] DSTA
[04:01:04] [170/459] CNGE
[04:01:04] 🔄 Identity reset
[04:01:04] 🔄 Identity rotated (every 10 requests)
[04:01:04] [171/459] VSTG
[04:01:05] [172/459] GTCK
[04:01:06] [173/459] TGNT
[04:01:06] [174/459] ASLC
[04:01:07] [175/459] SSST
[04:01:08] [176/459] KBTT
[04:01:08] [177/459] HKCP
[04:01:09] [178/459] SWLC
[04:01:09] [179/459] RTND
[04:01:10] [180/459] PKKT
[04:01:11] 🔄 Identity reset
[04:01:11] 🔄 Identity rotated (every 10 requests)
[04:01:11] [181/459] HSTK
[04:01:11] [182/459] SPTT
[04:01:12] [183/459] IMPM
[04:01:13] [184/459] SCMV
[04:01:13] [185/459] SPCT
[04:01:14] [186/459] JBCA
[04:01:15] [187/459] ATTR
[04:01:15] [188/459] SPMT
[04:01:16] [189/459] LCTM
[04:01:16] [190/459] SCVL
[04:01:17] 🔄 Identity reset
[04:01:17] 🔄 Identity rotated (every 10 requests)
[04:01:17] [191/459] SCVT
[04:01:18] [192/459] KRIC
[04:01:18] [193/459] CTMG
[04:01:19] [194/459] ACNC
[04:01:20] [195/459] DMCK
[04:01:20] [196/459] KMTV
[04:01:21] [197/459] PFCJ
[04:01:22] [198/459] VNMD
[04:01:22] [199/459] VPCZ
[04:01:23] [200/459] SRYR
[04:01:23] 🔄 Identity reset
[04:01:23] 🔄 Identity rotated (every 10 requests)
[04:01:23] [201/459] SYTR
[04:01:24] [202/459] GATR
[04:01:25] [203/459] URTR
[04:01:25] [204/459] MKSM
[04:01:26] [205/459] VSMH
[04:01:26] [206/459] SKRJ
[04:01:27] [207/459] SSJR
[04:01:28] [208/459] SVSM
[04:01:28] [209/459] RUCM
[04:01:29] [210/459] PRKN
[04:01:30] 🔄 Identity reset
[04:01:30] 🔄 Identity rotated (every 10 requests)
[04:01:30] [211/459] RROH
[04:01:30] [212/459] SCTN
[04:01:31] [213/459] RTDM
[04:01:32] [214/459] ASRM
[04:01:32] [215/459] SKMD
[04:01:33] [216/459] SUTD
[04:01:33] [217/459] SADM
[04:01:34] [218/459] WCNR
[04:01:35] [219/459] CNED
[04:01:35] [220/459] MPDB
[04:01:36] 🔄 Identity reset
[04:01:36] 🔄 Identity rotated (every 10 requests)
[04:01:36] 🔄 Retry 1/5 for MPDB in 2.6s
[04:01:36] 🔄 Identity reset
[04:01:39] 🧠 New identity created
[04:01:39] [221/459] KTBH
[04:01:39] [222/459] IDRM
[04:01:40] [223/459] PJJT
[04:01:41] [224/459] PFCV
[04:01:41] [225/459] AACT
[04:01:42] [226/459] AAAD
[04:01:42] [227/459] ANES
[04:01:43] [228/459] MNCA
[04:01:44] [229/459] RMGU
[04:01:44] 🔄 Identity reset
[04:01:44] 🔄 Identity rotated (every 10 requests)
[04:01:44] [230/459] DLCN
[04:01:45] [231/459] LJWT
[04:01:46] [232/459] MCBG
[04:01:46] [233/459] MYBG
[04:01:47] [234/459] GCCA
[04:01:48] [235/459] GCGA
[04:01:48] [236/459] ECGN
[04:01:49] [237/459] PRAB
[04:01:50] [238/459] PNMP
[04:01:50] [239/459] GCPT
[04:01:51] 🔄 Identity reset
[04:01:51] 🔄 Identity rotated (every 10 requests)
[04:01:51] [240/459] ROYN
[04:01:52] [241/459] VATM
[04:01:52] [242/459] KSNT
[04:01:53] [243/459] ACTC
[04:01:54] [244/459] PLTD
[04:01:54] [245/459] SKMK
[04:01:55] [246/459] CMTT
[04:01:56] [247/459] SMXP
[04:01:56] [248/459] SCMX
[04:01:57] [249/459] ACXN
[04:01:58] 🔄 Identity reset
[04:01:58] 🔄 Identity rotated (every 10 requests)
[04:01:58] [250/459] ASWT
[04:01:58] [251/459] VVVL
[04:01:59] [252/459] NAGO
[04:02:00] [253/459] SNCN
[04:02:00] [254/459] MCKP
[04:02:01] [255/459] SAMO
[04:02:01] [256/459] JBTV
[04:02:02] [257/459] DCVV
[04:02:02] [258/459] KMSV
[04:02:03] [259/459] KDCN
[04:02:04] 🔄 Identity reset
[04:02:04] 🔄 Identity rotated (every 10 requests)
[04:02:04] [260/459] CNCP
[04:02:04] [261/459] HAMC
[04:02:05] [262/459] CCVZ
[04:02:06] [263/459] NCCK
[04:02:06] [264/459] MCHR
[04:02:07] [265/459] SCHT
[04:02:08] [266/459] ESSH
[04:02:09] [267/459] CUJC
[04:02:09] [268/459] PECP
[04:02:10] [269/459] PMMI
[04:02:10] 🔄 Identity reset
[04:02:10] 🔄 Identity rotated (every 10 requests)
[04:02:10] 🔄 Retry 1/5 for PMMI in 2.3s
[04:02:10] 🔄 Identity reset
[04:02:13] 🧠 New identity created
[04:02:13] 🔄 Retry 2/5 for PMMI in 4.5s
[04:02:13] 🔄 Identity reset
[04:02:17] 🧠 New identity created
[04:02:17] [270/459] PCCH
[04:02:18] [271/459] PRPM
[04:02:18] [272/459] PVKL
[04:02:19] [273/459] CBSM
[04:02:20] [274/459] PVCZ
[04:02:20] [275/459] PCVV
[04:02:21] [276/459] CTMJ
[04:02:21] [277/459] RCPS
[04:02:22] 🔄 Identity reset
[04:02:22] 🔄 Identity rotated (every 10 requests)
[04:02:22] [278/459] PCIT
[04:02:23] [279/459] FNCH
[04:02:23] [280/459] INZD
[04:02:24] [281/459] INPC
[04:02:25] [282/459] LCZP
[04:02:25] [283/459] SMCB
[04:02:26] [284/459] PTSB
[04:02:27] [285/459] TPSI
[04:02:27] [286/459] KHMJ
[04:02:28] [287/459] RCCJ
[04:02:29] 🔄 Identity reset
[04:02:29] 🔄 Identity rotated (every 10 requests)
[04:02:29] [288/459] NCJA
[04:02:29] [289/459] NCJN
[04:02:30] [290/459] BTDP
[04:02:31] [291/459] PADY
[04:02:31] [292/459] NYBH
[04:02:32] [293/459] MTBR
[04:02:33] [294/459] KRBC
[04:02:33] [295/459] DKTI
[04:02:34] [296/459] ANAN
[04:02:34] [297/459] INBP
[04:02:35] 🔄 Identity reset
[04:02:35] 🔄 Identity rotated (every 10 requests)
[04:02:35] [298/459] PATB
[04:02:36] [299/459] RGNT
[04:02:36] [300/459] CGPM
[04:02:37] [301/459] INTN
[04:02:37] [302/459] MCMP
[04:02:38] [303/459] ASRG
[04:02:39] [304/459] CXJD
[04:02:39] [305/459] SPCP
[04:02:40] [306/459] CSTP
[04:02:40] [307/459] PKVC
[04:02:41] 🔄 Identity reset
[04:02:41] 🔄 Identity rotated (every 10 requests)
[04:02:41] [308/459] ESCP
[04:02:42] [309/459] CAEP
[04:02:42] [310/459] CCSP
[04:02:43] [311/459] KTPC
[04:02:44] [312/459] DACA
[04:02:45] [313/459] NVKY
[04:02:45] [314/459] PTIN
[04:02:46] [315/459] SCIN
[04:02:46] [316/459] MCTY
[04:02:47] [317/459] PCMX
[04:02:48] 🔄 Identity reset
[04:02:48] 🔄 Identity rotated (every 10 requests)
[04:02:48] [318/459] INIC
[04:02:49] [319/459] MMZM
[04:02:49] [320/459] SSLP
[04:02:50] [321/459] DTDT
[04:02:50] [322/459] FFCX
[04:02:51] [323/459] RCMM
[04:02:52] [324/459] KYID
[04:02:52] [325/459] CSCI
[04:02:53] [326/459] FCMC
[04:02:53] [327/459] MMXI
[04:02:54] 🔄 Identity reset
[04:02:54] 🔄 Identity rotated (every 10 requests)
[04:02:54] [328/459] ASTC
[04:02:55] [329/459] CMRA
[04:02:56] [330/459] DICI
[04:02:56] [331/459] KDIN
[04:02:57] [332/459] PRFI
[04:02:57] [333/459] SVFC
[04:02:58] [334/459] UCPL
[04:02:59] [335/459] COOC
[04:02:59] [336/459] SCAL
[04:03:00] [337/459] SVFF
[04:03:00] 🔄 Identity reset
[04:03:00] 🔄 Identity rotated (every 10 requests)
[04:03:01] 🔄 Retry 1/5 for SVFF in 2.1s
[04:03:01] 🔄 Identity reset
[04:03:03] 🧠 New identity created
[04:03:03] 🔄 Retry 2/5 for SVFF in 4.7s
[04:03:03] 🔄 Identity reset
[04:03:07] 🧠 New identity created
[04:03:07] 🔄 Retry 3/5 for SVFF in 8.4s
[04:03:07] 🔄 Identity reset
[04:03:16] 🧠 New identity created
[04:03:16] [338/459] VCMG
[04:03:16] [339/459] UUCT
[04:03:17] [340/459] GCSE
[04:03:18] [341/459] SUSC
[04:03:18] [342/459] MISC
[04:03:19] [343/459] RMBL
[04:03:20] [344/459] CMXN
[04:03:20] 🔄 Identity reset
[04:03:20] 🔄 Identity rotated (every 10 requests)
[04:03:20] [345/459] PVBK
[04:03:21] [346/459] HHCG
[04:03:22] [347/459] SCAG
[04:03:22] [348/459] CNPR
[04:03:23] [349/459] CSER
[04:03:24] [350/459] HLWD
[04:03:24] [351/459] BOLY
[04:03:25] [352/459] SSPG
[04:03:26] [353/459] MUPX
[04:03:26] [354/459] HAMR
[04:03:27] 🔄 Identity reset
[04:03:27] 🔄 Identity rotated (every 10 requests)
[04:03:27] [355/459] SDNC
[04:03:27] [356/459] RTEN
[04:03:28] [357/459] SDTD
[04:03:28] [358/459] KAWS
[04:03:29] [359/459] CMZX
[04:03:29] [360/459] DCDD
[04:03:30] [361/459] ALSN
[04:03:31] [362/459] IMXS
[04:03:31] [363/459] PVFF
[04:03:32] [364/459] PVOO
[04:03:33] 🔄 Identity reset
[04:03:33] 🔄 Identity rotated (every 10 requests)
[04:03:33] 🔄 Retry 1/5 for PVOO in 2.1s
[04:03:33] 🔄 Identity reset
[04:03:35] 🧠 New identity created
[04:03:35] [365/459] CFBS
[04:03:36] [366/459] PVER
[04:03:36] [367/459] PPNX
[04:03:37] [368/459] CNRM
[04:03:37] [369/459] PVWW
[04:03:38] [370/459] INMB
[04:03:39] [371/459] CPJR
[04:03:39] [372/459] INRZ
[04:03:40] [373/459] PMSR
[04:03:41] 🔄 Identity reset
[04:03:41] 🔄 Identity rotated (every 10 requests)
[04:03:41] [374/459] GPGM
[04:03:41] [375/459] PGWB
[04:03:42] [376/459] PMBR
[04:03:43] [377/459] GPAM
[04:03:43] [378/459] INBC
[04:03:44] [379/459] PZVK
[04:03:44] [380/459] CPEB
[04:03:45] [381/459] FMLB
[04:03:46] [382/459] INBG
[04:03:46] [383/459] GPBR
[04:03:47] 🔄 Identity reset
[04:03:47] 🔄 Identity rotated (every 10 requests)
[04:03:47] [384/459] PAAS
[04:03:48] [385/459] VTBR
[04:03:48] [386/459] GPMY
[04:03:49] [387/459] GYBU
[04:03:49] [388/459] INBJ
[04:03:50] [389/459] LKTH
[04:03:50] [390/459] NSBR
[04:03:51] [391/459] PDRD
[04:03:52] [392/459] VRBL
[04:03:52] [393/459] VTGB
[04:03:53] 🔄 Identity reset
[04:03:53] 🔄 Identity rotated (every 10 requests)
[04:03:53] [394/459] VTSK
[04:03:54] [395/459] BKDV
[04:03:54] [396/459] SVTB
[04:03:55] [397/459] MLDT
[04:03:55] [398/459] NRBL
[04:03:56] [399/459] SLTR
[04:03:56] [400/459] VNKA
[04:03:57] [401/459] TDCA
[04:03:58] [402/459] INBM
[04:03:58] [403/459] SSNR
[04:03:59] 🔄 Identity reset
[04:03:59] 🔄 Identity rotated (every 10 requests)
[04:03:59] [404/459] BHAC
[04:04:00] [405/459] SDSD
[04:04:00] [406/459] SAMP
[04:04:01] [407/459] RATK
[04:04:01] [408/459] KCBI
[04:04:02] [409/459] URBL
[04:04:03] [410/459] MKBG
[04:04:03] [411/459] ASTB
[04:04:04] [412/459] VBWT
[04:04:04] [413/459] GPSM
[04:04:05] 🔄 Identity reset
[04:04:05] 🔄 Identity rotated (every 10 requests)
[04:04:05] 🔄 Retry 1/5 for GPSM in 2.8s
[04:04:05] 🔄 Identity reset
[04:04:08] 🧠 New identity created
[04:04:08] [414/459] ROON
[04:04:09] [415/459] CHTH
[04:04:09] [416/459] SSPA
[04:04:10] [417/459] ANBL
[04:04:11] [418/459] VTBE
[04:04:11] [419/459] SVKT
[04:04:12] [420/459] SVYK
[04:04:12] [421/459] PTBK
[04:04:13] [422/459] RKTB
[04:04:14] 🔄 Identity reset
[04:04:14] 🔄 Identity rotated (every 10 requests)
[04:04:14] [423/459] BALT
[04:04:14] [424/459] STSV
[04:04:15] [425/459] VCCB
[04:04:16] [426/459] SLTB
[04:04:16] [427/459] SBCR
[04:04:17] [428/459] VDCS
[04:04:17] [429/459] MDKI
[04:04:18] [430/459] SMRN
[04:04:19] [431/459] PTBC
[04:04:19] [432/459] RADI
[04:04:20] 🔄 Identity reset
[04:04:20] 🔄 Identity rotated (every 10 requests)
[04:04:20] [433/459] ADCR
[04:04:20] [434/459] SDCS
[04:04:21] [435/459] SRPJ
[04:04:22] [436/459] ARTS
[04:04:23] [437/459] SRHK
[04:04:23] [438/459] SPAY
[04:04:24] [439/459] GPTB
[04:04:25] [440/459] SNNN
[04:04:25] [441/459] BALJ
[04:04:26] [442/459] TRIG
[04:04:27] 🔄 Identity reset
[04:04:27] 🔄 Identity rotated (every 10 requests)
[04:04:27] [443/459] GTYT
[04:04:27] [444/459] ATGN
[04:04:28] [445/459] ANTE
[04:04:29] [446/459] BDCG
[04:04:29] [447/459] VECI
[04:04:30] [448/459] SCPR
[04:04:31] [449/459] RTEA
[04:04:31] [450/459] JSAI
[04:04:32] [451/459] VJTP
[04:04:32] [452/459] GNDS
[04:04:33] 🔄 Identity reset
[04:04:33] 🔄 Identity rotated (every 10 requests)
[04:04:33] [453/459] PAXA
[04:04:34] [454/459] CGGM
[04:04:34] [455/459] ACKZ
[04:04:35] [456/459] EMCC
[04:04:36] [457/459] KLSK
[04:04:36] [458/459] AVCK
[04:04:37] [459/459] JTCK
[04:04:38] ✅ DONE | Shows=0 | Movies=0
[04:17:01] 🚀 BMS DAILY TRACKER STARTED (enhanced anti‑detection)
[04:17:01] [1/459] NECA
[04:17:01] 🧠 New identity created
[04:17:02] [2/459] BJLC
[04:17:02] [3/459] BASU
[04:17:03] [4/459] RUPI
[04:17:03] [5/459] LCBK
[04:17:04] [6/459] PMAC
[04:17:04] [7/459] AMLC
[04:17:05] [8/459] LICL
[04:17:06] [9/459] UDMM
[04:17:07] [10/459] STBZ
[04:17:07] 🔄 Identity reset
[04:17:07] 🔄 Identity rotated (every 10 requests)
[04:17:07] 🔄 Retry 1/5 for STBZ in 2.1s
[04:17:07] 🔄 Identity reset
[04:17:09] 🧠 New identity created
[04:17:10] [11/459] UUBT
[04:17:10] [12/459] SJKC
[04:17:11] [13/459] TUAL
[04:17:12] [14/459] MRSE
[04:17:12] [15/459] RMRK
[04:17:13] [16/459] TTKP
[04:17:14] [17/459] KTKO
[04:17:14] [18/459] SDBK
[04:17:15] [19/459] MCPR
[04:17:15] 🔄 Identity reset
[04:17:15] 🔄 Identity rotated (every 10 requests)
[04:17:16] [20/459] CHTI
[04:17:16] [21/459] GCCP
[04:17:17] [22/459] SRMY
[04:17:17] [23/459] NYST
[04:17:18] [24/459] NYAG
[04:17:19] [25/459] SBMT
[04:17:19] [26/459] INGA
[04:17:20] [27/459] WSIC
[04:17:21] [28/459] SCSS
[04:17:21] [29/459] COPG
[04:17:22] 🔄 Identity reset
[04:17:22] 🔄 Identity rotated (every 10 requests)
[04:17:22] 🔄 Retry 1/5 for COPG in 2.7s
[04:17:22] 🔄 Identity reset
[04:17:24] 🧠 New identity created
[04:17:24] 🔄 Retry 2/5 for COPG in 4.8s
[04:17:24] 🔄 Identity reset
[04:17:29] 🧠 New identity created
[04:17:29] [30/459] RCGR
[04:17:30] [31/459] TCZA
[04:17:31] [32/459] CNLP
[04:17:31] [33/459] CLKN
[04:17:32] [34/459] LHDF
[04:17:32] [35/459] ELKC
[04:17:33] [36/459] VCEM
[04:17:34] [37/459] SSZA
[04:17:34] 🔄 Identity reset
[04:17:34] 🔄 Identity rotated (every 10 requests)
[04:17:34] [38/459] KRMT
[04:17:35] [39/459] LCMV
[04:17:36] [40/459] AYCZ
[04:17:36] [41/459] CUMS
[04:17:37] [42/459] BOCK
[04:17:38] [43/459] PNMR
[04:17:38] [44/459] PJCP
[04:17:39] [45/459] JDDD
[04:17:39] [46/459] STMS
[04:17:40] [47/459] FLMB
[04:17:41] 🔄 Identity reset
[04:17:41] 🔄 Identity rotated (every 10 requests)
[04:17:41] [48/459] PKCM
[04:17:41] [49/459] SPPR
[04:17:42] [50/459] EYLH
[04:17:43] [51/459] RJCC
[04:17:43] [52/459] MMPS
[04:17:44] [53/459] SHMX
[04:17:45] [54/459] CCNL
[04:17:45] [55/459] RCNV
[04:17:46] [56/459] MAAG
[04:17:47] [57/459] LXCM
[04:17:47] 🔄 Identity reset
[04:17:47] 🔄 Identity rotated (every 10 requests)
[04:17:47] [58/459] RCNI
[04:17:48] [59/459] SNNI
[04:17:49] [60/459] LALC
[04:17:49] [61/459] SOCN
[04:17:50] [62/459] JHTP
[04:17:51] [63/459] PITP
[04:17:51] [64/459] CCKW
[04:17:52] [65/459] MCMC
[04:17:52] [66/459] DEES
[04:17:53] [67/459] SABT
[04:17:54] 🔄 Identity reset
[04:17:54] 🔄 Identity rotated (every 10 requests)
[04:17:54] [68/459] VSPP
[04:17:54] [69/459] ABCT
[04:17:55] [70/459] JVTB
[04:17:55] [71/459] VCBD
[04:17:56] [72/459] RMGG
[04:17:57] [73/459] RNMH
[04:17:57] [74/459] SPGL
[04:17:58] [75/459] JTTR
[04:17:59] [76/459] SICS
[04:17:59] [77/459] SRMI
[04:18:00] 🔄 Identity reset
[04:18:00] 🔄 Identity rotated (every 10 requests)
[04:18:00] [78/459] SSIJ
[04:18:00] [79/459] KFMT
[04:18:01] [80/459] VBIT
[04:18:02] [81/459] JKCT
[04:18:02] [82/459] GCGP
[04:18:03] [83/459] GDCS
[04:18:03] [84/459] TRBA
[04:18:04] [85/459] QUST
[04:18:05] [86/459] VSHM
[04:18:05] [87/459] SDCP
[04:18:06] 🔄 Identity reset
[04:18:06] 🔄 Identity rotated (every 10 requests)
[04:18:06] 🔄 Retry 1/5 for SDCP in 2.4s
[04:18:06] 🔄 Identity reset
[04:18:09] 🧠 New identity created
[04:18:09] [88/459] SNVS
[04:18:09] [89/459] NYTO
[04:18:10] [90/459] URWC
[04:18:10] [91/459] GTWH
[04:18:11] [92/459] PFCM
[04:18:12] [93/459] KRTA
[04:18:13] [94/459] AXMC
[04:18:13] [95/459] EVMC
[04:18:14] [96/459] HGSM
[04:18:15] 🔄 Identity reset
[04:18:15] 🔄 Identity rotated (every 10 requests)
[04:18:15] [97/459] ACVM
[04:18:15] [98/459] PSKL
[04:18:16] [99/459] RDMP
[04:18:17] [100/459] RHGH
[04:18:17] [101/459] OMCM
[04:18:18] [102/459] DCCP
[04:18:19] [103/459] MCPB
[04:18:19] [104/459] ALCI
[04:18:20] [105/459] BLMX
[04:18:21] [106/459] BTMV
[04:18:21] 🔄 Identity reset
[04:18:21] 🔄 Identity rotated (every 10 requests)
[04:18:21] 🔄 Retry 1/5 for BTMV in 3.0s
[04:18:21] 🔄 Identity reset
[04:18:24] 🧠 New identity created
[04:18:24] [107/459] FVPN
[04:18:25] [108/459] CMAR
[04:18:26] [109/459] CEIM
[04:18:26] [110/459] CMVA
[04:18:27] [111/459] CPIV
[04:18:28] [112/459] CNPE
[04:18:28] [113/459] COLV
[04:18:29] [114/459] DNNV
[04:18:30] [115/459] HCAD
[04:18:31] 🔄 Identity reset
[04:18:31] 🔄 Identity rotated (every 10 requests)
[04:18:31] 🔄 Retry 1/5 for HCAD in 2.5s
[04:18:31] 🔄 Identity reset
[04:18:33] 🧠 New identity created
[04:18:33] 🔄 Retry 2/5 for HCAD in 4.9s
[04:18:33] 🔄 Identity reset
[04:18:38] 🧠 New identity created
[04:18:38] [116/459] TAKA
[04:18:39] [117/459] INVD
[04:18:39] [118/459] IRMM
[04:18:40] [119/459] INSE
[04:18:41] [120/459] MRSW
[04:18:42] [121/459] MCVD
[04:18:42] [122/459] MCSO
[04:18:43] [123/459] PEVM
[04:18:44] 🔄 Identity reset
[04:18:44] 🔄 Identity rotated (every 10 requests)
[04:18:44] [124/459] PVNL
[04:18:44] [125/459] PTCV
[04:18:45] [126/459] PRTC
[04:18:46] [127/459] RCVA
[04:18:46] [128/459] MTBN
[04:18:47] [129/459] LUCP
[04:18:47] [130/459] FMPT
[04:18:48] [131/459] JLSL
[04:18:48] [132/459] SBHA
[04:18:49] [133/459] SHRC
[04:18:50] 🔄 Identity reset
[04:18:50] 🔄 Identity rotated (every 10 requests)
[04:18:50] [134/459] AVPS
[04:18:50] [135/459] STPM
[04:18:51] [136/459] ATRD
[04:18:52] [137/459] VTED
[04:18:52] [138/459] ACAI
[04:18:53] [139/459] SMAE
[04:18:54] [140/459] VMAT
[04:18:54] [141/459] LKCT
[04:18:55] [142/459] JTVK
[04:18:55] [143/459] PRTY
[04:18:56] 🔄 Identity reset
[04:18:56] 🔄 Identity rotated (every 10 requests)
[04:18:56] 🔄 Retry 1/5 for PRTY in 2.6s
[04:18:56] 🔄 Identity reset
[04:18:59] 🧠 New identity created
[04:18:59] [144/459] GETT
[04:18:59] [145/459] ESAP
[04:19:00] [146/459] NCPM
[04:19:01] [147/459] PCPA
[04:19:01] [148/459] MMOM
[04:19:02] [149/459] PHUP
[04:19:02] [150/459] CCPI
[04:19:03] [151/459] CNTD
[04:19:04] [152/459] NLJR
[04:19:04] 🔄 Identity reset
[04:19:05] 🔄 Identity rotated (every 10 requests)
[04:19:05] [153/459] SRNG
[04:19:05] [154/459] MHAL
[04:19:06] [155/459] PNSM
[04:19:07] [156/459] DRMY
[04:19:07] [157/459] CCMU
[04:19:08] [158/459] SCMY
[04:19:08] [159/459] PVSY
[04:19:09] [160/459] SDLM
[04:19:10] [161/459] ICCM
[04:19:10] [162/459] PYSU
[04:19:11] 🔄 Identity reset
[04:19:11] 🔄 Identity rotated (every 10 requests)
[04:19:11] 🔄 Retry 1/5 for PYSU in 2.6s
[04:19:11] 🔄 Identity reset
[04:19:14] 🧠 New identity created
[04:19:14] [163/459] GATM
[04:19:14] [164/459] WOTM
[04:19:15] [165/459] RKTS
[04:19:16] [166/459] PMTY
[04:19:16] [167/459] LYMS
[04:19:17] [168/459] TGCA
[04:19:18] [169/459] DSTA
[04:19:18] [170/459] CNGE
[04:19:19] [171/459] VSTG
[04:19:20] 🔄 Identity reset
[04:19:20] 🔄 Identity rotated (every 10 requests)
[04:19:20] 🔄 Retry 1/5 for VSTG in 2.8s
[04:19:20] 🔄 Identity reset
[04:19:23] 🧠 New identity created
[04:19:23] [172/459] GTCK
[04:19:24] [173/459] TGNT
[04:19:24] [174/459] ASLC
[04:19:25] [175/459] SSST
[04:19:26] [176/459] KBTT
[04:19:26] [177/459] HKCP
[04:19:27] [178/459] SWLC
[04:19:27] [179/459] RTND
[04:19:28] [180/459] PKKT
[04:19:28] 🔄 Identity reset
[04:19:28] 🔄 Identity rotated (every 10 requests)
[04:19:29] [181/459] HSTK
[04:19:29] [182/459] SPTT
[04:19:30] [183/459] IMPM
[04:19:31] [184/459] SCMV
[04:19:31] [185/459] SPCT
[04:19:32] [186/459] JBCA
[04:19:32] [187/459] ATTR
[04:19:33] [188/459] SPMT
[04:19:34] [189/459] LCTM
[04:19:34] [190/459] SCVL
[04:19:35] 🔄 Identity reset
[04:19:35] 🔄 Identity rotated (every 10 requests)
[04:19:35] 🔄 Retry 1/5 for SCVL in 2.3s
[04:19:35] 🔄 Identity reset
[04:19:37] 🧠 New identity created
[04:19:38] [191/459] SCVT
[04:19:38] [192/459] KRIC
[04:19:39] [193/459] CTMG
[04:19:39] [194/459] ACNC
[04:19:40] [195/459] DMCK
[04:19:41] [196/459] KMTV
[04:19:41] [197/459] PFCJ
[04:19:42] [198/459] VNMD
[04:19:42] [199/459] VPCZ
[04:19:43] 🔄 Identity reset
[04:19:43] 🔄 Identity rotated (every 10 requests)
[04:19:43] [200/459] SRYR
[04:19:44] [201/459] SYTR
[04:19:44] [202/459] GATR
[04:19:45] [203/459] URTR
[04:19:46] [204/459] MKSM
[04:19:46] [205/459] VSMH
[04:19:47] [206/459] SKRJ
[04:19:48] [207/459] SSJR
[04:19:48] [208/459] SVSM
[04:19:49] [209/459] RUCM
[04:19:49] 🔄 Identity reset
[04:19:50] 🔄 Identity rotated (every 10 requests)
[04:19:50] [210/459] PRKN
[04:19:50] [211/459] RROH
[04:19:51] [212/459] SCTN
[04:19:52] [213/459] RTDM
[04:19:52] [214/459] ASRM
[04:19:53] [215/459] SKMD
[04:19:53] [216/459] SUTD
[04:19:54] [217/459] SADM
[04:19:55] [218/459] WCNR
[04:19:55] [219/459] CNED
[04:19:56] 🔄 Identity reset
[04:19:56] 🔄 Identity rotated (every 10 requests)
[04:19:56] [220/459] MPDB
[04:19:57] [221/459] KTBH
[04:19:57] [222/459] IDRM
[04:19:58] [223/459] PJJT
[04:19:59] [224/459] PFCV
[04:19:59] [225/459] AACT
[04:20:00] [226/459] AAAD
[04:20:01] [227/459] ANES
[04:20:01] [228/459] MNCA
[04:20:02] [229/459] RMGU
[04:20:02] 🔄 Identity reset
[04:20:02] 🔄 Identity rotated (every 10 requests)
[04:20:02] 🔄 Retry 1/5 for RMGU in 2.4s
[04:20:02] 🔄 Identity reset
[04:20:05] 🧠 New identity created
[04:20:05] [230/459] DLCN
[04:20:06] [231/459] LJWT
[04:20:06] [232/459] MCBG
[04:20:07] [233/459] MYBG
[04:20:08] [234/459] GCCA
[04:20:11] [235/459] GCGA
[04:20:12] [236/459] ECGN
[04:20:12] [237/459] PRAB
[04:20:13] [238/459] PNMP
[04:20:14] 🔄 Identity reset
[04:20:14] 🔄 Identity rotated (every 10 requests)
[04:20:14] [239/459] GCPT
[04:20:15] [240/459] ROYN
[04:20:15] [241/459] VATM
[04:20:16] [242/459] KSNT
[04:20:17] [243/459] ACTC
[04:20:18] [244/459] PLTD
[04:20:18] [245/459] SKMK
[04:20:19] [246/459] CMTT
[04:20:20] [247/459] SMXP
[04:20:20] [248/459] SCMX
[04:20:21] 🔄 Identity reset
[04:20:21] 🔄 Identity rotated (every 10 requests)
[04:20:21] [249/459] ACXN
[04:20:21] [250/459] ASWT
[04:20:22] [251/459] VVVL
[04:20:23] [252/459] NAGO
[04:20:23] [253/459] SNCN
[04:20:24] [254/459] MCKP
[04:20:25] [255/459] SAMO
[04:20:25] [256/459] JBTV
[04:20:26] [257/459] DCVV
[04:20:26] [258/459] KMSV
[04:20:27] 🔄 Identity reset
[04:20:27] 🔄 Identity rotated (every 10 requests)
[04:20:27] [259/459] KDCN
[04:20:28] [260/459] CNCP
[04:20:29] [261/459] HAMC
[04:20:29] [262/459] CCVZ
[04:20:30] [263/459] NCCK
[04:20:30] [264/459] MCHR
[04:20:31] [265/459] SCHT
[04:20:32] [266/459] ESSH
[04:20:32] [267/459] CUJC
[04:20:33] [268/459] PECP
[04:20:34] 🔄 Identity reset
[04:20:34] 🔄 Identity rotated (every 10 requests)
[04:20:34] [269/459] PMMI
[04:20:34] [270/459] PCCH
[04:20:35] [271/459] PRPM
[04:20:36] [272/459] PVKL
[04:20:37] [273/459] CBSM
[04:20:37] [274/459] PVCZ
[04:20:38] [275/459] PCVV
[04:20:39] [276/459] CTMJ
[04:20:39] [277/459] RCPS
[04:20:40] [278/459] PCIT
[04:20:41] 🔄 Identity reset
[04:20:41] 🔄 Identity rotated (every 10 requests)
[04:20:41] 🔄 Retry 1/5 for PCIT in 2.8s
[04:20:41] 🔄 Identity reset
[04:20:43] 🧠 New identity created
[04:20:43] 🔄 Retry 2/5 for PCIT in 4.4s
[04:20:43] 🔄 Identity reset
[04:20:48] 🧠 New identity created
[04:20:48] [279/459] FNCH
[04:20:49] [280/459] INZD
[04:20:49] [281/459] INPC
[04:20:50] [282/459] LCZP
[04:20:50] [283/459] SMCB
[04:20:51] [284/459] PTSB
[04:20:52] [285/459] TPSI
[04:20:52] [286/459] KHMJ
[04:20:53] 🔄 Identity reset
[04:20:53] 🔄 Identity rotated (every 10 requests)
[04:20:53] [287/459] RCCJ
[04:20:54] [288/459] NCJA
[04:20:55] [289/459] NCJN
[04:20:55] [290/459] BTDP
[04:20:56] [291/459] PADY
[04:20:56] [292/459] NYBH
[04:20:57] [293/459] MTBR
[04:20:58] [294/459] KRBC
[04:20:58] [295/459] DKTI
[04:20:59] [296/459] ANAN
[04:21:00] 🔄 Identity reset
[04:21:00] 🔄 Identity rotated (every 10 requests)
[04:21:00] [297/459] INBP
[04:21:00] [298/459] PATB
[04:21:01] [299/459] RGNT
[04:21:02] [300/459] CGPM
[04:21:03] [301/459] INTN
[04:21:03] [302/459] MCMP
[04:21:04] [303/459] ASRG
[04:21:05] [304/459] CXJD
[04:21:05] [305/459] SPCP
[04:21:06] [306/459] CSTP
[04:21:06] 🔄 Identity reset
[04:21:06] 🔄 Identity rotated (every 10 requests)
[04:21:06] [307/459] PKVC
[04:21:07] [308/459] ESCP
[04:21:08] [309/459] CAEP
[04:21:08] [310/459] CCSP
[04:21:09] [311/459] KTPC
[04:21:10] [312/459] DACA
[04:21:10] [313/459] NVKY
[04:21:11] [314/459] PTIN
[04:21:11] [315/459] SCIN
[04:21:12] [316/459] MCTY
[04:21:13] 🔄 Identity reset
[04:21:13] 🔄 Identity rotated (every 10 requests)
[04:21:13] 🔄 Retry 1/5 for MCTY in 2.2s
[04:21:13] 🔄 Identity reset
[04:21:15] 🧠 New identity created
[04:21:15] [317/459] PCMX
[04:21:16] [318/459] INIC
[04:21:16] [319/459] MMZM
[04:21:17] [320/459] SSLP
[04:21:18] [321/459] DTDT
[04:21:18] [322/459] FFCX
[04:21:19] [323/459] RCMM
[04:21:20] [324/459] KYID
[04:21:20] [325/459] CSCI
[04:21:21] 🔄 Identity reset
[04:21:21] 🔄 Identity rotated (every 10 requests)
[04:21:21] [326/459] FCMC
[04:21:21] [327/459] MMXI
[04:21:22] [328/459] ASTC
[04:21:23] [329/459] CMRA
[04:21:23] [330/459] DICI
[04:21:24] [331/459] KDIN
[04:21:24] [332/459] PRFI
[04:21:25] [333/459] SVFC
[04:21:26] [334/459] UCPL
[04:21:27] [335/459] COOC
[04:21:27] 🔄 Identity reset
[04:21:27] 🔄 Identity rotated (every 10 requests)
[04:21:27] [336/459] SCAL
[04:21:28] [337/459] SVFF
[04:21:29] [338/459] VCMG
[04:21:29] [339/459] UUCT
[04:21:30] [340/459] GCSE
[04:21:31] [341/459] SUSC
[04:21:31] [342/459] MISC
[04:21:32] [343/459] RMBL
[04:21:32] [344/459] CMXN
[04:21:33] [345/459] PVBK
[04:21:34] 🔄 Identity reset
[04:21:34] 🔄 Identity rotated (every 10 requests)
[04:21:34] [346/459] HHCG
[04:21:34] [347/459] SCAG
[04:21:35] [348/459] CNPR
[04:21:36] [349/459] CSER
[04:21:37] [350/459] HLWD
[04:21:37] [351/459] BOLY
[04:21:38] [352/459] SSPG
[04:21:39] [353/459] MUPX
[04:21:40] [354/459] HAMR
[04:21:40] [355/459] SDNC
[04:21:41] 🔄 Identity reset
[04:21:41] 🔄 Identity rotated (every 10 requests)
[04:21:41] [356/459] RTEN
[04:21:41] [357/459] SDTD
[04:21:42] [358/459] KAWS
[04:21:43] [359/459] CMZX
[04:21:44] [360/459] DCDD
[04:21:44] [361/459] ALSN
[04:21:45] [362/459] IMXS
[04:21:46] [363/459] PVFF
[04:21:46] [364/459] PVOO
[04:21:47] [365/459] CFBS
[04:21:47] 🔄 Identity reset
[04:21:47] 🔄 Identity rotated (every 10 requests)
[04:21:48] 🔄 Retry 1/5 for CFBS in 2.4s
[04:21:48] 🔄 Identity reset
[04:21:50] 🧠 New identity created
[04:21:50] [366/459] PVER
[04:21:51] [367/459] PPNX
[04:21:52] [368/459] CNRM
[04:21:52] [369/459] PVWW
[04:21:53] [370/459] INMB
[04:21:54] [371/459] CPJR
[04:21:55] [372/459] INRZ
[04:21:55] [373/459] PMSR
[04:21:56] [374/459] GPGM
[04:21:56] 🔄 Identity reset
[04:21:56] 🔄 Identity rotated (every 10 requests)
[04:21:57] [375/459] PGWB
[04:21:57] [376/459] PMBR
[04:21:58] [377/459] GPAM
[04:21:59] [378/459] INBC
[04:21:59] [379/459] PZVK
[04:22:00] [380/459] CPEB
[04:22:00] [381/459] FMLB
[04:22:01] [382/459] INBG
[04:22:02] [383/459] GPBR
[04:22:02] [384/459] PAAS
[04:22:03] 🔄 Identity reset
[04:22:03] 🔄 Identity rotated (every 10 requests)
[04:22:03] 🔄 Retry 1/5 for PAAS in 2.1s
[04:22:03] 🔄 Identity reset
[04:22:05] 🧠 New identity created
[04:22:05] [385/459] VTBR
[04:22:06] [386/459] GPMY
[04:22:07] [387/459] GYBU
[04:22:07] [388/459] INBJ
[04:22:08] [389/459] LKTH
[04:22:09] [390/459] NSBR
[04:22:09] [391/459] PDRD
[04:22:10] [392/459] VRBL
[04:22:11] [393/459] VTGB
[04:22:11] 🔄 Identity reset
[04:22:11] 🔄 Identity rotated (every 10 requests)
[04:22:11] [394/459] VTSK
[04:22:12] [395/459] BKDV
[04:22:13] [396/459] SVTB
[04:22:13] [397/459] MLDT
[04:22:14] [398/459] NRBL
[04:22:15] [399/459] SLTR
[04:22:16] [400/459] VNKA
[04:22:16] [401/459] TDCA
[04:22:17] [402/459] INBM
[04:22:17] [403/459] SSNR
[04:22:18] 🔄 Identity reset
[04:22:18] 🔄 Identity rotated (every 10 requests)
[04:22:18] [404/459] BHAC
[04:22:19] [405/459] SDSD
[04:22:19] [406/459] SAMP
[04:22:20] [407/459] RATK
[04:22:21] [408/459] KCBI
[04:22:21] [409/459] URBL
[04:22:22] [410/459] MKBG
[04:22:23] [411/459] ASTB
[04:22:23] [412/459] VBWT
[04:22:24] [413/459] GPSM
[04:22:25] 🔄 Identity reset
[04:22:25] 🔄 Identity rotated (every 10 requests)
[04:22:25] [414/459] ROON
[04:22:25] [415/459] CHTH
[04:22:26] [416/459] SSPA
[04:22:27] [417/459] ANBL
[04:22:27] [418/459] VTBE
[04:22:28] [419/459] SVKT
[04:22:29] [420/459] SVYK
[04:22:29] [421/459] PTBK
[04:22:30] [422/459] RKTB
[04:22:30] [423/459] BALT
[04:22:31] 🔄 Identity reset
[04:22:31] 🔄 Identity rotated (every 10 requests)
[04:22:31] [424/459] STSV
[04:22:32] [425/459] VCCB
[04:22:33] [426/459] SLTB
[04:22:33] [427/459] SBCR
[04:22:34] [428/459] VDCS
[04:22:34] [429/459] MDKI
[04:22:35] [430/459] SMRN
[04:22:36] [431/459] PTBC
[04:22:36] [432/459] RADI
[04:22:37] [433/459] ADCR
[04:22:37] 🔄 Identity reset
[04:22:37] 🔄 Identity rotated (every 10 requests)
[04:22:38] [434/459] SDCS
[04:22:38] [435/459] SRPJ
[04:22:39] [436/459] ARTS
[04:22:39] [437/459] SRHK
[04:22:40] [438/459] SPAY
[04:22:40] [439/459] GPTB
[04:22:41] [440/459] SNNN
[04:22:42] [441/459] BALJ
[04:22:42] [442/459] TRIG
[04:22:43] [443/459] GTYT
[04:22:44] 🔄 Identity reset
[04:22:44] 🔄 Identity rotated (every 10 requests)
[04:22:44] [444/459] ATGN
[04:22:44] [445/459] ANTE
[04:22:45] [446/459] BDCG
[04:22:46] [447/459] VECI
[04:22:46] [448/459] SCPR
[04:22:47] [449/459] RTEA
[04:22:47] [450/459] JSAI
[04:22:48] [451/459] VJTP
[04:22:49] [452/459] GNDS
[04:22:49] [453/459] PAXA
[04:22:50] 🔄 Identity reset
[04:22:50] 🔄 Identity rotated (every 10 requests)
[04:22:50] [454/459] CGGM
[04:22:50] [455/459] ACKZ
[04:22:51] [456/459] EMCC
[04:22:51] [457/459] KLSK
[04:22:52] [458/459] AVCK
[04:22:53] [459/459] JTCK
[04:22:53] ✅ DONE | Shows=0 | Movies=0
[04:56:36] 🚀 BMS DAILY TRACKER STARTED (enhanced anti‑detection)
[04:56:36] [1/459] NECA
[04:56:36] 🧠 New identity created
[04:56:37] [2/459] BJLC
[04:56:38] [3/459] BASU
[04:56:39] [4/459] RUPI
[04:56:40] [5/459] LCBK
[04:56:41] [6/459] PMAC
[04:56:41] [7/459] AMLC
[04:56:42] [8/459] LICL
[04:56:43] [9/459] UDMM
[04:56:44] [10/459] STBZ
[04:56:45] 🔄 Identity reset
[04:56:45] 🔄 Identity rotated (every 10 requests)
[04:56:45] [11/459] UUBT
[04:56:46] [12/459] SJKC
[04:56:47] [13/459] TUAL
[04:56:48] [14/459] MRSE
[04:56:49] [15/459] RMRK
[04:56:50] [16/459] TTKP
[04:56:51] [17/459] KTKO
[04:56:51] [18/459] SDBK
[04:56:52] [19/459] MCPR
[04:56:53] [20/459] CHTI
[04:56:54] 🔄 Identity reset
[04:56:54] 🔄 Identity rotated (every 10 requests)
[04:56:54] [21/459] GCCP
[04:56:55] [22/459] SRMY
[04:56:55] [23/459] NYST
[04:56:56] [24/459] NYAG
[04:56:57] [25/459] SBMT
[04:56:59] [26/459] INGA
[04:56:59] [27/459] WSIC
[04:57:00] [28/459] SCSS
[04:57:01] [29/459] COPG
[04:57:01] [30/459] RCGR
[04:57:02] 🔄 Identity reset
[04:57:02] 🔄 Identity rotated (every 10 requests)
[04:57:02] [31/459] TCZA
[04:57:03] [32/459] CNLP
[04:57:04] [33/459] CLKN
[04:57:05] [34/459] LHDF
[04:57:06] [35/459] ELKC
[04:57:07] [36/459] VCEM
[04:57:07] [37/459] SSZA
[04:57:08] [38/459] KRMT
[04:57:09] [39/459] LCMV
[04:57:10] [40/459] AYCZ
[04:57:10] 🔄 Identity reset
[04:57:10] 🔄 Identity rotated (every 10 requests)
[04:57:11] [41/459] CUMS
[04:57:12] [42/459] BOCK
[04:57:13] [43/459] PNMR
[04:57:14] [44/459] PJCP
[04:57:14] [45/459] JDDD
[04:57:15] [46/459] STMS
[04:57:17] [47/459] FLMB
[04:57:17] [48/459] PKCM
[04:57:18] [49/459] SPPR
[04:57:19] [50/459] EYLH
[04:57:20] 🔄 Identity reset
[04:57:20] 🔄 Identity rotated (every 10 requests)
[04:57:20] [51/459] RJCC
[04:57:21] [52/459] MMPS
[04:57:22] [53/459] SHMX
[04:57:23] [54/459] CCNL
[04:57:24] [55/459] RCNV
[04:57:25] [56/459] MAAG
[04:57:26] [57/459] LXCM
[04:57:27] [58/459] RCNI
[04:57:28] [59/459] SNNI
[04:57:29] [60/459] LALC
[04:57:29] 🔄 Identity reset
[04:57:29] 🔄 Identity rotated (every 10 requests)
[04:57:29] [61/459] SOCN
[04:57:30] [62/459] JHTP
[04:57:31] [63/459] PITP
[04:57:32] [64/459] CCKW
[04:57:33] [65/459] MCMC
[04:57:34] [66/459] DEES
[04:57:35] [67/459] SABT
[04:57:36] [68/459] VSPP
[04:57:37] [69/459] ABCT
[04:57:38] [70/459] JVTB
[04:57:38] 🔄 Identity reset
[04:57:38] 🔄 Identity rotated (every 10 requests)
[04:57:39] [71/459] VCBD
[04:57:40] [72/459] RMGG
[04:57:41] [73/459] RNMH
[04:57:41] [74/459] SPGL
[04:57:42] [75/459] JTTR
[04:57:43] [76/459] SICS
[04:57:44] [77/459] SRMI
[04:57:45] [78/459] SSIJ
[04:57:46] [79/459] KFMT
[04:57:47] [80/459] VBIT
[04:57:48] 🔄 Identity reset
[04:57:48] 🔄 Identity rotated (every 10 requests)
[04:57:48] [81/459] JKCT
[04:57:49] [82/459] GCGP
[04:57:50] [83/459] GDCS
[04:57:51] [84/459] TRBA
[04:57:52] [85/459] QUST
[04:57:53] [86/459] VSHM
[04:57:54] [87/459] SDCP
[04:57:55] [88/459] SNVS
[04:57:56] [89/459] NYTO
[04:57:57] [90/459] URWC
[04:57:58] 🔄 Identity reset
[04:57:58] 🔄 Identity rotated (every 10 requests)
[04:57:58] [91/459] GTWH
[04:57:59] [92/459] PFCM
[04:58:00] [93/459] KRTA
[04:58:01] [94/459] AXMC
[04:58:01] [95/459] EVMC
[04:58:02] [96/459] HGSM
[04:58:04] [97/459] ACVM
[04:58:04] [98/459] PSKL
[04:58:05] [99/459] RDMP
[04:58:06] [100/459] RHGH
[04:58:06] 🔄 Identity reset
[04:58:06] 🔄 Identity rotated (every 10 requests)
[04:58:07] [101/459] OMCM
[04:58:08] [102/459] DCCP
[04:58:08] [103/459] MCPB
[04:58:09] [104/459] ALCI
[04:58:10] [105/459] BLMX
[04:58:10] [106/459] BTMV
[04:58:12] [107/459] FVPN
[04:58:12] [108/459] CMAR
[04:58:13] [109/459] CEIM
[04:58:14] [110/459] CMVA
[04:58:15] 🔄 Identity reset
[04:58:15] 🔄 Identity rotated (every 10 requests)
[04:58:15] [111/459] CPIV
[04:58:16] [112/459] CNPE
[04:58:16] [113/459] COLV
[04:58:17] [114/459] DNNV
[04:58:18] [115/459] HCAD
[04:58:18] [116/459] TAKA
[04:58:19] [117/459] INVD
[04:58:20] [118/459] IRMM
[04:58:21] [119/459] INSE
[04:58:21] [120/459] MRSW
[04:58:22] 🔄 Identity reset
[04:58:22] 🔄 Identity rotated (every 10 requests)
[04:58:22] [121/459] MCVD
[04:58:23] [122/459] MCSO
[04:58:24] [123/459] PEVM
[04:58:25] [124/459] PVNL
[04:58:25] [125/459] PTCV
[04:58:26] [126/459] PRTC
[04:58:27] [127/459] RCVA
[04:58:27] [128/459] MTBN
[04:58:28] [129/459] LUCP
[04:58:29] [130/459] FMPT
[04:58:29] 🔄 Identity reset
[04:58:29] 🔄 Identity rotated (every 10 requests)
[04:58:30] [131/459] JLSL
[04:58:31] [132/459] SBHA
[04:58:31] [133/459] SHRC
[04:58:32] [134/459] AVPS
[04:58:34] [135/459] STPM
[04:58:35] [136/459] ATRD
[04:58:36] [137/459] VTED
[04:58:37] [138/459] ACAI
[04:58:38] [139/459] SMAE
[04:58:38] [140/459] VMAT
[04:58:39] 🔄 Identity reset
[04:58:39] 🔄 Identity rotated (every 10 requests)
[04:58:39] [141/459] LKCT
[04:58:40] [142/459] JTVK
[04:58:41] [143/459] PRTY
[04:58:41] [144/459] GETT
[04:58:42] [145/459] ESAP
[04:58:43] [146/459] NCPM
[04:58:44] [147/459] PCPA
[04:58:44] [148/459] MMOM
[04:58:45] [149/459] PHUP
[04:58:46] [150/459] CCPI
[04:58:46] 🔄 Identity reset
[04:58:46] 🔄 Identity rotated (every 10 requests)
[04:58:47] [151/459] CNTD
[04:58:48] [152/459] NLJR
[04:58:48] [153/459] SRNG
[04:58:49] [154/459] MHAL
[04:58:50] [155/459] PNSM
[04:58:50] [156/459] DRMY
[04:58:51] [157/459] CCMU
[04:58:52] [158/459] SCMY
[04:58:53] [159/459] PVSY
[04:58:54] [160/459] SDLM
[04:58:54] 🔄 Identity reset
[04:58:54] 🔄 Identity rotated (every 10 requests)
[04:58:54] [161/459] ICCM
[04:58:55] [162/459] PYSU
[04:58:56] [163/459] GATM
[04:58:57] [164/459] WOTM
[04:58:57] [165/459] RKTS
[04:58:59] [166/459] PMTY
[04:58:59] [167/459] LYMS
[04:59:00] [168/459] TGCA
[04:59:01] [169/459] DSTA
[04:59:03] [170/459] CNGE
[04:59:03] 🔄 Identity reset
[04:59:03] 🔄 Identity rotated (every 10 requests)
[04:59:03] 🔄 Retry 1/5 for CNGE in 2.8s
[04:59:03] 🔄 Identity reset
[04:59:06] 🧠 New identity created
[04:59:06] [171/459] VSTG
[04:59:08] [172/459] GTCK
[04:59:09] [173/459] TGNT
[04:59:10] [174/459] ASLC
[04:59:10] [175/459] SSST
[04:59:11] [176/459] KBTT
[04:59:12] [177/459] HKCP
[04:59:12] [178/459] SWLC
[04:59:13] [179/459] RTND
[04:59:14] 🔄 Identity reset
[04:59:14] 🔄 Identity rotated (every 10 requests)
[04:59:14] [180/459] PKKT
[04:59:15] [181/459] HSTK
[04:59:16] [182/459] SPTT
[04:59:17] [183/459] IMPM
[04:59:18] [184/459] SCMV
[04:59:18] [185/459] SPCT
[04:59:19] [186/459] JBCA
[04:59:20] [187/459] ATTR
[04:59:21] [188/459] SPMT
[04:59:21] [189/459] LCTM
[04:59:22] 🔄 Identity reset
[04:59:22] 🔄 Identity rotated (every 10 requests)
[04:59:22] [190/459] SCVL
[04:59:23] [191/459] SCVT
[04:59:23] [192/459] KRIC
[04:59:24] [193/459] CTMG
[04:59:25] [194/459] ACNC
[04:59:26] [195/459] DMCK
[04:59:26] [196/459] KMTV
[04:59:27] [197/459] PFCJ
[04:59:28] [198/459] VNMD
[04:59:28] [199/459] VPCZ
[04:59:29] 🔄 Identity reset
[04:59:29] 🔄 Identity rotated (every 10 requests)
[04:59:29] [200/459] SRYR
[04:59:30] [201/459] SYTR
[04:59:31] [202/459] GATR
[04:59:32] [203/459] URTR
[04:59:33] [204/459] MKSM
[04:59:34] [205/459] VSMH
[04:59:35] [206/459] SKRJ
[04:59:36] [207/459] SSJR
[04:59:37] [208/459] SVSM
[04:59:37] [209/459] RUCM
[04:59:38] 🔄 Identity reset
[04:59:38] 🔄 Identity rotated (every 10 requests)
[04:59:38] 🔄 Retry 1/5 for RUCM in 2.3s
[04:59:38] 🔄 Identity reset
[04:59:40] 🧠 New identity created
[04:59:40] [210/459] PRKN
[04:59:41] [211/459] RROH
[04:59:42] [212/459] SCTN
[04:59:42] [213/459] RTDM
[04:59:43] [214/459] ASRM
[04:59:44] [215/459] SKMD
[04:59:44] [216/459] SUTD
[04:59:45] [217/459] SADM
[04:59:46] [218/459] WCNR
[04:59:47] 🔄 Identity reset
[04:59:47] 🔄 Identity rotated (every 10 requests)
[04:59:47] [219/459] CNED
[04:59:48] [220/459] MPDB
[04:59:49] [221/459] KTBH
[04:59:50] [222/459] IDRM
[04:59:50] [223/459] PJJT
[04:59:51] [224/459] PFCV
[04:59:52] [225/459] AACT
[04:59:53] [226/459] AAAD
[04:59:54] [227/459] ANES
[04:59:55] [228/459] MNCA
[04:59:55] 🔄 Identity reset
[04:59:55] 🔄 Identity rotated (every 10 requests)
[04:59:55] [229/459] RMGU
[04:59:56] [230/459] DLCN
[04:59:57] [231/459] LJWT
[04:59:58] [232/459] MCBG
[04:59:58] [233/459] MYBG
[04:59:59] [234/459] GCCA
[05:00:00] [235/459] GCGA
[05:00:01] [236/459] ECGN
[05:00:02] [237/459] PRAB
[05:00:02] [238/459] PNMP
[05:00:03] 🔄 Identity reset
[05:00:03] 🔄 Identity rotated (every 10 requests)
[05:00:03] [239/459] GCPT
[05:00:04] [240/459] ROYN
[05:00:04] [241/459] VATM
[05:00:05] [242/459] KSNT
[05:00:06] [243/459] ACTC
[05:00:07] [244/459] PLTD
[05:00:07] [245/459] SKMK
[05:00:08] [246/459] CMTT
[05:00:09] [247/459] SMXP
[05:00:10] [248/459] SCMX
[05:00:10] 🔄 Identity reset
[05:00:10] 🔄 Identity rotated (every 10 requests)
[05:00:10] 🔄 Retry 1/5 for SCMX in 2.2s
[05:00:10] 🔄 Identity reset
[05:00:13] 🧠 New identity created
[05:00:14] [249/459] ACXN
[05:00:14] [250/459] ASWT
[05:00:15] [251/459] VVVL
[05:00:16] [252/459] NAGO
[05:00:16] [253/459] SNCN
[05:00:17] [254/459] MCKP
[05:00:18] [255/459] SAMO
[05:00:19] [256/459] JBTV
[05:00:19] [257/459] DCVV
[05:00:20] 🔄 Identity reset
[05:00:20] 🔄 Identity rotated (every 10 requests)
[05:00:20] [258/459] KMSV
[05:00:21] [259/459] KDCN
[05:00:22] [260/459] CNCP
[05:00:23] [261/459] HAMC
[05:00:23] [262/459] CCVZ
[05:00:24] [263/459] NCCK
[05:00:25] [264/459] MCHR
[05:00:25] [265/459] SCHT
[05:00:26] [266/459] ESSH
[05:00:27] [267/459] CUJC
[05:00:27] 🔄 Identity reset
[05:00:27] 🔄 Identity rotated (every 10 requests)
[05:00:28] [268/459] PECP
[05:00:29] [269/459] PMMI
[05:00:30] [270/459] PCCH
[05:00:30] [271/459] PRPM
[05:00:32] [272/459] PVKL
[05:00:32] [273/459] CBSM
[05:00:33] [274/459] PVCZ
[05:00:34] [275/459] PCVV
[05:00:35] [276/459] CTMJ
[05:00:36] [277/459] RCPS
[05:00:37] 🔄 Identity reset
[05:00:37] 🔄 Identity rotated (every 10 requests)
[05:00:37] 🔄 Retry 1/5 for RCPS in 2.0s
[05:00:37] 🔄 Identity reset
[05:00:39] 🧠 New identity created
[05:00:39] [278/459] PCIT
[05:00:40] [279/459] FNCH
[05:00:40] [280/459] INZD
[05:00:41] [281/459] INPC
[05:00:42] [282/459] LCZP
[05:00:42] [283/459] SMCB
[05:00:43] [284/459] PTSB
[05:00:44] [285/459] TPSI
[05:00:45] [286/459] KHMJ
[05:00:45] 🔄 Identity reset
[05:00:45] 🔄 Identity rotated (every 10 requests)
[05:00:45] [287/459] RCCJ
[05:00:47] [288/459] NCJA
[05:00:47] [289/459] NCJN
[05:00:48] [290/459] BTDP
[05:00:49] [291/459] PADY
[05:00:50] [292/459] NYBH
[05:00:50] [293/459] MTBR
[05:00:52] [294/459] KRBC
[05:00:53] [295/459] DKTI
[05:00:53] [296/459] ANAN
[05:00:54] 🔄 Identity reset
[05:00:54] 🔄 Identity rotated (every 10 requests)
[05:00:54] [297/459] INBP
[05:00:55] [298/459] PATB
[05:00:55] [299/459] RGNT
[05:00:56] [300/459] CGPM
[05:00:57] [301/459] INTN
[05:00:57] [302/459] MCMP
[05:00:58] [303/459] ASRG
[05:00:59] [304/459] CXJD
[05:01:00] [305/459] SPCP
[05:01:00] [306/459] CSTP
[05:01:01] 🔄 Identity reset
[05:01:01] 🔄 Identity rotated (every 10 requests)
[05:01:01] 🔄 Retry 1/5 for CSTP in 2.8s
[05:01:01] 🔄 Identity reset
[05:01:04] 🧠 New identity created
[05:01:04] [307/459] PKVC
[05:01:05] [308/459] ESCP
[05:01:05] [309/459] CAEP
[05:01:06] [310/459] CCSP
[05:01:07] [311/459] KTPC
[05:01:08] [312/459] DACA
[05:01:09] [313/459] NVKY
[05:01:09] [314/459] PTIN
[05:01:10] [315/459] SCIN
[05:01:11] 🔄 Identity reset
[05:01:11] 🔄 Identity rotated (every 10 requests)
[05:01:11] [316/459] MCTY
[05:01:12] [317/459] PCMX
[05:01:13] [318/459] INIC
[05:01:14] [319/459] MMZM
[05:01:16] [320/459] SSLP
[05:01:17] [321/459] DTDT
[05:01:17] [322/459] FFCX
[05:01:19] [323/459] RCMM
[05:01:20] [324/459] KYID
[05:01:20] [325/459] CSCI
[05:01:21] 🔄 Identity reset
[05:01:21] 🔄 Identity rotated (every 10 requests)
[05:01:22] [326/459] FCMC
[05:01:23] [327/459] MMXI
[05:01:24] [328/459] ASTC
[05:01:24] [329/459] CMRA
[05:01:25] [330/459] DICI
[05:01:26] [331/459] KDIN
[05:01:27] [332/459] PRFI
[05:01:28] [333/459] SVFC
[05:01:29] [334/459] UCPL
[05:01:29] [335/459] COOC
[05:01:30] 🔄 Identity reset
[05:01:30] 🔄 Identity rotated (every 10 requests)
[05:01:30] [336/459] SCAL
[05:01:31] [337/459] SVFF
[05:01:32] [338/459] VCMG
[05:01:33] [339/459] UUCT
[05:01:34] [340/459] GCSE
[05:01:34] [341/459] SUSC
[05:01:35] [342/459] MISC
[05:01:36] [343/459] RMBL
[05:01:37] [344/459] CMXN
[05:01:37] [345/459] PVBK
[05:01:38] 🔄 Identity reset
[05:01:38] 🔄 Identity rotated (every 10 requests)
[05:01:38] [346/459] HHCG
[05:01:39] [347/459] SCAG
[05:01:39] [348/459] CNPR
[05:01:40] [349/459] CSER
[05:01:41] [350/459] HLWD
[05:01:41] [351/459] BOLY
[05:01:43] [352/459] SSPG
[05:01:44] [353/459] MUPX
[05:01:45] [354/459] HAMR
[05:01:46] [355/459] SDNC
[05:01:47] 🔄 Identity reset
[05:01:47] 🔄 Identity rotated (every 10 requests)
[05:01:47] [356/459] RTEN
[05:01:48] [357/459] SDTD
[05:01:48] [358/459] KAWS
[05:01:49] [359/459] CMZX
[05:01:50] [360/459] DCDD
[05:01:51] [361/459] ALSN
[05:01:52] [362/459] IMXS
[05:01:52] [363/459] PVFF
[05:01:53] [364/459] PVOO
[05:01:54] [365/459] CFBS
[05:01:55] 🔄 Identity reset
[05:01:55] 🔄 Identity rotated (every 10 requests)
[05:01:55] [366/459] PVER
[05:01:56] [367/459] PPNX
[05:01:57] [368/459] CNRM
[05:01:57] [369/459] PVWW
[05:01:58] [370/459] INMB
[05:01:59] [371/459] CPJR
[05:01:59] [372/459] INRZ
[05:02:00] [373/459] PMSR
[05:02:01] [374/459] GPGM
[05:02:02] [375/459] PGWB
[05:02:03] 🔄 Identity reset
[05:02:03] 🔄 Identity rotated (every 10 requests)
[05:02:03] [376/459] PMBR
[05:02:04] [377/459] GPAM
[05:02:05] [378/459] INBC
[05:02:06] [379/459] PZVK
[05:02:06] [380/459] CPEB
[05:02:07] [381/459] FMLB
[05:02:07] [382/459] INBG
[05:02:08] [383/459] GPBR
[05:02:09] [384/459] PAAS
[05:02:10] [385/459] VTBR
[05:02:10] 🔄 Identity reset
[05:02:10] 🔄 Identity rotated (every 10 requests)
[05:02:11] [386/459] GPMY
[05:02:11] [387/459] GYBU
[05:02:12] [388/459] INBJ
[05:02:13] [389/459] LKTH
[05:02:13] [390/459] NSBR
[05:02:14] [391/459] PDRD
[05:02:15] [392/459] VRBL
[05:02:15] [393/459] VTGB
[05:02:16] [394/459] VTSK
[05:02:17] [395/459] BKDV
[05:02:17] 🔄 Identity reset
[05:02:17] 🔄 Identity rotated (every 10 requests)
[05:02:18] [396/459] SVTB
[05:02:18] [397/459] MLDT
[05:02:19] [398/459] NRBL
[05:02:20] [399/459] SLTR
[05:02:21] [400/459] VNKA
[05:02:21] [401/459] TDCA
[05:02:22] [402/459] INBM
[05:02:23] [403/459] SSNR
[05:02:23] [404/459] BHAC
[05:02:24] [405/459] SDSD
[05:02:25] 🔄 Identity reset
[05:02:25] 🔄 Identity rotated (every 10 requests)
[05:02:25] [406/459] SAMP
[05:02:26] [407/459] RATK
[05:02:26] [408/459] KCBI
[05:02:27] [409/459] URBL
[05:02:28] [410/459] MKBG
[05:02:29] [411/459] ASTB
[05:02:29] [412/459] VBWT
[05:02:30] [413/459] GPSM
[05:02:31] [414/459] ROON
[05:02:32] [415/459] CHTH
[05:02:32] 🔄 Identity reset
[05:02:32] 🔄 Identity rotated (every 10 requests)
[05:02:32] [416/459] SSPA
[05:02:33] [417/459] ANBL
[05:02:34] [418/459] VTBE
[05:02:34] [419/459] SVKT
[05:02:35] [420/459] SVYK
[05:02:36] [421/459] PTBK
[05:02:37] [422/459] RKTB
[05:02:37] [423/459] BALT
[05:02:39] [424/459] STSV
[05:02:39] [425/459] VCCB
[05:02:40] 🔄 Identity reset
[05:02:40] 🔄 Identity rotated (every 10 requests)
[05:02:40] 🔄 Retry 1/5 for VCCB in 2.2s
[05:02:40] 🔄 Identity reset
[05:02:42] 🧠 New identity created
[05:02:43] [426/459] SLTB
[05:02:43] [427/459] SBCR
[05:02:44] [428/459] VDCS
[05:02:45] [429/459] MDKI
[05:02:45] [430/459] SMRN
[05:02:46] [431/459] PTBC
[05:02:47] [432/459] RADI
[05:02:48] [433/459] ADCR
[05:02:49] [434/459] SDCS
[05:02:49] 🔄 Identity reset
[05:02:49] 🔄 Identity rotated (every 10 requests)
[05:02:50] [435/459] SRPJ
[05:02:50] [436/459] ARTS
[05:02:51] [437/459] SRHK
[05:02:52] [438/459] SPAY
[05:02:53] [439/459] GPTB
[05:02:53] [440/459] SNNN
[05:02:54] [441/459] BALJ
[05:02:55] [442/459] TRIG
[05:02:55] [443/459] GTYT
[05:02:56] [444/459] ATGN
[05:02:57] 🔄 Identity reset
[05:02:57] 🔄 Identity rotated (every 10 requests)
[05:02:57] [445/459] ANTE
[05:02:58] [446/459] BDCG
[05:02:59] [447/459] VECI
[05:02:59] [448/459] SCPR
[05:03:00] [449/459] RTEA
[05:03:00] [450/459] JSAI
[05:03:01] [451/459] VJTP
[05:03:02] [452/459] GNDS
[05:03:03] [453/459] PAXA
[05:03:04] [454/459] CGGM
[05:03:04] 🔄 Identity reset
[05:03:04] 🔄 Identity rotated (every 10 requests)
[05:03:04] [455/459] ACKZ
[05:03:05] [456/459] EMCC
[05:03:07] [457/459] KLSK
[05:03:07] [458/459] AVCK
[05:03:08] [459/459] JTCK
[05:03:09] ✅ DONE | Shows=16 | Movies=8
[05:17:06] 🚀 BMS DAILY TRACKER STARTED (enhanced anti‑detection)
[05:17:06] [1/459] NECA
[05:17:06] 🧠 New identity created
[05:17:06] [2/459] BJLC
[05:17:07] [3/459] BASU
[05:17:08] [4/459] RUPI
[05:17:08] [5/459] LCBK
[05:17:09] [6/459] PMAC
[05:17:10] [7/459] AMLC
[05:17:10] [8/459] LICL
[05:17:11] [9/459] UDMM
[05:17:11] [10/459] STBZ
[05:17:12] 🔄 Identity reset
[05:17:12] 🔄 Identity rotated (every 10 requests)
[05:17:12] [11/459] UUBT
[05:17:13] [12/459] SJKC
[05:17:13] [13/459] TUAL
[05:17:14] [14/459] MRSE
[05:17:15] [15/459] RMRK
[05:17:15] [16/459] TTKP
[05:17:16] [17/459] KTKO
[05:17:16] [18/459] SDBK
[05:17:17] [19/459] MCPR
[05:17:18] [20/459] CHTI
[05:17:18] 🔄 Identity reset
[05:17:18] 🔄 Identity rotated (every 10 requests)
[05:17:18] [21/459] GCCP
[05:17:19] [22/459] SRMY
[05:17:20] [23/459] NYST
[05:17:20] [24/459] NYAG
[05:17:21] [25/459] SBMT
[05:17:22] [26/459] INGA
[05:17:22] [27/459] WSIC
[05:17:23] [28/459] SCSS
[05:17:23] [29/459] COPG
[05:17:24] [30/459] RCGR
[05:17:25] 🔄 Identity reset
[05:17:25] 🔄 Identity rotated (every 10 requests)
[05:17:25] 🔄 Retry 1/5 for RCGR in 2.7s
[05:17:25] 🔄 Identity reset
[05:17:27] 🧠 New identity created
[05:17:27] [31/459] TCZA
[05:17:28] [32/459] CNLP
[05:17:29] [33/459] CLKN
[05:17:29] [34/459] LHDF
[05:17:30] [35/459] ELKC
[05:17:31] [36/459] VCEM
[05:17:31] [37/459] SSZA
[05:17:32] [38/459] KRMT
[05:17:32] [39/459] LCMV
[05:17:33] 🔄 Identity reset
[05:17:33] 🔄 Identity rotated (every 10 requests)
[05:17:33] [40/459] AYCZ
[05:17:34] [41/459] CUMS
[05:17:34] [42/459] BOCK
[05:17:35] [43/459] PNMR
[05:17:36] [44/459] PJCP
[05:17:36] [45/459] JDDD
[05:17:37] [46/459] STMS
[05:17:37] [47/459] FLMB
[05:17:38] [48/459] PKCM
[05:17:39] [49/459] SPPR
[05:17:39] 🔄 Identity reset
[05:17:39] 🔄 Identity rotated (every 10 requests)
[05:17:39] 🔄 Retry 1/5 for SPPR in 2.7s
[05:17:39] 🔄 Identity reset
[05:17:42] 🧠 New identity created
[05:17:42] 🔄 Retry 2/5 for SPPR in 4.6s
[05:17:42] 🔄 Identity reset
[05:17:47] 🧠 New identity created
[05:17:47] [50/459] EYLH
[05:17:47] [51/459] RJCC
[05:17:48] [52/459] MMPS
[05:17:49] [53/459] SHMX
[05:17:49] [54/459] CCNL
[05:17:50] [55/459] RCNV
[05:17:51] [56/459] MAAG
[05:17:52] [57/459] LXCM
[05:17:52] 🔄 Identity reset
[05:17:52] 🔄 Identity rotated (every 10 requests)
[05:17:52] [58/459] RCNI
[05:17:53] [59/459] SNNI
[05:17:53] [60/459] LALC
[05:17:54] [61/459] SOCN
[05:17:54] [62/459] JHTP
[05:17:55] [63/459] PITP
[05:17:55] [64/459] CCKW
[05:17:56] [65/459] MCMC
[05:17:57] [66/459] DEES
[05:17:57] [67/459] SABT
[05:17:58] 🔄 Identity reset
[05:17:58] 🔄 Identity rotated (every 10 requests)
[05:17:58] [68/459] VSPP
[05:17:58] [69/459] ABCT
[05:17:59] [70/459] JVTB
[05:18:00] [71/459] VCBD
[05:18:00] [72/459] RMGG
[05:18:01] [73/459] RNMH
[05:18:02] [74/459] SPGL
[05:18:02] [75/459] JTTR
[05:18:03] [76/459] SICS
[05:18:04] [77/459] SRMI
[05:18:04] 🔄 Identity reset
[05:18:04] 🔄 Identity rotated (every 10 requests)
[05:18:04] [78/459] SSIJ
[05:18:05] [79/459] KFMT
[05:18:06] [80/459] VBIT
[05:18:06] [81/459] JKCT
[05:18:07] [82/459] GCGP
[05:18:07] [83/459] GDCS
[05:18:08] [84/459] TRBA
[05:18:09] [85/459] QUST
[05:18:09] [86/459] VSHM
[05:18:10] [87/459] SDCP
[05:18:11] 🔄 Identity reset
[05:18:11] 🔄 Identity rotated (every 10 requests)
[05:18:11] [88/459] SNVS
[05:18:11] [89/459] NYTO
[05:18:12] [90/459] URWC
[05:18:12] [91/459] GTWH
[05:18:13] [92/459] PFCM
[05:18:14] [93/459] KRTA
[05:18:14] [94/459] AXMC
[05:18:15] [95/459] EVMC
[05:18:16] [96/459] HGSM
[05:18:16] [97/459] ACVM
[05:18:17] 🔄 Identity reset
[05:18:17] 🔄 Identity rotated (every 10 requests)
[05:18:17] [98/459] PSKL
[05:18:17] [99/459] RDMP
[05:18:18] [100/459] RHGH
[05:18:18] [101/459] OMCM
[05:18:19] [102/459] DCCP
[05:18:20] [103/459] MCPB
[05:18:20] [104/459] ALCI
[05:18:21] [105/459] BLMX
[05:18:22] [106/459] BTMV
[05:18:22] [107/459] FVPN
[05:18:23] 🔄 Identity reset
[05:18:23] 🔄 Identity rotated (every 10 requests)
[05:18:23] [108/459] CMAR
[05:18:24] [109/459] CEIM
[05:18:24] [110/459] CMVA
[05:18:25] [111/459] CPIV
[05:18:25] [112/459] CNPE
[05:18:26] [113/459] COLV
[05:18:27] [114/459] DNNV
[05:18:27] [115/459] HCAD
[05:18:28] [116/459] TAKA
[05:18:28] [117/459] INVD
[05:18:29] 🔄 Identity reset
[05:18:29] 🔄 Identity rotated (every 10 requests)
[05:18:29] [118/459] IRMM
[05:18:30] [119/459] INSE
[05:18:30] [120/459] MRSW
[05:18:31] [121/459] MCVD
[05:18:32] [122/459] MCSO
[05:18:32] [123/459] PEVM
[05:18:33] [124/459] PVNL
[05:18:33] [125/459] PTCV
[05:18:34] [126/459] PRTC
[05:18:34] [127/459] RCVA
[05:18:35] 🔄 Identity reset
[05:18:35] 🔄 Identity rotated (every 10 requests)
[05:18:35] 🔄 Retry 1/5 for RCVA in 2.4s
[05:18:35] 🔄 Identity reset
[05:18:38] 🧠 New identity created
[05:18:38] 🔄 Retry 2/5 for RCVA in 4.4s
[05:18:38] 🔄 Identity reset
[05:18:42] 🧠 New identity created
[05:18:42] [128/459] MTBN
[05:18:43] [129/459] LUCP
[05:18:44] [130/459] FMPT
[05:18:44] [131/459] JLSL
[05:18:45] [132/459] SBHA
[05:18:46] [133/459] SHRC
[05:18:46] [134/459] AVPS
[05:18:47] [135/459] STPM
[05:18:47] 🔄 Identity reset
[05:18:47] 🔄 Identity rotated (every 10 requests)
[05:18:47] [136/459] ATRD
[05:18:48] [137/459] VTED
[05:18:48] [138/459] ACAI
[05:18:49] [139/459] SMAE
[05:18:49] [140/459] VMAT
[05:18:50] [141/459] LKCT
[05:18:50] [142/459] JTVK
[05:18:51] [143/459] PRTY
[05:18:52] [144/459] GETT
[05:18:52] [145/459] ESAP
[05:18:53] 🔄 Identity reset
[05:18:53] 🔄 Identity rotated (every 10 requests)
[05:18:53] [146/459] NCPM
[05:18:54] [147/459] PCPA
[05:18:54] [148/459] MMOM
[05:18:55] [149/459] PHUP
[05:18:55] [150/459] CCPI
[05:18:56] [151/459] CNTD
[05:18:57] [152/459] NLJR
[05:18:57] [153/459] SRNG
[05:18:58] [154/459] MHAL
[05:18:58] [155/459] PNSM
[05:18:59] 🔄 Identity reset
[05:18:59] 🔄 Identity rotated (every 10 requests)
[05:18:59] [156/459] DRMY
[05:19:00] [157/459] CCMU
[05:19:00] [158/459] SCMY
[05:19:01] [159/459] PVSY
[05:19:02] [160/459] SDLM
[05:19:02] [161/459] ICCM
[05:19:03] [162/459] PYSU
[05:19:04] [163/459] GATM
[05:19:04] [164/459] WOTM
[05:19:05] [165/459] RKTS
[05:19:06] 🔄 Identity reset
[05:19:06] 🔄 Identity rotated (every 10 requests)
[05:19:06] [166/459] PMTY
[05:19:06] [167/459] LYMS
[05:19:07] [168/459] TGCA
[05:19:08] [169/459] DSTA
[05:19:08] [170/459] CNGE
[05:19:09] [171/459] VSTG
[05:19:09] [172/459] GTCK
[05:19:10] [173/459] TGNT
[05:19:10] [174/459] ASLC
[05:19:11] [175/459] SSST
[05:19:12] 🔄 Identity reset
[05:19:12] 🔄 Identity rotated (every 10 requests)
[05:19:12] [176/459] KBTT
[05:19:12] [177/459] HKCP
[05:19:13] [178/459] SWLC
[05:19:14] [179/459] RTND
[05:19:14] [180/459] PKKT
[05:19:15] [181/459] HSTK
[05:19:16] [182/459] SPTT
[05:19:16] [183/459] IMPM
[05:19:17] [184/459] SCMV
[05:19:18] [185/459] SPCT
[05:19:18] 🔄 Identity reset
[05:19:18] 🔄 Identity rotated (every 10 requests)
[05:19:18] [186/459] JBCA
[05:19:19] [187/459] ATTR
[05:19:20] [188/459] SPMT
[05:19:20] [189/459] LCTM
[05:19:21] [190/459] SCVL
[05:19:21] [191/459] SCVT
[05:19:22] [192/459] KRIC
[05:19:22] [193/459] CTMG
[05:19:23] [194/459] ACNC
[05:19:24] [195/459] DMCK
[05:19:24] 🔄 Identity reset
[05:19:24] 🔄 Identity rotated (every 10 requests)
[05:19:24] [196/459] KMTV
[05:19:25] [197/459] PFCJ
[05:19:25] [198/459] VNMD
[05:19:26] [199/459] VPCZ
[05:19:27] [200/459] SRYR
[05:19:28] [201/459] SYTR
[05:19:28] [202/459] GATR
[05:19:29] [203/459] URTR
[05:19:29] [204/459] MKSM
[05:19:30] [205/459] VSMH
[05:19:30] 🔄 Identity reset
[05:19:31] 🔄 Identity rotated (every 10 requests)
[05:19:31] 🔄 Retry 1/5 for VSMH in 2.6s
[05:19:31] 🔄 Identity reset
[05:19:33] 🧠 New identity created
[05:19:33] [206/459] SKRJ
[05:19:34] [207/459] SSJR
[05:19:34] [208/459] SVSM
[05:19:35] [209/459] RUCM
[05:19:36] [210/459] PRKN
[05:19:36] [211/459] RROH
[05:19:37] [212/459] SCTN
[05:19:38] [213/459] RTDM
[05:19:38] [214/459] ASRM
[05:19:39] 🔄 Identity reset
[05:19:39] 🔄 Identity rotated (every 10 requests)
[05:19:39] [215/459] SKMD
[05:19:40] [216/459] SUTD
[05:19:40] [217/459] SADM
[05:19:41] [218/459] WCNR
[05:19:42] [219/459] CNED
[05:19:42] [220/459] MPDB
[05:19:43] [221/459] KTBH
[05:19:43] [222/459] IDRM
[05:19:44] [223/459] PJJT
[05:19:45] [224/459] PFCV
[05:19:45] 🔄 Identity reset
[05:19:45] 🔄 Identity rotated (every 10 requests)
[05:19:45] 🔄 Retry 1/5 for PFCV in 2.1s
[05:19:45] 🔄 Identity reset
[05:19:47] 🧠 New identity created
[05:19:47] 🔄 Retry 2/5 for PFCV in 4.5s
[05:19:47] 🔄 Identity reset
[05:19:52] 🧠 New identity created
[05:19:52] [225/459] AACT
[05:19:53] [226/459] AAAD
[05:19:53] [227/459] ANES
[05:19:54] [228/459] MNCA
[05:19:55] [229/459] RMGU
[05:19:55] [230/459] DLCN
[05:19:56] [231/459] LJWT
[05:19:57] [232/459] MCBG
[05:19:57] 🔄 Identity reset
[05:19:57] 🔄 Identity rotated (every 10 requests)
[05:19:57] [233/459] MYBG
[05:19:58] [234/459] GCCA
[05:19:58] [235/459] GCGA
[05:19:59] [236/459] ECGN
[05:20:00] [237/459] PRAB
[05:20:00] [238/459] PNMP
[05:20:01] [239/459] GCPT
[05:20:02] [240/459] ROYN
[05:20:02] [241/459] VATM
[05:20:03] [242/459] KSNT
[05:20:04] 🔄 Identity reset
[05:20:04] 🔄 Identity rotated (every 10 requests)
[05:20:04] 🔄 Retry 1/5 for KSNT in 2.4s
[05:20:04] 🔄 Identity reset
[05:20:06] 🧠 New identity created
[05:20:06] [243/459] ACTC
[05:20:07] [244/459] PLTD
[05:20:08] [245/459] SKMK
[05:20:08] [246/459] CMTT
[05:20:09] [247/459] SMXP
[05:20:09] [248/459] SCMX
[05:20:10] [249/459] ACXN
[05:20:11] [250/459] ASWT
[05:20:11] [251/459] VVVL
[05:20:12] 🔄 Identity reset
[05:20:12] 🔄 Identity rotated (every 10 requests)
[05:20:12] [252/459] NAGO
[05:20:13] [253/459] SNCN
[05:20:14] [254/459] MCKP
[05:20:14] [255/459] SAMO
[05:20:15] [256/459] JBTV
[05:20:16] [257/459] DCVV
[05:20:16] [258/459] KMSV
[05:20:17] [259/459] KDCN
[05:20:17] [260/459] CNCP
[05:20:18] [261/459] HAMC
[05:20:19] 🔄 Identity reset
[05:20:19] 🔄 Identity rotated (every 10 requests)
[05:20:19] [262/459] CCVZ
[05:20:19] [263/459] NCCK
[05:20:20] [264/459] MCHR
[05:20:21] [265/459] SCHT
[05:20:21] [266/459] ESSH
[05:20:22] [267/459] CUJC
[05:20:22] [268/459] PECP
[05:20:23] [269/459] PMMI
[05:20:24] [270/459] PCCH
[05:20:24] [271/459] PRPM
[05:20:25] 🔄 Identity reset
[05:20:25] 🔄 Identity rotated (every 10 requests)
[05:20:25] [272/459] PVKL
[05:20:26] [273/459] CBSM
[05:20:26] [274/459] PVCZ
[05:20:27] [275/459] PCVV
[05:20:27] [276/459] CTMJ
[05:20:28] [277/459] RCPS
[05:20:28] [278/459] PCIT
[05:20:29] [279/459] FNCH
[05:20:30] [280/459] INZD
[05:20:30] [281/459] INPC
[05:20:31] 🔄 Identity reset
[05:20:31] 🔄 Identity rotated (every 10 requests)
[05:20:31] 🔄 Retry 1/5 for INPC in 2.7s
[05:20:31] 🔄 Identity reset
[05:20:34] 🧠 New identity created
[05:20:34] [282/459] LCZP
[05:20:34] [283/459] SMCB
[05:20:35] [284/459] PTSB
[05:20:35] [285/459] TPSI
[05:20:36] [286/459] KHMJ
[05:20:37] [287/459] RCCJ
[05:20:37] [288/459] NCJA
[05:20:38] [289/459] NCJN
[05:20:39] [290/459] BTDP
[05:20:39] 🔄 Identity reset
[05:20:39] 🔄 Identity rotated (every 10 requests)
[05:20:39] [291/459] PADY
[05:20:40] [292/459] NYBH
[05:20:41] [293/459] MTBR
[05:20:41] [294/459] KRBC
[05:20:42] [295/459] DKTI
[05:20:43] [296/459] ANAN
[05:20:43] [297/459] INBP
[05:20:44] [298/459] PATB
[05:20:44] [299/459] RGNT
[05:20:45] [300/459] CGPM
[05:20:46] 🔄 Identity reset
[05:20:46] 🔄 Identity rotated (every 10 requests)
[05:20:46] [301/459] INTN
[05:20:46] [302/459] MCMP
[05:20:47] [303/459] ASRG
[05:20:48] [304/459] CXJD
[05:20:48] [305/459] SPCP
[05:20:49] [306/459] CSTP
[05:20:49] [307/459] PKVC
[05:20:50] [308/459] ESCP
[05:20:51] [309/459] CAEP
[05:20:51] [310/459] CCSP
[05:20:52] 🔄 Identity reset
[05:20:52] 🔄 Identity rotated (every 10 requests)
[05:20:52] [311/459] KTPC
[05:20:53] [312/459] DACA
[05:20:53] [313/459] NVKY
[05:20:54] [314/459] PTIN
[05:20:55] [315/459] SCIN
[05:20:55] [316/459] MCTY
[05:20:56] [317/459] PCMX
[05:20:57] [318/459] INIC
[05:20:58] [319/459] MMZM
[05:20:58] [320/459] SSLP
[05:20:59] 🔄 Identity reset
[05:20:59] 🔄 Identity rotated (every 10 requests)
[05:20:59] [321/459] DTDT
[05:21:00] [322/459] FFCX
[05:21:00] [323/459] RCMM
[05:21:01] [324/459] KYID
[05:21:01] [325/459] CSCI
[05:21:02] [326/459] FCMC
[05:21:02] [327/459] MMXI
[05:21:03] [328/459] ASTC
[05:21:04] [329/459] CMRA
[05:21:05] [330/459] DICI
[05:21:05] 🔄 Identity reset
[05:21:05] 🔄 Identity rotated (every 10 requests)
[05:21:05] 🔄 Retry 1/5 for DICI in 2.3s
[05:21:05] 🔄 Identity reset
[05:21:08] 🧠 New identity created
[05:21:08] [331/459] KDIN
[05:21:08] [332/459] PRFI
[05:21:09] [333/459] SVFC
[05:21:09] [334/459] UCPL
[05:21:10] [335/459] COOC
[05:21:11] [336/459] SCAL
[05:21:11] [337/459] SVFF
[05:21:12] [338/459] VCMG
[05:21:12] [339/459] UUCT
[05:21:13] 🔄 Identity reset
[05:21:13] 🔄 Identity rotated (every 10 requests)
[05:21:13] [340/459] GCSE
[05:21:14] [341/459] SUSC
[05:21:14] [342/459] MISC
[05:21:15] [343/459] RMBL
[05:21:16] [344/459] CMXN
[05:21:16] [345/459] PVBK
[05:21:17] [346/459] HHCG
[05:21:18] [347/459] SCAG
[05:21:18] [348/459] CNPR
[05:21:19] [349/459] CSER
[05:21:20] 🔄 Identity reset
[05:21:20] 🔄 Identity rotated (every 10 requests)
[05:21:20] [350/459] HLWD
[05:21:21] [351/459] BOLY
[05:21:21] [352/459] SSPG
[05:21:22] [353/459] MUPX
[05:21:23] [354/459] HAMR
[05:21:23] [355/459] SDNC
[05:21:24] [356/459] RTEN
[05:21:24] [357/459] SDTD
[05:21:25] [358/459] KAWS
[05:21:25] [359/459] CMZX
[05:21:26] 🔄 Identity reset
[05:21:26] 🔄 Identity rotated (every 10 requests)
[05:21:26] 🔄 Retry 1/5 for CMZX in 2.6s
[05:21:26] 🔄 Identity reset
[05:21:29] 🧠 New identity created
[05:21:29] [360/459] DCDD
[05:21:29] [361/459] ALSN
[05:21:30] [362/459] IMXS
[05:21:30] [363/459] PVFF
[05:21:31] [364/459] PVOO
[05:21:32] [365/459] CFBS
[05:21:32] [366/459] PVER
[05:21:33] [367/459] PPNX
[05:21:34] [368/459] CNRM
[05:21:35] 🔄 Identity reset
[05:21:35] 🔄 Identity rotated (every 10 requests)
[05:21:35] 🔄 Retry 1/5 for CNRM in 2.2s
[05:21:35] 🔄 Identity reset
[05:21:37] 🧠 New identity created
[05:21:37] [369/459] PVWW
[05:21:38] [370/459] INMB
[05:21:38] [371/459] CPJR
[05:21:39] [372/459] INRZ
[05:21:39] [373/459] PMSR
[05:21:40] [374/459] GPGM
[05:21:40] [375/459] PGWB
[05:21:41] [376/459] PMBR
[05:21:41] [377/459] GPAM
[05:21:42] 🔄 Identity reset
[05:21:42] 🔄 Identity rotated (every 10 requests)
[05:21:42] [378/459] INBC
[05:21:43] [379/459] PZVK
[05:21:43] [380/459] CPEB
[05:21:44] [381/459] FMLB
[05:21:45] [382/459] INBG
[05:21:45] [383/459] GPBR
[05:21:46] [384/459] PAAS
[05:21:46] [385/459] VTBR
[05:21:47] [386/459] GPMY
[05:21:47] [387/459] GYBU
[05:21:48] 🔄 Identity reset
[05:21:48] 🔄 Identity rotated (every 10 requests)
[05:21:48] [388/459] INBJ
[05:21:49] [389/459] LKTH
[05:21:49] [390/459] NSBR
[05:21:50] [391/459] PDRD
[05:21:51] [392/459] VRBL
[05:21:51] [393/459] VTGB
[05:21:52] [394/459] VTSK
[05:21:52] [395/459] BKDV
[05:21:53] [396/459] SVTB
[05:21:53] [397/459] MLDT
[05:21:54] 🔄 Identity reset
[05:21:54] 🔄 Identity rotated (every 10 requests)
[05:21:54] 🔄 Retry 1/5 for MLDT in 2.4s
[05:21:54] 🔄 Identity reset
[05:21:57] 🧠 New identity created
[05:21:57] [398/459] NRBL
[05:21:57] [399/459] SLTR
[05:21:58] [400/459] VNKA
[05:21:58] [401/459] TDCA
[05:21:59] [402/459] INBM
[05:21:59] [403/459] SSNR
[05:22:00] [404/459] BHAC
[05:22:01] [405/459] SDSD
[05:22:01] [406/459] SAMP
[05:22:02] 🔄 Identity reset
[05:22:02] 🔄 Identity rotated (every 10 requests)
[05:22:02] [407/459] RATK
[05:22:03] [408/459] KCBI
[05:22:03] [409/459] URBL
[05:22:04] [410/459] MKBG
[05:22:04] [411/459] ASTB
[05:22:05] [412/459] VBWT
[05:22:06] [413/459] GPSM
[05:22:06] [414/459] ROON
[05:22:07] [415/459] CHTH
[05:22:07] [416/459] SSPA
[05:22:08] 🔄 Identity reset
[05:22:08] 🔄 Identity rotated (every 10 requests)
[05:22:08] [417/459] ANBL
[05:22:09] [418/459] VTBE
[05:22:10] [419/459] SVKT
[05:22:10] [420/459] SVYK
[05:22:11] [421/459] PTBK
[05:22:11] [422/459] RKTB
[05:22:12] [423/459] BALT
[05:22:12] [424/459] STSV
[05:22:13] [425/459] VCCB
[05:22:14] [426/459] SLTB
[05:22:14] 🔄 Identity reset
[05:22:14] 🔄 Identity rotated (every 10 requests)
[05:22:14] 🔄 Retry 1/5 for SLTB in 2.4s
[05:22:14] 🔄 Identity reset
[05:22:17] 🧠 New identity created
[05:22:17] [427/459] SBCR
[05:22:17] [428/459] VDCS
[05:22:18] [429/459] MDKI
[05:22:19] [430/459] SMRN
[05:22:19] [431/459] PTBC
[05:22:20] [432/459] RADI
[05:22:21] [433/459] ADCR
[05:22:21] [434/459] SDCS
[05:22:22] [435/459] SRPJ
[05:22:22] 🔄 Identity reset
[05:22:22] 🔄 Identity rotated (every 10 requests)
[05:22:23] [436/459] ARTS
[05:22:23] [437/459] SRHK
[05:22:24] [438/459] SPAY
[05:22:24] [439/459] GPTB
[05:22:25] [440/459] SNNN
[05:22:25] [441/459] BALJ
[05:22:26] [442/459] TRIG
[05:22:26] [443/459] GTYT
[05:22:27] [444/459] ATGN
[05:22:28] [445/459] ANTE
[05:22:29] 🔄 Identity reset
[05:22:29] 🔄 Identity rotated (every 10 requests)
[05:22:29] [446/459] BDCG
[05:22:29] [447/459] VECI
[05:22:30] [448/459] SCPR
[05:22:31] [449/459] RTEA
[05:22:31] [450/459] JSAI
[05:22:32] [451/459] VJTP
[05:22:33] [452/459] GNDS
[05:22:33] [453/459] PAXA
[05:22:34] [454/459] CGGM
[05:22:35] [455/459] ACKZ
[05:22:35] 🔄 Identity reset
[05:22:35] 🔄 Identity rotated (every 10 requests)
[05:22:35] [456/459] EMCC
[05:22:36] [457/459] KLSK
[05:22:37] [458/459] AVCK
[05:22:37] [459/459] JTCK
[05:22:38] ✅ DONE | Shows=32 | Movies=13
[06:07:01] 🚀 BMS DAILY TRACKER STARTED (enhanced anti‑detection)
[06:07:01] [1/459] NECA
[06:07:02] 🧠 New identity created
[06:07:02] 🔄 Retry 1/5 for NECA in 2.5s
[06:07:02] 🔄 Identity reset
[06:07:04] 🧠 New identity created
[06:07:05] [2/459] BJLC
[06:07:05] [3/459] BASU
[06:07:06] [4/459] RUPI
[06:07:07] [5/459] LCBK
[06:07:07] [6/459] PMAC
[06:07:08] [7/459] AMLC
[06:07:08] [8/459] LICL
[06:07:09] [9/459] UDMM
[06:07:10] 🔄 Identity reset
[06:07:10] 🔄 Identity rotated (every 10 requests)
[06:07:10] [10/459] STBZ
[06:07:11] [11/459] UUBT
[06:07:11] [12/459] SJKC
[06:07:12] [13/459] TUAL
[06:07:13] [14/459] MRSE
[06:07:13] [15/459] RMRK
[06:07:14] [16/459] TTKP
[06:07:15] [17/459] KTKO
[06:07:16] [18/459] SDBK
[06:07:16] [19/459] MCPR
[06:07:17] 🔄 Identity reset
[06:07:17] 🔄 Identity rotated (every 10 requests)
[06:07:17] 🔄 Retry 1/5 for MCPR in 2.6s
[06:07:17] 🔄 Identity reset
[06:07:20] 🧠 New identity created
[06:07:20] 🔄 Retry 2/5 for MCPR in 4.8s
[06:07:20] 🔄 Identity reset
[06:07:25] 🧠 New identity created
[06:07:25] [20/459] CHTI
[06:07:25] [21/459] GCCP
[06:07:26] [22/459] SRMY
[06:07:27] [23/459] NYST
[06:07:27] [24/459] NYAG
[06:07:28] [25/459] SBMT
[06:07:28] [26/459] INGA
[06:07:29] [27/459] WSIC
[06:07:30] 🔄 Identity reset
[06:07:30] 🔄 Identity rotated (every 10 requests)
[06:07:30] [28/459] SCSS
[06:07:30] [29/459] COPG
[06:07:31] [30/459] RCGR
[06:07:32] [31/459] TCZA
[06:07:32] [32/459] CNLP
[06:07:33] [33/459] CLKN
[06:07:34] [34/459] LHDF
[06:07:34] [35/459] ELKC
[06:07:35] [36/459] VCEM
[06:07:36] [37/459] SSZA
[06:07:36] 🔄 Identity reset
[06:07:36] 🔄 Identity rotated (every 10 requests)
[06:07:36] [38/459] KRMT
[06:07:37] [39/459] LCMV
[06:07:38] [40/459] AYCZ
[06:07:39] [41/459] CUMS
[06:07:39] [42/459] BOCK
[06:07:40] [43/459] PNMR
[06:07:41] [44/459] PJCP
[06:07:41] [45/459] JDDD
[06:07:42] [46/459] STMS
[06:07:43] [47/459] FLMB
[06:07:43] 🔄 Identity reset
[06:07:43] 🔄 Identity rotated (every 10 requests)
[06:07:43] 🔄 Retry 1/5 for FLMB in 2.2s
[06:07:43] 🔄 Identity reset
[06:07:46] 🧠 New identity created
[06:07:46] [48/459] PKCM
[06:07:46] [49/459] SPPR
[06:07:47] [50/459] EYLH
[06:07:47] [51/459] RJCC
[06:07:48] [52/459] MMPS
[06:07:49] [53/459] SHMX
[06:07:49] [54/459] CCNL
[06:07:50] [55/459] RCNV
[06:07:51] [56/459] MAAG
[06:07:51] 🔄 Identity reset
[06:07:52] 🔄 Identity rotated (every 10 requests)
[06:07:52] [57/459] LXCM
[06:07:52] [58/459] RCNI
[06:07:53] [59/459] SNNI
[06:07:53] [60/459] LALC
[06:07:54] [61/459] SOCN
[06:07:55] [62/459] JHTP
[06:07:55] [63/459] PITP
[06:07:56] [64/459] CCKW
[06:07:57] [65/459] MCMC
[06:07:57] [66/459] DEES
[06:07:58] 🔄 Identity reset
[06:07:58] 🔄 Identity rotated (every 10 requests)
[06:07:58] 🔄 Retry 1/5 for DEES in 2.4s
[06:07:58] 🔄 Identity reset
[06:08:00] 🧠 New identity created
[06:08:01] [67/459] SABT
[06:08:01] [68/459] VSPP
[06:08:02] [69/459] ABCT
[06:08:03] [70/459] JVTB
[06:08:03] [71/459] VCBD
[06:08:04] [72/459] RMGG
[06:08:05] [73/459] RNMH
[06:08:05] [74/459] SPGL
[06:08:06] [75/459] JTTR
[06:08:07] 🔄 Identity reset
[06:08:07] 🔄 Identity rotated (every 10 requests)
[06:08:07] [76/459] SICS
[06:08:07] [77/459] SRMI
[06:08:08] [78/459] SSIJ
[06:08:09] [79/459] KFMT
[06:08:09] [80/459] VBIT
[06:08:10] [81/459] JKCT
[06:08:11] [82/459] GCGP
[06:08:11] [83/459] GDCS
[06:08:12] [84/459] TRBA
[06:08:13] [85/459] QUST
[06:08:13] 🔄 Identity reset
[06:08:13] 🔄 Identity rotated (every 10 requests)
[06:08:13] 🔄 Retry 1/5 for QUST in 2.9s
[06:08:13] 🔄 Identity reset
[06:08:16] 🧠 New identity created
[06:08:16] [86/459] VSHM
[06:08:17] [87/459] SDCP
[06:08:17] [88/459] SNVS
[06:08:18] [89/459] NYTO
[06:08:19] [90/459] URWC
[06:08:19] [91/459] GTWH
[06:08:20] [92/459] PFCM
[06:08:21] [93/459] KRTA
[06:08:21] [94/459] AXMC
[06:08:22] 🔄 Identity reset
[06:08:22] 🔄 Identity rotated (every 10 requests)
[06:08:22] 🔄 Retry 1/5 for AXMC in 2.1s
[06:08:22] 🔄 Identity reset
[06:08:24] 🧠 New identity created
[06:08:24] 🔄 Retry 2/5 for AXMC in 4.8s
[06:08:24] 🔄 Identity reset
[06:08:29] 🧠 New identity created
[06:08:29] [95/459] EVMC
[06:08:30] [96/459] HGSM
[06:08:31] [97/459] ACVM
[06:08:31] [98/459] PSKL
[06:08:32] [99/459] RDMP
[06:08:33] [100/459] RHGH
[06:08:34] [101/459] OMCM
[06:08:34] [102/459] DCCP
[06:08:35] 🔄 Identity reset
[06:08:35] 🔄 Identity rotated (every 10 requests)
[06:08:35] 🔄 Retry 1/5 for DCCP in 2.8s
[06:08:35] 🔄 Identity reset
[06:08:38] 🧠 New identity created
[06:08:38] 🔄 Retry 2/5 for DCCP in 4.2s
[06:08:38] 🔄 Identity reset
[06:08:42] 🧠 New identity created
[06:08:42] [103/459] MCPB
[06:08:43] [104/459] ALCI
[06:08:43] [105/459] BLMX
[06:08:44] [106/459] BTMV
[06:08:45] [107/459] FVPN
[06:08:45] [108/459] CMAR
[06:08:46] [109/459] CEIM
[06:08:47] [110/459] CMVA
[06:08:47] 🔄 Identity reset
[06:08:47] 🔄 Identity rotated (every 10 requests)
[06:08:47] 🔄 Retry 1/5 for CMVA in 2.1s
[06:08:47] 🔄 Identity reset
[06:08:49] 🧠 New identity created
[06:08:49] 🔄 Retry 2/5 for CMVA in 4.6s
[06:08:49] 🔄 Identity reset
[06:08:54] 🧠 New identity created
[06:08:54] [111/459] CPIV
[06:08:55] [112/459] CNPE
[06:08:55] [113/459] COLV
[06:08:56] [114/459] DNNV
[06:08:57] [115/459] HCAD
[06:08:57] [116/459] TAKA
[06:08:58] [117/459] INVD
[06:08:59] [118/459] IRMM
[06:08:59] 🔄 Identity reset
[06:08:59] 🔄 Identity rotated (every 10 requests)
[06:08:59] 🔄 Retry 1/5 for IRMM in 2.8s
[06:08:59] 🔄 Identity reset
[06:09:02] 🧠 New identity created
[06:09:02] [119/459] INSE
[06:09:03] [120/459] MRSW
[06:09:04] [121/459] MCVD
[06:09:05] [122/459] MCSO
[06:09:05] [123/459] PEVM
[06:09:06] [124/459] PVNL
[06:09:07] [125/459] PTCV
[06:09:07] [126/459] PRTC
[06:09:08] [127/459] RCVA
[06:09:09] 🔄 Identity reset
[06:09:09] 🔄 Identity rotated (every 10 requests)
[06:09:09] [128/459] MTBN
[06:09:09] [129/459] LUCP
[06:09:10] [130/459] FMPT
[06:09:11] [131/459] JLSL
[06:09:12] [132/459] SBHA
[06:09:12] [133/459] SHRC
[06:09:13] [134/459] AVPS
[06:09:13] [135/459] STPM
[06:09:14] [136/459] ATRD
[06:09:15] [137/459] VTED
[06:09:15] 🔄 Identity reset
[06:09:15] 🔄 Identity rotated (every 10 requests)
[06:09:15] 🔄 Retry 1/5 for VTED in 2.8s
[06:09:15] 🔄 Identity reset
[06:09:18] 🧠 New identity created
[06:09:18] [138/459] ACAI
[06:09:19] [139/459] SMAE
[06:09:20] [140/459] VMAT
[06:09:20] [141/459] LKCT
[06:09:21] [142/459] JTVK
[06:09:21] [143/459] PRTY
[06:09:22] [144/459] GETT
[06:09:23] [145/459] ESAP
[06:09:23] [146/459] NCPM
[06:09:24] 🔄 Identity reset
[06:09:24] 🔄 Identity rotated (every 10 requests)
[06:09:24] 🔄 Retry 1/5 for NCPM in 2.3s
[06:09:24] 🔄 Identity reset
[06:09:26] 🧠 New identity created
[06:09:26] [147/459] PCPA
[06:09:27] [148/459] MMOM
[06:09:28] [149/459] PHUP
[06:09:28] [150/459] CCPI
[06:09:29] [151/459] CNTD
[06:09:30] [152/459] NLJR
[06:09:31] [153/459] SRNG
[06:09:31] [154/459] MHAL
[06:09:32] [155/459] PNSM
[06:09:33] 🔄 Identity reset
[06:09:33] 🔄 Identity rotated (every 10 requests)
[06:09:33] [156/459] DRMY
[06:09:34] [157/459] CCMU
[06:09:34] [158/459] SCMY
[06:09:35] [159/459] PVSY
[06:09:36] [160/459] SDLM
[06:09:36] [161/459] ICCM
[06:09:37] [162/459] PYSU
[06:09:38] [163/459] GATM
[06:09:38] [164/459] WOTM
[06:09:39] [165/459] RKTS
[06:09:40] 🔄 Identity reset
[06:09:40] 🔄 Identity rotated (every 10 requests)
[06:09:40] 🔄 Retry 1/5 for RKTS in 3.0s
[06:09:40] 🔄 Identity reset
[06:09:43] 🧠 New identity created
[06:09:43] [166/459] PMTY
[06:09:43] [167/459] LYMS
[06:09:44] [168/459] TGCA
[06:09:45] [169/459] DSTA
[06:09:45] [170/459] CNGE
[06:09:46] [171/459] VSTG
[06:09:46] [172/459] GTCK
[06:09:47] [173/459] TGNT
[06:09:48] [174/459] ASLC
[06:09:48] 🔄 Identity reset
[06:09:48] 🔄 Identity rotated (every 10 requests)
[06:09:48] [175/459] SSST
[06:09:49] [176/459] KBTT
[06:09:49] [177/459] HKCP
[06:09:50] [178/459] SWLC
[06:09:51] [179/459] RTND
[06:09:51] [180/459] PKKT
[06:09:52] [181/459] HSTK
[06:09:53] [182/459] SPTT
[06:09:53] [183/459] IMPM
[06:09:54] [184/459] SCMV
[06:09:55] 🔄 Identity reset
[06:09:55] 🔄 Identity rotated (every 10 requests)
[06:09:55] [185/459] SPCT
[06:09:55] [186/459] JBCA
[06:09:56] [187/459] ATTR
[06:09:57] [188/459] SPMT
[06:09:57] [189/459] LCTM
[06:09:58] [190/459] SCVL
[06:09:59] [191/459] SCVT
[06:09:59] [192/459] KRIC
[06:10:00] [193/459] CTMG
[06:10:01] [194/459] ACNC
[06:10:01] 🔄 Identity reset
[06:10:01] 🔄 Identity rotated (every 10 requests)
[06:10:01] [195/459] DMCK
[06:10:02] [196/459] KMTV
[06:10:03] [197/459] PFCJ
[06:10:03] [198/459] VNMD
[06:10:04] [199/459] VPCZ
[06:10:04] [200/459] SRYR
[06:10:05] [201/459] SYTR
[06:10:06] [202/459] GATR
[06:10:07] [203/459] URTR
[06:10:07] [204/459] MKSM
[06:10:08] 🔄 Identity reset
[06:10:08] 🔄 Identity rotated (every 10 requests)
[06:10:08] [205/459] VSMH
[06:10:09] [206/459] SKRJ
[06:10:09] [207/459] SSJR
[06:10:10] [208/459] SVSM
[06:10:11] [209/459] RUCM
[06:10:11] [210/459] PRKN
[06:10:12] [211/459] RROH
[06:10:13] [212/459] SCTN
[06:10:13] [213/459] RTDM
[06:10:14] [214/459] ASRM
[06:10:14] 🔄 Identity reset
[06:10:14] 🔄 Identity rotated (every 10 requests)
[06:10:14] 🔄 Retry 1/5 for ASRM in 3.0s
[06:10:14] 🔄 Identity reset
[06:10:17] 🧠 New identity created
[06:10:18] [215/459] SKMD
[06:10:18] [216/459] SUTD
[06:10:19] [217/459] SADM
[06:10:19] [218/459] WCNR
[06:10:20] [219/459] CNED
[06:10:21] [220/459] MPDB
[06:10:22] [221/459] KTBH
[06:10:22] [222/459] IDRM
[06:10:23] [223/459] PJJT
[06:10:23] 🔄 Identity reset
[06:10:23] 🔄 Identity rotated (every 10 requests)
[06:10:24] 🔄 Retry 1/5 for PJJT in 2.8s
[06:10:24] 🔄 Identity reset
[06:10:26] 🧠 New identity created
[06:10:26] [224/459] PFCV
[06:10:27] [225/459] AACT
[06:10:28] [226/459] AAAD
[06:10:28] [227/459] ANES
[06:10:29] [228/459] MNCA
[06:10:30] [229/459] RMGU
[06:10:30] [230/459] DLCN
[06:10:31] [231/459] LJWT
[06:10:32] [232/459] MCBG
[06:10:32] 🔄 Identity reset
[06:10:32] 🔄 Identity rotated (every 10 requests)
[06:10:32] 🔄 Retry 1/5 for MCBG in 2.5s
[06:10:32] 🔄 Identity reset
[06:10:35] 🧠 New identity created
[06:10:35] [233/459] MYBG
[06:10:36] [234/459] GCCA
[06:10:36] [235/459] GCGA
[06:10:37] [236/459] ECGN
[06:10:38] [237/459] PRAB
[06:10:38] [238/459] PNMP
[06:10:39] [239/459] GCPT
[06:10:39] [240/459] ROYN
[06:10:40] [241/459] VATM
[06:10:41] 🔄 Identity reset
[06:10:41] 🔄 Identity rotated (every 10 requests)
[06:10:41] [242/459] KSNT
[06:10:41] [243/459] ACTC
[06:10:42] [244/459] PLTD
[06:10:43] [245/459] SKMK
[06:10:43] [246/459] CMTT
[06:10:44] [247/459] SMXP
[06:10:45] [248/459] SCMX
[06:10:45] [249/459] ACXN
[06:10:46] [250/459] ASWT
[06:10:47] [251/459] VVVL
[06:10:47] 🔄 Identity reset
[06:10:47] 🔄 Identity rotated (every 10 requests)
[06:10:47] [252/459] NAGO
[06:10:48] [253/459] SNCN
[06:10:49] [254/459] MCKP
[06:10:50] [255/459] SAMO
[06:10:50] [256/459] JBTV
[06:10:51] [257/459] DCVV
[06:10:52] [258/459] KMSV
[06:10:52] [259/459] KDCN
[06:10:53] [260/459] CNCP
[06:10:54] [261/459] HAMC
[06:10:54] 🔄 Identity reset
[06:10:54] 🔄 Identity rotated (every 10 requests)
[06:10:54] [262/459] CCVZ
[06:10:55] [263/459] NCCK
[06:10:56] [264/459] MCHR
[06:10:56] [265/459] SCHT
[06:10:57] [266/459] ESSH
[06:10:58] [267/459] CUJC
[06:10:58] [268/459] PECP
[06:10:59] [269/459] PMMI
[06:10:59] [270/459] PCCH
[06:11:00] [271/459] PRPM
[06:11:01] 🔄 Identity reset
[06:11:01] 🔄 Identity rotated (every 10 requests)
[06:11:01] 🔄 Retry 1/5 for PRPM in 2.5s
[06:11:01] 🔄 Identity reset
[06:11:03] 🧠 New identity created
[06:11:03] [272/459] PVKL
[06:11:04] [273/459] CBSM
[06:11:05] [274/459] PVCZ
[06:11:05] [275/459] PCVV
[06:11:06] [276/459] CTMJ
[06:11:07] [277/459] RCPS
[06:11:07] [278/459] PCIT
[06:11:08] [279/459] FNCH
[06:11:09] [280/459] INZD
[06:11:09] 🔄 Identity reset
[06:11:09] 🔄 Identity rotated (every 10 requests)
[06:11:09] 🔄 Retry 1/5 for INZD in 2.3s
[06:11:09] 🔄 Identity reset
[06:11:12] 🧠 New identity created
[06:11:12] [281/459] INPC
[06:11:13] [282/459] LCZP
[06:11:13] [283/459] SMCB
[06:11:14] [284/459] PTSB
[06:11:14] [285/459] TPSI
[06:11:15] [286/459] KHMJ
[06:11:16] [287/459] RCCJ
[06:11:16] [288/459] NCJA
[06:11:17] [289/459] NCJN
[06:11:18] 🔄 Identity reset
[06:11:18] 🔄 Identity rotated (every 10 requests)
[06:11:18] [290/459] BTDP
[06:11:18] [291/459] PADY
[06:11:19] [292/459] NYBH
[06:11:20] [293/459] MTBR
[06:11:20] [294/459] KRBC
[06:11:21] [295/459] DKTI
[06:11:21] [296/459] ANAN
[06:11:22] [297/459] INBP
[06:11:23] [298/459] PATB
[06:11:23] [299/459] RGNT
[06:11:24] 🔄 Identity reset
[06:11:24] 🔄 Identity rotated (every 10 requests)
[06:11:24] 🔄 Retry 1/5 for RGNT in 2.4s
[06:11:24] 🔄 Identity reset
[06:11:27] 🧠 New identity created
[06:11:27] [300/459] CGPM
[06:11:27] [301/459] INTN
[06:11:28] [302/459] MCMP
[06:11:28] [303/459] ASRG
[06:11:29] [304/459] CXJD
[06:11:30] [305/459] SPCP
[06:11:31] [306/459] CSTP
[06:11:31] [307/459] PKVC
[06:11:32] [308/459] ESCP
[06:11:32] 🔄 Identity reset
[06:11:32] 🔄 Identity rotated (every 10 requests)
[06:11:32] [309/459] CAEP
[06:11:33] [310/459] CCSP
[06:11:34] [311/459] KTPC
[06:11:34] [312/459] DACA
[06:11:35] [313/459] NVKY
[06:11:36] [314/459] PTIN
[06:11:36] [315/459] SCIN
[06:11:37] [316/459] MCTY
[06:11:38] [317/459] PCMX
[06:11:38] [318/459] INIC
[06:11:39] 🔄 Identity reset
[06:11:39] 🔄 Identity rotated (every 10 requests)
[06:11:39] [319/459] MMZM
[06:11:40] [320/459] SSLP
[06:11:40] [321/459] DTDT
[06:11:41] [322/459] FFCX
[06:11:42] [323/459] RCMM
[06:11:42] [324/459] KYID
[06:11:43] [325/459] CSCI
[06:11:44] [326/459] FCMC
[06:11:44] [327/459] MMXI
[06:11:45] [328/459] ASTC
[06:11:46] 🔄 Identity reset
[06:11:46] 🔄 Identity rotated (every 10 requests)
[06:11:46] [329/459] CMRA
[06:11:47] [330/459] DICI
[06:11:47] [331/459] KDIN
[06:11:48] [332/459] PRFI
[06:11:49] [333/459] SVFC
[06:11:49] [334/459] UCPL
[06:11:50] [335/459] COOC
[06:11:51] [336/459] SCAL
[06:11:51] [337/459] SVFF
[06:11:52] [338/459] VCMG
[06:11:52] 🔄 Identity reset
[06:11:53] 🔄 Identity rotated (every 10 requests)
[06:11:53] [339/459] UUCT
[06:11:53] [340/459] GCSE
[06:11:54] [341/459] SUSC
[06:11:55] [342/459] MISC
[06:11:55] [343/459] RMBL
[06:11:56] [344/459] CMXN
[06:11:57] [345/459] PVBK
[06:11:57] [346/459] HHCG
[06:11:58] [347/459] SCAG
[06:11:59] [348/459] CNPR
[06:11:59] 🔄 Identity reset
[06:11:59] 🔄 Identity rotated (every 10 requests)
[06:11:59] 🔄 Retry 1/5 for CNPR in 2.5s
[06:11:59] 🔄 Identity reset
[06:12:02] 🧠 New identity created
[06:12:02] [349/459] CSER
[06:12:03] [350/459] HLWD
[06:12:04] [351/459] BOLY
[06:12:04] [352/459] SSPG
[06:12:05] [353/459] MUPX
[06:12:05] [354/459] HAMR
[06:12:06] [355/459] SDNC
[06:12:07] [356/459] RTEN
[06:12:07] [357/459] SDTD
[06:12:08] 🔄 Identity reset
[06:12:08] 🔄 Identity rotated (every 10 requests)
[06:12:08] [358/459] KAWS
[06:12:09] [359/459] CMZX
[06:12:09] [360/459] DCDD
[06:12:10] [361/459] ALSN
[06:12:11] [362/459] IMXS
[06:12:11] [363/459] PVFF
[06:12:12] [364/459] PVOO
[06:12:13] [365/459] CFBS
[06:12:13] [366/459] PVER
[06:12:14] [367/459] PPNX
[06:12:15] 🔄 Identity reset
[06:12:15] 🔄 Identity rotated (every 10 requests)
[06:12:15] 🔄 Retry 1/5 for PPNX in 2.2s
[06:12:15] 🔄 Identity reset
[06:12:17] 🧠 New identity created
[06:12:17] [368/459] CNRM
[06:12:18] [369/459] PVWW
[06:12:18] [370/459] INMB
[06:12:19] [371/459] CPJR
[06:12:20] [372/459] INRZ
[06:12:20] [373/459] PMSR
[06:12:21] [374/459] GPGM
[06:12:22] [375/459] PGWB
[06:12:22] [376/459] PMBR
[06:12:23] 🔄 Identity reset
[06:12:23] 🔄 Identity rotated (every 10 requests)
[06:12:23] 🔄 Retry 1/5 for PMBR in 2.6s
[06:12:23] 🔄 Identity reset
[06:12:26] 🧠 New identity created
[06:12:26] [377/459] GPAM
[06:12:27] [378/459] INBC
[06:12:27] [379/459] PZVK
[06:12:28] [380/459] CPEB
[06:12:28] [381/459] FMLB
[06:12:29] [382/459] INBG
[06:12:30] [383/459] GPBR
[06:12:30] [384/459] PAAS
[06:12:31] [385/459] VTBR
[06:12:32] 🔄 Identity reset
[06:12:32] 🔄 Identity rotated (every 10 requests)
[06:12:32] 🔄 Retry 1/5 for VTBR in 2.8s
[06:12:32] 🔄 Identity reset
[06:12:35] 🧠 New identity created
[06:12:35] [386/459] GPMY
[06:12:35] [387/459] GYBU
[06:12:36] [388/459] INBJ
[06:12:37] [389/459] LKTH
[06:12:37] [390/459] NSBR
[06:12:38] [391/459] PDRD
[06:12:39] [392/459] VRBL
[06:12:40] [393/459] VTGB
[06:12:40] [394/459] VTSK
[06:12:41] 🔄 Identity reset
[06:12:41] 🔄 Identity rotated (every 10 requests)
[06:12:41] [395/459] BKDV
[06:12:42] [396/459] SVTB
[06:12:42] [397/459] MLDT
[06:12:43] [398/459] NRBL
[06:12:44] [399/459] SLTR
[06:12:45] [400/459] VNKA
[06:12:45] [401/459] TDCA
[06:12:46] [402/459] INBM
[06:12:46] [403/459] SSNR
[06:12:47] [404/459] BHAC
[06:12:48] 🔄 Identity reset
[06:12:48] 🔄 Identity rotated (every 10 requests)
[06:12:48] [405/459] SDSD
[06:12:48] [406/459] SAMP
[06:12:49] [407/459] RATK
[06:12:50] [408/459] KCBI
[06:12:50] [409/459] URBL
[06:12:51] [410/459] MKBG
[06:12:52] [411/459] ASTB
[06:12:53] [412/459] VBWT
[06:12:53] [413/459] GPSM
[06:12:54] [414/459] ROON
[06:12:55] 🔄 Identity reset
[06:12:55] 🔄 Identity rotated (every 10 requests)
[06:12:55] [415/459] CHTH
[06:12:55] [416/459] SSPA
[06:12:56] [417/459] ANBL
[06:12:57] [418/459] VTBE
[06:12:57] [419/459] SVKT
[06:12:58] [420/459] SVYK
[06:12:59] [421/459] PTBK
[06:12:59] [422/459] RKTB
[06:13:00] [423/459] BALT
[06:13:01] [424/459] STSV
[06:13:01] 🔄 Identity reset
[06:13:01] 🔄 Identity rotated (every 10 requests)
[06:13:01] [425/459] VCCB
[06:13:02] [426/459] SLTB
[06:13:03] [427/459] SBCR
[06:13:03] [428/459] VDCS
[06:13:04] [429/459] MDKI
[06:13:05] [430/459] SMRN
[06:13:05] [431/459] PTBC
[06:13:06] [432/459] RADI
[06:13:06] [433/459] ADCR
[06:13:07] [434/459] SDCS
[06:13:08] 🔄 Identity reset
[06:13:08] 🔄 Identity rotated (every 10 requests)
[06:13:08] [435/459] SRPJ
[06:13:09] [436/459] ARTS
[06:13:09] [437/459] SRHK
[06:13:10] [438/459] SPAY
[06:13:11] [439/459] GPTB
[06:13:12] [440/459] SNNN
[06:13:12] [441/459] BALJ
[06:13:13] [442/459] TRIG
[06:13:13] [443/459] GTYT
[06:13:14] [444/459] ATGN
[06:13:15] 🔄 Identity reset
[06:13:15] 🔄 Identity rotated (every 10 requests)
[06:13:15] [445/459] ANTE
[06:13:16] [446/459] BDCG
[06:13:16] [447/459] VECI
[06:13:17] [448/459] SCPR
[06:13:18] [449/459] RTEA
[06:13:18] [450/459] JSAI
[06:13:19] [451/459] VJTP
[06:13:20] [452/459] GNDS
[06:13:20] [453/459] PAXA
[06:13:21] [454/459] CGGM
[06:13:22] 🔄 Identity reset
[06:13:22] 🔄 Identity rotated (every 10 requests)
[06:13:22] [455/459] ACKZ
[06:13:22] [456/459] EMCC
[06:13:23] [457/459] KLSK
[06:13:24] [458/459] AVCK
[06:13:24] [459/459] JTCK
[06:13:25] ✅ DONE | Shows=220 | Movies=23
[06:56:48] 🚀 BMS DAILY TRACKER STARTED (enhanced anti‑detection)
[06:56:48] [1/459] NECA
[06:56:48] 🧠 New identity created
[06:56:48] [2/459] BJLC
[06:56:49] [3/459] BASU
[06:56:50] [4/459] RUPI
[06:56:51] [5/459] LCBK
[06:56:51] [6/459] PMAC
[06:56:52] [7/459] AMLC
[06:56:53] [8/459] LICL
[06:56:54] [9/459] UDMM
[06:56:55] [10/459] STBZ
[06:56:55] 🔄 Identity reset
[06:56:55] 🔄 Identity rotated (every 10 requests)
[06:56:55] [11/459] UUBT
[06:56:56] [12/459] SJKC
[06:56:57] [13/459] TUAL
[06:56:57] [14/459] MRSE
[06:56:58] [15/459] RMRK
[06:56:59] [16/459] TTKP
[06:57:00] [17/459] KTKO
[06:57:01] [18/459] SDBK
[06:57:02] [19/459] MCPR
[06:57:02] [20/459] CHTI
[06:57:03] 🔄 Identity reset
[06:57:03] 🔄 Identity rotated (every 10 requests)
[06:57:03] [21/459] GCCP
[06:57:04] [22/459] SRMY
[06:57:04] [23/459] NYST
[06:57:05] [24/459] NYAG
[06:57:06] [25/459] SBMT
[06:57:07] [26/459] INGA
[06:57:07] [27/459] WSIC
[06:57:08] [28/459] SCSS
[06:57:10] [29/459] COPG
[06:57:10] [30/459] RCGR
[06:57:11] 🔄 Identity reset
[06:57:11] 🔄 Identity rotated (every 10 requests)
[06:57:11] [31/459] TCZA
[06:57:12] [32/459] CNLP
[06:57:13] [33/459] CLKN
[06:57:13] [34/459] LHDF
[06:57:14] [35/459] ELKC
[06:57:15] [36/459] VCEM
[06:57:16] [37/459] SSZA
[06:57:16] [38/459] KRMT
[06:57:17] [39/459] LCMV
[06:57:18] [40/459] AYCZ
[06:57:18] 🔄 Identity reset
[06:57:18] 🔄 Identity rotated (every 10 requests)
[06:57:19] [41/459] CUMS
[06:57:19] [42/459] BOCK
[06:57:20] [43/459] PNMR
[06:57:21] [44/459] PJCP
[06:57:22] [45/459] JDDD
[06:57:23] [46/459] STMS
[06:57:23] [47/459] FLMB
[06:57:24] [48/459] PKCM
[06:57:25] [49/459] SPPR
[06:57:25] [50/459] EYLH
[06:57:26] 🔄 Identity reset
[06:57:26] 🔄 Identity rotated (every 10 requests)
[06:57:26] [51/459] RJCC
[06:57:27] [52/459] MMPS
[06:57:28] [53/459] SHMX
[06:57:28] [54/459] CCNL
[06:57:29] [55/459] RCNV
[06:57:30] [56/459] MAAG
[06:57:31] [57/459] LXCM
[06:57:32] [58/459] RCNI
[06:57:33] [59/459] SNNI
[06:57:33] [60/459] LALC
[06:57:34] 🔄 Identity reset
[06:57:34] 🔄 Identity rotated (every 10 requests)
[06:57:34] [61/459] SOCN
[06:57:35] [62/459] JHTP
[06:57:36] [63/459] PITP
[06:57:36] [64/459] CCKW
[06:57:37] [65/459] MCMC
[06:57:38] [66/459] DEES
[06:57:39] [67/459] SABT
[06:57:39] [68/459] VSPP
[06:57:40] [69/459] ABCT
[06:57:41] [70/459] JVTB
[06:57:42] 🔄 Identity reset
[06:57:42] 🔄 Identity rotated (every 10 requests)
[06:57:42] [71/459] VCBD
[06:57:43] [72/459] RMGG
[06:57:44] [73/459] RNMH
[06:57:44] [74/459] SPGL
[06:57:45] [75/459] JTTR
[06:57:46] [76/459] SICS
[06:57:47] [77/459] SRMI
[06:57:47] [78/459] SSIJ
[06:57:48] [79/459] KFMT
[06:57:49] [80/459] VBIT
[06:57:49] 🔄 Identity reset
[06:57:49] 🔄 Identity rotated (every 10 requests)
[06:57:50] [81/459] JKCT
[06:57:50] [82/459] GCGP
[06:57:51] [83/459] GDCS
[06:57:52] [84/459] TRBA
[06:57:53] [85/459] QUST
[06:57:54] [86/459] VSHM
[06:57:54] [87/459] SDCP
[06:57:56] [88/459] SNVS
[06:57:56] [89/459] NYTO
[06:57:57] [90/459] URWC
[06:57:58] 🔄 Identity reset
[06:57:58] 🔄 Identity rotated (every 10 requests)
[06:57:58] [91/459] GTWH
[06:57:59] [92/459] PFCM
[06:58:00] [93/459] KRTA
[06:58:01] [94/459] AXMC
[06:58:02] [95/459] EVMC
[06:58:02] [96/459] HGSM
[06:58:03] [97/459] ACVM
[06:58:04] [98/459] PSKL
[06:58:05] [99/459] RDMP
[06:58:06] [100/459] RHGH
[06:58:06] 🔄 Identity reset
[06:58:06] 🔄 Identity rotated (every 10 requests)
[06:58:07] [101/459] OMCM
[06:58:08] [102/459] DCCP
[06:58:08] [103/459] MCPB
[06:58:09] [104/459] ALCI
[06:58:10] [105/459] BLMX
[06:58:10] [106/459] BTMV
[06:58:11] [107/459] FVPN
[06:58:12] [108/459] CMAR
[06:58:13] [109/459] CEIM
[06:58:13] [110/459] CMVA
[06:58:14] 🔄 Identity reset
[06:58:14] 🔄 Identity rotated (every 10 requests)
[06:58:14] [111/459] CPIV
[06:58:15] [112/459] CNPE
[06:58:15] [113/459] COLV
[06:58:16] [114/459] DNNV
[06:58:17] [115/459] HCAD
[06:58:17] [116/459] TAKA
[06:58:18] [117/459] INVD
[06:58:19] [118/459] IRMM
[06:58:20] [119/459] INSE
[06:58:20] [120/459] MRSW
[06:58:21] 🔄 Identity reset
[06:58:21] 🔄 Identity rotated (every 10 requests)
[06:58:22] [121/459] MCVD
[06:58:22] [122/459] MCSO
[06:58:23] [123/459] PEVM
[06:58:24] [124/459] PVNL
[06:58:25] [125/459] PTCV
[06:58:26] [126/459] PRTC
[06:58:26] [127/459] RCVA
[06:58:27] [128/459] MTBN
[06:58:29] [129/459] LUCP
[06:58:29] [130/459] FMPT
[06:58:30] 🔄 Identity reset
[06:58:30] 🔄 Identity rotated (every 10 requests)
[06:58:30] 🔄 Retry 1/5 for FMPT in 2.8s
[06:58:30] 🔄 Identity reset
[06:58:33] 🧠 New identity created
[06:58:34] [131/459] JLSL
[06:58:34] [132/459] SBHA
[06:58:35] [133/459] SHRC
[06:58:36] [134/459] AVPS
[06:58:37] [135/459] STPM
[06:58:38] [136/459] ATRD
[06:58:38] [137/459] VTED
[06:58:39] [138/459] ACAI
[06:58:40] [139/459] SMAE
[06:58:40] 🔄 Identity reset
[06:58:40] 🔄 Identity rotated (every 10 requests)
[06:58:41] [140/459] VMAT
[06:58:41] [141/459] LKCT
[06:58:42] [142/459] JTVK
[06:58:43] [143/459] PRTY
[06:58:43] [144/459] GETT
[06:58:44] [145/459] ESAP
[06:58:45] [146/459] NCPM
[06:58:45] [147/459] PCPA
[06:58:47] [148/459] MMOM
[06:58:48] [149/459] PHUP
[06:58:48] 🔄 Identity reset
[06:58:48] 🔄 Identity rotated (every 10 requests)
[06:58:48] [150/459] CCPI
[06:58:49] [151/459] CNTD
[06:58:50] [152/459] NLJR
[06:58:51] [153/459] SRNG
[06:58:51] [154/459] MHAL
[06:58:52] [155/459] PNSM
[06:58:53] [156/459] DRMY
[06:58:53] [157/459] CCMU
[06:58:54] [158/459] SCMY
[06:58:55] [159/459] PVSY
[06:58:55] 🔄 Identity reset
[06:58:55] 🔄 Identity rotated (every 10 requests)
[06:58:56] [160/459] SDLM
[06:58:56] [161/459] ICCM
[06:58:57] [162/459] PYSU
[06:58:58] [163/459] GATM
[06:58:58] [164/459] WOTM
[06:58:59] [165/459] RKTS
[06:59:00] [166/459] PMTY
[06:59:01] [167/459] LYMS
[06:59:02] [168/459] TGCA
[06:59:03] [169/459] DSTA
[06:59:03] 🔄 Identity reset
[06:59:03] 🔄 Identity rotated (every 10 requests)
[06:59:04] [170/459] CNGE
[06:59:04] [171/459] VSTG
[06:59:05] [172/459] GTCK
[06:59:05] [173/459] TGNT
[06:59:06] [174/459] ASLC
[06:59:07] [175/459] SSST
[06:59:08] [176/459] KBTT
[06:59:09] [177/459] HKCP
[06:59:10] [178/459] SWLC
[06:59:10] [179/459] RTND
[06:59:11] 🔄 Identity reset
[06:59:11] 🔄 Identity rotated (every 10 requests)
[06:59:11] [180/459] PKKT
[06:59:12] [181/459] HSTK
[06:59:13] [182/459] SPTT
[06:59:14] [183/459] IMPM
[06:59:15] [184/459] SCMV
[06:59:15] [185/459] SPCT
[06:59:16] [186/459] JBCA
[06:59:16] [187/459] ATTR
[06:59:17] [188/459] SPMT
[06:59:18] [189/459] LCTM
[06:59:19] 🔄 Identity reset
[06:59:19] 🔄 Identity rotated (every 10 requests)
[06:59:19] [190/459] SCVL
[06:59:19] [191/459] SCVT
[06:59:20] [192/459] KRIC
[06:59:21] [193/459] CTMG
[06:59:21] [194/459] ACNC
[06:59:22] [195/459] DMCK
[06:59:22] [196/459] KMTV
[06:59:23] [197/459] PFCJ
[06:59:24] [198/459] VNMD
[06:59:25] [199/459] VPCZ
[06:59:25] 🔄 Identity reset
[06:59:25] 🔄 Identity rotated (every 10 requests)
[06:59:25] 🔄 Retry 1/5 for VPCZ in 2.0s
[06:59:25] 🔄 Identity reset
[06:59:27] 🧠 New identity created
[06:59:28] [200/459] SRYR
[06:59:28] [201/459] SYTR
[06:59:29] [202/459] GATR
[06:59:30] [203/459] URTR
[06:59:31] [204/459] MKSM
[06:59:32] [205/459] VSMH
[06:59:32] [206/459] SKRJ
[06:59:34] [207/459] SSJR
[06:59:35] [208/459] SVSM
[06:59:35] 🔄 Identity reset
[06:59:35] 🔄 Identity rotated (every 10 requests)
[06:59:35] [209/459] RUCM
[06:59:37] [210/459] PRKN
[06:59:38] [211/459] RROH
[06:59:38] [212/459] SCTN
[06:59:39] [213/459] RTDM
[06:59:40] [214/459] ASRM
[06:59:41] [215/459] SKMD
[06:59:41] [216/459] SUTD
[06:59:42] [217/459] SADM
[06:59:43] [218/459] WCNR
[06:59:44] 🔄 Identity reset
[06:59:44] 🔄 Identity rotated (every 10 requests)
[06:59:44] [219/459] CNED
[06:59:45] [220/459] MPDB
[06:59:46] [221/459] KTBH
[06:59:47] [222/459] IDRM
[06:59:47] [223/459] PJJT
[06:59:48] [224/459] PFCV
[06:59:49] [225/459] AACT
[06:59:50] [226/459] AAAD
[06:59:51] [227/459] ANES
[06:59:51] [228/459] MNCA
[06:59:52] 🔄 Identity reset
[06:59:52] 🔄 Identity rotated (every 10 requests)
[06:59:52] 🔄 Retry 1/5 for MNCA in 2.7s
[06:59:52] 🔄 Identity reset
[06:59:54] 🧠 New identity created
[06:59:55] [229/459] RMGU
[06:59:55] [230/459] DLCN
[06:59:56] [231/459] LJWT
[06:59:57] [232/459] MCBG
[06:59:57] [233/459] MYBG
[06:59:58] [234/459] GCCA
[06:59:59] [235/459] GCGA
[07:00:00] [236/459] ECGN
[07:00:01] [237/459] PRAB
[07:00:01] 🔄 Identity reset
[07:00:01] 🔄 Identity rotated (every 10 requests)
[07:00:02] [238/459] PNMP
[07:00:02] [239/459] GCPT
[07:00:03] [240/459] ROYN
[07:00:04] [241/459] VATM
[07:00:04] [242/459] KSNT
[07:00:05] [243/459] ACTC
[07:00:06] [244/459] PLTD
[07:00:07] [245/459] SKMK
[07:00:07] [246/459] CMTT
[07:00:08] [247/459] SMXP
[07:00:09] 🔄 Identity reset
[07:00:09] 🔄 Identity rotated (every 10 requests)
[07:00:09] [248/459] SCMX
[07:00:10] [249/459] ACXN
[07:00:10] [250/459] ASWT
[07:00:11] [251/459] VVVL
[07:00:12] [252/459] NAGO
[07:00:12] [253/459] SNCN
[07:00:13] [254/459] MCKP
[07:00:14] [255/459] SAMO
[07:00:14] [256/459] JBTV
[07:00:15] [257/459] DCVV
[07:00:15] 🔄 Identity reset
[07:00:15] 🔄 Identity rotated (every 10 requests)
[07:00:16] 🔄 Retry 1/5 for DCVV in 2.4s
[07:00:16] 🔄 Identity reset
[07:00:18] 🧠 New identity created
[07:00:18] [258/459] KMSV
[07:00:19] [259/459] KDCN
[07:00:20] [260/459] CNCP
[07:00:21] [261/459] HAMC
[07:00:21] [262/459] CCVZ
[07:00:22] [263/459] NCCK
[07:00:22] [264/459] MCHR
[07:00:23] [265/459] SCHT
[07:00:24] [266/459] ESSH
[07:00:24] 🔄 Identity reset
[07:00:24] 🔄 Identity rotated (every 10 requests)
[07:00:24] 🔄 Retry 1/5 for ESSH in 2.7s
[07:00:24] 🔄 Identity reset
[07:00:27] 🧠 New identity created
[07:00:27] [267/459] CUJC
[07:00:29] [268/459] PECP
[07:00:30] [269/459] PMMI
[07:00:30] [270/459] PCCH
[07:00:31] [271/459] PRPM
[07:00:32] [272/459] PVKL
[07:00:33] [273/459] CBSM
[07:00:34] [274/459] PVCZ
[07:00:34] [275/459] PCVV
[07:00:35] 🔄 Identity reset
[07:00:35] 🔄 Identity rotated (every 10 requests)
[07:00:36] [276/459] CTMJ
[07:00:36] [277/459] RCPS
[07:00:37] [278/459] PCIT
[07:00:38] [279/459] FNCH
[07:00:38] [280/459] INZD
[07:00:39] [281/459] INPC
[07:00:40] [282/459] LCZP
[07:00:40] [283/459] SMCB
[07:00:42] [284/459] PTSB
[07:00:43] [285/459] TPSI
[07:00:44] 🔄 Identity reset
[07:00:44] 🔄 Identity rotated (every 10 requests)
[07:00:44] 🔄 Retry 1/5 for TPSI in 2.9s
[07:00:44] 🔄 Identity reset
[07:00:47] 🧠 New identity created
[07:00:47] [286/459] KHMJ
[07:00:48] [287/459] RCCJ
[07:00:49] [288/459] NCJA
[07:00:50] [289/459] NCJN
[07:00:50] [290/459] BTDP
[07:00:51] [291/459] PADY
[07:00:51] [292/459] NYBH
[07:00:52] [293/459] MTBR
[07:00:53] [294/459] KRBC
[07:00:53] 🔄 Identity reset
[07:00:53] 🔄 Identity rotated (every 10 requests)
[07:00:53] [295/459] DKTI
[07:00:54] [296/459] ANAN
[07:00:55] [297/459] INBP
[07:00:55] [298/459] PATB
[07:00:56] [299/459] RGNT
[07:00:57] [300/459] CGPM
[07:00:57] [301/459] INTN
[07:00:58] [302/459] MCMP
[07:00:59] [303/459] ASRG
[07:00:59] [304/459] CXJD
[07:01:00] 🔄 Identity reset
[07:01:00] 🔄 Identity rotated (every 10 requests)
[07:01:00] [305/459] SPCP
[07:01:01] [306/459] CSTP
[07:01:02] [307/459] PKVC
[07:01:03] [308/459] ESCP
[07:01:03] [309/459] CAEP
[07:01:04] [310/459] CCSP
[07:01:05] [311/459] KTPC
[07:01:05] [312/459] DACA
[07:01:06] [313/459] NVKY
[07:01:07] [314/459] PTIN
[07:01:07] 🔄 Identity reset
[07:01:07] 🔄 Identity rotated (every 10 requests)
[07:01:08] [315/459] SCIN
[07:01:08] [316/459] MCTY
[07:01:09] [317/459] PCMX
[07:01:10] [318/459] INIC
[07:01:11] [319/459] MMZM
[07:01:12] [320/459] SSLP
[07:01:13] [321/459] DTDT
[07:01:13] [322/459] FFCX
[07:01:14] [323/459] RCMM
[07:01:15] [324/459] KYID
[07:01:16] 🔄 Identity reset
[07:01:16] 🔄 Identity rotated (every 10 requests)
[07:01:16] [325/459] CSCI
[07:01:16] [326/459] FCMC
[07:01:17] [327/459] MMXI
[07:01:18] [328/459] ASTC
[07:01:18] [329/459] CMRA
[07:01:19] [330/459] DICI
[07:01:20] [331/459] KDIN
[07:01:21] [332/459] PRFI
[07:01:22] [333/459] SVFC
[07:01:22] [334/459] UCPL
[07:01:23] 🔄 Identity reset
[07:01:23] 🔄 Identity rotated (every 10 requests)
[07:01:23] [335/459] COOC
[07:01:24] [336/459] SCAL
[07:01:24] [337/459] SVFF
[07:01:25] [338/459] VCMG
[07:01:26] [339/459] UUCT
[07:01:27] [340/459] GCSE
[07:01:28] [341/459] SUSC
[07:01:28] [342/459] MISC
[07:01:29] [343/459] RMBL
[07:01:29] [344/459] CMXN
[07:01:30] 🔄 Identity reset
[07:01:30] 🔄 Identity rotated (every 10 requests)
[07:01:30] [345/459] PVBK
[07:01:31] [346/459] HHCG
[07:01:32] [347/459] SCAG
[07:01:32] [348/459] CNPR
[07:01:33] [349/459] CSER
[07:01:34] [350/459] HLWD
[07:01:34] [351/459] BOLY
[07:01:35] [352/459] SSPG
[07:01:36] [353/459] MUPX
[07:01:37] [354/459] HAMR
[07:01:37] 🔄 Identity reset
[07:01:37] 🔄 Identity rotated (every 10 requests)
[07:01:38] [355/459] SDNC
[07:01:39] [356/459] RTEN
[07:01:39] [357/459] SDTD
[07:01:40] [358/459] KAWS
[07:01:41] [359/459] CMZX
[07:01:41] [360/459] DCDD
[07:01:42] [361/459] ALSN
[07:01:43] [362/459] IMXS
[07:01:44] [363/459] PVFF
[07:01:44] [364/459] PVOO
[07:01:45] 🔄 Identity reset
[07:01:45] 🔄 Identity rotated (every 10 requests)
[07:01:45] [365/459] CFBS
[07:01:46] [366/459] PVER
[07:01:47] [367/459] PPNX
[07:01:47] [368/459] CNRM
[07:01:48] [369/459] PVWW
[07:01:49] [370/459] INMB
[07:01:49] [371/459] CPJR
[07:01:50] [372/459] INRZ
[07:01:51] [373/459] PMSR
[07:01:52] [374/459] GPGM
[07:01:52] 🔄 Identity reset
[07:01:52] 🔄 Identity rotated (every 10 requests)
[07:01:52] [375/459] PGWB
[07:01:54] [376/459] PMBR
[07:01:55] [377/459] GPAM
[07:01:56] [378/459] INBC
[07:01:57] [379/459] PZVK
[07:01:57] [380/459] CPEB
[07:01:58] [381/459] FMLB
[07:01:59] [382/459] INBG
[07:01:59] [383/459] GPBR
[07:02:00] [384/459] PAAS
[07:02:01] 🔄 Identity reset
[07:02:01] 🔄 Identity rotated (every 10 requests)
[07:02:01] [385/459] VTBR
[07:02:01] [386/459] GPMY
[07:02:02] [387/459] GYBU
[07:02:03] [388/459] INBJ
[07:02:03] [389/459] LKTH
[07:02:04] [390/459] NSBR
[07:02:05] [391/459] PDRD
[07:02:05] [392/459] VRBL
[07:02:06] [393/459] VTGB
[07:02:07] [394/459] VTSK
[07:02:07] 🔄 Identity reset
[07:02:07] 🔄 Identity rotated (every 10 requests)
[07:02:08] [395/459] BKDV
[07:02:08] [396/459] SVTB
[07:02:09] [397/459] MLDT
[07:02:10] [398/459] NRBL
[07:02:10] [399/459] SLTR
[07:02:11] [400/459] VNKA
[07:02:12] [401/459] TDCA
[07:02:12] [402/459] INBM
[07:02:13] [403/459] SSNR
[07:02:14] [404/459] BHAC
[07:02:14] 🔄 Identity reset
[07:02:14] 🔄 Identity rotated (every 10 requests)
[07:02:15] [405/459] SDSD
[07:02:15] [406/459] SAMP
[07:02:16] [407/459] RATK
[07:02:17] [408/459] KCBI
[07:02:17] [409/459] URBL
[07:02:18] [410/459] MKBG
[07:02:18] [411/459] ASTB
[07:02:19] [412/459] VBWT
[07:02:20] [413/459] GPSM
[07:02:21] [414/459] ROON
[07:02:21] 🔄 Identity reset
[07:02:21] 🔄 Identity rotated (every 10 requests)
[07:02:21] [415/459] CHTH
[07:02:22] [416/459] SSPA
[07:02:23] [417/459] ANBL
[07:02:23] [418/459] VTBE
[07:02:24] [419/459] SVKT
[07:02:25] [420/459] SVYK
[07:02:26] [421/459] PTBK
[07:02:27] [422/459] RKTB
[07:02:28] [423/459] BALT
[07:02:29] [424/459] STSV
[07:02:29] 🔄 Identity reset
[07:02:29] 🔄 Identity rotated (every 10 requests)
[07:02:29] [425/459] VCCB
[07:02:30] [426/459] SLTB
[07:02:31] [427/459] SBCR
[07:02:31] [428/459] VDCS
[07:02:32] [429/459] MDKI
[07:02:33] [430/459] SMRN
[07:02:33] [431/459] PTBC
[07:02:34] [432/459] RADI
[07:02:35] [433/459] ADCR
[07:02:36] [434/459] SDCS
[07:02:36] 🔄 Identity reset
[07:02:36] 🔄 Identity rotated (every 10 requests)
[07:02:36] [435/459] SRPJ
[07:02:37] [436/459] ARTS
[07:02:38] [437/459] SRHK
[07:02:39] [438/459] SPAY
[07:02:40] [439/459] GPTB
[07:02:41] [440/459] SNNN
[07:02:41] [441/459] BALJ
[07:02:42] [442/459] TRIG
[07:02:43] [443/459] GTYT
[07:02:43] [444/459] ATGN
[07:02:44] 🔄 Identity reset
[07:02:44] 🔄 Identity rotated (every 10 requests)
[07:02:44] [445/459] ANTE
[07:02:46] [446/459] BDCG
[07:02:46] [447/459] VECI
[07:02:47] [448/459] SCPR
[07:02:48] [449/459] RTEA
[07:02:48] [450/459] JSAI
[07:02:49] [451/459] VJTP
[07:02:50] [452/459] GNDS
[07:02:50] [453/459] PAXA
[07:02:51] [454/459] CGGM
[07:02:52] 🔄 Identity reset
[07:02:52] 🔄 Identity rotated (every 10 requests)
[07:02:52] [455/459] ACKZ
[07:02:53] [456/459] EMCC
[07:02:53] [457/459] KLSK
[07:02:54] [458/459] AVCK
[07:02:55] [459/459] JTCK
[07:02:56] ✅ DONE | Shows=553 | Movies=29
[08:07:11] 🚀 BMS DAILY TRACKER STARTED (enhanced anti‑detection)
[08:07:11] [1/459] NECA
[08:07:12] 🧠 New identity created
[08:07:12] [2/459] BJLC
[08:07:13] [3/459] BASU
[08:07:14] [4/459] RUPI
[08:07:15] [5/459] LCBK
[08:07:16] [6/459] PMAC
[08:07:17] [7/459] AMLC
[08:07:18] [8/459] LICL
[08:07:18] [9/459] UDMM
[08:07:19] [10/459] STBZ
[08:07:20] 🔄 Identity reset
[08:07:20] 🔄 Identity rotated (every 10 requests)
[08:07:20] [11/459] UUBT
[08:07:21] [12/459] SJKC
[08:07:22] [13/459] TUAL
[08:07:23] [14/459] MRSE
[08:07:24] [15/459] RMRK
[08:07:24] [16/459] TTKP
[08:07:25] [17/459] KTKO
[08:07:27] [18/459] SDBK
[08:07:28] [19/459] MCPR
[08:07:28] [20/459] CHTI
[08:07:29] 🔄 Identity reset
[08:07:29] 🔄 Identity rotated (every 10 requests)
[08:07:29] [21/459] GCCP
[08:07:31] [22/459] SRMY
[08:07:32] [23/459] NYST
[08:07:33] [24/459] NYAG
[08:07:33] [25/459] SBMT
[08:07:34] [26/459] INGA
[08:07:35] [27/459] WSIC
[08:07:36] [28/459] SCSS
[08:07:37] [29/459] COPG
[08:07:38] [30/459] RCGR
[08:07:39] 🔄 Identity reset
[08:07:39] 🔄 Identity rotated (every 10 requests)
[08:07:39] 🔄 Retry 1/5 for RCGR in 2.9s
[08:07:39] 🔄 Identity reset
[08:07:42] 🧠 New identity created
[08:07:42] [31/459] TCZA
[08:07:43] [32/459] CNLP
[08:07:44] [33/459] CLKN
[08:07:45] [34/459] LHDF
[08:07:46] [35/459] ELKC
[08:07:47] [36/459] VCEM
[08:07:47] [37/459] SSZA
[08:07:48] [38/459] KRMT
[08:07:49] [39/459] LCMV
[08:07:49] 🔄 Identity reset
[08:07:50] 🔄 Identity rotated (every 10 requests)
[08:07:50] [40/459] AYCZ
[08:07:51] [41/459] CUMS
[08:07:52] [42/459] BOCK
[08:07:53] [43/459] PNMR
[08:07:54] [44/459] PJCP
[08:07:55] [45/459] JDDD
[08:07:56] [46/459] STMS
[08:07:57] [47/459] FLMB
[08:07:58] [48/459] PKCM
[08:07:59] [49/459] SPPR
[08:08:00] 🔄 Identity reset
[08:08:00] 🔄 Identity rotated (every 10 requests)
[08:08:00] [50/459] EYLH
[08:08:01] [51/459] RJCC
[08:08:02] [52/459] MMPS
[08:08:03] [53/459] SHMX
[08:08:04] [54/459] CCNL
[08:08:04] [55/459] RCNV
[08:08:05] [56/459] MAAG
[08:08:06] [57/459] LXCM
[08:08:07] [58/459] RCNI
[08:08:08] [59/459] SNNI
[08:08:09] 🔄 Identity reset
[08:08:09] 🔄 Identity rotated (every 10 requests)
[08:08:09] 🔄 Retry 1/5 for SNNI in 2.6s
[08:08:09] 🔄 Identity reset
[08:08:11] 🧠 New identity created
[08:08:12] [60/459] LALC
[08:08:12] [61/459] SOCN
[08:08:13] [62/459] JHTP
[08:08:14] [63/459] PITP
[08:08:15] [64/459] CCKW
[08:08:16] [65/459] MCMC
[08:08:16] [66/459] DEES
[08:08:17] [67/459] SABT
[08:08:18] [68/459] VSPP
[08:08:18] 🔄 Identity reset
[08:08:19] 🔄 Identity rotated (every 10 requests)
[08:08:19] 🔄 Retry 1/5 for VSPP in 2.3s
[08:08:19] 🔄 Identity reset
[08:08:21] 🧠 New identity created
[08:08:22] [69/459] ABCT
[08:08:23] [70/459] JVTB
[08:08:23] [71/459] VCBD
[08:08:24] [72/459] RMGG
[08:08:25] [73/459] RNMH
[08:08:26] [74/459] SPGL
[08:08:27] [75/459] JTTR
[08:08:28] [76/459] SICS
[08:08:28] [77/459] SRMI
[08:08:29] 🔄 Identity reset
[08:08:29] 🔄 Identity rotated (every 10 requests)
[08:08:29] [78/459] SSIJ
[08:08:30] [79/459] KFMT
[08:08:31] [80/459] VBIT
[08:08:32] [81/459] JKCT
[08:08:33] [82/459] GCGP
[08:08:34] [83/459] GDCS
[08:08:35] [84/459] TRBA
[08:08:36] [85/459] QUST
[08:08:37] [86/459] VSHM
[08:08:38] [87/459] SDCP
[08:08:39] 🔄 Identity reset
[08:08:39] 🔄 Identity rotated (every 10 requests)
[08:08:39] 🔄 Retry 1/5 for SDCP in 2.7s
[08:08:39] 🔄 Identity reset
[08:08:41] 🧠 New identity created
[08:08:42] [88/459] SNVS
[08:08:42] [89/459] NYTO
[08:08:43] [90/459] URWC
[08:08:44] [91/459] GTWH
[08:08:45] [92/459] PFCM
[08:08:46] [93/459] KRTA
[08:08:47] [94/459] AXMC
[08:08:47] [95/459] EVMC
[08:08:48] [96/459] HGSM
[08:08:49] 🔄 Identity reset
[08:08:49] 🔄 Identity rotated (every 10 requests)
[08:08:49] 🔄 Retry 1/5 for HGSM in 2.0s
[08:08:49] 🔄 Identity reset
[08:08:51] 🧠 New identity created
[08:08:51] [97/459] ACVM
[08:08:52] [98/459] PSKL
[08:08:53] [99/459] RDMP
[08:08:54] [100/459] RHGH
[08:08:55] [101/459] OMCM
[08:08:56] [102/459] DCCP
[08:08:56] [103/459] MCPB
[08:08:57] [104/459] ALCI
[08:08:58] [105/459] BLMX
[08:08:59] 🔄 Identity reset
[08:08:59] 🔄 Identity rotated (every 10 requests)
[08:08:59] [106/459] BTMV
[08:09:00] [107/459] FVPN
[08:09:01] [108/459] CMAR
[08:09:01] [109/459] CEIM
[08:09:02] [110/459] CMVA
[08:09:04] [111/459] CPIV
[08:09:05] [112/459] CNPE
[08:09:05] [113/459] COLV
[08:09:06] [114/459] DNNV
[08:09:08] [115/459] HCAD
[08:09:08] 🔄 Identity reset
[08:09:08] 🔄 Identity rotated (every 10 requests)
[08:09:08] 🔄 Retry 1/5 for HCAD in 2.9s
[08:09:08] 🔄 Identity reset
[08:09:11] 🧠 New identity created
[08:09:12] [116/459] TAKA
[08:09:12] [117/459] INVD
[08:09:13] [118/459] IRMM
[08:09:14] [119/459] INSE
[08:09:15] [120/459] MRSW
[08:09:16] [121/459] MCVD
[08:09:17] [122/459] MCSO
[08:09:18] [123/459] PEVM
[08:09:19] [124/459] PVNL
[08:09:20] 🔄 Identity reset
[08:09:20] 🔄 Identity rotated (every 10 requests)
[08:09:20] 🔄 Retry 1/5 for PVNL in 2.3s
[08:09:20] 🔄 Identity reset
[08:09:22] 🧠 New identity created
[08:09:22] [125/459] PTCV
[08:09:23] [126/459] PRTC
[08:09:24] [127/459] RCVA
[08:09:25] [128/459] MTBN
[08:09:26] [129/459] LUCP
[08:09:27] [130/459] FMPT
[08:09:29] [131/459] JLSL
[08:09:29] [132/459] SBHA
[08:09:30] [133/459] SHRC
[08:09:31] 🔄 Identity reset
[08:09:31] 🔄 Identity rotated (every 10 requests)
[08:09:31] [134/459] AVPS
[08:09:32] [135/459] STPM
[08:09:33] [136/459] ATRD
[08:09:34] [137/459] VTED
[08:09:35] [138/459] ACAI
[08:09:35] [139/459] SMAE
[08:09:36] [140/459] VMAT
[08:09:37] [141/459] LKCT
[08:09:38] [142/459] JTVK
[08:09:39] [143/459] PRTY
[08:09:40] 🔄 Identity reset
[08:09:40] 🔄 Identity rotated (every 10 requests)
[08:09:40] [144/459] GETT
[08:09:41] [145/459] ESAP
[08:09:42] [146/459] NCPM
[08:09:43] [147/459] PCPA
[08:09:44] [148/459] MMOM
[08:09:46] [149/459] PHUP
[08:09:47] [150/459] CCPI
[08:09:47] [151/459] CNTD
[08:09:48] [152/459] NLJR
[08:09:49] [153/459] SRNG
[08:09:50] 🔄 Identity reset
[08:09:50] 🔄 Identity rotated (every 10 requests)
[08:09:50] [154/459] MHAL
[08:09:51] [155/459] PNSM
[08:09:52] [156/459] DRMY
[08:09:52] [157/459] CCMU
[08:09:53] [158/459] SCMY
[08:09:54] [159/459] PVSY
[08:09:55] [160/459] SDLM
[08:09:56] [161/459] ICCM
[08:09:57] [162/459] PYSU
[08:09:57] [163/459] GATM
[08:09:58] 🔄 Identity reset
[08:09:58] 🔄 Identity rotated (every 10 requests)
[08:09:58] [164/459] WOTM
[08:09:59] [165/459] RKTS
[08:10:00] [166/459] PMTY
[08:10:01] [167/459] LYMS
[08:10:02] [168/459] TGCA
[08:10:03] [169/459] DSTA
[08:10:04] [170/459] CNGE
[08:10:04] [171/459] VSTG
[08:10:05] [172/459] GTCK
[08:10:06] [173/459] TGNT
[08:10:07] 🔄 Identity reset
[08:10:07] 🔄 Identity rotated (every 10 requests)
[08:10:07] [174/459] ASLC
[08:10:08] [175/459] SSST
[08:10:09] [176/459] KBTT
[08:10:10] [177/459] HKCP
[08:10:10] [178/459] SWLC
[08:10:11] [179/459] RTND
[08:10:12] [180/459] PKKT
[08:10:13] [181/459] HSTK
[08:10:14] [182/459] SPTT
[08:10:15] [183/459] IMPM
[08:10:15] 🔄 Identity reset
[08:10:15] 🔄 Identity rotated (every 10 requests)
[08:10:15] [184/459] SCMV
[08:10:16] [185/459] SPCT
[08:10:17] [186/459] JBCA
[08:10:18] [187/459] ATTR
[08:10:19] [188/459] SPMT
[08:10:20] [189/459] LCTM
[08:10:20] [190/459] SCVL
[08:10:21] [191/459] SCVT
[08:10:22] [192/459] KRIC
[08:10:23] [193/459] CTMG
[08:10:24] 🔄 Identity reset
[08:10:24] 🔄 Identity rotated (every 10 requests)
[08:10:24] [194/459] ACNC
[08:10:25] [195/459] DMCK
[08:10:26] [196/459] KMTV
[08:10:26] [197/459] PFCJ
[08:10:27] [198/459] VNMD
[08:10:28] [199/459] VPCZ
[08:10:29] [200/459] SRYR
[08:10:30] [201/459] SYTR
[08:10:31] [202/459] GATR
[08:10:32] [203/459] URTR
[08:10:32] 🔄 Identity reset
[08:10:32] 🔄 Identity rotated (every 10 requests)
[08:10:33] [204/459] MKSM
[08:10:33] [205/459] VSMH
[08:10:34] [206/459] SKRJ
[08:10:35] [207/459] SSJR
[08:10:36] [208/459] SVSM
[08:10:37] [209/459] RUCM
[08:10:38] [210/459] PRKN
[08:10:39] [211/459] RROH
[08:10:41] [212/459] SCTN
[08:10:42] [213/459] RTDM
[08:10:42] 🔄 Identity reset
[08:10:42] 🔄 Identity rotated (every 10 requests)
[08:10:42] 🔄 Retry 1/5 for RTDM in 2.2s
[08:10:42] 🔄 Identity reset
[08:10:45] 🧠 New identity created
[08:10:45] [214/459] ASRM
[08:10:46] [215/459] SKMD
[08:10:47] [216/459] SUTD
[08:10:48] [217/459] SADM
[08:10:49] [218/459] WCNR
[08:10:50] [219/459] CNED
[08:10:51] [220/459] MPDB
[08:10:51] [221/459] KTBH
[08:10:52] [222/459] IDRM
[08:10:53] 🔄 Identity reset
[08:10:53] 🔄 Identity rotated (every 10 requests)
[08:10:53] [223/459] PJJT
[08:10:55] [224/459] PFCV
[08:10:56] [225/459] AACT
[08:10:57] [226/459] AAAD
[08:10:58] [227/459] ANES
[08:10:59] [228/459] MNCA
[08:11:00] [229/459] RMGU
[08:11:01] [230/459] DLCN
[08:11:02] [231/459] LJWT
[08:11:03] [232/459] MCBG
[08:11:04] 🔄 Identity reset
[08:11:04] 🔄 Identity rotated (every 10 requests)
[08:11:04] [233/459] MYBG
[08:11:05] [234/459] GCCA
[08:11:05] [235/459] GCGA
[08:11:06] [236/459] ECGN
[08:11:07] [237/459] PRAB
[08:11:08] [238/459] PNMP
[08:11:09] [239/459] GCPT
[08:11:10] [240/459] ROYN
[08:11:10] [241/459] VATM
[08:11:11] [242/459] KSNT
[08:11:12] 🔄 Identity reset
[08:11:12] 🔄 Identity rotated (every 10 requests)
[08:11:12] [243/459] ACTC
[08:11:13] [244/459] PLTD
[08:11:14] [245/459] SKMK
[08:11:15] [246/459] CMTT
[08:11:16] [247/459] SMXP
[08:11:17] [248/459] SCMX
[08:11:18] [249/459] ACXN
[08:11:19] [250/459] ASWT
[08:11:19] [251/459] VVVL
[08:11:20] [252/459] NAGO
[08:11:21] 🔄 Identity reset
[08:11:21] 🔄 Identity rotated (every 10 requests)
[08:11:21] [253/459] SNCN
[08:11:22] [254/459] MCKP
[08:11:23] [255/459] SAMO
[08:11:24] [256/459] JBTV
[08:11:25] [257/459] DCVV
[08:11:26] [258/459] KMSV
[08:11:27] [259/459] KDCN
[08:11:28] [260/459] CNCP
[08:11:29] [261/459] HAMC
[08:11:30] [262/459] CCVZ
[08:11:30] 🔄 Identity reset
[08:11:30] 🔄 Identity rotated (every 10 requests)
[08:11:31] 🔄 Retry 1/5 for CCVZ in 2.8s
[08:11:31] 🔄 Identity reset
[08:11:33] 🧠 New identity created
[08:11:34] [263/459] NCCK
[08:11:34] [264/459] MCHR
[08:11:35] [265/459] SCHT
[08:11:36] [266/459] ESSH
[08:11:37] [267/459] CUJC
[08:11:38] [268/459] PECP
[08:11:39] [269/459] PMMI
[08:11:40] [270/459] PCCH
[08:11:41] [271/459] PRPM
[08:11:41] 🔄 Identity reset
[08:11:41] 🔄 Identity rotated (every 10 requests)
[08:11:42] [272/459] PVKL
[08:11:43] [273/459] CBSM
[08:11:43] [274/459] PVCZ
[08:11:44] [275/459] PCVV
[08:11:45] [276/459] CTMJ
[08:11:46] [277/459] RCPS
[08:11:47] [278/459] PCIT
[08:11:48] [279/459] FNCH
[08:11:49] [280/459] INZD
[08:11:50] [281/459] INPC
[08:11:50] 🔄 Identity reset
[08:11:50] 🔄 Identity rotated (every 10 requests)
[08:11:51] [282/459] LCZP
[08:11:52] [283/459] SMCB
[08:11:53] [284/459] PTSB
[08:11:54] [285/459] TPSI
[08:11:54] [286/459] KHMJ
[08:11:55] [287/459] RCCJ
[08:11:56] [288/459] NCJA
[08:11:57] [289/459] NCJN
[08:11:58] [290/459] BTDP
[08:11:59] [291/459] PADY
[08:11:59] 🔄 Identity reset
[08:11:59] 🔄 Identity rotated (every 10 requests)
[08:12:00] [292/459] NYBH
[08:12:01] [293/459] MTBR
[08:12:02] [294/459] KRBC
[08:12:03] [295/459] DKTI
[08:12:04] [296/459] ANAN
[08:12:04] [297/459] INBP
[08:12:05] [298/459] PATB
[08:12:06] [299/459] RGNT
[08:12:07] [300/459] CGPM
[08:12:08] [301/459] INTN
[08:12:09] 🔄 Identity reset
[08:12:09] 🔄 Identity rotated (every 10 requests)
[08:12:09] [302/459] MCMP
[08:12:10] [303/459] ASRG
[08:12:11] [304/459] CXJD
[08:12:12] [305/459] SPCP
[08:12:13] [306/459] CSTP
[08:12:14] [307/459] PKVC
[08:12:15] [308/459] ESCP
[08:12:16] [309/459] CAEP
[08:12:16] [310/459] CCSP
[08:12:17] [311/459] KTPC
[08:12:18] 🔄 Identity reset
[08:12:18] 🔄 Identity rotated (every 10 requests)
[08:12:18] 🔄 Retry 1/5 for KTPC in 2.4s
[08:12:18] 🔄 Identity reset
[08:12:20] 🧠 New identity created
[08:12:20] 🔄 Retry 2/5 for KTPC in 4.7s
[08:12:20] 🔄 Identity reset
[08:12:25] 🧠 New identity created
[08:12:25] [312/459] DACA
[08:12:26] [313/459] NVKY
[08:12:27] [314/459] PTIN
[08:12:28] [315/459] SCIN
[08:12:29] [316/459] MCTY
[08:12:29] [317/459] PCMX
[08:12:30] [318/459] INIC
[08:12:31] [319/459] MMZM
[08:12:32] 🔄 Identity reset
[08:12:32] 🔄 Identity rotated (every 10 requests)
[08:12:32] [320/459] SSLP
[08:12:33] [321/459] DTDT
[08:12:34] [322/459] FFCX
[08:12:34] [323/459] RCMM
[08:12:35] [324/459] KYID
[08:12:36] [325/459] CSCI
[08:12:37] [326/459] FCMC
[08:12:38] [327/459] MMXI
[08:12:39] [328/459] ASTC
[08:12:39] [329/459] CMRA
[08:12:40] 🔄 Identity reset
[08:12:40] 🔄 Identity rotated (every 10 requests)
[08:12:40] [330/459] DICI
[08:12:41] [331/459] KDIN
[08:12:42] [332/459] PRFI
[08:12:43] [333/459] SVFC
[08:12:44] [334/459] UCPL
[08:12:45] [335/459] COOC
[08:12:46] [336/459] SCAL
[08:12:47] [337/459] SVFF
[08:12:48] [338/459] VCMG
[08:12:48] [339/459] UUCT
[08:12:49] 🔄 Identity reset
[08:12:49] 🔄 Identity rotated (every 10 requests)
[08:12:49] [340/459] GCSE
[08:12:50] [341/459] SUSC
[08:12:51] [342/459] MISC
[08:12:52] [343/459] RMBL
[08:12:53] [344/459] CMXN
[08:12:55] [345/459] PVBK
[08:12:55] [346/459] HHCG
[08:12:56] [347/459] SCAG
[08:12:57] [348/459] CNPR
[08:12:58] [349/459] CSER
[08:12:59] 🔄 Identity reset
[08:12:59] 🔄 Identity rotated (every 10 requests)
[08:12:59] [350/459] HLWD
[08:13:00] [351/459] BOLY
[08:13:01] [352/459] SSPG
[08:13:02] [353/459] MUPX
[08:13:03] [354/459] HAMR
[08:13:03] [355/459] SDNC
[08:13:04] [356/459] RTEN
[08:13:05] [357/459] SDTD
[08:13:06] [358/459] KAWS
[08:13:07] [359/459] CMZX
[08:13:07] 🔄 Identity reset
[08:13:07] 🔄 Identity rotated (every 10 requests)
[08:13:08] [360/459] DCDD
[08:13:08] [361/459] ALSN
[08:13:09] [362/459] IMXS
[08:13:10] [363/459] PVFF
[08:13:12] [364/459] PVOO
[08:13:12] [365/459] CFBS
[08:13:14] [366/459] PVER
[08:13:15] [367/459] PPNX
[08:13:16] [368/459] CNRM
[08:13:17] [369/459] PVWW
[08:13:17] 🔄 Identity reset
[08:13:17] 🔄 Identity rotated (every 10 requests)
[08:13:17] [370/459] INMB
[08:13:18] [371/459] CPJR
[08:13:20] [372/459] INRZ
[08:13:20] [373/459] PMSR
[08:13:21] [374/459] GPGM
[08:13:22] [375/459] PGWB
[08:13:23] [376/459] PMBR
[08:13:24] [377/459] GPAM
[08:13:24] [378/459] INBC
[08:13:25] [379/459] PZVK
[08:13:26] 🔄 Identity reset
[08:13:26] 🔄 Identity rotated (every 10 requests)
[08:13:26] 🔄 Retry 1/5 for PZVK in 2.2s
[08:13:26] 🔄 Identity reset
[08:13:28] 🧠 New identity created
[08:13:28] [380/459] CPEB
[08:13:29] [381/459] FMLB
[08:13:30] [382/459] INBG
[08:13:31] [383/459] GPBR
[08:13:32] [384/459] PAAS
[08:13:33] [385/459] VTBR
[08:13:34] [386/459] GPMY
[08:13:34] [387/459] GYBU
[08:13:35] [388/459] INBJ
[08:13:36] 🔄 Identity reset
[08:13:36] 🔄 Identity rotated (every 10 requests)
[08:13:37] [389/459] LKTH
[08:13:37] [390/459] NSBR
[08:13:38] [391/459] PDRD
[08:13:39] [392/459] VRBL
[08:13:40] [393/459] VTGB
[08:13:41] [394/459] VTSK
[08:13:42] [395/459] BKDV
[08:13:42] [396/459] SVTB
[08:13:43] [397/459] MLDT
[08:13:44] [398/459] NRBL
[08:13:45] 🔄 Identity reset
[08:13:45] 🔄 Identity rotated (every 10 requests)
[08:13:45] 🔄 Retry 1/5 for NRBL in 2.3s
[08:13:45] 🔄 Identity reset
[08:13:47] 🧠 New identity created
[08:13:47] 🔄 Retry 2/5 for NRBL in 4.7s
[08:13:47] 🔄 Identity reset
[08:13:52] 🧠 New identity created
[08:13:52] [399/459] SLTR
[08:13:53] [400/459] VNKA
[08:13:54] [401/459] TDCA
[08:13:55] [402/459] INBM
[08:13:56] [403/459] SSNR
[08:13:57] [404/459] BHAC
[08:13:58] [405/459] SDSD
[08:13:59] [406/459] SAMP
[08:14:00] 🔄 Identity reset
[08:14:00] 🔄 Identity rotated (every 10 requests)
[08:14:00] [407/459] RATK
[08:14:01] [408/459] KCBI
[08:14:02] [409/459] URBL
[08:14:03] [410/459] MKBG
[08:14:04] [411/459] ASTB
[08:14:05] [412/459] VBWT
[08:14:06] [413/459] GPSM
[08:14:07] [414/459] ROON
[08:14:08] [415/459] CHTH
[08:14:09] [416/459] SSPA
[08:14:10] 🔄 Identity reset
[08:14:10] 🔄 Identity rotated (every 10 requests)
[08:14:10] 🔄 Retry 1/5 for SSPA in 2.9s
[08:14:10] 🔄 Identity reset
[08:14:13] 🧠 New identity created
[08:14:13] [417/459] ANBL
[08:14:14] [418/459] VTBE
[08:14:15] [419/459] SVKT
[08:14:16] [420/459] SVYK
[08:14:16] [421/459] PTBK
[08:14:17] [422/459] RKTB
[08:14:18] [423/459] BALT
[08:14:19] [424/459] STSV
[08:14:20] [425/459] VCCB
[08:14:21] 🔄 Identity reset
[08:14:21] 🔄 Identity rotated (every 10 requests)
[08:14:21] [426/459] SLTB
[08:14:22] [427/459] SBCR
[08:14:23] [428/459] VDCS
[08:14:24] [429/459] MDKI
[08:14:25] [430/459] SMRN
[08:14:26] [431/459] PTBC
[08:14:27] [432/459] RADI
[08:14:28] [433/459] ADCR
[08:14:29] [434/459] SDCS
[08:14:30] [435/459] SRPJ
[08:14:31] 🔄 Identity reset
[08:14:31] 🔄 Identity rotated (every 10 requests)
[08:14:31] [436/459] ARTS
[08:14:32] [437/459] SRHK
[08:14:33] [438/459] SPAY
[08:14:34] [439/459] GPTB
[08:14:35] [440/459] SNNN
[08:14:36] [441/459] BALJ
[08:14:37] [442/459] TRIG
[08:14:38] [443/459] GTYT
[08:14:39] [444/459] ATGN
[08:14:39] [445/459] ANTE
[08:14:40] 🔄 Identity reset
[08:14:40] 🔄 Identity rotated (every 10 requests)
[08:14:40] [446/459] BDCG
[08:14:41] [447/459] VECI
[08:14:42] [448/459] SCPR
[08:14:43] [449/459] RTEA
[08:14:43] [450/459] JSAI
[08:14:45] [451/459] VJTP
[08:14:47] [452/459] GNDS
[08:14:47] [453/459] PAXA
[08:14:48] [454/459] CGGM
[08:14:49] [455/459] ACKZ
[08:14:50] 🔄 Identity reset
[08:14:50] 🔄 Identity rotated (every 10 requests)
[08:14:50] [456/459] EMCC
[08:14:51] [457/459] KLSK
[08:14:52] [458/459] AVCK
[08:14:53] [459/459] JTCK
[08:14:53] ✅ DONE | Shows=902 | Movies=44
[08:32:59] 🚀 BMS DAILY TRACKER STARTED (enhanced anti‑detection)
[08:32:59] [1/459] NECA
[08:33:00] 🧠 New identity created
[08:33:00] [2/459] BJLC
[08:33:02] [3/459] BASU
[08:33:03] [4/459] RUPI
[08:33:04] [5/459] LCBK
[08:33:04] [6/459] PMAC
[08:33:05] [7/459] AMLC
[08:33:06] [8/459] LICL
[08:33:07] [9/459] UDMM
[08:33:08] [10/459] STBZ
[08:33:09] 🔄 Identity reset
[08:33:09] 🔄 Identity rotated (every 10 requests)
[08:33:09] [11/459] UUBT
[08:33:10] [12/459] SJKC
[08:33:10] [13/459] TUAL
[08:33:11] [14/459] MRSE
[08:33:12] [15/459] RMRK
[08:33:13] [16/459] TTKP
[08:33:14] [17/459] KTKO
[08:33:14] [18/459] SDBK
[08:33:15] [19/459] MCPR
[08:33:16] [20/459] CHTI
[08:33:17] 🔄 Identity reset
[08:33:17] 🔄 Identity rotated (every 10 requests)
[08:33:17] [21/459] GCCP
[08:33:18] [22/459] SRMY
[08:33:19] [23/459] NYST
[08:33:20] [24/459] NYAG
[08:33:20] [25/459] SBMT
[08:33:21] [26/459] INGA
[08:33:22] [27/459] WSIC
[08:33:23] [28/459] SCSS
[08:33:24] [29/459] COPG
[08:33:25] [30/459] RCGR
[08:33:25] 🔄 Identity reset
[08:33:25] 🔄 Identity rotated (every 10 requests)
[08:33:25] 🔄 Retry 1/5 for RCGR in 2.9s
[08:33:25] 🔄 Identity reset
[08:33:28] 🧠 New identity created
[08:33:28] [31/459] TCZA
[08:33:30] [32/459] CNLP
[08:33:31] [33/459] CLKN
[08:33:32] [34/459] LHDF
[08:33:33] [35/459] ELKC
[08:33:34] [36/459] VCEM
[08:33:35] [37/459] SSZA
[08:33:35] [38/459] KRMT
[08:33:36] [39/459] LCMV
[08:33:37] 🔄 Identity reset
[08:33:37] 🔄 Identity rotated (every 10 requests)
[08:33:37] [40/459] AYCZ
[08:33:38] [41/459] CUMS
[08:33:39] [42/459] BOCK
[08:33:40] [43/459] PNMR
[08:33:41] [44/459] PJCP
[08:33:42] [45/459] JDDD
[08:33:43] [46/459] STMS
[08:33:44] [47/459] FLMB
[08:33:45] [48/459] PKCM
[08:33:46] [49/459] SPPR
[08:33:47] 🔄 Identity reset
[08:33:47] 🔄 Identity rotated (every 10 requests)
[08:33:47] 🔄 Retry 1/5 for SPPR in 3.0s
[08:33:47] 🔄 Identity reset
[08:33:50] 🧠 New identity created
[08:33:50] [50/459] EYLH
[08:33:51] [51/459] RJCC
[08:33:52] [52/459] MMPS
[08:33:52] [53/459] SHMX
[08:33:53] [54/459] CCNL
[08:33:54] [55/459] RCNV
[08:33:55] [56/459] MAAG
[08:33:56] [57/459] LXCM
[08:33:57] [58/459] RCNI
[08:33:58] 🔄 Identity reset
[08:33:58] 🔄 Identity rotated (every 10 requests)
[08:33:59] [59/459] SNNI
[08:34:00] [60/459] LALC
[08:34:01] [61/459] SOCN
[08:34:02] [62/459] JHTP
[08:34:02] [63/459] PITP
[08:34:03] [64/459] CCKW
[08:34:04] [65/459] MCMC
[08:34:05] [66/459] DEES
[08:34:06] [67/459] SABT
[08:34:06] [68/459] VSPP
[08:34:07] 🔄 Identity reset
[08:34:07] 🔄 Identity rotated (every 10 requests)
[08:34:07] 🔄 Retry 1/5 for VSPP in 2.9s
[08:34:07] 🔄 Identity reset
[08:34:10] 🧠 New identity created
[08:34:10] [69/459] ABCT
[08:34:11] [70/459] JVTB
[08:34:12] [71/459] VCBD
[08:34:13] [72/459] RMGG
[08:34:14] [73/459] RNMH
[08:34:15] [74/459] SPGL
[08:34:15] [75/459] JTTR
[08:34:16] [76/459] SICS
[08:34:17] [77/459] SRMI
[08:34:18] 🔄 Identity reset
[08:34:18] 🔄 Identity rotated (every 10 requests)
[08:34:18] 🔄 Retry 1/5 for SRMI in 3.0s
[08:34:18] 🔄 Identity reset
[08:34:21] 🧠 New identity created
[08:34:21] [78/459] SSIJ
[08:34:22] [79/459] KFMT
[08:34:23] [80/459] VBIT
[08:34:24] [81/459] JKCT
[08:34:25] [82/459] GCGP
[08:34:26] [83/459] GDCS
[08:34:27] [84/459] TRBA
[08:34:27] [85/459] QUST
[08:34:28] [86/459] VSHM
[08:34:29] 🔄 Identity reset
[08:34:29] 🔄 Identity rotated (every 10 requests)
[08:34:29] 🔄 Retry 1/5 for VSHM in 2.9s
[08:34:29] 🔄 Identity reset
[08:34:32] 🧠 New identity created
[08:34:32] [87/459] SDCP
[08:34:33] [88/459] SNVS
[08:34:34] [89/459] NYTO
[08:34:35] [90/459] URWC
[08:34:35] [91/459] GTWH
[08:34:36] [92/459] PFCM
[08:34:37] [93/459] KRTA
[08:34:38] [94/459] AXMC
[08:34:39] [95/459] EVMC
[08:34:40] 🔄 Identity reset
[08:34:40] 🔄 Identity rotated (every 10 requests)
[08:34:40] [96/459] HGSM
[08:34:41] [97/459] ACVM
[08:34:43] [98/459] PSKL
[08:34:44] [99/459] RDMP
[08:34:44] [100/459] RHGH
[08:34:45] [101/459] OMCM
[08:34:46] [102/459] DCCP
[08:34:47] [103/459] MCPB
[08:34:48] [104/459] ALCI
[08:34:49] [105/459] BLMX
[08:34:49] 🔄 Identity reset
[08:34:49] 🔄 Identity rotated (every 10 requests)
[08:34:49] 🔄 Retry 1/5 for BLMX in 2.8s
[08:34:49] 🔄 Identity reset
[08:34:52] 🧠 New identity created
[08:34:52] 🔄 Retry 2/5 for BLMX in 4.8s
[08:34:52] 🔄 Identity reset
[08:34:57] 🧠 New identity created
[08:34:57] [106/459] BTMV
[08:34:58] [107/459] FVPN
[08:34:59] [108/459] CMAR
[08:35:00] [109/459] CEIM
[08:35:01] [110/459] CMVA
[08:35:02] [111/459] CPIV
[08:35:03] [112/459] CNPE
[08:35:03] [113/459] COLV
[08:35:04] 🔄 Identity reset
[08:35:04] 🔄 Identity rotated (every 10 requests)
[08:35:04] 🔄 Retry 1/5 for COLV in 2.3s
[08:35:04] 🔄 Identity reset
[08:35:06] 🧠 New identity created
[08:35:07] [114/459] DNNV
[08:35:08] [115/459] HCAD
[08:35:09] [116/459] TAKA
[08:35:10] [117/459] INVD
[08:35:11] [118/459] IRMM
[08:35:12] [119/459] INSE
[08:35:13] [120/459] MRSW
[08:35:13] [121/459] MCVD
[08:35:14] [122/459] MCSO
[08:35:15] 🔄 Identity reset
[08:35:15] 🔄 Identity rotated (every 10 requests)
[08:35:15] [123/459] PEVM
[08:35:16] [124/459] PVNL
[08:35:17] [125/459] PTCV
[08:35:18] [126/459] PRTC
[08:35:19] [127/459] RCVA
[08:35:20] [128/459] MTBN
[08:35:21] [129/459] LUCP
[08:35:22] [130/459] FMPT
[08:35:23] [131/459] JLSL
[08:35:23] [132/459] SBHA
[08:35:24] 🔄 Identity reset
[08:35:24] 🔄 Identity rotated (every 10 requests)
[08:35:24] [133/459] SHRC
[08:35:25] [134/459] AVPS
[08:35:26] [135/459] STPM
[08:35:27] [136/459] ATRD
[08:35:28] [137/459] VTED
[08:35:29] [138/459] ACAI
[08:35:30] [139/459] SMAE
[08:35:31] [140/459] VMAT
[08:35:32] [141/459] LKCT
[08:35:32] [142/459] JTVK
[08:35:33] 🔄 Identity reset
[08:35:33] 🔄 Identity rotated (every 10 requests)
[08:35:33] [143/459] PRTY
[08:35:34] [144/459] GETT
[08:35:35] [145/459] ESAP
[08:35:36] [146/459] NCPM
[08:35:37] [147/459] PCPA
[08:35:38] [148/459] MMOM
[08:35:39] [149/459] PHUP
[08:35:39] [150/459] CCPI
[08:35:40] [151/459] CNTD
[08:35:41] [152/459] NLJR
[08:35:42] 🔄 Identity reset
[08:35:42] 🔄 Identity rotated (every 10 requests)
[08:35:42] [153/459] SRNG
[08:35:43] [154/459] MHAL
[08:35:44] [155/459] PNSM
[08:35:45] [156/459] DRMY
[08:35:46] [157/459] CCMU
[08:35:46] [158/459] SCMY
[08:35:48] [159/459] PVSY
[08:35:49] [160/459] SDLM
[08:35:50] [161/459] ICCM
[08:35:51] [162/459] PYSU
[08:35:51] 🔄 Identity reset
[08:35:51] 🔄 Identity rotated (every 10 requests)
[08:35:51] 🔄 Retry 1/5 for PYSU in 2.4s
[08:35:51] 🔄 Identity reset
[08:35:54] 🧠 New identity created
[08:35:54] 🔄 Retry 2/5 for PYSU in 4.0s
[08:35:54] 🔄 Identity reset
[08:35:58] 🧠 New identity created
[08:35:58] [163/459] GATM
[08:35:59] [164/459] WOTM
[08:36:00] [165/459] RKTS
[08:36:01] [166/459] PMTY
[08:36:02] [167/459] LYMS
[08:36:03] [168/459] TGCA
[08:36:05] [169/459] DSTA
[08:36:05] [170/459] CNGE
[08:36:06] 🔄 Identity reset
[08:36:06] 🔄 Identity rotated (every 10 requests)
[08:36:06] [171/459] VSTG
[08:36:07] [172/459] GTCK
[08:36:08] [173/459] TGNT
[08:36:09] [174/459] ASLC
[08:36:10] [175/459] SSST
[08:36:11] [176/459] KBTT
[08:36:12] [177/459] HKCP
[08:36:13] [178/459] SWLC
[08:36:14] [179/459] RTND
[08:36:15] [180/459] PKKT
[08:36:16] 🔄 Identity reset
[08:36:16] 🔄 Identity rotated (every 10 requests)
[08:36:16] [181/459] HSTK
[08:36:17] [182/459] SPTT
[08:36:18] [183/459] IMPM
[08:36:19] [184/459] SCMV
[08:36:20] [185/459] SPCT
[08:36:21] [186/459] JBCA
[08:36:22] [187/459] ATTR
[08:36:23] [188/459] SPMT
[08:36:24] [189/459] LCTM
[08:36:25] [190/459] SCVL
[08:36:26] 🔄 Identity reset
[08:36:26] 🔄 Identity rotated (every 10 requests)
[08:36:26] [191/459] SCVT
[08:36:27] [192/459] KRIC
[08:36:28] [193/459] CTMG
[08:36:29] [194/459] ACNC
[08:36:30] [195/459] DMCK
[08:36:31] [196/459] KMTV
[08:36:32] [197/459] PFCJ
[08:36:33] [198/459] VNMD
[08:36:33] [199/459] VPCZ
[08:36:34] [200/459] SRYR
[08:36:35] 🔄 Identity reset
[08:36:35] 🔄 Identity rotated (every 10 requests)
[08:36:35] [201/459] SYTR
[08:36:36] [202/459] GATR
[08:36:37] [203/459] URTR
[08:36:38] [204/459] MKSM
[08:36:39] [205/459] VSMH
[08:36:40] [206/459] SKRJ
[08:36:40] [207/459] SSJR
[08:36:41] [208/459] SVSM
[08:36:42] [209/459] RUCM
[08:36:43] [210/459] PRKN
[08:36:44] 🔄 Identity reset
[08:36:44] 🔄 Identity rotated (every 10 requests)
[08:36:44] 🔄 Retry 1/5 for PRKN in 2.9s
[08:36:44] 🔄 Identity reset
[08:36:47] 🧠 New identity created
[08:36:47] 🔄 Retry 2/5 for PRKN in 4.7s
[08:36:47] 🔄 Identity reset
[08:36:52] 🧠 New identity created
[08:36:52] [211/459] RROH
[08:36:53] [212/459] SCTN
[08:36:54] [213/459] RTDM
[08:36:55] [214/459] ASRM
[08:36:56] [215/459] SKMD
[08:36:57] [216/459] SUTD
[08:36:57] [217/459] SADM
[08:36:58] [218/459] WCNR
[08:36:59] 🔄 Identity reset
[08:36:59] 🔄 Identity rotated (every 10 requests)
[08:36:59] 🔄 Retry 1/5 for WCNR in 2.2s
[08:36:59] 🔄 Identity reset
[08:37:01] 🧠 New identity created
[08:37:02] [219/459] CNED
[08:37:02] [220/459] MPDB
[08:37:04] [221/459] KTBH
[08:37:05] [222/459] IDRM
[08:37:06] [223/459] PJJT
[08:37:07] [224/459] PFCV
[08:37:08] [225/459] AACT
[08:37:09] [226/459] AAAD
[08:37:10] [227/459] ANES
[08:37:11] 🔄 Identity reset
[08:37:11] 🔄 Identity rotated (every 10 requests)
[08:37:11] 🔄 Retry 1/5 for ANES in 2.4s
[08:37:11] 🔄 Identity reset
[08:37:13] 🧠 New identity created
[08:37:13] 🔄 Retry 2/5 for ANES in 4.8s
[08:37:13] 🔄 Identity reset
[08:37:18] 🧠 New identity created
[08:37:18] 🔄 Retry 3/5 for ANES in 8.5s
[08:37:18] 🔄 Identity reset
[08:37:27] 🧠 New identity created
[08:37:27] 🔄 Retry 4/5 for ANES in 16.3s
[08:37:27] 🔄 Identity reset
[08:37:43] 🧠 New identity created
[08:37:43] ❌ ANES failed after 5 attempts
[08:37:43] 🔄 Identity reset
[08:37:43] ❌ ANES final failure | RuntimeError | HTTP 403
[08:37:43] [228/459] MNCA
[08:37:44] 🧠 New identity created
[08:37:45] [229/459] RMGU
[08:37:46] [230/459] DLCN
[08:37:47] [231/459] LJWT
[08:37:48] [232/459] MCBG
[08:37:49] [233/459] MYBG
[08:37:49] 🔄 Identity reset
[08:37:49] 🔄 Identity rotated (every 10 requests)
[08:37:49] 🔄 Retry 1/5 for MYBG in 2.8s
[08:37:49] 🔄 Identity reset
[08:37:52] 🧠 New identity created
[08:37:53] [234/459] GCCA
[08:37:54] [235/459] GCGA
[08:37:54] [236/459] ECGN
[08:37:55] [237/459] PRAB
[08:37:56] [238/459] PNMP
[08:37:57] [239/459] GCPT
[08:37:58] [240/459] ROYN
[08:37:59] [241/459] VATM
[08:38:01] [242/459] KSNT
[08:38:01] 🔄 Identity reset
[08:38:01] 🔄 Identity rotated (every 10 requests)
[08:38:02] [243/459] ACTC
[08:38:03] [244/459] PLTD
[08:38:04] [245/459] SKMK
[08:38:05] [246/459] CMTT
[08:38:06] [247/459] SMXP
[08:38:07] [248/459] SCMX
[08:38:08] [249/459] ACXN
[08:38:08] [250/459] ASWT
[08:38:09] [251/459] VVVL
[08:38:10] [252/459] NAGO
[08:38:11] 🔄 Identity reset
[08:38:11] 🔄 Identity rotated (every 10 requests)
[08:38:11] [253/459] SNCN
[08:38:12] [254/459] MCKP
[08:38:13] [255/459] SAMO
[08:38:14] [256/459] JBTV
[08:38:15] [257/459] DCVV
[08:38:15] [258/459] KMSV
[08:38:16] [259/459] KDCN
[08:38:17] [260/459] CNCP
[08:38:18] [261/459] HAMC
[08:38:19] [262/459] CCVZ
[08:38:20] 🔄 Identity reset
[08:38:20] 🔄 Identity rotated (every 10 requests)
[08:38:21] [263/459] NCCK
[08:38:22] [264/459] MCHR
[08:38:22] [265/459] SCHT
[08:38:24] [266/459] ESSH
[08:38:25] [267/459] CUJC
[08:38:26] [268/459] PECP
[08:38:26] [269/459] PMMI
[08:38:27] [270/459] PCCH
[08:38:28] [271/459] PRPM
[08:38:30] [272/459] PVKL
[08:38:30] 🔄 Identity reset
[08:38:30] 🔄 Identity rotated (every 10 requests)
[08:38:31] [273/459] CBSM
[08:38:31] [274/459] PVCZ
[08:38:32] [275/459] PCVV
[08:38:33] [276/459] CTMJ
[08:38:34] [277/459] RCPS
[08:38:35] [278/459] PCIT
[08:38:36] [279/459] FNCH
[08:38:37] [280/459] INZD
[08:38:38] [281/459] INPC
[08:38:39] [282/459] LCZP
[08:38:39] 🔄 Identity reset
[08:38:39] 🔄 Identity rotated (every 10 requests)
[08:38:39] 🔄 Retry 1/5 for LCZP in 2.8s
[08:38:39] 🔄 Identity reset
[08:38:42] 🧠 New identity created
[08:38:42] [283/459] SMCB
[08:38:43] [284/459] PTSB
[08:38:44] [285/459] TPSI
[08:38:45] [286/459] KHMJ
[08:38:46] [287/459] RCCJ
[08:38:47] [288/459] NCJA
[08:38:48] [289/459] NCJN
[08:38:49] [290/459] BTDP
[08:38:50] [291/459] PADY
[08:38:50] 🔄 Identity reset
[08:38:50] 🔄 Identity rotated (every 10 requests)
[08:38:51] [292/459] NYBH
[08:38:52] [293/459] MTBR
[08:38:53] [294/459] KRBC
[08:38:54] [295/459] DKTI
[08:38:55] [296/459] ANAN
[08:38:56] [297/459] INBP
[08:38:57] [298/459] PATB
[08:38:58] [299/459] RGNT
[08:38:59] [300/459] CGPM
[08:39:00] [301/459] INTN
[08:39:00] 🔄 Identity reset
[08:39:00] 🔄 Identity rotated (every 10 requests)
[08:39:01] [302/459] MCMP
[08:39:01] [303/459] ASRG
[08:39:02] [304/459] CXJD
[08:39:03] [305/459] SPCP
[08:39:04] [306/459] CSTP
[08:39:05] [307/459] PKVC
[08:39:06] [308/459] ESCP
[08:39:06] [309/459] CAEP
[08:39:07] [310/459] CCSP
[08:39:08] [311/459] KTPC
[08:39:09] 🔄 Identity reset
[08:39:09] 🔄 Identity rotated (every 10 requests)
[08:39:09] [312/459] DACA
[08:39:10] [313/459] NVKY
[08:39:11] [314/459] PTIN
[08:39:11] [315/459] SCIN
[08:39:13] [316/459] MCTY
[08:39:14] [317/459] PCMX
[08:39:16] [318/459] INIC
[08:39:17] [319/459] MMZM
[08:39:18] [320/459] SSLP
[08:39:19] [321/459] DTDT
[08:39:19] 🔄 Identity reset
[08:39:19] 🔄 Identity rotated (every 10 requests)
[08:39:19] 🔄 Retry 1/5 for DTDT in 2.3s
[08:39:19] 🔄 Identity reset
[08:39:22] 🧠 New identity created
[08:39:22] [322/459] FFCX
[08:39:23] [323/459] RCMM
[08:39:24] [324/459] KYID
[08:39:26] [325/459] CSCI
[08:39:27] [326/459] FCMC
[08:39:28] [327/459] MMXI
[08:39:29] [328/459] ASTC
[08:39:30] [329/459] CMRA
[08:39:30] [330/459] DICI
[08:39:31] 🔄 Identity reset
[08:39:31] 🔄 Identity rotated (every 10 requests)
[08:39:31] 🔄 Retry 1/5 for DICI in 2.6s
[08:39:31] 🔄 Identity reset
[08:39:34] 🧠 New identity created
[08:39:34] [331/459] KDIN
[08:39:35] [332/459] PRFI
[08:39:36] [333/459] SVFC
[08:39:37] [334/459] UCPL
[08:39:38] [335/459] COOC
[08:39:39] [336/459] SCAL
[08:39:40] [337/459] SVFF
[08:39:41] [338/459] VCMG
[08:39:42] [339/459] UUCT
[08:39:42] 🔄 Identity reset
[08:39:42] 🔄 Identity rotated (every 10 requests)
[08:39:43] [340/459] GCSE
[08:39:44] [341/459] SUSC
[08:39:44] [342/459] MISC
[08:39:45] [343/459] RMBL
[08:39:46] [344/459] CMXN
[08:39:47] [345/459] PVBK
[08:39:48] [346/459] HHCG
[08:39:49] [347/459] SCAG
[08:39:49] [348/459] CNPR
[08:39:50] [349/459] CSER
[08:39:51] 🔄 Identity reset
[08:39:51] 🔄 Identity rotated (every 10 requests)
[08:39:51] 🔄 Retry 1/5 for CSER in 2.6s
[08:39:51] 🔄 Identity reset
[08:39:53] 🧠 New identity created
[08:39:54] [350/459] HLWD
[08:39:55] [351/459] BOLY
[08:39:55] [352/459] SSPG
[08:39:56] [353/459] MUPX
[08:39:58] [354/459] HAMR
[08:39:59] [355/459] SDNC
[08:40:00] [356/459] RTEN
[08:40:01] [357/459] SDTD
[08:40:02] [358/459] KAWS
[08:40:03] 🔄 Identity reset
[08:40:03] 🔄 Identity rotated (every 10 requests)
[08:40:04] [359/459] CMZX
[08:40:05] [360/459] DCDD
[08:40:06] [361/459] ALSN
[08:40:07] [362/459] IMXS
[08:40:08] [363/459] PVFF
[08:40:08] [364/459] PVOO
[08:40:09] [365/459] CFBS
[08:40:10] [366/459] PVER
[08:40:11] [367/459] PPNX
[08:40:12] [368/459] CNRM
[08:40:12] 🔄 Identity reset
[08:40:12] 🔄 Identity rotated (every 10 requests)
[08:40:14] [369/459] PVWW
[08:40:14] [370/459] INMB
[08:40:15] [371/459] CPJR
[08:40:16] [372/459] INRZ
[08:40:17] [373/459] PMSR
[08:40:18] [374/459] GPGM
[08:40:19] [375/459] PGWB
[08:40:20] [376/459] PMBR
[08:40:21] [377/459] GPAM
[08:40:22] [378/459] INBC
[08:40:22] 🔄 Identity reset
[08:40:22] 🔄 Identity rotated (every 10 requests)
[08:40:22] [379/459] PZVK
[08:40:23] [380/459] CPEB
[08:40:24] [381/459] FMLB
[08:40:25] [382/459] INBG
[08:40:26] [383/459] GPBR
[08:40:27] [384/459] PAAS
[08:40:28] [385/459] VTBR
[08:40:29] [386/459] GPMY
[08:40:30] [387/459] GYBU
[08:40:31] [388/459] INBJ
[08:40:31] 🔄 Identity reset
[08:40:31] 🔄 Identity rotated (every 10 requests)
[08:40:32] [389/459] LKTH
[08:40:33] [390/459] NSBR
[08:40:34] [391/459] PDRD
[08:40:35] [392/459] VRBL
[08:40:35] [393/459] VTGB
[08:40:36] [394/459] VTSK
[08:40:37] [395/459] BKDV
[08:40:38] [396/459] SVTB
[08:40:39] [397/459] MLDT
[08:40:40] [398/459] NRBL
[08:40:40] 🔄 Identity reset
[08:40:40] 🔄 Identity rotated (every 10 requests)
[08:40:41] [399/459] SLTR
[08:40:42] [400/459] VNKA
[08:40:43] [401/459] TDCA
[08:40:44] [402/459] INBM
[08:40:45] [403/459] SSNR
[08:40:46] [404/459] BHAC
[08:40:47] [405/459] SDSD
[08:40:48] [406/459] SAMP
[08:40:49] [407/459] RATK
[08:40:50] [408/459] KCBI
[08:40:50] 🔄 Identity reset
[08:40:50] 🔄 Identity rotated (every 10 requests)
[08:40:51] [409/459] URBL
[08:40:52] [410/459] MKBG
[08:40:53] [411/459] ASTB
[08:40:54] [412/459] VBWT
[08:40:55] [413/459] GPSM
[08:40:56] [414/459] ROON
[08:40:57] [415/459] CHTH
[08:40:58] [416/459] SSPA
[08:40:59] [417/459] ANBL
[08:41:00] [418/459] VTBE
[08:41:00] 🔄 Identity reset
[08:41:00] 🔄 Identity rotated (every 10 requests)
[08:41:01] [419/459] SVKT
[08:41:03] [420/459] SVYK
[08:41:04] [421/459] PTBK
[08:41:05] [422/459] RKTB
[08:41:06] [423/459] BALT
[08:41:07] [424/459] STSV
[08:41:08] [425/459] VCCB
[08:41:08] [426/459] SLTB
[08:41:09] [427/459] SBCR
[08:41:10] [428/459] VDCS
[08:41:11] 🔄 Identity reset
[08:41:11] 🔄 Identity rotated (every 10 requests)
[08:41:11] [429/459] MDKI
[08:41:12] [430/459] SMRN
[08:41:13] [431/459] PTBC
[08:41:14] [432/459] RADI
[08:41:15] [433/459] ADCR
[08:41:16] [434/459] SDCS
[08:41:17] [435/459] SRPJ
[08:41:18] [436/459] ARTS
[08:41:19] [437/459] SRHK
[08:41:20] [438/459] SPAY
[08:41:20] 🔄 Identity reset
[08:41:20] 🔄 Identity rotated (every 10 requests)
[08:41:20] [439/459] GPTB
[08:41:21] [440/459] SNNN
[08:41:22] [441/459] BALJ
[08:41:23] [442/459] TRIG
[08:41:24] [443/459] GTYT
[08:41:25] [444/459] ATGN
[08:41:26] [445/459] ANTE
[08:41:27] [446/459] BDCG
[08:41:28] [447/459] VECI
[08:41:29] [448/459] SCPR
[08:41:30] 🔄 Identity reset
[08:41:30] 🔄 Identity rotated (every 10 requests)
[08:41:30] [449/459] RTEA
[08:41:31] [450/459] JSAI
[08:41:32] [451/459] VJTP
[08:41:33] [452/459] GNDS
[08:41:34] [453/459] PAXA
[08:41:35] [454/459] CGGM
[08:41:36] [455/459] ACKZ
[08:41:37] [456/459] EMCC
[08:41:38] [457/459] KLSK
[08:41:39] [458/459] AVCK
[08:41:39] 🔄 Identity reset
[08:41:39] 🔄 Identity rotated (every 10 requests)
[08:41:40] [459/459] JTCK
[08:41:40] 🔁 RETRY ROUND 1 | Remaining: 1
[08:41:40] [RETRY-1] ANES
[08:41:43] ✅ DONE | Shows=1015 | Movies=46
[11:05:02] 🚀 BMS DAILY TRACKER STARTED (enhanced anti‑detection)
[11:05:02] [1/459] NECA
[11:05:02] 🧠 New identity created
[11:05:03] [2/459] BJLC
[11:05:03] [3/459] BASU
[11:05:04] [4/459] RUPI
[11:05:04] [5/459] LCBK
[11:05:05] [6/459] PMAC
[11:05:06] [7/459] AMLC
[11:05:07] [8/459] LICL
[11:05:08] [9/459] UDMM
[11:05:08] [10/459] STBZ
[11:05:09] 🔄 Identity reset
[11:05:09] 🔄 Identity rotated (every 10 requests)
[11:05:09] 🔄 Retry 1/5 for STBZ in 2.3s
[11:05:09] 🔄 Identity reset
[11:05:11] 🧠 New identity created
[11:05:12] 🔄 Retry 2/5 for STBZ in 4.6s
[11:05:12] 🔄 Identity reset
[11:05:16] 🧠 New identity created
[11:05:16] [11/459] UUBT
[11:05:17] [12/459] SJKC
[11:05:17] [13/459] TUAL
[11:05:18] [14/459] MRSE
[11:05:19] [15/459] RMRK
[11:05:20] [16/459] TTKP
[11:05:21] [17/459] KTKO
[11:05:21] [18/459] SDBK
[11:05:22] 🔄 Identity reset
[11:05:22] 🔄 Identity rotated (every 10 requests)
[11:05:22] [19/459] MCPR
[11:05:23] [20/459] CHTI
[11:05:23] [21/459] GCCP
[11:05:24] [22/459] SRMY
[11:05:25] [23/459] NYST
[11:05:25] [24/459] NYAG
[11:05:27] [25/459] SBMT
[11:05:27] [26/459] INGA
[11:05:29] [27/459] WSIC
[11:05:30] [28/459] SCSS
[11:05:30] 🔄 Identity reset
[11:05:30] 🔄 Identity rotated (every 10 requests)
[11:05:31] [29/459] COPG
[11:05:32] [30/459] RCGR
[11:05:33] [31/459] TCZA
[11:05:34] [32/459] CNLP
[11:05:34] [33/459] CLKN
[11:05:35] [34/459] LHDF
[11:05:36] [35/459] ELKC
[11:05:37] [36/459] VCEM
[11:05:37] [37/459] SSZA
[11:05:38] [38/459] KRMT
[11:05:39] 🔄 Identity reset
[11:05:39] 🔄 Identity rotated (every 10 requests)
[11:05:39] [39/459] LCMV
[11:05:40] [40/459] AYCZ
[11:05:40] [41/459] CUMS
[11:05:41] [42/459] BOCK
[11:05:41] [43/459] PNMR
[11:05:42] [44/459] PJCP
[11:05:43] [45/459] JDDD
[11:05:44] [46/459] STMS
[11:05:45] [47/459] FLMB
[11:05:45] [48/459] PKCM
[11:05:46] 🔄 Identity reset
[11:05:46] 🔄 Identity rotated (every 10 requests)
[11:05:46] 🔄 Retry 1/5 for PKCM in 2.4s
[11:05:46] 🔄 Identity reset
[11:05:48] 🧠 New identity created
[11:05:48] [49/459] SPPR
[11:05:49] [50/459] EYLH
[11:05:50] [51/459] RJCC
[11:05:50] [52/459] MMPS
[11:05:51] [53/459] SHMX
[11:05:52] [54/459] CCNL
[11:05:52] [55/459] RCNV
[11:05:53] [56/459] MAAG
[11:05:54] [57/459] LXCM
[11:05:54] 🔄 Identity reset
[11:05:54] 🔄 Identity rotated (every 10 requests)
[11:05:55] 🔄 Retry 1/5 for LXCM in 2.4s
[11:05:55] 🔄 Identity reset
[11:05:57] 🧠 New identity created
[11:05:57] [58/459] RCNI
[11:05:58] [59/459] SNNI
[11:05:59] [60/459] LALC
[11:06:00] [61/459] SOCN
[11:06:01] [62/459] JHTP
[11:06:02] [63/459] PITP
[11:06:02] [64/459] CCKW
[11:06:03] [65/459] MCMC
[11:06:04] [66/459] DEES
[11:06:04] 🔄 Identity reset
[11:06:04] 🔄 Identity rotated (every 10 requests)
[11:06:04] [67/459] SABT
[11:06:05] [68/459] VSPP
[11:06:06] [69/459] ABCT
[11:06:06] [70/459] JVTB
[11:06:07] [71/459] VCBD
[11:06:08] [72/459] RMGG
[11:06:09] [73/459] RNMH
[11:06:09] [74/459] SPGL
[11:06:10] [75/459] JTTR
[11:06:11] [76/459] SICS
[11:06:11] 🔄 Identity reset
[11:06:11] 🔄 Identity rotated (every 10 requests)
[11:06:11] [77/459] SRMI
[11:06:12] [78/459] SSIJ
[11:06:13] [79/459] KFMT
[11:06:13] [80/459] VBIT
[11:06:14] [81/459] JKCT
[11:06:15] [82/459] GCGP
[11:06:16] [83/459] GDCS
[11:06:16] [84/459] TRBA
[11:06:17] [85/459] QUST
[11:06:18] [86/459] VSHM
[11:06:18] 🔄 Identity reset
[11:06:18] 🔄 Identity rotated (every 10 requests)
[11:06:19] [87/459] SDCP
[11:06:19] [88/459] SNVS
[11:06:20] [89/459] NYTO
[11:06:21] [90/459] URWC
[11:06:22] [91/459] GTWH
[11:06:22] [92/459] PFCM
[11:06:23] [93/459] KRTA
[11:06:24] [94/459] AXMC
[11:06:24] [95/459] EVMC
[11:06:25] [96/459] HGSM
[11:06:26] 🔄 Identity reset
[11:06:26] 🔄 Identity rotated (every 10 requests)
[11:06:26] [97/459] ACVM
[11:06:26] [98/459] PSKL
[11:06:27] [99/459] RDMP
[11:06:28] [100/459] RHGH
[11:06:29] [101/459] OMCM
[11:06:29] [102/459] DCCP
[11:06:30] [103/459] MCPB
[11:06:30] [104/459] ALCI
[11:06:31] [105/459] BLMX
[11:06:31] [106/459] BTMV
[11:06:32] 🔄 Identity reset
[11:06:32] 🔄 Identity rotated (every 10 requests)
[11:06:32] [107/459] FVPN
[11:06:33] [108/459] CMAR
[11:06:33] [109/459] CEIM
[11:06:34] [110/459] CMVA
[11:06:35] [111/459] CPIV
[11:06:35] [112/459] CNPE
[11:06:36] [113/459] COLV
[11:06:37] [114/459] DNNV
[11:06:37] [115/459] HCAD
[11:06:38] [116/459] TAKA
[11:06:38] 🔄 Identity reset
[11:06:38] 🔄 Identity rotated (every 10 requests)
[11:06:39] [117/459] INVD
[11:06:40] [118/459] IRMM
[11:06:40] [119/459] INSE
[11:06:41] [120/459] MRSW
[11:06:41] [121/459] MCVD
[11:06:42] [122/459] MCSO
[11:06:43] [123/459] PEVM
[11:06:44] [124/459] PVNL
[11:06:44] [125/459] PTCV
[11:06:45] [126/459] PRTC
[11:06:46] 🔄 Identity reset
[11:06:46] 🔄 Identity rotated (every 10 requests)
[11:06:46] 🔄 Retry 1/5 for PRTC in 2.1s
[11:06:46] 🔄 Identity reset
[11:06:48] 🧠 New identity created
[11:06:48] [127/459] RCVA
[11:06:49] [128/459] MTBN
[11:06:50] [129/459] LUCP
[11:06:50] [130/459] FMPT
[11:06:51] [131/459] JLSL
[11:06:52] [132/459] SBHA
[11:06:53] [133/459] SHRC
[11:06:53] [134/459] AVPS
[11:06:54] [135/459] STPM
[11:06:54] 🔄 Identity reset
[11:06:54] 🔄 Identity rotated (every 10 requests)
[11:06:54] 🔄 Retry 1/5 for STPM in 2.4s
[11:06:54] 🔄 Identity reset
[11:06:57] 🧠 New identity created
[11:06:57] [136/459] ATRD
[11:06:58] [137/459] VTED
[11:06:58] [138/459] ACAI
[11:06:59] [139/459] SMAE
[11:07:00] [140/459] VMAT
[11:07:01] [141/459] LKCT
[11:07:01] [142/459] JTVK
[11:07:02] [143/459] PRTY
[11:07:03] [144/459] GETT
[11:07:04] 🔄 Identity reset
[11:07:04] 🔄 Identity rotated (every 10 requests)
[11:07:04] [145/459] ESAP
[11:07:04] [146/459] NCPM
[11:07:05] [147/459] PCPA
[11:07:06] [148/459] MMOM
[11:07:07] [149/459] PHUP
[11:07:08] [150/459] CCPI
[11:07:09] [151/459] CNTD
[11:07:09] [152/459] NLJR
[11:07:10] [153/459] SRNG
[11:07:10] [154/459] MHAL
[11:07:11] 🔄 Identity reset
[11:07:11] 🔄 Identity rotated (every 10 requests)
[11:07:11] [155/459] PNSM
[11:07:12] [156/459] DRMY
[11:07:13] [157/459] CCMU
[11:07:13] [158/459] SCMY
[11:07:14] [159/459] PVSY
[11:07:15] [160/459] SDLM
[11:07:15] [161/459] ICCM
[11:07:16] [162/459] PYSU
[11:07:17] [163/459] GATM
[11:07:17] [164/459] WOTM
[11:07:18] 🔄 Identity reset
[11:07:18] 🔄 Identity rotated (every 10 requests)
[11:07:18] 🔄 Retry 1/5 for WOTM in 2.3s
[11:07:18] 🔄 Identity reset
[11:07:20] 🧠 New identity created
[11:07:20] [165/459] RKTS
[11:07:21] [166/459] PMTY
[11:07:22] [167/459] LYMS
[11:07:23] [168/459] TGCA
[11:07:23] [169/459] DSTA
[11:07:24] [170/459] CNGE
[11:07:25] [171/459] VSTG
[11:07:25] [172/459] GTCK
[11:07:26] [173/459] TGNT
[11:07:27] 🔄 Identity reset
[11:07:27] 🔄 Identity rotated (every 10 requests)
[11:07:27] 🔄 Retry 1/5 for TGNT in 2.1s
[11:07:27] 🔄 Identity reset
[11:07:29] 🧠 New identity created
[11:07:29] [174/459] ASLC
[11:07:30] [175/459] SSST
[11:07:31] [176/459] KBTT
[11:07:31] [177/459] HKCP
[11:07:32] [178/459] SWLC
[11:07:33] [179/459] RTND
[11:07:33] [180/459] PKKT
[11:07:34] [181/459] HSTK
[11:07:35] [182/459] SPTT
[11:07:35] 🔄 Identity reset
[11:07:35] 🔄 Identity rotated (every 10 requests)
[11:07:36] [183/459] IMPM
[11:07:36] [184/459] SCMV
[11:07:37] [185/459] SPCT
[11:07:38] [186/459] JBCA
[11:07:38] [187/459] ATTR
[11:07:39] [188/459] SPMT
[11:07:40] [189/459] LCTM
[11:07:40] [190/459] SCVL
[11:07:41] [191/459] SCVT
[11:07:42] [192/459] KRIC
[11:07:42] 🔄 Identity reset
[11:07:42] 🔄 Identity rotated (every 10 requests)
[11:07:42] [193/459] CTMG
[11:07:43] [194/459] ACNC
[11:07:43] [195/459] DMCK
[11:07:44] [196/459] KMTV
[11:07:45] [197/459] PFCJ
[11:07:45] [198/459] VNMD
[11:07:46] [199/459] VPCZ
[11:07:47] [200/459] SRYR
[11:07:48] [201/459] SYTR
[11:07:48] [202/459] GATR
[11:07:49] 🔄 Identity reset
[11:07:49] 🔄 Identity rotated (every 10 requests)
[11:07:49] [203/459] URTR
[11:07:50] [204/459] MKSM
[11:07:50] [205/459] VSMH
[11:07:51] [206/459] SKRJ
[11:07:52] [207/459] SSJR
[11:07:52] [208/459] SVSM
[11:07:53] [209/459] RUCM
[11:07:54] [210/459] PRKN
[11:07:55] [211/459] RROH
[11:07:55] [212/459] SCTN
[11:07:56] 🔄 Identity reset
[11:07:56] 🔄 Identity rotated (every 10 requests)
[11:07:56] [213/459] RTDM
[11:07:57] [214/459] ASRM
[11:07:57] [215/459] SKMD
[11:07:58] [216/459] SUTD
[11:07:59] [217/459] SADM
[11:07:59] [218/459] WCNR
[11:08:00] [219/459] CNED
[11:08:01] [220/459] MPDB
[11:08:02] [221/459] KTBH
[11:08:02] [222/459] IDRM
[11:08:03] 🔄 Identity reset
[11:08:03] 🔄 Identity rotated (every 10 requests)
[11:08:03] [223/459] PJJT
[11:08:04] [224/459] PFCV
[11:08:04] [225/459] AACT
[11:08:05] [226/459] AAAD
[11:08:06] [227/459] ANES
[11:08:07] [228/459] MNCA
[11:08:07] [229/459] RMGU
[11:08:08] [230/459] DLCN
[11:08:09] [231/459] LJWT
[11:08:09] [232/459] MCBG
[11:08:10] 🔄 Identity reset
[11:08:10] 🔄 Identity rotated (every 10 requests)
[11:08:10] 🔄 Retry 1/5 for MCBG in 2.8s
[11:08:10] 🔄 Identity reset
[11:08:13] 🧠 New identity created
[11:08:13] [233/459] MYBG
[11:08:13] [234/459] GCCA
[11:08:14] [235/459] GCGA
[11:08:15] [236/459] ECGN
[11:08:15] [237/459] PRAB
[11:08:16] [238/459] PNMP
[11:08:16] [239/459] GCPT
[11:08:17] [240/459] ROYN
[11:08:18] [241/459] VATM
[11:08:18] 🔄 Identity reset
[11:08:18] 🔄 Identity rotated (every 10 requests)
[11:08:19] [242/459] KSNT
[11:08:19] [243/459] ACTC
[11:08:20] [244/459] PLTD
[11:08:20] [245/459] SKMK
[11:08:21] [246/459] CMTT
[11:08:22] [247/459] SMXP
[11:08:22] [248/459] SCMX
[11:08:23] [249/459] ACXN
[11:08:24] [250/459] ASWT
[11:08:25] [251/459] VVVL
[11:08:25] 🔄 Identity reset
[11:08:25] 🔄 Identity rotated (every 10 requests)
[11:08:25] 🔄 Retry 1/5 for VVVL in 2.2s
[11:08:25] 🔄 Identity reset
[11:08:27] 🧠 New identity created
[11:08:27] [252/459] NAGO
[11:08:28] [253/459] SNCN
[11:08:29] [254/459] MCKP
[11:08:30] [255/459] SAMO
[11:08:30] [256/459] JBTV
[11:08:31] [257/459] DCVV
[11:08:31] [258/459] KMSV
[11:08:32] [259/459] KDCN
[11:08:33] [260/459] CNCP
[11:08:33] 🔄 Identity reset
[11:08:33] 🔄 Identity rotated (every 10 requests)
[11:08:33] [261/459] HAMC
[11:08:34] [262/459] CCVZ
[11:08:35] [263/459] NCCK
[11:08:36] [264/459] MCHR
[11:08:36] [265/459] SCHT
[11:08:37] [266/459] ESSH
[11:08:37] [267/459] CUJC
[11:08:38] [268/459] PECP
[11:08:38] [269/459] PMMI
[11:08:39] [270/459] PCCH
[11:08:40] 🔄 Identity reset
[11:08:40] 🔄 Identity rotated (every 10 requests)
[11:08:40] 🔄 Retry 1/5 for PCCH in 3.0s
[11:08:40] 🔄 Identity reset
[11:08:43] 🧠 New identity created
[11:08:43] [271/459] PRPM
[11:08:44] [272/459] PVKL
[11:08:44] [273/459] CBSM
[11:08:45] [274/459] PVCZ
[11:08:46] [275/459] PCVV
[11:08:46] [276/459] CTMJ
[11:08:47] [277/459] RCPS
[11:08:48] [278/459] PCIT
[11:08:48] [279/459] FNCH
[11:08:49] 🔄 Identity reset
[11:08:49] 🔄 Identity rotated (every 10 requests)
[11:08:49] [280/459] INZD
[11:08:50] [281/459] INPC
[11:08:50] [282/459] LCZP
[11:08:51] [283/459] SMCB
[11:08:51] [284/459] PTSB
[11:08:52] [285/459] TPSI
[11:08:53] [286/459] KHMJ
[11:08:54] [287/459] RCCJ
[11:08:54] [288/459] NCJA
[11:08:55] [289/459] NCJN
[11:08:56] 🔄 Identity reset
[11:08:56] 🔄 Identity rotated (every 10 requests)
[11:08:56] [290/459] BTDP
[11:08:56] [291/459] PADY
[11:08:57] [292/459] NYBH
[11:08:58] [293/459] MTBR
[11:08:59] [294/459] KRBC
[11:08:59] [295/459] DKTI
[11:09:00] [296/459] ANAN
[11:09:00] [297/459] INBP
[11:09:01] [298/459] PATB
[11:09:01] [299/459] RGNT
[11:09:02] 🔄 Identity reset
[11:09:02] 🔄 Identity rotated (every 10 requests)
[11:09:02] [300/459] CGPM
[11:09:03] [301/459] INTN
[11:09:03] [302/459] MCMP
[11:09:04] [303/459] ASRG
[11:09:05] [304/459] CXJD
[11:09:05] [305/459] SPCP
[11:09:06] [306/459] CSTP
[11:09:07] [307/459] PKVC
[11:09:07] [308/459] ESCP
[11:09:08] [309/459] CAEP
[11:09:09] 🔄 Identity reset
[11:09:09] 🔄 Identity rotated (every 10 requests)
[11:09:09] [310/459] CCSP
[11:09:10] [311/459] KTPC
[11:09:10] [312/459] DACA
[11:09:11] [313/459] NVKY
[11:09:12] [314/459] PTIN
[11:09:12] [315/459] SCIN
[11:09:13] [316/459] MCTY
[11:09:14] [317/459] PCMX
[11:09:14] [318/459] INIC
[11:09:15] [319/459] MMZM
[11:09:15] 🔄 Identity reset
[11:09:15] 🔄 Identity rotated (every 10 requests)
[11:09:15] [320/459] SSLP
[11:09:16] [321/459] DTDT
[11:09:17] [322/459] FFCX
[11:09:18] [323/459] RCMM
[11:09:18] [324/459] KYID
[11:09:19] [325/459] CSCI
[11:09:20] [326/459] FCMC
[11:09:20] [327/459] MMXI
[11:09:21] [328/459] ASTC
[11:09:22] [329/459] CMRA
[11:09:22] 🔄 Identity reset
[11:09:22] 🔄 Identity rotated (every 10 requests)
[11:09:22] [330/459] DICI
[11:09:23] [331/459] KDIN
[11:09:24] [332/459] PRFI
[11:09:24] [333/459] SVFC
[11:09:25] [334/459] UCPL
[11:09:26] [335/459] COOC
[11:09:27] [336/459] SCAL
[11:09:27] [337/459] SVFF
[11:09:28] [338/459] VCMG
[11:09:28] [339/459] UUCT
[11:09:29] 🔄 Identity reset
[11:09:29] 🔄 Identity rotated (every 10 requests)
[11:09:29] [340/459] GCSE
[11:09:30] [341/459] SUSC
[11:09:30] [342/459] MISC
[11:09:31] [343/459] RMBL
[11:09:32] [344/459] CMXN
[11:09:32] [345/459] PVBK
[11:09:33] [346/459] HHCG
[11:09:33] [347/459] SCAG
[11:09:34] [348/459] CNPR
[11:09:35] [349/459] CSER
[11:09:35] 🔄 Identity reset
[11:09:35] 🔄 Identity rotated (every 10 requests)
[11:09:35] [350/459] HLWD
[11:09:36] [351/459] BOLY
[11:09:36] [352/459] SSPG
[11:09:37] [353/459] MUPX
[11:09:38] [354/459] HAMR
[11:09:39] [355/459] SDNC
[11:09:39] [356/459] RTEN
[11:09:40] [357/459] SDTD
[11:09:41] [358/459] KAWS
[11:09:41] [359/459] CMZX
[11:09:42] 🔄 Identity reset
[11:09:42] 🔄 Identity rotated (every 10 requests)
[11:09:42] [360/459] DCDD
[11:09:43] [361/459] ALSN
[11:09:43] [362/459] IMXS
[11:09:44] [363/459] PVFF
[11:09:44] [364/459] PVOO
[11:09:45] [365/459] CFBS
[11:09:46] [366/459] PVER
[11:09:46] [367/459] PPNX
[11:09:47] [368/459] CNRM
[11:09:48] [369/459] PVWW
[11:09:48] 🔄 Identity reset
[11:09:48] 🔄 Identity rotated (every 10 requests)
[11:09:48] [370/459] INMB
[11:09:49] [371/459] CPJR
[11:09:49] [372/459] INRZ
[11:09:50] [373/459] PMSR
[11:09:51] [374/459] GPGM
[11:09:51] [375/459] PGWB
[11:09:52] [376/459] PMBR
[11:09:53] [377/459] GPAM
[11:09:53] [378/459] INBC
[11:09:54] [379/459] PZVK
[11:09:55] 🔄 Identity reset
[11:09:55] 🔄 Identity rotated (every 10 requests)
[11:09:55] [380/459] CPEB
[11:09:55] [381/459] FMLB
[11:09:56] [382/459] INBG
[11:09:57] [383/459] GPBR
[11:09:57] [384/459] PAAS
[11:09:58] [385/459] VTBR
[11:09:58] [386/459] GPMY
[11:09:59] [387/459] GYBU
[11:10:00] [388/459] INBJ
[11:10:00] [389/459] LKTH
[11:10:01] 🔄 Identity reset
[11:10:01] 🔄 Identity rotated (every 10 requests)
[11:10:01] [390/459] NSBR
[11:10:01] [391/459] PDRD
[11:10:02] [392/459] VRBL
[11:10:03] [393/459] VTGB
[11:10:03] [394/459] VTSK
[11:10:04] [395/459] BKDV
[11:10:04] [396/459] SVTB
[11:10:05] [397/459] MLDT
[11:10:06] [398/459] NRBL
[11:10:06] [399/459] SLTR
[11:10:07] 🔄 Identity reset
[11:10:07] 🔄 Identity rotated (every 10 requests)
[11:10:07] [400/459] VNKA
[11:10:08] [401/459] TDCA
[11:10:08] [402/459] INBM
[11:10:09] [403/459] SSNR
[11:10:10] [404/459] BHAC
[11:10:10] [405/459] SDSD
[11:10:11] [406/459] SAMP
[11:10:12] [407/459] RATK
[11:10:12] [408/459] KCBI
[11:10:13] [409/459] URBL
[11:10:14] 🔄 Identity reset
[11:10:14] 🔄 Identity rotated (every 10 requests)
[11:10:14] [410/459] MKBG
[11:10:14] [411/459] ASTB
[11:10:15] [412/459] VBWT
[11:10:16] [413/459] GPSM
[11:10:16] [414/459] ROON
[11:10:17] [415/459] CHTH
[11:10:18] [416/459] SSPA
[11:10:18] [417/459] ANBL
[11:10:19] [418/459] VTBE
[11:10:20] [419/459] SVKT
[11:10:20] 🔄 Identity reset
[11:10:20] 🔄 Identity rotated (every 10 requests)
[11:10:20] 🔄 Retry 1/5 for SVKT in 2.1s
[11:10:20] 🔄 Identity reset
[11:10:23] 🧠 New identity created
[11:10:23] 🔄 Retry 2/5 for SVKT in 4.1s
[11:10:23] 🔄 Identity reset
[11:10:27] 🧠 New identity created
[11:10:27] 🔄 Retry 3/5 for SVKT in 8.1s
[11:10:27] 🔄 Identity reset
[11:10:35] 🧠 New identity created
[11:10:35] [420/459] SVYK
[11:10:36] [421/459] PTBK
[11:10:36] [422/459] RKTB
[11:10:37] [423/459] BALT
[11:10:38] [424/459] STSV
[11:10:38] [425/459] VCCB
[11:10:39] [426/459] SLTB
[11:10:40] 🔄 Identity reset
[11:10:40] 🔄 Identity rotated (every 10 requests)
[11:10:40] [427/459] SBCR
[11:10:40] [428/459] VDCS
[11:10:41] [429/459] MDKI
[11:10:42] [430/459] SMRN
[11:10:43] [431/459] PTBC
[11:10:43] [432/459] RADI
[11:10:44] [433/459] ADCR
[11:10:45] [434/459] SDCS
[11:10:45] [435/459] SRPJ
[11:10:46] [436/459] ARTS
[11:10:46] 🔄 Identity reset
[11:10:46] 🔄 Identity rotated (every 10 requests)
[11:10:46] [437/459] SRHK
[11:10:47] [438/459] SPAY
[11:10:48] [439/459] GPTB
[11:10:48] [440/459] SNNN
[11:10:49] [441/459] BALJ
[11:10:50] [442/459] TRIG
[11:10:50] [443/459] GTYT
[11:10:51] [444/459] ATGN
[11:10:52] [445/459] ANTE
[11:10:52] [446/459] BDCG
[11:10:53] 🔄 Identity reset
[11:10:53] 🔄 Identity rotated (every 10 requests)
[11:10:53] [447/459] VECI
[11:10:54] [448/459] SCPR
[11:10:54] [449/459] RTEA
[11:10:55] [450/459] JSAI
[11:10:56] [451/459] VJTP
[11:10:56] [452/459] GNDS
[11:10:57] [453/459] PAXA
[11:10:57] [454/459] CGGM
[11:10:58] [455/459] ACKZ
[11:10:59] [456/459] EMCC
[11:10:59] 🔄 Identity reset
[11:10:59] 🔄 Identity rotated (every 10 requests)
[11:10:59] 🔄 Retry 1/5 for EMCC in 2.3s
[11:10:59] 🔄 Identity reset
[11:11:02] 🧠 New identity created
[11:11:02] [457/459] KLSK
[11:11:02] [458/459] AVCK
[11:11:03] [459/459] JTCK
[11:11:04] ✅ DONE | Shows=1932 | Movies=56
[12:04:22] 🚀 BMS DAILY TRACKER STARTED (enhanced anti‑detection)
[12:04:22] [1/459] NECA
[12:04:23] 🧠 New identity created
[12:04:23] [2/459] BJLC
[12:04:24] [3/459] BASU
[12:04:25] [4/459] RUPI
[12:04:26] [5/459] LCBK
[12:04:27] [6/459] PMAC
[12:04:27] [7/459] AMLC
[12:04:28] [8/459] LICL
[12:04:29] [9/459] UDMM
[12:04:30] [10/459] STBZ
[12:04:31] 🔄 Identity reset
[12:04:31] 🔄 Identity rotated (every 10 requests)
[12:04:31] [11/459] UUBT
[12:04:32] [12/459] SJKC
[12:04:33] [13/459] TUAL
[12:04:34] [14/459] MRSE
[12:04:35] [15/459] RMRK
[12:04:36] [16/459] TTKP
[12:04:37] [17/459] KTKO
[12:04:38] [18/459] SDBK
[12:04:39] [19/459] MCPR
[12:04:40] [20/459] CHTI
[12:04:40] 🔄 Identity reset
[12:04:40] 🔄 Identity rotated (every 10 requests)
[12:04:41] [21/459] GCCP
[12:04:42] [22/459] SRMY
[12:04:43] [23/459] NYST
[12:04:44] [24/459] NYAG
[12:04:45] [25/459] SBMT
[12:04:46] [26/459] INGA
[12:04:47] [27/459] WSIC
[12:04:48] [28/459] SCSS
[12:04:49] [29/459] COPG
[12:04:49] [30/459] RCGR
[12:04:50] 🔄 Identity reset
[12:04:50] 🔄 Identity rotated (every 10 requests)
[12:04:50] 🔄 Retry 1/5 for RCGR in 2.9s
[12:04:50] 🔄 Identity reset
[12:04:53] 🧠 New identity created
[12:04:53] [31/459] TCZA
[12:04:54] [32/459] CNLP
[12:04:55] [33/459] CLKN
[12:04:56] [34/459] LHDF
[12:04:57] [35/459] ELKC
[12:04:58] [36/459] VCEM
[12:04:59] [37/459] SSZA
[12:05:00] [38/459] KRMT
[12:05:00] [39/459] LCMV
[12:05:01] 🔄 Identity reset
[12:05:01] 🔄 Identity rotated (every 10 requests)
[12:05:01] [40/459] AYCZ
[12:05:03] [41/459] CUMS
[12:05:04] [42/459] BOCK
[12:05:06] [43/459] PNMR
[12:05:07] [44/459] PJCP
[12:05:08] [45/459] JDDD
[12:05:09] [46/459] STMS
[12:05:09] [47/459] FLMB
[12:05:10] [48/459] PKCM
[12:05:11] [49/459] SPPR
[12:05:12] 🔄 Identity reset
[12:05:12] 🔄 Identity rotated (every 10 requests)
[12:05:12] 🔄 Retry 1/5 for SPPR in 2.8s
[12:05:12] 🔄 Identity reset
[12:05:14] 🧠 New identity created
[12:05:15] [50/459] EYLH
[12:05:16] [51/459] RJCC
[12:05:17] [52/459] MMPS
[12:05:17] [53/459] SHMX
[12:05:18] [54/459] CCNL
[12:05:19] [55/459] RCNV
[12:05:20] [56/459] MAAG
[12:05:21] [57/459] LXCM
[12:05:22] [58/459] RCNI
[12:05:22] 🔄 Identity reset
[12:05:22] 🔄 Identity rotated (every 10 requests)
[12:05:22] [59/459] SNNI
[12:05:23] [60/459] LALC
[12:05:24] [61/459] SOCN
[12:05:25] [62/459] JHTP
[12:05:26] [63/459] PITP
[12:05:27] [64/459] CCKW
[12:05:28] [65/459] MCMC
[12:05:29] [66/459] DEES
[12:05:29] [67/459] SABT
[12:05:30] [68/459] VSPP
[12:05:31] 🔄 Identity reset
[12:05:31] 🔄 Identity rotated (every 10 requests)
[12:05:31] 🔄 Retry 1/5 for VSPP in 2.4s
[12:05:31] 🔄 Identity reset
[12:05:33] 🧠 New identity created
[12:05:34] [69/459] ABCT
[12:05:35] [70/459] JVTB
[12:05:36] [71/459] VCBD
[12:05:37] [72/459] RMGG
[12:05:37] [73/459] RNMH
[12:05:38] [74/459] SPGL
[12:05:39] [75/459] JTTR
[12:05:40] [76/459] SICS
[12:05:41] [77/459] SRMI
[12:05:42] 🔄 Identity reset
[12:05:42] 🔄 Identity rotated (every 10 requests)
[12:05:43] [78/459] SSIJ
[12:05:44] [79/459] KFMT
[12:05:45] [80/459] VBIT
[12:05:46] [81/459] JKCT
[12:05:47] [82/459] GCGP
[12:05:48] [83/459] GDCS
[12:05:48] [84/459] TRBA
[12:05:49] [85/459] QUST
[12:05:50] [86/459] VSHM
[12:05:51] [87/459] SDCP
[12:05:51] 🔄 Identity reset
[12:05:51] 🔄 Identity rotated (every 10 requests)
[12:05:52] [88/459] SNVS
[12:05:53] [89/459] NYTO
[12:05:54] [90/459] URWC
[12:05:55] [91/459] GTWH
[12:05:56] [92/459] PFCM
[12:05:57] [93/459] KRTA
[12:05:58] [94/459] AXMC
[12:05:59] [95/459] EVMC
[12:05:59] [96/459] HGSM
[12:06:01] [97/459] ACVM
[12:06:02] 🔄 Identity reset
[12:06:02] 🔄 Identity rotated (every 10 requests)
[12:06:02] [98/459] PSKL
[12:06:03] [99/459] RDMP
[12:06:04] [100/459] RHGH
[12:06:05] [101/459] OMCM
[12:06:06] [102/459] DCCP
[12:06:07] [103/459] MCPB
[12:06:08] [104/459] ALCI
[12:06:10] [105/459] BLMX
[12:06:10] [106/459] BTMV
[12:06:11] [107/459] FVPN
[12:06:12] 🔄 Identity reset
[12:06:12] 🔄 Identity rotated (every 10 requests)
[12:06:12] 🔄 Retry 1/5 for FVPN in 2.5s
[12:06:12] 🔄 Identity reset
[12:06:14] 🧠 New identity created
[12:06:15] [108/459] CMAR
[12:06:16] [109/459] CEIM
[12:06:17] [110/459] CMVA
[12:06:18] [111/459] CPIV
[12:06:19] [112/459] CNPE
[12:06:20] [113/459] COLV
[12:06:21] [114/459] DNNV
[12:06:22] [115/459] HCAD
[12:06:23] [116/459] TAKA
[12:06:23] 🔄 Identity reset
[12:06:23] 🔄 Identity rotated (every 10 requests)
[12:06:23] [117/459] INVD
[12:06:24] [118/459] IRMM
[12:06:26] [119/459] INSE
[12:06:28] [120/459] MRSW
[12:06:29] [121/459] MCVD
[12:06:30] [122/459] MCSO
[12:06:31] [123/459] PEVM
[12:06:32] [124/459] PVNL
[12:06:33] [125/459] PTCV
[12:06:34] [126/459] PRTC
[12:06:34] 🔄 Identity reset
[12:06:34] 🔄 Identity rotated (every 10 requests)
[12:06:35] [127/459] RCVA
[12:06:35] [128/459] MTBN
[12:06:36] [129/459] LUCP
[12:06:38] [130/459] FMPT
[12:06:39] [131/459] JLSL
[12:06:39] [132/459] SBHA
[12:06:40] [133/459] SHRC
[12:06:41] [134/459] AVPS
[12:06:43] [135/459] STPM
[12:06:44] [136/459] ATRD
[12:06:45] 🔄 Identity reset
[12:06:45] 🔄 Identity rotated (every 10 requests)
[12:06:45] [137/459] VTED
[12:06:46] [138/459] ACAI
[12:06:47] [139/459] SMAE
[12:06:48] [140/459] VMAT
[12:06:48] [141/459] LKCT
[12:06:50] [142/459] JTVK
[12:06:51] [143/459] PRTY
[12:06:52] [144/459] GETT
[12:06:53] [145/459] ESAP
[12:06:54] [146/459] NCPM
[12:06:55] 🔄 Identity reset
[12:06:55] 🔄 Identity rotated (every 10 requests)
[12:06:55] [147/459] PCPA
[12:06:56] [148/459] MMOM
[12:06:57] [149/459] PHUP
[12:06:58] [150/459] CCPI
[12:06:59] [151/459] CNTD
[12:07:00] [152/459] NLJR
[12:07:01] [153/459] SRNG
[12:07:02] [154/459] MHAL
[12:07:03] [155/459] PNSM
[12:07:04] [156/459] DRMY
[12:07:04] 🔄 Identity reset
[12:07:04] 🔄 Identity rotated (every 10 requests)
[12:07:05] [157/459] CCMU
[12:07:05] [158/459] SCMY
[12:07:06] [159/459] PVSY
[12:07:07] [160/459] SDLM
[12:07:08] [161/459] ICCM
[12:07:09] [162/459] PYSU
[12:07:10] [163/459] GATM
[12:07:11] [164/459] WOTM
[12:07:11] [165/459] RKTS
[12:07:12] [166/459] PMTY
[12:07:13] 🔄 Identity reset
[12:07:13] 🔄 Identity rotated (every 10 requests)
[12:07:13] [167/459] LYMS
[12:07:14] [168/459] TGCA
[12:07:15] [169/459] DSTA
[12:07:16] [170/459] CNGE
[12:07:17] [171/459] VSTG
[12:07:18] [172/459] GTCK
[12:07:19] [173/459] TGNT
[12:07:20] [174/459] ASLC
[12:07:20] [175/459] SSST
[12:07:21] [176/459] KBTT
[12:07:22] 🔄 Identity reset
[12:07:22] 🔄 Identity rotated (every 10 requests)
[12:07:22] [177/459] HKCP
[12:07:23] [178/459] SWLC
[12:07:24] [179/459] RTND
[12:07:25] [180/459] PKKT
[12:07:26] [181/459] HSTK
[12:07:27] [182/459] SPTT
[12:07:28] [183/459] IMPM
[12:07:30] [184/459] SCMV
[12:07:30] [185/459] SPCT
[12:07:31] [186/459] JBCA
[12:07:32] 🔄 Identity reset
[12:07:32] 🔄 Identity rotated (every 10 requests)
[12:07:32] [187/459] ATTR
[12:07:33] [188/459] SPMT
[12:07:34] [189/459] LCTM
[12:07:35] [190/459] SCVL
[12:07:36] [191/459] SCVT
[12:07:37] [192/459] KRIC
[12:07:37] [193/459] CTMG
[12:07:38] [194/459] ACNC
[12:07:39] [195/459] DMCK
[12:07:41] [196/459] KMTV
[12:07:41] 🔄 Identity reset
[12:07:41] 🔄 Identity rotated (every 10 requests)
[12:07:42] [197/459] PFCJ
[12:07:43] [198/459] VNMD
[12:07:43] [199/459] VPCZ
[12:07:44] [200/459] SRYR
[12:07:45] [201/459] SYTR
[12:07:46] [202/459] GATR
[12:07:47] [203/459] URTR
[12:07:48] [204/459] MKSM
[12:07:49] [205/459] VSMH
[12:07:50] [206/459] SKRJ
[12:07:50] 🔄 Identity reset
[12:07:50] 🔄 Identity rotated (every 10 requests)
[12:07:51] [207/459] SSJR
[12:07:52] [208/459] SVSM
[12:07:53] [209/459] RUCM
[12:07:54] [210/459] PRKN
[12:07:55] [211/459] RROH
[12:07:56] [212/459] SCTN
[12:07:57] [213/459] RTDM
[12:07:58] [214/459] ASRM
[12:07:59] [215/459] SKMD
[12:08:00] [216/459] SUTD
[12:08:00] 🔄 Identity reset
[12:08:00] 🔄 Identity rotated (every 10 requests)
[12:08:01] [217/459] SADM
[12:08:01] [218/459] WCNR
[12:08:02] [219/459] CNED
[12:08:03] [220/459] MPDB
[12:08:04] [221/459] KTBH
[12:08:05] [222/459] IDRM
[12:08:06] [223/459] PJJT
[12:08:06] [224/459] PFCV
[12:08:07] [225/459] AACT
[12:08:08] [226/459] AAAD
[12:08:09] 🔄 Identity reset
[12:08:09] 🔄 Identity rotated (every 10 requests)
[12:08:09] [227/459] ANES
[12:08:10] [228/459] MNCA
[12:08:11] [229/459] RMGU
[12:08:12] [230/459] DLCN
[12:08:13] [231/459] LJWT
[12:08:13] [232/459] MCBG
[12:08:15] [233/459] MYBG
[12:08:16] [234/459] GCCA
[12:08:17] [235/459] GCGA
[12:08:18] [236/459] ECGN
[12:08:18] 🔄 Identity reset
[12:08:18] 🔄 Identity rotated (every 10 requests)
[12:08:19] [237/459] PRAB
[12:08:20] [238/459] PNMP
[12:08:21] [239/459] GCPT
[12:08:22] [240/459] ROYN
[12:08:23] [241/459] VATM
[12:08:24] [242/459] KSNT
[12:08:25] [243/459] ACTC
[12:08:26] [244/459] PLTD
[12:08:27] [245/459] SKMK
[12:08:28] [246/459] CMTT
[12:08:28] 🔄 Identity reset
[12:08:28] 🔄 Identity rotated (every 10 requests)
[12:08:29] [247/459] SMXP
[12:08:30] [248/459] SCMX
[12:08:31] [249/459] ACXN
[12:08:32] [250/459] ASWT
[12:08:32] [251/459] VVVL
[12:08:34] [252/459] NAGO
[12:08:35] [253/459] SNCN
[12:08:36] [254/459] MCKP
[12:08:37] [255/459] SAMO
[12:08:38] [256/459] JBTV
[12:08:38] 🔄 Identity reset
[12:08:38] 🔄 Identity rotated (every 10 requests)
[12:08:39] [257/459] DCVV
[12:08:40] [258/459] KMSV
[12:08:40] [259/459] KDCN
[12:08:41] [260/459] CNCP
[12:08:43] [261/459] HAMC
[12:08:44] [262/459] CCVZ
[12:08:45] [263/459] NCCK
[12:08:46] [264/459] MCHR
[12:08:47] [265/459] SCHT
[12:08:48] [266/459] ESSH
[12:08:48] 🔄 Identity reset
[12:08:48] 🔄 Identity rotated (every 10 requests)
[12:08:49] [267/459] CUJC
[12:08:50] [268/459] PECP
[12:08:50] [269/459] PMMI
[12:08:51] [270/459] PCCH
[12:08:52] [271/459] PRPM
[12:08:53] [272/459] PVKL
[12:08:54] [273/459] CBSM
[12:08:55] [274/459] PVCZ
[12:08:56] [275/459] PCVV
[12:08:57] [276/459] CTMJ
[12:08:57] 🔄 Identity reset
[12:08:57] 🔄 Identity rotated (every 10 requests)
[12:08:57] [277/459] RCPS
[12:08:59] [278/459] PCIT
[12:09:00] [279/459] FNCH
[12:09:01] [280/459] INZD
[12:09:01] [281/459] INPC
[12:09:02] [282/459] LCZP
[12:09:03] [283/459] SMCB
[12:09:04] [284/459] PTSB
[12:09:05] [285/459] TPSI
[12:09:06] [286/459] KHMJ
[12:09:06] 🔄 Identity reset
[12:09:06] 🔄 Identity rotated (every 10 requests)
[12:09:07] [287/459] RCCJ
[12:09:08] [288/459] NCJA
[12:09:09] [289/459] NCJN
[12:09:10] [290/459] BTDP
[12:09:11] [291/459] PADY
[12:09:12] [292/459] NYBH
[12:09:13] [293/459] MTBR
[12:09:13] [294/459] KRBC
[12:09:14] [295/459] DKTI
[12:09:15] [296/459] ANAN
[12:09:16] 🔄 Identity reset
[12:09:16] 🔄 Identity rotated (every 10 requests)
[12:09:16] [297/459] INBP
[12:09:17] [298/459] PATB
[12:09:18] [299/459] RGNT
[12:09:19] [300/459] CGPM
[12:09:20] [301/459] INTN
[12:09:20] [302/459] MCMP
[12:09:21] [303/459] ASRG
[12:09:22] [304/459] CXJD
[12:09:24] [305/459] SPCP
[12:09:25] [306/459] CSTP
[12:09:25] 🔄 Identity reset
[12:09:25] 🔄 Identity rotated (every 10 requests)
[12:09:26] [307/459] PKVC
[12:09:27] [308/459] ESCP
[12:09:28] [309/459] CAEP
[12:09:29] [310/459] CCSP
[12:09:30] [311/459] KTPC
[12:09:30] [312/459] DACA
[12:09:31] [313/459] NVKY
[12:09:32] [314/459] PTIN
[12:09:33] [315/459] SCIN
[12:09:34] [316/459] MCTY
[12:09:35] 🔄 Identity reset
[12:09:35] 🔄 Identity rotated (every 10 requests)
[12:09:35] [317/459] PCMX
[12:09:36] [318/459] INIC
[12:09:37] [319/459] MMZM
[12:09:38] [320/459] SSLP
[12:09:38] [321/459] DTDT
[12:09:39] [322/459] FFCX
[12:09:40] [323/459] RCMM
[12:09:41] [324/459] KYID
[12:09:42] [325/459] CSCI
[12:09:43] [326/459] FCMC
[12:09:43] 🔄 Identity reset
[12:09:43] 🔄 Identity rotated (every 10 requests)
[12:09:44] [327/459] MMXI
[12:09:44] [328/459] ASTC
[12:09:45] [329/459] CMRA
[12:09:47] [330/459] DICI
[12:09:48] [331/459] KDIN
[12:09:49] [332/459] PRFI
[12:09:50] [333/459] SVFC
[12:09:50] [334/459] UCPL
[12:09:52] [335/459] COOC
[12:09:53] [336/459] SCAL
[12:09:54] 🔄 Identity reset
[12:09:54] 🔄 Identity rotated (every 10 requests)
[12:09:54] [337/459] SVFF
[12:09:55] [338/459] VCMG
[12:09:56] [339/459] UUCT
[12:09:57] [340/459] GCSE
[12:09:58] [341/459] SUSC
[12:09:59] [342/459] MISC
[12:10:01] [343/459] RMBL
[12:10:02] [344/459] CMXN
[12:10:03] [345/459] PVBK
[12:10:04] [346/459] HHCG
[12:10:05] 🔄 Identity reset
[12:10:05] 🔄 Identity rotated (every 10 requests)
[12:10:06] [347/459] SCAG
[12:10:07] [348/459] CNPR
[12:10:08] [349/459] CSER
[12:10:09] [350/459] HLWD
[12:10:09] [351/459] BOLY
[12:10:10] [352/459] SSPG
[12:10:11] [353/459] MUPX
[12:10:13] [354/459] HAMR
[12:10:14] [355/459] SDNC
[12:10:14] [356/459] RTEN
[12:10:15] 🔄 Identity reset
[12:10:15] 🔄 Identity rotated (every 10 requests)
[12:10:16] [357/459] SDTD
[12:10:17] [358/459] KAWS
[12:10:18] [359/459] CMZX
[12:10:19] [360/459] DCDD
[12:10:20] [361/459] ALSN
[12:10:21] [362/459] IMXS
[12:10:22] [363/459] PVFF
[12:10:23] [364/459] PVOO
[12:10:24] [365/459] CFBS
[12:10:26] [366/459] PVER
[12:10:26] 🔄 Identity reset
[12:10:26] 🔄 Identity rotated (every 10 requests)
[12:10:27] [367/459] PPNX
[12:10:28] [368/459] CNRM
[12:10:28] [369/459] PVWW
[12:10:29] [370/459] INMB
[12:10:30] [371/459] CPJR
[12:10:31] [372/459] INRZ
[12:10:32] [373/459] PMSR
[12:10:33] [374/459] GPGM
[12:10:34] [375/459] PGWB
[12:10:34] [376/459] PMBR
[12:10:35] 🔄 Identity reset
[12:10:35] 🔄 Identity rotated (every 10 requests)
[12:10:36] [377/459] GPAM
[12:10:36] [378/459] INBC
[12:10:37] [379/459] PZVK
[12:10:38] [380/459] CPEB
[12:10:39] [381/459] FMLB
[12:10:40] [382/459] INBG
[12:10:41] [383/459] GPBR
[12:10:42] [384/459] PAAS
[12:10:43] [385/459] VTBR
[12:10:44] [386/459] GPMY
[12:10:44] 🔄 Identity reset
[12:10:44] 🔄 Identity rotated (every 10 requests)
[12:10:45] [387/459] GYBU
[12:10:46] [388/459] INBJ
[12:10:47] [389/459] LKTH
[12:10:48] [390/459] NSBR
[12:10:48] [391/459] PDRD
[12:10:49] [392/459] VRBL
[12:10:50] [393/459] VTGB
[12:10:51] [394/459] VTSK
[12:10:52] [395/459] BKDV
[12:10:53] [396/459] SVTB
[12:10:54] 🔄 Identity reset
[12:10:54] 🔄 Identity rotated (every 10 requests)
[12:10:54] [397/459] MLDT
[12:10:55] [398/459] NRBL
[12:10:56] [399/459] SLTR
[12:10:57] [400/459] VNKA
[12:10:58] [401/459] TDCA
[12:10:59] [402/459] INBM
[12:11:00] [403/459] SSNR
[12:11:01] [404/459] BHAC
[12:11:02] [405/459] SDSD
[12:11:03] [406/459] SAMP
[12:11:04] 🔄 Identity reset
[12:11:04] 🔄 Identity rotated (every 10 requests)
[12:11:04] [407/459] RATK
[12:11:05] [408/459] KCBI
[12:11:06] [409/459] URBL
[12:11:06] [410/459] MKBG
[12:11:07] [411/459] ASTB
[12:11:08] [412/459] VBWT
[12:11:09] [413/459] GPSM
[12:11:10] [414/459] ROON
[12:11:11] [415/459] CHTH
[12:11:12] [416/459] SSPA
[12:11:13] 🔄 Identity reset
[12:11:13] 🔄 Identity rotated (every 10 requests)
[12:11:13] [417/459] ANBL
[12:11:14] [418/459] VTBE
[12:11:15] [419/459] SVKT
[12:11:16] [420/459] SVYK
[12:11:17] [421/459] PTBK
[12:11:18] [422/459] RKTB
[12:11:19] [423/459] BALT
[12:11:20] [424/459] STSV
[12:11:21] [425/459] VCCB
[12:11:22] [426/459] SLTB
[12:11:22] 🔄 Identity reset
[12:11:22] 🔄 Identity rotated (every 10 requests)
[12:11:23] [427/459] SBCR
[12:11:24] [428/459] VDCS
[12:11:25] [429/459] MDKI
[12:11:26] [430/459] SMRN
[12:11:27] [431/459] PTBC
[12:11:27] [432/459] RADI
[12:11:28] [433/459] ADCR
[12:11:29] [434/459] SDCS
[12:11:30] [435/459] SRPJ
[12:11:31] [436/459] ARTS
[12:11:32] 🔄 Identity reset
[12:11:32] 🔄 Identity rotated (every 10 requests)
[12:11:32] 🔄 Retry 1/5 for ARTS in 2.9s
[12:11:32] 🔄 Identity reset
[12:11:35] 🧠 New identity created
[12:11:35] [437/459] SRHK
[12:11:36] [438/459] SPAY
[12:11:37] [439/459] GPTB
[12:11:38] [440/459] SNNN
[12:11:39] [441/459] BALJ
[12:11:40] [442/459] TRIG
[12:11:41] [443/459] GTYT
[12:11:41] [444/459] ATGN
[12:11:42] [445/459] ANTE
[12:11:43] 🔄 Identity reset
[12:11:43] 🔄 Identity rotated (every 10 requests)
[12:11:43] [446/459] BDCG
[12:11:44] [447/459] VECI
[12:11:45] [448/459] SCPR
[12:11:46] [449/459] RTEA
[12:11:47] [450/459] JSAI
[12:11:48] [451/459] VJTP
[12:11:49] [452/459] GNDS
[12:11:49] [453/459] PAXA
[12:11:51] [454/459] CGGM
[12:11:52] [455/459] ACKZ
[12:11:52] 🔄 Identity reset
[12:11:52] 🔄 Identity rotated (every 10 requests)
[12:11:53] [456/459] EMCC
[12:11:54] [457/459] KLSK
[12:11:55] [458/459] AVCK
[12:11:56] [459/459] JTCK
[12:11:57] ✅ DONE | Shows=2230 | Movies=57
