[00:13:35] 🚀 BMS DAILY TRACKER STARTED (enhanced anti‑detection)
[00:13:35] [1/459] MCCZ
[00:13:35] 🧠 New identity created
[00:13:36] [2/459] FRPU
[00:13:37] [3/459] SKSI
[00:13:38] [4/459] SSCK
[00:13:38] [5/459] SRDC
[00:13:39] [6/459] RSCZ
[00:13:41] [7/459] PRVT
[00:13:41] [8/459] GAGJ
[00:13:43] [9/459] SMHG
[00:13:44] [10/459] JTST
[00:13:45] 🔄 Identity reset
[00:13:45] 🔄 Identity rotated (every 10 requests)
[00:13:45] 🔄 Retry 1/5 for JTST in 2.8s
[00:13:45] 🔄 Identity reset
[00:13:48] 🧠 New identity created
[00:13:48] [11/459] MYTH
[00:13:49] [12/459] JPCC
[00:13:50] [13/459] ACDC
[00:13:50] [14/459] SVFP
[00:13:51] [15/459] SFCM
[00:13:52] [16/459] RUPK
[00:13:53] [17/459] NTCR
[00:13:54] [18/459] RTCH
[00:13:55] [19/459] SCMH
[00:13:55] 🔄 Identity reset
[00:13:55] 🔄 Identity rotated (every 10 requests)
[00:13:56] [20/459] SVYM
[00:13:57] [21/459] SPYM
[00:13:58] [22/459] SMMF
[00:13:59] [23/459] CLLB
[00:14:00] [24/459] FMCB
[00:14:01] [25/459] BBTC
[00:14:02] [26/459] NTHS
[00:14:03] [27/459] PKKJ
[00:14:04] [28/459] MTJA
[00:14:04] [29/459] PMSJ
[00:14:05] 🔄 Identity reset
[00:14:05] 🔄 Identity rotated (every 10 requests)
[00:14:05] [30/459] JMJU
[00:14:06] [31/459] SRAD
[00:14:08] [32/459] MJMC
[00:14:08] [33/459] DFRM
[00:14:09] [34/459] PMRS
[00:14:10] [35/459] RKPP
[00:14:11] [36/459] BMBK
[00:14:12] [37/459] NEWS
[00:14:13] [38/459] SALB
[00:14:14] [39/459] SCPW
[00:14:14] 🔄 Identity reset
[00:14:14] 🔄 Identity rotated (every 10 requests)
[00:14:15] [40/459] RAYL
[00:14:16] [41/459] CMGJ
[00:14:17] [42/459] JRCR
[00:14:18] [43/459] SRTB
[00:14:19] [44/459] ETPB
[00:14:20] [45/459] MXBN
[00:14:21] [46/459] TOPE
[00:14:22] [47/459] SNLJ
[00:14:22] [48/459] CDDP
[00:14:24] [49/459] APCX
[00:14:25] 🔄 Identity reset
[00:14:25] 🔄 Identity rotated (every 10 requests)
[00:14:25] [50/459] TALP
[00:14:27] [51/459] RRMP
[00:14:28] [52/459] MAHB
[00:14:29] [53/459] MTKR
[00:14:29] [54/459] KSKL
[00:14:30] [55/459] RJLT
[00:14:31] [56/459] ATAS
[00:14:32] [57/459] AMHR
[00:14:33] [58/459] RSRM
[00:14:34] [59/459] GCAT
[00:14:34] 🔄 Identity reset
[00:14:34] 🔄 Identity rotated (every 10 requests)
[00:14:35] [60/459] SMML
[00:14:36] [61/459] ACCD
[00:14:36] [62/459] VYDA
[00:14:37] [63/459] MSKT
[00:14:38] [64/459] AVDM
[00:14:39] [65/459] ASMH
[00:14:40] [66/459] VTMB
[00:14:40] [67/459] WVMB
[00:14:41] [68/459] PPMN
[00:14:42] [69/459] MTMD
[00:14:43] 🔄 Identity reset
[00:14:43] 🔄 Identity rotated (every 10 requests)
[00:14:43] 🔄 Retry 1/5 for MTMD in 2.1s
[00:14:43] 🔄 Identity reset
[00:14:45] 🧠 New identity created
[00:14:45] [70/459] SMMO
[00:14:46] [71/459] DLPB
[00:14:47] [72/459] AKMD
[00:14:49] [73/459] SHRR
[00:14:49] [74/459] ASCO
[00:14:50] [75/459] CZVX
[00:14:51] [76/459] GCBB
[00:14:52] [77/459] ATBM
[00:14:53] [78/459] TCGM
[00:14:53] 🔄 Identity reset
[00:14:53] 🔄 Identity rotated (every 10 requests)
[00:14:54] [79/459] UMSE
[00:14:55] [80/459] NKCL
[00:14:55] [81/459] BTLR
[00:14:56] [82/459] GOCL
[00:14:57] [83/459] MIRN
[00:14:58] [84/459] THEC
[00:14:59] [85/459] SPPB
[00:15:00] [86/459] PMMM
[00:15:01] [87/459] GGMC
[00:15:02] [88/459] AVSR
[00:15:02] 🔄 Identity reset
[00:15:02] 🔄 Identity rotated (every 10 requests)
[00:15:03] [89/459] RDMH
[00:15:05] [90/459] JSRS
[00:15:05] [91/459] VKGP
[00:15:06] [92/459] ACRT
[00:15:07] [93/459] GCBA
[00:15:08] [94/459] GTCP
[00:15:09] [95/459] AKFC
[00:15:10] [96/459] INCS
[00:15:11] [97/459] SMCK
[00:15:12] [98/459] BRUN
[00:15:13] 🔄 Identity reset
[00:15:13] 🔄 Identity rotated (every 10 requests)
[00:15:13] [99/459] RPPC
[00:15:14] [100/459] PAYD
[00:15:15] [101/459] SVVT
[00:15:16] [102/459] RNCC
[00:15:17] [103/459] PCRC
[00:15:18] [104/459] PMRM
[00:15:19] [105/459] CCRP
[00:15:20] [106/459] INCR
[00:15:22] [107/459] ZTMP
[00:15:22] [108/459] MCNR
[00:15:23] 🔄 Identity reset
[00:15:23] 🔄 Identity rotated (every 10 requests)
[00:15:23] [109/459] INRP
[00:15:24] [110/459] STRC
[00:15:25] [111/459] RATI
[00:15:27] [112/459] PBTR
[00:15:27] [113/459] CMHP
[00:15:28] [114/459] ZECJ
[00:15:29] [115/459] CCCB
[00:15:30] [116/459] BWCB
[00:15:31] [117/459] CCAT
[00:15:33] [118/459] KGCM
[00:15:34] 🔄 Identity reset
[00:15:34] 🔄 Identity rotated (every 10 requests)
[00:15:34] [119/459] INPT
[00:15:35] [120/459] FNCO
[00:15:36] [121/459] SRMJ
[00:15:37] [122/459] PFSC
[00:15:38] [123/459] PBMC
[00:15:40] [124/459] KARP
[00:15:40] [125/459] KOVI
[00:15:41] [126/459] ACXL
[00:15:43] [127/459] GKCC
[00:15:44] [128/459] ASCC
[00:15:45] 🔄 Identity reset
[00:15:45] 🔄 Identity rotated (every 10 requests)
[00:15:45] 🔄 Retry 1/5 for ASCC in 2.6s
[00:15:45] 🔄 Identity reset
[00:15:47] 🧠 New identity created
[00:15:48] [129/459] SETC
[00:15:49] [130/459] KACC
[00:15:50] [131/459] KAVE
[00:15:50] [132/459] CNTC
[00:15:51] [133/459] MEEN
[00:15:52] [134/459] BMRV
[00:15:53] [135/459] SVAM
[00:15:54] [136/459] VTBP
[00:15:55] [137/459] VCKN
[00:15:55] 🔄 Identity reset
[00:15:55] 🔄 Identity rotated (every 10 requests)
[00:15:56] [138/459] SGTK
[00:15:57] [139/459] RCGS
[00:15:58] [140/459] RCCB
[00:15:59] [141/459] RKSR
[00:16:00] [142/459] RKCU
[00:16:01] [143/459] GIBH
[00:16:02] [144/459] CXBS
[00:16:03] [145/459] GGCB
[00:16:04] [146/459] SCPB
[00:16:05] [147/459] AKTB
[00:16:06] 🔄 Identity reset
[00:16:06] 🔄 Identity rotated (every 10 requests)
[00:16:06] 🔄 Retry 1/5 for AKTB in 2.2s
[00:16:06] 🔄 Identity reset
[00:16:08] 🧠 New identity created
[00:16:08] [148/459] SRBU
[00:16:09] [149/459] CSSA
[00:16:10] [150/459] MYAN
[00:16:11] [151/459] EXCA
[00:16:12] [152/459] CKSA
[00:16:13] [153/459] JTNM
[00:16:14] [154/459] CXKT
[00:16:15] [155/459] NCLM
[00:16:16] [156/459] JAAD
[00:16:17] 🔄 Identity reset
[00:16:17] 🔄 Identity rotated (every 10 requests)
[00:16:17] [157/459] RDCR
[00:16:18] [158/459] MEER
[00:16:19] [159/459] SIBT
[00:16:20] [160/459] PVVB
[00:16:20] [161/459] FNPN
[00:16:21] [162/459] CRPX
[00:16:22] [163/459] STET
[00:16:23] [164/459] METE
[00:16:24] [165/459] BJML
[00:16:25] [166/459] MAVT
[00:16:26] 🔄 Identity reset
[00:16:26] 🔄 Identity rotated (every 10 requests)
[00:16:26] [167/459] MSRM
[00:16:27] [168/459] TJMP
[00:16:28] [169/459] MHCK
[00:16:29] [170/459] SVGP
[00:16:29] [171/459] KRRC
[00:16:31] [172/459] IMCH
[00:16:32] [173/459] CMCS
[00:16:33] [174/459] SGND
[00:16:34] [175/459] RNAT
[00:16:35] [176/459] PRTN
[00:16:35] 🔄 Identity reset
[00:16:35] 🔄 Identity rotated (every 10 requests)
[00:16:35] [177/459] MPTN
[00:16:36] [178/459] ARCC
[00:16:37] [179/459] NTTE
[00:16:38] [180/459] ABND
[00:16:39] [181/459] KCSN
[00:16:40] [182/459] KCSA
[00:16:41] [183/459] DCKT
[00:16:42] [184/459] MBBR
[00:16:43] [185/459] RAMU
[00:16:44] [186/459] RACW
[00:16:44] 🔄 Identity reset
[00:16:44] 🔄 Identity rotated (every 10 requests)
[00:16:45] [187/459] MCHP
[00:16:45] [188/459] TMHM
[00:16:46] [189/459] STXH
[00:16:47] [190/459] AGSG
[00:16:48] [191/459] SIRA
[00:16:49] [192/459] RCAN
[00:16:49] [193/459] CWTB
[00:16:50] [194/459] VTYM
[00:16:51] [195/459] RRPP
[00:16:52] [196/459] ASMR
[00:16:52] 🔄 Identity reset
[00:16:53] 🔄 Identity rotated (every 10 requests)
[00:16:53] [197/459] RONO
[00:16:54] [198/459] MEMR
[00:16:55] [199/459] CTMR
[00:16:56] [200/459] PMTT
[00:16:57] [201/459] PSLX
[00:16:58] [202/459] IPPL
[00:16:59] [203/459] MMSG
[00:17:00] [204/459] INEL
[00:17:00] [205/459] COAC
[00:17:01] [206/459] WVLK
[00:17:02] 🔄 Identity reset
[00:17:02] 🔄 Identity rotated (every 10 requests)
[00:17:02] [207/459] PPXL
[00:17:04] [208/459] PSML
[00:17:04] [209/459] FNLK
[00:17:05] [210/459] ILUM
[00:17:06] [211/459] ILCM
[00:17:07] [212/459] MSNL
[00:17:09] [213/459] VINB
[00:17:09] [214/459] SALW
[00:17:10] [215/459] PRTB
[00:17:11] [216/459] NCIL
[00:17:12] 🔄 Identity reset
[00:17:12] 🔄 Identity rotated (every 10 requests)
[00:17:12] [217/459] PSUL
[00:17:13] [218/459] SCLK
[00:17:14] [219/459] ADDC
[00:17:15] [220/459] OACL
[00:17:16] [221/459] OOCF
[00:17:17] [222/459] GPMF
[00:17:18] [223/459] SSDG
[00:17:19] [224/459] SKRS
[00:17:20] [225/459] NTTP
[00:17:21] [226/459] SLTP
[00:17:22] 🔄 Identity reset
[00:17:22] 🔄 Identity rotated (every 10 requests)
[00:17:22] 🔄 Retry 1/5 for SLTP in 2.1s
[00:17:22] 🔄 Identity reset
[00:17:24] 🧠 New identity created
[00:17:24] [227/459] JTLC
[00:17:25] [228/459] POON
[00:17:26] [229/459] CCPC
[00:17:27] [230/459] DCKC
[00:17:27] [231/459] CPRT
[00:17:28] [232/459] EYHZ
[00:17:29] [233/459] ARBL
[00:17:30] [234/459] SBTB
[00:17:31] [235/459] MMCK
[00:17:32] 🔄 Identity reset
[00:17:32] 🔄 Identity rotated (every 10 requests)
[00:17:33] [236/459] PLMR
[00:17:34] [237/459] BIJH
[00:17:34] [238/459] SDRT
[00:17:35] [239/459] PRDC
[00:17:37] [240/459] OMJA
[00:17:37] [241/459] VKCR
[00:17:38] [242/459] ATRT
[00:17:40] [243/459] WVRP
[00:17:41] [244/459] MVRP
[00:17:42] [245/459] FCAX
[00:17:43] 🔄 Identity reset
[00:17:43] 🔄 Identity rotated (every 10 requests)
[00:17:44] [246/459] CTLC
[00:17:44] [247/459] JCHB
[00:17:45] [248/459] SELP
[00:17:46] [249/459] VCPG
[00:17:47] [250/459] ASCX
[00:17:48] [251/459] EOCS
[00:17:49] [252/459] RCPH
[00:17:50] [253/459] RJTM
[00:17:51] [254/459] SGMD
[00:17:52] [255/459] SVJT
[00:17:53] 🔄 Identity reset
[00:17:53] 🔄 Identity rotated (every 10 requests)
[00:17:53] [256/459] SPPO
[00:17:54] [257/459] MNRL
[00:17:55] [258/459] KNOX
[00:17:56] [259/459] GIER
[00:17:57] [260/459] PJMS
[00:17:58] [261/459] UNSP
[00:17:59] [262/459] JETP
[00:18:00] [263/459] VTWA
[00:18:01] [264/459] SCJI
[00:18:02] [265/459] CBZZ
[00:18:02] 🔄 Identity reset
[00:18:02] 🔄 Identity rotated (every 10 requests)
[00:18:03] [266/459] SDCJ
[00:18:04] [267/459] RRCC
[00:18:05] [268/459] VNKG
[00:18:06] [269/459] LKTO
[00:18:06] [270/459] PJRM
[00:18:07] [271/459] NVRM
[00:18:08] [272/459] SJCS
[00:18:09] [273/459] VIGK
[00:18:10] [274/459] ANST
[00:18:11] [275/459] JTTS
[00:18:12] 🔄 Identity reset
[00:18:12] 🔄 Identity rotated (every 10 requests)
[00:18:12] [276/459] NTST
[00:18:14] [277/459] PREB
[00:18:15] [278/459] TSCZ
[00:18:16] [279/459] CDCM
[00:18:16] [280/459] ELYE
[00:18:17] [281/459] INBS
[00:18:18] [282/459] SMGC
[00:18:19] [283/459] UTMP
[00:18:20] [284/459] INTA
[00:18:21] [285/459] OMPT
[00:18:22] 🔄 Identity reset
[00:18:22] 🔄 Identity rotated (every 10 requests)
[00:18:22] 🔄 Retry 1/5 for OMPT in 2.2s
[00:18:22] 🔄 Identity reset
[00:18:24] 🧠 New identity created
[00:18:24] [286/459] SCIR
[00:18:25] [287/459] GCKJ
[00:18:26] [288/459] INOG
[00:18:28] [289/459] SMGB
[00:18:29] [290/459] MCSG
[00:18:30] [291/459] STKG
[00:18:31] [292/459] TTKG
[00:18:31] [293/459] SRTR
[00:18:32] [294/459] ETTR
[00:18:33] 🔄 Identity reset
[00:18:33] 🔄 Identity rotated (every 10 requests)
[00:18:33] [295/459] GGGZ
[00:18:34] [296/459] IPGM
[00:18:35] [297/459] FCDH
[00:18:36] [298/459] DESB
[00:18:36] [299/459] VNTP
[00:18:37] [300/459] ANNT
[00:18:38] [301/459] SLTI
[00:18:39] [302/459] MAJU
[00:18:41] [303/459] JCXP
[00:18:42] [304/459] HARK
[00:18:42] 🔄 Identity reset
[00:18:42] 🔄 Identity rotated (every 10 requests)
[00:18:42] 🔄 Retry 1/5 for HARK in 2.2s
[00:18:42] 🔄 Identity reset
[00:18:45] 🧠 New identity created
[00:18:45] [305/459] JPCJ
[00:18:46] [306/459] RXBD
[00:18:47] [307/459] PTKJ
[00:18:47] [308/459] CMTU
[00:18:48] [309/459] SWOR
[00:18:50] [310/459] JMEX
[00:18:51] [311/459] DTPT
[00:18:52] [312/459] VGMM
[00:18:53] [313/459] VCSG
[00:18:53] 🔄 Identity reset
[00:18:53] 🔄 Identity rotated (every 10 requests)
[00:18:54] [314/459] CVCG
[00:18:55] [315/459] TNTT
[00:18:56] [316/459] SHRM
[00:18:57] [317/459] CGKD
[00:18:57] [318/459] EKCM
[00:18:58] [319/459] SDCX
[00:19:00] [320/459] SBTE
[00:19:01] [321/459] STKJ
[00:19:02] [322/459] TPCE
[00:19:03] [323/459] JTNP
[00:19:03] 🔄 Identity reset
[00:19:03] 🔄 Identity rotated (every 10 requests)
[00:19:03] 🔄 Retry 1/5 for JTNP in 2.4s
[00:19:03] 🔄 Identity reset
[00:19:06] 🧠 New identity created
[00:19:06] [324/459] LPCH
[00:19:07] [325/459] CPUO
[00:19:09] [326/459] APSU
[00:19:10] [327/459] RTHC
[00:19:11] [328/459] PTBU
[00:19:11] [329/459] CUCC
[00:19:12] [330/459] CPSA
[00:19:13] [331/459] SUAY
[00:19:14] [332/459] AYAA
[00:19:15] 🔄 Identity reset
[00:19:15] 🔄 Identity rotated (every 10 requests)
[00:19:15] [333/459] MUCH
[00:19:16] [334/459] PCIN
[00:19:17] [335/459] JRRM
[00:19:18] [336/459] KATS
[00:19:20] [337/459] MHFF
[00:19:20] [338/459] ESYM
[00:19:21] [339/459] STYV
[00:19:23] [340/459] SDKG
[00:19:24] [341/459] SMTI
[00:19:24] [342/459] NYCS
[00:19:25] 🔄 Identity reset
[00:19:25] 🔄 Identity rotated (every 10 requests)
[00:19:25] [343/459] MTBG
[00:19:27] [344/459] RHCA
[00:19:28] [345/459] PCKH
[00:19:28] [346/459] ARCR
[00:19:29] [347/459] NCMB
[00:19:31] [348/459] SHYC
[00:19:32] [349/459] LACK
[00:19:32] [350/459] MTCM
[00:19:33] [351/459] RRBN
[00:19:34] [352/459] MYDC
[00:19:35] 🔄 Identity reset
[00:19:35] 🔄 Identity rotated (every 10 requests)
[00:19:35] [353/459] STCS
[00:19:36] [354/459] CONN
[00:19:37] [355/459] SIPS
[00:19:38] [356/459] SMMX
[00:19:39] [357/459] SCBY
[00:19:41] [358/459] SUAP
[00:19:42] [359/459] RSMK
[00:19:43] [360/459] STKP
[00:19:44] [361/459] CIPC
[00:19:44] [362/459] KKCI
[00:19:45] 🔄 Identity reset
[00:19:45] 🔄 Identity rotated (every 10 requests)
[00:19:45] 🔄 Retry 1/5 for KKCI in 2.5s
[00:19:45] 🔄 Identity reset
[00:19:48] 🧠 New identity created
[00:19:48] [363/459] CTNK
[00:19:49] [364/459] MMTZ
[00:19:50] [365/459] DCCO
[00:19:50] [366/459] VNMN
[00:19:51] [367/459] RLCN
[00:19:52] [368/459] CMMS
[00:19:53] [369/459] AYOU
[00:19:54] [370/459] SSCN
[00:19:55] [371/459] SMXN
[00:19:56] 🔄 Identity reset
[00:19:56] 🔄 Identity rotated (every 10 requests)
[00:19:57] [372/459] ASSK
[00:19:58] [373/459] VCKM
[00:19:59] [374/459] PCPH
[00:20:00] [375/459] PADM
[00:20:01] [376/459] IESA
[00:20:02] [377/459] VCSP
[00:20:03] [378/459] AEST
[00:20:04] [379/459] VTNR
[00:20:05] [380/459] GTTA
[00:20:06] [381/459] CMMM
[00:20:06] 🔄 Identity reset
[00:20:06] 🔄 Identity rotated (every 10 requests)
[00:20:07] [382/459] AHKT
[00:20:08] [383/459] SIJI
[00:20:09] [384/459] VCEI
[00:20:10] [385/459] SAKR
[00:20:11] [386/459] VSMT
[00:20:12] [387/459] SSCT
[00:20:13] [388/459] USTR
[00:20:14] [389/459] MTKT
[00:20:15] [390/459] TGMP
[00:20:16] [391/459] SIVC
[00:20:17] 🔄 Identity reset
[00:20:17] 🔄 Identity rotated (every 10 requests)
[00:20:17] [392/459] KICT
[00:20:19] [393/459] DAMD
[00:20:20] [394/459] CNPT
[00:20:20] [395/459] RVTT
[00:20:21] [396/459] SNCM
[00:20:22] [397/459] GHTE
[00:20:24] [398/459] PPAM
[00:20:25] [399/459] PVAA
[00:20:26] [400/459] CPAO
[00:20:26] [401/459] HAMD
[00:20:27] 🔄 Identity reset
[00:20:27] 🔄 Identity rotated (every 10 requests)
[00:20:27] 🔄 Retry 1/5 for HAMD in 2.4s
[00:20:27] 🔄 Identity reset
[00:20:30] 🧠 New identity created
[00:20:30] [402/459] RCCA
[00:20:31] [403/459] MPCH
[00:20:32] [404/459] ARED
[00:20:33] [405/459] RRCV
[00:20:34] [406/459] MTRB
[00:20:35] [407/459] CKUA
[00:20:35] [408/459] ABMP
[00:20:36] [409/459] RCWA
[00:20:37] [410/459] CGAR
[00:20:38] 🔄 Identity reset
[00:20:38] 🔄 Identity rotated (every 10 requests)
[00:20:38] [411/459] METH
[00:20:40] [412/459] WAGA
[00:20:41] [413/459] MCMA
[00:20:42] [414/459] CSMP
[00:20:43] [415/459] RCNK
[00:20:43] [416/459] PSTM
[00:20:44] [417/459] CSEP
[00:20:45] [418/459] AMGD
[00:20:46] [419/459] CSTE
[00:20:47] [420/459] CONS
[00:20:47] 🔄 Identity reset
[00:20:47] 🔄 Identity rotated (every 10 requests)
[00:20:47] 🔄 Retry 1/5 for CONS in 3.0s
[00:20:47] 🔄 Identity reset
[00:20:50] 🧠 New identity created
[00:20:51] [421/459] APPX
[00:20:52] [422/459] MABC
[00:20:52] [423/459] CXST
[00:20:53] [424/459] MATN
[00:20:54] [425/459] MACZ
[00:20:55] [426/459] MASA
[00:20:56] [427/459] MBSX
[00:20:57] [428/459] CSST
[00:20:57] [429/459] APCL
[00:20:58] 🔄 Identity reset
[00:20:58] 🔄 Identity rotated (every 10 requests)
[00:20:58] 🔄 Retry 1/5 for APCL in 2.1s
[00:20:58] 🔄 Identity reset
[00:21:00] 🧠 New identity created
[00:21:00] [430/459] CGOS
[00:21:01] [431/459] CPEC
[00:21:02] [432/459] MCCP
[00:21:03] [433/459] BSSO
[00:21:04] [434/459] SJKA
[00:21:05] [435/459] CGBO
[00:21:06] [436/459] MVSK
[00:21:07] [437/459] HVCA
[00:21:07] [438/459] NAMD
[00:21:08] 🔄 Identity reset
[00:21:08] 🔄 Identity rotated (every 10 requests)
[00:21:08] [439/459] DEVI
[00:21:09] [440/459] SCSV
[00:21:10] [441/459] PSMA
[00:21:11] [442/459] CLDJ
[00:21:12] [443/459] NMAD
[00:21:13] [444/459] CGMO
[00:21:14] [445/459] MCNA
[00:21:15] [446/459] OCBN
[00:21:16] [447/459] CPEM
[00:21:17] [448/459] CPSM
[00:21:17] 🔄 Identity reset
[00:21:17] 🔄 Identity rotated (every 10 requests)
[00:21:17] [449/459] RCAD
[00:21:18] [450/459] CPMU
[00:21:19] [451/459] DICD
[00:21:20] [452/459] CHOE
[00:21:22] [453/459] PDJM
[00:21:23] [454/459] SSTU
[00:21:24] [455/459] VNRN
[00:21:25] [456/459] PVLG
[00:21:26] [457/459] SWBL
[00:21:27] [458/459] SCAB
[00:21:27] 🔄 Identity reset
[00:21:28] 🔄 Identity rotated (every 10 requests)
[00:21:28] [459/459] RDDA
[00:21:29] ✅ DONE | Shows=0 | Movies=0
[01:02:01] 🚀 BMS DAILY TRACKER STARTED (enhanced anti‑detection)
[01:02:01] [1/459] MCCZ
[01:02:02] 🧠 New identity created
[01:02:02] [2/459] FRPU
[01:02:03] [3/459] SKSI
[01:02:03] [4/459] SSCK
[01:02:04] [5/459] SRDC
[01:02:05] [6/459] RSCZ
[01:02:06] [7/459] PRVT
[01:02:06] [8/459] GAGJ
[01:02:07] [9/459] SMHG
[01:02:07] [10/459] JTST
[01:02:08] 🔄 Identity reset
[01:02:08] 🔄 Identity rotated (every 10 requests)
[01:02:08] [11/459] MYTH
[01:02:09] [12/459] JPCC
[01:02:09] [13/459] ACDC
[01:02:10] [14/459] SVFP
[01:02:11] [15/459] SFCM
[01:02:11] [16/459] RUPK
[01:02:12] [17/459] NTCR
[01:02:12] [18/459] RTCH
[01:02:13] [19/459] SCMH
[01:02:14] [20/459] SVYM
[01:02:14] 🔄 Identity reset
[01:02:14] 🔄 Identity rotated (every 10 requests)
[01:02:14] [21/459] SPYM
[01:02:15] [22/459] SMMF
[01:02:16] [23/459] CLLB
[01:02:16] [24/459] FMCB
[01:02:17] [25/459] BBTC
[01:02:18] [26/459] NTHS
[01:02:18] [27/459] PKKJ
[01:02:19] [28/459] MTJA
[01:02:20] [29/459] PMSJ
[01:02:21] [30/459] JMJU
[01:02:21] 🔄 Identity reset
[01:02:21] 🔄 Identity rotated (every 10 requests)
[01:02:21] [31/459] SRAD
[01:02:22] [32/459] MJMC
[01:02:23] [33/459] DFRM
[01:02:23] [34/459] PMRS
[01:02:24] [35/459] RKPP
[01:02:24] [36/459] BMBK
[01:02:25] [37/459] NEWS
[01:02:26] [38/459] SALB
[01:02:26] [39/459] SCPW
[01:02:27] [40/459] RAYL
[01:02:27] 🔄 Identity reset
[01:02:27] 🔄 Identity rotated (every 10 requests)
[01:02:27] [41/459] CMGJ
[01:02:28] [42/459] JRCR
[01:02:29] [43/459] SRTB
[01:02:29] [44/459] ETPB
[01:02:30] [45/459] MXBN
[01:02:31] [46/459] TOPE
[01:02:31] [47/459] SNLJ
[01:02:32] [48/459] CDDP
[01:02:32] [49/459] APCX
[01:02:33] [50/459] TALP
[01:02:34] 🔄 Identity reset
[01:02:34] 🔄 Identity rotated (every 10 requests)
[01:02:34] 🔄 Retry 1/5 for TALP in 2.4s
[01:02:34] 🔄 Identity reset
[01:02:36] 🧠 New identity created
[01:02:36] 🔄 Retry 2/5 for TALP in 4.1s
[01:02:36] 🔄 Identity reset
[01:02:40] 🧠 New identity created
[01:02:40] 🔄 Retry 3/5 for TALP in 8.8s
[01:02:40] 🔄 Identity reset
[01:02:49] 🧠 New identity created
[01:02:49] [51/459] RRMP
[01:02:50] [52/459] MAHB
[01:02:50] [53/459] MTKR
[01:02:51] [54/459] KSKL
[01:02:52] [55/459] RJLT
[01:02:52] [56/459] ATAS
[01:02:53] [57/459] AMHR
[01:02:54] 🔄 Identity reset
[01:02:54] 🔄 Identity rotated (every 10 requests)
[01:02:54] [58/459] RSRM
[01:02:54] [59/459] GCAT
[01:02:55] [60/459] SMML
[01:02:56] [61/459] ACCD
[01:02:56] [62/459] VYDA
[01:02:57] [63/459] MSKT
[01:02:58] [64/459] AVDM
[01:02:58] [65/459] ASMH
[01:02:59] [66/459] VTMB
[01:03:00] [67/459] WVMB
[01:03:00] 🔄 Identity reset
[01:03:00] 🔄 Identity rotated (every 10 requests)
[01:03:00] [68/459] PPMN
[01:03:01] [69/459] MTMD
[01:03:01] [70/459] SMMO
[01:03:02] [71/459] DLPB
[01:03:03] [72/459] AKMD
[01:03:03] [73/459] SHRR
[01:03:04] [74/459] ASCO
[01:03:05] [75/459] CZVX
[01:03:05] [76/459] GCBB
[01:03:06] [77/459] ATBM
[01:03:07] 🔄 Identity reset
[01:03:07] 🔄 Identity rotated (every 10 requests)
[01:03:07] [78/459] TCGM
[01:03:08] [79/459] UMSE
[01:03:08] [80/459] NKCL
[01:03:09] [81/459] BTLR
[01:03:10] [82/459] GOCL
[01:03:10] [83/459] MIRN
[01:03:11] [84/459] THEC
[01:03:11] [85/459] SPPB
[01:03:12] [86/459] PMMM
[01:03:13] [87/459] GGMC
[01:03:13] 🔄 Identity reset
[01:03:13] 🔄 Identity rotated (every 10 requests)
[01:03:13] 🔄 Retry 1/5 for GGMC in 2.1s
[01:03:13] 🔄 Identity reset
[01:03:15] 🧠 New identity created
[01:03:15] 🔄 Retry 2/5 for GGMC in 5.0s
[01:03:15] 🔄 Identity reset
[01:03:20] 🧠 New identity created
[01:03:21] 🔄 Retry 3/5 for GGMC in 8.2s
[01:03:21] 🔄 Identity reset
[01:03:29] 🧠 New identity created
[01:03:29] [88/459] AVSR
[01:03:30] [89/459] RDMH
[01:03:30] [90/459] JSRS
[01:03:31] [91/459] VKGP
[01:03:31] [92/459] ACRT
[01:03:32] [93/459] GCBA
[01:03:33] [94/459] GTCP
[01:03:33] 🔄 Identity reset
[01:03:33] 🔄 Identity rotated (every 10 requests)
[01:03:33] [95/459] AKFC
[01:03:34] [96/459] INCS
[01:03:34] [97/459] SMCK
[01:03:35] [98/459] BRUN
[01:03:36] [99/459] RPPC
[01:03:37] [100/459] PAYD
[01:03:37] [101/459] SVVT
[01:03:38] [102/459] RNCC
[01:03:38] [103/459] PCRC
[01:03:39] [104/459] PMRM
[01:03:40] 🔄 Identity reset
[01:03:40] 🔄 Identity rotated (every 10 requests)
[01:03:40] [105/459] CCRP
[01:03:40] [106/459] INCR
[01:03:41] [107/459] ZTMP
[01:03:42] [108/459] MCNR
[01:03:42] [109/459] INRP
[01:03:43] [110/459] STRC
[01:03:43] [111/459] RATI
[01:03:44] [112/459] PBTR
[01:03:45] [113/459] CMHP
[01:03:45] [114/459] ZECJ
[01:03:46] 🔄 Identity reset
[01:03:46] 🔄 Identity rotated (every 10 requests)
[01:03:46] [115/459] CCCB
[01:03:47] [116/459] BWCB
[01:03:48] [117/459] CCAT
[01:03:49] [118/459] KGCM
[01:03:49] [119/459] INPT
[01:03:50] [120/459] FNCO
[01:03:50] [121/459] SRMJ
[01:03:51] [122/459] PFSC
[01:03:51] [123/459] PBMC
[01:03:52] [124/459] KARP
[01:03:52] 🔄 Identity reset
[01:03:52] 🔄 Identity rotated (every 10 requests)
[01:03:52] 🔄 Retry 1/5 for KARP in 2.6s
[01:03:52] 🔄 Identity reset
[01:03:55] 🧠 New identity created
[01:03:55] [125/459] KOVI
[01:03:56] [126/459] ACXL
[01:03:56] [127/459] GKCC
[01:03:57] [128/459] ASCC
[01:03:58] [129/459] SETC
[01:03:58] [130/459] KACC
[01:03:59] [131/459] KAVE
[01:04:00] [132/459] CNTC
[01:04:00] [133/459] MEEN
[01:04:01] 🔄 Identity reset
[01:04:01] 🔄 Identity rotated (every 10 requests)
[01:04:01] [134/459] BMRV
[01:04:02] [135/459] SVAM
[01:04:02] [136/459] VTBP
[01:04:03] [137/459] VCKN
[01:04:04] [138/459] SGTK
[01:04:04] [139/459] RCGS
[01:04:05] [140/459] RCCB
[01:04:06] [141/459] RKSR
[01:04:06] [142/459] RKCU
[01:04:07] [143/459] GIBH
[01:04:07] 🔄 Identity reset
[01:04:07] 🔄 Identity rotated (every 10 requests)
[01:04:08] 🔄 Retry 1/5 for GIBH in 2.1s
[01:04:08] 🔄 Identity reset
[01:04:10] 🧠 New identity created
[01:04:10] [144/459] CXBS
[01:04:10] [145/459] GGCB
[01:04:11] [146/459] SCPB
[01:04:12] [147/459] AKTB
[01:04:12] [148/459] SRBU
[01:04:13] [149/459] CSSA
[01:04:14] [150/459] MYAN
[01:04:14] [151/459] EXCA
[01:04:15] [152/459] CKSA
[01:04:15] 🔄 Identity reset
[01:04:16] 🔄 Identity rotated (every 10 requests)
[01:04:16] [153/459] JTNM
[01:04:16] [154/459] CXKT
[01:04:17] [155/459] NCLM
[01:04:17] [156/459] JAAD
[01:04:18] [157/459] RDCR
[01:04:19] [158/459] MEER
[01:04:19] [159/459] SIBT
[01:04:20] [160/459] PVVB
[01:04:20] [161/459] FNPN
[01:04:21] [162/459] CRPX
[01:04:21] 🔄 Identity reset
[01:04:22] 🔄 Identity rotated (every 10 requests)
[01:04:22] [163/459] STET
[01:04:22] [164/459] METE
[01:04:23] [165/459] BJML
[01:04:24] [166/459] MAVT
[01:04:24] [167/459] MSRM
[01:04:25] [168/459] TJMP
[01:04:26] [169/459] MHCK
[01:04:26] [170/459] SVGP
[01:04:27] [171/459] KRRC
[01:04:28] [172/459] IMCH
[01:04:28] 🔄 Identity reset
[01:04:28] 🔄 Identity rotated (every 10 requests)
[01:04:28] [173/459] CMCS
[01:04:29] [174/459] SGND
[01:04:30] [175/459] RNAT
[01:04:30] [176/459] PRTN
[01:04:31] [177/459] MPTN
[01:04:32] [178/459] ARCC
[01:04:32] [179/459] NTTE
[01:04:33] [180/459] ABND
[01:04:34] [181/459] KCSN
[01:04:34] [182/459] KCSA
[01:04:35] 🔄 Identity reset
[01:04:35] 🔄 Identity rotated (every 10 requests)
[01:04:35] [183/459] DCKT
[01:04:35] [184/459] MBBR
[01:04:36] [185/459] RAMU
[01:04:37] [186/459] RACW
[01:04:37] [187/459] MCHP
[01:04:38] [188/459] TMHM
[01:04:39] [189/459] STXH
[01:04:39] [190/459] AGSG
[01:04:40] [191/459] SIRA
[01:04:41] [192/459] RCAN
[01:04:41] 🔄 Identity reset
[01:04:41] 🔄 Identity rotated (every 10 requests)
[01:04:41] 🔄 Retry 1/5 for RCAN in 2.6s
[01:04:41] 🔄 Identity reset
[01:04:44] 🧠 New identity created
[01:04:44] 🔄 Retry 2/5 for RCAN in 4.3s
[01:04:44] 🔄 Identity reset
[01:04:48] 🧠 New identity created
[01:04:48] [193/459] CWTB
[01:04:49] [194/459] VTYM
[01:04:50] [195/459] RRPP
[01:04:50] [196/459] ASMR
[01:04:51] [197/459] RONO
[01:04:51] [198/459] MEMR
[01:04:52] [199/459] CTMR
[01:04:53] [200/459] PMTT
[01:04:54] 🔄 Identity reset
[01:04:54] 🔄 Identity rotated (every 10 requests)
[01:04:54] 🔄 Retry 1/5 for PMTT in 2.6s
[01:04:54] 🔄 Identity reset
[01:04:56] 🧠 New identity created
[01:04:56] [201/459] PSLX
[01:04:57] [202/459] IPPL
[01:04:58] [203/459] MMSG
[01:04:58] [204/459] INEL
[01:04:59] [205/459] COAC
[01:05:00] [206/459] WVLK
[01:05:00] [207/459] PPXL
[01:05:01] [208/459] PSML
[01:05:01] [209/459] FNLK
[01:05:02] 🔄 Identity reset
[01:05:02] 🔄 Identity rotated (every 10 requests)
[01:05:02] [210/459] ILUM
[01:05:03] [211/459] ILCM
[01:05:03] [212/459] MSNL
[01:05:04] [213/459] VINB
[01:05:05] [214/459] SALW
[01:05:05] [215/459] PRTB
[01:05:06] [216/459] NCIL
[01:05:06] [217/459] PSUL
[01:05:07] [218/459] SCLK
[01:05:08] [219/459] ADDC
[01:05:08] 🔄 Identity reset
[01:05:08] 🔄 Identity rotated (every 10 requests)
[01:05:08] [220/459] OACL
[01:05:09] [221/459] OOCF
[01:05:09] [222/459] GPMF
[01:05:10] [223/459] SSDG
[01:05:10] [224/459] SKRS
[01:05:11] [225/459] NTTP
[01:05:12] [226/459] SLTP
[01:05:12] [227/459] JTLC
[01:05:13] [228/459] POON
[01:05:14] [229/459] CCPC
[01:05:14] 🔄 Identity reset
[01:05:14] 🔄 Identity rotated (every 10 requests)
[01:05:14] 🔄 Retry 1/5 for CCPC in 2.2s
[01:05:14] 🔄 Identity reset
[01:05:17] 🧠 New identity created
[01:05:17] [230/459] DCKC
[01:05:17] [231/459] CPRT
[01:05:18] [232/459] EYHZ
[01:05:19] [233/459] ARBL
[01:05:19] [234/459] SBTB
[01:05:20] [235/459] MMCK
[01:05:20] [236/459] PLMR
[01:05:21] [237/459] BIJH
[01:05:21] [238/459] SDRT
[01:05:22] 🔄 Identity reset
[01:05:22] 🔄 Identity rotated (every 10 requests)
[01:05:22] [239/459] PRDC
[01:05:23] [240/459] OMJA
[01:05:23] [241/459] VKCR
[01:05:24] [242/459] ATRT
[01:05:25] [243/459] WVRP
[01:05:25] [244/459] MVRP
[01:05:26] [245/459] FCAX
[01:05:27] [246/459] CTLC
[01:05:27] [247/459] JCHB
[01:05:28] [248/459] SELP
[01:05:29] 🔄 Identity reset
[01:05:29] 🔄 Identity rotated (every 10 requests)
[01:05:29] 🔄 Retry 1/5 for SELP in 2.6s
[01:05:29] 🔄 Identity reset
[01:05:31] 🧠 New identity created
[01:05:31] [249/459] VCPG
[01:05:32] [250/459] ASCX
[01:05:32] [251/459] EOCS
[01:05:33] [252/459] RCPH
[01:05:34] [253/459] RJTM
[01:05:34] [254/459] SGMD
[01:05:35] [255/459] SVJT
[01:05:35] [256/459] SPPO
[01:05:36] [257/459] MNRL
[01:05:37] 🔄 Identity reset
[01:05:37] 🔄 Identity rotated (every 10 requests)
[01:05:37] 🔄 Retry 1/5 for MNRL in 2.1s
[01:05:37] 🔄 Identity reset
[01:05:39] 🧠 New identity created
[01:05:39] [258/459] KNOX
[01:05:40] [259/459] GIER
[01:05:40] [260/459] PJMS
[01:05:41] [261/459] UNSP
[01:05:41] [262/459] JETP
[01:05:42] [263/459] VTWA
[01:05:43] [264/459] SCJI
[01:05:43] [265/459] CBZZ
[01:05:44] [266/459] SDCJ
[01:05:44] 🔄 Identity reset
[01:05:44] 🔄 Identity rotated (every 10 requests)
[01:05:44] [267/459] RRCC
[01:05:45] [268/459] VNKG
[01:05:46] [269/459] LKTO
[01:05:46] [270/459] PJRM
[01:05:47] [271/459] NVRM
[01:05:47] [272/459] SJCS
[01:05:48] [273/459] VIGK
[01:05:49] [274/459] ANST
[01:05:49] [275/459] JTTS
[01:05:50] [276/459] NTST
[01:05:50] 🔄 Identity reset
[01:05:50] 🔄 Identity rotated (every 10 requests)
[01:05:50] [277/459] PREB
[01:05:51] [278/459] TSCZ
[01:05:52] [279/459] CDCM
[01:05:52] [280/459] ELYE
[01:05:53] [281/459] INBS
[01:05:53] [282/459] SMGC
[01:05:54] [283/459] UTMP
[01:05:55] [284/459] INTA
[01:05:55] [285/459] OMPT
[01:05:56] [286/459] SCIR
[01:05:57] 🔄 Identity reset
[01:05:57] 🔄 Identity rotated (every 10 requests)
[01:05:57] [287/459] GCKJ
[01:05:58] [288/459] INOG
[01:05:58] [289/459] SMGB
[01:05:59] [290/459] MCSG
[01:06:00] [291/459] STKG
[01:06:00] [292/459] TTKG
[01:06:01] [293/459] SRTR
[01:06:02] [294/459] ETTR
[01:06:02] [295/459] GGGZ
[01:06:03] [296/459] IPGM
[01:06:03] 🔄 Identity reset
[01:06:03] 🔄 Identity rotated (every 10 requests)
[01:06:04] [297/459] FCDH
[01:06:04] [298/459] DESB
[01:06:05] [299/459] VNTP
[01:06:06] [300/459] ANNT
[01:06:07] [301/459] SLTI
[01:06:08] [302/459] MAJU
[01:06:09] [303/459] JCXP
[01:06:10] [304/459] HARK
[01:06:10] [305/459] JPCJ
[01:06:11] [306/459] RXBD
[01:06:12] 🔄 Identity reset
[01:06:12] 🔄 Identity rotated (every 10 requests)
[01:06:12] [307/459] PTKJ
[01:06:13] [308/459] CMTU
[01:06:14] [309/459] SWOR
[01:06:14] [310/459] JMEX
[01:06:15] [311/459] DTPT
[01:06:17] [312/459] VGMM
[01:06:18] [313/459] VCSG
[01:06:19] [314/459] CVCG
[01:06:20] [315/459] TNTT
[01:06:21] [316/459] SHRM
[01:06:21] 🔄 Identity reset
[01:06:21] 🔄 Identity rotated (every 10 requests)
[01:06:22] [317/459] CGKD
[01:06:22] [318/459] EKCM
[01:06:23] [319/459] SDCX
[01:06:24] [320/459] SBTE
[01:06:25] [321/459] STKJ
[01:06:26] [322/459] TPCE
[01:06:27] [323/459] JTNP
[01:06:27] [324/459] LPCH
[01:06:28] [325/459] CPUO
[01:06:29] [326/459] APSU
[01:06:29] 🔄 Identity reset
[01:06:29] 🔄 Identity rotated (every 10 requests)
[01:06:30] [327/459] RTHC
[01:06:31] [328/459] PTBU
[01:06:32] [329/459] CUCC
[01:06:33] [330/459] CPSA
[01:06:35] [331/459] SUAY
[01:06:35] [332/459] AYAA
[01:06:36] [333/459] MUCH
[01:06:37] [334/459] PCIN
[01:06:38] [335/459] JRRM
[01:06:39] [336/459] KATS
[01:06:40] 🔄 Identity reset
[01:06:40] 🔄 Identity rotated (every 10 requests)
[01:06:41] [337/459] MHFF
[01:06:41] [338/459] ESYM
[01:06:42] [339/459] STYV
[01:06:43] [340/459] SDKG
[01:06:44] [341/459] SMTI
[01:06:45] [342/459] NYCS
[01:06:45] [343/459] MTBG
[01:06:47] [344/459] RHCA
[01:06:48] [345/459] PCKH
[01:06:48] [346/459] ARCR
[01:06:49] 🔄 Identity reset
[01:06:49] 🔄 Identity rotated (every 10 requests)
[01:06:51] [347/459] NCMB
[01:06:52] [348/459] SHYC
[01:06:53] [349/459] LACK
[01:06:53] [350/459] MTCM
[01:06:54] [351/459] RRBN
[01:06:55] [352/459] MYDC
[01:06:57] [353/459] STCS
[01:06:58] [354/459] CONN
[01:06:58] [355/459] SIPS
[01:06:59] [356/459] SMMX
[01:07:00] 🔄 Identity reset
[01:07:00] 🔄 Identity rotated (every 10 requests)
[01:07:00] [357/459] SCBY
[01:07:01] [358/459] SUAP
[01:07:02] [359/459] RSMK
[01:07:02] [360/459] STKP
[01:07:03] [361/459] CIPC
[01:07:04] [362/459] KKCI
[01:07:05] [363/459] CTNK
[01:07:06] [364/459] MMTZ
[01:07:07] [365/459] DCCO
[01:07:07] [366/459] VNMN
[01:07:08] 🔄 Identity reset
[01:07:08] 🔄 Identity rotated (every 10 requests)
[01:07:08] [367/459] RLCN
[01:07:10] [368/459] CMMS
[01:07:11] [369/459] AYOU
[01:07:12] [370/459] SSCN
[01:07:13] [371/459] SMXN
[01:07:14] [372/459] ASSK
[01:07:15] [373/459] VCKM
[01:07:16] [374/459] PCPH
[01:07:16] [375/459] PADM
[01:07:17] [376/459] IESA
[01:07:18] 🔄 Identity reset
[01:07:18] 🔄 Identity rotated (every 10 requests)
[01:07:19] [377/459] VCSP
[01:07:20] [378/459] AEST
[01:07:21] [379/459] VTNR
[01:07:22] [380/459] GTTA
[01:07:23] [381/459] CMMM
[01:07:24] [382/459] AHKT
[01:07:28] [383/459] SIJI
[01:07:29] [384/459] VCEI
[01:07:29] [385/459] SAKR
[01:07:30] [386/459] VSMT
[01:07:31] 🔄 Identity reset
[01:07:31] 🔄 Identity rotated (every 10 requests)
[01:07:31] [387/459] SSCT
[01:07:32] [388/459] USTR
[01:07:33] [389/459] MTKT
[01:07:34] [390/459] TGMP
[01:07:35] [391/459] SIVC
[01:07:36] [392/459] KICT
[01:07:37] [393/459] DAMD
[01:07:37] [394/459] CNPT
[01:07:38] [395/459] RVTT
[01:07:39] [396/459] SNCM
[01:07:40] 🔄 Identity reset
[01:07:40] 🔄 Identity rotated (every 10 requests)
[01:07:40] [397/459] GHTE
[01:07:41] [398/459] PPAM
[01:07:41] [399/459] PVAA
[01:07:42] [400/459] CPAO
[01:07:43] [401/459] HAMD
[01:07:44] [402/459] RCCA
[01:07:45] [403/459] MPCH
[01:07:47] [404/459] ARED
[01:07:47] [405/459] RRCV
[01:07:49] [406/459] MTRB
[01:07:49] 🔄 Identity reset
[01:07:49] 🔄 Identity rotated (every 10 requests)
[01:07:50] [407/459] CKUA
[01:07:51] [408/459] ABMP
[01:07:52] [409/459] RCWA
[01:07:53] [410/459] CGAR
[01:07:54] [411/459] METH
[01:07:55] [412/459] WAGA
[01:07:56] [413/459] MCMA
[01:07:58] [414/459] CSMP
[01:07:59] [415/459] RCNK
[01:07:59] [416/459] PSTM
[01:08:00] 🔄 Identity reset
[01:08:00] 🔄 Identity rotated (every 10 requests)
[01:08:00] [417/459] CSEP
[01:08:01] [418/459] AMGD
[01:08:02] [419/459] CSTE
[01:08:02] [420/459] CONS
[01:08:03] [421/459] APPX
[01:08:04] [422/459] MABC
[01:08:05] [423/459] CXST
[01:08:06] [424/459] MATN
[01:08:07] [425/459] MACZ
[01:08:08] [426/459] MASA
[01:08:09] 🔄 Identity reset
[01:08:09] 🔄 Identity rotated (every 10 requests)
[01:08:09] [427/459] MBSX
[01:08:10] [428/459] CSST
[01:08:10] [429/459] APCL
[01:08:11] [430/459] CGOS
[01:08:12] [431/459] CPEC
[01:08:13] [432/459] MCCP
[01:08:13] [433/459] BSSO
[01:08:14] [434/459] SJKA
[01:08:15] [435/459] CGBO
[01:08:16] [436/459] MVSK
[01:08:17] 🔄 Identity reset
[01:08:17] 🔄 Identity rotated (every 10 requests)
[01:08:17] [437/459] HVCA
[01:08:18] [438/459] NAMD
[01:08:19] [439/459] DEVI
[01:08:21] [440/459] SCSV
[01:08:22] [441/459] PSMA
[01:08:23] [442/459] CLDJ
[01:08:24] [443/459] NMAD
[01:08:24] [444/459] CGMO
[01:08:25] [445/459] MCNA
[01:08:26] [446/459] OCBN
[01:08:27] 🔄 Identity reset
[01:08:27] 🔄 Identity rotated (every 10 requests)
[01:08:27] [447/459] CPEM
[01:08:28] [448/459] CPSM
[01:08:29] [449/459] RCAD
[01:08:30] [450/459] CPMU
[01:08:32] [451/459] DICD
[01:08:32] [452/459] CHOE
[01:08:33] [453/459] PDJM
[01:08:34] [454/459] SSTU
[01:08:35] [455/459] VNRN
[01:08:36] [456/459] PVLG
[01:08:36] 🔄 Identity reset
[01:08:36] 🔄 Identity rotated (every 10 requests)
[01:08:37] [457/459] SWBL
[01:08:37] [458/459] SCAB
[01:08:38] [459/459] RDDA
[01:08:39] ✅ DONE | Shows=0 | Movies=0
[01:17:49] 🚀 BMS DAILY TRACKER STARTED (enhanced anti‑detection)
[01:17:49] [1/459] MCCZ
[01:17:49] 🧠 New identity created
[01:17:50] [2/459] FRPU
[01:17:51] [3/459] SKSI
[01:17:51] [4/459] SSCK
[01:17:52] [5/459] SRDC
[01:17:53] [6/459] RSCZ
[01:17:54] [7/459] PRVT
[01:17:55] [8/459] GAGJ
[01:17:55] [9/459] SMHG
[01:17:56] [10/459] JTST
[01:17:57] 🔄 Identity reset
[01:17:57] 🔄 Identity rotated (every 10 requests)
[01:17:57] 🔄 Retry 1/5 for JTST in 2.8s
[01:17:57] 🔄 Identity reset
[01:18:00] 🧠 New identity created
[01:18:00] [11/459] MYTH
[01:18:01] [12/459] JPCC
[01:18:02] [13/459] ACDC
[01:18:02] [14/459] SVFP
[01:18:03] [15/459] SFCM
[01:18:04] [16/459] RUPK
[01:18:05] [17/459] NTCR
[01:18:06] [18/459] RTCH
[01:18:07] [19/459] SCMH
[01:18:07] 🔄 Identity reset
[01:18:07] 🔄 Identity rotated (every 10 requests)
[01:18:07] [20/459] SVYM
[01:18:08] [21/459] SPYM
[01:18:09] [22/459] SMMF
[01:18:10] [23/459] CLLB
[01:18:11] [24/459] FMCB
[01:18:12] [25/459] BBTC
[01:18:12] [26/459] NTHS
[01:18:14] [27/459] PKKJ
[01:18:15] [28/459] MTJA
[01:18:16] [29/459] PMSJ
[01:18:16] 🔄 Identity reset
[01:18:16] 🔄 Identity rotated (every 10 requests)
[01:18:17] [30/459] JMJU
[01:18:18] [31/459] SRAD
[01:18:19] [32/459] MJMC
[01:18:20] [33/459] DFRM
[01:18:21] [34/459] PMRS
[01:18:21] [35/459] RKPP
[01:18:22] [36/459] BMBK
[01:18:23] [37/459] NEWS
[01:18:24] [38/459] SALB
[01:18:25] [39/459] SCPW
[01:18:26] 🔄 Identity reset
[01:18:26] 🔄 Identity rotated (every 10 requests)
[01:18:26] 🔄 Retry 1/5 for SCPW in 3.0s
[01:18:26] 🔄 Identity reset
[01:18:29] 🧠 New identity created
[01:18:29] 🔄 Retry 2/5 for SCPW in 4.6s
[01:18:29] 🔄 Identity reset
[01:18:33] 🧠 New identity created
[01:18:34] [40/459] RAYL
[01:18:34] [41/459] CMGJ
[01:18:35] [42/459] JRCR
[01:18:37] [43/459] SRTB
[01:18:38] [44/459] ETPB
[01:18:39] [45/459] MXBN
[01:18:40] [46/459] TOPE
[01:18:40] [47/459] SNLJ
[01:18:41] 🔄 Identity reset
[01:18:41] 🔄 Identity rotated (every 10 requests)
[01:18:41] [48/459] CDDP
[01:18:42] [49/459] APCX
[01:18:43] [50/459] TALP
[01:18:44] [51/459] RRMP
[01:18:45] [52/459] MAHB
[01:18:46] [53/459] MTKR
[01:18:47] [54/459] KSKL
[01:18:48] [55/459] RJLT
[01:18:49] [56/459] ATAS
[01:18:50] [57/459] AMHR
[01:18:50] 🔄 Identity reset
[01:18:50] 🔄 Identity rotated (every 10 requests)
[01:18:50] [58/459] RSRM
[01:18:51] [59/459] GCAT
[01:18:52] [60/459] SMML
[01:18:53] [61/459] ACCD
[01:18:55] [62/459] VYDA
[01:18:55] [63/459] MSKT
[01:18:56] [64/459] AVDM
[01:18:57] [65/459] ASMH
[01:18:58] [66/459] VTMB
[01:18:59] [67/459] WVMB
[01:18:59] 🔄 Identity reset
[01:19:00] 🔄 Identity rotated (every 10 requests)
[01:19:00] [68/459] PPMN
[01:19:01] [69/459] MTMD
[01:19:01] [70/459] SMMO
[01:19:02] [71/459] DLPB
[01:19:03] [72/459] AKMD
[01:19:04] [73/459] SHRR
[01:19:05] [74/459] ASCO
[01:19:06] [75/459] CZVX
[01:19:06] [76/459] GCBB
[01:19:07] [77/459] ATBM
[01:19:08] 🔄 Identity reset
[01:19:08] 🔄 Identity rotated (every 10 requests)
[01:19:08] [78/459] TCGM
[01:19:09] [79/459] UMSE
[01:19:10] [80/459] NKCL
[01:19:10] [81/459] BTLR
[01:19:11] [82/459] GOCL
[01:19:12] [83/459] MIRN
[01:19:13] [84/459] THEC
[01:19:14] [85/459] SPPB
[01:19:15] [86/459] PMMM
[01:19:16] [87/459] GGMC
[01:19:16] 🔄 Identity reset
[01:19:16] 🔄 Identity rotated (every 10 requests)
[01:19:17] [88/459] AVSR
[01:19:18] [89/459] RDMH
[01:19:18] [90/459] JSRS
[01:19:20] [91/459] VKGP
[01:19:22] [92/459] ACRT
[01:19:22] [93/459] GCBA
[01:19:23] [94/459] GTCP
[01:19:24] [95/459] AKFC
[01:19:25] [96/459] INCS
[01:19:26] [97/459] SMCK
[01:19:27] 🔄 Identity reset
[01:19:27] 🔄 Identity rotated (every 10 requests)
[01:19:27] [98/459] BRUN
[01:19:28] [99/459] RPPC
[01:19:29] [100/459] PAYD
[01:19:30] [101/459] SVVT
[01:19:31] [102/459] RNCC
[01:19:32] [103/459] PCRC
[01:19:32] [104/459] PMRM
[01:19:33] [105/459] CCRP
[01:19:34] [106/459] INCR
[01:19:35] [107/459] ZTMP
[01:19:36] 🔄 Identity reset
[01:19:36] 🔄 Identity rotated (every 10 requests)
[01:19:36] 🔄 Retry 1/5 for ZTMP in 2.6s
[01:19:36] 🔄 Identity reset
[01:19:38] 🧠 New identity created
[01:19:39] [108/459] MCNR
[01:19:39] [109/459] INRP
[01:19:40] [110/459] STRC
[01:19:41] [111/459] RATI
[01:19:42] [112/459] PBTR
[01:19:42] [113/459] CMHP
[01:19:43] [114/459] ZECJ
[01:19:44] [115/459] CCCB
[01:19:45] [116/459] BWCB
[01:19:46] 🔄 Identity reset
[01:19:46] 🔄 Identity rotated (every 10 requests)
[01:19:46] 🔄 Retry 1/5 for BWCB in 2.9s
[01:19:46] 🔄 Identity reset
[01:19:49] 🧠 New identity created
[01:19:49] [117/459] CCAT
[01:19:50] [118/459] KGCM
[01:19:51] [119/459] INPT
[01:19:51] [120/459] FNCO
[01:19:52] [121/459] SRMJ
[01:19:53] [122/459] PFSC
[01:19:54] [123/459] PBMC
[01:19:55] [124/459] KARP
[01:19:56] [125/459] KOVI
[01:19:57] 🔄 Identity reset
[01:19:57] 🔄 Identity rotated (every 10 requests)
[01:19:58] [126/459] ACXL
[01:19:58] [127/459] GKCC
[01:19:59] [128/459] ASCC
[01:20:00] [129/459] SETC
[01:20:01] [130/459] KACC
[01:20:02] [131/459] KAVE
[01:20:03] [132/459] CNTC
[01:20:04] [133/459] MEEN
[01:20:05] [134/459] BMRV
[01:20:05] [135/459] SVAM
[01:20:06] 🔄 Identity reset
[01:20:06] 🔄 Identity rotated (every 10 requests)
[01:20:07] [136/459] VTBP
[01:20:07] [137/459] VCKN
[01:20:08] [138/459] SGTK
[01:20:09] [139/459] RCGS
[01:20:10] [140/459] RCCB
[01:20:11] [141/459] RKSR
[01:20:12] [142/459] RKCU
[01:20:13] [143/459] GIBH
[01:20:13] [144/459] CXBS
[01:20:14] [145/459] GGCB
[01:20:15] 🔄 Identity reset
[01:20:15] 🔄 Identity rotated (every 10 requests)
[01:20:15] [146/459] SCPB
[01:20:16] [147/459] AKTB
[01:20:17] [148/459] SRBU
[01:20:18] [149/459] CSSA
[01:20:19] [150/459] MYAN
[01:20:19] [151/459] EXCA
[01:20:20] [152/459] CKSA
[01:20:21] [153/459] JTNM
[01:20:22] [154/459] CXKT
[01:20:23] [155/459] NCLM
[01:20:23] 🔄 Identity reset
[01:20:23] 🔄 Identity rotated (every 10 requests)
[01:20:24] [156/459] JAAD
[01:20:25] [157/459] RDCR
[01:20:26] [158/459] MEER
[01:20:27] [159/459] SIBT
[01:20:28] [160/459] PVVB
[01:20:29] [161/459] FNPN
[01:20:29] [162/459] CRPX
[01:20:30] [163/459] STET
[01:20:31] [164/459] METE
[01:20:32] [165/459] BJML
[01:20:33] 🔄 Identity reset
[01:20:33] 🔄 Identity rotated (every 10 requests)
[01:20:33] [166/459] MAVT
[01:20:34] [167/459] MSRM
[01:20:35] [168/459] TJMP
[01:20:36] [169/459] MHCK
[01:20:37] [170/459] SVGP
[01:20:38] [171/459] KRRC
[01:20:38] [172/459] IMCH
[01:20:39] [173/459] CMCS
[01:20:41] [174/459] SGND
[01:20:42] [175/459] RNAT
[01:20:42] 🔄 Identity reset
[01:20:42] 🔄 Identity rotated (every 10 requests)
[01:20:42] 🔄 Retry 1/5 for RNAT in 2.6s
[01:20:42] 🔄 Identity reset
[01:20:45] 🧠 New identity created
[01:20:45] [176/459] PRTN
[01:20:46] [177/459] MPTN
[01:20:47] [178/459] ARCC
[01:20:48] [179/459] NTTE
[01:20:49] [180/459] ABND
[01:20:49] [181/459] KCSN
[01:20:50] [182/459] KCSA
[01:20:51] [183/459] DCKT
[01:20:52] [184/459] MBBR
[01:20:52] 🔄 Identity reset
[01:20:52] 🔄 Identity rotated (every 10 requests)
[01:20:53] [185/459] RAMU
[01:20:53] [186/459] RACW
[01:20:54] [187/459] MCHP
[01:20:55] [188/459] TMHM
[01:20:56] [189/459] STXH
[01:20:57] [190/459] AGSG
[01:20:58] [191/459] SIRA
[01:20:59] [192/459] RCAN
[01:21:00] [193/459] CWTB
[01:21:01] [194/459] VTYM
[01:21:02] 🔄 Identity reset
[01:21:02] 🔄 Identity rotated (every 10 requests)
[01:21:02] [195/459] RRPP
[01:21:03] [196/459] ASMR
[01:21:04] [197/459] RONO
[01:21:05] [198/459] MEMR
[01:21:05] [199/459] CTMR
[01:21:06] [200/459] PMTT
[01:21:07] [201/459] PSLX
[01:21:09] [202/459] IPPL
[01:21:09] [203/459] MMSG
[01:21:10] [204/459] INEL
[01:21:11] 🔄 Identity reset
[01:21:11] 🔄 Identity rotated (every 10 requests)
[01:21:11] 🔄 Retry 1/5 for INEL in 2.3s
[01:21:11] 🔄 Identity reset
[01:21:13] 🧠 New identity created
[01:21:13] [205/459] COAC
[01:21:14] [206/459] WVLK
[01:21:15] [207/459] PPXL
[01:21:16] [208/459] PSML
[01:21:17] [209/459] FNLK
[01:21:18] [210/459] ILUM
[01:21:20] [211/459] ILCM
[01:21:21] [212/459] MSNL
[01:21:22] [213/459] VINB
[01:21:22] 🔄 Identity reset
[01:21:22] 🔄 Identity rotated (every 10 requests)
[01:21:22] [214/459] SALW
[01:21:23] [215/459] PRTB
[01:21:24] [216/459] NCIL
[01:21:25] [217/459] PSUL
[01:21:26] [218/459] SCLK
[01:21:27] [219/459] ADDC
[01:21:28] [220/459] OACL
[01:21:29] [221/459] OOCF
[01:21:30] [222/459] GPMF
[01:21:30] [223/459] SSDG
[01:21:31] 🔄 Identity reset
[01:21:31] 🔄 Identity rotated (every 10 requests)
[01:21:31] 🔄 Retry 1/5 for SSDG in 2.9s
[01:21:31] 🔄 Identity reset
[01:21:34] 🧠 New identity created
[01:21:34] [224/459] SKRS
[01:21:35] [225/459] NTTP
[01:21:36] [226/459] SLTP
[01:21:37] [227/459] JTLC
[01:21:38] [228/459] POON
[01:21:39] [229/459] CCPC
[01:21:40] [230/459] DCKC
[01:21:41] [231/459] CPRT
[01:21:42] [232/459] EYHZ
[01:21:42] 🔄 Identity reset
[01:21:42] 🔄 Identity rotated (every 10 requests)
[01:21:42] 🔄 Retry 1/5 for EYHZ in 3.0s
[01:21:42] 🔄 Identity reset
[01:21:45] 🧠 New identity created
[01:21:46] [233/459] ARBL
[01:21:47] [234/459] SBTB
[01:21:48] [235/459] MMCK
[01:21:48] [236/459] PLMR
[01:21:49] [237/459] BIJH
[01:21:50] [238/459] SDRT
[01:21:51] [239/459] PRDC
[01:21:53] [240/459] OMJA
[01:21:54] [241/459] VKCR
[01:21:54] 🔄 Identity reset
[01:21:54] 🔄 Identity rotated (every 10 requests)
[01:21:54] 🔄 Retry 1/5 for VKCR in 2.2s
[01:21:54] 🔄 Identity reset
[01:21:57] 🧠 New identity created
[01:21:57] [242/459] ATRT
[01:21:58] [243/459] WVRP
[01:21:59] [244/459] MVRP
[01:22:00] [245/459] FCAX
[01:22:02] [246/459] CTLC
[01:22:03] [247/459] JCHB
[01:22:03] [248/459] SELP
[01:22:04] [249/459] VCPG
[01:22:05] [250/459] ASCX
[01:22:06] 🔄 Identity reset
[01:22:06] 🔄 Identity rotated (every 10 requests)
[01:22:06] [251/459] EOCS
[01:22:07] [252/459] RCPH
[01:22:07] [253/459] RJTM
[01:22:08] [254/459] SGMD
[01:22:09] [255/459] SVJT
[01:22:10] [256/459] SPPO
[01:22:11] [257/459] MNRL
[01:22:12] [258/459] KNOX
[01:22:13] [259/459] GIER
[01:22:14] [260/459] PJMS
[01:22:15] 🔄 Identity reset
[01:22:15] 🔄 Identity rotated (every 10 requests)
[01:22:15] [261/459] UNSP
[01:22:16] [262/459] JETP
[01:22:17] [263/459] VTWA
[01:22:18] [264/459] SCJI
[01:22:18] [265/459] CBZZ
[01:22:19] [266/459] SDCJ
[01:22:20] [267/459] RRCC
[01:22:21] [268/459] VNKG
[01:22:22] [269/459] LKTO
[01:22:23] [270/459] PJRM
[01:22:23] 🔄 Identity reset
[01:22:23] 🔄 Identity rotated (every 10 requests)
[01:22:24] 🔄 Retry 1/5 for PJRM in 2.3s
[01:22:24] 🔄 Identity reset
[01:22:26] 🧠 New identity created
[01:22:26] [271/459] NVRM
[01:22:28] [272/459] SJCS
[01:22:29] [273/459] VIGK
[01:22:30] [274/459] ANST
[01:22:31] [275/459] JTTS
[01:22:33] [276/459] NTST
[01:22:33] [277/459] PREB
[01:22:34] [278/459] TSCZ
[01:22:35] [279/459] CDCM
[01:22:36] 🔄 Identity reset
[01:22:36] 🔄 Identity rotated (every 10 requests)
[01:22:36] [280/459] ELYE
[01:22:37] [281/459] INBS
[01:22:38] [282/459] SMGC
[01:22:39] [283/459] UTMP
[01:22:39] [284/459] INTA
[01:22:40] [285/459] OMPT
[01:22:41] [286/459] SCIR
[01:22:42] [287/459] GCKJ
[01:22:43] [288/459] INOG
[01:22:44] [289/459] SMGB
[01:22:45] 🔄 Identity reset
[01:22:45] 🔄 Identity rotated (every 10 requests)
[01:22:46] [290/459] MCSG
[01:22:46] [291/459] STKG
[01:22:47] [292/459] TTKG
[01:22:48] [293/459] SRTR
[01:22:49] [294/459] ETTR
[01:22:50] [295/459] GGGZ
[01:22:51] [296/459] IPGM
[01:22:51] [297/459] FCDH
[01:22:52] [298/459] DESB
[01:22:53] [299/459] VNTP
[01:22:54] 🔄 Identity reset
[01:22:54] 🔄 Identity rotated (every 10 requests)
[01:22:54] [300/459] ANNT
[01:22:55] [301/459] SLTI
[01:22:56] [302/459] MAJU
[01:22:56] [303/459] JCXP
[01:22:57] [304/459] HARK
[01:22:58] [305/459] JPCJ
[01:22:59] [306/459] RXBD
[01:23:00] [307/459] PTKJ
[01:23:02] [308/459] CMTU
[01:23:03] [309/459] SWOR
[01:23:04] 🔄 Identity reset
[01:23:04] 🔄 Identity rotated (every 10 requests)
[01:23:04] [310/459] JMEX
[01:23:05] [311/459] DTPT
[01:23:07] [312/459] VGMM
[01:23:07] [313/459] VCSG
[01:23:08] [314/459] CVCG
[01:23:09] [315/459] TNTT
[01:23:10] [316/459] SHRM
[01:23:11] [317/459] CGKD
[01:23:12] [318/459] EKCM
[01:23:13] [319/459] SDCX
[01:23:14] 🔄 Identity reset
[01:23:14] 🔄 Identity rotated (every 10 requests)
[01:23:14] 🔄 Retry 1/5 for SDCX in 2.6s
[01:23:14] 🔄 Identity reset
[01:23:16] 🧠 New identity created
[01:23:16] 🔄 Retry 2/5 for SDCX in 4.1s
[01:23:16] 🔄 Identity reset
[01:23:20] 🧠 New identity created
[01:23:21] [320/459] SBTE
[01:23:21] [321/459] STKJ
[01:23:22] [322/459] TPCE
[01:23:23] [323/459] JTNP
[01:23:24] [324/459] LPCH
[01:23:25] [325/459] CPUO
[01:23:26] [326/459] APSU
[01:23:27] [327/459] RTHC
[01:23:28] 🔄 Identity reset
[01:23:28] 🔄 Identity rotated (every 10 requests)
[01:23:28] 🔄 Retry 1/5 for RTHC in 2.5s
[01:23:28] 🔄 Identity reset
[01:23:30] 🧠 New identity created
[01:23:31] [328/459] PTBU
[01:23:31] [329/459] CUCC
[01:23:32] [330/459] CPSA
[01:23:34] [331/459] SUAY
[01:23:34] [332/459] AYAA
[01:23:35] [333/459] MUCH
[01:23:36] [334/459] PCIN
[01:23:37] [335/459] JRRM
[01:23:38] [336/459] KATS
[01:23:39] 🔄 Identity reset
[01:23:39] 🔄 Identity rotated (every 10 requests)
[01:23:39] [337/459] MHFF
[01:23:40] [338/459] ESYM
[01:23:40] [339/459] STYV
[01:23:41] [340/459] SDKG
[01:23:42] [341/459] SMTI
[01:23:43] [342/459] NYCS
[01:23:44] [343/459] MTBG
[01:23:45] [344/459] RHCA
[01:23:46] [345/459] PCKH
[01:23:47] [346/459] ARCR
[01:23:47] 🔄 Identity reset
[01:23:47] 🔄 Identity rotated (every 10 requests)
[01:23:48] [347/459] NCMB
[01:23:48] [348/459] SHYC
[01:23:50] [349/459] LACK
[01:23:51] [350/459] MTCM
[01:23:51] [351/459] RRBN
[01:23:52] [352/459] MYDC
[01:23:53] [353/459] STCS
[01:23:54] [354/459] CONN
[01:23:55] [355/459] SIPS
[01:23:56] [356/459] SMMX
[01:23:56] 🔄 Identity reset
[01:23:56] 🔄 Identity rotated (every 10 requests)
[01:23:57] [357/459] SCBY
[01:23:57] [358/459] SUAP
[01:23:58] [359/459] RSMK
[01:23:59] [360/459] STKP
[01:24:00] [361/459] CIPC
[01:24:01] [362/459] KKCI
[01:24:02] [363/459] CTNK
[01:24:02] [364/459] MMTZ
[01:24:03] [365/459] DCCO
[01:24:05] [366/459] VNMN
[01:24:06] 🔄 Identity reset
[01:24:06] 🔄 Identity rotated (every 10 requests)
[01:24:06] 🔄 Retry 1/5 for VNMN in 2.1s
[01:24:06] 🔄 Identity reset
[01:24:08] 🧠 New identity created
[01:24:08] [367/459] RLCN
[01:24:09] [368/459] CMMS
[01:24:10] [369/459] AYOU
[01:24:10] [370/459] SSCN
[01:24:11] [371/459] SMXN
[01:24:12] [372/459] ASSK
[01:24:13] [373/459] VCKM
[01:24:14] [374/459] PCPH
[01:24:15] [375/459] PADM
[01:24:16] 🔄 Identity reset
[01:24:16] 🔄 Identity rotated (every 10 requests)
[01:24:16] [376/459] IESA
[01:24:18] [377/459] VCSP
[01:24:19] [378/459] AEST
[01:24:21] [379/459] VTNR
[01:24:22] [380/459] GTTA
[01:24:23] [381/459] CMMM
[01:24:24] [382/459] AHKT
[01:24:25] [383/459] SIJI
[01:24:26] [384/459] VCEI
[01:24:27] [385/459] SAKR
[01:24:28] 🔄 Identity reset
[01:24:28] 🔄 Identity rotated (every 10 requests)
[01:24:28] 🔄 Retry 1/5 for SAKR in 2.8s
[01:24:28] 🔄 Identity reset
[01:24:30] 🧠 New identity created
[01:24:31] [386/459] VSMT
[01:24:31] [387/459] SSCT
[01:24:32] [388/459] USTR
[01:24:33] [389/459] MTKT
[01:24:34] [390/459] TGMP
[01:24:35] [391/459] SIVC
[01:24:36] [392/459] KICT
[01:24:37] [393/459] DAMD
[01:24:38] [394/459] CNPT
[01:24:38] 🔄 Identity reset
[01:24:38] 🔄 Identity rotated (every 10 requests)
[01:24:39] [395/459] RVTT
[01:24:40] [396/459] SNCM
[01:24:41] [397/459] GHTE
[01:24:41] [398/459] PPAM
[01:24:42] [399/459] PVAA
[01:24:43] [400/459] CPAO
[01:24:44] [401/459] HAMD
[01:24:45] [402/459] RCCA
[01:24:46] [403/459] MPCH
[01:24:47] [404/459] ARED
[01:24:48] 🔄 Identity reset
[01:24:48] 🔄 Identity rotated (every 10 requests)
[01:24:48] [405/459] RRCV
[01:24:49] [406/459] MTRB
[01:24:50] [407/459] CKUA
[01:24:50] [408/459] ABMP
[01:24:51] [409/459] RCWA
[01:24:52] [410/459] CGAR
[01:24:53] [411/459] METH
[01:24:54] [412/459] WAGA
[01:24:55] [413/459] MCMA
[01:24:56] [414/459] CSMP
[01:24:57] 🔄 Identity reset
[01:24:57] 🔄 Identity rotated (every 10 requests)
[01:24:57] [415/459] RCNK
[01:24:58] [416/459] PSTM
[01:24:59] [417/459] CSEP
[01:25:00] [418/459] AMGD
[01:25:01] [419/459] CSTE
[01:25:02] [420/459] CONS
[01:25:03] [421/459] APPX
[01:25:04] [422/459] MABC
[01:25:05] [423/459] CXST
[01:25:05] [424/459] MATN
[01:25:06] 🔄 Identity reset
[01:25:06] 🔄 Identity rotated (every 10 requests)
[01:25:06] [425/459] MACZ
[01:25:07] [426/459] MASA
[01:25:08] [427/459] MBSX
[01:25:09] [428/459] CSST
[01:25:10] [429/459] APCL
[01:25:11] [430/459] CGOS
[01:25:13] [431/459] CPEC
[01:25:14] [432/459] MCCP
[01:25:14] [433/459] BSSO
[01:25:15] [434/459] SJKA
[01:25:16] 🔄 Identity reset
[01:25:16] 🔄 Identity rotated (every 10 requests)
[01:25:16] [435/459] CGBO
[01:25:17] [436/459] MVSK
[01:25:18] [437/459] HVCA
[01:25:19] [438/459] NAMD
[01:25:20] [439/459] DEVI
[01:25:20] [440/459] SCSV
[01:25:21] [441/459] PSMA
[01:25:22] [442/459] CLDJ
[01:25:23] [443/459] NMAD
[01:25:25] [444/459] CGMO
[01:25:25] 🔄 Identity reset
[01:25:25] 🔄 Identity rotated (every 10 requests)
[01:25:26] [445/459] MCNA
[01:25:27] [446/459] OCBN
[01:25:27] [447/459] CPEM
[01:25:28] [448/459] CPSM
[01:25:29] [449/459] RCAD
[01:25:30] [450/459] CPMU
[01:25:31] [451/459] DICD
[01:25:31] [452/459] CHOE
[01:25:32] [453/459] PDJM
[01:25:33] [454/459] SSTU
[01:25:33] 🔄 Identity reset
[01:25:33] 🔄 Identity rotated (every 10 requests)
[01:25:34] [455/459] VNRN
[01:25:34] [456/459] PVLG
[01:25:35] [457/459] SWBL
[01:25:36] [458/459] SCAB
[01:25:37] [459/459] RDDA
[01:25:37] ✅ DONE | Shows=0 | Movies=0
[01:59:54] 🚀 BMS DAILY TRACKER STARTED (enhanced anti‑detection)
[01:59:54] [1/459] MCCZ
[01:59:55] 🧠 New identity created
[01:59:55] 🔄 Retry 1/5 for MCCZ in 2.5s
[01:59:55] 🔄 Identity reset
[01:59:57] 🧠 New identity created
[01:59:58] [2/459] FRPU
[01:59:59] [3/459] SKSI
[02:00:00] [4/459] SSCK
[02:00:00] [5/459] SRDC
[02:00:01] [6/459] RSCZ
[02:00:01] [7/459] PRVT
[02:00:02] [8/459] GAGJ
[02:00:03] [9/459] SMHG
[02:00:03] 🔄 Identity reset
[02:00:03] 🔄 Identity rotated (every 10 requests)
[02:00:03] [10/459] JTST
[02:00:04] [11/459] MYTH
[02:00:05] [12/459] JPCC
[02:00:06] [13/459] ACDC
[02:00:06] [14/459] SVFP
[02:00:07] [15/459] SFCM
[02:00:08] [16/459] RUPK
[02:00:08] [17/459] NTCR
[02:00:09] [18/459] RTCH
[02:00:10] [19/459] SCMH
[02:00:10] 🔄 Identity reset
[02:00:10] 🔄 Identity rotated (every 10 requests)
[02:00:11] [20/459] SVYM
[02:00:11] [21/459] SPYM
[02:00:12] [22/459] SMMF
[02:00:13] [23/459] CLLB
[02:00:13] [24/459] FMCB
[02:00:14] [25/459] BBTC
[02:00:15] [26/459] NTHS
[02:00:16] [27/459] PKKJ
[02:00:17] [28/459] MTJA
[02:00:18] [29/459] PMSJ
[02:00:18] 🔄 Identity reset
[02:00:18] 🔄 Identity rotated (every 10 requests)
[02:00:18] [30/459] JMJU
[02:00:20] [31/459] SRAD
[02:00:21] [32/459] MJMC
[02:00:22] [33/459] DFRM
[02:00:22] [34/459] PMRS
[02:00:23] [35/459] RKPP
[02:00:23] [36/459] BMBK
[02:00:24] [37/459] NEWS
[02:00:25] [38/459] SALB
[02:00:25] [39/459] SCPW
[02:00:26] 🔄 Identity reset
[02:00:26] 🔄 Identity rotated (every 10 requests)
[02:00:26] [40/459] RAYL
[02:00:27] [41/459] CMGJ
[02:00:28] [42/459] JRCR
[02:00:29] [43/459] SRTB
[02:00:30] [44/459] ETPB
[02:00:31] [45/459] MXBN
[02:00:31] [46/459] TOPE
[02:00:32] [47/459] SNLJ
[02:00:33] [48/459] CDDP
[02:00:33] [49/459] APCX
[02:00:34] 🔄 Identity reset
[02:00:34] 🔄 Identity rotated (every 10 requests)
[02:00:35] [50/459] TALP
[02:00:35] [51/459] RRMP
[02:00:36] [52/459] MAHB
[02:00:37] [53/459] MTKR
[02:00:38] [54/459] KSKL
[02:00:39] [55/459] RJLT
[02:00:40] [56/459] ATAS
[02:00:40] [57/459] AMHR
[02:00:41] [58/459] RSRM
[02:00:42] [59/459] GCAT
[02:00:43] 🔄 Identity reset
[02:00:43] 🔄 Identity rotated (every 10 requests)
[02:00:43] [60/459] SMML
[02:00:43] [61/459] ACCD
[02:00:44] [62/459] VYDA
[02:00:45] [63/459] MSKT
[02:00:45] [64/459] AVDM
[02:00:46] [65/459] ASMH
[02:00:47] [66/459] VTMB
[02:00:47] [67/459] WVMB
[02:00:48] [68/459] PPMN
[02:00:49] [69/459] MTMD
[02:00:50] 🔄 Identity reset
[02:00:50] 🔄 Identity rotated (every 10 requests)
[02:00:50] [70/459] SMMO
[02:00:51] [71/459] DLPB
[02:00:52] [72/459] AKMD
[02:00:53] [73/459] SHRR
[02:00:54] [74/459] ASCO
[02:00:55] [75/459] CZVX
[02:00:56] [76/459] GCBB
[02:00:56] [77/459] ATBM
[02:00:57] [78/459] TCGM
[02:00:58] [79/459] UMSE
[02:00:58] 🔄 Identity reset
[02:00:58] 🔄 Identity rotated (every 10 requests)
[02:00:59] 🔄 Retry 1/5 for UMSE in 2.9s
[02:00:59] 🔄 Identity reset
[02:01:01] 🧠 New identity created
[02:01:02] [80/459] NKCL
[02:01:03] [81/459] BTLR
[02:01:04] [82/459] GOCL
[02:01:04] [83/459] MIRN
[02:01:05] [84/459] THEC
[02:01:06] [85/459] SPPB
[02:01:07] [86/459] PMMM
[02:01:08] [87/459] GGMC
[02:01:08] [88/459] AVSR
[02:01:09] 🔄 Identity reset
[02:01:09] 🔄 Identity rotated (every 10 requests)
[02:01:09] [89/459] RDMH
[02:01:10] [90/459] JSRS
[02:01:11] [91/459] VKGP
[02:01:13] [92/459] ACRT
[02:01:14] [93/459] GCBA
[02:01:15] [94/459] GTCP
[02:01:15] [95/459] AKFC
[02:01:16] [96/459] INCS
[02:01:17] [97/459] SMCK
[02:01:18] [98/459] BRUN
[02:01:19] 🔄 Identity reset
[02:01:19] 🔄 Identity rotated (every 10 requests)
[02:01:19] [99/459] RPPC
[02:01:19] [100/459] PAYD
[02:01:20] [101/459] SVVT
[02:01:21] [102/459] RNCC
[02:01:22] [103/459] PCRC
[02:01:23] [104/459] PMRM
[02:01:24] [105/459] CCRP
[02:01:25] [106/459] INCR
[02:01:26] [107/459] ZTMP
[02:01:26] [108/459] MCNR
[02:01:27] 🔄 Identity reset
[02:01:27] 🔄 Identity rotated (every 10 requests)
[02:01:28] [109/459] INRP
[02:01:28] [110/459] STRC
[02:01:29] [111/459] RATI
[02:01:30] [112/459] PBTR
[02:01:31] [113/459] CMHP
[02:01:31] [114/459] ZECJ
[02:01:32] [115/459] CCCB
[02:01:33] [116/459] BWCB
[02:01:33] [117/459] CCAT
[02:01:34] [118/459] KGCM
[02:01:35] 🔄 Identity reset
[02:01:35] 🔄 Identity rotated (every 10 requests)
[02:01:35] 🔄 Retry 1/5 for KGCM in 2.1s
[02:01:35] 🔄 Identity reset
[02:01:37] 🧠 New identity created
[02:01:37] [119/459] INPT
[02:01:39] [120/459] FNCO
[02:01:40] [121/459] SRMJ
[02:01:41] [122/459] PFSC
[02:01:42] [123/459] PBMC
[02:01:42] [124/459] KARP
[02:01:44] [125/459] KOVI
[02:01:45] [126/459] ACXL
[02:01:46] [127/459] GKCC
[02:01:46] 🔄 Identity reset
[02:01:46] 🔄 Identity rotated (every 10 requests)
[02:01:46] 🔄 Retry 1/5 for GKCC in 2.4s
[02:01:46] 🔄 Identity reset
[02:01:49] 🧠 New identity created
[02:01:49] 🔄 Retry 2/5 for GKCC in 4.5s
[02:01:49] 🔄 Identity reset
[02:01:53] 🧠 New identity created
[02:01:53] [128/459] ASCC
[02:01:54] [129/459] SETC
[02:01:55] [130/459] KACC
[02:01:56] [131/459] KAVE
[02:01:56] [132/459] CNTC
[02:01:57] [133/459] MEEN
[02:01:58] [134/459] BMRV
[02:01:59] [135/459] SVAM
[02:01:59] 🔄 Identity reset
[02:01:59] 🔄 Identity rotated (every 10 requests)
[02:01:59] [136/459] VTBP
[02:02:00] [137/459] VCKN
[02:02:01] [138/459] SGTK
[02:02:02] [139/459] RCGS
[02:02:02] [140/459] RCCB
[02:02:04] [141/459] RKSR
[02:02:05] [142/459] RKCU
[02:02:05] [143/459] GIBH
[02:02:06] [144/459] CXBS
[02:02:07] [145/459] GGCB
[02:02:08] 🔄 Identity reset
[02:02:08] 🔄 Identity rotated (every 10 requests)
[02:02:08] [146/459] SCPB
[02:02:09] [147/459] AKTB
[02:02:10] [148/459] SRBU
[02:02:11] [149/459] CSSA
[02:02:12] [150/459] MYAN
[02:02:12] [151/459] EXCA
[02:02:13] [152/459] CKSA
[02:02:14] [153/459] JTNM
[02:02:14] [154/459] CXKT
[02:02:15] [155/459] NCLM
[02:02:15] 🔄 Identity reset
[02:02:16] 🔄 Identity rotated (every 10 requests)
[02:02:16] [156/459] JAAD
[02:02:16] [157/459] RDCR
[02:02:17] [158/459] MEER
[02:02:18] [159/459] SIBT
[02:02:18] [160/459] PVVB
[02:02:19] [161/459] FNPN
[02:02:20] [162/459] CRPX
[02:02:20] [163/459] STET
[02:02:21] [164/459] METE
[02:02:22] [165/459] BJML
[02:02:23] 🔄 Identity reset
[02:02:23] 🔄 Identity rotated (every 10 requests)
[02:02:23] [166/459] MAVT
[02:02:24] [167/459] MSRM
[02:02:24] [168/459] TJMP
[02:02:25] [169/459] MHCK
[02:02:26] [170/459] SVGP
[02:02:26] [171/459] KRRC
[02:02:27] [172/459] IMCH
[02:02:28] [173/459] CMCS
[02:02:28] [174/459] SGND
[02:02:29] [175/459] RNAT
[02:02:30] 🔄 Identity reset
[02:02:30] 🔄 Identity rotated (every 10 requests)
[02:02:30] 🔄 Retry 1/5 for RNAT in 2.4s
[02:02:30] 🔄 Identity reset
[02:02:32] 🧠 New identity created
[02:02:32] 🔄 Retry 2/5 for RNAT in 4.2s
[02:02:32] 🔄 Identity reset
[02:02:37] 🧠 New identity created
[02:02:37] 🔄 Retry 3/5 for RNAT in 8.9s
[02:02:37] 🔄 Identity reset
[02:02:46] 🧠 New identity created
[02:02:46] [176/459] PRTN
[02:02:47] [177/459] MPTN
[02:02:48] [178/459] ARCC
[02:02:49] [179/459] NTTE
[02:02:49] [180/459] ABND
[02:02:50] [181/459] KCSN
[02:02:51] [182/459] KCSA
[02:02:51] 🔄 Identity reset
[02:02:51] 🔄 Identity rotated (every 10 requests)
[02:02:51] 🔄 Retry 1/5 for KCSA in 2.3s
[02:02:51] 🔄 Identity reset
[02:02:54] 🧠 New identity created
[02:02:54] [183/459] DCKT
[02:02:54] [184/459] MBBR
[02:02:55] [185/459] RAMU
[02:02:56] [186/459] RACW
[02:02:57] [187/459] MCHP
[02:02:57] [188/459] TMHM
[02:02:58] [189/459] STXH
[02:02:59] [190/459] AGSG
[02:03:00] [191/459] SIRA
[02:03:00] 🔄 Identity reset
[02:03:00] 🔄 Identity rotated (every 10 requests)
[02:03:00] [192/459] RCAN
[02:03:01] [193/459] CWTB
[02:03:02] [194/459] VTYM
[02:03:03] [195/459] RRPP
[02:03:04] [196/459] ASMR
[02:03:05] [197/459] RONO
[02:03:06] [198/459] MEMR
[02:03:07] [199/459] CTMR
[02:03:08] [200/459] PMTT
[02:03:08] [201/459] PSLX
[02:03:09] 🔄 Identity reset
[02:03:09] 🔄 Identity rotated (every 10 requests)
[02:03:09] [202/459] IPPL
[02:03:10] [203/459] MMSG
[02:03:11] [204/459] INEL
[02:03:11] [205/459] COAC
[02:03:12] [206/459] WVLK
[02:03:13] [207/459] PPXL
[02:03:14] [208/459] PSML
[02:03:15] [209/459] FNLK
[02:03:16] [210/459] ILUM
[02:03:16] [211/459] ILCM
[02:03:17] 🔄 Identity reset
[02:03:17] 🔄 Identity rotated (every 10 requests)
[02:03:17] 🔄 Retry 1/5 for ILCM in 2.8s
[02:03:17] 🔄 Identity reset
[02:03:20] 🧠 New identity created
[02:03:20] 🔄 Retry 2/5 for ILCM in 4.4s
[02:03:20] 🔄 Identity reset
[02:03:24] 🧠 New identity created
[02:03:24] 🔄 Retry 3/5 for ILCM in 9.0s
[02:03:24] 🔄 Identity reset
[02:03:33] 🧠 New identity created
[02:03:34] [212/459] MSNL
[02:03:35] [213/459] VINB
[02:03:35] [214/459] SALW
[02:03:36] [215/459] PRTB
[02:03:37] [216/459] NCIL
[02:03:38] [217/459] PSUL
[02:03:38] [218/459] SCLK
[02:03:39] 🔄 Identity reset
[02:03:39] 🔄 Identity rotated (every 10 requests)
[02:03:39] [219/459] ADDC
[02:03:40] [220/459] OACL
[02:03:40] [221/459] OOCF
[02:03:41] [222/459] GPMF
[02:03:41] [223/459] SSDG
[02:03:42] [224/459] SKRS
[02:03:43] [225/459] NTTP
[02:03:43] [226/459] SLTP
[02:03:44] [227/459] JTLC
[02:03:45] [228/459] POON
[02:03:45] 🔄 Identity reset
[02:03:45] 🔄 Identity rotated (every 10 requests)
[02:03:46] [229/459] CCPC
[02:03:47] [230/459] DCKC
[02:03:47] [231/459] CPRT
[02:03:48] [232/459] EYHZ
[02:03:49] [233/459] ARBL
[02:03:50] [234/459] SBTB
[02:03:51] [235/459] MMCK
[02:03:53] [236/459] PLMR
[02:03:54] [237/459] BIJH
[02:03:54] [238/459] SDRT
[02:03:55] 🔄 Identity reset
[02:03:55] 🔄 Identity rotated (every 10 requests)
[02:03:55] 🔄 Retry 1/5 for SDRT in 2.0s
[02:03:55] 🔄 Identity reset
[02:03:57] 🧠 New identity created
[02:03:57] 🔄 Retry 2/5 for SDRT in 4.6s
[02:03:57] 🔄 Identity reset
[02:04:02] 🧠 New identity created
[02:04:02] [239/459] PRDC
[02:04:03] [240/459] OMJA
[02:04:04] [241/459] VKCR
[02:04:05] [242/459] ATRT
[02:04:05] [243/459] WVRP
[02:04:06] [244/459] MVRP
[02:04:07] [245/459] FCAX
[02:04:08] [246/459] CTLC
[02:04:09] 🔄 Identity reset
[02:04:09] 🔄 Identity rotated (every 10 requests)
[02:04:09] [247/459] JCHB
[02:04:10] [248/459] SELP
[02:04:12] [249/459] VCPG
[02:04:13] [250/459] ASCX
[02:04:14] [251/459] EOCS
[02:04:15] [252/459] RCPH
[02:04:16] [253/459] RJTM
[02:04:17] [254/459] SGMD
[02:04:18] [255/459] SVJT
[02:04:19] [256/459] SPPO
[02:04:19] 🔄 Identity reset
[02:04:19] 🔄 Identity rotated (every 10 requests)
[02:04:20] [257/459] MNRL
[02:04:21] [258/459] KNOX
[02:04:23] [259/459] GIER
[02:04:24] [260/459] PJMS
[02:04:25] [261/459] UNSP
[02:04:26] [262/459] JETP
[02:04:26] [263/459] VTWA
[02:04:27] [264/459] SCJI
[02:04:28] [265/459] CBZZ
[02:04:29] [266/459] SDCJ
[02:04:30] 🔄 Identity reset
[02:04:30] 🔄 Identity rotated (every 10 requests)
[02:04:30] [267/459] RRCC
[02:04:31] [268/459] VNKG
[02:04:32] [269/459] LKTO
[02:04:33] [270/459] PJRM
[02:04:35] [271/459] NVRM
[02:04:36] [272/459] SJCS
[02:04:37] [273/459] VIGK
[02:04:38] [274/459] ANST
[02:04:39] [275/459] JTTS
[02:04:40] [276/459] NTST
[02:04:41] 🔄 Identity reset
[02:04:41] 🔄 Identity rotated (every 10 requests)
[02:04:41] 🔄 Retry 1/5 for NTST in 2.4s
[02:04:41] 🔄 Identity reset
[02:04:43] 🧠 New identity created
[02:04:44] [277/459] PREB
[02:04:44] [278/459] TSCZ
[02:04:45] [279/459] CDCM
[02:04:46] [280/459] ELYE
[02:04:47] [281/459] INBS
[02:04:48] [282/459] SMGC
[02:04:49] [283/459] UTMP
[02:04:50] [284/459] INTA
[02:04:51] [285/459] OMPT
[02:04:51] 🔄 Identity reset
[02:04:51] 🔄 Identity rotated (every 10 requests)
[02:04:51] 🔄 Retry 1/5 for OMPT in 2.3s
[02:04:51] 🔄 Identity reset
[02:04:54] 🧠 New identity created
[02:04:54] [286/459] SCIR
[02:04:55] [287/459] GCKJ
[02:04:56] [288/459] INOG
[02:04:57] [289/459] SMGB
[02:04:58] [290/459] MCSG
[02:04:59] [291/459] STKG
[02:05:00] [292/459] TTKG
[02:05:01] [293/459] SRTR
[02:05:02] [294/459] ETTR
[02:05:02] 🔄 Identity reset
[02:05:02] 🔄 Identity rotated (every 10 requests)
[02:05:03] 🔄 Retry 1/5 for ETTR in 2.8s
[02:05:03] 🔄 Identity reset
[02:05:05] 🧠 New identity created
[02:05:05] 🔄 Retry 2/5 for ETTR in 4.5s
[02:05:05] 🔄 Identity reset
[02:05:10] 🧠 New identity created
[02:05:10] [295/459] GGGZ
[02:05:11] [296/459] IPGM
[02:05:12] [297/459] FCDH
[02:05:13] [298/459] DESB
[02:05:14] [299/459] VNTP
[02:05:15] [300/459] ANNT
[02:05:16] [301/459] SLTI
[02:05:17] [302/459] MAJU
[02:05:17] 🔄 Identity reset
[02:05:17] 🔄 Identity rotated (every 10 requests)
[02:05:17] 🔄 Retry 1/5 for MAJU in 2.2s
[02:05:17] 🔄 Identity reset
[02:05:20] 🧠 New identity created
[02:05:20] [303/459] JCXP
[02:05:20] [304/459] HARK
[02:05:21] [305/459] JPCJ
[02:05:22] [306/459] RXBD
[02:05:23] [307/459] PTKJ
[02:05:23] [308/459] CMTU
[02:05:24] [309/459] SWOR
[02:05:25] [310/459] JMEX
[02:05:26] [311/459] DTPT
[02:05:26] 🔄 Identity reset
[02:05:26] 🔄 Identity rotated (every 10 requests)
[02:05:27] [312/459] VGMM
[02:05:28] [313/459] VCSG
[02:05:28] [314/459] CVCG
[02:05:29] [315/459] TNTT
[02:05:30] [316/459] SHRM
[02:05:31] [317/459] CGKD
[02:05:31] [318/459] EKCM
[02:05:32] [319/459] SDCX
[02:05:33] [320/459] SBTE
[02:05:34] [321/459] STKJ
[02:05:34] 🔄 Identity reset
[02:05:34] 🔄 Identity rotated (every 10 requests)
[02:05:35] [322/459] TPCE
[02:05:35] [323/459] JTNP
[02:05:37] [324/459] LPCH
[02:05:38] [325/459] CPUO
[02:05:38] [326/459] APSU
[02:05:40] [327/459] RTHC
[02:05:41] [328/459] PTBU
[02:05:42] [329/459] CUCC
[02:05:43] [330/459] CPSA
[02:05:44] [331/459] SUAY
[02:05:45] 🔄 Identity reset
[02:05:45] 🔄 Identity rotated (every 10 requests)
[02:05:45] [332/459] AYAA
[02:05:46] [333/459] MUCH
[02:05:48] [334/459] PCIN
[02:05:48] [335/459] JRRM
[02:05:49] [336/459] KATS
[02:05:50] [337/459] MHFF
[02:05:51] [338/459] ESYM
[02:05:52] [339/459] STYV
[02:05:53] [340/459] SDKG
[02:05:53] [341/459] SMTI
[02:05:54] 🔄 Identity reset
[02:05:54] 🔄 Identity rotated (every 10 requests)
[02:05:54] [342/459] NYCS
[02:05:55] [343/459] MTBG
[02:05:56] [344/459] RHCA
[02:05:57] [345/459] PCKH
[02:05:58] [346/459] ARCR
[02:05:58] [347/459] NCMB
[02:05:59] [348/459] SHYC
[02:06:00] [349/459] LACK
[02:06:01] [350/459] MTCM
[02:06:02] [351/459] RRBN
[02:06:03] 🔄 Identity reset
[02:06:03] 🔄 Identity rotated (every 10 requests)
[02:06:04] [352/459] MYDC
[02:06:04] [353/459] STCS
[02:06:05] [354/459] CONN
[02:06:07] [355/459] SIPS
[02:06:08] [356/459] SMMX
[02:06:09] [357/459] SCBY
[02:06:10] [358/459] SUAP
[02:06:11] [359/459] RSMK
[02:06:12] [360/459] STKP
[02:06:13] [361/459] CIPC
[02:06:14] 🔄 Identity reset
[02:06:14] 🔄 Identity rotated (every 10 requests)
[02:06:14] [362/459] KKCI
[02:06:15] [363/459] CTNK
[02:06:16] [364/459] MMTZ
[02:06:16] [365/459] DCCO
[02:06:17] [366/459] VNMN
[02:06:18] [367/459] RLCN
[02:06:19] [368/459] CMMS
[02:06:20] [369/459] AYOU
[02:06:21] [370/459] SSCN
[02:06:22] [371/459] SMXN
[02:06:23] 🔄 Identity reset
[02:06:23] 🔄 Identity rotated (every 10 requests)
[02:06:24] [372/459] ASSK
[02:06:25] [373/459] VCKM
[02:06:26] [374/459] PCPH
[02:06:26] [375/459] PADM
[02:06:27] [376/459] IESA
[02:06:28] [377/459] VCSP
[02:06:30] [378/459] AEST
[02:06:31] [379/459] VTNR
[02:06:32] [380/459] GTTA
[02:06:33] [381/459] CMMM
[02:06:33] 🔄 Identity reset
[02:06:33] 🔄 Identity rotated (every 10 requests)
[02:06:33] 🔄 Retry 1/5 for CMMM in 2.4s
[02:06:33] 🔄 Identity reset
[02:06:36] 🧠 New identity created
[02:06:36] [382/459] AHKT
[02:06:37] [383/459] SIJI
[02:06:37] [384/459] VCEI
[02:06:38] [385/459] SAKR
[02:06:39] [386/459] VSMT
[02:06:39] [387/459] SSCT
[02:06:40] [388/459] USTR
[02:06:40] [389/459] MTKT
[02:06:41] [390/459] TGMP
[02:06:42] 🔄 Identity reset
[02:06:42] 🔄 Identity rotated (every 10 requests)
[02:06:42] [391/459] SIVC
[02:06:42] [392/459] KICT
[02:06:43] [393/459] DAMD
[02:06:44] [394/459] CNPT
[02:06:45] [395/459] RVTT
[02:06:46] [396/459] SNCM
[02:06:46] [397/459] GHTE
[02:06:47] [398/459] PPAM
[02:06:48] [399/459] PVAA
[02:06:49] [400/459] CPAO
[02:06:49] 🔄 Identity reset
[02:06:49] 🔄 Identity rotated (every 10 requests)
[02:06:50] [401/459] HAMD
[02:06:50] [402/459] RCCA
[02:06:51] [403/459] MPCH
[02:06:52] [404/459] ARED
[02:06:53] [405/459] RRCV
[02:06:53] [406/459] MTRB
[02:06:54] [407/459] CKUA
[02:06:55] [408/459] ABMP
[02:06:56] [409/459] RCWA
[02:06:57] [410/459] CGAR
[02:06:57] 🔄 Identity reset
[02:06:57] 🔄 Identity rotated (every 10 requests)
[02:06:58] [411/459] METH
[02:06:58] [412/459] WAGA
[02:07:00] [413/459] MCMA
[02:07:01] [414/459] CSMP
[02:07:02] [415/459] RCNK
[02:07:03] [416/459] PSTM
[02:07:04] [417/459] CSEP
[02:07:05] [418/459] AMGD
[02:07:06] [419/459] CSTE
[02:07:07] [420/459] CONS
[02:07:07] 🔄 Identity reset
[02:07:07] 🔄 Identity rotated (every 10 requests)
[02:07:07] [421/459] APPX
[02:07:09] [422/459] MABC
[02:07:10] [423/459] CXST
[02:07:10] [424/459] MATN
[02:07:11] [425/459] MACZ
[02:07:12] [426/459] MASA
[02:07:13] [427/459] MBSX
[02:07:14] [428/459] CSST
[02:07:15] [429/459] APCL
[02:07:15] [430/459] CGOS
[02:07:16] 🔄 Identity reset
[02:07:16] 🔄 Identity rotated (every 10 requests)
[02:07:16] [431/459] CPEC
[02:07:17] [432/459] MCCP
[02:07:18] [433/459] BSSO
[02:07:19] [434/459] SJKA
[02:07:20] [435/459] CGBO
[02:07:20] [436/459] MVSK
[02:07:21] [437/459] HVCA
[02:07:22] [438/459] NAMD
[02:07:22] [439/459] DEVI
[02:07:23] [440/459] SCSV
[02:07:24] 🔄 Identity reset
[02:07:24] 🔄 Identity rotated (every 10 requests)
[02:07:24] [441/459] PSMA
[02:07:25] [442/459] CLDJ
[02:07:26] [443/459] NMAD
[02:07:27] [444/459] CGMO
[02:07:28] [445/459] MCNA
[02:07:29] [446/459] OCBN
[02:07:30] [447/459] CPEM
[02:07:31] [448/459] CPSM
[02:07:32] [449/459] RCAD
[02:07:33] [450/459] CPMU
[02:07:33] 🔄 Identity reset
[02:07:33] 🔄 Identity rotated (every 10 requests)
[02:07:34] [451/459] DICD
[02:07:34] [452/459] CHOE
[02:07:35] [453/459] PDJM
[02:07:36] [454/459] SSTU
[02:07:38] [455/459] VNRN
[02:07:38] [456/459] PVLG
[02:07:39] [457/459] SWBL
[02:07:40] [458/459] SCAB
[02:07:41] [459/459] RDDA
[02:07:42] ✅ DONE | Shows=0 | Movies=0
[02:17:29] 🚀 BMS DAILY TRACKER STARTED (enhanced anti‑detection)
[02:17:29] [1/459] MCCZ
[02:17:29] 🧠 New identity created
[02:17:29] 🔄 Retry 1/5 for MCCZ in 2.1s
[02:17:29] 🔄 Identity reset
[02:17:32] 🧠 New identity created
[02:17:32] [2/459] FRPU
[02:17:33] [3/459] SKSI
[02:17:33] [4/459] SSCK
[02:17:34] [5/459] SRDC
[02:17:35] [6/459] RSCZ
[02:17:36] [7/459] PRVT
[02:17:36] [8/459] GAGJ
[02:17:37] [9/459] SMHG
[02:17:38] 🔄 Identity reset
[02:17:38] 🔄 Identity rotated (every 10 requests)
[02:17:38] [10/459] JTST
[02:17:39] [11/459] MYTH
[02:17:39] [12/459] JPCC
[02:17:40] [13/459] ACDC
[02:17:41] [14/459] SVFP
[02:17:42] [15/459] SFCM
[02:17:43] [16/459] RUPK
[02:17:43] [17/459] NTCR
[02:17:44] [18/459] RTCH
[02:17:45] [19/459] SCMH
[02:17:45] 🔄 Identity reset
[02:17:45] 🔄 Identity rotated (every 10 requests)
[02:17:45] [20/459] SVYM
[02:17:46] [21/459] SPYM
[02:17:47] [22/459] SMMF
[02:17:48] [23/459] CLLB
[02:17:48] [24/459] FMCB
[02:17:49] [25/459] BBTC
[02:17:50] [26/459] NTHS
[02:17:51] [27/459] PKKJ
[02:17:51] [28/459] MTJA
[02:17:52] [29/459] PMSJ
[02:17:53] 🔄 Identity reset
[02:17:53] 🔄 Identity rotated (every 10 requests)
[02:17:53] [30/459] JMJU
[02:17:54] [31/459] SRAD
[02:17:54] [32/459] MJMC
[02:17:55] [33/459] DFRM
[02:17:56] [34/459] PMRS
[02:17:57] [35/459] RKPP
[02:17:58] [36/459] BMBK
[02:17:58] [37/459] NEWS
[02:17:59] [38/459] SALB
[02:18:00] [39/459] SCPW
[02:18:00] 🔄 Identity reset
[02:18:00] 🔄 Identity rotated (every 10 requests)
[02:18:01] [40/459] RAYL
[02:18:01] [41/459] CMGJ
[02:18:02] [42/459] JRCR
[02:18:03] [43/459] SRTB
[02:18:03] [44/459] ETPB
[02:18:04] [45/459] MXBN
[02:18:05] [46/459] TOPE
[02:18:05] [47/459] SNLJ
[02:18:06] [48/459] CDDP
[02:18:07] [49/459] APCX
[02:18:07] 🔄 Identity reset
[02:18:07] 🔄 Identity rotated (every 10 requests)
[02:18:07] 🔄 Retry 1/5 for APCX in 2.2s
[02:18:07] 🔄 Identity reset
[02:18:10] 🧠 New identity created
[02:18:10] [50/459] TALP
[02:18:11] [51/459] RRMP
[02:18:11] [52/459] MAHB
[02:18:12] [53/459] MTKR
[02:18:13] [54/459] KSKL
[02:18:14] [55/459] RJLT
[02:18:15] [56/459] ATAS
[02:18:15] [57/459] AMHR
[02:18:16] [58/459] RSRM
[02:18:17] 🔄 Identity reset
[02:18:17] 🔄 Identity rotated (every 10 requests)
[02:18:17] [59/459] GCAT
[02:18:17] [60/459] SMML
[02:18:18] [61/459] ACCD
[02:18:19] [62/459] VYDA
[02:18:20] [63/459] MSKT
[02:18:21] [64/459] AVDM
[02:18:21] [65/459] ASMH
[02:18:22] [66/459] VTMB
[02:18:23] [67/459] WVMB
[02:18:23] [68/459] PPMN
[02:18:24] 🔄 Identity reset
[02:18:24] 🔄 Identity rotated (every 10 requests)
[02:18:24] [69/459] MTMD
[02:18:25] [70/459] SMMO
[02:18:26] [71/459] DLPB
[02:18:26] [72/459] AKMD
[02:18:27] [73/459] SHRR
[02:18:28] [74/459] ASCO
[02:18:29] [75/459] CZVX
[02:18:29] [76/459] GCBB
[02:18:30] [77/459] ATBM
[02:18:31] [78/459] TCGM
[02:18:31] 🔄 Identity reset
[02:18:31] 🔄 Identity rotated (every 10 requests)
[02:18:32] [79/459] UMSE
[02:18:32] [80/459] NKCL
[02:18:33] [81/459] BTLR
[02:18:34] [82/459] GOCL
[02:18:34] [83/459] MIRN
[02:18:35] [84/459] THEC
[02:18:36] [85/459] SPPB
[02:18:36] [86/459] PMMM
[02:18:37] [87/459] GGMC
[02:18:38] [88/459] AVSR
[02:18:39] 🔄 Identity reset
[02:18:39] 🔄 Identity rotated (every 10 requests)
[02:18:39] [89/459] RDMH
[02:18:39] [90/459] JSRS
[02:18:40] [91/459] VKGP
[02:18:41] [92/459] ACRT
[02:18:41] [93/459] GCBA
[02:18:42] [94/459] GTCP
[02:18:43] [95/459] AKFC
[02:18:44] [96/459] INCS
[02:18:44] [97/459] SMCK
[02:18:45] [98/459] BRUN
[02:18:45] 🔄 Identity reset
[02:18:46] 🔄 Identity rotated (every 10 requests)
[02:18:46] 🔄 Retry 1/5 for BRUN in 2.5s
[02:18:46] 🔄 Identity reset
[02:18:48] 🧠 New identity created
[02:18:48] [99/459] RPPC
[02:18:49] [100/459] PAYD
[02:18:50] [101/459] SVVT
[02:18:50] [102/459] RNCC
[02:18:51] [103/459] PCRC
[02:18:52] [104/459] PMRM
[02:18:53] [105/459] CCRP
[02:18:53] [106/459] INCR
[02:18:54] [107/459] ZTMP
[02:18:55] 🔄 Identity reset
[02:18:55] 🔄 Identity rotated (every 10 requests)
[02:18:55] [108/459] MCNR
[02:18:56] [109/459] INRP
[02:18:56] [110/459] STRC
[02:18:57] [111/459] RATI
[02:18:58] [112/459] PBTR
[02:18:58] [113/459] CMHP
[02:18:59] [114/459] ZECJ
[02:19:00] [115/459] CCCB
[02:19:01] [116/459] BWCB
[02:19:01] [117/459] CCAT
[02:19:02] 🔄 Identity reset
[02:19:02] 🔄 Identity rotated (every 10 requests)
[02:19:02] 🔄 Retry 1/5 for CCAT in 2.4s
[02:19:02] 🔄 Identity reset
[02:19:05] 🧠 New identity created
[02:19:05] 🔄 Retry 2/5 for CCAT in 4.4s
[02:19:05] 🔄 Identity reset
[02:19:09] 🧠 New identity created
[02:19:09] [118/459] KGCM
[02:19:10] [119/459] INPT
[02:19:11] [120/459] FNCO
[02:19:12] [121/459] SRMJ
[02:19:13] [122/459] PFSC
[02:19:13] [123/459] PBMC
[02:19:14] [124/459] KARP
[02:19:15] [125/459] KOVI
[02:19:15] 🔄 Identity reset
[02:19:15] 🔄 Identity rotated (every 10 requests)
[02:19:15] [126/459] ACXL
[02:19:16] [127/459] GKCC
[02:19:17] [128/459] ASCC
[02:19:18] [129/459] SETC
[02:19:18] [130/459] KACC
[02:19:19] [131/459] KAVE
[02:19:20] [132/459] CNTC
[02:19:20] [133/459] MEEN
[02:19:21] [134/459] BMRV
[02:19:22] [135/459] SVAM
[02:19:22] 🔄 Identity reset
[02:19:22] 🔄 Identity rotated (every 10 requests)
[02:19:23] [136/459] VTBP
[02:19:24] [137/459] VCKN
[02:19:24] [138/459] SGTK
[02:19:25] [139/459] RCGS
[02:19:26] [140/459] RCCB
[02:19:27] [141/459] RKSR
[02:19:27] [142/459] RKCU
[02:19:28] [143/459] GIBH
[02:19:29] [144/459] CXBS
[02:19:30] [145/459] GGCB
[02:19:30] 🔄 Identity reset
[02:19:30] 🔄 Identity rotated (every 10 requests)
[02:19:30] 🔄 Retry 1/5 for GGCB in 2.7s
[02:19:30] 🔄 Identity reset
[02:19:33] 🧠 New identity created
[02:19:33] [146/459] SCPB
[02:19:34] [147/459] AKTB
[02:19:35] [148/459] SRBU
[02:19:36] [149/459] CSSA
[02:19:36] [150/459] MYAN
[02:19:37] [151/459] EXCA
[02:19:37] [152/459] CKSA
[02:19:38] [153/459] JTNM
[02:19:39] [154/459] CXKT
[02:19:40] 🔄 Identity reset
[02:19:40] 🔄 Identity rotated (every 10 requests)
[02:19:40] 🔄 Retry 1/5 for CXKT in 2.4s
[02:19:40] 🔄 Identity reset
[02:19:42] 🧠 New identity created
[02:19:42] 🔄 Retry 2/5 for CXKT in 4.3s
[02:19:42] 🔄 Identity reset
[02:19:47] 🧠 New identity created
[02:19:47] [155/459] NCLM
[02:19:48] [156/459] JAAD
[02:19:48] [157/459] RDCR
[02:19:49] [158/459] MEER
[02:19:50] [159/459] SIBT
[02:19:50] [160/459] PVVB
[02:19:51] [161/459] FNPN
[02:19:52] [162/459] CRPX
[02:19:52] 🔄 Identity reset
[02:19:52] 🔄 Identity rotated (every 10 requests)
[02:19:52] [163/459] STET
[02:19:53] [164/459] METE
[02:19:54] [165/459] BJML
[02:19:54] [166/459] MAVT
[02:19:55] [167/459] MSRM
[02:19:56] [168/459] TJMP
[02:19:56] [169/459] MHCK
[02:19:57] [170/459] SVGP
[02:19:58] [171/459] KRRC
[02:19:59] [172/459] IMCH
[02:19:59] 🔄 Identity reset
[02:19:59] 🔄 Identity rotated (every 10 requests)
[02:19:59] [173/459] CMCS
[02:20:00] [174/459] SGND
[02:20:01] [175/459] RNAT
[02:20:01] [176/459] PRTN
[02:20:02] [177/459] MPTN
[02:20:03] [178/459] ARCC
[02:20:04] [179/459] NTTE
[02:20:04] [180/459] ABND
[02:20:05] [181/459] KCSN
[02:20:06] [182/459] KCSA
[02:20:06] 🔄 Identity reset
[02:20:07] 🔄 Identity rotated (every 10 requests)
[02:20:07] [183/459] DCKT
[02:20:07] [184/459] MBBR
[02:20:08] [185/459] RAMU
[02:20:09] [186/459] RACW
[02:20:10] [187/459] MCHP
[02:20:10] [188/459] TMHM
[02:20:11] [189/459] STXH
[02:20:11] [190/459] AGSG
[02:20:12] [191/459] SIRA
[02:20:13] [192/459] RCAN
[02:20:14] 🔄 Identity reset
[02:20:14] 🔄 Identity rotated (every 10 requests)
[02:20:14] [193/459] CWTB
[02:20:15] [194/459] VTYM
[02:20:15] [195/459] RRPP
[02:20:16] [196/459] ASMR
[02:20:17] [197/459] RONO
[02:20:18] [198/459] MEMR
[02:20:18] [199/459] CTMR
[02:20:19] [200/459] PMTT
[02:20:20] [201/459] PSLX
[02:20:20] [202/459] IPPL
[02:20:21] 🔄 Identity reset
[02:20:21] 🔄 Identity rotated (every 10 requests)
[02:20:21] [203/459] MMSG
[02:20:22] [204/459] INEL
[02:20:22] [205/459] COAC
[02:20:23] [206/459] WVLK
[02:20:24] [207/459] PPXL
[02:20:25] [208/459] PSML
[02:20:25] [209/459] FNLK
[02:20:26] [210/459] ILUM
[02:20:27] [211/459] ILCM
[02:20:28] [212/459] MSNL
[02:20:28] 🔄 Identity reset
[02:20:28] 🔄 Identity rotated (every 10 requests)
[02:20:28] [213/459] VINB
[02:20:29] [214/459] SALW
[02:20:30] [215/459] PRTB
[02:20:30] [216/459] NCIL
[02:20:31] [217/459] PSUL
[02:20:32] [218/459] SCLK
[02:20:32] [219/459] ADDC
[02:20:33] [220/459] OACL
[02:20:34] [221/459] OOCF
[02:20:35] [222/459] GPMF
[02:20:35] 🔄 Identity reset
[02:20:35] 🔄 Identity rotated (every 10 requests)
[02:20:35] [223/459] SSDG
[02:20:36] [224/459] SKRS
[02:20:37] [225/459] NTTP
[02:20:38] [226/459] SLTP
[02:20:38] [227/459] JTLC
[02:20:39] [228/459] POON
[02:20:40] [229/459] CCPC
[02:20:40] [230/459] DCKC
[02:20:41] [231/459] CPRT
[02:20:42] [232/459] EYHZ
[02:20:42] 🔄 Identity reset
[02:20:42] 🔄 Identity rotated (every 10 requests)
[02:20:43] 🔄 Retry 1/5 for EYHZ in 2.9s
[02:20:43] 🔄 Identity reset
[02:20:45] 🧠 New identity created
[02:20:46] [233/459] ARBL
[02:20:46] [234/459] SBTB
[02:20:47] [235/459] MMCK
[02:20:48] [236/459] PLMR
[02:20:49] [237/459] BIJH
[02:20:49] [238/459] SDRT
[02:20:50] [239/459] PRDC
[02:20:51] [240/459] OMJA
[02:20:51] [241/459] VKCR
[02:20:52] 🔄 Identity reset
[02:20:52] 🔄 Identity rotated (every 10 requests)
[02:20:52] 🔄 Retry 1/5 for VKCR in 3.0s
[02:20:52] 🔄 Identity reset
[02:20:55] 🧠 New identity created
[02:20:55] [242/459] ATRT
[02:20:56] [243/459] WVRP
[02:20:57] [244/459] MVRP
[02:20:57] [245/459] FCAX
[02:20:58] [246/459] CTLC
[02:20:59] [247/459] JCHB
[02:21:00] [248/459] SELP
[02:21:00] [249/459] VCPG
[02:21:01] [250/459] ASCX
[02:21:02] 🔄 Identity reset
[02:21:02] 🔄 Identity rotated (every 10 requests)
[02:21:02] [251/459] EOCS
[02:21:03] [252/459] RCPH
[02:21:03] [253/459] RJTM
[02:21:04] [254/459] SGMD
[02:21:04] [255/459] SVJT
[02:21:05] [256/459] SPPO
[02:21:06] [257/459] MNRL
[02:21:07] [258/459] KNOX
[02:21:07] [259/459] GIER
[02:21:08] [260/459] PJMS
[02:21:09] 🔄 Identity reset
[02:21:09] 🔄 Identity rotated (every 10 requests)
[02:21:09] [261/459] UNSP
[02:21:10] [262/459] JETP
[02:21:10] [263/459] VTWA
[02:21:11] [264/459] SCJI
[02:21:12] [265/459] CBZZ
[02:21:12] [266/459] SDCJ
[02:21:13] [267/459] RRCC
[02:21:14] [268/459] VNKG
[02:21:14] [269/459] LKTO
[02:21:15] [270/459] PJRM
[02:21:16] 🔄 Identity reset
[02:21:16] 🔄 Identity rotated (every 10 requests)
[02:21:16] [271/459] NVRM
[02:21:17] [272/459] SJCS
[02:21:17] [273/459] VIGK
[02:21:18] [274/459] ANST
[02:21:18] [275/459] JTTS
[02:21:19] [276/459] NTST
[02:21:20] [277/459] PREB
[02:21:21] [278/459] TSCZ
[02:21:21] [279/459] CDCM
[02:21:22] [280/459] ELYE
[02:21:22] 🔄 Identity reset
[02:21:22] 🔄 Identity rotated (every 10 requests)
[02:21:23] [281/459] INBS
[02:21:23] [282/459] SMGC
[02:21:24] [283/459] UTMP
[02:21:25] [284/459] INTA
[02:21:25] [285/459] OMPT
[02:21:26] [286/459] SCIR
[02:21:27] [287/459] GCKJ
[02:21:27] [288/459] INOG
[02:21:28] [289/459] SMGB
[02:21:29] [290/459] MCSG
[02:21:30] 🔄 Identity reset
[02:21:30] 🔄 Identity rotated (every 10 requests)
[02:21:30] [291/459] STKG
[02:21:31] [292/459] TTKG
[02:21:31] [293/459] SRTR
[02:21:32] [294/459] ETTR
[02:21:33] [295/459] GGGZ
[02:21:34] [296/459] IPGM
[02:21:34] [297/459] FCDH
[02:21:35] [298/459] DESB
[02:21:36] [299/459] VNTP
[02:21:36] [300/459] ANNT
[02:21:37] 🔄 Identity reset
[02:21:37] 🔄 Identity rotated (every 10 requests)
[02:21:37] 🔄 Retry 1/5 for ANNT in 2.1s
[02:21:37] 🔄 Identity reset
[02:21:39] 🧠 New identity created
[02:21:39] [301/459] SLTI
[02:21:40] [302/459] MAJU
[02:21:41] [303/459] JCXP
[02:21:42] [304/459] HARK
[02:21:42] [305/459] JPCJ
[02:21:43] [306/459] RXBD
[02:21:44] [307/459] PTKJ
[02:21:44] [308/459] CMTU
[02:21:45] [309/459] SWOR
[02:21:45] 🔄 Identity reset
[02:21:45] 🔄 Identity rotated (every 10 requests)
[02:21:46] 🔄 Retry 1/5 for SWOR in 2.6s
[02:21:46] 🔄 Identity reset
[02:21:48] 🧠 New identity created
[02:21:48] [310/459] JMEX
[02:21:49] [311/459] DTPT
[02:21:50] [312/459] VGMM
[02:21:50] [313/459] VCSG
[02:21:51] [314/459] CVCG
[02:21:52] [315/459] TNTT
[02:21:53] [316/459] SHRM
[02:21:53] [317/459] CGKD
[02:21:54] [318/459] EKCM
[02:21:55] 🔄 Identity reset
[02:21:55] 🔄 Identity rotated (every 10 requests)
[02:21:55] 🔄 Retry 1/5 for EKCM in 2.9s
[02:21:55] 🔄 Identity reset
[02:21:58] 🧠 New identity created
[02:21:58] [319/459] SDCX
[02:21:59] [320/459] SBTE
[02:21:59] [321/459] STKJ
[02:22:00] [322/459] TPCE
[02:22:01] [323/459] JTNP
[02:22:01] [324/459] LPCH
[02:22:02] [325/459] CPUO
[02:22:03] [326/459] APSU
[02:22:03] [327/459] RTHC
[02:22:04] 🔄 Identity reset
[02:22:04] 🔄 Identity rotated (every 10 requests)
[02:22:04] [328/459] PTBU
[02:22:05] [329/459] CUCC
[02:22:06] [330/459] CPSA
[02:22:07] [331/459] SUAY
[02:22:07] [332/459] AYAA
[02:22:08] [333/459] MUCH
[02:22:09] [334/459] PCIN
[02:22:09] [335/459] JRRM
[02:22:10] [336/459] KATS
[02:22:11] [337/459] MHFF
[02:22:11] 🔄 Identity reset
[02:22:11] 🔄 Identity rotated (every 10 requests)
[02:22:12] [338/459] ESYM
[02:22:12] [339/459] STYV
[02:22:13] [340/459] SDKG
[02:22:14] [341/459] SMTI
[02:22:14] [342/459] NYCS
[02:22:15] [343/459] MTBG
[02:22:16] [344/459] RHCA
[02:22:16] [345/459] PCKH
[02:22:17] [346/459] ARCR
[02:22:18] [347/459] NCMB
[02:22:19] 🔄 Identity reset
[02:22:19] 🔄 Identity rotated (every 10 requests)
[02:22:19] [348/459] SHYC
[02:22:20] [349/459] LACK
[02:22:20] [350/459] MTCM
[02:22:21] [351/459] RRBN
[02:22:22] [352/459] MYDC
[02:22:22] [353/459] STCS
[02:22:23] [354/459] CONN
[02:22:24] [355/459] SIPS
[02:22:24] [356/459] SMMX
[02:22:25] [357/459] SCBY
[02:22:25] 🔄 Identity reset
[02:22:26] 🔄 Identity rotated (every 10 requests)
[02:22:26] [358/459] SUAP
[02:22:26] [359/459] RSMK
[02:22:27] [360/459] STKP
[02:22:28] [361/459] CIPC
[02:22:28] [362/459] KKCI
[02:22:29] [363/459] CTNK
[02:22:30] [364/459] MMTZ
[02:22:31] [365/459] DCCO
[02:22:31] [366/459] VNMN
[02:22:32] [367/459] RLCN
[02:22:33] 🔄 Identity reset
[02:22:33] 🔄 Identity rotated (every 10 requests)
[02:22:33] [368/459] CMMS
[02:22:33] [369/459] AYOU
[02:22:34] [370/459] SSCN
[02:22:35] [371/459] SMXN
[02:22:36] [372/459] ASSK
[02:22:36] [373/459] VCKM
[02:22:37] [374/459] PCPH
[02:22:38] [375/459] PADM
[02:22:39] [376/459] IESA
[02:22:39] [377/459] VCSP
[02:22:40] 🔄 Identity reset
[02:22:40] 🔄 Identity rotated (every 10 requests)
[02:22:40] [378/459] AEST
[02:22:41] [379/459] VTNR
[02:22:42] [380/459] GTTA
[02:22:42] [381/459] CMMM
[02:22:43] [382/459] AHKT
[02:22:44] [383/459] SIJI
[02:22:45] [384/459] VCEI
[02:22:46] [385/459] SAKR
[02:22:46] [386/459] VSMT
[02:22:47] [387/459] SSCT
[02:22:48] 🔄 Identity reset
[02:22:48] 🔄 Identity rotated (every 10 requests)
[02:22:48] [388/459] USTR
[02:22:49] [389/459] MTKT
[02:22:49] [390/459] TGMP
[02:22:50] [391/459] SIVC
[02:22:51] [392/459] KICT
[02:22:51] [393/459] DAMD
[02:22:52] [394/459] CNPT
[02:22:53] [395/459] RVTT
[02:22:53] [396/459] SNCM
[02:22:54] [397/459] GHTE
[02:22:55] 🔄 Identity reset
[02:22:55] 🔄 Identity rotated (every 10 requests)
[02:22:55] [398/459] PPAM
[02:22:56] [399/459] PVAA
[02:22:57] [400/459] CPAO
[02:22:57] [401/459] HAMD
[02:22:58] [402/459] RCCA
[02:22:58] [403/459] MPCH
[02:22:59] [404/459] ARED
[02:23:00] [405/459] RRCV
[02:23:00] [406/459] MTRB
[02:23:01] [407/459] CKUA
[02:23:02] 🔄 Identity reset
[02:23:02] 🔄 Identity rotated (every 10 requests)
[02:23:02] [408/459] ABMP
[02:23:03] [409/459] RCWA
[02:23:04] [410/459] CGAR
[02:23:04] [411/459] METH
[02:23:05] [412/459] WAGA
[02:23:06] [413/459] MCMA
[02:23:06] [414/459] CSMP
[02:23:07] [415/459] RCNK
[02:23:08] [416/459] PSTM
[02:23:09] [417/459] CSEP
[02:23:09] 🔄 Identity reset
[02:23:09] 🔄 Identity rotated (every 10 requests)
[02:23:09] [418/459] AMGD
[02:23:10] [419/459] CSTE
[02:23:11] [420/459] CONS
[02:23:11] [421/459] APPX
[02:23:12] [422/459] MABC
[02:23:13] [423/459] CXST
[02:23:14] [424/459] MATN
[02:23:14] [425/459] MACZ
[02:23:15] [426/459] MASA
[02:23:16] [427/459] MBSX
[02:23:16] 🔄 Identity reset
[02:23:16] 🔄 Identity rotated (every 10 requests)
[02:23:16] [428/459] CSST
[02:23:17] [429/459] APCL
[02:23:18] [430/459] CGOS
[02:23:19] [431/459] CPEC
[02:23:19] [432/459] MCCP
[02:23:20] [433/459] BSSO
[02:23:21] [434/459] SJKA
[02:23:21] [435/459] CGBO
[02:23:22] [436/459] MVSK
[02:23:23] [437/459] HVCA
[02:23:23] 🔄 Identity reset
[02:23:23] 🔄 Identity rotated (every 10 requests)
[02:23:23] [438/459] NAMD
[02:23:24] [439/459] DEVI
[02:23:25] [440/459] SCSV
[02:23:26] [441/459] PSMA
[02:23:27] [442/459] CLDJ
[02:23:27] [443/459] NMAD
[02:23:28] [444/459] CGMO
[02:23:29] [445/459] MCNA
[02:23:29] [446/459] OCBN
[02:23:30] [447/459] CPEM
[02:23:31] 🔄 Identity reset
[02:23:31] 🔄 Identity rotated (every 10 requests)
[02:23:31] [448/459] CPSM
[02:23:31] [449/459] RCAD
[02:23:32] [450/459] CPMU
[02:23:33] [451/459] DICD
[02:23:33] [452/459] CHOE
[02:23:34] [453/459] PDJM
[02:23:35] [454/459] SSTU
[02:23:36] [455/459] VNRN
[02:23:37] [456/459] PVLG
[02:23:37] [457/459] SWBL
[02:23:38] 🔄 Identity reset
[02:23:38] 🔄 Identity rotated (every 10 requests)
[02:23:38] [458/459] SCAB
[02:23:39] [459/459] RDDA
[02:23:40] ✅ DONE | Shows=0 | Movies=0
[02:59:22] 🚀 BMS DAILY TRACKER STARTED (enhanced anti‑detection)
[02:59:22] [1/459] MCCZ
[02:59:23] 🧠 New identity created
[02:59:23] [2/459] FRPU
[02:59:24] [3/459] SKSI
[02:59:24] [4/459] SSCK
[02:59:25] [5/459] SRDC
[02:59:26] [6/459] RSCZ
[02:59:26] [7/459] PRVT
[02:59:27] [8/459] GAGJ
[02:59:28] [9/459] SMHG
[02:59:29] [10/459] JTST
[02:59:29] 🔄 Identity reset
[02:59:29] 🔄 Identity rotated (every 10 requests)
[02:59:29] [11/459] MYTH
[02:59:30] [12/459] JPCC
[02:59:31] [13/459] ACDC
[02:59:32] [14/459] SVFP
[02:59:32] [15/459] SFCM
[02:59:33] [16/459] RUPK
[02:59:34] [17/459] NTCR
[02:59:35] [18/459] RTCH
[02:59:35] [19/459] SCMH
[02:59:36] [20/459] SVYM
[02:59:37] 🔄 Identity reset
[02:59:37] 🔄 Identity rotated (every 10 requests)
[02:59:37] [21/459] SPYM
[02:59:38] [22/459] SMMF
[02:59:38] [23/459] CLLB
[02:59:39] [24/459] FMCB
[02:59:40] [25/459] BBTC
[02:59:40] [26/459] NTHS
[02:59:41] [27/459] PKKJ
[02:59:41] [28/459] MTJA
[02:59:42] [29/459] PMSJ
[02:59:43] [30/459] JMJU
[02:59:43] 🔄 Identity reset
[02:59:43] 🔄 Identity rotated (every 10 requests)
[02:59:43] [31/459] SRAD
[02:59:44] [32/459] MJMC
[02:59:45] [33/459] DFRM
[02:59:45] [34/459] PMRS
[02:59:46] [35/459] RKPP
[02:59:47] [36/459] BMBK
[02:59:47] [37/459] NEWS
[02:59:48] [38/459] SALB
[02:59:49] [39/459] SCPW
[02:59:49] [40/459] RAYL
[02:59:50] 🔄 Identity reset
[02:59:50] 🔄 Identity rotated (every 10 requests)
[02:59:50] 🔄 Retry 1/5 for RAYL in 3.0s
[02:59:50] 🔄 Identity reset
[02:59:53] 🧠 New identity created
[02:59:53] [41/459] CMGJ
[02:59:54] [42/459] JRCR
[02:59:55] [43/459] SRTB
[02:59:55] [44/459] ETPB
[02:59:56] [45/459] MXBN
[02:59:57] [46/459] TOPE
[02:59:57] [47/459] SNLJ
[02:59:58] [48/459] CDDP
[02:59:58] [49/459] APCX
[02:59:59] 🔄 Identity reset
[02:59:59] 🔄 Identity rotated (every 10 requests)
[02:59:59] [50/459] TALP
[03:00:00] [51/459] RRMP
[03:00:01] [52/459] MAHB
[03:00:02] [53/459] MTKR
[03:00:03] [54/459] KSKL
[03:00:04] [55/459] RJLT
[03:00:04] [56/459] ATAS
[03:00:05] [57/459] AMHR
[03:00:06] [58/459] RSRM
[03:00:06] [59/459] GCAT
[03:00:07] 🔄 Identity reset
[03:00:07] 🔄 Identity rotated (every 10 requests)
[03:00:07] [60/459] SMML
[03:00:08] [61/459] ACCD
[03:00:09] [62/459] VYDA
[03:00:09] [63/459] MSKT
[03:00:11] [64/459] AVDM
[03:00:12] [65/459] ASMH
[03:00:13] [66/459] VTMB
[03:00:14] [67/459] WVMB
[03:00:15] [68/459] PPMN
[03:00:15] [69/459] MTMD
[03:00:16] 🔄 Identity reset
[03:00:16] 🔄 Identity rotated (every 10 requests)
[03:00:16] 🔄 Retry 1/5 for MTMD in 2.9s
[03:00:16] 🔄 Identity reset
[03:00:19] 🧠 New identity created
[03:00:19] [70/459] SMMO
[03:00:20] [71/459] DLPB
[03:00:21] [72/459] AKMD
[03:00:21] [73/459] SHRR
[03:00:22] [74/459] ASCO
[03:00:23] [75/459] CZVX
[03:00:23] [76/459] GCBB
[03:00:24] [77/459] ATBM
[03:00:25] [78/459] TCGM
[03:00:26] 🔄 Identity reset
[03:00:26] 🔄 Identity rotated (every 10 requests)
[03:00:26] [79/459] UMSE
[03:00:27] [80/459] NKCL
[03:00:27] [81/459] BTLR
[03:00:28] [82/459] GOCL
[03:00:29] [83/459] MIRN
[03:00:29] [84/459] THEC
[03:00:30] [85/459] SPPB
[03:00:31] [86/459] PMMM
[03:00:32] [87/459] GGMC
[03:00:33] [88/459] AVSR
[03:00:33] 🔄 Identity reset
[03:00:33] 🔄 Identity rotated (every 10 requests)
[03:00:33] 🔄 Retry 1/5 for AVSR in 2.4s
[03:00:33] 🔄 Identity reset
[03:00:36] 🧠 New identity created
[03:00:36] [89/459] RDMH
[03:00:36] [90/459] JSRS
[03:00:37] [91/459] VKGP
[03:00:38] [92/459] ACRT
[03:00:38] [93/459] GCBA
[03:00:39] [94/459] GTCP
[03:00:40] [95/459] AKFC
[03:00:40] [96/459] INCS
[03:00:41] [97/459] SMCK
[03:00:42] 🔄 Identity reset
[03:00:42] 🔄 Identity rotated (every 10 requests)
[03:00:42] [98/459] BRUN
[03:00:42] [99/459] RPPC
[03:00:43] [100/459] PAYD
[03:00:44] [101/459] SVVT
[03:00:45] [102/459] RNCC
[03:00:45] [103/459] PCRC
[03:00:46] [104/459] PMRM
[03:00:47] [105/459] CCRP
[03:00:47] [106/459] INCR
[03:00:48] [107/459] ZTMP
[03:00:49] 🔄 Identity reset
[03:00:49] 🔄 Identity rotated (every 10 requests)
[03:00:49] [108/459] MCNR
[03:00:50] [109/459] INRP
[03:00:51] [110/459] STRC
[03:00:52] [111/459] RATI
[03:00:52] [112/459] PBTR
[03:00:54] [113/459] CMHP
[03:00:55] [114/459] ZECJ
[03:00:55] [115/459] CCCB
[03:00:56] [116/459] BWCB
[03:00:56] [117/459] CCAT
[03:00:57] 🔄 Identity reset
[03:00:57] 🔄 Identity rotated (every 10 requests)
[03:00:57] [118/459] KGCM
[03:00:58] [119/459] INPT
[03:00:59] [120/459] FNCO
[03:00:59] [121/459] SRMJ
[03:01:00] [122/459] PFSC
[03:01:01] [123/459] PBMC
[03:01:01] [124/459] KARP
[03:01:02] [125/459] KOVI
[03:01:03] [126/459] ACXL
[03:01:03] [127/459] GKCC
[03:01:04] 🔄 Identity reset
[03:01:04] 🔄 Identity rotated (every 10 requests)
[03:01:04] [128/459] ASCC
[03:01:05] [129/459] SETC
[03:01:05] [130/459] KACC
[03:01:06] [131/459] KAVE
[03:01:07] [132/459] CNTC
[03:01:07] [133/459] MEEN
[03:01:08] [134/459] BMRV
[03:01:09] [135/459] SVAM
[03:01:09] [136/459] VTBP
[03:01:10] [137/459] VCKN
[03:01:10] 🔄 Identity reset
[03:01:10] 🔄 Identity rotated (every 10 requests)
[03:01:11] [138/459] SGTK
[03:01:11] [139/459] RCGS
[03:01:12] [140/459] RCCB
[03:01:13] [141/459] RKSR
[03:01:13] [142/459] RKCU
[03:01:14] [143/459] GIBH
[03:01:15] [144/459] CXBS
[03:01:15] [145/459] GGCB
[03:01:16] [146/459] SCPB
[03:01:17] [147/459] AKTB
[03:01:18] 🔄 Identity reset
[03:01:18] 🔄 Identity rotated (every 10 requests)
[03:01:18] [148/459] SRBU
[03:01:19] [149/459] CSSA
[03:01:19] [150/459] MYAN
[03:01:20] [151/459] EXCA
[03:01:21] [152/459] CKSA
[03:01:21] [153/459] JTNM
[03:01:22] [154/459] CXKT
[03:01:23] [155/459] NCLM
[03:01:24] [156/459] JAAD
[03:01:25] [157/459] RDCR
[03:01:25] 🔄 Identity reset
[03:01:25] 🔄 Identity rotated (every 10 requests)
[03:01:25] 🔄 Retry 1/5 for RDCR in 2.6s
[03:01:25] 🔄 Identity reset
[03:01:28] 🧠 New identity created
[03:01:28] [158/459] MEER
[03:01:29] [159/459] SIBT
[03:01:30] [160/459] PVVB
[03:01:31] [161/459] FNPN
[03:01:31] [162/459] CRPX
[03:01:32] [163/459] STET
[03:01:33] [164/459] METE
[03:01:34] [165/459] BJML
[03:01:34] [166/459] MAVT
[03:01:35] 🔄 Identity reset
[03:01:35] 🔄 Identity rotated (every 10 requests)
[03:01:35] 🔄 Retry 1/5 for MAVT in 2.2s
[03:01:35] 🔄 Identity reset
[03:01:37] 🧠 New identity created
[03:01:37] 🔄 Retry 2/5 for MAVT in 4.2s
[03:01:37] 🔄 Identity reset
[03:01:42] 🧠 New identity created
[03:01:42] [167/459] MSRM
[03:01:42] [168/459] TJMP
[03:01:43] [169/459] MHCK
[03:01:44] [170/459] SVGP
[03:01:44] [171/459] KRRC
[03:01:46] [172/459] IMCH
[03:01:46] [173/459] CMCS
[03:01:47] [174/459] SGND
[03:01:48] 🔄 Identity reset
[03:01:48] 🔄 Identity rotated (every 10 requests)
[03:01:48] [175/459] RNAT
[03:01:49] [176/459] PRTN
[03:01:50] [177/459] MPTN
[03:01:50] [178/459] ARCC
[03:01:51] [179/459] NTTE
[03:01:52] [180/459] ABND
[03:01:52] [181/459] KCSN
[03:01:53] [182/459] KCSA
[03:01:54] [183/459] DCKT
[03:01:54] [184/459] MBBR
[03:01:55] 🔄 Identity reset
[03:01:55] 🔄 Identity rotated (every 10 requests)
[03:01:56] [185/459] RAMU
[03:01:56] [186/459] RACW
[03:01:57] [187/459] MCHP
[03:01:58] [188/459] TMHM
[03:01:58] [189/459] STXH
[03:01:59] [190/459] AGSG
[03:02:00] [191/459] SIRA
[03:02:01] [192/459] RCAN
[03:02:01] [193/459] CWTB
[03:02:02] [194/459] VTYM
[03:02:02] 🔄 Identity reset
[03:02:02] 🔄 Identity rotated (every 10 requests)
[03:02:02] [195/459] RRPP
[03:02:03] [196/459] ASMR
[03:02:04] [197/459] RONO
[03:02:05] [198/459] MEMR
[03:02:05] [199/459] CTMR
[03:02:06] [200/459] PMTT
[03:02:07] [201/459] PSLX
[03:02:07] [202/459] IPPL
[03:02:08] [203/459] MMSG
[03:02:09] [204/459] INEL
[03:02:10] 🔄 Identity reset
[03:02:10] 🔄 Identity rotated (every 10 requests)
[03:02:10] [205/459] COAC
[03:02:10] [206/459] WVLK
[03:02:11] [207/459] PPXL
[03:02:12] [208/459] PSML
[03:02:12] [209/459] FNLK
[03:02:13] [210/459] ILUM
[03:02:14] [211/459] ILCM
[03:02:14] [212/459] MSNL
[03:02:15] [213/459] VINB
[03:02:16] [214/459] SALW
[03:02:16] 🔄 Identity reset
[03:02:16] 🔄 Identity rotated (every 10 requests)
[03:02:17] [215/459] PRTB
[03:02:17] [216/459] NCIL
[03:02:18] [217/459] PSUL
[03:02:18] [218/459] SCLK
[03:02:19] [219/459] ADDC
[03:02:20] [220/459] OACL
[03:02:20] [221/459] OOCF
[03:02:21] [222/459] GPMF
[03:02:22] [223/459] SSDG
[03:02:23] [224/459] SKRS
[03:02:24] 🔄 Identity reset
[03:02:24] 🔄 Identity rotated (every 10 requests)
[03:02:24] [225/459] NTTP
[03:02:25] [226/459] SLTP
[03:02:25] [227/459] JTLC
[03:02:26] [228/459] POON
[03:02:27] [229/459] CCPC
[03:02:28] [230/459] DCKC
[03:02:28] [231/459] CPRT
[03:02:29] [232/459] EYHZ
[03:02:30] [233/459] ARBL
[03:02:31] [234/459] SBTB
[03:02:31] 🔄 Identity reset
[03:02:31] 🔄 Identity rotated (every 10 requests)
[03:02:31] [235/459] MMCK
[03:02:32] [236/459] PLMR
[03:02:33] [237/459] BIJH
[03:02:34] [238/459] SDRT
[03:02:34] [239/459] PRDC
[03:02:35] [240/459] OMJA
[03:02:36] [241/459] VKCR
[03:02:36] [242/459] ATRT
[03:02:37] [243/459] WVRP
[03:02:38] [244/459] MVRP
[03:02:38] 🔄 Identity reset
[03:02:38] 🔄 Identity rotated (every 10 requests)
[03:02:39] [245/459] FCAX
[03:02:39] [246/459] CTLC
[03:02:40] [247/459] JCHB
[03:02:41] [248/459] SELP
[03:02:41] [249/459] VCPG
[03:02:42] [250/459] ASCX
[03:02:43] [251/459] EOCS
[03:02:44] [252/459] RCPH
[03:02:45] [253/459] RJTM
[03:02:46] [254/459] SGMD
[03:02:46] 🔄 Identity reset
[03:02:47] 🔄 Identity rotated (every 10 requests)
[03:02:47] [255/459] SVJT
[03:02:48] [256/459] SPPO
[03:02:48] [257/459] MNRL
[03:02:49] [258/459] KNOX
[03:02:50] [259/459] GIER
[03:02:51] [260/459] PJMS
[03:02:51] [261/459] UNSP
[03:02:52] [262/459] JETP
[03:02:53] [263/459] VTWA
[03:02:54] [264/459] SCJI
[03:02:54] 🔄 Identity reset
[03:02:54] 🔄 Identity rotated (every 10 requests)
[03:02:54] [265/459] CBZZ
[03:02:55] [266/459] SDCJ
[03:02:56] [267/459] RRCC
[03:02:57] [268/459] VNKG
[03:02:57] [269/459] LKTO
[03:02:58] [270/459] PJRM
[03:02:59] [271/459] NVRM
[03:03:00] [272/459] SJCS
[03:03:00] [273/459] VIGK
[03:03:01] [274/459] ANST
[03:03:02] 🔄 Identity reset
[03:03:02] 🔄 Identity rotated (every 10 requests)
[03:03:02] [275/459] JTTS
[03:03:03] [276/459] NTST
[03:03:03] [277/459] PREB
[03:03:04] [278/459] TSCZ
[03:03:05] [279/459] CDCM
[03:03:06] [280/459] ELYE
[03:03:06] [281/459] INBS
[03:03:07] [282/459] SMGC
[03:03:08] [283/459] UTMP
[03:03:09] [284/459] INTA
[03:03:10] 🔄 Identity reset
[03:03:10] 🔄 Identity rotated (every 10 requests)
[03:03:10] [285/459] OMPT
[03:03:11] [286/459] SCIR
[03:03:11] [287/459] GCKJ
[03:03:12] [288/459] INOG
[03:03:13] [289/459] SMGB
[03:03:14] [290/459] MCSG
[03:03:14] [291/459] STKG
[03:03:15] [292/459] TTKG
[03:03:15] [293/459] SRTR
[03:03:16] [294/459] ETTR
[03:03:17] 🔄 Identity reset
[03:03:17] 🔄 Identity rotated (every 10 requests)
[03:03:17] [295/459] GGGZ
[03:03:18] [296/459] IPGM
[03:03:19] [297/459] FCDH
[03:03:19] [298/459] DESB
[03:03:20] [299/459] VNTP
[03:03:21] [300/459] ANNT
[03:03:22] [301/459] SLTI
[03:03:23] [302/459] MAJU
[03:03:24] [303/459] JCXP
[03:03:24] [304/459] HARK
[03:03:25] 🔄 Identity reset
[03:03:25] 🔄 Identity rotated (every 10 requests)
[03:03:25] [305/459] JPCJ
[03:03:25] [306/459] RXBD
[03:03:26] [307/459] PTKJ
[03:03:27] [308/459] CMTU
[03:03:27] [309/459] SWOR
[03:03:29] [310/459] JMEX
[03:03:29] [311/459] DTPT
[03:03:30] [312/459] VGMM
[03:03:31] [313/459] VCSG
[03:03:31] [314/459] CVCG
[03:03:32] 🔄 Identity reset
[03:03:32] 🔄 Identity rotated (every 10 requests)
[03:03:32] 🔄 Retry 1/5 for CVCG in 2.6s
[03:03:32] 🔄 Identity reset
[03:03:35] 🧠 New identity created
[03:03:35] [315/459] TNTT
[03:03:36] [316/459] SHRM
[03:03:37] [317/459] CGKD
[03:03:37] [318/459] EKCM
[03:03:38] [319/459] SDCX
[03:03:39] [320/459] SBTE
[03:03:40] [321/459] STKJ
[03:03:40] [322/459] TPCE
[03:03:41] [323/459] JTNP
[03:03:41] 🔄 Identity reset
[03:03:41] 🔄 Identity rotated (every 10 requests)
[03:03:41] [324/459] LPCH
[03:03:42] [325/459] CPUO
[03:03:43] [326/459] APSU
[03:03:43] [327/459] RTHC
[03:03:44] [328/459] PTBU
[03:03:45] [329/459] CUCC
[03:03:46] [330/459] CPSA
[03:03:47] [331/459] SUAY
[03:03:48] [332/459] AYAA
[03:03:48] [333/459] MUCH
[03:03:49] 🔄 Identity reset
[03:03:49] 🔄 Identity rotated (every 10 requests)
[03:03:49] [334/459] PCIN
[03:03:50] [335/459] JRRM
[03:03:52] [336/459] KATS
[03:03:52] [337/459] MHFF
[03:03:53] [338/459] ESYM
[03:03:54] [339/459] STYV
[03:03:54] [340/459] SDKG
[03:03:55] [341/459] SMTI
[03:03:55] [342/459] NYCS
[03:03:56] [343/459] MTBG
[03:03:57] 🔄 Identity reset
[03:03:57] 🔄 Identity rotated (every 10 requests)
[03:03:57] [344/459] RHCA
[03:03:58] [345/459] PCKH
[03:03:59] [346/459] ARCR
[03:03:59] [347/459] NCMB
[03:04:00] [348/459] SHYC
[03:04:01] [349/459] LACK
[03:04:02] [350/459] MTCM
[03:04:02] [351/459] RRBN
[03:04:03] [352/459] MYDC
[03:04:03] [353/459] STCS
[03:04:04] 🔄 Identity reset
[03:04:04] 🔄 Identity rotated (every 10 requests)
[03:04:04] [354/459] CONN
[03:04:05] [355/459] SIPS
[03:04:06] [356/459] SMMX
[03:04:07] [357/459] SCBY
[03:04:08] [358/459] SUAP
[03:04:08] [359/459] RSMK
[03:04:09] [360/459] STKP
[03:04:10] [361/459] CIPC
[03:04:10] [362/459] KKCI
[03:04:11] [363/459] CTNK
[03:04:12] 🔄 Identity reset
[03:04:12] 🔄 Identity rotated (every 10 requests)
[03:04:12] [364/459] MMTZ
[03:04:13] [365/459] DCCO
[03:04:13] [366/459] VNMN
[03:04:14] [367/459] RLCN
[03:04:15] [368/459] CMMS
[03:04:16] [369/459] AYOU
[03:04:16] [370/459] SSCN
[03:04:17] [371/459] SMXN
[03:04:17] [372/459] ASSK
[03:04:18] [373/459] VCKM
[03:04:19] 🔄 Identity reset
[03:04:19] 🔄 Identity rotated (every 10 requests)
[03:04:19] 🔄 Retry 1/5 for VCKM in 3.0s
[03:04:19] 🔄 Identity reset
[03:04:22] 🧠 New identity created
[03:04:22] 🔄 Retry 2/5 for VCKM in 4.6s
[03:04:22] 🔄 Identity reset
[03:04:27] 🧠 New identity created
[03:04:27] [374/459] PCPH
[03:04:27] [375/459] PADM
[03:04:28] [376/459] IESA
[03:04:29] [377/459] VCSP
[03:04:30] [378/459] AEST
[03:04:30] [379/459] VTNR
[03:04:31] [380/459] GTTA
[03:04:32] [381/459] CMMM
[03:04:33] 🔄 Identity reset
[03:04:33] 🔄 Identity rotated (every 10 requests)
[03:04:33] 🔄 Retry 1/5 for CMMM in 2.2s
[03:04:33] 🔄 Identity reset
[03:04:35] 🧠 New identity created
[03:04:35] [382/459] AHKT
[03:04:35] [383/459] SIJI
[03:04:36] [384/459] VCEI
[03:04:37] [385/459] SAKR
[03:04:37] [386/459] VSMT
[03:04:38] [387/459] SSCT
[03:04:39] [388/459] USTR
[03:04:40] [389/459] MTKT
[03:04:40] [390/459] TGMP
[03:04:41] 🔄 Identity reset
[03:04:41] 🔄 Identity rotated (every 10 requests)
[03:04:41] [391/459] SIVC
[03:04:42] [392/459] KICT
[03:04:42] [393/459] DAMD
[03:04:43] [394/459] CNPT
[03:04:44] [395/459] RVTT
[03:04:45] [396/459] SNCM
[03:04:46] [397/459] GHTE
[03:04:46] [398/459] PPAM
[03:04:47] [399/459] PVAA
[03:04:48] [400/459] CPAO
[03:04:49] 🔄 Identity reset
[03:04:49] 🔄 Identity rotated (every 10 requests)
[03:04:49] [401/459] HAMD
[03:04:49] [402/459] RCCA
[03:04:50] [403/459] MPCH
[03:04:51] [404/459] ARED
[03:04:51] [405/459] RRCV
[03:04:52] [406/459] MTRB
[03:04:53] [407/459] CKUA
[03:04:54] [408/459] ABMP
[03:04:54] [409/459] RCWA
[03:04:55] [410/459] CGAR
[03:04:56] 🔄 Identity reset
[03:04:56] 🔄 Identity rotated (every 10 requests)
[03:04:56] [411/459] METH
[03:04:56] [412/459] WAGA
[03:04:57] [413/459] MCMA
[03:04:58] [414/459] CSMP
[03:04:59] [415/459] RCNK
[03:05:00] [416/459] PSTM
[03:05:01] [417/459] CSEP
[03:05:01] [418/459] AMGD
[03:05:02] [419/459] CSTE
[03:05:03] [420/459] CONS
[03:05:03] 🔄 Identity reset
[03:05:03] 🔄 Identity rotated (every 10 requests)
[03:05:03] [421/459] APPX
[03:05:04] [422/459] MABC
[03:05:05] [423/459] CXST
[03:05:05] [424/459] MATN
[03:05:07] [425/459] MACZ
[03:05:08] [426/459] MASA
[03:05:08] [427/459] MBSX
[03:05:09] [428/459] CSST
[03:05:10] [429/459] APCL
[03:05:12] [430/459] CGOS
[03:05:12] 🔄 Identity reset
[03:05:12] 🔄 Identity rotated (every 10 requests)
[03:05:12] [431/459] CPEC
[03:05:13] [432/459] MCCP
[03:05:14] [433/459] BSSO
[03:05:14] [434/459] SJKA
[03:05:15] [435/459] CGBO
[03:05:15] [436/459] MVSK
[03:05:16] [437/459] HVCA
[03:05:17] [438/459] NAMD
[03:05:17] [439/459] DEVI
[03:05:18] [440/459] SCSV
[03:05:19] 🔄 Identity reset
[03:05:19] 🔄 Identity rotated (every 10 requests)
[03:05:19] [441/459] PSMA
[03:05:19] [442/459] CLDJ
[03:05:20] [443/459] NMAD
[03:05:21] [444/459] CGMO
[03:05:22] [445/459] MCNA
[03:05:22] [446/459] OCBN
[03:05:23] [447/459] CPEM
[03:05:24] [448/459] CPSM
[03:05:25] [449/459] RCAD
[03:05:25] [450/459] CPMU
[03:05:26] 🔄 Identity reset
[03:05:26] 🔄 Identity rotated (every 10 requests)
[03:05:26] [451/459] DICD
[03:05:27] [452/459] CHOE
[03:05:27] [453/459] PDJM
[03:05:28] [454/459] SSTU
[03:05:29] [455/459] VNRN
[03:05:30] [456/459] PVLG
[03:05:30] [457/459] SWBL
[03:05:31] [458/459] SCAB
[03:05:32] [459/459] RDDA
[03:05:33] ✅ DONE | Shows=0 | Movies=0
[03:17:07] 🚀 BMS DAILY TRACKER STARTED (enhanced anti‑detection)
[03:17:07] [1/459] MCCZ
[03:17:08] 🧠 New identity created
[03:17:08] [2/459] FRPU
[03:17:08] [3/459] SKSI
[03:17:09] [4/459] SSCK
[03:17:10] [5/459] SRDC
[03:17:10] [6/459] RSCZ
[03:17:11] [7/459] PRVT
[03:17:12] [8/459] GAGJ
[03:17:12] [9/459] SMHG
[03:17:13] [10/459] JTST
[03:17:13] 🔄 Identity reset
[03:17:13] 🔄 Identity rotated (every 10 requests)
[03:17:13] [11/459] MYTH
[03:17:14] [12/459] JPCC
[03:17:15] [13/459] ACDC
[03:17:15] [14/459] SVFP
[03:17:16] [15/459] SFCM
[03:17:16] [16/459] RUPK
[03:17:17] [17/459] NTCR
[03:17:18] [18/459] RTCH
[03:17:19] [19/459] SCMH
[03:17:19] [20/459] SVYM
[03:17:20] 🔄 Identity reset
[03:17:20] 🔄 Identity rotated (every 10 requests)
[03:17:20] 🔄 Retry 1/5 for SVYM in 2.9s
[03:17:20] 🔄 Identity reset
[03:17:23] 🧠 New identity created
[03:17:23] [21/459] SPYM
[03:17:24] [22/459] SMMF
[03:17:24] [23/459] CLLB
[03:17:25] [24/459] FMCB
[03:17:26] [25/459] BBTC
[03:17:26] [26/459] NTHS
[03:17:27] [27/459] PKKJ
[03:17:28] [28/459] MTJA
[03:17:28] [29/459] PMSJ
[03:17:29] 🔄 Identity reset
[03:17:29] 🔄 Identity rotated (every 10 requests)
[03:17:29] [30/459] JMJU
[03:17:30] [31/459] SRAD
[03:17:30] [32/459] MJMC
[03:17:31] [33/459] DFRM
[03:17:32] [34/459] PMRS
[03:17:32] [35/459] RKPP
[03:17:33] [36/459] BMBK
[03:17:34] [37/459] NEWS
[03:17:34] [38/459] SALB
[03:17:35] [39/459] SCPW
[03:17:35] 🔄 Identity reset
[03:17:35] 🔄 Identity rotated (every 10 requests)
[03:17:36] [40/459] RAYL
[03:17:36] [41/459] CMGJ
[03:17:37] [42/459] JRCR
[03:17:38] [43/459] SRTB
[03:17:38] [44/459] ETPB
[03:17:39] [45/459] MXBN
[03:17:40] [46/459] TOPE
[03:17:40] [47/459] SNLJ
[03:17:41] [48/459] CDDP
[03:17:42] [49/459] APCX
[03:17:42] 🔄 Identity reset
[03:17:42] 🔄 Identity rotated (every 10 requests)
[03:17:43] [50/459] TALP
[03:17:43] [51/459] RRMP
[03:17:44] [52/459] MAHB
[03:17:45] [53/459] MTKR
[03:17:45] [54/459] KSKL
[03:17:46] [55/459] RJLT
[03:17:47] [56/459] ATAS
[03:17:47] [57/459] AMHR
[03:17:48] [58/459] RSRM
[03:17:49] [59/459] GCAT
[03:17:49] 🔄 Identity reset
[03:17:49] 🔄 Identity rotated (every 10 requests)
[03:17:49] [60/459] SMML
[03:17:50] [61/459] ACCD
[03:17:51] [62/459] VYDA
[03:17:51] [63/459] MSKT
[03:17:52] [64/459] AVDM
[03:17:53] [65/459] ASMH
[03:17:53] [66/459] VTMB
[03:17:54] [67/459] WVMB
[03:17:55] [68/459] PPMN
[03:17:55] [69/459] MTMD
[03:17:56] 🔄 Identity reset
[03:17:56] 🔄 Identity rotated (every 10 requests)
[03:17:56] 🔄 Retry 1/5 for MTMD in 2.8s
[03:17:56] 🔄 Identity reset
[03:17:59] 🧠 New identity created
[03:17:59] [70/459] SMMO
[03:17:59] [71/459] DLPB
[03:18:00] [72/459] AKMD
[03:18:01] [73/459] SHRR
[03:18:01] [74/459] ASCO
[03:18:02] [75/459] CZVX
[03:18:02] [76/459] GCBB
[03:18:03] [77/459] ATBM
[03:18:04] [78/459] TCGM
[03:18:04] 🔄 Identity reset
[03:18:04] 🔄 Identity rotated (every 10 requests)
[03:18:04] [79/459] UMSE
[03:18:05] [80/459] NKCL
[03:18:05] [81/459] BTLR
[03:18:06] [82/459] GOCL
[03:18:07] [83/459] MIRN
[03:18:07] [84/459] THEC
[03:18:08] [85/459] SPPB
[03:18:09] [86/459] PMMM
[03:18:09] [87/459] GGMC
[03:18:10] [88/459] AVSR
[03:18:10] 🔄 Identity reset
[03:18:10] 🔄 Identity rotated (every 10 requests)
[03:18:10] [89/459] RDMH
[03:18:11] [90/459] JSRS
[03:18:12] [91/459] VKGP
[03:18:12] [92/459] ACRT
[03:18:13] [93/459] GCBA
[03:18:14] [94/459] GTCP
[03:18:15] [95/459] AKFC
[03:18:15] [96/459] INCS
[03:18:16] [97/459] SMCK
[03:18:17] [98/459] BRUN
[03:18:17] 🔄 Identity reset
[03:18:17] 🔄 Identity rotated (every 10 requests)
[03:18:17] 🔄 Retry 1/5 for BRUN in 2.1s
[03:18:17] 🔄 Identity reset
[03:18:19] 🧠 New identity created
[03:18:20] 🔄 Retry 2/5 for BRUN in 4.0s
[03:18:20] 🔄 Identity reset
[03:18:24] 🧠 New identity created
[03:18:24] [99/459] RPPC
[03:18:24] [100/459] PAYD
[03:18:25] [101/459] SVVT
[03:18:25] [102/459] RNCC
[03:18:26] [103/459] PCRC
[03:18:27] [104/459] PMRM
[03:18:27] [105/459] CCRP
[03:18:28] [106/459] INCR
[03:18:29] 🔄 Identity reset
[03:18:29] 🔄 Identity rotated (every 10 requests)
[03:18:29] [107/459] ZTMP
[03:18:29] [108/459] MCNR
[03:18:30] [109/459] INRP
[03:18:31] [110/459] STRC
[03:18:31] [111/459] RATI
[03:18:32] [112/459] PBTR
[03:18:33] [113/459] CMHP
[03:18:33] [114/459] ZECJ
[03:18:34] [115/459] CCCB
[03:18:35] [116/459] BWCB
[03:18:35] 🔄 Identity reset
[03:18:35] 🔄 Identity rotated (every 10 requests)
[03:18:35] 🔄 Retry 1/5 for BWCB in 2.1s
[03:18:35] 🔄 Identity reset
[03:18:38] 🧠 New identity created
[03:18:38] [117/459] CCAT
[03:18:38] [118/459] KGCM
[03:18:39] [119/459] INPT
[03:18:40] [120/459] FNCO
[03:18:40] [121/459] SRMJ
[03:18:41] [122/459] PFSC
[03:18:42] [123/459] PBMC
[03:18:42] [124/459] KARP
[03:18:43] [125/459] KOVI
[03:18:44] 🔄 Identity reset
[03:18:44] 🔄 Identity rotated (every 10 requests)
[03:18:44] [126/459] ACXL
[03:18:44] [127/459] GKCC
[03:18:45] [128/459] ASCC
[03:18:46] [129/459] SETC
[03:18:46] [130/459] KACC
[03:18:47] [131/459] KAVE
[03:18:48] [132/459] CNTC
[03:18:48] [133/459] MEEN
[03:18:49] [134/459] BMRV
[03:18:50] [135/459] SVAM
[03:18:50] 🔄 Identity reset
[03:18:50] 🔄 Identity rotated (every 10 requests)
[03:18:50] 🔄 Retry 1/5 for SVAM in 2.8s
[03:18:50] 🔄 Identity reset
[03:18:53] 🧠 New identity created
[03:18:53] 🔄 Retry 2/5 for SVAM in 4.1s
[03:18:53] 🔄 Identity reset
[03:18:57] 🧠 New identity created
[03:18:57] [136/459] VTBP
[03:18:58] [137/459] VCKN
[03:18:59] [138/459] SGTK
[03:18:59] [139/459] RCGS
[03:19:00] [140/459] RCCB
[03:19:01] [141/459] RKSR
[03:19:01] [142/459] RKCU
[03:19:02] [143/459] GIBH
[03:19:03] 🔄 Identity reset
[03:19:03] 🔄 Identity rotated (every 10 requests)
[03:19:03] [144/459] CXBS
[03:19:04] [145/459] GGCB
[03:19:04] [146/459] SCPB
[03:19:05] [147/459] AKTB
[03:19:06] [148/459] SRBU
[03:19:06] [149/459] CSSA
[03:19:07] [150/459] MYAN
[03:19:07] [151/459] EXCA
[03:19:08] [152/459] CKSA
[03:19:09] [153/459] JTNM
[03:19:10] 🔄 Identity reset
[03:19:10] 🔄 Identity rotated (every 10 requests)
[03:19:10] 🔄 Retry 1/5 for JTNM in 2.7s
[03:19:10] 🔄 Identity reset
[03:19:12] 🧠 New identity created
[03:19:13] [154/459] CXKT
[03:19:13] [155/459] NCLM
[03:19:14] [156/459] JAAD
[03:19:15] [157/459] RDCR
[03:19:15] [158/459] MEER
[03:19:16] [159/459] SIBT
[03:19:17] [160/459] PVVB
[03:19:17] [161/459] FNPN
[03:19:18] [162/459] CRPX
[03:19:19] 🔄 Identity reset
[03:19:19] 🔄 Identity rotated (every 10 requests)
[03:19:19] 🔄 Retry 1/5 for CRPX in 2.1s
[03:19:19] 🔄 Identity reset
[03:19:21] 🧠 New identity created
[03:19:21] 🔄 Retry 2/5 for CRPX in 4.3s
[03:19:21] 🔄 Identity reset
[03:19:25] 🧠 New identity created
[03:19:25] [163/459] STET
[03:19:26] [164/459] METE
[03:19:27] [165/459] BJML
[03:19:27] [166/459] MAVT
[03:19:28] [167/459] MSRM
[03:19:29] [168/459] TJMP
[03:19:29] [169/459] MHCK
[03:19:30] [170/459] SVGP
[03:19:30] 🔄 Identity reset
[03:19:30] 🔄 Identity rotated (every 10 requests)
[03:19:30] 🔄 Retry 1/5 for SVGP in 2.2s
[03:19:30] 🔄 Identity reset
[03:19:32] 🧠 New identity created
[03:19:32] [171/459] KRRC
[03:19:33] [172/459] IMCH
[03:19:34] [173/459] CMCS
[03:19:35] [174/459] SGND
[03:19:35] [175/459] RNAT
[03:19:36] [176/459] PRTN
[03:19:36] [177/459] MPTN
[03:19:37] [178/459] ARCC
[03:19:38] [179/459] NTTE
[03:19:38] 🔄 Identity reset
[03:19:38] 🔄 Identity rotated (every 10 requests)
[03:19:38] 🔄 Retry 1/5 for NTTE in 2.4s
[03:19:38] 🔄 Identity reset
[03:19:41] 🧠 New identity created
[03:19:41] 🔄 Retry 2/5 for NTTE in 4.4s
[03:19:41] 🔄 Identity reset
[03:19:45] 🧠 New identity created
[03:19:45] [180/459] ABND
[03:19:46] [181/459] KCSN
[03:19:47] [182/459] KCSA
[03:19:47] [183/459] DCKT
[03:19:48] [184/459] MBBR
[03:19:49] [185/459] RAMU
[03:19:49] [186/459] RACW
[03:19:50] [187/459] MCHP
[03:19:50] 🔄 Identity reset
[03:19:50] 🔄 Identity rotated (every 10 requests)
[03:19:51] [188/459] TMHM
[03:19:51] [189/459] STXH
[03:19:52] [190/459] AGSG
[03:19:53] [191/459] SIRA
[03:19:53] [192/459] RCAN
[03:19:54] [193/459] CWTB
[03:19:55] [194/459] VTYM
[03:19:55] [195/459] RRPP
[03:19:56] [196/459] ASMR
[03:19:56] [197/459] RONO
[03:19:57] 🔄 Identity reset
[03:19:57] 🔄 Identity rotated (every 10 requests)
[03:19:57] [198/459] MEMR
[03:19:58] [199/459] CTMR
[03:19:58] [200/459] PMTT
[03:19:59] [201/459] PSLX
[03:20:00] [202/459] IPPL
[03:20:00] [203/459] MMSG
[03:20:01] [204/459] INEL
[03:20:02] [205/459] COAC
[03:20:02] [206/459] WVLK
[03:20:03] [207/459] PPXL
[03:20:03] 🔄 Identity reset
[03:20:04] 🔄 Identity rotated (every 10 requests)
[03:20:04] [208/459] PSML
[03:20:04] [209/459] FNLK
[03:20:05] [210/459] ILUM
[03:20:05] [211/459] ILCM
[03:20:06] [212/459] MSNL
[03:20:07] [213/459] VINB
[03:20:07] [214/459] SALW
[03:20:08] [215/459] PRTB
[03:20:09] [216/459] NCIL
[03:20:09] [217/459] PSUL
[03:20:10] 🔄 Identity reset
[03:20:10] 🔄 Identity rotated (every 10 requests)
[03:20:10] [218/459] SCLK
[03:20:11] [219/459] ADDC
[03:20:11] [220/459] OACL
[03:20:12] [221/459] OOCF
[03:20:13] [222/459] GPMF
[03:20:13] [223/459] SSDG
[03:20:14] [224/459] SKRS
[03:20:15] [225/459] NTTP
[03:20:15] [226/459] SLTP
[03:20:16] [227/459] JTLC
[03:20:17] 🔄 Identity reset
[03:20:17] 🔄 Identity rotated (every 10 requests)
[03:20:17] 🔄 Retry 1/5 for JTLC in 3.0s
[03:20:17] 🔄 Identity reset
[03:20:20] 🧠 New identity created
[03:20:20] [228/459] POON
[03:20:20] [229/459] CCPC
[03:20:21] [230/459] DCKC
[03:20:22] [231/459] CPRT
[03:20:22] [232/459] EYHZ
[03:20:23] [233/459] ARBL
[03:20:24] [234/459] SBTB
[03:20:24] [235/459] MMCK
[03:20:25] [236/459] PLMR
[03:20:25] 🔄 Identity reset
[03:20:25] 🔄 Identity rotated (every 10 requests)
[03:20:25] 🔄 Retry 1/5 for PLMR in 2.9s
[03:20:25] 🔄 Identity reset
[03:20:28] 🧠 New identity created
[03:20:28] [237/459] BIJH
[03:20:29] [238/459] SDRT
[03:20:30] [239/459] PRDC
[03:20:30] [240/459] OMJA
[03:20:31] [241/459] VKCR
[03:20:31] [242/459] ATRT
[03:20:32] [243/459] WVRP
[03:20:32] [244/459] MVRP
[03:20:33] [245/459] FCAX
[03:20:34] 🔄 Identity reset
[03:20:34] 🔄 Identity rotated (every 10 requests)
[03:20:34] [246/459] CTLC
[03:20:35] [247/459] JCHB
[03:20:36] [248/459] SELP
[03:20:36] [249/459] VCPG
[03:20:37] [250/459] ASCX
[03:20:37] [251/459] EOCS
[03:20:38] [252/459] RCPH
[03:20:39] [253/459] RJTM
[03:20:39] [254/459] SGMD
[03:20:40] [255/459] SVJT
[03:20:40] 🔄 Identity reset
[03:20:40] 🔄 Identity rotated (every 10 requests)
[03:20:40] [256/459] SPPO
[03:20:41] [257/459] MNRL
[03:20:42] [258/459] KNOX
[03:20:42] [259/459] GIER
[03:20:43] [260/459] PJMS
[03:20:43] [261/459] UNSP
[03:20:44] [262/459] JETP
[03:20:45] [263/459] VTWA
[03:20:45] [264/459] SCJI
[03:20:46] [265/459] CBZZ
[03:20:47] 🔄 Identity reset
[03:20:47] 🔄 Identity rotated (every 10 requests)
[03:20:47] 🔄 Retry 1/5 for CBZZ in 2.7s
[03:20:47] 🔄 Identity reset
[03:20:49] 🧠 New identity created
[03:20:49] [266/459] SDCJ
[03:20:50] [267/459] RRCC
[03:20:51] [268/459] VNKG
[03:20:51] [269/459] LKTO
[03:20:52] [270/459] PJRM
[03:20:53] [271/459] NVRM
[03:20:53] [272/459] SJCS
[03:20:54] [273/459] VIGK
[03:20:54] [274/459] ANST
[03:20:55] 🔄 Identity reset
[03:20:55] 🔄 Identity rotated (every 10 requests)
[03:20:55] 🔄 Retry 1/5 for ANST in 2.0s
[03:20:55] 🔄 Identity reset
[03:20:57] 🧠 New identity created
[03:20:57] 🔄 Retry 2/5 for ANST in 4.8s
[03:20:57] 🔄 Identity reset
[03:21:02] 🧠 New identity created
[03:21:02] [275/459] JTTS
[03:21:03] [276/459] NTST
[03:21:04] [277/459] PREB
[03:21:04] [278/459] TSCZ
[03:21:05] [279/459] CDCM
[03:21:06] [280/459] ELYE
[03:21:06] [281/459] INBS
[03:21:07] [282/459] SMGC
[03:21:07] 🔄 Identity reset
[03:21:08] 🔄 Identity rotated (every 10 requests)
[03:21:08] 🔄 Retry 1/5 for SMGC in 2.1s
[03:21:08] 🔄 Identity reset
[03:21:10] 🧠 New identity created
[03:21:10] [283/459] UTMP
[03:21:10] [284/459] INTA
[03:21:11] [285/459] OMPT
[03:21:12] [286/459] SCIR
[03:21:12] [287/459] GCKJ
[03:21:13] [288/459] INOG
[03:21:13] [289/459] SMGB
[03:21:14] [290/459] MCSG
[03:21:15] [291/459] STKG
[03:21:15] 🔄 Identity reset
[03:21:15] 🔄 Identity rotated (every 10 requests)
[03:21:15] [292/459] TTKG
[03:21:16] [293/459] SRTR
[03:21:17] [294/459] ETTR
[03:21:17] [295/459] GGGZ
[03:21:18] [296/459] IPGM
[03:21:18] [297/459] FCDH
[03:21:19] [298/459] DESB
[03:21:20] [299/459] VNTP
[03:21:20] [300/459] ANNT
[03:21:21] [301/459] SLTI
[03:21:22] 🔄 Identity reset
[03:21:22] 🔄 Identity rotated (every 10 requests)
[03:21:22] [302/459] MAJU
[03:21:22] [303/459] JCXP
[03:21:23] [304/459] HARK
[03:21:24] [305/459] JPCJ
[03:21:24] [306/459] RXBD
[03:21:25] [307/459] PTKJ
[03:21:25] [308/459] CMTU
[03:21:26] [309/459] SWOR
[03:21:27] [310/459] JMEX
[03:21:27] [311/459] DTPT
[03:21:28] 🔄 Identity reset
[03:21:28] 🔄 Identity rotated (every 10 requests)
[03:21:28] [312/459] VGMM
[03:21:29] [313/459] VCSG
[03:21:29] [314/459] CVCG
[03:21:30] [315/459] TNTT
[03:21:30] [316/459] SHRM
[03:21:31] [317/459] CGKD
[03:21:32] [318/459] EKCM
[03:21:32] [319/459] SDCX
[03:21:33] [320/459] SBTE
[03:21:34] [321/459] STKJ
[03:21:34] 🔄 Identity reset
[03:21:34] 🔄 Identity rotated (every 10 requests)
[03:21:34] [322/459] TPCE
[03:21:35] [323/459] JTNP
[03:21:36] [324/459] LPCH
[03:21:36] [325/459] CPUO
[03:21:37] [326/459] APSU
[03:21:37] [327/459] RTHC
[03:21:38] [328/459] PTBU
[03:21:39] [329/459] CUCC
[03:21:39] [330/459] CPSA
[03:21:40] [331/459] SUAY
[03:21:41] 🔄 Identity reset
[03:21:41] 🔄 Identity rotated (every 10 requests)
[03:21:41] [332/459] AYAA
[03:21:41] [333/459] MUCH
[03:21:42] [334/459] PCIN
[03:21:43] [335/459] JRRM
[03:21:43] [336/459] KATS
[03:21:44] [337/459] MHFF
[03:21:45] [338/459] ESYM
[03:21:45] [339/459] STYV
[03:21:46] [340/459] SDKG
[03:21:47] [341/459] SMTI
[03:21:47] 🔄 Identity reset
[03:21:47] 🔄 Identity rotated (every 10 requests)
[03:21:47] [342/459] NYCS
[03:21:48] [343/459] MTBG
[03:21:49] [344/459] RHCA
[03:21:49] [345/459] PCKH
[03:21:50] [346/459] ARCR
[03:21:50] [347/459] NCMB
[03:21:51] [348/459] SHYC
[03:21:52] [349/459] LACK
[03:21:52] [350/459] MTCM
[03:21:53] [351/459] RRBN
[03:21:54] 🔄 Identity reset
[03:21:54] 🔄 Identity rotated (every 10 requests)
[03:21:54] [352/459] MYDC
[03:21:54] [353/459] STCS
[03:21:55] [354/459] CONN
[03:21:56] [355/459] SIPS
[03:21:56] [356/459] SMMX
[03:21:57] [357/459] SCBY
[03:21:58] [358/459] SUAP
[03:21:58] [359/459] RSMK
[03:21:59] [360/459] STKP
[03:21:59] [361/459] CIPC
[03:22:00] 🔄 Identity reset
[03:22:00] 🔄 Identity rotated (every 10 requests)
[03:22:00] 🔄 Retry 1/5 for CIPC in 2.2s
[03:22:00] 🔄 Identity reset
[03:22:02] 🧠 New identity created
[03:22:02] [362/459] KKCI
[03:22:03] [363/459] CTNK
[03:22:03] [364/459] MMTZ
[03:22:04] [365/459] DCCO
[03:22:05] [366/459] VNMN
[03:22:06] [367/459] RLCN
[03:22:06] [368/459] CMMS
[03:22:07] [369/459] AYOU
[03:22:08] [370/459] SSCN
[03:22:08] 🔄 Identity reset
[03:22:08] 🔄 Identity rotated (every 10 requests)
[03:22:08] [371/459] SMXN
[03:22:09] [372/459] ASSK
[03:22:10] [373/459] VCKM
[03:22:10] [374/459] PCPH
[03:22:11] [375/459] PADM
[03:22:12] [376/459] IESA
[03:22:12] [377/459] VCSP
[03:22:13] [378/459] AEST
[03:22:13] [379/459] VTNR
[03:22:14] [380/459] GTTA
[03:22:15] 🔄 Identity reset
[03:22:15] 🔄 Identity rotated (every 10 requests)
[03:22:15] [381/459] CMMM
[03:22:15] [382/459] AHKT
[03:22:16] [383/459] SIJI
[03:22:17] [384/459] VCEI
[03:22:17] [385/459] SAKR
[03:22:18] [386/459] VSMT
[03:22:18] [387/459] SSCT
[03:22:19] [388/459] USTR
[03:22:20] [389/459] MTKT
[03:22:21] [390/459] TGMP
[03:22:21] 🔄 Identity reset
[03:22:21] 🔄 Identity rotated (every 10 requests)
[03:22:21] 🔄 Retry 1/5 for TGMP in 2.5s
[03:22:21] 🔄 Identity reset
[03:22:24] 🧠 New identity created
[03:22:24] [391/459] SIVC
[03:22:25] [392/459] KICT
[03:22:25] [393/459] DAMD
[03:22:26] [394/459] CNPT
[03:22:27] [395/459] RVTT
[03:22:27] [396/459] SNCM
[03:22:28] [397/459] GHTE
[03:22:29] [398/459] PPAM
[03:22:30] [399/459] PVAA
[03:22:30] 🔄 Identity reset
[03:22:30] 🔄 Identity rotated (every 10 requests)
[03:22:30] [400/459] CPAO
[03:22:31] [401/459] HAMD
[03:22:31] [402/459] RCCA
[03:22:32] [403/459] MPCH
[03:22:33] [404/459] ARED
[03:22:33] [405/459] RRCV
[03:22:34] [406/459] MTRB
[03:22:35] [407/459] CKUA
[03:22:35] [408/459] ABMP
[03:22:36] [409/459] RCWA
[03:22:36] 🔄 Identity reset
[03:22:36] 🔄 Identity rotated (every 10 requests)
[03:22:36] [410/459] CGAR
[03:22:37] [411/459] METH
[03:22:38] [412/459] WAGA
[03:22:38] [413/459] MCMA
[03:22:39] [414/459] CSMP
[03:22:40] [415/459] RCNK
[03:22:40] [416/459] PSTM
[03:22:41] [417/459] CSEP
[03:22:41] [418/459] AMGD
[03:22:42] [419/459] CSTE
[03:22:42] 🔄 Identity reset
[03:22:42] 🔄 Identity rotated (every 10 requests)
[03:22:43] [420/459] CONS
[03:22:43] [421/459] APPX
[03:22:44] [422/459] MABC
[03:22:44] [423/459] CXST
[03:22:45] [424/459] MATN
[03:22:46] [425/459] MACZ
[03:22:47] [426/459] MASA
[03:22:47] [427/459] MBSX
[03:22:48] [428/459] CSST
[03:22:49] [429/459] APCL
[03:22:49] 🔄 Identity reset
[03:22:49] 🔄 Identity rotated (every 10 requests)
[03:22:49] [430/459] CGOS
[03:22:50] [431/459] CPEC
[03:22:51] [432/459] MCCP
[03:22:52] [433/459] BSSO
[03:22:52] [434/459] SJKA
[03:22:53] [435/459] CGBO
[03:22:54] [436/459] MVSK
[03:22:54] [437/459] HVCA
[03:22:55] [438/459] NAMD
[03:22:56] [439/459] DEVI
[03:22:56] 🔄 Identity reset
[03:22:56] 🔄 Identity rotated (every 10 requests)
[03:22:56] [440/459] SCSV
[03:22:57] [441/459] PSMA
[03:22:57] [442/459] CLDJ
[03:22:58] [443/459] NMAD
[03:22:58] [444/459] CGMO
[03:22:59] [445/459] MCNA
[03:23:00] [446/459] OCBN
[03:23:00] [447/459] CPEM
[03:23:01] [448/459] CPSM
[03:23:02] [449/459] RCAD
[03:23:02] 🔄 Identity reset
[03:23:02] 🔄 Identity rotated (every 10 requests)
[03:23:02] [450/459] CPMU
[03:23:03] [451/459] DICD
[03:23:04] [452/459] CHOE
[03:23:04] [453/459] PDJM
[03:23:05] [454/459] SSTU
[03:23:05] [455/459] VNRN
[03:23:06] [456/459] PVLG
[03:23:07] [457/459] SWBL
[03:23:07] [458/459] SCAB
[03:23:08] [459/459] RDDA
[03:23:09] 🔄 Identity reset
[03:23:09] 🔄 Identity rotated (every 10 requests)
[03:23:09] ✅ DONE | Shows=0 | Movies=0
[03:58:30] 🚀 BMS DAILY TRACKER STARTED (enhanced anti‑detection)
[03:58:30] [1/459] MCCZ
[03:58:30] 🧠 New identity created
[03:58:31] [2/459] FRPU
[03:58:31] [3/459] SKSI
[03:58:32] [4/459] SSCK
[03:58:33] [5/459] SRDC
[03:58:34] [6/459] RSCZ
[03:58:35] [7/459] PRVT
[03:58:36] [8/459] GAGJ
[03:58:36] [9/459] SMHG
[03:58:37] [10/459] JTST
[03:58:37] 🔄 Identity reset
[03:58:37] 🔄 Identity rotated (every 10 requests)
[03:58:38] [11/459] MYTH
[03:58:38] [12/459] JPCC
[03:58:39] [13/459] ACDC
[03:58:40] [14/459] SVFP
[03:58:40] [15/459] SFCM
[03:58:41] [16/459] RUPK
[03:58:42] [17/459] NTCR
[03:58:42] [18/459] RTCH
[03:58:43] [19/459] SCMH
[03:58:44] [20/459] SVYM
[03:58:44] 🔄 Identity reset
[03:58:44] 🔄 Identity rotated (every 10 requests)
[03:58:45] [21/459] SPYM
[03:58:45] [22/459] SMMF
[03:58:46] [23/459] CLLB
[03:58:47] [24/459] FMCB
[03:58:48] [25/459] BBTC
[03:58:48] [26/459] NTHS
[03:58:49] [27/459] PKKJ
[03:58:50] [28/459] MTJA
[03:58:51] [29/459] PMSJ
[03:58:52] [30/459] JMJU
[03:58:52] 🔄 Identity reset
[03:58:52] 🔄 Identity rotated (every 10 requests)
[03:58:53] [31/459] SRAD
[03:58:53] [32/459] MJMC
[03:58:54] [33/459] DFRM
[03:58:55] [34/459] PMRS
[03:58:55] [35/459] RKPP
[03:58:56] [36/459] BMBK
[03:58:57] [37/459] NEWS
[03:58:58] [38/459] SALB
[03:58:58] [39/459] SCPW
[03:58:59] [40/459] RAYL
[03:59:00] 🔄 Identity reset
[03:59:00] 🔄 Identity rotated (every 10 requests)
[03:59:00] [41/459] CMGJ
[03:59:01] [42/459] JRCR
[03:59:01] [43/459] SRTB
[03:59:02] [44/459] ETPB
[03:59:03] [45/459] MXBN
[03:59:03] [46/459] TOPE
[03:59:04] [47/459] SNLJ
[03:59:05] [48/459] CDDP
[03:59:06] [49/459] APCX
[03:59:07] [50/459] TALP
[03:59:07] 🔄 Identity reset
[03:59:07] 🔄 Identity rotated (every 10 requests)
[03:59:07] [51/459] RRMP
[03:59:08] [52/459] MAHB
[03:59:09] [53/459] MTKR
[03:59:09] [54/459] KSKL
[03:59:10] [55/459] RJLT
[03:59:10] [56/459] ATAS
[03:59:12] [57/459] AMHR
[03:59:12] [58/459] RSRM
[03:59:13] [59/459] GCAT
[03:59:14] [60/459] SMML
[03:59:15] 🔄 Identity reset
[03:59:15] 🔄 Identity rotated (every 10 requests)
[03:59:15] [61/459] ACCD
[03:59:16] [62/459] VYDA
[03:59:17] [63/459] MSKT
[03:59:17] [64/459] AVDM
[03:59:18] [65/459] ASMH
[03:59:19] [66/459] VTMB
[03:59:19] [67/459] WVMB
[03:59:20] [68/459] PPMN
[03:59:21] [69/459] MTMD
[03:59:22] [70/459] SMMO
[03:59:23] 🔄 Identity reset
[03:59:23] 🔄 Identity rotated (every 10 requests)
[03:59:23] [71/459] DLPB
[03:59:23] [72/459] AKMD
[03:59:24] [73/459] SHRR
[03:59:25] [74/459] ASCO
[03:59:25] [75/459] CZVX
[03:59:26] [76/459] GCBB
[03:59:27] [77/459] ATBM
[03:59:28] [78/459] TCGM
[03:59:28] [79/459] UMSE
[03:59:30] [80/459] NKCL
[03:59:31] 🔄 Identity reset
[03:59:31] 🔄 Identity rotated (every 10 requests)
[03:59:31] [81/459] BTLR
[03:59:31] [82/459] GOCL
[03:59:32] [83/459] MIRN
[03:59:33] [84/459] THEC
[03:59:33] [85/459] SPPB
[03:59:34] [86/459] PMMM
[03:59:35] [87/459] GGMC
[03:59:36] [88/459] AVSR
[03:59:37] [89/459] RDMH
[03:59:38] [90/459] JSRS
[03:59:38] 🔄 Identity reset
[03:59:38] 🔄 Identity rotated (every 10 requests)
[03:59:39] [91/459] VKGP
[03:59:39] [92/459] ACRT
[03:59:40] [93/459] GCBA
[03:59:41] [94/459] GTCP
[03:59:41] [95/459] AKFC
[03:59:42] [96/459] INCS
[03:59:44] [97/459] SMCK
[03:59:44] [98/459] BRUN
[03:59:45] [99/459] RPPC
[03:59:46] [100/459] PAYD
[03:59:47] 🔄 Identity reset
[03:59:47] 🔄 Identity rotated (every 10 requests)
[03:59:47] 🔄 Retry 1/5 for PAYD in 2.0s
[03:59:47] 🔄 Identity reset
[03:59:49] 🧠 New identity created
[03:59:49] [101/459] SVVT
[03:59:49] [102/459] RNCC
[03:59:50] [103/459] PCRC
[03:59:51] [104/459] PMRM
[03:59:51] [105/459] CCRP
[03:59:52] [106/459] INCR
[03:59:53] [107/459] ZTMP
[03:59:53] [108/459] MCNR
[03:59:54] [109/459] INRP
[03:59:55] 🔄 Identity reset
[03:59:55] 🔄 Identity rotated (every 10 requests)
[03:59:55] [110/459] STRC
[03:59:55] [111/459] RATI
[03:59:56] [112/459] PBTR
[03:59:57] [113/459] CMHP
[03:59:58] [114/459] ZECJ
[03:59:59] [115/459] CCCB
[04:00:01] [116/459] BWCB
[04:00:02] [117/459] CCAT
[04:00:02] [118/459] KGCM
[04:00:03] [119/459] INPT
[04:00:04] 🔄 Identity reset
[04:00:04] 🔄 Identity rotated (every 10 requests)
[04:00:04] [120/459] FNCO
[04:00:04] [121/459] SRMJ
[04:00:05] [122/459] PFSC
[04:00:06] [123/459] PBMC
[04:00:07] [124/459] KARP
[04:00:08] [125/459] KOVI
[04:00:09] [126/459] ACXL
[04:00:10] [127/459] GKCC
[04:00:10] [128/459] ASCC
[04:00:11] [129/459] SETC
[04:00:12] 🔄 Identity reset
[04:00:12] 🔄 Identity rotated (every 10 requests)
[04:00:12] 🔄 Retry 1/5 for SETC in 2.0s
[04:00:12] 🔄 Identity reset
[04:00:14] 🧠 New identity created
[04:00:14] [130/459] KACC
[04:00:15] [131/459] KAVE
[04:00:16] [132/459] CNTC
[04:00:16] [133/459] MEEN
[04:00:17] [134/459] BMRV
[04:00:18] [135/459] SVAM
[04:00:18] [136/459] VTBP
[04:00:19] [137/459] VCKN
[04:00:20] [138/459] SGTK
[04:00:20] 🔄 Identity reset
[04:00:20] 🔄 Identity rotated (every 10 requests)
[04:00:20] [139/459] RCGS
[04:00:21] [140/459] RCCB
[04:00:22] [141/459] RKSR
[04:00:22] [142/459] RKCU
[04:00:23] [143/459] GIBH
[04:00:24] [144/459] CXBS
[04:00:25] [145/459] GGCB
[04:00:27] [146/459] SCPB
[04:00:27] [147/459] AKTB
[04:00:28] [148/459] SRBU
[04:00:29] 🔄 Identity reset
[04:00:29] 🔄 Identity rotated (every 10 requests)
[04:00:29] 🔄 Retry 1/5 for SRBU in 2.5s
[04:00:29] 🔄 Identity reset
[04:00:31] 🧠 New identity created
[04:00:31] [149/459] CSSA
[04:00:32] [150/459] MYAN
[04:00:33] [151/459] EXCA
[04:00:33] [152/459] CKSA
[04:00:34] [153/459] JTNM
[04:00:35] [154/459] CXKT
[04:00:36] [155/459] NCLM
[04:00:36] [156/459] JAAD
[04:00:37] [157/459] RDCR
[04:00:38] 🔄 Identity reset
[04:00:38] 🔄 Identity rotated (every 10 requests)
[04:00:38] [158/459] MEER
[04:00:39] [159/459] SIBT
[04:00:40] [160/459] PVVB
[04:00:40] [161/459] FNPN
[04:00:41] [162/459] CRPX
[04:00:42] [163/459] STET
[04:00:43] [164/459] METE
[04:00:43] [165/459] BJML
[04:00:45] [166/459] MAVT
[04:00:46] [167/459] MSRM
[04:00:46] 🔄 Identity reset
[04:00:46] 🔄 Identity rotated (every 10 requests)
[04:00:47] 🔄 Retry 1/5 for MSRM in 2.3s
[04:00:47] 🔄 Identity reset
[04:00:49] 🧠 New identity created
[04:00:49] [168/459] TJMP
[04:00:50] [169/459] MHCK
[04:00:50] [170/459] SVGP
[04:00:51] [171/459] KRRC
[04:00:52] [172/459] IMCH
[04:00:52] [173/459] CMCS
[04:00:53] [174/459] SGND
[04:00:54] [175/459] RNAT
[04:00:55] [176/459] PRTN
[04:00:55] 🔄 Identity reset
[04:00:55] 🔄 Identity rotated (every 10 requests)
[04:00:56] [177/459] MPTN
[04:00:56] [178/459] ARCC
[04:00:57] [179/459] NTTE
[04:00:58] [180/459] ABND
[04:00:59] [181/459] KCSN
[04:00:59] [182/459] KCSA
[04:01:00] [183/459] DCKT
[04:01:01] [184/459] MBBR
[04:01:02] [185/459] RAMU
[04:01:03] [186/459] RACW
[04:01:03] 🔄 Identity reset
[04:01:03] 🔄 Identity rotated (every 10 requests)
[04:01:03] [187/459] MCHP
[04:01:04] [188/459] TMHM
[04:01:05] [189/459] STXH
[04:01:06] [190/459] AGSG
[04:01:06] [191/459] SIRA
[04:01:07] [192/459] RCAN
[04:01:09] [193/459] CWTB
[04:01:09] [194/459] VTYM
[04:01:10] [195/459] RRPP
[04:01:11] [196/459] ASMR
[04:01:12] 🔄 Identity reset
[04:01:12] 🔄 Identity rotated (every 10 requests)
[04:01:12] [197/459] RONO
[04:01:13] [198/459] MEMR
[04:01:13] [199/459] CTMR
[04:01:14] [200/459] PMTT
[04:01:15] [201/459] PSLX
[04:01:15] [202/459] IPPL
[04:01:16] [203/459] MMSG
[04:01:17] [204/459] INEL
[04:01:17] [205/459] COAC
[04:01:18] [206/459] WVLK
[04:01:19] 🔄 Identity reset
[04:01:19] 🔄 Identity rotated (every 10 requests)
[04:01:19] [207/459] PPXL
[04:01:20] [208/459] PSML
[04:01:21] [209/459] FNLK
[04:01:22] [210/459] ILUM
[04:01:22] [211/459] ILCM
[04:01:23] [212/459] MSNL
[04:01:24] [213/459] VINB
[04:01:25] [214/459] SALW
[04:01:25] [215/459] PRTB
[04:01:27] [216/459] NCIL
[04:01:27] 🔄 Identity reset
[04:01:27] 🔄 Identity rotated (every 10 requests)
[04:01:28] [217/459] PSUL
[04:01:28] [218/459] SCLK
[04:01:29] [219/459] ADDC
[04:01:29] [220/459] OACL
[04:01:30] [221/459] OOCF
[04:01:31] [222/459] GPMF
[04:01:32] [223/459] SSDG
[04:01:32] [224/459] SKRS
[04:01:33] [225/459] NTTP
[04:01:34] [226/459] SLTP
[04:01:34] 🔄 Identity reset
[04:01:34] 🔄 Identity rotated (every 10 requests)
[04:01:34] [227/459] JTLC
[04:01:35] [228/459] POON
[04:01:36] [229/459] CCPC
[04:01:37] [230/459] DCKC
[04:01:38] [231/459] CPRT
[04:01:39] [232/459] EYHZ
[04:01:40] [233/459] ARBL
[04:01:40] [234/459] SBTB
[04:01:41] [235/459] MMCK
[04:01:43] [236/459] PLMR
[04:01:43] 🔄 Identity reset
[04:01:43] 🔄 Identity rotated (every 10 requests)
[04:01:43] [237/459] BIJH
[04:01:44] [238/459] SDRT
[04:01:45] [239/459] PRDC
[04:01:45] [240/459] OMJA
[04:01:46] [241/459] VKCR
[04:01:47] [242/459] ATRT
[04:01:47] [243/459] WVRP
[04:01:48] [244/459] MVRP
[04:01:48] [245/459] FCAX
[04:01:50] [246/459] CTLC
[04:01:51] 🔄 Identity reset
[04:01:51] 🔄 Identity rotated (every 10 requests)
[04:01:51] 🔄 Retry 1/5 for CTLC in 2.0s
[04:01:51] 🔄 Identity reset
[04:01:53] 🧠 New identity created
[04:01:53] [247/459] JCHB
[04:01:53] [248/459] SELP
[04:01:54] [249/459] VCPG
[04:01:55] [250/459] ASCX
[04:01:55] [251/459] EOCS
[04:01:56] [252/459] RCPH
[04:01:56] [253/459] RJTM
[04:01:57] [254/459] SGMD
[04:01:58] [255/459] SVJT
[04:01:58] 🔄 Identity reset
[04:01:58] 🔄 Identity rotated (every 10 requests)
[04:01:58] [256/459] SPPO
[04:01:59] [257/459] MNRL
[04:02:00] [258/459] KNOX
[04:02:01] [259/459] GIER
[04:02:01] [260/459] PJMS
[04:02:02] [261/459] UNSP
[04:02:03] [262/459] JETP
[04:02:03] [263/459] VTWA
[04:02:04] [264/459] SCJI
[04:02:05] [265/459] CBZZ
[04:02:05] 🔄 Identity reset
[04:02:05] 🔄 Identity rotated (every 10 requests)
[04:02:05] [266/459] SDCJ
[04:02:06] [267/459] RRCC
[04:02:07] [268/459] VNKG
[04:02:07] [269/459] LKTO
[04:02:08] [270/459] PJRM
[04:02:09] [271/459] NVRM
[04:02:09] [272/459] SJCS
[04:02:10] [273/459] VIGK
[04:02:11] [274/459] ANST
[04:02:12] [275/459] JTTS
[04:02:13] 🔄 Identity reset
[04:02:13] 🔄 Identity rotated (every 10 requests)
[04:02:13] [276/459] NTST
[04:02:13] [277/459] PREB
[04:02:14] [278/459] TSCZ
[04:02:15] [279/459] CDCM
[04:02:16] [280/459] ELYE
[04:02:16] [281/459] INBS
[04:02:17] [282/459] SMGC
[04:02:17] [283/459] UTMP
[04:02:18] [284/459] INTA
[04:02:19] [285/459] OMPT
[04:02:20] 🔄 Identity reset
[04:02:20] 🔄 Identity rotated (every 10 requests)
[04:02:20] [286/459] SCIR
[04:02:20] [287/459] GCKJ
[04:02:21] [288/459] INOG
[04:02:22] [289/459] SMGB
[04:02:23] [290/459] MCSG
[04:02:24] [291/459] STKG
[04:02:25] [292/459] TTKG
[04:02:26] [293/459] SRTR
[04:02:26] [294/459] ETTR
[04:02:28] [295/459] GGGZ
[04:02:28] 🔄 Identity reset
[04:02:28] 🔄 Identity rotated (every 10 requests)
[04:02:28] [296/459] IPGM
[04:02:29] [297/459] FCDH
[04:02:29] [298/459] DESB
[04:02:30] [299/459] VNTP
[04:02:31] [300/459] ANNT
[04:02:32] [301/459] SLTI
[04:02:32] [302/459] MAJU
[04:02:33] [303/459] JCXP
[04:02:34] [304/459] HARK
[04:02:35] [305/459] JPCJ
[04:02:35] 🔄 Identity reset
[04:02:36] 🔄 Identity rotated (every 10 requests)
[04:02:36] [306/459] RXBD
[04:02:36] [307/459] PTKJ
[04:02:37] [308/459] CMTU
[04:02:38] [309/459] SWOR
[04:02:39] [310/459] JMEX
[04:02:39] [311/459] DTPT
[04:02:40] [312/459] VGMM
[04:02:41] [313/459] VCSG
[04:02:41] [314/459] CVCG
[04:02:42] [315/459] TNTT
[04:02:43] 🔄 Identity reset
[04:02:43] 🔄 Identity rotated (every 10 requests)
[04:02:43] [316/459] SHRM
[04:02:43] [317/459] CGKD
[04:02:44] [318/459] EKCM
[04:02:45] [319/459] SDCX
[04:02:45] [320/459] SBTE
[04:02:46] [321/459] STKJ
[04:02:47] [322/459] TPCE
[04:02:48] [323/459] JTNP
[04:02:48] [324/459] LPCH
[04:02:49] [325/459] CPUO
[04:02:50] 🔄 Identity reset
[04:02:50] 🔄 Identity rotated (every 10 requests)
[04:02:50] 🔄 Retry 1/5 for CPUO in 2.2s
[04:02:50] 🔄 Identity reset
[04:02:52] 🧠 New identity created
[04:02:52] [326/459] APSU
[04:02:53] [327/459] RTHC
[04:02:53] [328/459] PTBU
[04:02:54] [329/459] CUCC
[04:02:55] [330/459] CPSA
[04:02:56] [331/459] SUAY
[04:02:56] [332/459] AYAA
[04:02:57] [333/459] MUCH
[04:02:57] [334/459] PCIN
[04:02:58] 🔄 Identity reset
[04:02:58] 🔄 Identity rotated (every 10 requests)
[04:02:58] [335/459] JRRM
[04:02:59] [336/459] KATS
[04:03:00] [337/459] MHFF
[04:03:00] [338/459] ESYM
[04:03:01] [339/459] STYV
[04:03:02] [340/459] SDKG
[04:03:03] [341/459] SMTI
[04:03:04] [342/459] NYCS
[04:03:04] [343/459] MTBG
[04:03:05] [344/459] RHCA
[04:03:05] 🔄 Identity reset
[04:03:06] 🔄 Identity rotated (every 10 requests)
[04:03:06] [345/459] PCKH
[04:03:06] [346/459] ARCR
[04:03:07] [347/459] NCMB
[04:03:08] [348/459] SHYC
[04:03:09] [349/459] LACK
[04:03:09] [350/459] MTCM
[04:03:10] [351/459] RRBN
[04:03:11] [352/459] MYDC
[04:03:11] [353/459] STCS
[04:03:12] [354/459] CONN
[04:03:12] 🔄 Identity reset
[04:03:12] 🔄 Identity rotated (every 10 requests)
[04:03:12] [355/459] SIPS
[04:03:13] [356/459] SMMX
[04:03:14] [357/459] SCBY
[04:03:14] [358/459] SUAP
[04:03:15] [359/459] RSMK
[04:03:16] [360/459] STKP
[04:03:17] [361/459] CIPC
[04:03:17] [362/459] KKCI
[04:03:18] [363/459] CTNK
[04:03:19] [364/459] MMTZ
[04:03:19] 🔄 Identity reset
[04:03:19] 🔄 Identity rotated (every 10 requests)
[04:03:19] [365/459] DCCO
[04:03:20] [366/459] VNMN
[04:03:20] [367/459] RLCN
[04:03:21] [368/459] CMMS
[04:03:22] [369/459] AYOU
[04:03:23] [370/459] SSCN
[04:03:23] [371/459] SMXN
[04:03:24] [372/459] ASSK
[04:03:25] [373/459] VCKM
[04:03:25] [374/459] PCPH
[04:03:26] 🔄 Identity reset
[04:03:26] 🔄 Identity rotated (every 10 requests)
[04:03:26] [375/459] PADM
[04:03:27] [376/459] IESA
[04:03:28] [377/459] VCSP
[04:03:28] [378/459] AEST
[04:03:29] [379/459] VTNR
[04:03:29] [380/459] GTTA
[04:03:30] [381/459] CMMM
[04:03:31] [382/459] AHKT
[04:03:32] [383/459] SIJI
[04:03:33] [384/459] VCEI
[04:03:33] 🔄 Identity reset
[04:03:33] 🔄 Identity rotated (every 10 requests)
[04:03:33] [385/459] SAKR
[04:03:34] [386/459] VSMT
[04:03:35] [387/459] SSCT
[04:03:35] [388/459] USTR
[04:03:36] [389/459] MTKT
[04:03:37] [390/459] TGMP
[04:03:38] [391/459] SIVC
[04:03:38] [392/459] KICT
[04:03:39] [393/459] DAMD
[04:03:40] [394/459] CNPT
[04:03:41] 🔄 Identity reset
[04:03:41] 🔄 Identity rotated (every 10 requests)
[04:03:41] [395/459] RVTT
[04:03:42] [396/459] SNCM
[04:03:42] [397/459] GHTE
[04:03:44] [398/459] PPAM
[04:03:44] [399/459] PVAA
[04:03:45] [400/459] CPAO
[04:03:46] [401/459] HAMD
[04:03:46] [402/459] RCCA
[04:03:47] [403/459] MPCH
[04:03:47] [404/459] ARED
[04:03:48] 🔄 Identity reset
[04:03:48] 🔄 Identity rotated (every 10 requests)
[04:03:48] [405/459] RRCV
[04:03:49] [406/459] MTRB
[04:03:49] [407/459] CKUA
[04:03:50] [408/459] ABMP
[04:03:51] [409/459] RCWA
[04:03:52] [410/459] CGAR
[04:03:52] [411/459] METH
[04:03:53] [412/459] WAGA
[04:03:54] [413/459] MCMA
[04:03:54] [414/459] CSMP
[04:03:55] 🔄 Identity reset
[04:03:55] 🔄 Identity rotated (every 10 requests)
[04:03:55] [415/459] RCNK
[04:03:56] [416/459] PSTM
[04:03:57] [417/459] CSEP
[04:03:57] [418/459] AMGD
[04:03:58] [419/459] CSTE
[04:03:59] [420/459] CONS
[04:04:00] [421/459] APPX
[04:04:00] [422/459] MABC
[04:04:01] [423/459] CXST
[04:04:02] [424/459] MATN
[04:04:02] 🔄 Identity reset
[04:04:02] 🔄 Identity rotated (every 10 requests)
[04:04:02] [425/459] MACZ
[04:04:04] [426/459] MASA
[04:04:04] [427/459] MBSX
[04:04:05] [428/459] CSST
[04:04:05] [429/459] APCL
[04:04:06] [430/459] CGOS
[04:04:07] [431/459] CPEC
[04:04:07] [432/459] MCCP
[04:04:08] [433/459] BSSO
[04:04:09] [434/459] SJKA
[04:04:09] 🔄 Identity reset
[04:04:09] 🔄 Identity rotated (every 10 requests)
[04:04:09] 🔄 Retry 1/5 for SJKA in 2.1s
[04:04:09] 🔄 Identity reset
[04:04:11] 🧠 New identity created
[04:04:11] [435/459] CGBO
[04:04:12] [436/459] MVSK
[04:04:13] [437/459] HVCA
[04:04:14] [438/459] NAMD
[04:04:15] [439/459] DEVI
[04:04:16] [440/459] SCSV
[04:04:16] [441/459] PSMA
[04:04:18] [442/459] CLDJ
[04:04:19] [443/459] NMAD
[04:04:19] 🔄 Identity reset
[04:04:19] 🔄 Identity rotated (every 10 requests)
[04:04:19] [444/459] CGMO
[04:04:20] [445/459] MCNA
[04:04:21] [446/459] OCBN
[04:04:21] [447/459] CPEM
[04:04:22] [448/459] CPSM
[04:04:23] [449/459] RCAD
[04:04:23] [450/459] CPMU
[04:04:24] [451/459] DICD
[04:04:25] [452/459] CHOE
[04:04:25] [453/459] PDJM
[04:04:26] 🔄 Identity reset
[04:04:26] 🔄 Identity rotated (every 10 requests)
[04:04:26] [454/459] SSTU
[04:04:27] [455/459] VNRN
[04:04:28] [456/459] PVLG
[04:04:28] [457/459] SWBL
[04:04:29] [458/459] SCAB
[04:04:30] [459/459] RDDA
[04:04:30] ✅ DONE | Shows=0 | Movies=0
[04:17:03] 🚀 BMS DAILY TRACKER STARTED (enhanced anti‑detection)
[04:17:03] [1/459] MCCZ
[04:17:03] 🧠 New identity created
[04:17:04] [2/459] FRPU
[04:17:04] [3/459] SKSI
[04:17:05] [4/459] SSCK
[04:17:05] [5/459] SRDC
[04:17:06] [6/459] RSCZ
[04:17:06] [7/459] PRVT
[04:17:07] [8/459] GAGJ
[04:17:07] [9/459] SMHG
[04:17:08] [10/459] JTST
[04:17:08] 🔄 Identity reset
[04:17:09] 🔄 Identity rotated (every 10 requests)
[04:17:09] [11/459] MYTH
[04:17:09] [12/459] JPCC
[04:17:10] [13/459] ACDC
[04:17:11] [14/459] SVFP
[04:17:11] [15/459] SFCM
[04:17:12] [16/459] RUPK
[04:17:13] [17/459] NTCR
[04:17:13] [18/459] RTCH
[04:17:14] [19/459] SCMH
[04:17:14] [20/459] SVYM
[04:17:15] 🔄 Identity reset
[04:17:15] 🔄 Identity rotated (every 10 requests)
[04:17:15] [21/459] SPYM
[04:17:16] [22/459] SMMF
[04:17:16] [23/459] CLLB
[04:17:17] [24/459] FMCB
[04:17:18] [25/459] BBTC
[04:17:19] [26/459] NTHS
[04:17:19] [27/459] PKKJ
[04:17:20] [28/459] MTJA
[04:17:20] [29/459] PMSJ
[04:17:21] [30/459] JMJU
[04:17:22] 🔄 Identity reset
[04:17:22] 🔄 Identity rotated (every 10 requests)
[04:17:22] [31/459] SRAD
[04:17:23] [32/459] MJMC
[04:17:23] [33/459] DFRM
[04:17:24] [34/459] PMRS
[04:17:25] [35/459] RKPP
[04:17:25] [36/459] BMBK
[04:17:26] [37/459] NEWS
[04:17:27] [38/459] SALB
[04:17:27] [39/459] SCPW
[04:17:28] [40/459] RAYL
[04:17:28] 🔄 Identity reset
[04:17:28] 🔄 Identity rotated (every 10 requests)
[04:17:28] 🔄 Retry 1/5 for RAYL in 2.6s
[04:17:28] 🔄 Identity reset
[04:17:31] 🧠 New identity created
[04:17:31] [41/459] CMGJ
[04:17:32] [42/459] JRCR
[04:17:32] [43/459] SRTB
[04:17:33] [44/459] ETPB
[04:17:34] [45/459] MXBN
[04:17:34] [46/459] TOPE
[04:17:35] [47/459] SNLJ
[04:17:36] [48/459] CDDP
[04:17:36] [49/459] APCX
[04:17:37] 🔄 Identity reset
[04:17:37] 🔄 Identity rotated (every 10 requests)
[04:17:37] [50/459] TALP
[04:17:38] [51/459] RRMP
[04:17:38] [52/459] MAHB
[04:17:39] [53/459] MTKR
[04:17:39] [54/459] KSKL
[04:17:40] [55/459] RJLT
[04:17:41] [56/459] ATAS
[04:17:41] [57/459] AMHR
[04:17:42] [58/459] RSRM
[04:17:43] [59/459] GCAT
[04:17:43] 🔄 Identity reset
[04:17:43] 🔄 Identity rotated (every 10 requests)
[04:17:43] 🔄 Retry 1/5 for GCAT in 2.2s
[04:17:43] 🔄 Identity reset
[04:17:46] 🧠 New identity created
[04:17:46] 🔄 Retry 2/5 for GCAT in 4.4s
[04:17:46] 🔄 Identity reset
[04:17:50] 🧠 New identity created
[04:17:50] [60/459] SMML
[04:17:51] [61/459] ACCD
[04:17:51] [62/459] VYDA
[04:17:52] [63/459] MSKT
[04:17:52] [64/459] AVDM
[04:17:53] [65/459] ASMH
[04:17:54] [66/459] VTMB
[04:17:54] [67/459] WVMB
[04:17:55] 🔄 Identity reset
[04:17:55] 🔄 Identity rotated (every 10 requests)
[04:17:55] 🔄 Retry 1/5 for WVMB in 3.0s
[04:17:55] 🔄 Identity reset
[04:17:58] 🧠 New identity created
[04:17:58] 🔄 Retry 2/5 for WVMB in 4.9s
[04:17:58] 🔄 Identity reset
[04:18:03] 🧠 New identity created
[04:18:03] 🔄 Retry 3/5 for WVMB in 8.8s
[04:18:03] 🔄 Identity reset
[04:18:12] 🧠 New identity created
[04:18:12] [68/459] PPMN
[04:18:13] [69/459] MTMD
[04:18:13] [70/459] SMMO
[04:18:14] [71/459] DLPB
[04:18:15] [72/459] AKMD
[04:18:15] [73/459] SHRR
[04:18:16] [74/459] ASCO
[04:18:17] 🔄 Identity reset
[04:18:17] 🔄 Identity rotated (every 10 requests)
[04:18:17] 🔄 Retry 1/5 for ASCO in 2.7s
[04:18:17] 🔄 Identity reset
[04:18:20] 🧠 New identity created
[04:18:20] [75/459] CZVX
[04:18:20] [76/459] GCBB
[04:18:21] [77/459] ATBM
[04:18:22] [78/459] TCGM
[04:18:22] [79/459] UMSE
[04:18:23] [80/459] NKCL
[04:18:24] [81/459] BTLR
[04:18:24] [82/459] GOCL
[04:18:25] [83/459] MIRN
[04:18:25] 🔄 Identity reset
[04:18:25] 🔄 Identity rotated (every 10 requests)
[04:18:25] 🔄 Retry 1/5 for MIRN in 2.7s
[04:18:25] 🔄 Identity reset
[04:18:28] 🧠 New identity created
[04:18:28] [84/459] THEC
[04:18:29] [85/459] SPPB
[04:18:30] [86/459] PMMM
[04:18:30] [87/459] GGMC
[04:18:31] [88/459] AVSR
[04:18:32] [89/459] RDMH
[04:18:32] [90/459] JSRS
[04:18:33] [91/459] VKGP
[04:18:33] [92/459] ACRT
[04:18:34] 🔄 Identity reset
[04:18:34] 🔄 Identity rotated (every 10 requests)
[04:18:34] 🔄 Retry 1/5 for ACRT in 2.6s
[04:18:34] 🔄 Identity reset
[04:18:37] 🧠 New identity created
[04:18:37] [93/459] GCBA
[04:18:37] [94/459] GTCP
[04:18:38] [95/459] AKFC
[04:18:39] [96/459] INCS
[04:18:39] [97/459] SMCK
[04:18:40] [98/459] BRUN
[04:18:40] [99/459] RPPC
[04:18:41] [100/459] PAYD
[04:18:42] [101/459] SVVT
[04:18:43] 🔄 Identity reset
[04:18:43] 🔄 Identity rotated (every 10 requests)
[04:18:43] [102/459] RNCC
[04:18:43] [103/459] PCRC
[04:18:44] [104/459] PMRM
[04:18:45] [105/459] CCRP
[04:18:45] [106/459] INCR
[04:18:46] [107/459] ZTMP
[04:18:47] [108/459] MCNR
[04:18:47] [109/459] INRP
[04:18:48] [110/459] STRC
[04:18:48] [111/459] RATI
[04:18:49] 🔄 Identity reset
[04:18:49] 🔄 Identity rotated (every 10 requests)
[04:18:49] [112/459] PBTR
[04:18:50] [113/459] CMHP
[04:18:50] [114/459] ZECJ
[04:18:51] [115/459] CCCB
[04:18:52] [116/459] BWCB
[04:18:52] [117/459] CCAT
[04:18:53] [118/459] KGCM
[04:18:53] [119/459] INPT
[04:18:54] [120/459] FNCO
[04:18:55] [121/459] SRMJ
[04:18:55] 🔄 Identity reset
[04:18:55] 🔄 Identity rotated (every 10 requests)
[04:18:55] [122/459] PFSC
[04:18:56] [123/459] PBMC
[04:18:56] [124/459] KARP
[04:18:57] [125/459] KOVI
[04:18:58] [126/459] ACXL
[04:18:58] [127/459] GKCC
[04:18:59] [128/459] ASCC
[04:18:59] [129/459] SETC
[04:19:00] [130/459] KACC
[04:19:00] [131/459] KAVE
[04:19:01] 🔄 Identity reset
[04:19:01] 🔄 Identity rotated (every 10 requests)
[04:19:01] [132/459] CNTC
[04:19:02] [133/459] MEEN
[04:19:02] [134/459] BMRV
[04:19:03] [135/459] SVAM
[04:19:04] [136/459] VTBP
[04:19:04] [137/459] VCKN
[04:19:05] [138/459] SGTK
[04:19:06] [139/459] RCGS
[04:19:06] [140/459] RCCB
[04:19:07] [141/459] RKSR
[04:19:08] 🔄 Identity reset
[04:19:08] 🔄 Identity rotated (every 10 requests)
[04:19:08] [142/459] RKCU
[04:19:08] [143/459] GIBH
[04:19:09] [144/459] CXBS
[04:19:09] [145/459] GGCB
[04:19:10] [146/459] SCPB
[04:19:11] [147/459] AKTB
[04:19:11] [148/459] SRBU
[04:19:12] [149/459] CSSA
[04:19:13] [150/459] MYAN
[04:19:13] [151/459] EXCA
[04:19:14] 🔄 Identity reset
[04:19:14] 🔄 Identity rotated (every 10 requests)
[04:19:14] [152/459] CKSA
[04:19:15] [153/459] JTNM
[04:19:15] [154/459] CXKT
[04:19:16] [155/459] NCLM
[04:19:17] [156/459] JAAD
[04:19:17] [157/459] RDCR
[04:19:18] [158/459] MEER
[04:19:18] [159/459] SIBT
[04:19:19] [160/459] PVVB
[04:19:20] [161/459] FNPN
[04:19:20] 🔄 Identity reset
[04:19:20] 🔄 Identity rotated (every 10 requests)
[04:19:20] [162/459] CRPX
[04:19:21] [163/459] STET
[04:19:22] [164/459] METE
[04:19:22] [165/459] BJML
[04:19:23] [166/459] MAVT
[04:19:23] [167/459] MSRM
[04:19:24] [168/459] TJMP
[04:19:25] [169/459] MHCK
[04:19:26] [170/459] SVGP
[04:19:26] [171/459] KRRC
[04:19:27] 🔄 Identity reset
[04:19:27] 🔄 Identity rotated (every 10 requests)
[04:19:27] 🔄 Retry 1/5 for KRRC in 2.2s
[04:19:27] 🔄 Identity reset
[04:19:29] 🧠 New identity created
[04:19:29] [172/459] IMCH
[04:19:30] [173/459] CMCS
[04:19:30] [174/459] SGND
[04:19:31] [175/459] RNAT
[04:19:31] [176/459] PRTN
[04:19:32] [177/459] MPTN
[04:19:33] [178/459] ARCC
[04:19:33] [179/459] NTTE
[04:19:34] [180/459] ABND
[04:19:35] 🔄 Identity reset
[04:19:35] 🔄 Identity rotated (every 10 requests)
[04:19:35] [181/459] KCSN
[04:19:35] [182/459] KCSA
[04:19:36] [183/459] DCKT
[04:19:37] [184/459] MBBR
[04:19:37] [185/459] RAMU
[04:19:38] [186/459] RACW
[04:19:39] [187/459] MCHP
[04:19:39] [188/459] TMHM
[04:19:40] [189/459] STXH
[04:19:40] [190/459] AGSG
[04:19:41] 🔄 Identity reset
[04:19:41] 🔄 Identity rotated (every 10 requests)
[04:19:41] [191/459] SIRA
[04:19:42] [192/459] RCAN
[04:19:43] [193/459] CWTB
[04:19:43] [194/459] VTYM
[04:19:44] [195/459] RRPP
[04:19:45] [196/459] ASMR
[04:19:45] [197/459] RONO
[04:19:46] [198/459] MEMR
[04:19:47] [199/459] CTMR
[04:19:47] [200/459] PMTT
[04:19:48] 🔄 Identity reset
[04:19:48] 🔄 Identity rotated (every 10 requests)
[04:19:48] [201/459] PSLX
[04:19:49] [202/459] IPPL
[04:19:49] [203/459] MMSG
[04:19:50] [204/459] INEL
[04:19:51] [205/459] COAC
[04:19:52] [206/459] WVLK
[04:19:52] [207/459] PPXL
[04:19:53] [208/459] PSML
[04:19:53] [209/459] FNLK
[04:19:54] [210/459] ILUM
[04:19:54] 🔄 Identity reset
[04:19:55] 🔄 Identity rotated (every 10 requests)
[04:19:55] [211/459] ILCM
[04:19:55] [212/459] MSNL
[04:19:56] [213/459] VINB
[04:19:57] [214/459] SALW
[04:19:57] [215/459] PRTB
[04:19:58] [216/459] NCIL
[04:19:58] [217/459] PSUL
[04:19:59] [218/459] SCLK
[04:20:00] [219/459] ADDC
[04:20:00] [220/459] OACL
[04:20:01] 🔄 Identity reset
[04:20:01] 🔄 Identity rotated (every 10 requests)
[04:20:01] 🔄 Retry 1/5 for OACL in 2.0s
[04:20:01] 🔄 Identity reset
[04:20:03] 🧠 New identity created
[04:20:03] [221/459] OOCF
[04:20:03] [222/459] GPMF
[04:20:04] [223/459] SSDG
[04:20:04] [224/459] SKRS
[04:20:05] [225/459] NTTP
[04:20:06] [226/459] SLTP
[04:20:06] [227/459] JTLC
[04:20:07] [228/459] POON
[04:20:08] [229/459] CCPC
[04:20:08] 🔄 Identity reset
[04:20:08] 🔄 Identity rotated (every 10 requests)
[04:20:08] [230/459] DCKC
[04:20:09] [231/459] CPRT
[04:20:10] [232/459] EYHZ
[04:20:11] [233/459] ARBL
[04:20:11] [234/459] SBTB
[04:20:12] [235/459] MMCK
[04:20:12] [236/459] PLMR
[04:20:13] [237/459] BIJH
[04:20:14] [238/459] SDRT
[04:20:14] [239/459] PRDC
[04:20:15] 🔄 Identity reset
[04:20:15] 🔄 Identity rotated (every 10 requests)
[04:20:15] [240/459] OMJA
[04:20:16] [241/459] VKCR
[04:20:16] [242/459] ATRT
[04:20:17] [243/459] WVRP
[04:20:18] [244/459] MVRP
[04:20:18] [245/459] FCAX
[04:20:19] [246/459] CTLC
[04:20:19] [247/459] JCHB
[04:20:20] [248/459] SELP
[04:20:21] [249/459] VCPG
[04:20:21] 🔄 Identity reset
[04:20:21] 🔄 Identity rotated (every 10 requests)
[04:20:21] [250/459] ASCX
[04:20:22] [251/459] EOCS
[04:20:23] [252/459] RCPH
[04:20:23] [253/459] RJTM
[04:20:24] [254/459] SGMD
[04:20:25] [255/459] SVJT
[04:20:26] [256/459] SPPO
[04:20:26] [257/459] MNRL
[04:20:27] [258/459] KNOX
[04:20:27] [259/459] GIER
[04:20:28] 🔄 Identity reset
[04:20:28] 🔄 Identity rotated (every 10 requests)
[04:20:28] [260/459] PJMS
[04:20:29] [261/459] UNSP
[04:20:29] [262/459] JETP
[04:20:30] [263/459] VTWA
[04:20:30] [264/459] SCJI
[04:20:31] [265/459] CBZZ
[04:20:31] [266/459] SDCJ
[04:20:32] [267/459] RRCC
[04:20:33] [268/459] VNKG
[04:20:33] [269/459] LKTO
[04:20:34] 🔄 Identity reset
[04:20:34] 🔄 Identity rotated (every 10 requests)
[04:20:34] 🔄 Retry 1/5 for LKTO in 2.2s
[04:20:34] 🔄 Identity reset
[04:20:36] 🧠 New identity created
[04:20:36] [270/459] PJRM
[04:20:37] [271/459] NVRM
[04:20:37] [272/459] SJCS
[04:20:38] [273/459] VIGK
[04:20:38] [274/459] ANST
[04:20:39] [275/459] JTTS
[04:20:40] [276/459] NTST
[04:20:40] [277/459] PREB
[04:20:41] [278/459] TSCZ
[04:20:42] 🔄 Identity reset
[04:20:42] 🔄 Identity rotated (every 10 requests)
[04:20:42] [279/459] CDCM
[04:20:43] [280/459] ELYE
[04:20:43] [281/459] INBS
[04:20:44] [282/459] SMGC
[04:20:45] [283/459] UTMP
[04:20:45] [284/459] INTA
[04:20:46] [285/459] OMPT
[04:20:47] [286/459] SCIR
[04:20:47] [287/459] GCKJ
[04:20:48] [288/459] INOG
[04:20:49] 🔄 Identity reset
[04:20:49] 🔄 Identity rotated (every 10 requests)
[04:20:49] [289/459] SMGB
[04:20:49] [290/459] MCSG
[04:20:50] [291/459] STKG
[04:20:51] [292/459] TTKG
[04:20:51] [293/459] SRTR
[04:20:52] [294/459] ETTR
[04:20:52] [295/459] GGGZ
[04:20:53] [296/459] IPGM
[04:20:54] [297/459] FCDH
[04:20:54] [298/459] DESB
[04:20:55] 🔄 Identity reset
[04:20:55] 🔄 Identity rotated (every 10 requests)
[04:20:55] [299/459] VNTP
[04:20:55] [300/459] ANNT
[04:20:56] [301/459] SLTI
[04:20:56] [302/459] MAJU
[04:20:57] [303/459] JCXP
[04:20:58] [304/459] HARK
[04:20:58] [305/459] JPCJ
[04:20:59] [306/459] RXBD
[04:21:00] [307/459] PTKJ
[04:21:00] [308/459] CMTU
[04:21:01] 🔄 Identity reset
[04:21:01] 🔄 Identity rotated (every 10 requests)
[04:21:01] 🔄 Retry 1/5 for CMTU in 2.3s
[04:21:01] 🔄 Identity reset
[04:21:03] 🧠 New identity created
[04:21:03] 🔄 Retry 2/5 for CMTU in 4.8s
[04:21:03] 🔄 Identity reset
[04:21:08] 🧠 New identity created
[04:21:08] 🔄 Retry 3/5 for CMTU in 8.1s
[04:21:08] 🔄 Identity reset
[04:21:16] 🧠 New identity created
[04:21:16] [309/459] SWOR
[04:21:17] [310/459] JMEX
[04:21:18] [311/459] DTPT
[04:21:18] [312/459] VGMM
[04:21:19] [313/459] VCSG
[04:21:20] [314/459] CVCG
[04:21:20] [315/459] TNTT
[04:21:20] 🔄 Identity reset
[04:21:20] 🔄 Identity rotated (every 10 requests)
[04:21:21] [316/459] SHRM
[04:21:21] [317/459] CGKD
[04:21:22] [318/459] EKCM
[04:21:22] [319/459] SDCX
[04:21:23] [320/459] SBTE
[04:21:24] [321/459] STKJ
[04:21:24] [322/459] TPCE
[04:21:25] [323/459] JTNP
[04:21:26] [324/459] LPCH
[04:21:26] [325/459] CPUO
[04:21:27] 🔄 Identity reset
[04:21:27] 🔄 Identity rotated (every 10 requests)
[04:21:27] 🔄 Retry 1/5 for CPUO in 2.5s
[04:21:27] 🔄 Identity reset
[04:21:29] 🧠 New identity created
[04:21:30] [326/459] APSU
[04:21:30] [327/459] RTHC
[04:21:31] [328/459] PTBU
[04:21:31] [329/459] CUCC
[04:21:32] [330/459] CPSA
[04:21:33] [331/459] SUAY
[04:21:33] [332/459] AYAA
[04:21:34] [333/459] MUCH
[04:21:35] [334/459] PCIN
[04:21:35] 🔄 Identity reset
[04:21:35] 🔄 Identity rotated (every 10 requests)
[04:21:35] 🔄 Retry 1/5 for PCIN in 2.2s
[04:21:35] 🔄 Identity reset
[04:21:38] 🧠 New identity created
[04:21:38] [335/459] JRRM
[04:21:39] [336/459] KATS
[04:21:39] [337/459] MHFF
[04:21:40] [338/459] ESYM
[04:21:40] [339/459] STYV
[04:21:41] [340/459] SDKG
[04:21:42] [341/459] SMTI
[04:21:42] [342/459] NYCS
[04:21:43] [343/459] MTBG
[04:21:44] 🔄 Identity reset
[04:21:44] 🔄 Identity rotated (every 10 requests)
[04:21:44] [344/459] RHCA
[04:21:44] [345/459] PCKH
[04:21:45] [346/459] ARCR
[04:21:46] [347/459] NCMB
[04:21:46] [348/459] SHYC
[04:21:47] [349/459] LACK
[04:21:47] [350/459] MTCM
[04:21:48] [351/459] RRBN
[04:21:48] [352/459] MYDC
[04:21:49] [353/459] STCS
[04:21:50] 🔄 Identity reset
[04:21:50] 🔄 Identity rotated (every 10 requests)
[04:21:50] [354/459] CONN
[04:21:50] [355/459] SIPS
[04:21:51] [356/459] SMMX
[04:21:52] [357/459] SCBY
[04:21:52] [358/459] SUAP
[04:21:53] [359/459] RSMK
[04:21:54] [360/459] STKP
[04:21:54] [361/459] CIPC
[04:21:55] [362/459] KKCI
[04:21:56] [363/459] CTNK
[04:21:56] 🔄 Identity reset
[04:21:56] 🔄 Identity rotated (every 10 requests)
[04:21:56] [364/459] MMTZ
[04:21:57] [365/459] DCCO
[04:21:58] [366/459] VNMN
[04:21:58] [367/459] RLCN
[04:21:59] [368/459] CMMS
[04:21:59] [369/459] AYOU
[04:22:00] [370/459] SSCN
[04:22:01] [371/459] SMXN
[04:22:01] [372/459] ASSK
[04:22:02] [373/459] VCKM
[04:22:02] 🔄 Identity reset
[04:22:02] 🔄 Identity rotated (every 10 requests)
[04:22:02] [374/459] PCPH
[04:22:03] [375/459] PADM
[04:22:04] [376/459] IESA
[04:22:04] [377/459] VCSP
[04:22:05] [378/459] AEST
[04:22:05] [379/459] VTNR
[04:22:06] [380/459] GTTA
[04:22:07] [381/459] CMMM
[04:22:08] [382/459] AHKT
[04:22:08] [383/459] SIJI
[04:22:09] 🔄 Identity reset
[04:22:09] 🔄 Identity rotated (every 10 requests)
[04:22:09] [384/459] VCEI
[04:22:10] [385/459] SAKR
[04:22:10] [386/459] VSMT
[04:22:11] [387/459] SSCT
[04:22:11] [388/459] USTR
[04:22:12] [389/459] MTKT
[04:22:13] [390/459] TGMP
[04:22:13] [391/459] SIVC
[04:22:14] [392/459] KICT
[04:22:15] [393/459] DAMD
[04:22:15] 🔄 Identity reset
[04:22:15] 🔄 Identity rotated (every 10 requests)
[04:22:15] [394/459] CNPT
[04:22:16] [395/459] RVTT
[04:22:17] [396/459] SNCM
[04:22:17] [397/459] GHTE
[04:22:18] [398/459] PPAM
[04:22:19] [399/459] PVAA
[04:22:19] [400/459] CPAO
[04:22:20] [401/459] HAMD
[04:22:21] [402/459] RCCA
[04:22:21] [403/459] MPCH
[04:22:22] 🔄 Identity reset
[04:22:22] 🔄 Identity rotated (every 10 requests)
[04:22:22] [404/459] ARED
[04:22:23] [405/459] RRCV
[04:22:24] [406/459] MTRB
[04:22:24] [407/459] CKUA
[04:22:25] [408/459] ABMP
[04:22:25] [409/459] RCWA
[04:22:26] [410/459] CGAR
[04:22:26] [411/459] METH
[04:22:27] [412/459] WAGA
[04:22:27] [413/459] MCMA
[04:22:28] 🔄 Identity reset
[04:22:28] 🔄 Identity rotated (every 10 requests)
[04:22:28] [414/459] CSMP
[04:22:29] [415/459] RCNK
[04:22:30] [416/459] PSTM
[04:22:30] [417/459] CSEP
[04:22:31] [418/459] AMGD
[04:22:31] [419/459] CSTE
[04:22:32] [420/459] CONS
[04:22:32] [421/459] APPX
[04:22:33] [422/459] MABC
[04:22:34] [423/459] CXST
[04:22:34] 🔄 Identity reset
[04:22:34] 🔄 Identity rotated (every 10 requests)
[04:22:34] [424/459] MATN
[04:22:35] [425/459] MACZ
[04:22:36] [426/459] MASA
[04:22:36] [427/459] MBSX
[04:22:37] [428/459] CSST
[04:22:38] [429/459] APCL
[04:22:38] [430/459] CGOS
[04:22:39] [431/459] CPEC
[04:22:40] [432/459] MCCP
[04:22:41] [433/459] BSSO
[04:22:41] 🔄 Identity reset
[04:22:41] 🔄 Identity rotated (every 10 requests)
[04:22:41] [434/459] SJKA
[04:22:42] [435/459] CGBO
[04:22:43] [436/459] MVSK
[04:22:43] [437/459] HVCA
[04:22:44] [438/459] NAMD
[04:22:44] [439/459] DEVI
[04:22:45] [440/459] SCSV
[04:22:45] [441/459] PSMA
[04:22:46] [442/459] CLDJ
[04:22:47] [443/459] NMAD
[04:22:47] 🔄 Identity reset
[04:22:47] 🔄 Identity rotated (every 10 requests)
[04:22:47] [444/459] CGMO
[04:22:48] [445/459] MCNA
[04:22:49] [446/459] OCBN
[04:22:49] [447/459] CPEM
[04:22:50] [448/459] CPSM
[04:22:50] [449/459] RCAD
[04:22:51] [450/459] CPMU
[04:22:52] [451/459] DICD
[04:22:52] [452/459] CHOE
[04:22:53] [453/459] PDJM
[04:22:53] 🔄 Identity reset
[04:22:53] 🔄 Identity rotated (every 10 requests)
[04:22:53] [454/459] SSTU
[04:22:54] [455/459] VNRN
[04:22:55] [456/459] PVLG
[04:22:55] [457/459] SWBL
[04:22:56] [458/459] SCAB
[04:22:57] [459/459] RDDA
[04:22:57] ✅ DONE | Shows=0 | Movies=0
[04:56:48] 🚀 BMS DAILY TRACKER STARTED (enhanced anti‑detection)
[04:56:48] [1/459] MCCZ
[04:56:48] 🧠 New identity created
[04:56:49] [2/459] FRPU
[04:56:49] [3/459] SKSI
[04:56:50] [4/459] SSCK
[04:56:51] [5/459] SRDC
[04:56:52] [6/459] RSCZ
[04:56:53] [7/459] PRVT
[04:56:53] [8/459] GAGJ
[04:56:54] [9/459] SMHG
[04:56:55] [10/459] JTST
[04:56:56] 🔄 Identity reset
[04:56:56] 🔄 Identity rotated (every 10 requests)
[04:56:56] [11/459] MYTH
[04:56:57] [12/459] JPCC
[04:56:58] [13/459] ACDC
[04:56:59] [14/459] SVFP
[04:57:00] [15/459] SFCM
[04:57:01] [16/459] RUPK
[04:57:01] [17/459] NTCR
[04:57:02] [18/459] RTCH
[04:57:03] [19/459] SCMH
[04:57:04] [20/459] SVYM
[04:57:04] 🔄 Identity reset
[04:57:04] 🔄 Identity rotated (every 10 requests)
[04:57:05] [21/459] SPYM
[04:57:06] [22/459] SMMF
[04:57:07] [23/459] CLLB
[04:57:08] [24/459] FMCB
[04:57:09] [25/459] BBTC
[04:57:10] [26/459] NTHS
[04:57:11] [27/459] PKKJ
[04:57:11] [28/459] MTJA
[04:57:12] [29/459] PMSJ
[04:57:13] [30/459] JMJU
[04:57:13] 🔄 Identity reset
[04:57:13] 🔄 Identity rotated (every 10 requests)
[04:57:14] [31/459] SRAD
[04:57:14] [32/459] MJMC
[04:57:15] [33/459] DFRM
[04:57:16] [34/459] PMRS
[04:57:17] [35/459] RKPP
[04:57:18] [36/459] BMBK
[04:57:19] [37/459] NEWS
[04:57:20] [38/459] SALB
[04:57:21] [39/459] SCPW
[04:57:22] [40/459] RAYL
[04:57:23] 🔄 Identity reset
[04:57:23] 🔄 Identity rotated (every 10 requests)
[04:57:23] [41/459] CMGJ
[04:57:25] [42/459] JRCR
[04:57:25] [43/459] SRTB
[04:57:26] [44/459] ETPB
[04:57:27] [45/459] MXBN
[04:57:28] [46/459] TOPE
[04:57:29] [47/459] SNLJ
[04:57:30] [48/459] CDDP
[04:57:31] [49/459] APCX
[04:57:32] [50/459] TALP
[04:57:32] 🔄 Identity reset
[04:57:32] 🔄 Identity rotated (every 10 requests)
[04:57:33] [51/459] RRMP
[04:57:34] [52/459] MAHB
[04:57:35] [53/459] MTKR
[04:57:36] [54/459] KSKL
[04:57:37] [55/459] RJLT
[04:57:38] [56/459] ATAS
[04:57:39] [57/459] AMHR
[04:57:40] [58/459] RSRM
[04:57:41] [59/459] GCAT
[04:57:41] [60/459] SMML
[04:57:42] 🔄 Identity reset
[04:57:42] 🔄 Identity rotated (every 10 requests)
[04:57:42] 🔄 Retry 1/5 for SMML in 2.6s
[04:57:42] 🔄 Identity reset
[04:57:45] 🧠 New identity created
[04:57:45] [61/459] ACCD
[04:57:46] [62/459] VYDA
[04:57:47] [63/459] MSKT
[04:57:48] [64/459] AVDM
[04:57:48] [65/459] ASMH
[04:57:49] [66/459] VTMB
[04:57:50] [67/459] WVMB
[04:57:51] [68/459] PPMN
[04:57:52] [69/459] MTMD
[04:57:53] 🔄 Identity reset
[04:57:53] 🔄 Identity rotated (every 10 requests)
[04:57:53] [70/459] SMMO
[04:57:54] [71/459] DLPB
[04:57:56] [72/459] AKMD
[04:57:57] [73/459] SHRR
[04:57:57] [74/459] ASCO
[04:57:59] [75/459] CZVX
[04:58:00] [76/459] GCBB
[04:58:01] [77/459] ATBM
[04:58:02] [78/459] TCGM
[04:58:03] [79/459] UMSE
[04:58:03] 🔄 Identity reset
[04:58:03] 🔄 Identity rotated (every 10 requests)
[04:58:04] [80/459] NKCL
[04:58:04] [81/459] BTLR
[04:58:06] [82/459] GOCL
[04:58:07] [83/459] MIRN
[04:58:08] [84/459] THEC
[04:58:08] [85/459] SPPB
[04:58:09] [86/459] PMMM
[04:58:10] [87/459] GGMC
[04:58:11] [88/459] AVSR
[04:58:12] [89/459] RDMH
[04:58:13] 🔄 Identity reset
[04:58:13] 🔄 Identity rotated (every 10 requests)
[04:58:13] 🔄 Retry 1/5 for RDMH in 2.7s
[04:58:13] 🔄 Identity reset
[04:58:16] 🧠 New identity created
[04:58:16] [90/459] JSRS
[04:58:17] [91/459] VKGP
[04:58:18] [92/459] ACRT
[04:58:18] [93/459] GCBA
[04:58:19] [94/459] GTCP
[04:58:20] [95/459] AKFC
[04:58:21] [96/459] INCS
[04:58:23] [97/459] SMCK
[04:58:24] [98/459] BRUN
[04:58:24] 🔄 Identity reset
[04:58:24] 🔄 Identity rotated (every 10 requests)
[04:58:24] 🔄 Retry 1/5 for BRUN in 2.8s
[04:58:24] 🔄 Identity reset
[04:58:27] 🧠 New identity created
[04:58:28] [99/459] RPPC
[04:58:29] [100/459] PAYD
[04:58:30] [101/459] SVVT
[04:58:31] [102/459] RNCC
[04:58:32] [103/459] PCRC
[04:58:33] [104/459] PMRM
[04:58:34] [105/459] CCRP
[04:58:35] [106/459] INCR
[04:58:36] [107/459] ZTMP
[04:58:36] 🔄 Identity reset
[04:58:36] 🔄 Identity rotated (every 10 requests)
[04:58:37] [108/459] MCNR
[04:58:38] [109/459] INRP
[04:58:38] [110/459] STRC
[04:58:39] [111/459] RATI
[04:58:40] [112/459] PBTR
[04:58:41] [113/459] CMHP
[04:58:42] [114/459] ZECJ
[04:58:43] [115/459] CCCB
[04:58:44] [116/459] BWCB
[04:58:45] [117/459] CCAT
[04:58:46] 🔄 Identity reset
[04:58:46] 🔄 Identity rotated (every 10 requests)
[04:58:46] 🔄 Retry 1/5 for CCAT in 2.2s
[04:58:46] 🔄 Identity reset
[04:58:48] 🧠 New identity created
[04:58:48] [118/459] KGCM
[04:58:49] [119/459] INPT
[04:58:51] [120/459] FNCO
[04:58:52] [121/459] SRMJ
[04:58:52] [122/459] PFSC
[04:58:53] [123/459] PBMC
[04:58:54] [124/459] KARP
[04:58:55] [125/459] KOVI
[04:58:56] [126/459] ACXL
[04:58:57] 🔄 Identity reset
[04:58:57] 🔄 Identity rotated (every 10 requests)
[04:58:57] [127/459] GKCC
[04:58:58] [128/459] ASCC
[04:58:59] [129/459] SETC
[04:58:59] [130/459] KACC
[04:59:00] [131/459] KAVE
[04:59:01] [132/459] CNTC
[04:59:02] [133/459] MEEN
[04:59:03] [134/459] BMRV
[04:59:04] [135/459] SVAM
[04:59:05] [136/459] VTBP
[04:59:05] 🔄 Identity reset
[04:59:05] 🔄 Identity rotated (every 10 requests)
[04:59:07] [137/459] VCKN
[04:59:08] [138/459] SGTK
[04:59:09] [139/459] RCGS
[04:59:11] [140/459] RCCB
[04:59:12] [141/459] RKSR
[04:59:13] [142/459] RKCU
[04:59:15] [143/459] GIBH
[04:59:16] [144/459] CXBS
[04:59:16] [145/459] GGCB
[04:59:17] [146/459] SCPB
[04:59:18] 🔄 Identity reset
[04:59:18] 🔄 Identity rotated (every 10 requests)
[04:59:18] [147/459] AKTB
[04:59:19] [148/459] SRBU
[04:59:20] [149/459] CSSA
[04:59:21] [150/459] MYAN
[04:59:21] [151/459] EXCA
[04:59:22] [152/459] CKSA
[04:59:23] [153/459] JTNM
[04:59:25] [154/459] CXKT
[04:59:26] [155/459] NCLM
[04:59:27] [156/459] JAAD
[04:59:27] 🔄 Identity reset
[04:59:27] 🔄 Identity rotated (every 10 requests)
[04:59:28] [157/459] RDCR
[04:59:28] [158/459] MEER
[04:59:29] [159/459] SIBT
[04:59:30] [160/459] PVVB
[04:59:31] [161/459] FNPN
[04:59:32] [162/459] CRPX
[04:59:32] [163/459] STET
[04:59:33] [164/459] METE
[04:59:34] [165/459] BJML
[04:59:36] [166/459] MAVT
[04:59:37] 🔄 Identity reset
[04:59:37] 🔄 Identity rotated (every 10 requests)
[04:59:37] [167/459] MSRM
[04:59:38] [168/459] TJMP
[04:59:39] [169/459] MHCK
[04:59:40] [170/459] SVGP
[04:59:40] [171/459] KRRC
[04:59:42] [172/459] IMCH
[04:59:43] [173/459] CMCS
[04:59:44] [174/459] SGND
[04:59:45] [175/459] RNAT
[04:59:46] [176/459] PRTN
[04:59:46] 🔄 Identity reset
[04:59:46] 🔄 Identity rotated (every 10 requests)
[04:59:46] [177/459] MPTN
[04:59:47] [178/459] ARCC
[04:59:48] [179/459] NTTE
[04:59:49] [180/459] ABND
[04:59:50] [181/459] KCSN
[04:59:51] [182/459] KCSA
[04:59:52] [183/459] DCKT
[04:59:53] [184/459] MBBR
[04:59:54] [185/459] RAMU
[04:59:55] [186/459] RACW
[04:59:55] 🔄 Identity reset
[04:59:55] 🔄 Identity rotated (every 10 requests)
[04:59:55] [187/459] MCHP
[04:59:57] [188/459] TMHM
[04:59:58] [189/459] STXH
[04:59:59] [190/459] AGSG
[05:00:00] [191/459] SIRA
[05:00:01] [192/459] RCAN
[05:00:01] [193/459] CWTB
[05:00:02] [194/459] VTYM
[05:00:04] [195/459] RRPP
[05:00:05] [196/459] ASMR
[05:00:05] 🔄 Identity reset
[05:00:05] 🔄 Identity rotated (every 10 requests)
[05:00:06] [197/459] RONO
[05:00:07] [198/459] MEMR
[05:00:08] [199/459] CTMR
[05:00:09] [200/459] PMTT
[05:00:10] [201/459] PSLX
[05:00:11] [202/459] IPPL
[05:00:12] [203/459] MMSG
[05:00:13] [204/459] INEL
[05:00:13] [205/459] COAC
[05:00:14] [206/459] WVLK
[05:00:15] 🔄 Identity reset
[05:00:15] 🔄 Identity rotated (every 10 requests)
[05:00:15] [207/459] PPXL
[05:00:16] [208/459] PSML
[05:00:17] [209/459] FNLK
[05:00:19] [210/459] ILUM
[05:00:21] [211/459] ILCM
[05:00:21] [212/459] MSNL
[05:00:22] [213/459] VINB
[05:00:23] [214/459] SALW
[05:00:25] [215/459] PRTB
[05:00:26] [216/459] NCIL
[05:00:27] 🔄 Identity reset
[05:00:27] 🔄 Identity rotated (every 10 requests)
[05:00:27] [217/459] PSUL
[05:00:28] [218/459] SCLK
[05:00:30] [219/459] ADDC
[05:00:32] [220/459] OACL
[05:00:33] [221/459] OOCF
[05:00:34] [222/459] GPMF
[05:00:35] [223/459] SSDG
[05:00:36] [224/459] SKRS
[05:00:36] [225/459] NTTP
[05:00:37] [226/459] SLTP
[05:00:38] 🔄 Identity reset
[05:00:38] 🔄 Identity rotated (every 10 requests)
[05:00:38] [227/459] JTLC
[05:00:39] [228/459] POON
[05:00:40] [229/459] CCPC
[05:00:41] [230/459] DCKC
[05:00:42] [231/459] CPRT
[05:00:43] [232/459] EYHZ
[05:00:45] [233/459] ARBL
[05:00:46] [234/459] SBTB
[05:00:47] [235/459] MMCK
[05:00:48] [236/459] PLMR
[05:00:49] 🔄 Identity reset
[05:00:49] 🔄 Identity rotated (every 10 requests)
[05:00:49] [237/459] BIJH
[05:00:50] [238/459] SDRT
[05:00:51] [239/459] PRDC
[05:00:52] [240/459] OMJA
[05:00:53] [241/459] VKCR
[05:00:54] [242/459] ATRT
[05:00:55] [243/459] WVRP
[05:00:56] [244/459] MVRP
[05:00:57] [245/459] FCAX
[05:00:58] [246/459] CTLC
[05:00:59] 🔄 Identity reset
[05:00:59] 🔄 Identity rotated (every 10 requests)
[05:00:59] [247/459] JCHB
[05:01:00] [248/459] SELP
[05:01:01] [249/459] VCPG
[05:01:02] [250/459] ASCX
[05:01:03] [251/459] EOCS
[05:01:04] [252/459] RCPH
[05:01:05] [253/459] RJTM
[05:01:06] [254/459] SGMD
[05:01:07] [255/459] SVJT
[05:01:08] [256/459] SPPO
[05:01:09] 🔄 Identity reset
[05:01:09] 🔄 Identity rotated (every 10 requests)
[05:01:09] [257/459] MNRL
[05:01:10] [258/459] KNOX
[05:01:11] [259/459] GIER
[05:01:12] [260/459] PJMS
[05:01:13] [261/459] UNSP
[05:01:14] [262/459] JETP
[05:01:16] [263/459] VTWA
[05:01:17] [264/459] SCJI
[05:01:18] [265/459] CBZZ
[05:01:19] [266/459] SDCJ
[05:01:20] 🔄 Identity reset
[05:01:20] 🔄 Identity rotated (every 10 requests)
[05:01:20] [267/459] RRCC
[05:01:21] [268/459] VNKG
[05:01:22] [269/459] LKTO
[05:01:23] [270/459] PJRM
[05:01:24] [271/459] NVRM
[05:01:25] [272/459] SJCS
[05:01:26] [273/459] VIGK
[05:01:28] [274/459] ANST
[05:01:29] [275/459] JTTS
[05:01:30] [276/459] NTST
[05:01:31] 🔄 Identity reset
[05:01:31] 🔄 Identity rotated (every 10 requests)
[05:01:31] [277/459] PREB
[05:01:32] [278/459] TSCZ
[05:01:33] [279/459] CDCM
[05:01:34] [280/459] ELYE
[05:01:35] [281/459] INBS
[05:01:36] [282/459] SMGC
[05:01:37] [283/459] UTMP
[05:01:39] [284/459] INTA
[05:01:40] [285/459] OMPT
[05:01:41] [286/459] SCIR
[05:01:42] 🔄 Identity reset
[05:01:42] 🔄 Identity rotated (every 10 requests)
[05:01:42] [287/459] GCKJ
[05:01:43] [288/459] INOG
[05:01:44] [289/459] SMGB
[05:01:45] [290/459] MCSG
[05:01:46] [291/459] STKG
[05:01:47] [292/459] TTKG
[05:01:48] [293/459] SRTR
[05:01:49] [294/459] ETTR
[05:01:50] [295/459] GGGZ
[05:01:51] [296/459] IPGM
[05:01:51] 🔄 Identity reset
[05:01:51] 🔄 Identity rotated (every 10 requests)
[05:01:52] [297/459] FCDH
[05:01:53] [298/459] DESB
[05:01:54] [299/459] VNTP
[05:01:55] [300/459] ANNT
[05:01:56] [301/459] SLTI
[05:01:57] [302/459] MAJU
[05:01:58] [303/459] JCXP
[05:01:59] [304/459] HARK
[05:02:00] [305/459] JPCJ
[05:02:01] [306/459] RXBD
[05:02:01] 🔄 Identity reset
[05:02:01] 🔄 Identity rotated (every 10 requests)
[05:02:02] [307/459] PTKJ
[05:02:03] [308/459] CMTU
[05:02:04] [309/459] SWOR
[05:02:04] [310/459] JMEX
[05:02:05] [311/459] DTPT
[05:02:06] [312/459] VGMM
[05:02:07] [313/459] VCSG
[05:02:08] [314/459] CVCG
[05:02:09] [315/459] TNTT
[05:02:10] [316/459] SHRM
[05:02:11] 🔄 Identity reset
[05:02:11] 🔄 Identity rotated (every 10 requests)
[05:02:11] [317/459] CGKD
[05:02:13] [318/459] EKCM
[05:02:13] [319/459] SDCX
[05:02:14] [320/459] SBTE
[05:02:16] [321/459] STKJ
[05:02:17] [322/459] TPCE
[05:02:18] [323/459] JTNP
[05:02:19] [324/459] LPCH
[05:02:20] [325/459] CPUO
[05:02:21] [326/459] APSU
[05:02:22] 🔄 Identity reset
[05:02:22] 🔄 Identity rotated (every 10 requests)
[05:02:22] [327/459] RTHC
[05:02:23] [328/459] PTBU
[05:02:24] [329/459] CUCC
[05:02:25] [330/459] CPSA
[05:02:26] [331/459] SUAY
[05:02:27] [332/459] AYAA
[05:02:28] [333/459] MUCH
[05:02:29] [334/459] PCIN
[05:02:30] [335/459] JRRM
[05:02:31] [336/459] KATS
[05:02:31] 🔄 Identity reset
[05:02:32] 🔄 Identity rotated (every 10 requests)
[05:02:32] [337/459] MHFF
[05:02:33] [338/459] ESYM
[05:02:34] [339/459] STYV
[05:02:34] [340/459] SDKG
[05:02:35] [341/459] SMTI
[05:02:36] [342/459] NYCS
[05:02:37] [343/459] MTBG
[05:02:38] [344/459] RHCA
[05:02:39] [345/459] PCKH
[05:02:41] [346/459] ARCR
[05:02:41] 🔄 Identity reset
[05:02:41] 🔄 Identity rotated (every 10 requests)
[05:02:42] [347/459] NCMB
[05:02:43] [348/459] SHYC
[05:02:44] [349/459] LACK
[05:02:45] [350/459] MTCM
[05:02:46] [351/459] RRBN
[05:02:47] [352/459] MYDC
[05:02:48] [353/459] STCS
[05:02:49] [354/459] CONN
[05:02:50] [355/459] SIPS
[05:02:51] [356/459] SMMX
[05:02:51] 🔄 Identity reset
[05:02:51] 🔄 Identity rotated (every 10 requests)
[05:02:52] [357/459] SCBY
[05:02:53] [358/459] SUAP
[05:02:54] [359/459] RSMK
[05:02:55] [360/459] STKP
[05:02:56] [361/459] CIPC
[05:02:57] [362/459] KKCI
[05:02:58] [363/459] CTNK
[05:02:59] [364/459] MMTZ
[05:03:00] [365/459] DCCO
[05:03:01] [366/459] VNMN
[05:03:01] 🔄 Identity reset
[05:03:01] 🔄 Identity rotated (every 10 requests)
[05:03:02] [367/459] RLCN
[05:03:03] [368/459] CMMS
[05:03:04] [369/459] AYOU
[05:03:05] [370/459] SSCN
[05:03:07] [371/459] SMXN
[05:03:08] [372/459] ASSK
[05:03:08] [373/459] VCKM
[05:03:09] [374/459] PCPH
[05:03:10] [375/459] PADM
[05:03:11] [376/459] IESA
[05:03:12] 🔄 Identity reset
[05:03:12] 🔄 Identity rotated (every 10 requests)
[05:03:12] [377/459] VCSP
[05:03:13] [378/459] AEST
[05:03:14] [379/459] VTNR
[05:03:15] [380/459] GTTA
[05:03:16] [381/459] CMMM
[05:03:16] [382/459] AHKT
[05:03:18] [383/459] SIJI
[05:03:19] [384/459] VCEI
[05:03:20] [385/459] SAKR
[05:03:21] [386/459] VSMT
[05:03:21] 🔄 Identity reset
[05:03:21] 🔄 Identity rotated (every 10 requests)
[05:03:22] [387/459] SSCT
[05:03:23] [388/459] USTR
[05:03:23] [389/459] MTKT
[05:03:25] [390/459] TGMP
[05:03:26] [391/459] SIVC
[05:03:27] [392/459] KICT
[05:03:28] [393/459] DAMD
[05:03:29] [394/459] CNPT
[05:03:30] [395/459] RVTT
[05:03:31] [396/459] SNCM
[05:03:32] 🔄 Identity reset
[05:03:32] 🔄 Identity rotated (every 10 requests)
[05:03:32] [397/459] GHTE
[05:03:33] [398/459] PPAM
[05:03:34] [399/459] PVAA
[05:03:35] [400/459] CPAO
[05:03:36] [401/459] HAMD
[05:03:37] [402/459] RCCA
[05:03:38] [403/459] MPCH
[05:03:39] [404/459] ARED
[05:03:40] [405/459] RRCV
[05:03:41] [406/459] MTRB
[05:03:42] 🔄 Identity reset
[05:03:42] 🔄 Identity rotated (every 10 requests)
[05:03:42] [407/459] CKUA
[05:03:44] [408/459] ABMP
[05:03:45] [409/459] RCWA
[05:03:45] [410/459] CGAR
[05:03:46] [411/459] METH
[05:03:47] [412/459] WAGA
[05:03:48] [413/459] MCMA
[05:03:49] [414/459] CSMP
[05:03:50] [415/459] RCNK
[05:03:51] [416/459] PSTM
[05:03:51] 🔄 Identity reset
[05:03:51] 🔄 Identity rotated (every 10 requests)
[05:03:52] [417/459] CSEP
[05:03:53] [418/459] AMGD
[05:03:54] [419/459] CSTE
[05:03:55] [420/459] CONS
[05:03:55] [421/459] APPX
[05:03:56] [422/459] MABC
[05:03:57] [423/459] CXST
[05:03:58] [424/459] MATN
[05:03:59] [425/459] MACZ
[05:04:00] [426/459] MASA
[05:04:01] 🔄 Identity reset
[05:04:01] 🔄 Identity rotated (every 10 requests)
[05:04:01] 🔄 Retry 1/5 for MASA in 2.1s
[05:04:01] 🔄 Identity reset
[05:04:03] 🧠 New identity created
[05:04:04] [427/459] MBSX
[05:04:05] [428/459] CSST
[05:04:06] [429/459] APCL
[05:04:07] [430/459] CGOS
[05:04:08] [431/459] CPEC
[05:04:09] [432/459] MCCP
[05:04:10] [433/459] BSSO
[05:04:11] [434/459] SJKA
[05:04:12] [435/459] CGBO
[05:04:13] 🔄 Identity reset
[05:04:13] 🔄 Identity rotated (every 10 requests)
[05:04:14] [436/459] MVSK
[05:04:15] [437/459] HVCA
[05:04:16] [438/459] NAMD
[05:04:17] [439/459] DEVI
[05:04:18] [440/459] SCSV
[05:04:19] [441/459] PSMA
[05:04:20] [442/459] CLDJ
[05:04:20] [443/459] NMAD
[05:04:22] [444/459] CGMO
[05:04:23] [445/459] MCNA
[05:04:23] 🔄 Identity reset
[05:04:23] 🔄 Identity rotated (every 10 requests)
[05:04:24] [446/459] OCBN
[05:04:25] [447/459] CPEM
[05:04:26] [448/459] CPSM
[05:04:27] [449/459] RCAD
[05:04:28] [450/459] CPMU
[05:04:29] [451/459] DICD
[05:04:30] [452/459] CHOE
[05:04:31] [453/459] PDJM
[05:04:32] [454/459] SSTU
[05:04:33] [455/459] VNRN
[05:04:33] 🔄 Identity reset
[05:04:33] 🔄 Identity rotated (every 10 requests)
[05:04:34] [456/459] PVLG
[05:04:35] [457/459] SWBL
[05:04:36] [458/459] SCAB
[05:04:37] [459/459] RDDA
[05:04:38] ✅ DONE | Shows=13 | Movies=4
[05:17:09] 🚀 BMS DAILY TRACKER STARTED (enhanced anti‑detection)
[05:17:09] [1/459] MCCZ
[05:17:09] 🧠 New identity created
[05:17:09] [2/459] FRPU
[05:17:10] [3/459] SKSI
[05:17:11] [4/459] SSCK
[05:17:12] [5/459] SRDC
[05:17:12] [6/459] RSCZ
[05:17:13] [7/459] PRVT
[05:17:13] [8/459] GAGJ
[05:17:14] [9/459] SMHG
[05:17:15] [10/459] JTST
[05:17:15] 🔄 Identity reset
[05:17:15] 🔄 Identity rotated (every 10 requests)
[05:17:15] [11/459] MYTH
[05:17:16] [12/459] JPCC
[05:17:17] [13/459] ACDC
[05:17:17] [14/459] SVFP
[05:17:18] [15/459] SFCM
[05:17:19] [16/459] RUPK
[05:17:19] [17/459] NTCR
[05:17:20] [18/459] RTCH
[05:17:20] [19/459] SCMH
[05:17:21] [20/459] SVYM
[05:17:22] 🔄 Identity reset
[05:17:22] 🔄 Identity rotated (every 10 requests)
[05:17:22] [21/459] SPYM
[05:17:22] [22/459] SMMF
[05:17:23] [23/459] CLLB
[05:17:24] [24/459] FMCB
[05:17:24] [25/459] BBTC
[05:17:25] [26/459] NTHS
[05:17:26] [27/459] PKKJ
[05:17:26] [28/459] MTJA
[05:17:27] [29/459] PMSJ
[05:17:28] [30/459] JMJU
[05:17:28] 🔄 Identity reset
[05:17:28] 🔄 Identity rotated (every 10 requests)
[05:17:28] 🔄 Retry 1/5 for JMJU in 2.9s
[05:17:28] 🔄 Identity reset
[05:17:31] 🧠 New identity created
[05:17:31] [31/459] SRAD
[05:17:32] [32/459] MJMC
[05:17:33] [33/459] DFRM
[05:17:34] [34/459] PMRS
[05:17:34] [35/459] RKPP
[05:17:35] [36/459] BMBK
[05:17:35] [37/459] NEWS
[05:17:36] [38/459] SALB
[05:17:36] [39/459] SCPW
[05:17:37] 🔄 Identity reset
[05:17:37] 🔄 Identity rotated (every 10 requests)
[05:17:37] [40/459] RAYL
[05:17:38] [41/459] CMGJ
[05:17:39] [42/459] JRCR
[05:17:39] [43/459] SRTB
[05:17:40] [44/459] ETPB
[05:17:41] [45/459] MXBN
[05:17:41] [46/459] TOPE
[05:17:42] [47/459] SNLJ
[05:17:43] [48/459] CDDP
[05:17:43] [49/459] APCX
[05:17:44] 🔄 Identity reset
[05:17:44] 🔄 Identity rotated (every 10 requests)
[05:17:44] [50/459] TALP
[05:17:45] [51/459] RRMP
[05:17:45] [52/459] MAHB
[05:17:46] [53/459] MTKR
[05:17:47] [54/459] KSKL
[05:17:47] [55/459] RJLT
[05:17:48] [56/459] ATAS
[05:17:49] [57/459] AMHR
[05:17:50] [58/459] RSRM
[05:17:50] [59/459] GCAT
[05:17:51] 🔄 Identity reset
[05:17:51] 🔄 Identity rotated (every 10 requests)
[05:17:51] [60/459] SMML
[05:17:52] [61/459] ACCD
[05:17:52] [62/459] VYDA
[05:17:53] [63/459] MSKT
[05:17:53] [64/459] AVDM
[05:17:54] [65/459] ASMH
[05:17:55] [66/459] VTMB
[05:17:55] [67/459] WVMB
[05:17:56] [68/459] PPMN
[05:17:57] [69/459] MTMD
[05:17:57] 🔄 Identity reset
[05:17:57] 🔄 Identity rotated (every 10 requests)
[05:17:57] [70/459] SMMO
[05:17:58] [71/459] DLPB
[05:17:59] [72/459] AKMD
[05:17:59] [73/459] SHRR
[05:18:00] [74/459] ASCO
[05:18:00] [75/459] CZVX
[05:18:01] [76/459] GCBB
[05:18:02] [77/459] ATBM
[05:18:02] [78/459] TCGM
[05:18:03] [79/459] UMSE
[05:18:03] 🔄 Identity reset
[05:18:03] 🔄 Identity rotated (every 10 requests)
[05:18:03] [80/459] NKCL
[05:18:04] [81/459] BTLR
[05:18:05] [82/459] GOCL
[05:18:06] [83/459] MIRN
[05:18:06] [84/459] THEC
[05:18:07] [85/459] SPPB
[05:18:08] [86/459] PMMM
[05:18:08] [87/459] GGMC
[05:18:09] [88/459] AVSR
[05:18:09] [89/459] RDMH
[05:18:10] 🔄 Identity reset
[05:18:10] 🔄 Identity rotated (every 10 requests)
[05:18:10] [90/459] JSRS
[05:18:11] [91/459] VKGP
[05:18:11] [92/459] ACRT
[05:18:12] [93/459] GCBA
[05:18:13] [94/459] GTCP
[05:18:13] [95/459] AKFC
[05:18:14] [96/459] INCS
[05:18:15] [97/459] SMCK
[05:18:16] [98/459] BRUN
[05:18:16] [99/459] RPPC
[05:18:17] 🔄 Identity reset
[05:18:17] 🔄 Identity rotated (every 10 requests)
[05:18:17] [100/459] PAYD
[05:18:17] [101/459] SVVT
[05:18:18] [102/459] RNCC
[05:18:19] [103/459] PCRC
[05:18:19] [104/459] PMRM
[05:18:20] [105/459] CCRP
[05:18:20] [106/459] INCR
[05:18:21] [107/459] ZTMP
[05:18:22] [108/459] MCNR
[05:18:22] [109/459] INRP
[05:18:23] 🔄 Identity reset
[05:18:23] 🔄 Identity rotated (every 10 requests)
[05:18:23] [110/459] STRC
[05:18:24] [111/459] RATI
[05:18:24] [112/459] PBTR
[05:18:25] [113/459] CMHP
[05:18:26] [114/459] ZECJ
[05:18:26] [115/459] CCCB
[05:18:27] [116/459] BWCB
[05:18:27] [117/459] CCAT
[05:18:28] [118/459] KGCM
[05:18:29] [119/459] INPT
[05:18:29] 🔄 Identity reset
[05:18:29] 🔄 Identity rotated (every 10 requests)
[05:18:30] [120/459] FNCO
[05:18:30] [121/459] SRMJ
[05:18:31] [122/459] PFSC
[05:18:31] [123/459] PBMC
[05:18:32] [124/459] KARP
[05:18:33] [125/459] KOVI
[05:18:34] [126/459] ACXL
[05:18:34] [127/459] GKCC
[05:18:35] [128/459] ASCC
[05:18:36] [129/459] SETC
[05:18:36] 🔄 Identity reset
[05:18:36] 🔄 Identity rotated (every 10 requests)
[05:18:36] [130/459] KACC
[05:18:37] [131/459] KAVE
[05:18:37] [132/459] CNTC
[05:18:38] [133/459] MEEN
[05:18:39] [134/459] BMRV
[05:18:39] [135/459] SVAM
[05:18:40] [136/459] VTBP
[05:18:41] [137/459] VCKN
[05:18:41] [138/459] SGTK
[05:18:42] [139/459] RCGS
[05:18:43] 🔄 Identity reset
[05:18:43] 🔄 Identity rotated (every 10 requests)
[05:18:43] 🔄 Retry 1/5 for RCGS in 2.2s
[05:18:43] 🔄 Identity reset
[05:18:45] 🧠 New identity created
[05:18:45] [140/459] RCCB
[05:18:46] [141/459] RKSR
[05:18:46] [142/459] RKCU
[05:18:47] [143/459] GIBH
[05:18:48] [144/459] CXBS
[05:18:48] [145/459] GGCB
[05:18:49] [146/459] SCPB
[05:18:50] [147/459] AKTB
[05:18:50] [148/459] SRBU
[05:18:51] 🔄 Identity reset
[05:18:51] 🔄 Identity rotated (every 10 requests)
[05:18:51] 🔄 Retry 1/5 for SRBU in 2.1s
[05:18:51] 🔄 Identity reset
[05:18:53] 🧠 New identity created
[05:18:53] [149/459] CSSA
[05:18:54] [150/459] MYAN
[05:18:55] [151/459] EXCA
[05:18:55] [152/459] CKSA
[05:18:56] [153/459] JTNM
[05:18:56] [154/459] CXKT
[05:18:57] [155/459] NCLM
[05:18:58] [156/459] JAAD
[05:18:58] [157/459] RDCR
[05:18:59] 🔄 Identity reset
[05:18:59] 🔄 Identity rotated (every 10 requests)
[05:18:59] [158/459] MEER
[05:19:00] [159/459] SIBT
[05:19:00] [160/459] PVVB
[05:19:01] [161/459] FNPN
[05:19:02] [162/459] CRPX
[05:19:02] [163/459] STET
[05:19:03] [164/459] METE
[05:19:04] [165/459] BJML
[05:19:04] [166/459] MAVT
[05:19:05] [167/459] MSRM
[05:19:06] 🔄 Identity reset
[05:19:06] 🔄 Identity rotated (every 10 requests)
[05:19:06] [168/459] TJMP
[05:19:06] [169/459] MHCK
[05:19:07] [170/459] SVGP
[05:19:07] [171/459] KRRC
[05:19:08] [172/459] IMCH
[05:19:09] [173/459] CMCS
[05:19:10] [174/459] SGND
[05:19:10] [175/459] RNAT
[05:19:11] [176/459] PRTN
[05:19:12] [177/459] MPTN
[05:19:12] 🔄 Identity reset
[05:19:12] 🔄 Identity rotated (every 10 requests)
[05:19:12] [178/459] ARCC
[05:19:13] [179/459] NTTE
[05:19:14] [180/459] ABND
[05:19:14] [181/459] KCSN
[05:19:15] [182/459] KCSA
[05:19:16] [183/459] DCKT
[05:19:16] [184/459] MBBR
[05:19:17] [185/459] RAMU
[05:19:18] [186/459] RACW
[05:19:19] [187/459] MCHP
[05:19:19] 🔄 Identity reset
[05:19:19] 🔄 Identity rotated (every 10 requests)
[05:19:19] [188/459] TMHM
[05:19:20] [189/459] STXH
[05:19:21] [190/459] AGSG
[05:19:21] [191/459] SIRA
[05:19:22] [192/459] RCAN
[05:19:23] [193/459] CWTB
[05:19:23] [194/459] VTYM
[05:19:24] [195/459] RRPP
[05:19:25] [196/459] ASMR
[05:19:25] [197/459] RONO
[05:19:26] 🔄 Identity reset
[05:19:26] 🔄 Identity rotated (every 10 requests)
[05:19:26] [198/459] MEMR
[05:19:27] [199/459] CTMR
[05:19:27] [200/459] PMTT
[05:19:28] [201/459] PSLX
[05:19:29] [202/459] IPPL
[05:19:29] [203/459] MMSG
[05:19:30] [204/459] INEL
[05:19:30] [205/459] COAC
[05:19:31] [206/459] WVLK
[05:19:32] [207/459] PPXL
[05:19:32] 🔄 Identity reset
[05:19:32] 🔄 Identity rotated (every 10 requests)
[05:19:32] [208/459] PSML
[05:19:33] [209/459] FNLK
[05:19:33] [210/459] ILUM
[05:19:34] [211/459] ILCM
[05:19:35] [212/459] MSNL
[05:19:35] [213/459] VINB
[05:19:36] [214/459] SALW
[05:19:37] [215/459] PRTB
[05:19:37] [216/459] NCIL
[05:19:38] [217/459] PSUL
[05:19:39] 🔄 Identity reset
[05:19:39] 🔄 Identity rotated (every 10 requests)
[05:19:39] 🔄 Retry 1/5 for PSUL in 3.0s
[05:19:39] 🔄 Identity reset
[05:19:42] 🧠 New identity created
[05:19:42] [218/459] SCLK
[05:19:42] [219/459] ADDC
[05:19:43] [220/459] OACL
[05:19:44] [221/459] OOCF
[05:19:44] [222/459] GPMF
[05:19:45] [223/459] SSDG
[05:19:46] [224/459] SKRS
[05:19:46] [225/459] NTTP
[05:19:47] [226/459] SLTP
[05:19:47] 🔄 Identity reset
[05:19:47] 🔄 Identity rotated (every 10 requests)
[05:19:47] [227/459] JTLC
[05:19:48] [228/459] POON
[05:19:49] [229/459] CCPC
[05:19:50] [230/459] DCKC
[05:19:50] [231/459] CPRT
[05:19:51] [232/459] EYHZ
[05:19:51] [233/459] ARBL
[05:19:52] [234/459] SBTB
[05:19:53] [235/459] MMCK
[05:19:53] [236/459] PLMR
[05:19:54] 🔄 Identity reset
[05:19:54] 🔄 Identity rotated (every 10 requests)
[05:19:54] [237/459] BIJH
[05:19:55] [238/459] SDRT
[05:19:55] [239/459] PRDC
[05:19:56] [240/459] OMJA
[05:19:57] [241/459] VKCR
[05:19:57] [242/459] ATRT
[05:19:58] [243/459] WVRP
[05:19:59] [244/459] MVRP
[05:20:00] [245/459] FCAX
[05:20:00] [246/459] CTLC
[05:20:01] 🔄 Identity reset
[05:20:01] 🔄 Identity rotated (every 10 requests)
[05:20:01] 🔄 Retry 1/5 for CTLC in 2.8s
[05:20:01] 🔄 Identity reset
[05:20:04] 🧠 New identity created
[05:20:04] [247/459] JCHB
[05:20:04] [248/459] SELP
[05:20:05] [249/459] VCPG
[05:20:06] [250/459] ASCX
[05:20:06] [251/459] EOCS
[05:20:07] [252/459] RCPH
[05:20:08] [253/459] RJTM
[05:20:08] [254/459] SGMD
[05:20:09] [255/459] SVJT
[05:20:10] 🔄 Identity reset
[05:20:10] 🔄 Identity rotated (every 10 requests)
[05:20:10] [256/459] SPPO
[05:20:10] [257/459] MNRL
[05:20:11] [258/459] KNOX
[05:20:12] [259/459] GIER
[05:20:12] [260/459] PJMS
[05:20:13] [261/459] UNSP
[05:20:14] [262/459] JETP
[05:20:14] [263/459] VTWA
[05:20:15] [264/459] SCJI
[05:20:16] [265/459] CBZZ
[05:20:16] 🔄 Identity reset
[05:20:16] 🔄 Identity rotated (every 10 requests)
[05:20:16] 🔄 Retry 1/5 for CBZZ in 2.1s
[05:20:16] 🔄 Identity reset
[05:20:18] 🧠 New identity created
[05:20:19] [266/459] SDCJ
[05:20:19] [267/459] RRCC
[05:20:20] [268/459] VNKG
[05:20:20] [269/459] LKTO
[05:20:21] [270/459] PJRM
[05:20:22] [271/459] NVRM
[05:20:22] [272/459] SJCS
[05:20:23] [273/459] VIGK
[05:20:23] [274/459] ANST
[05:20:24] 🔄 Identity reset
[05:20:24] 🔄 Identity rotated (every 10 requests)
[05:20:24] 🔄 Retry 1/5 for ANST in 2.5s
[05:20:24] 🔄 Identity reset
[05:20:27] 🧠 New identity created
[05:20:27] 🔄 Retry 2/5 for ANST in 4.6s
[05:20:27] 🔄 Identity reset
[05:20:31] 🧠 New identity created
[05:20:32] [275/459] JTTS
[05:20:32] [276/459] NTST
[05:20:33] [277/459] PREB
[05:20:34] [278/459] TSCZ
[05:20:34] [279/459] CDCM
[05:20:35] [280/459] ELYE
[05:20:36] [281/459] INBS
[05:20:36] [282/459] SMGC
[05:20:37] 🔄 Identity reset
[05:20:37] 🔄 Identity rotated (every 10 requests)
[05:20:37] 🔄 Retry 1/5 for SMGC in 2.4s
[05:20:37] 🔄 Identity reset
[05:20:39] 🧠 New identity created
[05:20:39] [283/459] UTMP
[05:20:40] [284/459] INTA
[05:20:41] [285/459] OMPT
[05:20:41] [286/459] SCIR
[05:20:42] [287/459] GCKJ
[05:20:42] [288/459] INOG
[05:20:43] [289/459] SMGB
[05:20:44] [290/459] MCSG
[05:20:44] [291/459] STKG
[05:20:45] 🔄 Identity reset
[05:20:45] 🔄 Identity rotated (every 10 requests)
[05:20:45] [292/459] TTKG
[05:20:46] [293/459] SRTR
[05:20:46] [294/459] ETTR
[05:20:47] [295/459] GGGZ
[05:20:47] [296/459] IPGM
[05:20:48] [297/459] FCDH
[05:20:49] [298/459] DESB
[05:20:49] [299/459] VNTP
[05:20:50] [300/459] ANNT
[05:20:51] [301/459] SLTI
[05:20:51] 🔄 Identity reset
[05:20:51] 🔄 Identity rotated (every 10 requests)
[05:20:51] [302/459] MAJU
[05:20:52] [303/459] JCXP
[05:20:52] [304/459] HARK
[05:20:53] [305/459] JPCJ
[05:20:54] [306/459] RXBD
[05:20:54] [307/459] PTKJ
[05:20:55] [308/459] CMTU
[05:20:56] [309/459] SWOR
[05:20:56] [310/459] JMEX
[05:20:57] [311/459] DTPT
[05:20:57] 🔄 Identity reset
[05:20:57] 🔄 Identity rotated (every 10 requests)
[05:20:57] 🔄 Retry 1/5 for DTPT in 3.0s
[05:20:57] 🔄 Identity reset
[05:21:00] 🧠 New identity created
[05:21:00] 🔄 Retry 2/5 for DTPT in 4.7s
[05:21:00] 🔄 Identity reset
[05:21:05] 🧠 New identity created
[05:21:05] [312/459] VGMM
[05:21:06] [313/459] VCSG
[05:21:06] [314/459] CVCG
[05:21:07] [315/459] TNTT
[05:21:08] [316/459] SHRM
[05:21:08] [317/459] CGKD
[05:21:09] [318/459] EKCM
[05:21:09] [319/459] SDCX
[05:21:10] 🔄 Identity reset
[05:21:10] 🔄 Identity rotated (every 10 requests)
[05:21:10] [320/459] SBTE
[05:21:11] [321/459] STKJ
[05:21:11] [322/459] TPCE
[05:21:12] [323/459] JTNP
[05:21:13] [324/459] LPCH
[05:21:13] [325/459] CPUO
[05:21:14] [326/459] APSU
[05:21:14] [327/459] RTHC
[05:21:15] [328/459] PTBU
[05:21:16] [329/459] CUCC
[05:21:16] 🔄 Identity reset
[05:21:16] 🔄 Identity rotated (every 10 requests)
[05:21:16] [330/459] CPSA
[05:21:17] [331/459] SUAY
[05:21:18] [332/459] AYAA
[05:21:18] [333/459] MUCH
[05:21:19] [334/459] PCIN
[05:21:19] [335/459] JRRM
[05:21:20] [336/459] KATS
[05:21:20] [337/459] MHFF
[05:21:21] [338/459] ESYM
[05:21:22] [339/459] STYV
[05:21:22] 🔄 Identity reset
[05:21:22] 🔄 Identity rotated (every 10 requests)
[05:21:22] [340/459] SDKG
[05:21:23] [341/459] SMTI
[05:21:23] [342/459] NYCS
[05:21:24] [343/459] MTBG
[05:21:24] [344/459] RHCA
[05:21:25] [345/459] PCKH
[05:21:26] [346/459] ARCR
[05:21:26] [347/459] NCMB
[05:21:27] [348/459] SHYC
[05:21:28] [349/459] LACK
[05:21:28] 🔄 Identity reset
[05:21:28] 🔄 Identity rotated (every 10 requests)
[05:21:28] [350/459] MTCM
[05:21:29] [351/459] RRBN
[05:21:29] [352/459] MYDC
[05:21:30] [353/459] STCS
[05:21:31] [354/459] CONN
[05:21:32] [355/459] SIPS
[05:21:32] [356/459] SMMX
[05:21:33] [357/459] SCBY
[05:21:34] [358/459] SUAP
[05:21:34] [359/459] RSMK
[05:21:35] 🔄 Identity reset
[05:21:35] 🔄 Identity rotated (every 10 requests)
[05:21:35] [360/459] STKP
[05:21:36] [361/459] CIPC
[05:21:36] [362/459] KKCI
[05:21:37] [363/459] CTNK
[05:21:37] [364/459] MMTZ
[05:21:38] [365/459] DCCO
[05:21:39] [366/459] VNMN
[05:21:39] [367/459] RLCN
[05:21:40] [368/459] CMMS
[05:21:40] [369/459] AYOU
[05:21:41] 🔄 Identity reset
[05:21:41] 🔄 Identity rotated (every 10 requests)
[05:21:41] 🔄 Retry 1/5 for AYOU in 2.6s
[05:21:41] 🔄 Identity reset
[05:21:44] 🧠 New identity created
[05:21:44] 🔄 Retry 2/5 for AYOU in 4.7s
[05:21:44] 🔄 Identity reset
[05:21:48] 🧠 New identity created
[05:21:48] [370/459] SSCN
[05:21:49] [371/459] SMXN
[05:21:50] [372/459] ASSK
[05:21:51] [373/459] VCKM
[05:21:51] [374/459] PCPH
[05:21:52] [375/459] PADM
[05:21:52] [376/459] IESA
[05:21:53] [377/459] VCSP
[05:21:54] 🔄 Identity reset
[05:21:54] 🔄 Identity rotated (every 10 requests)
[05:21:54] [378/459] AEST
[05:21:54] [379/459] VTNR
[05:21:55] [380/459] GTTA
[05:21:56] [381/459] CMMM
[05:21:57] [382/459] AHKT
[05:21:57] [383/459] SIJI
[05:21:58] [384/459] VCEI
[05:21:59] [385/459] SAKR
[05:21:59] [386/459] VSMT
[05:22:00] [387/459] SSCT
[05:22:01] 🔄 Identity reset
[05:22:01] 🔄 Identity rotated (every 10 requests)
[05:22:01] [388/459] USTR
[05:22:01] [389/459] MTKT
[05:22:02] [390/459] TGMP
[05:22:03] [391/459] SIVC
[05:22:04] [392/459] KICT
[05:22:04] [393/459] DAMD
[05:22:05] [394/459] CNPT
[05:22:05] [395/459] RVTT
[05:22:06] [396/459] SNCM
[05:22:06] [397/459] GHTE
[05:22:07] 🔄 Identity reset
[05:22:07] 🔄 Identity rotated (every 10 requests)
[05:22:07] [398/459] PPAM
[05:22:08] [399/459] PVAA
[05:22:08] [400/459] CPAO
[05:22:09] [401/459] HAMD
[05:22:09] [402/459] RCCA
[05:22:10] [403/459] MPCH
[05:22:11] [404/459] ARED
[05:22:11] [405/459] RRCV
[05:22:12] [406/459] MTRB
[05:22:13] [407/459] CKUA
[05:22:14] 🔄 Identity reset
[05:22:14] 🔄 Identity rotated (every 10 requests)
[05:22:14] [408/459] ABMP
[05:22:14] [409/459] RCWA
[05:22:15] [410/459] CGAR
[05:22:16] [411/459] METH
[05:22:16] [412/459] WAGA
[05:22:17] [413/459] MCMA
[05:22:17] [414/459] CSMP
[05:22:18] [415/459] RCNK
[05:22:19] [416/459] PSTM
[05:22:19] [417/459] CSEP
[05:22:20] 🔄 Identity reset
[05:22:20] 🔄 Identity rotated (every 10 requests)
[05:22:20] [418/459] AMGD
[05:22:21] [419/459] CSTE
[05:22:21] [420/459] CONS
[05:22:22] [421/459] APPX
[05:22:22] [422/459] MABC
[05:22:23] [423/459] CXST
[05:22:24] [424/459] MATN
[05:22:24] [425/459] MACZ
[05:22:25] [426/459] MASA
[05:22:25] [427/459] MBSX
[05:22:26] 🔄 Identity reset
[05:22:26] 🔄 Identity rotated (every 10 requests)
[05:22:26] 🔄 Retry 1/5 for MBSX in 2.0s
[05:22:26] 🔄 Identity reset
[05:22:28] 🧠 New identity created
[05:22:28] 🔄 Retry 2/5 for MBSX in 4.3s
[05:22:28] 🔄 Identity reset
[05:22:32] 🧠 New identity created
[05:22:32] [428/459] CSST
[05:22:33] [429/459] APCL
[05:22:34] [430/459] CGOS
[05:22:34] [431/459] CPEC
[05:22:35] [432/459] MCCP
[05:22:36] [433/459] BSSO
[05:22:37] [434/459] SJKA
[05:22:37] [435/459] CGBO
[05:22:38] 🔄 Identity reset
[05:22:38] 🔄 Identity rotated (every 10 requests)
[05:22:38] [436/459] MVSK
[05:22:39] [437/459] HVCA
[05:22:39] [438/459] NAMD
[05:22:40] [439/459] DEVI
[05:22:41] [440/459] SCSV
[05:22:41] [441/459] PSMA
[05:22:42] [442/459] CLDJ
[05:22:43] [443/459] NMAD
[05:22:43] [444/459] CGMO
[05:22:44] [445/459] MCNA
[05:22:45] 🔄 Identity reset
[05:22:45] 🔄 Identity rotated (every 10 requests)
[05:22:45] [446/459] OCBN
[05:22:46] [447/459] CPEM
[05:22:46] [448/459] CPSM
[05:22:47] [449/459] RCAD
[05:22:47] [450/459] CPMU
[05:22:48] [451/459] DICD
[05:22:49] [452/459] CHOE
[05:22:49] [453/459] PDJM
[05:22:50] [454/459] SSTU
[05:22:51] [455/459] VNRN
[05:22:51] 🔄 Identity reset
[05:22:51] 🔄 Identity rotated (every 10 requests)
[05:22:51] [456/459] PVLG
[05:22:52] [457/459] SWBL
[05:22:53] [458/459] SCAB
[05:22:53] [459/459] RDDA
[05:22:54] ✅ DONE | Shows=20 | Movies=7
[06:07:38] 🚀 BMS DAILY TRACKER STARTED (enhanced anti‑detection)
[06:07:38] [1/459] MCCZ
[06:07:39] 🧠 New identity created
[06:07:39] 🔄 Retry 1/5 for MCCZ in 2.2s
[06:07:39] 🔄 Identity reset
[06:07:41] 🧠 New identity created
[06:07:42] [2/459] FRPU
[06:07:42] [3/459] SKSI
[06:07:44] [4/459] SSCK
[06:07:45] [5/459] SRDC
[06:07:46] [6/459] RSCZ
[06:07:47] [7/459] PRVT
[06:07:48] [8/459] GAGJ
[06:07:49] [9/459] SMHG
[06:07:50] 🔄 Identity reset
[06:07:50] 🔄 Identity rotated (every 10 requests)
[06:07:50] [10/459] JTST
[06:07:51] [11/459] MYTH
[06:07:52] [12/459] JPCC
[06:07:53] [13/459] ACDC
[06:07:54] [14/459] SVFP
[06:07:55] [15/459] SFCM
[06:07:56] [16/459] RUPK
[06:07:57] [17/459] NTCR
[06:07:58] [18/459] RTCH
[06:07:59] [19/459] SCMH
[06:07:59] 🔄 Identity reset
[06:07:59] 🔄 Identity rotated (every 10 requests)
[06:08:00] [20/459] SVYM
[06:08:01] [21/459] SPYM
[06:08:02] [22/459] SMMF
[06:08:03] [23/459] CLLB
[06:08:04] [24/459] FMCB
[06:08:05] [25/459] BBTC
[06:08:06] [26/459] NTHS
[06:08:06] [27/459] PKKJ
[06:08:07] [28/459] MTJA
[06:08:08] [29/459] PMSJ
[06:08:09] 🔄 Identity reset
[06:08:09] 🔄 Identity rotated (every 10 requests)
[06:08:09] [30/459] JMJU
[06:08:10] [31/459] SRAD
[06:08:11] [32/459] MJMC
[06:08:12] [33/459] DFRM
[06:08:13] [34/459] PMRS
[06:08:14] [35/459] RKPP
[06:08:15] [36/459] BMBK
[06:08:16] [37/459] NEWS
[06:08:17] [38/459] SALB
[06:08:18] [39/459] SCPW
[06:08:19] 🔄 Identity reset
[06:08:19] 🔄 Identity rotated (every 10 requests)
[06:08:19] [40/459] RAYL
[06:08:20] [41/459] CMGJ
[06:08:21] [42/459] JRCR
[06:08:22] [43/459] SRTB
[06:08:23] [44/459] ETPB
[06:08:24] [45/459] MXBN
[06:08:25] [46/459] TOPE
[06:08:26] [47/459] SNLJ
[06:08:27] [48/459] CDDP
[06:08:27] [49/459] APCX
[06:08:28] 🔄 Identity reset
[06:08:28] 🔄 Identity rotated (every 10 requests)
[06:08:28] 🔄 Retry 1/5 for APCX in 2.8s
[06:08:28] 🔄 Identity reset
[06:08:31] 🧠 New identity created
[06:08:31] 🔄 Retry 2/5 for APCX in 4.8s
[06:08:31] 🔄 Identity reset
[06:08:36] 🧠 New identity created
[06:08:36] [50/459] TALP
[06:08:37] [51/459] RRMP
[06:08:38] [52/459] MAHB
[06:08:39] [53/459] MTKR
[06:08:40] [54/459] KSKL
[06:08:42] [55/459] RJLT
[06:08:43] [56/459] ATAS
[06:08:44] [57/459] AMHR
[06:08:44] 🔄 Identity reset
[06:08:44] 🔄 Identity rotated (every 10 requests)
[06:08:44] [58/459] RSRM
[06:08:45] [59/459] GCAT
[06:08:46] [60/459] SMML
[06:08:47] [61/459] ACCD
[06:08:48] [62/459] VYDA
[06:08:49] [63/459] MSKT
[06:08:50] [64/459] AVDM
[06:08:51] [65/459] ASMH
[06:08:52] [66/459] VTMB
[06:08:53] [67/459] WVMB
[06:08:53] 🔄 Identity reset
[06:08:53] 🔄 Identity rotated (every 10 requests)
[06:08:53] 🔄 Retry 1/5 for WVMB in 2.1s
[06:08:53] 🔄 Identity reset
[06:08:55] 🧠 New identity created
[06:08:55] 🔄 Retry 2/5 for WVMB in 4.9s
[06:08:55] 🔄 Identity reset
[06:09:00] 🧠 New identity created
[06:09:01] [68/459] PPMN
[06:09:02] [69/459] MTMD
[06:09:03] [70/459] SMMO
[06:09:04] [71/459] DLPB
[06:09:05] [72/459] AKMD
[06:09:06] [73/459] SHRR
[06:09:07] [74/459] ASCO
[06:09:08] [75/459] CZVX
[06:09:08] 🔄 Identity reset
[06:09:08] 🔄 Identity rotated (every 10 requests)
[06:09:09] [76/459] GCBB
[06:09:09] [77/459] ATBM
[06:09:11] [78/459] TCGM
[06:09:12] [79/459] UMSE
[06:09:13] [80/459] NKCL
[06:09:14] [81/459] BTLR
[06:09:15] [82/459] GOCL
[06:09:16] [83/459] MIRN
[06:09:17] [84/459] THEC
[06:09:18] [85/459] SPPB
[06:09:18] 🔄 Identity reset
[06:09:18] 🔄 Identity rotated (every 10 requests)
[06:09:20] [86/459] PMMM
[06:09:20] [87/459] GGMC
[06:09:22] [88/459] AVSR
[06:09:23] [89/459] RDMH
[06:09:24] [90/459] JSRS
[06:09:25] [91/459] VKGP
[06:09:26] [92/459] ACRT
[06:09:27] [93/459] GCBA
[06:09:27] [94/459] GTCP
[06:09:28] [95/459] AKFC
[06:09:29] 🔄 Identity reset
[06:09:29] 🔄 Identity rotated (every 10 requests)
[06:09:29] [96/459] INCS
[06:09:30] [97/459] SMCK
[06:09:31] [98/459] BRUN
[06:09:32] [99/459] RPPC
[06:09:33] [100/459] PAYD
[06:09:34] [101/459] SVVT
[06:09:35] [102/459] RNCC
[06:09:36] [103/459] PCRC
[06:09:38] [104/459] PMRM
[06:09:39] [105/459] CCRP
[06:09:39] 🔄 Identity reset
[06:09:39] 🔄 Identity rotated (every 10 requests)
[06:09:40] [106/459] INCR
[06:09:41] [107/459] ZTMP
[06:09:42] [108/459] MCNR
[06:09:42] [109/459] INRP
[06:09:43] [110/459] STRC
[06:09:44] [111/459] RATI
[06:09:45] [112/459] PBTR
[06:09:46] [113/459] CMHP
[06:09:47] [114/459] ZECJ
[06:09:48] [115/459] CCCB
[06:09:49] 🔄 Identity reset
[06:09:49] 🔄 Identity rotated (every 10 requests)
[06:09:49] [116/459] BWCB
[06:09:50] [117/459] CCAT
[06:09:51] [118/459] KGCM
[06:09:52] [119/459] INPT
[06:09:53] [120/459] FNCO
[06:09:54] [121/459] SRMJ
[06:09:55] [122/459] PFSC
[06:09:56] [123/459] PBMC
[06:09:57] [124/459] KARP
[06:09:58] [125/459] KOVI
[06:09:58] 🔄 Identity reset
[06:09:58] 🔄 Identity rotated (every 10 requests)
[06:09:59] [126/459] ACXL
[06:10:00] [127/459] GKCC
[06:10:01] [128/459] ASCC
[06:10:01] [129/459] SETC
[06:10:02] [130/459] KACC
[06:10:03] [131/459] KAVE
[06:10:04] [132/459] CNTC
[06:10:05] [133/459] MEEN
[06:10:06] [134/459] BMRV
[06:10:07] [135/459] SVAM
[06:10:07] 🔄 Identity reset
[06:10:07] 🔄 Identity rotated (every 10 requests)
[06:10:08] [136/459] VTBP
[06:10:09] [137/459] VCKN
[06:10:09] [138/459] SGTK
[06:10:10] [139/459] RCGS
[06:10:11] [140/459] RCCB
[06:10:12] [141/459] RKSR
[06:10:13] [142/459] RKCU
[06:10:14] [143/459] GIBH
[06:10:15] [144/459] CXBS
[06:10:16] [145/459] GGCB
[06:10:17] 🔄 Identity reset
[06:10:17] 🔄 Identity rotated (every 10 requests)
[06:10:18] [146/459] SCPB
[06:10:19] [147/459] AKTB
[06:10:20] [148/459] SRBU
[06:10:20] [149/459] CSSA
[06:10:21] [150/459] MYAN
[06:10:22] [151/459] EXCA
[06:10:23] [152/459] CKSA
[06:10:24] [153/459] JTNM
[06:10:25] [154/459] CXKT
[06:10:26] [155/459] NCLM
[06:10:27] 🔄 Identity reset
[06:10:27] 🔄 Identity rotated (every 10 requests)
[06:10:27] [156/459] JAAD
[06:10:28] [157/459] RDCR
[06:10:30] [158/459] MEER
[06:10:31] [159/459] SIBT
[06:10:31] [160/459] PVVB
[06:10:32] [161/459] FNPN
[06:10:33] [162/459] CRPX
[06:10:34] [163/459] STET
[06:10:35] [164/459] METE
[06:10:36] [165/459] BJML
[06:10:37] 🔄 Identity reset
[06:10:37] 🔄 Identity rotated (every 10 requests)
[06:10:37] [166/459] MAVT
[06:10:38] [167/459] MSRM
[06:10:39] [168/459] TJMP
[06:10:40] [169/459] MHCK
[06:10:41] [170/459] SVGP
[06:10:42] [171/459] KRRC
[06:10:43] [172/459] IMCH
[06:10:43] [173/459] CMCS
[06:10:44] [174/459] SGND
[06:10:45] [175/459] RNAT
[06:10:46] 🔄 Identity reset
[06:10:46] 🔄 Identity rotated (every 10 requests)
[06:10:46] 🔄 Retry 1/5 for RNAT in 2.0s
[06:10:46] 🔄 Identity reset
[06:10:48] 🧠 New identity created
[06:10:48] [176/459] PRTN
[06:10:49] [177/459] MPTN
[06:10:50] [178/459] ARCC
[06:10:51] [179/459] NTTE
[06:10:52] [180/459] ABND
[06:10:53] [181/459] KCSN
[06:10:54] [182/459] KCSA
[06:10:55] [183/459] DCKT
[06:10:57] [184/459] MBBR
[06:10:57] 🔄 Identity reset
[06:10:57] 🔄 Identity rotated (every 10 requests)
[06:10:57] [185/459] RAMU
[06:10:59] [186/459] RACW
[06:10:59] [187/459] MCHP
[06:11:01] [188/459] TMHM
[06:11:02] [189/459] STXH
[06:11:03] [190/459] AGSG
[06:11:04] [191/459] SIRA
[06:11:05] [192/459] RCAN
[06:11:06] [193/459] CWTB
[06:11:07] [194/459] VTYM
[06:11:07] 🔄 Identity reset
[06:11:07] 🔄 Identity rotated (every 10 requests)
[06:11:08] [195/459] RRPP
[06:11:09] [196/459] ASMR
[06:11:10] [197/459] RONO
[06:11:12] [198/459] MEMR
[06:11:13] [199/459] CTMR
[06:11:14] [200/459] PMTT
[06:11:14] [201/459] PSLX
[06:11:15] [202/459] IPPL
[06:11:16] [203/459] MMSG
[06:11:18] [204/459] INEL
[06:11:19] 🔄 Identity reset
[06:11:19] 🔄 Identity rotated (every 10 requests)
[06:11:19] [205/459] COAC
[06:11:20] [206/459] WVLK
[06:11:21] [207/459] PPXL
[06:11:22] [208/459] PSML
[06:11:23] [209/459] FNLK
[06:11:25] [210/459] ILUM
[06:11:26] [211/459] ILCM
[06:11:27] [212/459] MSNL
[06:11:28] [213/459] VINB
[06:11:29] [214/459] SALW
[06:11:29] 🔄 Identity reset
[06:11:29] 🔄 Identity rotated (every 10 requests)
[06:11:30] [215/459] PRTB
[06:11:31] [216/459] NCIL
[06:11:32] [217/459] PSUL
[06:11:33] [218/459] SCLK
[06:11:34] [219/459] ADDC
[06:11:35] [220/459] OACL
[06:11:35] [221/459] OOCF
[06:11:36] [222/459] GPMF
[06:11:37] [223/459] SSDG
[06:11:38] [224/459] SKRS
[06:11:39] 🔄 Identity reset
[06:11:39] 🔄 Identity rotated (every 10 requests)
[06:11:39] 🔄 Retry 1/5 for SKRS in 2.3s
[06:11:39] 🔄 Identity reset
[06:11:41] 🧠 New identity created
[06:11:41] [225/459] NTTP
[06:11:42] [226/459] SLTP
[06:11:43] [227/459] JTLC
[06:11:44] [228/459] POON
[06:11:45] [229/459] CCPC
[06:11:46] [230/459] DCKC
[06:11:47] [231/459] CPRT
[06:11:48] [232/459] EYHZ
[06:11:49] [233/459] ARBL
[06:11:49] 🔄 Identity reset
[06:11:49] 🔄 Identity rotated (every 10 requests)
[06:11:49] 🔄 Retry 1/5 for ARBL in 2.5s
[06:11:49] 🔄 Identity reset
[06:11:52] 🧠 New identity created
[06:11:52] 🔄 Retry 2/5 for ARBL in 5.0s
[06:11:52] 🔄 Identity reset
[06:11:57] 🧠 New identity created
[06:11:57] 🔄 Retry 3/5 for ARBL in 8.2s
[06:11:57] 🔄 Identity reset
[06:12:05] 🧠 New identity created
[06:12:06] [234/459] SBTB
[06:12:07] [235/459] MMCK
[06:12:08] [236/459] PLMR
[06:12:09] [237/459] BIJH
[06:12:10] [238/459] SDRT
[06:12:11] [239/459] PRDC
[06:12:12] [240/459] OMJA
[06:12:13] 🔄 Identity reset
[06:12:13] 🔄 Identity rotated (every 10 requests)
[06:12:13] [241/459] VKCR
[06:12:14] [242/459] ATRT
[06:12:15] [243/459] WVRP
[06:12:16] [244/459] MVRP
[06:12:17] [245/459] FCAX
[06:12:18] [246/459] CTLC
[06:12:19] [247/459] JCHB
[06:12:20] [248/459] SELP
[06:12:21] [249/459] VCPG
[06:12:22] [250/459] ASCX
[06:12:22] 🔄 Identity reset
[06:12:22] 🔄 Identity rotated (every 10 requests)
[06:12:23] [251/459] EOCS
[06:12:24] [252/459] RCPH
[06:12:25] [253/459] RJTM
[06:12:25] [254/459] SGMD
[06:12:26] [255/459] SVJT
[06:12:27] [256/459] SPPO
[06:12:28] [257/459] MNRL
[06:12:29] [258/459] KNOX
[06:12:30] [259/459] GIER
[06:12:31] [260/459] PJMS
[06:12:32] 🔄 Identity reset
[06:12:32] 🔄 Identity rotated (every 10 requests)
[06:12:32] [261/459] UNSP
[06:12:33] [262/459] JETP
[06:12:34] [263/459] VTWA
[06:12:35] [264/459] SCJI
[06:12:36] [265/459] CBZZ
[06:12:38] [266/459] SDCJ
[06:12:38] [267/459] RRCC
[06:12:39] [268/459] VNKG
[06:12:40] [269/459] LKTO
[06:12:41] [270/459] PJRM
[06:12:42] 🔄 Identity reset
[06:12:42] 🔄 Identity rotated (every 10 requests)
[06:12:42] 🔄 Retry 1/5 for PJRM in 2.5s
[06:12:42] 🔄 Identity reset
[06:12:45] 🧠 New identity created
[06:12:45] [271/459] NVRM
[06:12:46] [272/459] SJCS
[06:12:47] [273/459] VIGK
[06:12:48] [274/459] ANST
[06:12:49] [275/459] JTTS
[06:12:50] [276/459] NTST
[06:12:51] [277/459] PREB
[06:12:52] [278/459] TSCZ
[06:12:53] [279/459] CDCM
[06:12:54] 🔄 Identity reset
[06:12:54] 🔄 Identity rotated (every 10 requests)
[06:12:54] [280/459] ELYE
[06:12:55] [281/459] INBS
[06:12:57] [282/459] SMGC
[06:12:58] [283/459] UTMP
[06:12:59] [284/459] INTA
[06:12:59] [285/459] OMPT
[06:13:00] [286/459] SCIR
[06:13:02] [287/459] GCKJ
[06:13:03] [288/459] INOG
[06:13:04] [289/459] SMGB
[06:13:05] 🔄 Identity reset
[06:13:05] 🔄 Identity rotated (every 10 requests)
[06:13:05] 🔄 Retry 1/5 for SMGB in 2.7s
[06:13:05] 🔄 Identity reset
[06:13:07] 🧠 New identity created
[06:13:08] [290/459] MCSG
[06:13:09] [291/459] STKG
[06:13:10] [292/459] TTKG
[06:13:11] [293/459] SRTR
[06:13:12] [294/459] ETTR
[06:13:13] [295/459] GGGZ
[06:13:14] [296/459] IPGM
[06:13:15] [297/459] FCDH
[06:13:16] [298/459] DESB
[06:13:17] 🔄 Identity reset
[06:13:17] 🔄 Identity rotated (every 10 requests)
[06:13:17] [299/459] VNTP
[06:13:18] [300/459] ANNT
[06:13:19] [301/459] SLTI
[06:13:20] [302/459] MAJU
[06:13:21] [303/459] JCXP
[06:13:22] [304/459] HARK
[06:13:23] [305/459] JPCJ
[06:13:24] [306/459] RXBD
[06:13:25] [307/459] PTKJ
[06:13:25] [308/459] CMTU
[06:13:26] 🔄 Identity reset
[06:13:26] 🔄 Identity rotated (every 10 requests)
[06:13:26] [309/459] SWOR
[06:13:27] [310/459] JMEX
[06:13:29] [311/459] DTPT
[06:13:30] [312/459] VGMM
[06:13:31] [313/459] VCSG
[06:13:32] [314/459] CVCG
[06:13:33] [315/459] TNTT
[06:13:34] [316/459] SHRM
[06:13:35] [317/459] CGKD
[06:13:36] [318/459] EKCM
[06:13:37] 🔄 Identity reset
[06:13:37] 🔄 Identity rotated (every 10 requests)
[06:13:38] [319/459] SDCX
[06:13:40] [320/459] SBTE
[06:13:41] [321/459] STKJ
[06:13:42] [322/459] TPCE
[06:13:43] [323/459] JTNP
[06:13:44] [324/459] LPCH
[06:13:44] [325/459] CPUO
[06:13:46] [326/459] APSU
[06:13:47] [327/459] RTHC
[06:13:49] [328/459] PTBU
[06:13:50] 🔄 Identity reset
[06:13:50] 🔄 Identity rotated (every 10 requests)
[06:13:50] 🔄 Retry 1/5 for PTBU in 2.0s
[06:13:50] 🔄 Identity reset
[06:13:52] 🧠 New identity created
[06:13:52] [329/459] CUCC
[06:13:53] [330/459] CPSA
[06:13:54] [331/459] SUAY
[06:13:55] [332/459] AYAA
[06:13:56] [333/459] MUCH
[06:13:57] [334/459] PCIN
[06:13:58] [335/459] JRRM
[06:13:59] [336/459] KATS
[06:14:00] [337/459] MHFF
[06:14:01] 🔄 Identity reset
[06:14:01] 🔄 Identity rotated (every 10 requests)
[06:14:01] [338/459] ESYM
[06:14:03] [339/459] STYV
[06:14:04] [340/459] SDKG
[06:14:05] [341/459] SMTI
[06:14:06] [342/459] NYCS
[06:14:07] [343/459] MTBG
[06:14:08] [344/459] RHCA
[06:14:09] [345/459] PCKH
[06:14:10] [346/459] ARCR
[06:14:11] [347/459] NCMB
[06:14:11] 🔄 Identity reset
[06:14:11] 🔄 Identity rotated (every 10 requests)
[06:14:12] [348/459] SHYC
[06:14:13] [349/459] LACK
[06:14:14] [350/459] MTCM
[06:14:15] [351/459] RRBN
[06:14:16] [352/459] MYDC
[06:14:18] [353/459] STCS
[06:14:19] [354/459] CONN
[06:14:21] [355/459] SIPS
[06:14:21] [356/459] SMMX
[06:14:22] [357/459] SCBY
[06:14:23] 🔄 Identity reset
[06:14:23] 🔄 Identity rotated (every 10 requests)
[06:14:24] [358/459] SUAP
[06:14:24] [359/459] RSMK
[06:14:26] [360/459] STKP
[06:14:27] [361/459] CIPC
[06:14:29] [362/459] KKCI
[06:14:30] [363/459] CTNK
[06:14:31] [364/459] MMTZ
[06:14:32] [365/459] DCCO
[06:14:33] [366/459] VNMN
[06:14:34] [367/459] RLCN
[06:14:35] 🔄 Identity reset
[06:14:35] 🔄 Identity rotated (every 10 requests)
[06:14:35] 🔄 Retry 1/5 for RLCN in 2.3s
[06:14:35] 🔄 Identity reset
[06:14:37] 🧠 New identity created
[06:14:37] 🔄 Retry 2/5 for RLCN in 4.5s
[06:14:37] 🔄 Identity reset
[06:14:42] 🧠 New identity created
[06:14:43] [368/459] CMMS
[06:14:44] [369/459] AYOU
[06:14:45] [370/459] SSCN
[06:14:46] [371/459] SMXN
[06:14:47] [372/459] ASSK
[06:14:48] [373/459] VCKM
[06:14:48] [374/459] PCPH
[06:14:49] [375/459] PADM
[06:14:50] 🔄 Identity reset
[06:14:50] 🔄 Identity rotated (every 10 requests)
[06:14:50] [376/459] IESA
[06:14:51] [377/459] VCSP
[06:14:53] [378/459] AEST
[06:14:54] [379/459] VTNR
[06:14:55] [380/459] GTTA
[06:14:56] [381/459] CMMM
[06:14:57] [382/459] AHKT
[06:14:58] [383/459] SIJI
[06:14:58] [384/459] VCEI
[06:14:59] [385/459] SAKR
[06:15:00] 🔄 Identity reset
[06:15:00] 🔄 Identity rotated (every 10 requests)
[06:15:00] [386/459] VSMT
[06:15:01] [387/459] SSCT
[06:15:02] [388/459] USTR
[06:15:04] [389/459] MTKT
[06:15:05] [390/459] TGMP
[06:15:06] [391/459] SIVC
[06:15:07] [392/459] KICT
[06:15:08] [393/459] DAMD
[06:15:09] [394/459] CNPT
[06:15:10] [395/459] RVTT
[06:15:10] 🔄 Identity reset
[06:15:10] 🔄 Identity rotated (every 10 requests)
[06:15:10] [396/459] SNCM
[06:15:12] [397/459] GHTE
[06:15:12] [398/459] PPAM
[06:15:13] [399/459] PVAA
[06:15:14] [400/459] CPAO
[06:15:15] [401/459] HAMD
[06:15:16] [402/459] RCCA
[06:15:18] [403/459] MPCH
[06:15:19] [404/459] ARED
[06:15:20] [405/459] RRCV
[06:15:21] 🔄 Identity reset
[06:15:21] 🔄 Identity rotated (every 10 requests)
[06:15:21] [406/459] MTRB
[06:15:22] [407/459] CKUA
[06:15:24] [408/459] ABMP
[06:15:25] [409/459] RCWA
[06:15:26] [410/459] CGAR
[06:15:27] [411/459] METH
[06:15:28] [412/459] WAGA
[06:15:29] [413/459] MCMA
[06:15:30] [414/459] CSMP
[06:15:31] [415/459] RCNK
[06:15:32] 🔄 Identity reset
[06:15:32] 🔄 Identity rotated (every 10 requests)
[06:15:32] [416/459] PSTM
[06:15:33] [417/459] CSEP
[06:15:34] [418/459] AMGD
[06:15:35] [419/459] CSTE
[06:15:36] [420/459] CONS
[06:15:37] [421/459] APPX
[06:15:37] [422/459] MABC
[06:15:39] [423/459] CXST
[06:15:39] [424/459] MATN
[06:15:40] [425/459] MACZ
[06:15:41] 🔄 Identity reset
[06:15:41] 🔄 Identity rotated (every 10 requests)
[06:15:41] [426/459] MASA
[06:15:42] [427/459] MBSX
[06:15:43] [428/459] CSST
[06:15:44] [429/459] APCL
[06:15:45] [430/459] CGOS
[06:15:46] [431/459] CPEC
[06:15:47] [432/459] MCCP
[06:15:48] [433/459] BSSO
[06:15:49] [434/459] SJKA
[06:15:50] [435/459] CGBO
[06:15:50] 🔄 Identity reset
[06:15:50] 🔄 Identity rotated (every 10 requests)
[06:15:51] 🔄 Retry 1/5 for CGBO in 2.0s
[06:15:51] 🔄 Identity reset
[06:15:53] 🧠 New identity created
[06:15:53] [436/459] MVSK
[06:15:54] [437/459] HVCA
[06:15:55] [438/459] NAMD
[06:15:56] [439/459] DEVI
[06:15:58] [440/459] SCSV
[06:15:59] [441/459] PSMA
[06:16:00] [442/459] CLDJ
[06:16:01] [443/459] NMAD
[06:16:02] [444/459] CGMO
[06:16:02] 🔄 Identity reset
[06:16:02] 🔄 Identity rotated (every 10 requests)
[06:16:03] [445/459] MCNA
[06:16:03] [446/459] OCBN
[06:16:04] [447/459] CPEM
[06:16:05] [448/459] CPSM
[06:16:06] [449/459] RCAD
[06:16:07] [450/459] CPMU
[06:16:08] [451/459] DICD
[06:16:09] [452/459] CHOE
[06:16:11] [453/459] PDJM
[06:16:12] [454/459] SSTU
[06:16:12] 🔄 Identity reset
[06:16:12] 🔄 Identity rotated (every 10 requests)
[06:16:13] [455/459] VNRN
[06:16:14] [456/459] PVLG
[06:16:15] [457/459] SWBL
[06:16:17] [458/459] SCAB
[06:16:19] [459/459] RDDA
[06:16:19] ✅ DONE | Shows=211 | Movies=19
[06:56:41] 🚀 BMS DAILY TRACKER STARTED (enhanced anti‑detection)
[06:56:41] [1/459] MCCZ
[06:56:42] 🧠 New identity created
[06:56:42] [2/459] FRPU
[06:56:43] [3/459] SKSI
[06:56:44] [4/459] SSCK
[06:56:46] [5/459] SRDC
[06:56:46] [6/459] RSCZ
[06:56:47] [7/459] PRVT
[06:56:48] [8/459] GAGJ
[06:56:49] [9/459] SMHG
[06:56:51] [10/459] JTST
[06:56:51] 🔄 Identity reset
[06:56:51] 🔄 Identity rotated (every 10 requests)
[06:56:51] [11/459] MYTH
[06:56:52] [12/459] JPCC
[06:56:53] [13/459] ACDC
[06:56:54] [14/459] SVFP
[06:56:54] [15/459] SFCM
[06:56:55] [16/459] RUPK
[06:56:56] [17/459] NTCR
[06:56:57] [18/459] RTCH
[06:56:59] [19/459] SCMH
[06:56:59] [20/459] SVYM
[06:57:00] 🔄 Identity reset
[06:57:00] 🔄 Identity rotated (every 10 requests)
[06:57:00] [21/459] SPYM
[06:57:01] [22/459] SMMF
[06:57:03] [23/459] CLLB
[06:57:04] [24/459] FMCB
[06:57:05] [25/459] BBTC
[06:57:05] [26/459] NTHS
[06:57:06] [27/459] PKKJ
[06:57:07] [28/459] MTJA
[06:57:08] [29/459] PMSJ
[06:57:09] [30/459] JMJU
[06:57:10] 🔄 Identity reset
[06:57:10] 🔄 Identity rotated (every 10 requests)
[06:57:10] [31/459] SRAD
[06:57:11] [32/459] MJMC
[06:57:11] [33/459] DFRM
[06:57:12] [34/459] PMRS
[06:57:13] [35/459] RKPP
[06:57:13] [36/459] BMBK
[06:57:14] [37/459] NEWS
[06:57:15] [38/459] SALB
[06:57:16] [39/459] SCPW
[06:57:17] [40/459] RAYL
[06:57:18] 🔄 Identity reset
[06:57:18] 🔄 Identity rotated (every 10 requests)
[06:57:19] [41/459] CMGJ
[06:57:19] [42/459] JRCR
[06:57:20] [43/459] SRTB
[06:57:21] [44/459] ETPB
[06:57:22] [45/459] MXBN
[06:57:23] [46/459] TOPE
[06:57:23] [47/459] SNLJ
[06:57:24] [48/459] CDDP
[06:57:25] [49/459] APCX
[06:57:26] [50/459] TALP
[06:57:26] 🔄 Identity reset
[06:57:26] 🔄 Identity rotated (every 10 requests)
[06:57:27] [51/459] RRMP
[06:57:27] [52/459] MAHB
[06:57:28] [53/459] MTKR
[06:57:29] [54/459] KSKL
[06:57:30] [55/459] RJLT
[06:57:31] [56/459] ATAS
[06:57:31] [57/459] AMHR
[06:57:32] [58/459] RSRM
[06:57:33] [59/459] GCAT
[06:57:33] [60/459] SMML
[06:57:34] 🔄 Identity reset
[06:57:34] 🔄 Identity rotated (every 10 requests)
[06:57:34] [61/459] ACCD
[06:57:35] [62/459] VYDA
[06:57:36] [63/459] MSKT
[06:57:36] [64/459] AVDM
[06:57:37] [65/459] ASMH
[06:57:38] [66/459] VTMB
[06:57:39] [67/459] WVMB
[06:57:40] [68/459] PPMN
[06:57:40] [69/459] MTMD
[06:57:42] [70/459] SMMO
[06:57:42] 🔄 Identity reset
[06:57:42] 🔄 Identity rotated (every 10 requests)
[06:57:43] [71/459] DLPB
[06:57:43] [72/459] AKMD
[06:57:44] [73/459] SHRR
[06:57:45] [74/459] ASCO
[06:57:46] [75/459] CZVX
[06:57:46] [76/459] GCBB
[06:57:47] [77/459] ATBM
[06:57:48] [78/459] TCGM
[06:57:49] [79/459] UMSE
[06:57:50] [80/459] NKCL
[06:57:50] 🔄 Identity reset
[06:57:50] 🔄 Identity rotated (every 10 requests)
[06:57:50] [81/459] BTLR
[06:57:52] [82/459] GOCL
[06:57:53] [83/459] MIRN
[06:57:53] [84/459] THEC
[06:57:54] [85/459] SPPB
[06:57:55] [86/459] PMMM
[06:57:56] [87/459] GGMC
[06:57:56] [88/459] AVSR
[06:57:58] [89/459] RDMH
[06:57:59] [90/459] JSRS
[06:57:59] 🔄 Identity reset
[06:57:59] 🔄 Identity rotated (every 10 requests)
[06:57:59] [91/459] VKGP
[06:58:00] [92/459] ACRT
[06:58:01] [93/459] GCBA
[06:58:02] [94/459] GTCP
[06:58:02] [95/459] AKFC
[06:58:03] [96/459] INCS
[06:58:05] [97/459] SMCK
[06:58:06] [98/459] BRUN
[06:58:06] [99/459] RPPC
[06:58:07] [100/459] PAYD
[06:58:08] 🔄 Identity reset
[06:58:08] 🔄 Identity rotated (every 10 requests)
[06:58:08] [101/459] SVVT
[06:58:09] [102/459] RNCC
[06:58:10] [103/459] PCRC
[06:58:10] [104/459] PMRM
[06:58:11] [105/459] CCRP
[06:58:12] [106/459] INCR
[06:58:13] [107/459] ZTMP
[06:58:14] [108/459] MCNR
[06:58:14] [109/459] INRP
[06:58:15] [110/459] STRC
[06:58:15] 🔄 Identity reset
[06:58:15] 🔄 Identity rotated (every 10 requests)
[06:58:16] [111/459] RATI
[06:58:17] [112/459] PBTR
[06:58:17] [113/459] CMHP
[06:58:18] [114/459] ZECJ
[06:58:19] [115/459] CCCB
[06:58:20] [116/459] BWCB
[06:58:21] [117/459] CCAT
[06:58:21] [118/459] KGCM
[06:58:22] [119/459] INPT
[06:58:23] [120/459] FNCO
[06:58:23] 🔄 Identity reset
[06:58:23] 🔄 Identity rotated (every 10 requests)
[06:58:23] [121/459] SRMJ
[06:58:24] [122/459] PFSC
[06:58:25] [123/459] PBMC
[06:58:26] [124/459] KARP
[06:58:26] [125/459] KOVI
[06:58:27] [126/459] ACXL
[06:58:28] [127/459] GKCC
[06:58:29] [128/459] ASCC
[06:58:30] [129/459] SETC
[06:58:31] [130/459] KACC
[06:58:31] 🔄 Identity reset
[06:58:31] 🔄 Identity rotated (every 10 requests)
[06:58:31] [131/459] KAVE
[06:58:32] [132/459] CNTC
[06:58:33] [133/459] MEEN
[06:58:34] [134/459] BMRV
[06:58:34] [135/459] SVAM
[06:58:35] [136/459] VTBP
[06:58:36] [137/459] VCKN
[06:58:36] [138/459] SGTK
[06:58:37] [139/459] RCGS
[06:58:38] [140/459] RCCB
[06:58:38] 🔄 Identity reset
[06:58:38] 🔄 Identity rotated (every 10 requests)
[06:58:38] [141/459] RKSR
[06:58:39] [142/459] RKCU
[06:58:40] [143/459] GIBH
[06:58:41] [144/459] CXBS
[06:58:42] [145/459] GGCB
[06:58:43] [146/459] SCPB
[06:58:45] [147/459] AKTB
[06:58:46] [148/459] SRBU
[06:58:47] [149/459] CSSA
[06:58:48] [150/459] MYAN
[06:58:49] 🔄 Identity reset
[06:58:49] 🔄 Identity rotated (every 10 requests)
[06:58:49] 🔄 Retry 1/5 for MYAN in 2.9s
[06:58:49] 🔄 Identity reset
[06:58:52] 🧠 New identity created
[06:58:52] [151/459] EXCA
[06:58:53] [152/459] CKSA
[06:58:53] [153/459] JTNM
[06:58:54] [154/459] CXKT
[06:58:55] [155/459] NCLM
[06:58:56] [156/459] JAAD
[06:58:57] [157/459] RDCR
[06:58:58] [158/459] MEER
[06:58:59] [159/459] SIBT
[06:59:00] 🔄 Identity reset
[06:59:00] 🔄 Identity rotated (every 10 requests)
[06:59:01] [160/459] PVVB
[06:59:02] [161/459] FNPN
[06:59:03] [162/459] CRPX
[06:59:03] [163/459] STET
[06:59:04] [164/459] METE
[06:59:05] [165/459] BJML
[06:59:06] [166/459] MAVT
[06:59:07] [167/459] MSRM
[06:59:08] [168/459] TJMP
[06:59:08] [169/459] MHCK
[06:59:09] 🔄 Identity reset
[06:59:09] 🔄 Identity rotated (every 10 requests)
[06:59:09] 🔄 Retry 1/5 for MHCK in 2.9s
[06:59:09] 🔄 Identity reset
[06:59:12] 🧠 New identity created
[06:59:12] [170/459] SVGP
[06:59:13] [171/459] KRRC
[06:59:14] [172/459] IMCH
[06:59:15] [173/459] CMCS
[06:59:16] [174/459] SGND
[06:59:17] [175/459] RNAT
[06:59:18] [176/459] PRTN
[06:59:19] [177/459] MPTN
[06:59:19] [178/459] ARCC
[06:59:20] 🔄 Identity reset
[06:59:20] 🔄 Identity rotated (every 10 requests)
[06:59:20] [179/459] NTTE
[06:59:21] [180/459] ABND
[06:59:22] [181/459] KCSN
[06:59:23] [182/459] KCSA
[06:59:24] [183/459] DCKT
[06:59:25] [184/459] MBBR
[06:59:25] [185/459] RAMU
[06:59:26] [186/459] RACW
[06:59:27] [187/459] MCHP
[06:59:28] [188/459] TMHM
[06:59:28] 🔄 Identity reset
[06:59:29] 🔄 Identity rotated (every 10 requests)
[06:59:29] [189/459] STXH
[06:59:29] [190/459] AGSG
[06:59:30] [191/459] SIRA
[06:59:31] [192/459] RCAN
[06:59:32] [193/459] CWTB
[06:59:33] [194/459] VTYM
[06:59:35] [195/459] RRPP
[06:59:36] [196/459] ASMR
[06:59:36] [197/459] RONO
[06:59:37] [198/459] MEMR
[06:59:38] 🔄 Identity reset
[06:59:38] 🔄 Identity rotated (every 10 requests)
[06:59:38] [199/459] CTMR
[06:59:39] [200/459] PMTT
[06:59:39] [201/459] PSLX
[06:59:40] [202/459] IPPL
[06:59:41] [203/459] MMSG
[06:59:42] [204/459] INEL
[06:59:42] [205/459] COAC
[06:59:43] [206/459] WVLK
[06:59:44] [207/459] PPXL
[06:59:46] [208/459] PSML
[06:59:46] 🔄 Identity reset
[06:59:46] 🔄 Identity rotated (every 10 requests)
[06:59:47] [209/459] FNLK
[06:59:47] [210/459] ILUM
[06:59:48] [211/459] ILCM
[06:59:49] [212/459] MSNL
[06:59:50] [213/459] VINB
[06:59:50] [214/459] SALW
[06:59:51] [215/459] PRTB
[06:59:52] [216/459] NCIL
[06:59:53] [217/459] PSUL
[06:59:54] [218/459] SCLK
[06:59:54] 🔄 Identity reset
[06:59:54] 🔄 Identity rotated (every 10 requests)
[06:59:54] [219/459] ADDC
[06:59:55] [220/459] OACL
[06:59:56] [221/459] OOCF
[06:59:57] [222/459] GPMF
[06:59:58] [223/459] SSDG
[06:59:59] [224/459] SKRS
[06:59:59] [225/459] NTTP
[07:00:00] [226/459] SLTP
[07:00:01] [227/459] JTLC
[07:00:02] [228/459] POON
[07:00:02] 🔄 Identity reset
[07:00:02] 🔄 Identity rotated (every 10 requests)
[07:00:03] [229/459] CCPC
[07:00:03] [230/459] DCKC
[07:00:04] [231/459] CPRT
[07:00:05] [232/459] EYHZ
[07:00:06] [233/459] ARBL
[07:00:07] [234/459] SBTB
[07:00:07] [235/459] MMCK
[07:00:08] [236/459] PLMR
[07:00:09] [237/459] BIJH
[07:00:10] [238/459] SDRT
[07:00:10] 🔄 Identity reset
[07:00:10] 🔄 Identity rotated (every 10 requests)
[07:00:10] 🔄 Retry 1/5 for SDRT in 2.3s
[07:00:10] 🔄 Identity reset
[07:00:13] 🧠 New identity created
[07:00:13] [239/459] PRDC
[07:00:14] [240/459] OMJA
[07:00:15] [241/459] VKCR
[07:00:15] [242/459] ATRT
[07:00:16] [243/459] WVRP
[07:00:17] [244/459] MVRP
[07:00:18] [245/459] FCAX
[07:00:19] [246/459] CTLC
[07:00:19] [247/459] JCHB
[07:00:20] 🔄 Identity reset
[07:00:20] 🔄 Identity rotated (every 10 requests)
[07:00:20] [248/459] SELP
[07:00:21] [249/459] VCPG
[07:00:22] [250/459] ASCX
[07:00:23] [251/459] EOCS
[07:00:23] [252/459] RCPH
[07:00:24] [253/459] RJTM
[07:00:24] [254/459] SGMD
[07:00:26] [255/459] SVJT
[07:00:26] [256/459] SPPO
[07:00:27] [257/459] MNRL
[07:00:28] 🔄 Identity reset
[07:00:28] 🔄 Identity rotated (every 10 requests)
[07:00:28] 🔄 Retry 1/5 for MNRL in 2.4s
[07:00:28] 🔄 Identity reset
[07:00:30] 🧠 New identity created
[07:00:31] [258/459] KNOX
[07:00:32] [259/459] GIER
[07:00:32] [260/459] PJMS
[07:00:33] [261/459] UNSP
[07:00:34] [262/459] JETP
[07:00:35] [263/459] VTWA
[07:00:36] [264/459] SCJI
[07:00:36] [265/459] CBZZ
[07:00:37] [266/459] SDCJ
[07:00:38] 🔄 Identity reset
[07:00:38] 🔄 Identity rotated (every 10 requests)
[07:00:38] [267/459] RRCC
[07:00:39] [268/459] VNKG
[07:00:40] [269/459] LKTO
[07:00:41] [270/459] PJRM
[07:00:42] [271/459] NVRM
[07:00:43] [272/459] SJCS
[07:00:43] [273/459] VIGK
[07:00:44] [274/459] ANST
[07:00:46] [275/459] JTTS
[07:00:47] [276/459] NTST
[07:00:48] 🔄 Identity reset
[07:00:48] 🔄 Identity rotated (every 10 requests)
[07:00:48] [277/459] PREB
[07:00:49] [278/459] TSCZ
[07:00:50] [279/459] CDCM
[07:00:51] [280/459] ELYE
[07:00:52] [281/459] INBS
[07:00:52] [282/459] SMGC
[07:00:53] [283/459] UTMP
[07:00:54] [284/459] INTA
[07:00:55] [285/459] OMPT
[07:00:56] [286/459] SCIR
[07:00:57] 🔄 Identity reset
[07:00:57] 🔄 Identity rotated (every 10 requests)
[07:00:57] [287/459] GCKJ
[07:00:58] [288/459] INOG
[07:00:59] [289/459] SMGB
[07:00:59] [290/459] MCSG
[07:01:00] [291/459] STKG
[07:01:01] [292/459] TTKG
[07:01:02] [293/459] SRTR
[07:01:02] [294/459] ETTR
[07:01:03] [295/459] GGGZ
[07:01:04] [296/459] IPGM
[07:01:04] 🔄 Identity reset
[07:01:04] 🔄 Identity rotated (every 10 requests)
[07:01:05] [297/459] FCDH
[07:01:05] [298/459] DESB
[07:01:06] [299/459] VNTP
[07:01:07] [300/459] ANNT
[07:01:08] [301/459] SLTI
[07:01:09] [302/459] MAJU
[07:01:10] [303/459] JCXP
[07:01:11] [304/459] HARK
[07:01:11] [305/459] JPCJ
[07:01:12] [306/459] RXBD
[07:01:13] 🔄 Identity reset
[07:01:13] 🔄 Identity rotated (every 10 requests)
[07:01:13] [307/459] PTKJ
[07:01:14] [308/459] CMTU
[07:01:15] [309/459] SWOR
[07:01:16] [310/459] JMEX
[07:01:17] [311/459] DTPT
[07:01:18] [312/459] VGMM
[07:01:18] [313/459] VCSG
[07:01:19] [314/459] CVCG
[07:01:20] [315/459] TNTT
[07:01:20] [316/459] SHRM
[07:01:21] 🔄 Identity reset
[07:01:21] 🔄 Identity rotated (every 10 requests)
[07:01:21] [317/459] CGKD
[07:01:22] [318/459] EKCM
[07:01:22] [319/459] SDCX
[07:01:23] [320/459] SBTE
[07:01:24] [321/459] STKJ
[07:01:26] [322/459] TPCE
[07:01:26] [323/459] JTNP
[07:01:27] [324/459] LPCH
[07:01:28] [325/459] CPUO
[07:01:28] [326/459] APSU
[07:01:29] 🔄 Identity reset
[07:01:29] 🔄 Identity rotated (every 10 requests)
[07:01:29] 🔄 Retry 1/5 for APSU in 2.7s
[07:01:29] 🔄 Identity reset
[07:01:32] 🧠 New identity created
[07:01:32] [327/459] RTHC
[07:01:33] [328/459] PTBU
[07:01:34] [329/459] CUCC
[07:01:35] [330/459] CPSA
[07:01:35] [331/459] SUAY
[07:01:36] [332/459] AYAA
[07:01:37] [333/459] MUCH
[07:01:37] [334/459] PCIN
[07:01:38] [335/459] JRRM
[07:01:39] 🔄 Identity reset
[07:01:39] 🔄 Identity rotated (every 10 requests)
[07:01:39] [336/459] KATS
[07:01:40] [337/459] MHFF
[07:01:41] [338/459] ESYM
[07:01:42] [339/459] STYV
[07:01:42] [340/459] SDKG
[07:01:43] [341/459] SMTI
[07:01:44] [342/459] NYCS
[07:01:45] [343/459] MTBG
[07:01:46] [344/459] RHCA
[07:01:47] [345/459] PCKH
[07:01:47] 🔄 Identity reset
[07:01:47] 🔄 Identity rotated (every 10 requests)
[07:01:47] [346/459] ARCR
[07:01:48] [347/459] NCMB
[07:01:49] [348/459] SHYC
[07:01:50] [349/459] LACK
[07:01:51] [350/459] MTCM
[07:01:52] [351/459] RRBN
[07:01:53] [352/459] MYDC
[07:01:53] [353/459] STCS
[07:01:54] [354/459] CONN
[07:01:55] [355/459] SIPS
[07:01:56] 🔄 Identity reset
[07:01:56] 🔄 Identity rotated (every 10 requests)
[07:01:56] [356/459] SMMX
[07:01:57] [357/459] SCBY
[07:01:57] [358/459] SUAP
[07:01:58] [359/459] RSMK
[07:01:59] [360/459] STKP
[07:02:00] [361/459] CIPC
[07:02:01] [362/459] KKCI
[07:02:02] [363/459] CTNK
[07:02:03] [364/459] MMTZ
[07:02:04] [365/459] DCCO
[07:02:04] 🔄 Identity reset
[07:02:04] 🔄 Identity rotated (every 10 requests)
[07:02:04] [366/459] VNMN
[07:02:05] [367/459] RLCN
[07:02:06] [368/459] CMMS
[07:02:07] [369/459] AYOU
[07:02:07] [370/459] SSCN
[07:02:08] [371/459] SMXN
[07:02:09] [372/459] ASSK
[07:02:10] [373/459] VCKM
[07:02:10] [374/459] PCPH
[07:02:11] [375/459] PADM
[07:02:12] 🔄 Identity reset
[07:02:12] 🔄 Identity rotated (every 10 requests)
[07:02:12] [376/459] IESA
[07:02:13] [377/459] VCSP
[07:02:14] [378/459] AEST
[07:02:14] [379/459] VTNR
[07:02:15] [380/459] GTTA
[07:02:16] [381/459] CMMM
[07:02:17] [382/459] AHKT
[07:02:18] [383/459] SIJI
[07:02:19] [384/459] VCEI
[07:02:21] [385/459] SAKR
[07:02:21] 🔄 Identity reset
[07:02:21] 🔄 Identity rotated (every 10 requests)
[07:02:22] [386/459] VSMT
[07:02:22] [387/459] SSCT
[07:02:23] [388/459] USTR
[07:02:24] [389/459] MTKT
[07:02:27] [390/459] TGMP
[07:02:28] [391/459] SIVC
[07:02:29] [392/459] KICT
[07:02:30] [393/459] DAMD
[07:02:30] [394/459] CNPT
[07:02:31] [395/459] RVTT
[07:02:32] 🔄 Identity reset
[07:02:32] 🔄 Identity rotated (every 10 requests)
[07:02:32] [396/459] SNCM
[07:02:33] [397/459] GHTE
[07:02:33] [398/459] PPAM
[07:02:35] [399/459] PVAA
[07:02:36] [400/459] CPAO
[07:02:36] [401/459] HAMD
[07:02:37] [402/459] RCCA
[07:02:38] [403/459] MPCH
[07:02:38] [404/459] ARED
[07:02:39] [405/459] RRCV
[07:02:40] 🔄 Identity reset
[07:02:40] 🔄 Identity rotated (every 10 requests)
[07:02:40] [406/459] MTRB
[07:02:41] [407/459] CKUA
[07:02:42] [408/459] ABMP
[07:02:42] [409/459] RCWA
[07:02:43] [410/459] CGAR
[07:02:44] [411/459] METH
[07:02:44] [412/459] WAGA
[07:02:45] [413/459] MCMA
[07:02:46] [414/459] CSMP
[07:02:47] [415/459] RCNK
[07:02:48] 🔄 Identity reset
[07:02:48] 🔄 Identity rotated (every 10 requests)
[07:02:48] 🔄 Retry 1/5 for RCNK in 2.4s
[07:02:48] 🔄 Identity reset
[07:02:50] 🧠 New identity created
[07:02:51] [416/459] PSTM
[07:02:51] [417/459] CSEP
[07:02:52] [418/459] AMGD
[07:02:53] [419/459] CSTE
[07:02:54] [420/459] CONS
[07:02:54] [421/459] APPX
[07:02:55] [422/459] MABC
[07:02:56] [423/459] CXST
[07:02:56] [424/459] MATN
[07:02:57] 🔄 Identity reset
[07:02:57] 🔄 Identity rotated (every 10 requests)
[07:02:57] [425/459] MACZ
[07:02:58] [426/459] MASA
[07:02:59] [427/459] MBSX
[07:03:00] [428/459] CSST
[07:03:01] [429/459] APCL
[07:03:02] [430/459] CGOS
[07:03:03] [431/459] CPEC
[07:03:03] [432/459] MCCP
[07:03:04] [433/459] BSSO
[07:03:05] [434/459] SJKA
[07:03:05] 🔄 Identity reset
[07:03:05] 🔄 Identity rotated (every 10 requests)
[07:03:06] [435/459] CGBO
[07:03:06] [436/459] MVSK
[07:03:07] [437/459] HVCA
[07:03:08] [438/459] NAMD
[07:03:09] [439/459] DEVI
[07:03:11] [440/459] SCSV
[07:03:12] [441/459] PSMA
[07:03:13] [442/459] CLDJ
[07:03:14] [443/459] NMAD
[07:03:15] [444/459] CGMO
[07:03:15] 🔄 Identity reset
[07:03:15] 🔄 Identity rotated (every 10 requests)
[07:03:15] [445/459] MCNA
[07:03:16] [446/459] OCBN
[07:03:17] [447/459] CPEM
[07:03:17] [448/459] CPSM
[07:03:18] [449/459] RCAD
[07:03:19] [450/459] CPMU
[07:03:20] [451/459] DICD
[07:03:21] [452/459] CHOE
[07:03:21] [453/459] PDJM
[07:03:22] [454/459] SSTU
[07:03:23] 🔄 Identity reset
[07:03:23] 🔄 Identity rotated (every 10 requests)
[07:03:23] 🔄 Retry 1/5 for SSTU in 2.2s
[07:03:23] 🔄 Identity reset
[07:03:25] 🧠 New identity created
[07:03:25] 🔄 Retry 2/5 for SSTU in 4.8s
[07:03:25] 🔄 Identity reset
[07:03:30] 🧠 New identity created
[07:03:30] [455/459] VNRN
[07:03:31] [456/459] PVLG
[07:03:31] [457/459] SWBL
[07:03:32] [458/459] SCAB
[07:03:33] [459/459] RDDA
[07:03:34] ✅ DONE | Shows=470 | Movies=32
[08:07:30] 🚀 BMS DAILY TRACKER STARTED (enhanced anti‑detection)
[08:07:30] [1/459] MCCZ
[08:07:31] 🧠 New identity created
[08:07:31] 🔄 Retry 1/5 for MCCZ in 2.6s
[08:07:31] 🔄 Identity reset
[08:07:34] 🧠 New identity created
[08:07:34] 🔄 Retry 2/5 for MCCZ in 4.2s
[08:07:34] 🔄 Identity reset
[08:07:38] 🧠 New identity created
[08:07:38] 🔄 Retry 3/5 for MCCZ in 8.8s
[08:07:38] 🔄 Identity reset
[08:07:47] 🧠 New identity created
[08:07:47] 🔄 Retry 4/5 for MCCZ in 16.9s
[08:07:47] 🔄 Identity reset
[08:08:04] 🧠 New identity created
[08:08:04] [2/459] FRPU
[08:08:06] [3/459] SKSI
[08:08:07] [4/459] SSCK
[08:08:08] [5/459] SRDC
[08:08:08] [6/459] RSCZ
[08:08:09] 🔄 Identity reset
[08:08:09] 🔄 Identity rotated (every 10 requests)
[08:08:09] [7/459] PRVT
[08:08:10] [8/459] GAGJ
[08:08:11] [9/459] SMHG
[08:08:12] [10/459] JTST
[08:08:13] [11/459] MYTH
[08:08:14] [12/459] JPCC
[08:08:15] [13/459] ACDC
[08:08:15] [14/459] SVFP
[08:08:16] [15/459] SFCM
[08:08:17] [16/459] RUPK
[08:08:18] 🔄 Identity reset
[08:08:18] 🔄 Identity rotated (every 10 requests)
[08:08:18] 🔄 Retry 1/5 for RUPK in 2.5s
[08:08:18] 🔄 Identity reset
[08:08:20] 🧠 New identity created
[08:08:20] 🔄 Retry 2/5 for RUPK in 4.2s
[08:08:20] 🔄 Identity reset
[08:08:25] 🧠 New identity created
[08:08:25] 🔄 Retry 3/5 for RUPK in 8.7s
[08:08:25] 🔄 Identity reset
[08:08:33] 🧠 New identity created
[08:08:34] [17/459] NTCR
[08:08:35] [18/459] RTCH
[08:08:36] [19/459] SCMH
[08:08:36] [20/459] SVYM
[08:08:37] [21/459] SPYM
[08:08:38] [22/459] SMMF
[08:08:39] [23/459] CLLB
[08:08:40] 🔄 Identity reset
[08:08:40] 🔄 Identity rotated (every 10 requests)
[08:08:40] 🔄 Retry 1/5 for CLLB in 2.7s
[08:08:40] 🔄 Identity reset
[08:08:42] 🧠 New identity created
[08:08:42] 🔄 Retry 2/5 for CLLB in 4.7s
[08:08:42] 🔄 Identity reset
[08:08:47] 🧠 New identity created
[08:08:48] [24/459] FMCB
[08:08:48] [25/459] BBTC
[08:08:49] [26/459] NTHS
[08:08:50] [27/459] PKKJ
[08:08:51] [28/459] MTJA
[08:08:52] [29/459] PMSJ
[08:08:53] [30/459] JMJU
[08:08:54] [31/459] SRAD
[08:08:54] 🔄 Identity reset
[08:08:54] 🔄 Identity rotated (every 10 requests)
[08:08:54] 🔄 Retry 1/5 for SRAD in 2.5s
[08:08:54] 🔄 Identity reset
[08:08:57] 🧠 New identity created
[08:08:57] [32/459] MJMC
[08:08:58] [33/459] DFRM
[08:08:59] [34/459] PMRS
[08:09:00] [35/459] RKPP
[08:09:00] [36/459] BMBK
[08:09:01] [37/459] NEWS
[08:09:02] [38/459] SALB
[08:09:03] [39/459] SCPW
[08:09:04] [40/459] RAYL
[08:09:05] 🔄 Identity reset
[08:09:05] 🔄 Identity rotated (every 10 requests)
[08:09:05] [41/459] CMGJ
[08:09:06] [42/459] JRCR
[08:09:07] [43/459] SRTB
[08:09:08] [44/459] ETPB
[08:09:09] [45/459] MXBN
[08:09:10] [46/459] TOPE
[08:09:11] [47/459] SNLJ
[08:09:11] [48/459] CDDP
[08:09:12] [49/459] APCX
[08:09:13] [50/459] TALP
[08:09:13] 🔄 Identity reset
[08:09:13] 🔄 Identity rotated (every 10 requests)
[08:09:14] [51/459] RRMP
[08:09:15] [52/459] MAHB
[08:09:16] [53/459] MTKR
[08:09:17] [54/459] KSKL
[08:09:17] [55/459] RJLT
[08:09:18] [56/459] ATAS
[08:09:20] [57/459] AMHR
[08:09:21] [58/459] RSRM
[08:09:22] [59/459] GCAT
[08:09:24] [60/459] SMML
[08:09:25] 🔄 Identity reset
[08:09:25] 🔄 Identity rotated (every 10 requests)
[08:09:25] 🔄 Retry 1/5 for SMML in 2.4s
[08:09:25] 🔄 Identity reset
[08:09:27] 🧠 New identity created
[08:09:27] 🔄 Retry 2/5 for SMML in 4.2s
[08:09:27] 🔄 Identity reset
[08:09:31] 🧠 New identity created
[08:09:31] 🔄 Retry 3/5 for SMML in 8.3s
[08:09:31] 🔄 Identity reset
[08:09:40] 🧠 New identity created
[08:09:40] [61/459] ACCD
[08:09:41] [62/459] VYDA
[08:09:42] [63/459] MSKT
[08:09:43] [64/459] AVDM
[08:09:43] [65/459] ASMH
[08:09:44] [66/459] VTMB
[08:09:45] [67/459] WVMB
[08:09:46] 🔄 Identity reset
[08:09:46] 🔄 Identity rotated (every 10 requests)
[08:09:47] [68/459] PPMN
[08:09:48] [69/459] MTMD
[08:09:49] [70/459] SMMO
[08:09:50] [71/459] DLPB
[08:09:51] [72/459] AKMD
[08:09:51] [73/459] SHRR
[08:09:52] [74/459] ASCO
[08:09:53] [75/459] CZVX
[08:09:54] [76/459] GCBB
[08:09:55] [77/459] ATBM
[08:09:55] 🔄 Identity reset
[08:09:55] 🔄 Identity rotated (every 10 requests)
[08:09:55] 🔄 Retry 1/5 for ATBM in 2.4s
[08:09:55] 🔄 Identity reset
[08:09:58] 🧠 New identity created
[08:09:58] 🔄 Retry 2/5 for ATBM in 4.8s
[08:09:58] 🔄 Identity reset
[08:10:03] 🧠 New identity created
[08:10:04] [78/459] TCGM
[08:10:05] [79/459] UMSE
[08:10:06] [80/459] NKCL
[08:10:06] [81/459] BTLR
[08:10:07] [82/459] GOCL
[08:10:08] [83/459] MIRN
[08:10:09] [84/459] THEC
[08:10:10] [85/459] SPPB
[08:10:10] 🔄 Identity reset
[08:10:11] 🔄 Identity rotated (every 10 requests)
[08:10:11] [86/459] PMMM
[08:10:12] [87/459] GGMC
[08:10:14] [88/459] AVSR
[08:10:15] [89/459] RDMH
[08:10:15] [90/459] JSRS
[08:10:16] [91/459] VKGP
[08:10:17] [92/459] ACRT
[08:10:19] [93/459] GCBA
[08:10:20] [94/459] GTCP
[08:10:21] [95/459] AKFC
[08:10:21] 🔄 Identity reset
[08:10:21] 🔄 Identity rotated (every 10 requests)
[08:10:22] [96/459] INCS
[08:10:23] [97/459] SMCK
[08:10:24] [98/459] BRUN
[08:10:25] [99/459] RPPC
[08:10:25] [100/459] PAYD
[08:10:27] [101/459] SVVT
[08:10:28] [102/459] RNCC
[08:10:29] [103/459] PCRC
[08:10:30] [104/459] PMRM
[08:10:30] [105/459] CCRP
[08:10:31] 🔄 Identity reset
[08:10:31] 🔄 Identity rotated (every 10 requests)
[08:10:32] [106/459] INCR
[08:10:33] [107/459] ZTMP
[08:10:34] [108/459] MCNR
[08:10:35] [109/459] INRP
[08:10:36] [110/459] STRC
[08:10:37] [111/459] RATI
[08:10:38] [112/459] PBTR
[08:10:39] [113/459] CMHP
[08:10:40] [114/459] ZECJ
[08:10:41] [115/459] CCCB
[08:10:41] 🔄 Identity reset
[08:10:41] 🔄 Identity rotated (every 10 requests)
[08:10:41] [116/459] BWCB
[08:10:42] [117/459] CCAT
[08:10:43] [118/459] KGCM
[08:10:45] [119/459] INPT
[08:10:46] [120/459] FNCO
[08:10:47] [121/459] SRMJ
[08:10:48] [122/459] PFSC
[08:10:49] [123/459] PBMC
[08:10:50] [124/459] KARP
[08:10:52] [125/459] KOVI
[08:10:52] 🔄 Identity reset
[08:10:52] 🔄 Identity rotated (every 10 requests)
[08:10:53] [126/459] ACXL
[08:10:54] [127/459] GKCC
[08:10:54] [128/459] ASCC
[08:10:55] [129/459] SETC
[08:10:57] [130/459] KACC
[08:10:58] [131/459] KAVE
[08:10:59] [132/459] CNTC
[08:11:00] [133/459] MEEN
[08:11:01] [134/459] BMRV
[08:11:02] [135/459] SVAM
[08:11:02] 🔄 Identity reset
[08:11:02] 🔄 Identity rotated (every 10 requests)
[08:11:03] [136/459] VTBP
[08:11:04] [137/459] VCKN
[08:11:05] [138/459] SGTK
[08:11:05] [139/459] RCGS
[08:11:06] [140/459] RCCB
[08:11:07] [141/459] RKSR
[08:11:08] [142/459] RKCU
[08:11:09] [143/459] GIBH
[08:11:10] [144/459] CXBS
[08:11:10] [145/459] GGCB
[08:11:11] 🔄 Identity reset
[08:11:11] 🔄 Identity rotated (every 10 requests)
[08:11:11] 🔄 Retry 1/5 for GGCB in 2.7s
[08:11:11] 🔄 Identity reset
[08:11:14] 🧠 New identity created
[08:11:14] 🔄 Retry 2/5 for GGCB in 4.1s
[08:11:14] 🔄 Identity reset
[08:11:18] 🧠 New identity created
[08:11:18] [146/459] SCPB
[08:11:19] [147/459] AKTB
[08:11:20] [148/459] SRBU
[08:11:21] [149/459] CSSA
[08:11:22] [150/459] MYAN
[08:11:23] [151/459] EXCA
[08:11:24] [152/459] CKSA
[08:11:25] [153/459] JTNM
[08:11:25] 🔄 Identity reset
[08:11:26] 🔄 Identity rotated (every 10 requests)
[08:11:26] 🔄 Retry 1/5 for JTNM in 2.9s
[08:11:26] 🔄 Identity reset
[08:11:28] 🧠 New identity created
[08:11:29] [154/459] CXKT
[08:11:30] [155/459] NCLM
[08:11:31] [156/459] JAAD
[08:11:32] [157/459] RDCR
[08:11:33] [158/459] MEER
[08:11:34] [159/459] SIBT
[08:11:35] [160/459] PVVB
[08:11:35] [161/459] FNPN
[08:11:36] [162/459] CRPX
[08:11:37] 🔄 Identity reset
[08:11:37] 🔄 Identity rotated (every 10 requests)
[08:11:37] 🔄 Retry 1/5 for CRPX in 2.3s
[08:11:37] 🔄 Identity reset
[08:11:39] 🧠 New identity created
[08:11:40] [163/459] STET
[08:11:41] [164/459] METE
[08:11:42] [165/459] BJML
[08:11:42] [166/459] MAVT
[08:11:43] [167/459] MSRM
[08:11:44] [168/459] TJMP
[08:11:45] [169/459] MHCK
[08:11:46] [170/459] SVGP
[08:11:47] [171/459] KRRC
[08:11:48] 🔄 Identity reset
[08:11:48] 🔄 Identity rotated (every 10 requests)
[08:11:48] [172/459] IMCH
[08:11:49] [173/459] CMCS
[08:11:49] [174/459] SGND
[08:11:50] [175/459] RNAT
[08:11:51] [176/459] PRTN
[08:11:52] [177/459] MPTN
[08:11:53] [178/459] ARCC
[08:11:54] [179/459] NTTE
[08:11:55] [180/459] ABND
[08:11:56] [181/459] KCSN
[08:11:57] 🔄 Identity reset
[08:11:57] 🔄 Identity rotated (every 10 requests)
[08:11:57] [182/459] KCSA
[08:11:58] [183/459] DCKT
[08:11:59] [184/459] MBBR
[08:12:00] [185/459] RAMU
[08:12:01] [186/459] RACW
[08:12:02] [187/459] MCHP
[08:12:03] [188/459] TMHM
[08:12:03] [189/459] STXH
[08:12:04] [190/459] AGSG
[08:12:06] [191/459] SIRA
[08:12:06] 🔄 Identity reset
[08:12:06] 🔄 Identity rotated (every 10 requests)
[08:12:07] [192/459] RCAN
[08:12:08] [193/459] CWTB
[08:12:09] [194/459] VTYM
[08:12:10] [195/459] RRPP
[08:12:11] [196/459] ASMR
[08:12:12] [197/459] RONO
[08:12:13] [198/459] MEMR
[08:12:14] [199/459] CTMR
[08:12:15] [200/459] PMTT
[08:12:16] [201/459] PSLX
[08:12:16] 🔄 Identity reset
[08:12:16] 🔄 Identity rotated (every 10 requests)
[08:12:17] [202/459] IPPL
[08:12:18] [203/459] MMSG
[08:12:18] [204/459] INEL
[08:12:19] [205/459] COAC
[08:12:20] [206/459] WVLK
[08:12:21] [207/459] PPXL
[08:12:22] [208/459] PSML
[08:12:23] [209/459] FNLK
[08:12:24] [210/459] ILUM
[08:12:25] [211/459] ILCM
[08:12:26] 🔄 Identity reset
[08:12:26] 🔄 Identity rotated (every 10 requests)
[08:12:26] [212/459] MSNL
[08:12:27] [213/459] VINB
[08:12:28] [214/459] SALW
[08:12:29] [215/459] PRTB
[08:12:30] [216/459] NCIL
[08:12:30] [217/459] PSUL
[08:12:31] [218/459] SCLK
[08:12:32] [219/459] ADDC
[08:12:33] [220/459] OACL
[08:12:34] [221/459] OOCF
[08:12:35] 🔄 Identity reset
[08:12:35] 🔄 Identity rotated (every 10 requests)
[08:12:35] 🔄 Retry 1/5 for OOCF in 2.3s
[08:12:35] 🔄 Identity reset
[08:12:37] 🧠 New identity created
[08:12:38] [222/459] GPMF
[08:12:39] [223/459] SSDG
[08:12:39] [224/459] SKRS
[08:12:40] [225/459] NTTP
[08:12:41] [226/459] SLTP
[08:12:42] [227/459] JTLC
[08:12:43] [228/459] POON
[08:12:44] [229/459] CCPC
[08:12:45] [230/459] DCKC
[08:12:45] 🔄 Identity reset
[08:12:45] 🔄 Identity rotated (every 10 requests)
[08:12:46] [231/459] CPRT
[08:12:47] [232/459] EYHZ
[08:12:47] [233/459] ARBL
[08:12:48] [234/459] SBTB
[08:12:49] [235/459] MMCK
[08:12:51] [236/459] PLMR
[08:12:52] [237/459] BIJH
[08:12:53] [238/459] SDRT
[08:12:54] [239/459] PRDC
[08:12:55] [240/459] OMJA
[08:12:56] 🔄 Identity reset
[08:12:56] 🔄 Identity rotated (every 10 requests)
[08:12:56] 🔄 Retry 1/5 for OMJA in 2.3s
[08:12:56] 🔄 Identity reset
[08:12:58] 🧠 New identity created
[08:12:58] [241/459] VKCR
[08:12:59] [242/459] ATRT
[08:13:00] [243/459] WVRP
[08:13:01] [244/459] MVRP
[08:13:02] [245/459] FCAX
[08:13:03] [246/459] CTLC
[08:13:03] [247/459] JCHB
[08:13:04] [248/459] SELP
[08:13:05] [249/459] VCPG
[08:13:06] 🔄 Identity reset
[08:13:06] 🔄 Identity rotated (every 10 requests)
[08:13:06] 🔄 Retry 1/5 for VCPG in 2.5s
[08:13:06] 🔄 Identity reset
[08:13:08] 🧠 New identity created
[08:13:09] [250/459] ASCX
[08:13:10] [251/459] EOCS
[08:13:11] [252/459] RCPH
[08:13:12] [253/459] RJTM
[08:13:13] [254/459] SGMD
[08:13:13] [255/459] SVJT
[08:13:14] [256/459] SPPO
[08:13:15] [257/459] MNRL
[08:13:16] [258/459] KNOX
[08:13:17] 🔄 Identity reset
[08:13:17] 🔄 Identity rotated (every 10 requests)
[08:13:17] [259/459] GIER
[08:13:18] [260/459] PJMS
[08:13:19] [261/459] UNSP
[08:13:20] [262/459] JETP
[08:13:21] [263/459] VTWA
[08:13:22] [264/459] SCJI
[08:13:24] [265/459] CBZZ
[08:13:25] [266/459] SDCJ
[08:13:25] [267/459] RRCC
[08:13:26] [268/459] VNKG
[08:13:27] 🔄 Identity reset
[08:13:27] 🔄 Identity rotated (every 10 requests)
[08:13:27] [269/459] LKTO
[08:13:28] [270/459] PJRM
[08:13:29] [271/459] NVRM
[08:13:30] [272/459] SJCS
[08:13:31] [273/459] VIGK
[08:13:32] [274/459] ANST
[08:13:33] [275/459] JTTS
[08:13:34] [276/459] NTST
[08:13:35] [277/459] PREB
[08:13:36] [278/459] TSCZ
[08:13:36] 🔄 Identity reset
[08:13:36] 🔄 Identity rotated (every 10 requests)
[08:13:36] 🔄 Retry 1/5 for TSCZ in 2.3s
[08:13:36] 🔄 Identity reset
[08:13:39] 🧠 New identity created
[08:13:39] 🔄 Retry 2/5 for TSCZ in 4.3s
[08:13:39] 🔄 Identity reset
[08:13:43] 🧠 New identity created
[08:13:43] [279/459] CDCM
[08:13:45] [280/459] ELYE
[08:13:46] [281/459] INBS
[08:13:46] [282/459] SMGC
[08:13:47] [283/459] UTMP
[08:13:48] [284/459] INTA
[08:13:49] [285/459] OMPT
[08:13:50] [286/459] SCIR
[08:13:51] 🔄 Identity reset
[08:13:51] 🔄 Identity rotated (every 10 requests)
[08:13:51] [287/459] GCKJ
[08:13:52] [288/459] INOG
[08:13:53] [289/459] SMGB
[08:13:54] [290/459] MCSG
[08:13:54] [291/459] STKG
[08:13:55] [292/459] TTKG
[08:13:56] [293/459] SRTR
[08:13:57] [294/459] ETTR
[08:13:58] [295/459] GGGZ
[08:13:59] [296/459] IPGM
[08:14:00] 🔄 Identity reset
[08:14:00] 🔄 Identity rotated (every 10 requests)
[08:14:00] [297/459] FCDH
[08:14:01] [298/459] DESB
[08:14:02] [299/459] VNTP
[08:14:03] [300/459] ANNT
[08:14:04] [301/459] SLTI
[08:14:05] [302/459] MAJU
[08:14:05] [303/459] JCXP
[08:14:06] [304/459] HARK
[08:14:07] [305/459] JPCJ
[08:14:08] [306/459] RXBD
[08:14:09] 🔄 Identity reset
[08:14:09] 🔄 Identity rotated (every 10 requests)
[08:14:09] [307/459] PTKJ
[08:14:10] [308/459] CMTU
[08:14:11] [309/459] SWOR
[08:14:12] [310/459] JMEX
[08:14:13] [311/459] DTPT
[08:14:14] [312/459] VGMM
[08:14:16] [313/459] VCSG
[08:14:17] [314/459] CVCG
[08:14:18] [315/459] TNTT
[08:14:19] [316/459] SHRM
[08:14:19] 🔄 Identity reset
[08:14:19] 🔄 Identity rotated (every 10 requests)
[08:14:20] [317/459] CGKD
[08:14:21] [318/459] EKCM
[08:14:21] [319/459] SDCX
[08:14:22] [320/459] SBTE
[08:14:23] [321/459] STKJ
[08:14:24] [322/459] TPCE
[08:14:25] [323/459] JTNP
[08:14:25] [324/459] LPCH
[08:14:26] [325/459] CPUO
[08:14:27] [326/459] APSU
[08:14:28] 🔄 Identity reset
[08:14:28] 🔄 Identity rotated (every 10 requests)
[08:14:29] [327/459] RTHC
[08:14:31] [328/459] PTBU
[08:14:31] [329/459] CUCC
[08:14:32] [330/459] CPSA
[08:14:33] [331/459] SUAY
[08:14:34] [332/459] AYAA
[08:14:36] [333/459] MUCH
[08:14:36] [334/459] PCIN
[08:14:37] [335/459] JRRM
[08:14:38] [336/459] KATS
[08:14:39] 🔄 Identity reset
[08:14:39] 🔄 Identity rotated (every 10 requests)
[08:14:39] 🔄 Retry 1/5 for KATS in 2.6s
[08:14:39] 🔄 Identity reset
[08:14:41] 🧠 New identity created
[08:14:42] [337/459] MHFF
[08:14:42] [338/459] ESYM
[08:14:43] [339/459] STYV
[08:14:44] [340/459] SDKG
[08:14:45] [341/459] SMTI
[08:14:46] [342/459] NYCS
[08:14:47] [343/459] MTBG
[08:14:48] [344/459] RHCA
[08:14:49] [345/459] PCKH
[08:14:49] 🔄 Identity reset
[08:14:49] 🔄 Identity rotated (every 10 requests)
[08:14:49] 🔄 Retry 1/5 for PCKH in 2.2s
[08:14:49] 🔄 Identity reset
[08:14:52] 🧠 New identity created
[08:14:52] [346/459] ARCR
[08:14:53] [347/459] NCMB
[08:14:54] [348/459] SHYC
[08:14:55] [349/459] LACK
[08:14:55] [350/459] MTCM
[08:14:56] [351/459] RRBN
[08:14:57] [352/459] MYDC
[08:14:58] [353/459] STCS
[08:14:59] [354/459] CONN
[08:14:59] 🔄 Identity reset
[08:15:00] 🔄 Identity rotated (every 10 requests)
[08:15:00] [355/459] SIPS
[08:15:01] [356/459] SMMX
[08:15:02] [357/459] SCBY
[08:15:02] [358/459] SUAP
[08:15:03] [359/459] RSMK
[08:15:04] [360/459] STKP
[08:15:05] [361/459] CIPC
[08:15:06] [362/459] KKCI
[08:15:07] [363/459] CTNK
[08:15:08] [364/459] MMTZ
[08:15:08] 🔄 Identity reset
[08:15:08] 🔄 Identity rotated (every 10 requests)
[08:15:09] [365/459] DCCO
[08:15:10] [366/459] VNMN
[08:15:11] [367/459] RLCN
[08:15:11] [368/459] CMMS
[08:15:12] [369/459] AYOU
[08:15:14] [370/459] SSCN
[08:15:15] [371/459] SMXN
[08:15:17] [372/459] ASSK
[08:15:18] [373/459] VCKM
[08:15:19] [374/459] PCPH
[08:15:19] 🔄 Identity reset
[08:15:19] 🔄 Identity rotated (every 10 requests)
[08:15:19] [375/459] PADM
[08:15:20] [376/459] IESA
[08:15:21] [377/459] VCSP
[08:15:22] [378/459] AEST
[08:15:23] [379/459] VTNR
[08:15:24] [380/459] GTTA
[08:15:25] [381/459] CMMM
[08:15:25] [382/459] AHKT
[08:15:26] [383/459] SIJI
[08:15:27] [384/459] VCEI
[08:15:28] 🔄 Identity reset
[08:15:28] 🔄 Identity rotated (every 10 requests)
[08:15:28] 🔄 Retry 1/5 for VCEI in 3.0s
[08:15:28] 🔄 Identity reset
[08:15:31] 🧠 New identity created
[08:15:31] 🔄 Retry 2/5 for VCEI in 4.9s
[08:15:31] 🔄 Identity reset
[08:15:36] 🧠 New identity created
[08:15:36] [385/459] SAKR
[08:15:37] [386/459] VSMT
[08:15:38] [387/459] SSCT
[08:15:39] [388/459] USTR
[08:15:40] [389/459] MTKT
[08:15:41] [390/459] TGMP
[08:15:43] [391/459] SIVC
[08:15:44] [392/459] KICT
[08:15:44] 🔄 Identity reset
[08:15:44] 🔄 Identity rotated (every 10 requests)
[08:15:45] [393/459] DAMD
[08:15:45] [394/459] CNPT
[08:15:46] [395/459] RVTT
[08:15:47] [396/459] SNCM
[08:15:48] [397/459] GHTE
[08:15:49] [398/459] PPAM
[08:15:50] [399/459] PVAA
[08:15:51] [400/459] CPAO
[08:15:52] [401/459] HAMD
[08:15:53] [402/459] RCCA
[08:15:53] 🔄 Identity reset
[08:15:53] 🔄 Identity rotated (every 10 requests)
[08:15:54] [403/459] MPCH
[08:15:55] [404/459] ARED
[08:15:56] [405/459] RRCV
[08:15:57] [406/459] MTRB
[08:15:58] [407/459] CKUA
[08:15:59] [408/459] ABMP
[08:15:59] [409/459] RCWA
[08:16:00] [410/459] CGAR
[08:16:01] [411/459] METH
[08:16:02] [412/459] WAGA
[08:16:03] 🔄 Identity reset
[08:16:03] 🔄 Identity rotated (every 10 requests)
[08:16:03] [413/459] MCMA
[08:16:04] [414/459] CSMP
[08:16:05] [415/459] RCNK
[08:16:06] [416/459] PSTM
[08:16:07] [417/459] CSEP
[08:16:08] [418/459] AMGD
[08:16:09] [419/459] CSTE
[08:16:10] [420/459] CONS
[08:16:11] [421/459] APPX
[08:16:11] [422/459] MABC
[08:16:12] 🔄 Identity reset
[08:16:12] 🔄 Identity rotated (every 10 requests)
[08:16:12] 🔄 Retry 1/5 for MABC in 2.0s
[08:16:12] 🔄 Identity reset
[08:16:14] 🧠 New identity created
[08:16:14] [423/459] CXST
[08:16:15] [424/459] MATN
[08:16:16] [425/459] MACZ
[08:16:17] [426/459] MASA
[08:16:18] [427/459] MBSX
[08:16:19] [428/459] CSST
[08:16:20] [429/459] APCL
[08:16:21] [430/459] CGOS
[08:16:22] [431/459] CPEC
[08:16:23] 🔄 Identity reset
[08:16:23] 🔄 Identity rotated (every 10 requests)
[08:16:23] [432/459] MCCP
[08:16:24] [433/459] BSSO
[08:16:25] [434/459] SJKA
[08:16:26] [435/459] CGBO
[08:16:27] [436/459] MVSK
[08:16:28] [437/459] HVCA
[08:16:29] [438/459] NAMD
[08:16:30] [439/459] DEVI
[08:16:31] [440/459] SCSV
[08:16:32] [441/459] PSMA
[08:16:33] 🔄 Identity reset
[08:16:33] 🔄 Identity rotated (every 10 requests)
[08:16:33] [442/459] CLDJ
[08:16:34] [443/459] NMAD
[08:16:35] [444/459] CGMO
[08:16:36] [445/459] MCNA
[08:16:37] [446/459] OCBN
[08:16:39] [447/459] CPEM
[08:16:40] [448/459] CPSM
[08:16:41] [449/459] RCAD
[08:16:42] [450/459] CPMU
[08:16:43] [451/459] DICD
[08:16:43] 🔄 Identity reset
[08:16:43] 🔄 Identity rotated (every 10 requests)
[08:16:43] 🔄 Retry 1/5 for DICD in 2.8s
[08:16:43] 🔄 Identity reset
[08:16:46] 🧠 New identity created
[08:16:47] [452/459] CHOE
[08:16:47] [453/459] PDJM
[08:16:48] [454/459] SSTU
[08:16:49] [455/459] VNRN
[08:16:50] [456/459] PVLG
[08:16:51] [457/459] SWBL
[08:16:52] [458/459] SCAB
[08:16:53] [459/459] RDDA
[08:16:54] ✅ DONE | Shows=823 | Movies=45
[08:32:51] 🚀 BMS DAILY TRACKER STARTED (enhanced anti‑detection)
[08:32:51] [1/459] MCCZ
[08:32:51] 🧠 New identity created
[08:32:52] [2/459] FRPU
[08:32:52] [3/459] SKSI
[08:32:53] [4/459] SSCK
[08:32:54] [5/459] SRDC
[08:32:54] [6/459] RSCZ
[08:32:55] [7/459] PRVT
[08:32:55] [8/459] GAGJ
[08:32:56] [9/459] SMHG
[08:32:57] [10/459] JTST
[08:32:57] 🔄 Identity reset
[08:32:57] 🔄 Identity rotated (every 10 requests)
[08:32:57] [11/459] MYTH
[08:32:58] [12/459] JPCC
[08:32:59] [13/459] ACDC
[08:33:00] [14/459] SVFP
[08:33:00] [15/459] SFCM
[08:33:01] [16/459] RUPK
[08:33:02] [17/459] NTCR
[08:33:02] [18/459] RTCH
[08:33:03] [19/459] SCMH
[08:33:03] [20/459] SVYM
[08:33:04] 🔄 Identity reset
[08:33:04] 🔄 Identity rotated (every 10 requests)
[08:33:04] [21/459] SPYM
[08:33:05] [22/459] SMMF
[08:33:06] [23/459] CLLB
[08:33:06] [24/459] FMCB
[08:33:07] [25/459] BBTC
[08:33:08] [26/459] NTHS
[08:33:08] [27/459] PKKJ
[08:33:09] [28/459] MTJA
[08:33:10] [29/459] PMSJ
[08:33:10] [30/459] JMJU
[08:33:11] 🔄 Identity reset
[08:33:11] 🔄 Identity rotated (every 10 requests)
[08:33:11] 🔄 Retry 1/5 for JMJU in 2.6s
[08:33:11] 🔄 Identity reset
[08:33:14] 🧠 New identity created
[08:33:14] 🔄 Retry 2/5 for JMJU in 4.4s
[08:33:14] 🔄 Identity reset
[08:33:18] 🧠 New identity created
[08:33:19] [31/459] SRAD
[08:33:19] [32/459] MJMC
[08:33:20] [33/459] DFRM
[08:33:20] [34/459] PMRS
[08:33:21] [35/459] RKPP
[08:33:22] [36/459] BMBK
[08:33:22] [37/459] NEWS
[08:33:23] [38/459] SALB
[08:33:24] 🔄 Identity reset
[08:33:24] 🔄 Identity rotated (every 10 requests)
[08:33:24] [39/459] SCPW
[08:33:24] [40/459] RAYL
[08:33:25] [41/459] CMGJ
[08:33:26] [42/459] JRCR
[08:33:27] [43/459] SRTB
[08:33:27] [44/459] ETPB
[08:33:28] [45/459] MXBN
[08:33:29] [46/459] TOPE
[08:33:29] [47/459] SNLJ
[08:33:30] [48/459] CDDP
[08:33:30] 🔄 Identity reset
[08:33:30] 🔄 Identity rotated (every 10 requests)
[08:33:31] [49/459] APCX
[08:33:31] [50/459] TALP
[08:33:32] [51/459] RRMP
[08:33:32] [52/459] MAHB
[08:33:33] [53/459] MTKR
[08:33:34] [54/459] KSKL
[08:33:35] [55/459] RJLT
[08:33:35] [56/459] ATAS
[08:33:36] [57/459] AMHR
[08:33:37] [58/459] RSRM
[08:33:37] 🔄 Identity reset
[08:33:37] 🔄 Identity rotated (every 10 requests)
[08:33:37] [59/459] GCAT
[08:33:38] [60/459] SMML
[08:33:39] [61/459] ACCD
[08:33:39] [62/459] VYDA
[08:33:40] [63/459] MSKT
[08:33:41] [64/459] AVDM
[08:33:42] [65/459] ASMH
[08:33:42] [66/459] VTMB
[08:33:43] [67/459] WVMB
[08:33:44] [68/459] PPMN
[08:33:44] 🔄 Identity reset
[08:33:44] 🔄 Identity rotated (every 10 requests)
[08:33:44] 🔄 Retry 1/5 for PPMN in 2.9s
[08:33:44] 🔄 Identity reset
[08:33:47] 🧠 New identity created
[08:33:47] [69/459] MTMD
[08:33:48] [70/459] SMMO
[08:33:49] [71/459] DLPB
[08:33:49] [72/459] AKMD
[08:33:50] [73/459] SHRR
[08:33:51] [74/459] ASCO
[08:33:52] [75/459] CZVX
[08:33:53] [76/459] GCBB
[08:33:53] [77/459] ATBM
[08:33:54] 🔄 Identity reset
[08:33:54] 🔄 Identity rotated (every 10 requests)
[08:33:54] [78/459] TCGM
[08:33:55] [79/459] UMSE
[08:33:55] [80/459] NKCL
[08:33:56] [81/459] BTLR
[08:33:57] [82/459] GOCL
[08:33:57] [83/459] MIRN
[08:33:58] [84/459] THEC
[08:33:59] [85/459] SPPB
[08:34:00] [86/459] PMMM
[08:34:00] [87/459] GGMC
[08:34:01] 🔄 Identity reset
[08:34:01] 🔄 Identity rotated (every 10 requests)
[08:34:01] [88/459] AVSR
[08:34:02] [89/459] RDMH
[08:34:03] [90/459] JSRS
[08:34:03] [91/459] VKGP
[08:34:04] [92/459] ACRT
[08:34:04] [93/459] GCBA
[08:34:05] [94/459] GTCP
[08:34:06] [95/459] AKFC
[08:34:06] [96/459] INCS
[08:34:07] [97/459] SMCK
[08:34:08] 🔄 Identity reset
[08:34:08] 🔄 Identity rotated (every 10 requests)
[08:34:08] [98/459] BRUN
[08:34:09] [99/459] RPPC
[08:34:09] [100/459] PAYD
[08:34:11] [101/459] SVVT
[08:34:12] [102/459] RNCC
[08:34:12] [103/459] PCRC
[08:34:13] [104/459] PMRM
[08:34:15] [105/459] CCRP
[08:34:16] [106/459] INCR
[08:34:16] [107/459] ZTMP
[08:34:17] 🔄 Identity reset
[08:34:17] 🔄 Identity rotated (every 10 requests)
[08:34:17] [108/459] MCNR
[08:34:18] [109/459] INRP
[08:34:18] [110/459] STRC
[08:34:19] [111/459] RATI
[08:34:20] [112/459] PBTR
[08:34:21] [113/459] CMHP
[08:34:21] [114/459] ZECJ
[08:34:22] [115/459] CCCB
[08:34:22] [116/459] BWCB
[08:34:23] [117/459] CCAT
[08:34:24] 🔄 Identity reset
[08:34:24] 🔄 Identity rotated (every 10 requests)
[08:34:24] [118/459] KGCM
[08:34:25] [119/459] INPT
[08:34:25] [120/459] FNCO
[08:34:26] [121/459] SRMJ
[08:34:27] [122/459] PFSC
[08:34:28] [123/459] PBMC
[08:34:28] [124/459] KARP
[08:34:29] [125/459] KOVI
[08:34:30] [126/459] ACXL
[08:34:30] [127/459] GKCC
[08:34:31] 🔄 Identity reset
[08:34:31] 🔄 Identity rotated (every 10 requests)
[08:34:31] [128/459] ASCC
[08:34:32] [129/459] SETC
[08:34:32] [130/459] KACC
[08:34:33] [131/459] KAVE
[08:34:33] [132/459] CNTC
[08:34:34] [133/459] MEEN
[08:34:35] [134/459] BMRV
[08:34:35] [135/459] SVAM
[08:34:36] [136/459] VTBP
[08:34:36] [137/459] VCKN
[08:34:37] 🔄 Identity reset
[08:34:37] 🔄 Identity rotated (every 10 requests)
[08:34:37] [138/459] SGTK
[08:34:38] [139/459] RCGS
[08:34:39] [140/459] RCCB
[08:34:40] [141/459] RKSR
[08:34:41] [142/459] RKCU
[08:34:42] [143/459] GIBH
[08:34:43] [144/459] CXBS
[08:34:43] [145/459] GGCB
[08:34:44] [146/459] SCPB
[08:34:45] [147/459] AKTB
[08:34:45] 🔄 Identity reset
[08:34:45] 🔄 Identity rotated (every 10 requests)
[08:34:45] [148/459] SRBU
[08:34:46] [149/459] CSSA
[08:34:47] [150/459] MYAN
[08:34:47] [151/459] EXCA
[08:34:48] [152/459] CKSA
[08:34:49] [153/459] JTNM
[08:34:49] [154/459] CXKT
[08:34:50] [155/459] NCLM
[08:34:51] [156/459] JAAD
[08:34:52] [157/459] RDCR
[08:34:52] 🔄 Identity reset
[08:34:52] 🔄 Identity rotated (every 10 requests)
[08:34:52] [158/459] MEER
[08:34:53] [159/459] SIBT
[08:34:54] [160/459] PVVB
[08:34:55] [161/459] FNPN
[08:34:56] [162/459] CRPX
[08:34:57] [163/459] STET
[08:34:57] [164/459] METE
[08:34:58] [165/459] BJML
[08:34:59] [166/459] MAVT
[08:35:00] [167/459] MSRM
[08:35:00] 🔄 Identity reset
[08:35:00] 🔄 Identity rotated (every 10 requests)
[08:35:00] [168/459] TJMP
[08:35:01] [169/459] MHCK
[08:35:02] [170/459] SVGP
[08:35:02] [171/459] KRRC
[08:35:03] [172/459] IMCH
[08:35:04] [173/459] CMCS
[08:35:04] [174/459] SGND
[08:35:05] [175/459] RNAT
[08:35:06] [176/459] PRTN
[08:35:06] [177/459] MPTN
[08:35:07] 🔄 Identity reset
[08:35:07] 🔄 Identity rotated (every 10 requests)
[08:35:07] [178/459] ARCC
[08:35:08] [179/459] NTTE
[08:35:08] [180/459] ABND
[08:35:09] [181/459] KCSN
[08:35:10] [182/459] KCSA
[08:35:10] [183/459] DCKT
[08:35:11] [184/459] MBBR
[08:35:12] [185/459] RAMU
[08:35:12] [186/459] RACW
[08:35:13] [187/459] MCHP
[08:35:14] 🔄 Identity reset
[08:35:14] 🔄 Identity rotated (every 10 requests)
[08:35:14] [188/459] TMHM
[08:35:14] [189/459] STXH
[08:35:15] [190/459] AGSG
[08:35:16] [191/459] SIRA
[08:35:16] [192/459] RCAN
[08:35:17] [193/459] CWTB
[08:35:18] [194/459] VTYM
[08:35:19] [195/459] RRPP
[08:35:19] [196/459] ASMR
[08:35:20] [197/459] RONO
[08:35:21] 🔄 Identity reset
[08:35:21] 🔄 Identity rotated (every 10 requests)
[08:35:21] [198/459] MEMR
[08:35:22] [199/459] CTMR
[08:35:22] [200/459] PMTT
[08:35:23] [201/459] PSLX
[08:35:24] [202/459] IPPL
[08:35:24] [203/459] MMSG
[08:35:25] [204/459] INEL
[08:35:26] [205/459] COAC
[08:35:26] [206/459] WVLK
[08:35:27] [207/459] PPXL
[08:35:28] 🔄 Identity reset
[08:35:28] 🔄 Identity rotated (every 10 requests)
[08:35:28] [208/459] PSML
[08:35:29] [209/459] FNLK
[08:35:29] [210/459] ILUM
[08:35:30] [211/459] ILCM
[08:35:31] [212/459] MSNL
[08:35:31] [213/459] VINB
[08:35:32] [214/459] SALW
[08:35:33] [215/459] PRTB
[08:35:34] [216/459] NCIL
[08:35:35] [217/459] PSUL
[08:35:35] 🔄 Identity reset
[08:35:35] 🔄 Identity rotated (every 10 requests)
[08:35:35] [218/459] SCLK
[08:35:37] [219/459] ADDC
[08:35:38] [220/459] OACL
[08:35:39] [221/459] OOCF
[08:35:39] [222/459] GPMF
[08:35:40] [223/459] SSDG
[08:35:41] [224/459] SKRS
[08:35:42] [225/459] NTTP
[08:35:42] [226/459] SLTP
[08:35:43] [227/459] JTLC
[08:35:44] 🔄 Identity reset
[08:35:44] 🔄 Identity rotated (every 10 requests)
[08:35:44] 🔄 Retry 1/5 for JTLC in 2.1s
[08:35:44] 🔄 Identity reset
[08:35:46] 🧠 New identity created
[08:35:46] [228/459] POON
[08:35:47] [229/459] CCPC
[08:35:48] [230/459] DCKC
[08:35:48] [231/459] CPRT
[08:35:49] [232/459] EYHZ
[08:35:50] [233/459] ARBL
[08:35:50] [234/459] SBTB
[08:35:51] [235/459] MMCK
[08:35:52] [236/459] PLMR
[08:35:53] 🔄 Identity reset
[08:35:53] 🔄 Identity rotated (every 10 requests)
[08:35:53] [237/459] BIJH
[08:35:53] [238/459] SDRT
[08:35:54] [239/459] PRDC
[08:35:55] [240/459] OMJA
[08:35:55] [241/459] VKCR
[08:35:56] [242/459] ATRT
[08:35:57] [243/459] WVRP
[08:35:57] [244/459] MVRP
[08:35:58] [245/459] FCAX
[08:35:58] [246/459] CTLC
[08:35:59] 🔄 Identity reset
[08:35:59] 🔄 Identity rotated (every 10 requests)
[08:35:59] [247/459] JCHB
[08:36:00] [248/459] SELP
[08:36:00] [249/459] VCPG
[08:36:01] [250/459] ASCX
[08:36:02] [251/459] EOCS
[08:36:02] [252/459] RCPH
[08:36:03] [253/459] RJTM
[08:36:04] [254/459] SGMD
[08:36:04] [255/459] SVJT
[08:36:05] [256/459] SPPO
[08:36:06] 🔄 Identity reset
[08:36:06] 🔄 Identity rotated (every 10 requests)
[08:36:06] [257/459] MNRL
[08:36:07] [258/459] KNOX
[08:36:08] [259/459] GIER
[08:36:08] [260/459] PJMS
[08:36:09] [261/459] UNSP
[08:36:10] [262/459] JETP
[08:36:10] [263/459] VTWA
[08:36:11] [264/459] SCJI
[08:36:11] [265/459] CBZZ
[08:36:12] [266/459] SDCJ
[08:36:13] 🔄 Identity reset
[08:36:13] 🔄 Identity rotated (every 10 requests)
[08:36:13] [267/459] RRCC
[08:36:13] [268/459] VNKG
[08:36:14] [269/459] LKTO
[08:36:15] [270/459] PJRM
[08:36:15] [271/459] NVRM
[08:36:16] [272/459] SJCS
[08:36:17] [273/459] VIGK
[08:36:17] [274/459] ANST
[08:36:18] [275/459] JTTS
[08:36:18] [276/459] NTST
[08:36:19] 🔄 Identity reset
[08:36:19] 🔄 Identity rotated (every 10 requests)
[08:36:19] [277/459] PREB
[08:36:20] [278/459] TSCZ
[08:36:21] [279/459] CDCM
[08:36:21] [280/459] ELYE
[08:36:22] [281/459] INBS
[08:36:22] [282/459] SMGC
[08:36:23] [283/459] UTMP
[08:36:24] [284/459] INTA
[08:36:25] [285/459] OMPT
[08:36:25] [286/459] SCIR
[08:36:26] 🔄 Identity reset
[08:36:26] 🔄 Identity rotated (every 10 requests)
[08:36:26] [287/459] GCKJ
[08:36:27] [288/459] INOG
[08:36:27] [289/459] SMGB
[08:36:28] [290/459] MCSG
[08:36:29] [291/459] STKG
[08:36:29] [292/459] TTKG
[08:36:30] [293/459] SRTR
[08:36:31] [294/459] ETTR
[08:36:32] [295/459] GGGZ
[08:36:32] [296/459] IPGM
[08:36:33] 🔄 Identity reset
[08:36:33] 🔄 Identity rotated (every 10 requests)
[08:36:33] [297/459] FCDH
[08:36:33] [298/459] DESB
[08:36:34] [299/459] VNTP
[08:36:35] [300/459] ANNT
[08:36:36] [301/459] SLTI
[08:36:36] [302/459] MAJU
[08:36:37] [303/459] JCXP
[08:36:38] [304/459] HARK
[08:36:38] [305/459] JPCJ
[08:36:39] [306/459] RXBD
[08:36:40] 🔄 Identity reset
[08:36:40] 🔄 Identity rotated (every 10 requests)
[08:36:40] 🔄 Retry 1/5 for RXBD in 2.7s
[08:36:40] 🔄 Identity reset
[08:36:43] 🧠 New identity created
[08:36:43] 🔄 Retry 2/5 for RXBD in 5.0s
[08:36:43] 🔄 Identity reset
[08:36:48] 🧠 New identity created
[08:36:48] [307/459] PTKJ
[08:36:48] [308/459] CMTU
[08:36:49] [309/459] SWOR
[08:36:50] [310/459] JMEX
[08:36:51] [311/459] DTPT
[08:36:51] [312/459] VGMM
[08:36:52] [313/459] VCSG
[08:36:52] [314/459] CVCG
[08:36:53] 🔄 Identity reset
[08:36:53] 🔄 Identity rotated (every 10 requests)
[08:36:53] [315/459] TNTT
[08:36:54] [316/459] SHRM
[08:36:55] [317/459] CGKD
[08:36:55] [318/459] EKCM
[08:36:56] [319/459] SDCX
[08:36:57] [320/459] SBTE
[08:36:57] [321/459] STKJ
[08:36:58] [322/459] TPCE
[08:36:58] [323/459] JTNP
[08:36:59] [324/459] LPCH
[08:37:00] 🔄 Identity reset
[08:37:00] 🔄 Identity rotated (every 10 requests)
[08:37:00] 🔄 Retry 1/5 for LPCH in 2.3s
[08:37:00] 🔄 Identity reset
[08:37:02] 🧠 New identity created
[08:37:02] [325/459] CPUO
[08:37:03] [326/459] APSU
[08:37:04] [327/459] RTHC
[08:37:04] [328/459] PTBU
[08:37:05] [329/459] CUCC
[08:37:06] [330/459] CPSA
[08:37:07] [331/459] SUAY
[08:37:07] [332/459] AYAA
[08:37:08] [333/459] MUCH
[08:37:08] 🔄 Identity reset
[08:37:08] 🔄 Identity rotated (every 10 requests)
[08:37:09] [334/459] PCIN
[08:37:09] [335/459] JRRM
[08:37:10] [336/459] KATS
[08:37:11] [337/459] MHFF
[08:37:11] [338/459] ESYM
[08:37:12] [339/459] STYV
[08:37:13] [340/459] SDKG
[08:37:13] [341/459] SMTI
[08:37:14] [342/459] NYCS
[08:37:15] [343/459] MTBG
[08:37:15] 🔄 Identity reset
[08:37:15] 🔄 Identity rotated (every 10 requests)
[08:37:15] [344/459] RHCA
[08:37:16] [345/459] PCKH
[08:37:16] [346/459] ARCR
[08:37:17] [347/459] NCMB
[08:37:18] [348/459] SHYC
[08:37:19] [349/459] LACK
[08:37:19] [350/459] MTCM
[08:37:20] [351/459] RRBN
[08:37:21] [352/459] MYDC
[08:37:21] [353/459] STCS
[08:37:22] 🔄 Identity reset
[08:37:22] 🔄 Identity rotated (every 10 requests)
[08:37:22] 🔄 Retry 1/5 for STCS in 2.5s
[08:37:22] 🔄 Identity reset
[08:37:24] 🧠 New identity created
[08:37:24] [354/459] CONN
[08:37:25] [355/459] SIPS
[08:37:26] [356/459] SMMX
[08:37:27] [357/459] SCBY
[08:37:27] [358/459] SUAP
[08:37:28] [359/459] RSMK
[08:37:29] [360/459] STKP
[08:37:29] [361/459] CIPC
[08:37:30] [362/459] KKCI
[08:37:30] 🔄 Identity reset
[08:37:30] 🔄 Identity rotated (every 10 requests)
[08:37:30] 🔄 Retry 1/5 for KKCI in 2.2s
[08:37:30] 🔄 Identity reset
[08:37:33] 🧠 New identity created
[08:37:33] [363/459] CTNK
[08:37:34] [364/459] MMTZ
[08:37:34] [365/459] DCCO
[08:37:35] [366/459] VNMN
[08:37:36] [367/459] RLCN
[08:37:36] [368/459] CMMS
[08:37:37] [369/459] AYOU
[08:37:37] [370/459] SSCN
[08:37:38] [371/459] SMXN
[08:37:39] 🔄 Identity reset
[08:37:39] 🔄 Identity rotated (every 10 requests)
[08:37:39] [372/459] ASSK
[08:37:39] [373/459] VCKM
[08:37:40] [374/459] PCPH
[08:37:41] [375/459] PADM
[08:37:41] [376/459] IESA
[08:37:42] [377/459] VCSP
[08:37:43] [378/459] AEST
[08:37:43] [379/459] VTNR
[08:37:44] [380/459] GTTA
[08:37:45] [381/459] CMMM
[08:37:45] 🔄 Identity reset
[08:37:45] 🔄 Identity rotated (every 10 requests)
[08:37:45] [382/459] AHKT
[08:37:46] [383/459] SIJI
[08:37:47] [384/459] VCEI
[08:37:47] [385/459] SAKR
[08:37:48] [386/459] VSMT
[08:37:49] [387/459] SSCT
[08:37:50] [388/459] USTR
[08:37:50] [389/459] MTKT
[08:37:51] [390/459] TGMP
[08:37:51] [391/459] SIVC
[08:37:52] 🔄 Identity reset
[08:37:52] 🔄 Identity rotated (every 10 requests)
[08:37:52] 🔄 Retry 1/5 for SIVC in 2.7s
[08:37:52] 🔄 Identity reset
[08:37:55] 🧠 New identity created
[08:37:55] [392/459] KICT
[08:37:56] [393/459] DAMD
[08:37:56] [394/459] CNPT
[08:37:57] [395/459] RVTT
[08:37:57] [396/459] SNCM
[08:37:58] [397/459] GHTE
[08:37:59] [398/459] PPAM
[08:38:00] [399/459] PVAA
[08:38:00] [400/459] CPAO
[08:38:01] 🔄 Identity reset
[08:38:01] 🔄 Identity rotated (every 10 requests)
[08:38:01] 🔄 Retry 1/5 for CPAO in 2.6s
[08:38:01] 🔄 Identity reset
[08:38:04] 🧠 New identity created
[08:38:04] 🔄 Retry 2/5 for CPAO in 4.3s
[08:38:04] 🔄 Identity reset
[08:38:08] 🧠 New identity created
[08:38:08] [401/459] HAMD
[08:38:09] [402/459] RCCA
[08:38:10] [403/459] MPCH
[08:38:10] [404/459] ARED
[08:38:11] [405/459] RRCV
[08:38:12] [406/459] MTRB
[08:38:12] [407/459] CKUA
[08:38:13] [408/459] ABMP
[08:38:14] 🔄 Identity reset
[08:38:14] 🔄 Identity rotated (every 10 requests)
[08:38:14] [409/459] RCWA
[08:38:14] [410/459] CGAR
[08:38:15] [411/459] METH
[08:38:16] [412/459] WAGA
[08:38:17] [413/459] MCMA
[08:38:17] [414/459] CSMP
[08:38:18] [415/459] RCNK
[08:38:19] [416/459] PSTM
[08:38:20] [417/459] CSEP
[08:38:20] [418/459] AMGD
[08:38:21] 🔄 Identity reset
[08:38:21] 🔄 Identity rotated (every 10 requests)
[08:38:21] 🔄 Retry 1/5 for AMGD in 2.3s
[08:38:21] 🔄 Identity reset
[08:38:23] 🧠 New identity created
[08:38:23] [419/459] CSTE
[08:38:24] [420/459] CONS
[08:38:25] [421/459] APPX
[08:38:25] [422/459] MABC
[08:38:26] [423/459] CXST
[08:38:27] [424/459] MATN
[08:38:27] [425/459] MACZ
[08:38:28] [426/459] MASA
[08:38:28] [427/459] MBSX
[08:38:29] 🔄 Identity reset
[08:38:29] 🔄 Identity rotated (every 10 requests)
[08:38:29] [428/459] CSST
[08:38:30] [429/459] APCL
[08:38:31] [430/459] CGOS
[08:38:32] [431/459] CPEC
[08:38:33] [432/459] MCCP
[08:38:33] [433/459] BSSO
[08:38:34] [434/459] SJKA
[08:38:35] [435/459] CGBO
[08:38:35] [436/459] MVSK
[08:38:36] [437/459] HVCA
[08:38:37] 🔄 Identity reset
[08:38:37] 🔄 Identity rotated (every 10 requests)
[08:38:37] [438/459] NAMD
[08:38:38] [439/459] DEVI
[08:38:39] [440/459] SCSV
[08:38:39] [441/459] PSMA
[08:38:40] [442/459] CLDJ
[08:38:41] [443/459] NMAD
[08:38:41] [444/459] CGMO
[08:38:42] [445/459] MCNA
[08:38:43] [446/459] OCBN
[08:38:43] [447/459] CPEM
[08:38:44] 🔄 Identity reset
[08:38:44] 🔄 Identity rotated (every 10 requests)
[08:38:44] 🔄 Retry 1/5 for CPEM in 2.7s
[08:38:44] 🔄 Identity reset
[08:38:47] 🧠 New identity created
[08:38:47] 🔄 Retry 2/5 for CPEM in 4.4s
[08:38:47] 🔄 Identity reset
[08:38:51] 🧠 New identity created
[08:38:51] [448/459] CPSM
[08:38:52] [449/459] RCAD
[08:38:53] [450/459] CPMU
[08:38:53] [451/459] DICD
[08:38:54] [452/459] CHOE
[08:38:55] [453/459] PDJM
[08:38:55] [454/459] SSTU
[08:38:56] [455/459] VNRN
[08:38:57] 🔄 Identity reset
[08:38:57] 🔄 Identity rotated (every 10 requests)
[08:38:57] [456/459] PVLG
[08:38:58] [457/459] SWBL
[08:38:58] [458/459] SCAB
[08:38:59] [459/459] RDDA
[08:39:00] ✅ DONE | Shows=949 | Movies=49
[10:07:06] 🚀 BMS DAILY TRACKER STARTED (enhanced anti‑detection)
[10:07:06] [1/459] MCCZ
[10:07:07] 🧠 New identity created
[10:07:07] [2/459] FRPU
[10:07:08] [3/459] SKSI
[10:07:10] [4/459] SSCK
[10:07:10] [5/459] SRDC
[10:07:11] [6/459] RSCZ
[10:07:12] [7/459] PRVT
[10:07:13] [8/459] GAGJ
[10:07:14] [9/459] SMHG
[10:07:14] [10/459] JTST
[10:07:15] 🔄 Identity reset
[10:07:15] 🔄 Identity rotated (every 10 requests)
[10:07:15] [11/459] MYTH
[10:07:17] [12/459] JPCC
[10:07:18] [13/459] ACDC
[10:07:19] [14/459] SVFP
[10:07:19] [15/459] SFCM
[10:07:20] [16/459] RUPK
[10:07:21] [17/459] NTCR
[10:07:22] [18/459] RTCH
[10:07:23] [19/459] SCMH
[10:07:24] [20/459] SVYM
[10:07:25] 🔄 Identity reset
[10:07:25] 🔄 Identity rotated (every 10 requests)
[10:07:25] [21/459] SPYM
[10:07:26] [22/459] SMMF
[10:07:27] [23/459] CLLB
[10:07:28] [24/459] FMCB
[10:07:29] [25/459] BBTC
[10:07:30] [26/459] NTHS
[10:07:30] [27/459] PKKJ
[10:07:31] [28/459] MTJA
[10:07:32] [29/459] PMSJ
[10:07:33] [30/459] JMJU
[10:07:33] 🔄 Identity reset
[10:07:33] 🔄 Identity rotated (every 10 requests)
[10:07:33] 🔄 Retry 1/5 for JMJU in 2.8s
[10:07:33] 🔄 Identity reset
[10:07:36] 🧠 New identity created
[10:07:37] [31/459] SRAD
[10:07:37] [32/459] MJMC
[10:07:38] [33/459] DFRM
[10:07:39] [34/459] PMRS
[10:07:40] [35/459] RKPP
[10:07:40] [36/459] BMBK
[10:07:41] [37/459] NEWS
[10:07:42] [38/459] SALB
[10:07:43] [39/459] SCPW
[10:07:43] 🔄 Identity reset
[10:07:43] 🔄 Identity rotated (every 10 requests)
[10:07:44] [40/459] RAYL
[10:07:45] [41/459] CMGJ
[10:07:46] [42/459] JRCR
[10:07:47] [43/459] SRTB
[10:07:48] [44/459] ETPB
[10:07:48] [45/459] MXBN
[10:07:49] [46/459] TOPE
[10:07:51] [47/459] SNLJ
[10:07:52] [48/459] CDDP
[10:07:52] [49/459] APCX
[10:07:53] 🔄 Identity reset
[10:07:53] 🔄 Identity rotated (every 10 requests)
[10:07:53] [50/459] TALP
[10:07:54] [51/459] RRMP
[10:07:55] [52/459] MAHB
[10:07:56] [53/459] MTKR
[10:07:57] [54/459] KSKL
[10:07:57] [55/459] RJLT
[10:07:58] [56/459] ATAS
[10:07:59] [57/459] AMHR
[10:08:00] [58/459] RSRM
[10:08:01] [59/459] GCAT
[10:08:01] 🔄 Identity reset
[10:08:01] 🔄 Identity rotated (every 10 requests)
[10:08:02] [60/459] SMML
[10:08:03] [61/459] ACCD
[10:08:03] [62/459] VYDA
[10:08:04] [63/459] MSKT
[10:08:06] [64/459] AVDM
[10:08:07] [65/459] ASMH
[10:08:07] [66/459] VTMB
[10:08:08] [67/459] WVMB
[10:08:09] [68/459] PPMN
[10:08:10] [69/459] MTMD
[10:08:11] 🔄 Identity reset
[10:08:11] 🔄 Identity rotated (every 10 requests)
[10:08:11] [70/459] SMMO
[10:08:12] [71/459] DLPB
[10:08:13] [72/459] AKMD
[10:08:14] [73/459] SHRR
[10:08:15] [74/459] ASCO
[10:08:15] [75/459] CZVX
[10:08:16] [76/459] GCBB
[10:08:18] [77/459] ATBM
[10:08:18] [78/459] TCGM
[10:08:19] [79/459] UMSE
[10:08:20] 🔄 Identity reset
[10:08:20] 🔄 Identity rotated (every 10 requests)
[10:08:20] [80/459] NKCL
[10:08:21] [81/459] BTLR
[10:08:22] [82/459] GOCL
[10:08:23] [83/459] MIRN
[10:08:24] [84/459] THEC
[10:08:25] [85/459] SPPB
[10:08:25] [86/459] PMMM
[10:08:26] [87/459] GGMC
[10:08:27] [88/459] AVSR
[10:08:29] [89/459] RDMH
[10:08:29] 🔄 Identity reset
[10:08:29] 🔄 Identity rotated (every 10 requests)
[10:08:30] [90/459] JSRS
[10:08:31] [91/459] VKGP
[10:08:32] [92/459] ACRT
[10:08:34] [93/459] GCBA
[10:08:35] [94/459] GTCP
[10:08:35] [95/459] AKFC
[10:08:36] [96/459] INCS
[10:08:37] [97/459] SMCK
[10:08:38] [98/459] BRUN
[10:08:39] [99/459] RPPC
[10:08:39] 🔄 Identity reset
[10:08:39] 🔄 Identity rotated (every 10 requests)
[10:08:40] [100/459] PAYD
[10:08:41] [101/459] SVVT
[10:08:41] [102/459] RNCC
[10:08:42] [103/459] PCRC
[10:08:43] [104/459] PMRM
[10:08:44] [105/459] CCRP
[10:08:44] [106/459] INCR
[10:08:45] [107/459] ZTMP
[10:08:46] [108/459] MCNR
[10:08:47] [109/459] INRP
[10:08:48] 🔄 Identity reset
[10:08:48] 🔄 Identity rotated (every 10 requests)
[10:08:48] [110/459] STRC
[10:08:49] [111/459] RATI
[10:08:49] [112/459] PBTR
[10:08:50] [113/459] CMHP
[10:08:51] [114/459] ZECJ
[10:08:52] [115/459] CCCB
[10:08:53] [116/459] BWCB
[10:08:54] [117/459] CCAT
[10:08:54] [118/459] KGCM
[10:08:55] [119/459] INPT
[10:08:56] 🔄 Identity reset
[10:08:56] 🔄 Identity rotated (every 10 requests)
[10:08:57] [120/459] FNCO
[10:08:58] [121/459] SRMJ
[10:08:59] [122/459] PFSC
[10:08:59] [123/459] PBMC
[10:09:00] [124/459] KARP
[10:09:02] [125/459] KOVI
[10:09:03] [126/459] ACXL
[10:09:04] [127/459] GKCC
[10:09:05] [128/459] ASCC
[10:09:06] [129/459] SETC
[10:09:06] 🔄 Identity reset
[10:09:06] 🔄 Identity rotated (every 10 requests)
[10:09:07] [130/459] KACC
[10:09:07] [131/459] KAVE
[10:09:08] [132/459] CNTC
[10:09:09] [133/459] MEEN
[10:09:10] [134/459] BMRV
[10:09:11] [135/459] SVAM
[10:09:12] [136/459] VTBP
[10:09:12] [137/459] VCKN
[10:09:13] [138/459] SGTK
[10:09:14] [139/459] RCGS
[10:09:15] 🔄 Identity reset
[10:09:15] 🔄 Identity rotated (every 10 requests)
[10:09:15] [140/459] RCCB
[10:09:16] [141/459] RKSR
[10:09:17] [142/459] RKCU
[10:09:18] [143/459] GIBH
[10:09:18] [144/459] CXBS
[10:09:19] [145/459] GGCB
[10:09:20] [146/459] SCPB
[10:09:21] [147/459] AKTB
[10:09:22] [148/459] SRBU
[10:09:23] [149/459] CSSA
[10:09:23] 🔄 Identity reset
[10:09:23] 🔄 Identity rotated (every 10 requests)
[10:09:23] 🔄 Retry 1/5 for CSSA in 2.2s
[10:09:23] 🔄 Identity reset
[10:09:26] 🧠 New identity created
[10:09:26] [150/459] MYAN
[10:09:27] [151/459] EXCA
[10:09:28] [152/459] CKSA
[10:09:29] [153/459] JTNM
[10:09:29] [154/459] CXKT
[10:09:30] [155/459] NCLM
[10:09:31] [156/459] JAAD
[10:09:32] [157/459] RDCR
[10:09:33] [158/459] MEER
[10:09:33] 🔄 Identity reset
[10:09:33] 🔄 Identity rotated (every 10 requests)
[10:09:34] [159/459] SIBT
[10:09:34] [160/459] PVVB
[10:09:36] [161/459] FNPN
[10:09:37] [162/459] CRPX
[10:09:37] [163/459] STET
[10:09:38] [164/459] METE
[10:09:39] [165/459] BJML
[10:09:40] [166/459] MAVT
[10:09:41] [167/459] MSRM
[10:09:42] [168/459] TJMP
[10:09:43] 🔄 Identity reset
[10:09:43] 🔄 Identity rotated (every 10 requests)
[10:09:43] [169/459] MHCK
[10:09:44] [170/459] SVGP
[10:09:45] [171/459] KRRC
[10:09:46] [172/459] IMCH
[10:09:46] [173/459] CMCS
[10:09:47] [174/459] SGND
[10:09:48] [175/459] RNAT
[10:09:49] [176/459] PRTN
[10:09:50] [177/459] MPTN
[10:09:51] [178/459] ARCC
[10:09:51] 🔄 Identity reset
[10:09:51] 🔄 Identity rotated (every 10 requests)
[10:09:51] [179/459] NTTE
[10:09:52] [180/459] ABND
[10:09:53] [181/459] KCSN
[10:09:54] [182/459] KCSA
[10:09:55] [183/459] DCKT
[10:09:56] [184/459] MBBR
[10:09:56] [185/459] RAMU
[10:09:57] [186/459] RACW
[10:09:58] [187/459] MCHP
[10:09:59] [188/459] TMHM
[10:09:59] 🔄 Identity reset
[10:09:59] 🔄 Identity rotated (every 10 requests)
[10:10:00] [189/459] STXH
[10:10:01] [190/459] AGSG
[10:10:01] [191/459] SIRA
[10:10:02] [192/459] RCAN
[10:10:03] [193/459] CWTB
[10:10:04] [194/459] VTYM
[10:10:04] [195/459] RRPP
[10:10:05] [196/459] ASMR
[10:10:07] [197/459] RONO
[10:10:08] [198/459] MEMR
[10:10:08] 🔄 Identity reset
[10:10:08] 🔄 Identity rotated (every 10 requests)
[10:10:09] [199/459] CTMR
[10:10:09] [200/459] PMTT
[10:10:10] [201/459] PSLX
[10:10:11] [202/459] IPPL
[10:10:12] [203/459] MMSG
[10:10:12] [204/459] INEL
[10:10:13] [205/459] COAC
[10:10:14] [206/459] WVLK
[10:10:15] [207/459] PPXL
[10:10:16] [208/459] PSML
[10:10:17] 🔄 Identity reset
[10:10:17] 🔄 Identity rotated (every 10 requests)
[10:10:17] [209/459] FNLK
[10:10:18] [210/459] ILUM
[10:10:19] [211/459] ILCM
[10:10:20] [212/459] MSNL
[10:10:21] [213/459] VINB
[10:10:21] [214/459] SALW
[10:10:22] [215/459] PRTB
[10:10:23] [216/459] NCIL
[10:10:24] [217/459] PSUL
[10:10:25] [218/459] SCLK
[10:10:25] 🔄 Identity reset
[10:10:25] 🔄 Identity rotated (every 10 requests)
[10:10:26] [219/459] ADDC
[10:10:26] [220/459] OACL
[10:10:27] [221/459] OOCF
[10:10:28] [222/459] GPMF
[10:10:29] [223/459] SSDG
[10:10:29] [224/459] SKRS
[10:10:31] [225/459] NTTP
[10:10:32] [226/459] SLTP
[10:10:32] [227/459] JTLC
[10:10:33] [228/459] POON
[10:10:34] 🔄 Identity reset
[10:10:34] 🔄 Identity rotated (every 10 requests)
[10:10:34] [229/459] CCPC
[10:10:35] [230/459] DCKC
[10:10:36] [231/459] CPRT
[10:10:37] [232/459] EYHZ
[10:10:38] [233/459] ARBL
[10:10:39] [234/459] SBTB
[10:10:40] [235/459] MMCK
[10:10:40] [236/459] PLMR
[10:10:41] [237/459] BIJH
[10:10:42] [238/459] SDRT
[10:10:43] 🔄 Identity reset
[10:10:43] 🔄 Identity rotated (every 10 requests)
[10:10:43] 🔄 Retry 1/5 for SDRT in 2.4s
[10:10:43] 🔄 Identity reset
[10:10:45] 🧠 New identity created
[10:10:45] [239/459] PRDC
[10:10:46] [240/459] OMJA
[10:10:47] [241/459] VKCR
[10:10:48] [242/459] ATRT
[10:10:49] [243/459] WVRP
[10:10:50] [244/459] MVRP
[10:10:50] [245/459] FCAX
[10:10:51] [246/459] CTLC
[10:10:52] [247/459] JCHB
[10:10:53] 🔄 Identity reset
[10:10:53] 🔄 Identity rotated (every 10 requests)
[10:10:53] [248/459] SELP
[10:10:54] [249/459] VCPG
[10:10:55] [250/459] ASCX
[10:10:55] [251/459] EOCS
[10:10:56] [252/459] RCPH
[10:10:57] [253/459] RJTM
[10:10:58] [254/459] SGMD
[10:10:59] [255/459] SVJT
[10:11:00] [256/459] SPPO
[10:11:01] [257/459] MNRL
[10:11:01] 🔄 Identity reset
[10:11:01] 🔄 Identity rotated (every 10 requests)
[10:11:01] [258/459] KNOX
[10:11:02] [259/459] GIER
[10:11:03] [260/459] PJMS
[10:11:04] [261/459] UNSP
[10:11:05] [262/459] JETP
[10:11:06] [263/459] VTWA
[10:11:07] [264/459] SCJI
[10:11:07] [265/459] CBZZ
[10:11:08] [266/459] SDCJ
[10:11:09] [267/459] RRCC
[10:11:10] 🔄 Identity reset
[10:11:10] 🔄 Identity rotated (every 10 requests)
[10:11:10] [268/459] VNKG
[10:11:11] [269/459] LKTO
[10:11:12] [270/459] PJRM
[10:11:12] [271/459] NVRM
[10:11:13] [272/459] SJCS
[10:11:14] [273/459] VIGK
[10:11:15] [274/459] ANST
[10:11:17] [275/459] JTTS
[10:11:17] [276/459] NTST
[10:11:18] [277/459] PREB
[10:11:19] 🔄 Identity reset
[10:11:19] 🔄 Identity rotated (every 10 requests)
[10:11:19] 🔄 Retry 1/5 for PREB in 2.0s
[10:11:19] 🔄 Identity reset
[10:11:21] 🧠 New identity created
[10:11:21] [278/459] TSCZ
[10:11:22] [279/459] CDCM
[10:11:23] [280/459] ELYE
[10:11:24] [281/459] INBS
[10:11:25] [282/459] SMGC
[10:11:25] [283/459] UTMP
[10:11:26] [284/459] INTA
[10:11:27] [285/459] OMPT
[10:11:28] [286/459] SCIR
[10:11:29] 🔄 Identity reset
[10:11:29] 🔄 Identity rotated (every 10 requests)
[10:11:30] [287/459] GCKJ
[10:11:31] [288/459] INOG
[10:11:32] [289/459] SMGB
[10:11:32] [290/459] MCSG
[10:11:33] [291/459] STKG
[10:11:34] [292/459] TTKG
[10:11:35] [293/459] SRTR
[10:11:36] [294/459] ETTR
[10:11:37] [295/459] GGGZ
[10:11:38] [296/459] IPGM
[10:11:38] 🔄 Identity reset
[10:11:38] 🔄 Identity rotated (every 10 requests)
[10:11:39] [297/459] FCDH
[10:11:40] [298/459] DESB
[10:11:41] [299/459] VNTP
[10:11:42] [300/459] ANNT
[10:11:43] [301/459] SLTI
[10:11:43] [302/459] MAJU
[10:11:44] [303/459] JCXP
[10:11:45] [304/459] HARK
[10:11:46] [305/459] JPCJ
[10:11:47] [306/459] RXBD
[10:11:47] 🔄 Identity reset
[10:11:47] 🔄 Identity rotated (every 10 requests)
[10:11:47] 🔄 Retry 1/5 for RXBD in 2.8s
[10:11:47] 🔄 Identity reset
[10:11:50] 🧠 New identity created
[10:11:50] [307/459] PTKJ
[10:11:51] [308/459] CMTU
[10:11:52] [309/459] SWOR
[10:11:53] [310/459] JMEX
[10:11:54] [311/459] DTPT
[10:11:55] [312/459] VGMM
[10:11:56] [313/459] VCSG
[10:11:57] [314/459] CVCG
[10:11:58] [315/459] TNTT
[10:11:58] 🔄 Identity reset
[10:11:58] 🔄 Identity rotated (every 10 requests)
[10:11:58] [316/459] SHRM
[10:11:59] [317/459] CGKD
[10:12:00] [318/459] EKCM
[10:12:01] [319/459] SDCX
[10:12:02] [320/459] SBTE
[10:12:03] [321/459] STKJ
[10:12:04] [322/459] TPCE
[10:12:05] [323/459] JTNP
[10:12:06] [324/459] LPCH
[10:12:07] [325/459] CPUO
[10:12:08] 🔄 Identity reset
[10:12:08] 🔄 Identity rotated (every 10 requests)
[10:12:08] [326/459] APSU
[10:12:09] [327/459] RTHC
[10:12:10] [328/459] PTBU
[10:12:11] [329/459] CUCC
[10:12:11] [330/459] CPSA
[10:12:12] [331/459] SUAY
[10:12:14] [332/459] AYAA
[10:12:15] [333/459] MUCH
[10:12:15] [334/459] PCIN
[10:12:16] [335/459] JRRM
[10:12:17] 🔄 Identity reset
[10:12:17] 🔄 Identity rotated (every 10 requests)
[10:12:17] [336/459] KATS
[10:12:19] [337/459] MHFF
[10:12:20] [338/459] ESYM
[10:12:21] [339/459] STYV
[10:12:22] [340/459] SDKG
[10:12:23] [341/459] SMTI
[10:12:24] [342/459] NYCS
[10:12:25] [343/459] MTBG
[10:12:26] [344/459] RHCA
[10:12:26] [345/459] PCKH
[10:12:27] 🔄 Identity reset
[10:12:27] 🔄 Identity rotated (every 10 requests)
[10:12:27] [346/459] ARCR
[10:12:28] [347/459] NCMB
[10:12:29] [348/459] SHYC
[10:12:30] [349/459] LACK
[10:12:31] [350/459] MTCM
[10:12:32] [351/459] RRBN
[10:12:33] [352/459] MYDC
[10:12:34] [353/459] STCS
[10:12:35] [354/459] CONN
[10:12:35] [355/459] SIPS
[10:12:36] 🔄 Identity reset
[10:12:36] 🔄 Identity rotated (every 10 requests)
[10:12:36] [356/459] SMMX
[10:12:37] [357/459] SCBY
[10:12:38] [358/459] SUAP
[10:12:39] [359/459] RSMK
[10:12:40] [360/459] STKP
[10:12:41] [361/459] CIPC
[10:12:42] [362/459] KKCI
[10:12:42] [363/459] CTNK
[10:12:43] [364/459] MMTZ
[10:12:44] [365/459] DCCO
[10:12:45] 🔄 Identity reset
[10:12:45] 🔄 Identity rotated (every 10 requests)
[10:12:45] [366/459] VNMN
[10:12:46] [367/459] RLCN
[10:12:47] [368/459] CMMS
[10:12:48] [369/459] AYOU
[10:12:49] [370/459] SSCN
[10:12:50] [371/459] SMXN
[10:12:51] [372/459] ASSK
[10:12:52] [373/459] VCKM
[10:12:53] [374/459] PCPH
[10:12:54] [375/459] PADM
[10:12:54] 🔄 Identity reset
[10:12:54] 🔄 Identity rotated (every 10 requests)
[10:12:54] 🔄 Retry 1/5 for PADM in 2.1s
[10:12:54] 🔄 Identity reset
[10:12:57] 🧠 New identity created
[10:12:57] [376/459] IESA
[10:12:58] [377/459] VCSP
[10:12:58] [378/459] AEST
[10:12:59] [379/459] VTNR
[10:13:00] [380/459] GTTA
[10:13:01] [381/459] CMMM
[10:13:02] [382/459] AHKT
[10:13:03] [383/459] SIJI
[10:13:04] [384/459] VCEI
[10:13:04] 🔄 Identity reset
[10:13:04] 🔄 Identity rotated (every 10 requests)
[10:13:04] [385/459] SAKR
[10:13:05] [386/459] VSMT
[10:13:06] [387/459] SSCT
[10:13:07] [388/459] USTR
[10:13:08] [389/459] MTKT
[10:13:09] [390/459] TGMP
[10:13:10] [391/459] SIVC
[10:13:11] [392/459] KICT
[10:13:11] [393/459] DAMD
[10:13:12] [394/459] CNPT
[10:13:13] 🔄 Identity reset
[10:13:13] 🔄 Identity rotated (every 10 requests)
[10:13:13] [395/459] RVTT
[10:13:14] [396/459] SNCM
[10:13:15] [397/459] GHTE
[10:13:16] [398/459] PPAM
[10:13:17] [399/459] PVAA
[10:13:17] [400/459] CPAO
[10:13:18] [401/459] HAMD
[10:13:19] [402/459] RCCA
[10:13:20] [403/459] MPCH
[10:13:21] [404/459] ARED
[10:13:21] 🔄 Identity reset
[10:13:21] 🔄 Identity rotated (every 10 requests)
[10:13:21] [405/459] RRCV
[10:13:22] [406/459] MTRB
[10:13:23] [407/459] CKUA
[10:13:24] [408/459] ABMP
[10:13:25] [409/459] RCWA
[10:13:26] [410/459] CGAR
[10:13:27] [411/459] METH
[10:13:28] [412/459] WAGA
[10:13:29] [413/459] MCMA
[10:13:30] [414/459] CSMP
[10:13:30] 🔄 Identity reset
[10:13:30] 🔄 Identity rotated (every 10 requests)
[10:13:31] [415/459] RCNK
[10:13:32] [416/459] PSTM
[10:13:33] [417/459] CSEP
[10:13:34] [418/459] AMGD
[10:13:34] [419/459] CSTE
[10:13:35] [420/459] CONS
[10:13:36] [421/459] APPX
[10:13:37] [422/459] MABC
[10:13:38] [423/459] CXST
[10:13:39] [424/459] MATN
[10:13:39] 🔄 Identity reset
[10:13:39] 🔄 Identity rotated (every 10 requests)
[10:13:40] [425/459] MACZ
[10:13:41] [426/459] MASA
[10:13:42] [427/459] MBSX
[10:13:43] [428/459] CSST
[10:13:44] [429/459] APCL
[10:13:45] [430/459] CGOS
[10:13:45] [431/459] CPEC
[10:13:46] [432/459] MCCP
[10:13:47] [433/459] BSSO
[10:13:48] [434/459] SJKA
[10:13:49] 🔄 Identity reset
[10:13:49] 🔄 Identity rotated (every 10 requests)
[10:13:49] [435/459] CGBO
[10:13:50] [436/459] MVSK
[10:13:51] [437/459] HVCA
[10:13:52] [438/459] NAMD
[10:13:52] [439/459] DEVI
[10:13:53] [440/459] SCSV
[10:13:54] [441/459] PSMA
[10:13:55] [442/459] CLDJ
[10:13:56] [443/459] NMAD
[10:13:57] [444/459] CGMO
[10:13:57] 🔄 Identity reset
[10:13:57] 🔄 Identity rotated (every 10 requests)
[10:13:58] [445/459] MCNA
[10:13:59] [446/459] OCBN
[10:14:01] [447/459] CPEM
[10:14:01] [448/459] CPSM
[10:14:03] [449/459] RCAD
[10:14:04] [450/459] CPMU
[10:14:05] [451/459] DICD
[10:14:06] [452/459] CHOE
[10:14:07] [453/459] PDJM
[10:14:08] [454/459] SSTU
[10:14:08] 🔄 Identity reset
[10:14:08] 🔄 Identity rotated (every 10 requests)
[10:14:09] [455/459] VNRN
[10:14:09] [456/459] PVLG
[10:14:10] [457/459] SWBL
[10:14:11] [458/459] SCAB
[10:14:12] [459/459] RDDA
[10:14:13] ✅ DONE | Shows=1427 | Movies=54
[11:05:00] 🚀 BMS DAILY TRACKER STARTED (enhanced anti‑detection)
[11:05:00] [1/459] MCCZ
[11:05:00] 🧠 New identity created
[11:05:00] 🔄 Retry 1/5 for MCCZ in 2.3s
[11:05:00] 🔄 Identity reset
[11:05:03] 🧠 New identity created
[11:05:03] [2/459] FRPU
[11:05:04] [3/459] SKSI
[11:05:04] [4/459] SSCK
[11:05:05] [5/459] SRDC
[11:05:06] [6/459] RSCZ
[11:05:07] [7/459] PRVT
[11:05:07] [8/459] GAGJ
[11:05:08] [9/459] SMHG
[11:05:08] 🔄 Identity reset
[11:05:08] 🔄 Identity rotated (every 10 requests)
[11:05:08] [10/459] JTST
[11:05:09] [11/459] MYTH
[11:05:10] [12/459] JPCC
[11:05:11] [13/459] ACDC
[11:05:11] [14/459] SVFP
[11:05:12] [15/459] SFCM
[11:05:13] [16/459] RUPK
[11:05:13] [17/459] NTCR
[11:05:14] [18/459] RTCH
[11:05:15] [19/459] SCMH
[11:05:16] 🔄 Identity reset
[11:05:16] 🔄 Identity rotated (every 10 requests)
[11:05:16] [20/459] SVYM
[11:05:17] [21/459] SPYM
[11:05:17] [22/459] SMMF
[11:05:18] [23/459] CLLB
[11:05:19] [24/459] FMCB
[11:05:19] [25/459] BBTC
[11:05:20] [26/459] NTHS
[11:05:21] [27/459] PKKJ
[11:05:21] [28/459] MTJA
[11:05:22] [29/459] PMSJ
[11:05:22] 🔄 Identity reset
[11:05:22] 🔄 Identity rotated (every 10 requests)
[11:05:22] [30/459] JMJU
[11:05:23] [31/459] SRAD
[11:05:24] [32/459] MJMC
[11:05:25] [33/459] DFRM
[11:05:25] [34/459] PMRS
[11:05:26] [35/459] RKPP
[11:05:27] [36/459] BMBK
[11:05:27] [37/459] NEWS
[11:05:28] [38/459] SALB
[11:05:28] [39/459] SCPW
[11:05:29] 🔄 Identity reset
[11:05:29] 🔄 Identity rotated (every 10 requests)
[11:05:29] [40/459] RAYL
[11:05:30] [41/459] CMGJ
[11:05:30] [42/459] JRCR
[11:05:31] [43/459] SRTB
[11:05:32] [44/459] ETPB
[11:05:32] [45/459] MXBN
[11:05:33] [46/459] TOPE
[11:05:33] [47/459] SNLJ
[11:05:34] [48/459] CDDP
[11:05:35] [49/459] APCX
[11:05:35] 🔄 Identity reset
[11:05:35] 🔄 Identity rotated (every 10 requests)
[11:05:35] [50/459] TALP
[11:05:36] [51/459] RRMP
[11:05:37] [52/459] MAHB
[11:05:38] [53/459] MTKR
[11:05:38] [54/459] KSKL
[11:05:39] [55/459] RJLT
[11:05:39] [56/459] ATAS
[11:05:40] [57/459] AMHR
[11:05:40] [58/459] RSRM
[11:05:41] [59/459] GCAT
[11:05:42] 🔄 Identity reset
[11:05:42] 🔄 Identity rotated (every 10 requests)
[11:05:42] 🔄 Retry 1/5 for GCAT in 2.1s
[11:05:42] 🔄 Identity reset
[11:05:44] 🧠 New identity created
[11:05:44] [60/459] SMML
[11:05:45] [61/459] ACCD
[11:05:45] [62/459] VYDA
[11:05:46] [63/459] MSKT
[11:05:46] [64/459] AVDM
[11:05:47] [65/459] ASMH
[11:05:48] [66/459] VTMB
[11:05:48] [67/459] WVMB
[11:05:49] [68/459] PPMN
[11:05:49] 🔄 Identity reset
[11:05:50] 🔄 Identity rotated (every 10 requests)
[11:05:50] [69/459] MTMD
[11:05:50] [70/459] SMMO
[11:05:51] [71/459] DLPB
[11:05:51] [72/459] AKMD
[11:05:52] [73/459] SHRR
[11:05:53] [74/459] ASCO
[11:05:54] [75/459] CZVX
[11:05:54] [76/459] GCBB
[11:05:55] [77/459] ATBM
[11:05:55] [78/459] TCGM
[11:05:56] 🔄 Identity reset
[11:05:56] 🔄 Identity rotated (every 10 requests)
[11:05:56] 🔄 Retry 1/5 for TCGM in 2.2s
[11:05:56] 🔄 Identity reset
[11:05:58] 🧠 New identity created
[11:05:58] [79/459] UMSE
[11:05:59] [80/459] NKCL
[11:06:00] [81/459] BTLR
[11:06:00] [82/459] GOCL
[11:06:01] [83/459] MIRN
[11:06:02] [84/459] THEC
[11:06:03] [85/459] SPPB
[11:06:03] [86/459] PMMM
[11:06:04] [87/459] GGMC
[11:06:05] 🔄 Identity reset
[11:06:05] 🔄 Identity rotated (every 10 requests)
[11:06:05] [88/459] AVSR
[11:06:05] [89/459] RDMH
[11:06:06] [90/459] JSRS
[11:06:07] [91/459] VKGP
[11:06:08] [92/459] ACRT
[11:06:08] [93/459] GCBA
[11:06:09] [94/459] GTCP
[11:06:10] [95/459] AKFC
[11:06:10] [96/459] INCS
[11:06:11] [97/459] SMCK
[11:06:11] 🔄 Identity reset
[11:06:11] 🔄 Identity rotated (every 10 requests)
[11:06:11] 🔄 Retry 1/5 for SMCK in 2.3s
[11:06:11] 🔄 Identity reset
[11:06:14] 🧠 New identity created
[11:06:14] 🔄 Retry 2/5 for SMCK in 4.3s
[11:06:14] 🔄 Identity reset
[11:06:18] 🧠 New identity created
[11:06:18] 🔄 Retry 3/5 for SMCK in 8.3s
[11:06:18] 🔄 Identity reset
[11:06:27] 🧠 New identity created
[11:06:27] [98/459] BRUN
[11:06:28] [99/459] RPPC
[11:06:28] [100/459] PAYD
[11:06:29] [101/459] SVVT
[11:06:30] [102/459] RNCC
[11:06:31] [103/459] PCRC
[11:06:31] [104/459] PMRM
[11:06:32] 🔄 Identity reset
[11:06:32] 🔄 Identity rotated (every 10 requests)
[11:06:32] [105/459] CCRP
[11:06:32] [106/459] INCR
[11:06:33] [107/459] ZTMP
[11:06:34] [108/459] MCNR
[11:06:34] [109/459] INRP
[11:06:35] [110/459] STRC
[11:06:36] [111/459] RATI
[11:06:36] [112/459] PBTR
[11:06:37] [113/459] CMHP
[11:06:37] [114/459] ZECJ
[11:06:38] 🔄 Identity reset
[11:06:38] 🔄 Identity rotated (every 10 requests)
[11:06:38] [115/459] CCCB
[11:06:39] [116/459] BWCB
[11:06:39] [117/459] CCAT
[11:06:40] [118/459] KGCM
[11:06:41] [119/459] INPT
[11:06:41] [120/459] FNCO
[11:06:42] [121/459] SRMJ
[11:06:43] [122/459] PFSC
[11:06:44] [123/459] PBMC
[11:06:45] [124/459] KARP
[11:06:46] 🔄 Identity reset
[11:06:46] 🔄 Identity rotated (every 10 requests)
[11:06:46] 🔄 Retry 1/5 for KARP in 2.2s
[11:06:46] 🔄 Identity reset
[11:06:48] 🧠 New identity created
[11:06:48] 🔄 Retry 2/5 for KARP in 4.8s
[11:06:48] 🔄 Identity reset
[11:06:53] 🧠 New identity created
[11:06:53] [125/459] KOVI
[11:06:53] [126/459] ACXL
[11:06:54] [127/459] GKCC
[11:06:54] [128/459] ASCC
[11:06:55] [129/459] SETC
[11:06:56] [130/459] KACC
[11:06:56] [131/459] KAVE
[11:06:57] [132/459] CNTC
[11:06:57] 🔄 Identity reset
[11:06:57] 🔄 Identity rotated (every 10 requests)
[11:06:58] [133/459] MEEN
[11:06:58] [134/459] BMRV
[11:06:59] [135/459] SVAM
[11:07:00] [136/459] VTBP
[11:07:00] [137/459] VCKN
[11:07:01] [138/459] SGTK
[11:07:02] [139/459] RCGS
[11:07:03] [140/459] RCCB
[11:07:03] [141/459] RKSR
[11:07:04] [142/459] RKCU
[11:07:05] 🔄 Identity reset
[11:07:05] 🔄 Identity rotated (every 10 requests)
[11:07:05] 🔄 Retry 1/5 for RKCU in 2.1s
[11:07:05] 🔄 Identity reset
[11:07:07] 🧠 New identity created
[11:07:07] [143/459] GIBH
[11:07:07] [144/459] CXBS
[11:07:08] [145/459] GGCB
[11:07:09] [146/459] SCPB
[11:07:09] [147/459] AKTB
[11:07:10] [148/459] SRBU
[11:07:11] [149/459] CSSA
[11:07:11] [150/459] MYAN
[11:07:12] [151/459] EXCA
[11:07:13] 🔄 Identity reset
[11:07:13] 🔄 Identity rotated (every 10 requests)
[11:07:13] [152/459] CKSA
[11:07:13] [153/459] JTNM
[11:07:14] [154/459] CXKT
[11:07:15] [155/459] NCLM
[11:07:15] [156/459] JAAD
[11:07:16] [157/459] RDCR
[11:07:17] [158/459] MEER
[11:07:17] [159/459] SIBT
[11:07:18] [160/459] PVVB
[11:07:19] [161/459] FNPN
[11:07:19] 🔄 Identity reset
[11:07:19] 🔄 Identity rotated (every 10 requests)
[11:07:19] 🔄 Retry 1/5 for FNPN in 2.0s
[11:07:19] 🔄 Identity reset
[11:07:21] 🧠 New identity created
[11:07:21] [162/459] CRPX
[11:07:22] [163/459] STET
[11:07:23] [164/459] METE
[11:07:23] [165/459] BJML
[11:07:24] [166/459] MAVT
[11:07:25] [167/459] MSRM
[11:07:25] [168/459] TJMP
[11:07:26] [169/459] MHCK
[11:07:27] [170/459] SVGP
[11:07:27] 🔄 Identity reset
[11:07:27] 🔄 Identity rotated (every 10 requests)
[11:07:27] 🔄 Retry 1/5 for SVGP in 2.5s
[11:07:27] 🔄 Identity reset
[11:07:30] 🧠 New identity created
[11:07:30] [171/459] KRRC
[11:07:31] [172/459] IMCH
[11:07:31] [173/459] CMCS
[11:07:32] [174/459] SGND
[11:07:33] [175/459] RNAT
[11:07:33] [176/459] PRTN
[11:07:34] [177/459] MPTN
[11:07:34] [178/459] ARCC
[11:07:35] [179/459] NTTE
[11:07:36] 🔄 Identity reset
[11:07:36] 🔄 Identity rotated (every 10 requests)
[11:07:36] 🔄 Retry 1/5 for NTTE in 2.2s
[11:07:36] 🔄 Identity reset
[11:07:38] 🧠 New identity created
[11:07:38] [180/459] ABND
[11:07:38] [181/459] KCSN
[11:07:39] [182/459] KCSA
[11:07:39] [183/459] DCKT
[11:07:40] [184/459] MBBR
[11:07:41] [185/459] RAMU
[11:07:41] [186/459] RACW
[11:07:42] [187/459] MCHP
[11:07:43] [188/459] TMHM
[11:07:43] 🔄 Identity reset
[11:07:43] 🔄 Identity rotated (every 10 requests)
[11:07:44] [189/459] STXH
[11:07:45] [190/459] AGSG
[11:07:45] [191/459] SIRA
[11:07:46] [192/459] RCAN
[11:07:46] [193/459] CWTB
[11:07:47] [194/459] VTYM
[11:07:48] [195/459] RRPP
[11:07:48] [196/459] ASMR
[11:07:49] [197/459] RONO
[11:07:50] [198/459] MEMR
[11:07:50] 🔄 Identity reset
[11:07:50] 🔄 Identity rotated (every 10 requests)
[11:07:50] [199/459] CTMR
[11:07:51] [200/459] PMTT
[11:07:52] [201/459] PSLX
[11:07:52] [202/459] IPPL
[11:07:53] [203/459] MMSG
[11:07:54] [204/459] INEL
[11:07:54] [205/459] COAC
[11:07:55] [206/459] WVLK
[11:07:55] [207/459] PPXL
[11:07:56] [208/459] PSML
[11:07:56] 🔄 Identity reset
[11:07:56] 🔄 Identity rotated (every 10 requests)
[11:07:57] [209/459] FNLK
[11:07:57] [210/459] ILUM
[11:07:58] [211/459] ILCM
[11:07:58] [212/459] MSNL
[11:07:59] [213/459] VINB
[11:08:00] [214/459] SALW
[11:08:01] [215/459] PRTB
[11:08:01] [216/459] NCIL
[11:08:02] [217/459] PSUL
[11:08:02] [218/459] SCLK
[11:08:03] 🔄 Identity reset
[11:08:03] 🔄 Identity rotated (every 10 requests)
[11:08:03] [219/459] ADDC
[11:08:04] [220/459] OACL
[11:08:04] [221/459] OOCF
[11:08:05] [222/459] GPMF
[11:08:06] [223/459] SSDG
[11:08:06] [224/459] SKRS
[11:08:07] [225/459] NTTP
[11:08:08] [226/459] SLTP
[11:08:08] [227/459] JTLC
[11:08:09] [228/459] POON
[11:08:09] 🔄 Identity reset
[11:08:09] 🔄 Identity rotated (every 10 requests)
[11:08:09] [229/459] CCPC
[11:08:10] [230/459] DCKC
[11:08:11] [231/459] CPRT
[11:08:11] [232/459] EYHZ
[11:08:12] [233/459] ARBL
[11:08:13] [234/459] SBTB
[11:08:14] [235/459] MMCK
[11:08:15] [236/459] PLMR
[11:08:15] [237/459] BIJH
[11:08:16] [238/459] SDRT
[11:08:16] 🔄 Identity reset
[11:08:16] 🔄 Identity rotated (every 10 requests)
[11:08:17] 🔄 Retry 1/5 for SDRT in 2.3s
[11:08:17] 🔄 Identity reset
[11:08:19] 🧠 New identity created
[11:08:19] 🔄 Retry 2/5 for SDRT in 4.8s
[11:08:19] 🔄 Identity reset
[11:08:24] 🧠 New identity created
[11:08:24] [239/459] PRDC
[11:08:24] [240/459] OMJA
[11:08:25] [241/459] VKCR
[11:08:26] [242/459] ATRT
[11:08:27] [243/459] WVRP
[11:08:27] [244/459] MVRP
[11:08:28] [245/459] FCAX
[11:08:29] [246/459] CTLC
[11:08:29] 🔄 Identity reset
[11:08:29] 🔄 Identity rotated (every 10 requests)
[11:08:29] 🔄 Retry 1/5 for CTLC in 2.1s
[11:08:29] 🔄 Identity reset
[11:08:31] 🧠 New identity created
[11:08:31] [247/459] JCHB
[11:08:32] [248/459] SELP
[11:08:33] [249/459] VCPG
[11:08:33] [250/459] ASCX
[11:08:34] [251/459] EOCS
[11:08:34] [252/459] RCPH
[11:08:35] [253/459] RJTM
[11:08:36] [254/459] SGMD
[11:08:36] [255/459] SVJT
[11:08:37] 🔄 Identity reset
[11:08:37] 🔄 Identity rotated (every 10 requests)
[11:08:37] [256/459] SPPO
[11:08:38] [257/459] MNRL
[11:08:39] [258/459] KNOX
[11:08:39] [259/459] GIER
[11:08:40] [260/459] PJMS
[11:08:41] [261/459] UNSP
[11:08:41] [262/459] JETP
[11:08:42] [263/459] VTWA
[11:08:43] [264/459] SCJI
[11:08:43] [265/459] CBZZ
[11:08:44] 🔄 Identity reset
[11:08:44] 🔄 Identity rotated (every 10 requests)
[11:08:44] 🔄 Retry 1/5 for CBZZ in 2.6s
[11:08:44] 🔄 Identity reset
[11:08:46] 🧠 New identity created
[11:08:47] [266/459] SDCJ
[11:08:47] [267/459] RRCC
[11:08:48] [268/459] VNKG
[11:08:49] [269/459] LKTO
[11:08:49] [270/459] PJRM
[11:08:50] [271/459] NVRM
[11:08:51] [272/459] SJCS
[11:08:51] [273/459] VIGK
[11:08:52] [274/459] ANST
[11:08:52] 🔄 Identity reset
[11:08:53] 🔄 Identity rotated (every 10 requests)
[11:08:53] 🔄 Retry 1/5 for ANST in 2.6s
[11:08:53] 🔄 Identity reset
[11:08:55] 🧠 New identity created
[11:08:55] 🔄 Retry 2/5 for ANST in 4.7s
[11:08:55] 🔄 Identity reset
[11:09:00] 🧠 New identity created
[11:09:00] [275/459] JTTS
[11:09:01] [276/459] NTST
[11:09:01] [277/459] PREB
[11:09:02] [278/459] TSCZ
[11:09:03] [279/459] CDCM
[11:09:03] [280/459] ELYE
[11:09:04] [281/459] INBS
[11:09:05] [282/459] SMGC
[11:09:05] 🔄 Identity reset
[11:09:05] 🔄 Identity rotated (every 10 requests)
[11:09:06] [283/459] UTMP
[11:09:06] [284/459] INTA
[11:09:07] [285/459] OMPT
[11:09:07] [286/459] SCIR
[11:09:08] [287/459] GCKJ
[11:09:09] [288/459] INOG
[11:09:09] [289/459] SMGB
[11:09:10] [290/459] MCSG
[11:09:11] [291/459] STKG
[11:09:12] [292/459] TTKG
[11:09:12] 🔄 Identity reset
[11:09:12] 🔄 Identity rotated (every 10 requests)
[11:09:12] [293/459] SRTR
[11:09:13] [294/459] ETTR
[11:09:14] [295/459] GGGZ
[11:09:14] [296/459] IPGM
[11:09:15] [297/459] FCDH
[11:09:15] [298/459] DESB
[11:09:16] [299/459] VNTP
[11:09:17] [300/459] ANNT
[11:09:17] [301/459] SLTI
[11:09:18] [302/459] MAJU
[11:09:18] 🔄 Identity reset
[11:09:18] 🔄 Identity rotated (every 10 requests)
[11:09:18] [303/459] JCXP
[11:09:19] [304/459] HARK
[11:09:20] [305/459] JPCJ
[11:09:20] [306/459] RXBD
[11:09:21] [307/459] PTKJ
[11:09:21] [308/459] CMTU
[11:09:22] [309/459] SWOR
[11:09:23] [310/459] JMEX
[11:09:24] [311/459] DTPT
[11:09:24] [312/459] VGMM
[11:09:25] 🔄 Identity reset
[11:09:25] 🔄 Identity rotated (every 10 requests)
[11:09:25] [313/459] VCSG
[11:09:26] [314/459] CVCG
[11:09:26] [315/459] TNTT
[11:09:27] [316/459] SHRM
[11:09:28] [317/459] CGKD
[11:09:28] [318/459] EKCM
[11:09:29] [319/459] SDCX
[11:09:30] [320/459] SBTE
[11:09:30] [321/459] STKJ
[11:09:31] [322/459] TPCE
[11:09:31] 🔄 Identity reset
[11:09:31] 🔄 Identity rotated (every 10 requests)
[11:09:32] [323/459] JTNP
[11:09:32] [324/459] LPCH
[11:09:33] [325/459] CPUO
[11:09:33] [326/459] APSU
[11:09:34] [327/459] RTHC
[11:09:34] [328/459] PTBU
[11:09:35] [329/459] CUCC
[11:09:36] [330/459] CPSA
[11:09:37] [331/459] SUAY
[11:09:37] [332/459] AYAA
[11:09:38] 🔄 Identity reset
[11:09:38] 🔄 Identity rotated (every 10 requests)
[11:09:38] [333/459] MUCH
[11:09:38] [334/459] PCIN
[11:09:39] [335/459] JRRM
[11:09:40] [336/459] KATS
[11:09:40] [337/459] MHFF
[11:09:41] [338/459] ESYM
[11:09:42] [339/459] STYV
[11:09:42] [340/459] SDKG
[11:09:43] [341/459] SMTI
[11:09:44] [342/459] NYCS
[11:09:44] 🔄 Identity reset
[11:09:44] 🔄 Identity rotated (every 10 requests)
[11:09:44] [343/459] MTBG
[11:09:45] [344/459] RHCA
[11:09:46] [345/459] PCKH
[11:09:46] [346/459] ARCR
[11:09:47] [347/459] NCMB
[11:09:48] [348/459] SHYC
[11:09:48] [349/459] LACK
[11:09:49] [350/459] MTCM
[11:09:49] [351/459] RRBN
[11:09:50] [352/459] MYDC
[11:09:50] 🔄 Identity reset
[11:09:51] 🔄 Identity rotated (every 10 requests)
[11:09:51] [353/459] STCS
[11:09:51] [354/459] CONN
[11:09:52] [355/459] SIPS
[11:09:53] [356/459] SMMX
[11:09:53] [357/459] SCBY
[11:09:54] [358/459] SUAP
[11:09:54] [359/459] RSMK
[11:09:55] [360/459] STKP
[11:09:56] [361/459] CIPC
[11:09:56] [362/459] KKCI
[11:09:57] 🔄 Identity reset
[11:09:57] 🔄 Identity rotated (every 10 requests)
[11:09:57] [363/459] CTNK
[11:09:58] [364/459] MMTZ
[11:09:59] [365/459] DCCO
[11:10:00] [366/459] VNMN
[11:10:00] [367/459] RLCN
[11:10:01] [368/459] CMMS
[11:10:02] [369/459] AYOU
[11:10:02] [370/459] SSCN
[11:10:03] [371/459] SMXN
[11:10:04] [372/459] ASSK
[11:10:04] 🔄 Identity reset
[11:10:04] 🔄 Identity rotated (every 10 requests)
[11:10:04] [373/459] VCKM
[11:10:05] [374/459] PCPH
[11:10:06] [375/459] PADM
[11:10:06] [376/459] IESA
[11:10:07] [377/459] VCSP
[11:10:07] [378/459] AEST
[11:10:08] [379/459] VTNR
[11:10:09] [380/459] GTTA
[11:10:10] [381/459] CMMM
[11:10:10] [382/459] AHKT
[11:10:11] 🔄 Identity reset
[11:10:11] 🔄 Identity rotated (every 10 requests)
[11:10:11] [383/459] SIJI
[11:10:12] [384/459] VCEI
[11:10:13] [385/459] SAKR
[11:10:13] [386/459] VSMT
[11:10:14] [387/459] SSCT
[11:10:14] [388/459] USTR
[11:10:15] [389/459] MTKT
[11:10:16] [390/459] TGMP
[11:10:17] [391/459] SIVC
[11:10:17] [392/459] KICT
[11:10:18] 🔄 Identity reset
[11:10:18] 🔄 Identity rotated (every 10 requests)
[11:10:18] [393/459] DAMD
[11:10:18] [394/459] CNPT
[11:10:19] [395/459] RVTT
[11:10:20] [396/459] SNCM
[11:10:20] [397/459] GHTE
[11:10:21] [398/459] PPAM
[11:10:22] [399/459] PVAA
[11:10:22] [400/459] CPAO
[11:10:23] [401/459] HAMD
[11:10:23] [402/459] RCCA
[11:10:24] 🔄 Identity reset
[11:10:24] 🔄 Identity rotated (every 10 requests)
[11:10:25] [403/459] MPCH
[11:10:25] [404/459] ARED
[11:10:26] [405/459] RRCV
[11:10:27] [406/459] MTRB
[11:10:28] [407/459] CKUA
[11:10:28] [408/459] ABMP
[11:10:29] [409/459] RCWA
[11:10:29] [410/459] CGAR
[11:10:30] [411/459] METH
[11:10:30] [412/459] WAGA
[11:10:31] 🔄 Identity reset
[11:10:31] 🔄 Identity rotated (every 10 requests)
[11:10:31] [413/459] MCMA
[11:10:32] [414/459] CSMP
[11:10:32] [415/459] RCNK
[11:10:33] [416/459] PSTM
[11:10:34] [417/459] CSEP
[11:10:34] [418/459] AMGD
[11:10:35] [419/459] CSTE
[11:10:36] [420/459] CONS
[11:10:36] [421/459] APPX
[11:10:37] [422/459] MABC
[11:10:38] 🔄 Identity reset
[11:10:38] 🔄 Identity rotated (every 10 requests)
[11:10:38] [423/459] CXST
[11:10:38] [424/459] MATN
[11:10:39] [425/459] MACZ
[11:10:39] [426/459] MASA
[11:10:40] [427/459] MBSX
[11:10:41] [428/459] CSST
[11:10:41] [429/459] APCL
[11:10:42] [430/459] CGOS
[11:10:42] [431/459] CPEC
[11:10:43] [432/459] MCCP
[11:10:44] 🔄 Identity reset
[11:10:44] 🔄 Identity rotated (every 10 requests)
[11:10:44] [433/459] BSSO
[11:10:45] [434/459] SJKA
[11:10:45] [435/459] CGBO
[11:10:46] [436/459] MVSK
[11:10:47] [437/459] HVCA
[11:10:47] [438/459] NAMD
[11:10:48] [439/459] DEVI
[11:10:49] [440/459] SCSV
[11:10:49] [441/459] PSMA
[11:10:50] [442/459] CLDJ
[11:10:51] 🔄 Identity reset
[11:10:51] 🔄 Identity rotated (every 10 requests)
[11:10:51] [443/459] NMAD
[11:10:52] [444/459] CGMO
[11:10:52] [445/459] MCNA
[11:10:53] [446/459] OCBN
[11:10:53] [447/459] CPEM
[11:10:54] [448/459] CPSM
[11:10:55] [449/459] RCAD
[11:10:55] [450/459] CPMU
[11:10:56] [451/459] DICD
[11:10:56] [452/459] CHOE
[11:10:57] 🔄 Identity reset
[11:10:57] 🔄 Identity rotated (every 10 requests)
[11:10:57] 🔄 Retry 1/5 for CHOE in 2.9s
[11:10:57] 🔄 Identity reset
[11:11:00] 🧠 New identity created
[11:11:00] 🔄 Retry 2/5 for CHOE in 4.6s
[11:11:00] 🔄 Identity reset
[11:11:05] 🧠 New identity created
[11:11:05] [453/459] PDJM
[11:11:05] [454/459] SSTU
[11:11:06] [455/459] VNRN
[11:11:07] [456/459] PVLG
[11:11:07] [457/459] SWBL
[11:11:08] [458/459] SCAB
[11:11:09] [459/459] RDDA
[11:11:09] ✅ DONE | Shows=1770 | Movies=58
