[16:32:45] 🚀 SCRIPT STARTED (enhanced anti‑detection)
[16:32:45] [1/458] MBDC
[16:32:46] 🧠 New identity created
[16:32:46] 🔄 Retry 1/5 for MBDC in 2.3s
[16:32:46] 🔄 Identity reset
[16:32:49] 🧠 New identity created
[16:32:49] [2/458] CHKM
[16:32:50] [3/458] JTKZ
[16:32:51] [4/458] CMCT
[16:32:52] [5/458] ASHO
[16:32:52] [6/458] ECDG
[16:32:54] [7/458] SPAT
[16:32:55] [8/458] HILC
[16:32:56] [9/458] SPPH
[16:32:56] 🔄 Identity reset
[16:32:56] 🔄 Identity rotated (every 10 requests)
[16:32:56] 🔄 Retry 1/5 for SPPH in 2.7s
[16:32:56] 🔄 Identity reset
[16:32:59] 🧠 New identity created
[16:32:59] [10/458] SBHN
[16:33:00] [11/458] RRCA
[16:33:02] [12/458] APAA
[16:33:03] [13/458] RAME
[16:33:03] [14/458] TMMS
[16:33:04] [15/458] BATK
[16:33:05] [16/458] LKOP
[16:33:06] [17/458] AMTT
[16:33:07] [18/458] PTGK
[16:33:08] 🔄 Identity reset
[16:33:08] 🔄 Identity rotated (every 10 requests)
[16:33:08] 🔄 Retry 1/5 for PTGK in 2.3s
[16:33:08] 🔄 Identity reset
[16:33:10] 🧠 New identity created
[16:33:11] [19/458] ANRS
[16:33:12] [20/458] VWBW
[16:33:13] [21/458] SVFG
[16:33:14] [22/458] STAT
[16:33:15] [23/458] GDCV
[16:33:16] [24/458] VEBI
[16:33:17] [25/458] VDSS
[16:33:18] [26/458] NTHV
[16:33:19] [27/458] AOCH
[16:33:19] 🔄 Identity reset
[16:33:19] 🔄 Identity rotated (every 10 requests)
[16:33:19] [28/458] KASR
[16:33:20] [29/458] AYCS
[16:33:21] [30/458] SHAI
[16:33:22] [31/458] SKPE
[16:33:23] [32/458] SBTA
[16:33:24] [33/458] RTTD
[16:33:24] [34/458] CCJD
[16:33:25] [35/458] RSJJ
[16:33:26] [36/458] RKND
[16:33:27] [37/458] SVTX
[16:33:28] 🔄 Identity reset
[16:33:28] 🔄 Identity rotated (every 10 requests)
[16:33:28] [38/458] BAKM
[16:33:29] [39/458] SVDC
[16:33:30] [40/458] MNCV
[16:33:31] [41/458] SJGC
[16:33:32] [42/458] MTPK
[16:33:32] [43/458] GATP
[16:33:33] [44/458] ABTS
[16:33:35] [45/458] ABDE
[16:33:36] [46/458] RCNM
[16:33:37] [47/458] KTHV
[16:33:37] 🔄 Identity reset
[16:33:37] 🔄 Identity rotated (every 10 requests)
[16:33:37] 🔄 Retry 1/5 for KTHV in 2.6s
[16:33:37] 🔄 Identity reset
[16:33:40] 🧠 New identity created
[16:33:40] 🔄 Retry 2/5 for KTHV in 4.1s
[16:33:40] 🔄 Identity reset
[16:33:44] 🧠 New identity created
[16:33:44] 🔄 Retry 3/5 for KTHV in 8.6s
[16:33:44] 🔄 Identity reset
[16:33:53] 🧠 New identity created
[16:33:53] 🔄 Retry 4/5 for KTHV in 16.3s
[16:33:53] 🔄 Identity reset
[16:34:09] 🧠 New identity created
[16:34:09] [48/458] MDGJ
[16:34:10] [49/458] SMLM
[16:34:12] [50/458] JTMA
[16:34:12] [51/458] ACKP
[16:34:13] [52/458] SRTA
[16:34:14] [53/458] STAY
[16:34:15] 🔄 Identity reset
[16:34:15] 🔄 Identity rotated (every 10 requests)
[16:34:15] 🔄 Retry 1/5 for STAY in 2.7s
[16:34:15] 🔄 Identity reset
[16:34:18] 🧠 New identity created
[16:34:18] [54/458] MAVO
[16:34:20] [55/458] APTS
[16:34:21] [56/458] OMEA
[16:34:21] [57/458] TTFD
[16:34:23] [58/458] MJCU
[16:34:24] [59/458] CXTE
[16:34:25] [60/458] CTPX
[16:34:27] [61/458] ASSL
[16:34:28] [62/458] CMVB
[16:34:29] 🔄 Identity reset
[16:34:29] 🔄 Identity rotated (every 10 requests)
[16:34:29] [63/458] VPUR
[16:34:30] [64/458] JJDA
[16:34:31] [65/458] INBL
[16:34:32] [66/458] BIKB
[16:34:33] [67/458] NTBB
[16:34:34] [68/458] GLOB
[16:34:36] [69/458] SNTB
[16:34:37] [70/458] CHGV
[16:34:38] [71/458] SSBZ
[16:34:39] [72/458] PRDB
[16:34:40] 🔄 Identity reset
[16:34:40] 🔄 Identity rotated (every 10 requests)
[16:34:40] [73/458] ISMT
[16:34:41] [74/458] MCSD
[16:34:41] [75/458] JBTT
[16:34:42] [76/458] GEKR
[16:34:43] [77/458] PVUN
[16:34:44] [78/458] NRTB
[16:34:45] [79/458] PRAA
[16:34:45] [80/458] PCBL
[16:34:46] [81/458] PTCM
[16:34:47] [82/458] KHNN
[16:34:48] 🔄 Identity reset
[16:34:48] 🔄 Identity rotated (every 10 requests)
[16:34:48] [83/458] OMJE
[16:34:49] [84/458] STGN
[16:34:50] [85/458] RPMS
[16:34:50] [86/458] NWAD
[16:34:51] [87/458] BLCK
[16:34:52] [88/458] SVAA
[16:34:53] [89/458] URVM
[16:34:54] [90/458] ANTM
[16:34:55] [91/458] VJYM
[16:34:56] [92/458] MAZZ
[16:34:57] 🔄 Identity reset
[16:34:57] 🔄 Identity rotated (every 10 requests)
[16:34:57] 🔄 Retry 1/5 for MAZZ in 2.7s
[16:34:57] 🔄 Identity reset
[16:34:59] 🧠 New identity created
[16:35:00] [93/458] CSHM
[16:35:01] [94/458] WGMH
[16:35:02] [95/458] SALN
[16:35:03] [96/458] BRTP
[16:35:04] [97/458] SVTA
[16:35:05] [98/458] SBTP
[16:35:06] [99/458] VLSS
[16:35:06] [100/458] SRJA
[16:35:07] [101/458] ANCG
[16:35:08] 🔄 Identity reset
[16:35:08] 🔄 Identity rotated (every 10 requests)
[16:35:08] 🔄 Retry 1/5 for ANCG in 2.4s
[16:35:08] 🔄 Identity reset
[16:35:10] 🧠 New identity created
[16:35:10] [102/458] CGGC
[16:35:12] [103/458] CRJA
[16:35:13] [104/458] USCR
[16:35:14] [105/458] MMEF
[16:35:15] [106/458] JCRJ
[16:35:16] [107/458] ADCM
[16:35:17] [108/458] BMYK
[16:35:18] [109/458] KICS
[16:35:19] [110/458] MBBT
[16:35:20] 🔄 Identity reset
[16:35:20] 🔄 Identity rotated (every 10 requests)
[16:35:20] [111/458] MACK
[16:35:21] [112/458] CLDR
[16:35:22] [113/458] JYCR
[16:35:23] [114/458] DCRP
[16:35:24] [115/458] RAHT
[16:35:25] [116/458] CSSM
[16:35:26] [117/458] ATPK
[16:35:26] [118/458] KLRT
[16:35:28] [119/458] SRDD
[16:35:29] [120/458] CKMC
[16:35:29] 🔄 Identity reset
[16:35:29] 🔄 Identity rotated (every 10 requests)
[16:35:30] [121/458] KRVM
[16:35:31] [122/458] AKCP
[16:35:32] [123/458] CNCV
[16:35:32] [124/458] PACT
[16:35:33] [125/458] NATP
[16:35:34] [126/458] PCPK
[16:35:35] [127/458] SMHO
[16:35:35] [128/458] CWTK
[16:35:36] [129/458] RVKZ
[16:35:37] [130/458] ASPD
[16:35:38] 🔄 Identity reset
[16:35:38] 🔄 Identity rotated (every 10 requests)
[16:35:38] [131/458] VTKZ
[16:35:39] [132/458] LCSO
[16:35:40] [133/458] PRDY
[16:35:41] [134/458] RCAP
[16:35:41] [135/458] RGAR
[16:35:42] [136/458] RCAC
[16:35:43] [137/458] PMOD
[16:35:44] [138/458] PVCN
[16:35:45] [139/458] SCRZ
[16:35:46] [140/458] PVPC
[16:35:47] 🔄 Identity reset
[16:35:47] 🔄 Identity rotated (every 10 requests)
[16:35:47] [141/458] STID
[16:35:48] [142/458] NEDD
[16:35:48] [143/458] BNBA
[16:35:49] [144/458] NTCD
[16:35:50] [145/458] OCDE
[16:35:51] [146/458] CCDU
[16:35:52] [147/458] CRXH
[16:35:53] [148/458] VLVT
[16:35:54] [149/458] CICI
[16:35:55] [150/458] SUCB
[16:35:55] 🔄 Identity reset
[16:35:55] 🔄 Identity rotated (every 10 requests)
[16:35:55] 🔄 Retry 1/5 for SUCB in 2.8s
[16:35:55] 🔄 Identity reset
[16:35:58] 🧠 New identity created
[16:35:58] 🔄 Retry 2/5 for SUCB in 4.1s
[16:35:58] 🔄 Identity reset
[16:36:02] 🧠 New identity created
[16:36:02] 🔄 Retry 3/5 for SUCB in 8.0s
[16:36:02] 🔄 Identity reset
[16:36:10] 🧠 New identity created
[16:36:10] [151/458] TCBP
[16:36:12] [152/458] SCCY
[16:36:13] [153/458] LXCY
[16:36:14] [154/458] NCMD
[16:36:15] [155/458] PHCS
[16:36:16] [156/458] DUXR
[16:36:18] [157/458] VNKS
[16:36:18] 🔄 Identity reset
[16:36:18] 🔄 Identity rotated (every 10 requests)
[16:36:18] 🔄 Retry 1/5 for VNKS in 2.3s
[16:36:18] 🔄 Identity reset
[16:36:20] 🧠 New identity created
[16:36:21] [158/458] SEDP
[16:36:22] [159/458] SVEN
[16:36:23] [160/458] SRKM
[16:36:24] [161/458] JTLT
[16:36:25] [162/458] SVSS
[16:36:26] [163/458] AMDE
[16:36:27] [164/458] WVRN
[16:36:28] [165/458] ISMG
[16:36:28] [166/458] WVKS
[16:36:29] 🔄 Identity reset
[16:36:29] 🔄 Identity rotated (every 10 requests)
[16:36:30] [167/458] USCG
[16:36:31] [168/458] IOTG
[16:36:32] [169/458] RRJM
[16:36:33] [170/458] EDMP
[16:36:34] [171/458] SCGZ
[16:36:35] [172/458] GMGX
[16:36:36] [173/458] OMTP
[16:36:37] [174/458] MITD
[16:36:38] [175/458] SMMD
[16:36:39] [176/458] STML
[16:36:40] 🔄 Identity reset
[16:36:40] 🔄 Identity rotated (every 10 requests)
[16:36:40] 🔄 Retry 1/5 for STML in 2.5s
[16:36:40] 🔄 Identity reset
[16:36:42] 🧠 New identity created
[16:36:42] [177/458] MCFS
[16:36:43] [178/458] FPKA
[16:36:44] [179/458] OMLR
[16:36:45] [180/458] KKSC
[16:36:46] [181/458] RVMA
[16:36:47] [182/458] SCLL
[16:36:48] [183/458] SCDK
[16:36:49] [184/458] SXMI
[16:36:50] [185/458] SHDN
[16:36:51] 🔄 Identity reset
[16:36:51] 🔄 Identity rotated (every 10 requests)
[16:36:51] [186/458] PAAD
[16:36:52] [187/458] UUCB
[16:36:53] [188/458] JHOL
[16:36:54] [189/458] SGWT
[16:36:55] [190/458] SRII
[16:36:55] [191/458] SGCK
[16:36:56] [192/458] SVVB
[16:36:57] [193/458] DMHA
[16:36:58] [194/458] PPNL
[16:36:59] [195/458] CPNL
[16:36:59] 🔄 Identity reset
[16:37:00] 🔄 Identity rotated (every 10 requests)
[16:37:00] 🔄 Retry 1/5 for CPNL in 2.0s
[16:37:00] 🔄 Identity reset
[16:37:02] 🧠 New identity created
[16:37:02] [196/458] WVLD
[16:37:03] [197/458] PSLV
[16:37:04] [198/458] VTTL
[16:37:05] [199/458] NPAD
[16:37:06] [200/458] PVCS
[16:37:06] [201/458] MCHL
[16:37:07] [202/458] PPLL
[16:37:08] [203/458] MALO
[16:37:09] [204/458] SWBH
[16:37:10] 🔄 Identity reset
[16:37:10] 🔄 Identity rotated (every 10 requests)
[16:37:10] 🔄 Retry 1/5 for SWBH in 2.6s
[16:37:10] 🔄 Identity reset
[16:37:12] 🧠 New identity created
[16:37:13] [205/458] PUGB
[16:37:14] [206/458] INBB
[16:37:15] [207/458] INNS
[16:37:15] [208/458] MCPT
[16:37:16] [209/458] SCMI
[16:37:17] [210/458] OCON
[16:37:19] [211/458] SCSM
[16:37:19] [212/458] RJVN
[16:37:20] [213/458] AMDK
[16:37:21] 🔄 Identity reset
[16:37:21] 🔄 Identity rotated (every 10 requests)
[16:37:21] [214/458] ISMR
[16:37:22] [215/458] SMTD
[16:37:24] [216/458] VTDD
[16:37:25] [217/458] PDDZ
[16:37:26] [218/458] PCCK
[16:37:27] [219/458] INAM
[16:37:28] [220/458] FNKT
[16:37:29] [221/458] GDKA
[16:37:30] [222/458] MAYU
[16:37:30] [223/458] TCGU
[16:37:31] 🔄 Identity reset
[16:37:31] 🔄 Identity rotated (every 10 requests)
[16:37:31] [224/458] KDCA
[16:37:32] [225/458] DOMY
[16:37:34] [226/458] PDDD
[16:37:35] [227/458] BJTS
[16:37:36] [228/458] VTCA
[16:37:37] [229/458] SBTM
[16:37:38] [230/458] SEET
[16:37:39] [231/458] SSTJ
[16:37:40] [232/458] SVNT
[16:37:41] [233/458] PPPR
[16:37:42] 🔄 Identity reset
[16:37:42] 🔄 Identity rotated (every 10 requests)
[16:37:43] [234/458] PVYS
[16:37:44] [235/458] IOSE
[16:37:45] [236/458] ACTV
[16:37:45] [237/458] APVE
[16:37:46] [238/458] TCCL
[16:37:47] [239/458] SCMO
[16:37:48] [240/458] SAUM
[16:37:50] [241/458] KCJS
[16:37:51] [242/458] NJCJ
[16:37:52] [243/458] NECF
[16:37:52] 🔄 Identity reset
[16:37:52] 🔄 Identity rotated (every 10 requests)
[16:37:53] 🔄 Retry 1/5 for NECF in 2.2s
[16:37:53] 🔄 Identity reset
[16:37:55] 🧠 New identity created
[16:37:55] 🔄 Retry 2/5 for NECF in 4.8s
[16:37:55] 🔄 Identity reset
[16:38:00] 🧠 New identity created
[16:38:00] [244/458] CCGW
[16:38:01] [245/458] CCMG
[16:38:02] [246/458] NYRG
[16:38:03] [247/458] NCSQ
[16:38:04] [248/458] GRCG
[16:38:05] [249/458] CCBT
[16:38:06] [250/458] ACGA
[16:38:07] [251/458] INAG
[16:38:08] 🔄 Identity reset
[16:38:08] 🔄 Identity rotated (every 10 requests)
[16:38:08] 🔄 Retry 1/5 for INAG in 2.4s
[16:38:08] 🔄 Identity reset
[16:38:10] 🧠 New identity created
[16:38:10] 🔄 Retry 2/5 for INAG in 4.7s
[16:38:10] 🔄 Identity reset
[16:38:15] 🧠 New identity created
[16:38:16] [252/458] FUCG
[16:38:17] [253/458] AICF
[16:38:17] [254/458] GRGA
[16:38:19] [255/458] GDCN
[16:38:20] [256/458] RRCG
[16:38:21] [257/458] SDCH
[16:38:23] [258/458] WVJM
[16:38:24] [259/458] JCCZ
[16:38:25] 🔄 Identity reset
[16:38:25] 🔄 Identity rotated (every 10 requests)
[16:38:25] [260/458] CNCL
[16:38:26] [261/458] TMLV
[16:38:28] [262/458] MEMB
[16:38:28] [263/458] SGTD
[16:38:29] [264/458] CONX
[16:38:30] [265/458] CCMH
[16:38:31] [266/458] ACMC
[16:38:32] [267/458] DTPD
[16:38:33] [268/458] POJA
[16:38:34] [269/458] FNBH
[16:38:34] 🔄 Identity reset
[16:38:34] 🔄 Identity rotated (every 10 requests)
[16:38:35] [270/458] CGCB
[16:38:36] [271/458] RACN
[16:38:36] [272/458] JTSM
[16:38:37] [273/458] SCDN
[16:38:38] [274/458] AACK
[16:38:39] [275/458] RMCE
[16:38:40] [276/458] BSGB
[16:38:41] [277/458] MRCB
[16:38:42] [278/458] SRVR
[16:38:43] [279/458] VTKK
[16:38:43] 🔄 Identity reset
[16:38:43] 🔄 Identity rotated (every 10 requests)
[16:38:44] [280/458] AMST
[16:38:44] [281/458] APCY
[16:38:45] [282/458] LMHO
[16:38:46] [283/458] MTZH
[16:38:47] [284/458] AMZB
[16:38:48] [285/458] SUVT
[16:38:49] [286/458] RCIP
[16:38:50] [287/458] KESR
[16:38:51] [288/458] SNKC
[16:38:52] [289/458] SCED
[16:38:52] 🔄 Identity reset
[16:38:52] 🔄 Identity rotated (every 10 requests)
[16:38:52] [290/458] DVCA
[16:38:53] [291/458] VCDT
[16:38:54] [292/458] RRDI
[16:38:55] [293/458] DFCH
[16:38:56] [294/458] INSC
[16:38:57] [295/458] RGTR
[16:38:58] [296/458] FMOT
[16:39:00] [297/458] SCPM
[16:39:00] [298/458] GCDT
[16:39:01] [299/458] BRKT
[16:39:02] 🔄 Identity reset
[16:39:02] 🔄 Identity rotated (every 10 requests)
[16:39:02] [300/458] DEMP
[16:39:04] [301/458] SRLC
[16:39:05] [302/458] KSTT
[16:39:06] [303/458] SMMT
[16:39:06] [304/458] SILM
[16:39:07] [305/458] JCVM
[16:39:08] [306/458] KCSV
[16:39:09] [307/458] MHLK
[16:39:10] [308/458] SLVL
[16:39:11] [309/458] RJKP
[16:39:12] 🔄 Identity reset
[16:39:12] 🔄 Identity rotated (every 10 requests)
[16:39:12] [310/458] BBPC
[16:39:13] [311/458] MXCB
[16:39:14] [312/458] TCPK
[16:39:16] [313/458] RTBR
[16:39:17] [314/458] GAUT
[16:39:18] [315/458] DVCF
[16:39:19] [316/458] JTSB
[16:39:21] [317/458] SBLS
[16:39:22] [318/458] UDAY
[16:39:23] [319/458] PTNP
[16:39:24] 🔄 Identity reset
[16:39:24] 🔄 Identity rotated (every 10 requests)
[16:39:24] [320/458] DMKT
[16:39:26] [321/458] NTDT
[16:39:27] [322/458] SHDJ
[16:39:28] [323/458] OTNC
[16:39:29] [324/458] RNTW
[16:39:30] [325/458] GCMI
[16:39:31] [326/458] CRCM
[16:39:32] [327/458] NNCZ
[16:39:32] [328/458] OEMO
[16:39:33] [329/458] PVJM
[16:39:34] 🔄 Identity reset
[16:39:34] 🔄 Identity rotated (every 10 requests)
[16:39:34] 🔄 Retry 1/5 for PVJM in 3.0s
[16:39:34] 🔄 Identity reset
[16:39:37] 🧠 New identity created
[16:39:37] 🔄 Retry 2/5 for PVJM in 4.5s
[16:39:37] 🔄 Identity reset
[16:39:41] 🧠 New identity created
[16:39:42] 🔄 Retry 3/5 for PVJM in 8.7s
[16:39:42] 🔄 Identity reset
[16:39:50] 🧠 New identity created
[16:39:51] [330/458] CPJI
[16:39:51] [331/458] RMCJ
[16:39:52] [332/458] CNWJ
[16:39:53] [333/458] EPJM
[16:39:54] [334/458] FNJJ
[16:39:55] [335/458] GCMJ
[16:39:56] [336/458] INPS
[16:39:56] 🔄 Identity reset
[16:39:56] 🔄 Identity rotated (every 10 requests)
[16:39:56] 🔄 Retry 1/5 for INPS in 2.2s
[16:39:56] 🔄 Identity reset
[16:39:58] 🧠 New identity created
[16:39:59] [337/458] BICJ
[16:40:00] [338/458] ISTJ
[16:40:01] [339/458] INJC
[16:40:03] [340/458] GLXJ
[16:40:04] [341/458] INEM
[16:40:05] [342/458] JTMN
[16:40:05] [343/458] FRCJ
[16:40:06] [344/458] DDJP
[16:40:07] [345/458] INJV
[16:40:08] 🔄 Identity reset
[16:40:08] 🔄 Identity rotated (every 10 requests)
[16:40:08] [346/458] GOLC
[16:40:09] [347/458] KOCI
[16:40:10] [348/458] FSTD
[16:40:11] [349/458] PACJ
[16:40:12] [350/458] GMCN
[16:40:13] [351/458] MMDJ
[16:40:14] [352/458] GODH
[16:40:15] [353/458] SKYN
[16:40:16] [354/458] NCTH
[16:40:17] [355/458] SKVZ
[16:40:17] 🔄 Identity reset
[16:40:17] 🔄 Identity rotated (every 10 requests)
[16:40:18] [356/458] SVML
[16:40:19] [357/458] ACVZ
[16:40:19] [358/458] SURA
[16:40:20] [359/458] RTRB
[16:40:21] [360/458] LLCT
[16:40:22] [361/458] ATTS
[16:40:23] [362/458] JYCM
[16:40:24] [363/458] CTKR
[16:40:25] [364/458] LCKR
[16:40:26] [365/458] NYCV
[16:40:26] 🔄 Identity reset
[16:40:26] 🔄 Identity rotated (every 10 requests)
[16:40:27] [366/458] NYOH
[16:40:27] [367/458] NOVX
[16:40:28] [368/458] MRGK
[16:40:29] [369/458] MOON
[16:40:30] [370/458] SBUC
[16:40:31] [371/458] GSVA
[16:40:32] [372/458] VIAK
[16:40:33] [373/458] SMVZ
[16:40:34] [374/458] MATE
[16:40:35] [375/458] RDCN
[16:40:36] 🔄 Identity reset
[16:40:36] 🔄 Identity rotated (every 10 requests)
[16:40:36] [376/458] ASBL
[16:40:37] [377/458] ASVS
[16:40:38] [378/458] ASSR
[16:40:39] [379/458] SSKN
[16:40:39] [380/458] DRPV
[16:40:40] [381/458] MRHT
[16:40:41] [382/458] BSCN
[16:40:42] [383/458] RKNX
[16:40:43] [384/458] MSMC
[16:40:44] [385/458] MSCJ
[16:40:44] 🔄 Identity reset
[16:40:44] 🔄 Identity rotated (every 10 requests)
[16:40:45] [386/458] BTBJ
[16:40:46] [387/458] MJCC
[16:40:46] [388/458] IOMM
[16:40:47] [389/458] ADGR
[16:40:48] [390/458] MYCP
[16:40:49] [391/458] IGCM
[16:40:50] [392/458] PGRK
[16:40:51] [393/458] VPGO
[16:40:52] [394/458] KOMS
[16:40:52] [395/458] URGG
[16:40:53] 🔄 Identity reset
[16:40:53] 🔄 Identity rotated (every 10 requests)
[16:40:53] [396/458] GOST
[16:40:54] [397/458] LACT
[16:40:55] [398/458] BWCM
[16:40:57] [399/458] NCCW
[16:40:58] [400/458] SKYC
[16:40:59] [401/458] CCPM
[16:41:00] [402/458] VCBT
[16:41:01] [403/458] SDKR
[16:41:02] [404/458] CTYB
[16:41:03] [405/458] SHCX
[16:41:04] 🔄 Identity reset
[16:41:04] 🔄 Identity rotated (every 10 requests)
[16:41:04] 🔄 Retry 1/5 for SHCX in 2.0s
[16:41:04] 🔄 Identity reset
[16:41:06] 🧠 New identity created
[16:41:06] [406/458] RCUN
[16:41:08] [407/458] CNRA
[16:41:09] [408/458] RFCA
[16:41:10] [409/458] RDCU
[16:41:10] [410/458] SARK
[16:41:11] [411/458] SPPP
[16:41:12] [412/458] ADMB
[16:41:13] [413/458] JYOE
[16:41:14] [414/458] SRMD
[16:41:14] 🔄 Identity reset
[16:41:14] 🔄 Identity rotated (every 10 requests)
[16:41:15] 🔄 Retry 1/5 for SRMD in 2.0s
[16:41:15] 🔄 Identity reset
[16:41:17] 🧠 New identity created
[16:41:18] [415/458] RJDH
[16:41:19] [416/458] SSTD
[16:41:19] [417/458] AACV
[16:41:20] [418/458] PPVD
[16:41:21] [419/458] STCP
[16:41:22] [420/458] ANLS
[16:41:23] [421/458] BIJO
[16:41:24] [422/458] AVAB
[16:41:25] [423/458] SPMD
[16:41:25] 🔄 Identity reset
[16:41:25] 🔄 Identity rotated (every 10 requests)
[16:41:26] [424/458] SVJL
[16:41:28] [425/458] SDDJ
[16:41:29] [426/458] SLTU
[16:41:30] [427/458] SAKA
[16:41:30] [428/458] PMAM
[16:41:31] [429/458] FNAM
[16:41:32] [430/458] ACAM
[16:41:33] [431/458] SCMM
[16:41:34] [432/458] PMAK
[16:41:35] [433/458] NYSA
[16:41:36] 🔄 Identity reset
[16:41:36] 🔄 Identity rotated (every 10 requests)
[16:41:36] [434/458] FCPA
[16:41:37] [435/458] GDAN
[16:41:38] [436/458] RSCA
[16:41:39] [437/458] DMAN
[16:41:40] [438/458] DZCM
[16:41:42] [439/458] NSGL
[16:41:43] [440/458] CCPP
[16:41:43] [441/458] PSMG
[16:41:44] [442/458] GSER
[16:41:45] [443/458] FCCT
[16:41:46] 🔄 Identity reset
[16:41:46] 🔄 Identity rotated (every 10 requests)
[16:41:46] 🔄 Retry 1/5 for FCCT in 2.3s
[16:41:46] 🔄 Identity reset
[16:41:48] 🧠 New identity created
[16:41:48] [444/458] FCTB
[16:41:49] [445/458] LCNK
[16:41:50] [446/458] SKTY
[16:41:51] [447/458] INAA
[16:41:52] [448/458] RCWN
[16:41:53] [449/458] VAIS
[16:41:54] [450/458] CVMN
[16:41:55] [451/458] INTS
[16:41:56] [452/458] FRGS
[16:41:56] 🔄 Identity reset
[16:41:56] 🔄 Identity rotated (every 10 requests)
[16:41:57] [453/458] DTCK
[16:41:58] [454/458] MCMH
[16:41:59] [455/458] ECRR
[16:41:59] [456/458] RLLP
[16:42:00] [457/458] CCSN
[16:42:01] [458/458] CCBA
[16:42:02] 🧹 Deduping shows
[16:42:02] ✅ DONE | Shows=838 | Movies=27
[04:58:45] 🚀 SCRIPT STARTED (enhanced anti‑detection)
[04:58:45] [1/458] MBDC
[04:58:46] 🧠 New identity created
[04:58:46] 🔄 Retry 1/5 for MBDC in 2.1s
[04:58:46] 🔄 Identity reset
[04:58:48] 🧠 New identity created
[04:58:48] [2/458] CHKM
[04:58:49] [3/458] JTKZ
[04:58:50] [4/458] CMCT
[04:58:51] [5/458] ASHO
[04:58:52] [6/458] ECDG
[04:58:53] [7/458] SPAT
[04:58:54] [8/458] HILC
[04:58:54] [9/458] SPPH
[04:58:55] 🔄 Identity reset
[04:58:55] 🔄 Identity rotated (every 10 requests)
[04:58:56] [10/458] SBHN
[04:58:57] [11/458] RRCA
[04:58:58] [12/458] APAA
[04:58:58] [13/458] RAME
[04:58:59] [14/458] TMMS
[04:59:00] [15/458] BATK
[04:59:01] [16/458] LKOP
[04:59:01] [17/458] AMTT
[04:59:02] [18/458] PTGK
[04:59:03] [19/458] ANRS
[04:59:04] 🔄 Identity reset
[04:59:04] 🔄 Identity rotated (every 10 requests)
[04:59:05] [20/458] VWBW
[04:59:06] [21/458] SVFG
[04:59:07] [22/458] STAT
[04:59:07] [23/458] GDCV
[04:59:08] [24/458] VEBI
[04:59:10] [25/458] VDSS
[04:59:11] [26/458] NTHV
[04:59:12] [27/458] AOCH
[04:59:13] [28/458] KASR
[04:59:14] [29/458] AYCS
[04:59:14] 🔄 Identity reset
[04:59:14] 🔄 Identity rotated (every 10 requests)
[04:59:14] 🔄 Retry 1/5 for AYCS in 2.5s
[04:59:14] 🔄 Identity reset
[04:59:17] 🧠 New identity created
[04:59:17] 🔄 Retry 2/5 for AYCS in 5.0s
[04:59:17] 🔄 Identity reset
[04:59:22] 🧠 New identity created
[04:59:22] [30/458] SHAI
[04:59:23] [31/458] SKPE
[04:59:24] [32/458] SBTA
[04:59:24] [33/458] RTTD
[04:59:25] [34/458] CCJD
[04:59:26] [35/458] RSJJ
[04:59:27] [36/458] RKND
[04:59:28] [37/458] SVTX
[04:59:29] 🔄 Identity reset
[04:59:29] 🔄 Identity rotated (every 10 requests)
[04:59:29] [38/458] BAKM
[04:59:30] [39/458] SVDC
[04:59:31] [40/458] MNCV
[04:59:32] [41/458] SJGC
[04:59:33] [42/458] MTPK
[04:59:33] [43/458] GATP
[04:59:34] [44/458] ABTS
[04:59:35] [45/458] ABDE
[04:59:37] [46/458] RCNM
[04:59:37] [47/458] KTHV
[04:59:38] 🔄 Identity reset
[04:59:38] 🔄 Identity rotated (every 10 requests)
[04:59:39] [48/458] MDGJ
[04:59:40] [49/458] SMLM
[04:59:41] [50/458] JTMA
[04:59:42] [51/458] ACKP
[04:59:44] [52/458] SRTA
[04:59:45] [53/458] STAY
[04:59:46] [54/458] MAVO
[04:59:46] [55/458] APTS
[04:59:47] [56/458] OMEA
[04:59:48] [57/458] TTFD
[04:59:49] 🔄 Identity reset
[04:59:49] 🔄 Identity rotated (every 10 requests)
[04:59:49] [58/458] MJCU
[04:59:50] [59/458] CXTE
[04:59:51] [60/458] CTPX
[04:59:51] [61/458] ASSL
[04:59:52] [62/458] CMVB
[04:59:53] [63/458] VPUR
[04:59:54] [64/458] JJDA
[04:59:55] [65/458] INBL
[04:59:56] [66/458] BIKB
[04:59:57] [67/458] NTBB
[04:59:57] 🔄 Identity reset
[04:59:57] 🔄 Identity rotated (every 10 requests)
[04:59:58] 🔄 Retry 1/5 for NTBB in 2.1s
[04:59:58] 🔄 Identity reset
[05:00:00] 🧠 New identity created
[05:00:00] [68/458] GLOB
[05:00:01] [69/458] SNTB
[05:00:02] [70/458] CHGV
[05:00:02] [71/458] SSBZ
[05:00:03] [72/458] PRDB
[05:00:05] [73/458] ISMT
[05:00:06] [74/458] MCSD
[05:00:07] [75/458] JBTT
[05:00:08] [76/458] GEKR
[05:00:09] 🔄 Identity reset
[05:00:09] 🔄 Identity rotated (every 10 requests)
[05:00:09] 🔄 Retry 1/5 for GEKR in 2.5s
[05:00:09] 🔄 Identity reset
[05:00:11] 🧠 New identity created
[05:00:11] 🔄 Retry 2/5 for GEKR in 4.4s
[05:00:11] 🔄 Identity reset
[05:00:16] 🧠 New identity created
[05:00:16] 🔄 Retry 3/5 for GEKR in 8.8s
[05:00:16] 🔄 Identity reset
[05:00:24] 🧠 New identity created
[05:00:24] 🔄 Retry 4/5 for GEKR in 16.3s
[05:00:24] 🔄 Identity reset
[05:00:41] 🧠 New identity created
[05:00:41] [77/458] PVUN
[05:00:42] [78/458] NRTB
[05:00:43] [79/458] PRAA
[05:00:44] [80/458] PCBL
[05:00:45] [81/458] PTCM
[05:00:46] [82/458] KHNN
[05:00:46] 🔄 Identity reset
[05:00:46] 🔄 Identity rotated (every 10 requests)
[05:00:46] [83/458] OMJE
[05:00:48] [84/458] STGN
[05:00:49] [85/458] RPMS
[05:00:49] [86/458] NWAD
[05:00:50] [87/458] BLCK
[05:00:51] [88/458] SVAA
[05:00:52] [89/458] URVM
[05:00:54] [90/458] ANTM
[05:00:54] [91/458] VJYM
[05:00:55] [92/458] MAZZ
[05:00:56] 🔄 Identity reset
[05:00:56] 🔄 Identity rotated (every 10 requests)
[05:00:56] [93/458] CSHM
[05:00:57] [94/458] WGMH
[05:00:58] [95/458] SALN
[05:00:58] [96/458] BRTP
[05:00:59] [97/458] SVTA
[05:01:00] [98/458] SBTP
[05:01:01] [99/458] VLSS
[05:01:02] [100/458] SRJA
[05:01:03] [101/458] ANCG
[05:01:04] [102/458] CGGC
[05:01:05] 🔄 Identity reset
[05:01:05] 🔄 Identity rotated (every 10 requests)
[05:01:05] 🔄 Retry 1/5 for CGGC in 2.9s
[05:01:05] 🔄 Identity reset
[05:01:08] 🧠 New identity created
[05:01:08] [103/458] CRJA
[05:01:09] [104/458] USCR
[05:01:10] [105/458] MMEF
[05:01:11] [106/458] JCRJ
[05:01:12] [107/458] ADCM
[05:01:13] [108/458] BMYK
[05:01:14] [109/458] KICS
[05:01:15] [110/458] MBBT
[05:01:16] [111/458] MACK
[05:01:17] 🔄 Identity reset
[05:01:17] 🔄 Identity rotated (every 10 requests)
[05:01:17] 🔄 Retry 1/5 for MACK in 2.2s
[05:01:17] 🔄 Identity reset
[05:01:19] 🧠 New identity created
[05:01:19] [112/458] CLDR
[05:01:20] [113/458] JYCR
[05:01:21] [114/458] DCRP
[05:01:22] [115/458] RAHT
[05:01:23] [116/458] CSSM
[05:01:24] [117/458] ATPK
[05:01:25] [118/458] KLRT
[05:01:26] [119/458] SRDD
[05:01:27] [120/458] CKMC
[05:01:27] 🔄 Identity reset
[05:01:27] 🔄 Identity rotated (every 10 requests)
[05:01:27] 🔄 Retry 1/5 for CKMC in 2.3s
[05:01:27] 🔄 Identity reset
[05:01:30] 🧠 New identity created
[05:01:30] [121/458] KRVM
[05:01:31] [122/458] AKCP
[05:01:32] [123/458] CNCV
[05:01:33] [124/458] PACT
[05:01:33] [125/458] NATP
[05:01:34] [126/458] PCPK
[05:01:36] [127/458] SMHO
[05:01:37] [128/458] CWTK
[05:01:37] [129/458] RVKZ
[05:01:38] 🔄 Identity reset
[05:01:38] 🔄 Identity rotated (every 10 requests)
[05:01:38] [130/458] ASPD
[05:01:39] [131/458] VTKZ
[05:01:40] [132/458] LCSO
[05:01:41] [133/458] PRDY
[05:01:42] [134/458] RCAP
[05:01:43] [135/458] RGAR
[05:01:44] [136/458] RCAC
[05:01:44] [137/458] PMOD
[05:01:45] [138/458] PVCN
[05:01:46] [139/458] SCRZ
[05:01:47] 🔄 Identity reset
[05:01:47] 🔄 Identity rotated (every 10 requests)
[05:01:47] 🔄 Retry 1/5 for SCRZ in 2.2s
[05:01:47] 🔄 Identity reset
[05:01:49] 🧠 New identity created
[05:01:49] [140/458] PVPC
[05:01:51] [141/458] STID
[05:01:52] [142/458] NEDD
[05:01:53] [143/458] BNBA
[05:01:53] [144/458] NTCD
[05:01:54] [145/458] OCDE
[05:01:55] [146/458] CCDU
[05:01:56] [147/458] CRXH
[05:01:57] [148/458] VLVT
[05:01:57] 🔄 Identity reset
[05:01:57] 🔄 Identity rotated (every 10 requests)
[05:01:57] 🔄 Retry 1/5 for VLVT in 2.2s
[05:01:57] 🔄 Identity reset
[05:02:00] 🧠 New identity created
[05:02:00] [149/458] CICI
[05:02:01] [150/458] SUCB
[05:02:02] [151/458] TCBP
[05:02:03] [152/458] SCCY
[05:02:04] [153/458] LXCY
[05:02:04] [154/458] NCMD
[05:02:05] [155/458] PHCS
[05:02:06] [156/458] DUXR
[05:02:07] [157/458] VNKS
[05:02:08] 🔄 Identity reset
[05:02:08] 🔄 Identity rotated (every 10 requests)
[05:02:08] 🔄 Retry 1/5 for VNKS in 2.2s
[05:02:08] 🔄 Identity reset
[05:02:10] 🧠 New identity created
[05:02:10] [158/458] SEDP
[05:02:11] [159/458] SVEN
[05:02:12] [160/458] SRKM
[05:02:13] [161/458] JTLT
[05:02:14] [162/458] SVSS
[05:02:15] [163/458] AMDE
[05:02:16] [164/458] WVRN
[05:02:17] [165/458] ISMG
[05:02:18] [166/458] WVKS
[05:02:18] 🔄 Identity reset
[05:02:18] 🔄 Identity rotated (every 10 requests)
[05:02:18] 🔄 Retry 1/5 for WVKS in 2.2s
[05:02:18] 🔄 Identity reset
[05:02:21] 🧠 New identity created
[05:02:22] [167/458] USCG
[05:02:22] [168/458] IOTG
[05:02:23] [169/458] RRJM
[05:02:24] [170/458] EDMP
[05:02:25] [171/458] SCGZ
[05:02:26] [172/458] GMGX
[05:02:27] [173/458] OMTP
[05:02:28] [174/458] MITD
[05:02:29] [175/458] SMMD
[05:02:30] 🔄 Identity reset
[05:02:30] 🔄 Identity rotated (every 10 requests)
[05:02:30] [176/458] STML
[05:02:31] [177/458] MCFS
[05:02:32] [178/458] FPKA
[05:02:34] [179/458] OMLR
[05:02:35] [180/458] KKSC
[05:02:35] [181/458] RVMA
[05:02:37] [182/458] SCLL
[05:02:38] [183/458] SCDK
[05:02:39] [184/458] SXMI
[05:02:40] [185/458] SHDN
[05:02:41] 🔄 Identity reset
[05:02:41] 🔄 Identity rotated (every 10 requests)
[05:02:41] [186/458] PAAD
[05:02:42] [187/458] UUCB
[05:02:43] [188/458] JHOL
[05:02:44] [189/458] SGWT
[05:02:45] [190/458] SRII
[05:02:46] [191/458] SGCK
[05:02:47] [192/458] SVVB
[05:02:48] [193/458] DMHA
[05:02:49] [194/458] PPNL
[05:02:49] [195/458] CPNL
[05:02:50] 🔄 Identity reset
[05:02:50] 🔄 Identity rotated (every 10 requests)
[05:02:50] [196/458] WVLD
[05:02:51] [197/458] PSLV
[05:02:52] [198/458] VTTL
[05:02:53] [199/458] NPAD
[05:02:54] [200/458] PVCS
[05:02:55] [201/458] MCHL
[05:02:55] [202/458] PPLL
[05:02:56] [203/458] MALO
[05:02:58] [204/458] SWBH
[05:02:59] [205/458] PUGB
[05:02:59] 🔄 Identity reset
[05:02:59] 🔄 Identity rotated (every 10 requests)
[05:03:00] [206/458] INBB
[05:03:00] [207/458] INNS
[05:03:01] [208/458] MCPT
[05:03:02] [209/458] SCMI
[05:03:03] [210/458] OCON
[05:03:04] [211/458] SCSM
[05:03:05] [212/458] RJVN
[05:03:06] [213/458] AMDK
[05:03:07] [214/458] ISMR
[05:03:08] [215/458] SMTD
[05:03:08] 🔄 Identity reset
[05:03:08] 🔄 Identity rotated (every 10 requests)
[05:03:08] [216/458] VTDD
[05:03:09] [217/458] PDDZ
[05:03:10] [218/458] PCCK
[05:03:11] [219/458] INAM
[05:03:12] [220/458] FNKT
[05:03:12] [221/458] GDKA
[05:03:13] [222/458] MAYU
[05:03:14] [223/458] TCGU
[05:03:15] [224/458] KDCA
[05:03:16] [225/458] DOMY
[05:03:17] 🔄 Identity reset
[05:03:17] 🔄 Identity rotated (every 10 requests)
[05:03:17] [226/458] PDDD
[05:03:18] [227/458] BJTS
[05:03:19] [228/458] VTCA
[05:03:20] [229/458] SBTM
[05:03:21] [230/458] SEET
[05:03:22] [231/458] SSTJ
[05:03:22] [232/458] SVNT
[05:03:23] [233/458] PPPR
[05:03:24] [234/458] PVYS
[05:03:25] [235/458] IOSE
[05:03:25] 🔄 Identity reset
[05:03:25] 🔄 Identity rotated (every 10 requests)
[05:03:26] [236/458] ACTV
[05:03:27] [237/458] APVE
[05:03:27] [238/458] TCCL
[05:03:28] [239/458] SCMO
[05:03:29] [240/458] SAUM
[05:03:30] [241/458] KCJS
[05:03:31] [242/458] NJCJ
[05:03:32] [243/458] NECF
[05:03:32] [244/458] CCGW
[05:03:33] [245/458] CCMG
[05:03:34] 🔄 Identity reset
[05:03:34] 🔄 Identity rotated (every 10 requests)
[05:03:34] [246/458] NYRG
[05:03:35] [247/458] NCSQ
[05:03:36] [248/458] GRCG
[05:03:37] [249/458] CCBT
[05:03:38] [250/458] ACGA
[05:03:39] [251/458] INAG
[05:03:39] [252/458] FUCG
[05:03:40] [253/458] AICF
[05:03:41] [254/458] GRGA
[05:03:42] [255/458] GDCN
[05:03:43] 🔄 Identity reset
[05:03:43] 🔄 Identity rotated (every 10 requests)
[05:03:43] [256/458] RRCG
[05:03:44] [257/458] SDCH
[05:03:45] [258/458] WVJM
[05:03:46] [259/458] JCCZ
[05:03:47] [260/458] CNCL
[05:03:47] [261/458] TMLV
[05:03:48] [262/458] MEMB
[05:03:50] [263/458] SGTD
[05:03:51] [264/458] CONX
[05:03:52] [265/458] CCMH
[05:03:53] 🔄 Identity reset
[05:03:53] 🔄 Identity rotated (every 10 requests)
[05:03:53] 🔄 Retry 1/5 for CCMH in 2.2s
[05:03:53] 🔄 Identity reset
[05:03:55] 🧠 New identity created
[05:03:55] 🔄 Retry 2/5 for CCMH in 4.2s
[05:03:55] 🔄 Identity reset
[05:04:00] 🧠 New identity created
[05:04:01] [266/458] ACMC
[05:04:01] [267/458] DTPD
[05:04:02] [268/458] POJA
[05:04:03] [269/458] FNBH
[05:04:04] [270/458] CGCB
[05:04:05] [271/458] RACN
[05:04:06] [272/458] JTSM
[05:04:06] [273/458] SCDN
[05:04:07] 🔄 Identity reset
[05:04:07] 🔄 Identity rotated (every 10 requests)
[05:04:07] 🔄 Retry 1/5 for SCDN in 2.4s
[05:04:07] 🔄 Identity reset
[05:04:10] 🧠 New identity created
[05:04:10] [274/458] AACK
[05:04:11] [275/458] RMCE
[05:04:11] [276/458] BSGB
[05:04:13] [277/458] MRCB
[05:04:14] [278/458] SRVR
[05:04:15] [279/458] VTKK
[05:04:15] [280/458] AMST
[05:04:16] [281/458] APCY
[05:04:17] [282/458] LMHO
[05:04:18] 🔄 Identity reset
[05:04:18] 🔄 Identity rotated (every 10 requests)
[05:04:18] 🔄 Retry 1/5 for LMHO in 2.5s
[05:04:18] 🔄 Identity reset
[05:04:20] 🧠 New identity created
[05:04:21] [283/458] MTZH
[05:04:21] [284/458] AMZB
[05:04:23] [285/458] SUVT
[05:04:25] [286/458] RCIP
[05:04:25] [287/458] KESR
[05:04:26] [288/458] SNKC
[05:04:27] [289/458] SCED
[05:04:28] [290/458] DVCA
[05:04:29] [291/458] VCDT
[05:04:29] 🔄 Identity reset
[05:04:29] 🔄 Identity rotated (every 10 requests)
[05:04:30] [292/458] RRDI
[05:04:31] [293/458] DFCH
[05:04:31] [294/458] INSC
[05:04:33] [295/458] RGTR
[05:04:34] [296/458] FMOT
[05:04:35] [297/458] SCPM
[05:04:36] [298/458] GCDT
[05:04:36] [299/458] BRKT
[05:04:37] [300/458] DEMP
[05:04:39] [301/458] SRLC
[05:04:40] 🔄 Identity reset
[05:04:40] 🔄 Identity rotated (every 10 requests)
[05:04:40] 🔄 Retry 1/5 for SRLC in 2.0s
[05:04:40] 🔄 Identity reset
[05:04:42] 🧠 New identity created
[05:04:42] [302/458] KSTT
[05:04:43] [303/458] SMMT
[05:04:45] [304/458] SILM
[05:04:45] [305/458] JCVM
[05:04:46] [306/458] KCSV
[05:04:47] [307/458] MHLK
[05:04:48] [308/458] SLVL
[05:04:49] [309/458] RJKP
[05:04:50] [310/458] BBPC
[05:04:51] 🔄 Identity reset
[05:04:51] 🔄 Identity rotated (every 10 requests)
[05:04:51] [311/458] MXCB
[05:04:52] [312/458] TCPK
[05:04:53] [313/458] RTBR
[05:04:53] [314/458] GAUT
[05:04:55] [315/458] DVCF
[05:04:56] [316/458] JTSB
[05:04:57] [317/458] SBLS
[05:04:58] [318/458] UDAY
[05:04:58] [319/458] PTNP
[05:04:59] [320/458] DMKT
[05:05:00] 🔄 Identity reset
[05:05:00] 🔄 Identity rotated (every 10 requests)
[05:05:00] 🔄 Retry 1/5 for DMKT in 2.7s
[05:05:00] 🔄 Identity reset
[05:05:03] 🧠 New identity created
[05:05:03] [321/458] NTDT
[05:05:04] [322/458] SHDJ
[05:05:05] [323/458] OTNC
[05:05:06] [324/458] RNTW
[05:05:07] [325/458] GCMI
[05:05:08] [326/458] CRCM
[05:05:09] [327/458] NNCZ
[05:05:10] [328/458] OEMO
[05:05:11] [329/458] PVJM
[05:05:11] 🔄 Identity reset
[05:05:11] 🔄 Identity rotated (every 10 requests)
[05:05:12] [330/458] CPJI
[05:05:13] [331/458] RMCJ
[05:05:13] [332/458] CNWJ
[05:05:14] [333/458] EPJM
[05:05:15] [334/458] FNJJ
[05:05:16] [335/458] GCMJ
[05:05:17] [336/458] INPS
[05:05:17] [337/458] BICJ
[05:05:19] [338/458] ISTJ
[05:05:20] [339/458] INJC
[05:05:20] 🔄 Identity reset
[05:05:20] 🔄 Identity rotated (every 10 requests)
[05:05:20] 🔄 Retry 1/5 for INJC in 2.8s
[05:05:20] 🔄 Identity reset
[05:05:23] 🧠 New identity created
[05:05:23] 🔄 Retry 2/5 for INJC in 4.4s
[05:05:23] 🔄 Identity reset
[05:05:28] 🧠 New identity created
[05:05:28] 🔄 Retry 3/5 for INJC in 8.1s
[05:05:28] 🔄 Identity reset
[05:05:36] 🧠 New identity created
[05:05:36] [340/458] GLXJ
[05:05:37] [341/458] INEM
[05:05:38] [342/458] JTMN
[05:05:38] [343/458] FRCJ
[05:05:39] [344/458] DDJP
[05:05:40] [345/458] INJV
[05:05:42] [346/458] GOLC
[05:05:42] 🔄 Identity reset
[05:05:42] 🔄 Identity rotated (every 10 requests)
[05:05:43] [347/458] KOCI
[05:05:44] [348/458] FSTD
[05:05:45] [349/458] PACJ
[05:05:46] [350/458] GMCN
[05:05:47] [351/458] MMDJ
[05:05:47] [352/458] GODH
[05:05:48] [353/458] SKYN
[05:05:49] [354/458] NCTH
[05:05:50] [355/458] SKVZ
[05:05:51] [356/458] SVML
[05:05:51] 🔄 Identity reset
[05:05:51] 🔄 Identity rotated (every 10 requests)
[05:05:51] 🔄 Retry 1/5 for SVML in 2.4s
[05:05:51] 🔄 Identity reset
[05:05:54] 🧠 New identity created
[05:05:54] 🔄 Retry 2/5 for SVML in 5.0s
[05:05:54] 🔄 Identity reset
[05:05:59] 🧠 New identity created
[05:05:59] 🔄 Retry 3/5 for SVML in 8.2s
[05:05:59] 🔄 Identity reset
[05:06:07] 🧠 New identity created
[05:06:07] [357/458] ACVZ
[05:06:08] [358/458] SURA
[05:06:09] [359/458] RTRB
[05:06:10] [360/458] LLCT
[05:06:10] [361/458] ATTS
[05:06:11] [362/458] JYCM
[05:06:12] [363/458] CTKR
[05:06:13] 🔄 Identity reset
[05:06:13] 🔄 Identity rotated (every 10 requests)
[05:06:13] [364/458] LCKR
[05:06:14] [365/458] NYCV
[05:06:15] [366/458] NYOH
[05:06:16] [367/458] NOVX
[05:06:17] [368/458] MRGK
[05:06:18] [369/458] MOON
[05:06:19] [370/458] SBUC
[05:06:20] [371/458] GSVA
[05:06:20] [372/458] VIAK
[05:06:22] [373/458] SMVZ
[05:06:23] 🔄 Identity reset
[05:06:23] 🔄 Identity rotated (every 10 requests)
[05:06:23] [374/458] MATE
[05:06:24] [375/458] RDCN
[05:06:25] [376/458] ASBL
[05:06:25] [377/458] ASVS
[05:06:26] [378/458] ASSR
[05:06:27] [379/458] SSKN
[05:06:28] [380/458] DRPV
[05:06:29] [381/458] MRHT
[05:06:30] [382/458] BSCN
[05:06:30] [383/458] RKNX
[05:06:31] 🔄 Identity reset
[05:06:31] 🔄 Identity rotated (every 10 requests)
[05:06:31] 🔄 Retry 1/5 for RKNX in 2.8s
[05:06:31] 🔄 Identity reset
[05:06:34] 🧠 New identity created
[05:06:34] [384/458] MSMC
[05:06:35] [385/458] MSCJ
[05:06:36] [386/458] BTBJ
[05:06:37] [387/458] MJCC
[05:06:38] [388/458] IOMM
[05:06:39] [389/458] ADGR
[05:06:40] [390/458] MYCP
[05:06:40] [391/458] IGCM
[05:06:41] [392/458] PGRK
[05:06:42] 🔄 Identity reset
[05:06:42] 🔄 Identity rotated (every 10 requests)
[05:06:42] 🔄 Retry 1/5 for PGRK in 2.3s
[05:06:42] 🔄 Identity reset
[05:06:44] 🧠 New identity created
[05:06:45] [393/458] VPGO
[05:06:46] [394/458] KOMS
[05:06:47] [395/458] URGG
[05:06:47] [396/458] GOST
[05:06:48] [397/458] LACT
[05:06:49] [398/458] BWCM
[05:06:50] [399/458] NCCW
[05:06:51] [400/458] SKYC
[05:06:52] [401/458] CCPM
[05:06:53] 🔄 Identity reset
[05:06:53] 🔄 Identity rotated (every 10 requests)
[05:06:53] [402/458] VCBT
[05:06:54] [403/458] SDKR
[05:06:54] [404/458] CTYB
[05:06:55] [405/458] SHCX
[05:06:56] [406/458] RCUN
[05:06:57] [407/458] CNRA
[05:06:58] [408/458] RFCA
[05:06:59] [409/458] RDCU
[05:07:00] [410/458] SARK
[05:07:01] [411/458] SPPP
[05:07:02] 🔄 Identity reset
[05:07:02] 🔄 Identity rotated (every 10 requests)
[05:07:02] [412/458] ADMB
[05:07:03] [413/458] JYOE
[05:07:04] [414/458] SRMD
[05:07:04] [415/458] RJDH
[05:07:05] [416/458] SSTD
[05:07:06] [417/458] AACV
[05:07:07] [418/458] PPVD
[05:07:08] [419/458] STCP
[05:07:09] [420/458] ANLS
[05:07:10] [421/458] BIJO
[05:07:11] 🔄 Identity reset
[05:07:11] 🔄 Identity rotated (every 10 requests)
[05:07:11] 🔄 Retry 1/5 for BIJO in 2.0s
[05:07:11] 🔄 Identity reset
[05:07:13] 🧠 New identity created
[05:07:13] 🔄 Retry 2/5 for BIJO in 4.2s
[05:07:13] 🔄 Identity reset
[05:07:17] 🧠 New identity created
[05:07:17] [422/458] AVAB
[05:07:18] [423/458] SPMD
[05:07:19] [424/458] SVJL
[05:07:20] [425/458] SDDJ
[05:07:21] [426/458] SLTU
[05:07:21] [427/458] SAKA
[05:07:22] [428/458] PMAM
[05:07:24] [429/458] FNAM
[05:07:25] 🔄 Identity reset
[05:07:25] 🔄 Identity rotated (every 10 requests)
[05:07:25] 🔄 Retry 1/5 for FNAM in 2.4s
[05:07:25] 🔄 Identity reset
[05:07:27] 🧠 New identity created
[05:07:28] [430/458] ACAM
[05:07:28] [431/458] SCMM
[05:07:29] [432/458] PMAK
[05:07:30] [433/458] NYSA
[05:07:31] [434/458] FCPA
[05:07:32] [435/458] GDAN
[05:07:33] [436/458] RSCA
[05:07:34] [437/458] DMAN
[05:07:35] [438/458] DZCM
[05:07:35] 🔄 Identity reset
[05:07:35] 🔄 Identity rotated (every 10 requests)
[05:07:35] [439/458] NSGL
[05:07:36] [440/458] CCPP
[05:07:37] [441/458] PSMG
[05:07:38] [442/458] GSER
[05:07:39] [443/458] FCCT
[05:07:40] [444/458] FCTB
[05:07:41] [445/458] LCNK
[05:07:41] [446/458] SKTY
[05:07:42] [447/458] INAA
[05:07:43] [448/458] RCWN
[05:07:44] 🔄 Identity reset
[05:07:44] 🔄 Identity rotated (every 10 requests)
[05:07:44] [449/458] VAIS
[05:07:45] [450/458] CVMN
[05:07:46] [451/458] INTS
[05:07:47] [452/458] FRGS
[05:07:48] [453/458] DTCK
[05:07:49] [454/458] MCMH
[05:07:50] [455/458] ECRR
[05:07:50] [456/458] RLLP
[05:07:51] [457/458] CCSN
[05:07:52] [458/458] CCBA
[05:07:53] 🔄 Identity reset
[05:07:53] 🔄 Identity rotated (every 10 requests)
[05:07:53] 🧹 Deduping shows
[05:07:53] ✅ DONE | Shows=921 | Movies=28
[08:28:28] 🚀 SCRIPT STARTED (enhanced anti‑detection)
[08:28:28] [1/458] MBDC
[08:28:29] 🧠 New identity created
[08:28:29] [2/458] CHKM
[08:28:30] [3/458] JTKZ
[08:28:31] [4/458] CMCT
[08:28:32] [5/458] ASHO
[08:28:33] [6/458] ECDG
[08:28:34] [7/458] SPAT
[08:28:34] [8/458] HILC
[08:28:35] [9/458] SPPH
[08:28:36] [10/458] SBHN
[08:28:37] 🔄 Identity reset
[08:28:37] 🔄 Identity rotated (every 10 requests)
[08:28:37] [11/458] RRCA
[08:28:38] [12/458] APAA
[08:28:39] [13/458] RAME
[08:28:40] [14/458] TMMS
[08:28:41] [15/458] BATK
[08:28:42] [16/458] LKOP
[08:28:43] [17/458] AMTT
[08:28:45] [18/458] PTGK
[08:28:45] [19/458] ANRS
[08:28:46] [20/458] VWBW
[08:28:47] 🔄 Identity reset
[08:28:47] 🔄 Identity rotated (every 10 requests)
[08:28:47] [21/458] SVFG
[08:28:48] [22/458] STAT
[08:28:49] [23/458] GDCV
[08:28:50] [24/458] VEBI
[08:28:50] [25/458] VDSS
[08:28:51] [26/458] NTHV
[08:28:52] [27/458] AOCH
[08:28:53] [28/458] KASR
[08:28:54] [29/458] AYCS
[08:28:55] [30/458] SHAI
[08:28:55] 🔄 Identity reset
[08:28:55] 🔄 Identity rotated (every 10 requests)
[08:28:56] [31/458] SKPE
[08:28:56] [32/458] SBTA
[08:28:57] [33/458] RTTD
[08:28:58] [34/458] CCJD
[08:28:59] [35/458] RSJJ
[08:29:00] [36/458] RKND
[08:29:01] [37/458] SVTX
[08:29:02] [38/458] BAKM
[08:29:03] [39/458] SVDC
[08:29:03] [40/458] MNCV
[08:29:04] 🔄 Identity reset
[08:29:04] 🔄 Identity rotated (every 10 requests)
[08:29:04] [41/458] SJGC
[08:29:05] [42/458] MTPK
[08:29:06] [43/458] GATP
[08:29:07] [44/458] ABTS
[08:29:08] [45/458] ABDE
[08:29:08] [46/458] RCNM
[08:29:09] [47/458] KTHV
[08:29:10] [48/458] MDGJ
[08:29:11] [49/458] SMLM
[08:29:12] [50/458] JTMA
[08:29:12] 🔄 Identity reset
[08:29:12] 🔄 Identity rotated (every 10 requests)
[08:29:13] [51/458] ACKP
[08:29:13] [52/458] SRTA
[08:29:14] [53/458] STAY
[08:29:15] [54/458] MAVO
[08:29:16] [55/458] APTS
[08:29:17] [56/458] OMEA
[08:29:17] [57/458] TTFD
[08:29:18] [58/458] MJCU
[08:29:19] [59/458] CXTE
[08:29:20] [60/458] CTPX
[08:29:21] 🔄 Identity reset
[08:29:21] 🔄 Identity rotated (every 10 requests)
[08:29:21] [61/458] ASSL
[08:29:22] [62/458] CMVB
[08:29:23] [63/458] VPUR
[08:29:24] [64/458] JJDA
[08:29:24] [65/458] INBL
[08:29:25] [66/458] BIKB
[08:29:26] [67/458] NTBB
[08:29:27] [68/458] GLOB
[08:29:28] [69/458] SNTB
[08:29:28] [70/458] CHGV
[08:29:29] 🔄 Identity reset
[08:29:29] 🔄 Identity rotated (every 10 requests)
[08:29:29] [71/458] SSBZ
[08:29:31] [72/458] PRDB
[08:29:32] [73/458] ISMT
[08:29:33] [74/458] MCSD
[08:29:34] [75/458] JBTT
[08:29:35] [76/458] GEKR
[08:29:36] [77/458] PVUN
[08:29:37] [78/458] NRTB
[08:29:39] [79/458] PRAA
[08:29:39] [80/458] PCBL
[08:29:40] 🔄 Identity reset
[08:29:40] 🔄 Identity rotated (every 10 requests)
[08:29:40] [81/458] PTCM
[08:29:41] [82/458] KHNN
[08:29:43] [83/458] OMJE
[08:29:44] [84/458] STGN
[08:29:44] [85/458] RPMS
[08:29:45] [86/458] NWAD
[08:29:46] [87/458] BLCK
[08:29:47] [88/458] SVAA
[08:29:48] [89/458] URVM
[08:29:49] [90/458] ANTM
[08:29:49] 🔄 Identity reset
[08:29:49] 🔄 Identity rotated (every 10 requests)
[08:29:50] [91/458] VJYM
[08:29:51] [92/458] MAZZ
[08:29:51] [93/458] CSHM
[08:29:52] [94/458] WGMH
[08:29:53] [95/458] SALN
[08:29:54] [96/458] BRTP
[08:29:55] [97/458] SVTA
[08:29:55] [98/458] SBTP
[08:29:57] [99/458] VLSS
[08:29:58] [100/458] SRJA
[08:29:58] 🔄 Identity reset
[08:29:58] 🔄 Identity rotated (every 10 requests)
[08:29:58] 🔄 Retry 1/5 for SRJA in 2.9s
[08:29:58] 🔄 Identity reset
[08:30:01] 🧠 New identity created
[08:30:02] [101/458] ANCG
[08:30:02] [102/458] CGGC
[08:30:03] [103/458] CRJA
[08:30:04] [104/458] USCR
[08:30:05] [105/458] MMEF
[08:30:06] [106/458] JCRJ
[08:30:07] [107/458] ADCM
[08:30:07] [108/458] BMYK
[08:30:08] [109/458] KICS
[08:30:09] 🔄 Identity reset
[08:30:09] 🔄 Identity rotated (every 10 requests)
[08:30:09] [110/458] MBBT
[08:30:10] [111/458] MACK
[08:30:11] [112/458] CLDR
[08:30:12] [113/458] JYCR
[08:30:12] [114/458] DCRP
[08:30:13] [115/458] RAHT
[08:30:14] [116/458] CSSM
[08:30:15] [117/458] ATPK
[08:30:16] [118/458] KLRT
[08:30:17] [119/458] SRDD
[08:30:17] 🔄 Identity reset
[08:30:17] 🔄 Identity rotated (every 10 requests)
[08:30:18] [120/458] CKMC
[08:30:19] [121/458] KRVM
[08:30:20] [122/458] AKCP
[08:30:20] [123/458] CNCV
[08:30:21] [124/458] PACT
[08:30:22] [125/458] NATP
[08:30:23] [126/458] PCPK
[08:30:24] [127/458] SMHO
[08:30:25] [128/458] CWTK
[08:30:26] [129/458] RVKZ
[08:30:26] 🔄 Identity reset
[08:30:26] 🔄 Identity rotated (every 10 requests)
[08:30:27] [130/458] ASPD
[08:30:28] [131/458] VTKZ
[08:30:28] [132/458] LCSO
[08:30:29] [133/458] PRDY
[08:30:30] [134/458] RCAP
[08:30:31] [135/458] RGAR
[08:30:32] [136/458] RCAC
[08:30:32] [137/458] PMOD
[08:30:33] [138/458] PVCN
[08:30:35] [139/458] SCRZ
[08:30:36] 🔄 Identity reset
[08:30:36] 🔄 Identity rotated (every 10 requests)
[08:30:36] [140/458] PVPC
[08:30:37] [141/458] STID
[08:30:38] [142/458] NEDD
[08:30:39] [143/458] BNBA
[08:30:40] [144/458] NTCD
[08:30:40] [145/458] OCDE
[08:30:41] [146/458] CCDU
[08:30:42] [147/458] CRXH
[08:30:43] [148/458] VLVT
[08:30:44] [149/458] CICI
[08:30:45] 🔄 Identity reset
[08:30:45] 🔄 Identity rotated (every 10 requests)
[08:30:45] [150/458] SUCB
[08:30:46] [151/458] TCBP
[08:30:48] [152/458] SCCY
[08:30:49] [153/458] LXCY
[08:30:50] [154/458] NCMD
[08:30:51] [155/458] PHCS
[08:30:52] [156/458] DUXR
[08:30:53] [157/458] VNKS
[08:30:53] [158/458] SEDP
[08:30:54] [159/458] SVEN
[08:30:55] 🔄 Identity reset
[08:30:55] 🔄 Identity rotated (every 10 requests)
[08:30:55] 🔄 Retry 1/5 for SVEN in 2.9s
[08:30:55] 🔄 Identity reset
[08:30:58] 🧠 New identity created
[08:30:58] [160/458] SRKM
[08:30:59] [161/458] JTLT
[08:31:00] [162/458] SVSS
[08:31:01] [163/458] AMDE
[08:31:02] [164/458] WVRN
[08:31:03] [165/458] ISMG
[08:31:04] [166/458] WVKS
[08:31:05] [167/458] USCG
[08:31:06] [168/458] IOTG
[08:31:06] 🔄 Identity reset
[08:31:06] 🔄 Identity rotated (every 10 requests)
[08:31:06] 🔄 Retry 1/5 for IOTG in 2.8s
[08:31:06] 🔄 Identity reset
[08:31:09] 🧠 New identity created
[08:31:09] [169/458] RRJM
[08:31:10] [170/458] EDMP
[08:31:11] [171/458] SCGZ
[08:31:12] [172/458] GMGX
[08:31:13] [173/458] OMTP
[08:31:14] [174/458] MITD
[08:31:15] [175/458] SMMD
[08:31:15] [176/458] STML
[08:31:16] [177/458] MCFS
[08:31:17] 🔄 Identity reset
[08:31:17] 🔄 Identity rotated (every 10 requests)
[08:31:17] [178/458] FPKA
[08:31:18] [179/458] OMLR
[08:31:19] [180/458] KKSC
[08:31:20] [181/458] RVMA
[08:31:21] [182/458] SCLL
[08:31:22] [183/458] SCDK
[08:31:23] [184/458] SXMI
[08:31:23] [185/458] SHDN
[08:31:24] [186/458] PAAD
[08:31:25] [187/458] UUCB
[08:31:26] 🔄 Identity reset
[08:31:26] 🔄 Identity rotated (every 10 requests)
[08:31:26] [188/458] JHOL
[08:31:27] [189/458] SGWT
[08:31:28] [190/458] SRII
[08:31:28] [191/458] SGCK
[08:31:29] [192/458] SVVB
[08:31:30] [193/458] DMHA
[08:31:31] [194/458] PPNL
[08:31:32] [195/458] CPNL
[08:31:33] [196/458] WVLD
[08:31:33] [197/458] PSLV
[08:31:34] 🔄 Identity reset
[08:31:34] 🔄 Identity rotated (every 10 requests)
[08:31:34] [198/458] VTTL
[08:31:35] [199/458] NPAD
[08:31:36] [200/458] PVCS
[08:31:37] [201/458] MCHL
[08:31:38] [202/458] PPLL
[08:31:39] [203/458] MALO
[08:31:40] [204/458] SWBH
[08:31:41] [205/458] PUGB
[08:31:42] [206/458] INBB
[08:31:43] [207/458] INNS
[08:31:43] 🔄 Identity reset
[08:31:43] 🔄 Identity rotated (every 10 requests)
[08:31:44] [208/458] MCPT
[08:31:45] [209/458] SCMI
[08:31:46] [210/458] OCON
[08:31:47] [211/458] SCSM
[08:31:48] [212/458] RJVN
[08:31:48] [213/458] AMDK
[08:31:49] [214/458] ISMR
[08:31:50] [215/458] SMTD
[08:31:51] [216/458] VTDD
[08:31:52] [217/458] PDDZ
[08:31:52] 🔄 Identity reset
[08:31:52] 🔄 Identity rotated (every 10 requests)
[08:31:53] [218/458] PCCK
[08:31:54] [219/458] INAM
[08:31:54] [220/458] FNKT
[08:31:55] [221/458] GDKA
[08:31:56] [222/458] MAYU
[08:31:57] [223/458] TCGU
[08:31:58] [224/458] KDCA
[08:31:59] [225/458] DOMY
[08:32:00] [226/458] PDDD
[08:32:01] [227/458] BJTS
[08:32:01] 🔄 Identity reset
[08:32:01] 🔄 Identity rotated (every 10 requests)
[08:32:02] [228/458] VTCA
[08:32:02] [229/458] SBTM
[08:32:03] [230/458] SEET
[08:32:05] [231/458] SSTJ
[08:32:06] [232/458] SVNT
[08:32:07] [233/458] PPPR
[08:32:08] [234/458] PVYS
[08:32:08] [235/458] IOSE
[08:32:09] [236/458] ACTV
[08:32:10] [237/458] APVE
[08:32:11] 🔄 Identity reset
[08:32:11] 🔄 Identity rotated (every 10 requests)
[08:32:11] [238/458] TCCL
[08:32:12] [239/458] SCMO
[08:32:13] [240/458] SAUM
[08:32:13] [241/458] KCJS
[08:32:15] [242/458] NJCJ
[08:32:16] [243/458] NECF
[08:32:17] [244/458] CCGW
[08:32:18] [245/458] CCMG
[08:32:19] [246/458] NYRG
[08:32:20] [247/458] NCSQ
[08:32:21] 🔄 Identity reset
[08:32:21] 🔄 Identity rotated (every 10 requests)
[08:32:21] [248/458] GRCG
[08:32:22] [249/458] CCBT
[08:32:23] [250/458] ACGA
[08:32:24] [251/458] INAG
[08:32:25] [252/458] FUCG
[08:32:26] [253/458] AICF
[08:32:26] [254/458] GRGA
[08:32:27] [255/458] GDCN
[08:32:28] [256/458] RRCG
[08:32:29] [257/458] SDCH
[08:32:29] 🔄 Identity reset
[08:32:29] 🔄 Identity rotated (every 10 requests)
[08:32:30] [258/458] WVJM
[08:32:31] [259/458] JCCZ
[08:32:31] [260/458] CNCL
[08:32:32] [261/458] TMLV
[08:32:33] [262/458] MEMB
[08:32:34] [263/458] SGTD
[08:32:35] [264/458] CONX
[08:32:36] [265/458] CCMH
[08:32:37] [266/458] ACMC
[08:32:38] [267/458] DTPD
[08:32:38] 🔄 Identity reset
[08:32:38] 🔄 Identity rotated (every 10 requests)
[08:32:38] 🔄 Retry 1/5 for DTPD in 2.4s
[08:32:38] 🔄 Identity reset
[08:32:41] 🧠 New identity created
[08:32:41] [268/458] POJA
[08:32:42] [269/458] FNBH
[08:32:43] [270/458] CGCB
[08:32:43] [271/458] RACN
[08:32:44] [272/458] JTSM
[08:32:45] [273/458] SCDN
[08:32:46] [274/458] AACK
[08:32:47] [275/458] RMCE
[08:32:47] [276/458] BSGB
[08:32:48] 🔄 Identity reset
[08:32:48] 🔄 Identity rotated (every 10 requests)
[08:32:48] [277/458] MRCB
[08:32:49] [278/458] SRVR
[08:32:50] [279/458] VTKK
[08:32:51] [280/458] AMST
[08:32:52] [281/458] APCY
[08:32:54] [282/458] LMHO
[08:32:55] [283/458] MTZH
[08:32:56] [284/458] AMZB
[08:32:57] [285/458] SUVT
[08:32:58] [286/458] RCIP
[08:32:58] 🔄 Identity reset
[08:32:58] 🔄 Identity rotated (every 10 requests)
[08:32:59] [287/458] KESR
[08:33:00] [288/458] SNKC
[08:33:00] [289/458] SCED
[08:33:01] [290/458] DVCA
[08:33:02] [291/458] VCDT
[08:33:03] [292/458] RRDI
[08:33:04] [293/458] DFCH
[08:33:05] [294/458] INSC
[08:33:06] [295/458] RGTR
[08:33:07] [296/458] FMOT
[08:33:07] 🔄 Identity reset
[08:33:07] 🔄 Identity rotated (every 10 requests)
[08:33:08] [297/458] SCPM
[08:33:09] [298/458] GCDT
[08:33:09] [299/458] BRKT
[08:33:10] [300/458] DEMP
[08:33:11] [301/458] SRLC
[08:33:12] [302/458] KSTT
[08:33:13] [303/458] SMMT
[08:33:13] [304/458] SILM
[08:33:14] [305/458] JCVM
[08:33:15] [306/458] KCSV
[08:33:16] 🔄 Identity reset
[08:33:16] 🔄 Identity rotated (every 10 requests)
[08:33:16] [307/458] MHLK
[08:33:17] [308/458] SLVL
[08:33:18] [309/458] RJKP
[08:33:19] [310/458] BBPC
[08:33:19] [311/458] MXCB
[08:33:20] [312/458] TCPK
[08:33:21] [313/458] RTBR
[08:33:22] [314/458] GAUT
[08:33:23] [315/458] DVCF
[08:33:23] [316/458] JTSB
[08:33:24] 🔄 Identity reset
[08:33:24] 🔄 Identity rotated (every 10 requests)
[08:33:24] [317/458] SBLS
[08:33:25] [318/458] UDAY
[08:33:26] [319/458] PTNP
[08:33:27] [320/458] DMKT
[08:33:28] [321/458] NTDT
[08:33:29] [322/458] SHDJ
[08:33:30] [323/458] OTNC
[08:33:31] [324/458] RNTW
[08:33:31] [325/458] GCMI
[08:33:32] [326/458] CRCM
[08:33:33] 🔄 Identity reset
[08:33:33] 🔄 Identity rotated (every 10 requests)
[08:33:33] [327/458] NNCZ
[08:33:34] [328/458] OEMO
[08:33:35] [329/458] PVJM
[08:33:36] [330/458] CPJI
[08:33:37] [331/458] RMCJ
[08:33:38] [332/458] CNWJ
[08:33:38] [333/458] EPJM
[08:33:39] [334/458] FNJJ
[08:33:40] [335/458] GCMJ
[08:33:41] [336/458] INPS
[08:33:42] 🔄 Identity reset
[08:33:42] 🔄 Identity rotated (every 10 requests)
[08:33:42] [337/458] BICJ
[08:33:43] [338/458] ISTJ
[08:33:44] [339/458] INJC
[08:33:45] [340/458] GLXJ
[08:33:46] [341/458] INEM
[08:33:46] [342/458] JTMN
[08:33:47] [343/458] FRCJ
[08:33:48] [344/458] DDJP
[08:33:49] [345/458] INJV
[08:33:50] [346/458] GOLC
[08:33:50] 🔄 Identity reset
[08:33:51] 🔄 Identity rotated (every 10 requests)
[08:33:51] [347/458] KOCI
[08:33:52] [348/458] FSTD
[08:33:52] [349/458] PACJ
[08:33:53] [350/458] GMCN
[08:33:54] [351/458] MMDJ
[08:33:55] [352/458] GODH
[08:33:56] [353/458] SKYN
[08:33:57] [354/458] NCTH
[08:33:58] [355/458] SKVZ
[08:33:59] [356/458] SVML
[08:34:00] 🔄 Identity reset
[08:34:00] 🔄 Identity rotated (every 10 requests)
[08:34:00] [357/458] ACVZ
[08:34:01] [358/458] SURA
[08:34:02] [359/458] RTRB
[08:34:03] [360/458] LLCT
[08:34:04] [361/458] ATTS
[08:34:05] [362/458] JYCM
[08:34:06] [363/458] CTKR
[08:34:07] [364/458] LCKR
[08:34:07] [365/458] NYCV
[08:34:08] [366/458] NYOH
[08:34:09] 🔄 Identity reset
[08:34:09] 🔄 Identity rotated (every 10 requests)
[08:34:09] [367/458] NOVX
[08:34:10] [368/458] MRGK
[08:34:11] [369/458] MOON
[08:34:12] [370/458] SBUC
[08:34:13] [371/458] GSVA
[08:34:14] [372/458] VIAK
[08:34:14] [373/458] SMVZ
[08:34:15] [374/458] MATE
[08:34:16] [375/458] RDCN
[08:34:17] [376/458] ASBL
[08:34:18] 🔄 Identity reset
[08:34:18] 🔄 Identity rotated (every 10 requests)
[08:34:18] [377/458] ASVS
[08:34:19] [378/458] ASSR
[08:34:20] [379/458] SSKN
[08:34:22] [380/458] DRPV
[08:34:22] [381/458] MRHT
[08:34:23] [382/458] BSCN
[08:34:24] [383/458] RKNX
[08:34:25] [384/458] MSMC
[08:34:26] [385/458] MSCJ
[08:34:27] [386/458] BTBJ
[08:34:27] 🔄 Identity reset
[08:34:27] 🔄 Identity rotated (every 10 requests)
[08:34:28] [387/458] MJCC
[08:34:30] [388/458] IOMM
[08:34:31] [389/458] ADGR
[08:34:32] [390/458] MYCP
[08:34:32] [391/458] IGCM
[08:34:33] [392/458] PGRK
[08:34:34] [393/458] VPGO
[08:34:35] [394/458] KOMS
[08:34:36] [395/458] URGG
[08:34:36] [396/458] GOST
[08:34:37] 🔄 Identity reset
[08:34:37] 🔄 Identity rotated (every 10 requests)
[08:34:38] [397/458] LACT
[08:34:39] [398/458] BWCM
[08:34:40] [399/458] NCCW
[08:34:40] [400/458] SKYC
[08:34:41] [401/458] CCPM
[08:34:43] [402/458] VCBT
[08:34:44] [403/458] SDKR
[08:34:44] [404/458] CTYB
[08:34:45] [405/458] SHCX
[08:34:47] [406/458] RCUN
[08:34:48] 🔄 Identity reset
[08:34:48] 🔄 Identity rotated (every 10 requests)
[08:34:48] [407/458] CNRA
[08:34:49] [408/458] RFCA
[08:34:50] [409/458] RDCU
[08:34:51] [410/458] SARK
[08:34:51] [411/458] SPPP
[08:34:52] [412/458] ADMB
[08:34:53] [413/458] JYOE
[08:34:55] [414/458] SRMD
[08:34:56] [415/458] RJDH
[08:34:57] [416/458] SSTD
[08:34:57] 🔄 Identity reset
[08:34:57] 🔄 Identity rotated (every 10 requests)
[08:34:58] [417/458] AACV
[08:34:59] [418/458] PPVD
[08:34:59] [419/458] STCP
[08:35:00] [420/458] ANLS
[08:35:01] [421/458] BIJO
[08:35:02] [422/458] AVAB
[08:35:03] [423/458] SPMD
[08:35:04] [424/458] SVJL
[08:35:05] [425/458] SDDJ
[08:35:06] [426/458] SLTU
[08:35:07] 🔄 Identity reset
[08:35:07] 🔄 Identity rotated (every 10 requests)
[08:35:07] [427/458] SAKA
[08:35:08] [428/458] PMAM
[08:35:09] [429/458] FNAM
[08:35:10] [430/458] ACAM
[08:35:10] [431/458] SCMM
[08:35:11] [432/458] PMAK
[08:35:12] [433/458] NYSA
[08:35:13] [434/458] FCPA
[08:35:14] [435/458] GDAN
[08:35:16] [436/458] RSCA
[08:35:17] 🔄 Identity reset
[08:35:17] 🔄 Identity rotated (every 10 requests)
[08:35:17] [437/458] DMAN
[08:35:18] [438/458] DZCM
[08:35:19] [439/458] NSGL
[08:35:20] [440/458] CCPP
[08:35:22] [441/458] PSMG
[08:35:23] [442/458] GSER
[08:35:23] [443/458] FCCT
[08:35:24] [444/458] FCTB
[08:35:25] [445/458] LCNK
[08:35:26] [446/458] SKTY
[08:35:26] 🔄 Identity reset
[08:35:26] 🔄 Identity rotated (every 10 requests)
[08:35:27] [447/458] INAA
[08:35:28] [448/458] RCWN
[08:35:28] [449/458] VAIS
[08:35:29] [450/458] CVMN
[08:35:30] [451/458] INTS
[08:35:31] [452/458] FRGS
[08:35:32] [453/458] DTCK
[08:35:33] [454/458] MCMH
[08:35:33] [455/458] ECRR
[08:35:34] [456/458] RLLP
[08:35:35] 🔄 Identity reset
[08:35:35] 🔄 Identity rotated (every 10 requests)
[08:35:35] [457/458] CCSN
[08:35:36] [458/458] CCBA
[08:35:37] 🧹 Deduping shows
[08:35:37] ✅ DONE | Shows=916 | Movies=28
[12:20:10] 🚀 SCRIPT STARTED (enhanced anti‑detection)
[12:20:10] [1/458] MBDC
[12:20:10] 🧠 New identity created
[12:20:11] [2/458] CHKM
[12:20:12] [3/458] JTKZ
[12:20:13] [4/458] CMCT
[12:20:13] [5/458] ASHO
[12:20:14] [6/458] ECDG
[12:20:15] [7/458] SPAT
[12:20:16] [8/458] HILC
[12:20:17] [9/458] SPPH
[12:20:18] [10/458] SBHN
[12:20:18] 🔄 Identity reset
[12:20:18] 🔄 Identity rotated (every 10 requests)
[12:20:19] [11/458] RRCA
[12:20:20] [12/458] APAA
[12:20:20] [13/458] RAME
[12:20:22] [14/458] TMMS
[12:20:23] [15/458] BATK
[12:20:24] [16/458] LKOP
[12:20:25] [17/458] AMTT
[12:20:26] [18/458] PTGK
[12:20:27] [19/458] ANRS
[12:20:27] [20/458] VWBW
[12:20:28] 🔄 Identity reset
[12:20:28] 🔄 Identity rotated (every 10 requests)
[12:20:28] 🔄 Retry 1/5 for VWBW in 2.7s
[12:20:28] 🔄 Identity reset
[12:20:31] 🧠 New identity created
[12:20:31] [21/458] SVFG
[12:20:32] [22/458] STAT
[12:20:33] [23/458] GDCV
[12:20:34] [24/458] VEBI
[12:20:35] [25/458] VDSS
[12:20:36] [26/458] NTHV
[12:20:37] [27/458] AOCH
[12:20:37] [28/458] KASR
[12:20:39] [29/458] AYCS
[12:20:40] 🔄 Identity reset
[12:20:40] 🔄 Identity rotated (every 10 requests)
[12:20:40] [30/458] SHAI
[12:20:41] [31/458] SKPE
[12:20:42] [32/458] SBTA
[12:20:43] [33/458] RTTD
[12:20:44] [34/458] CCJD
[12:20:45] [35/458] RSJJ
[12:20:45] [36/458] RKND
[12:20:46] [37/458] SVTX
[12:20:47] [38/458] BAKM
[12:20:48] [39/458] SVDC
[12:20:49] 🔄 Identity reset
[12:20:49] 🔄 Identity rotated (every 10 requests)
[12:20:49] [40/458] MNCV
[12:20:50] [41/458] SJGC
[12:20:51] [42/458] MTPK
[12:20:52] [43/458] GATP
[12:20:53] [44/458] ABTS
[12:20:53] [45/458] ABDE
[12:20:54] [46/458] RCNM
[12:20:55] [47/458] KTHV
[12:20:56] [48/458] MDGJ
[12:20:57] [49/458] SMLM
[12:20:57] 🔄 Identity reset
[12:20:57] 🔄 Identity rotated (every 10 requests)
[12:20:58] [50/458] JTMA
[12:20:59] [51/458] ACKP
[12:21:00] [52/458] SRTA
[12:21:01] [53/458] STAY
[12:21:02] [54/458] MAVO
[12:21:03] [55/458] APTS
[12:21:04] [56/458] OMEA
[12:21:05] [57/458] TTFD
[12:21:06] [58/458] MJCU
[12:21:07] [59/458] CXTE
[12:21:07] 🔄 Identity reset
[12:21:07] 🔄 Identity rotated (every 10 requests)
[12:21:08] [60/458] CTPX
[12:21:09] [61/458] ASSL
[12:21:09] [62/458] CMVB
[12:21:10] [63/458] VPUR
[12:21:11] [64/458] JJDA
[12:21:12] [65/458] INBL
[12:21:13] [66/458] BIKB
[12:21:14] [67/458] NTBB
[12:21:15] [68/458] GLOB
[12:21:16] [69/458] SNTB
[12:21:16] 🔄 Identity reset
[12:21:16] 🔄 Identity rotated (every 10 requests)
[12:21:16] 🔄 Retry 1/5 for SNTB in 2.0s
[12:21:16] 🔄 Identity reset
[12:21:18] 🧠 New identity created
[12:21:18] 🔄 Retry 2/5 for SNTB in 4.8s
[12:21:18] 🔄 Identity reset
[12:21:23] 🧠 New identity created
[12:21:23] 🔄 Retry 3/5 for SNTB in 9.0s
[12:21:23] 🔄 Identity reset
[12:21:32] 🧠 New identity created
[12:21:33] [70/458] CHGV
[12:21:34] [71/458] SSBZ
[12:21:35] [72/458] PRDB
[12:21:36] [73/458] ISMT
[12:21:37] [74/458] MCSD
[12:21:38] [75/458] JBTT
[12:21:38] [76/458] GEKR
[12:21:39] 🔄 Identity reset
[12:21:39] 🔄 Identity rotated (every 10 requests)
[12:21:39] [77/458] PVUN
[12:21:40] [78/458] NRTB
[12:21:41] [79/458] PRAA
[12:21:42] [80/458] PCBL
[12:21:43] [81/458] PTCM
[12:21:44] [82/458] KHNN
[12:21:45] [83/458] OMJE
[12:21:46] [84/458] STGN
[12:21:47] [85/458] RPMS
[12:21:47] [86/458] NWAD
[12:21:48] 🔄 Identity reset
[12:21:48] 🔄 Identity rotated (every 10 requests)
[12:21:48] 🔄 Retry 1/5 for NWAD in 2.7s
[12:21:48] 🔄 Identity reset
[12:21:51] 🧠 New identity created
[12:21:51] [87/458] BLCK
[12:21:52] [88/458] SVAA
[12:21:53] [89/458] URVM
[12:21:54] [90/458] ANTM
[12:21:55] [91/458] VJYM
[12:21:55] [92/458] MAZZ
[12:21:56] [93/458] CSHM
[12:21:57] [94/458] WGMH
[12:21:58] [95/458] SALN
[12:21:59] 🔄 Identity reset
[12:21:59] 🔄 Identity rotated (every 10 requests)
[12:21:59] [96/458] BRTP
[12:22:00] [97/458] SVTA
[12:22:01] [98/458] SBTP
[12:22:02] [99/458] VLSS
[12:22:03] [100/458] SRJA
[12:22:04] [101/458] ANCG
[12:22:04] [102/458] CGGC
[12:22:05] [103/458] CRJA
[12:22:06] [104/458] USCR
[12:22:07] [105/458] MMEF
[12:22:08] 🔄 Identity reset
[12:22:08] 🔄 Identity rotated (every 10 requests)
[12:22:08] [106/458] JCRJ
[12:22:09] [107/458] ADCM
[12:22:10] [108/458] BMYK
[12:22:11] [109/458] KICS
[12:22:12] [110/458] MBBT
[12:22:13] [111/458] MACK
[12:22:14] [112/458] CLDR
[12:22:15] [113/458] JYCR
[12:22:16] [114/458] DCRP
[12:22:17] [115/458] RAHT
[12:22:17] 🔄 Identity reset
[12:22:17] 🔄 Identity rotated (every 10 requests)
[12:22:18] [116/458] CSSM
[12:22:19] [117/458] ATPK
[12:22:20] [118/458] KLRT
[12:22:21] [119/458] SRDD
[12:22:22] [120/458] CKMC
[12:22:23] [121/458] KRVM
[12:22:24] [122/458] AKCP
[12:22:25] [123/458] CNCV
[12:22:26] [124/458] PACT
[12:22:27] [125/458] NATP
[12:22:28] 🔄 Identity reset
[12:22:28] 🔄 Identity rotated (every 10 requests)
[12:22:28] 🔄 Retry 1/5 for NATP in 2.2s
[12:22:28] 🔄 Identity reset
[12:22:30] 🧠 New identity created
[12:22:30] [126/458] PCPK
[12:22:31] [127/458] SMHO
[12:22:32] [128/458] CWTK
[12:22:33] [129/458] RVKZ
[12:22:34] [130/458] ASPD
[12:22:35] [131/458] VTKZ
[12:22:36] [132/458] LCSO
[12:22:37] [133/458] PRDY
[12:22:38] [134/458] RCAP
[12:22:38] 🔄 Identity reset
[12:22:38] 🔄 Identity rotated (every 10 requests)
[12:22:38] 🔄 Retry 1/5 for RCAP in 2.3s
[12:22:38] 🔄 Identity reset
[12:22:40] 🧠 New identity created
[12:22:41] [135/458] RGAR
[12:22:42] [136/458] RCAC
[12:22:43] [137/458] PMOD
[12:22:43] [138/458] PVCN
[12:22:44] [139/458] SCRZ
[12:22:45] [140/458] PVPC
[12:22:46] [141/458] STID
[12:22:47] [142/458] NEDD
[12:22:49] [143/458] BNBA
[12:22:49] 🔄 Identity reset
[12:22:49] 🔄 Identity rotated (every 10 requests)
[12:22:50] [144/458] NTCD
[12:22:50] [145/458] OCDE
[12:22:51] [146/458] CCDU
[12:22:52] [147/458] CRXH
[12:22:53] [148/458] VLVT
[12:22:54] [149/458] CICI
[12:22:55] [150/458] SUCB
[12:22:55] [151/458] TCBP
[12:22:56] [152/458] SCCY
[12:22:57] [153/458] LXCY
[12:22:58] 🔄 Identity reset
[12:22:58] 🔄 Identity rotated (every 10 requests)
[12:22:58] [154/458] NCMD
[12:22:59] [155/458] PHCS
[12:23:00] [156/458] DUXR
[12:23:01] [157/458] VNKS
[12:23:01] [158/458] SEDP
[12:23:02] [159/458] SVEN
[12:23:03] [160/458] SRKM
[12:23:04] [161/458] JTLT
[12:23:05] [162/458] SVSS
[12:23:06] [163/458] AMDE
[12:23:07] 🔄 Identity reset
[12:23:07] 🔄 Identity rotated (every 10 requests)
[12:23:07] [164/458] WVRN
[12:23:08] [165/458] ISMG
[12:23:09] [166/458] WVKS
[12:23:10] [167/458] USCG
[12:23:10] [168/458] IOTG
[12:23:11] [169/458] RRJM
[12:23:12] [170/458] EDMP
[12:23:14] [171/458] SCGZ
[12:23:15] [172/458] GMGX
[12:23:17] [173/458] OMTP
[12:23:17] 🔄 Identity reset
[12:23:17] 🔄 Identity rotated (every 10 requests)
[12:23:17] [174/458] MITD
[12:23:18] [175/458] SMMD
[12:23:19] [176/458] STML
[12:23:21] [177/458] MCFS
[12:23:22] [178/458] FPKA
[12:23:23] [179/458] OMLR
[12:23:23] [180/458] KKSC
[12:23:24] [181/458] RVMA
[12:23:25] [182/458] SCLL
[12:23:26] [183/458] SCDK
[12:23:27] 🔄 Identity reset
[12:23:27] 🔄 Identity rotated (every 10 requests)
[12:23:27] 🔄 Retry 1/5 for SCDK in 2.6s
[12:23:27] 🔄 Identity reset
[12:23:29] 🧠 New identity created
[12:23:30] [184/458] SXMI
[12:23:31] [185/458] SHDN
[12:23:31] [186/458] PAAD
[12:23:32] [187/458] UUCB
[12:23:33] [188/458] JHOL
[12:23:35] [189/458] SGWT
[12:23:35] [190/458] SRII
[12:23:36] [191/458] SGCK
[12:23:38] [192/458] SVVB
[12:23:39] 🔄 Identity reset
[12:23:39] 🔄 Identity rotated (every 10 requests)
[12:23:39] 🔄 Retry 1/5 for SVVB in 2.9s
[12:23:39] 🔄 Identity reset
[12:23:41] 🧠 New identity created
[12:23:42] [193/458] DMHA
[12:23:43] [194/458] PPNL
[12:23:44] [195/458] CPNL
[12:23:45] [196/458] WVLD
[12:23:47] [197/458] PSLV
[12:23:48] [198/458] VTTL
[12:23:50] [199/458] NPAD
[12:23:50] [200/458] PVCS
[12:23:51] [201/458] MCHL
[12:23:52] 🔄 Identity reset
[12:23:52] 🔄 Identity rotated (every 10 requests)
[12:23:52] 🔄 Retry 1/5 for MCHL in 2.9s
[12:23:52] 🔄 Identity reset
[12:23:55] 🧠 New identity created
[12:23:55] [202/458] PPLL
[12:23:56] [203/458] MALO
[12:23:58] [204/458] SWBH
[12:23:59] [205/458] PUGB
[12:23:59] [206/458] INBB
[12:24:00] [207/458] INNS
[12:24:01] [208/458] MCPT
[12:24:02] [209/458] SCMI
[12:24:03] [210/458] OCON
[12:24:04] 🔄 Identity reset
[12:24:04] 🔄 Identity rotated (every 10 requests)
[12:24:04] 🔄 Retry 1/5 for OCON in 2.3s
[12:24:04] 🔄 Identity reset
[12:24:06] 🧠 New identity created
[12:24:06] 🔄 Retry 2/5 for OCON in 4.7s
[12:24:06] 🔄 Identity reset
[12:24:11] 🧠 New identity created
[12:24:11] 🔄 Retry 3/5 for OCON in 8.4s
[12:24:11] 🔄 Identity reset
[12:24:19] 🧠 New identity created
[12:24:19] 🔄 Retry 4/5 for OCON in 16.1s
[12:24:19] 🔄 Identity reset
[12:24:35] 🧠 New identity created
[12:24:36] [211/458] SCSM
[12:24:37] [212/458] RJVN
[12:24:37] [213/458] AMDK
[12:24:38] [214/458] ISMR
[12:24:39] [215/458] SMTD
[12:24:40] [216/458] VTDD
[12:24:41] 🔄 Identity reset
[12:24:41] 🔄 Identity rotated (every 10 requests)
[12:24:41] [217/458] PDDZ
[12:24:42] [218/458] PCCK
[12:24:43] [219/458] INAM
[12:24:43] [220/458] FNKT
[12:24:44] [221/458] GDKA
[12:24:45] [222/458] MAYU
[12:24:46] [223/458] TCGU
[12:24:47] [224/458] KDCA
[12:24:48] [225/458] DOMY
[12:24:48] [226/458] PDDD
[12:24:49] 🔄 Identity reset
[12:24:49] 🔄 Identity rotated (every 10 requests)
[12:24:49] 🔄 Retry 1/5 for PDDD in 2.7s
[12:24:49] 🔄 Identity reset
[12:24:52] 🧠 New identity created
[12:24:52] [227/458] BJTS
[12:24:53] [228/458] VTCA
[12:24:54] [229/458] SBTM
[12:24:55] [230/458] SEET
[12:24:55] [231/458] SSTJ
[12:24:56] [232/458] SVNT
[12:24:58] [233/458] PPPR
[12:24:59] [234/458] PVYS
[12:25:00] [235/458] IOSE
[12:25:01] 🔄 Identity reset
[12:25:01] 🔄 Identity rotated (every 10 requests)
[12:25:01] [236/458] ACTV
[12:25:02] [237/458] APVE
[12:25:03] [238/458] TCCL
[12:25:04] [239/458] SCMO
[12:25:05] [240/458] SAUM
[12:25:06] [241/458] KCJS
[12:25:07] [242/458] NJCJ
[12:25:09] [243/458] NECF
[12:25:09] [244/458] CCGW
[12:25:10] [245/458] CCMG
[12:25:11] 🔄 Identity reset
[12:25:11] 🔄 Identity rotated (every 10 requests)
[12:25:11] [246/458] NYRG
[12:25:12] [247/458] NCSQ
[12:25:13] [248/458] GRCG
[12:25:15] [249/458] CCBT
[12:25:16] [250/458] ACGA
[12:25:17] [251/458] INAG
[12:25:18] [252/458] FUCG
[12:25:19] [253/458] AICF
[12:25:20] [254/458] GRGA
[12:25:21] [255/458] GDCN
[12:25:21] 🔄 Identity reset
[12:25:21] 🔄 Identity rotated (every 10 requests)
[12:25:22] [256/458] RRCG
[12:25:23] [257/458] SDCH
[12:25:23] [258/458] WVJM
[12:25:24] [259/458] JCCZ
[12:25:25] [260/458] CNCL
[12:25:26] [261/458] TMLV
[12:25:27] [262/458] MEMB
[12:25:28] [263/458] SGTD
[12:25:29] [264/458] CONX
[12:25:30] [265/458] CCMH
[12:25:31] 🔄 Identity reset
[12:25:31] 🔄 Identity rotated (every 10 requests)
[12:25:31] [266/458] ACMC
[12:25:32] [267/458] DTPD
[12:25:33] [268/458] POJA
[12:25:34] [269/458] FNBH
[12:25:35] [270/458] CGCB
[12:25:35] [271/458] RACN
[12:25:36] [272/458] JTSM
[12:25:37] [273/458] SCDN
[12:25:38] [274/458] AACK
[12:25:39] [275/458] RMCE
[12:25:39] 🔄 Identity reset
[12:25:39] 🔄 Identity rotated (every 10 requests)
[12:25:40] [276/458] BSGB
[12:25:40] [277/458] MRCB
[12:25:41] [278/458] SRVR
[12:25:42] [279/458] VTKK
[12:25:43] [280/458] AMST
[12:25:44] [281/458] APCY
[12:25:45] [282/458] LMHO
[12:25:45] [283/458] MTZH
[12:25:47] [284/458] AMZB
[12:25:48] [285/458] SUVT
[12:25:48] 🔄 Identity reset
[12:25:48] 🔄 Identity rotated (every 10 requests)
[12:25:49] [286/458] RCIP
[12:25:49] [287/458] KESR
[12:25:50] [288/458] SNKC
[12:25:51] [289/458] SCED
[12:25:52] [290/458] DVCA
[12:25:53] [291/458] VCDT
[12:25:54] [292/458] RRDI
[12:25:54] [293/458] DFCH
[12:25:55] [294/458] INSC
[12:25:56] [295/458] RGTR
[12:25:57] 🔄 Identity reset
[12:25:57] 🔄 Identity rotated (every 10 requests)
[12:25:57] [296/458] FMOT
[12:25:58] [297/458] SCPM
[12:25:59] [298/458] GCDT
[12:26:00] [299/458] BRKT
[12:26:00] [300/458] DEMP
[12:26:01] [301/458] SRLC
[12:26:03] [302/458] KSTT
[12:26:04] [303/458] SMMT
[12:26:05] [304/458] SILM
[12:26:05] [305/458] JCVM
[12:26:06] 🔄 Identity reset
[12:26:06] 🔄 Identity rotated (every 10 requests)
[12:26:06] 🔄 Retry 1/5 for JCVM in 2.9s
[12:26:06] 🔄 Identity reset
[12:26:09] 🧠 New identity created
[12:26:09] [306/458] KCSV
[12:26:10] [307/458] MHLK
[12:26:11] [308/458] SLVL
[12:26:12] [309/458] RJKP
[12:26:13] [310/458] BBPC
[12:26:14] [311/458] MXCB
[12:26:15] [312/458] TCPK
[12:26:16] [313/458] RTBR
[12:26:17] [314/458] GAUT
[12:26:18] 🔄 Identity reset
[12:26:18] 🔄 Identity rotated (every 10 requests)
[12:26:18] 🔄 Retry 1/5 for GAUT in 2.9s
[12:26:18] 🔄 Identity reset
[12:26:21] 🧠 New identity created
[12:26:21] [315/458] DVCF
[12:26:22] [316/458] JTSB
[12:26:24] [317/458] SBLS
[12:26:25] [318/458] UDAY
[12:26:26] [319/458] PTNP
[12:26:26] [320/458] DMKT
[12:26:27] [321/458] NTDT
[12:26:28] [322/458] SHDJ
[12:26:29] [323/458] OTNC
[12:26:30] 🔄 Identity reset
[12:26:30] 🔄 Identity rotated (every 10 requests)
[12:26:30] [324/458] RNTW
[12:26:31] [325/458] GCMI
[12:26:32] [326/458] CRCM
[12:26:33] [327/458] NNCZ
[12:26:34] [328/458] OEMO
[12:26:35] [329/458] PVJM
[12:26:36] [330/458] CPJI
[12:26:37] [331/458] RMCJ
[12:26:37] [332/458] CNWJ
[12:26:38] [333/458] EPJM
[12:26:39] 🔄 Identity reset
[12:26:39] 🔄 Identity rotated (every 10 requests)
[12:26:39] 🔄 Retry 1/5 for EPJM in 3.0s
[12:26:39] 🔄 Identity reset
[12:26:42] 🧠 New identity created
[12:26:42] [334/458] FNJJ
[12:26:43] [335/458] GCMJ
[12:26:44] [336/458] INPS
[12:26:45] [337/458] BICJ
[12:26:46] [338/458] ISTJ
[12:26:47] [339/458] INJC
[12:26:47] [340/458] GLXJ
[12:26:48] [341/458] INEM
[12:26:49] [342/458] JTMN
[12:26:50] 🔄 Identity reset
[12:26:50] 🔄 Identity rotated (every 10 requests)
[12:26:50] 🔄 Retry 1/5 for JTMN in 2.7s
[12:26:50] 🔄 Identity reset
[12:26:53] 🧠 New identity created
[12:26:53] [343/458] FRCJ
[12:26:54] [344/458] DDJP
[12:26:56] [345/458] INJV
[12:26:57] [346/458] GOLC
[12:26:58] [347/458] KOCI
[12:26:59] [348/458] FSTD
[12:27:01] [349/458] PACJ
[12:27:02] [350/458] GMCN
[12:27:03] [351/458] MMDJ
[12:27:04] 🔄 Identity reset
[12:27:04] 🔄 Identity rotated (every 10 requests)
[12:27:04] 🔄 Retry 1/5 for MMDJ in 2.6s
[12:27:04] 🔄 Identity reset
[12:27:07] 🧠 New identity created
[12:27:07] [352/458] GODH
[12:27:08] [353/458] SKYN
[12:27:09] [354/458] NCTH
[12:27:10] [355/458] SKVZ
[12:27:11] [356/458] SVML
[12:27:12] [357/458] ACVZ
[12:27:13] [358/458] SURA
[12:27:13] [359/458] RTRB
[12:27:14] [360/458] LLCT
[12:27:15] 🔄 Identity reset
[12:27:15] 🔄 Identity rotated (every 10 requests)
[12:27:15] [361/458] ATTS
[12:27:16] [362/458] JYCM
[12:27:18] [363/458] CTKR
[12:27:19] [364/458] LCKR
[12:27:20] [365/458] NYCV
[12:27:20] [366/458] NYOH
[12:27:21] [367/458] NOVX
[12:27:22] [368/458] MRGK
[12:27:23] [369/458] MOON
[12:27:24] [370/458] SBUC
[12:27:25] 🔄 Identity reset
[12:27:25] 🔄 Identity rotated (every 10 requests)
[12:27:26] [371/458] GSVA
[12:27:27] [372/458] VIAK
[12:27:27] [373/458] SMVZ
[12:27:28] [374/458] MATE
[12:27:29] [375/458] RDCN
[12:27:30] [376/458] ASBL
[12:27:31] [377/458] ASVS
[12:27:32] [378/458] ASSR
[12:27:33] [379/458] SSKN
[12:27:34] [380/458] DRPV
[12:27:35] 🔄 Identity reset
[12:27:35] 🔄 Identity rotated (every 10 requests)
[12:27:35] [381/458] MRHT
[12:27:36] [382/458] BSCN
[12:27:37] [383/458] RKNX
[12:27:38] [384/458] MSMC
[12:27:40] [385/458] MSCJ
[12:27:40] [386/458] BTBJ
[12:27:41] [387/458] MJCC
[12:27:43] [388/458] IOMM
[12:27:44] [389/458] ADGR
[12:27:45] [390/458] MYCP
[12:27:46] 🔄 Identity reset
[12:27:46] 🔄 Identity rotated (every 10 requests)
[12:27:46] [391/458] IGCM
[12:27:47] [392/458] PGRK
[12:27:48] [393/458] VPGO
[12:27:49] [394/458] KOMS
[12:27:50] [395/458] URGG
[12:27:51] [396/458] GOST
[12:27:52] [397/458] LACT
[12:27:53] [398/458] BWCM
[12:27:54] [399/458] NCCW
[12:27:55] [400/458] SKYC
[12:27:55] 🔄 Identity reset
[12:27:55] 🔄 Identity rotated (every 10 requests)
[12:27:56] [401/458] CCPM
[12:27:57] [402/458] VCBT
[12:27:58] [403/458] SDKR
[12:27:59] [404/458] CTYB
[12:28:00] [405/458] SHCX
[12:28:01] [406/458] RCUN
[12:28:02] [407/458] CNRA
[12:28:03] [408/458] RFCA
[12:28:04] [409/458] RDCU
[12:28:05] [410/458] SARK
[12:28:05] 🔄 Identity reset
[12:28:05] 🔄 Identity rotated (every 10 requests)
[12:28:07] [411/458] SPPP
[12:28:07] [412/458] ADMB
[12:28:08] [413/458] JYOE
[12:28:09] [414/458] SRMD
[12:28:10] [415/458] RJDH
[12:28:11] [416/458] SSTD
[12:28:12] [417/458] AACV
[12:28:12] [418/458] PPVD
[12:28:14] [419/458] STCP
[12:28:15] [420/458] ANLS
[12:28:16] 🔄 Identity reset
[12:28:16] 🔄 Identity rotated (every 10 requests)
[12:28:16] [421/458] BIJO
[12:28:17] [422/458] AVAB
[12:28:18] [423/458] SPMD
[12:28:19] [424/458] SVJL
[12:28:19] [425/458] SDDJ
[12:28:20] [426/458] SLTU
[12:28:21] [427/458] SAKA
[12:28:22] [428/458] PMAM
[12:28:23] [429/458] FNAM
[12:28:24] [430/458] ACAM
[12:28:24] 🔄 Identity reset
[12:28:25] 🔄 Identity rotated (every 10 requests)
[12:28:25] [431/458] SCMM
[12:28:26] [432/458] PMAK
[12:28:27] [433/458] NYSA
[12:28:28] [434/458] FCPA
[12:28:29] [435/458] GDAN
[12:28:30] [436/458] RSCA
[12:28:32] [437/458] DMAN
[12:28:32] [438/458] DZCM
[12:28:33] [439/458] NSGL
[12:28:34] [440/458] CCPP
[12:28:35] 🔄 Identity reset
[12:28:35] 🔄 Identity rotated (every 10 requests)
[12:28:35] 🔄 Retry 1/5 for CCPP in 2.5s
[12:28:35] 🔄 Identity reset
[12:28:37] 🧠 New identity created
[12:28:38] [441/458] PSMG
[12:28:39] [442/458] GSER
[12:28:39] [443/458] FCCT
[12:28:40] [444/458] FCTB
[12:28:41] [445/458] LCNK
[12:28:43] [446/458] SKTY
[12:28:43] [447/458] INAA
[12:28:44] [448/458] RCWN
[12:28:45] [449/458] VAIS
[12:28:46] 🔄 Identity reset
[12:28:46] 🔄 Identity rotated (every 10 requests)
[12:28:46] 🔄 Retry 1/5 for VAIS in 2.3s
[12:28:46] 🔄 Identity reset
[12:28:48] 🧠 New identity created
[12:28:48] [450/458] CVMN
[12:28:50] [451/458] INTS
[12:28:51] [452/458] FRGS
[12:28:52] [453/458] DTCK
[12:28:53] [454/458] MCMH
[12:28:54] [455/458] ECRR
[12:28:55] [456/458] RLLP
[12:28:56] [457/458] CCSN
[12:28:57] [458/458] CCBA
[12:28:57] 🔄 Identity reset
[12:28:57] 🔄 Identity rotated (every 10 requests)
[12:28:57] 🔄 Retry 1/5 for CCBA in 2.7s
[12:28:57] 🔄 Identity reset
[12:29:00] 🧠 New identity created
[12:29:00] 🧹 Deduping shows
[12:29:00] ✅ DONE | Shows=939 | Movies=28
[22:02:55] 🚀 SCRIPT STARTED (enhanced anti‑detection)
[22:02:55] [1/458] MBDC
[22:02:55] 🧠 New identity created
[22:02:56] [2/458] CHKM
[22:02:57] [3/458] JTKZ
[22:02:58] [4/458] CMCT
[22:02:58] [5/458] ASHO
[22:02:59] [6/458] ECDG
[22:03:00] [7/458] SPAT
[22:03:01] [8/458] HILC
[22:03:02] [9/458] SPPH
[22:03:03] [10/458] SBHN
[22:03:03] 🔄 Identity reset
[22:03:03] 🔄 Identity rotated (every 10 requests)
[22:03:03] 🔄 Retry 1/5 for SBHN in 2.1s
[22:03:03] 🔄 Identity reset
[22:03:05] 🧠 New identity created
[22:03:06] [11/458] RRCA
[22:03:07] [12/458] APAA
[22:03:08] [13/458] RAME
[22:03:09] [14/458] TMMS
[22:03:10] [15/458] BATK
[22:03:10] [16/458] LKOP
[22:03:11] [17/458] AMTT
[22:03:12] [18/458] PTGK
[22:03:13] [19/458] ANRS
[22:03:14] 🔄 Identity reset
[22:03:14] 🔄 Identity rotated (every 10 requests)
[22:03:14] [20/458] VWBW
[22:03:15] [21/458] SVFG
[22:03:16] [22/458] STAT
[22:03:17] [23/458] GDCV
[22:03:18] [24/458] VEBI
[22:03:18] [25/458] VDSS
[22:03:19] [26/458] NTHV
[22:03:20] [27/458] AOCH
[22:03:21] [28/458] KASR
[22:03:22] [29/458] AYCS
[22:03:22] 🔄 Identity reset
[22:03:22] 🔄 Identity rotated (every 10 requests)
[22:03:23] [30/458] SHAI
[22:03:24] [31/458] SKPE
[22:03:25] [32/458] SBTA
[22:03:26] [33/458] RTTD
[22:03:27] [34/458] CCJD
[22:03:28] [35/458] RSJJ
[22:03:28] [36/458] RKND
[22:03:29] [37/458] SVTX
[22:03:30] [38/458] BAKM
[22:03:31] [39/458] SVDC
[22:03:32] 🔄 Identity reset
[22:03:32] 🔄 Identity rotated (every 10 requests)
[22:03:32] [40/458] MNCV
[22:03:33] [41/458] SJGC
[22:03:34] [42/458] MTPK
[22:03:35] [43/458] GATP
[22:03:37] [44/458] ABTS
[22:03:37] [45/458] ABDE
[22:03:38] [46/458] RCNM
[22:03:39] [47/458] KTHV
[22:03:40] [48/458] MDGJ
[22:03:41] [49/458] SMLM
[22:03:42] 🔄 Identity reset
[22:03:42] 🔄 Identity rotated (every 10 requests)
[22:03:42] [50/458] JTMA
[22:03:43] [51/458] ACKP
[22:03:44] [52/458] SRTA
[22:03:45] [53/458] STAY
[22:03:46] [54/458] MAVO
[22:03:47] [55/458] APTS
[22:03:47] [56/458] OMEA
[22:03:48] [57/458] TTFD
[22:03:49] [58/458] MJCU
[22:03:50] [59/458] CXTE
[22:03:51] 🔄 Identity reset
[22:03:51] 🔄 Identity rotated (every 10 requests)
[22:03:51] [60/458] CTPX
[22:03:52] [61/458] ASSL
[22:03:53] [62/458] CMVB
[22:03:54] [63/458] VPUR
[22:03:55] [64/458] JJDA
[22:03:55] [65/458] INBL
[22:03:56] [66/458] BIKB
[22:03:57] [67/458] NTBB
[22:03:58] [68/458] GLOB
[22:03:59] [69/458] SNTB
[22:04:00] 🔄 Identity reset
[22:04:00] 🔄 Identity rotated (every 10 requests)
[22:04:00] 🔄 Retry 1/5 for SNTB in 2.2s
[22:04:00] 🔄 Identity reset
[22:04:02] 🧠 New identity created
[22:04:02] [70/458] CHGV
[22:04:03] [71/458] SSBZ
[22:04:05] [72/458] PRDB
[22:04:06] [73/458] ISMT
[22:04:07] [74/458] MCSD
[22:04:07] [75/458] JBTT
[22:04:09] [76/458] GEKR
[22:04:10] [77/458] PVUN
[22:04:11] [78/458] NRTB
[22:04:12] 🔄 Identity reset
[22:04:12] 🔄 Identity rotated (every 10 requests)
[22:04:12] [79/458] PRAA
[22:04:13] [80/458] PCBL
[22:04:14] [81/458] PTCM
[22:04:14] [82/458] KHNN
[22:04:15] [83/458] OMJE
[22:04:16] [84/458] STGN
[22:04:17] [85/458] RPMS
[22:04:18] [86/458] NWAD
[22:04:19] [87/458] BLCK
[22:04:19] [88/458] SVAA
[22:04:20] 🔄 Identity reset
[22:04:20] 🔄 Identity rotated (every 10 requests)
[22:04:20] [89/458] URVM
[22:04:21] [90/458] ANTM
[22:04:22] [91/458] VJYM
[22:04:23] [92/458] MAZZ
[22:04:24] [93/458] CSHM
[22:04:25] [94/458] WGMH
[22:04:27] [95/458] SALN
[22:04:28] [96/458] BRTP
[22:04:29] [97/458] SVTA
[22:04:30] [98/458] SBTP
[22:04:31] 🔄 Identity reset
[22:04:31] 🔄 Identity rotated (every 10 requests)
[22:04:31] [99/458] VLSS
[22:04:32] [100/458] SRJA
[22:04:33] [101/458] ANCG
[22:04:34] [102/458] CGGC
[22:04:34] [103/458] CRJA
[22:04:35] [104/458] USCR
[22:04:36] [105/458] MMEF
[22:04:37] [106/458] JCRJ
[22:04:38] [107/458] ADCM
[22:04:39] [108/458] BMYK
[22:04:39] 🔄 Identity reset
[22:04:39] 🔄 Identity rotated (every 10 requests)
[22:04:40] [109/458] KICS
[22:04:41] [110/458] MBBT
[22:04:42] [111/458] MACK
[22:04:43] [112/458] CLDR
[22:04:44] [113/458] JYCR
[22:04:45] [114/458] DCRP
[22:04:45] [115/458] RAHT
[22:04:46] [116/458] CSSM
[22:04:47] [117/458] ATPK
[22:04:48] [118/458] KLRT
[22:04:48] 🔄 Identity reset
[22:04:48] 🔄 Identity rotated (every 10 requests)
[22:04:49] [119/458] SRDD
[22:04:50] [120/458] CKMC
[22:04:51] [121/458] KRVM
[22:04:52] [122/458] AKCP
[22:04:52] [123/458] CNCV
[22:04:54] [124/458] PACT
[22:04:55] [125/458] NATP
[22:04:56] [126/458] PCPK
[22:04:57] [127/458] SMHO
[22:04:57] [128/458] CWTK
[22:04:58] 🔄 Identity reset
[22:04:58] 🔄 Identity rotated (every 10 requests)
[22:04:58] [129/458] RVKZ
[22:04:59] [130/458] ASPD
[22:05:00] [131/458] VTKZ
[22:05:01] [132/458] LCSO
[22:05:02] [133/458] PRDY
[22:05:03] [134/458] RCAP
[22:05:04] [135/458] RGAR
[22:05:05] [136/458] RCAC
[22:05:07] [137/458] PMOD
[22:05:07] [138/458] PVCN
[22:05:08] 🔄 Identity reset
[22:05:08] 🔄 Identity rotated (every 10 requests)
[22:05:08] 🔄 Retry 1/5 for PVCN in 2.4s
[22:05:08] 🔄 Identity reset
[22:05:11] 🧠 New identity created
[22:05:11] 🔄 Retry 2/5 for PVCN in 4.4s
[22:05:11] 🔄 Identity reset
[22:05:15] 🧠 New identity created
[22:05:15] 🔄 Retry 3/5 for PVCN in 8.9s
[22:05:15] 🔄 Identity reset
[22:05:24] 🧠 New identity created
[22:05:24] [139/458] SCRZ
[22:05:25] [140/458] PVPC
[22:05:26] [141/458] STID
[22:05:27] [142/458] NEDD
[22:05:28] [143/458] BNBA
[22:05:29] [144/458] NTCD
[22:05:30] [145/458] OCDE
[22:05:30] 🔄 Identity reset
[22:05:30] 🔄 Identity rotated (every 10 requests)
[22:05:31] [146/458] CCDU
[22:05:32] [147/458] CRXH
[22:05:33] [148/458] VLVT
[22:05:34] [149/458] CICI
[22:05:35] [150/458] SUCB
[22:05:36] [151/458] TCBP
[22:05:37] [152/458] SCCY
[22:05:38] [153/458] LXCY
[22:05:39] [154/458] NCMD
[22:05:39] [155/458] PHCS
[22:05:40] 🔄 Identity reset
[22:05:40] 🔄 Identity rotated (every 10 requests)
[22:05:40] [156/458] DUXR
[22:05:41] [157/458] VNKS
[22:05:42] [158/458] SEDP
[22:05:43] [159/458] SVEN
[22:05:44] [160/458] SRKM
[22:05:45] [161/458] JTLT
[22:05:46] [162/458] SVSS
[22:05:47] [163/458] AMDE
[22:05:48] [164/458] WVRN
[22:05:50] [165/458] ISMG
[22:05:50] 🔄 Identity reset
[22:05:50] 🔄 Identity rotated (every 10 requests)
[22:05:51] [166/458] WVKS
[22:05:52] [167/458] USCG
[22:05:52] [168/458] IOTG
[22:05:53] [169/458] RRJM
[22:05:54] [170/458] EDMP
[22:05:55] [171/458] SCGZ
[22:05:56] [172/458] GMGX
[22:05:57] [173/458] OMTP
[22:05:58] [174/458] MITD
[22:05:59] [175/458] SMMD
[22:06:00] 🔄 Identity reset
[22:06:00] 🔄 Identity rotated (every 10 requests)
[22:06:00] [176/458] STML
[22:06:01] [177/458] MCFS
[22:06:02] [178/458] FPKA
[22:06:03] [179/458] OMLR
[22:06:03] [180/458] KKSC
[22:06:04] [181/458] RVMA
[22:06:05] [182/458] SCLL
[22:06:06] [183/458] SCDK
[22:06:07] [184/458] SXMI
[22:06:08] [185/458] SHDN
[22:06:08] 🔄 Identity reset
[22:06:08] 🔄 Identity rotated (every 10 requests)
[22:06:09] [186/458] PAAD
[22:06:10] [187/458] UUCB
[22:06:11] [188/458] JHOL
[22:06:11] [189/458] SGWT
[22:06:12] [190/458] SRII
[22:06:13] [191/458] SGCK
[22:06:14] [192/458] SVVB
[22:06:15] [193/458] DMHA
[22:06:16] [194/458] PPNL
[22:06:17] [195/458] CPNL
[22:06:17] 🔄 Identity reset
[22:06:17] 🔄 Identity rotated (every 10 requests)
[22:06:17] [196/458] WVLD
[22:06:18] [197/458] PSLV
[22:06:19] [198/458] VTTL
[22:06:20] [199/458] NPAD
[22:06:21] [200/458] PVCS
[22:06:23] [201/458] MCHL
[22:06:23] [202/458] PPLL
[22:06:24] [203/458] MALO
[22:06:26] [204/458] SWBH
[22:06:27] [205/458] PUGB
[22:06:27] 🔄 Identity reset
[22:06:27] 🔄 Identity rotated (every 10 requests)
[22:06:28] [206/458] INBB
[22:06:28] [207/458] INNS
[22:06:29] [208/458] MCPT
[22:06:30] [209/458] SCMI
[22:06:31] [210/458] OCON
[22:06:32] [211/458] SCSM
[22:06:33] [212/458] RJVN
[22:06:34] [213/458] AMDK
[22:06:35] [214/458] ISMR
[22:06:36] [215/458] SMTD
[22:06:37] 🔄 Identity reset
[22:06:37] 🔄 Identity rotated (every 10 requests)
[22:06:37] [216/458] VTDD
[22:06:38] [217/458] PDDZ
[22:06:39] [218/458] PCCK
[22:06:40] [219/458] INAM
[22:06:41] [220/458] FNKT
[22:06:42] [221/458] GDKA
[22:06:43] [222/458] MAYU
[22:06:44] [223/458] TCGU
[22:06:44] [224/458] KDCA
[22:06:45] [225/458] DOMY
[22:06:46] 🔄 Identity reset
[22:06:46] 🔄 Identity rotated (every 10 requests)
[22:06:46] [226/458] PDDD
[22:06:47] [227/458] BJTS
[22:06:49] [228/458] VTCA
[22:06:50] [229/458] SBTM
[22:06:50] [230/458] SEET
[22:06:51] [231/458] SSTJ
[22:06:52] [232/458] SVNT
[22:06:53] [233/458] PPPR
[22:06:54] [234/458] PVYS
[22:06:55] [235/458] IOSE
[22:06:55] 🔄 Identity reset
[22:06:55] 🔄 Identity rotated (every 10 requests)
[22:06:56] [236/458] ACTV
[22:06:57] [237/458] APVE
[22:06:57] [238/458] TCCL
[22:06:58] [239/458] SCMO
[22:06:59] [240/458] SAUM
[22:07:00] [241/458] KCJS
[22:07:01] [242/458] NJCJ
[22:07:02] [243/458] NECF
[22:07:03] [244/458] CCGW
[22:07:04] [245/458] CCMG
[22:07:04] 🔄 Identity reset
[22:07:04] 🔄 Identity rotated (every 10 requests)
[22:07:05] [246/458] NYRG
[22:07:05] [247/458] NCSQ
[22:07:06] [248/458] GRCG
[22:07:07] [249/458] CCBT
[22:07:08] [250/458] ACGA
[22:07:09] [251/458] INAG
[22:07:10] [252/458] FUCG
[22:07:10] [253/458] AICF
[22:07:11] [254/458] GRGA
[22:07:12] [255/458] GDCN
[22:07:13] 🔄 Identity reset
[22:07:13] 🔄 Identity rotated (every 10 requests)
[22:07:13] [256/458] RRCG
[22:07:14] [257/458] SDCH
[22:07:15] [258/458] WVJM
[22:07:15] [259/458] JCCZ
[22:07:16] [260/458] CNCL
[22:07:17] [261/458] TMLV
[22:07:18] [262/458] MEMB
[22:07:19] [263/458] SGTD
[22:07:20] [264/458] CONX
[22:07:21] [265/458] CCMH
[22:07:22] 🔄 Identity reset
[22:07:22] 🔄 Identity rotated (every 10 requests)
[22:07:22] [266/458] ACMC
[22:07:23] [267/458] DTPD
[22:07:24] [268/458] POJA
[22:07:25] [269/458] FNBH
[22:07:27] [270/458] CGCB
[22:07:28] [271/458] RACN
[22:07:29] [272/458] JTSM
[22:07:30] [273/458] SCDN
[22:07:31] [274/458] AACK
[22:07:32] [275/458] RMCE
[22:07:32] 🔄 Identity reset
[22:07:32] 🔄 Identity rotated (every 10 requests)
[22:07:33] [276/458] BSGB
[22:07:34] [277/458] MRCB
[22:07:34] [278/458] SRVR
[22:07:35] [279/458] VTKK
[22:07:36] [280/458] AMST
[22:07:38] [281/458] APCY
[22:07:39] [282/458] LMHO
[22:07:40] [283/458] MTZH
[22:07:40] [284/458] AMZB
[22:07:41] [285/458] SUVT
[22:07:42] 🔄 Identity reset
[22:07:42] 🔄 Identity rotated (every 10 requests)
[22:07:43] [286/458] RCIP
[22:07:43] [287/458] KESR
[22:07:44] [288/458] SNKC
[22:07:45] [289/458] SCED
[22:07:46] [290/458] DVCA
[22:07:47] [291/458] VCDT
[22:07:47] [292/458] RRDI
[22:07:48] [293/458] DFCH
[22:07:49] [294/458] INSC
[22:07:50] [295/458] RGTR
[22:07:50] 🔄 Identity reset
[22:07:51] 🔄 Identity rotated (every 10 requests)
[22:07:51] [296/458] FMOT
[22:07:52] [297/458] SCPM
[22:07:53] [298/458] GCDT
[22:07:53] [299/458] BRKT
[22:07:54] [300/458] DEMP
[22:07:55] [301/458] SRLC
[22:07:56] [302/458] KSTT
[22:07:57] [303/458] SMMT
[22:07:58] [304/458] SILM
[22:07:59] [305/458] JCVM
[22:07:59] 🔄 Identity reset
[22:07:59] 🔄 Identity rotated (every 10 requests)
[22:08:00] [306/458] KCSV
[22:08:01] [307/458] MHLK
[22:08:02] [308/458] SLVL
[22:08:03] [309/458] RJKP
[22:08:03] [310/458] BBPC
[22:08:04] [311/458] MXCB
[22:08:05] [312/458] TCPK
[22:08:06] [313/458] RTBR
[22:08:07] [314/458] GAUT
[22:08:08] [315/458] DVCF
[22:08:09] 🔄 Identity reset
[22:08:09] 🔄 Identity rotated (every 10 requests)
[22:08:09] [316/458] JTSB
[22:08:10] [317/458] SBLS
[22:08:10] [318/458] UDAY
[22:08:11] [319/458] PTNP
[22:08:12] [320/458] DMKT
[22:08:13] [321/458] NTDT
[22:08:14] [322/458] SHDJ
[22:08:15] [323/458] OTNC
[22:08:16] [324/458] RNTW
[22:08:17] [325/458] GCMI
[22:08:17] 🔄 Identity reset
[22:08:17] 🔄 Identity rotated (every 10 requests)
[22:08:18] [326/458] CRCM
[22:08:18] [327/458] NNCZ
[22:08:20] [328/458] OEMO
[22:08:21] [329/458] PVJM
[22:08:21] [330/458] CPJI
[22:08:22] [331/458] RMCJ
[22:08:23] [332/458] CNWJ
[22:08:24] [333/458] EPJM
[22:08:25] [334/458] FNJJ
[22:08:26] [335/458] GCMJ
[22:08:27] 🔄 Identity reset
[22:08:27] 🔄 Identity rotated (every 10 requests)
[22:08:27] [336/458] INPS
[22:08:28] [337/458] BICJ
[22:08:29] [338/458] ISTJ
[22:08:30] [339/458] INJC
[22:08:30] [340/458] GLXJ
[22:08:31] [341/458] INEM
[22:08:32] [342/458] JTMN
[22:08:33] [343/458] FRCJ
[22:08:34] [344/458] DDJP
[22:08:35] [345/458] INJV
[22:08:36] 🔄 Identity reset
[22:08:36] 🔄 Identity rotated (every 10 requests)
[22:08:36] [346/458] GOLC
[22:08:37] [347/458] KOCI
[22:08:38] [348/458] FSTD
[22:08:38] [349/458] PACJ
[22:08:39] [350/458] GMCN
[22:08:41] [351/458] MMDJ
[22:08:42] [352/458] GODH
[22:08:42] [353/458] SKYN
[22:08:43] [354/458] NCTH
[22:08:44] [355/458] SKVZ
[22:08:45] 🔄 Identity reset
[22:08:45] 🔄 Identity rotated (every 10 requests)
[22:08:45] [356/458] SVML
[22:08:46] [357/458] ACVZ
[22:08:47] [358/458] SURA
[22:08:49] [359/458] RTRB
[22:08:50] [360/458] LLCT
[22:08:51] [361/458] ATTS
[22:08:51] [362/458] JYCM
[22:08:52] [363/458] CTKR
[22:08:53] [364/458] LCKR
[22:08:54] [365/458] NYCV
[22:08:55] 🔄 Identity reset
[22:08:55] 🔄 Identity rotated (every 10 requests)
[22:08:55] [366/458] NYOH
[22:08:56] [367/458] NOVX
[22:08:57] [368/458] MRGK
[22:08:58] [369/458] MOON
[22:08:59] [370/458] SBUC
[22:09:00] [371/458] GSVA
[22:09:01] [372/458] VIAK
[22:09:02] [373/458] SMVZ
[22:09:02] [374/458] MATE
[22:09:03] [375/458] RDCN
[22:09:04] 🔄 Identity reset
[22:09:04] 🔄 Identity rotated (every 10 requests)
[22:09:04] [376/458] ASBL
[22:09:05] [377/458] ASVS
[22:09:06] [378/458] ASSR
[22:09:07] [379/458] SSKN
[22:09:08] [380/458] DRPV
[22:09:08] [381/458] MRHT
[22:09:09] [382/458] BSCN
[22:09:10] [383/458] RKNX
[22:09:11] [384/458] MSMC
[22:09:12] [385/458] MSCJ
[22:09:12] 🔄 Identity reset
[22:09:12] 🔄 Identity rotated (every 10 requests)
[22:09:13] [386/458] BTBJ
[22:09:14] [387/458] MJCC
[22:09:15] [388/458] IOMM
[22:09:16] [389/458] ADGR
[22:09:16] [390/458] MYCP
[22:09:17] [391/458] IGCM
[22:09:19] [392/458] PGRK
[22:09:20] [393/458] VPGO
[22:09:20] [394/458] KOMS
[22:09:21] [395/458] URGG
[22:09:21] 🔄 Identity reset
[22:09:21] 🔄 Identity rotated (every 10 requests)
[22:09:22] [396/458] GOST
[22:09:23] [397/458] LACT
[22:09:24] [398/458] BWCM
[22:09:24] [399/458] NCCW
[22:09:26] [400/458] SKYC
[22:09:27] [401/458] CCPM
[22:09:28] [402/458] VCBT
[22:09:29] [403/458] SDKR
[22:09:30] [404/458] CTYB
[22:09:30] [405/458] SHCX
[22:09:31] 🔄 Identity reset
[22:09:31] 🔄 Identity rotated (every 10 requests)
[22:09:31] [406/458] RCUN
[22:09:33] [407/458] CNRA
[22:09:34] [408/458] RFCA
[22:09:34] [409/458] RDCU
[22:09:35] [410/458] SARK
[22:09:36] [411/458] SPPP
[22:09:38] [412/458] ADMB
[22:09:39] [413/458] JYOE
[22:09:40] [414/458] SRMD
[22:09:41] [415/458] RJDH
[22:09:41] 🔄 Identity reset
[22:09:41] 🔄 Identity rotated (every 10 requests)
[22:09:42] [416/458] SSTD
[22:09:42] [417/458] AACV
[22:09:43] [418/458] PPVD
[22:09:44] [419/458] STCP
[22:09:45] [420/458] ANLS
[22:09:46] [421/458] BIJO
[22:09:47] [422/458] AVAB
[22:09:48] [423/458] SPMD
[22:09:49] [424/458] SVJL
[22:09:50] [425/458] SDDJ
[22:09:50] 🔄 Identity reset
[22:09:50] 🔄 Identity rotated (every 10 requests)
[22:09:50] [426/458] SLTU
[22:09:51] [427/458] SAKA
[22:09:52] [428/458] PMAM
[22:09:54] [429/458] FNAM
[22:09:55] [430/458] ACAM
[22:09:56] [431/458] SCMM
[22:09:57] [432/458] PMAK
[22:09:58] [433/458] NYSA
[22:09:59] [434/458] FCPA
[22:10:00] [435/458] GDAN
[22:10:01] 🔄 Identity reset
[22:10:01] 🔄 Identity rotated (every 10 requests)
[22:10:01] [436/458] RSCA
[22:10:02] [437/458] DMAN
[22:10:03] [438/458] DZCM
[22:10:04] [439/458] NSGL
[22:10:04] [440/458] CCPP
[22:10:05] [441/458] PSMG
[22:10:06] [442/458] GSER
[22:10:07] [443/458] FCCT
[22:10:08] [444/458] FCTB
[22:10:09] [445/458] LCNK
[22:10:09] 🔄 Identity reset
[22:10:09] 🔄 Identity rotated (every 10 requests)
[22:10:10] [446/458] SKTY
[22:10:11] [447/458] INAA
[22:10:12] [448/458] RCWN
[22:10:13] [449/458] VAIS
[22:10:13] [450/458] CVMN
[22:10:14] [451/458] INTS
[22:10:16] [452/458] FRGS
[22:10:17] [453/458] DTCK
[22:10:18] [454/458] MCMH
[22:10:19] [455/458] ECRR
[22:10:19] 🔄 Identity reset
[22:10:19] 🔄 Identity rotated (every 10 requests)
[22:10:20] [456/458] RLLP
[22:10:21] [457/458] CCSN
[22:10:21] [458/458] CCBA
[22:10:22] 🧹 Deduping shows
[22:10:22] ✅ DONE | Shows=1720 | Movies=44
[07:17:31] 🚀 SCRIPT STARTED (enhanced anti‑detection)
[07:17:31] [1/458] MBDC
[07:17:32] 🧠 New identity created
[07:17:32] [2/458] CHKM
[07:17:33] [3/458] JTKZ
[07:17:34] [4/458] CMCT
[07:17:35] [5/458] ASHO
[07:17:35] [6/458] ECDG
[07:17:36] [7/458] SPAT
[07:17:37] [8/458] HILC
[07:17:38] [9/458] SPPH
[07:17:38] [10/458] SBHN
[07:17:39] 🔄 Identity reset
[07:17:39] 🔄 Identity rotated (every 10 requests)
[07:17:39] [11/458] RRCA
[07:17:40] [12/458] APAA
[07:17:41] [13/458] RAME
[07:17:42] [14/458] TMMS
[07:17:43] [15/458] BATK
[07:17:44] [16/458] LKOP
[07:17:45] [17/458] AMTT
[07:17:46] [18/458] PTGK
[07:17:47] [19/458] ANRS
[07:17:48] [20/458] VWBW
[07:17:49] 🔄 Identity reset
[07:17:49] 🔄 Identity rotated (every 10 requests)
[07:17:49] [21/458] SVFG
[07:17:50] [22/458] STAT
[07:17:51] [23/458] GDCV
[07:17:52] [24/458] VEBI
[07:17:54] [25/458] VDSS
[07:17:54] [26/458] NTHV
[07:17:55] [27/458] AOCH
[07:17:56] [28/458] KASR
[07:17:57] [29/458] AYCS
[07:17:57] [30/458] SHAI
[07:17:58] 🔄 Identity reset
[07:17:58] 🔄 Identity rotated (every 10 requests)
[07:17:58] [31/458] SKPE
[07:17:59] [32/458] SBTA
[07:18:00] [33/458] RTTD
[07:18:01] [34/458] CCJD
[07:18:02] [35/458] RSJJ
[07:18:03] [36/458] RKND
[07:18:04] [37/458] SVTX
[07:18:05] [38/458] BAKM
[07:18:06] [39/458] SVDC
[07:18:07] [40/458] MNCV
[07:18:08] 🔄 Identity reset
[07:18:08] 🔄 Identity rotated (every 10 requests)
[07:18:08] [41/458] SJGC
[07:18:09] [42/458] MTPK
[07:18:10] [43/458] GATP
[07:18:11] [44/458] ABTS
[07:18:11] [45/458] ABDE
[07:18:12] [46/458] RCNM
[07:18:13] [47/458] KTHV
[07:18:14] [48/458] MDGJ
[07:18:15] [49/458] SMLM
[07:18:15] [50/458] JTMA
[07:18:16] 🔄 Identity reset
[07:18:16] 🔄 Identity rotated (every 10 requests)
[07:18:16] [51/458] ACKP
[07:18:17] [52/458] SRTA
[07:18:18] [53/458] STAY
[07:18:19] [54/458] MAVO
[07:18:20] [55/458] APTS
[07:18:21] [56/458] OMEA
[07:18:21] [57/458] TTFD
[07:18:23] [58/458] MJCU
[07:18:24] [59/458] CXTE
[07:18:25] [60/458] CTPX
[07:18:26] 🔄 Identity reset
[07:18:26] 🔄 Identity rotated (every 10 requests)
[07:18:26] 🔄 Retry 1/5 for CTPX in 2.6s
[07:18:26] 🔄 Identity reset
[07:18:29] 🧠 New identity created
[07:18:29] [61/458] ASSL
[07:18:30] [62/458] CMVB
[07:18:31] [63/458] VPUR
[07:18:31] [64/458] JJDA
[07:18:32] [65/458] INBL
[07:18:33] [66/458] BIKB
[07:18:34] [67/458] NTBB
[07:18:35] [68/458] GLOB
[07:18:36] [69/458] SNTB
[07:18:37] 🔄 Identity reset
[07:18:37] 🔄 Identity rotated (every 10 requests)
[07:18:37] [70/458] CHGV
[07:18:38] [71/458] SSBZ
[07:18:39] [72/458] PRDB
[07:18:40] [73/458] ISMT
[07:18:40] [74/458] MCSD
[07:18:41] [75/458] JBTT
[07:18:42] [76/458] GEKR
[07:18:44] [77/458] PVUN
[07:18:45] [78/458] NRTB
[07:18:45] [79/458] PRAA
[07:18:46] 🔄 Identity reset
[07:18:46] 🔄 Identity rotated (every 10 requests)
[07:18:46] [80/458] PCBL
[07:18:47] [81/458] PTCM
[07:18:48] [82/458] KHNN
[07:18:49] [83/458] OMJE
[07:18:50] [84/458] STGN
[07:18:51] [85/458] RPMS
[07:18:51] [86/458] NWAD
[07:18:52] [87/458] BLCK
[07:18:53] [88/458] SVAA
[07:18:54] [89/458] URVM
[07:18:54] 🔄 Identity reset
[07:18:54] 🔄 Identity rotated (every 10 requests)
[07:18:54] [90/458] ANTM
[07:18:55] [91/458] VJYM
[07:18:56] [92/458] MAZZ
[07:18:57] [93/458] CSHM
[07:18:58] [94/458] WGMH
[07:18:59] [95/458] SALN
[07:19:00] [96/458] BRTP
[07:19:01] [97/458] SVTA
[07:19:01] [98/458] SBTP
[07:19:02] [99/458] VLSS
[07:19:03] 🔄 Identity reset
[07:19:03] 🔄 Identity rotated (every 10 requests)
[07:19:03] [100/458] SRJA
[07:19:04] [101/458] ANCG
[07:19:05] [102/458] CGGC
[07:19:06] [103/458] CRJA
[07:19:07] [104/458] USCR
[07:19:08] [105/458] MMEF
[07:19:09] [106/458] JCRJ
[07:19:10] [107/458] ADCM
[07:19:10] [108/458] BMYK
[07:19:11] [109/458] KICS
[07:19:12] 🔄 Identity reset
[07:19:12] 🔄 Identity rotated (every 10 requests)
[07:19:13] [110/458] MBBT
[07:19:14] [111/458] MACK
[07:19:15] [112/458] CLDR
[07:19:15] [113/458] JYCR
[07:19:17] [114/458] DCRP
[07:19:18] [115/458] RAHT
[07:19:19] [116/458] CSSM
[07:19:20] [117/458] ATPK
[07:19:20] [118/458] KLRT
[07:19:21] [119/458] SRDD
[07:19:22] 🔄 Identity reset
[07:19:22] 🔄 Identity rotated (every 10 requests)
[07:19:22] [120/458] CKMC
[07:19:23] [121/458] KRVM
[07:19:24] [122/458] AKCP
[07:19:25] [123/458] CNCV
[07:19:26] [124/458] PACT
[07:19:27] [125/458] NATP
[07:19:28] [126/458] PCPK
[07:19:29] [127/458] SMHO
[07:19:30] [128/458] CWTK
[07:19:31] [129/458] RVKZ
[07:19:31] 🔄 Identity reset
[07:19:31] 🔄 Identity rotated (every 10 requests)
[07:19:32] [130/458] ASPD
[07:19:33] [131/458] VTKZ
[07:19:34] [132/458] LCSO
[07:19:35] [133/458] PRDY
[07:19:35] [134/458] RCAP
[07:19:36] [135/458] RGAR
[07:19:37] [136/458] RCAC
[07:19:38] [137/458] PMOD
[07:19:39] [138/458] PVCN
[07:19:40] [139/458] SCRZ
[07:19:40] 🔄 Identity reset
[07:19:40] 🔄 Identity rotated (every 10 requests)
[07:19:41] [140/458] PVPC
[07:19:42] [141/458] STID
[07:19:42] [142/458] NEDD
[07:19:43] [143/458] BNBA
[07:19:44] [144/458] NTCD
[07:19:45] [145/458] OCDE
[07:19:46] [146/458] CCDU
[07:19:46] [147/458] CRXH
[07:19:47] [148/458] VLVT
[07:19:48] [149/458] CICI
[07:19:48] 🔄 Identity reset
[07:19:48] 🔄 Identity rotated (every 10 requests)
[07:19:49] [150/458] SUCB
[07:19:49] [151/458] TCBP
[07:19:50] [152/458] SCCY
[07:19:51] [153/458] LXCY
[07:19:52] [154/458] NCMD
[07:19:53] [155/458] PHCS
[07:19:53] [156/458] DUXR
[07:19:54] [157/458] VNKS
[07:19:55] [158/458] SEDP
[07:19:56] [159/458] SVEN
[07:19:57] 🔄 Identity reset
[07:19:57] 🔄 Identity rotated (every 10 requests)
[07:19:57] 🔄 Retry 1/5 for SVEN in 2.6s
[07:19:57] 🔄 Identity reset
[07:19:59] 🧠 New identity created
[07:19:59] 🔄 Retry 2/5 for SVEN in 5.0s
[07:19:59] 🔄 Identity reset
[07:20:04] 🧠 New identity created
[07:20:04] 🔄 Retry 3/5 for SVEN in 8.9s
[07:20:04] 🔄 Identity reset
[07:20:13] 🧠 New identity created
[07:20:14] [160/458] SRKM
[07:20:14] [161/458] JTLT
[07:20:15] [162/458] SVSS
[07:20:16] [163/458] AMDE
[07:20:16] [164/458] WVRN
[07:20:17] [165/458] ISMG
[07:20:18] [166/458] WVKS
[07:20:19] 🔄 Identity reset
[07:20:19] 🔄 Identity rotated (every 10 requests)
[07:20:19] [167/458] USCG
[07:20:20] [168/458] IOTG
[07:20:21] [169/458] RRJM
[07:20:22] [170/458] EDMP
[07:20:23] [171/458] SCGZ
[07:20:23] [172/458] GMGX
[07:20:24] [173/458] OMTP
[07:20:26] [174/458] MITD
[07:20:27] [175/458] SMMD
[07:20:28] [176/458] STML
[07:20:28] 🔄 Identity reset
[07:20:28] 🔄 Identity rotated (every 10 requests)
[07:20:28] [177/458] MCFS
[07:20:29] [178/458] FPKA
[07:20:30] [179/458] OMLR
[07:20:31] [180/458] KKSC
[07:20:32] [181/458] RVMA
[07:20:33] [182/458] SCLL
[07:20:34] [183/458] SCDK
[07:20:34] [184/458] SXMI
[07:20:35] [185/458] SHDN
[07:20:36] [186/458] PAAD
[07:20:37] 🔄 Identity reset
[07:20:37] 🔄 Identity rotated (every 10 requests)
[07:20:37] 🔄 Retry 1/5 for PAAD in 2.6s
[07:20:37] 🔄 Identity reset
[07:20:40] 🧠 New identity created
[07:20:40] [187/458] UUCB
[07:20:41] [188/458] JHOL
[07:20:42] [189/458] SGWT
[07:20:43] [190/458] SRII
[07:20:43] [191/458] SGCK
[07:20:44] [192/458] SVVB
[07:20:45] [193/458] DMHA
[07:20:46] [194/458] PPNL
[07:20:47] [195/458] CPNL
[07:20:47] 🔄 Identity reset
[07:20:47] 🔄 Identity rotated (every 10 requests)
[07:20:48] [196/458] WVLD
[07:20:48] [197/458] PSLV
[07:20:49] [198/458] VTTL
[07:20:50] [199/458] NPAD
[07:20:51] [200/458] PVCS
[07:20:51] [201/458] MCHL
[07:20:52] [202/458] PPLL
[07:20:54] [203/458] MALO
[07:20:55] [204/458] SWBH
[07:20:56] [205/458] PUGB
[07:20:56] 🔄 Identity reset
[07:20:56] 🔄 Identity rotated (every 10 requests)
[07:20:57] [206/458] INBB
[07:20:57] [207/458] INNS
[07:20:58] [208/458] MCPT
[07:20:59] [209/458] SCMI
[07:21:00] [210/458] OCON
[07:21:01] [211/458] SCSM
[07:21:02] [212/458] RJVN
[07:21:03] [213/458] AMDK
[07:21:03] [214/458] ISMR
[07:21:04] [215/458] SMTD
[07:21:05] 🔄 Identity reset
[07:21:05] 🔄 Identity rotated (every 10 requests)
[07:21:05] [216/458] VTDD
[07:21:06] [217/458] PDDZ
[07:21:07] [218/458] PCCK
[07:21:08] [219/458] INAM
[07:21:09] [220/458] FNKT
[07:21:10] [221/458] GDKA
[07:21:11] [222/458] MAYU
[07:21:12] [223/458] TCGU
[07:21:13] [224/458] KDCA
[07:21:14] [225/458] DOMY
[07:21:14] 🔄 Identity reset
[07:21:14] 🔄 Identity rotated (every 10 requests)
[07:21:15] [226/458] PDDD
[07:21:16] [227/458] BJTS
[07:21:16] [228/458] VTCA
[07:21:17] [229/458] SBTM
[07:21:18] [230/458] SEET
[07:21:19] [231/458] SSTJ
[07:21:20] [232/458] SVNT
[07:21:21] [233/458] PPPR
[07:21:22] [234/458] PVYS
[07:21:23] [235/458] IOSE
[07:21:23] 🔄 Identity reset
[07:21:23] 🔄 Identity rotated (every 10 requests)
[07:21:24] [236/458] ACTV
[07:21:25] [237/458] APVE
[07:21:26] [238/458] TCCL
[07:21:27] [239/458] SCMO
[07:21:28] [240/458] SAUM
[07:21:29] [241/458] KCJS
[07:21:29] [242/458] NJCJ
[07:21:31] [243/458] NECF
[07:21:32] [244/458] CCGW
[07:21:34] [245/458] CCMG
[07:21:35] 🔄 Identity reset
[07:21:35] 🔄 Identity rotated (every 10 requests)
[07:21:35] [246/458] NYRG
[07:21:36] [247/458] NCSQ
[07:21:37] [248/458] GRCG
[07:21:38] [249/458] CCBT
[07:21:39] [250/458] ACGA
[07:21:40] [251/458] INAG
[07:21:41] [252/458] FUCG
[07:21:41] [253/458] AICF
[07:21:42] [254/458] GRGA
[07:21:43] [255/458] GDCN
[07:21:44] 🔄 Identity reset
[07:21:44] 🔄 Identity rotated (every 10 requests)
[07:21:44] 🔄 Retry 1/5 for GDCN in 2.9s
[07:21:44] 🔄 Identity reset
[07:21:47] 🧠 New identity created
[07:21:47] [256/458] RRCG
[07:21:48] [257/458] SDCH
[07:21:49] [258/458] WVJM
[07:21:50] [259/458] JCCZ
[07:21:51] [260/458] CNCL
[07:21:52] [261/458] TMLV
[07:21:53] [262/458] MEMB
[07:21:53] [263/458] SGTD
[07:21:54] [264/458] CONX
[07:21:55] 🔄 Identity reset
[07:21:55] 🔄 Identity rotated (every 10 requests)
[07:21:55] [265/458] CCMH
[07:21:56] [266/458] ACMC
[07:21:57] [267/458] DTPD
[07:21:58] [268/458] POJA
[07:21:59] [269/458] FNBH
[07:22:00] [270/458] CGCB
[07:22:01] [271/458] RACN
[07:22:02] [272/458] JTSM
[07:22:02] [273/458] SCDN
[07:22:03] [274/458] AACK
[07:22:04] 🔄 Identity reset
[07:22:04] 🔄 Identity rotated (every 10 requests)
[07:22:04] [275/458] RMCE
[07:22:05] [276/458] BSGB
[07:22:06] [277/458] MRCB
[07:22:07] [278/458] SRVR
[07:22:08] [279/458] VTKK
[07:22:09] [280/458] AMST
[07:22:10] [281/458] APCY
[07:22:11] [282/458] LMHO
[07:22:11] [283/458] MTZH
[07:22:12] [284/458] AMZB
[07:22:13] 🔄 Identity reset
[07:22:13] 🔄 Identity rotated (every 10 requests)
[07:22:13] [285/458] SUVT
[07:22:14] [286/458] RCIP
[07:22:15] [287/458] KESR
[07:22:16] [288/458] SNKC
[07:22:17] [289/458] SCED
[07:22:18] [290/458] DVCA
[07:22:18] [291/458] VCDT
[07:22:19] [292/458] RRDI
[07:22:20] [293/458] DFCH
[07:22:21] [294/458] INSC
[07:22:22] 🔄 Identity reset
[07:22:22] 🔄 Identity rotated (every 10 requests)
[07:22:22] [295/458] RGTR
[07:22:24] [296/458] FMOT
[07:22:24] [297/458] SCPM
[07:22:25] [298/458] GCDT
[07:22:26] [299/458] BRKT
[07:22:27] [300/458] DEMP
[07:22:29] [301/458] SRLC
[07:22:30] [302/458] KSTT
[07:22:31] [303/458] SMMT
[07:22:31] [304/458] SILM
[07:22:32] 🔄 Identity reset
[07:22:32] 🔄 Identity rotated (every 10 requests)
[07:22:32] 🔄 Retry 1/5 for SILM in 2.9s
[07:22:32] 🔄 Identity reset
[07:22:35] 🧠 New identity created
[07:22:35] 🔄 Retry 2/5 for SILM in 4.8s
[07:22:35] 🔄 Identity reset
[07:22:40] 🧠 New identity created
[07:22:40] 🔄 Retry 3/5 for SILM in 8.6s
[07:22:40] 🔄 Identity reset
[07:22:48] 🧠 New identity created
[07:22:49] [305/458] JCVM
[07:22:49] [306/458] KCSV
[07:22:50] [307/458] MHLK
[07:22:51] [308/458] SLVL
[07:22:52] [309/458] RJKP
[07:22:54] [310/458] BBPC
[07:22:54] [311/458] MXCB
[07:22:55] 🔄 Identity reset
[07:22:55] 🔄 Identity rotated (every 10 requests)
[07:22:55] [312/458] TCPK
[07:22:56] [313/458] RTBR
[07:22:57] [314/458] GAUT
[07:22:58] [315/458] DVCF
[07:22:59] [316/458] JTSB
[07:23:00] [317/458] SBLS
[07:23:01] [318/458] UDAY
[07:23:02] [319/458] PTNP
[07:23:03] [320/458] DMKT
[07:23:04] [321/458] NTDT
[07:23:05] 🔄 Identity reset
[07:23:05] 🔄 Identity rotated (every 10 requests)
[07:23:05] 🔄 Retry 1/5 for NTDT in 2.9s
[07:23:05] 🔄 Identity reset
[07:23:08] 🧠 New identity created
[07:23:08] [322/458] SHDJ
[07:23:09] [323/458] OTNC
[07:23:10] [324/458] RNTW
[07:23:10] [325/458] GCMI
[07:23:11] [326/458] CRCM
[07:23:12] [327/458] NNCZ
[07:23:14] [328/458] OEMO
[07:23:15] [329/458] PVJM
[07:23:16] [330/458] CPJI
[07:23:16] 🔄 Identity reset
[07:23:16] 🔄 Identity rotated (every 10 requests)
[07:23:16] [331/458] RMCJ
[07:23:17] [332/458] CNWJ
[07:23:18] [333/458] EPJM
[07:23:19] [334/458] FNJJ
[07:23:20] [335/458] GCMJ
[07:23:21] [336/458] INPS
[07:23:21] [337/458] BICJ
[07:23:22] [338/458] ISTJ
[07:23:23] [339/458] INJC
[07:23:24] [340/458] GLXJ
[07:23:24] 🔄 Identity reset
[07:23:25] 🔄 Identity rotated (every 10 requests)
[07:23:25] [341/458] INEM
[07:23:26] [342/458] JTMN
[07:23:27] [343/458] FRCJ
[07:23:28] [344/458] DDJP
[07:23:28] [345/458] INJV
[07:23:29] [346/458] GOLC
[07:23:30] [347/458] KOCI
[07:23:31] [348/458] FSTD
[07:23:32] [349/458] PACJ
[07:23:33] [350/458] GMCN
[07:23:34] 🔄 Identity reset
[07:23:34] 🔄 Identity rotated (every 10 requests)
[07:23:34] [351/458] MMDJ
[07:23:35] [352/458] GODH
[07:23:35] [353/458] SKYN
[07:23:36] [354/458] NCTH
[07:23:37] [355/458] SKVZ
[07:23:37] [356/458] SVML
[07:23:38] [357/458] ACVZ
[07:23:39] [358/458] SURA
[07:23:40] [359/458] RTRB
[07:23:41] [360/458] LLCT
[07:23:41] 🔄 Identity reset
[07:23:41] 🔄 Identity rotated (every 10 requests)
[07:23:42] [361/458] ATTS
[07:23:43] [362/458] JYCM
[07:23:43] [363/458] CTKR
[07:23:44] [364/458] LCKR
[07:23:45] [365/458] NYCV
[07:23:46] [366/458] NYOH
[07:23:47] [367/458] NOVX
[07:23:48] [368/458] MRGK
[07:23:49] [369/458] MOON
[07:23:50] [370/458] SBUC
[07:23:50] 🔄 Identity reset
[07:23:50] 🔄 Identity rotated (every 10 requests)
[07:23:51] [371/458] GSVA
[07:23:51] [372/458] VIAK
[07:23:52] [373/458] SMVZ
[07:23:53] [374/458] MATE
[07:23:54] [375/458] RDCN
[07:23:55] [376/458] ASBL
[07:23:56] [377/458] ASVS
[07:23:57] [378/458] ASSR
[07:23:58] [379/458] SSKN
[07:23:59] [380/458] DRPV
[07:24:00] 🔄 Identity reset
[07:24:00] 🔄 Identity rotated (every 10 requests)
[07:24:00] [381/458] MRHT
[07:24:01] [382/458] BSCN
[07:24:02] [383/458] RKNX
[07:24:02] [384/458] MSMC
[07:24:03] [385/458] MSCJ
[07:24:04] [386/458] BTBJ
[07:24:05] [387/458] MJCC
[07:24:06] [388/458] IOMM
[07:24:07] [389/458] ADGR
[07:24:07] [390/458] MYCP
[07:24:08] 🔄 Identity reset
[07:24:08] 🔄 Identity rotated (every 10 requests)
[07:24:08] [391/458] IGCM
[07:24:09] [392/458] PGRK
[07:24:10] [393/458] VPGO
[07:24:11] [394/458] KOMS
[07:24:12] [395/458] URGG
[07:24:12] [396/458] GOST
[07:24:13] [397/458] LACT
[07:24:14] [398/458] BWCM
[07:24:15] [399/458] NCCW
[07:24:15] [400/458] SKYC
[07:24:16] 🔄 Identity reset
[07:24:16] 🔄 Identity rotated (every 10 requests)
[07:24:16] 🔄 Retry 1/5 for SKYC in 2.3s
[07:24:16] 🔄 Identity reset
[07:24:19] 🧠 New identity created
[07:24:19] [401/458] CCPM
[07:24:20] [402/458] VCBT
[07:24:21] [403/458] SDKR
[07:24:21] [404/458] CTYB
[07:24:23] [405/458] SHCX
[07:24:24] [406/458] RCUN
[07:24:24] [407/458] CNRA
[07:24:25] [408/458] RFCA
[07:24:26] [409/458] RDCU
[07:24:27] 🔄 Identity reset
[07:24:27] 🔄 Identity rotated (every 10 requests)
[07:24:27] 🔄 Retry 1/5 for RDCU in 2.0s
[07:24:27] 🔄 Identity reset
[07:24:29] 🧠 New identity created
[07:24:29] [410/458] SARK
[07:24:30] [411/458] SPPP
[07:24:31] [412/458] ADMB
[07:24:32] [413/458] JYOE
[07:24:33] [414/458] SRMD
[07:24:34] [415/458] RJDH
[07:24:35] [416/458] SSTD
[07:24:35] [417/458] AACV
[07:24:36] [418/458] PPVD
[07:24:36] 🔄 Identity reset
[07:24:36] 🔄 Identity rotated (every 10 requests)
[07:24:37] [419/458] STCP
[07:24:37] [420/458] ANLS
[07:24:38] [421/458] BIJO
[07:24:39] [422/458] AVAB
[07:24:40] [423/458] SPMD
[07:24:41] [424/458] SVJL
[07:24:42] [425/458] SDDJ
[07:24:42] [426/458] SLTU
[07:24:43] [427/458] SAKA
[07:24:44] [428/458] PMAM
[07:24:45] 🔄 Identity reset
[07:24:45] 🔄 Identity rotated (every 10 requests)
[07:24:45] [429/458] FNAM
[07:24:46] [430/458] ACAM
[07:24:47] [431/458] SCMM
[07:24:47] [432/458] PMAK
[07:24:48] [433/458] NYSA
[07:24:49] [434/458] FCPA
[07:24:50] [435/458] GDAN
[07:24:51] [436/458] RSCA
[07:24:52] [437/458] DMAN
[07:24:54] [438/458] DZCM
[07:24:54] 🔄 Identity reset
[07:24:54] 🔄 Identity rotated (every 10 requests)
[07:24:55] [439/458] NSGL
[07:24:55] [440/458] CCPP
[07:24:56] [441/458] PSMG
[07:24:57] [442/458] GSER
[07:24:58] [443/458] FCCT
[07:24:59] [444/458] FCTB
[07:25:00] [445/458] LCNK
[07:25:01] [446/458] SKTY
[07:25:02] [447/458] INAA
[07:25:02] [448/458] RCWN
[07:25:03] 🔄 Identity reset
[07:25:03] 🔄 Identity rotated (every 10 requests)
[07:25:04] [449/458] VAIS
[07:25:04] [450/458] CVMN
[07:25:05] [451/458] INTS
[07:25:06] [452/458] FRGS
[07:25:07] [453/458] DTCK
[07:25:08] [454/458] MCMH
[07:25:08] [455/458] ECRR
[07:25:10] [456/458] RLLP
[07:25:11] [457/458] CCSN
[07:25:12] [458/458] CCBA
[07:25:12] 🔄 Identity reset
[07:25:12] 🔄 Identity rotated (every 10 requests)
[07:25:12] 🔄 Retry 1/5 for CCBA in 2.8s
[07:25:12] 🔄 Identity reset
[07:25:15] 🧠 New identity created
[07:25:16] 🧹 Deduping shows
[07:25:16] ✅ DONE | Shows=2065 | Movies=48
[18:22:45] 🚀 SCRIPT STARTED (enhanced anti‑detection)
[18:22:45] [1/458] MBDC
[18:22:45] 🧠 New identity created
[18:22:46] 🔄 Retry 1/5 for MBDC in 2.8s
[18:22:46] 🔄 Identity reset
[18:22:48] 🧠 New identity created
[18:22:50] [2/458] CHKM
[18:22:50] [3/458] JTKZ
[18:22:51] [4/458] CMCT
[18:22:52] [5/458] ASHO
[18:22:53] [6/458] ECDG
[18:22:54] [7/458] SPAT
[18:22:55] [8/458] HILC
[18:22:56] [9/458] SPPH
[18:22:56] 🔄 Identity reset
[18:22:57] 🔄 Identity rotated (every 10 requests)
[18:22:57] 🔄 Retry 1/5 for SPPH in 2.7s
[18:22:57] 🔄 Identity reset
[18:22:59] 🧠 New identity created
[18:23:00] [10/458] SBHN
[18:23:02] [11/458] RRCA
[18:23:02] [12/458] APAA
[18:23:03] [13/458] RAME
[18:23:04] [14/458] TMMS
[18:23:05] [15/458] BATK
[18:23:06] [16/458] LKOP
[18:23:07] [17/458] AMTT
[18:23:08] [18/458] PTGK
[18:23:09] 🔄 Identity reset
[18:23:09] 🔄 Identity rotated (every 10 requests)
[18:23:09] [19/458] ANRS
[18:23:10] [20/458] VWBW
[18:23:12] [21/458] SVFG
[18:23:13] [22/458] STAT
[18:23:14] [23/458] GDCV
[18:23:15] [24/458] VEBI
[18:23:16] [25/458] VDSS
[18:23:17] [26/458] NTHV
[18:23:18] [27/458] AOCH
[18:23:19] [28/458] KASR
[18:23:19] 🔄 Identity reset
[18:23:19] 🔄 Identity rotated (every 10 requests)
[18:23:19] [29/458] AYCS
[18:23:20] [30/458] SHAI
[18:23:21] [31/458] SKPE
[18:23:22] [32/458] SBTA
[18:23:23] [33/458] RTTD
[18:23:24] [34/458] CCJD
[18:23:25] [35/458] RSJJ
[18:23:26] [36/458] RKND
[18:23:27] [37/458] SVTX
[18:23:28] [38/458] BAKM
[18:23:28] 🔄 Identity reset
[18:23:29] 🔄 Identity rotated (every 10 requests)
[18:23:30] [39/458] SVDC
[18:23:30] [40/458] MNCV
[18:23:31] [41/458] SJGC
[18:23:32] [42/458] MTPK
[18:23:33] [43/458] GATP
[18:23:34] [44/458] ABTS
[18:23:35] [45/458] ABDE
[18:23:36] [46/458] RCNM
[18:23:37] [47/458] KTHV
[18:23:38] [48/458] MDGJ
[18:23:38] 🔄 Identity reset
[18:23:38] 🔄 Identity rotated (every 10 requests)
[18:23:39] [49/458] SMLM
[18:23:40] [50/458] JTMA
[18:23:40] [51/458] ACKP
[18:23:41] [52/458] SRTA
[18:23:42] [53/458] STAY
[18:23:43] [54/458] MAVO
[18:23:44] [55/458] APTS
[18:23:45] [56/458] OMEA
[18:23:47] [57/458] TTFD
[18:23:47] [58/458] MJCU
[18:23:48] 🔄 Identity reset
[18:23:48] 🔄 Identity rotated (every 10 requests)
[18:23:48] 🔄 Retry 1/5 for MJCU in 2.4s
[18:23:48] 🔄 Identity reset
[18:23:51] 🧠 New identity created
[18:23:51] [59/458] CXTE
[18:23:52] [60/458] CTPX
[18:23:52] [61/458] ASSL
[18:23:54] [62/458] CMVB
[18:23:55] [63/458] VPUR
[18:23:56] [64/458] JJDA
[18:23:57] [65/458] INBL
[18:23:58] [66/458] BIKB
[18:23:59] [67/458] NTBB
[18:23:59] 🔄 Identity reset
[18:23:59] 🔄 Identity rotated (every 10 requests)
[18:24:00] [68/458] GLOB
[18:24:00] [69/458] SNTB
[18:24:01] [70/458] CHGV
[18:24:02] [71/458] SSBZ
[18:24:03] [72/458] PRDB
[18:24:04] [73/458] ISMT
[18:24:05] [74/458] MCSD
[18:24:06] [75/458] JBTT
[18:24:07] [76/458] GEKR
[18:24:08] [77/458] PVUN
[18:24:08] 🔄 Identity reset
[18:24:08] 🔄 Identity rotated (every 10 requests)
[18:24:08] 🔄 Retry 1/5 for PVUN in 2.2s
[18:24:08] 🔄 Identity reset
[18:24:11] 🧠 New identity created
[18:24:11] 🔄 Retry 2/5 for PVUN in 4.4s
[18:24:11] 🔄 Identity reset
[18:24:15] 🧠 New identity created
[18:24:15] [78/458] NRTB
[18:24:16] [79/458] PRAA
[18:24:17] [80/458] PCBL
[18:24:18] [81/458] PTCM
[18:24:19] [82/458] KHNN
[18:24:20] [83/458] OMJE
[18:24:21] [84/458] STGN
[18:24:21] [85/458] RPMS
[18:24:22] 🔄 Identity reset
[18:24:22] 🔄 Identity rotated (every 10 requests)
[18:24:22] [86/458] NWAD
[18:24:23] [87/458] BLCK
[18:24:24] [88/458] SVAA
[18:24:25] [89/458] URVM
[18:24:26] [90/458] ANTM
[18:24:27] [91/458] VJYM
[18:24:27] [92/458] MAZZ
[18:24:28] [93/458] CSHM
[18:24:30] [94/458] WGMH
[18:24:31] [95/458] SALN
[18:24:31] 🔄 Identity reset
[18:24:32] 🔄 Identity rotated (every 10 requests)
[18:24:32] 🔄 Retry 1/5 for SALN in 2.8s
[18:24:32] 🔄 Identity reset
[18:24:34] 🧠 New identity created
[18:24:34] 🔄 Retry 2/5 for SALN in 4.8s
[18:24:34] 🔄 Identity reset
[18:24:39] 🧠 New identity created
[18:24:39] 🔄 Retry 3/5 for SALN in 8.6s
[18:24:39] 🔄 Identity reset
[18:24:48] 🧠 New identity created
[18:24:48] 🔄 Retry 4/5 for SALN in 16.2s
[18:24:48] 🔄 Identity reset
[18:25:04] 🧠 New identity created
[18:25:04] [96/458] BRTP
[18:25:05] [97/458] SVTA
[18:25:06] [98/458] SBTP
[18:25:07] [99/458] VLSS
[18:25:08] [100/458] SRJA
[18:25:09] [101/458] ANCG
[18:25:10] 🔄 Identity reset
[18:25:10] 🔄 Identity rotated (every 10 requests)
[18:25:10] [102/458] CGGC
[18:25:11] [103/458] CRJA
[18:25:12] [104/458] USCR
[18:25:13] [105/458] MMEF
[18:25:15] [106/458] JCRJ
[18:25:16] [107/458] ADCM
[18:25:17] [108/458] BMYK
[18:25:18] [109/458] KICS
[18:25:19] [110/458] MBBT
[18:25:20] [111/458] MACK
[18:25:20] 🔄 Identity reset
[18:25:20] 🔄 Identity rotated (every 10 requests)
[18:25:20] 🔄 Retry 1/5 for MACK in 2.5s
[18:25:20] 🔄 Identity reset
[18:25:23] 🧠 New identity created
[18:25:23] [112/458] CLDR
[18:25:24] [113/458] JYCR
[18:25:25] [114/458] DCRP
[18:25:26] [115/458] RAHT
[18:25:27] [116/458] CSSM
[18:25:28] [117/458] ATPK
[18:25:28] [118/458] KLRT
[18:25:29] [119/458] SRDD
[18:25:30] [120/458] CKMC
[18:25:31] 🔄 Identity reset
[18:25:31] 🔄 Identity rotated (every 10 requests)
[18:25:31] [121/458] KRVM
[18:25:32] [122/458] AKCP
[18:25:33] [123/458] CNCV
[18:25:34] [124/458] PACT
[18:25:35] [125/458] NATP
[18:25:36] [126/458] PCPK
[18:25:37] [127/458] SMHO
[18:25:38] [128/458] CWTK
[18:25:39] [129/458] RVKZ
[18:25:40] [130/458] ASPD
[18:25:40] 🔄 Identity reset
[18:25:40] 🔄 Identity rotated (every 10 requests)
[18:25:40] 🔄 Retry 1/5 for ASPD in 2.9s
[18:25:40] 🔄 Identity reset
[18:25:43] 🧠 New identity created
[18:25:43] 🔄 Retry 2/5 for ASPD in 4.2s
[18:25:43] 🔄 Identity reset
[18:25:48] 🧠 New identity created
[18:25:48] [131/458] VTKZ
[18:25:49] [132/458] LCSO
[18:25:50] [133/458] PRDY
[18:25:51] [134/458] RCAP
[18:25:52] [135/458] RGAR
[18:25:53] [136/458] RCAC
[18:25:54] [137/458] PMOD
[18:25:55] [138/458] PVCN
[18:25:56] 🔄 Identity reset
[18:25:56] 🔄 Identity rotated (every 10 requests)
[18:25:56] [139/458] SCRZ
[18:25:57] [140/458] PVPC
[18:25:58] [141/458] STID
[18:25:59] [142/458] NEDD
[18:26:00] [143/458] BNBA
[18:26:01] [144/458] NTCD
[18:26:02] [145/458] OCDE
[18:26:03] [146/458] CCDU
[18:26:04] [147/458] CRXH
[18:26:05] [148/458] VLVT
[18:26:05] 🔄 Identity reset
[18:26:05] 🔄 Identity rotated (every 10 requests)
[18:26:05] 🔄 Retry 1/5 for VLVT in 2.5s
[18:26:05] 🔄 Identity reset
[18:26:08] 🧠 New identity created
[18:26:08] [149/458] CICI
[18:26:09] [150/458] SUCB
[18:26:10] [151/458] TCBP
[18:26:11] [152/458] SCCY
[18:26:12] [153/458] LXCY
[18:26:13] [154/458] NCMD
[18:26:13] [155/458] PHCS
[18:26:14] [156/458] DUXR
[18:26:15] [157/458] VNKS
[18:26:16] 🔄 Identity reset
[18:26:16] 🔄 Identity rotated (every 10 requests)
[18:26:16] 🔄 Retry 1/5 for VNKS in 2.1s
[18:26:16] 🔄 Identity reset
[18:26:18] 🧠 New identity created
[18:26:19] [158/458] SEDP
[18:26:20] [159/458] SVEN
[18:26:21] [160/458] SRKM
[18:26:22] [161/458] JTLT
[18:26:23] [162/458] SVSS
[18:26:24] [163/458] AMDE
[18:26:25] [164/458] WVRN
[18:26:25] [165/458] ISMG
[18:26:26] [166/458] WVKS
[18:26:27] 🔄 Identity reset
[18:26:27] 🔄 Identity rotated (every 10 requests)
[18:26:27] 🔄 Retry 1/5 for WVKS in 2.5s
[18:26:27] 🔄 Identity reset
[18:26:29] 🧠 New identity created
[18:26:29] 🔄 Retry 2/5 for WVKS in 4.5s
[18:26:29] 🔄 Identity reset
[18:26:34] 🧠 New identity created
[18:26:34] 🔄 Retry 3/5 for WVKS in 8.3s
[18:26:34] 🔄 Identity reset
[18:26:42] 🧠 New identity created
[18:26:42] 🔄 Retry 4/5 for WVKS in 16.8s
[18:26:42] 🔄 Identity reset
[18:26:59] 🧠 New identity created
[18:27:00] [167/458] USCG
[18:27:01] [168/458] IOTG
[18:27:02] [169/458] RRJM
[18:27:02] [170/458] EDMP
[18:27:03] [171/458] SCGZ
[18:27:04] [172/458] GMGX
[18:27:05] 🔄 Identity reset
[18:27:05] 🔄 Identity rotated (every 10 requests)
[18:27:05] [173/458] OMTP
[18:27:06] [174/458] MITD
[18:27:07] [175/458] SMMD
[18:27:08] [176/458] STML
[18:27:09] [177/458] MCFS
[18:27:10] [178/458] FPKA
[18:27:11] [179/458] OMLR
[18:27:12] [180/458] KKSC
[18:27:13] [181/458] RVMA
[18:27:14] [182/458] SCLL
[18:27:14] 🔄 Identity reset
[18:27:14] 🔄 Identity rotated (every 10 requests)
[18:27:15] [183/458] SCDK
[18:27:16] [184/458] SXMI
[18:27:17] [185/458] SHDN
[18:27:18] [186/458] PAAD
[18:27:19] [187/458] UUCB
[18:27:20] [188/458] JHOL
[18:27:21] [189/458] SGWT
[18:27:22] [190/458] SRII
[18:27:24] [191/458] SGCK
[18:27:25] [192/458] SVVB
[18:27:25] 🔄 Identity reset
[18:27:25] 🔄 Identity rotated (every 10 requests)
[18:27:25] 🔄 Retry 1/5 for SVVB in 3.0s
[18:27:25] 🔄 Identity reset
[18:27:28] 🧠 New identity created
[18:27:28] [193/458] DMHA
[18:27:29] [194/458] PPNL
[18:27:31] [195/458] CPNL
[18:27:32] [196/458] WVLD
[18:27:33] [197/458] PSLV
[18:27:34] [198/458] VTTL
[18:27:35] [199/458] NPAD
[18:27:35] [200/458] PVCS
[18:27:36] [201/458] MCHL
[18:27:37] 🔄 Identity reset
[18:27:37] 🔄 Identity rotated (every 10 requests)
[18:27:38] [202/458] PPLL
[18:27:39] [203/458] MALO
[18:27:39] [204/458] SWBH
[18:27:40] [205/458] PUGB
[18:27:41] [206/458] INBB
[18:27:42] [207/458] INNS
[18:27:43] [208/458] MCPT
[18:27:44] [209/458] SCMI
[18:27:45] [210/458] OCON
[18:27:47] [211/458] SCSM
[18:27:47] 🔄 Identity reset
[18:27:47] 🔄 Identity rotated (every 10 requests)
[18:27:47] 🔄 Retry 1/5 for SCSM in 2.3s
[18:27:47] 🔄 Identity reset
[18:27:50] 🧠 New identity created
[18:27:50] [212/458] RJVN
[18:27:51] [213/458] AMDK
[18:27:52] [214/458] ISMR
[18:27:53] [215/458] SMTD
[18:27:54] [216/458] VTDD
[18:27:55] [217/458] PDDZ
[18:27:56] [218/458] PCCK
[18:27:57] [219/458] INAM
[18:27:57] [220/458] FNKT
[18:27:58] 🔄 Identity reset
[18:27:58] 🔄 Identity rotated (every 10 requests)
[18:27:58] 🔄 Retry 1/5 for FNKT in 2.7s
[18:27:58] 🔄 Identity reset
[18:28:01] 🧠 New identity created
[18:28:01] 🔄 Retry 2/5 for FNKT in 4.7s
[18:28:01] 🔄 Identity reset
[18:28:06] 🧠 New identity created
[18:28:06] 🔄 Retry 3/5 for FNKT in 8.7s
[18:28:06] 🔄 Identity reset
[18:28:14] 🧠 New identity created
[18:28:15] [221/458] GDKA
[18:28:16] [222/458] MAYU
[18:28:17] [223/458] TCGU
[18:28:18] [224/458] KDCA
[18:28:19] [225/458] DOMY
[18:28:20] [226/458] PDDD
[18:28:21] [227/458] BJTS
[18:28:22] 🔄 Identity reset
[18:28:22] 🔄 Identity rotated (every 10 requests)
[18:28:22] 🔄 Retry 1/5 for BJTS in 2.3s
[18:28:22] 🔄 Identity reset
[18:28:24] 🧠 New identity created
[18:28:24] [228/458] VTCA
[18:28:26] [229/458] SBTM
[18:28:27] [230/458] SEET
[18:28:28] [231/458] SSTJ
[18:28:28] [232/458] SVNT
[18:28:29] [233/458] PPPR
[18:28:30] [234/458] PVYS
[18:28:32] [235/458] IOSE
[18:28:32] [236/458] ACTV
[18:28:33] 🔄 Identity reset
[18:28:33] 🔄 Identity rotated (every 10 requests)
[18:28:33] 🔄 Retry 1/5 for ACTV in 2.3s
[18:28:33] 🔄 Identity reset
[18:28:35] 🧠 New identity created
[18:28:35] 🔄 Retry 2/5 for ACTV in 4.3s
[18:28:35] 🔄 Identity reset
[18:28:40] 🧠 New identity created
[18:28:40] [237/458] APVE
[18:28:41] [238/458] TCCL
[18:28:42] [239/458] SCMO
[18:28:43] [240/458] SAUM
[18:28:44] [241/458] KCJS
[18:28:45] [242/458] NJCJ
[18:28:46] [243/458] NECF
[18:28:47] [244/458] CCGW
[18:28:48] 🔄 Identity reset
[18:28:48] 🔄 Identity rotated (every 10 requests)
[18:28:48] 🔄 Retry 1/5 for CCGW in 2.1s
[18:28:48] 🔄 Identity reset
[18:28:50] 🧠 New identity created
[18:28:50] 🔄 Retry 2/5 for CCGW in 4.5s
[18:28:50] 🔄 Identity reset
[18:28:54] 🧠 New identity created
[18:28:55] [245/458] CCMG
[18:28:56] [246/458] NYRG
[18:28:57] [247/458] NCSQ
[18:28:58] [248/458] GRCG
[18:28:59] [249/458] CCBT
[18:29:00] [250/458] ACGA
[18:29:01] [251/458] INAG
[18:29:01] [252/458] FUCG
[18:29:02] 🔄 Identity reset
[18:29:02] 🔄 Identity rotated (every 10 requests)
[18:29:02] [253/458] AICF
[18:29:03] [254/458] GRGA
[18:29:04] [255/458] GDCN
[18:29:05] [256/458] RRCG
[18:29:06] [257/458] SDCH
[18:29:07] [258/458] WVJM
[18:29:08] [259/458] JCCZ
[18:29:09] [260/458] CNCL
[18:29:10] [261/458] TMLV
[18:29:11] [262/458] MEMB
[18:29:11] 🔄 Identity reset
[18:29:11] 🔄 Identity rotated (every 10 requests)
[18:29:12] [263/458] SGTD
[18:29:13] [264/458] CONX
[18:29:14] [265/458] CCMH
[18:29:15] [266/458] ACMC
[18:29:16] [267/458] DTPD
[18:29:17] [268/458] POJA
[18:29:18] [269/458] FNBH
[18:29:19] [270/458] CGCB
[18:29:19] [271/458] RACN
[18:29:20] [272/458] JTSM
[18:29:21] 🔄 Identity reset
[18:29:21] 🔄 Identity rotated (every 10 requests)
[18:29:21] [273/458] SCDN
[18:29:22] [274/458] AACK
[18:29:23] [275/458] RMCE
[18:29:24] [276/458] BSGB
[18:29:25] [277/458] MRCB
[18:29:26] [278/458] SRVR
[18:29:27] [279/458] VTKK
[18:29:28] [280/458] AMST
[18:29:29] [281/458] APCY
[18:29:30] [282/458] LMHO
[18:29:30] 🔄 Identity reset
[18:29:30] 🔄 Identity rotated (every 10 requests)
[18:29:31] 🔄 Retry 1/5 for LMHO in 2.1s
[18:29:31] 🔄 Identity reset
[18:29:33] 🧠 New identity created
[18:29:33] 🔄 Retry 2/5 for LMHO in 5.0s
[18:29:33] 🔄 Identity reset
[18:29:38] 🧠 New identity created
[18:29:38] 🔄 Retry 3/5 for LMHO in 8.3s
[18:29:38] 🔄 Identity reset
[18:29:46] 🧠 New identity created
[18:29:46] 🔄 Retry 4/5 for LMHO in 16.8s
[18:29:46] 🔄 Identity reset
[18:30:03] 🧠 New identity created
[18:30:03] [283/458] MTZH
[18:30:04] [284/458] AMZB
[18:30:06] [285/458] SUVT
[18:30:07] [286/458] RCIP
[18:30:08] [287/458] KESR
[18:30:09] [288/458] SNKC
[18:30:10] 🔄 Identity reset
[18:30:10] 🔄 Identity rotated (every 10 requests)
[18:30:10] 🔄 Retry 1/5 for SNKC in 2.1s
[18:30:10] 🔄 Identity reset
[18:30:12] 🧠 New identity created
[18:30:12] [289/458] SCED
[18:30:13] [290/458] DVCA
[18:30:14] [291/458] VCDT
[18:30:15] [292/458] RRDI
[18:30:16] [293/458] DFCH
[18:30:16] [294/458] INSC
[18:30:17] [295/458] RGTR
[18:30:19] [296/458] FMOT
[18:30:20] [297/458] SCPM
[18:30:20] 🔄 Identity reset
[18:30:20] 🔄 Identity rotated (every 10 requests)
[18:30:21] 🔄 Retry 1/5 for SCPM in 3.0s
[18:30:21] 🔄 Identity reset
[18:30:24] 🧠 New identity created
[18:30:24] [298/458] GCDT
[18:30:25] [299/458] BRKT
[18:30:26] [300/458] DEMP
[18:30:27] [301/458] SRLC
[18:30:28] [302/458] KSTT
[18:30:29] [303/458] SMMT
[18:30:30] [304/458] SILM
[18:30:31] [305/458] JCVM
[18:30:31] [306/458] KCSV
[18:30:32] 🔄 Identity reset
[18:30:32] 🔄 Identity rotated (every 10 requests)
[18:30:33] [307/458] MHLK
[18:30:33] [308/458] SLVL
[18:30:35] [309/458] RJKP
[18:30:36] [310/458] BBPC
[18:30:37] [311/458] MXCB
[18:30:37] [312/458] TCPK
[18:30:38] [313/458] RTBR
[18:30:39] [314/458] GAUT
[18:30:40] [315/458] DVCF
[18:30:41] [316/458] JTSB
[18:30:42] 🔄 Identity reset
[18:30:42] 🔄 Identity rotated (every 10 requests)
[18:30:42] [317/458] SBLS
[18:30:43] [318/458] UDAY
[18:30:44] [319/458] PTNP
[18:30:45] [320/458] DMKT
[18:30:46] [321/458] NTDT
[18:30:47] [322/458] SHDJ
[18:30:48] [323/458] OTNC
[18:30:48] [324/458] RNTW
[18:30:49] [325/458] GCMI
[18:30:50] [326/458] CRCM
[18:30:51] 🔄 Identity reset
[18:30:51] 🔄 Identity rotated (every 10 requests)
[18:30:51] [327/458] NNCZ
[18:30:52] [328/458] OEMO
[18:30:53] [329/458] PVJM
[18:30:54] [330/458] CPJI
[18:30:55] [331/458] RMCJ
[18:30:56] [332/458] CNWJ
[18:30:57] [333/458] EPJM
[18:30:58] [334/458] FNJJ
[18:30:59] [335/458] GCMJ
[18:31:01] [336/458] INPS
[18:31:01] 🔄 Identity reset
[18:31:01] 🔄 Identity rotated (every 10 requests)
[18:31:01] [337/458] BICJ
[18:31:02] [338/458] ISTJ
[18:31:03] [339/458] INJC
[18:31:04] [340/458] GLXJ
[18:31:05] [341/458] INEM
[18:31:06] [342/458] JTMN
[18:31:07] [343/458] FRCJ
[18:31:07] [344/458] DDJP
[18:31:08] [345/458] INJV
[18:31:09] [346/458] GOLC
[18:31:10] 🔄 Identity reset
[18:31:10] 🔄 Identity rotated (every 10 requests)
[18:31:10] [347/458] KOCI
[18:31:11] [348/458] FSTD
[18:31:12] [349/458] PACJ
[18:31:13] [350/458] GMCN
[18:31:14] [351/458] MMDJ
[18:31:15] [352/458] GODH
[18:31:16] [353/458] SKYN
[18:31:17] [354/458] NCTH
[18:31:18] [355/458] SKVZ
[18:31:19] [356/458] SVML
[18:31:19] 🔄 Identity reset
[18:31:19] 🔄 Identity rotated (every 10 requests)
[18:31:20] [357/458] ACVZ
[18:31:21] [358/458] SURA
[18:31:22] [359/458] RTRB
[18:31:23] [360/458] LLCT
[18:31:24] [361/458] ATTS
[18:31:25] [362/458] JYCM
[18:31:26] [363/458] CTKR
[18:31:27] [364/458] LCKR
[18:31:28] [365/458] NYCV
[18:31:28] [366/458] NYOH
[18:31:29] 🔄 Identity reset
[18:31:29] 🔄 Identity rotated (every 10 requests)
[18:31:29] [367/458] NOVX
[18:31:30] [368/458] MRGK
[18:31:32] [369/458] MOON
[18:31:33] [370/458] SBUC
[18:31:34] [371/458] GSVA
[18:31:35] [372/458] VIAK
[18:31:36] [373/458] SMVZ
[18:31:36] [374/458] MATE
[18:31:37] [375/458] RDCN
[18:31:38] [376/458] ASBL
[18:31:39] 🔄 Identity reset
[18:31:39] 🔄 Identity rotated (every 10 requests)
[18:31:39] [377/458] ASVS
[18:31:40] [378/458] ASSR
[18:31:41] [379/458] SSKN
[18:31:42] [380/458] DRPV
[18:31:43] [381/458] MRHT
[18:31:44] [382/458] BSCN
[18:31:44] [383/458] RKNX
[18:31:45] [384/458] MSMC
[18:31:46] [385/458] MSCJ
[18:31:47] [386/458] BTBJ
[18:31:48] 🔄 Identity reset
[18:31:48] 🔄 Identity rotated (every 10 requests)
[18:31:48] [387/458] MJCC
[18:31:49] [388/458] IOMM
[18:31:50] [389/458] ADGR
[18:31:51] [390/458] MYCP
[18:31:52] [391/458] IGCM
[18:31:53] [392/458] PGRK
[18:31:53] [393/458] VPGO
[18:31:54] [394/458] KOMS
[18:31:55] [395/458] URGG
[18:31:56] [396/458] GOST
[18:31:57] 🔄 Identity reset
[18:31:57] 🔄 Identity rotated (every 10 requests)
[18:31:57] 🔄 Retry 1/5 for GOST in 2.0s
[18:31:57] 🔄 Identity reset
[18:31:59] 🧠 New identity created
[18:31:59] 🔄 Retry 2/5 for GOST in 4.3s
[18:31:59] 🔄 Identity reset
[18:32:03] 🧠 New identity created
[18:32:04] [397/458] LACT
[18:32:05] [398/458] BWCM
[18:32:06] [399/458] NCCW
[18:32:07] [400/458] SKYC
[18:32:08] [401/458] CCPM
[18:32:09] [402/458] VCBT
[18:32:10] [403/458] SDKR
[18:32:11] [404/458] CTYB
[18:32:12] 🔄 Identity reset
[18:32:12] 🔄 Identity rotated (every 10 requests)
[18:32:12] [405/458] SHCX
[18:32:14] [406/458] RCUN
[18:32:14] [407/458] CNRA
[18:32:15] [408/458] RFCA
[18:32:16] [409/458] RDCU
[18:32:17] [410/458] SARK
[18:32:18] [411/458] SPPP
[18:32:19] [412/458] ADMB
[18:32:20] [413/458] JYOE
[18:32:20] [414/458] SRMD
[18:32:21] 🔄 Identity reset
[18:32:21] 🔄 Identity rotated (every 10 requests)
[18:32:21] 🔄 Retry 1/5 for SRMD in 2.8s
[18:32:21] 🔄 Identity reset
[18:32:24] 🧠 New identity created
[18:32:24] [415/458] RJDH
[18:32:25] [416/458] SSTD
[18:32:26] [417/458] AACV
[18:32:27] [418/458] PPVD
[18:32:28] [419/458] STCP
[18:32:29] [420/458] ANLS
[18:32:30] [421/458] BIJO
[18:32:31] [422/458] AVAB
[18:32:31] [423/458] SPMD
[18:32:32] 🔄 Identity reset
[18:32:32] 🔄 Identity rotated (every 10 requests)
[18:32:32] 🔄 Retry 1/5 for SPMD in 2.2s
[18:32:32] 🔄 Identity reset
[18:32:34] 🧠 New identity created
[18:32:35] [424/458] SVJL
[18:32:36] [425/458] SDDJ
[18:32:37] [426/458] SLTU
[18:32:38] [427/458] SAKA
[18:32:39] [428/458] PMAM
[18:32:40] [429/458] FNAM
[18:32:41] [430/458] ACAM
[18:32:42] [431/458] SCMM
[18:32:42] [432/458] PMAK
[18:32:43] 🔄 Identity reset
[18:32:43] 🔄 Identity rotated (every 10 requests)
[18:32:43] 🔄 Retry 1/5 for PMAK in 2.4s
[18:32:43] 🔄 Identity reset
[18:32:45] 🧠 New identity created
[18:32:46] 🔄 Retry 2/5 for PMAK in 4.5s
[18:32:46] 🔄 Identity reset
[18:32:50] 🧠 New identity created
[18:32:50] 🔄 Retry 3/5 for PMAK in 8.0s
[18:32:50] 🔄 Identity reset
[18:32:58] 🧠 New identity created
[18:32:59] [433/458] NYSA
[18:32:59] [434/458] FCPA
[18:33:00] [435/458] GDAN
[18:33:01] [436/458] RSCA
[18:33:02] [437/458] DMAN
[18:33:03] [438/458] DZCM
[18:33:05] [439/458] NSGL
[18:33:05] 🔄 Identity reset
[18:33:05] 🔄 Identity rotated (every 10 requests)
[18:33:05] [440/458] CCPP
[18:33:06] [441/458] PSMG
[18:33:07] [442/458] GSER
[18:33:08] [443/458] FCCT
[18:33:09] [444/458] FCTB
[18:33:10] [445/458] LCNK
[18:33:11] [446/458] SKTY
[18:33:12] [447/458] INAA
[18:33:13] [448/458] RCWN
[18:33:13] [449/458] VAIS
[18:33:14] 🔄 Identity reset
[18:33:14] 🔄 Identity rotated (every 10 requests)
[18:33:14] [450/458] CVMN
[18:33:16] [451/458] INTS
[18:33:17] [452/458] FRGS
[18:33:18] [453/458] DTCK
[18:33:19] [454/458] MCMH
[18:33:20] [455/458] ECRR
[18:33:21] [456/458] RLLP
[18:33:22] [457/458] CCSN
[18:33:24] [458/458] CCBA
[18:33:25] 🧹 Deduping shows
[18:33:25] ✅ DONE | Shows=2813 | Movies=54
[02:57:13] 🚀 SCRIPT STARTED (enhanced anti‑detection)
[02:57:13] [1/458] MBDC
[02:57:14] 🧠 New identity created
[02:57:14] 🔄 Retry 1/5 for MBDC in 2.6s
[02:57:14] 🔄 Identity reset
[02:57:16] 🧠 New identity created
[02:57:16] 🔄 Retry 2/5 for MBDC in 4.4s
[02:57:16] 🔄 Identity reset
[02:57:21] 🧠 New identity created
[02:57:21] [2/458] CHKM
[02:57:22] [3/458] JTKZ
[02:57:23] [4/458] CMCT
[02:57:24] [5/458] ASHO
[02:57:25] [6/458] ECDG
[02:57:26] [7/458] SPAT
[02:57:27] [8/458] HILC
[02:57:27] 🔄 Identity reset
[02:57:27] 🔄 Identity rotated (every 10 requests)
[02:57:28] [9/458] SPPH
[02:57:29] [10/458] SBHN
[02:57:29] [11/458] RRCA
[02:57:30] [12/458] APAA
[02:57:32] [13/458] RAME
[02:57:33] [14/458] TMMS
[02:57:34] [15/458] BATK
[02:57:34] [16/458] LKOP
[02:57:35] [17/458] AMTT
[02:57:36] [18/458] PTGK
[02:57:37] 🔄 Identity reset
[02:57:37] 🔄 Identity rotated (every 10 requests)
[02:57:37] [19/458] ANRS
[02:57:38] [20/458] VWBW
[02:57:39] [21/458] SVFG
[02:57:40] [22/458] STAT
[02:57:41] [23/458] GDCV
[02:57:42] [24/458] VEBI
[02:57:42] [25/458] VDSS
[02:57:43] [26/458] NTHV
[02:57:44] [27/458] AOCH
[02:57:45] [28/458] KASR
[02:57:46] 🔄 Identity reset
[02:57:46] 🔄 Identity rotated (every 10 requests)
[02:57:46] [29/458] AYCS
[02:57:47] [30/458] SHAI
[02:57:48] [31/458] SKPE
[02:57:49] [32/458] SBTA
[02:57:50] [33/458] RTTD
[02:57:50] [34/458] CCJD
[02:57:52] [35/458] RSJJ
[02:57:53] [36/458] RKND
[02:57:54] [37/458] SVTX
[02:57:55] [38/458] BAKM
[02:57:55] 🔄 Identity reset
[02:57:55] 🔄 Identity rotated (every 10 requests)
[02:57:56] [39/458] SVDC
[02:57:57] [40/458] MNCV
[02:57:58] [41/458] SJGC
[02:57:59] [42/458] MTPK
[02:58:00] [43/458] GATP
[02:58:01] [44/458] ABTS
[02:58:01] [45/458] ABDE
[02:58:03] [46/458] RCNM
[02:58:04] [47/458] KTHV
[02:58:05] [48/458] MDGJ
[02:58:06] 🔄 Identity reset
[02:58:06] 🔄 Identity rotated (every 10 requests)
[02:58:06] 🔄 Retry 1/5 for MDGJ in 2.3s
[02:58:06] 🔄 Identity reset
[02:58:08] 🧠 New identity created
[02:58:08] [49/458] SMLM
[02:58:09] [50/458] JTMA
[02:58:10] [51/458] ACKP
[02:58:11] [52/458] SRTA
[02:58:12] [53/458] STAY
[02:58:13] [54/458] MAVO
[02:58:14] [55/458] APTS
[02:58:14] [56/458] OMEA
[02:58:15] [57/458] TTFD
[02:58:16] 🔄 Identity reset
[02:58:16] 🔄 Identity rotated (every 10 requests)
[02:58:16] [58/458] MJCU
[02:58:17] [59/458] CXTE
[02:58:18] [60/458] CTPX
[02:58:19] [61/458] ASSL
[02:58:20] [62/458] CMVB
[02:58:21] [63/458] VPUR
[02:58:22] [64/458] JJDA
[02:58:23] [65/458] INBL
[02:58:24] [66/458] BIKB
[02:58:25] [67/458] NTBB
[02:58:25] 🔄 Identity reset
[02:58:25] 🔄 Identity rotated (every 10 requests)
[02:58:26] [68/458] GLOB
[02:58:27] [69/458] SNTB
[02:58:28] [70/458] CHGV
[02:58:28] [71/458] SSBZ
[02:58:29] [72/458] PRDB
[02:58:30] [73/458] ISMT
[02:58:31] [74/458] MCSD
[02:58:32] [75/458] JBTT
[02:58:33] [76/458] GEKR
[02:58:34] [77/458] PVUN
[02:58:34] 🔄 Identity reset
[02:58:34] 🔄 Identity rotated (every 10 requests)
[02:58:34] 🔄 Retry 1/5 for PVUN in 2.8s
[02:58:34] 🔄 Identity reset
[02:58:37] 🧠 New identity created
[02:58:37] [78/458] NRTB
[02:58:38] [79/458] PRAA
[02:58:39] [80/458] PCBL
[02:58:40] [81/458] PTCM
[02:58:40] [82/458] KHNN
[02:58:41] [83/458] OMJE
[02:58:42] [84/458] STGN
[02:58:43] [85/458] RPMS
[02:58:44] [86/458] NWAD
[02:58:44] 🔄 Identity reset
[02:58:44] 🔄 Identity rotated (every 10 requests)
[02:58:44] [87/458] BLCK
[02:58:45] [88/458] SVAA
[02:58:46] [89/458] URVM
[02:58:47] [90/458] ANTM
[02:58:48] [91/458] VJYM
[02:58:49] [92/458] MAZZ
[02:58:49] [93/458] CSHM
[02:58:50] [94/458] WGMH
[02:58:51] [95/458] SALN
[02:58:52] [96/458] BRTP
[02:58:52] 🔄 Identity reset
[02:58:52] 🔄 Identity rotated (every 10 requests)
[02:58:53] [97/458] SVTA
[02:58:54] [98/458] SBTP
[02:58:54] [99/458] VLSS
[02:58:55] [100/458] SRJA
[02:58:56] [101/458] ANCG
[02:58:57] [102/458] CGGC
[02:58:58] [103/458] CRJA
[02:59:00] [104/458] USCR
[02:59:01] [105/458] MMEF
[02:59:03] [106/458] JCRJ
[02:59:04] 🔄 Identity reset
[02:59:04] 🔄 Identity rotated (every 10 requests)
[02:59:05] [107/458] ADCM
[02:59:06] [108/458] BMYK
[02:59:06] [109/458] KICS
[02:59:07] [110/458] MBBT
[02:59:08] [111/458] MACK
[02:59:09] [112/458] CLDR
[02:59:09] [113/458] JYCR
[02:59:11] [114/458] DCRP
[02:59:12] [115/458] RAHT
[02:59:13] [116/458] CSSM
[02:59:13] 🔄 Identity reset
[02:59:13] 🔄 Identity rotated (every 10 requests)
[02:59:14] [117/458] ATPK
[02:59:15] [118/458] KLRT
[02:59:16] [119/458] SRDD
[02:59:17] [120/458] CKMC
[02:59:17] [121/458] KRVM
[02:59:18] [122/458] AKCP
[02:59:19] [123/458] CNCV
[02:59:20] [124/458] PACT
[02:59:21] [125/458] NATP
[02:59:21] [126/458] PCPK
[02:59:22] 🔄 Identity reset
[02:59:22] 🔄 Identity rotated (every 10 requests)
[02:59:22] [127/458] SMHO
[02:59:23] [128/458] CWTK
[02:59:24] [129/458] RVKZ
[02:59:25] [130/458] ASPD
[02:59:26] [131/458] VTKZ
[02:59:26] [132/458] LCSO
[02:59:28] [133/458] PRDY
[02:59:29] [134/458] RCAP
[02:59:30] [135/458] RGAR
[02:59:31] [136/458] RCAC
[02:59:31] 🔄 Identity reset
[02:59:31] 🔄 Identity rotated (every 10 requests)
[02:59:31] 🔄 Retry 1/5 for RCAC in 2.4s
[02:59:31] 🔄 Identity reset
[02:59:34] 🧠 New identity created
[02:59:34] 🔄 Retry 2/5 for RCAC in 4.8s
[02:59:34] 🔄 Identity reset
[02:59:38] 🧠 New identity created
[02:59:40] [137/458] PMOD
[02:59:40] [138/458] PVCN
[02:59:41] [139/458] SCRZ
[02:59:42] [140/458] PVPC
[02:59:43] [141/458] STID
[02:59:44] [142/458] NEDD
[02:59:44] [143/458] BNBA
[02:59:45] [144/458] NTCD
[02:59:46] 🔄 Identity reset
[02:59:46] 🔄 Identity rotated (every 10 requests)
[02:59:46] [145/458] OCDE
[02:59:47] [146/458] CCDU
[02:59:48] [147/458] CRXH
[02:59:49] [148/458] VLVT
[02:59:50] [149/458] CICI
[02:59:50] [150/458] SUCB
[02:59:51] [151/458] TCBP
[02:59:52] [152/458] SCCY
[02:59:53] [153/458] LXCY
[02:59:54] [154/458] NCMD
[02:59:55] 🔄 Identity reset
[02:59:55] 🔄 Identity rotated (every 10 requests)
[02:59:55] 🔄 Retry 1/5 for NCMD in 2.3s
[02:59:55] 🔄 Identity reset
[02:59:57] 🧠 New identity created
[02:59:57] [155/458] PHCS
[02:59:58] [156/458] DUXR
[02:59:59] [157/458] VNKS
[03:00:00] [158/458] SEDP
[03:00:01] [159/458] SVEN
[03:00:02] [160/458] SRKM
[03:00:03] [161/458] JTLT
[03:00:03] [162/458] SVSS
[03:00:05] [163/458] AMDE
[03:00:05] 🔄 Identity reset
[03:00:05] 🔄 Identity rotated (every 10 requests)
[03:00:06] [164/458] WVRN
[03:00:07] [165/458] ISMG
[03:00:08] [166/458] WVKS
[03:00:09] [167/458] USCG
[03:00:10] [168/458] IOTG
[03:00:11] [169/458] RRJM
[03:00:12] [170/458] EDMP
[03:00:13] [171/458] SCGZ
[03:00:14] [172/458] GMGX
[03:00:14] [173/458] OMTP
[03:00:15] 🔄 Identity reset
[03:00:15] 🔄 Identity rotated (every 10 requests)
[03:00:15] [174/458] MITD
[03:00:16] [175/458] SMMD
[03:00:17] [176/458] STML
[03:00:19] [177/458] MCFS
[03:00:19] [178/458] FPKA
[03:00:20] [179/458] OMLR
[03:00:22] [180/458] KKSC
[03:00:22] [181/458] RVMA
[03:00:23] [182/458] SCLL
[03:00:25] [183/458] SCDK
[03:00:25] 🔄 Identity reset
[03:00:25] 🔄 Identity rotated (every 10 requests)
[03:00:26] [184/458] SXMI
[03:00:27] [185/458] SHDN
[03:00:28] [186/458] PAAD
[03:00:29] [187/458] UUCB
[03:00:30] [188/458] JHOL
[03:00:30] [189/458] SGWT
[03:00:31] [190/458] SRII
[03:00:32] [191/458] SGCK
[03:00:33] [192/458] SVVB
[03:00:34] [193/458] DMHA
[03:00:35] 🔄 Identity reset
[03:00:35] 🔄 Identity rotated (every 10 requests)
[03:00:35] [194/458] PPNL
[03:00:36] [195/458] CPNL
[03:00:36] [196/458] WVLD
[03:00:37] [197/458] PSLV
[03:00:38] [198/458] VTTL
[03:00:39] [199/458] NPAD
[03:00:40] [200/458] PVCS
[03:00:40] [201/458] MCHL
[03:00:42] [202/458] PPLL
[03:00:43] [203/458] MALO
[03:00:44] 🔄 Identity reset
[03:00:44] 🔄 Identity rotated (every 10 requests)
[03:00:44] 🔄 Retry 1/5 for MALO in 2.9s
[03:00:44] 🔄 Identity reset
[03:00:47] 🧠 New identity created
[03:00:47] [204/458] SWBH
[03:00:48] [205/458] PUGB
[03:00:48] [206/458] INBB
[03:00:49] [207/458] INNS
[03:00:50] [208/458] MCPT
[03:00:51] [209/458] SCMI
[03:00:52] [210/458] OCON
[03:00:53] [211/458] SCSM
[03:00:54] [212/458] RJVN
[03:00:55] 🔄 Identity reset
[03:00:55] 🔄 Identity rotated (every 10 requests)
[03:00:55] [213/458] AMDK
[03:00:56] [214/458] ISMR
[03:00:58] [215/458] SMTD
[03:00:58] [216/458] VTDD
[03:00:59] [217/458] PDDZ
[03:01:00] [218/458] PCCK
[03:01:01] [219/458] INAM
[03:01:02] [220/458] FNKT
[03:01:03] [221/458] GDKA
[03:01:04] [222/458] MAYU
[03:01:04] 🔄 Identity reset
[03:01:04] 🔄 Identity rotated (every 10 requests)
[03:01:05] [223/458] TCGU
[03:01:05] [224/458] KDCA
[03:01:06] [225/458] DOMY
[03:01:07] [226/458] PDDD
[03:01:08] [227/458] BJTS
[03:01:09] [228/458] VTCA
[03:01:10] [229/458] SBTM
[03:01:11] [230/458] SEET
[03:01:12] [231/458] SSTJ
[03:01:12] [232/458] SVNT
[03:01:13] 🔄 Identity reset
[03:01:13] 🔄 Identity rotated (every 10 requests)
[03:01:13] [233/458] PPPR
[03:01:14] [234/458] PVYS
[03:01:15] [235/458] IOSE
[03:01:16] [236/458] ACTV
[03:01:17] [237/458] APVE
[03:01:18] [238/458] TCCL
[03:01:19] [239/458] SCMO
[03:01:20] [240/458] SAUM
[03:01:20] [241/458] KCJS
[03:01:22] [242/458] NJCJ
[03:01:22] 🔄 Identity reset
[03:01:22] 🔄 Identity rotated (every 10 requests)
[03:01:22] 🔄 Retry 1/5 for NJCJ in 2.2s
[03:01:22] 🔄 Identity reset
[03:01:24] 🧠 New identity created
[03:01:25] [243/458] NECF
[03:01:25] [244/458] CCGW
[03:01:26] [245/458] CCMG
[03:01:28] [246/458] NYRG
[03:01:29] [247/458] NCSQ
[03:01:29] [248/458] GRCG
[03:01:30] [249/458] CCBT
[03:01:31] [250/458] ACGA
[03:01:32] [251/458] INAG
[03:01:32] 🔄 Identity reset
[03:01:32] 🔄 Identity rotated (every 10 requests)
[03:01:33] [252/458] FUCG
[03:01:34] [253/458] AICF
[03:01:34] [254/458] GRGA
[03:01:35] [255/458] GDCN
[03:01:36] [256/458] RRCG
[03:01:37] [257/458] SDCH
[03:01:38] [258/458] WVJM
[03:01:39] [259/458] JCCZ
[03:01:40] [260/458] CNCL
[03:01:41] [261/458] TMLV
[03:01:41] 🔄 Identity reset
[03:01:41] 🔄 Identity rotated (every 10 requests)
[03:01:42] [262/458] MEMB
[03:01:43] [263/458] SGTD
[03:01:43] [264/458] CONX
[03:01:44] [265/458] CCMH
[03:01:45] [266/458] ACMC
[03:01:46] [267/458] DTPD
[03:01:47] [268/458] POJA
[03:01:48] [269/458] FNBH
[03:01:49] [270/458] CGCB
[03:01:49] [271/458] RACN
[03:01:50] 🔄 Identity reset
[03:01:50] 🔄 Identity rotated (every 10 requests)
[03:01:50] [272/458] JTSM
[03:01:51] [273/458] SCDN
[03:01:52] [274/458] AACK
[03:01:53] [275/458] RMCE
[03:01:53] [276/458] BSGB
[03:01:54] [277/458] MRCB
[03:01:55] [278/458] SRVR
[03:01:56] [279/458] VTKK
[03:01:57] [280/458] AMST
[03:01:58] [281/458] APCY
[03:01:59] 🔄 Identity reset
[03:01:59] 🔄 Identity rotated (every 10 requests)
[03:01:59] 🔄 Retry 1/5 for APCY in 2.7s
[03:01:59] 🔄 Identity reset
[03:02:02] 🧠 New identity created
[03:02:02] [282/458] LMHO
[03:02:04] [283/458] MTZH
[03:02:05] [284/458] AMZB
[03:02:05] [285/458] SUVT
[03:02:06] [286/458] RCIP
[03:02:07] [287/458] KESR
[03:02:09] [288/458] SNKC
[03:02:10] [289/458] SCED
[03:02:10] [290/458] DVCA
[03:02:11] 🔄 Identity reset
[03:02:11] 🔄 Identity rotated (every 10 requests)
[03:02:11] [291/458] VCDT
[03:02:12] [292/458] RRDI
[03:02:13] [293/458] DFCH
[03:02:13] [294/458] INSC
[03:02:14] [295/458] RGTR
[03:02:15] [296/458] FMOT
[03:02:16] [297/458] SCPM
[03:02:17] [298/458] GCDT
[03:02:19] [299/458] BRKT
[03:02:20] [300/458] DEMP
[03:02:20] 🔄 Identity reset
[03:02:20] 🔄 Identity rotated (every 10 requests)
[03:02:20] 🔄 Retry 1/5 for DEMP in 2.9s
[03:02:20] 🔄 Identity reset
[03:02:23] 🧠 New identity created
[03:02:23] 🔄 Retry 2/5 for DEMP in 4.8s
[03:02:23] 🔄 Identity reset
[03:02:28] 🧠 New identity created
[03:02:28] 🔄 Retry 3/5 for DEMP in 8.4s
[03:02:28] 🔄 Identity reset
[03:02:36] 🧠 New identity created
[03:02:37] [301/458] SRLC
[03:02:38] [302/458] KSTT
[03:02:40] [303/458] SMMT
[03:02:41] [304/458] SILM
[03:02:42] [305/458] JCVM
[03:02:43] [306/458] KCSV
[03:02:43] [307/458] MHLK
[03:02:44] 🔄 Identity reset
[03:02:44] 🔄 Identity rotated (every 10 requests)
[03:02:44] [308/458] SLVL
[03:02:45] [309/458] RJKP
[03:02:46] [310/458] BBPC
[03:02:47] [311/458] MXCB
[03:02:48] [312/458] TCPK
[03:02:49] [313/458] RTBR
[03:02:50] [314/458] GAUT
[03:02:51] [315/458] DVCF
[03:02:52] [316/458] JTSB
[03:02:53] [317/458] SBLS
[03:02:53] 🔄 Identity reset
[03:02:53] 🔄 Identity rotated (every 10 requests)
[03:02:53] 🔄 Retry 1/5 for SBLS in 2.5s
[03:02:53] 🔄 Identity reset
[03:02:56] 🧠 New identity created
[03:02:57] [318/458] UDAY
[03:02:58] [319/458] PTNP
[03:02:58] [320/458] DMKT
[03:02:59] [321/458] NTDT
[03:03:00] [322/458] SHDJ
[03:03:01] [323/458] OTNC
[03:03:02] [324/458] RNTW
[03:03:02] [325/458] GCMI
[03:03:03] [326/458] CRCM
[03:03:04] 🔄 Identity reset
[03:03:04] 🔄 Identity rotated (every 10 requests)
[03:03:05] [327/458] NNCZ
[03:03:06] [328/458] OEMO
[03:03:06] [329/458] PVJM
[03:03:07] [330/458] CPJI
[03:03:08] [331/458] RMCJ
[03:03:09] [332/458] CNWJ
[03:03:10] [333/458] EPJM
[03:03:11] [334/458] FNJJ
[03:03:12] [335/458] GCMJ
[03:03:13] [336/458] INPS
[03:03:14] 🔄 Identity reset
[03:03:14] 🔄 Identity rotated (every 10 requests)
[03:03:14] 🔄 Retry 1/5 for INPS in 2.4s
[03:03:14] 🔄 Identity reset
[03:03:16] 🧠 New identity created
[03:03:16] [337/458] BICJ
[03:03:17] [338/458] ISTJ
[03:03:18] [339/458] INJC
[03:03:19] [340/458] GLXJ
[03:03:20] [341/458] INEM
[03:03:21] [342/458] JTMN
[03:03:22] [343/458] FRCJ
[03:03:23] [344/458] DDJP
[03:03:24] [345/458] INJV
[03:03:25] 🔄 Identity reset
[03:03:25] 🔄 Identity rotated (every 10 requests)
[03:03:25] [346/458] GOLC
[03:03:26] [347/458] KOCI
[03:03:27] [348/458] FSTD
[03:03:28] [349/458] PACJ
[03:03:30] [350/458] GMCN
[03:03:30] [351/458] MMDJ
[03:03:31] [352/458] GODH
[03:03:32] [353/458] SKYN
[03:03:33] [354/458] NCTH
[03:03:34] [355/458] SKVZ
[03:03:35] 🔄 Identity reset
[03:03:35] 🔄 Identity rotated (every 10 requests)
[03:03:35] [356/458] SVML
[03:03:36] [357/458] ACVZ
[03:03:37] [358/458] SURA
[03:03:38] [359/458] RTRB
[03:03:39] [360/458] LLCT
[03:03:39] [361/458] ATTS
[03:03:40] [362/458] JYCM
[03:03:41] [363/458] CTKR
[03:03:42] [364/458] LCKR
[03:03:43] [365/458] NYCV
[03:03:44] 🔄 Identity reset
[03:03:44] 🔄 Identity rotated (every 10 requests)
[03:03:44] 🔄 Retry 1/5 for NYCV in 2.2s
[03:03:44] 🔄 Identity reset
[03:03:46] 🧠 New identity created
[03:03:46] [366/458] NYOH
[03:03:47] [367/458] NOVX
[03:03:48] [368/458] MRGK
[03:03:49] [369/458] MOON
[03:03:49] [370/458] SBUC
[03:03:51] [371/458] GSVA
[03:03:52] [372/458] VIAK
[03:03:53] [373/458] SMVZ
[03:03:54] [374/458] MATE
[03:03:54] 🔄 Identity reset
[03:03:54] 🔄 Identity rotated (every 10 requests)
[03:03:55] [375/458] RDCN
[03:03:56] [376/458] ASBL
[03:03:57] [377/458] ASVS
[03:03:57] [378/458] ASSR
[03:03:58] [379/458] SSKN
[03:03:59] [380/458] DRPV
[03:04:00] [381/458] MRHT
[03:04:01] [382/458] BSCN
[03:04:02] [383/458] RKNX
[03:04:03] [384/458] MSMC
[03:04:04] 🔄 Identity reset
[03:04:04] 🔄 Identity rotated (every 10 requests)
[03:04:04] 🔄 Retry 1/5 for MSMC in 2.3s
[03:04:04] 🔄 Identity reset
[03:04:06] 🧠 New identity created
[03:04:06] [385/458] MSCJ
[03:04:07] [386/458] BTBJ
[03:04:08] [387/458] MJCC
[03:04:09] [388/458] IOMM
[03:04:10] [389/458] ADGR
[03:04:11] [390/458] MYCP
[03:04:12] [391/458] IGCM
[03:04:12] [392/458] PGRK
[03:04:13] [393/458] VPGO
[03:04:14] 🔄 Identity reset
[03:04:14] 🔄 Identity rotated (every 10 requests)
[03:04:14] 🔄 Retry 1/5 for VPGO in 2.6s
[03:04:14] 🔄 Identity reset
[03:04:17] 🧠 New identity created
[03:04:17] [394/458] KOMS
[03:04:18] [395/458] URGG
[03:04:19] [396/458] GOST
[03:04:19] [397/458] LACT
[03:04:20] [398/458] BWCM
[03:04:21] [399/458] NCCW
[03:04:22] [400/458] SKYC
[03:04:23] [401/458] CCPM
[03:04:24] [402/458] VCBT
[03:04:25] 🔄 Identity reset
[03:04:25] 🔄 Identity rotated (every 10 requests)
[03:04:25] [403/458] SDKR
[03:04:26] [404/458] CTYB
[03:04:27] [405/458] SHCX
[03:04:28] [406/458] RCUN
[03:04:29] [407/458] CNRA
[03:04:30] [408/458] RFCA
[03:04:31] [409/458] RDCU
[03:04:31] [410/458] SARK
[03:04:32] [411/458] SPPP
[03:04:33] [412/458] ADMB
[03:04:34] 🔄 Identity reset
[03:04:34] 🔄 Identity rotated (every 10 requests)
[03:04:34] [413/458] JYOE
[03:04:35] [414/458] SRMD
[03:04:35] [415/458] RJDH
[03:04:36] [416/458] SSTD
[03:04:37] [417/458] AACV
[03:04:38] [418/458] PPVD
[03:04:39] [419/458] STCP
[03:04:40] [420/458] ANLS
[03:04:41] [421/458] BIJO
[03:04:41] [422/458] AVAB
[03:04:42] 🔄 Identity reset
[03:04:42] 🔄 Identity rotated (every 10 requests)
[03:04:42] [423/458] SPMD
[03:04:43] [424/458] SVJL
[03:04:44] [425/458] SDDJ
[03:04:45] [426/458] SLTU
[03:04:46] [427/458] SAKA
[03:04:46] [428/458] PMAM
[03:04:47] [429/458] FNAM
[03:04:48] [430/458] ACAM
[03:04:49] [431/458] SCMM
[03:04:50] [432/458] PMAK
[03:04:50] 🔄 Identity reset
[03:04:50] 🔄 Identity rotated (every 10 requests)
[03:04:50] 🔄 Retry 1/5 for PMAK in 2.1s
[03:04:50] 🔄 Identity reset
[03:04:52] 🧠 New identity created
[03:04:52] [433/458] NYSA
[03:04:53] [434/458] FCPA
[03:04:54] [435/458] GDAN
[03:04:56] [436/458] RSCA
[03:04:57] [437/458] DMAN
[03:04:57] [438/458] DZCM
[03:04:58] [439/458] NSGL
[03:04:59] [440/458] CCPP
[03:05:00] [441/458] PSMG
[03:05:00] 🔄 Identity reset
[03:05:00] 🔄 Identity rotated (every 10 requests)
[03:05:00] 🔄 Retry 1/5 for PSMG in 2.3s
[03:05:00] 🔄 Identity reset
[03:05:03] 🧠 New identity created
[03:05:03] [442/458] GSER
[03:05:04] [443/458] FCCT
[03:05:05] [444/458] FCTB
[03:05:06] [445/458] LCNK
[03:05:07] [446/458] SKTY
[03:05:08] [447/458] INAA
[03:05:09] [448/458] RCWN
[03:05:09] [449/458] VAIS
[03:05:10] [450/458] CVMN
[03:05:11] 🔄 Identity reset
[03:05:11] 🔄 Identity rotated (every 10 requests)
[03:05:11] 🔄 Retry 1/5 for CVMN in 2.7s
[03:05:11] 🔄 Identity reset
[03:05:14] 🧠 New identity created
[03:05:14] [451/458] INTS
[03:05:15] [452/458] FRGS
[03:05:16] [453/458] DTCK
[03:05:17] [454/458] MCMH
[03:05:17] [455/458] ECRR
[03:05:18] [456/458] RLLP
[03:05:19] [457/458] CCSN
[03:05:20] [458/458] CCBA
[03:05:21] 🧹 Deduping shows
[03:05:21] ✅ DONE | Shows=2956 | Movies=54
[08:37:10] 🚀 SCRIPT STARTED (enhanced anti‑detection)
[08:37:10] [1/458] MBDC
[08:37:11] 🧠 New identity created
[08:37:11] [2/458] CHKM
[08:37:12] [3/458] JTKZ
[08:37:13] [4/458] CMCT
[08:37:13] [5/458] ASHO
[08:37:14] [6/458] ECDG
[08:37:15] [7/458] SPAT
[08:37:16] [8/458] HILC
[08:37:17] [9/458] SPPH
[08:37:18] [10/458] SBHN
[08:37:18] 🔄 Identity reset
[08:37:18] 🔄 Identity rotated (every 10 requests)
[08:37:19] [11/458] RRCA
[08:37:19] [12/458] APAA
[08:37:20] [13/458] RAME
[08:37:21] [14/458] TMMS
[08:37:22] [15/458] BATK
[08:37:23] [16/458] LKOP
[08:37:24] [17/458] AMTT
[08:37:25] [18/458] PTGK
[08:37:27] [19/458] ANRS
[08:37:28] [20/458] VWBW
[08:37:28] 🔄 Identity reset
[08:37:28] 🔄 Identity rotated (every 10 requests)
[08:37:29] [21/458] SVFG
[08:37:29] [22/458] STAT
[08:37:30] [23/458] GDCV
[08:37:31] [24/458] VEBI
[08:37:32] [25/458] VDSS
[08:37:33] [26/458] NTHV
[08:37:34] [27/458] AOCH
[08:37:35] [28/458] KASR
[08:37:36] [29/458] AYCS
[08:37:37] [30/458] SHAI
[08:37:37] 🔄 Identity reset
[08:37:37] 🔄 Identity rotated (every 10 requests)
[08:37:38] [31/458] SKPE
[08:37:39] [32/458] SBTA
[08:37:40] [33/458] RTTD
[08:37:41] [34/458] CCJD
[08:37:41] [35/458] RSJJ
[08:37:43] [36/458] RKND
[08:37:43] [37/458] SVTX
[08:37:44] [38/458] BAKM
[08:37:45] [39/458] SVDC
[08:37:46] [40/458] MNCV
[08:37:47] 🔄 Identity reset
[08:37:47] 🔄 Identity rotated (every 10 requests)
[08:37:48] [41/458] SJGC
[08:37:49] [42/458] MTPK
[08:37:50] [43/458] GATP
[08:37:51] [44/458] ABTS
[08:37:52] [45/458] ABDE
[08:37:52] [46/458] RCNM
[08:37:53] [47/458] KTHV
[08:37:54] [48/458] MDGJ
[08:37:55] [49/458] SMLM
[08:37:56] [50/458] JTMA
[08:37:56] 🔄 Identity reset
[08:37:56] 🔄 Identity rotated (every 10 requests)
[08:37:57] [51/458] ACKP
[08:37:58] [52/458] SRTA
[08:37:59] [53/458] STAY
[08:38:00] [54/458] MAVO
[08:38:01] [55/458] APTS
[08:38:02] [56/458] OMEA
[08:38:03] [57/458] TTFD
[08:38:04] [58/458] MJCU
[08:38:05] [59/458] CXTE
[08:38:06] [60/458] CTPX
[08:38:07] 🔄 Identity reset
[08:38:07] 🔄 Identity rotated (every 10 requests)
[08:38:07] [61/458] ASSL
[08:38:08] [62/458] CMVB
[08:38:09] [63/458] VPUR
[08:38:10] [64/458] JJDA
[08:38:11] [65/458] INBL
[08:38:12] [66/458] BIKB
[08:38:13] [67/458] NTBB
[08:38:15] [68/458] GLOB
[08:38:16] [69/458] SNTB
[08:38:17] [70/458] CHGV
[08:38:17] 🔄 Identity reset
[08:38:17] 🔄 Identity rotated (every 10 requests)
[08:38:17] [71/458] SSBZ
[08:38:18] [72/458] PRDB
[08:38:19] [73/458] ISMT
[08:38:20] [74/458] MCSD
[08:38:21] [75/458] JBTT
[08:38:22] [76/458] GEKR
[08:38:24] [77/458] PVUN
[08:38:25] [78/458] NRTB
[08:38:26] [79/458] PRAA
[08:38:27] [80/458] PCBL
[08:38:27] 🔄 Identity reset
[08:38:27] 🔄 Identity rotated (every 10 requests)
[08:38:28] [81/458] PTCM
[08:38:29] [82/458] KHNN
[08:38:30] [83/458] OMJE
[08:38:31] [84/458] STGN
[08:38:32] [85/458] RPMS
[08:38:33] [86/458] NWAD
[08:38:34] [87/458] BLCK
[08:38:35] [88/458] SVAA
[08:38:36] [89/458] URVM
[08:38:37] [90/458] ANTM
[08:38:38] 🔄 Identity reset
[08:38:38] 🔄 Identity rotated (every 10 requests)
[08:38:38] [91/458] VJYM
[08:38:39] [92/458] MAZZ
[08:38:40] [93/458] CSHM
[08:38:41] [94/458] WGMH
[08:38:41] [95/458] SALN
[08:38:42] [96/458] BRTP
[08:38:43] [97/458] SVTA
[08:38:44] [98/458] SBTP
[08:38:45] [99/458] VLSS
[08:38:46] [100/458] SRJA
[08:38:47] 🔄 Identity reset
[08:38:47] 🔄 Identity rotated (every 10 requests)
[08:38:47] [101/458] ANCG
[08:38:48] [102/458] CGGC
[08:38:49] [103/458] CRJA
[08:38:51] [104/458] USCR
[08:38:51] [105/458] MMEF
[08:38:52] [106/458] JCRJ
[08:38:53] [107/458] ADCM
[08:38:55] [108/458] BMYK
[08:38:56] [109/458] KICS
[08:38:56] [110/458] MBBT
[08:38:57] 🔄 Identity reset
[08:38:57] 🔄 Identity rotated (every 10 requests)
[08:38:57] 🔄 Retry 1/5 for MBBT in 2.3s
[08:38:57] 🔄 Identity reset
[08:38:59] 🧠 New identity created
[08:39:00] [111/458] MACK
[08:39:01] [112/458] CLDR
[08:39:02] [113/458] JYCR
[08:39:03] [114/458] DCRP
[08:39:04] [115/458] RAHT
[08:39:05] [116/458] CSSM
[08:39:07] [117/458] ATPK
[08:39:07] [118/458] KLRT
[08:39:09] [119/458] SRDD
[08:39:09] 🔄 Identity reset
[08:39:09] 🔄 Identity rotated (every 10 requests)
[08:39:10] [120/458] CKMC
[08:39:11] [121/458] KRVM
[08:39:13] [122/458] AKCP
[08:39:14] [123/458] CNCV
[08:39:15] [124/458] PACT
[08:39:15] [125/458] NATP
[08:39:16] [126/458] PCPK
[08:39:17] [127/458] SMHO
[08:39:18] [128/458] CWTK
[08:39:19] [129/458] RVKZ
[08:39:20] 🔄 Identity reset
[08:39:20] 🔄 Identity rotated (every 10 requests)
[08:39:20] [130/458] ASPD
[08:39:21] [131/458] VTKZ
[08:39:22] [132/458] LCSO
[08:39:23] [133/458] PRDY
[08:39:23] [134/458] RCAP
[08:39:24] [135/458] RGAR
[08:39:25] [136/458] RCAC
[08:39:26] [137/458] PMOD
[08:39:27] [138/458] PVCN
[08:39:28] [139/458] SCRZ
[08:39:28] 🔄 Identity reset
[08:39:28] 🔄 Identity rotated (every 10 requests)
[08:39:29] [140/458] PVPC
[08:39:29] [141/458] STID
[08:39:30] [142/458] NEDD
[08:39:31] [143/458] BNBA
[08:39:32] [144/458] NTCD
[08:39:33] [145/458] OCDE
[08:39:34] [146/458] CCDU
[08:39:35] [147/458] CRXH
[08:39:36] [148/458] VLVT
[08:39:37] [149/458] CICI
[08:39:37] 🔄 Identity reset
[08:39:37] 🔄 Identity rotated (every 10 requests)
[08:39:38] [150/458] SUCB
[08:39:39] [151/458] TCBP
[08:39:39] [152/458] SCCY
[08:39:40] [153/458] LXCY
[08:39:41] [154/458] NCMD
[08:39:42] [155/458] PHCS
[08:39:43] [156/458] DUXR
[08:39:44] [157/458] VNKS
[08:39:45] [158/458] SEDP
[08:39:46] [159/458] SVEN
[08:39:47] 🔄 Identity reset
[08:39:47] 🔄 Identity rotated (every 10 requests)
[08:39:48] [160/458] SRKM
[08:39:49] [161/458] JTLT
[08:39:50] [162/458] SVSS
[08:39:51] [163/458] AMDE
[08:39:52] [164/458] WVRN
[08:39:52] [165/458] ISMG
[08:39:53] [166/458] WVKS
[08:39:54] [167/458] USCG
[08:39:55] [168/458] IOTG
[08:39:56] [169/458] RRJM
[08:39:57] 🔄 Identity reset
[08:39:57] 🔄 Identity rotated (every 10 requests)
[08:39:57] 🔄 Retry 1/5 for RRJM in 2.2s
[08:39:57] 🔄 Identity reset
[08:39:59] 🧠 New identity created
[08:39:59] [170/458] EDMP
[08:40:00] [171/458] SCGZ
[08:40:01] [172/458] GMGX
[08:40:02] [173/458] OMTP
[08:40:04] [174/458] MITD
[08:40:05] [175/458] SMMD
[08:40:06] [176/458] STML
[08:40:06] [177/458] MCFS
[08:40:07] [178/458] FPKA
[08:40:08] 🔄 Identity reset
[08:40:08] 🔄 Identity rotated (every 10 requests)
[08:40:08] [179/458] OMLR
[08:40:09] [180/458] KKSC
[08:40:10] [181/458] RVMA
[08:40:11] [182/458] SCLL
[08:40:12] [183/458] SCDK
[08:40:13] [184/458] SXMI
[08:40:14] [185/458] SHDN
[08:40:14] [186/458] PAAD
[08:40:15] [187/458] UUCB
[08:40:16] [188/458] JHOL
[08:40:17] 🔄 Identity reset
[08:40:17] 🔄 Identity rotated (every 10 requests)
[08:40:17] 🔄 Retry 1/5 for JHOL in 2.5s
[08:40:17] 🔄 Identity reset
[08:40:20] 🧠 New identity created
[08:40:20] [189/458] SGWT
[08:40:21] [190/458] SRII
[08:40:22] [191/458] SGCK
[08:40:23] [192/458] SVVB
[08:40:24] [193/458] DMHA
[08:40:25] [194/458] PPNL
[08:40:26] [195/458] CPNL
[08:40:27] [196/458] WVLD
[08:40:27] [197/458] PSLV
[08:40:28] 🔄 Identity reset
[08:40:28] 🔄 Identity rotated (every 10 requests)
[08:40:28] [198/458] VTTL
[08:40:29] [199/458] NPAD
[08:40:30] [200/458] PVCS
[08:40:31] [201/458] MCHL
[08:40:32] [202/458] PPLL
[08:40:33] [203/458] MALO
[08:40:34] [204/458] SWBH
[08:40:35] [205/458] PUGB
[08:40:35] [206/458] INBB
[08:40:36] [207/458] INNS
[08:40:37] 🔄 Identity reset
[08:40:37] 🔄 Identity rotated (every 10 requests)
[08:40:37] [208/458] MCPT
[08:40:38] [209/458] SCMI
[08:40:40] [210/458] OCON
[08:40:40] [211/458] SCSM
[08:40:41] [212/458] RJVN
[08:40:42] [213/458] AMDK
[08:40:43] [214/458] ISMR
[08:40:44] [215/458] SMTD
[08:40:45] [216/458] VTDD
[08:40:46] [217/458] PDDZ
[08:40:47] 🔄 Identity reset
[08:40:47] 🔄 Identity rotated (every 10 requests)
[08:40:47] 🔄 Retry 1/5 for PDDZ in 2.4s
[08:40:47] 🔄 Identity reset
[08:40:49] 🧠 New identity created
[08:40:49] [218/458] PCCK
[08:40:51] [219/458] INAM
[08:40:52] [220/458] FNKT
[08:40:53] [221/458] GDKA
[08:40:54] [222/458] MAYU
[08:40:55] [223/458] TCGU
[08:40:55] [224/458] KDCA
[08:40:56] [225/458] DOMY
[08:40:57] [226/458] PDDD
[08:40:58] 🔄 Identity reset
[08:40:58] 🔄 Identity rotated (every 10 requests)
[08:40:58] [227/458] BJTS
[08:40:59] [228/458] VTCA
[08:41:00] [229/458] SBTM
[08:41:01] [230/458] SEET
[08:41:02] [231/458] SSTJ
[08:41:03] [232/458] SVNT
[08:41:03] [233/458] PPPR
[08:41:04] [234/458] PVYS
[08:41:05] [235/458] IOSE
[08:41:06] [236/458] ACTV
[08:41:07] 🔄 Identity reset
[08:41:07] 🔄 Identity rotated (every 10 requests)
[08:41:07] [237/458] APVE
[08:41:08] [238/458] TCCL
[08:41:09] [239/458] SCMO
[08:41:09] [240/458] SAUM
[08:41:10] [241/458] KCJS
[08:41:11] [242/458] NJCJ
[08:41:12] [243/458] NECF
[08:41:13] [244/458] CCGW
[08:41:14] [245/458] CCMG
[08:41:14] [246/458] NYRG
[08:41:15] 🔄 Identity reset
[08:41:15] 🔄 Identity rotated (every 10 requests)
[08:41:15] [247/458] NCSQ
[08:41:16] [248/458] GRCG
[08:41:17] [249/458] CCBT
[08:41:19] [250/458] ACGA
[08:41:20] [251/458] INAG
[08:41:21] [252/458] FUCG
[08:41:22] [253/458] AICF
[08:41:23] [254/458] GRGA
[08:41:24] [255/458] GDCN
[08:41:25] [256/458] RRCG
[08:41:25] 🔄 Identity reset
[08:41:25] 🔄 Identity rotated (every 10 requests)
[08:41:25] 🔄 Retry 1/5 for RRCG in 2.9s
[08:41:25] 🔄 Identity reset
[08:41:28] 🧠 New identity created
[08:41:28] [257/458] SDCH
[08:41:29] [258/458] WVJM
[08:41:30] [259/458] JCCZ
[08:41:31] [260/458] CNCL
[08:41:32] [261/458] TMLV
[08:41:33] [262/458] MEMB
[08:41:34] [263/458] SGTD
[08:41:35] [264/458] CONX
[08:41:36] [265/458] CCMH
[08:41:37] 🔄 Identity reset
[08:41:37] 🔄 Identity rotated (every 10 requests)
[08:41:37] [266/458] ACMC
[08:41:38] [267/458] DTPD
[08:41:39] [268/458] POJA
[08:41:40] [269/458] FNBH
[08:41:41] [270/458] CGCB
[08:41:42] [271/458] RACN
[08:41:43] [272/458] JTSM
[08:41:44] [273/458] SCDN
[08:41:45] [274/458] AACK
[08:41:46] [275/458] RMCE
[08:41:46] 🔄 Identity reset
[08:41:46] 🔄 Identity rotated (every 10 requests)
[08:41:47] [276/458] BSGB
[08:41:48] [277/458] MRCB
[08:41:48] [278/458] SRVR
[08:41:49] [279/458] VTKK
[08:41:51] [280/458] AMST
[08:41:52] [281/458] APCY
[08:41:53] [282/458] LMHO
[08:41:54] [283/458] MTZH
[08:41:55] [284/458] AMZB
[08:41:56] [285/458] SUVT
[08:41:57] 🔄 Identity reset
[08:41:57] 🔄 Identity rotated (every 10 requests)
[08:41:57] [286/458] RCIP
[08:41:58] [287/458] KESR
[08:41:59] [288/458] SNKC
[08:42:00] [289/458] SCED
[08:42:01] [290/458] DVCA
[08:42:01] [291/458] VCDT
[08:42:02] [292/458] RRDI
[08:42:03] [293/458] DFCH
[08:42:04] [294/458] INSC
[08:42:05] [295/458] RGTR
[08:42:05] 🔄 Identity reset
[08:42:06] 🔄 Identity rotated (every 10 requests)
[08:42:06] [296/458] FMOT
[08:42:07] [297/458] SCPM
[08:42:08] [298/458] GCDT
[08:42:09] [299/458] BRKT
[08:42:10] [300/458] DEMP
[08:42:11] [301/458] SRLC
[08:42:12] [302/458] KSTT
[08:42:13] [303/458] SMMT
[08:42:13] [304/458] SILM
[08:42:14] [305/458] JCVM
[08:42:15] 🔄 Identity reset
[08:42:15] 🔄 Identity rotated (every 10 requests)
[08:42:15] [306/458] KCSV
[08:42:17] [307/458] MHLK
[08:42:18] [308/458] SLVL
[08:42:19] [309/458] RJKP
[08:42:20] [310/458] BBPC
[08:42:21] [311/458] MXCB
[08:42:22] [312/458] TCPK
[08:42:22] [313/458] RTBR
[08:42:23] [314/458] GAUT
[08:42:24] [315/458] DVCF
[08:42:25] 🔄 Identity reset
[08:42:25] 🔄 Identity rotated (every 10 requests)
[08:42:25] [316/458] JTSB
[08:42:26] [317/458] SBLS
[08:42:27] [318/458] UDAY
[08:42:28] [319/458] PTNP
[08:42:29] [320/458] DMKT
[08:42:29] [321/458] NTDT
[08:42:30] [322/458] SHDJ
[08:42:31] [323/458] OTNC
[08:42:32] [324/458] RNTW
[08:42:33] [325/458] GCMI
[08:42:34] 🔄 Identity reset
[08:42:34] 🔄 Identity rotated (every 10 requests)
[08:42:34] [326/458] CRCM
[08:42:35] [327/458] NNCZ
[08:42:36] [328/458] OEMO
[08:42:36] [329/458] PVJM
[08:42:37] [330/458] CPJI
[08:42:38] [331/458] RMCJ
[08:42:39] [332/458] CNWJ
[08:42:40] [333/458] EPJM
[08:42:41] [334/458] FNJJ
[08:42:42] [335/458] GCMJ
[08:42:43] 🔄 Identity reset
[08:42:43] 🔄 Identity rotated (every 10 requests)
[08:42:43] [336/458] INPS
[08:42:44] [337/458] BICJ
[08:42:45] [338/458] ISTJ
[08:42:46] [339/458] INJC
[08:42:47] [340/458] GLXJ
[08:42:48] [341/458] INEM
[08:42:49] [342/458] JTMN
[08:42:50] [343/458] FRCJ
[08:42:51] [344/458] DDJP
[08:42:52] [345/458] INJV
[08:42:52] 🔄 Identity reset
[08:42:52] 🔄 Identity rotated (every 10 requests)
[08:42:53] [346/458] GOLC
[08:42:54] [347/458] KOCI
[08:42:55] [348/458] FSTD
[08:42:55] [349/458] PACJ
[08:42:57] [350/458] GMCN
[08:42:59] [351/458] MMDJ
[08:42:59] [352/458] GODH
[08:43:00] [353/458] SKYN
[08:43:01] [354/458] NCTH
[08:43:03] [355/458] SKVZ
[08:43:03] 🔄 Identity reset
[08:43:03] 🔄 Identity rotated (every 10 requests)
[08:43:04] [356/458] SVML
[08:43:05] [357/458] ACVZ
[08:43:06] [358/458] SURA
[08:43:06] [359/458] RTRB
[08:43:07] [360/458] LLCT
[08:43:08] [361/458] ATTS
[08:43:10] [362/458] JYCM
[08:43:11] [363/458] CTKR
[08:43:12] [364/458] LCKR
[08:43:13] [365/458] NYCV
[08:43:13] 🔄 Identity reset
[08:43:13] 🔄 Identity rotated (every 10 requests)
[08:43:13] 🔄 Retry 1/5 for NYCV in 2.3s
[08:43:13] 🔄 Identity reset
[08:43:16] 🧠 New identity created
[08:43:16] [366/458] NYOH
[08:43:17] [367/458] NOVX
[08:43:18] [368/458] MRGK
[08:43:19] [369/458] MOON
[08:43:20] [370/458] SBUC
[08:43:21] [371/458] GSVA
[08:43:22] [372/458] VIAK
[08:43:23] [373/458] SMVZ
[08:43:24] [374/458] MATE
[08:43:25] 🔄 Identity reset
[08:43:25] 🔄 Identity rotated (every 10 requests)
[08:43:25] [375/458] RDCN
[08:43:26] [376/458] ASBL
[08:43:27] [377/458] ASVS
[08:43:28] [378/458] ASSR
[08:43:28] [379/458] SSKN
[08:43:29] [380/458] DRPV
[08:43:30] [381/458] MRHT
[08:43:31] [382/458] BSCN
[08:43:33] [383/458] RKNX
[08:43:34] [384/458] MSMC
[08:43:34] 🔄 Identity reset
[08:43:34] 🔄 Identity rotated (every 10 requests)
[08:43:35] [385/458] MSCJ
[08:43:35] [386/458] BTBJ
[08:43:36] [387/458] MJCC
[08:43:38] [388/458] IOMM
[08:43:40] [389/458] ADGR
[08:43:41] [390/458] MYCP
[08:43:42] [391/458] IGCM
[08:43:42] [392/458] PGRK
[08:43:43] [393/458] VPGO
[08:43:44] [394/458] KOMS
[08:43:44] 🔄 Identity reset
[08:43:44] 🔄 Identity rotated (every 10 requests)
[08:43:45] [395/458] URGG
[08:43:46] [396/458] GOST
[08:43:47] [397/458] LACT
[08:43:48] [398/458] BWCM
[08:43:49] [399/458] NCCW
[08:43:49] [400/458] SKYC
[08:43:50] [401/458] CCPM
[08:43:51] [402/458] VCBT
[08:43:52] [403/458] SDKR
[08:43:53] [404/458] CTYB
[08:43:54] 🔄 Identity reset
[08:43:54] 🔄 Identity rotated (every 10 requests)
[08:43:54] [405/458] SHCX
[08:43:56] [406/458] RCUN
[08:43:56] [407/458] CNRA
[08:43:57] [408/458] RFCA
[08:43:58] [409/458] RDCU
[08:43:59] [410/458] SARK
[08:44:00] [411/458] SPPP
[08:44:01] [412/458] ADMB
[08:44:02] [413/458] JYOE
[08:44:03] [414/458] SRMD
[08:44:03] 🔄 Identity reset
[08:44:03] 🔄 Identity rotated (every 10 requests)
[08:44:04] [415/458] RJDH
[08:44:05] [416/458] SSTD
[08:44:06] [417/458] AACV
[08:44:06] [418/458] PPVD
[08:44:07] [419/458] STCP
[08:44:08] [420/458] ANLS
[08:44:09] [421/458] BIJO
[08:44:10] [422/458] AVAB
[08:44:11] [423/458] SPMD
[08:44:12] [424/458] SVJL
[08:44:12] 🔄 Identity reset
[08:44:12] 🔄 Identity rotated (every 10 requests)
[08:44:13] [425/458] SDDJ
[08:44:14] [426/458] SLTU
[08:44:15] [427/458] SAKA
[08:44:15] [428/458] PMAM
[08:44:16] [429/458] FNAM
[08:44:17] [430/458] ACAM
[08:44:19] [431/458] SCMM
[08:44:20] [432/458] PMAK
[08:44:21] [433/458] NYSA
[08:44:22] [434/458] FCPA
[08:44:22] 🔄 Identity reset
[08:44:22] 🔄 Identity rotated (every 10 requests)
[08:44:23] [435/458] GDAN
[08:44:24] [436/458] RSCA
[08:44:25] [437/458] DMAN
[08:44:26] [438/458] DZCM
[08:44:26] [439/458] NSGL
[08:44:27] [440/458] CCPP
[08:44:28] [441/458] PSMG
[08:44:29] [442/458] GSER
[08:44:30] [443/458] FCCT
[08:44:31] [444/458] FCTB
[08:44:32] 🔄 Identity reset
[08:44:32] 🔄 Identity rotated (every 10 requests)
[08:44:32] [445/458] LCNK
[08:44:34] [446/458] SKTY
[08:44:35] [447/458] INAA
[08:44:35] [448/458] RCWN
[08:44:36] [449/458] VAIS
[08:44:37] [450/458] CVMN
[08:44:38] [451/458] INTS
[08:44:39] [452/458] FRGS
[08:44:40] [453/458] DTCK
[08:44:41] [454/458] MCMH
[08:44:42] 🔄 Identity reset
[08:44:42] 🔄 Identity rotated (every 10 requests)
[08:44:42] 🔄 Retry 1/5 for MCMH in 2.5s
[08:44:42] 🔄 Identity reset
[08:44:45] 🧠 New identity created
[08:44:45] [455/458] ECRR
[08:44:46] [456/458] RLLP
[08:44:47] [457/458] CCSN
[08:44:48] [458/458] CCBA
[08:44:49] 🧹 Deduping shows
[08:44:49] ✅ DONE | Shows=2958 | Movies=54
[12:38:22] 🚀 SCRIPT STARTED (enhanced anti‑detection)
[12:38:22] [1/458] MBDC
[12:38:22] 🧠 New identity created
[12:38:23] [2/458] CHKM
[12:38:24] [3/458] JTKZ
[12:38:25] [4/458] CMCT
[12:38:26] [5/458] ASHO
[12:38:27] [6/458] ECDG
[12:38:28] [7/458] SPAT
[12:38:29] [8/458] HILC
[12:38:30] [9/458] SPPH
[12:38:31] [10/458] SBHN
[12:38:31] 🔄 Identity reset
[12:38:31] 🔄 Identity rotated (every 10 requests)
[12:38:31] [11/458] RRCA
[12:38:32] [12/458] APAA
[12:38:33] [13/458] RAME
[12:38:34] [14/458] TMMS
[12:38:35] [15/458] BATK
[12:38:36] [16/458] LKOP
[12:38:37] [17/458] AMTT
[12:38:38] [18/458] PTGK
[12:38:39] [19/458] ANRS
[12:38:40] [20/458] VWBW
[12:38:40] 🔄 Identity reset
[12:38:40] 🔄 Identity rotated (every 10 requests)
[12:38:41] 🔄 Retry 1/5 for VWBW in 2.7s
[12:38:41] 🔄 Identity reset
[12:38:43] 🧠 New identity created
[12:38:43] [21/458] SVFG
[12:38:44] [22/458] STAT
[12:38:45] [23/458] GDCV
[12:38:46] [24/458] VEBI
[12:38:47] [25/458] VDSS
[12:38:48] [26/458] NTHV
[12:38:49] [27/458] AOCH
[12:38:49] [28/458] KASR
[12:38:51] [29/458] AYCS
[12:38:51] 🔄 Identity reset
[12:38:52] 🔄 Identity rotated (every 10 requests)
[12:38:52] [30/458] SHAI
[12:38:53] [31/458] SKPE
[12:38:53] [32/458] SBTA
[12:38:54] [33/458] RTTD
[12:38:55] [34/458] CCJD
[12:38:56] [35/458] RSJJ
[12:38:57] [36/458] RKND
[12:38:58] [37/458] SVTX
[12:38:59] [38/458] BAKM
[12:39:01] [39/458] SVDC
[12:39:01] 🔄 Identity reset
[12:39:01] 🔄 Identity rotated (every 10 requests)
[12:39:01] [40/458] MNCV
[12:39:02] [41/458] SJGC
[12:39:03] [42/458] MTPK
[12:39:04] [43/458] GATP
[12:39:05] [44/458] ABTS
[12:39:06] [45/458] ABDE
[12:39:07] [46/458] RCNM
[12:39:08] [47/458] KTHV
[12:39:09] [48/458] MDGJ
[12:39:09] [49/458] SMLM
[12:39:10] 🔄 Identity reset
[12:39:10] 🔄 Identity rotated (every 10 requests)
[12:39:10] [50/458] JTMA
[12:39:11] [51/458] ACKP
[12:39:12] [52/458] SRTA
[12:39:13] [53/458] STAY
[12:39:14] [54/458] MAVO
[12:39:16] [55/458] APTS
[12:39:17] [56/458] OMEA
[12:39:17] [57/458] TTFD
[12:39:18] [58/458] MJCU
[12:39:19] [59/458] CXTE
[12:39:20] 🔄 Identity reset
[12:39:20] 🔄 Identity rotated (every 10 requests)
[12:39:20] [60/458] CTPX
[12:39:21] [61/458] ASSL
[12:39:22] [62/458] CMVB
[12:39:22] [63/458] VPUR
[12:39:23] [64/458] JJDA
[12:39:24] [65/458] INBL
[12:39:25] [66/458] BIKB
[12:39:25] [67/458] NTBB
[12:39:26] [68/458] GLOB
[12:39:27] [69/458] SNTB
[12:39:28] 🔄 Identity reset
[12:39:28] 🔄 Identity rotated (every 10 requests)
[12:39:28] 🔄 Retry 1/5 for SNTB in 2.5s
[12:39:28] 🔄 Identity reset
[12:39:30] 🧠 New identity created
[12:39:30] 🔄 Retry 2/5 for SNTB in 4.9s
[12:39:30] 🔄 Identity reset
[12:39:35] 🧠 New identity created
[12:39:35] 🔄 Retry 3/5 for SNTB in 8.4s
[12:39:35] 🔄 Identity reset
[12:39:44] 🧠 New identity created
[12:39:44] [70/458] CHGV
[12:39:45] [71/458] SSBZ
[12:39:46] [72/458] PRDB
[12:39:47] [73/458] ISMT
[12:39:48] [74/458] MCSD
[12:39:48] [75/458] JBTT
[12:39:50] [76/458] GEKR
[12:39:51] 🔄 Identity reset
[12:39:51] 🔄 Identity rotated (every 10 requests)
[12:39:52] [77/458] PVUN
[12:39:52] [78/458] NRTB
[12:39:53] [79/458] PRAA
[12:39:55] [80/458] PCBL
[12:39:55] [81/458] PTCM
[12:39:57] [82/458] KHNN
[12:39:58] [83/458] OMJE
[12:39:59] [84/458] STGN
[12:40:00] [85/458] RPMS
[12:40:01] [86/458] NWAD
[12:40:01] 🔄 Identity reset
[12:40:01] 🔄 Identity rotated (every 10 requests)
[12:40:02] [87/458] BLCK
[12:40:02] [88/458] SVAA
[12:40:03] [89/458] URVM
[12:40:04] [90/458] ANTM
[12:40:05] [91/458] VJYM
[12:40:06] [92/458] MAZZ
[12:40:07] [93/458] CSHM
[12:40:08] [94/458] WGMH
[12:40:08] [95/458] SALN
[12:40:09] [96/458] BRTP
[12:40:10] 🔄 Identity reset
[12:40:10] 🔄 Identity rotated (every 10 requests)
[12:40:10] [97/458] SVTA
[12:40:12] [98/458] SBTP
[12:40:12] [99/458] VLSS
[12:40:13] [100/458] SRJA
[12:40:14] [101/458] ANCG
[12:40:15] [102/458] CGGC
[12:40:16] [103/458] CRJA
[12:40:17] [104/458] USCR
[12:40:18] [105/458] MMEF
[12:40:19] [106/458] JCRJ
[12:40:19] 🔄 Identity reset
[12:40:19] 🔄 Identity rotated (every 10 requests)
[12:40:19] 🔄 Retry 1/5 for JCRJ in 2.3s
[12:40:19] 🔄 Identity reset
[12:40:22] 🧠 New identity created
[12:40:22] 🔄 Retry 2/5 for JCRJ in 4.7s
[12:40:22] 🔄 Identity reset
[12:40:27] 🧠 New identity created
[12:40:27] [107/458] ADCM
[12:40:28] [108/458] BMYK
[12:40:29] [109/458] KICS
[12:40:30] [110/458] MBBT
[12:40:30] [111/458] MACK
[12:40:31] [112/458] CLDR
[12:40:32] [113/458] JYCR
[12:40:33] [114/458] DCRP
[12:40:33] 🔄 Identity reset
[12:40:33] 🔄 Identity rotated (every 10 requests)
[12:40:34] [115/458] RAHT
[12:40:34] [116/458] CSSM
[12:40:35] [117/458] ATPK
[12:40:36] [118/458] KLRT
[12:40:37] [119/458] SRDD
[12:40:38] [120/458] CKMC
[12:40:39] [121/458] KRVM
[12:40:40] [122/458] AKCP
[12:40:42] [123/458] CNCV
[12:40:42] [124/458] PACT
[12:40:43] 🔄 Identity reset
[12:40:43] 🔄 Identity rotated (every 10 requests)
[12:40:43] [125/458] NATP
[12:40:44] [126/458] PCPK
[12:40:46] [127/458] SMHO
[12:40:46] [128/458] CWTK
[12:40:47] [129/458] RVKZ
[12:40:48] [130/458] ASPD
[12:40:49] [131/458] VTKZ
[12:40:50] [132/458] LCSO
[12:40:51] [133/458] PRDY
[12:40:52] [134/458] RCAP
[12:40:52] 🔄 Identity reset
[12:40:52] 🔄 Identity rotated (every 10 requests)
[12:40:53] [135/458] RGAR
[12:40:54] [136/458] RCAC
[12:40:54] [137/458] PMOD
[12:40:55] [138/458] PVCN
[12:40:56] [139/458] SCRZ
[12:40:57] [140/458] PVPC
[12:40:58] [141/458] STID
[12:40:59] [142/458] NEDD
[12:41:00] [143/458] BNBA
[12:41:01] [144/458] NTCD
[12:41:01] 🔄 Identity reset
[12:41:01] 🔄 Identity rotated (every 10 requests)
[12:41:02] [145/458] OCDE
[12:41:03] [146/458] CCDU
[12:41:04] [147/458] CRXH
[12:41:05] [148/458] VLVT
[12:41:06] [149/458] CICI
[12:41:07] [150/458] SUCB
[12:41:08] [151/458] TCBP
[12:41:09] [152/458] SCCY
[12:41:10] [153/458] LXCY
[12:41:11] [154/458] NCMD
[12:41:11] 🔄 Identity reset
[12:41:11] 🔄 Identity rotated (every 10 requests)
[12:41:12] [155/458] PHCS
[12:41:13] [156/458] DUXR
[12:41:13] [157/458] VNKS
[12:41:15] [158/458] SEDP
[12:41:16] [159/458] SVEN
[12:41:17] [160/458] SRKM
[12:41:18] [161/458] JTLT
[12:41:18] [162/458] SVSS
[12:41:19] [163/458] AMDE
[12:41:20] [164/458] WVRN
[12:41:21] 🔄 Identity reset
[12:41:21] 🔄 Identity rotated (every 10 requests)
[12:41:21] 🔄 Retry 1/5 for WVRN in 2.1s
[12:41:21] 🔄 Identity reset
[12:41:23] 🧠 New identity created
[12:41:23] 🔄 Retry 2/5 for WVRN in 4.3s
[12:41:23] 🔄 Identity reset
[12:41:27] 🧠 New identity created
[12:41:28] [165/458] ISMG
[12:41:29] [166/458] WVKS
[12:41:30] [167/458] USCG
[12:41:30] [168/458] IOTG
[12:41:31] [169/458] RRJM
[12:41:32] [170/458] EDMP
[12:41:33] [171/458] SCGZ
[12:41:34] [172/458] GMGX
[12:41:34] 🔄 Identity reset
[12:41:34] 🔄 Identity rotated (every 10 requests)
[12:41:34] 🔄 Retry 1/5 for GMGX in 2.1s
[12:41:34] 🔄 Identity reset
[12:41:36] 🧠 New identity created
[12:41:37] [173/458] OMTP
[12:41:37] [174/458] MITD
[12:41:38] [175/458] SMMD
[12:41:39] [176/458] STML
[12:41:40] [177/458] MCFS
[12:41:41] [178/458] FPKA
[12:41:42] [179/458] OMLR
[12:41:43] [180/458] KKSC
[12:41:44] [181/458] RVMA
[12:41:45] 🔄 Identity reset
[12:41:45] 🔄 Identity rotated (every 10 requests)
[12:41:45] [182/458] SCLL
[12:41:46] [183/458] SCDK
[12:41:47] [184/458] SXMI
[12:41:48] [185/458] SHDN
[12:41:48] [186/458] PAAD
[12:41:49] [187/458] UUCB
[12:41:50] [188/458] JHOL
[12:41:51] [189/458] SGWT
[12:41:52] [190/458] SRII
[12:41:53] [191/458] SGCK
[12:41:53] 🔄 Identity reset
[12:41:53] 🔄 Identity rotated (every 10 requests)
[12:41:54] [192/458] SVVB
[12:41:54] [193/458] DMHA
[12:41:55] [194/458] PPNL
[12:41:56] [195/458] CPNL
[12:41:57] [196/458] WVLD
[12:41:58] [197/458] PSLV
[12:41:59] [198/458] VTTL
[12:42:00] [199/458] NPAD
[12:42:01] [200/458] PVCS
[12:42:02] [201/458] MCHL
[12:42:02] 🔄 Identity reset
[12:42:02] 🔄 Identity rotated (every 10 requests)
[12:42:02] [202/458] PPLL
[12:42:03] [203/458] MALO
[12:42:05] [204/458] SWBH
[12:42:06] [205/458] PUGB
[12:42:06] [206/458] INBB
[12:42:07] [207/458] INNS
[12:42:08] [208/458] MCPT
[12:42:09] [209/458] SCMI
[12:42:10] [210/458] OCON
[12:42:10] [211/458] SCSM
[12:42:11] 🔄 Identity reset
[12:42:11] 🔄 Identity rotated (every 10 requests)
[12:42:11] [212/458] RJVN
[12:42:12] [213/458] AMDK
[12:42:13] [214/458] ISMR
[12:42:14] [215/458] SMTD
[12:42:15] [216/458] VTDD
[12:42:17] [217/458] PDDZ
[12:42:17] [218/458] PCCK
[12:42:18] [219/458] INAM
[12:42:19] [220/458] FNKT
[12:42:20] [221/458] GDKA
[12:42:20] 🔄 Identity reset
[12:42:20] 🔄 Identity rotated (every 10 requests)
[12:42:21] [222/458] MAYU
[12:42:22] [223/458] TCGU
[12:42:23] [224/458] KDCA
[12:42:24] [225/458] DOMY
[12:42:25] [226/458] PDDD
[12:42:27] [227/458] BJTS
[12:42:28] [228/458] VTCA
[12:42:29] [229/458] SBTM
[12:42:30] [230/458] SEET
[12:42:31] [231/458] SSTJ
[12:42:32] 🔄 Identity reset
[12:42:32] 🔄 Identity rotated (every 10 requests)
[12:42:32] 🔄 Retry 1/5 for SSTJ in 2.5s
[12:42:32] 🔄 Identity reset
[12:42:34] 🧠 New identity created
[12:42:34] [232/458] SVNT
[12:42:35] [233/458] PPPR
[12:42:36] [234/458] PVYS
[12:42:37] [235/458] IOSE
[12:42:38] [236/458] ACTV
[12:42:39] [237/458] APVE
[12:42:40] [238/458] TCCL
[12:42:41] [239/458] SCMO
[12:42:42] [240/458] SAUM
[12:42:43] 🔄 Identity reset
[12:42:43] 🔄 Identity rotated (every 10 requests)
[12:42:43] 🔄 Retry 1/5 for SAUM in 2.6s
[12:42:43] 🔄 Identity reset
[12:42:46] 🧠 New identity created
[12:42:46] 🔄 Retry 2/5 for SAUM in 4.8s
[12:42:46] 🔄 Identity reset
[12:42:50] 🧠 New identity created
[12:42:51] 🔄 Retry 3/5 for SAUM in 8.2s
[12:42:51] 🔄 Identity reset
[12:42:59] 🧠 New identity created
[12:42:59] 🔄 Retry 4/5 for SAUM in 16.4s
[12:42:59] 🔄 Identity reset
[12:43:15] 🧠 New identity created
[12:43:15] [241/458] KCJS
[12:43:16] [242/458] NJCJ
[12:43:17] [243/458] NECF
[12:43:19] [244/458] CCGW
[12:43:20] [245/458] CCMG
[12:43:20] [246/458] NYRG
[12:43:21] 🔄 Identity reset
[12:43:21] 🔄 Identity rotated (every 10 requests)
[12:43:21] 🔄 Retry 1/5 for NYRG in 2.0s
[12:43:21] 🔄 Identity reset
[12:43:23] 🧠 New identity created
[12:43:24] [247/458] NCSQ
[12:43:24] [248/458] GRCG
[12:43:25] [249/458] CCBT
[12:43:26] [250/458] ACGA
[12:43:27] [251/458] INAG
[12:43:28] [252/458] FUCG
[12:43:29] [253/458] AICF
[12:43:30] [254/458] GRGA
[12:43:30] [255/458] GDCN
[12:43:31] 🔄 Identity reset
[12:43:31] 🔄 Identity rotated (every 10 requests)
[12:43:31] [256/458] RRCG
[12:43:32] [257/458] SDCH
[12:43:33] [258/458] WVJM
[12:43:34] [259/458] JCCZ
[12:43:34] [260/458] CNCL
[12:43:35] [261/458] TMLV
[12:43:36] [262/458] MEMB
[12:43:37] [263/458] SGTD
[12:43:38] [264/458] CONX
[12:43:39] [265/458] CCMH
[12:43:39] 🔄 Identity reset
[12:43:39] 🔄 Identity rotated (every 10 requests)
[12:43:39] 🔄 Retry 1/5 for CCMH in 2.0s
[12:43:39] 🔄 Identity reset
[12:43:41] 🧠 New identity created
[12:43:41] [266/458] ACMC
[12:43:42] [267/458] DTPD
[12:43:43] [268/458] POJA
[12:43:44] [269/458] FNBH
[12:43:45] [270/458] CGCB
[12:43:46] [271/458] RACN
[12:43:47] [272/458] JTSM
[12:43:48] [273/458] SCDN
[12:43:49] [274/458] AACK
[12:43:49] 🔄 Identity reset
[12:43:49] 🔄 Identity rotated (every 10 requests)
[12:43:50] [275/458] RMCE
[12:43:50] [276/458] BSGB
[12:43:52] [277/458] MRCB
[12:43:53] [278/458] SRVR
[12:43:54] [279/458] VTKK
[12:43:55] [280/458] AMST
[12:43:55] [281/458] APCY
[12:43:56] [282/458] LMHO
[12:43:57] [283/458] MTZH
[12:43:58] [284/458] AMZB
[12:43:59] 🔄 Identity reset
[12:43:59] 🔄 Identity rotated (every 10 requests)
[12:43:59] [285/458] SUVT
[12:44:00] [286/458] RCIP
[12:44:00] [287/458] KESR
[12:44:01] [288/458] SNKC
[12:44:03] [289/458] SCED
[12:44:03] [290/458] DVCA
[12:44:04] [291/458] VCDT
[12:44:05] [292/458] RRDI
[12:44:06] [293/458] DFCH
[12:44:07] [294/458] INSC
[12:44:07] 🔄 Identity reset
[12:44:07] 🔄 Identity rotated (every 10 requests)
[12:44:08] [295/458] RGTR
[12:44:09] [296/458] FMOT
[12:44:10] [297/458] SCPM
[12:44:11] [298/458] GCDT
[12:44:12] [299/458] BRKT
[12:44:13] [300/458] DEMP
[12:44:14] [301/458] SRLC
[12:44:15] [302/458] KSTT
[12:44:16] [303/458] SMMT
[12:44:17] [304/458] SILM
[12:44:17] 🔄 Identity reset
[12:44:18] 🔄 Identity rotated (every 10 requests)
[12:44:18] [305/458] JCVM
[12:44:19] [306/458] KCSV
[12:44:20] [307/458] MHLK
[12:44:21] [308/458] SLVL
[12:44:22] [309/458] RJKP
[12:44:23] [310/458] BBPC
[12:44:24] [311/458] MXCB
[12:44:25] [312/458] TCPK
[12:44:26] [313/458] RTBR
[12:44:26] [314/458] GAUT
[12:44:27] 🔄 Identity reset
[12:44:27] 🔄 Identity rotated (every 10 requests)
[12:44:27] 🔄 Retry 1/5 for GAUT in 2.2s
[12:44:27] 🔄 Identity reset
[12:44:29] 🧠 New identity created
[12:44:30] [315/458] DVCF
[12:44:30] [316/458] JTSB
[12:44:31] [317/458] SBLS
[12:44:33] [318/458] UDAY
[12:44:33] [319/458] PTNP
[12:44:34] [320/458] DMKT
[12:44:35] [321/458] NTDT
[12:44:36] [322/458] SHDJ
[12:44:37] [323/458] OTNC
[12:44:37] 🔄 Identity reset
[12:44:37] 🔄 Identity rotated (every 10 requests)
[12:44:38] [324/458] RNTW
[12:44:38] [325/458] GCMI
[12:44:39] [326/458] CRCM
[12:44:40] [327/458] NNCZ
[12:44:41] [328/458] OEMO
[12:44:42] [329/458] PVJM
[12:44:43] [330/458] CPJI
[12:44:44] [331/458] RMCJ
[12:44:44] [332/458] CNWJ
[12:44:45] [333/458] EPJM
[12:44:46] 🔄 Identity reset
[12:44:46] 🔄 Identity rotated (every 10 requests)
[12:44:46] [334/458] FNJJ
[12:44:47] [335/458] GCMJ
[12:44:48] [336/458] INPS
[12:44:49] [337/458] BICJ
[12:44:50] [338/458] ISTJ
[12:44:51] [339/458] INJC
[12:44:52] [340/458] GLXJ
[12:44:53] [341/458] INEM
[12:44:53] [342/458] JTMN
[12:44:54] [343/458] FRCJ
[12:44:55] 🔄 Identity reset
[12:44:55] 🔄 Identity rotated (every 10 requests)
[12:44:55] [344/458] DDJP
[12:44:57] [345/458] INJV
[12:44:58] [346/458] GOLC
[12:44:59] [347/458] KOCI
[12:44:59] [348/458] FSTD
[12:45:00] [349/458] PACJ
[12:45:01] [350/458] GMCN
[12:45:02] [351/458] MMDJ
[12:45:03] [352/458] GODH
[12:45:04] [353/458] SKYN
[12:45:04] 🔄 Identity reset
[12:45:04] 🔄 Identity rotated (every 10 requests)
[12:45:05] [354/458] NCTH
[12:45:05] [355/458] SKVZ
[12:45:06] [356/458] SVML
[12:45:07] [357/458] ACVZ
[12:45:08] [358/458] SURA
[12:45:09] [359/458] RTRB
[12:45:10] [360/458] LLCT
[12:45:11] [361/458] ATTS
[12:45:12] [362/458] JYCM
[12:45:13] [363/458] CTKR
[12:45:13] 🔄 Identity reset
[12:45:13] 🔄 Identity rotated (every 10 requests)
[12:45:14] [364/458] LCKR
[12:45:15] [365/458] NYCV
[12:45:15] [366/458] NYOH
[12:45:16] [367/458] NOVX
[12:45:17] [368/458] MRGK
[12:45:18] [369/458] MOON
[12:45:20] [370/458] SBUC
[12:45:21] [371/458] GSVA
[12:45:21] [372/458] VIAK
[12:45:22] [373/458] SMVZ
[12:45:23] 🔄 Identity reset
[12:45:23] 🔄 Identity rotated (every 10 requests)
[12:45:23] [374/458] MATE
[12:45:24] [375/458] RDCN
[12:45:25] [376/458] ASBL
[12:45:26] [377/458] ASVS
[12:45:27] [378/458] ASSR
[12:45:27] [379/458] SSKN
[12:45:29] [380/458] DRPV
[12:45:30] [381/458] MRHT
[12:45:31] [382/458] BSCN
[12:45:31] [383/458] RKNX
[12:45:32] 🔄 Identity reset
[12:45:32] 🔄 Identity rotated (every 10 requests)
[12:45:32] 🔄 Retry 1/5 for RKNX in 2.8s
[12:45:32] 🔄 Identity reset
[12:45:35] 🧠 New identity created
[12:45:35] [384/458] MSMC
[12:45:36] [385/458] MSCJ
[12:45:37] [386/458] BTBJ
[12:45:38] [387/458] MJCC
[12:45:38] [388/458] IOMM
[12:45:39] [389/458] ADGR
[12:45:40] [390/458] MYCP
[12:45:41] [391/458] IGCM
[12:45:42] [392/458] PGRK
[12:45:42] 🔄 Identity reset
[12:45:42] 🔄 Identity rotated (every 10 requests)
[12:45:43] [393/458] VPGO
[12:45:44] [394/458] KOMS
[12:45:44] [395/458] URGG
[12:45:45] [396/458] GOST
[12:45:46] [397/458] LACT
[12:45:47] [398/458] BWCM
[12:45:49] [399/458] NCCW
[12:45:50] [400/458] SKYC
[12:45:50] [401/458] CCPM
[12:45:51] [402/458] VCBT
[12:45:52] 🔄 Identity reset
[12:45:52] 🔄 Identity rotated (every 10 requests)
[12:45:52] 🔄 Retry 1/5 for VCBT in 2.6s
[12:45:52] 🔄 Identity reset
[12:45:55] 🧠 New identity created
[12:45:55] 🔄 Retry 2/5 for VCBT in 5.0s
[12:45:55] 🔄 Identity reset
[12:46:00] 🧠 New identity created
[12:46:00] [403/458] SDKR
[12:46:01] [404/458] CTYB
[12:46:02] [405/458] SHCX
[12:46:02] [406/458] RCUN
[12:46:03] [407/458] CNRA
[12:46:04] [408/458] RFCA
[12:46:05] [409/458] RDCU
[12:46:06] [410/458] SARK
[12:46:07] 🔄 Identity reset
[12:46:07] 🔄 Identity rotated (every 10 requests)
[12:46:07] [411/458] SPPP
[12:46:08] [412/458] ADMB
[12:46:08] [413/458] JYOE
[12:46:09] [414/458] SRMD
[12:46:10] [415/458] RJDH
[12:46:11] [416/458] SSTD
[12:46:12] [417/458] AACV
[12:46:13] [418/458] PPVD
[12:46:14] [419/458] STCP
[12:46:15] [420/458] ANLS
[12:46:15] 🔄 Identity reset
[12:46:15] 🔄 Identity rotated (every 10 requests)
[12:46:15] [421/458] BIJO
[12:46:17] [422/458] AVAB
[12:46:18] [423/458] SPMD
[12:46:19] [424/458] SVJL
[12:46:20] [425/458] SDDJ
[12:46:20] [426/458] SLTU
[12:46:21] [427/458] SAKA
[12:46:22] [428/458] PMAM
[12:46:23] [429/458] FNAM
[12:46:24] [430/458] ACAM
[12:46:25] 🔄 Identity reset
[12:46:25] 🔄 Identity rotated (every 10 requests)
[12:46:26] [431/458] SCMM
[12:46:27] [432/458] PMAK
[12:46:27] [433/458] NYSA
[12:46:28] [434/458] FCPA
[12:46:29] [435/458] GDAN
[12:46:30] [436/458] RSCA
[12:46:31] [437/458] DMAN
[12:46:32] [438/458] DZCM
[12:46:33] [439/458] NSGL
[12:46:33] [440/458] CCPP
[12:46:34] 🔄 Identity reset
[12:46:34] 🔄 Identity rotated (every 10 requests)
[12:46:34] [441/458] PSMG
[12:46:35] [442/458] GSER
[12:46:36] [443/458] FCCT
[12:46:36] [444/458] FCTB
[12:46:37] [445/458] LCNK
[12:46:38] [446/458] SKTY
[12:46:39] [447/458] INAA
[12:46:40] [448/458] RCWN
[12:46:41] [449/458] VAIS
[12:46:42] [450/458] CVMN
[12:46:43] 🔄 Identity reset
[12:46:43] 🔄 Identity rotated (every 10 requests)
[12:46:43] [451/458] INTS
[12:46:44] [452/458] FRGS
[12:46:45] [453/458] DTCK
[12:46:46] [454/458] MCMH
[12:46:47] [455/458] ECRR
[12:46:48] [456/458] RLLP
[12:46:49] [457/458] CCSN
[12:46:49] [458/458] CCBA
[12:46:51] 🧹 Deduping shows
[12:46:51] ✅ DONE | Shows=3039 | Movies=54
[14:22:53] 🚀 SCRIPT STARTED (enhanced anti‑detection)
[14:22:53] [1/458] MBDC
[14:22:54] 🧠 New identity created
[14:22:54] [2/458] CHKM
[14:22:55] [3/458] JTKZ
[14:22:57] [4/458] CMCT
[14:22:58] [5/458] ASHO
[14:22:59] [6/458] ECDG
[14:23:00] [7/458] SPAT
[14:23:01] [8/458] HILC
[14:23:02] [9/458] SPPH
[14:23:03] [10/458] SBHN
[14:23:03] 🔄 Identity reset
[14:23:03] 🔄 Identity rotated (every 10 requests)
[14:23:04] [11/458] RRCA
[14:23:04] [12/458] APAA
[14:23:05] [13/458] RAME
[14:23:06] [14/458] TMMS
[14:23:07] [15/458] BATK
[14:23:08] [16/458] LKOP
[14:23:09] [17/458] AMTT
[14:23:10] [18/458] PTGK
[14:23:11] [19/458] ANRS
[14:23:12] [20/458] VWBW
[14:23:12] 🔄 Identity reset
[14:23:12] 🔄 Identity rotated (every 10 requests)
[14:23:12] 🔄 Retry 1/5 for VWBW in 2.9s
[14:23:12] 🔄 Identity reset
[14:23:15] 🧠 New identity created
[14:23:15] 🔄 Retry 2/5 for VWBW in 4.2s
[14:23:15] 🔄 Identity reset
[14:23:20] 🧠 New identity created
[14:23:20] [21/458] SVFG
[14:23:21] [22/458] STAT
[14:23:22] [23/458] GDCV
[14:23:23] [24/458] VEBI
[14:23:24] [25/458] VDSS
[14:23:25] [26/458] NTHV
[14:23:26] [27/458] AOCH
[14:23:27] [28/458] KASR
[14:23:27] 🔄 Identity reset
[14:23:27] 🔄 Identity rotated (every 10 requests)
[14:23:28] [29/458] AYCS
[14:23:29] [30/458] SHAI
[14:23:30] [31/458] SKPE
[14:23:31] [32/458] SBTA
[14:23:32] [33/458] RTTD
[14:23:33] [34/458] CCJD
[14:23:34] [35/458] RSJJ
[14:23:35] [36/458] RKND
[14:23:36] [37/458] SVTX
[14:23:37] [38/458] BAKM
[14:23:38] 🔄 Identity reset
[14:23:38] 🔄 Identity rotated (every 10 requests)
[14:23:38] [39/458] SVDC
[14:23:39] [40/458] MNCV
[14:23:40] [41/458] SJGC
[14:23:41] [42/458] MTPK
[14:23:42] [43/458] GATP
[14:23:42] [44/458] ABTS
[14:23:44] [45/458] ABDE
[14:23:45] [46/458] RCNM
[14:23:46] [47/458] KTHV
[14:23:47] [48/458] MDGJ
[14:23:47] 🔄 Identity reset
[14:23:47] 🔄 Identity rotated (every 10 requests)
[14:23:48] [49/458] SMLM
[14:23:48] [50/458] JTMA
[14:23:49] [51/458] ACKP
[14:23:50] [52/458] SRTA
[14:23:51] [53/458] STAY
[14:23:52] [54/458] MAVO
[14:23:53] [55/458] APTS
[14:23:54] [56/458] OMEA
[14:23:55] [57/458] TTFD
[14:23:57] [58/458] MJCU
[14:23:57] 🔄 Identity reset
[14:23:57] 🔄 Identity rotated (every 10 requests)
[14:23:58] [59/458] CXTE
[14:23:59] [60/458] CTPX
[14:23:59] [61/458] ASSL
[14:24:00] [62/458] CMVB
[14:24:01] [63/458] VPUR
[14:24:02] [64/458] JJDA
[14:24:03] [65/458] INBL
[14:24:04] [66/458] BIKB
[14:24:05] [67/458] NTBB
[14:24:06] [68/458] GLOB
[14:24:06] 🔄 Identity reset
[14:24:06] 🔄 Identity rotated (every 10 requests)
[14:24:07] [69/458] SNTB
[14:24:08] [70/458] CHGV
[14:24:09] [71/458] SSBZ
[14:24:09] [72/458] PRDB
[14:24:10] [73/458] ISMT
[14:24:12] [74/458] MCSD
[14:24:13] [75/458] JBTT
[14:24:14] [76/458] GEKR
[14:24:14] [77/458] PVUN
[14:24:15] [78/458] NRTB
[14:24:16] 🔄 Identity reset
[14:24:16] 🔄 Identity rotated (every 10 requests)
[14:24:16] [79/458] PRAA
[14:24:17] [80/458] PCBL
[14:24:18] [81/458] PTCM
[14:24:19] [82/458] KHNN
[14:24:20] [83/458] OMJE
[14:24:22] [84/458] STGN
[14:24:23] [85/458] RPMS
[14:24:23] [86/458] NWAD
[14:24:24] [87/458] BLCK
[14:24:25] [88/458] SVAA
[14:24:26] 🔄 Identity reset
[14:24:26] 🔄 Identity rotated (every 10 requests)
[14:24:26] 🔄 Retry 1/5 for SVAA in 2.9s
[14:24:26] 🔄 Identity reset
[14:24:29] 🧠 New identity created
[14:24:29] [89/458] URVM
[14:24:30] [90/458] ANTM
[14:24:32] [91/458] VJYM
[14:24:33] [92/458] MAZZ
[14:24:34] [93/458] CSHM
[14:24:35] [94/458] WGMH
[14:24:36] [95/458] SALN
[14:24:36] [96/458] BRTP
[14:24:37] [97/458] SVTA
[14:24:38] 🔄 Identity reset
[14:24:38] 🔄 Identity rotated (every 10 requests)
[14:24:38] [98/458] SBTP
[14:24:39] [99/458] VLSS
[14:24:40] [100/458] SRJA
[14:24:41] [101/458] ANCG
[14:24:42] [102/458] CGGC
[14:24:43] [103/458] CRJA
[14:24:44] [104/458] USCR
[14:24:46] [105/458] MMEF
[14:24:47] [106/458] JCRJ
[14:24:48] [107/458] ADCM
[14:24:48] 🔄 Identity reset
[14:24:48] 🔄 Identity rotated (every 10 requests)
[14:24:48] 🔄 Retry 1/5 for ADCM in 2.4s
[14:24:48] 🔄 Identity reset
[14:24:51] 🧠 New identity created
[14:24:52] [108/458] BMYK
[14:24:53] [109/458] KICS
[14:24:54] [110/458] MBBT
[14:24:55] [111/458] MACK
[14:24:56] [112/458] CLDR
[14:24:57] [113/458] JYCR
[14:24:58] [114/458] DCRP
[14:24:59] [115/458] RAHT
[14:25:00] [116/458] CSSM
[14:25:01] 🔄 Identity reset
[14:25:01] 🔄 Identity rotated (every 10 requests)
[14:25:01] [117/458] ATPK
[14:25:02] [118/458] KLRT
[14:25:03] [119/458] SRDD
[14:25:04] [120/458] CKMC
[14:25:05] [121/458] KRVM
[14:25:06] [122/458] AKCP
[14:25:07] [123/458] CNCV
[14:25:07] [124/458] PACT
[14:25:08] [125/458] NATP
[14:25:09] [126/458] PCPK
[14:25:10] 🔄 Identity reset
[14:25:10] 🔄 Identity rotated (every 10 requests)
[14:25:10] 🔄 Retry 1/5 for PCPK in 2.3s
[14:25:10] 🔄 Identity reset
[14:25:12] 🧠 New identity created
[14:25:12] [127/458] SMHO
[14:25:13] [128/458] CWTK
[14:25:14] [129/458] RVKZ
[14:25:15] [130/458] ASPD
[14:25:16] [131/458] VTKZ
[14:25:17] [132/458] LCSO
[14:25:18] [133/458] PRDY
[14:25:19] [134/458] RCAP
[14:25:20] [135/458] RGAR
[14:25:21] 🔄 Identity reset
[14:25:21] 🔄 Identity rotated (every 10 requests)
[14:25:21] 🔄 Retry 1/5 for RGAR in 2.0s
[14:25:21] 🔄 Identity reset
[14:25:23] 🧠 New identity created
[14:25:23] [136/458] RCAC
[14:25:24] [137/458] PMOD
[14:25:25] [138/458] PVCN
[14:25:26] [139/458] SCRZ
[14:25:27] [140/458] PVPC
[14:25:28] [141/458] STID
[14:25:28] [142/458] NEDD
[14:25:29] [143/458] BNBA
[14:25:30] [144/458] NTCD
[14:25:31] 🔄 Identity reset
[14:25:31] 🔄 Identity rotated (every 10 requests)
[14:25:31] [145/458] OCDE
[14:25:32] [146/458] CCDU
[14:25:33] [147/458] CRXH
[14:25:34] [148/458] VLVT
[14:25:35] [149/458] CICI
[14:25:36] [150/458] SUCB
[14:25:37] [151/458] TCBP
[14:25:38] [152/458] SCCY
[14:25:39] [153/458] LXCY
[14:25:39] [154/458] NCMD
[14:25:40] 🔄 Identity reset
[14:25:40] 🔄 Identity rotated (every 10 requests)
[14:25:41] [155/458] PHCS
[14:25:42] [156/458] DUXR
[14:25:43] [157/458] VNKS
[14:25:44] [158/458] SEDP
[14:25:44] [159/458] SVEN
[14:25:45] [160/458] SRKM
[14:25:46] [161/458] JTLT
[14:25:47] [162/458] SVSS
[14:25:48] [163/458] AMDE
[14:25:49] [164/458] WVRN
[14:25:50] 🔄 Identity reset
[14:25:50] 🔄 Identity rotated (every 10 requests)
[14:25:50] 🔄 Retry 1/5 for WVRN in 3.0s
[14:25:50] 🔄 Identity reset
[14:25:53] 🧠 New identity created
[14:25:53] 🔄 Retry 2/5 for WVRN in 4.3s
[14:25:53] 🔄 Identity reset
[14:25:57] 🧠 New identity created
[14:25:58] [165/458] ISMG
[14:25:59] [166/458] WVKS
[14:25:59] [167/458] USCG
[14:26:00] [168/458] IOTG
[14:26:01] [169/458] RRJM
[14:26:02] [170/458] EDMP
[14:26:03] [171/458] SCGZ
[14:26:04] [172/458] GMGX
[14:26:05] 🔄 Identity reset
[14:26:05] 🔄 Identity rotated (every 10 requests)
[14:26:05] [173/458] OMTP
[14:26:06] [174/458] MITD
[14:26:07] [175/458] SMMD
[14:26:08] [176/458] STML
[14:26:09] [177/458] MCFS
[14:26:09] [178/458] FPKA
[14:26:10] [179/458] OMLR
[14:26:11] [180/458] KKSC
[14:26:12] [181/458] RVMA
[14:26:13] [182/458] SCLL
[14:26:14] 🔄 Identity reset
[14:26:14] 🔄 Identity rotated (every 10 requests)
[14:26:14] [183/458] SCDK
[14:26:15] [184/458] SXMI
[14:26:16] [185/458] SHDN
[14:26:17] [186/458] PAAD
[14:26:18] [187/458] UUCB
[14:26:19] [188/458] JHOL
[14:26:20] [189/458] SGWT
[14:26:20] [190/458] SRII
[14:26:22] [191/458] SGCK
[14:26:23] [192/458] SVVB
[14:26:24] 🔄 Identity reset
[14:26:24] 🔄 Identity rotated (every 10 requests)
[14:26:24] [193/458] DMHA
[14:26:25] [194/458] PPNL
[14:26:26] [195/458] CPNL
[14:26:27] [196/458] WVLD
[14:26:28] [197/458] PSLV
[14:26:29] [198/458] VTTL
[14:26:30] [199/458] NPAD
[14:26:30] [200/458] PVCS
[14:26:31] [201/458] MCHL
[14:26:32] [202/458] PPLL
[14:26:33] 🔄 Identity reset
[14:26:33] 🔄 Identity rotated (every 10 requests)
[14:26:33] 🔄 Retry 1/5 for PPLL in 2.7s
[14:26:33] 🔄 Identity reset
[14:26:36] 🧠 New identity created
[14:26:36] [203/458] MALO
[14:26:37] [204/458] SWBH
[14:26:38] [205/458] PUGB
[14:26:38] [206/458] INBB
[14:26:39] [207/458] INNS
[14:26:40] [208/458] MCPT
[14:26:42] [209/458] SCMI
[14:26:43] [210/458] OCON
[14:26:44] [211/458] SCSM
[14:26:44] 🔄 Identity reset
[14:26:44] 🔄 Identity rotated (every 10 requests)
[14:26:45] [212/458] RJVN
[14:26:46] [213/458] AMDK
[14:26:47] [214/458] ISMR
[14:26:47] [215/458] SMTD
[14:26:48] [216/458] VTDD
[14:26:49] [217/458] PDDZ
[14:26:50] [218/458] PCCK
[14:26:51] [219/458] INAM
[14:26:52] [220/458] FNKT
[14:26:53] [221/458] GDKA
[14:26:53] 🔄 Identity reset
[14:26:53] 🔄 Identity rotated (every 10 requests)
[14:26:54] [222/458] MAYU
[14:26:54] [223/458] TCGU
[14:26:55] [224/458] KDCA
[14:26:56] [225/458] DOMY
[14:26:58] [226/458] PDDD
[14:26:58] [227/458] BJTS
[14:26:59] [228/458] VTCA
[14:27:00] [229/458] SBTM
[14:27:01] [230/458] SEET
[14:27:02] [231/458] SSTJ
[14:27:02] 🔄 Identity reset
[14:27:02] 🔄 Identity rotated (every 10 requests)
[14:27:03] 🔄 Retry 1/5 for SSTJ in 2.5s
[14:27:03] 🔄 Identity reset
[14:27:05] 🧠 New identity created
[14:27:05] [232/458] SVNT
[14:27:06] [233/458] PPPR
[14:27:08] [234/458] PVYS
[14:27:10] [235/458] IOSE
[14:27:10] [236/458] ACTV
[14:27:11] [237/458] APVE
[14:27:12] [238/458] TCCL
[14:27:13] [239/458] SCMO
[14:27:14] [240/458] SAUM
[14:27:15] 🔄 Identity reset
[14:27:15] 🔄 Identity rotated (every 10 requests)
[14:27:16] [241/458] KCJS
[14:27:16] [242/458] NJCJ
[14:27:17] [243/458] NECF
[14:27:18] [244/458] CCGW
[14:27:19] [245/458] CCMG
[14:27:20] [246/458] NYRG
[14:27:21] [247/458] NCSQ
[14:27:21] [248/458] GRCG
[14:27:22] [249/458] CCBT
[14:27:23] [250/458] ACGA
[14:27:24] 🔄 Identity reset
[14:27:24] 🔄 Identity rotated (every 10 requests)
[14:27:24] [251/458] INAG
[14:27:25] [252/458] FUCG
[14:27:26] [253/458] AICF
[14:27:27] [254/458] GRGA
[14:27:28] [255/458] GDCN
[14:27:29] [256/458] RRCG
[14:27:31] [257/458] SDCH
[14:27:32] [258/458] WVJM
[14:27:33] [259/458] JCCZ
[14:27:35] [260/458] CNCL
[14:27:35] 🔄 Identity reset
[14:27:35] 🔄 Identity rotated (every 10 requests)
[14:27:36] [261/458] TMLV
[14:27:36] [262/458] MEMB
[14:27:37] [263/458] SGTD
[14:27:38] [264/458] CONX
[14:27:39] [265/458] CCMH
[14:27:40] [266/458] ACMC
[14:27:41] [267/458] DTPD
[14:27:41] [268/458] POJA
[14:27:42] [269/458] FNBH
[14:27:43] [270/458] CGCB
[14:27:44] 🔄 Identity reset
[14:27:44] 🔄 Identity rotated (every 10 requests)
[14:27:44] 🔄 Retry 1/5 for CGCB in 2.3s
[14:27:44] 🔄 Identity reset
[14:27:46] 🧠 New identity created
[14:27:46] [271/458] RACN
[14:27:47] [272/458] JTSM
[14:27:48] [273/458] SCDN
[14:27:49] [274/458] AACK
[14:27:51] [275/458] RMCE
[14:27:52] [276/458] BSGB
[14:27:53] [277/458] MRCB
[14:27:53] [278/458] SRVR
[14:27:54] [279/458] VTKK
[14:27:55] 🔄 Identity reset
[14:27:55] 🔄 Identity rotated (every 10 requests)
[14:27:55] [280/458] AMST
[14:27:56] [281/458] APCY
[14:27:57] [282/458] LMHO
[14:27:58] [283/458] MTZH
[14:27:59] [284/458] AMZB
[14:28:00] [285/458] SUVT
[14:28:01] [286/458] RCIP
[14:28:02] [287/458] KESR
[14:28:03] [288/458] SNKC
[14:28:03] [289/458] SCED
[14:28:04] 🔄 Identity reset
[14:28:04] 🔄 Identity rotated (every 10 requests)
[14:28:04] [290/458] DVCA
[14:28:05] [291/458] VCDT
[14:28:06] [292/458] RRDI
[14:28:07] [293/458] DFCH
[14:28:07] [294/458] INSC
[14:28:08] [295/458] RGTR
[14:28:09] [296/458] FMOT
[14:28:10] [297/458] SCPM
[14:28:11] [298/458] GCDT
[14:28:12] [299/458] BRKT
[14:28:12] 🔄 Identity reset
[14:28:12] 🔄 Identity rotated (every 10 requests)
[14:28:13] [300/458] DEMP
[14:28:13] [301/458] SRLC
[14:28:14] [302/458] KSTT
[14:28:15] [303/458] SMMT
[14:28:16] [304/458] SILM
[14:28:17] [305/458] JCVM
[14:28:18] [306/458] KCSV
[14:28:19] [307/458] MHLK
[14:28:20] [308/458] SLVL
[14:28:21] [309/458] RJKP
[14:28:21] 🔄 Identity reset
[14:28:21] 🔄 Identity rotated (every 10 requests)
[14:28:22] [310/458] BBPC
[14:28:23] [311/458] MXCB
[14:28:24] [312/458] TCPK
[14:28:26] [313/458] RTBR
[14:28:26] [314/458] GAUT
[14:28:27] [315/458] DVCF
[14:28:28] [316/458] JTSB
[14:28:29] [317/458] SBLS
[14:28:30] [318/458] UDAY
[14:28:32] [319/458] PTNP
[14:28:32] 🔄 Identity reset
[14:28:32] 🔄 Identity rotated (every 10 requests)
[14:28:33] [320/458] DMKT
[14:28:34] [321/458] NTDT
[14:28:34] [322/458] SHDJ
[14:28:35] [323/458] OTNC
[14:28:36] [324/458] RNTW
[14:28:37] [325/458] GCMI
[14:28:38] [326/458] CRCM
[14:28:39] [327/458] NNCZ
[14:28:40] [328/458] OEMO
[14:28:41] [329/458] PVJM
[14:28:42] 🔄 Identity reset
[14:28:42] 🔄 Identity rotated (every 10 requests)
[14:28:42] [330/458] CPJI
[14:28:43] [331/458] RMCJ
[14:28:44] [332/458] CNWJ
[14:28:45] [333/458] EPJM
[14:28:46] [334/458] FNJJ
[14:28:47] [335/458] GCMJ
[14:28:48] [336/458] INPS
[14:28:49] [337/458] BICJ
[14:28:50] [338/458] ISTJ
[14:28:51] [339/458] INJC
[14:28:52] 🔄 Identity reset
[14:28:52] 🔄 Identity rotated (every 10 requests)
[14:28:52] [340/458] GLXJ
[14:28:53] [341/458] INEM
[14:28:54] [342/458] JTMN
[14:28:55] [343/458] FRCJ
[14:28:56] [344/458] DDJP
[14:28:57] [345/458] INJV
[14:28:58] [346/458] GOLC
[14:28:58] [347/458] KOCI
[14:28:59] [348/458] FSTD
[14:29:00] [349/458] PACJ
[14:29:01] 🔄 Identity reset
[14:29:01] 🔄 Identity rotated (every 10 requests)
[14:29:01] [350/458] GMCN
[14:29:02] [351/458] MMDJ
[14:29:04] [352/458] GODH
[14:29:05] [353/458] SKYN
[14:29:06] [354/458] NCTH
[14:29:07] [355/458] SKVZ
[14:29:07] [356/458] SVML
[14:29:08] [357/458] ACVZ
[14:29:09] [358/458] SURA
[14:29:10] [359/458] RTRB
[14:29:10] 🔄 Identity reset
[14:29:10] 🔄 Identity rotated (every 10 requests)
[14:29:10] 🔄 Retry 1/5 for RTRB in 2.8s
[14:29:10] 🔄 Identity reset
[14:29:13] 🧠 New identity created
[14:29:14] [360/458] LLCT
[14:29:23] [361/458] ATTS
[14:29:24] [362/458] JYCM
[14:29:25] [363/458] CTKR
[14:29:26] [364/458] LCKR
[14:29:27] [365/458] NYCV
[14:29:28] [366/458] NYOH
[14:29:29] [367/458] NOVX
[14:29:30] [368/458] MRGK
[14:29:30] 🔄 Identity reset
[14:29:30] 🔄 Identity rotated (every 10 requests)
[14:29:31] [369/458] MOON
[14:29:32] [370/458] SBUC
[14:29:33] [371/458] GSVA
[14:29:34] [372/458] VIAK
[14:29:35] [373/458] SMVZ
[14:29:35] [374/458] MATE
[14:29:37] [375/458] RDCN
[14:29:38] [376/458] ASBL
[14:29:39] [377/458] ASVS
[14:29:39] [378/458] ASSR
[14:29:40] 🔄 Identity reset
[14:29:40] 🔄 Identity rotated (every 10 requests)
[14:29:41] [379/458] SSKN
[14:29:42] [380/458] DRPV
[14:29:43] [381/458] MRHT
[14:29:44] [382/458] BSCN
[14:29:45] [383/458] RKNX
[14:29:46] [384/458] MSMC
[14:29:47] [385/458] MSCJ
[14:29:48] [386/458] BTBJ
[14:29:49] [387/458] MJCC
[14:29:50] [388/458] IOMM
[14:29:51] 🔄 Identity reset
[14:29:51] 🔄 Identity rotated (every 10 requests)
[14:29:51] [389/458] ADGR
[14:29:52] [390/458] MYCP
[14:29:53] [391/458] IGCM
[14:29:53] [392/458] PGRK
[14:29:54] [393/458] VPGO
[14:29:55] [394/458] KOMS
[14:29:56] [395/458] URGG
[14:29:57] [396/458] GOST
[14:29:58] [397/458] LACT
[14:30:00] [398/458] BWCM
[14:30:00] 🔄 Identity reset
[14:30:00] 🔄 Identity rotated (every 10 requests)
[14:30:01] [399/458] NCCW
[14:30:01] [400/458] SKYC
[14:30:02] [401/458] CCPM
[14:30:04] [402/458] VCBT
[14:30:05] [403/458] SDKR
[14:30:06] [404/458] CTYB
[14:30:07] [405/458] SHCX
[14:30:08] [406/458] RCUN
[14:30:09] [407/458] CNRA
[14:30:10] [408/458] RFCA
[14:30:10] 🔄 Identity reset
[14:30:10] 🔄 Identity rotated (every 10 requests)
[14:30:11] [409/458] RDCU
[14:30:12] [410/458] SARK
[14:30:13] [411/458] SPPP
[14:30:13] [412/458] ADMB
[14:30:14] [413/458] JYOE
[14:30:15] [414/458] SRMD
[14:30:16] [415/458] RJDH
[14:30:17] [416/458] SSTD
[14:30:18] [417/458] AACV
[14:30:19] [418/458] PPVD
[14:30:20] 🔄 Identity reset
[14:30:20] 🔄 Identity rotated (every 10 requests)
[14:30:20] [419/458] STCP
[14:30:21] [420/458] ANLS
[14:30:22] [421/458] BIJO
[14:30:23] [422/458] AVAB
[14:30:24] [423/458] SPMD
[14:30:25] [424/458] SVJL
[14:30:26] [425/458] SDDJ
[14:30:27] [426/458] SLTU
[14:30:28] [427/458] SAKA
[14:30:28] [428/458] PMAM
[14:30:29] 🔄 Identity reset
[14:30:29] 🔄 Identity rotated (every 10 requests)
[14:30:29] [429/458] FNAM
[14:30:30] [430/458] ACAM
[14:30:31] [431/458] SCMM
[14:30:32] [432/458] PMAK
[14:30:33] [433/458] NYSA
[14:30:34] [434/458] FCPA
[14:30:35] [435/458] GDAN
[14:30:37] [436/458] RSCA
[14:30:37] [437/458] DMAN
[14:30:38] [438/458] DZCM
[14:30:39] 🔄 Identity reset
[14:30:39] 🔄 Identity rotated (every 10 requests)
[14:30:39] [439/458] NSGL
[14:30:40] [440/458] CCPP
[14:30:41] [441/458] PSMG
[14:30:42] [442/458] GSER
[14:30:43] [443/458] FCCT
[14:30:44] [444/458] FCTB
[14:30:45] [445/458] LCNK
[14:30:46] [446/458] SKTY
[14:30:47] [447/458] INAA
[14:30:49] [448/458] RCWN
[14:30:49] 🔄 Identity reset
[14:30:49] 🔄 Identity rotated (every 10 requests)
[14:30:50] [449/458] VAIS
[14:30:51] [450/458] CVMN
[14:30:51] [451/458] INTS
[14:30:53] [452/458] FRGS
[14:30:54] [453/458] DTCK
[14:30:55] [454/458] MCMH
[14:30:56] [455/458] ECRR
[14:30:57] [456/458] RLLP
[14:30:57] [457/458] CCSN
[14:30:58] [458/458] CCBA
[14:30:59] 🔄 Identity reset
[14:30:59] 🔄 Identity rotated (every 10 requests)
[14:30:59] 🧹 Deduping shows
[14:30:59] ✅ DONE | Shows=3096 | Movies=54
[16:09:07] 🚀 SCRIPT STARTED (enhanced anti‑detection)
[16:09:07] [1/458] MBDC
[16:09:08] 🧠 New identity created
[16:09:08] [2/458] CHKM
[16:09:09] [3/458] JTKZ
[16:09:09] [4/458] CMCT
[16:09:10] [5/458] ASHO
[16:09:11] [6/458] ECDG
[16:09:12] [7/458] SPAT
[16:09:13] [8/458] HILC
[16:09:13] [9/458] SPPH
[16:09:14] [10/458] SBHN
[16:09:15] 🔄 Identity reset
[16:09:15] 🔄 Identity rotated (every 10 requests)
[16:09:15] [11/458] RRCA
[16:09:16] [12/458] APAA
[16:09:17] [13/458] RAME
[16:09:17] [14/458] TMMS
[16:09:18] [15/458] BATK
[16:09:19] [16/458] LKOP
[16:09:20] [17/458] AMTT
[16:09:21] [18/458] PTGK
[16:09:22] [19/458] ANRS
[16:09:22] [20/458] VWBW
[16:09:23] 🔄 Identity reset
[16:09:23] 🔄 Identity rotated (every 10 requests)
[16:09:23] [21/458] SVFG
[16:09:24] [22/458] STAT
[16:09:25] [23/458] GDCV
[16:09:26] [24/458] VEBI
[16:09:27] [25/458] VDSS
[16:09:28] [26/458] NTHV
[16:09:28] [27/458] AOCH
[16:09:29] [28/458] KASR
[16:09:30] [29/458] AYCS
[16:09:31] [30/458] SHAI
[16:09:32] 🔄 Identity reset
[16:09:32] 🔄 Identity rotated (every 10 requests)
[16:09:32] [31/458] SKPE
[16:09:33] [32/458] SBTA
[16:09:34] [33/458] RTTD
[16:09:34] [34/458] CCJD
[16:09:35] [35/458] RSJJ
[16:09:36] [36/458] RKND
[16:09:37] [37/458] SVTX
[16:09:38] [38/458] BAKM
[16:09:39] [39/458] SVDC
[16:09:39] [40/458] MNCV
[16:09:40] 🔄 Identity reset
[16:09:40] 🔄 Identity rotated (every 10 requests)
[16:09:41] [41/458] SJGC
[16:09:42] [42/458] MTPK
[16:09:42] [43/458] GATP
[16:09:43] [44/458] ABTS
[16:09:44] [45/458] ABDE
[16:09:45] [46/458] RCNM
[16:09:46] [47/458] KTHV
[16:09:46] [48/458] MDGJ
[16:09:47] [49/458] SMLM
[16:09:48] [50/458] JTMA
[16:09:48] 🔄 Identity reset
[16:09:48] 🔄 Identity rotated (every 10 requests)
[16:09:49] [51/458] ACKP
[16:09:50] [52/458] SRTA
[16:09:50] [53/458] STAY
[16:09:51] [54/458] MAVO
[16:09:52] [55/458] APTS
[16:09:53] [56/458] OMEA
[16:09:54] [57/458] TTFD
[16:09:54] [58/458] MJCU
[16:09:55] [59/458] CXTE
[16:09:56] [60/458] CTPX
[16:09:56] 🔄 Identity reset
[16:09:56] 🔄 Identity rotated (every 10 requests)
[16:09:57] [61/458] ASSL
[16:09:58] [62/458] CMVB
[16:09:58] [63/458] VPUR
[16:09:59] [64/458] JJDA
[16:10:00] [65/458] INBL
[16:10:00] [66/458] BIKB
[16:10:01] [67/458] NTBB
[16:10:02] [68/458] GLOB
[16:10:03] [69/458] SNTB
[16:10:04] [70/458] CHGV
[16:10:04] 🔄 Identity reset
[16:10:04] 🔄 Identity rotated (every 10 requests)
[16:10:04] [71/458] SSBZ
[16:10:05] [72/458] PRDB
[16:10:06] [73/458] ISMT
[16:10:07] [74/458] MCSD
[16:10:07] [75/458] JBTT
[16:10:08] [76/458] GEKR
[16:10:09] [77/458] PVUN
[16:10:10] [78/458] NRTB
[16:10:10] [79/458] PRAA
[16:10:11] [80/458] PCBL
[16:10:12] 🔄 Identity reset
[16:10:12] 🔄 Identity rotated (every 10 requests)
[16:10:12] [81/458] PTCM
[16:10:13] [82/458] KHNN
[16:10:13] [83/458] OMJE
[16:10:14] [84/458] STGN
[16:10:15] [85/458] RPMS
[16:10:16] [86/458] NWAD
[16:10:17] [87/458] BLCK
[16:10:18] [88/458] SVAA
[16:10:18] [89/458] URVM
[16:10:19] [90/458] ANTM
[16:10:20] 🔄 Identity reset
[16:10:20] 🔄 Identity rotated (every 10 requests)
[16:10:20] [91/458] VJYM
[16:10:21] [92/458] MAZZ
[16:10:21] [93/458] CSHM
[16:10:22] [94/458] WGMH
[16:10:23] [95/458] SALN
[16:10:24] [96/458] BRTP
[16:10:25] [97/458] SVTA
[16:10:26] [98/458] SBTP
[16:10:26] [99/458] VLSS
[16:10:27] [100/458] SRJA
[16:10:28] 🔄 Identity reset
[16:10:28] 🔄 Identity rotated (every 10 requests)
[16:10:28] [101/458] ANCG
[16:10:29] [102/458] CGGC
[16:10:30] [103/458] CRJA
[16:10:30] [104/458] USCR
[16:10:31] [105/458] MMEF
[16:10:32] [106/458] JCRJ
[16:10:32] [107/458] ADCM
[16:10:33] [108/458] BMYK
[16:10:34] [109/458] KICS
[16:10:35] [110/458] MBBT
[16:10:35] 🔄 Identity reset
[16:10:35] 🔄 Identity rotated (every 10 requests)
[16:10:36] [111/458] MACK
[16:10:37] [112/458] CLDR
[16:10:37] [113/458] JYCR
[16:10:39] [114/458] DCRP
[16:10:40] [115/458] RAHT
[16:10:41] [116/458] CSSM
[16:10:42] [117/458] ATPK
[16:10:42] [118/458] KLRT
[16:10:43] [119/458] SRDD
[16:10:44] [120/458] CKMC
[16:10:45] 🔄 Identity reset
[16:10:45] 🔄 Identity rotated (every 10 requests)
[16:10:45] [121/458] KRVM
[16:10:46] [122/458] AKCP
[16:10:47] [123/458] CNCV
[16:10:48] [124/458] PACT
[16:10:49] [125/458] NATP
[16:10:50] [126/458] PCPK
[16:10:51] [127/458] SMHO
[16:10:52] [128/458] CWTK
[16:10:53] [129/458] RVKZ
[16:10:54] [130/458] ASPD
[16:10:54] 🔄 Identity reset
[16:10:54] 🔄 Identity rotated (every 10 requests)
[16:10:55] [131/458] VTKZ
[16:10:56] [132/458] LCSO
[16:10:56] [133/458] PRDY
[16:10:57] [134/458] RCAP
[16:10:58] [135/458] RGAR
[16:10:59] [136/458] RCAC
[16:11:00] [137/458] PMOD
[16:11:00] [138/458] PVCN
[16:11:01] [139/458] SCRZ
[16:11:02] [140/458] PVPC
[16:11:02] 🔄 Identity reset
[16:11:02] 🔄 Identity rotated (every 10 requests)
[16:11:02] [141/458] STID
[16:11:03] [142/458] NEDD
[16:11:04] [143/458] BNBA
[16:11:05] [144/458] NTCD
[16:11:07] [145/458] OCDE
[16:11:07] [146/458] CCDU
[16:11:09] [147/458] CRXH
[16:11:10] [148/458] VLVT
[16:11:10] [149/458] CICI
[16:11:11] [150/458] SUCB
[16:11:12] 🔄 Identity reset
[16:11:12] 🔄 Identity rotated (every 10 requests)
[16:11:12] [151/458] TCBP
[16:11:13] [152/458] SCCY
[16:11:13] [153/458] LXCY
[16:11:14] [154/458] NCMD
[16:11:15] [155/458] PHCS
[16:11:15] [156/458] DUXR
[16:11:16] [157/458] VNKS
[16:11:17] [158/458] SEDP
[16:11:17] [159/458] SVEN
[16:11:18] [160/458] SRKM
[16:11:19] 🔄 Identity reset
[16:11:19] 🔄 Identity rotated (every 10 requests)
[16:11:19] [161/458] JTLT
[16:11:20] [162/458] SVSS
[16:11:21] [163/458] AMDE
[16:11:22] [164/458] WVRN
[16:11:22] [165/458] ISMG
[16:11:23] [166/458] WVKS
[16:11:24] [167/458] USCG
[16:11:25] [168/458] IOTG
[16:11:26] [169/458] RRJM
[16:11:26] [170/458] EDMP
[16:11:27] 🔄 Identity reset
[16:11:27] 🔄 Identity rotated (every 10 requests)
[16:11:27] [171/458] SCGZ
[16:11:28] [172/458] GMGX
[16:11:28] [173/458] OMTP
[16:11:29] [174/458] MITD
[16:11:30] [175/458] SMMD
[16:11:32] [176/458] STML
[16:11:33] [177/458] MCFS
[16:11:33] [178/458] FPKA
[16:11:34] [179/458] OMLR
[16:11:35] [180/458] KKSC
[16:11:36] 🔄 Identity reset
[16:11:36] 🔄 Identity rotated (every 10 requests)
[16:11:36] [181/458] RVMA
[16:11:37] [182/458] SCLL
[16:11:38] [183/458] SCDK
[16:11:39] [184/458] SXMI
[16:11:39] [185/458] SHDN
[16:11:40] [186/458] PAAD
[16:11:41] [187/458] UUCB
[16:11:41] [188/458] JHOL
[16:11:42] [189/458] SGWT
[16:11:43] [190/458] SRII
[16:11:43] 🔄 Identity reset
[16:11:43] 🔄 Identity rotated (every 10 requests)
[16:11:44] [191/458] SGCK
[16:11:44] [192/458] SVVB
[16:11:45] [193/458] DMHA
[16:11:46] [194/458] PPNL
[16:11:47] [195/458] CPNL
[16:11:48] [196/458] WVLD
[16:11:49] [197/458] PSLV
[16:11:49] [198/458] VTTL
[16:11:50] [199/458] NPAD
[16:11:51] [200/458] PVCS
[16:11:52] 🔄 Identity reset
[16:11:52] 🔄 Identity rotated (every 10 requests)
[16:11:52] [201/458] MCHL
[16:11:53] [202/458] PPLL
[16:11:54] [203/458] MALO
[16:11:54] [204/458] SWBH
[16:11:56] [205/458] PUGB
[16:11:57] [206/458] INBB
[16:11:58] [207/458] INNS
[16:11:58] [208/458] MCPT
[16:12:00] [209/458] SCMI
[16:12:01] [210/458] OCON
[16:12:01] 🔄 Identity reset
[16:12:01] 🔄 Identity rotated (every 10 requests)
[16:12:02] [211/458] SCSM
[16:12:03] [212/458] RJVN
[16:12:04] [213/458] AMDK
[16:12:05] [214/458] ISMR
[16:12:06] [215/458] SMTD
[16:12:07] [216/458] VTDD
[16:12:07] [217/458] PDDZ
[16:12:08] [218/458] PCCK
[16:12:09] [219/458] INAM
[16:12:10] [220/458] FNKT
[16:12:10] 🔄 Identity reset
[16:12:10] 🔄 Identity rotated (every 10 requests)
[16:12:10] [221/458] GDKA
[16:12:11] [222/458] MAYU
[16:12:12] [223/458] TCGU
[16:12:13] [224/458] KDCA
[16:12:14] [225/458] DOMY
[16:12:16] [226/458] PDDD
[16:12:17] [227/458] BJTS
[16:12:18] [228/458] VTCA
[16:12:18] [229/458] SBTM
[16:12:19] [230/458] SEET
[16:12:20] 🔄 Identity reset
[16:12:20] 🔄 Identity rotated (every 10 requests)
[16:12:20] [231/458] SSTJ
[16:12:21] [232/458] SVNT
[16:12:22] [233/458] PPPR
[16:12:23] [234/458] PVYS
[16:12:23] [235/458] IOSE
[16:12:24] [236/458] ACTV
[16:12:25] [237/458] APVE
[16:12:26] [238/458] TCCL
[16:12:27] [239/458] SCMO
[16:12:27] [240/458] SAUM
[16:12:28] 🔄 Identity reset
[16:12:28] 🔄 Identity rotated (every 10 requests)
[16:12:28] [241/458] KCJS
[16:12:29] [242/458] NJCJ
[16:12:30] [243/458] NECF
[16:12:30] [244/458] CCGW
[16:12:31] [245/458] CCMG
[16:12:32] [246/458] NYRG
[16:12:33] [247/458] NCSQ
[16:12:34] [248/458] GRCG
[16:12:34] [249/458] CCBT
[16:12:35] [250/458] ACGA
[16:12:36] 🔄 Identity reset
[16:12:36] 🔄 Identity rotated (every 10 requests)
[16:12:36] [251/458] INAG
[16:12:37] [252/458] FUCG
[16:12:38] [253/458] AICF
[16:12:40] [254/458] GRGA
[16:12:41] [255/458] GDCN
[16:12:41] [256/458] RRCG
[16:12:42] [257/458] SDCH
[16:12:43] [258/458] WVJM
[16:12:44] [259/458] JCCZ
[16:12:45] [260/458] CNCL
[16:12:45] 🔄 Identity reset
[16:12:45] 🔄 Identity rotated (every 10 requests)
[16:12:45] [261/458] TMLV
[16:12:46] [262/458] MEMB
[16:12:47] [263/458] SGTD
[16:12:48] [264/458] CONX
[16:12:49] [265/458] CCMH
[16:12:49] [266/458] ACMC
[16:12:50] [267/458] DTPD
[16:12:52] [268/458] POJA
[16:12:53] [269/458] FNBH
[16:12:53] [270/458] CGCB
[16:12:54] 🔄 Identity reset
[16:12:54] 🔄 Identity rotated (every 10 requests)
[16:12:54] [271/458] RACN
[16:12:55] [272/458] JTSM
[16:12:56] [273/458] SCDN
[16:12:57] [274/458] AACK
[16:12:58] [275/458] RMCE
[16:13:00] [276/458] BSGB
[16:13:00] [277/458] MRCB
[16:13:01] [278/458] SRVR
[16:13:02] [279/458] VTKK
[16:13:03] [280/458] AMST
[16:13:04] 🔄 Identity reset
[16:13:04] 🔄 Identity rotated (every 10 requests)
[16:13:05] [281/458] APCY
[16:13:06] [282/458] LMHO
[16:13:07] [283/458] MTZH
[16:13:09] [284/458] AMZB
[16:13:10] [285/458] SUVT
[16:13:11] [286/458] RCIP
[16:13:12] [287/458] KESR
[16:13:13] [288/458] SNKC
[16:13:14] [289/458] SCED
[16:13:15] [290/458] DVCA
[16:13:15] 🔄 Identity reset
[16:13:15] 🔄 Identity rotated (every 10 requests)
[16:13:16] [291/458] VCDT
[16:13:17] [292/458] RRDI
[16:13:17] [293/458] DFCH
[16:13:18] [294/458] INSC
[16:13:19] [295/458] RGTR
[16:13:20] [296/458] FMOT
[16:13:21] [297/458] SCPM
[16:13:22] [298/458] GCDT
[16:13:23] [299/458] BRKT
[16:13:24] [300/458] DEMP
[16:13:24] 🔄 Identity reset
[16:13:24] 🔄 Identity rotated (every 10 requests)
[16:13:25] [301/458] SRLC
[16:13:25] [302/458] KSTT
[16:13:26] [303/458] SMMT
[16:13:27] [304/458] SILM
[16:13:27] [305/458] JCVM
[16:13:28] [306/458] KCSV
[16:13:29] [307/458] MHLK
[16:13:30] [308/458] SLVL
[16:13:31] [309/458] RJKP
[16:13:32] [310/458] BBPC
[16:13:32] 🔄 Identity reset
[16:13:32] 🔄 Identity rotated (every 10 requests)
[16:13:32] 🔄 Retry 1/5 for BBPC in 2.5s
[16:13:32] 🔄 Identity reset
[16:13:35] 🧠 New identity created
[16:13:35] [311/458] MXCB
[16:13:36] [312/458] TCPK
[16:13:37] [313/458] RTBR
[16:13:38] [314/458] GAUT
[16:13:39] [315/458] DVCF
[16:13:40] [316/458] JTSB
[16:13:41] [317/458] SBLS
[16:13:41] [318/458] UDAY
[16:13:43] [319/458] PTNP
[16:13:43] 🔄 Identity reset
[16:13:43] 🔄 Identity rotated (every 10 requests)
[16:13:44] [320/458] DMKT
[16:13:45] [321/458] NTDT
[16:13:46] [322/458] SHDJ
[16:13:47] [323/458] OTNC
[16:13:48] [324/458] RNTW
[16:13:48] [325/458] GCMI
[16:13:49] [326/458] CRCM
[16:13:50] [327/458] NNCZ
[16:13:51] [328/458] OEMO
[16:13:52] [329/458] PVJM
[16:13:52] 🔄 Identity reset
[16:13:52] 🔄 Identity rotated (every 10 requests)
[16:13:53] [330/458] CPJI
[16:13:53] [331/458] RMCJ
[16:13:54] [332/458] CNWJ
[16:13:54] [333/458] EPJM
[16:13:55] [334/458] FNJJ
[16:13:56] [335/458] GCMJ
[16:13:57] [336/458] INPS
[16:13:58] [337/458] BICJ
[16:13:58] [338/458] ISTJ
[16:13:59] [339/458] INJC
[16:14:00] 🔄 Identity reset
[16:14:00] 🔄 Identity rotated (every 10 requests)
[16:14:00] [340/458] GLXJ
[16:14:01] [341/458] INEM
[16:14:02] [342/458] JTMN
[16:14:02] [343/458] FRCJ
[16:14:03] [344/458] DDJP
[16:14:04] [345/458] INJV
[16:14:05] [346/458] GOLC
[16:14:06] [347/458] KOCI
[16:14:06] [348/458] FSTD
[16:14:07] [349/458] PACJ
[16:14:08] 🔄 Identity reset
[16:14:08] 🔄 Identity rotated (every 10 requests)
[16:14:08] [350/458] GMCN
[16:14:09] [351/458] MMDJ
[16:14:10] [352/458] GODH
[16:14:11] [353/458] SKYN
[16:14:11] [354/458] NCTH
[16:14:12] [355/458] SKVZ
[16:14:13] [356/458] SVML
[16:14:14] [357/458] ACVZ
[16:14:15] [358/458] SURA
[16:14:15] [359/458] RTRB
[16:14:16] 🔄 Identity reset
[16:14:16] 🔄 Identity rotated (every 10 requests)
[16:14:16] [360/458] LLCT
[16:14:17] [361/458] ATTS
[16:14:18] [362/458] JYCM
[16:14:19] [363/458] CTKR
[16:14:20] [364/458] LCKR
[16:14:21] [365/458] NYCV
[16:14:22] [366/458] NYOH
[16:14:23] [367/458] NOVX
[16:14:24] [368/458] MRGK
[16:14:24] [369/458] MOON
[16:14:25] 🔄 Identity reset
[16:14:25] 🔄 Identity rotated (every 10 requests)
[16:14:26] [370/458] SBUC
[16:14:26] [371/458] GSVA
[16:14:27] [372/458] VIAK
[16:14:29] [373/458] SMVZ
[16:14:29] [374/458] MATE
[16:14:30] [375/458] RDCN
[16:14:31] [376/458] ASBL
[16:14:32] [377/458] ASVS
[16:14:33] [378/458] ASSR
[16:14:35] [379/458] SSKN
[16:14:36] 🔄 Identity reset
[16:14:36] 🔄 Identity rotated (every 10 requests)
[16:14:36] [380/458] DRPV
[16:14:37] [381/458] MRHT
[16:14:37] [382/458] BSCN
[16:14:38] [383/458] RKNX
[16:14:39] [384/458] MSMC
[16:14:40] [385/458] MSCJ
[16:14:41] [386/458] BTBJ
[16:14:42] [387/458] MJCC
[16:14:43] [388/458] IOMM
[16:14:44] [389/458] ADGR
[16:14:44] 🔄 Identity reset
[16:14:44] 🔄 Identity rotated (every 10 requests)
[16:14:45] [390/458] MYCP
[16:14:45] [391/458] IGCM
[16:14:46] [392/458] PGRK
[16:14:47] [393/458] VPGO
[16:14:48] [394/458] KOMS
[16:14:49] [395/458] URGG
[16:14:49] [396/458] GOST
[16:14:50] [397/458] LACT
[16:14:51] [398/458] BWCM
[16:14:52] [399/458] NCCW
[16:14:53] 🔄 Identity reset
[16:14:53] 🔄 Identity rotated (every 10 requests)
[16:14:53] [400/458] SKYC
[16:14:54] [401/458] CCPM
[16:14:55] [402/458] VCBT
[16:14:56] [403/458] SDKR
[16:14:57] [404/458] CTYB
[16:14:58] [405/458] SHCX
[16:14:58] [406/458] RCUN
[16:14:59] [407/458] CNRA
[16:15:00] [408/458] RFCA
[16:15:01] [409/458] RDCU
[16:15:02] 🔄 Identity reset
[16:15:02] 🔄 Identity rotated (every 10 requests)
[16:15:02] [410/458] SARK
[16:15:03] [411/458] SPPP
[16:15:04] [412/458] ADMB
[16:15:05] [413/458] JYOE
[16:15:06] [414/458] SRMD
[16:15:06] [415/458] RJDH
[16:15:07] [416/458] SSTD
[16:15:08] [417/458] AACV
[16:15:09] [418/458] PPVD
[16:15:10] [419/458] STCP
[16:15:11] 🔄 Identity reset
[16:15:11] 🔄 Identity rotated (every 10 requests)
[16:15:11] [420/458] ANLS
[16:15:12] [421/458] BIJO
[16:15:13] [422/458] AVAB
[16:15:13] [423/458] SPMD
[16:15:14] [424/458] SVJL
[16:15:15] [425/458] SDDJ
[16:15:16] [426/458] SLTU
[16:15:17] [427/458] SAKA
[16:15:17] [428/458] PMAM
[16:15:18] [429/458] FNAM
[16:15:19] 🔄 Identity reset
[16:15:19] 🔄 Identity rotated (every 10 requests)
[16:15:19] [430/458] ACAM
[16:15:20] [431/458] SCMM
[16:15:21] [432/458] PMAK
[16:15:21] [433/458] NYSA
[16:15:22] [434/458] FCPA
[16:15:23] [435/458] GDAN
[16:15:24] [436/458] RSCA
[16:15:25] [437/458] DMAN
[16:15:26] [438/458] DZCM
[16:15:27] [439/458] NSGL
[16:15:27] 🔄 Identity reset
[16:15:27] 🔄 Identity rotated (every 10 requests)
[16:15:28] [440/458] CCPP
[16:15:29] [441/458] PSMG
[16:15:30] [442/458] GSER
[16:15:31] [443/458] FCCT
[16:15:32] [444/458] FCTB
[16:15:33] [445/458] LCNK
[16:15:33] [446/458] SKTY
[16:15:34] [447/458] INAA
[16:15:35] [448/458] RCWN
[16:15:36] [449/458] VAIS
[16:15:36] 🔄 Identity reset
[16:15:36] 🔄 Identity rotated (every 10 requests)
[16:15:36] [450/458] CVMN
[16:15:37] [451/458] INTS
[16:15:38] [452/458] FRGS
[16:15:39] [453/458] DTCK
[16:15:39] [454/458] MCMH
[16:15:40] [455/458] ECRR
[16:15:41] [456/458] RLLP
[16:15:42] [457/458] CCSN
[16:15:42] [458/458] CCBA
[16:15:43] 🧹 Deduping shows
[16:15:44] ✅ DONE | Shows=3121 | Movies=54
[20:05:36] 🚀 SCRIPT STARTED (enhanced anti‑detection)
[20:05:36] [1/458] MBDC
[20:05:37] 🧠 New identity created
[20:05:37] [2/458] CHKM
[20:05:38] [3/458] JTKZ
[20:05:39] [4/458] CMCT
[20:05:40] [5/458] ASHO
[20:05:41] [6/458] ECDG
[20:05:42] [7/458] SPAT
[20:05:43] [8/458] HILC
[20:05:44] [9/458] SPPH
[20:05:45] [10/458] SBHN
[20:05:45] 🔄 Identity reset
[20:05:45] 🔄 Identity rotated (every 10 requests)
[20:05:46] [11/458] RRCA
[20:05:47] [12/458] APAA
[20:05:47] [13/458] RAME
[20:05:48] [14/458] TMMS
[20:05:49] [15/458] BATK
[20:05:51] [16/458] LKOP
[20:05:52] [17/458] AMTT
[20:05:53] [18/458] PTGK
[20:05:54] [19/458] ANRS
[20:05:55] [20/458] VWBW
[20:05:55] 🔄 Identity reset
[20:05:55] 🔄 Identity rotated (every 10 requests)
[20:05:55] [21/458] SVFG
[20:05:56] [22/458] STAT
[20:05:57] [23/458] GDCV
[20:05:58] [24/458] VEBI
[20:05:59] [25/458] VDSS
[20:05:59] [26/458] NTHV
[20:06:00] [27/458] AOCH
[20:06:02] [28/458] KASR
[20:06:03] [29/458] AYCS
[20:06:04] [30/458] SHAI
[20:06:05] 🔄 Identity reset
[20:06:05] 🔄 Identity rotated (every 10 requests)
[20:06:05] 🔄 Retry 1/5 for SHAI in 2.1s
[20:06:05] 🔄 Identity reset
[20:06:07] 🧠 New identity created
[20:06:07] [31/458] SKPE
[20:06:08] [32/458] SBTA
[20:06:09] [33/458] RTTD
[20:06:10] [34/458] CCJD
[20:06:11] [35/458] RSJJ
[20:06:11] [36/458] RKND
[20:06:12] [37/458] SVTX
[20:06:13] [38/458] BAKM
[20:06:14] [39/458] SVDC
[20:06:14] 🔄 Identity reset
[20:06:14] 🔄 Identity rotated (every 10 requests)
[20:06:14] 🔄 Retry 1/5 for SVDC in 2.1s
[20:06:14] 🔄 Identity reset
[20:06:17] 🧠 New identity created
[20:06:17] 🔄 Retry 2/5 for SVDC in 4.3s
[20:06:17] 🔄 Identity reset
[20:06:21] 🧠 New identity created
[20:06:21] 🔄 Retry 3/5 for SVDC in 8.2s
[20:06:21] 🔄 Identity reset
[20:06:29] 🧠 New identity created
[20:06:29] [40/458] MNCV
[20:06:31] [41/458] SJGC
[20:06:32] [42/458] MTPK
[20:06:32] [43/458] GATP
[20:06:33] [44/458] ABTS
[20:06:34] [45/458] ABDE
[20:06:34] [46/458] RCNM
[20:06:35] 🔄 Identity reset
[20:06:35] 🔄 Identity rotated (every 10 requests)
[20:06:35] [47/458] KTHV
[20:06:36] [48/458] MDGJ
[20:06:37] [49/458] SMLM
[20:06:38] [50/458] JTMA
[20:06:39] [51/458] ACKP
[20:06:40] [52/458] SRTA
[20:06:41] [53/458] STAY
[20:06:41] [54/458] MAVO
[20:06:42] [55/458] APTS
[20:06:43] [56/458] OMEA
[20:06:44] 🔄 Identity reset
[20:06:44] 🔄 Identity rotated (every 10 requests)
[20:06:44] [57/458] TTFD
[20:06:46] [58/458] MJCU
[20:06:47] [59/458] CXTE
[20:06:47] [60/458] CTPX
[20:06:48] [61/458] ASSL
[20:06:49] [62/458] CMVB
[20:06:49] [63/458] VPUR
[20:06:50] [64/458] JJDA
[20:06:51] [65/458] INBL
[20:06:53] [66/458] BIKB
[20:06:53] 🔄 Identity reset
[20:06:53] 🔄 Identity rotated (every 10 requests)
[20:06:54] [67/458] NTBB
[20:06:54] [68/458] GLOB
[20:06:56] [69/458] SNTB
[20:06:57] [70/458] CHGV
[20:06:58] [71/458] SSBZ
[20:06:59] [72/458] PRDB
[20:07:00] [73/458] ISMT
[20:07:01] [74/458] MCSD
[20:07:01] [75/458] JBTT
[20:07:02] [76/458] GEKR
[20:07:03] 🔄 Identity reset
[20:07:03] 🔄 Identity rotated (every 10 requests)
[20:07:03] 🔄 Retry 1/5 for GEKR in 2.4s
[20:07:03] 🔄 Identity reset
[20:07:06] 🧠 New identity created
[20:07:06] [77/458] PVUN
[20:07:07] [78/458] NRTB
[20:07:07] [79/458] PRAA
[20:07:08] [80/458] PCBL
[20:07:09] [81/458] PTCM
[20:07:10] [82/458] KHNN
[20:07:12] [83/458] OMJE
[20:07:13] [84/458] STGN
[20:07:13] [85/458] RPMS
[20:07:14] 🔄 Identity reset
[20:07:14] 🔄 Identity rotated (every 10 requests)
[20:07:14] [86/458] NWAD
[20:07:15] [87/458] BLCK
[20:07:16] [88/458] SVAA
[20:07:17] [89/458] URVM
[20:07:17] [90/458] ANTM
[20:07:18] [91/458] VJYM
[20:07:19] [92/458] MAZZ
[20:07:19] [93/458] CSHM
[20:07:20] [94/458] WGMH
[20:07:21] [95/458] SALN
[20:07:22] 🔄 Identity reset
[20:07:22] 🔄 Identity rotated (every 10 requests)
[20:07:22] 🔄 Retry 1/5 for SALN in 2.3s
[20:07:22] 🔄 Identity reset
[20:07:24] 🧠 New identity created
[20:07:24] 🔄 Retry 2/5 for SALN in 4.9s
[20:07:24] 🔄 Identity reset
[20:07:29] 🧠 New identity created
[20:07:29] [96/458] BRTP
[20:07:30] [97/458] SVTA
[20:07:31] [98/458] SBTP
[20:07:32] [99/458] VLSS
[20:07:32] [100/458] SRJA
[20:07:33] [101/458] ANCG
[20:07:35] [102/458] CGGC
[20:07:35] [103/458] CRJA
[20:07:36] 🔄 Identity reset
[20:07:36] 🔄 Identity rotated (every 10 requests)
[20:07:36] [104/458] USCR
[20:07:37] [105/458] MMEF
[20:07:38] [106/458] JCRJ
[20:07:38] [107/458] ADCM
[20:07:40] [108/458] BMYK
[20:07:41] [109/458] KICS
[20:07:41] [110/458] MBBT
[20:07:42] [111/458] MACK
[20:07:43] [112/458] CLDR
[20:07:44] [113/458] JYCR
[20:07:44] 🔄 Identity reset
[20:07:44] 🔄 Identity rotated (every 10 requests)
[20:07:44] [114/458] DCRP
[20:07:45] [115/458] RAHT
[20:07:46] [116/458] CSSM
[20:07:47] [117/458] ATPK
[20:07:47] [118/458] KLRT
[20:07:48] [119/458] SRDD
[20:07:49] [120/458] CKMC
[20:07:50] [121/458] KRVM
[20:07:51] [122/458] AKCP
[20:07:51] [123/458] CNCV
[20:07:52] 🔄 Identity reset
[20:07:52] 🔄 Identity rotated (every 10 requests)
[20:07:52] [124/458] PACT
[20:07:53] [125/458] NATP
[20:07:54] [126/458] PCPK
[20:07:55] [127/458] SMHO
[20:07:56] [128/458] CWTK
[20:07:56] [129/458] RVKZ
[20:07:57] [130/458] ASPD
[20:07:58] [131/458] VTKZ
[20:07:59] [132/458] LCSO
[20:08:00] [133/458] PRDY
[20:08:01] 🔄 Identity reset
[20:08:01] 🔄 Identity rotated (every 10 requests)
[20:08:01] [134/458] RCAP
[20:08:02] [135/458] RGAR
[20:08:03] [136/458] RCAC
[20:08:03] [137/458] PMOD
[20:08:04] [138/458] PVCN
[20:08:05] [139/458] SCRZ
[20:08:06] [140/458] PVPC
[20:08:07] [141/458] STID
[20:08:08] [142/458] NEDD
[20:08:09] [143/458] BNBA
[20:08:09] 🔄 Identity reset
[20:08:10] 🔄 Identity rotated (every 10 requests)
[20:08:10] [144/458] NTCD
[20:08:11] [145/458] OCDE
[20:08:11] [146/458] CCDU
[20:08:12] [147/458] CRXH
[20:08:14] [148/458] VLVT
[20:08:15] [149/458] CICI
[20:08:15] [150/458] SUCB
[20:08:16] [151/458] TCBP
[20:08:17] [152/458] SCCY
[20:08:18] [153/458] LXCY
[20:08:19] 🔄 Identity reset
[20:08:19] 🔄 Identity rotated (every 10 requests)
[20:08:19] [154/458] NCMD
[20:08:20] [155/458] PHCS
[20:08:20] [156/458] DUXR
[20:08:21] [157/458] VNKS
[20:08:22] [158/458] SEDP
[20:08:23] [159/458] SVEN
[20:08:24] [160/458] SRKM
[20:08:25] [161/458] JTLT
[20:08:25] [162/458] SVSS
[20:08:26] [163/458] AMDE
[20:08:27] 🔄 Identity reset
[20:08:27] 🔄 Identity rotated (every 10 requests)
[20:08:27] [164/458] WVRN
[20:08:28] [165/458] ISMG
[20:08:29] [166/458] WVKS
[20:08:30] [167/458] USCG
[20:08:30] [168/458] IOTG
[20:08:31] [169/458] RRJM
[20:08:32] [170/458] EDMP
[20:08:33] [171/458] SCGZ
[20:08:34] [172/458] GMGX
[20:08:34] [173/458] OMTP
[20:08:35] 🔄 Identity reset
[20:08:35] 🔄 Identity rotated (every 10 requests)
[20:08:35] [174/458] MITD
[20:08:36] [175/458] SMMD
[20:08:37] [176/458] STML
[20:08:38] [177/458] MCFS
[20:08:39] [178/458] FPKA
[20:08:39] [179/458] OMLR
[20:08:40] [180/458] KKSC
[20:08:41] [181/458] RVMA
[20:08:43] [182/458] SCLL
[20:08:43] [183/458] SCDK
[20:08:44] 🔄 Identity reset
[20:08:44] 🔄 Identity rotated (every 10 requests)
[20:08:44] 🔄 Retry 1/5 for SCDK in 2.0s
[20:08:44] 🔄 Identity reset
[20:08:46] 🧠 New identity created
[20:08:46] [184/458] SXMI
[20:08:47] [185/458] SHDN
[20:08:48] [186/458] PAAD
[20:08:49] [187/458] UUCB
[20:08:50] [188/458] JHOL
[20:08:51] [189/458] SGWT
[20:08:52] [190/458] SRII
[20:08:53] [191/458] SGCK
[20:08:54] [192/458] SVVB
[20:08:54] 🔄 Identity reset
[20:08:54] 🔄 Identity rotated (every 10 requests)
[20:08:55] [193/458] DMHA
[20:08:55] [194/458] PPNL
[20:08:57] [195/458] CPNL
[20:08:58] [196/458] WVLD
[20:08:58] [197/458] PSLV
[20:08:59] [198/458] VTTL
[20:09:00] [199/458] NPAD
[20:09:01] [200/458] PVCS
[20:09:02] [201/458] MCHL
[20:09:04] [202/458] PPLL
[20:09:04] 🔄 Identity reset
[20:09:04] 🔄 Identity rotated (every 10 requests)
[20:09:04] [203/458] MALO
[20:09:05] [204/458] SWBH
[20:09:07] [205/458] PUGB
[20:09:08] [206/458] INBB
[20:09:09] [207/458] INNS
[20:09:10] [208/458] MCPT
[20:09:11] [209/458] SCMI
[20:09:11] [210/458] OCON
[20:09:12] [211/458] SCSM
[20:09:13] [212/458] RJVN
[20:09:13] 🔄 Identity reset
[20:09:13] 🔄 Identity rotated (every 10 requests)
[20:09:14] [213/458] AMDK
[20:09:14] [214/458] ISMR
[20:09:15] [215/458] SMTD
[20:09:16] [216/458] VTDD
[20:09:17] [217/458] PDDZ
[20:09:18] [218/458] PCCK
[20:09:19] [219/458] INAM
[20:09:20] [220/458] FNKT
[20:09:20] [221/458] GDKA
[20:09:21] [222/458] MAYU
[20:09:22] 🔄 Identity reset
[20:09:22] 🔄 Identity rotated (every 10 requests)
[20:09:22] 🔄 Retry 1/5 for MAYU in 2.2s
[20:09:22] 🔄 Identity reset
[20:09:24] 🧠 New identity created
[20:09:24] [223/458] TCGU
[20:09:25] [224/458] KDCA
[20:09:26] [225/458] DOMY
[20:09:26] [226/458] PDDD
[20:09:27] [227/458] BJTS
[20:09:28] [228/458] VTCA
[20:09:29] [229/458] SBTM
[20:09:30] [230/458] SEET
[20:09:31] [231/458] SSTJ
[20:09:32] 🔄 Identity reset
[20:09:32] 🔄 Identity rotated (every 10 requests)
[20:09:32] [232/458] SVNT
[20:09:33] [233/458] PPPR
[20:09:34] [234/458] PVYS
[20:09:34] [235/458] IOSE
[20:09:35] [236/458] ACTV
[20:09:36] [237/458] APVE
[20:09:37] [238/458] TCCL
[20:09:38] [239/458] SCMO
[20:09:38] [240/458] SAUM
[20:09:39] [241/458] KCJS
[20:09:40] 🔄 Identity reset
[20:09:40] 🔄 Identity rotated (every 10 requests)
[20:09:40] 🔄 Retry 1/5 for KCJS in 2.6s
[20:09:40] 🔄 Identity reset
[20:09:42] 🧠 New identity created
[20:09:43] [242/458] NJCJ
[20:09:43] [243/458] NECF
[20:09:44] [244/458] CCGW
[20:09:45] [245/458] CCMG
[20:09:46] [246/458] NYRG
[20:09:47] [247/458] NCSQ
[20:09:47] [248/458] GRCG
[20:09:48] [249/458] CCBT
[20:09:49] [250/458] ACGA
[20:09:50] 🔄 Identity reset
[20:09:50] 🔄 Identity rotated (every 10 requests)
[20:09:50] [251/458] INAG
[20:09:51] [252/458] FUCG
[20:09:51] [253/458] AICF
[20:09:52] [254/458] GRGA
[20:09:53] [255/458] GDCN
[20:09:54] [256/458] RRCG
[20:09:54] [257/458] SDCH
[20:09:55] [258/458] WVJM
[20:09:56] [259/458] JCCZ
[20:09:57] [260/458] CNCL
[20:09:58] 🔄 Identity reset
[20:09:58] 🔄 Identity rotated (every 10 requests)
[20:09:58] [261/458] TMLV
[20:09:59] [262/458] MEMB
[20:09:59] [263/458] SGTD
[20:10:00] [264/458] CONX
[20:10:01] [265/458] CCMH
[20:10:02] [266/458] ACMC
[20:10:03] [267/458] DTPD
[20:10:04] [268/458] POJA
[20:10:05] [269/458] FNBH
[20:10:05] [270/458] CGCB
[20:10:06] 🔄 Identity reset
[20:10:06] 🔄 Identity rotated (every 10 requests)
[20:10:06] 🔄 Retry 1/5 for CGCB in 2.8s
[20:10:06] 🔄 Identity reset
[20:10:09] 🧠 New identity created
[20:10:09] 🔄 Retry 2/5 for CGCB in 4.4s
[20:10:09] 🔄 Identity reset
[20:10:13] 🧠 New identity created
[20:10:13] [271/458] RACN
[20:10:14] [272/458] JTSM
[20:10:16] [273/458] SCDN
[20:10:17] [274/458] AACK
[20:10:18] [275/458] RMCE
[20:10:19] [276/458] BSGB
[20:10:20] [277/458] MRCB
[20:10:21] [278/458] SRVR
[20:10:21] 🔄 Identity reset
[20:10:21] 🔄 Identity rotated (every 10 requests)
[20:10:21] [279/458] VTKK
[20:10:22] [280/458] AMST
[20:10:23] [281/458] APCY
[20:10:24] [282/458] LMHO
[20:10:25] [283/458] MTZH
[20:10:25] [284/458] AMZB
[20:10:26] [285/458] SUVT
[20:10:27] [286/458] RCIP
[20:10:28] [287/458] KESR
[20:10:29] [288/458] SNKC
[20:10:30] 🔄 Identity reset
[20:10:30] 🔄 Identity rotated (every 10 requests)
[20:10:30] [289/458] SCED
[20:10:31] [290/458] DVCA
[20:10:31] [291/458] VCDT
[20:10:32] [292/458] RRDI
[20:10:33] [293/458] DFCH
[20:10:34] [294/458] INSC
[20:10:35] [295/458] RGTR
[20:10:36] [296/458] FMOT
[20:10:37] [297/458] SCPM
[20:10:37] [298/458] GCDT
[20:10:38] 🔄 Identity reset
[20:10:38] 🔄 Identity rotated (every 10 requests)
[20:10:38] [299/458] BRKT
[20:10:39] [300/458] DEMP
[20:10:40] [301/458] SRLC
[20:10:40] [302/458] KSTT
[20:10:41] [303/458] SMMT
[20:10:42] [304/458] SILM
[20:10:43] [305/458] JCVM
[20:10:43] [306/458] KCSV
[20:10:44] [307/458] MHLK
[20:10:45] [308/458] SLVL
[20:10:45] 🔄 Identity reset
[20:10:45] 🔄 Identity rotated (every 10 requests)
[20:10:45] [309/458] RJKP
[20:10:46] [310/458] BBPC
[20:10:47] [311/458] MXCB
[20:10:48] [312/458] TCPK
[20:10:49] [313/458] RTBR
[20:10:50] [314/458] GAUT
[20:10:51] [315/458] DVCF
[20:10:51] [316/458] JTSB
[20:10:52] [317/458] SBLS
[20:10:53] [318/458] UDAY
[20:10:53] 🔄 Identity reset
[20:10:53] 🔄 Identity rotated (every 10 requests)
[20:10:54] [319/458] PTNP
[20:10:54] [320/458] DMKT
[20:10:55] [321/458] NTDT
[20:10:56] [322/458] SHDJ
[20:10:57] [323/458] OTNC
[20:10:58] [324/458] RNTW
[20:10:59] [325/458] GCMI
[20:11:00] [326/458] CRCM
[20:11:01] [327/458] NNCZ
[20:11:01] [328/458] OEMO
[20:11:02] 🔄 Identity reset
[20:11:02] 🔄 Identity rotated (every 10 requests)
[20:11:02] [329/458] PVJM
[20:11:03] [330/458] CPJI
[20:11:04] [331/458] RMCJ
[20:11:05] [332/458] CNWJ
[20:11:06] [333/458] EPJM
[20:11:06] [334/458] FNJJ
[20:11:07] [335/458] GCMJ
[20:11:08] [336/458] INPS
[20:11:10] [337/458] BICJ
[20:11:11] [338/458] ISTJ
[20:11:12] 🔄 Identity reset
[20:11:12] 🔄 Identity rotated (every 10 requests)
[20:11:12] [339/458] INJC
[20:11:13] [340/458] GLXJ
[20:11:14] [341/458] INEM
[20:11:15] [342/458] JTMN
[20:11:16] [343/458] FRCJ
[20:11:17] [344/458] DDJP
[20:11:18] [345/458] INJV
[20:11:19] [346/458] GOLC
[20:11:20] [347/458] KOCI
[20:11:21] [348/458] FSTD
[20:11:21] 🔄 Identity reset
[20:11:21] 🔄 Identity rotated (every 10 requests)
[20:11:21] [349/458] PACJ
[20:11:22] [350/458] GMCN
[20:11:23] [351/458] MMDJ
[20:11:24] [352/458] GODH
[20:11:25] [353/458] SKYN
[20:11:25] [354/458] NCTH
[20:11:26] [355/458] SKVZ
[20:11:28] [356/458] SVML
[20:11:29] [357/458] ACVZ
[20:11:29] [358/458] SURA
[20:11:30] 🔄 Identity reset
[20:11:30] 🔄 Identity rotated (every 10 requests)
[20:11:30] [359/458] RTRB
[20:11:31] [360/458] LLCT
[20:11:31] [361/458] ATTS
[20:11:32] [362/458] JYCM
[20:11:33] [363/458] CTKR
[20:11:35] [364/458] LCKR
[20:11:36] [365/458] NYCV
[20:11:36] [366/458] NYOH
[20:11:37] [367/458] NOVX
[20:11:38] [368/458] MRGK
[20:11:38] 🔄 Identity reset
[20:11:39] 🔄 Identity rotated (every 10 requests)
[20:11:39] 🔄 Retry 1/5 for MRGK in 2.7s
[20:11:39] 🔄 Identity reset
[20:11:41] 🧠 New identity created
[20:11:41] [369/458] MOON
[20:11:42] [370/458] SBUC
[20:11:44] [371/458] GSVA
[20:11:45] [372/458] VIAK
[20:11:47] [373/458] SMVZ
[20:11:48] [374/458] MATE
[20:11:49] [375/458] RDCN
[20:11:50] [376/458] ASBL
[20:11:51] [377/458] ASVS
[20:11:51] 🔄 Identity reset
[20:11:51] 🔄 Identity rotated (every 10 requests)
[20:11:51] [378/458] ASSR
[20:11:52] [379/458] SSKN
[20:11:54] [380/458] DRPV
[20:11:55] [381/458] MRHT
[20:11:56] [382/458] BSCN
[20:11:56] [383/458] RKNX
[20:11:57] [384/458] MSMC
[20:11:58] [385/458] MSCJ
[20:11:59] [386/458] BTBJ
[20:11:59] [387/458] MJCC
[20:12:00] 🔄 Identity reset
[20:12:00] 🔄 Identity rotated (every 10 requests)
[20:12:01] [388/458] IOMM
[20:12:02] [389/458] ADGR
[20:12:02] [390/458] MYCP
[20:12:03] [391/458] IGCM
[20:12:04] [392/458] PGRK
[20:12:05] [393/458] VPGO
[20:12:05] [394/458] KOMS
[20:12:06] [395/458] URGG
[20:12:07] [396/458] GOST
[20:12:08] [397/458] LACT
[20:12:08] 🔄 Identity reset
[20:12:08] 🔄 Identity rotated (every 10 requests)
[20:12:09] [398/458] BWCM
[20:12:10] [399/458] NCCW
[20:12:10] [400/458] SKYC
[20:12:11] [401/458] CCPM
[20:12:12] [402/458] VCBT
[20:12:13] [403/458] SDKR
[20:12:14] [404/458] CTYB
[20:12:15] [405/458] SHCX
[20:12:15] [406/458] RCUN
[20:12:16] [407/458] CNRA
[20:12:17] 🔄 Identity reset
[20:12:17] 🔄 Identity rotated (every 10 requests)
[20:12:17] [408/458] RFCA
[20:12:18] [409/458] RDCU
[20:12:19] [410/458] SARK
[20:12:19] [411/458] SPPP
[20:12:20] [412/458] ADMB
[20:12:21] [413/458] JYOE
[20:12:22] [414/458] SRMD
[20:12:23] [415/458] RJDH
[20:12:25] [416/458] SSTD
[20:12:25] [417/458] AACV
[20:12:26] 🔄 Identity reset
[20:12:26] 🔄 Identity rotated (every 10 requests)
[20:12:26] [418/458] PPVD
[20:12:27] [419/458] STCP
[20:12:28] [420/458] ANLS
[20:12:29] [421/458] BIJO
[20:12:31] [422/458] AVAB
[20:12:31] [423/458] SPMD
[20:12:32] [424/458] SVJL
[20:12:33] [425/458] SDDJ
[20:12:34] [426/458] SLTU
[20:12:35] [427/458] SAKA
[20:12:35] 🔄 Identity reset
[20:12:35] 🔄 Identity rotated (every 10 requests)
[20:12:35] [428/458] PMAM
[20:12:36] [429/458] FNAM
[20:12:37] [430/458] ACAM
[20:12:38] [431/458] SCMM
[20:12:39] [432/458] PMAK
[20:12:39] [433/458] NYSA
[20:12:40] [434/458] FCPA
[20:12:41] [435/458] GDAN
[20:12:42] [436/458] RSCA
[20:12:42] [437/458] DMAN
[20:12:43] 🔄 Identity reset
[20:12:43] 🔄 Identity rotated (every 10 requests)
[20:12:43] [438/458] DZCM
[20:12:44] [439/458] NSGL
[20:12:45] [440/458] CCPP
[20:12:46] [441/458] PSMG
[20:12:46] [442/458] GSER
[20:12:47] [443/458] FCCT
[20:12:48] [444/458] FCTB
[20:12:49] [445/458] LCNK
[20:12:50] [446/458] SKTY
[20:12:50] [447/458] INAA
[20:12:51] 🔄 Identity reset
[20:12:51] 🔄 Identity rotated (every 10 requests)
[20:12:51] [448/458] RCWN
[20:12:52] [449/458] VAIS
[20:12:52] [450/458] CVMN
[20:12:53] [451/458] INTS
[20:12:54] [452/458] FRGS
[20:12:55] [453/458] DTCK
[20:12:56] [454/458] MCMH
[20:12:56] [455/458] ECRR
[20:12:57] [456/458] RLLP
[20:12:58] [457/458] CCSN
[20:12:58] 🔄 Identity reset
[20:12:58] 🔄 Identity rotated (every 10 requests)
[20:12:59] [458/458] CCBA
[20:13:00] 🧹 Deduping shows
[20:13:00] ✅ DONE | Shows=3208 | Movies=54
[08:54:26] 🚀 SCRIPT STARTED
[08:54:26] [1/458] MBDC
[08:54:26] 🧠 New identity created
[08:54:27] [2/458] CHKM
[08:54:28] [3/458] JTKZ
[08:54:29] [4/458] CMCT
[08:54:30] [5/458] ASHO
[08:54:31] [6/458] ECDG
[08:54:32] [7/458] SPAT
[08:54:33] [8/458] HILC
[08:54:34] [9/458] SPPH
[08:54:34] [10/458] SBHN
[08:54:34] 🔄 Identity reset
[08:54:34] 🔄 Identity rotated (every 10 requests)
[08:54:36] [11/458] RRCA
[08:54:37] [12/458] APAA
[08:54:38] [13/458] RAME
[08:54:39] [14/458] TMMS
[08:54:40] [15/458] BATK
[08:54:40] [16/458] LKOP
[08:54:42] [17/458] AMTT
[08:54:43] [18/458] PTGK
[08:54:44] [19/458] ANRS
[08:54:45] [20/458] VWBW
[08:54:45] 🔄 Identity reset
[08:54:45] 🔄 Identity rotated (every 10 requests)
[08:54:46] [21/458] SVFG
[08:54:47] [22/458] STAT
[08:54:48] [23/458] GDCV
[08:54:49] [24/458] VEBI
[08:54:50] [25/458] VDSS
[08:54:51] [26/458] NTHV
[08:54:52] [27/458] AOCH
[08:54:52] [28/458] KASR
[08:54:54] [29/458] AYCS
[08:54:55] [30/458] SHAI
[08:54:55] 🔄 Identity reset
[08:54:55] 🔄 Identity rotated (every 10 requests)
[08:54:56] [31/458] SKPE
[08:54:57] [32/458] SBTA
[08:54:58] [33/458] RTTD
[08:54:59] [34/458] CCJD
[08:55:00] [35/458] RSJJ
[08:55:00] [36/458] RKND
[08:55:01] [37/458] SVTX
[08:55:02] [38/458] BAKM
[08:55:03] [39/458] SVDC
[08:55:04] [40/458] MNCV
[08:55:04] 🔄 Identity reset
[08:55:04] 🔄 Identity rotated (every 10 requests)
[08:55:05] [41/458] SJGC
[08:55:06] [42/458] MTPK
[08:55:07] [43/458] GATP
[08:55:08] [44/458] ABTS
[08:55:09] [45/458] ABDE
[08:55:10] [46/458] RCNM
[08:55:11] [47/458] KTHV
[08:55:12] [48/458] MDGJ
[08:55:12] [49/458] SMLM
[08:55:13] [50/458] JTMA
[08:55:13] 🔄 Identity reset
[08:55:13] 🔄 Identity rotated (every 10 requests)
[08:55:14] [51/458] ACKP
[08:55:16] [52/458] SRTA
[08:55:17] [53/458] STAY
[08:55:18] [54/458] MAVO
[08:55:18] [55/458] APTS
[08:55:19] [56/458] OMEA
[08:55:21] [57/458] TTFD
[08:55:22] [58/458] MJCU
[08:55:23] [59/458] CXTE
[08:55:24] [60/458] CTPX
[08:55:24] 🔄 Identity reset
[08:55:24] 🔄 Identity rotated (every 10 requests)
[08:55:24] 🔄 Retry 1/5 for CTPX in 2.1s
[08:55:24] 🔄 Identity reset
[08:55:26] 🧠 New identity created
[08:55:27] [61/458] ASSL
[08:55:28] [62/458] CMVB
[08:55:29] [63/458] VPUR
[08:55:30] [64/458] JJDA
[08:55:31] [65/458] INBL
[08:55:31] [66/458] BIKB
[08:55:32] [67/458] NTBB
[08:55:33] [68/458] GLOB
[08:55:34] [69/458] SNTB
[08:55:34] 🔄 Identity reset
[08:55:34] 🔄 Identity rotated (every 10 requests)
[08:55:35] [70/458] CHGV
[08:55:36] [71/458] SSBZ
[08:55:37] [72/458] PRDB
[08:55:38] [73/458] ISMT
[08:55:39] [74/458] MCSD
[08:55:40] [75/458] JBTT
[08:55:41] [76/458] GEKR
[08:55:42] [77/458] PVUN
[08:55:43] [78/458] NRTB
[08:55:44] [79/458] PRAA
[08:55:44] 🔄 Identity reset
[08:55:44] 🔄 Identity rotated (every 10 requests)
[08:55:45] [80/458] PCBL
[08:55:46] [81/458] PTCM
[08:55:46] [82/458] KHNN
[08:55:47] [83/458] OMJE
[08:55:48] [84/458] STGN
[08:55:49] [85/458] RPMS
[08:55:50] [86/458] NWAD
[08:55:51] [87/458] BLCK
[08:55:52] [88/458] SVAA
[08:55:53] [89/458] URVM
[08:55:53] 🔄 Identity reset
[08:55:53] 🔄 Identity rotated (every 10 requests)
[08:55:54] [90/458] ANTM
[08:55:55] [91/458] VJYM
[08:55:56] [92/458] MAZZ
[08:55:57] [93/458] CSHM
[08:55:58] [94/458] WGMH
[08:55:59] [95/458] SALN
[08:56:00] [96/458] BRTP
[08:56:01] [97/458] SVTA
[08:56:02] [98/458] SBTP
[08:56:03] [99/458] VLSS
[08:56:03] 🔄 Identity reset
[08:56:03] 🔄 Identity rotated (every 10 requests)
[08:56:04] [100/458] SRJA
[08:56:04] [101/458] ANCG
[08:56:06] [102/458] CGGC
[08:56:07] [103/458] CRJA
[08:56:08] [104/458] USCR
[08:56:09] [105/458] MMEF
[08:56:10] [106/458] JCRJ
[08:56:11] [107/458] ADCM
[08:56:12] [108/458] BMYK
[08:56:13] [109/458] KICS
[08:56:13] 🔄 Identity reset
[08:56:13] 🔄 Identity rotated (every 10 requests)
[08:56:14] [110/458] MBBT
[08:56:15] [111/458] MACK
[08:56:16] [112/458] CLDR
[08:56:17] [113/458] JYCR
[08:56:18] [114/458] DCRP
[08:56:19] [115/458] RAHT
[08:56:20] [116/458] CSSM
[08:56:21] [117/458] ATPK
[08:56:22] [118/458] KLRT
[08:56:22] [119/458] SRDD
[08:56:22] 🔄 Identity reset
[08:56:22] 🔄 Identity rotated (every 10 requests)
[08:56:23] [120/458] CKMC
[08:56:24] [121/458] KRVM
[08:56:26] [122/458] AKCP
[08:56:27] [123/458] CNCV
[08:56:28] [124/458] PACT
[08:56:29] [125/458] NATP
[08:56:30] [126/458] PCPK
[08:56:30] [127/458] SMHO
[08:56:32] [128/458] CWTK
[08:56:32] [129/458] RVKZ
[08:56:32] 🔄 Identity reset
[08:56:32] 🔄 Identity rotated (every 10 requests)
[08:56:34] [130/458] ASPD
[08:56:35] [131/458] VTKZ
[08:56:36] [132/458] LCSO
[08:56:37] [133/458] PRDY
[08:56:38] [134/458] RCAP
[08:56:38] [135/458] RGAR
[08:56:40] [136/458] RCAC
[08:56:41] [137/458] PMOD
[08:56:42] [138/458] PVCN
[08:56:43] [139/458] SCRZ
[08:56:43] 🔄 Identity reset
[08:56:43] 🔄 Identity rotated (every 10 requests)
[08:56:44] [140/458] PVPC
[08:56:45] [141/458] STID
[08:56:45] [142/458] NEDD
[08:56:47] [143/458] BNBA
[08:56:48] [144/458] NTCD
[08:56:49] [145/458] OCDE
[08:56:50] [146/458] CCDU
[08:56:51] [147/458] CRXH
[08:56:52] [148/458] VLVT
[08:56:53] [149/458] CICI
[08:56:53] 🔄 Identity reset
[08:56:53] 🔄 Identity rotated (every 10 requests)
[08:56:54] [150/458] SUCB
[08:56:55] [151/458] TCBP
[08:56:55] [152/458] SCCY
[08:56:56] [153/458] LXCY
[08:56:57] [154/458] NCMD
[08:56:58] [155/458] PHCS
[08:56:59] [156/458] DUXR
[08:57:00] [157/458] VNKS
[08:57:01] [158/458] SEDP
[08:57:02] [159/458] SVEN
[08:57:02] 🔄 Identity reset
[08:57:02] 🔄 Identity rotated (every 10 requests)
[08:57:03] [160/458] SRKM
[08:57:03] [161/458] JTLT
[08:57:04] [162/458] SVSS
[08:57:05] [163/458] AMDE
[08:57:06] [164/458] WVRN
[08:57:07] [165/458] ISMG
[08:57:08] [166/458] WVKS
[08:57:09] [167/458] USCG
[08:57:10] [168/458] IOTG
[08:57:10] [169/458] RRJM
[08:57:10] 🔄 Identity reset
[08:57:10] 🔄 Identity rotated (every 10 requests)
[08:57:11] [170/458] EDMP
[08:57:12] [171/458] SCGZ
[08:57:13] [172/458] GMGX
[08:57:14] [173/458] OMTP
[08:57:15] [174/458] MITD
[08:57:16] [175/458] SMMD
[08:57:17] [176/458] STML
[08:57:17] [177/458] MCFS
[08:57:18] [178/458] FPKA
[08:57:19] [179/458] OMLR
[08:57:19] 🔄 Identity reset
[08:57:19] 🔄 Identity rotated (every 10 requests)
[08:57:20] [180/458] KKSC
[08:57:21] [181/458] RVMA
[08:57:22] [182/458] SCLL
[08:57:24] [183/458] SCDK
[08:57:25] [184/458] SXMI
[08:57:26] [185/458] SHDN
[08:57:27] [186/458] PAAD
[08:57:28] [187/458] UUCB
[08:57:29] [188/458] JHOL
[08:57:30] [189/458] SGWT
[08:57:30] 🔄 Identity reset
[08:57:30] 🔄 Identity rotated (every 10 requests)
[08:57:31] [190/458] SRII
[08:57:32] [191/458] SGCK
[08:57:33] [192/458] SVVB
[08:57:34] [193/458] DMHA
[08:57:34] [194/458] PPNL
[08:57:35] [195/458] CPNL
[08:57:36] [196/458] WVLD
[08:57:37] [197/458] PSLV
[08:57:38] [198/458] VTTL
[08:57:39] [199/458] NPAD
[08:57:39] 🔄 Identity reset
[08:57:39] 🔄 Identity rotated (every 10 requests)
[08:57:39] 🔄 Retry 1/5 for NPAD in 2.5s
[08:57:39] 🔄 Identity reset
[08:57:42] 🧠 New identity created
[08:57:43] [200/458] PVCS
[08:57:43] [201/458] MCHL
[08:57:44] [202/458] PPLL
[08:57:45] [203/458] MALO
[08:57:46] [204/458] SWBH
[08:57:47] [205/458] PUGB
[08:57:48] [206/458] INBB
[08:57:49] [207/458] INNS
[08:57:50] [208/458] MCPT
[08:57:50] 🔄 Identity reset
[08:57:50] 🔄 Identity rotated (every 10 requests)
[08:57:52] [209/458] SCMI
[08:57:52] [210/458] OCON
[08:57:54] [211/458] SCSM
[08:57:55] [212/458] RJVN
[08:57:57] [213/458] AMDK
[08:57:58] [214/458] ISMR
[08:57:59] [215/458] SMTD
[08:58:00] [216/458] VTDD
[08:58:01] [217/458] PDDZ
[08:58:01] [218/458] PCCK
[08:58:01] 🔄 Identity reset
[08:58:01] 🔄 Identity rotated (every 10 requests)
[08:58:01] 🔄 Retry 1/5 for PCCK in 2.1s
[08:58:01] 🔄 Identity reset
[08:58:04] 🧠 New identity created
[08:58:04] 🔄 Retry 2/5 for PCCK in 4.6s
[08:58:04] 🔄 Identity reset
[08:58:08] 🧠 New identity created
[08:58:09] [219/458] INAM
[08:58:10] [220/458] FNKT
[08:58:11] [221/458] GDKA
[08:58:12] [222/458] MAYU
[08:58:13] [223/458] TCGU
[08:58:14] [224/458] KDCA
[08:58:15] [225/458] DOMY
[08:58:16] [226/458] PDDD
[08:58:16] 🔄 Identity reset
[08:58:16] 🔄 Identity rotated (every 10 requests)
[08:58:17] [227/458] BJTS
[08:58:18] [228/458] VTCA
[08:58:19] [229/458] SBTM
[08:58:20] [230/458] SEET
[08:58:20] [231/458] SSTJ
[08:58:22] [232/458] SVNT
[08:58:23] [233/458] PPPR
[08:58:24] [234/458] PVYS
[08:58:25] [235/458] IOSE
[08:58:26] [236/458] ACTV
[08:58:26] 🔄 Identity reset
[08:58:26] 🔄 Identity rotated (every 10 requests)
[08:58:27] [237/458] APVE
[08:58:28] [238/458] TCCL
[08:58:29] [239/458] SCMO
[08:58:30] [240/458] SAUM
[08:58:30] [241/458] KCJS
[08:58:31] [242/458] NJCJ
[08:58:32] [243/458] NECF
[08:58:33] [244/458] CCGW
[08:58:34] [245/458] CCMG
[08:58:35] [246/458] NYRG
[08:58:35] 🔄 Identity reset
[08:58:36] 🔄 Identity rotated (every 10 requests)
[08:58:37] [247/458] NCSQ
[08:58:37] [248/458] GRCG
[08:58:38] [249/458] CCBT
[08:58:40] [250/458] ACGA
[08:58:41] [251/458] INAG
[08:58:42] [252/458] FUCG
[08:58:43] [253/458] AICF
[08:58:44] [254/458] GRGA
[08:58:45] [255/458] GDCN
[08:58:46] [256/458] RRCG
[08:58:46] 🔄 Identity reset
[08:58:46] 🔄 Identity rotated (every 10 requests)
[08:58:47] [257/458] SDCH
[08:58:47] [258/458] WVJM
[08:58:48] [259/458] JCCZ
[08:58:49] [260/458] CNCL
[08:58:50] [261/458] TMLV
[08:58:51] [262/458] MEMB
[08:58:52] [263/458] SGTD
[08:58:53] [264/458] CONX
[08:58:54] [265/458] CCMH
[08:58:55] [266/458] ACMC
[08:58:55] 🔄 Identity reset
[08:58:55] 🔄 Identity rotated (every 10 requests)
[08:58:56] [267/458] DTPD
[08:58:57] [268/458] POJA
[08:58:58] [269/458] FNBH
[08:58:59] [270/458] CGCB
[08:59:00] [271/458] RACN
[08:59:01] [272/458] JTSM
[08:59:02] [273/458] SCDN
[08:59:03] [274/458] AACK
[08:59:04] [275/458] RMCE
[08:59:05] [276/458] BSGB
[08:59:05] 🔄 Identity reset
[08:59:05] 🔄 Identity rotated (every 10 requests)
[08:59:06] [277/458] MRCB
[08:59:07] [278/458] SRVR
[08:59:08] [279/458] VTKK
[08:59:09] [280/458] AMST
[08:59:10] [281/458] APCY
[08:59:10] [282/458] LMHO
[08:59:11] [283/458] MTZH
[08:59:13] [284/458] AMZB
[08:59:14] [285/458] SUVT
[08:59:14] [286/458] RCIP
[08:59:14] 🔄 Identity reset
[08:59:15] 🔄 Identity rotated (every 10 requests)
[08:59:16] [287/458] KESR
[08:59:16] [288/458] SNKC
[08:59:17] [289/458] SCED
[08:59:18] [290/458] DVCA
[08:59:19] [291/458] VCDT
[08:59:20] [292/458] RRDI
[08:59:21] [293/458] DFCH
[08:59:21] [294/458] INSC
[08:59:22] [295/458] RGTR
[08:59:23] [296/458] FMOT
[08:59:23] 🔄 Identity reset
[08:59:23] 🔄 Identity rotated (every 10 requests)
[08:59:23] 🔄 Retry 1/5 for FMOT in 2.5s
[08:59:23] 🔄 Identity reset
[08:59:26] 🧠 New identity created
[08:59:27] [297/458] SCPM
[08:59:28] [298/458] GCDT
[08:59:29] [299/458] BRKT
[08:59:29] [300/458] DEMP
[08:59:30] [301/458] SRLC
[08:59:31] [302/458] KSTT
[08:59:33] [303/458] SMMT
[08:59:34] [304/458] SILM
[08:59:35] [305/458] JCVM
[08:59:35] 🔄 Identity reset
[08:59:35] 🔄 Identity rotated (every 10 requests)
[08:59:35] 🔄 Retry 1/5 for JCVM in 2.8s
[08:59:35] 🔄 Identity reset
[08:59:38] 🧠 New identity created
[08:59:39] [306/458] KCSV
[08:59:40] [307/458] MHLK
[08:59:41] [308/458] SLVL
[08:59:42] [309/458] RJKP
[08:59:42] [310/458] BBPC
[08:59:43] [311/458] MXCB
[08:59:44] [312/458] TCPK
[08:59:45] [313/458] RTBR
[08:59:46] [314/458] GAUT
[08:59:46] 🔄 Identity reset
[08:59:46] 🔄 Identity rotated (every 10 requests)
[08:59:47] [315/458] DVCF
[08:59:48] [316/458] JTSB
[08:59:49] [317/458] SBLS
[08:59:50] [318/458] UDAY
[08:59:51] [319/458] PTNP
[08:59:51] [320/458] DMKT
[08:59:52] [321/458] NTDT
[08:59:53] [322/458] SHDJ
[08:59:54] [323/458] OTNC
[08:59:55] [324/458] RNTW
[08:59:55] 🔄 Identity reset
[08:59:55] 🔄 Identity rotated (every 10 requests)
[08:59:56] [325/458] GCMI
[08:59:58] [326/458] CRCM
[08:59:59] [327/458] NNCZ
[08:59:59] [328/458] OEMO
[09:00:00] [329/458] PVJM
[09:00:01] [330/458] CPJI
[09:00:02] [331/458] RMCJ
[09:00:03] [332/458] CNWJ
[09:00:04] [333/458] EPJM
[09:00:05] [334/458] FNJJ
[09:00:05] 🔄 Identity reset
[09:00:05] 🔄 Identity rotated (every 10 requests)
[09:00:06] [335/458] GCMJ
[09:00:07] [336/458] INPS
[09:00:08] [337/458] BICJ
[09:00:09] [338/458] ISTJ
[09:00:10] [339/458] INJC
[09:00:11] [340/458] GLXJ
[09:00:12] [341/458] INEM
[09:00:12] [342/458] JTMN
[09:00:13] [343/458] FRCJ
[09:00:14] [344/458] DDJP
[09:00:14] 🔄 Identity reset
[09:00:14] 🔄 Identity rotated (every 10 requests)
[09:00:15] [345/458] INJV
[09:00:16] [346/458] GOLC
[09:00:17] [347/458] KOCI
[09:00:18] [348/458] FSTD
[09:00:19] [349/458] PACJ
[09:00:20] [350/458] GMCN
[09:00:21] [351/458] MMDJ
[09:00:22] [352/458] GODH
[09:00:23] [353/458] SKYN
[09:00:24] [354/458] NCTH
[09:00:24] 🔄 Identity reset
[09:00:24] 🔄 Identity rotated (every 10 requests)
[09:00:25] [355/458] SKVZ
[09:00:26] [356/458] SVML
[09:00:27] [357/458] ACVZ
[09:00:28] [358/458] SURA
[09:00:29] [359/458] RTRB
[09:00:30] [360/458] LLCT
[09:00:30] [361/458] ATTS
[09:00:31] [362/458] JYCM
[09:00:32] [363/458] CTKR
[09:00:33] [364/458] LCKR
[09:00:33] 🔄 Identity reset
[09:00:33] 🔄 Identity rotated (every 10 requests)
[09:00:34] [365/458] NYCV
[09:00:35] [366/458] NYOH
[09:00:36] [367/458] NOVX
[09:00:37] [368/458] MRGK
[09:00:38] [369/458] MOON
[09:00:39] [370/458] SBUC
[09:00:40] [371/458] GSVA
[09:00:41] [372/458] VIAK
[09:00:42] [373/458] SMVZ
[09:00:43] [374/458] MATE
[09:00:43] 🔄 Identity reset
[09:00:43] 🔄 Identity rotated (every 10 requests)
[09:00:44] [375/458] RDCN
[09:00:45] [376/458] ASBL
[09:00:46] [377/458] ASVS
[09:00:46] [378/458] ASSR
[09:00:47] [379/458] SSKN
[09:00:48] [380/458] DRPV
[09:00:49] [381/458] MRHT
[09:00:50] [382/458] BSCN
[09:00:51] [383/458] RKNX
[09:00:51] [384/458] MSMC
[09:00:51] 🔄 Identity reset
[09:00:51] 🔄 Identity rotated (every 10 requests)
[09:00:52] [385/458] MSCJ
[09:00:53] [386/458] BTBJ
[09:00:54] [387/458] MJCC
[09:00:55] [388/458] IOMM
[09:00:56] [389/458] ADGR
[09:00:57] [390/458] MYCP
[09:00:58] [391/458] IGCM
[09:00:59] [392/458] PGRK
[09:01:01] [393/458] VPGO
[09:01:01] [394/458] KOMS
[09:01:01] 🔄 Identity reset
[09:01:01] 🔄 Identity rotated (every 10 requests)
[09:01:02] [395/458] URGG
[09:01:03] [396/458] GOST
[09:01:04] [397/458] LACT
[09:01:05] [398/458] BWCM
[09:01:07] [399/458] NCCW
[09:01:08] [400/458] SKYC
[09:01:09] [401/458] CCPM
[09:01:09] [402/458] VCBT
[09:01:10] [403/458] SDKR
[09:01:11] [404/458] CTYB
[09:01:11] 🔄 Identity reset
[09:01:11] 🔄 Identity rotated (every 10 requests)
[09:01:12] [405/458] SHCX
[09:01:13] [406/458] RCUN
[09:01:14] [407/458] CNRA
[09:01:16] [408/458] RFCA
[09:01:17] [409/458] RDCU
[09:01:18] [410/458] SARK
[09:01:19] [411/458] SPPP
[09:01:19] [412/458] ADMB
[09:01:20] [413/458] JYOE
[09:01:21] [414/458] SRMD
[09:01:21] 🔄 Identity reset
[09:01:21] 🔄 Identity rotated (every 10 requests)
[09:01:22] [415/458] RJDH
[09:01:23] [416/458] SSTD
[09:01:24] [417/458] AACV
[09:01:25] [418/458] PPVD
[09:01:26] [419/458] STCP
[09:01:27] [420/458] ANLS
[09:01:29] [421/458] BIJO
[09:01:29] [422/458] AVAB
[09:01:30] [423/458] SPMD
[09:01:31] [424/458] SVJL
[09:01:31] 🔄 Identity reset
[09:01:31] 🔄 Identity rotated (every 10 requests)
[09:01:33] [425/458] SDDJ
[09:01:34] [426/458] SLTU
[09:01:35] [427/458] SAKA
[09:01:36] [428/458] PMAM
[09:01:37] [429/458] FNAM
[09:01:38] [430/458] ACAM
[09:01:39] [431/458] SCMM
[09:01:39] [432/458] PMAK
[09:01:40] [433/458] NYSA
[09:01:41] [434/458] FCPA
[09:01:41] 🔄 Identity reset
[09:01:41] 🔄 Identity rotated (every 10 requests)
[09:01:42] [435/458] GDAN
[09:01:43] [436/458] RSCA
[09:01:44] [437/458] DMAN
[09:01:45] [438/458] DZCM
[09:01:45] [439/458] NSGL
[09:01:46] [440/458] CCPP
[09:01:47] [441/458] PSMG
[09:01:48] [442/458] GSER
[09:01:48] [443/458] FCCT
[09:01:49] [444/458] FCTB
[09:01:49] 🔄 Identity reset
[09:01:49] 🔄 Identity rotated (every 10 requests)
[09:01:50] [445/458] LCNK
[09:01:51] [446/458] SKTY
[09:01:53] [447/458] INAA
[09:01:53] [448/458] RCWN
[09:01:54] [449/458] VAIS
[09:01:55] [450/458] CVMN
[09:01:56] [451/458] INTS
[09:01:57] [452/458] FRGS
[09:01:58] [453/458] DTCK
[09:01:59] [454/458] MCMH
[09:01:59] 🔄 Identity reset
[09:01:59] 🔄 Identity rotated (every 10 requests)
[09:01:59] [455/458] ECRR
[09:02:01] [456/458] RLLP
[09:02:02] [457/458] CCSN
[09:02:02] [458/458] CCBA
[09:02:03] 🧹 Deduping shows
[09:02:03] ✅ DONE | Shows=3249 | Movies=55
[10:33:34] 🚀 SCRIPT STARTED
[10:33:34] [1/458] MBDC
[10:33:34] 🧠 New identity created
[10:33:35] [2/458] CHKM
[10:33:36] [3/458] JTKZ
[10:33:37] [4/458] CMCT
[10:33:38] [5/458] ASHO
[10:33:39] [6/458] ECDG
[10:33:40] [7/458] SPAT
[10:33:41] [8/458] HILC
[10:33:42] [9/458] SPPH
[10:33:43] [10/458] SBHN
[10:33:43] 🔄 Identity reset
[10:33:43] 🔄 Identity rotated (every 10 requests)
[10:33:43] 🔄 Retry 1/5 for SBHN in 2.9s
[10:33:43] 🔄 Identity reset
[10:33:46] 🧠 New identity created
[10:33:47] [11/458] RRCA
[10:33:48] [12/458] APAA
[10:33:49] [13/458] RAME
[10:33:50] [14/458] TMMS
[10:33:51] [15/458] BATK
[10:33:52] [16/458] LKOP
[10:33:53] [17/458] AMTT
[10:33:54] [18/458] PTGK
[10:33:55] [19/458] ANRS
[10:33:55] 🔄 Identity reset
[10:33:55] 🔄 Identity rotated (every 10 requests)
[10:33:56] [20/458] VWBW
[10:33:57] [21/458] SVFG
[10:33:58] [22/458] STAT
[10:33:59] [23/458] GDCV
[10:34:00] [24/458] VEBI
[10:34:01] [25/458] VDSS
[10:34:02] [26/458] NTHV
[10:34:03] [27/458] AOCH
[10:34:04] [28/458] KASR
[10:34:05] [29/458] AYCS
[10:34:05] 🔄 Identity reset
[10:34:05] 🔄 Identity rotated (every 10 requests)
[10:34:06] [30/458] SHAI
[10:34:07] [31/458] SKPE
[10:34:08] [32/458] SBTA
[10:34:10] [33/458] RTTD
[10:34:11] [34/458] CCJD
[10:34:12] [35/458] RSJJ
[10:34:13] [36/458] RKND
[10:34:14] [37/458] SVTX
[10:34:15] [38/458] BAKM
[10:34:16] [39/458] SVDC
[10:34:16] 🔄 Identity reset
[10:34:16] 🔄 Identity rotated (every 10 requests)
[10:34:17] [40/458] MNCV
[10:34:18] [41/458] SJGC
[10:34:19] [42/458] MTPK
[10:34:20] [43/458] GATP
[10:34:21] [44/458] ABTS
[10:34:22] [45/458] ABDE
[10:34:23] [46/458] RCNM
[10:34:24] [47/458] KTHV
[10:34:25] [48/458] MDGJ
[10:34:26] [49/458] SMLM
[10:34:26] 🔄 Identity reset
[10:34:26] 🔄 Identity rotated (every 10 requests)
[10:34:27] [50/458] JTMA
[10:34:28] [51/458] ACKP
[10:34:30] [52/458] SRTA
[10:34:32] [53/458] STAY
[10:34:32] [54/458] MAVO
[10:34:33] [55/458] APTS
[10:34:34] [56/458] OMEA
[10:34:36] [57/458] TTFD
[10:34:37] [58/458] MJCU
[10:34:38] [59/458] CXTE
[10:34:38] 🔄 Identity reset
[10:34:38] 🔄 Identity rotated (every 10 requests)
[10:34:39] [60/458] CTPX
[10:34:40] [61/458] ASSL
[10:34:41] [62/458] CMVB
[10:34:42] [63/458] VPUR
[10:34:43] [64/458] JJDA
[10:34:44] [65/458] INBL
[10:34:45] [66/458] BIKB
[10:34:47] [67/458] NTBB
[10:34:48] [68/458] GLOB
[10:34:49] [69/458] SNTB
[10:34:49] 🔄 Identity reset
[10:34:49] 🔄 Identity rotated (every 10 requests)
[10:34:49] 🔄 Retry 1/5 for SNTB in 2.2s
[10:34:49] 🔄 Identity reset
[10:34:51] 🧠 New identity created
[10:34:52] [70/458] CHGV
[10:34:53] [71/458] SSBZ
[10:34:54] [72/458] PRDB
[10:34:55] [73/458] ISMT
[10:34:56] [74/458] MCSD
[10:34:57] [75/458] JBTT
[10:34:58] [76/458] GEKR
[10:34:59] [77/458] PVUN
[10:35:00] [78/458] NRTB
[10:35:00] 🔄 Identity reset
[10:35:00] 🔄 Identity rotated (every 10 requests)
[10:35:01] [79/458] PRAA
[10:35:02] [80/458] PCBL
[10:35:03] [81/458] PTCM
[10:35:04] [82/458] KHNN
[10:35:04] [83/458] OMJE
[10:35:06] [84/458] STGN
[10:35:08] [85/458] RPMS
[10:35:09] [86/458] NWAD
[10:35:10] [87/458] BLCK
[10:35:11] [88/458] SVAA
[10:35:11] 🔄 Identity reset
[10:35:11] 🔄 Identity rotated (every 10 requests)
[10:35:11] 🔄 Retry 1/5 for SVAA in 2.4s
[10:35:11] 🔄 Identity reset
[10:35:13] 🧠 New identity created
[10:35:13] 🔄 Retry 2/5 for SVAA in 4.1s
[10:35:13] 🔄 Identity reset
[10:35:17] 🧠 New identity created
[10:35:18] [89/458] URVM
[10:35:20] [90/458] ANTM
[10:35:20] [91/458] VJYM
[10:35:21] [92/458] MAZZ
[10:35:23] [93/458] CSHM
[10:35:24] [94/458] WGMH
[10:35:25] [95/458] SALN
[10:35:27] [96/458] BRTP
[10:35:27] 🔄 Identity reset
[10:35:27] 🔄 Identity rotated (every 10 requests)
[10:35:28] [97/458] SVTA
[10:35:29] [98/458] SBTP
[10:35:30] [99/458] VLSS
[10:35:31] [100/458] SRJA
[10:35:33] [101/458] ANCG
[10:35:34] [102/458] CGGC
[10:35:35] [103/458] CRJA
[10:35:36] [104/458] USCR
[10:35:37] [105/458] MMEF
[10:35:38] [106/458] JCRJ
[10:35:38] 🔄 Identity reset
[10:35:38] 🔄 Identity rotated (every 10 requests)
[10:35:39] [107/458] ADCM
[10:35:40] [108/458] BMYK
[10:35:40] [109/458] KICS
[10:35:41] [110/458] MBBT
[10:35:42] [111/458] MACK
[10:35:43] [112/458] CLDR
[10:35:44] [113/458] JYCR
[10:35:45] [114/458] DCRP
[10:35:46] [115/458] RAHT
[10:35:47] [116/458] CSSM
[10:35:47] 🔄 Identity reset
[10:35:47] 🔄 Identity rotated (every 10 requests)
[10:35:47] 🔄 Retry 1/5 for CSSM in 2.8s
[10:35:47] 🔄 Identity reset
[10:35:50] 🧠 New identity created
[10:35:52] [117/458] ATPK
[10:35:53] [118/458] KLRT
[10:35:54] [119/458] SRDD
[10:35:55] [120/458] CKMC
[10:35:56] [121/458] KRVM
[10:35:57] [122/458] AKCP
[10:35:58] [123/458] CNCV
[10:35:59] [124/458] PACT
[10:36:00] [125/458] NATP
[10:36:00] 🔄 Identity reset
[10:36:00] 🔄 Identity rotated (every 10 requests)
[10:36:01] [126/458] PCPK
[10:36:02] [127/458] SMHO
[10:36:03] [128/458] CWTK
[10:36:04] [129/458] RVKZ
[10:36:05] [130/458] ASPD
[10:36:06] [131/458] VTKZ
[10:36:07] [132/458] LCSO
[10:36:08] [133/458] PRDY
[10:36:09] [134/458] RCAP
[10:36:10] [135/458] RGAR
[10:36:10] 🔄 Identity reset
[10:36:10] 🔄 Identity rotated (every 10 requests)
[10:36:12] [136/458] RCAC
[10:36:12] [137/458] PMOD
[10:36:13] [138/458] PVCN
[10:36:14] [139/458] SCRZ
[10:36:15] [140/458] PVPC
[10:36:16] [141/458] STID
[10:36:17] [142/458] NEDD
[10:36:18] [143/458] BNBA
[10:36:19] [144/458] NTCD
[10:36:21] [145/458] OCDE
[10:36:21] 🔄 Identity reset
[10:36:21] 🔄 Identity rotated (every 10 requests)
[10:36:22] [146/458] CCDU
[10:36:24] [147/458] CRXH
[10:36:25] [148/458] VLVT
[10:36:26] [149/458] CICI
[10:36:27] [150/458] SUCB
[10:36:28] [151/458] TCBP
[10:36:28] [152/458] SCCY
[10:36:29] [153/458] LXCY
[10:36:30] [154/458] NCMD
[10:36:31] [155/458] PHCS
[10:36:31] 🔄 Identity reset
[10:36:31] 🔄 Identity rotated (every 10 requests)
[10:36:32] [156/458] DUXR
[10:36:33] [157/458] VNKS
[10:36:35] [158/458] SEDP
[10:36:35] [159/458] SVEN
[10:36:36] [160/458] SRKM
[10:36:37] [161/458] JTLT
[10:36:38] [162/458] SVSS
[10:36:39] [163/458] AMDE
[10:36:40] [164/458] WVRN
[10:36:41] [165/458] ISMG
[10:36:41] 🔄 Identity reset
[10:36:41] 🔄 Identity rotated (every 10 requests)
[10:36:42] [166/458] WVKS
[10:36:44] [167/458] USCG
[10:36:45] [168/458] IOTG
[10:36:46] [169/458] RRJM
[10:36:47] [170/458] EDMP
[10:36:48] [171/458] SCGZ
[10:36:49] [172/458] GMGX
[10:36:50] [173/458] OMTP
[10:36:51] [174/458] MITD
[10:36:52] [175/458] SMMD
[10:36:52] 🔄 Identity reset
[10:36:52] 🔄 Identity rotated (every 10 requests)
[10:36:53] [176/458] STML
[10:36:55] [177/458] MCFS
[10:36:56] [178/458] FPKA
[10:36:57] [179/458] OMLR
[10:36:57] [180/458] KKSC
[10:36:58] [181/458] RVMA
[10:36:59] [182/458] SCLL
[10:37:00] [183/458] SCDK
[10:37:02] [184/458] SXMI
[10:37:03] [185/458] SHDN
[10:37:03] 🔄 Identity reset
[10:37:03] 🔄 Identity rotated (every 10 requests)
[10:37:04] [186/458] PAAD
[10:37:05] [187/458] UUCB
[10:37:06] [188/458] JHOL
[10:37:07] [189/458] SGWT
[10:37:08] [190/458] SRII
[10:37:09] [191/458] SGCK
[10:37:10] [192/458] SVVB
[10:37:12] [193/458] DMHA
[10:37:13] [194/458] PPNL
[10:37:14] [195/458] CPNL
[10:37:14] 🔄 Identity reset
[10:37:14] 🔄 Identity rotated (every 10 requests)
[10:37:14] 🔄 Retry 1/5 for CPNL in 2.0s
[10:37:14] 🔄 Identity reset
[10:37:16] 🧠 New identity created
[10:37:17] [196/458] WVLD
[10:37:18] [197/458] PSLV
[10:37:19] [198/458] VTTL
[10:37:20] [199/458] NPAD
[10:37:21] [200/458] PVCS
[10:37:22] [201/458] MCHL
[10:37:23] [202/458] PPLL
[10:37:24] [203/458] MALO
[10:37:25] [204/458] SWBH
[10:37:25] 🔄 Identity reset
[10:37:25] 🔄 Identity rotated (every 10 requests)
[10:37:25] 🔄 Retry 1/5 for SWBH in 2.5s
[10:37:25] 🔄 Identity reset
[10:37:28] 🧠 New identity created
[10:37:28] 🔄 Retry 2/5 for SWBH in 4.6s
[10:37:28] 🔄 Identity reset
[10:37:33] 🧠 New identity created
[10:37:33] [205/458] PUGB
[10:37:35] [206/458] INBB
[10:37:36] [207/458] INNS
[10:37:37] [208/458] MCPT
[10:37:38] [209/458] SCMI
[10:37:40] [210/458] OCON
[10:37:41] [211/458] SCSM
[10:37:42] [212/458] RJVN
[10:37:42] 🔄 Identity reset
[10:37:42] 🔄 Identity rotated (every 10 requests)
[10:37:43] [213/458] AMDK
[10:37:44] [214/458] ISMR
[10:37:44] [215/458] SMTD
[10:37:45] [216/458] VTDD
[10:37:46] [217/458] PDDZ
[10:37:47] [218/458] PCCK
[10:37:48] [219/458] INAM
[10:37:49] [220/458] FNKT
[10:37:50] [221/458] GDKA
[10:37:51] [222/458] MAYU
[10:37:51] 🔄 Identity reset
[10:37:51] 🔄 Identity rotated (every 10 requests)
[10:37:52] [223/458] TCGU
[10:37:53] [224/458] KDCA
[10:37:54] [225/458] DOMY
[10:37:55] [226/458] PDDD
[10:37:56] [227/458] BJTS
[10:37:57] [228/458] VTCA
[10:37:58] [229/458] SBTM
[10:37:59] [230/458] SEET
[10:38:00] [231/458] SSTJ
[10:38:00] [232/458] SVNT
[10:38:00] 🔄 Identity reset
[10:38:01] 🔄 Identity rotated (every 10 requests)
[10:38:02] [233/458] PPPR
[10:38:02] [234/458] PVYS
[10:38:03] [235/458] IOSE
[10:38:04] [236/458] ACTV
[10:38:05] [237/458] APVE
[10:38:06] [238/458] TCCL
[10:38:07] [239/458] SCMO
[10:38:08] [240/458] SAUM
[10:38:09] [241/458] KCJS
[10:38:10] [242/458] NJCJ
[10:38:10] 🔄 Identity reset
[10:38:10] 🔄 Identity rotated (every 10 requests)
[10:38:10] [243/458] NECF
[10:38:11] [244/458] CCGW
[10:38:12] [245/458] CCMG
[10:38:13] [246/458] NYRG
[10:38:15] [247/458] NCSQ
[10:38:15] [248/458] GRCG
[10:38:16] [249/458] CCBT
[10:38:17] [250/458] ACGA
[10:38:18] [251/458] INAG
[10:38:19] [252/458] FUCG
[10:38:19] 🔄 Identity reset
[10:38:19] 🔄 Identity rotated (every 10 requests)
[10:38:20] [253/458] AICF
[10:38:21] [254/458] GRGA
[10:38:22] [255/458] GDCN
[10:38:23] [256/458] RRCG
[10:38:24] [257/458] SDCH
[10:38:25] [258/458] WVJM
[10:38:26] [259/458] JCCZ
[10:38:27] [260/458] CNCL
[10:38:28] [261/458] TMLV
[10:38:29] [262/458] MEMB
[10:38:29] 🔄 Identity reset
[10:38:29] 🔄 Identity rotated (every 10 requests)
[10:38:30] [263/458] SGTD
[10:38:31] [264/458] CONX
[10:38:32] [265/458] CCMH
[10:38:33] [266/458] ACMC
[10:38:35] [267/458] DTPD
[10:38:36] [268/458] POJA
[10:38:37] [269/458] FNBH
[10:38:38] [270/458] CGCB
[10:38:39] [271/458] RACN
[10:38:40] [272/458] JTSM
[10:38:40] 🔄 Identity reset
[10:38:40] 🔄 Identity rotated (every 10 requests)
[10:38:41] [273/458] SCDN
[10:38:42] [274/458] AACK
[10:38:42] [275/458] RMCE
[10:38:43] [276/458] BSGB
[10:38:44] [277/458] MRCB
[10:38:45] [278/458] SRVR
[10:38:47] [279/458] VTKK
[10:38:48] [280/458] AMST
[10:38:49] [281/458] APCY
[10:38:49] [282/458] LMHO
[10:38:49] 🔄 Identity reset
[10:38:49] 🔄 Identity rotated (every 10 requests)
[10:38:49] 🔄 Retry 1/5 for LMHO in 3.0s
[10:38:49] 🔄 Identity reset
[10:38:52] 🧠 New identity created
[10:38:53] [283/458] MTZH
[10:38:54] [284/458] AMZB
[10:38:55] [285/458] SUVT
[10:38:56] [286/458] RCIP
[10:38:57] [287/458] KESR
[10:38:59] [288/458] SNKC
[10:39:00] [289/458] SCED
[10:39:01] [290/458] DVCA
[10:39:02] [291/458] VCDT
[10:39:02] 🔄 Identity reset
[10:39:02] 🔄 Identity rotated (every 10 requests)
[10:39:03] [292/458] RRDI
[10:39:04] [293/458] DFCH
[10:39:05] [294/458] INSC
[10:39:06] [295/458] RGTR
[10:39:07] [296/458] FMOT
[10:39:08] [297/458] SCPM
[10:39:09] [298/458] GCDT
[10:39:10] [299/458] BRKT
[10:39:11] [300/458] DEMP
[10:39:12] [301/458] SRLC
[10:39:12] 🔄 Identity reset
[10:39:12] 🔄 Identity rotated (every 10 requests)
[10:39:14] [302/458] KSTT
[10:39:15] [303/458] SMMT
[10:39:16] [304/458] SILM
[10:39:17] [305/458] JCVM
[10:39:18] [306/458] KCSV
[10:39:19] [307/458] MHLK
[10:39:20] [308/458] SLVL
[10:39:21] [309/458] RJKP
[10:39:22] [310/458] BBPC
[10:39:23] [311/458] MXCB
[10:39:23] 🔄 Identity reset
[10:39:23] 🔄 Identity rotated (every 10 requests)
[10:39:24] [312/458] TCPK
[10:39:25] [313/458] RTBR
[10:39:26] [314/458] GAUT
[10:39:27] [315/458] DVCF
[10:39:28] [316/458] JTSB
[10:39:29] [317/458] SBLS
[10:39:30] [318/458] UDAY
[10:39:30] [319/458] PTNP
[10:39:32] [320/458] DMKT
[10:39:32] [321/458] NTDT
[10:39:32] 🔄 Identity reset
[10:39:32] 🔄 Identity rotated (every 10 requests)
[10:39:33] [322/458] SHDJ
[10:39:34] [323/458] OTNC
[10:39:36] [324/458] RNTW
[10:39:37] [325/458] GCMI
[10:39:38] [326/458] CRCM
[10:39:39] [327/458] NNCZ
[10:39:40] [328/458] OEMO
[10:39:41] [329/458] PVJM
[10:39:42] [330/458] CPJI
[10:39:42] [331/458] RMCJ
[10:39:42] 🔄 Identity reset
[10:39:42] 🔄 Identity rotated (every 10 requests)
[10:39:43] 🔄 Retry 1/5 for RMCJ in 2.0s
[10:39:43] 🔄 Identity reset
[10:39:45] 🧠 New identity created
[10:39:45] [332/458] CNWJ
[10:39:47] [333/458] EPJM
[10:39:48] [334/458] FNJJ
[10:39:49] [335/458] GCMJ
[10:39:50] [336/458] INPS
[10:39:51] [337/458] BICJ
[10:39:52] [338/458] ISTJ
[10:39:53] [339/458] INJC
[10:39:54] [340/458] GLXJ
[10:39:54] 🔄 Identity reset
[10:39:54] 🔄 Identity rotated (every 10 requests)
[10:39:55] [341/458] INEM
[10:39:56] [342/458] JTMN
[10:39:58] [343/458] FRCJ
[10:39:59] [344/458] DDJP
[10:40:00] [345/458] INJV
[10:40:00] [346/458] GOLC
[10:40:01] [347/458] KOCI
[10:40:02] [348/458] FSTD
[10:40:03] [349/458] PACJ
[10:40:04] [350/458] GMCN
[10:40:04] 🔄 Identity reset
[10:40:04] 🔄 Identity rotated (every 10 requests)
[10:40:05] [351/458] MMDJ
[10:40:06] [352/458] GODH
[10:40:07] [353/458] SKYN
[10:40:09] [354/458] NCTH
[10:40:10] [355/458] SKVZ
[10:40:11] [356/458] SVML
[10:40:11] [357/458] ACVZ
[10:40:12] [358/458] SURA
[10:40:13] [359/458] RTRB
[10:40:14] [360/458] LLCT
[10:40:14] 🔄 Identity reset
[10:40:14] 🔄 Identity rotated (every 10 requests)
[10:40:16] [361/458] ATTS
[10:40:17] [362/458] JYCM
[10:40:19] [363/458] CTKR
[10:40:19] [364/458] LCKR
[10:40:20] [365/458] NYCV
[10:40:21] [366/458] NYOH
[10:40:22] [367/458] NOVX
[10:40:23] [368/458] MRGK
[10:40:25] [369/458] MOON
[10:40:26] [370/458] SBUC
[10:40:26] 🔄 Identity reset
[10:40:26] 🔄 Identity rotated (every 10 requests)
[10:40:27] [371/458] GSVA
[10:40:28] [372/458] VIAK
[10:40:29] [373/458] SMVZ
[10:40:30] [374/458] MATE
[10:40:31] [375/458] RDCN
[10:40:32] [376/458] ASBL
[10:40:34] [377/458] ASVS
[10:40:34] [378/458] ASSR
[10:40:36] [379/458] SSKN
[10:40:37] [380/458] DRPV
[10:40:37] 🔄 Identity reset
[10:40:37] 🔄 Identity rotated (every 10 requests)
[10:40:37] [381/458] MRHT
[10:40:38] [382/458] BSCN
[10:40:40] [383/458] RKNX
[10:40:41] [384/458] MSMC
[10:40:42] [385/458] MSCJ
[10:40:43] [386/458] BTBJ
[10:40:44] [387/458] MJCC
[10:40:45] [388/458] IOMM
[10:40:46] [389/458] ADGR
[10:40:47] [390/458] MYCP
[10:40:47] 🔄 Identity reset
[10:40:47] 🔄 Identity rotated (every 10 requests)
[10:40:48] [391/458] IGCM
[10:40:49] [392/458] PGRK
[10:40:50] [393/458] VPGO
[10:40:51] [394/458] KOMS
[10:40:52] [395/458] URGG
[10:40:53] [396/458] GOST
[10:40:54] [397/458] LACT
[10:40:55] [398/458] BWCM
[10:40:56] [399/458] NCCW
[10:40:57] [400/458] SKYC
[10:40:57] 🔄 Identity reset
[10:40:57] 🔄 Identity rotated (every 10 requests)
[10:40:57] 🔄 Retry 1/5 for SKYC in 2.6s
[10:40:57] 🔄 Identity reset
[10:40:59] 🧠 New identity created
[10:41:01] [401/458] CCPM
[10:41:02] [402/458] VCBT
[10:41:03] [403/458] SDKR
[10:41:04] [404/458] CTYB
[10:41:05] [405/458] SHCX
[10:41:07] [406/458] RCUN
[10:41:08] [407/458] CNRA
[10:41:09] [408/458] RFCA
[10:41:11] [409/458] RDCU
[10:41:11] 🔄 Identity reset
[10:41:11] 🔄 Identity rotated (every 10 requests)
[10:41:12] [410/458] SARK
[10:41:14] [411/458] SPPP
[10:41:15] [412/458] ADMB
[10:41:16] [413/458] JYOE
[10:41:17] [414/458] SRMD
[10:41:18] [415/458] RJDH
[10:41:19] [416/458] SSTD
[10:41:20] [417/458] AACV
[10:41:21] [418/458] PPVD
[10:41:22] [419/458] STCP
[10:41:22] 🔄 Identity reset
[10:41:22] 🔄 Identity rotated (every 10 requests)
[10:41:23] [420/458] ANLS
[10:41:24] [421/458] BIJO
[10:41:26] [422/458] AVAB
[10:41:27] [423/458] SPMD
[10:41:28] [424/458] SVJL
[10:41:29] [425/458] SDDJ
[10:41:29] [426/458] SLTU
[10:41:31] [427/458] SAKA
[10:41:32] [428/458] PMAM
[10:41:33] [429/458] FNAM
[10:41:33] 🔄 Identity reset
[10:41:33] 🔄 Identity rotated (every 10 requests)
[10:41:35] [430/458] ACAM
[10:41:36] [431/458] SCMM
[10:41:37] [432/458] PMAK
[10:41:38] [433/458] NYSA
[10:41:39] [434/458] FCPA
[10:41:40] [435/458] GDAN
[10:41:41] [436/458] RSCA
[10:41:42] [437/458] DMAN
[10:41:43] [438/458] DZCM
[10:41:44] [439/458] NSGL
[10:41:44] 🔄 Identity reset
[10:41:44] 🔄 Identity rotated (every 10 requests)
[10:41:45] [440/458] CCPP
[10:41:46] [441/458] PSMG
[10:41:47] [442/458] GSER
[10:41:48] [443/458] FCCT
[10:41:49] [444/458] FCTB
[10:41:50] [445/458] LCNK
[10:41:50] [446/458] SKTY
[10:41:51] [447/458] INAA
[10:41:52] [448/458] RCWN
[10:41:53] [449/458] VAIS
[10:41:53] 🔄 Identity reset
[10:41:53] 🔄 Identity rotated (every 10 requests)
[10:41:53] 🔄 Retry 1/5 for VAIS in 2.6s
[10:41:53] 🔄 Identity reset
[10:41:56] 🧠 New identity created
[10:41:57] [450/458] CVMN
[10:41:58] [451/458] INTS
[10:42:00] [452/458] FRGS
[10:42:01] [453/458] DTCK
[10:42:02] [454/458] MCMH
[10:42:04] [455/458] ECRR
[10:42:05] [456/458] RLLP
[10:42:06] [457/458] CCSN
[10:42:07] [458/458] CCBA
[10:42:07] 🔄 Identity reset
[10:42:07] 🔄 Identity rotated (every 10 requests)
[10:42:08] 🧹 Deduping shows
[10:42:08] ✅ DONE | Shows=3243 | Movies=55
[12:51:11] 🚀 SCRIPT STARTED
[12:51:11] [1/458] MBDC
[12:51:11] 🧠 New identity created
[12:51:12] [2/458] CHKM
[12:51:13] [3/458] JTKZ
[12:51:14] [4/458] CMCT
[12:51:15] [5/458] ASHO
[12:51:16] [6/458] ECDG
[12:51:17] [7/458] SPAT
[12:51:18] [8/458] HILC
[12:51:19] [9/458] SPPH
[12:51:20] [10/458] SBHN
[12:51:20] 🔄 Identity reset
[12:51:20] 🔄 Identity rotated (every 10 requests)
[12:51:20] 🔄 Retry 1/5 for SBHN in 2.5s
[12:51:20] 🔄 Identity reset
[12:51:22] 🧠 New identity created
[12:51:22] 🔄 Retry 2/5 for SBHN in 5.0s
[12:51:22] 🔄 Identity reset
[12:51:27] 🧠 New identity created
[12:51:29] [11/458] RRCA
[12:51:29] [12/458] APAA
[12:51:31] [13/458] RAME
[12:51:32] [14/458] TMMS
[12:51:33] [15/458] BATK
[12:51:34] [16/458] LKOP
[12:51:35] [17/458] AMTT
[12:51:39] [18/458] PTGK
[12:51:39] 🔄 Identity reset
[12:51:39] 🔄 Identity rotated (every 10 requests)
[12:51:41] [19/458] ANRS
[12:51:42] [20/458] VWBW
[12:51:43] [21/458] SVFG
[12:51:44] [22/458] STAT
[12:51:45] [23/458] GDCV
[12:51:46] [24/458] VEBI
[12:51:47] [25/458] VDSS
[12:51:48] [26/458] NTHV
[12:51:51] [27/458] AOCH
[12:51:52] [28/458] KASR
[12:51:52] 🔄 Identity reset
[12:51:52] 🔄 Identity rotated (every 10 requests)
[12:51:53] [29/458] AYCS
[12:51:54] [30/458] SHAI
[12:51:55] [31/458] SKPE
[12:51:56] [32/458] SBTA
[12:51:57] [33/458] RTTD
[12:51:58] [34/458] CCJD
[12:51:59] [35/458] RSJJ
[12:52:01] [36/458] RKND
[12:52:02] [37/458] SVTX
[12:52:03] [38/458] BAKM
[12:52:03] 🔄 Identity reset
[12:52:03] 🔄 Identity rotated (every 10 requests)
[12:52:03] 🔄 Retry 1/5 for BAKM in 2.7s
[12:52:03] 🔄 Identity reset
[12:52:06] 🧠 New identity created
[12:52:07] [39/458] SVDC
[12:52:08] [40/458] MNCV
[12:52:08] [41/458] SJGC
[12:52:09] [42/458] MTPK
[12:52:10] [43/458] GATP
[12:52:11] [44/458] ABTS
[12:52:12] [45/458] ABDE
[12:52:13] [46/458] RCNM
[12:52:13] [47/458] KTHV
[12:52:13] 🔄 Identity reset
[12:52:13] 🔄 Identity rotated (every 10 requests)
[12:52:14] [48/458] MDGJ
[12:52:15] [49/458] SMLM
[12:52:16] [50/458] JTMA
[12:52:17] [51/458] ACKP
[12:52:18] [52/458] SRTA
[12:52:19] [53/458] STAY
[12:52:19] [54/458] MAVO
[12:52:20] [55/458] APTS
[12:52:22] [56/458] OMEA
[12:52:23] [57/458] TTFD
[12:52:23] 🔄 Identity reset
[12:52:23] 🔄 Identity rotated (every 10 requests)
[12:52:25] [58/458] MJCU
[12:52:26] [59/458] CXTE
[12:52:27] [60/458] CTPX
[12:52:28] [61/458] ASSL
[12:52:29] [62/458] CMVB
[12:52:30] [63/458] VPUR
[12:52:31] [64/458] JJDA
[12:52:32] [65/458] INBL
[12:52:33] [66/458] BIKB
[12:52:34] [67/458] NTBB
[12:52:34] 🔄 Identity reset
[12:52:34] 🔄 Identity rotated (every 10 requests)
[12:52:35] [68/458] GLOB
[12:52:36] [69/458] SNTB
[12:52:36] [70/458] CHGV
[12:52:37] [71/458] SSBZ
[12:52:38] [72/458] PRDB
[12:52:40] [73/458] ISMT
[12:52:41] [74/458] MCSD
[12:52:42] [75/458] JBTT
[12:52:43] [76/458] GEKR
[12:52:44] [77/458] PVUN
[12:52:44] 🔄 Identity reset
[12:52:44] 🔄 Identity rotated (every 10 requests)
[12:52:44] 🔄 Retry 1/5 for PVUN in 2.1s
[12:52:44] 🔄 Identity reset
[12:52:46] 🧠 New identity created
[12:52:48] [78/458] NRTB
[12:52:49] [79/458] PRAA
[12:52:49] [80/458] PCBL
[12:52:51] [81/458] PTCM
[12:52:52] [82/458] KHNN
[12:52:53] [83/458] OMJE
[12:52:53] [84/458] STGN
[12:52:54] [85/458] RPMS
[12:52:55] [86/458] NWAD
[12:52:55] 🔄 Identity reset
[12:52:55] 🔄 Identity rotated (every 10 requests)
[12:52:55] 🔄 Retry 1/5 for NWAD in 2.8s
[12:52:55] 🔄 Identity reset
[12:52:58] 🧠 New identity created
[12:52:59] [87/458] BLCK
[12:53:00] [88/458] SVAA
[12:53:01] [89/458] URVM
[12:53:02] [90/458] ANTM
[12:53:03] [91/458] VJYM
[12:53:04] [92/458] MAZZ
[12:53:04] [93/458] CSHM
[12:53:05] [94/458] WGMH
[12:53:06] [95/458] SALN
[12:53:06] 🔄 Identity reset
[12:53:06] 🔄 Identity rotated (every 10 requests)
[12:53:06] 🔄 Retry 1/5 for SALN in 2.8s
[12:53:06] 🔄 Identity reset
[12:53:09] 🧠 New identity created
[12:53:09] 🔄 Retry 2/5 for SALN in 4.9s
[12:53:09] 🔄 Identity reset
[12:53:14] 🧠 New identity created
[12:53:15] [96/458] BRTP
[12:53:16] [97/458] SVTA
[12:53:17] [98/458] SBTP
[12:53:18] [99/458] VLSS
[12:53:19] [100/458] SRJA
[12:53:19] [101/458] ANCG
[12:53:20] [102/458] CGGC
[12:53:21] [103/458] CRJA
[12:53:21] 🔄 Identity reset
[12:53:21] 🔄 Identity rotated (every 10 requests)
[12:53:21] 🔄 Retry 1/5 for CRJA in 2.2s
[12:53:21] 🔄 Identity reset
[12:53:24] 🧠 New identity created
[12:53:24] 🔄 Retry 2/5 for CRJA in 4.9s
[12:53:24] 🔄 Identity reset
[12:53:29] 🧠 New identity created
[12:53:30] [104/458] USCR
[12:53:30] [105/458] MMEF
[12:53:31] [106/458] JCRJ
[12:53:33] [107/458] ADCM
[12:53:34] [108/458] BMYK
[12:53:35] [109/458] KICS
[12:53:36] [110/458] MBBT
[12:53:36] [111/458] MACK
[12:53:37] 🔄 Identity reset
[12:53:37] 🔄 Identity rotated (every 10 requests)
[12:53:37] 🔄 Retry 1/5 for MACK in 2.0s
[12:53:37] 🔄 Identity reset
[12:53:39] 🧠 New identity created
[12:53:39] 🔄 Retry 2/5 for MACK in 4.1s
[12:53:39] 🔄 Identity reset
[12:53:43] 🧠 New identity created
[12:53:44] [112/458] CLDR
[12:53:45] [113/458] JYCR
[12:53:46] [114/458] DCRP
[12:53:47] [115/458] RAHT
[12:53:48] [116/458] CSSM
[12:53:49] [117/458] ATPK
[12:53:50] [118/458] KLRT
[12:53:51] [119/458] SRDD
[12:53:51] 🔄 Identity reset
[12:53:51] 🔄 Identity rotated (every 10 requests)
[12:53:51] 🔄 Retry 1/5 for SRDD in 2.3s
[12:53:51] 🔄 Identity reset
[12:53:53] 🧠 New identity created
[12:53:54] [120/458] CKMC
[12:53:55] [121/458] KRVM
[12:53:56] [122/458] AKCP
[12:53:56] [123/458] CNCV
[12:53:57] [124/458] PACT
[12:53:58] [125/458] NATP
[12:53:59] [126/458] PCPK
[12:54:00] [127/458] SMHO
[12:54:01] [128/458] CWTK
[12:54:01] 🔄 Identity reset
[12:54:01] 🔄 Identity rotated (every 10 requests)
[12:54:01] 🔄 Retry 1/5 for CWTK in 2.9s
[12:54:01] 🔄 Identity reset
[12:54:04] 🧠 New identity created
[12:54:05] [129/458] RVKZ
[12:54:05] [130/458] ASPD
[12:54:06] [131/458] VTKZ
[12:54:08] [132/458] LCSO
[12:54:09] [133/458] PRDY
[12:54:10] [134/458] RCAP
[12:54:11] [135/458] RGAR
[12:54:11] [136/458] RCAC
[12:54:12] [137/458] PMOD
[12:54:12] 🔄 Identity reset
[12:54:12] 🔄 Identity rotated (every 10 requests)
[12:54:13] [138/458] PVCN
[12:54:14] [139/458] SCRZ
[12:54:15] [140/458] PVPC
[12:54:16] [141/458] STID
[12:54:17] [142/458] NEDD
[12:54:18] [143/458] BNBA
[12:54:19] [144/458] NTCD
[12:54:20] [145/458] OCDE
[12:54:21] [146/458] CCDU
[12:54:22] [147/458] CRXH
[12:54:22] 🔄 Identity reset
[12:54:22] 🔄 Identity rotated (every 10 requests)
[12:54:23] [148/458] VLVT
[12:54:24] [149/458] CICI
[12:54:25] [150/458] SUCB
[12:54:26] [151/458] TCBP
[12:54:27] [152/458] SCCY
[12:54:28] [153/458] LXCY
[12:54:29] [154/458] NCMD
[12:54:31] [155/458] PHCS
[12:54:32] [156/458] DUXR
[12:54:33] [157/458] VNKS
[12:54:33] 🔄 Identity reset
[12:54:33] 🔄 Identity rotated (every 10 requests)
[12:54:34] [158/458] SEDP
[12:54:35] [159/458] SVEN
[12:54:35] [160/458] SRKM
[12:54:36] [161/458] JTLT
[12:54:37] [162/458] SVSS
[12:54:38] [163/458] AMDE
[12:54:39] [164/458] WVRN
[12:54:40] [165/458] ISMG
[12:54:40] [166/458] WVKS
[12:54:41] [167/458] USCG
[12:54:41] 🔄 Identity reset
[12:54:41] 🔄 Identity rotated (every 10 requests)
[12:54:42] [168/458] IOTG
[12:54:44] [169/458] RRJM
[12:54:44] [170/458] EDMP
[12:54:45] [171/458] SCGZ
[12:54:46] [172/458] GMGX
[12:54:47] [173/458] OMTP
[12:54:48] [174/458] MITD
[12:54:50] [175/458] SMMD
[12:54:50] [176/458] STML
[12:54:51] [177/458] MCFS
[12:54:51] 🔄 Identity reset
[12:54:51] 🔄 Identity rotated (every 10 requests)
[12:54:52] [178/458] FPKA
[12:54:53] [179/458] OMLR
[12:54:54] [180/458] KKSC
[12:54:55] [181/458] RVMA
[12:54:56] [182/458] SCLL
[12:54:56] [183/458] SCDK
[12:54:57] [184/458] SXMI
[12:54:58] [185/458] SHDN
[12:54:59] [186/458] PAAD
[12:55:00] [187/458] UUCB
[12:55:00] 🔄 Identity reset
[12:55:00] 🔄 Identity rotated (every 10 requests)
[12:55:01] [188/458] JHOL
[12:55:02] [189/458] SGWT
[12:55:03] [190/458] SRII
[12:55:04] [191/458] SGCK
[12:55:05] [192/458] SVVB
[12:55:06] [193/458] DMHA
[12:55:07] [194/458] PPNL
[12:55:08] [195/458] CPNL
[12:55:09] [196/458] WVLD
[12:55:10] [197/458] PSLV
[12:55:10] 🔄 Identity reset
[12:55:10] 🔄 Identity rotated (every 10 requests)
[12:55:10] 🔄 Retry 1/5 for PSLV in 2.3s
[12:55:10] 🔄 Identity reset
[12:55:13] 🧠 New identity created
[12:55:14] [198/458] VTTL
[12:55:15] [199/458] NPAD
[12:55:16] [200/458] PVCS
[12:55:18] [201/458] MCHL
[12:55:19] [202/458] PPLL
[12:55:20] [203/458] MALO
[12:55:21] [204/458] SWBH
[12:55:22] [205/458] PUGB
[12:55:23] [206/458] INBB
[12:55:23] 🔄 Identity reset
[12:55:23] 🔄 Identity rotated (every 10 requests)
[12:55:24] [207/458] INNS
[12:55:25] [208/458] MCPT
[12:55:26] [209/458] SCMI
[12:55:26] [210/458] OCON
[12:55:27] [211/458] SCSM
[12:55:28] [212/458] RJVN
[12:55:29] [213/458] AMDK
[12:55:30] [214/458] ISMR
[12:55:32] [215/458] SMTD
[12:55:32] [216/458] VTDD
[12:55:32] 🔄 Identity reset
[12:55:32] 🔄 Identity rotated (every 10 requests)
[12:55:33] [217/458] PDDZ
[12:55:35] [218/458] PCCK
[12:55:36] [219/458] INAM
[12:55:37] [220/458] FNKT
[12:55:38] [221/458] GDKA
[12:55:39] [222/458] MAYU
[12:55:40] [223/458] TCGU
[12:55:41] [224/458] KDCA
[12:55:42] [225/458] DOMY
[12:55:43] [226/458] PDDD
[12:55:43] 🔄 Identity reset
[12:55:43] 🔄 Identity rotated (every 10 requests)
[12:55:44] [227/458] BJTS
[12:55:45] [228/458] VTCA
[12:55:46] [229/458] SBTM
[12:55:46] [230/458] SEET
[12:55:48] [231/458] SSTJ
[12:55:48] [232/458] SVNT
[12:55:49] [233/458] PPPR
[12:55:50] [234/458] PVYS
[12:55:51] [235/458] IOSE
[12:55:51] [236/458] ACTV
[12:55:51] 🔄 Identity reset
[12:55:51] 🔄 Identity rotated (every 10 requests)
[12:55:53] [237/458] APVE
[12:55:54] [238/458] TCCL
[12:55:55] [239/458] SCMO
[12:55:56] [240/458] SAUM
[12:55:57] [241/458] KCJS
[12:55:58] [242/458] NJCJ
[12:55:59] [243/458] NECF
[12:56:00] [244/458] CCGW
[12:56:01] [245/458] CCMG
[12:56:02] [246/458] NYRG
[12:56:02] 🔄 Identity reset
[12:56:02] 🔄 Identity rotated (every 10 requests)
[12:56:02] 🔄 Retry 1/5 for NYRG in 2.8s
[12:56:02] 🔄 Identity reset
[12:56:04] 🧠 New identity created
[12:56:05] [247/458] NCSQ
[12:56:06] [248/458] GRCG
[12:56:07] [249/458] CCBT
[12:56:08] [250/458] ACGA
[12:56:09] [251/458] INAG
[12:56:10] [252/458] FUCG
[12:56:10] [253/458] AICF
[12:56:11] [254/458] GRGA
[12:56:12] [255/458] GDCN
[12:56:12] 🔄 Identity reset
[12:56:12] 🔄 Identity rotated (every 10 requests)
[12:56:13] [256/458] RRCG
[12:56:15] [257/458] SDCH
[12:56:16] [258/458] WVJM
[12:56:17] [259/458] JCCZ
[12:56:18] [260/458] CNCL
[12:56:18] [261/458] TMLV
[12:56:19] [262/458] MEMB
[12:56:20] [263/458] SGTD
[12:56:21] [264/458] CONX
[12:56:22] [265/458] CCMH
[12:56:22] 🔄 Identity reset
[12:56:22] 🔄 Identity rotated (every 10 requests)
[12:56:23] [266/458] ACMC
[12:56:24] [267/458] DTPD
[12:56:25] [268/458] POJA
[12:56:26] [269/458] FNBH
[12:56:27] [270/458] CGCB
[12:56:28] [271/458] RACN
[12:56:29] [272/458] JTSM
[12:56:30] [273/458] SCDN
[12:56:31] [274/458] AACK
[12:56:32] [275/458] RMCE
[12:56:32] 🔄 Identity reset
[12:56:32] 🔄 Identity rotated (every 10 requests)
[12:56:33] [276/458] BSGB
[12:56:34] [277/458] MRCB
[12:56:35] [278/458] SRVR
[12:56:35] [279/458] VTKK
[12:56:36] [280/458] AMST
[12:56:37] [281/458] APCY
[12:56:38] [282/458] LMHO
[12:56:39] [283/458] MTZH
[12:56:40] [284/458] AMZB
[12:56:41] [285/458] SUVT
[12:56:41] 🔄 Identity reset
[12:56:41] 🔄 Identity rotated (every 10 requests)
[12:56:42] [286/458] RCIP
[12:56:43] [287/458] KESR
[12:56:44] [288/458] SNKC
[12:56:45] [289/458] SCED
[12:56:46] [290/458] DVCA
[12:56:47] [291/458] VCDT
[12:56:48] [292/458] RRDI
[12:56:49] [293/458] DFCH
[12:56:50] [294/458] INSC
[12:56:51] [295/458] RGTR
[12:56:51] 🔄 Identity reset
[12:56:51] 🔄 Identity rotated (every 10 requests)
[12:56:52] [296/458] FMOT
[12:56:53] [297/458] SCPM
[12:56:54] [298/458] GCDT
[12:56:55] [299/458] BRKT
[12:56:55] [300/458] DEMP
[12:56:56] [301/458] SRLC
[12:56:57] [302/458] KSTT
[12:56:58] [303/458] SMMT
[12:56:59] [304/458] SILM
[12:57:00] [305/458] JCVM
[12:57:00] 🔄 Identity reset
[12:57:00] 🔄 Identity rotated (every 10 requests)
[12:57:01] [306/458] KCSV
[12:57:02] [307/458] MHLK
[12:57:03] [308/458] SLVL
[12:57:04] [309/458] RJKP
[12:57:05] [310/458] BBPC
[12:57:06] [311/458] MXCB
[12:57:06] [312/458] TCPK
[12:57:08] [313/458] RTBR
[12:57:09] [314/458] GAUT
[12:57:10] [315/458] DVCF
[12:57:10] 🔄 Identity reset
[12:57:10] 🔄 Identity rotated (every 10 requests)
[12:57:11] [316/458] JTSB
[12:57:12] [317/458] SBLS
[12:57:13] [318/458] UDAY
[12:57:14] [319/458] PTNP
[12:57:14] [320/458] DMKT
[12:57:15] [321/458] NTDT
[12:57:16] [322/458] SHDJ
[12:57:18] [323/458] OTNC
[12:57:19] [324/458] RNTW
[12:57:20] [325/458] GCMI
[12:57:20] 🔄 Identity reset
[12:57:20] 🔄 Identity rotated (every 10 requests)
[12:57:21] [326/458] CRCM
[12:57:21] [327/458] NNCZ
[12:57:22] [328/458] OEMO
[12:57:24] [329/458] PVJM
[12:57:25] [330/458] CPJI
[12:57:26] [331/458] RMCJ
[12:57:27] [332/458] CNWJ
[12:57:28] [333/458] EPJM
[12:57:28] [334/458] FNJJ
[12:57:30] [335/458] GCMJ
[12:57:30] 🔄 Identity reset
[12:57:30] 🔄 Identity rotated (every 10 requests)
[12:57:30] [336/458] INPS
[12:57:32] [337/458] BICJ
[12:57:33] [338/458] ISTJ
[12:57:33] [339/458] INJC
[12:57:35] [340/458] GLXJ
[12:57:36] [341/458] INEM
[12:57:37] [342/458] JTMN
[12:57:38] [343/458] FRCJ
[12:57:39] [344/458] DDJP
[12:57:40] [345/458] INJV
[12:57:40] 🔄 Identity reset
[12:57:40] 🔄 Identity rotated (every 10 requests)
[12:57:41] [346/458] GOLC
[12:57:42] [347/458] KOCI
[12:57:43] [348/458] FSTD
[12:57:44] [349/458] PACJ
[12:57:45] [350/458] GMCN
[12:57:46] [351/458] MMDJ
[12:57:46] [352/458] GODH
[12:57:47] [353/458] SKYN
[12:57:48] [354/458] NCTH
[12:57:49] [355/458] SKVZ
[12:57:49] 🔄 Identity reset
[12:57:49] 🔄 Identity rotated (every 10 requests)
[12:57:50] [356/458] SVML
[12:57:51] [357/458] ACVZ
[12:57:52] [358/458] SURA
[12:57:54] [359/458] RTRB
[12:57:55] [360/458] LLCT
[12:57:55] [361/458] ATTS
[12:57:57] [362/458] JYCM
[12:57:58] [363/458] CTKR
[12:57:59] [364/458] LCKR
[12:58:00] [365/458] NYCV
[12:58:00] 🔄 Identity reset
[12:58:00] 🔄 Identity rotated (every 10 requests)
[12:58:00] [366/458] NYOH
[12:58:01] [367/458] NOVX
[12:58:02] [368/458] MRGK
[12:58:03] [369/458] MOON
[12:58:04] [370/458] SBUC
[12:58:05] [371/458] GSVA
[12:58:06] [372/458] VIAK
[12:58:07] [373/458] SMVZ
[12:58:08] [374/458] MATE
[12:58:09] [375/458] RDCN
[12:58:09] 🔄 Identity reset
[12:58:09] 🔄 Identity rotated (every 10 requests)
[12:58:10] [376/458] ASBL
[12:58:11] [377/458] ASVS
[12:58:12] [378/458] ASSR
[12:58:13] [379/458] SSKN
[12:58:14] [380/458] DRPV
[12:58:15] [381/458] MRHT
[12:58:16] [382/458] BSCN
[12:58:17] [383/458] RKNX
[12:58:18] [384/458] MSMC
[12:58:19] [385/458] MSCJ
[12:58:19] 🔄 Identity reset
[12:58:19] 🔄 Identity rotated (every 10 requests)
[12:58:20] [386/458] BTBJ
[12:58:21] [387/458] MJCC
[12:58:22] [388/458] IOMM
[12:58:23] [389/458] ADGR
[12:58:25] [390/458] MYCP
[12:58:26] [391/458] IGCM
[12:58:28] [392/458] PGRK
[12:58:28] [393/458] VPGO
[12:58:29] [394/458] KOMS
[12:58:30] [395/458] URGG
[12:58:30] 🔄 Identity reset
[12:58:30] 🔄 Identity rotated (every 10 requests)
[12:58:31] [396/458] GOST
[12:58:32] [397/458] LACT
[12:58:33] [398/458] BWCM
[12:58:34] [399/458] NCCW
[12:58:35] [400/458] SKYC
[12:58:36] [401/458] CCPM
[12:58:37] [402/458] VCBT
[12:58:38] [403/458] SDKR
[12:58:39] [404/458] CTYB
[12:58:39] [405/458] SHCX
[12:58:39] 🔄 Identity reset
[12:58:39] 🔄 Identity rotated (every 10 requests)
[12:58:40] [406/458] RCUN
[12:58:41] [407/458] CNRA
[12:58:42] [408/458] RFCA
[12:58:43] [409/458] RDCU
[12:58:44] [410/458] SARK
[12:58:45] [411/458] SPPP
[12:58:46] [412/458] ADMB
[12:58:48] [413/458] JYOE
[12:58:48] [414/458] SRMD
[12:58:49] [415/458] RJDH
[12:58:49] 🔄 Identity reset
[12:58:49] 🔄 Identity rotated (every 10 requests)
[12:58:50] [416/458] SSTD
[12:58:52] [417/458] AACV
[12:58:53] [418/458] PPVD
[12:58:54] [419/458] STCP
[12:58:55] [420/458] ANLS
[12:58:56] [421/458] BIJO
[12:58:57] [422/458] AVAB
[12:58:57] [423/458] SPMD
[12:58:58] [424/458] SVJL
[12:58:59] [425/458] SDDJ
[12:58:59] 🔄 Identity reset
[12:58:59] 🔄 Identity rotated (every 10 requests)
[12:59:00] [426/458] SLTU
[12:59:01] [427/458] SAKA
[12:59:02] [428/458] PMAM
[12:59:03] [429/458] FNAM
[12:59:04] [430/458] ACAM
[12:59:05] [431/458] SCMM
[12:59:06] [432/458] PMAK
[12:59:07] [433/458] NYSA
[12:59:08] [434/458] FCPA
[12:59:09] [435/458] GDAN
[12:59:09] 🔄 Identity reset
[12:59:09] 🔄 Identity rotated (every 10 requests)
[12:59:10] [436/458] RSCA
[12:59:11] [437/458] DMAN
[12:59:11] [438/458] DZCM
[12:59:12] [439/458] NSGL
[12:59:13] [440/458] CCPP
[12:59:14] [441/458] PSMG
[12:59:15] [442/458] GSER
[12:59:15] [443/458] FCCT
[12:59:16] [444/458] FCTB
[12:59:17] [445/458] LCNK
[12:59:17] 🔄 Identity reset
[12:59:17] 🔄 Identity rotated (every 10 requests)
[12:59:18] [446/458] SKTY
[12:59:19] [447/458] INAA
[12:59:20] [448/458] RCWN
[12:59:21] [449/458] VAIS
[12:59:22] [450/458] CVMN
[12:59:23] [451/458] INTS
[12:59:24] [452/458] FRGS
[12:59:25] [453/458] DTCK
[12:59:26] [454/458] MCMH
[12:59:26] [455/458] ECRR
[12:59:26] 🔄 Identity reset
[12:59:26] 🔄 Identity rotated (every 10 requests)
[12:59:27] [456/458] RLLP
[12:59:28] [457/458] CCSN
[12:59:29] [458/458] CCBA
[12:59:30] 🧹 Deduping shows
[12:59:30] ✅ DONE | Shows=3384 | Movies=57
[14:34:42] 🚀 SCRIPT STARTED
[14:34:42] [1/458] MBDC
[14:34:42] 🧠 New identity created
[14:34:43] 🔄 Retry 1/5 for MBDC in 2.8s
[14:34:43] 🔄 Identity reset
[14:34:45] 🧠 New identity created
[14:34:45] 🔄 Retry 2/5 for MBDC in 4.5s
[14:34:45] 🔄 Identity reset
[14:34:50] 🧠 New identity created
[14:34:50] 🔄 Retry 3/5 for MBDC in 8.8s
[14:34:50] 🔄 Identity reset
[14:34:59] 🧠 New identity created
[14:34:59] 🔄 Retry 4/5 for MBDC in 16.8s
[14:34:59] 🔄 Identity reset
[14:35:16] 🧠 New identity created
[14:35:17] [2/458] CHKM
[14:35:18] [3/458] JTKZ
[14:35:20] [4/458] CMCT
[14:35:21] [5/458] ASHO
[14:35:21] [6/458] ECDG
[14:35:21] 🔄 Identity reset
[14:35:21] 🔄 Identity rotated (every 10 requests)
[14:35:21] 🔄 Retry 1/5 for ECDG in 2.4s
[14:35:21] 🔄 Identity reset
[14:35:24] 🧠 New identity created
[14:35:24] 🔄 Retry 2/5 for ECDG in 4.7s
[14:35:24] 🔄 Identity reset
[14:35:29] 🧠 New identity created
[14:35:29] 🔄 Retry 3/5 for ECDG in 8.5s
[14:35:29] 🔄 Identity reset
[14:35:37] 🧠 New identity created
[14:35:37] 🔄 Retry 4/5 for ECDG in 16.3s
[14:35:37] 🔄 Identity reset
[14:35:54] 🧠 New identity created
[14:35:54] ❌ ECDG failed after 5 attempts
[14:35:54] 🔄 Identity reset
[14:35:54] ❌ ECDG final failure | RuntimeError | HTTP 403
[14:35:54] [7/458] SPAT
[14:35:54] 🧠 New identity created
[14:35:54] 🔄 Retry 1/5 for SPAT in 2.7s
[14:35:54] 🔄 Identity reset
[14:35:57] 🧠 New identity created
[14:35:58] [8/458] HILC
[14:35:59] [9/458] SPPH
[14:36:01] [10/458] SBHN
[14:36:02] [11/458] RRCA
[14:36:02] 🔄 Identity reset
[14:36:02] 🔄 Identity rotated (every 10 requests)
[14:36:03] [12/458] APAA
[14:36:03] [13/458] RAME
[14:36:04] [14/458] TMMS
[14:36:05] [15/458] BATK
[14:36:06] [16/458] LKOP
[14:36:07] [17/458] AMTT
[14:36:08] [18/458] PTGK
[14:36:10] [19/458] ANRS
[14:36:11] [20/458] VWBW
[14:36:12] [21/458] SVFG
[14:36:12] 🔄 Identity reset
[14:36:12] 🔄 Identity rotated (every 10 requests)
[14:36:12] 🔄 Retry 1/5 for SVFG in 2.3s
[14:36:12] 🔄 Identity reset
[14:36:14] 🧠 New identity created
[14:36:14] 🔄 Retry 2/5 for SVFG in 4.9s
[14:36:14] 🔄 Identity reset
[14:36:19] 🧠 New identity created
[14:36:20] [22/458] STAT
[14:36:21] [23/458] GDCV
[14:36:22] [24/458] VEBI
[14:36:23] [25/458] VDSS
[14:36:23] [26/458] NTHV
[14:36:24] [27/458] AOCH
[14:36:25] [28/458] KASR
[14:36:26] [29/458] AYCS
[14:36:26] 🔄 Identity reset
[14:36:26] 🔄 Identity rotated (every 10 requests)
[14:36:26] 🔄 Retry 1/5 for AYCS in 2.4s
[14:36:26] 🔄 Identity reset
[14:36:29] 🧠 New identity created
[14:36:29] 🔄 Retry 2/5 for AYCS in 4.1s
[14:36:29] 🔄 Identity reset
[14:36:33] 🧠 New identity created
[14:36:33] 🔄 Retry 3/5 for AYCS in 8.7s
[14:36:33] 🔄 Identity reset
[14:36:42] 🧠 New identity created
[14:36:43] [30/458] SHAI
[14:36:44] [31/458] SKPE
[14:36:45] [32/458] SBTA
[14:36:45] [33/458] RTTD
[14:36:46] [34/458] CCJD
[14:36:47] [35/458] RSJJ
[14:36:48] [36/458] RKND
[14:36:48] 🔄 Identity reset
[14:36:48] 🔄 Identity rotated (every 10 requests)
[14:36:48] 🔄 Retry 1/5 for RKND in 2.1s
[14:36:48] 🔄 Identity reset
[14:36:50] 🧠 New identity created
[14:36:50] 🔄 Retry 2/5 for RKND in 4.7s
[14:36:50] 🔄 Identity reset
[14:36:55] 🧠 New identity created
[14:36:55] 🔄 Retry 3/5 for RKND in 9.0s
[14:36:55] 🔄 Identity reset
[14:37:04] 🧠 New identity created
[14:37:05] [37/458] SVTX
[14:37:07] [38/458] BAKM
[14:37:08] [39/458] SVDC
[14:37:09] [40/458] MNCV
[14:37:09] [41/458] SJGC
[14:37:10] [42/458] MTPK
[14:37:11] [43/458] GATP
[14:37:11] 🔄 Identity reset
[14:37:11] 🔄 Identity rotated (every 10 requests)
[14:37:12] 🔄 Retry 1/5 for GATP in 2.1s
[14:37:12] 🔄 Identity reset
[14:37:14] 🧠 New identity created
[14:37:14] 🔄 Retry 2/5 for GATP in 4.3s
[14:37:14] 🔄 Identity reset
[14:37:18] 🧠 New identity created
[14:37:18] 🔄 Retry 3/5 for GATP in 9.0s
[14:37:18] 🔄 Identity reset
[14:37:27] 🧠 New identity created
[14:37:27] 🔄 Retry 4/5 for GATP in 16.8s
[14:37:27] 🔄 Identity reset
[14:37:44] 🧠 New identity created
[14:37:44] ❌ GATP failed after 5 attempts
[14:37:44] 🔄 Identity reset
[14:37:44] ❌ GATP final failure | RuntimeError | HTTP 403
[14:37:45] [44/458] ABTS
[14:37:45] 🧠 New identity created
[14:37:46] [45/458] ABDE
[14:37:47] [46/458] RCNM
[14:37:48] [47/458] KTHV
[14:37:48] [48/458] MDGJ
[14:37:50] [49/458] SMLM
[14:37:50] 🔄 Identity reset
[14:37:50] 🔄 Identity rotated (every 10 requests)
[14:37:51] [50/458] JTMA
[14:37:52] [51/458] ACKP
[14:37:53] [52/458] SRTA
[14:37:54] [53/458] STAY
[14:37:55] [54/458] MAVO
[14:37:57] [55/458] APTS
[14:37:58] [56/458] OMEA
[14:37:59] [57/458] TTFD
[14:38:00] [58/458] MJCU
[14:38:01] [59/458] CXTE
[14:38:01] 🔄 Identity reset
[14:38:01] 🔄 Identity rotated (every 10 requests)
[14:38:02] [60/458] CTPX
[14:38:02] [61/458] ASSL
[14:38:03] [62/458] CMVB
[14:38:04] [63/458] VPUR
[14:38:05] [64/458] JJDA
[14:38:06] [65/458] INBL
[14:38:07] [66/458] BIKB
[14:38:08] [67/458] NTBB
[14:38:09] [68/458] GLOB
[14:38:10] [69/458] SNTB
[14:38:10] 🔄 Identity reset
[14:38:10] 🔄 Identity rotated (every 10 requests)
[14:38:10] 🔄 Retry 1/5 for SNTB in 2.9s
[14:38:10] 🔄 Identity reset
[14:38:13] 🧠 New identity created
[14:38:13] 🔄 Retry 2/5 for SNTB in 4.6s
[14:38:13] 🔄 Identity reset
[14:38:18] 🧠 New identity created
[14:38:18] 🔄 Retry 3/5 for SNTB in 8.2s
[14:38:18] 🔄 Identity reset
[14:38:26] 🧠 New identity created
[14:38:26] 🔄 Retry 4/5 for SNTB in 16.2s
[14:38:26] 🔄 Identity reset
[14:38:42] 🧠 New identity created
[14:38:42] ❌ SNTB failed after 5 attempts
[14:38:42] 🔄 Identity reset
[14:38:42] ❌ SNTB final failure | RuntimeError | HTTP 403
[14:38:43] [70/458] CHGV
[14:38:43] 🧠 New identity created
[14:38:43] 🔄 Retry 1/5 for CHGV in 2.4s
[14:38:43] 🔄 Identity reset
[14:38:45] 🧠 New identity created
[14:38:46] [71/458] SSBZ
[14:38:47] [72/458] PRDB
[14:38:48] [73/458] ISMT
[14:38:49] [74/458] MCSD
[14:38:49] 🔄 Identity reset
[14:38:49] 🔄 Identity rotated (every 10 requests)
[14:38:50] [75/458] JBTT
[14:38:51] [76/458] GEKR
[14:38:52] [77/458] PVUN
[14:38:53] [78/458] NRTB
[14:38:54] [79/458] PRAA
[14:38:55] [80/458] PCBL
[14:38:56] [81/458] PTCM
[14:38:57] [82/458] KHNN
[14:38:58] [83/458] OMJE
[14:38:59] [84/458] STGN
[14:38:59] 🔄 Identity reset
[14:38:59] 🔄 Identity rotated (every 10 requests)
[14:39:00] [85/458] RPMS
[14:39:00] [86/458] NWAD
[14:39:01] [87/458] BLCK
[14:39:02] [88/458] SVAA
[14:39:03] [89/458] URVM
[14:39:04] [90/458] ANTM
[14:39:05] [91/458] VJYM
[14:39:06] [92/458] MAZZ
[14:39:07] [93/458] CSHM
[14:39:08] [94/458] WGMH
[14:39:08] 🔄 Identity reset
[14:39:08] 🔄 Identity rotated (every 10 requests)
[14:39:08] 🔄 Retry 1/5 for WGMH in 2.9s
[14:39:08] 🔄 Identity reset
[14:39:11] 🧠 New identity created
[14:39:11] 🔄 Retry 2/5 for WGMH in 4.7s
[14:39:11] 🔄 Identity reset
[14:39:15] 🧠 New identity created
[14:39:16] [95/458] SALN
[14:39:17] [96/458] BRTP
[14:39:18] [97/458] SVTA
[14:39:19] [98/458] SBTP
[14:39:20] [99/458] VLSS
[14:39:21] [100/458] SRJA
[14:39:22] [101/458] ANCG
[14:39:22] [102/458] CGGC
[14:39:22] 🔄 Identity reset
[14:39:22] 🔄 Identity rotated (every 10 requests)
[14:39:22] 🔄 Retry 1/5 for CGGC in 2.6s
[14:39:22] 🔄 Identity reset
[14:39:25] 🧠 New identity created
[14:39:27] [103/458] CRJA
[14:39:27] [104/458] USCR
[14:39:28] [105/458] MMEF
[14:39:29] [106/458] JCRJ
[14:39:31] [107/458] ADCM
[14:39:32] [108/458] BMYK
[14:39:33] [109/458] KICS
[14:39:33] [110/458] MBBT
[14:39:34] [111/458] MACK
[14:39:34] 🔄 Identity reset
[14:39:35] 🔄 Identity rotated (every 10 requests)
[14:39:35] 🔄 Retry 1/5 for MACK in 2.2s
[14:39:35] 🔄 Identity reset
[14:39:37] 🧠 New identity created
[14:39:37] 🔄 Retry 2/5 for MACK in 4.1s
[14:39:37] 🔄 Identity reset
[14:39:41] 🧠 New identity created
[14:39:41] 🔄 Retry 3/5 for MACK in 8.8s
[14:39:41] 🔄 Identity reset
[14:39:50] 🧠 New identity created
[14:39:50] 🔄 Retry 4/5 for MACK in 16.7s
[14:39:50] 🔄 Identity reset
[14:40:07] 🧠 New identity created
[14:40:07] ❌ MACK failed after 5 attempts
[14:40:07] 🔄 Identity reset
[14:40:07] ❌ MACK final failure | RuntimeError | HTTP 403
[14:40:08] [112/458] CLDR
[14:40:08] 🧠 New identity created
[14:40:08] 🔄 Retry 1/5 for CLDR in 2.9s
[14:40:08] 🔄 Identity reset
[14:40:11] 🧠 New identity created
[14:40:12] [113/458] JYCR
[14:40:12] [114/458] DCRP
[14:40:13] [115/458] RAHT
[14:40:14] [116/458] CSSM
[14:40:14] 🔄 Identity reset
[14:40:14] 🔄 Identity rotated (every 10 requests)
[14:40:14] 🔄 Retry 1/5 for CSSM in 2.7s
[14:40:14] 🔄 Identity reset
[14:40:17] 🧠 New identity created
[14:40:18] [117/458] ATPK
[14:40:19] [118/458] KLRT
[14:40:19] [119/458] SRDD
[14:40:20] [120/458] CKMC
[14:40:21] [121/458] KRVM
[14:40:22] [122/458] AKCP
[14:40:23] [123/458] CNCV
[14:40:24] [124/458] PACT
[14:40:25] [125/458] NATP
[14:40:25] 🔄 Identity reset
[14:40:25] 🔄 Identity rotated (every 10 requests)
[14:40:25] 🔄 Retry 1/5 for NATP in 2.6s
[14:40:25] 🔄 Identity reset
[14:40:27] 🧠 New identity created
[14:40:27] 🔄 Retry 2/5 for NATP in 4.4s
[14:40:27] 🔄 Identity reset
[14:40:32] 🧠 New identity created
[14:40:32] 🔄 Retry 3/5 for NATP in 8.7s
[14:40:32] 🔄 Identity reset
[14:40:41] 🧠 New identity created
[14:40:42] [126/458] PCPK
[14:40:42] [127/458] SMHO
[14:40:43] [128/458] CWTK
[14:40:44] [129/458] RVKZ
[14:40:45] [130/458] ASPD
[14:40:46] [131/458] VTKZ
[14:40:47] [132/458] LCSO
[14:40:47] 🔄 Identity reset
[14:40:47] 🔄 Identity rotated (every 10 requests)
[14:40:47] 🔄 Retry 1/5 for LCSO in 2.3s
[14:40:47] 🔄 Identity reset
[14:40:49] 🧠 New identity created
[14:40:50] [133/458] PRDY
[14:40:51] [134/458] RCAP
[14:40:52] [135/458] RGAR
[14:40:53] [136/458] RCAC
[14:40:54] [137/458] PMOD
[14:40:55] [138/458] PVCN
[14:40:56] [139/458] SCRZ
[14:40:57] [140/458] PVPC
[14:40:58] [141/458] STID
[14:40:58] 🔄 Identity reset
[14:40:58] 🔄 Identity rotated (every 10 requests)
[14:40:58] 🔄 Retry 1/5 for STID in 2.2s
[14:40:58] 🔄 Identity reset
[14:41:00] 🧠 New identity created
[14:41:01] [142/458] NEDD
[14:41:02] [143/458] BNBA
[14:41:03] [144/458] NTCD
[14:41:04] [145/458] OCDE
[14:41:05] [146/458] CCDU
[14:41:06] [147/458] CRXH
[14:41:06] [148/458] VLVT
[14:41:07] [149/458] CICI
[14:41:08] [150/458] SUCB
[14:41:08] 🔄 Identity reset
[14:41:08] 🔄 Identity rotated (every 10 requests)
[14:41:08] 🔄 Retry 1/5 for SUCB in 2.8s
[14:41:08] 🔄 Identity reset
[14:41:11] 🧠 New identity created
[14:41:11] 🔄 Retry 2/5 for SUCB in 4.6s
[14:41:11] 🔄 Identity reset
[14:41:16] 🧠 New identity created
[14:41:17] [151/458] TCBP
[14:41:18] [152/458] SCCY
[14:41:18] [153/458] LXCY
[14:41:19] [154/458] NCMD
[14:41:20] [155/458] PHCS
[14:41:21] [156/458] DUXR
[14:41:22] [157/458] VNKS
[14:41:23] [158/458] SEDP
[14:41:23] 🔄 Identity reset
[14:41:23] 🔄 Identity rotated (every 10 requests)
[14:41:24] [159/458] SVEN
[14:41:25] [160/458] SRKM
[14:41:25] [161/458] JTLT
[14:41:26] [162/458] SVSS
[14:41:27] [163/458] AMDE
[14:41:28] [164/458] WVRN
[14:41:29] [165/458] ISMG
[14:41:31] [166/458] WVKS
[14:41:32] [167/458] USCG
[14:41:33] [168/458] IOTG
[14:41:33] 🔄 Identity reset
[14:41:33] 🔄 Identity rotated (every 10 requests)
[14:41:34] [169/458] RRJM
[14:41:34] [170/458] EDMP
[14:41:35] [171/458] SCGZ
[14:41:36] [172/458] GMGX
[14:41:37] [173/458] OMTP
[14:41:38] [174/458] MITD
[14:41:39] [175/458] SMMD
[14:41:40] [176/458] STML
[14:41:40] [177/458] MCFS
[14:41:41] [178/458] FPKA
[14:41:41] 🔄 Identity reset
[14:41:41] 🔄 Identity rotated (every 10 requests)
[14:41:42] [179/458] OMLR
[14:41:43] [180/458] KKSC
[14:41:44] [181/458] RVMA
[14:41:45] [182/458] SCLL
[14:41:46] [183/458] SCDK
[14:41:48] [184/458] SXMI
[14:41:49] [185/458] SHDN
[14:41:50] [186/458] PAAD
[14:41:50] [187/458] UUCB
[14:41:52] [188/458] JHOL
[14:41:52] 🔄 Identity reset
[14:41:52] 🔄 Identity rotated (every 10 requests)
[14:41:52] 🔄 Retry 1/5 for JHOL in 3.0s
[14:41:52] 🔄 Identity reset
[14:41:55] 🧠 New identity created
[14:41:56] [189/458] SGWT
[14:41:57] [190/458] SRII
[14:41:58] [191/458] SGCK
[14:41:59] [192/458] SVVB
[14:41:59] [193/458] DMHA
[14:42:00] [194/458] PPNL
[14:42:02] [195/458] CPNL
[14:42:03] [196/458] WVLD
[14:42:04] [197/458] PSLV
[14:42:04] 🔄 Identity reset
[14:42:04] 🔄 Identity rotated (every 10 requests)
[14:42:05] [198/458] VTTL
[14:42:05] [199/458] NPAD
[14:42:07] [200/458] PVCS
[14:42:07] [201/458] MCHL
[14:42:08] [202/458] PPLL
[14:42:10] [203/458] MALO
[14:42:10] [204/458] SWBH
[14:42:12] [205/458] PUGB
[14:42:13] [206/458] INBB
[14:42:14] [207/458] INNS
[14:42:14] 🔄 Identity reset
[14:42:14] 🔄 Identity rotated (every 10 requests)
[14:42:14] 🔄 Retry 1/5 for INNS in 2.5s
[14:42:14] 🔄 Identity reset
[14:42:17] 🧠 New identity created
[14:42:19] [208/458] MCPT
[14:42:20] [209/458] SCMI
[14:42:21] [210/458] OCON
[14:42:22] [211/458] SCSM
[14:42:23] [212/458] RJVN
[14:42:24] [213/458] AMDK
[14:42:25] [214/458] ISMR
[14:42:25] [215/458] SMTD
[14:42:27] [216/458] VTDD
[14:42:27] 🔄 Identity reset
[14:42:27] 🔄 Identity rotated (every 10 requests)
[14:42:28] [217/458] PDDZ
[14:42:29] [218/458] PCCK
[14:42:31] [219/458] INAM
[14:42:32] [220/458] FNKT
[14:42:33] [221/458] GDKA
[14:42:34] [222/458] MAYU
[14:42:34] [223/458] TCGU
[14:42:35] [224/458] KDCA
[14:42:36] [225/458] DOMY
[14:42:37] [226/458] PDDD
[14:42:37] 🔄 Identity reset
[14:42:37] 🔄 Identity rotated (every 10 requests)
[14:42:37] 🔄 Retry 1/5 for PDDD in 2.3s
[14:42:37] 🔄 Identity reset
[14:42:40] 🧠 New identity created
[14:42:40] 🔄 Retry 2/5 for PDDD in 4.8s
[14:42:40] 🔄 Identity reset
[14:42:44] 🧠 New identity created
[14:42:45] [227/458] BJTS
[14:42:46] [228/458] VTCA
[14:42:48] [229/458] SBTM
[14:42:49] [230/458] SEET
[14:42:50] [231/458] SSTJ
[14:42:51] [232/458] SVNT
[14:42:52] [233/458] PPPR
[14:42:53] [234/458] PVYS
[14:42:53] 🔄 Identity reset
[14:42:53] 🔄 Identity rotated (every 10 requests)
[14:42:54] [235/458] IOSE
[14:42:55] [236/458] ACTV
[14:42:56] [237/458] APVE
[14:42:57] [238/458] TCCL
[14:42:59] [239/458] SCMO
[14:43:00] [240/458] SAUM
[14:43:02] [241/458] KCJS
[14:43:02] [242/458] NJCJ
[14:43:03] [243/458] NECF
[14:43:04] [244/458] CCGW
[14:43:04] 🔄 Identity reset
[14:43:04] 🔄 Identity rotated (every 10 requests)
[14:43:04] 🔄 Retry 1/5 for CCGW in 2.9s
[14:43:04] 🔄 Identity reset
[14:43:07] 🧠 New identity created
[14:43:07] 🔄 Retry 2/5 for CCGW in 4.4s
[14:43:07] 🔄 Identity reset
[14:43:12] 🧠 New identity created
[14:43:12] 🔄 Retry 3/5 for CCGW in 8.6s
[14:43:12] 🔄 Identity reset
[14:43:21] 🧠 New identity created
[14:43:22] [245/458] CCMG
[14:43:22] [246/458] NYRG
[14:43:23] [247/458] NCSQ
[14:43:24] [248/458] GRCG
[14:43:25] [249/458] CCBT
[14:43:26] [250/458] ACGA
[14:43:27] [251/458] INAG
[14:43:27] 🔄 Identity reset
[14:43:27] 🔄 Identity rotated (every 10 requests)
[14:43:28] [252/458] FUCG
[14:43:29] [253/458] AICF
[14:43:30] [254/458] GRGA
[14:43:31] [255/458] GDCN
[14:43:32] [256/458] RRCG
[14:43:32] [257/458] SDCH
[14:43:33] [258/458] WVJM
[14:43:34] [259/458] JCCZ
[14:43:35] [260/458] CNCL
[14:43:36] [261/458] TMLV
[14:43:36] 🔄 Identity reset
[14:43:36] 🔄 Identity rotated (every 10 requests)
[14:43:36] 🔄 Retry 1/5 for TMLV in 2.3s
[14:43:36] 🔄 Identity reset
[14:43:39] 🧠 New identity created
[14:43:39] 🔄 Retry 2/5 for TMLV in 4.3s
[14:43:39] 🔄 Identity reset
[14:43:43] 🧠 New identity created
[14:43:44] [262/458] MEMB
[14:43:45] [263/458] SGTD
[14:43:46] [264/458] CONX
[14:43:47] [265/458] CCMH
[14:43:48] [266/458] ACMC
[14:43:49] [267/458] DTPD
[14:43:50] [268/458] POJA
[14:43:51] [269/458] FNBH
[14:43:51] 🔄 Identity reset
[14:43:51] 🔄 Identity rotated (every 10 requests)
[14:43:51] 🔄 Retry 1/5 for FNBH in 2.5s
[14:43:51] 🔄 Identity reset
[14:43:54] 🧠 New identity created
[14:43:54] [270/458] CGCB
[14:43:55] [271/458] RACN
[14:43:56] [272/458] JTSM
[14:43:57] [273/458] SCDN
[14:43:58] [274/458] AACK
[14:43:59] [275/458] RMCE
[14:44:00] [276/458] BSGB
[14:44:01] [277/458] MRCB
[14:44:02] [278/458] SRVR
[14:44:02] 🔄 Identity reset
[14:44:02] 🔄 Identity rotated (every 10 requests)
[14:44:03] [279/458] VTKK
[14:44:04] [280/458] AMST
[14:44:05] [281/458] APCY
[14:44:06] [282/458] LMHO
[14:44:07] [283/458] MTZH
[14:44:08] [284/458] AMZB
[14:44:09] [285/458] SUVT
[14:44:10] [286/458] RCIP
[14:44:11] [287/458] KESR
[14:44:12] [288/458] SNKC
[14:44:12] 🔄 Identity reset
[14:44:12] 🔄 Identity rotated (every 10 requests)
[14:44:13] [289/458] SCED
[14:44:14] [290/458] DVCA
[14:44:15] [291/458] VCDT
[14:44:15] [292/458] RRDI
[14:44:16] [293/458] DFCH
[14:44:17] [294/458] INSC
[14:44:18] [295/458] RGTR
[14:44:19] [296/458] FMOT
[14:44:20] [297/458] SCPM
[14:44:21] [298/458] GCDT
[14:44:21] 🔄 Identity reset
[14:44:21] 🔄 Identity rotated (every 10 requests)
[14:44:22] [299/458] BRKT
[14:44:24] [300/458] DEMP
[14:44:25] [301/458] SRLC
[14:44:26] [302/458] KSTT
[14:44:27] [303/458] SMMT
[14:44:28] [304/458] SILM
[14:44:29] [305/458] JCVM
[14:44:30] [306/458] KCSV
[14:44:31] [307/458] MHLK
[14:44:32] [308/458] SLVL
[14:44:32] 🔄 Identity reset
[14:44:32] 🔄 Identity rotated (every 10 requests)
[14:44:33] [309/458] RJKP
[14:44:34] [310/458] BBPC
[14:44:35] [311/458] MXCB
[14:44:36] [312/458] TCPK
[14:44:37] [313/458] RTBR
[14:44:37] [314/458] GAUT
[14:44:38] [315/458] DVCF
[14:44:39] [316/458] JTSB
[14:44:41] [317/458] SBLS
[14:44:42] [318/458] UDAY
[14:44:42] 🔄 Identity reset
[14:44:42] 🔄 Identity rotated (every 10 requests)
[14:44:42] 🔄 Retry 1/5 for UDAY in 2.5s
[14:44:42] 🔄 Identity reset
[14:44:45] 🧠 New identity created
[14:44:45] 🔄 Retry 2/5 for UDAY in 4.1s
[14:44:45] 🔄 Identity reset
[14:44:49] 🧠 New identity created
[14:44:49] 🔄 Retry 3/5 for UDAY in 8.9s
[14:44:49] 🔄 Identity reset
[14:44:58] 🧠 New identity created
[14:44:58] 🔄 Retry 4/5 for UDAY in 16.4s
[14:44:58] 🔄 Identity reset
[14:45:14] 🧠 New identity created
[14:45:14] ❌ UDAY failed after 5 attempts
[14:45:14] 🔄 Identity reset
[14:45:14] ❌ UDAY final failure | RuntimeError | HTTP 403
[14:45:15] [319/458] PTNP
[14:45:15] 🧠 New identity created
[14:45:15] 🔄 Retry 1/5 for PTNP in 2.6s
[14:45:15] 🔄 Identity reset
[14:45:18] 🧠 New identity created
[14:45:18] 🔄 Retry 2/5 for PTNP in 4.2s
[14:45:18] 🔄 Identity reset
[14:45:22] 🧠 New identity created
[14:45:22] 🔄 Retry 3/5 for PTNP in 8.3s
[14:45:22] 🔄 Identity reset
[14:45:30] 🧠 New identity created
[14:45:31] [320/458] DMKT
[14:45:32] [321/458] NTDT
[14:45:32] 🔄 Identity reset
[14:45:32] 🔄 Identity rotated (every 10 requests)
[14:45:33] [322/458] SHDJ
[14:45:34] [323/458] OTNC
[14:45:35] [324/458] RNTW
[14:45:36] [325/458] GCMI
[14:45:37] [326/458] CRCM
[14:45:39] [327/458] NNCZ
[14:45:40] [328/458] OEMO
[14:45:40] [329/458] PVJM
[14:45:41] [330/458] CPJI
[14:45:42] [331/458] RMCJ
[14:45:42] 🔄 Identity reset
[14:45:43] 🔄 Identity rotated (every 10 requests)
[14:45:43] 🔄 Retry 1/5 for RMCJ in 2.3s
[14:45:43] 🔄 Identity reset
[14:45:45] 🧠 New identity created
[14:45:46] [332/458] CNWJ
[14:45:47] [333/458] EPJM
[14:45:48] [334/458] FNJJ
[14:45:49] [335/458] GCMJ
[14:45:50] [336/458] INPS
[14:45:51] [337/458] BICJ
[14:45:51] [338/458] ISTJ
[14:45:52] [339/458] INJC
[14:45:53] [340/458] GLXJ
[14:45:53] 🔄 Identity reset
[14:45:53] 🔄 Identity rotated (every 10 requests)
[14:45:54] [341/458] INEM
[14:45:55] [342/458] JTMN
[14:45:56] [343/458] FRCJ
[14:45:57] [344/458] DDJP
[14:45:58] [345/458] INJV
[14:45:59] [346/458] GOLC
[14:46:00] [347/458] KOCI
[14:46:01] [348/458] FSTD
[14:46:01] [349/458] PACJ
[14:46:02] [350/458] GMCN
[14:46:02] 🔄 Identity reset
[14:46:02] 🔄 Identity rotated (every 10 requests)
[14:46:02] 🔄 Retry 1/5 for GMCN in 2.7s
[14:46:02] 🔄 Identity reset
[14:46:05] 🧠 New identity created
[14:46:07] [351/458] MMDJ
[14:46:08] [352/458] GODH
[14:46:08] [353/458] SKYN
[14:46:09] [354/458] NCTH
[14:46:10] [355/458] SKVZ
[14:46:12] [356/458] SVML
[14:46:12] [357/458] ACVZ
[14:46:13] [358/458] SURA
[14:46:14] [359/458] RTRB
[14:46:14] 🔄 Identity reset
[14:46:14] 🔄 Identity rotated (every 10 requests)
[14:46:14] 🔄 Retry 1/5 for RTRB in 2.2s
[14:46:14] 🔄 Identity reset
[14:46:16] 🧠 New identity created
[14:46:17] [360/458] LLCT
[14:46:18] [361/458] ATTS
[14:46:19] [362/458] JYCM
[14:46:20] [363/458] CTKR
[14:46:21] [364/458] LCKR
[14:46:22] [365/458] NYCV
[14:46:23] [366/458] NYOH
[14:46:24] [367/458] NOVX
[14:46:25] [368/458] MRGK
[14:46:25] 🔄 Identity reset
[14:46:25] 🔄 Identity rotated (every 10 requests)
[14:46:26] [369/458] MOON
[14:46:27] [370/458] SBUC
[14:46:28] [371/458] GSVA
[14:46:29] [372/458] VIAK
[14:46:30] [373/458] SMVZ
[14:46:31] [374/458] MATE
[14:46:33] [375/458] RDCN
[14:46:34] [376/458] ASBL
[14:46:35] [377/458] ASVS
[14:46:37] [378/458] ASSR
[14:46:37] 🔄 Identity reset
[14:46:37] 🔄 Identity rotated (every 10 requests)
[14:46:37] 🔄 Retry 1/5 for ASSR in 3.0s
[14:46:37] 🔄 Identity reset
[14:46:40] 🧠 New identity created
[14:46:41] [379/458] SSKN
[14:46:42] [380/458] DRPV
[14:46:43] [381/458] MRHT
[14:46:44] [382/458] BSCN
[14:46:45] [383/458] RKNX
[14:46:45] [384/458] MSMC
[14:46:46] [385/458] MSCJ
[14:46:47] [386/458] BTBJ
[14:46:48] [387/458] MJCC
[14:46:48] 🔄 Identity reset
[14:46:48] 🔄 Identity rotated (every 10 requests)
[14:46:49] [388/458] IOMM
[14:46:49] [389/458] ADGR
[14:46:51] [390/458] MYCP
[14:46:52] [391/458] IGCM
[14:46:53] [392/458] PGRK
[14:46:54] [393/458] VPGO
[14:46:56] [394/458] KOMS
[14:46:57] [395/458] URGG
[14:46:59] [396/458] GOST
[14:46:59] [397/458] LACT
[14:46:59] 🔄 Identity reset
[14:46:59] 🔄 Identity rotated (every 10 requests)
[14:47:00] [398/458] BWCM
[14:47:01] [399/458] NCCW
[14:47:02] [400/458] SKYC
[14:47:04] [401/458] CCPM
[14:47:05] [402/458] VCBT
[14:47:06] [403/458] SDKR
[14:47:07] [404/458] CTYB
[14:47:08] [405/458] SHCX
[14:47:09] [406/458] RCUN
[14:47:11] [407/458] CNRA
[14:47:11] 🔄 Identity reset
[14:47:11] 🔄 Identity rotated (every 10 requests)
[14:47:11] 🔄 Retry 1/5 for CNRA in 2.4s
[14:47:11] 🔄 Identity reset
[14:47:13] 🧠 New identity created
[14:47:14] [408/458] RFCA
[14:47:15] [409/458] RDCU
[14:47:16] [410/458] SARK
[14:47:17] [411/458] SPPP
[14:47:19] [412/458] ADMB
[14:47:20] [413/458] JYOE
[14:47:22] [414/458] SRMD
[14:47:23] [415/458] RJDH
[14:47:24] [416/458] SSTD
[14:47:24] 🔄 Identity reset
[14:47:24] 🔄 Identity rotated (every 10 requests)
[14:47:24] 🔄 Retry 1/5 for SSTD in 3.0s
[14:47:24] 🔄 Identity reset
[14:47:27] 🧠 New identity created
[14:47:28] [417/458] AACV
[14:47:30] [418/458] PPVD
[14:47:31] [419/458] STCP
[14:47:32] [420/458] ANLS
[14:47:32] [421/458] BIJO
[14:47:33] [422/458] AVAB
[14:47:34] [423/458] SPMD
[14:47:35] [424/458] SVJL
[14:47:36] [425/458] SDDJ
[14:47:36] 🔄 Identity reset
[14:47:36] 🔄 Identity rotated (every 10 requests)
[14:47:37] [426/458] SLTU
[14:47:38] [427/458] SAKA
[14:47:39] [428/458] PMAM
[14:47:40] [429/458] FNAM
[14:47:41] [430/458] ACAM
[14:47:41] [431/458] SCMM
[14:47:42] [432/458] PMAK
[14:47:43] [433/458] NYSA
[14:47:44] [434/458] FCPA
[14:47:46] [435/458] GDAN
[14:47:46] 🔄 Identity reset
[14:47:46] 🔄 Identity rotated (every 10 requests)
[14:47:46] 🔄 Retry 1/5 for GDAN in 2.6s
[14:47:46] 🔄 Identity reset
[14:47:49] 🧠 New identity created
[14:47:50] [436/458] RSCA
[14:47:51] [437/458] DMAN
[14:47:52] [438/458] DZCM
[14:47:52] [439/458] NSGL
[14:47:53] [440/458] CCPP
[14:47:54] [441/458] PSMG
[14:47:55] [442/458] GSER
[14:47:56] [443/458] FCCT
[14:47:57] [444/458] FCTB
[14:47:57] 🔄 Identity reset
[14:47:57] 🔄 Identity rotated (every 10 requests)
[14:47:57] 🔄 Retry 1/5 for FCTB in 2.8s
[14:47:57] 🔄 Identity reset
[14:48:00] 🧠 New identity created
[14:48:00] 🔄 Retry 2/5 for FCTB in 4.0s
[14:48:00] 🔄 Identity reset
[14:48:04] 🧠 New identity created
[14:48:05] [445/458] LCNK
[14:48:06] [446/458] SKTY
[14:48:07] [447/458] INAA
[14:48:08] [448/458] RCWN
[14:48:09] [449/458] VAIS
[14:48:10] [450/458] CVMN
[14:48:11] [451/458] INTS
[14:48:12] [452/458] FRGS
[14:48:12] 🔄 Identity reset
[14:48:12] 🔄 Identity rotated (every 10 requests)
[14:48:14] [453/458] DTCK
[14:48:14] [454/458] MCMH
[14:48:16] [455/458] ECRR
[14:48:17] [456/458] RLLP
[14:48:17] [457/458] CCSN
[14:48:18] [458/458] CCBA
[14:48:19] 🧹 Deduping shows
[14:48:19] ✅ DONE | Shows=3394 | Movies=56
[16:27:35] 🚀 SCRIPT STARTED
[16:27:35] [1/458] MBDC
[16:27:35] 🧠 New identity created
[16:27:37] [2/458] CHKM
[16:27:38] [3/458] JTKZ
[16:27:39] [4/458] CMCT
[16:27:40] [5/458] ASHO
[16:27:41] [6/458] ECDG
[16:27:42] [7/458] SPAT
[16:27:44] [8/458] HILC
[16:27:45] [9/458] SPPH
[16:27:46] [10/458] SBHN
[16:27:46] 🔄 Identity reset
[16:27:46] 🔄 Identity rotated (every 10 requests)
[16:27:46] [11/458] RRCA
[16:27:47] [12/458] APAA
[16:27:48] [13/458] RAME
[16:27:49] [14/458] TMMS
[16:27:50] [15/458] BATK
[16:27:52] [16/458] LKOP
[16:27:53] [17/458] AMTT
[16:27:54] [18/458] PTGK
[16:27:54] [19/458] ANRS
[16:27:55] [20/458] VWBW
[16:27:55] 🔄 Identity reset
[16:27:55] 🔄 Identity rotated (every 10 requests)
[16:27:55] 🔄 Retry 1/5 for VWBW in 2.3s
[16:27:55] 🔄 Identity reset
[16:27:58] 🧠 New identity created
[16:27:58] 🔄 Retry 2/5 for VWBW in 4.8s
[16:27:58] 🔄 Identity reset
[16:28:02] 🧠 New identity created
[16:28:03] 🔄 Retry 3/5 for VWBW in 8.2s
[16:28:03] 🔄 Identity reset
[16:28:11] 🧠 New identity created
[16:28:11] 🔄 Retry 4/5 for VWBW in 16.7s
[16:28:11] 🔄 Identity reset
[16:28:28] 🧠 New identity created
[16:28:28] ❌ VWBW failed after 5 attempts
[16:28:28] 🔄 Identity reset
[16:28:28] ❌ VWBW final failure | RuntimeError | HTTP 403
[16:28:28] [21/458] SVFG
[16:28:28] 🧠 New identity created
[16:28:30] [22/458] STAT
[16:28:31] [23/458] GDCV
[16:28:32] [24/458] VEBI
[16:28:33] [25/458] VDSS
[16:28:34] [26/458] NTHV
[16:28:34] 🔄 Identity reset
[16:28:34] 🔄 Identity rotated (every 10 requests)
[16:28:35] [27/458] AOCH
[16:28:36] [28/458] KASR
[16:28:37] [29/458] AYCS
[16:28:37] [30/458] SHAI
[16:28:38] [31/458] SKPE
[16:28:39] [32/458] SBTA
[16:28:41] [33/458] RTTD
[16:28:42] [34/458] CCJD
[16:28:43] [35/458] RSJJ
[16:28:44] [36/458] RKND
[16:28:44] 🔄 Identity reset
[16:28:44] 🔄 Identity rotated (every 10 requests)
[16:28:45] [37/458] SVTX
[16:28:46] [38/458] BAKM
[16:28:47] [39/458] SVDC
[16:28:48] [40/458] MNCV
[16:28:48] [41/458] SJGC
[16:28:49] [42/458] MTPK
[16:28:50] [43/458] GATP
[16:28:51] [44/458] ABTS
[16:28:52] [45/458] ABDE
[16:28:53] [46/458] RCNM
[16:28:53] 🔄 Identity reset
[16:28:53] 🔄 Identity rotated (every 10 requests)
[16:28:53] 🔄 Retry 1/5 for RCNM in 2.0s
[16:28:53] 🔄 Identity reset
[16:28:55] 🧠 New identity created
[16:28:56] [47/458] KTHV
[16:28:58] [48/458] MDGJ
[16:28:59] [49/458] SMLM
[16:29:00] [50/458] JTMA
[16:29:01] [51/458] ACKP
[16:29:02] [52/458] SRTA
[16:29:04] [53/458] STAY
[16:29:05] [54/458] MAVO
[16:29:06] [55/458] APTS
[16:29:06] 🔄 Identity reset
[16:29:06] 🔄 Identity rotated (every 10 requests)
[16:29:06] 🔄 Retry 1/5 for APTS in 2.7s
[16:29:06] 🔄 Identity reset
[16:29:09] 🧠 New identity created
[16:29:10] [56/458] OMEA
[16:29:11] [57/458] TTFD
[16:29:12] [58/458] MJCU
[16:29:14] [59/458] CXTE
[16:29:15] [60/458] CTPX
[16:29:16] [61/458] ASSL
[16:29:17] [62/458] CMVB
[16:29:18] [63/458] VPUR
[16:29:19] [64/458] JJDA
[16:29:19] 🔄 Identity reset
[16:29:19] 🔄 Identity rotated (every 10 requests)
[16:29:19] 🔄 Retry 1/5 for JJDA in 2.3s
[16:29:19] 🔄 Identity reset
[16:29:21] 🧠 New identity created
[16:29:22] [65/458] INBL
[16:29:23] [66/458] BIKB
[16:29:24] [67/458] NTBB
[16:29:25] [68/458] GLOB
[16:29:26] [69/458] SNTB
[16:29:27] [70/458] CHGV
[16:29:28] [71/458] SSBZ
[16:29:29] [72/458] PRDB
[16:29:30] [73/458] ISMT
[16:29:30] 🔄 Identity reset
[16:29:30] 🔄 Identity rotated (every 10 requests)
[16:29:30] 🔄 Retry 1/5 for ISMT in 2.9s
[16:29:30] 🔄 Identity reset
[16:29:33] 🧠 New identity created
[16:29:34] [74/458] MCSD
[16:29:35] [75/458] JBTT
[16:29:36] [76/458] GEKR
[16:29:37] [77/458] PVUN
[16:29:39] [78/458] NRTB
[16:29:40] [79/458] PRAA
[16:29:41] [80/458] PCBL
[16:29:42] [81/458] PTCM
[16:29:43] [82/458] KHNN
[16:29:43] 🔄 Identity reset
[16:29:44] 🔄 Identity rotated (every 10 requests)
[16:29:45] [83/458] OMJE
[16:29:46] [84/458] STGN
[16:29:47] [85/458] RPMS
[16:29:48] [86/458] NWAD
[16:29:49] [87/458] BLCK
[16:29:50] [88/458] SVAA
[16:29:51] [89/458] URVM
[16:29:53] [90/458] ANTM
[16:29:53] [91/458] VJYM
[16:29:54] [92/458] MAZZ
[16:29:54] 🔄 Identity reset
[16:29:54] 🔄 Identity rotated (every 10 requests)
[16:29:55] [93/458] CSHM
[16:29:56] [94/458] WGMH
[16:29:57] [95/458] SALN
[16:29:58] [96/458] BRTP
[16:29:59] [97/458] SVTA
[16:30:01] [98/458] SBTP
[16:30:02] [99/458] VLSS
[16:30:03] [100/458] SRJA
[16:30:04] [101/458] ANCG
[16:30:05] [102/458] CGGC
[16:30:05] 🔄 Identity reset
[16:30:05] 🔄 Identity rotated (every 10 requests)
[16:30:06] [103/458] CRJA
[16:30:07] [104/458] USCR
[16:30:08] [105/458] MMEF
[16:30:09] [106/458] JCRJ
[16:30:09] [107/458] ADCM
[16:30:10] [108/458] BMYK
[16:30:11] [109/458] KICS
[16:30:12] [110/458] MBBT
[16:30:14] [111/458] MACK
[16:30:15] [112/458] CLDR
[16:30:15] 🔄 Identity reset
[16:30:15] 🔄 Identity rotated (every 10 requests)
[16:30:15] 🔄 Retry 1/5 for CLDR in 2.7s
[16:30:15] 🔄 Identity reset
[16:30:18] 🧠 New identity created
[16:30:19] [113/458] JYCR
[16:30:20] [114/458] DCRP
[16:30:21] [115/458] RAHT
[16:30:22] [116/458] CSSM
[16:30:23] [117/458] ATPK
[16:30:24] [118/458] KLRT
[16:30:25] [119/458] SRDD
[16:30:25] [120/458] CKMC
[16:30:26] [121/458] KRVM
[16:30:26] 🔄 Identity reset
[16:30:26] 🔄 Identity rotated (every 10 requests)
[16:30:27] [122/458] AKCP
[16:30:28] [123/458] CNCV
[16:30:29] [124/458] PACT
[16:30:30] [125/458] NATP
[16:30:31] [126/458] PCPK
[16:30:33] [127/458] SMHO
[16:30:34] [128/458] CWTK
[16:30:35] [129/458] RVKZ
[16:30:36] [130/458] ASPD
[16:30:37] [131/458] VTKZ
[16:30:37] 🔄 Identity reset
[16:30:37] 🔄 Identity rotated (every 10 requests)
[16:30:38] [132/458] LCSO
[16:30:39] [133/458] PRDY
[16:30:40] [134/458] RCAP
[16:30:41] [135/458] RGAR
[16:30:42] [136/458] RCAC
[16:30:43] [137/458] PMOD
[16:30:44] [138/458] PVCN
[16:30:45] [139/458] SCRZ
[16:30:46] [140/458] PVPC
[16:30:47] [141/458] STID
[16:30:47] 🔄 Identity reset
[16:30:47] 🔄 Identity rotated (every 10 requests)
[16:30:47] 🔄 Retry 1/5 for STID in 2.4s
[16:30:47] 🔄 Identity reset
[16:30:49] 🧠 New identity created
[16:30:49] 🔄 Retry 2/5 for STID in 4.4s
[16:30:49] 🔄 Identity reset
[16:30:54] 🧠 New identity created
[16:30:55] [142/458] NEDD
[16:30:56] [143/458] BNBA
[16:30:57] [144/458] NTCD
[16:30:58] [145/458] OCDE
[16:30:59] [146/458] CCDU
[16:31:00] [147/458] CRXH
[16:31:01] [148/458] VLVT
[16:31:02] [149/458] CICI
[16:31:02] 🔄 Identity reset
[16:31:02] 🔄 Identity rotated (every 10 requests)
[16:31:02] 🔄 Retry 1/5 for CICI in 3.0s
[16:31:02] 🔄 Identity reset
[16:31:05] 🧠 New identity created
[16:31:06] [150/458] SUCB
[16:31:07] [151/458] TCBP
[16:31:08] [152/458] SCCY
[16:31:09] [153/458] LXCY
[16:31:10] [154/458] NCMD
[16:31:11] [155/458] PHCS
[16:31:12] [156/458] DUXR
[16:31:13] [157/458] VNKS
[16:31:14] [158/458] SEDP
[16:31:14] 🔄 Identity reset
[16:31:14] 🔄 Identity rotated (every 10 requests)
[16:31:15] [159/458] SVEN
[16:31:16] [160/458] SRKM
[16:31:17] [161/458] JTLT
[16:31:18] [162/458] SVSS
[16:31:19] [163/458] AMDE
[16:31:20] [164/458] WVRN
[16:31:21] [165/458] ISMG
[16:31:22] [166/458] WVKS
[16:31:22] [167/458] USCG
[16:31:23] [168/458] IOTG
[16:31:23] 🔄 Identity reset
[16:31:23] 🔄 Identity rotated (every 10 requests)
[16:31:24] [169/458] RRJM
[16:31:25] [170/458] EDMP
[16:31:27] [171/458] SCGZ
[16:31:29] [172/458] GMGX
[16:31:29] [173/458] OMTP
[16:31:30] [174/458] MITD
[16:31:31] [175/458] SMMD
[16:31:32] [176/458] STML
[16:31:33] [177/458] MCFS
[16:31:34] [178/458] FPKA
[16:31:34] 🔄 Identity reset
[16:31:34] 🔄 Identity rotated (every 10 requests)
[16:31:35] [179/458] OMLR
[16:31:36] [180/458] KKSC
[16:31:37] [181/458] RVMA
[16:31:39] [182/458] SCLL
[16:31:40] [183/458] SCDK
[16:31:41] [184/458] SXMI
[16:31:41] [185/458] SHDN
[16:31:42] [186/458] PAAD
[16:31:43] [187/458] UUCB
[16:31:44] [188/458] JHOL
[16:31:44] 🔄 Identity reset
[16:31:44] 🔄 Identity rotated (every 10 requests)
[16:31:45] [189/458] SGWT
[16:31:46] [190/458] SRII
[16:31:47] [191/458] SGCK
[16:31:48] [192/458] SVVB
[16:31:50] [193/458] DMHA
[16:31:51] [194/458] PPNL
[16:31:51] [195/458] CPNL
[16:31:53] [196/458] WVLD
[16:31:54] [197/458] PSLV
[16:31:55] [198/458] VTTL
[16:31:55] 🔄 Identity reset
[16:31:55] 🔄 Identity rotated (every 10 requests)
[16:31:56] [199/458] NPAD
[16:31:57] [200/458] PVCS
[16:31:58] [201/458] MCHL
[16:31:59] [202/458] PPLL
[16:32:00] [203/458] MALO
[16:32:01] [204/458] SWBH
[16:32:02] [205/458] PUGB
[16:32:03] [206/458] INBB
[16:32:04] [207/458] INNS
[16:32:05] [208/458] MCPT
[16:32:05] 🔄 Identity reset
[16:32:05] 🔄 Identity rotated (every 10 requests)
[16:32:06] [209/458] SCMI
[16:32:07] [210/458] OCON
[16:32:09] [211/458] SCSM
[16:32:10] [212/458] RJVN
[16:32:11] [213/458] AMDK
[16:32:13] [214/458] ISMR
[16:32:13] [215/458] SMTD
[16:32:14] [216/458] VTDD
[16:32:15] [217/458] PDDZ
[16:32:16] [218/458] PCCK
[16:32:16] 🔄 Identity reset
[16:32:16] 🔄 Identity rotated (every 10 requests)
[16:32:16] 🔄 Retry 1/5 for PCCK in 2.4s
[16:32:16] 🔄 Identity reset
[16:32:19] 🧠 New identity created
[16:32:19] 🔄 Retry 2/5 for PCCK in 4.4s
[16:32:19] 🔄 Identity reset
[16:32:23] 🧠 New identity created
[16:32:24] [219/458] INAM
[16:32:25] [220/458] FNKT
[16:32:26] [221/458] GDKA
[16:32:27] [222/458] MAYU
[16:32:28] [223/458] TCGU
[16:32:29] [224/458] KDCA
[16:32:30] [225/458] DOMY
[16:32:31] [226/458] PDDD
[16:32:31] 🔄 Identity reset
[16:32:31] 🔄 Identity rotated (every 10 requests)
[16:32:31] 🔄 Retry 1/5 for PDDD in 2.7s
[16:32:31] 🔄 Identity reset
[16:32:33] 🧠 New identity created
[16:32:33] 🔄 Retry 2/5 for PDDD in 4.1s
[16:32:33] 🔄 Identity reset
[16:32:38] 🧠 New identity created
[16:32:38] [227/458] BJTS
[16:32:39] [228/458] VTCA
[16:32:40] [229/458] SBTM
[16:32:41] [230/458] SEET
[16:32:42] [231/458] SSTJ
[16:32:43] [232/458] SVNT
[16:32:43] [233/458] PPPR
[16:32:44] [234/458] PVYS
[16:32:44] 🔄 Identity reset
[16:32:44] 🔄 Identity rotated (every 10 requests)
[16:32:44] 🔄 Retry 1/5 for PVYS in 3.0s
[16:32:44] 🔄 Identity reset
[16:32:47] 🧠 New identity created
[16:32:48] [235/458] IOSE
[16:32:49] [236/458] ACTV
[16:32:50] [237/458] APVE
[16:32:51] [238/458] TCCL
[16:32:52] [239/458] SCMO
[16:32:53] [240/458] SAUM
[16:32:54] [241/458] KCJS
[16:32:55] [242/458] NJCJ
[16:32:55] [243/458] NECF
[16:32:55] 🔄 Identity reset
[16:32:55] 🔄 Identity rotated (every 10 requests)
[16:32:56] [244/458] CCGW
[16:32:57] [245/458] CCMG
[16:32:58] [246/458] NYRG
[16:32:59] [247/458] NCSQ
[16:33:00] [248/458] GRCG
[16:33:01] [249/458] CCBT
[16:33:02] [250/458] ACGA
[16:33:03] [251/458] INAG
[16:33:04] [252/458] FUCG
[16:33:04] [253/458] AICF
[16:33:04] 🔄 Identity reset
[16:33:04] 🔄 Identity rotated (every 10 requests)
[16:33:05] [254/458] GRGA
[16:33:06] [255/458] GDCN
[16:33:07] [256/458] RRCG
[16:33:08] [257/458] SDCH
[16:33:10] [258/458] WVJM
[16:33:11] [259/458] JCCZ
[16:33:13] [260/458] CNCL
[16:33:14] [261/458] TMLV
[16:33:15] [262/458] MEMB
[16:33:17] [263/458] SGTD
[16:33:17] 🔄 Identity reset
[16:33:17] 🔄 Identity rotated (every 10 requests)
[16:33:18] [264/458] CONX
[16:33:19] [265/458] CCMH
[16:33:20] [266/458] ACMC
[16:33:21] [267/458] DTPD
[16:33:22] [268/458] POJA
[16:33:23] [269/458] FNBH
[16:33:24] [270/458] CGCB
[16:33:25] [271/458] RACN
[16:33:25] [272/458] JTSM
[16:33:26] [273/458] SCDN
[16:33:26] 🔄 Identity reset
[16:33:26] 🔄 Identity rotated (every 10 requests)
[16:33:27] [274/458] AACK
[16:33:28] [275/458] RMCE
[16:33:29] [276/458] BSGB
[16:33:31] [277/458] MRCB
[16:33:32] [278/458] SRVR
[16:33:32] [279/458] VTKK
[16:33:33] [280/458] AMST
[16:33:34] [281/458] APCY
[16:33:35] [282/458] LMHO
[16:33:36] [283/458] MTZH
[16:33:36] 🔄 Identity reset
[16:33:36] 🔄 Identity rotated (every 10 requests)
[16:33:37] [284/458] AMZB
[16:33:38] [285/458] SUVT
[16:33:39] [286/458] RCIP
[16:33:40] [287/458] KESR
[16:33:40] [288/458] SNKC
[16:33:41] [289/458] SCED
[16:33:42] [290/458] DVCA
[16:33:43] [291/458] VCDT
[16:33:44] [292/458] RRDI
[16:33:45] [293/458] DFCH
[16:33:45] 🔄 Identity reset
[16:33:45] 🔄 Identity rotated (every 10 requests)
[16:33:46] [294/458] INSC
[16:33:47] [295/458] RGTR
[16:33:48] [296/458] FMOT
[16:33:49] [297/458] SCPM
[16:33:49] [298/458] GCDT
[16:33:50] [299/458] BRKT
[16:33:51] [300/458] DEMP
[16:33:52] [301/458] SRLC
[16:33:53] [302/458] KSTT
[16:33:54] [303/458] SMMT
[16:33:54] 🔄 Identity reset
[16:33:54] 🔄 Identity rotated (every 10 requests)
[16:33:55] [304/458] SILM
[16:33:56] [305/458] JCVM
[16:33:57] [306/458] KCSV
[16:33:58] [307/458] MHLK
[16:33:59] [308/458] SLVL
[16:34:00] [309/458] RJKP
[16:34:01] [310/458] BBPC
[16:34:02] [311/458] MXCB
[16:34:03] [312/458] TCPK
[16:34:04] [313/458] RTBR
[16:34:04] 🔄 Identity reset
[16:34:04] 🔄 Identity rotated (every 10 requests)
[16:34:05] [314/458] GAUT
[16:34:06] [315/458] DVCF
[16:34:07] [316/458] JTSB
[16:34:08] [317/458] SBLS
[16:34:09] [318/458] UDAY
[16:34:10] [319/458] PTNP
[16:34:11] [320/458] DMKT
[16:34:12] [321/458] NTDT
[16:34:13] [322/458] SHDJ
[16:34:14] [323/458] OTNC
[16:34:14] 🔄 Identity reset
[16:34:14] 🔄 Identity rotated (every 10 requests)
[16:34:15] [324/458] RNTW
[16:34:16] [325/458] GCMI
[16:34:17] [326/458] CRCM
[16:34:18] [327/458] NNCZ
[16:34:19] [328/458] OEMO
[16:34:19] [329/458] PVJM
[16:34:21] [330/458] CPJI
[16:34:21] [331/458] RMCJ
[16:34:22] [332/458] CNWJ
[16:34:24] [333/458] EPJM
[16:34:24] 🔄 Identity reset
[16:34:24] 🔄 Identity rotated (every 10 requests)
[16:34:25] [334/458] FNJJ
[16:34:26] [335/458] GCMJ
[16:34:27] [336/458] INPS
[16:34:28] [337/458] BICJ
[16:34:29] [338/458] ISTJ
[16:34:30] [339/458] INJC
[16:34:31] [340/458] GLXJ
[16:34:32] [341/458] INEM
[16:34:33] [342/458] JTMN
[16:34:33] [343/458] FRCJ
[16:34:33] 🔄 Identity reset
[16:34:33] 🔄 Identity rotated (every 10 requests)
[16:34:35] [344/458] DDJP
[16:34:35] [345/458] INJV
[16:34:36] [346/458] GOLC
[16:34:37] [347/458] KOCI
[16:34:38] [348/458] FSTD
[16:34:39] [349/458] PACJ
[16:34:40] [350/458] GMCN
[16:34:41] [351/458] MMDJ
[16:34:42] [352/458] GODH
[16:34:42] [353/458] SKYN
[16:34:42] 🔄 Identity reset
[16:34:42] 🔄 Identity rotated (every 10 requests)
[16:34:44] [354/458] NCTH
[16:34:45] [355/458] SKVZ
[16:34:46] [356/458] SVML
[16:34:46] [357/458] ACVZ
[16:34:47] [358/458] SURA
[16:34:48] [359/458] RTRB
[16:34:49] [360/458] LLCT
[16:34:50] [361/458] ATTS
[16:34:51] [362/458] JYCM
[16:34:52] [363/458] CTKR
[16:34:52] 🔄 Identity reset
[16:34:52] 🔄 Identity rotated (every 10 requests)
[16:34:53] [364/458] LCKR
[16:34:54] [365/458] NYCV
[16:34:54] [366/458] NYOH
[16:34:55] [367/458] NOVX
[16:34:57] [368/458] MRGK
[16:34:58] [369/458] MOON
[16:34:59] [370/458] SBUC
[16:35:00] [371/458] GSVA
[16:35:01] [372/458] VIAK
[16:35:02] [373/458] SMVZ
[16:35:02] 🔄 Identity reset
[16:35:02] 🔄 Identity rotated (every 10 requests)
[16:35:03] [374/458] MATE
[16:35:03] [375/458] RDCN
[16:35:05] [376/458] ASBL
[16:35:06] [377/458] ASVS
[16:35:07] [378/458] ASSR
[16:35:08] [379/458] SSKN
[16:35:09] [380/458] DRPV
[16:35:10] [381/458] MRHT
[16:35:11] [382/458] BSCN
[16:35:12] [383/458] RKNX
[16:35:12] 🔄 Identity reset
[16:35:12] 🔄 Identity rotated (every 10 requests)
[16:35:13] [384/458] MSMC
[16:35:14] [385/458] MSCJ
[16:35:15] [386/458] BTBJ
[16:35:16] [387/458] MJCC
[16:35:18] [388/458] IOMM
[16:35:19] [389/458] ADGR
[16:35:19] [390/458] MYCP
[16:35:20] [391/458] IGCM
[16:35:21] [392/458] PGRK
[16:35:23] [393/458] VPGO
[16:35:23] 🔄 Identity reset
[16:35:23] 🔄 Identity rotated (every 10 requests)
[16:35:24] [394/458] KOMS
[16:35:25] [395/458] URGG
[16:35:26] [396/458] GOST
[16:35:26] [397/458] LACT
[16:35:27] [398/458] BWCM
[16:35:28] [399/458] NCCW
[16:35:29] [400/458] SKYC
[16:35:30] [401/458] CCPM
[16:35:31] [402/458] VCBT
[16:35:32] [403/458] SDKR
[16:35:32] 🔄 Identity reset
[16:35:32] 🔄 Identity rotated (every 10 requests)
[16:35:33] [404/458] CTYB
[16:35:34] [405/458] SHCX
[16:35:35] [406/458] RCUN
[16:35:36] [407/458] CNRA
[16:35:37] [408/458] RFCA
[16:35:38] [409/458] RDCU
[16:35:39] [410/458] SARK
[16:35:39] [411/458] SPPP
[16:35:40] [412/458] ADMB
[16:35:42] [413/458] JYOE
[16:35:42] 🔄 Identity reset
[16:35:42] 🔄 Identity rotated (every 10 requests)
[16:35:43] [414/458] SRMD
[16:35:44] [415/458] RJDH
[16:35:46] [416/458] SSTD
[16:35:46] [417/458] AACV
[16:35:47] [418/458] PPVD
[16:35:48] [419/458] STCP
[16:35:49] [420/458] ANLS
[16:35:50] [421/458] BIJO
[16:35:51] [422/458] AVAB
[16:35:52] [423/458] SPMD
[16:35:52] 🔄 Identity reset
[16:35:52] 🔄 Identity rotated (every 10 requests)
[16:35:53] 🔄 Retry 1/5 for SPMD in 2.5s
[16:35:53] 🔄 Identity reset
[16:35:55] 🧠 New identity created
[16:35:56] [424/458] SVJL
[16:35:57] [425/458] SDDJ
[16:35:58] [426/458] SLTU
[16:35:59] [427/458] SAKA
[16:36:00] [428/458] PMAM
[16:36:01] [429/458] FNAM
[16:36:02] [430/458] ACAM
[16:36:03] [431/458] SCMM
[16:36:04] [432/458] PMAK
[16:36:04] 🔄 Identity reset
[16:36:04] 🔄 Identity rotated (every 10 requests)
[16:36:04] 🔄 Retry 1/5 for PMAK in 2.2s
[16:36:04] 🔄 Identity reset
[16:36:06] 🧠 New identity created
[16:36:07] [433/458] NYSA
[16:36:08] [434/458] FCPA
[16:36:09] [435/458] GDAN
[16:36:10] [436/458] RSCA
[16:36:11] [437/458] DMAN
[16:36:12] [438/458] DZCM
[16:36:13] [439/458] NSGL
[16:36:14] [440/458] CCPP
[16:36:15] [441/458] PSMG
[16:36:15] 🔄 Identity reset
[16:36:15] 🔄 Identity rotated (every 10 requests)
[16:36:15] 🔄 Retry 1/5 for PSMG in 2.5s
[16:36:15] 🔄 Identity reset
[16:36:18] 🧠 New identity created
[16:36:18] [442/458] GSER
[16:36:19] [443/458] FCCT
[16:36:20] [444/458] FCTB
[16:36:22] [445/458] LCNK
[16:36:23] [446/458] SKTY
[16:36:24] [447/458] INAA
[16:36:25] [448/458] RCWN
[16:36:25] [449/458] VAIS
[16:36:27] [450/458] CVMN
[16:36:27] 🔄 Identity reset
[16:36:27] 🔄 Identity rotated (every 10 requests)
[16:36:27] [451/458] INTS
[16:36:28] [452/458] FRGS
[16:36:29] [453/458] DTCK
[16:36:30] [454/458] MCMH
[16:36:31] [455/458] ECRR
[16:36:32] [456/458] RLLP
[16:36:33] [457/458] CCSN
[16:36:34] [458/458] CCBA
[16:36:35] 🧹 Deduping shows
[16:36:35] ✅ DONE | Shows=3457 | Movies=55
[18:54:54] 🚀 SCRIPT STARTED
[18:54:54] [1/458] MBDC
[18:54:54] 🧠 New identity created
[18:54:54] 🔄 Retry 1/5 for MBDC in 2.9s
[18:54:54] 🔄 Identity reset
[18:54:57] 🧠 New identity created
[18:54:58] [2/458] CHKM
[18:54:58] [3/458] JTKZ
[18:54:59] [4/458] CMCT
[18:55:00] [5/458] ASHO
[18:55:02] [6/458] ECDG
[18:55:04] [7/458] SPAT
[18:55:05] [8/458] HILC
[18:55:06] [9/458] SPPH
[18:55:06] 🔄 Identity reset
[18:55:06] 🔄 Identity rotated (every 10 requests)
[18:55:07] [10/458] SBHN
[18:55:08] [11/458] RRCA
[18:55:09] [12/458] APAA
[18:55:11] [13/458] RAME
[18:55:12] [14/458] TMMS
[18:55:13] [15/458] BATK
[18:55:14] [16/458] LKOP
[18:55:14] [17/458] AMTT
[18:55:15] [18/458] PTGK
[18:55:17] [19/458] ANRS
[18:55:17] 🔄 Identity reset
[18:55:17] 🔄 Identity rotated (every 10 requests)
[18:55:18] [20/458] VWBW
[18:55:19] [21/458] SVFG
[18:55:20] [22/458] STAT
[18:55:21] [23/458] GDCV
[18:55:22] [24/458] VEBI
[18:55:23] [25/458] VDSS
[18:55:24] [26/458] NTHV
[18:55:25] [27/458] AOCH
[18:55:27] [28/458] KASR
[18:55:27] [29/458] AYCS
[18:55:27] 🔄 Identity reset
[18:55:28] 🔄 Identity rotated (every 10 requests)
[18:55:28] 🔄 Retry 1/5 for AYCS in 2.8s
[18:55:28] 🔄 Identity reset
[18:55:30] 🧠 New identity created
[18:55:31] [30/458] SHAI
[18:55:32] [31/458] SKPE
[18:55:33] [32/458] SBTA
[18:55:34] [33/458] RTTD
[18:55:35] [34/458] CCJD
[18:55:36] [35/458] RSJJ
[18:55:36] [36/458] RKND
[18:55:37] [37/458] SVTX
[18:55:38] [38/458] BAKM
[18:55:38] 🔄 Identity reset
[18:55:38] 🔄 Identity rotated (every 10 requests)
[18:55:39] [39/458] SVDC
[18:55:40] [40/458] MNCV
[18:55:41] [41/458] SJGC
[18:55:42] [42/458] MTPK
[18:55:43] [43/458] GATP
[18:55:44] [44/458] ABTS
[18:55:45] [45/458] ABDE
[18:55:46] [46/458] RCNM
[18:55:47] [47/458] KTHV
[18:55:48] [48/458] MDGJ
[18:55:48] 🔄 Identity reset
[18:55:48] 🔄 Identity rotated (every 10 requests)
[18:55:50] [49/458] SMLM
[18:55:51] [50/458] JTMA
[18:55:52] [51/458] ACKP
[18:55:53] [52/458] SRTA
[18:55:54] [53/458] STAY
[18:55:55] [54/458] MAVO
[18:55:56] [55/458] APTS
[18:55:57] [56/458] OMEA
[18:55:58] [57/458] TTFD
[18:55:58] [58/458] MJCU
[18:55:58] 🔄 Identity reset
[18:55:59] 🔄 Identity rotated (every 10 requests)
[18:55:59] [59/458] CXTE
[18:56:00] [60/458] CTPX
[18:56:01] [61/458] ASSL
[18:56:02] [62/458] CMVB
[18:56:03] [63/458] VPUR
[18:56:04] [64/458] JJDA
[18:56:05] [65/458] INBL
[18:56:06] [66/458] BIKB
[18:56:07] [67/458] NTBB
[18:56:08] [68/458] GLOB
[18:56:08] 🔄 Identity reset
[18:56:08] 🔄 Identity rotated (every 10 requests)
[18:56:09] [69/458] SNTB
[18:56:10] [70/458] CHGV
[18:56:10] [71/458] SSBZ
[18:56:12] [72/458] PRDB
[18:56:12] [73/458] ISMT
[18:56:13] [74/458] MCSD
[18:56:14] [75/458] JBTT
[18:56:15] [76/458] GEKR
[18:56:16] [77/458] PVUN
[18:56:17] [78/458] NRTB
[18:56:17] 🔄 Identity reset
[18:56:17] 🔄 Identity rotated (every 10 requests)
[18:56:19] [79/458] PRAA
[18:56:20] [80/458] PCBL
[18:56:20] [81/458] PTCM
[18:56:22] [82/458] KHNN
[18:56:23] [83/458] OMJE
[18:56:24] [84/458] STGN
[18:56:25] [85/458] RPMS
[18:56:26] [86/458] NWAD
[18:56:27] [87/458] BLCK
[18:56:28] [88/458] SVAA
[18:56:28] 🔄 Identity reset
[18:56:28] 🔄 Identity rotated (every 10 requests)
[18:56:28] 🔄 Retry 1/5 for SVAA in 2.6s
[18:56:28] 🔄 Identity reset
[18:56:30] 🧠 New identity created
[18:56:31] [89/458] URVM
[18:56:32] [90/458] ANTM
[18:56:34] [91/458] VJYM
[18:56:35] [92/458] MAZZ
[18:56:36] [93/458] CSHM
[18:56:37] [94/458] WGMH
[18:56:38] [95/458] SALN
[18:56:38] [96/458] BRTP
[18:56:39] [97/458] SVTA
[18:56:39] 🔄 Identity reset
[18:56:39] 🔄 Identity rotated (every 10 requests)
[18:56:40] [98/458] SBTP
[18:56:41] [99/458] VLSS
[18:56:42] [100/458] SRJA
[18:56:43] [101/458] ANCG
[18:56:44] [102/458] CGGC
[18:56:44] [103/458] CRJA
[18:56:45] [104/458] USCR
[18:56:46] [105/458] MMEF
[18:56:47] [106/458] JCRJ
[18:56:48] [107/458] ADCM
[18:56:48] 🔄 Identity reset
[18:56:49] 🔄 Identity rotated (every 10 requests)
[18:56:49] [108/458] BMYK
[18:56:50] [109/458] KICS
[18:56:51] [110/458] MBBT
[18:56:52] [111/458] MACK
[18:56:53] [112/458] CLDR
[18:56:54] [113/458] JYCR
[18:56:54] [114/458] DCRP
[18:56:55] [115/458] RAHT
[18:56:56] [116/458] CSSM
[18:56:57] [117/458] ATPK
[18:56:57] 🔄 Identity reset
[18:56:57] 🔄 Identity rotated (every 10 requests)
[18:56:58] [118/458] KLRT
[18:56:59] [119/458] SRDD
[18:57:00] [120/458] CKMC
[18:57:01] [121/458] KRVM
[18:57:02] [122/458] AKCP
[18:57:03] [123/458] CNCV
[18:57:04] [124/458] PACT
[18:57:05] [125/458] NATP
[18:57:06] [126/458] PCPK
[18:57:07] [127/458] SMHO
[18:57:07] 🔄 Identity reset
[18:57:07] 🔄 Identity rotated (every 10 requests)
[18:57:07] 🔄 Retry 1/5 for SMHO in 2.8s
[18:57:07] 🔄 Identity reset
[18:57:10] 🧠 New identity created
[18:57:11] [128/458] CWTK
[18:57:12] [129/458] RVKZ
[18:57:13] [130/458] ASPD
[18:57:14] [131/458] VTKZ
[18:57:15] [132/458] LCSO
[18:57:16] [133/458] PRDY
[18:57:17] [134/458] RCAP
[18:57:18] [135/458] RGAR
[18:57:18] [136/458] RCAC
[18:57:18] 🔄 Identity reset
[18:57:19] 🔄 Identity rotated (every 10 requests)
[18:57:19] 🔄 Retry 1/5 for RCAC in 3.0s
[18:57:19] 🔄 Identity reset
[18:57:22] 🧠 New identity created
[18:57:23] [137/458] PMOD
[18:57:24] [138/458] PVCN
[18:57:24] [139/458] SCRZ
[18:57:26] [140/458] PVPC
[18:57:26] [141/458] STID
[18:57:28] [142/458] NEDD
[18:57:29] [143/458] BNBA
[18:57:30] [144/458] NTCD
[18:57:31] [145/458] OCDE
[18:57:31] 🔄 Identity reset
[18:57:31] 🔄 Identity rotated (every 10 requests)
[18:57:31] 🔄 Retry 1/5 for OCDE in 2.6s
[18:57:31] 🔄 Identity reset
[18:57:33] 🧠 New identity created
[18:57:34] [146/458] CCDU
[18:57:35] [147/458] CRXH
[18:57:36] [148/458] VLVT
[18:57:37] [149/458] CICI
[18:57:38] [150/458] SUCB
[18:57:39] [151/458] TCBP
[18:57:40] [152/458] SCCY
[18:57:41] [153/458] LXCY
[18:57:42] [154/458] NCMD
[18:57:42] 🔄 Identity reset
[18:57:42] 🔄 Identity rotated (every 10 requests)
[18:57:43] [155/458] PHCS
[18:57:44] [156/458] DUXR
[18:57:45] [157/458] VNKS
[18:57:47] [158/458] SEDP
[18:57:48] [159/458] SVEN
[18:57:49] [160/458] SRKM
[18:57:50] [161/458] JTLT
[18:57:51] [162/458] SVSS
[18:57:52] [163/458] AMDE
[18:57:53] [164/458] WVRN
[18:57:53] 🔄 Identity reset
[18:57:53] 🔄 Identity rotated (every 10 requests)
[18:57:53] 🔄 Retry 1/5 for WVRN in 2.1s
[18:57:53] 🔄 Identity reset
[18:57:55] 🧠 New identity created
[18:57:57] [165/458] ISMG
[18:57:57] [166/458] WVKS
[18:57:58] [167/458] USCG
[18:58:00] [168/458] IOTG
[18:58:01] [169/458] RRJM
[18:58:02] [170/458] EDMP
[18:58:03] [171/458] SCGZ
[18:58:04] [172/458] GMGX
[18:58:04] [173/458] OMTP
[18:58:04] 🔄 Identity reset
[18:58:05] 🔄 Identity rotated (every 10 requests)
[18:58:05] [174/458] MITD
[18:58:06] [175/458] SMMD
[18:58:07] [176/458] STML
[18:58:08] [177/458] MCFS
[18:58:09] [178/458] FPKA
[18:58:10] [179/458] OMLR
[18:58:12] [180/458] KKSC
[18:58:13] [181/458] RVMA
[18:58:14] [182/458] SCLL
[18:58:15] [183/458] SCDK
[18:58:15] 🔄 Identity reset
[18:58:15] 🔄 Identity rotated (every 10 requests)
[18:58:16] [184/458] SXMI
[18:58:18] [185/458] SHDN
[18:58:19] [186/458] PAAD
[18:58:20] [187/458] UUCB
[18:58:21] [188/458] JHOL
[18:58:22] [189/458] SGWT
[18:58:24] [190/458] SRII
[18:58:25] [191/458] SGCK
[18:58:26] [192/458] SVVB
[18:58:27] [193/458] DMHA
[18:58:27] 🔄 Identity reset
[18:58:27] 🔄 Identity rotated (every 10 requests)
[18:58:28] [194/458] PPNL
[18:58:29] [195/458] CPNL
[18:58:29] [196/458] WVLD
[18:58:30] [197/458] PSLV
[18:58:32] [198/458] VTTL
[18:58:33] [199/458] NPAD
[18:58:34] [200/458] PVCS
[18:58:35] [201/458] MCHL
[18:58:36] [202/458] PPLL
[18:58:36] [203/458] MALO
[18:58:36] 🔄 Identity reset
[18:58:36] 🔄 Identity rotated (every 10 requests)
[18:58:37] [204/458] SWBH
[18:58:38] [205/458] PUGB
[18:58:39] [206/458] INBB
[18:58:40] [207/458] INNS
[18:58:42] [208/458] MCPT
[18:58:42] [209/458] SCMI
[18:58:43] [210/458] OCON
[18:58:44] [211/458] SCSM
[18:58:45] [212/458] RJVN
[18:58:46] [213/458] AMDK
[18:58:46] 🔄 Identity reset
[18:58:46] 🔄 Identity rotated (every 10 requests)
[18:58:47] [214/458] ISMR
[18:58:48] [215/458] SMTD
[18:58:49] [216/458] VTDD
[18:58:49] [217/458] PDDZ
[18:58:51] [218/458] PCCK
[18:58:52] [219/458] INAM
[18:58:53] [220/458] FNKT
[18:58:54] [221/458] GDKA
[18:58:54] [222/458] MAYU
[18:58:55] [223/458] TCGU
[18:58:55] 🔄 Identity reset
[18:58:55] 🔄 Identity rotated (every 10 requests)
[18:58:56] [224/458] KDCA
[18:58:57] [225/458] DOMY
[18:58:58] [226/458] PDDD
[18:58:59] [227/458] BJTS
[18:59:00] [228/458] VTCA
[18:59:01] [229/458] SBTM
[18:59:03] [230/458] SEET
[18:59:04] [231/458] SSTJ
[18:59:05] [232/458] SVNT
[18:59:06] [233/458] PPPR
[18:59:06] 🔄 Identity reset
[18:59:06] 🔄 Identity rotated (every 10 requests)
[18:59:07] [234/458] PVYS
[18:59:08] [235/458] IOSE
[18:59:09] [236/458] ACTV
[18:59:10] [237/458] APVE
[18:59:11] [238/458] TCCL
[18:59:12] [239/458] SCMO
[18:59:12] [240/458] SAUM
[18:59:13] [241/458] KCJS
[18:59:14] [242/458] NJCJ
[18:59:15] [243/458] NECF
[18:59:15] 🔄 Identity reset
[18:59:15] 🔄 Identity rotated (every 10 requests)
[18:59:16] [244/458] CCGW
[18:59:18] [245/458] CCMG
[18:59:19] [246/458] NYRG
[18:59:20] [247/458] NCSQ
[18:59:21] [248/458] GRCG
[18:59:22] [249/458] CCBT
[18:59:22] [250/458] ACGA
[18:59:23] [251/458] INAG
[18:59:24] [252/458] FUCG
[18:59:25] [253/458] AICF
[18:59:25] 🔄 Identity reset
[18:59:25] 🔄 Identity rotated (every 10 requests)
[18:59:26] [254/458] GRGA
[18:59:28] [255/458] GDCN
[18:59:29] [256/458] RRCG
[18:59:30] [257/458] SDCH
[18:59:31] [258/458] WVJM
[18:59:32] [259/458] JCCZ
[18:59:33] [260/458] CNCL
[18:59:33] [261/458] TMLV
[18:59:34] [262/458] MEMB
[18:59:35] [263/458] SGTD
[18:59:35] 🔄 Identity reset
[18:59:35] 🔄 Identity rotated (every 10 requests)
[18:59:35] 🔄 Retry 1/5 for SGTD in 2.8s
[18:59:35] 🔄 Identity reset
[18:59:38] 🧠 New identity created
[18:59:39] [264/458] CONX
[18:59:41] [265/458] CCMH
[18:59:42] [266/458] ACMC
[18:59:43] [267/458] DTPD
[18:59:44] [268/458] POJA
[18:59:46] [269/458] FNBH
[18:59:47] [270/458] CGCB
[18:59:48] [271/458] RACN
[18:59:49] [272/458] JTSM
[18:59:49] 🔄 Identity reset
[18:59:49] 🔄 Identity rotated (every 10 requests)
[18:59:49] [273/458] SCDN
[18:59:50] [274/458] AACK
[18:59:51] [275/458] RMCE
[18:59:52] [276/458] BSGB
[18:59:53] [277/458] MRCB
[18:59:54] [278/458] SRVR
[18:59:55] [279/458] VTKK
[18:59:56] [280/458] AMST
[18:59:57] [281/458] APCY
[18:59:58] [282/458] LMHO
[18:59:58] 🔄 Identity reset
[18:59:58] 🔄 Identity rotated (every 10 requests)
[18:59:59] [283/458] MTZH
[19:00:00] [284/458] AMZB
[19:00:01] [285/458] SUVT
[19:00:02] [286/458] RCIP
[19:00:03] [287/458] KESR
[19:00:04] [288/458] SNKC
[19:00:05] [289/458] SCED
[19:00:06] [290/458] DVCA
[19:00:07] [291/458] VCDT
[19:00:08] [292/458] RRDI
[19:00:08] 🔄 Identity reset
[19:00:08] 🔄 Identity rotated (every 10 requests)
[19:00:09] [293/458] DFCH
[19:00:10] [294/458] INSC
[19:00:11] [295/458] RGTR
[19:00:12] [296/458] FMOT
[19:00:12] [297/458] SCPM
[19:00:13] [298/458] GCDT
[19:00:14] [299/458] BRKT
[19:00:15] [300/458] DEMP
[19:00:16] [301/458] SRLC
[19:00:17] [302/458] KSTT
[19:00:17] 🔄 Identity reset
[19:00:17] 🔄 Identity rotated (every 10 requests)
[19:00:17] 🔄 Retry 1/5 for KSTT in 2.7s
[19:00:17] 🔄 Identity reset
[19:00:20] 🧠 New identity created
[19:00:21] [303/458] SMMT
[19:00:23] [304/458] SILM
[19:00:23] [305/458] JCVM
[19:00:24] [306/458] KCSV
[19:00:25] [307/458] MHLK
[19:00:26] [308/458] SLVL
[19:00:27] [309/458] RJKP
[19:00:28] [310/458] BBPC
[19:00:29] [311/458] MXCB
[19:00:29] 🔄 Identity reset
[19:00:29] 🔄 Identity rotated (every 10 requests)
[19:00:30] [312/458] TCPK
[19:00:31] [313/458] RTBR
[19:00:32] [314/458] GAUT
[19:00:33] [315/458] DVCF
[19:00:34] [316/458] JTSB
[19:00:34] [317/458] SBLS
[19:00:35] [318/458] UDAY
[19:00:36] [319/458] PTNP
[19:00:37] [320/458] DMKT
[19:00:38] [321/458] NTDT
[19:00:38] 🔄 Identity reset
[19:00:38] 🔄 Identity rotated (every 10 requests)
[19:00:38] 🔄 Retry 1/5 for NTDT in 2.5s
[19:00:38] 🔄 Identity reset
[19:00:41] 🧠 New identity created
[19:00:42] [322/458] SHDJ
[19:00:42] [323/458] OTNC
[19:00:43] [324/458] RNTW
[19:00:44] [325/458] GCMI
[19:00:45] [326/458] CRCM
[19:00:46] [327/458] NNCZ
[19:00:46] [328/458] OEMO
[19:00:48] [329/458] PVJM
[19:00:49] [330/458] CPJI
[19:00:49] 🔄 Identity reset
[19:00:49] 🔄 Identity rotated (every 10 requests)
[19:00:50] [331/458] RMCJ
[19:00:51] [332/458] CNWJ
[19:00:52] [333/458] EPJM
[19:00:53] [334/458] FNJJ
[19:00:54] [335/458] GCMJ
[19:00:55] [336/458] INPS
[19:00:55] [337/458] BICJ
[19:00:56] [338/458] ISTJ
[19:00:57] [339/458] INJC
[19:00:58] [340/458] GLXJ
[19:00:58] 🔄 Identity reset
[19:00:58] 🔄 Identity rotated (every 10 requests)
[19:00:59] [341/458] INEM
[19:01:00] [342/458] JTMN
[19:01:01] [343/458] FRCJ
[19:01:02] [344/458] DDJP
[19:01:03] [345/458] INJV
[19:01:03] [346/458] GOLC
[19:01:04] [347/458] KOCI
[19:01:05] [348/458] FSTD
[19:01:06] [349/458] PACJ
[19:01:07] [350/458] GMCN
[19:01:07] 🔄 Identity reset
[19:01:07] 🔄 Identity rotated (every 10 requests)
[19:01:08] [351/458] MMDJ
[19:01:09] [352/458] GODH
[19:01:10] [353/458] SKYN
[19:01:11] [354/458] NCTH
[19:01:12] [355/458] SKVZ
[19:01:13] [356/458] SVML
[19:01:14] [357/458] ACVZ
[19:01:15] [358/458] SURA
[19:01:15] [359/458] RTRB
[19:01:16] [360/458] LLCT
[19:01:16] 🔄 Identity reset
[19:01:16] 🔄 Identity rotated (every 10 requests)
[19:01:17] [361/458] ATTS
[19:01:18] [362/458] JYCM
[19:01:20] [363/458] CTKR
[19:01:21] [364/458] LCKR
[19:01:22] [365/458] NYCV
[19:01:23] [366/458] NYOH
[19:01:23] [367/458] NOVX
[19:01:24] [368/458] MRGK
[19:01:26] [369/458] MOON
[19:01:27] [370/458] SBUC
[19:01:27] 🔄 Identity reset
[19:01:27] 🔄 Identity rotated (every 10 requests)
[19:01:27] 🔄 Retry 1/5 for SBUC in 2.8s
[19:01:27] 🔄 Identity reset
[19:01:30] 🧠 New identity created
[19:01:31] [371/458] GSVA
[19:01:32] [372/458] VIAK
[19:01:33] [373/458] SMVZ
[19:01:34] [374/458] MATE
[19:01:35] [375/458] RDCN
[19:01:36] [376/458] ASBL
[19:01:37] [377/458] ASVS
[19:01:38] [378/458] ASSR
[19:01:40] [379/458] SSKN
[19:01:40] 🔄 Identity reset
[19:01:40] 🔄 Identity rotated (every 10 requests)
[19:01:41] [380/458] DRPV
[19:01:42] [381/458] MRHT
[19:01:43] [382/458] BSCN
[19:01:44] [383/458] RKNX
[19:01:45] [384/458] MSMC
[19:01:46] [385/458] MSCJ
[19:01:47] [386/458] BTBJ
[19:01:48] [387/458] MJCC
[19:01:49] [388/458] IOMM
[19:01:50] [389/458] ADGR
[19:01:50] 🔄 Identity reset
[19:01:50] 🔄 Identity rotated (every 10 requests)
[19:01:51] [390/458] MYCP
[19:01:51] [391/458] IGCM
[19:01:52] [392/458] PGRK
[19:01:53] [393/458] VPGO
[19:01:54] [394/458] KOMS
[19:01:55] [395/458] URGG
[19:01:56] [396/458] GOST
[19:01:57] [397/458] LACT
[19:01:57] [398/458] BWCM
[19:01:58] [399/458] NCCW
[19:01:58] 🔄 Identity reset
[19:01:58] 🔄 Identity rotated (every 10 requests)
[19:01:59] [400/458] SKYC
[19:02:00] [401/458] CCPM
[19:02:01] [402/458] VCBT
[19:02:02] [403/458] SDKR
[19:02:03] [404/458] CTYB
[19:02:04] [405/458] SHCX
[19:02:05] [406/458] RCUN
[19:02:06] [407/458] CNRA
[19:02:07] [408/458] RFCA
[19:02:08] [409/458] RDCU
[19:02:08] 🔄 Identity reset
[19:02:08] 🔄 Identity rotated (every 10 requests)
[19:02:09] [410/458] SARK
[19:02:10] [411/458] SPPP
[19:02:11] [412/458] ADMB
[19:02:12] [413/458] JYOE
[19:02:13] [414/458] SRMD
[19:02:14] [415/458] RJDH
[19:02:15] [416/458] SSTD
[19:02:16] [417/458] AACV
[19:02:17] [418/458] PPVD
[19:02:18] [419/458] STCP
[19:02:18] 🔄 Identity reset
[19:02:18] 🔄 Identity rotated (every 10 requests)
[19:02:19] [420/458] ANLS
[19:02:20] [421/458] BIJO
[19:02:21] [422/458] AVAB
[19:02:22] [423/458] SPMD
[19:02:23] [424/458] SVJL
[19:02:24] [425/458] SDDJ
[19:02:25] [426/458] SLTU
[19:02:26] [427/458] SAKA
[19:02:27] [428/458] PMAM
[19:02:28] [429/458] FNAM
[19:02:28] 🔄 Identity reset
[19:02:28] 🔄 Identity rotated (every 10 requests)
[19:02:29] [430/458] ACAM
[19:02:30] [431/458] SCMM
[19:02:31] [432/458] PMAK
[19:02:31] [433/458] NYSA
[19:02:32] [434/458] FCPA
[19:02:33] [435/458] GDAN
[19:02:34] [436/458] RSCA
[19:02:35] [437/458] DMAN
[19:02:36] [438/458] DZCM
[19:02:37] [439/458] NSGL
[19:02:37] 🔄 Identity reset
[19:02:37] 🔄 Identity rotated (every 10 requests)
[19:02:38] [440/458] CCPP
[19:02:39] [441/458] PSMG
[19:02:39] [442/458] GSER
[19:02:40] [443/458] FCCT
[19:02:41] [444/458] FCTB
[19:02:42] [445/458] LCNK
[19:02:43] [446/458] SKTY
[19:02:44] [447/458] INAA
[19:02:45] [448/458] RCWN
[19:02:47] [449/458] VAIS
[19:02:47] 🔄 Identity reset
[19:02:47] 🔄 Identity rotated (every 10 requests)
[19:02:47] [450/458] CVMN
[19:02:48] [451/458] INTS
[19:02:49] [452/458] FRGS
[19:02:50] [453/458] DTCK
[19:02:51] [454/458] MCMH
[19:02:52] [455/458] ECRR
[19:02:53] [456/458] RLLP
[19:02:54] [457/458] CCSN
[19:02:55] [458/458] CCBA
[19:02:57] 🧹 Deduping shows
[19:02:57] ✅ DONE | Shows=3529 | Movies=55
[19:49:56] 🚀 SCRIPT STARTED
[19:49:56] [1/458] MBDC
[19:49:56] 🧠 New identity created
[19:49:58] [2/458] CHKM
[19:49:59] [3/458] JTKZ
[19:50:01] [4/458] CMCT
[19:50:02] [5/458] ASHO
[19:50:03] [6/458] ECDG
[19:50:04] [7/458] SPAT
[19:50:05] [8/458] HILC
[19:50:06] [9/458] SPPH
[19:50:06] [10/458] SBHN
[19:50:06] 🔄 Identity reset
[19:50:07] 🔄 Identity rotated (every 10 requests)
[19:50:08] [11/458] RRCA
[19:50:08] [12/458] APAA
[19:50:09] [13/458] RAME
[19:50:10] [14/458] TMMS
[19:50:11] [15/458] BATK
[19:50:12] [16/458] LKOP
[19:50:13] [17/458] AMTT
[19:50:13] [18/458] PTGK
[19:50:14] [19/458] ANRS
[19:50:15] [20/458] VWBW
[19:50:15] 🔄 Identity reset
[19:50:15] 🔄 Identity rotated (every 10 requests)
[19:50:16] [21/458] SVFG
[19:50:17] [22/458] STAT
[19:50:18] [23/458] GDCV
[19:50:19] [24/458] VEBI
[19:50:20] [25/458] VDSS
[19:50:20] [26/458] NTHV
[19:50:21] [27/458] AOCH
[19:50:22] [28/458] KASR
[19:50:23] [29/458] AYCS
[19:50:24] [30/458] SHAI
[19:50:24] 🔄 Identity reset
[19:50:24] 🔄 Identity rotated (every 10 requests)
[19:50:25] [31/458] SKPE
[19:50:26] [32/458] SBTA
[19:50:27] [33/458] RTTD
[19:50:28] [34/458] CCJD
[19:50:29] [35/458] RSJJ
[19:50:29] [36/458] RKND
[19:50:30] [37/458] SVTX
[19:50:31] [38/458] BAKM
[19:50:33] [39/458] SVDC
[19:50:34] [40/458] MNCV
[19:50:34] 🔄 Identity reset
[19:50:34] 🔄 Identity rotated (every 10 requests)
[19:50:35] [41/458] SJGC
[19:50:35] [42/458] MTPK
[19:50:36] [43/458] GATP
[19:50:37] [44/458] ABTS
[19:50:38] [45/458] ABDE
[19:50:39] [46/458] RCNM
[19:50:40] [47/458] KTHV
[19:50:41] [48/458] MDGJ
[19:50:42] [49/458] SMLM
[19:50:43] [50/458] JTMA
[19:50:43] 🔄 Identity reset
[19:50:43] 🔄 Identity rotated (every 10 requests)
[19:50:43] 🔄 Retry 1/5 for JTMA in 2.4s
[19:50:43] 🔄 Identity reset
[19:50:45] 🧠 New identity created
[19:50:45] 🔄 Retry 2/5 for JTMA in 4.2s
[19:50:45] 🔄 Identity reset
[19:50:49] 🧠 New identity created
[19:50:49] 🔄 Retry 3/5 for JTMA in 8.8s
[19:50:49] 🔄 Identity reset
[19:50:58] 🧠 New identity created
[19:50:59] [51/458] ACKP
[19:51:00] [52/458] SRTA
[19:51:01] [53/458] STAY
[19:51:02] [54/458] MAVO
[19:51:03] [55/458] APTS
[19:51:03] [56/458] OMEA
[19:51:04] [57/458] TTFD
[19:51:04] 🔄 Identity reset
[19:51:04] 🔄 Identity rotated (every 10 requests)
[19:51:05] [58/458] MJCU
[19:51:07] [59/458] CXTE
[19:51:08] [60/458] CTPX
[19:51:09] [61/458] ASSL
[19:51:10] [62/458] CMVB
[19:51:11] [63/458] VPUR
[19:51:12] [64/458] JJDA
[19:51:14] [65/458] INBL
[19:51:14] [66/458] BIKB
[19:51:15] [67/458] NTBB
[19:51:15] 🔄 Identity reset
[19:51:15] 🔄 Identity rotated (every 10 requests)
[19:51:15] 🔄 Retry 1/5 for NTBB in 2.4s
[19:51:15] 🔄 Identity reset
[19:51:18] 🧠 New identity created
[19:51:19] [68/458] GLOB
[19:51:20] [69/458] SNTB
[19:51:20] [70/458] CHGV
[19:51:21] [71/458] SSBZ
[19:51:22] [72/458] PRDB
[19:51:23] [73/458] ISMT
[19:51:24] [74/458] MCSD
[19:51:25] [75/458] JBTT
[19:51:26] [76/458] GEKR
[19:51:26] 🔄 Identity reset
[19:51:26] 🔄 Identity rotated (every 10 requests)
[19:51:27] [77/458] PVUN
[19:51:28] [78/458] NRTB
[19:51:29] [79/458] PRAA
[19:51:30] [80/458] PCBL
[19:51:31] [81/458] PTCM
[19:51:33] [82/458] KHNN
[19:51:33] [83/458] OMJE
[19:51:34] [84/458] STGN
[19:51:35] [85/458] RPMS
[19:51:36] [86/458] NWAD
[19:51:36] 🔄 Identity reset
[19:51:36] 🔄 Identity rotated (every 10 requests)
[19:51:36] 🔄 Retry 1/5 for NWAD in 3.0s
[19:51:36] 🔄 Identity reset
[19:51:39] 🧠 New identity created
[19:51:39] 🔄 Retry 2/5 for NWAD in 4.5s
[19:51:39] 🔄 Identity reset
[19:51:44] 🧠 New identity created
[19:51:44] 🔄 Retry 3/5 for NWAD in 8.8s
[19:51:44] 🔄 Identity reset
[19:51:53] 🧠 New identity created
[19:51:54] [87/458] BLCK
[19:51:54] [88/458] SVAA
[19:51:55] [89/458] URVM
[19:51:56] [90/458] ANTM
[19:51:57] [91/458] VJYM
[19:51:58] [92/458] MAZZ
[19:51:59] [93/458] CSHM
[19:51:59] 🔄 Identity reset
[19:51:59] 🔄 Identity rotated (every 10 requests)
[19:52:00] [94/458] WGMH
[19:52:01] [95/458] SALN
[19:52:02] [96/458] BRTP
[19:52:03] [97/458] SVTA
[19:52:03] [98/458] SBTP
[19:52:04] [99/458] VLSS
[19:52:05] [100/458] SRJA
[19:52:06] [101/458] ANCG
[19:52:07] [102/458] CGGC
[19:52:08] [103/458] CRJA
[19:52:08] 🔄 Identity reset
[19:52:08] 🔄 Identity rotated (every 10 requests)
[19:52:08] 🔄 Retry 1/5 for CRJA in 2.9s
[19:52:08] 🔄 Identity reset
[19:52:11] 🧠 New identity created
[19:52:11] 🔄 Retry 2/5 for CRJA in 4.7s
[19:52:11] 🔄 Identity reset
[19:52:16] 🧠 New identity created
[19:52:16] 🔄 Retry 3/5 for CRJA in 8.1s
[19:52:16] 🔄 Identity reset
[19:52:24] 🧠 New identity created
[19:52:25] [104/458] USCR
[19:52:26] [105/458] MMEF
[19:52:27] [106/458] JCRJ
[19:52:28] [107/458] ADCM
[19:52:29] [108/458] BMYK
[19:52:30] [109/458] KICS
[19:52:31] [110/458] MBBT
[19:52:31] 🔄 Identity reset
[19:52:31] 🔄 Identity rotated (every 10 requests)
[19:52:31] 🔄 Retry 1/5 for MBBT in 2.1s
[19:52:31] 🔄 Identity reset
[19:52:33] 🧠 New identity created
[19:52:34] [111/458] MACK
[19:52:35] [112/458] CLDR
[19:52:36] [113/458] JYCR
[19:52:37] [114/458] DCRP
[19:52:38] [115/458] RAHT
[19:52:40] [116/458] CSSM
[19:52:41] [117/458] ATPK
[19:52:42] [118/458] KLRT
[19:52:42] [119/458] SRDD
[19:52:42] 🔄 Identity reset
[19:52:43] 🔄 Identity rotated (every 10 requests)
[19:52:43] [120/458] CKMC
[19:52:44] [121/458] KRVM
[19:52:45] [122/458] AKCP
[19:52:47] [123/458] CNCV
[19:52:48] [124/458] PACT
[19:52:49] [125/458] NATP
[19:52:50] [126/458] PCPK
[19:52:51] [127/458] SMHO
[19:52:52] [128/458] CWTK
[19:52:53] [129/458] RVKZ
[19:52:53] 🔄 Identity reset
[19:52:53] 🔄 Identity rotated (every 10 requests)
[19:52:53] 🔄 Retry 1/5 for RVKZ in 2.0s
[19:52:53] 🔄 Identity reset
[19:52:55] 🧠 New identity created
[19:52:56] [130/458] ASPD
[19:52:57] [131/458] VTKZ
[19:52:58] [132/458] LCSO
[19:52:59] [133/458] PRDY
[19:53:00] [134/458] RCAP
[19:53:01] [135/458] RGAR
[19:53:02] [136/458] RCAC
[19:53:03] [137/458] PMOD
[19:53:04] [138/458] PVCN
[19:53:04] 🔄 Identity reset
[19:53:04] 🔄 Identity rotated (every 10 requests)
[19:53:05] [139/458] SCRZ
[19:53:06] [140/458] PVPC
[19:53:07] [141/458] STID
[19:53:08] [142/458] NEDD
[19:53:09] [143/458] BNBA
[19:53:10] [144/458] NTCD
[19:53:11] [145/458] OCDE
[19:53:12] [146/458] CCDU
[19:53:13] [147/458] CRXH
[19:53:14] [148/458] VLVT
[19:53:14] 🔄 Identity reset
[19:53:14] 🔄 Identity rotated (every 10 requests)
[19:53:15] [149/458] CICI
[19:53:16] [150/458] SUCB
[19:53:17] [151/458] TCBP
[19:53:18] [152/458] SCCY
[19:53:19] [153/458] LXCY
[19:53:20] [154/458] NCMD
[19:53:21] [155/458] PHCS
[19:53:22] [156/458] DUXR
[19:53:22] [157/458] VNKS
[19:53:23] [158/458] SEDP
[19:53:23] 🔄 Identity reset
[19:53:23] 🔄 Identity rotated (every 10 requests)
[19:53:24] [159/458] SVEN
[19:53:25] [160/458] SRKM
[19:53:26] [161/458] JTLT
[19:53:27] [162/458] SVSS
[19:53:28] [163/458] AMDE
[19:53:29] [164/458] WVRN
[19:53:30] [165/458] ISMG
[19:53:31] [166/458] WVKS
[19:53:32] [167/458] USCG
[19:53:32] [168/458] IOTG
[19:53:32] 🔄 Identity reset
[19:53:32] 🔄 Identity rotated (every 10 requests)
[19:53:32] 🔄 Retry 1/5 for IOTG in 2.5s
[19:53:32] 🔄 Identity reset
[19:53:35] 🧠 New identity created
[19:53:36] [169/458] RRJM
[19:53:37] [170/458] EDMP
[19:53:39] [171/458] SCGZ
[19:53:40] [172/458] GMGX
[19:53:41] [173/458] OMTP
[19:53:42] [174/458] MITD
[19:53:43] [175/458] SMMD
[19:53:45] [176/458] STML
[19:53:46] [177/458] MCFS
[19:53:46] 🔄 Identity reset
[19:53:46] 🔄 Identity rotated (every 10 requests)
[19:53:47] [178/458] FPKA
[19:53:48] [179/458] OMLR
[19:53:49] [180/458] KKSC
[19:53:50] [181/458] RVMA
[19:53:51] [182/458] SCLL
[19:53:51] [183/458] SCDK
[19:53:53] [184/458] SXMI
[19:53:54] [185/458] SHDN
[19:53:54] [186/458] PAAD
[19:53:55] [187/458] UUCB
[19:53:55] 🔄 Identity reset
[19:53:55] 🔄 Identity rotated (every 10 requests)
[19:53:56] [188/458] JHOL
[19:53:57] [189/458] SGWT
[19:53:58] [190/458] SRII
[19:53:59] [191/458] SGCK
[19:54:00] [192/458] SVVB
[19:54:01] [193/458] DMHA
[19:54:02] [194/458] PPNL
[19:54:03] [195/458] CPNL
[19:54:04] [196/458] WVLD
[19:54:05] [197/458] PSLV
[19:54:05] 🔄 Identity reset
[19:54:05] 🔄 Identity rotated (every 10 requests)
[19:54:05] 🔄 Retry 1/5 for PSLV in 2.8s
[19:54:05] 🔄 Identity reset
[19:54:08] 🧠 New identity created
[19:54:08] 🔄 Retry 2/5 for PSLV in 4.6s
[19:54:08] 🔄 Identity reset
[19:54:12] 🧠 New identity created
[19:54:14] [198/458] VTTL
[19:54:15] [199/458] NPAD
[19:54:16] [200/458] PVCS
[19:54:17] [201/458] MCHL
[19:54:18] [202/458] PPLL
[19:54:19] [203/458] MALO
[19:54:19] [204/458] SWBH
[19:54:21] [205/458] PUGB
[19:54:21] 🔄 Identity reset
[19:54:21] 🔄 Identity rotated (every 10 requests)
[19:54:21] 🔄 Retry 1/5 for PUGB in 2.6s
[19:54:21] 🔄 Identity reset
[19:54:23] 🧠 New identity created
[19:54:24] [206/458] INBB
[19:54:25] [207/458] INNS
[19:54:26] [208/458] MCPT
[19:54:27] [209/458] SCMI
[19:54:28] [210/458] OCON
[19:54:30] [211/458] SCSM
[19:54:30] [212/458] RJVN
[19:54:31] [213/458] AMDK
[19:54:32] [214/458] ISMR
[19:54:32] 🔄 Identity reset
[19:54:32] 🔄 Identity rotated (every 10 requests)
[19:54:32] 🔄 Retry 1/5 for ISMR in 2.6s
[19:54:32] 🔄 Identity reset
[19:54:35] 🧠 New identity created
[19:54:36] [215/458] SMTD
[19:54:37] [216/458] VTDD
[19:54:38] [217/458] PDDZ
[19:54:38] [218/458] PCCK
[19:54:39] [219/458] INAM
[19:54:40] [220/458] FNKT
[19:54:41] [221/458] GDKA
[19:54:42] [222/458] MAYU
[19:54:43] [223/458] TCGU
[19:54:43] 🔄 Identity reset
[19:54:43] 🔄 Identity rotated (every 10 requests)
[19:54:43] 🔄 Retry 1/5 for TCGU in 2.1s
[19:54:43] 🔄 Identity reset
[19:54:45] 🧠 New identity created
[19:54:45] 🔄 Retry 2/5 for TCGU in 4.7s
[19:54:45] 🔄 Identity reset
[19:54:50] 🧠 New identity created
[19:54:50] 🔄 Retry 3/5 for TCGU in 8.6s
[19:54:50] 🔄 Identity reset
[19:54:58] 🧠 New identity created
[19:54:58] 🔄 Retry 4/5 for TCGU in 16.9s
[19:54:58] 🔄 Identity reset
[19:55:15] 🧠 New identity created
[19:55:16] [224/458] KDCA
[19:55:17] [225/458] DOMY
[19:55:18] [226/458] PDDD
[19:55:19] [227/458] BJTS
[19:55:20] [228/458] VTCA
[19:55:21] [229/458] SBTM
[19:55:21] 🔄 Identity reset
[19:55:21] 🔄 Identity rotated (every 10 requests)
[19:55:21] 🔄 Retry 1/5 for SBTM in 2.4s
[19:55:21] 🔄 Identity reset
[19:55:23] 🧠 New identity created
[19:55:23] 🔄 Retry 2/5 for SBTM in 4.9s
[19:55:23] 🔄 Identity reset
[19:55:28] 🧠 New identity created
[19:55:29] [230/458] SEET
[19:55:30] [231/458] SSTJ
[19:55:31] [232/458] SVNT
[19:55:32] [233/458] PPPR
[19:55:33] [234/458] PVYS
[19:55:34] [235/458] IOSE
[19:55:35] [236/458] ACTV
[19:55:36] [237/458] APVE
[19:55:36] 🔄 Identity reset
[19:55:36] 🔄 Identity rotated (every 10 requests)
[19:55:36] 🔄 Retry 1/5 for APVE in 2.6s
[19:55:36] 🔄 Identity reset
[19:55:39] 🧠 New identity created
[19:55:39] 🔄 Retry 2/5 for APVE in 4.5s
[19:55:39] 🔄 Identity reset
[19:55:43] 🧠 New identity created
[19:55:43] 🔄 Retry 3/5 for APVE in 8.4s
[19:55:43] 🔄 Identity reset
[19:55:52] 🧠 New identity created
[19:55:52] 🔄 Retry 4/5 for APVE in 16.2s
[19:55:52] 🔄 Identity reset
[19:56:08] 🧠 New identity created
[19:56:09] [238/458] TCCL
[19:56:10] [239/458] SCMO
[19:56:10] [240/458] SAUM
[19:56:11] [241/458] KCJS
[19:56:12] [242/458] NJCJ
[19:56:13] [243/458] NECF
[19:56:13] 🔄 Identity reset
[19:56:13] 🔄 Identity rotated (every 10 requests)
[19:56:13] 🔄 Retry 1/5 for NECF in 2.9s
[19:56:13] 🔄 Identity reset
[19:56:16] 🧠 New identity created
[19:56:17] [244/458] CCGW
[19:56:18] [245/458] CCMG
[19:56:19] [246/458] NYRG
[19:56:20] [247/458] NCSQ
[19:56:21] [248/458] GRCG
[19:56:21] [249/458] CCBT
[19:56:22] [250/458] ACGA
[19:56:24] [251/458] INAG
[19:56:25] [252/458] FUCG
[19:56:25] 🔄 Identity reset
[19:56:25] 🔄 Identity rotated (every 10 requests)
[19:56:25] [253/458] AICF
[19:56:26] [254/458] GRGA
[19:56:27] [255/458] GDCN
[19:56:28] [256/458] RRCG
[19:56:29] [257/458] SDCH
[19:56:30] [258/458] WVJM
[19:56:31] [259/458] JCCZ
[19:56:32] [260/458] CNCL
[19:56:33] [261/458] TMLV
[19:56:34] [262/458] MEMB
[19:56:34] 🔄 Identity reset
[19:56:34] 🔄 Identity rotated (every 10 requests)
[19:56:35] [263/458] SGTD
[19:56:36] [264/458] CONX
[19:56:37] [265/458] CCMH
[19:56:38] [266/458] ACMC
[19:56:39] [267/458] DTPD
[19:56:40] [268/458] POJA
[19:56:41] [269/458] FNBH
[19:56:42] [270/458] CGCB
[19:56:44] [271/458] RACN
[19:56:45] [272/458] JTSM
[19:56:45] 🔄 Identity reset
[19:56:45] 🔄 Identity rotated (every 10 requests)
[19:56:46] [273/458] SCDN
[19:56:47] [274/458] AACK
[19:56:48] [275/458] RMCE
[19:56:49] [276/458] BSGB
[19:56:50] [277/458] MRCB
[19:56:50] [278/458] SRVR
[19:56:51] [279/458] VTKK
[19:56:52] [280/458] AMST
[19:56:53] [281/458] APCY
[19:56:54] [282/458] LMHO
[19:56:54] 🔄 Identity reset
[19:56:54] 🔄 Identity rotated (every 10 requests)
[19:56:55] [283/458] MTZH
[19:56:56] [284/458] AMZB
[19:56:57] [285/458] SUVT
[19:56:58] [286/458] RCIP
[19:56:59] [287/458] KESR
[19:57:00] [288/458] SNKC
[19:57:01] [289/458] SCED
[19:57:02] [290/458] DVCA
[19:57:03] [291/458] VCDT
[19:57:04] [292/458] RRDI
[19:57:04] 🔄 Identity reset
[19:57:04] 🔄 Identity rotated (every 10 requests)
[19:57:04] [293/458] DFCH
[19:57:05] [294/458] INSC
[19:57:06] [295/458] RGTR
[19:57:07] [296/458] FMOT
[19:57:08] [297/458] SCPM
[19:57:09] [298/458] GCDT
[19:57:10] [299/458] BRKT
[19:57:11] [300/458] DEMP
[19:57:12] [301/458] SRLC
[19:57:13] [302/458] KSTT
[19:57:13] 🔄 Identity reset
[19:57:13] 🔄 Identity rotated (every 10 requests)
[19:57:14] [303/458] SMMT
[19:57:15] [304/458] SILM
[19:57:17] [305/458] JCVM
[19:57:18] [306/458] KCSV
[19:57:19] [307/458] MHLK
[19:57:19] [308/458] SLVL
[19:57:21] [309/458] RJKP
[19:57:21] [310/458] BBPC
[19:57:23] [311/458] MXCB
[19:57:24] [312/458] TCPK
[19:57:24] 🔄 Identity reset
[19:57:24] 🔄 Identity rotated (every 10 requests)
[19:57:24] 🔄 Retry 1/5 for TCPK in 2.8s
[19:57:24] 🔄 Identity reset
[19:57:27] 🧠 New identity created
[19:57:28] [313/458] RTBR
[19:57:29] [314/458] GAUT
[19:57:30] [315/458] DVCF
[19:57:31] [316/458] JTSB
[19:57:32] [317/458] SBLS
[19:57:33] [318/458] UDAY
[19:57:33] [319/458] PTNP
[19:57:34] [320/458] DMKT
[19:57:35] [321/458] NTDT
[19:57:35] 🔄 Identity reset
[19:57:35] 🔄 Identity rotated (every 10 requests)
[19:57:35] 🔄 Retry 1/5 for NTDT in 2.3s
[19:57:35] 🔄 Identity reset
[19:57:37] 🧠 New identity created
[19:57:39] [322/458] SHDJ
[19:57:40] [323/458] OTNC
[19:57:41] [324/458] RNTW
[19:57:42] [325/458] GCMI
[19:57:42] [326/458] CRCM
[19:57:44] [327/458] NNCZ
[19:57:45] [328/458] OEMO
[19:57:46] [329/458] PVJM
[19:57:47] [330/458] CPJI
[19:57:47] 🔄 Identity reset
[19:57:47] 🔄 Identity rotated (every 10 requests)
[19:57:48] [331/458] RMCJ
[19:57:49] [332/458] CNWJ
[19:57:50] [333/458] EPJM
[19:57:51] [334/458] FNJJ
[19:57:52] [335/458] GCMJ
[19:57:53] [336/458] INPS
[19:57:53] [337/458] BICJ
[19:57:54] [338/458] ISTJ
[19:57:55] [339/458] INJC
[19:57:56] [340/458] GLXJ
[19:57:56] 🔄 Identity reset
[19:57:56] 🔄 Identity rotated (every 10 requests)
[19:57:57] [341/458] INEM
[19:57:57] [342/458] JTMN
[19:57:58] [343/458] FRCJ
[19:57:59] [344/458] DDJP
[19:58:00] [345/458] INJV
[19:58:00] [346/458] GOLC
[19:58:01] [347/458] KOCI
[19:58:02] [348/458] FSTD
[19:58:03] [349/458] PACJ
[19:58:03] [350/458] GMCN
[19:58:03] 🔄 Identity reset
[19:58:03] 🔄 Identity rotated (every 10 requests)
[19:58:04] [351/458] MMDJ
[19:58:06] [352/458] GODH
[19:58:07] [353/458] SKYN
[19:58:07] [354/458] NCTH
[19:58:08] [355/458] SKVZ
[19:58:09] [356/458] SVML
[19:58:10] [357/458] ACVZ
[19:58:11] [358/458] SURA
[19:58:11] [359/458] RTRB
[19:58:12] [360/458] LLCT
[19:58:12] 🔄 Identity reset
[19:58:12] 🔄 Identity rotated (every 10 requests)
[19:58:13] [361/458] ATTS
[19:58:14] [362/458] JYCM
[19:58:15] [363/458] CTKR
[19:58:16] [364/458] LCKR
[19:58:17] [365/458] NYCV
[19:58:18] [366/458] NYOH
[19:58:18] [367/458] NOVX
[19:58:19] [368/458] MRGK
[19:58:20] [369/458] MOON
[19:58:21] [370/458] SBUC
[19:58:21] 🔄 Identity reset
[19:58:21] 🔄 Identity rotated (every 10 requests)
[19:58:21] 🔄 Retry 1/5 for SBUC in 2.7s
[19:58:21] 🔄 Identity reset
[19:58:24] 🧠 New identity created
[19:58:24] [371/458] GSVA
[19:58:25] [372/458] VIAK
[19:58:26] [373/458] SMVZ
[19:58:26] [374/458] MATE
[19:58:27] [375/458] RDCN
[19:58:28] [376/458] ASBL
[19:58:28] [377/458] ASVS
[19:58:29] [378/458] ASSR
[19:58:30] [379/458] SSKN
[19:58:30] 🔄 Identity reset
[19:58:30] 🔄 Identity rotated (every 10 requests)
[19:58:30] [380/458] DRPV
[19:58:31] [381/458] MRHT
[19:58:32] [382/458] BSCN
[19:58:32] [383/458] RKNX
[19:58:33] [384/458] MSMC
[19:58:34] [385/458] MSCJ
[19:58:34] [386/458] BTBJ
[19:58:35] [387/458] MJCC
[19:58:36] [388/458] IOMM
[19:58:36] [389/458] ADGR
[19:58:36] 🔄 Identity reset
[19:58:36] 🔄 Identity rotated (every 10 requests)
[19:58:37] [390/458] MYCP
[19:58:38] [391/458] IGCM
[19:58:39] [392/458] PGRK
[19:58:39] [393/458] VPGO
[19:58:40] [394/458] KOMS
[19:58:41] [395/458] URGG
[19:58:41] [396/458] GOST
[19:58:42] [397/458] LACT
[19:58:43] [398/458] BWCM
[19:58:44] [399/458] NCCW
[19:58:44] 🔄 Identity reset
[19:58:44] 🔄 Identity rotated (every 10 requests)
[19:58:44] [400/458] SKYC
[19:58:45] [401/458] CCPM
[19:58:47] [402/458] VCBT
[19:58:48] [403/458] SDKR
[19:58:48] [404/458] CTYB
[19:58:49] [405/458] SHCX
[19:58:50] [406/458] RCUN
[19:58:51] [407/458] CNRA
[19:58:52] [408/458] RFCA
[19:58:54] [409/458] RDCU
[19:58:54] 🔄 Identity reset
[19:58:54] 🔄 Identity rotated (every 10 requests)
[19:58:54] 🔄 Retry 1/5 for RDCU in 2.8s
[19:58:54] 🔄 Identity reset
[19:58:57] 🧠 New identity created
[19:58:57] [410/458] SARK
[19:58:58] [411/458] SPPP
[19:58:59] [412/458] ADMB
[19:58:59] [413/458] JYOE
[19:59:00] [414/458] SRMD
[19:59:01] [415/458] RJDH
[19:59:02] [416/458] SSTD
[19:59:02] [417/458] AACV
[19:59:03] [418/458] PPVD
[19:59:03] 🔄 Identity reset
[19:59:03] 🔄 Identity rotated (every 10 requests)
[19:59:04] [419/458] STCP
[19:59:05] [420/458] ANLS
[19:59:05] [421/458] BIJO
[19:59:06] [422/458] AVAB
[19:59:07] [423/458] SPMD
[19:59:07] [424/458] SVJL
[19:59:08] [425/458] SDDJ
[19:59:09] [426/458] SLTU
[19:59:09] [427/458] SAKA
[19:59:10] [428/458] PMAM
[19:59:10] 🔄 Identity reset
[19:59:10] 🔄 Identity rotated (every 10 requests)
[19:59:11] [429/458] FNAM
[19:59:11] [430/458] ACAM
[19:59:12] [431/458] SCMM
[19:59:13] [432/458] PMAK
[19:59:14] [433/458] NYSA
[19:59:15] [434/458] FCPA
[19:59:15] [435/458] GDAN
[19:59:16] [436/458] RSCA
[19:59:17] [437/458] DMAN
[19:59:18] [438/458] DZCM
[19:59:18] 🔄 Identity reset
[19:59:18] 🔄 Identity rotated (every 10 requests)
[19:59:19] [439/458] NSGL
[19:59:20] [440/458] CCPP
[19:59:21] [441/458] PSMG
[19:59:21] [442/458] GSER
[19:59:22] [443/458] FCCT
[19:59:23] [444/458] FCTB
[19:59:24] [445/458] LCNK
[19:59:25] [446/458] SKTY
[19:59:26] [447/458] INAA
[19:59:27] [448/458] RCWN
[19:59:27] 🔄 Identity reset
[19:59:27] 🔄 Identity rotated (every 10 requests)
[19:59:28] [449/458] VAIS
[19:59:28] [450/458] CVMN
[19:59:29] [451/458] INTS
[19:59:30] [452/458] FRGS
[19:59:30] [453/458] DTCK
[19:59:32] [454/458] MCMH
[19:59:33] [455/458] ECRR
[19:59:34] [456/458] RLLP
[19:59:34] [457/458] CCSN
[19:59:36] [458/458] CCBA
[19:59:36] 🔄 Identity reset
[19:59:36] 🔄 Identity rotated (every 10 requests)
[19:59:36] 🔄 Retry 1/5 for CCBA in 2.0s
[19:59:36] 🔄 Identity reset
[19:59:38] 🧠 New identity created
[19:59:39] 🧹 Deduping shows
[19:59:39] ✅ DONE | Shows=3584 | Movies=55
[20:11:38] 🚀 SCRIPT STARTED
[20:11:38] [1/458] MBDC
[20:11:38] 🧠 New identity created
[20:11:39] [2/458] CHKM
[20:11:41] [3/458] JTKZ
[20:11:42] [4/458] CMCT
[20:11:43] [5/458] ASHO
[20:11:44] [6/458] ECDG
[20:11:45] [7/458] SPAT
[20:11:46] [8/458] HILC
[20:11:47] [9/458] SPPH
[20:11:48] [10/458] SBHN
[20:11:48] 🔄 Identity reset
[20:11:48] 🔄 Identity rotated (every 10 requests)
[20:11:49] [11/458] RRCA
[20:11:49] [12/458] APAA
[20:11:51] [13/458] RAME
[20:11:52] [14/458] TMMS
[20:11:52] [15/458] BATK
[20:11:53] [16/458] LKOP
[20:11:54] [17/458] AMTT
[20:11:55] [18/458] PTGK
[20:11:56] [19/458] ANRS
[20:11:57] [20/458] VWBW
[20:11:57] 🔄 Identity reset
[20:11:57] 🔄 Identity rotated (every 10 requests)
[20:11:57] 🔄 Retry 1/5 for VWBW in 2.8s
[20:11:57] 🔄 Identity reset
[20:12:00] 🧠 New identity created
[20:12:01] [21/458] SVFG
[20:12:02] [22/458] STAT
[20:12:02] [23/458] GDCV
[20:12:03] [24/458] VEBI
[20:12:04] [25/458] VDSS
[20:12:05] [26/458] NTHV
[20:12:06] [27/458] AOCH
[20:12:07] [28/458] KASR
[20:12:08] [29/458] AYCS
[20:12:08] 🔄 Identity reset
[20:12:08] 🔄 Identity rotated (every 10 requests)
[20:12:09] [30/458] SHAI
[20:12:10] [31/458] SKPE
[20:12:11] [32/458] SBTA
[20:12:12] [33/458] RTTD
[20:12:12] [34/458] CCJD
[20:12:14] [35/458] RSJJ
[20:12:15] [36/458] RKND
[20:12:16] [37/458] SVTX
[20:12:17] [38/458] BAKM
[20:12:18] [39/458] SVDC
[20:12:18] 🔄 Identity reset
[20:12:18] 🔄 Identity rotated (every 10 requests)
[20:12:18] [40/458] MNCV
[20:12:19] [41/458] SJGC
[20:12:20] [42/458] MTPK
[20:12:22] [43/458] GATP
[20:12:23] [44/458] ABTS
[20:12:24] [45/458] ABDE
[20:12:25] [46/458] RCNM
[20:12:25] [47/458] KTHV
[20:12:26] [48/458] MDGJ
[20:12:27] [49/458] SMLM
[20:12:27] 🔄 Identity reset
[20:12:27] 🔄 Identity rotated (every 10 requests)
[20:12:28] [50/458] JTMA
[20:12:29] [51/458] ACKP
[20:12:30] [52/458] SRTA
[20:12:31] [53/458] STAY
[20:12:31] [54/458] MAVO
[20:12:32] [55/458] APTS
[20:12:33] [56/458] OMEA
[20:12:34] [57/458] TTFD
[20:12:35] [58/458] MJCU
[20:12:37] [59/458] CXTE
[20:12:37] 🔄 Identity reset
[20:12:37] 🔄 Identity rotated (every 10 requests)
[20:12:37] 🔄 Retry 1/5 for CXTE in 2.3s
[20:12:37] 🔄 Identity reset
[20:12:39] 🧠 New identity created
[20:12:40] [60/458] CTPX
[20:12:41] [61/458] ASSL
[20:12:42] [62/458] CMVB
[20:12:43] [63/458] VPUR
[20:12:44] [64/458] JJDA
[20:12:45] [65/458] INBL
[20:12:46] [66/458] BIKB
[20:12:47] [67/458] NTBB
[20:12:47] [68/458] GLOB
[20:12:47] 🔄 Identity reset
[20:12:47] 🔄 Identity rotated (every 10 requests)
[20:12:49] [69/458] SNTB
[20:12:50] [70/458] CHGV
[20:12:51] [71/458] SSBZ
[20:12:51] [72/458] PRDB
[20:12:52] [73/458] ISMT
[20:12:53] [74/458] MCSD
[20:12:55] [75/458] JBTT
[20:12:56] [76/458] GEKR
[20:12:57] [77/458] PVUN
[20:12:58] [78/458] NRTB
[20:12:58] 🔄 Identity reset
[20:12:58] 🔄 Identity rotated (every 10 requests)
[20:12:59] [79/458] PRAA
[20:13:00] [80/458] PCBL
[20:13:01] [81/458] PTCM
[20:13:02] [82/458] KHNN
[20:13:03] [83/458] OMJE
[20:13:04] [84/458] STGN
[20:13:05] [85/458] RPMS
[20:13:05] [86/458] NWAD
[20:13:06] [87/458] BLCK
[20:13:07] [88/458] SVAA
[20:13:07] 🔄 Identity reset
[20:13:07] 🔄 Identity rotated (every 10 requests)
[20:13:08] [89/458] URVM
[20:13:09] [90/458] ANTM
[20:13:10] [91/458] VJYM
[20:13:12] [92/458] MAZZ
[20:13:12] [93/458] CSHM
[20:13:13] [94/458] WGMH
[20:13:14] [95/458] SALN
[20:13:15] [96/458] BRTP
[20:13:16] [97/458] SVTA
[20:13:17] [98/458] SBTP
[20:13:17] 🔄 Identity reset
[20:13:17] 🔄 Identity rotated (every 10 requests)
[20:13:17] 🔄 Retry 1/5 for SBTP in 3.0s
[20:13:17] 🔄 Identity reset
[20:13:20] 🧠 New identity created
[20:13:21] [99/458] VLSS
[20:13:22] [100/458] SRJA
[20:13:23] [101/458] ANCG
[20:13:24] [102/458] CGGC
[20:13:24] [103/458] CRJA
[20:13:25] [104/458] USCR
[20:13:26] [105/458] MMEF
[20:13:27] [106/458] JCRJ
[20:13:28] [107/458] ADCM
[20:13:28] 🔄 Identity reset
[20:13:28] 🔄 Identity rotated (every 10 requests)
[20:13:29] [108/458] BMYK
[20:13:30] [109/458] KICS
[20:13:31] [110/458] MBBT
[20:13:31] [111/458] MACK
[20:13:32] [112/458] CLDR
[20:13:33] [113/458] JYCR
[20:13:34] [114/458] DCRP
[20:13:35] [115/458] RAHT
[20:13:36] [116/458] CSSM
[20:13:37] [117/458] ATPK
[20:13:37] 🔄 Identity reset
[20:13:37] 🔄 Identity rotated (every 10 requests)
[20:13:38] [118/458] KLRT
[20:13:40] [119/458] SRDD
[20:13:41] [120/458] CKMC
[20:13:41] [121/458] KRVM
[20:13:42] [122/458] AKCP
[20:13:43] [123/458] CNCV
[20:13:44] [124/458] PACT
[20:13:45] [125/458] NATP
[20:13:45] [126/458] PCPK
[20:13:46] [127/458] SMHO
[20:13:46] 🔄 Identity reset
[20:13:46] 🔄 Identity rotated (every 10 requests)
[20:13:46] 🔄 Retry 1/5 for SMHO in 2.6s
[20:13:46] 🔄 Identity reset
[20:13:49] 🧠 New identity created
[20:13:50] [128/458] CWTK
[20:13:51] [129/458] RVKZ
[20:13:52] [130/458] ASPD
[20:13:53] [131/458] VTKZ
[20:13:53] [132/458] LCSO
[20:13:54] [133/458] PRDY
[20:13:55] [134/458] RCAP
[20:13:56] [135/458] RGAR
[20:13:57] [136/458] RCAC
[20:13:57] 🔄 Identity reset
[20:13:57] 🔄 Identity rotated (every 10 requests)
[20:13:59] [137/458] PMOD
[20:14:00] [138/458] PVCN
[20:14:01] [139/458] SCRZ
[20:14:01] [140/458] PVPC
[20:14:02] [141/458] STID
[20:14:03] [142/458] NEDD
[20:14:04] [143/458] BNBA
[20:14:05] [144/458] NTCD
[20:14:06] [145/458] OCDE
[20:14:06] [146/458] CCDU
[20:14:06] 🔄 Identity reset
[20:14:07] 🔄 Identity rotated (every 10 requests)
[20:14:08] [147/458] CRXH
[20:14:09] [148/458] VLVT
[20:14:09] [149/458] CICI
[20:14:10] [150/458] SUCB
[20:14:11] [151/458] TCBP
[20:14:12] [152/458] SCCY
[20:14:13] [153/458] LXCY
[20:14:14] [154/458] NCMD
[20:14:15] [155/458] PHCS
[20:14:16] [156/458] DUXR
[20:14:16] 🔄 Identity reset
[20:14:16] 🔄 Identity rotated (every 10 requests)
[20:14:17] [157/458] VNKS
[20:14:19] [158/458] SEDP
[20:14:19] [159/458] SVEN
[20:14:20] [160/458] SRKM
[20:14:21] [161/458] JTLT
[20:14:22] [162/458] SVSS
[20:14:23] [163/458] AMDE
[20:14:24] [164/458] WVRN
[20:14:25] [165/458] ISMG
[20:14:25] [166/458] WVKS
[20:14:25] 🔄 Identity reset
[20:14:25] 🔄 Identity rotated (every 10 requests)
[20:14:26] [167/458] USCG
[20:14:27] [168/458] IOTG
[20:14:28] [169/458] RRJM
[20:14:29] [170/458] EDMP
[20:14:29] [171/458] SCGZ
[20:14:30] [172/458] GMGX
[20:14:31] [173/458] OMTP
[20:14:32] [174/458] MITD
[20:14:33] [175/458] SMMD
[20:14:34] [176/458] STML
[20:14:34] 🔄 Identity reset
[20:14:34] 🔄 Identity rotated (every 10 requests)
[20:14:35] [177/458] MCFS
[20:14:36] [178/458] FPKA
[20:14:37] [179/458] OMLR
[20:14:37] [180/458] KKSC
[20:14:39] [181/458] RVMA
[20:14:40] [182/458] SCLL
[20:14:40] [183/458] SCDK
[20:14:41] [184/458] SXMI
[20:14:42] [185/458] SHDN
[20:14:43] [186/458] PAAD
[20:14:43] 🔄 Identity reset
[20:14:43] 🔄 Identity rotated (every 10 requests)
[20:14:44] [187/458] UUCB
[20:14:45] [188/458] JHOL
[20:14:46] [189/458] SGWT
[20:14:47] [190/458] SRII
[20:14:48] [191/458] SGCK
[20:14:49] [192/458] SVVB
[20:14:50] [193/458] DMHA
[20:14:51] [194/458] PPNL
[20:14:52] [195/458] CPNL
[20:14:53] [196/458] WVLD
[20:14:53] 🔄 Identity reset
[20:14:53] 🔄 Identity rotated (every 10 requests)
[20:14:54] [197/458] PSLV
[20:14:55] [198/458] VTTL
[20:14:56] [199/458] NPAD
[20:14:57] [200/458] PVCS
[20:14:58] [201/458] MCHL
[20:14:59] [202/458] PPLL
[20:15:00] [203/458] MALO
[20:15:01] [204/458] SWBH
[20:15:01] [205/458] PUGB
[20:15:02] [206/458] INBB
[20:15:02] 🔄 Identity reset
[20:15:02] 🔄 Identity rotated (every 10 requests)
[20:15:03] [207/458] INNS
[20:15:04] [208/458] MCPT
[20:15:06] [209/458] SCMI
[20:15:07] [210/458] OCON
[20:15:08] [211/458] SCSM
[20:15:09] [212/458] RJVN
[20:15:10] [213/458] AMDK
[20:15:10] [214/458] ISMR
[20:15:12] [215/458] SMTD
[20:15:13] [216/458] VTDD
[20:15:13] 🔄 Identity reset
[20:15:13] 🔄 Identity rotated (every 10 requests)
[20:15:14] [217/458] PDDZ
[20:15:15] [218/458] PCCK
[20:15:16] [219/458] INAM
[20:15:17] [220/458] FNKT
[20:15:18] [221/458] GDKA
[20:15:18] [222/458] MAYU
[20:15:19] [223/458] TCGU
[20:15:20] [224/458] KDCA
[20:15:21] [225/458] DOMY
[20:15:22] [226/458] PDDD
[20:15:22] 🔄 Identity reset
[20:15:22] 🔄 Identity rotated (every 10 requests)
[20:15:23] [227/458] BJTS
[20:15:25] [228/458] VTCA
[20:15:25] [229/458] SBTM
[20:15:26] [230/458] SEET
[20:15:27] [231/458] SSTJ
[20:15:28] [232/458] SVNT
[20:15:29] [233/458] PPPR
[20:15:30] [234/458] PVYS
[20:15:30] [235/458] IOSE
[20:15:31] [236/458] ACTV
[20:15:31] 🔄 Identity reset
[20:15:31] 🔄 Identity rotated (every 10 requests)
[20:15:32] [237/458] APVE
[20:15:33] [238/458] TCCL
[20:15:35] [239/458] SCMO
[20:15:36] [240/458] SAUM
[20:15:37] [241/458] KCJS
[20:15:38] [242/458] NJCJ
[20:15:38] [243/458] NECF
[20:15:39] [244/458] CCGW
[20:15:40] [245/458] CCMG
[20:15:41] [246/458] NYRG
[20:15:41] 🔄 Identity reset
[20:15:41] 🔄 Identity rotated (every 10 requests)
[20:15:42] [247/458] NCSQ
[20:15:43] [248/458] GRCG
[20:15:44] [249/458] CCBT
[20:15:45] [250/458] ACGA
[20:15:47] [251/458] INAG
[20:15:47] [252/458] FUCG
[20:15:48] [253/458] AICF
[20:15:49] [254/458] GRGA
[20:15:50] [255/458] GDCN
[20:15:51] [256/458] RRCG
[20:15:51] 🔄 Identity reset
[20:15:51] 🔄 Identity rotated (every 10 requests)
[20:15:52] [257/458] SDCH
[20:15:53] [258/458] WVJM
[20:15:54] [259/458] JCCZ
[20:15:55] [260/458] CNCL
[20:15:56] [261/458] TMLV
[20:15:57] [262/458] MEMB
[20:15:58] [263/458] SGTD
[20:15:59] [264/458] CONX
[20:16:00] [265/458] CCMH
[20:16:01] [266/458] ACMC
[20:16:01] 🔄 Identity reset
[20:16:01] 🔄 Identity rotated (every 10 requests)
[20:16:02] [267/458] DTPD
[20:16:03] [268/458] POJA
[20:16:04] [269/458] FNBH
[20:16:05] [270/458] CGCB
[20:16:06] [271/458] RACN
[20:16:06] [272/458] JTSM
[20:16:07] [273/458] SCDN
[20:16:08] [274/458] AACK
[20:16:09] [275/458] RMCE
[20:16:10] [276/458] BSGB
[20:16:10] 🔄 Identity reset
[20:16:10] 🔄 Identity rotated (every 10 requests)
[20:16:10] 🔄 Retry 1/5 for BSGB in 2.5s
[20:16:10] 🔄 Identity reset
[20:16:12] 🧠 New identity created
[20:16:12] 🔄 Retry 2/5 for BSGB in 4.4s
[20:16:12] 🔄 Identity reset
[20:16:17] 🧠 New identity created
[20:16:18] [277/458] MRCB
[20:16:19] [278/458] SRVR
[20:16:20] [279/458] VTKK
[20:16:22] [280/458] AMST
[20:16:22] [281/458] APCY
[20:16:23] [282/458] LMHO
[20:16:24] [283/458] MTZH
[20:16:26] [284/458] AMZB
[20:16:26] 🔄 Identity reset
[20:16:26] 🔄 Identity rotated (every 10 requests)
[20:16:27] [285/458] SUVT
[20:16:28] [286/458] RCIP
[20:16:29] [287/458] KESR
[20:16:30] [288/458] SNKC
[20:16:30] [289/458] SCED
[20:16:31] [290/458] DVCA
[20:16:32] [291/458] VCDT
[20:16:33] [292/458] RRDI
[20:16:34] [293/458] DFCH
[20:16:36] [294/458] INSC
[20:16:36] 🔄 Identity reset
[20:16:36] 🔄 Identity rotated (every 10 requests)
[20:16:36] [295/458] RGTR
[20:16:37] [296/458] FMOT
[20:16:38] [297/458] SCPM
[20:16:39] [298/458] GCDT
[20:16:40] [299/458] BRKT
[20:16:41] [300/458] DEMP
[20:16:42] [301/458] SRLC
[20:16:43] [302/458] KSTT
[20:16:44] [303/458] SMMT
[20:16:45] [304/458] SILM
[20:16:45] 🔄 Identity reset
[20:16:45] 🔄 Identity rotated (every 10 requests)
[20:16:46] [305/458] JCVM
[20:16:47] [306/458] KCSV
[20:16:48] [307/458] MHLK
[20:16:48] [308/458] SLVL
[20:16:49] [309/458] RJKP
[20:16:50] [310/458] BBPC
[20:16:51] [311/458] MXCB
[20:16:52] [312/458] TCPK
[20:16:53] [313/458] RTBR
[20:16:54] [314/458] GAUT
[20:16:54] 🔄 Identity reset
[20:16:54] 🔄 Identity rotated (every 10 requests)
[20:16:55] [315/458] DVCF
[20:16:56] [316/458] JTSB
[20:16:57] [317/458] SBLS
[20:16:58] [318/458] UDAY
[20:16:59] [319/458] PTNP
[20:16:59] [320/458] DMKT
[20:17:00] [321/458] NTDT
[20:17:01] [322/458] SHDJ
[20:17:02] [323/458] OTNC
[20:17:03] [324/458] RNTW
[20:17:03] 🔄 Identity reset
[20:17:03] 🔄 Identity rotated (every 10 requests)
[20:17:04] [325/458] GCMI
[20:17:05] [326/458] CRCM
[20:17:06] [327/458] NNCZ
[20:17:07] [328/458] OEMO
[20:17:08] [329/458] PVJM
[20:17:09] [330/458] CPJI
[20:17:10] [331/458] RMCJ
[20:17:11] [332/458] CNWJ
[20:17:12] [333/458] EPJM
[20:17:13] [334/458] FNJJ
[20:17:13] 🔄 Identity reset
[20:17:13] 🔄 Identity rotated (every 10 requests)
[20:17:13] 🔄 Retry 1/5 for FNJJ in 2.6s
[20:17:13] 🔄 Identity reset
[20:17:16] 🧠 New identity created
[20:17:17] [335/458] GCMJ
[20:17:18] [336/458] INPS
[20:17:19] [337/458] BICJ
[20:17:21] [338/458] ISTJ
[20:17:22] [339/458] INJC
[20:17:23] [340/458] GLXJ
[20:17:24] [341/458] INEM
[20:17:25] [342/458] JTMN
[20:17:26] [343/458] FRCJ
[20:17:26] 🔄 Identity reset
[20:17:26] 🔄 Identity rotated (every 10 requests)
[20:17:27] [344/458] DDJP
[20:17:28] [345/458] INJV
[20:17:29] [346/458] GOLC
[20:17:30] [347/458] KOCI
[20:17:30] [348/458] FSTD
[20:17:31] [349/458] PACJ
[20:17:32] [350/458] GMCN
[20:17:33] [351/458] MMDJ
[20:17:34] [352/458] GODH
[20:17:35] [353/458] SKYN
[20:17:35] 🔄 Identity reset
[20:17:35] 🔄 Identity rotated (every 10 requests)
[20:17:36] [354/458] NCTH
[20:17:37] [355/458] SKVZ
[20:17:38] [356/458] SVML
[20:17:38] [357/458] ACVZ
[20:17:39] [358/458] SURA
[20:17:40] [359/458] RTRB
[20:17:42] [360/458] LLCT
[20:17:42] [361/458] ATTS
[20:17:44] [362/458] JYCM
[20:17:45] [363/458] CTKR
[20:17:45] 🔄 Identity reset
[20:17:45] 🔄 Identity rotated (every 10 requests)
[20:17:45] 🔄 Retry 1/5 for CTKR in 2.1s
[20:17:45] 🔄 Identity reset
[20:17:47] 🧠 New identity created
[20:17:48] [364/458] LCKR
[20:17:49] [365/458] NYCV
[20:17:50] [366/458] NYOH
[20:17:51] [367/458] NOVX
[20:17:53] [368/458] MRGK
[20:17:53] [369/458] MOON
[20:17:54] [370/458] SBUC
[20:17:55] [371/458] GSVA
[20:17:56] [372/458] VIAK
[20:17:56] 🔄 Identity reset
[20:17:56] 🔄 Identity rotated (every 10 requests)
[20:17:57] [373/458] SMVZ
[20:17:58] [374/458] MATE
[20:17:59] [375/458] RDCN
[20:18:00] [376/458] ASBL
[20:18:01] [377/458] ASVS
[20:18:01] [378/458] ASSR
[20:18:02] [379/458] SSKN
[20:18:03] [380/458] DRPV
[20:18:04] [381/458] MRHT
[20:18:05] [382/458] BSCN
[20:18:05] 🔄 Identity reset
[20:18:05] 🔄 Identity rotated (every 10 requests)
[20:18:07] [383/458] RKNX
[20:18:08] [384/458] MSMC
[20:18:09] [385/458] MSCJ
[20:18:09] [386/458] BTBJ
[20:18:11] [387/458] MJCC
[20:18:11] [388/458] IOMM
[20:18:13] [389/458] ADGR
[20:18:14] [390/458] MYCP
[20:18:14] [391/458] IGCM
[20:18:15] [392/458] PGRK
[20:18:15] 🔄 Identity reset
[20:18:15] 🔄 Identity rotated (every 10 requests)
[20:18:16] [393/458] VPGO
[20:18:17] [394/458] KOMS
[20:18:18] [395/458] URGG
[20:18:19] [396/458] GOST
[20:18:20] [397/458] LACT
[20:18:20] [398/458] BWCM
[20:18:22] [399/458] NCCW
[20:18:23] [400/458] SKYC
[20:18:24] [401/458] CCPM
[20:18:25] [402/458] VCBT
[20:18:25] 🔄 Identity reset
[20:18:25] 🔄 Identity rotated (every 10 requests)
[20:18:26] [403/458] SDKR
[20:18:27] [404/458] CTYB
[20:18:28] [405/458] SHCX
[20:18:29] [406/458] RCUN
[20:18:29] [407/458] CNRA
[20:18:30] [408/458] RFCA
[20:18:31] [409/458] RDCU
[20:18:33] [410/458] SARK
[20:18:33] [411/458] SPPP
[20:18:34] [412/458] ADMB
[20:18:34] 🔄 Identity reset
[20:18:34] 🔄 Identity rotated (every 10 requests)
[20:18:35] [413/458] JYOE
[20:18:36] [414/458] SRMD
[20:18:37] [415/458] RJDH
[20:18:38] [416/458] SSTD
[20:18:39] [417/458] AACV
[20:18:40] [418/458] PPVD
[20:18:41] [419/458] STCP
[20:18:41] [420/458] ANLS
[20:18:42] [421/458] BIJO
[20:18:43] [422/458] AVAB
[20:18:43] 🔄 Identity reset
[20:18:43] 🔄 Identity rotated (every 10 requests)
[20:18:44] [423/458] SPMD
[20:18:46] [424/458] SVJL
[20:18:47] [425/458] SDDJ
[20:18:47] [426/458] SLTU
[20:18:48] [427/458] SAKA
[20:18:49] [428/458] PMAM
[20:18:50] [429/458] FNAM
[20:18:51] [430/458] ACAM
[20:18:52] [431/458] SCMM
[20:18:53] [432/458] PMAK
[20:18:53] 🔄 Identity reset
[20:18:53] 🔄 Identity rotated (every 10 requests)
[20:18:53] 🔄 Retry 1/5 for PMAK in 2.9s
[20:18:53] 🔄 Identity reset
[20:18:56] 🧠 New identity created
[20:18:57] [433/458] NYSA
[20:18:58] [434/458] FCPA
[20:18:58] [435/458] GDAN
[20:18:59] [436/458] RSCA
[20:19:00] [437/458] DMAN
[20:19:01] [438/458] DZCM
[20:19:02] [439/458] NSGL
[20:19:03] [440/458] CCPP
[20:19:04] [441/458] PSMG
[20:19:04] 🔄 Identity reset
[20:19:04] 🔄 Identity rotated (every 10 requests)
[20:19:04] [442/458] GSER
[20:19:05] [443/458] FCCT
[20:19:06] [444/458] FCTB
[20:19:07] [445/458] LCNK
[20:19:08] [446/458] SKTY
[20:19:09] [447/458] INAA
[20:19:10] [448/458] RCWN
[20:19:11] [449/458] VAIS
[20:19:12] [450/458] CVMN
[20:19:12] [451/458] INTS
[20:19:12] 🔄 Identity reset
[20:19:13] 🔄 Identity rotated (every 10 requests)
[20:19:14] [452/458] FRGS
[20:19:14] [453/458] DTCK
[20:19:15] [454/458] MCMH
[20:19:16] [455/458] ECRR
[20:19:17] [456/458] RLLP
[20:19:19] [457/458] CCSN
[20:19:20] [458/458] CCBA
[20:19:21] 🧹 Deduping shows
[20:19:21] ✅ DONE | Shows=3589 | Movies=55
[20:33:07] 🚀 SCRIPT STARTED
[20:33:07] [1/458] MBDC
[20:33:07] 🧠 New identity created
[20:33:08] [2/458] CHKM
[20:33:09] [3/458] JTKZ
[20:33:10] [4/458] CMCT
[20:33:11] [5/458] ASHO
[20:33:12] [6/458] ECDG
[20:33:13] [7/458] SPAT
[20:33:14] [8/458] HILC
[20:33:15] [9/458] SPPH
[20:33:16] [10/458] SBHN
[20:33:16] 🔄 Identity reset
[20:33:16] 🔄 Identity rotated (every 10 requests)
[20:33:17] [11/458] RRCA
[20:33:18] [12/458] APAA
[20:33:19] [13/458] RAME
[20:33:20] [14/458] TMMS
[20:33:21] [15/458] BATK
[20:33:22] [16/458] LKOP
[20:33:23] [17/458] AMTT
[20:33:24] [18/458] PTGK
[20:33:25] [19/458] ANRS
[20:33:26] [20/458] VWBW
[20:33:26] 🔄 Identity reset
[20:33:26] 🔄 Identity rotated (every 10 requests)
[20:33:27] [21/458] SVFG
[20:33:28] [22/458] STAT
[20:33:29] [23/458] GDCV
[20:33:30] [24/458] VEBI
[20:33:31] [25/458] VDSS
[20:33:32] [26/458] NTHV
[20:33:33] [27/458] AOCH
[20:33:33] [28/458] KASR
[20:33:34] [29/458] AYCS
[20:33:35] [30/458] SHAI
[20:33:35] 🔄 Identity reset
[20:33:35] 🔄 Identity rotated (every 10 requests)
[20:33:36] [31/458] SKPE
[20:33:37] [32/458] SBTA
[20:33:38] [33/458] RTTD
[20:33:38] [34/458] CCJD
[20:33:40] [35/458] RSJJ
[20:33:40] [36/458] RKND
[20:33:41] [37/458] SVTX
[20:33:43] [38/458] BAKM
[20:33:44] [39/458] SVDC
[20:33:44] [40/458] MNCV
[20:33:44] 🔄 Identity reset
[20:33:44] 🔄 Identity rotated (every 10 requests)
[20:33:44] 🔄 Retry 1/5 for MNCV in 2.4s
[20:33:44] 🔄 Identity reset
[20:33:47] 🧠 New identity created
[20:33:48] [41/458] SJGC
[20:33:49] [42/458] MTPK
[20:33:50] [43/458] GATP
[20:33:50] [44/458] ABTS
[20:33:51] [45/458] ABDE
[20:33:52] [46/458] RCNM
[20:33:53] [47/458] KTHV
[20:33:54] [48/458] MDGJ
[20:33:55] [49/458] SMLM
[20:33:55] 🔄 Identity reset
[20:33:55] 🔄 Identity rotated (every 10 requests)
[20:33:56] [50/458] JTMA
[20:33:57] [51/458] ACKP
[20:33:58] [52/458] SRTA
[20:33:59] [53/458] STAY
[20:33:59] [54/458] MAVO
[20:34:00] [55/458] APTS
[20:34:01] [56/458] OMEA
[20:34:02] [57/458] TTFD
[20:34:03] [58/458] MJCU
[20:34:03] [59/458] CXTE
[20:34:03] 🔄 Identity reset
[20:34:03] 🔄 Identity rotated (every 10 requests)
[20:34:05] [60/458] CTPX
[20:34:05] [61/458] ASSL
[20:34:06] [62/458] CMVB
[20:34:07] [63/458] VPUR
[20:34:08] [64/458] JJDA
[20:34:09] [65/458] INBL
[20:34:10] [66/458] BIKB
[20:34:11] [67/458] NTBB
[20:34:12] [68/458] GLOB
[20:34:13] [69/458] SNTB
[20:34:13] 🔄 Identity reset
[20:34:13] 🔄 Identity rotated (every 10 requests)
[20:34:14] [70/458] CHGV
[20:34:15] [71/458] SSBZ
[20:34:16] [72/458] PRDB
[20:34:16] [73/458] ISMT
[20:34:17] [74/458] MCSD
[20:34:18] [75/458] JBTT
[20:34:20] [76/458] GEKR
[20:34:21] [77/458] PVUN
[20:34:22] [78/458] NRTB
[20:34:22] [79/458] PRAA
[20:34:22] 🔄 Identity reset
[20:34:22] 🔄 Identity rotated (every 10 requests)
[20:34:23] 🔄 Retry 1/5 for PRAA in 2.6s
[20:34:23] 🔄 Identity reset
[20:34:25] 🧠 New identity created
[20:34:26] [80/458] PCBL
[20:34:27] [81/458] PTCM
[20:34:28] [82/458] KHNN
[20:34:29] [83/458] OMJE
[20:34:30] [84/458] STGN
[20:34:31] [85/458] RPMS
[20:34:31] [86/458] NWAD
[20:34:32] [87/458] BLCK
[20:34:33] [88/458] SVAA
[20:34:33] 🔄 Identity reset
[20:34:33] 🔄 Identity rotated (every 10 requests)
[20:34:34] [89/458] URVM
[20:34:35] [90/458] ANTM
[20:34:35] [91/458] VJYM
[20:34:36] [92/458] MAZZ
[20:34:38] [93/458] CSHM
[20:34:39] [94/458] WGMH
[20:34:40] [95/458] SALN
[20:34:41] [96/458] BRTP
[20:34:42] [97/458] SVTA
[20:34:42] [98/458] SBTP
[20:34:42] 🔄 Identity reset
[20:34:42] 🔄 Identity rotated (every 10 requests)
[20:34:43] [99/458] VLSS
[20:34:44] [100/458] SRJA
[20:34:46] [101/458] ANCG
[20:34:47] [102/458] CGGC
[20:34:47] [103/458] CRJA
[20:34:48] [104/458] USCR
[20:34:49] [105/458] MMEF
[20:34:50] [106/458] JCRJ
[20:34:51] [107/458] ADCM
[20:34:52] [108/458] BMYK
[20:34:52] 🔄 Identity reset
[20:34:52] 🔄 Identity rotated (every 10 requests)
[20:34:52] [109/458] KICS
[20:34:54] [110/458] MBBT
[20:34:55] [111/458] MACK
[20:34:56] [112/458] CLDR
[20:34:56] [113/458] JYCR
[20:34:57] [114/458] DCRP
[20:34:58] [115/458] RAHT
[20:35:00] [116/458] CSSM
[20:35:01] [117/458] ATPK
[20:35:02] [118/458] KLRT
[20:35:02] 🔄 Identity reset
[20:35:02] 🔄 Identity rotated (every 10 requests)
[20:35:03] [119/458] SRDD
[20:35:04] [120/458] CKMC
[20:35:04] [121/458] KRVM
[20:35:05] [122/458] AKCP
[20:35:06] [123/458] CNCV
[20:35:07] [124/458] PACT
[20:35:08] [125/458] NATP
[20:35:09] [126/458] PCPK
[20:35:10] [127/458] SMHO
[20:35:10] [128/458] CWTK
[20:35:10] 🔄 Identity reset
[20:35:10] 🔄 Identity rotated (every 10 requests)
[20:35:11] [129/458] RVKZ
[20:35:12] [130/458] ASPD
[20:35:13] [131/458] VTKZ
[20:35:14] [132/458] LCSO
[20:35:15] [133/458] PRDY
[20:35:16] [134/458] RCAP
[20:35:17] [135/458] RGAR
[20:35:18] [136/458] RCAC
[20:35:20] [137/458] PMOD
[20:35:20] [138/458] PVCN
[20:35:20] 🔄 Identity reset
[20:35:20] 🔄 Identity rotated (every 10 requests)
[20:35:22] [139/458] SCRZ
[20:35:22] [140/458] PVPC
[20:35:23] [141/458] STID
[20:35:24] [142/458] NEDD
[20:35:25] [143/458] BNBA
[20:35:26] [144/458] NTCD
[20:35:26] [145/458] OCDE
[20:35:27] [146/458] CCDU
[20:35:28] [147/458] CRXH
[20:35:29] [148/458] VLVT
[20:35:29] 🔄 Identity reset
[20:35:29] 🔄 Identity rotated (every 10 requests)
[20:35:31] [149/458] CICI
[20:35:32] [150/458] SUCB
[20:35:33] [151/458] TCBP
[20:35:34] [152/458] SCCY
[20:35:34] [153/458] LXCY
[20:35:36] [154/458] NCMD
[20:35:37] [155/458] PHCS
[20:35:37] [156/458] DUXR
[20:35:38] [157/458] VNKS
[20:35:39] [158/458] SEDP
[20:35:39] 🔄 Identity reset
[20:35:39] 🔄 Identity rotated (every 10 requests)
[20:35:39] 🔄 Retry 1/5 for SEDP in 2.1s
[20:35:39] 🔄 Identity reset
[20:35:41] 🧠 New identity created
[20:35:42] [159/458] SVEN
[20:35:43] [160/458] SRKM
[20:35:44] [161/458] JTLT
[20:35:45] [162/458] SVSS
[20:35:46] [163/458] AMDE
[20:35:47] [164/458] WVRN
[20:35:47] [165/458] ISMG
[20:35:48] [166/458] WVKS
[20:35:49] [167/458] USCG
[20:35:49] 🔄 Identity reset
[20:35:49] 🔄 Identity rotated (every 10 requests)
[20:35:50] [168/458] IOTG
[20:35:51] [169/458] RRJM
[20:35:52] [170/458] EDMP
[20:35:53] [171/458] SCGZ
[20:35:54] [172/458] GMGX
[20:35:55] [173/458] OMTP
[20:35:55] [174/458] MITD
[20:35:56] [175/458] SMMD
[20:35:57] [176/458] STML
[20:35:58] [177/458] MCFS
[20:35:58] 🔄 Identity reset
[20:35:58] 🔄 Identity rotated (every 10 requests)
[20:35:59] [178/458] FPKA
[20:36:00] [179/458] OMLR
[20:36:01] [180/458] KKSC
[20:36:02] [181/458] RVMA
[20:36:03] [182/458] SCLL
[20:36:03] [183/458] SCDK
[20:36:04] [184/458] SXMI
[20:36:05] [185/458] SHDN
[20:36:06] [186/458] PAAD
[20:36:07] [187/458] UUCB
[20:36:07] 🔄 Identity reset
[20:36:07] 🔄 Identity rotated (every 10 requests)
[20:36:08] [188/458] JHOL
[20:36:09] [189/458] SGWT
[20:36:10] [190/458] SRII
[20:36:11] [191/458] SGCK
[20:36:12] [192/458] SVVB
[20:36:13] [193/458] DMHA
[20:36:14] [194/458] PPNL
[20:36:15] [195/458] CPNL
[20:36:16] [196/458] WVLD
[20:36:17] [197/458] PSLV
[20:36:17] 🔄 Identity reset
[20:36:17] 🔄 Identity rotated (every 10 requests)
[20:36:18] [198/458] VTTL
[20:36:19] [199/458] NPAD
[20:36:20] [200/458] PVCS
[20:36:21] [201/458] MCHL
[20:36:22] [202/458] PPLL
[20:36:23] [203/458] MALO
[20:36:24] [204/458] SWBH
[20:36:25] [205/458] PUGB
[20:36:25] [206/458] INBB
[20:36:26] [207/458] INNS
[20:36:26] 🔄 Identity reset
[20:36:26] 🔄 Identity rotated (every 10 requests)
[20:36:27] [208/458] MCPT
[20:36:28] [209/458] SCMI
[20:36:29] [210/458] OCON
[20:36:30] [211/458] SCSM
[20:36:30] [212/458] RJVN
[20:36:31] [213/458] AMDK
[20:36:32] [214/458] ISMR
[20:36:33] [215/458] SMTD
[20:36:34] [216/458] VTDD
[20:36:35] [217/458] PDDZ
[20:36:35] 🔄 Identity reset
[20:36:35] 🔄 Identity rotated (every 10 requests)
[20:36:36] [218/458] PCCK
[20:36:37] [219/458] INAM
[20:36:37] [220/458] FNKT
[20:36:38] [221/458] GDKA
[20:36:39] [222/458] MAYU
[20:36:40] [223/458] TCGU
[20:36:42] [224/458] KDCA
[20:36:43] [225/458] DOMY
[20:36:44] [226/458] PDDD
[20:36:45] [227/458] BJTS
[20:36:45] 🔄 Identity reset
[20:36:45] 🔄 Identity rotated (every 10 requests)
[20:36:46] [228/458] VTCA
[20:36:47] [229/458] SBTM
[20:36:48] [230/458] SEET
[20:36:49] [231/458] SSTJ
[20:36:50] [232/458] SVNT
[20:36:51] [233/458] PPPR
[20:36:52] [234/458] PVYS
[20:36:52] [235/458] IOSE
[20:36:53] [236/458] ACTV
[20:36:54] [237/458] APVE
[20:36:54] 🔄 Identity reset
[20:36:54] 🔄 Identity rotated (every 10 requests)
[20:36:54] 🔄 Retry 1/5 for APVE in 2.1s
[20:36:54] 🔄 Identity reset
[20:36:56] 🧠 New identity created
[20:36:57] [238/458] TCCL
[20:36:58] [239/458] SCMO
[20:36:59] [240/458] SAUM
[20:37:00] [241/458] KCJS
[20:37:02] [242/458] NJCJ
[20:37:03] [243/458] NECF
[20:37:04] [244/458] CCGW
[20:37:05] [245/458] CCMG
[20:37:06] [246/458] NYRG
[20:37:06] 🔄 Identity reset
[20:37:06] 🔄 Identity rotated (every 10 requests)
[20:37:06] 🔄 Retry 1/5 for NYRG in 2.9s
[20:37:06] 🔄 Identity reset
[20:37:09] 🧠 New identity created
[20:37:09] 🔄 Retry 2/5 for NYRG in 4.1s
[20:37:09] 🔄 Identity reset
[20:37:13] 🧠 New identity created
[20:37:14] [247/458] NCSQ
[20:37:15] [248/458] GRCG
[20:37:16] [249/458] CCBT
[20:37:17] [250/458] ACGA
[20:37:18] [251/458] INAG
[20:37:20] [252/458] FUCG
[20:37:21] [253/458] AICF
[20:37:22] [254/458] GRGA
[20:37:22] 🔄 Identity reset
[20:37:22] 🔄 Identity rotated (every 10 requests)
[20:37:23] [255/458] GDCN
[20:37:24] [256/458] RRCG
[20:37:25] [257/458] SDCH
[20:37:26] [258/458] WVJM
[20:37:27] [259/458] JCCZ
[20:37:28] [260/458] CNCL
[20:37:29] [261/458] TMLV
[20:37:30] [262/458] MEMB
[20:37:31] [263/458] SGTD
[20:37:32] [264/458] CONX
[20:37:32] 🔄 Identity reset
[20:37:32] 🔄 Identity rotated (every 10 requests)
[20:37:32] [265/458] CCMH
[20:37:33] [266/458] ACMC
[20:37:35] [267/458] DTPD
[20:37:35] [268/458] POJA
[20:37:36] [269/458] FNBH
[20:37:38] [270/458] CGCB
[20:37:39] [271/458] RACN
[20:37:39] [272/458] JTSM
[20:37:40] [273/458] SCDN
[20:37:41] [274/458] AACK
[20:37:41] 🔄 Identity reset
[20:37:41] 🔄 Identity rotated (every 10 requests)
[20:37:42] [275/458] RMCE
[20:37:43] [276/458] BSGB
[20:37:44] [277/458] MRCB
[20:37:45] [278/458] SRVR
[20:37:46] [279/458] VTKK
[20:37:47] [280/458] AMST
[20:37:48] [281/458] APCY
[20:37:49] [282/458] LMHO
[20:37:50] [283/458] MTZH
[20:37:51] [284/458] AMZB
[20:37:51] 🔄 Identity reset
[20:37:51] 🔄 Identity rotated (every 10 requests)
[20:37:51] 🔄 Retry 1/5 for AMZB in 3.0s
[20:37:51] 🔄 Identity reset
[20:37:54] 🧠 New identity created
[20:37:55] [285/458] SUVT
[20:37:56] [286/458] RCIP
[20:37:57] [287/458] KESR
[20:37:58] [288/458] SNKC
[20:37:59] [289/458] SCED
[20:38:00] [290/458] DVCA
[20:38:01] [291/458] VCDT
[20:38:02] [292/458] RRDI
[20:38:03] [293/458] DFCH
[20:38:03] 🔄 Identity reset
[20:38:03] 🔄 Identity rotated (every 10 requests)
[20:38:04] [294/458] INSC
[20:38:05] [295/458] RGTR
[20:38:06] [296/458] FMOT
[20:38:06] [297/458] SCPM
[20:38:07] [298/458] GCDT
[20:38:08] [299/458] BRKT
[20:38:09] [300/458] DEMP
[20:38:10] [301/458] SRLC
[20:38:11] [302/458] KSTT
[20:38:12] [303/458] SMMT
[20:38:12] 🔄 Identity reset
[20:38:12] 🔄 Identity rotated (every 10 requests)
[20:38:12] 🔄 Retry 1/5 for SMMT in 2.0s
[20:38:12] 🔄 Identity reset
[20:38:14] 🧠 New identity created
[20:38:15] [304/458] SILM
[20:38:16] [305/458] JCVM
[20:38:17] [306/458] KCSV
[20:38:18] [307/458] MHLK
[20:38:19] [308/458] SLVL
[20:38:19] [309/458] RJKP
[20:38:20] [310/458] BBPC
[20:38:21] [311/458] MXCB
[20:38:22] [312/458] TCPK
[20:38:22] 🔄 Identity reset
[20:38:22] 🔄 Identity rotated (every 10 requests)
[20:38:23] [313/458] RTBR
[20:38:24] [314/458] GAUT
[20:38:25] [315/458] DVCF
[20:38:25] [316/458] JTSB
[20:38:27] [317/458] SBLS
[20:38:28] [318/458] UDAY
[20:38:29] [319/458] PTNP
[20:38:29] [320/458] DMKT
[20:38:30] [321/458] NTDT
[20:38:31] [322/458] SHDJ
[20:38:31] 🔄 Identity reset
[20:38:31] 🔄 Identity rotated (every 10 requests)
[20:38:31] 🔄 Retry 1/5 for SHDJ in 2.9s
[20:38:31] 🔄 Identity reset
[20:38:34] 🧠 New identity created
[20:38:35] [323/458] OTNC
[20:38:36] [324/458] RNTW
[20:38:37] [325/458] GCMI
[20:38:37] [326/458] CRCM
[20:38:38] [327/458] NNCZ
[20:38:39] [328/458] OEMO
[20:38:40] [329/458] PVJM
[20:38:41] [330/458] CPJI
[20:38:42] [331/458] RMCJ
[20:38:42] 🔄 Identity reset
[20:38:42] 🔄 Identity rotated (every 10 requests)
[20:38:43] [332/458] CNWJ
[20:38:44] [333/458] EPJM
[20:38:44] [334/458] FNJJ
[20:38:45] [335/458] GCMJ
[20:38:46] [336/458] INPS
[20:38:47] [337/458] BICJ
[20:38:48] [338/458] ISTJ
[20:38:49] [339/458] INJC
[20:38:50] [340/458] GLXJ
[20:38:51] [341/458] INEM
[20:38:51] 🔄 Identity reset
[20:38:51] 🔄 Identity rotated (every 10 requests)
[20:38:52] [342/458] JTMN
[20:38:53] [343/458] FRCJ
[20:38:54] [344/458] DDJP
[20:38:55] [345/458] INJV
[20:38:56] [346/458] GOLC
[20:38:57] [347/458] KOCI
[20:38:58] [348/458] FSTD
[20:38:59] [349/458] PACJ
[20:38:59] [350/458] GMCN
[20:39:00] [351/458] MMDJ
[20:39:00] 🔄 Identity reset
[20:39:00] 🔄 Identity rotated (every 10 requests)
[20:39:01] [352/458] GODH
[20:39:02] [353/458] SKYN
[20:39:03] [354/458] NCTH
[20:39:04] [355/458] SKVZ
[20:39:05] [356/458] SVML
[20:39:06] [357/458] ACVZ
[20:39:07] [358/458] SURA
[20:39:08] [359/458] RTRB
[20:39:09] [360/458] LLCT
[20:39:10] [361/458] ATTS
[20:39:10] 🔄 Identity reset
[20:39:10] 🔄 Identity rotated (every 10 requests)
[20:39:11] [362/458] JYCM
[20:39:12] [363/458] CTKR
[20:39:13] [364/458] LCKR
[20:39:14] [365/458] NYCV
[20:39:15] [366/458] NYOH
[20:39:16] [367/458] NOVX
[20:39:17] [368/458] MRGK
[20:39:19] [369/458] MOON
[20:39:19] [370/458] SBUC
[20:39:20] [371/458] GSVA
[20:39:20] 🔄 Identity reset
[20:39:20] 🔄 Identity rotated (every 10 requests)
[20:39:21] [372/458] VIAK
[20:39:22] [373/458] SMVZ
[20:39:23] [374/458] MATE
[20:39:24] [375/458] RDCN
[20:39:25] [376/458] ASBL
[20:39:27] [377/458] ASVS
[20:39:28] [378/458] ASSR
[20:39:29] [379/458] SSKN
[20:39:30] [380/458] DRPV
[20:39:31] [381/458] MRHT
[20:39:31] 🔄 Identity reset
[20:39:31] 🔄 Identity rotated (every 10 requests)
[20:39:32] [382/458] BSCN
[20:39:33] [383/458] RKNX
[20:39:34] [384/458] MSMC
[20:39:35] [385/458] MSCJ
[20:39:35] [386/458] BTBJ
[20:39:36] [387/458] MJCC
[20:39:37] [388/458] IOMM
[20:39:38] [389/458] ADGR
[20:39:39] [390/458] MYCP
[20:39:40] [391/458] IGCM
[20:39:40] 🔄 Identity reset
[20:39:40] 🔄 Identity rotated (every 10 requests)
[20:39:41] [392/458] PGRK
[20:39:42] [393/458] VPGO
[20:39:43] [394/458] KOMS
[20:39:44] [395/458] URGG
[20:39:45] [396/458] GOST
[20:39:46] [397/458] LACT
[20:39:47] [398/458] BWCM
[20:39:47] [399/458] NCCW
[20:39:48] [400/458] SKYC
[20:39:49] [401/458] CCPM
[20:39:49] 🔄 Identity reset
[20:39:49] 🔄 Identity rotated (every 10 requests)
[20:39:51] [402/458] VCBT
[20:39:52] [403/458] SDKR
[20:39:53] [404/458] CTYB
[20:39:55] [405/458] SHCX
[20:39:56] [406/458] RCUN
[20:39:57] [407/458] CNRA
[20:39:58] [408/458] RFCA
[20:39:59] [409/458] RDCU
[20:40:00] [410/458] SARK
[20:40:01] [411/458] SPPP
[20:40:01] 🔄 Identity reset
[20:40:01] 🔄 Identity rotated (every 10 requests)
[20:40:02] [412/458] ADMB
[20:40:03] [413/458] JYOE
[20:40:04] [414/458] SRMD
[20:40:05] [415/458] RJDH
[20:40:06] [416/458] SSTD
[20:40:06] [417/458] AACV
[20:40:07] [418/458] PPVD
[20:40:08] [419/458] STCP
[20:40:09] [420/458] ANLS
[20:40:10] [421/458] BIJO
[20:40:10] 🔄 Identity reset
[20:40:10] 🔄 Identity rotated (every 10 requests)
[20:40:11] [422/458] AVAB
[20:40:12] [423/458] SPMD
[20:40:13] [424/458] SVJL
[20:40:14] [425/458] SDDJ
[20:40:15] [426/458] SLTU
[20:40:16] [427/458] SAKA
[20:40:17] [428/458] PMAM
[20:40:18] [429/458] FNAM
[20:40:19] [430/458] ACAM
[20:40:21] [431/458] SCMM
[20:40:21] 🔄 Identity reset
[20:40:21] 🔄 Identity rotated (every 10 requests)
[20:40:22] [432/458] PMAK
[20:40:23] [433/458] NYSA
[20:40:24] [434/458] FCPA
[20:40:25] [435/458] GDAN
[20:40:26] [436/458] RSCA
[20:40:27] [437/458] DMAN
[20:40:28] [438/458] DZCM
[20:40:29] [439/458] NSGL
[20:40:30] [440/458] CCPP
[20:40:31] [441/458] PSMG
[20:40:31] 🔄 Identity reset
[20:40:31] 🔄 Identity rotated (every 10 requests)
[20:40:32] [442/458] GSER
[20:40:33] [443/458] FCCT
[20:40:34] [444/458] FCTB
[20:40:35] [445/458] LCNK
[20:40:36] [446/458] SKTY
[20:40:37] [447/458] INAA
[20:40:38] [448/458] RCWN
[20:40:39] [449/458] VAIS
[20:40:40] [450/458] CVMN
[20:40:41] [451/458] INTS
[20:40:41] 🔄 Identity reset
[20:40:41] 🔄 Identity rotated (every 10 requests)
[20:40:41] 🔄 Retry 1/5 for INTS in 2.6s
[20:40:41] 🔄 Identity reset
[20:40:43] 🧠 New identity created
[20:40:44] [452/458] FRGS
[20:40:45] [453/458] DTCK
[20:40:46] [454/458] MCMH
[20:40:47] [455/458] ECRR
[20:40:48] [456/458] RLLP
[20:40:49] [457/458] CCSN
[20:40:50] [458/458] CCBA
[20:40:51] 🧹 Deduping shows
[20:40:51] ✅ DONE | Shows=3614 | Movies=55
[22:30:14] 🚀 SCRIPT STARTED
[22:30:14] [1/458] MBDC
[22:30:14] 🧠 New identity created
[22:30:16] [2/458] CHKM
[22:30:17] [3/458] JTKZ
[22:30:19] [4/458] CMCT
[22:30:20] [5/458] ASHO
[22:30:21] [6/458] ECDG
[22:30:22] [7/458] SPAT
[22:30:23] [8/458] HILC
[22:30:25] [9/458] SPPH
[22:30:26] [10/458] SBHN
[22:30:26] 🔄 Identity reset
[22:30:26] 🔄 Identity rotated (every 10 requests)
[22:30:26] 🔄 Retry 1/5 for SBHN in 2.3s
[22:30:26] 🔄 Identity reset
[22:30:28] 🧠 New identity created
[22:30:28] 🔄 Retry 2/5 for SBHN in 4.7s
[22:30:28] 🔄 Identity reset
[22:30:33] 🧠 New identity created
[22:30:33] 🔄 Retry 3/5 for SBHN in 8.8s
[22:30:33] 🔄 Identity reset
[22:30:42] 🧠 New identity created
[22:30:42] 🔄 Retry 4/5 for SBHN in 16.9s
[22:30:42] 🔄 Identity reset
[22:30:59] 🧠 New identity created
[22:30:59] ❌ SBHN failed after 5 attempts
[22:30:59] 🔄 Identity reset
[22:30:59] ❌ SBHN final failure | RuntimeError | HTTP 403
[22:30:59] [11/458] RRCA
[22:30:59] 🧠 New identity created
[22:30:59] 🔄 Retry 1/5 for RRCA in 2.3s
[22:30:59] 🔄 Identity reset
[22:31:02] 🧠 New identity created
[22:31:02] 🔄 Retry 2/5 for RRCA in 4.8s
[22:31:02] 🔄 Identity reset
[22:31:07] 🧠 New identity created
[22:31:08] [12/458] APAA
[22:31:09] [13/458] RAME
[22:31:10] [14/458] TMMS
[22:31:10] 🔄 Identity reset
[22:31:10] 🔄 Identity rotated (every 10 requests)
[22:31:10] 🔄 Retry 1/5 for TMMS in 2.8s
[22:31:10] 🔄 Identity reset
[22:31:13] 🧠 New identity created
[22:31:14] [15/458] BATK
[22:31:15] [16/458] LKOP
[22:31:16] [17/458] AMTT
[22:31:18] [18/458] PTGK
[22:31:19] [19/458] ANRS
[22:31:20] [20/458] VWBW
[22:31:20] [21/458] SVFG
[22:31:21] [22/458] STAT
[22:31:23] [23/458] GDCV
[22:31:23] 🔄 Identity reset
[22:31:23] 🔄 Identity rotated (every 10 requests)
[22:31:24] [24/458] VEBI
[22:31:25] [25/458] VDSS
[22:31:26] [26/458] NTHV
[22:31:27] [27/458] AOCH
[22:31:28] [28/458] KASR
[22:31:30] [29/458] AYCS
[22:31:31] [30/458] SHAI
[22:31:32] [31/458] SKPE
[22:31:33] [32/458] SBTA
[22:31:34] [33/458] RTTD
[22:31:34] 🔄 Identity reset
[22:31:34] 🔄 Identity rotated (every 10 requests)
[22:31:36] [34/458] CCJD
[22:31:37] [35/458] RSJJ
[22:31:38] [36/458] RKND
[22:31:39] [37/458] SVTX
[22:31:41] [38/458] BAKM
[22:31:41] [39/458] SVDC
[22:31:43] [40/458] MNCV
[22:31:44] [41/458] SJGC
[22:31:45] [42/458] MTPK
[22:31:46] [43/458] GATP
[22:31:46] 🔄 Identity reset
[22:31:46] 🔄 Identity rotated (every 10 requests)
[22:31:51] [44/458] ABTS
[22:31:52] [45/458] ABDE
[22:31:54] [46/458] RCNM
[22:31:55] [47/458] KTHV
[22:31:55] [48/458] MDGJ
[22:31:57] [49/458] SMLM
[22:31:58] [50/458] JTMA
[22:31:59] [51/458] ACKP
[22:32:00] [52/458] SRTA
[22:32:01] [53/458] STAY
[22:32:01] 🔄 Identity reset
[22:32:01] 🔄 Identity rotated (every 10 requests)
[22:32:02] [54/458] MAVO
[22:32:03] [55/458] APTS
[22:32:04] [56/458] OMEA
[22:32:05] [57/458] TTFD
[22:32:06] [58/458] MJCU
[22:32:08] [59/458] CXTE
[22:32:09] [60/458] CTPX
[22:32:10] [61/458] ASSL
[22:32:10] [62/458] CMVB
[22:32:12] [63/458] VPUR
[22:32:12] 🔄 Identity reset
[22:32:12] 🔄 Identity rotated (every 10 requests)
[22:32:13] [64/458] JJDA
[22:32:14] [65/458] INBL
[22:32:16] [66/458] BIKB
[22:32:17] [67/458] NTBB
[22:32:18] [68/458] GLOB
[22:32:19] [69/458] SNTB
[22:32:20] [70/458] CHGV
[22:32:21] [71/458] SSBZ
[22:32:23] [72/458] PRDB
[22:32:24] [73/458] ISMT
[22:32:24] 🔄 Identity reset
[22:32:24] 🔄 Identity rotated (every 10 requests)
[22:32:25] [74/458] MCSD
[22:32:25] [75/458] JBTT
[22:32:27] [76/458] GEKR
[22:32:28] [77/458] PVUN
[22:32:29] [78/458] NRTB
[22:32:30] [79/458] PRAA
[22:32:31] [80/458] PCBL
[22:32:32] [81/458] PTCM
[22:32:33] [82/458] KHNN
[22:32:34] [83/458] OMJE
[22:32:34] 🔄 Identity reset
[22:32:34] 🔄 Identity rotated (every 10 requests)
[22:32:34] 🔄 Retry 1/5 for OMJE in 2.1s
[22:32:34] 🔄 Identity reset
[22:32:36] 🧠 New identity created
[22:32:37] [84/458] STGN
[22:32:39] [85/458] RPMS
[22:32:39] [86/458] NWAD
[22:32:41] [87/458] BLCK
[22:32:42] [88/458] SVAA
[22:32:43] [89/458] URVM
[22:32:45] [90/458] ANTM
[22:32:46] [91/458] VJYM
[22:32:47] [92/458] MAZZ
[22:32:47] 🔄 Identity reset
[22:32:47] 🔄 Identity rotated (every 10 requests)
[22:32:47] 🔄 Retry 1/5 for MAZZ in 3.0s
[22:32:47] 🔄 Identity reset
[22:32:50] 🧠 New identity created
[22:32:52] [93/458] CSHM
[22:32:54] [94/458] WGMH
[22:32:56] [95/458] SALN
[22:32:57] [96/458] BRTP
[22:32:58] [97/458] SVTA
[22:32:59] [98/458] SBTP
[22:33:00] [99/458] VLSS
[22:33:01] [100/458] SRJA
[22:33:02] [101/458] ANCG
[22:33:02] 🔄 Identity reset
[22:33:02] 🔄 Identity rotated (every 10 requests)
[22:33:02] 🔄 Retry 1/5 for ANCG in 2.2s
[22:33:02] 🔄 Identity reset
[22:33:04] 🧠 New identity created
[22:33:06] [102/458] CGGC
[22:33:07] [103/458] CRJA
[22:33:08] [104/458] USCR
[22:33:09] [105/458] MMEF
[22:33:10] [106/458] JCRJ
[22:33:11] [107/458] ADCM
[22:33:12] [108/458] BMYK
[22:33:13] [109/458] KICS
[22:33:14] [110/458] MBBT
[22:33:14] 🔄 Identity reset
[22:33:14] 🔄 Identity rotated (every 10 requests)
[22:33:16] [111/458] MACK
[22:33:17] [112/458] CLDR
[22:33:18] [113/458] JYCR
[22:33:19] [114/458] DCRP
[22:33:20] [115/458] RAHT
[22:33:21] [116/458] CSSM
[22:33:22] [117/458] ATPK
[22:33:23] [118/458] KLRT
[22:33:24] [119/458] SRDD
[22:33:25] [120/458] CKMC
[22:33:25] 🔄 Identity reset
[22:33:25] 🔄 Identity rotated (every 10 requests)
[22:33:26] [121/458] KRVM
[22:33:27] [122/458] AKCP
[22:33:29] [123/458] CNCV
[22:33:29] [124/458] PACT
[22:33:30] [125/458] NATP
[22:33:31] [126/458] PCPK
[22:33:32] [127/458] SMHO
[22:33:33] [128/458] CWTK
[22:33:35] [129/458] RVKZ
[22:33:36] [130/458] ASPD
[22:33:36] 🔄 Identity reset
[22:33:36] 🔄 Identity rotated (every 10 requests)
[22:33:36] 🔄 Retry 1/5 for ASPD in 2.1s
[22:33:36] 🔄 Identity reset
[22:33:38] 🧠 New identity created
[22:33:38] 🔄 Retry 2/5 for ASPD in 4.1s
[22:33:38] 🔄 Identity reset
[22:33:42] 🧠 New identity created
[22:33:42] 🔄 Retry 3/5 for ASPD in 8.9s
[22:33:42] 🔄 Identity reset
[22:33:51] 🧠 New identity created
[22:33:52] [131/458] VTKZ
[22:33:53] [132/458] LCSO
[22:33:54] [133/458] PRDY
[22:33:56] [134/458] RCAP
[22:33:58] [135/458] RGAR
[22:33:59] [136/458] RCAC
[22:34:00] [137/458] PMOD
[22:34:00] 🔄 Identity reset
[22:34:00] 🔄 Identity rotated (every 10 requests)
[22:34:01] [138/458] PVCN
[22:34:02] [139/458] SCRZ
[22:34:03] [140/458] PVPC
[22:34:04] [141/458] STID
[22:34:05] [142/458] NEDD
[22:34:06] [143/458] BNBA
[22:34:07] [144/458] NTCD
[22:34:08] [145/458] OCDE
[22:34:09] [146/458] CCDU
[22:34:10] [147/458] CRXH
[22:34:10] 🔄 Identity reset
[22:34:10] 🔄 Identity rotated (every 10 requests)
[22:34:10] 🔄 Retry 1/5 for CRXH in 2.1s
[22:34:10] 🔄 Identity reset
[22:34:12] 🧠 New identity created
[22:34:12] 🔄 Retry 2/5 for CRXH in 4.4s
[22:34:12] 🔄 Identity reset
[22:34:17] 🧠 New identity created
[22:34:18] [148/458] VLVT
[22:34:19] [149/458] CICI
[22:34:20] [150/458] SUCB
[22:34:21] [151/458] TCBP
[22:34:22] [152/458] SCCY
[22:34:23] [153/458] LXCY
[22:34:24] [154/458] NCMD
[22:34:25] [155/458] PHCS
[22:34:25] 🔄 Identity reset
[22:34:25] 🔄 Identity rotated (every 10 requests)
[22:34:25] 🔄 Retry 1/5 for PHCS in 2.6s
[22:34:25] 🔄 Identity reset
[22:34:28] 🧠 New identity created
[22:34:28] 🔄 Retry 2/5 for PHCS in 4.0s
[22:34:28] 🔄 Identity reset
[22:34:32] 🧠 New identity created
[22:34:32] 🔄 Retry 3/5 for PHCS in 8.5s
[22:34:32] 🔄 Identity reset
[22:34:41] 🧠 New identity created
[22:34:42] [156/458] DUXR
[22:34:43] [157/458] VNKS
[22:34:44] [158/458] SEDP
[22:34:45] [159/458] SVEN
[22:34:46] [160/458] SRKM
[22:34:47] [161/458] JTLT
[22:34:47] [162/458] SVSS
[22:34:47] 🔄 Identity reset
[22:34:47] 🔄 Identity rotated (every 10 requests)
[22:34:49] [163/458] AMDE
[22:34:51] [164/458] WVRN
[22:34:52] [165/458] ISMG
[22:34:53] [166/458] WVKS
[22:34:54] [167/458] USCG
[22:34:55] [168/458] IOTG
[22:34:56] [169/458] RRJM
[22:34:58] [170/458] EDMP
[22:34:59] [171/458] SCGZ
[22:35:00] [172/458] GMGX
[22:35:00] 🔄 Identity reset
[22:35:00] 🔄 Identity rotated (every 10 requests)
[22:35:02] [173/458] OMTP
[22:35:04] [174/458] MITD
[22:35:04] [175/458] SMMD
[22:35:05] [176/458] STML
[22:35:07] [177/458] MCFS
[22:35:08] [178/458] FPKA
[22:35:09] [179/458] OMLR
[22:35:10] [180/458] KKSC
[22:35:11] [181/458] RVMA
[22:35:12] [182/458] SCLL
[22:35:12] 🔄 Identity reset
[22:35:13] 🔄 Identity rotated (every 10 requests)
[22:35:14] [183/458] SCDK
[22:35:15] [184/458] SXMI
[22:35:16] [185/458] SHDN
[22:35:18] [186/458] PAAD
[22:35:19] [187/458] UUCB
[22:35:20] [188/458] JHOL
[22:35:21] [189/458] SGWT
[22:35:23] [190/458] SRII
[22:35:24] [191/458] SGCK
[22:35:25] [192/458] SVVB
[22:35:25] 🔄 Identity reset
[22:35:25] 🔄 Identity rotated (every 10 requests)
[22:35:26] [193/458] DMHA
[22:35:27] [194/458] PPNL
[22:35:28] [195/458] CPNL
[22:35:30] [196/458] WVLD
[22:35:31] [197/458] PSLV
[22:35:32] [198/458] VTTL
[22:35:33] [199/458] NPAD
[22:35:34] [200/458] PVCS
[22:35:36] [201/458] MCHL
[22:35:37] [202/458] PPLL
[22:35:37] 🔄 Identity reset
[22:35:37] 🔄 Identity rotated (every 10 requests)
[22:35:38] [203/458] MALO
[22:35:39] [204/458] SWBH
[22:35:40] [205/458] PUGB
[22:35:41] [206/458] INBB
[22:35:43] [207/458] INNS
[22:35:44] [208/458] MCPT
[22:35:45] [209/458] SCMI
[22:35:46] [210/458] OCON
[22:35:47] [211/458] SCSM
[22:35:49] [212/458] RJVN
[22:35:49] 🔄 Identity reset
[22:35:49] 🔄 Identity rotated (every 10 requests)
[22:35:49] 🔄 Retry 1/5 for RJVN in 2.7s
[22:35:49] 🔄 Identity reset
[22:35:51] 🧠 New identity created
[22:35:52] [213/458] AMDK
[22:35:54] [214/458] ISMR
[22:35:55] [215/458] SMTD
[22:35:56] [216/458] VTDD
[22:35:57] [217/458] PDDZ
[22:35:58] [218/458] PCCK
[22:35:59] [219/458] INAM
[22:36:01] [220/458] FNKT
[22:36:02] [221/458] GDKA
[22:36:02] 🔄 Identity reset
[22:36:02] 🔄 Identity rotated (every 10 requests)
[22:36:02] 🔄 Retry 1/5 for GDKA in 2.8s
[22:36:02] 🔄 Identity reset
[22:36:05] 🧠 New identity created
[22:36:07] [222/458] MAYU
[22:36:08] [223/458] TCGU
[22:36:09] [224/458] KDCA
[22:36:10] [225/458] DOMY
[22:36:11] [226/458] PDDD
[22:36:12] [227/458] BJTS
[22:36:13] [228/458] VTCA
[22:36:15] [229/458] SBTM
[22:36:15] [230/458] SEET
[22:36:15] 🔄 Identity reset
[22:36:15] 🔄 Identity rotated (every 10 requests)
[22:36:15] 🔄 Retry 1/5 for SEET in 2.9s
[22:36:15] 🔄 Identity reset
[22:36:18] 🧠 New identity created
[22:36:19] [231/458] SSTJ
[22:36:22] [232/458] SVNT
[22:36:23] [233/458] PPPR
[22:36:24] [234/458] PVYS
[22:36:25] [235/458] IOSE
[22:36:27] [236/458] ACTV
[22:36:28] [237/458] APVE
[22:36:30] [238/458] TCCL
[22:36:31] [239/458] SCMO
[22:36:31] 🔄 Identity reset
[22:36:31] 🔄 Identity rotated (every 10 requests)
[22:36:32] [240/458] SAUM
[22:36:33] [241/458] KCJS
[22:36:34] [242/458] NJCJ
[22:36:35] [243/458] NECF
[22:36:36] [244/458] CCGW
[22:36:37] [245/458] CCMG
[22:36:38] [246/458] NYRG
[22:36:39] [247/458] NCSQ
[22:36:41] [248/458] GRCG
[22:36:42] [249/458] CCBT
[22:36:42] 🔄 Identity reset
[22:36:42] 🔄 Identity rotated (every 10 requests)
[22:36:43] [250/458] ACGA
[22:36:44] [251/458] INAG
[22:36:44] [252/458] FUCG
[22:36:45] [253/458] AICF
[22:36:47] [254/458] GRGA
[22:36:48] [255/458] GDCN
[22:36:50] [256/458] RRCG
[22:36:51] [257/458] SDCH
[22:36:51] [258/458] WVJM
[22:36:52] [259/458] JCCZ
[22:36:52] 🔄 Identity reset
[22:36:52] 🔄 Identity rotated (every 10 requests)
[22:36:52] 🔄 Retry 1/5 for JCCZ in 3.0s
[22:36:52] 🔄 Identity reset
[22:36:55] 🧠 New identity created
[22:36:57] [260/458] CNCL
[22:36:58] [261/458] TMLV
[22:36:59] [262/458] MEMB
[22:36:59] [263/458] SGTD
[22:37:01] [264/458] CONX
[22:37:02] [265/458] CCMH
[22:37:03] [266/458] ACMC
[22:37:04] [267/458] DTPD
[22:37:05] [268/458] POJA
[22:37:05] 🔄 Identity reset
[22:37:05] 🔄 Identity rotated (every 10 requests)
[22:37:05] 🔄 Retry 1/5 for POJA in 2.8s
[22:37:05] 🔄 Identity reset
[22:37:08] 🧠 New identity created
[22:37:08] 🔄 Retry 2/5 for POJA in 4.8s
[22:37:08] 🔄 Identity reset
[22:37:13] 🧠 New identity created
[22:37:15] [269/458] FNBH
[22:37:16] [270/458] CGCB
[22:37:17] [271/458] RACN
[22:37:18] [272/458] JTSM
[22:37:19] [273/458] SCDN
[22:37:20] [274/458] AACK
[22:37:21] [275/458] RMCE
[22:37:22] [276/458] BSGB
[22:37:22] 🔄 Identity reset
[22:37:22] 🔄 Identity rotated (every 10 requests)
[22:37:22] 🔄 Retry 1/5 for BSGB in 2.0s
[22:37:22] 🔄 Identity reset
[22:37:24] 🧠 New identity created
[22:37:25] [277/458] MRCB
[22:37:26] [278/458] SRVR
[22:37:28] [279/458] VTKK
[22:37:29] [280/458] AMST
[22:37:30] [281/458] APCY
[22:37:31] [282/458] LMHO
[22:37:32] [283/458] MTZH
[22:37:34] [284/458] AMZB
[22:37:35] [285/458] SUVT
[22:37:35] 🔄 Identity reset
[22:37:35] 🔄 Identity rotated (every 10 requests)
[22:37:35] 🔄 Retry 1/5 for SUVT in 2.9s
[22:37:35] 🔄 Identity reset
[22:37:38] 🧠 New identity created
[22:37:39] [286/458] RCIP
[22:37:40] [287/458] KESR
[22:37:41] [288/458] SNKC
[22:37:42] [289/458] SCED
[22:37:43] [290/458] DVCA
[22:37:44] [291/458] VCDT
[22:37:46] [292/458] RRDI
[22:37:47] [293/458] DFCH
[22:37:49] [294/458] INSC
[22:37:49] 🔄 Identity reset
[22:37:49] 🔄 Identity rotated (every 10 requests)
[22:37:50] [295/458] RGTR
[22:37:51] [296/458] FMOT
[22:37:53] [297/458] SCPM
[22:37:54] [298/458] GCDT
[22:37:55] [299/458] BRKT
[22:37:56] [300/458] DEMP
[22:37:57] [301/458] SRLC
[22:37:58] [302/458] KSTT
[22:37:59] [303/458] SMMT
[22:38:01] [304/458] SILM
[22:38:01] 🔄 Identity reset
[22:38:01] 🔄 Identity rotated (every 10 requests)
[22:38:02] [305/458] JCVM
[22:38:03] [306/458] KCSV
[22:38:04] [307/458] MHLK
[22:38:06] [308/458] SLVL
[22:38:07] [309/458] RJKP
[22:38:08] [310/458] BBPC
[22:38:10] [311/458] MXCB
[22:38:11] [312/458] TCPK
[22:38:12] [313/458] RTBR
[22:38:13] [314/458] GAUT
[22:38:13] 🔄 Identity reset
[22:38:13] 🔄 Identity rotated (every 10 requests)
[22:38:15] [315/458] DVCF
[22:38:16] [316/458] JTSB
[22:38:17] [317/458] SBLS
[22:38:18] [318/458] UDAY
[22:38:19] [319/458] PTNP
[22:38:20] [320/458] DMKT
[22:38:21] [321/458] NTDT
[22:38:22] [322/458] SHDJ
[22:38:23] [323/458] OTNC
[22:38:24] [324/458] RNTW
[22:38:24] 🔄 Identity reset
[22:38:24] 🔄 Identity rotated (every 10 requests)
[22:38:25] [325/458] GCMI
[22:38:27] [326/458] CRCM
[22:38:28] [327/458] NNCZ
[22:38:29] [328/458] OEMO
[22:38:31] [329/458] PVJM
[22:38:32] [330/458] CPJI
[22:38:34] [331/458] RMCJ
[22:38:35] [332/458] CNWJ
[22:38:36] [333/458] EPJM
[22:38:36] [334/458] FNJJ
[22:38:36] 🔄 Identity reset
[22:38:36] 🔄 Identity rotated (every 10 requests)
[22:38:38] [335/458] GCMJ
[22:38:38] [336/458] INPS
[22:38:40] [337/458] BICJ
[22:38:41] [338/458] ISTJ
[22:38:43] [339/458] INJC
[22:38:45] [340/458] GLXJ
[22:38:46] [341/458] INEM
[22:38:47] [342/458] JTMN
[22:38:48] [343/458] FRCJ
[22:38:50] [344/458] DDJP
[22:38:50] 🔄 Identity reset
[22:38:50] 🔄 Identity rotated (every 10 requests)
[22:38:50] 🔄 Retry 1/5 for DDJP in 2.6s
[22:38:50] 🔄 Identity reset
[22:38:53] 🧠 New identity created
[22:38:54] [345/458] INJV
[22:38:55] [346/458] GOLC
[22:38:56] [347/458] KOCI
[22:38:57] [348/458] FSTD
[22:38:59] [349/458] PACJ
[22:39:00] [350/458] GMCN
[22:39:01] [351/458] MMDJ
[22:39:02] [352/458] GODH
[22:39:04] [353/458] SKYN
[22:39:04] 🔄 Identity reset
[22:39:04] 🔄 Identity rotated (every 10 requests)
[22:39:04] 🔄 Retry 1/5 for SKYN in 2.0s
[22:39:04] 🔄 Identity reset
[22:39:06] 🧠 New identity created
[22:39:07] [354/458] NCTH
[22:39:08] [355/458] SKVZ
[22:39:08] [356/458] SVML
[22:39:09] [357/458] ACVZ
[22:39:11] [358/458] SURA
[22:39:12] [359/458] RTRB
[22:39:13] [360/458] LLCT
[22:39:14] [361/458] ATTS
[22:39:15] [362/458] JYCM
[22:39:15] 🔄 Identity reset
[22:39:16] 🔄 Identity rotated (every 10 requests)
[22:39:16] 🔄 Retry 1/5 for JYCM in 2.1s
[22:39:16] 🔄 Identity reset
[22:39:18] 🧠 New identity created
[22:39:18] 🔄 Retry 2/5 for JYCM in 4.4s
[22:39:18] 🔄 Identity reset
[22:39:22] 🧠 New identity created
[22:39:22] 🔄 Retry 3/5 for JYCM in 8.6s
[22:39:22] 🔄 Identity reset
[22:39:31] 🧠 New identity created
[22:39:32] [363/458] CTKR
[22:39:33] [364/458] LCKR
[22:39:34] [365/458] NYCV
[22:39:35] [366/458] NYOH
[22:39:36] [367/458] NOVX
[22:39:37] [368/458] MRGK
[22:39:38] [369/458] MOON
[22:39:38] 🔄 Identity reset
[22:39:38] 🔄 Identity rotated (every 10 requests)
[22:39:38] 🔄 Retry 1/5 for MOON in 2.7s
[22:39:38] 🔄 Identity reset
[22:39:41] 🧠 New identity created
[22:39:42] [370/458] SBUC
[22:39:43] [371/458] GSVA
[22:39:44] [372/458] VIAK
[22:39:45] [373/458] SMVZ
[22:39:46] [374/458] MATE
[22:39:47] [375/458] RDCN
[22:39:48] [376/458] ASBL
[22:39:49] [377/458] ASVS
[22:39:51] [378/458] ASSR
[22:39:51] 🔄 Identity reset
[22:39:51] 🔄 Identity rotated (every 10 requests)
[22:39:52] [379/458] SSKN
[22:39:53] [380/458] DRPV
[22:39:54] [381/458] MRHT
[22:39:55] [382/458] BSCN
[22:39:56] [383/458] RKNX
[22:39:57] [384/458] MSMC
[22:39:58] [385/458] MSCJ
[22:39:59] [386/458] BTBJ
[22:40:00] [387/458] MJCC
[22:40:01] [388/458] IOMM
[22:40:01] 🔄 Identity reset
[22:40:01] 🔄 Identity rotated (every 10 requests)
[22:40:01] 🔄 Retry 1/5 for IOMM in 2.1s
[22:40:01] 🔄 Identity reset
[22:40:03] 🧠 New identity created
[22:40:03] 🔄 Retry 2/5 for IOMM in 4.5s
[22:40:03] 🔄 Identity reset
[22:40:08] 🧠 New identity created
[22:40:09] [389/458] ADGR
[22:40:11] [390/458] MYCP
[22:40:12] [391/458] IGCM
[22:40:13] [392/458] PGRK
[22:40:14] [393/458] VPGO
[22:40:15] [394/458] KOMS
[22:40:16] [395/458] URGG
[22:40:17] [396/458] GOST
[22:40:17] 🔄 Identity reset
[22:40:17] 🔄 Identity rotated (every 10 requests)
[22:40:18] [397/458] LACT
[22:40:19] [398/458] BWCM
[22:40:20] [399/458] NCCW
[22:40:22] [400/458] SKYC
[22:40:23] [401/458] CCPM
[22:40:24] [402/458] VCBT
[22:40:25] [403/458] SDKR
[22:40:26] [404/458] CTYB
[22:40:27] [405/458] SHCX
[22:40:28] [406/458] RCUN
[22:40:28] 🔄 Identity reset
[22:40:28] 🔄 Identity rotated (every 10 requests)
[22:40:29] [407/458] CNRA
[22:40:30] [408/458] RFCA
[22:40:31] [409/458] RDCU
[22:40:32] [410/458] SARK
[22:40:33] [411/458] SPPP
[22:40:34] [412/458] ADMB
[22:40:35] [413/458] JYOE
[22:40:36] [414/458] SRMD
[22:40:37] [415/458] RJDH
[22:40:38] [416/458] SSTD
[22:40:38] 🔄 Identity reset
[22:40:38] 🔄 Identity rotated (every 10 requests)
[22:40:38] 🔄 Retry 1/5 for SSTD in 2.5s
[22:40:38] 🔄 Identity reset
[22:40:41] 🧠 New identity created
[22:40:41] 🔄 Retry 2/5 for SSTD in 4.6s
[22:40:41] 🔄 Identity reset
[22:40:45] 🧠 New identity created
[22:40:46] [417/458] AACV
[22:40:47] [418/458] PPVD
[22:40:48] [419/458] STCP
[22:40:49] [420/458] ANLS
[22:40:51] [421/458] BIJO
[22:40:52] [422/458] AVAB
[22:40:53] [423/458] SPMD
[22:40:54] [424/458] SVJL
[22:40:54] 🔄 Identity reset
[22:40:54] 🔄 Identity rotated (every 10 requests)
[22:40:55] [425/458] SDDJ
[22:40:56] [426/458] SLTU
[22:40:57] [427/458] SAKA
[22:40:58] [428/458] PMAM
[22:41:00] [429/458] FNAM
[22:41:01] [430/458] ACAM
[22:41:03] [431/458] SCMM
[22:41:04] [432/458] PMAK
[22:41:05] [433/458] NYSA
[22:41:06] [434/458] FCPA
[22:41:06] 🔄 Identity reset
[22:41:06] 🔄 Identity rotated (every 10 requests)
[22:41:07] [435/458] GDAN
[22:41:09] [436/458] RSCA
[22:41:09] [437/458] DMAN
[22:41:10] [438/458] DZCM
[22:41:11] [439/458] NSGL
[22:41:12] [440/458] CCPP
[22:41:14] [441/458] PSMG
[22:41:15] [442/458] GSER
[22:41:16] [443/458] FCCT
[22:41:17] [444/458] FCTB
[22:41:17] 🔄 Identity reset
[22:41:17] 🔄 Identity rotated (every 10 requests)
[22:41:18] [445/458] LCNK
[22:41:19] [446/458] SKTY
[22:41:20] [447/458] INAA
[22:41:21] [448/458] RCWN
[22:41:22] [449/458] VAIS
[22:41:23] [450/458] CVMN
[22:41:24] [451/458] INTS
[22:41:24] [452/458] FRGS
[22:41:26] [453/458] DTCK
[22:41:27] [454/458] MCMH
[22:41:27] 🔄 Identity reset
[22:41:27] 🔄 Identity rotated (every 10 requests)
[22:41:27] 🔄 Retry 1/5 for MCMH in 2.4s
[22:41:27] 🔄 Identity reset
[22:41:30] 🧠 New identity created
[22:41:31] [455/458] ECRR
[22:41:32] [456/458] RLLP
[22:41:33] [457/458] CCSN
[22:41:34] [458/458] CCBA
[22:41:35] 🧹 Deduping shows
[22:41:35] ✅ DONE | Shows=3655 | Movies=55
[23:32:38] 🚀 SCRIPT STARTED
[23:32:38] [1/458] MBDC
[23:32:38] 🧠 New identity created
[23:32:39] [2/458] CHKM
[23:32:41] [3/458] JTKZ
[23:32:42] [4/458] CMCT
[23:32:43] [5/458] ASHO
[23:32:44] [6/458] ECDG
[23:32:45] [7/458] SPAT
[23:32:46] [8/458] HILC
[23:32:47] [9/458] SPPH
[23:32:48] [10/458] SBHN
[23:32:48] 🔄 Identity reset
[23:32:48] 🔄 Identity rotated (every 10 requests)
[23:32:48] 🔄 Retry 1/5 for SBHN in 2.8s
[23:32:48] 🔄 Identity reset
[23:32:51] 🧠 New identity created
[23:32:52] [11/458] RRCA
[23:32:53] [12/458] APAA
[23:32:54] [13/458] RAME
[23:32:55] [14/458] TMMS
[23:32:56] [15/458] BATK
[23:32:58] [16/458] LKOP
[23:32:58] [17/458] AMTT
[23:32:59] [18/458] PTGK
[23:33:00] [19/458] ANRS
[23:33:00] 🔄 Identity reset
[23:33:00] 🔄 Identity rotated (every 10 requests)
[23:33:01] [20/458] VWBW
[23:33:02] [21/458] SVFG
[23:33:03] [22/458] STAT
[23:33:04] [23/458] GDCV
[23:33:05] [24/458] VEBI
[23:33:06] [25/458] VDSS
[23:33:07] [26/458] NTHV
[23:33:08] [27/458] AOCH
[23:33:10] [28/458] KASR
[23:33:11] [29/458] AYCS
[23:33:11] 🔄 Identity reset
[23:33:11] 🔄 Identity rotated (every 10 requests)
[23:33:12] [30/458] SHAI
[23:33:13] [31/458] SKPE
[23:33:13] [32/458] SBTA
[23:33:14] [33/458] RTTD
[23:33:15] [34/458] CCJD
[23:33:16] [35/458] RSJJ
[23:33:17] [36/458] RKND
[23:33:18] [37/458] SVTX
[23:33:19] [38/458] BAKM
[23:33:20] [39/458] SVDC
[23:33:20] 🔄 Identity reset
[23:33:20] 🔄 Identity rotated (every 10 requests)
[23:33:20] 🔄 Retry 1/5 for SVDC in 2.1s
[23:33:20] 🔄 Identity reset
[23:33:22] 🧠 New identity created
[23:33:22] 🔄 Retry 2/5 for SVDC in 4.7s
[23:33:22] 🔄 Identity reset
[23:33:27] 🧠 New identity created
[23:33:28] [40/458] MNCV
[23:33:29] [41/458] SJGC
[23:33:30] [42/458] MTPK
[23:33:31] [43/458] GATP
[23:33:32] [44/458] ABTS
[23:33:33] [45/458] ABDE
[23:33:34] [46/458] RCNM
[23:33:35] [47/458] KTHV
[23:33:35] 🔄 Identity reset
[23:33:35] 🔄 Identity rotated (every 10 requests)
[23:33:36] [48/458] MDGJ
[23:33:37] [49/458] SMLM
[23:33:37] [50/458] JTMA
[23:33:38] [51/458] ACKP
[23:33:39] [52/458] SRTA
[23:33:40] [53/458] STAY
[23:33:41] [54/458] MAVO
[23:33:42] [55/458] APTS
[23:33:44] [56/458] OMEA
[23:33:45] [57/458] TTFD
[23:33:45] 🔄 Identity reset
[23:33:45] 🔄 Identity rotated (every 10 requests)
[23:33:45] 🔄 Retry 1/5 for TTFD in 2.1s
[23:33:45] 🔄 Identity reset
[23:33:47] 🧠 New identity created
[23:33:48] [58/458] MJCU
[23:33:49] [59/458] CXTE
[23:33:50] [60/458] CTPX
[23:33:51] [61/458] ASSL
[23:33:52] [62/458] CMVB
[23:33:53] [63/458] VPUR
[23:33:54] [64/458] JJDA
[23:33:55] [65/458] INBL
[23:33:57] [66/458] BIKB
[23:33:57] 🔄 Identity reset
[23:33:57] 🔄 Identity rotated (every 10 requests)
[23:33:57] 🔄 Retry 1/5 for BIKB in 2.6s
[23:33:57] 🔄 Identity reset
[23:33:59] 🧠 New identity created
[23:33:59] 🔄 Retry 2/5 for BIKB in 4.2s
[23:33:59] 🔄 Identity reset
[23:34:04] 🧠 New identity created
[23:34:05] [67/458] NTBB
[23:34:06] [68/458] GLOB
[23:34:08] [69/458] SNTB
[23:34:09] [70/458] CHGV
[23:34:10] [71/458] SSBZ
[23:34:10] [72/458] PRDB
[23:34:12] [73/458] ISMT
[23:34:13] [74/458] MCSD
[23:34:13] 🔄 Identity reset
[23:34:13] 🔄 Identity rotated (every 10 requests)
[23:34:13] [75/458] JBTT
[23:34:14] [76/458] GEKR
[23:34:15] [77/458] PVUN
[23:34:16] [78/458] NRTB
[23:34:17] [79/458] PRAA
[23:34:18] [80/458] PCBL
[23:34:19] [81/458] PTCM
[23:34:21] [82/458] KHNN
[23:34:21] [83/458] OMJE
[23:34:22] [84/458] STGN
[23:34:22] 🔄 Identity reset
[23:34:22] 🔄 Identity rotated (every 10 requests)
[23:34:23] 🔄 Retry 1/5 for STGN in 2.6s
[23:34:23] 🔄 Identity reset
[23:34:25] 🧠 New identity created
[23:34:26] [85/458] RPMS
[23:34:27] [86/458] NWAD
[23:34:28] [87/458] BLCK
[23:34:29] [88/458] SVAA
[23:34:30] [89/458] URVM
[23:34:31] [90/458] ANTM
[23:34:32] [91/458] VJYM
[23:34:33] [92/458] MAZZ
[23:34:34] [93/458] CSHM
[23:34:34] 🔄 Identity reset
[23:34:34] 🔄 Identity rotated (every 10 requests)
[23:34:35] [94/458] WGMH
[23:34:37] [95/458] SALN
[23:34:37] [96/458] BRTP
[23:34:38] [97/458] SVTA
[23:34:39] [98/458] SBTP
[23:34:40] [99/458] VLSS
[23:34:41] [100/458] SRJA
[23:34:42] [101/458] ANCG
[23:34:43] [102/458] CGGC
[23:34:44] [103/458] CRJA
[23:34:44] 🔄 Identity reset
[23:34:44] 🔄 Identity rotated (every 10 requests)
[23:34:44] 🔄 Retry 1/5 for CRJA in 2.9s
[23:34:44] 🔄 Identity reset
[23:34:47] 🧠 New identity created
[23:34:47] 🔄 Retry 2/5 for CRJA in 4.8s
[23:34:47] 🔄 Identity reset
[23:34:52] 🧠 New identity created
[23:34:52] 🔄 Retry 3/5 for CRJA in 8.1s
[23:34:52] 🔄 Identity reset
[23:35:00] 🧠 New identity created
[23:35:01] [104/458] USCR
[23:35:02] [105/458] MMEF
[23:35:03] [106/458] JCRJ
[23:35:04] [107/458] ADCM
[23:35:05] [108/458] BMYK
[23:35:06] [109/458] KICS
[23:35:07] [110/458] MBBT
[23:35:07] 🔄 Identity reset
[23:35:07] 🔄 Identity rotated (every 10 requests)
[23:35:08] [111/458] MACK
[23:35:09] [112/458] CLDR
[23:35:10] [113/458] JYCR
[23:35:11] [114/458] DCRP
[23:35:13] [115/458] RAHT
[23:35:14] [116/458] CSSM
[23:35:15] [117/458] ATPK
[23:35:16] [118/458] KLRT
[23:35:17] [119/458] SRDD
[23:35:18] [120/458] CKMC
[23:35:18] 🔄 Identity reset
[23:35:18] 🔄 Identity rotated (every 10 requests)
[23:35:19] [121/458] KRVM
[23:35:20] [122/458] AKCP
[23:35:21] [123/458] CNCV
[23:35:23] [124/458] PACT
[23:35:24] [125/458] NATP
[23:35:25] [126/458] PCPK
[23:35:26] [127/458] SMHO
[23:35:27] [128/458] CWTK
[23:35:28] [129/458] RVKZ
[23:35:29] [130/458] ASPD
[23:35:29] 🔄 Identity reset
[23:35:29] 🔄 Identity rotated (every 10 requests)
[23:35:29] 🔄 Retry 1/5 for ASPD in 2.9s
[23:35:29] 🔄 Identity reset
[23:35:32] 🧠 New identity created
[23:35:32] [131/458] VTKZ
[23:35:33] [132/458] LCSO
[23:35:34] [133/458] PRDY
[23:35:35] [134/458] RCAP
[23:35:37] [135/458] RGAR
[23:35:38] [136/458] RCAC
[23:35:39] [137/458] PMOD
[23:35:40] [138/458] PVCN
[23:35:41] [139/458] SCRZ
[23:35:41] 🔄 Identity reset
[23:35:41] 🔄 Identity rotated (every 10 requests)
[23:35:42] [140/458] PVPC
[23:35:43] [141/458] STID
[23:35:44] [142/458] NEDD
[23:35:45] [143/458] BNBA
[23:35:46] [144/458] NTCD
[23:35:47] [145/458] OCDE
[23:35:48] [146/458] CCDU
[23:35:49] [147/458] CRXH
[23:35:49] [148/458] VLVT
[23:35:50] [149/458] CICI
[23:35:50] 🔄 Identity reset
[23:35:50] 🔄 Identity rotated (every 10 requests)
[23:35:52] [150/458] SUCB
[23:35:52] [151/458] TCBP
[23:35:53] [152/458] SCCY
[23:35:54] [153/458] LXCY
[23:35:55] [154/458] NCMD
[23:35:56] [155/458] PHCS
[23:35:58] [156/458] DUXR
[23:35:59] [157/458] VNKS
[23:35:59] [158/458] SEDP
[23:36:00] [159/458] SVEN
[23:36:00] 🔄 Identity reset
[23:36:00] 🔄 Identity rotated (every 10 requests)
[23:36:02] [160/458] SRKM
[23:36:03] [161/458] JTLT
[23:36:04] [162/458] SVSS
[23:36:05] [163/458] AMDE
[23:36:06] [164/458] WVRN
[23:36:06] [165/458] ISMG
[23:36:07] [166/458] WVKS
[23:36:08] [167/458] USCG
[23:36:10] [168/458] IOTG
[23:36:11] [169/458] RRJM
[23:36:11] 🔄 Identity reset
[23:36:11] 🔄 Identity rotated (every 10 requests)
[23:36:13] [170/458] EDMP
[23:36:13] [171/458] SCGZ
[23:36:14] [172/458] GMGX
[23:36:15] [173/458] OMTP
[23:36:17] [174/458] MITD
[23:36:17] [175/458] SMMD
[23:36:18] [176/458] STML
[23:36:19] [177/458] MCFS
[23:36:20] [178/458] FPKA
[23:36:21] [179/458] OMLR
[23:36:21] 🔄 Identity reset
[23:36:21] 🔄 Identity rotated (every 10 requests)
[23:36:23] [180/458] KKSC
[23:36:24] [181/458] RVMA
[23:36:25] [182/458] SCLL
[23:36:27] [183/458] SCDK
[23:36:28] [184/458] SXMI
[23:36:29] [185/458] SHDN
[23:36:31] [186/458] PAAD
[23:36:32] [187/458] UUCB
[23:36:33] [188/458] JHOL
[23:36:34] [189/458] SGWT
[23:36:34] 🔄 Identity reset
[23:36:34] 🔄 Identity rotated (every 10 requests)
[23:36:34] 🔄 Retry 1/5 for SGWT in 2.1s
[23:36:34] 🔄 Identity reset
[23:36:36] 🧠 New identity created
[23:36:37] [190/458] SRII
[23:36:38] [191/458] SGCK
[23:36:39] [192/458] SVVB
[23:36:40] [193/458] DMHA
[23:36:41] [194/458] PPNL
[23:36:42] [195/458] CPNL
[23:36:43] [196/458] WVLD
[23:36:44] [197/458] PSLV
[23:36:45] [198/458] VTTL
[23:36:45] 🔄 Identity reset
[23:36:45] 🔄 Identity rotated (every 10 requests)
[23:36:46] [199/458] NPAD
[23:36:47] [200/458] PVCS
[23:36:48] [201/458] MCHL
[23:36:50] [202/458] PPLL
[23:36:51] [203/458] MALO
[23:36:52] [204/458] SWBH
[23:36:53] [205/458] PUGB
[23:36:54] [206/458] INBB
[23:36:54] [207/458] INNS
[23:36:55] [208/458] MCPT
[23:36:55] 🔄 Identity reset
[23:36:55] 🔄 Identity rotated (every 10 requests)
[23:36:55] 🔄 Retry 1/5 for MCPT in 2.4s
[23:36:55] 🔄 Identity reset
[23:36:58] 🧠 New identity created
[23:36:58] 🔄 Retry 2/5 for MCPT in 4.8s
[23:36:58] 🔄 Identity reset
[23:37:03] 🧠 New identity created
[23:37:04] [209/458] SCMI
[23:37:05] [210/458] OCON
[23:37:06] [211/458] SCSM
[23:37:07] [212/458] RJVN
[23:37:09] [213/458] AMDK
[23:37:11] [214/458] ISMR
[23:37:12] [215/458] SMTD
[23:37:13] [216/458] VTDD
[23:37:13] 🔄 Identity reset
[23:37:13] 🔄 Identity rotated (every 10 requests)
[23:37:14] [217/458] PDDZ
[23:37:15] [218/458] PCCK
[23:37:16] [219/458] INAM
[23:37:17] [220/458] FNKT
[23:37:18] [221/458] GDKA
[23:37:19] [222/458] MAYU
[23:37:20] [223/458] TCGU
[23:37:22] [224/458] KDCA
[23:37:23] [225/458] DOMY
[23:37:24] [226/458] PDDD
[23:37:24] 🔄 Identity reset
[23:37:24] 🔄 Identity rotated (every 10 requests)
[23:37:25] [227/458] BJTS
[23:37:26] [228/458] VTCA
[23:37:26] [229/458] SBTM
[23:37:27] [230/458] SEET
[23:37:28] [231/458] SSTJ
[23:37:29] [232/458] SVNT
[23:37:31] [233/458] PPPR
[23:37:32] [234/458] PVYS
[23:37:34] [235/458] IOSE
[23:37:35] [236/458] ACTV
[23:37:35] 🔄 Identity reset
[23:37:35] 🔄 Identity rotated (every 10 requests)
[23:37:35] 🔄 Retry 1/5 for ACTV in 3.0s
[23:37:35] 🔄 Identity reset
[23:37:38] 🧠 New identity created
[23:37:38] 🔄 Retry 2/5 for ACTV in 4.3s
[23:37:38] 🔄 Identity reset
[23:37:42] 🧠 New identity created
[23:37:42] 🔄 Retry 3/5 for ACTV in 8.3s
[23:37:42] 🔄 Identity reset
[23:37:50] 🧠 New identity created
[23:37:50] 🔄 Retry 4/5 for ACTV in 16.9s
[23:37:50] 🔄 Identity reset
[23:38:07] 🧠 New identity created
[23:38:07] ❌ ACTV failed after 5 attempts
[23:38:07] 🔄 Identity reset
[23:38:07] ❌ ACTV final failure | RuntimeError | HTTP 403
[23:38:08] [237/458] APVE
[23:38:08] 🧠 New identity created
[23:38:09] [238/458] TCCL
[23:38:10] [239/458] SCMO
[23:38:11] [240/458] SAUM
[23:38:12] [241/458] KCJS
[23:38:13] [242/458] NJCJ
[23:38:13] 🔄 Identity reset
[23:38:13] 🔄 Identity rotated (every 10 requests)
[23:38:15] [243/458] NECF
[23:38:15] [244/458] CCGW
[23:38:16] [245/458] CCMG
[23:38:17] [246/458] NYRG
[23:38:18] [247/458] NCSQ
[23:38:19] [248/458] GRCG
[23:38:20] [249/458] CCBT
[23:38:21] [250/458] ACGA
[23:38:22] [251/458] INAG
[23:38:23] [252/458] FUCG
[23:38:23] 🔄 Identity reset
[23:38:23] 🔄 Identity rotated (every 10 requests)
[23:38:23] 🔄 Retry 1/5 for FUCG in 2.0s
[23:38:23] 🔄 Identity reset
[23:38:25] 🧠 New identity created
[23:38:26] [253/458] AICF
[23:38:27] [254/458] GRGA
[23:38:28] [255/458] GDCN
[23:38:29] [256/458] RRCG
[23:38:30] [257/458] SDCH
[23:38:31] [258/458] WVJM
[23:38:32] [259/458] JCCZ
[23:38:32] [260/458] CNCL
[23:38:33] [261/458] TMLV
[23:38:33] 🔄 Identity reset
[23:38:34] 🔄 Identity rotated (every 10 requests)
[23:38:35] [262/458] MEMB
[23:38:36] [263/458] SGTD
[23:38:37] [264/458] CONX
[23:38:38] [265/458] CCMH
[23:38:39] [266/458] ACMC
[23:38:40] [267/458] DTPD
[23:38:41] [268/458] POJA
[23:38:42] [269/458] FNBH
[23:38:43] [270/458] CGCB
[23:38:44] [271/458] RACN
[23:38:44] 🔄 Identity reset
[23:38:44] 🔄 Identity rotated (every 10 requests)
[23:38:45] [272/458] JTSM
[23:38:47] [273/458] SCDN
[23:38:47] [274/458] AACK
[23:38:49] [275/458] RMCE
[23:38:50] [276/458] BSGB
[23:38:51] [277/458] MRCB
[23:38:52] [278/458] SRVR
[23:38:53] [279/458] VTKK
[23:38:54] [280/458] AMST
[23:38:55] [281/458] APCY
[23:38:55] 🔄 Identity reset
[23:38:55] 🔄 Identity rotated (every 10 requests)
[23:38:55] 🔄 Retry 1/5 for APCY in 2.5s
[23:38:55] 🔄 Identity reset
[23:38:57] 🧠 New identity created
[23:38:57] 🔄 Retry 2/5 for APCY in 4.5s
[23:38:57] 🔄 Identity reset
[23:39:02] 🧠 New identity created
[23:39:02] 🔄 Retry 3/5 for APCY in 8.0s
[23:39:02] 🔄 Identity reset
[23:39:10] 🧠 New identity created
[23:39:11] [282/458] LMHO
[23:39:12] [283/458] MTZH
[23:39:13] [284/458] AMZB
[23:39:14] [285/458] SUVT
[23:39:14] [286/458] RCIP
[23:39:15] [287/458] KESR
[23:39:16] [288/458] SNKC
[23:39:16] 🔄 Identity reset
[23:39:16] 🔄 Identity rotated (every 10 requests)
[23:39:16] 🔄 Retry 1/5 for SNKC in 2.9s
[23:39:16] 🔄 Identity reset
[23:39:19] 🧠 New identity created
[23:39:21] [289/458] SCED
[23:39:22] [290/458] DVCA
[23:39:23] [291/458] VCDT
[23:39:23] [292/458] RRDI
[23:39:24] [293/458] DFCH
[23:39:25] [294/458] INSC
[23:39:26] [295/458] RGTR
[23:39:27] [296/458] FMOT
[23:39:28] [297/458] SCPM
[23:39:28] 🔄 Identity reset
[23:39:28] 🔄 Identity rotated (every 10 requests)
[23:39:29] [298/458] GCDT
[23:39:30] [299/458] BRKT
[23:39:30] [300/458] DEMP
[23:39:31] [301/458] SRLC
[23:39:32] [302/458] KSTT
[23:39:33] [303/458] SMMT
[23:39:35] [304/458] SILM
[23:39:36] [305/458] JCVM
[23:39:37] [306/458] KCSV
[23:39:38] [307/458] MHLK
[23:39:38] 🔄 Identity reset
[23:39:38] 🔄 Identity rotated (every 10 requests)
[23:39:39] [308/458] SLVL
[23:39:41] [309/458] RJKP
[23:39:42] [310/458] BBPC
[23:39:42] [311/458] MXCB
[23:39:43] [312/458] TCPK
[23:39:45] [313/458] RTBR
[23:39:46] [314/458] GAUT
[23:39:47] [315/458] DVCF
[23:39:48] [316/458] JTSB
[23:39:49] [317/458] SBLS
[23:39:49] 🔄 Identity reset
[23:39:49] 🔄 Identity rotated (every 10 requests)
[23:39:50] [318/458] UDAY
[23:39:51] [319/458] PTNP
[23:39:52] [320/458] DMKT
[23:39:53] [321/458] NTDT
[23:39:53] [322/458] SHDJ
[23:39:54] [323/458] OTNC
[23:39:55] [324/458] RNTW
[23:39:56] [325/458] GCMI
[23:39:58] [326/458] CRCM
[23:39:59] [327/458] NNCZ
[23:39:59] 🔄 Identity reset
[23:39:59] 🔄 Identity rotated (every 10 requests)
[23:40:01] [328/458] OEMO
[23:40:02] [329/458] PVJM
[23:40:03] [330/458] CPJI
[23:40:04] [331/458] RMCJ
[23:40:05] [332/458] CNWJ
[23:40:06] [333/458] EPJM
[23:40:07] [334/458] FNJJ
[23:40:08] [335/458] GCMJ
[23:40:10] [336/458] INPS
[23:40:11] [337/458] BICJ
[23:40:11] 🔄 Identity reset
[23:40:11] 🔄 Identity rotated (every 10 requests)
[23:40:12] [338/458] ISTJ
[23:40:13] [339/458] INJC
[23:40:14] [340/458] GLXJ
[23:40:15] [341/458] INEM
[23:40:16] [342/458] JTMN
[23:40:17] [343/458] FRCJ
[23:40:18] [344/458] DDJP
[23:40:20] [345/458] INJV
[23:40:21] [346/458] GOLC
[23:40:22] [347/458] KOCI
[23:40:22] 🔄 Identity reset
[23:40:22] 🔄 Identity rotated (every 10 requests)
[23:40:23] [348/458] FSTD
[23:40:24] [349/458] PACJ
[23:40:25] [350/458] GMCN
[23:40:26] [351/458] MMDJ
[23:40:27] [352/458] GODH
[23:40:28] [353/458] SKYN
[23:40:29] [354/458] NCTH
[23:40:30] [355/458] SKVZ
[23:40:31] [356/458] SVML
[23:40:32] [357/458] ACVZ
[23:40:32] 🔄 Identity reset
[23:40:32] 🔄 Identity rotated (every 10 requests)
[23:40:33] [358/458] SURA
[23:40:34] [359/458] RTRB
[23:40:35] [360/458] LLCT
[23:40:36] [361/458] ATTS
[23:40:37] [362/458] JYCM
[23:40:39] [363/458] CTKR
[23:40:40] [364/458] LCKR
[23:40:41] [365/458] NYCV
[23:40:42] [366/458] NYOH
[23:40:43] [367/458] NOVX
[23:40:43] 🔄 Identity reset
[23:40:43] 🔄 Identity rotated (every 10 requests)
[23:40:44] [368/458] MRGK
[23:40:45] [369/458] MOON
[23:40:46] [370/458] SBUC
[23:40:47] [371/458] GSVA
[23:40:48] [372/458] VIAK
[23:40:49] [373/458] SMVZ
[23:40:50] [374/458] MATE
[23:40:51] [375/458] RDCN
[23:40:52] [376/458] ASBL
[23:40:53] [377/458] ASVS
[23:40:53] 🔄 Identity reset
[23:40:53] 🔄 Identity rotated (every 10 requests)
[23:40:54] [378/458] ASSR
[23:40:55] [379/458] SSKN
[23:40:56] [380/458] DRPV
[23:40:57] [381/458] MRHT
[23:40:58] [382/458] BSCN
[23:40:59] [383/458] RKNX
[23:41:00] [384/458] MSMC
[23:41:01] [385/458] MSCJ
[23:41:02] [386/458] BTBJ
[23:41:02] [387/458] MJCC
[23:41:02] 🔄 Identity reset
[23:41:02] 🔄 Identity rotated (every 10 requests)
[23:41:03] 🔄 Retry 1/5 for MJCC in 2.1s
[23:41:03] 🔄 Identity reset
[23:41:05] 🧠 New identity created
[23:41:05] [388/458] IOMM
[23:41:07] [389/458] ADGR
[23:41:08] [390/458] MYCP
[23:41:09] [391/458] IGCM
[23:41:09] [392/458] PGRK
[23:41:11] [393/458] VPGO
[23:41:11] [394/458] KOMS
[23:41:12] [395/458] URGG
[23:41:13] [396/458] GOST
[23:41:13] 🔄 Identity reset
[23:41:13] 🔄 Identity rotated (every 10 requests)
[23:41:13] 🔄 Retry 1/5 for GOST in 2.9s
[23:41:13] 🔄 Identity reset
[23:41:16] 🧠 New identity created
[23:41:17] [397/458] LACT
[23:41:18] [398/458] BWCM
[23:41:19] [399/458] NCCW
[23:41:20] [400/458] SKYC
[23:41:21] [401/458] CCPM
[23:41:22] [402/458] VCBT
[23:41:23] [403/458] SDKR
[23:41:24] [404/458] CTYB
[23:41:25] [405/458] SHCX
[23:41:25] 🔄 Identity reset
[23:41:25] 🔄 Identity rotated (every 10 requests)
[23:41:26] [406/458] RCUN
[23:41:27] [407/458] CNRA
[23:41:28] [408/458] RFCA
[23:41:29] [409/458] RDCU
[23:41:30] [410/458] SARK
[23:41:31] [411/458] SPPP
[23:41:32] [412/458] ADMB
[23:41:33] [413/458] JYOE
[23:41:34] [414/458] SRMD
[23:41:35] [415/458] RJDH
[23:41:35] 🔄 Identity reset
[23:41:35] 🔄 Identity rotated (every 10 requests)
[23:41:35] 🔄 Retry 1/5 for RJDH in 2.8s
[23:41:35] 🔄 Identity reset
[23:41:38] 🧠 New identity created
[23:41:39] [416/458] SSTD
[23:41:40] [417/458] AACV
[23:41:41] [418/458] PPVD
[23:41:42] [419/458] STCP
[23:41:43] [420/458] ANLS
[23:41:44] [421/458] BIJO
[23:41:45] [422/458] AVAB
[23:41:46] [423/458] SPMD
[23:41:47] [424/458] SVJL
[23:41:47] 🔄 Identity reset
[23:41:47] 🔄 Identity rotated (every 10 requests)
[23:41:48] [425/458] SDDJ
[23:41:49] [426/458] SLTU
[23:41:50] [427/458] SAKA
[23:41:52] [428/458] PMAM
[23:41:53] [429/458] FNAM
[23:41:54] [430/458] ACAM
[23:41:55] [431/458] SCMM
[23:41:56] [432/458] PMAK
[23:41:56] [433/458] NYSA
[23:41:58] [434/458] FCPA
[23:41:58] 🔄 Identity reset
[23:41:58] 🔄 Identity rotated (every 10 requests)
[23:41:59] [435/458] GDAN
[23:42:00] [436/458] RSCA
[23:42:01] [437/458] DMAN
[23:42:02] [438/458] DZCM
[23:42:03] [439/458] NSGL
[23:42:04] [440/458] CCPP
[23:42:05] [441/458] PSMG
[23:42:06] [442/458] GSER
[23:42:07] [443/458] FCCT
[23:42:08] [444/458] FCTB
[23:42:08] 🔄 Identity reset
[23:42:08] 🔄 Identity rotated (every 10 requests)
[23:42:09] [445/458] LCNK
[23:42:10] [446/458] SKTY
[23:42:12] [447/458] INAA
[23:42:13] [448/458] RCWN
[23:42:14] [449/458] VAIS
[23:42:15] [450/458] CVMN
[23:42:16] [451/458] INTS
[23:42:17] [452/458] FRGS
[23:42:19] [453/458] DTCK
[23:42:20] [454/458] MCMH
[23:42:20] 🔄 Identity reset
[23:42:20] 🔄 Identity rotated (every 10 requests)
[23:42:21] [455/458] ECRR
[23:42:22] [456/458] RLLP
[23:42:23] [457/458] CCSN
[23:42:24] [458/458] CCBA
[23:42:25] 🧹 Deduping shows
[23:42:25] ✅ DONE | Shows=3663 | Movies=55
