[10:12:46] 📍 Loaded 754 district venues
[10:12:46] 🚀 DISTRICT SCRAPER STARTED (self IP, rotating headers, delays)
[10:12:48] ⚠ 1102215 status 500
[10:12:48] ⚠ 1102175 status 500
[10:12:48] ⚠ 1086677 status 500
[10:12:49] ⚠ 1102103 status 500
[10:12:49] ⚠ 1102183 status 500
[10:12:49] ⚠ 61879 status 500
[10:12:49] ⚠ 1102100 status 500
[10:12:49] ⚠ 1102096 status 500
[10:12:50] ⚠ 1102233 status 500
[10:12:50] ⚠ 1583 status 500
[10:12:50] ⚠ 1101483 status 500
[10:12:51] ⚠ 1067161 status 500
[10:12:51] ⚠ 1068240 status 500
[10:12:51] ⚠ 1020401 status 500
[10:12:52] ⚠ 1068270 status 500
[10:12:52] ⚠ 1101584 status 500
[10:12:52] ⚠ 1102098 status 500
[10:12:52] ⚠ 1102311 status 500
[10:12:52] ⚠ 1102289 status 500
[10:12:53] ⚠ 1102119 status 500
[10:12:53] ⚠ 20856 status 500
[10:12:53] ⚠ 1096456 status 500
[10:12:54] ⚠ 1102076 status 500
[10:12:54] ⚠ 1101397 status 500
[10:12:54] ⚠ 1102244 status 500
[10:12:55] ⚠ 1100725 status 500
[10:12:55] ⚠ 1102127 status 500
[10:12:55] ⚠ 1044502 status 500
[10:12:55] ⚠ 1082714 status 500
[10:12:56] ⚠ 51512 status 500
[10:12:56] ⚠ 539 status 500
[10:12:57] ⚠ 4430 status 500
[10:12:57] ⚠ 1096482 status 500
[10:12:57] ⚠ 1102304 status 500
[10:12:57] ⚠ 1096734 status 500
[10:12:57] ⚠ 1102097 status 500
[10:12:58] ⚠ 1101355 status 500
[10:12:58] ⚠ 9508 status 500
[10:12:58] ⚠ 1096475 status 500
[10:12:58] ⚠ 1095290 status 500
[10:12:58] ⚠ 7854 status 500
[10:12:59] ⚠ 1096524 status 500
[10:12:59] ⚠ 1102280 status 500
[10:12:59] ⚠ 1102094 status 500
[10:12:59] ⚠ 1102186 status 500
[10:12:59] ⚠ 1102176 status 500
[10:13:00] ⚠ 1101450 status 500
[10:13:00] ⚠ 1011906 status 500
[10:13:00] ⚠ 1102272 status 500
[10:13:01] ⚠ 1102173 status 500
[10:13:02] ⚠ 1102182 status 500
[10:13:02] ⚠ 1094756 status 500
[10:13:02] ⚠ 1101471 status 500
[10:13:02] ⚠ 9736 status 500
[10:13:02] ⚠ 1102090 status 500
[10:13:02] ⚠ 1102270 status 500
[10:13:02] ⚠ 1102095 status 500
[10:13:03] ⚠ 1101451 status 500
[10:13:03] ⚠ 1102256 status 500
[10:13:03] ⚠ 1102071 status 500
[10:13:03] ⚠ 1102164 status 500
[10:13:04] ⚠ 1102248 status 500
[10:13:04] ⚠ 4222 status 500
[10:13:04] ⚠ 1102181 status 500
[10:13:05] ⚠ 1102242 status 500
[10:13:05] ⚠ 7257 status 500
[10:13:05] ⚠ 1102082 status 500
[10:13:05] ⚠ 1102165 status 500
[10:13:06] ⚠ 1102277 status 500
[10:13:06] ⚠ 1102084 status 500
[10:13:06] ⚠ 1101521 status 500
[10:13:06] ⚠ 1101568 status 500
[10:13:06] ⚠ 1102073 status 500
[10:13:07] ⚠ 1102269 status 500
[10:13:07] ⚠ 1102299 status 500
[10:13:07] ⚠ 1102253 status 500
[10:13:07] ⚠ 1102273 status 500
[10:13:07] ⚠ 1038431 status 500
[10:13:08] ⚠ 1102080 status 500
[10:13:08] ⚠ 1102265 status 500
[10:13:08] ⚠ 1102166 status 500
[10:13:08] ⚠ 1102174 status 500
[10:13:08] ⚠ 1102047 status 500
[10:13:09] ⚠ 1102291 status 500
[10:13:09] ⚠ 1102247 status 500
[10:13:10] ⚠ 1102213 status 500
[10:13:10] ⚠ 1102241 status 500
[10:13:10] ⚠ 28486 status 500
[10:13:11] ⚠ 1102184 status 500
[10:13:11] ⚠ 1041690 status 500
[10:13:11] ⚠ 1101590 status 500
[10:13:11] ⚠ 1056145 status 500
[10:13:12] ⚠ 1102261 status 500
[10:13:12] ⚠ 1102285 status 500
[10:13:12] ⚠ 1060495 status 500
[10:13:13] ⚠ 1102055 status 500
[10:13:13] ⚠ 1102129 status 500
[10:13:13] ⚠ 1031364 status 500
[10:13:13] ⚠ 1101423 status 500
[10:13:14] ⚠ 1102132 status 500
[10:13:14] ⚠ 1101388 status 500
[10:13:14] ⚠ 1031589 status 500
[10:13:14] ⚠ 1102123 status 500
[10:13:15] ⚠ 1691 status 500
[10:13:15] ⚠ 1101387 status 500
[10:13:15] ⚠ 1101368 status 500
[10:13:15] ⚠ 1102106 status 500
[10:13:16] ⚠ 1102137 status 500
[10:13:16] ⚠ 1102068 status 500
[10:13:17] ⚠ 1039880 status 500
[10:13:17] ⚠ 1053154 status 500
[10:13:17] ⚠ 1102125 status 500
[10:13:17] ⚠ 1042102 status 500
[10:13:18] ⚠ 1102147 status 500
[10:13:18] ⚠ 1102120 status 500
[10:13:18] ⚠ 1078022 status 500
[10:13:18] ⚠ 4132 status 500
[10:13:18] ⚠ 1101217 status 500
[10:13:19] ⚠ 1102284 status 500
[10:13:19] ⚠ 1080585 status 500
[10:13:20] ⚠ 20834 status 500
[10:13:20] ⚠ 1102168 status 500
[10:13:21] ⚠ 1100831 status 500
[10:13:21] ⚠ 1102134 status 500
[10:13:21] ⚠ 1102258 status 500
[10:13:21] ⚠ 1101219 status 500
[10:13:21] ⚠ 1078001 status 500
[10:13:22] ⚠ 1041689 status 500
[10:13:22] ⚠ 1102067 status 500
[10:13:22] ⚠ 1102069 status 500
[10:13:23] ⚠ 1101452 status 500
[10:13:23] ⚠ 5172 status 500
[10:13:23] ⚠ 1102276 status 500
[10:13:23] ⚠ 1102281 status 500
[10:13:23] ⚠ 1037501 status 500
[10:13:23] ⚠ 43628 status 500
[10:13:24] ⚠ 1102078 status 500
[10:13:25] ⚠ 1102236 status 500
[10:13:25] ⚠ 4911 status 500
[10:13:25] ⚠ 1102275 status 500
[10:13:25] ⚠ 1102124 status 500
[10:13:25] ⚠ 1011900 status 500
[10:13:26] ⚠ 1094757 status 500
[10:13:26] ⚠ 5100 status 500
[10:13:26] ⚠ 14699 status 500
[10:13:27] ⚠ 1102104 status 500
[10:13:27] ⚠ 1014604 status 500
[10:13:27] ⚠ 1102294 status 500
[10:13:27] ⚠ 1095009 status 500
[10:13:27] ⚠ 27047 status 500
[10:13:28] ⚠ 1052124 status 500
[10:13:29] ⚠ 1020826 status 500
[10:13:29] ⚠ 1102135 status 500
[10:13:29] ⚠ 1101222 status 500
[10:13:29] ⚠ 14697 status 500
[10:13:29] ⚠ 1092639 status 500
[10:13:30] ⚠ 1027478 status 500
[10:13:30] ⚠ 4175 status 500
[10:13:30] ⚠ 1102228 status 500
[10:13:31] ⚠ 1054725 status 500
[10:13:31] ⚠ 1094680 status 500
[10:13:31] ⚠ 1088547 status 500
[10:13:31] ⚠ 1088548 status 500
[10:13:31] ⚠ 1092638 status 500
[10:13:32] ⚠ 27908 status 500
[10:13:32] ⚠ 1101523 status 500
[10:13:33] ⚠ 1102239 status 500
[10:13:33] ⚠ 13772 status 500
[10:13:33] ⚠ 1102227 status 500
[10:13:33] ⚠ 16605 status 500
[10:13:33] ⚠ 1039949 status 500
[10:13:33] ⚠ 1054741 status 500
[10:13:34] ⚠ 1102099 status 500
[10:13:34] ⚠ 1102075 status 500
[10:13:34] ⚠ 1101449 status 500
[10:13:35] ⚠ 11272 status 500
[10:13:35] ⚠ 1102126 status 500
[10:13:35] ⚠ 1102121 status 500
[10:13:36] ⚠ 1102108 status 500
[10:13:36] ⚠ 4918 status 500
[10:13:36] ⚠ 1102107 status 500
[10:13:37] ⚠ 7686 status 500
[10:13:37] ⚠ 1031592 status 500
[10:13:37] ⚠ 1060262 status 500
[10:13:38] ⚠ 1037507 status 500
[10:13:38] ⚠ 3943 status 500
[10:13:38] ⚠ 29761 status 500
[10:13:39] ⚠ 1102133 status 500
[10:13:39] ⚠ 1101384 status 500
[10:13:39] ⚠ 1102116 status 500
[10:13:39] ⚠ 1042632 status 500
[10:13:40] ⚠ 1102122 status 500
[10:13:40] ⚠ 6081 status 500
[10:13:40] ⚠ 1078025 status 500
[10:13:40] ⚠ 1037033 status 500
[10:13:41] ⚠ 1037496 status 500
[10:13:41] ⚠ 1042465 status 500
[10:13:41] ⚠ 4184 status 500
[10:13:41] ⚠ 1044503 status 500
[10:13:41] ⚠ 11264 status 500
[10:13:42] ⚠ 1041688 status 500
[10:13:42] ⚠ 29998 status 500
[10:13:42] ⚠ 1074151 status 500
[10:13:42] ⚠ 1049243 status 500
[10:13:43] ⚠ 50915 status 500
[10:13:43] ⚠ 1065383 status 500
[10:13:43] ⚠ 1051040 status 500
[10:13:44] ⚠ 1030389 status 500
[10:13:44] ⚠ 1024804 status 500
[10:13:44] ⚠ 1093265 status 500
[10:13:45] ⚠ 7714 status 500
[10:13:45] ⚠ 1040891 status 500
[10:13:45] ⚠ 1039878 status 500
[10:13:45] ⚠ 1008705 status 500
[10:13:45] ⚠ 1031638 status 500
[10:13:46] ⚠ 1076602 status 500
[10:13:46] ⚠ 1094334 status 500
[10:13:47] ⚠ 1037228 status 500
[10:13:47] ⚠ 1039846 status 500
[10:13:47] ⚠ 1039860 status 500
[10:13:47] ⚠ 1009194 status 500
[10:13:47] ⚠ 1031636 status 500
[10:13:47] ⚠ 1039847 status 500
[10:13:48] ⚠ 1041672 status 500
[10:13:49] ⚠ 1096733 status 500
[10:13:49] ⚠ 1041687 status 500
[10:13:49] ⚠ 4106 status 500
[10:13:49] ⚠ 28206 status 500
[10:13:49] ⚠ 1047659 status 500
[10:13:49] ⚠ 2855 status 500
[10:13:49] ⚠ 1039875 status 500
[10:13:50] ⚠ 1039862 status 500
[10:13:50] ⚠ 25805 status 500
[10:13:51] ⚠ 1036959 status 500
[10:13:51] ⚠ 1024343 status 500
[10:13:52] ⚠ 7258 status 500
[10:13:52] ⚠ 1039864 status 500
[10:13:52] ⚠ 1097120 status 500
[10:13:52] ⚠ 1089130 status 500
[10:13:52] ⚠ 9292 status 500
[10:13:52] ⚠ 1001773 status 500
[10:13:53] ⚠ 1039850 status 500
[10:13:53] ⚠ 1040466 status 500
[10:13:53] ⚠ 1088822 status 500
[10:13:54] ⚠ 1018795 status 500
[10:13:54] ⚠ 4097 status 500
[10:13:55] ⚠ 9242 status 500
[10:13:55] ⚠ 9365 status 500
[10:13:55] ⚠ 27151 status 500
[10:13:55] ⚠ 1039865 status 500
[10:13:56] ⚠ 25803 status 500
[10:13:56] ⚠ 1041685 status 500
[10:13:56] ⚠ 36376 status 500
[10:13:56] ⚠ 1098929 status 500
[10:13:56] ⚠ 1046654 status 500
[10:13:57] ⚠ 7543 status 500
[10:13:57] ⚠ 4693 status 500
[10:13:57] ⚠ 1039849 status 500
[10:13:58] ⚠ 44361 status 500
[10:13:58] ⚠ 1039851 status 500
[10:13:58] ⚠ 56048 status 500
[10:13:58] ⚠ 1041244 status 500
[10:13:59] ⚠ 1039848 status 500
[10:13:59] ⚠ 1041449 status 500
[10:14:00] ⚠ 9920 status 500
[10:14:00] ⚠ 14120 status 500
[10:14:00] ⚠ 7813 status 500
[10:14:00] ⚠ 1056572 status 500
[10:14:00] ⚠ 13958 status 500
[10:14:01] ⚠ 7301 status 500
[10:14:01] ⚠ 7841 status 500
[10:14:01] ⚠ 1080239 status 500
[10:14:01] ⚠ 28968 status 500
[10:14:01] ⚠ 4380 status 500
[10:14:02] ⚠ 1041394 status 500
[10:14:02] ⚠ 1018799 status 500
[10:14:03] ⚠ 1016089 status 500
[10:14:03] ⚠ 27373 status 500
[10:14:03] ⚠ 1030438 status 500
[10:14:03] ⚠ 4189 status 500
[10:14:04] ⚠ 55733 status 500
[10:14:04] ⚠ 4171 status 500
[10:14:04] ⚠ 1022965 status 500
[10:14:04] ⚠ 1075746 status 500
[10:14:05] ⚠ 60085 status 500
[10:14:05] ⚠ 1008456 status 500
[10:14:05] ⚠ 4178 status 500
[10:14:06] ⚠ 1037518 status 500
[10:14:06] ⚠ 1053400 status 500
[10:14:06] ⚠ 1037525 status 500
[10:14:06] ⚠ 60083 status 500
[10:14:07] ⚠ 24521 status 500
[10:14:07] ⚠ 17069 status 500
[10:14:07] ⚠ 1016053 status 500
[10:14:07] ⚠ 10940 status 500
[10:14:08] ⚠ 1018652 status 500
[10:14:08] ⚠ 1008418 status 500
[10:14:08] ⚠ 1041743 status 500
[10:14:09] ⚠ 25804 status 500
[10:14:09] ⚠ 9487 status 500
[10:14:09] ⚠ 1041728 status 500
[10:14:10] ⚠ 55272 status 500
[10:14:10] ⚠ 1016133 status 500
[10:14:10] ⚠ 1030504 status 500
[10:14:11] ⚠ 1050791 status 500
[10:14:11] ⚠ 1037961 status 500
[10:14:11] ⚠ 1016088 status 500
[10:14:11] ⚠ 1053618 status 500
[10:14:11] ⚠ 1042615 status 500
[10:14:12] ⚠ 1049666 status 500
[10:14:12] ⚠ 1036962 status 500
[10:14:12] ⚠ 5059 status 500
[10:14:13] ⚠ 4891 status 500
[10:14:14] ⚠ 1042635 status 500
[10:14:14] ⚠ 1037502 status 500
[10:14:14] ⚠ 1042640 status 500
[10:14:14] ⚠ 1037511 status 500
[10:14:14] ⚠ 1007054 status 500
[10:14:15] ⚠ 3960 status 500
[10:14:15] ⚠ 1011174 status 500
[10:14:15] ⚠ 28925 status 500
[10:14:15] ⚠ 4248 status 500
[10:14:16] ⚠ 1041504 status 500
[10:14:16] ⚠ 1042453 status 500
[10:14:16] ⚠ 22684 status 500
[10:14:16] ⚠ 4232 status 500
[10:14:17] ⚠ 3981 status 500
[10:14:17] ⚠ 14702 status 500
[10:14:18] ⚠ 6044 status 500
[10:14:18] ⚠ 3910 status 500
[10:14:18] ⚠ 19528 status 500
[10:14:19] ⚠ 1037526 status 500
[10:14:19] ⚠ 1012595 status 500
[10:14:19] ⚠ 7534 status 500
[10:14:19] ⚠ 7881 status 500
[10:14:20] ⚠ 4028 status 500
[10:14:20] ⚠ 14694 status 500
[10:14:20] ⚠ 4008 status 500
[10:14:20] ⚠ 32194 status 500
[10:14:20] ⚠ 1067946 status 500
[10:14:21] ⚠ 9135 status 500
[10:14:21] ⚠ 4067 status 500
[10:14:22] ⚠ 58633 status 500
[10:14:22] ⚠ 25860 status 500
[10:14:22] ⚠ 10250 status 500
[10:14:22] ⚠ 1019166 status 500
[10:14:23] ⚠ 43348 status 500
[10:14:23] ⚠ 6057 status 500
[10:14:23] ⚠ 1091219 status 500
[10:14:24] ⚠ 1050645 status 500
[10:14:24] ⚠ 1020333 status 500
[10:14:24] ⚠ 1092958 status 500
[10:14:24] ⚠ 1034375 status 500
[10:14:25] ⚠ 1037530 status 500
[10:14:25] ⚠ 1005798 status 500
[10:14:25] ⚠ 1018798 status 500
[10:14:25] ⚠ 1005799 status 500
[10:14:26] ⚠ 1015289 status 500
[10:14:26] ⚠ 1025291 status 500
[10:14:27] ⚠ 1089067 status 500
[10:14:27] ⚠ 1044095 status 500
[10:14:27] ⚠ 1058533 status 500
[10:14:27] ⚠ 1041725 status 500
[10:14:28] ⚠ 1033632 status 500
[10:14:28] ⚠ 4608 status 500
[10:14:28] ⚠ 1023626 status 500
[10:14:28] ⚠ 1034383 status 500
[10:14:28] ⚠ 27150 status 500
[10:14:29] ⚠ 1039768 status 500
[10:14:29] ⚠ 1058794 status 500
[10:14:30] ⚠ 1013208 status 500
[10:14:30] ⚠ 1034186 status 500
[10:14:30] ⚠ 1015291 status 500
[10:14:31] ⚠ 1039751 status 500
[10:14:31] ⚠ 27716 status 500
[10:14:31] ⚠ 4042 status 500
[10:14:31] ⚠ 1034254 status 500
[10:14:31] ⚠ 1019593 status 500
[10:14:31] ⚠ 7747 status 500
[10:14:31] ⚠ 27715 status 500
[10:14:32] ⚠ 44966 status 500
[10:14:33] ⚠ 496 status 500
[10:14:33] ⚠ 1063761 status 500
[10:14:34] ⚠ 1016986 status 500
[10:14:34] ⚠ 24929 status 500
[10:14:34] ⚠ 28214 status 500
[10:14:34] ⚠ 4306 status 500
[10:14:35] ⚠ 1088790 status 500
[10:14:35] ⚠ 24351 status 500
[10:14:35] ⚠ 1020288 status 500
[10:14:36] ⚠ 1037520 status 500
[10:14:36] ⚠ 1083399 status 500
[10:14:36] ⚠ 4217 status 500
[10:14:36] ⚠ 7752 status 500
[10:14:37] ⚠ 9373 status 500
[10:14:37] ⚠ 1088803 status 500
[10:14:37] ⚠ 1037142 status 500
[10:14:38] ⚠ 52996 status 500
[10:14:38] ⚠ 1053939 status 500
[10:14:38] ⚠ 1067686 status 500
[10:14:38] ⚠ 1039424 status 500
[10:14:38] ⚠ 1036961 status 500
[10:14:39] ⚠ 15527 status 500
[10:14:39] ⚠ 7222 status 500
[10:14:39] ⚠ 1015795 status 500
[10:14:39] ⚠ 31987 status 500
[10:14:40] ⚠ 509 status 500
[10:14:41] ⚠ 1003802 status 500
[10:14:41] ⚠ 4332 status 500
[10:14:41] ⚠ 16791 status 500
[10:14:41] ⚠ 1063452 status 500
[10:14:41] ⚠ 1041692 status 500
[10:14:41] ⚠ 1020190 status 500
[10:14:42] ⚠ 26401 status 500
[10:14:42] ⚠ 6093 status 500
[10:14:42] ⚠ 44366 status 500
[10:14:43] ⚠ 30524 status 500
[10:14:44] ⚠ 22305 status 500
[10:14:44] ⚠ 1065451 status 500
[10:14:44] ⚠ 9420 status 500
[10:14:45] ⚠ 1008409 status 500
[10:14:45] ⚠ 1003773 status 500
[10:14:45] ⚠ 5041 status 500
[10:14:45] ⚠ 1041753 status 500
[10:14:45] ⚠ 1030422 status 500
[10:14:45] ⚠ 25938 status 500
[10:14:46] ⚠ 1005991 status 500
[10:14:46] ⚠ 32294 status 500
[10:14:47] ⚠ 1039877 status 500
[10:14:47] ⚠ 1008335 status 500
[10:14:47] ⚠ 522 status 500
[10:14:48] ⚠ 4739 status 500
[10:14:48] ⚠ 9411 status 500
[10:14:48] ⚠ 26230 status 500
[10:14:48] ⚠ 26676 status 500
[10:14:48] ⚠ 1039842 status 500
[10:14:48] ⚠ 4902 status 500
[10:14:49] ⚠ 9413 status 500
[10:14:50] ⚠ 1040228 status 500
[10:14:50] ⚠ 25808 status 500
[10:14:50] ⚠ 4107 status 500
[10:14:50] ⚠ 1021922 status 500
[10:14:50] ⚠ 1037345 status 500
[10:14:50] ⚠ 62637 status 500
[10:14:50] ⚠ 1037532 status 500
[10:14:51] ⚠ 1005804 status 500
[10:14:51] ⚠ 25011 status 500
[10:14:51] ⚠ 1012189 status 500
[10:14:52] ⚠ 1040731 status 500
[10:14:52] ⚠ 14166 status 500
[10:14:52] ⚠ 36879 status 500
[10:14:52] ⚠ 1041505 status 500
[10:14:52] ⚠ 9350 status 500
[10:14:52] ⚠ 1039272 status 500
[10:14:53] ⚠ 9551 status 500
[10:14:53] ⚠ 4036 status 500
[10:14:53] ⚠ 9424 status 500
[10:14:54] ⚠ 1034324 status 500
[10:14:54] ⚠ 9474 status 500
[10:14:54] ⚠ 1005797 status 500
[10:14:54] ⚠ 4272 status 500
[10:14:54] ⚠ 9491 status 500
[10:14:55] ⚠ 7350 status 500
[10:14:55] ⚠ 1008404 status 500
[10:14:56] ⚠ 1012081 status 500
[10:14:56] ⚠ 4733 status 500
[10:14:56] ⚠ 4045 status 500
[10:14:56] ⚠ 18823 status 500
[10:14:57] ⚠ 1042439 status 500
[10:14:57] ⚠ 1037506 status 500
[10:14:57] ⚠ 1031296 status 500
[10:14:58] ⚠ 5058 status 500
[10:14:58] ⚠ 1071622 status 500
[10:14:58] ⚠ 4725 status 500
[10:14:58] ⚠ 1025740 status 500
[10:14:58] ⚠ 14669 status 500
[10:14:58] ⚠ 4715 status 500
[10:14:59] ⚠ 9132 status 500
[10:14:59] ⚠ 1027903 status 500
[10:14:59] ⚠ 1037523 status 500
[10:15:00] ⚠ 1014990 status 500
[10:15:00] ⚠ 1052503 status 500
[10:15:01] ⚠ 42945 status 500
[10:15:01] ⚠ 1015840 status 500
[10:15:01] ⚠ 1065987 status 500
[10:15:01] ⚠ 26640 status 500
[10:15:01] ⚠ 46485 status 500
[10:15:02] ⚠ 4050 status 500
[10:15:03] ⚠ 1064038 status 500
[10:15:03] ⚠ 1041496 status 500
[10:15:03] ⚠ 1037514 status 500
[10:15:04] ⚠ 1015442 status 500
[10:15:04] ⚠ 1036772 status 500
[10:15:04] ⚠ 7137 status 500
[10:15:05] ⚠ 1016381 status 500
[10:15:05] ⚠ 7618 status 500
[10:15:05] ⚠ 7679 status 500
[10:15:05] ⚠ 1020453 status 500
[10:15:05] ⚠ 51499 status 500
[10:15:05] ⚠ 27219 status 500
[10:15:05] ⚠ 18460 status 500
[10:15:05] ⚠ 1041473 status 500
[10:15:07] ⚠ 9136 status 500
[10:15:07] ⚠ 16522 status 500
[10:15:07] ⚠ 1041393 status 500
[10:15:07] ⚠ 4051 status 500
[10:15:08] ⚠ 1037510 status 500
[10:15:08] ⚠ 1020547 status 500
[10:15:08] ⚠ 1041458 status 500
[10:15:08] ⚠ 1084553 status 500
[10:15:08] ⚠ 1075745 status 500
[10:15:08] ⚠ 1041242 status 500
[10:15:09] ⚠ 1015286 status 500
[10:15:09] ⚠ 5145 status 500
[10:15:09] ⚠ 3965 status 500
[10:15:11] ⚠ 1032460 status 500
[10:15:11] ⚠ 55466 status 500
[10:15:11] ⚠ 1037531 status 500
[10:15:11] ⚠ 9194 status 500
[10:15:11] ⚠ 1039840 status 500
[10:15:11] ⚠ 25045 status 500
[10:15:12] ⚠ 1032461 status 500
[10:15:12] ⚠ 9384 status 500
[10:15:12] ⚠ 25571 status 500
[10:15:12] ⚠ 9174 status 500
[10:15:13] ⚠ 1037527 status 500
[10:15:13] ⚠ 26281 status 500
[10:15:14] ⚠ 1003767 status 500
[10:15:14] ⚠ 30784 status 500
[10:15:15] ⚠ 7232 status 500
[10:15:15] ⚠ 1037491 status 500
[10:15:15] ⚠ 1016383 status 500
[10:15:15] ⚠ 1029684 status 500
[10:15:15] ⚠ 1037503 status 500
[10:15:16] ⚠ 55853 status 500
[10:15:16] ⚠ 1041239 status 500
[10:15:16] ⚠ 1007282 status 500
[10:15:16] ⚠ 25181 status 500
[10:15:16] ⚠ 9246 status 500
[10:15:16] ⚠ 18164 status 500
[10:15:17] ⚠ 19513 status 500
[10:15:17] ⚠ 3896 status 500
[10:15:17] ⚠ 1015975 status 500
[10:15:18] ⚠ 1037517 status 500
[10:15:18] ⚠ 9285 status 500
[10:15:18] ⚠ 5182 status 500
[10:15:18] ⚠ 1037516 status 500
[10:15:18] ⚠ 1035744 status 500
[10:15:19] ⚠ 1088811 status 500
[10:15:19] ⚠ 1042605 status 500
[10:15:20] ⚠ 62250 status 500
[10:15:20] ⚠ 1040181 status 500
[10:15:20] ⚠ 1037521 status 500
[10:15:20] ⚠ 1041804 status 500
[10:15:20] ⚠ 1032901 status 500
[10:15:21] ⚠ 1012280 status 500
[10:15:21] ⚠ 5220 status 500
[10:15:21] ⚠ 4889 status 500
[10:15:21] ⚠ 5150 status 500
[10:15:22] ⚠ 16523 status 500
[10:15:22] ⚠ 1047917 status 500
[10:15:22] ⚠ 1020338 status 500
[10:15:22] ⚠ 7293 status 500
[10:15:23] ⚠ 14354 status 500
[10:15:23] ⚠ 1041199 status 500
[10:15:24] ⚠ 1061843 status 500
[10:15:24] ⚠ 1052727 status 500
[10:15:24] ⚠ 4919 status 500
[10:15:24] ⚠ 1036383 status 500
[10:15:25] ⚠ 1056892 status 500
[10:15:25] ⚠ 4780 status 500
[10:15:25] ⚠ 1041683 status 500
[10:15:25] ⚠ 6119 status 500
[10:15:26] ⚠ 1084822 status 500
[10:15:26] ⚠ 9661 status 500
[10:15:27] ⚠ 4910 status 500
[10:15:27] ⚠ 17483 status 500
[10:15:27] ⚠ 28235 status 500
[10:15:27] ⚠ 1050804 status 500
[10:15:27] ⚠ 25281 status 500
[10:15:27] ⚠ 9784 status 500
[10:15:28] ⚠ 1033177 status 500
[10:15:28] ⚠ 1018468 status 500
[10:15:28] ⚠ 7537 status 500
[10:15:28] ⚠ 29954 status 500
[10:15:29] ⚠ 1006037 status 500
[10:15:30] ⚠ 1041726 status 500
[10:15:30] ⚠ 27725 status 500
[10:15:30] ⚠ 1041465 status 500
[10:15:30] ⚠ 1041732 status 500
[10:15:30] ⚠ 4852 status 500
[10:15:30] ⚠ 7826 status 500
[10:15:31] ⚠ 1030383 status 500
[10:15:32] ⚠ 9150 status 500
[10:15:32] ⚠ 1074202 status 500
[10:15:32] ⚠ 3145 status 500
[10:15:32] ⚠ 1013210 status 500
[10:15:32] ⚠ 7814 status 500
[10:15:33] ⚠ 7753 status 500
[10:15:34] ⚠ 1055922 status 500
[10:15:34] ⚠ 19110 status 500
[10:15:34] ⚠ 7312 status 500
[10:15:34] ⚠ 4163 status 500
[10:15:35] ⚠ 1028118 status 500
[10:15:35] ⚠ 4904 status 500
[10:15:35] ⚠ 58822 status 500
[10:15:35] ⚠ 9044 status 500
[10:15:35] ⚠ 4340 status 500
[10:15:35] ⚠ 28863 status 500
[10:15:36] ⚠ 7856 status 500
[10:15:37] ⚠ 5080 status 500
[10:15:37] ⚠ 1050768 status 500
[10:15:37] ⚠ 6096 status 500
[10:15:37] ⚠ 1088778 status 500
[10:15:37] ⚠ 4255 status 500
[10:15:37] ⚠ 1019687 status 500
[10:15:37] ⚠ 4379 status 500
[10:15:38] ⚠ 27432 status 500
[10:15:38] ⚠ 7260 status 500
[10:15:39] ⚠ 9131 status 500
[10:15:40] ⚠ 4425 status 500
[10:15:40] ⚠ 1020350 status 500
[10:15:41] ⚠ 1398 status 500
[10:15:41] ⚠ 5105 status 500
[10:15:41] ⚠ 30441 status 500
[10:15:41] ⚠ 1026095 status 500
[10:15:41] ⚠ 1041566 status 500
[10:15:41] ⚠ 1042822 status 500
[10:15:41] ⚠ 1041211 status 500
[10:15:41] ⚠ 7627 status 500
[10:15:42] ⚠ 19289 status 500
[10:15:43] ⚠ 1014297 status 500
[10:15:43] ⚠ 1033524 status 500
[10:15:44] ⚠ 6079 status 500
[10:15:44] ⚠ 1041691 status 500
[10:15:44] ⚠ 1039748 status 500
[10:15:44] ⚠ 1054202 status 500
[10:15:44] ⚠ 19294 status 500
[10:15:44] ⚠ 1041495 status 500
[10:15:45] ⚠ 9176 status 500
[10:15:45] ⚠ 1031639 status 500
[10:15:46] ⚠ 26729 status 500
[10:15:46] ⚠ 1009967 status 500
[10:15:46] ⚠ 29510 status 500
[10:15:47] ⚠ 1013662 status 500
[10:15:47] ⚠ 10268 status 500
[10:15:48] ⚠ 7308 status 500
[10:15:48] ⚠ 54684 status 500
[10:15:48] ⚠ 1031640 status 500
[10:15:48] ⚠ 24522 status 500
[10:15:48] ⚠ 43960 status 500
[10:15:48] ⚠ 1055117 status 500
[10:15:48] ⚠ 9780 status 500
[10:15:48] ⚠ 9497 status 500
[10:15:50] ⚠ 32811 status 500
[10:15:50] ⚠ 482 status 500
[10:15:50] ⚠ 12947 status 500
[10:15:50] ⚠ 1039923 status 500
[10:15:51] ⚠ 1041729 status 500
[10:15:51] ⚠ 1041782 status 500
[10:15:51] ⚠ 33645 status 500
[10:15:51] ⚠ 1041684 status 500
[10:15:51] ⚠ 1066216 status 500
[10:15:51] ⚠ 984 status 500
[10:15:52] ⚠ 9291 status 500
[10:15:52] ⚠ 1018796 status 500
[10:15:53] ⚠ 1030384 status 500
[10:15:53] ⚠ 4881 status 500
[10:15:53] ⚠ 9527 status 500
[10:15:54] ⚠ 1056146 status 500
[10:15:54] ⚠ 22884 status 500
[10:15:54] ⚠ 476 status 500
[10:15:54] ⚠ 9653 status 500
[10:15:54] ⚠ 4714 status 500
[10:15:54] ⚠ 1008441 status 500
[10:15:55] ⚠ 1039863 status 500
[10:15:55] ⚠ 1089364 status 500
[10:15:56] ⚠ 1078620 status 500
[10:15:56] ⚠ 5103 status 500
[10:15:56] ⚠ 6035 status 500
[10:15:56] ⚠ 24767 status 500
[10:15:56] ⚠ 15614 status 500
[10:15:57] ⚠ 1065452 status 500
[10:15:57] ⚠ 1049288 status 500
[10:15:57] ⚠ 1049289 status 500
[10:15:57] ⚠ 1019544 status 500
[10:15:58] ⚠ 1075662 status 500
[10:15:58] ⚠ 3976 status 500
[10:15:59] ⚠ 52682 status 500
[10:15:59] ⚠ 1054735 status 500
[10:15:59] ⚠ 1004633 status 500
[10:16:00] ⚠ 14703 status 500
[10:16:00] ⚠ 1027244 status 500
[10:16:00] ⚠ 1041567 status 500
[10:16:00] ⚠ 1035939 status 500
[10:16:00] ⚠ 1054736 status 500
[10:16:01] ⚠ 62907 status 500
[10:16:01] ⚠ 1092992 status 500
[10:16:02] ⚠ 3906 status 500
[10:16:02] ⚠ 1024041 status 500
[10:16:02] ⚠ 31792 status 500
[10:16:02] ⚠ 1042215 status 500
[10:16:02] ⚠ 5061 status 500
[10:16:02] ⚠ 25008 status 500
[10:16:02] ⚠ 1054730 status 500
[10:16:03] ⚠ 1056839 status 500
[10:16:03] ⚠ 26294 status 500
[10:16:04] ⚠ 6121 status 500
[10:16:04] ⚠ 1059680 status 500
[10:16:04] ⚠ 1009010 status 500
[10:16:05] ⚠ 49852 status 500
[10:16:05] ⚠ 38446 status 500
[10:16:05] ⚠ 1009117 status 500
[10:16:05] ⚠ 4976 status 500
[10:16:05] ⚠ 1032344 status 500
[10:16:06] ⚠ 1021629 status 500
[10:16:06] ⚠ 24880 status 500
[10:16:06] ⚠ 4124 status 500
[10:16:07] ⚠ 1088219 status 500
[10:16:07] ⚠ 1056846 status 500
[10:16:07] ⚠ 1025576 status 500
[10:16:08] ⚠ 1036955 status 500
[10:16:08] ⚠ 1020755 status 500
[10:16:08] ⚠ 9041 status 500
[10:16:08] ⚠ 39874 status 500
[10:16:09] ⚠ 9504 status 500
[10:16:09] ⚠ 1068242 status 500
[10:16:09] ⚠ 4038 status 500
[10:16:09] ⚠ 15526 status 500
[10:16:10] ⚠ 9169 status 500
[10:16:10] ⚠ 9368 status 500
[10:16:10] ⚠ 9100 status 500
[10:16:11] ⚠ 4890 status 500
[10:16:12] ⚠ 31788 status 500
[10:16:12] ⚠ 1004635 status 500
[10:16:12] ⚠ 24246 status 500
[10:16:12] ⚠ 10255 status 500
[10:16:12] ⚠ 1054742 status 500
[10:16:12] ⚠ 1082851 status 500
[10:16:13] ⚠ 1053536 status 500
[10:16:13] ⚠ 1036114 status 500
[10:16:14] ⚠ 7504 status 500
[10:16:14] ⚠ 1013355 status 500
[10:16:14] ⚠ 56144 status 500
[10:16:14] ⚠ 1012136 status 500
[10:16:15] ⚠ 10270 status 500
[10:16:15] ⚠ 1004634 status 500
[10:16:15] ⚠ 4174 status 500
[10:16:16] ⚠ 1028879 status 500
[10:16:16] ⚠ 1011192 status 500
[10:16:16] ⚠ 24981 status 500
[10:16:16] ⚠ 1003803 status 500
[10:16:17] ⚠ 1053155 status 500
[10:16:18] ⚠ 7511 status 500
[10:16:18] ✅ Fetched 0 venues with shows
[10:16:18] ✅ DONE | Shows=0 | Movies=0
[04:59:03] 📍 Loaded 754 district venues
[04:59:03] 🚀 DISTRICT SCRAPER STARTED (self IP, rotating headers, delays)
[04:59:04] ❌ 1102103 ClientResponseError: 400, message='Can not decode content-encoding: zstandard (zstd). Please install `backports.zstd`', url='https://districtvenues1.text2029mail.workers.dev/?cinema_id=1102103&date=2026-08-23'
[04:59:05] ❌ 1086677 ClientResponseError: 400, message='Can not decode content-encoding: zstandard (zstd). Please install `backports.zstd`', url='https://districtvenues1.text2029mail.workers.dev/?cinema_id=1086677&date=2026-08-23'
[04:59:05] ❌ 1102096 ClientResponseError: 400, message='Can not decode content-encoding: zstandard (zstd). Please install `backports.zstd`', url='https://districtvenues1.text2029mail.workers.dev/?cinema_id=1102096&date=2026-08-23'
[04:59:05] ❌ 1102175 ClientResponseError: 400, message='Can not decode content-encoding: zstandard (zstd). Please install `backports.zstd`', url='https://districtvenues1.text2029mail.workers.dev/?cinema_id=1102175&date=2026-08-23'
[04:59:06] ❌ 1102215 ClientResponseError: 400, message='Can not decode content-encoding: zstandard (zstd). Please install `backports.zstd`', url='https://districtvenues1.text2029mail.workers.dev/?cinema_id=1102215&date=2026-08-23'
[04:59:06] ❌ 1102183 ClientResponseError: 400, message='Can not decode content-encoding: zstandard (zstd). Please install `backports.zstd`', url='https://districtvenues1.text2029mail.workers.dev/?cinema_id=1102183&date=2026-08-23'
[04:59:06] ❌ 61879 ClientResponseError: 400, message='Can not decode content-encoding: zstandard (zstd). Please install `backports.zstd`', url='https://districtvenues1.text2029mail.workers.dev/?cinema_id=61879&date=2026-08-23'
[04:59:06] ❌ 1102100 ClientResponseError: 400, message='Can not decode content-encoding: zstandard (zstd). Please install `backports.zstd`', url='https://districtvenues1.text2029mail.workers.dev/?cinema_id=1102100&date=2026-08-23'
[04:59:06] ❌ 1583 ClientResponseError: 400, message='Can not decode content-encoding: zstandard (zstd). Please install `backports.zstd`', url='https://districtvenues1.text2029mail.workers.dev/?cinema_id=1583&date=2026-08-23'
[04:59:06] ❌ 1101584 ClientResponseError: 400, message='Can not decode content-encoding: zstandard (zstd). Please install `backports.zstd`', url='https://districtvenues1.text2029mail.workers.dev/?cinema_id=1101584&date=2026-08-23'
[04:59:07] ❌ 1102233 ClientResponseError: 400, message='Can not decode content-encoding: zstandard (zstd). Please install `backports.zstd`', url='https://districtvenues1.text2029mail.workers.dev/?cinema_id=1102233&date=2026-08-23'
[04:59:08] ❌ 1068240 ClientResponseError: 400, message='Can not decode content-encoding: zstandard (zstd). Please install `backports.zstd`', url='https://districtvenues1.text2029mail.workers.dev/?cinema_id=1068240&date=2026-08-23'
[04:59:08] ❌ 1101483 ClientResponseError: 400, message='Can not decode content-encoding: zstandard (zstd). Please install `backports.zstd`', url='https://districtvenues1.text2029mail.workers.dev/?cinema_id=1101483&date=2026-08-23'
[04:59:08] ❌ 20856 ClientResponseError: 400, message='Can not decode content-encoding: zstandard (zstd). Please install `backports.zstd`', url='https://districtvenues1.text2029mail.workers.dev/?cinema_id=20856&date=2026-08-23'
[04:59:08] ❌ 1068270 ClientResponseError: 400, message='Can not decode content-encoding: zstandard (zstd). Please install `backports.zstd`', url='https://districtvenues1.text2029mail.workers.dev/?cinema_id=1068270&date=2026-08-23'
[04:59:09] ❌ 1020401 ClientResponseError: 400, message='Can not decode content-encoding: zstandard (zstd). Please install `backports.zstd`', url='https://districtvenues1.text2029mail.workers.dev/?cinema_id=1020401&date=2026-08-23'
[04:59:09] ❌ 1102289 ClientResponseError: 400, message='Can not decode content-encoding: zstandard (zstd). Please install `backports.zstd`', url='https://districtvenues1.text2029mail.workers.dev/?cinema_id=1102289&date=2026-08-23'
[04:59:10] ❌ 1100725 ClientResponseError: 400, message='Can not decode content-encoding: zstandard (zstd). Please install `backports.zstd`', url='https://districtvenues1.text2029mail.workers.dev/?cinema_id=1100725&date=2026-08-23'
[04:59:10] ❌ 1096456 ClientResponseError: 400, message='Can not decode content-encoding: zstandard (zstd). Please install `backports.zstd`', url='https://districtvenues1.text2029mail.workers.dev/?cinema_id=1096456&date=2026-08-23'
[04:59:10] ❌ 1067161 ClientResponseError: 400, message='Can not decode content-encoding: zstandard (zstd). Please install `backports.zstd`', url='https://districtvenues1.text2029mail.workers.dev/?cinema_id=1067161&date=2026-08-23'
[04:59:10] ❌ 1102311 ClientResponseError: 400, message='Can not decode content-encoding: zstandard (zstd). Please install `backports.zstd`', url='https://districtvenues1.text2029mail.workers.dev/?cinema_id=1102311&date=2026-08-23'
[04:59:10] ❌ 1102119 ClientResponseError: 400, message='Can not decode content-encoding: zstandard (zstd). Please install `backports.zstd`', url='https://districtvenues1.text2029mail.workers.dev/?cinema_id=1102119&date=2026-08-23'
[04:59:10] ❌ 1102098 ClientResponseError: 400, message='Can not decode content-encoding: zstandard (zstd). Please install `backports.zstd`', url='https://districtvenues1.text2029mail.workers.dev/?cinema_id=1102098&date=2026-08-23'
[04:59:11] ❌ 1101397 ClientResponseError: 400, message='Can not decode content-encoding: zstandard (zstd). Please install `backports.zstd`', url='https://districtvenues1.text2029mail.workers.dev/?cinema_id=1101397&date=2026-08-23'
[04:59:12] ❌ 4430 ClientResponseError: 400, message='Can not decode content-encoding: zstandard (zstd). Please install `backports.zstd`', url='https://districtvenues1.text2029mail.workers.dev/?cinema_id=4430&date=2026-08-23'
[04:59:12] ❌ 1044502 ClientResponseError: 400, message='Can not decode content-encoding: zstandard (zstd). Please install `backports.zstd`', url='https://districtvenues1.text2029mail.workers.dev/?cinema_id=1044502&date=2026-08-23'
[04:59:12] ❌ 1102076 ClientResponseError: 400, message='Can not decode content-encoding: zstandard (zstd). Please install `backports.zstd`', url='https://districtvenues1.text2029mail.workers.dev/?cinema_id=1102076&date=2026-08-23'
[04:59:12] ❌ 1102244 ClientResponseError: 400, message='Can not decode content-encoding: zstandard (zstd). Please install `backports.zstd`', url='https://districtvenues1.text2029mail.workers.dev/?cinema_id=1102244&date=2026-08-23'
[04:59:12] ❌ 539 ClientResponseError: 400, message='Can not decode content-encoding: zstandard (zstd). Please install `backports.zstd`', url='https://districtvenues1.text2029mail.workers.dev/?cinema_id=539&date=2026-08-23'
[04:59:13] ❌ 51512 ClientResponseError: 400, message='Can not decode content-encoding: zstandard (zstd). Please install `backports.zstd`', url='https://districtvenues1.text2029mail.workers.dev/?cinema_id=51512&date=2026-08-23'
[04:59:13] ❌ 9508 ClientResponseError: 400, message='Can not decode content-encoding: zstandard (zstd). Please install `backports.zstd`', url='https://districtvenues1.text2029mail.workers.dev/?cinema_id=9508&date=2026-08-23'
[04:59:13] ❌ 1102097 ClientResponseError: 400, message='Can not decode content-encoding: zstandard (zstd). Please install `backports.zstd`', url='https://districtvenues1.text2029mail.workers.dev/?cinema_id=1102097&date=2026-08-23'
[04:59:13] ❌ 1102127 ClientResponseError: 400, message='Can not decode content-encoding: zstandard (zstd). Please install `backports.zstd`', url='https://districtvenues1.text2029mail.workers.dev/?cinema_id=1102127&date=2026-08-23'
[04:59:14] ❌ 1082714 ClientResponseError: 400, message='Can not decode content-encoding: zstandard (zstd). Please install `backports.zstd`', url='https://districtvenues1.text2029mail.workers.dev/?cinema_id=1082714&date=2026-08-23'
[04:59:14] ❌ 1096475 ClientResponseError: 400, message='Can not decode content-encoding: zstandard (zstd). Please install `backports.zstd`', url='https://districtvenues1.text2029mail.workers.dev/?cinema_id=1096475&date=2026-08-23'
[04:59:15] ❌ 1101355 ClientResponseError: 400, message='Can not decode content-encoding: zstandard (zstd). Please install `backports.zstd`', url='https://districtvenues1.text2029mail.workers.dev/?cinema_id=1101355&date=2026-08-23'
[04:59:15] ❌ 1096524 ClientResponseError: 400, message='Can not decode content-encoding: zstandard (zstd). Please install `backports.zstd`', url='https://districtvenues1.text2029mail.workers.dev/?cinema_id=1096524&date=2026-08-23'
[04:59:15] ❌ 1102304 ClientResponseError: 400, message='Can not decode content-encoding: zstandard (zstd). Please install `backports.zstd`', url='https://districtvenues1.text2029mail.workers.dev/?cinema_id=1102304&date=2026-08-23'
[04:59:15] ❌ 1096734 ClientResponseError: 400, message='Can not decode content-encoding: zstandard (zstd). Please install `backports.zstd`', url='https://districtvenues1.text2029mail.workers.dev/?cinema_id=1096734&date=2026-08-23'
[04:59:16] ❌ 1095290 ClientResponseError: 400, message='Can not decode content-encoding: zstandard (zstd). Please install `backports.zstd`', url='https://districtvenues1.text2029mail.workers.dev/?cinema_id=1095290&date=2026-08-23'
[04:59:16] ❌ 1096482 ClientResponseError: 400, message='Can not decode content-encoding: zstandard (zstd). Please install `backports.zstd`', url='https://districtvenues1.text2029mail.workers.dev/?cinema_id=1096482&date=2026-08-23'
[04:59:16] ❌ 7854 ClientResponseError: 400, message='Can not decode content-encoding: zstandard (zstd). Please install `backports.zstd`', url='https://districtvenues1.text2029mail.workers.dev/?cinema_id=7854&date=2026-08-23'
[04:59:17] ❌ 1101450 ClientResponseError: 400, message='Can not decode content-encoding: zstandard (zstd). Please install `backports.zstd`', url='https://districtvenues1.text2029mail.workers.dev/?cinema_id=1101450&date=2026-08-23'
[04:59:17] ❌ 1102280 ClientResponseError: 400, message='Can not decode content-encoding: zstandard (zstd). Please install `backports.zstd`', url='https://districtvenues1.text2029mail.workers.dev/?cinema_id=1102280&date=2026-08-23'
[04:59:17] ❌ 1102094 ClientResponseError: 400, message='Can not decode content-encoding: zstandard (zstd). Please install `backports.zstd`', url='https://districtvenues1.text2029mail.workers.dev/?cinema_id=1102094&date=2026-08-23'
[04:59:18] ❌ 1102186 ClientResponseError: 400, message='Can not decode content-encoding: zstandard (zstd). Please install `backports.zstd`', url='https://districtvenues1.text2029mail.workers.dev/?cinema_id=1102186&date=2026-08-23'
[04:59:18] ❌ 1011906 ClientResponseError: 400, message='Can not decode content-encoding: zstandard (zstd). Please install `backports.zstd`', url='https://districtvenues1.text2029mail.workers.dev/?cinema_id=1011906&date=2026-08-23'
[04:59:18] ❌ 1102272 ClientResponseError: 400, message='Can not decode content-encoding: zstandard (zstd). Please install `backports.zstd`', url='https://districtvenues1.text2029mail.workers.dev/?cinema_id=1102272&date=2026-08-23'
[04:59:18] ❌ 1102173 ClientResponseError: 400, message='Can not decode content-encoding: zstandard (zstd). Please install `backports.zstd`', url='https://districtvenues1.text2029mail.workers.dev/?cinema_id=1102173&date=2026-08-23'
[04:59:18] ❌ 9736 ClientResponseError: 400, message='Can not decode content-encoding: zstandard (zstd). Please install `backports.zstd`', url='https://districtvenues1.text2029mail.workers.dev/?cinema_id=9736&date=2026-08-23'
[04:59:18] ❌ 1094756 ClientResponseError: 400, message='Can not decode content-encoding: zstandard (zstd). Please install `backports.zstd`', url='https://districtvenues1.text2029mail.workers.dev/?cinema_id=1094756&date=2026-08-23'
[04:59:19] ❌ 1102176 ClientResponseError: 400, message='Can not decode content-encoding: zstandard (zstd). Please install `backports.zstd`', url='https://districtvenues1.text2029mail.workers.dev/?cinema_id=1102176&date=2026-08-23'
[04:59:19] ❌ 1101451 ClientResponseError: 400, message='Can not decode content-encoding: zstandard (zstd). Please install `backports.zstd`', url='https://districtvenues1.text2029mail.workers.dev/?cinema_id=1101451&date=2026-08-23'
[04:59:21] ❌ 1102095 ClientResponseError: 400, message='Can not decode content-encoding: zstandard (zstd). Please install `backports.zstd`', url='https://districtvenues1.text2029mail.workers.dev/?cinema_id=1102095&date=2026-08-23'
[04:59:21] ❌ 1101471 ClientResponseError: 400, message='Can not decode content-encoding: zstandard (zstd). Please install `backports.zstd`', url='https://districtvenues1.text2029mail.workers.dev/?cinema_id=1101471&date=2026-08-23'
[04:59:21] ❌ 1102090 ClientResponseError: 400, message='Can not decode content-encoding: zstandard (zstd). Please install `backports.zstd`', url='https://districtvenues1.text2029mail.workers.dev/?cinema_id=1102090&date=2026-08-23'
[04:59:21] ❌ 1102071 ClientResponseError: 400, message='Can not decode content-encoding: zstandard (zstd). Please install `backports.zstd`', url='https://districtvenues1.text2029mail.workers.dev/?cinema_id=1102071&date=2026-08-23'
[04:59:22] ❌ 1102164 ClientResponseError: 400, message='Can not decode content-encoding: zstandard (zstd). Please install `backports.zstd`', url='https://districtvenues1.text2029mail.workers.dev/?cinema_id=1102164&date=2026-08-23'
[04:59:22] ❌ 1102270 ClientResponseError: 400, message='Can not decode content-encoding: zstandard (zstd). Please install `backports.zstd`', url='https://districtvenues1.text2029mail.workers.dev/?cinema_id=1102270&date=2026-08-23'
[04:59:22] ❌ 1102256 ClientResponseError: 400, message='Can not decode content-encoding: zstandard (zstd). Please install `backports.zstd`', url='https://districtvenues1.text2029mail.workers.dev/?cinema_id=1102256&date=2026-08-23'
[04:59:22] ❌ 1102182 ClientResponseError: 400, message='Can not decode content-encoding: zstandard (zstd). Please install `backports.zstd`', url='https://districtvenues1.text2029mail.workers.dev/?cinema_id=1102182&date=2026-08-23'
[04:59:22] ❌ 1102248 ClientResponseError: 400, message='Can not decode content-encoding: zstandard (zstd). Please install `backports.zstd`', url='https://districtvenues1.text2029mail.workers.dev/?cinema_id=1102248&date=2026-08-23'
[04:59:23] ❌ 7257 ClientResponseError: 400, message='Can not decode content-encoding: zstandard (zstd). Please install `backports.zstd`', url='https://districtvenues1.text2029mail.workers.dev/?cinema_id=7257&date=2026-08-23'
[04:59:23] ❌ 4222 ClientResponseError: 400, message='Can not decode content-encoding: zstandard (zstd). Please install `backports.zstd`', url='https://districtvenues1.text2029mail.workers.dev/?cinema_id=4222&date=2026-08-23'
[04:59:23] ❌ 1102181 ClientResponseError: 400, message='Can not decode content-encoding: zstandard (zstd). Please install `backports.zstd`', url='https://districtvenues1.text2029mail.workers.dev/?cinema_id=1102181&date=2026-08-23'
[04:59:24] ❌ 1102242 ClientResponseError: 400, message='Can not decode content-encoding: zstandard (zstd). Please install `backports.zstd`', url='https://districtvenues1.text2029mail.workers.dev/?cinema_id=1102242&date=2026-08-23'
[04:59:25] ❌ 1102165 ClientResponseError: 400, message='Can not decode content-encoding: zstandard (zstd). Please install `backports.zstd`', url='https://districtvenues1.text2029mail.workers.dev/?cinema_id=1102165&date=2026-08-23'
[04:59:25] ❌ 1102082 ClientResponseError: 400, message='Can not decode content-encoding: zstandard (zstd). Please install `backports.zstd`', url='https://districtvenues1.text2029mail.workers.dev/?cinema_id=1102082&date=2026-08-23'
[04:59:25] ❌ 1101521 ClientResponseError: 400, message='Can not decode content-encoding: zstandard (zstd). Please install `backports.zstd`', url='https://districtvenues1.text2029mail.workers.dev/?cinema_id=1101521&date=2026-08-23'
[04:59:25] ❌ 1101568 ClientResponseError: 400, message='Can not decode content-encoding: zstandard (zstd). Please install `backports.zstd`', url='https://districtvenues1.text2029mail.workers.dev/?cinema_id=1101568&date=2026-08-23'
[04:59:26] ❌ 1102084 ClientResponseError: 400, message='Can not decode content-encoding: zstandard (zstd). Please install `backports.zstd`', url='https://districtvenues1.text2029mail.workers.dev/?cinema_id=1102084&date=2026-08-23'
[04:59:26] ❌ 1102299 ClientResponseError: 400, message='Can not decode content-encoding: zstandard (zstd). Please install `backports.zstd`', url='https://districtvenues1.text2029mail.workers.dev/?cinema_id=1102299&date=2026-08-23'
[04:59:26] ❌ 1102073 ClientResponseError: 400, message='Can not decode content-encoding: zstandard (zstd). Please install `backports.zstd`', url='https://districtvenues1.text2029mail.workers.dev/?cinema_id=1102073&date=2026-08-23'
[04:59:26] ❌ 1102277 ClientResponseError: 400, message='Can not decode content-encoding: zstandard (zstd). Please install `backports.zstd`', url='https://districtvenues1.text2029mail.workers.dev/?cinema_id=1102277&date=2026-08-23'
[04:59:26] ❌ 1102269 ClientResponseError: 400, message='Can not decode content-encoding: zstandard (zstd). Please install `backports.zstd`', url='https://districtvenues1.text2029mail.workers.dev/?cinema_id=1102269&date=2026-08-23'
[04:59:27] ❌ 1038431 ClientResponseError: 400, message='Can not decode content-encoding: zstandard (zstd). Please install `backports.zstd`', url='https://districtvenues1.text2029mail.workers.dev/?cinema_id=1038431&date=2026-08-23'
[04:59:27] ❌ 1102265 ClientResponseError: 400, message='Can not decode content-encoding: zstandard (zstd). Please install `backports.zstd`', url='https://districtvenues1.text2029mail.workers.dev/?cinema_id=1102265&date=2026-08-23'
[04:59:28] ❌ 1102253 ClientResponseError: 400, message='Can not decode content-encoding: zstandard (zstd). Please install `backports.zstd`', url='https://districtvenues1.text2029mail.workers.dev/?cinema_id=1102253&date=2026-08-23'
[04:59:29] ❌ 1102174 ClientResponseError: 400, message='Can not decode content-encoding: zstandard (zstd). Please install `backports.zstd`', url='https://districtvenues1.text2029mail.workers.dev/?cinema_id=1102174&date=2026-08-23'
[04:59:29] ❌ 1102291 ClientResponseError: 400, message='Can not decode content-encoding: zstandard (zstd). Please install `backports.zstd`', url='https://districtvenues1.text2029mail.workers.dev/?cinema_id=1102291&date=2026-08-23'
[04:59:29] ❌ 1102166 ClientResponseError: 400, message='Can not decode content-encoding: zstandard (zstd). Please install `backports.zstd`', url='https://districtvenues1.text2029mail.workers.dev/?cinema_id=1102166&date=2026-08-23'
[04:59:29] ❌ 1102047 ClientResponseError: 400, message='Can not decode content-encoding: zstandard (zstd). Please install `backports.zstd`', url='https://districtvenues1.text2029mail.workers.dev/?cinema_id=1102047&date=2026-08-23'
[04:59:29] ❌ 1102273 ClientResponseError: 400, message='Can not decode content-encoding: zstandard (zstd). Please install `backports.zstd`', url='https://districtvenues1.text2029mail.workers.dev/?cinema_id=1102273&date=2026-08-23'
[04:59:29] ❌ 1101590 ClientResponseError: 400, message='Can not decode content-encoding: zstandard (zstd). Please install `backports.zstd`', url='https://districtvenues1.text2029mail.workers.dev/?cinema_id=1101590&date=2026-08-23'
[04:59:29] ❌ 1102080 ClientResponseError: 400, message='Can not decode content-encoding: zstandard (zstd). Please install `backports.zstd`', url='https://districtvenues1.text2029mail.workers.dev/?cinema_id=1102080&date=2026-08-23'
[04:59:30] ❌ 1102213 ClientResponseError: 400, message='Can not decode content-encoding: zstandard (zstd). Please install `backports.zstd`', url='https://districtvenues1.text2029mail.workers.dev/?cinema_id=1102213&date=2026-08-23'
[04:59:31] ❌ 1056145 ClientResponseError: 400, message='Can not decode content-encoding: zstandard (zstd). Please install `backports.zstd`', url='https://districtvenues1.text2029mail.workers.dev/?cinema_id=1056145&date=2026-08-23'
[04:59:31] ❌ 1102247 ClientResponseError: 400, message='Can not decode content-encoding: zstandard (zstd). Please install `backports.zstd`', url='https://districtvenues1.text2029mail.workers.dev/?cinema_id=1102247&date=2026-08-23'
[04:59:31] ❌ 1041690 ClientResponseError: 400, message='Can not decode content-encoding: zstandard (zstd). Please install `backports.zstd`', url='https://districtvenues1.text2029mail.workers.dev/?cinema_id=1041690&date=2026-08-23'
[04:59:31] ❌ 1102055 ClientResponseError: 400, message='Can not decode content-encoding: zstandard (zstd). Please install `backports.zstd`', url='https://districtvenues1.text2029mail.workers.dev/?cinema_id=1102055&date=2026-08-23'
[04:59:31] ❌ 28486 ClientResponseError: 400, message='Can not decode content-encoding: zstandard (zstd). Please install `backports.zstd`', url='https://districtvenues1.text2029mail.workers.dev/?cinema_id=28486&date=2026-08-23'
[04:59:31] ❌ 1102184 ClientResponseError: 400, message='Can not decode content-encoding: zstandard (zstd). Please install `backports.zstd`', url='https://districtvenues1.text2029mail.workers.dev/?cinema_id=1102184&date=2026-08-23'
[04:59:32] ❌ 1102241 ClientResponseError: 400, message='Can not decode content-encoding: zstandard (zstd). Please install `backports.zstd`', url='https://districtvenues1.text2029mail.workers.dev/?cinema_id=1102241&date=2026-08-23'
[04:59:32] ❌ 1102261 ClientResponseError: 400, message='Can not decode content-encoding: zstandard (zstd). Please install `backports.zstd`', url='https://districtvenues1.text2029mail.workers.dev/?cinema_id=1102261&date=2026-08-23'
[04:59:33] ❌ 1102129 ClientResponseError: 400, message='Can not decode content-encoding: zstandard (zstd). Please install `backports.zstd`', url='https://districtvenues1.text2029mail.workers.dev/?cinema_id=1102129&date=2026-08-23'
[04:59:33] ❌ 1031364 ClientResponseError: 400, message='Can not decode content-encoding: zstandard (zstd). Please install `backports.zstd`', url='https://districtvenues1.text2029mail.workers.dev/?cinema_id=1031364&date=2026-08-23'
[04:59:33] ❌ 1102132 ClientResponseError: 400, message='Can not decode content-encoding: zstandard (zstd). Please install `backports.zstd`', url='https://districtvenues1.text2029mail.workers.dev/?cinema_id=1102132&date=2026-08-23'
[04:59:33] ❌ 1101387 ClientResponseError: 400, message='Can not decode content-encoding: zstandard (zstd). Please install `backports.zstd`', url='https://districtvenues1.text2029mail.workers.dev/?cinema_id=1101387&date=2026-08-23'
[04:59:33] ❌ 1102285 ClientResponseError: 400, message='Can not decode content-encoding: zstandard (zstd). Please install `backports.zstd`', url='https://districtvenues1.text2029mail.workers.dev/?cinema_id=1102285&date=2026-08-23'
[04:59:34] ❌ 1060495 ClientResponseError: 400, message='Can not decode content-encoding: zstandard (zstd). Please install `backports.zstd`', url='https://districtvenues1.text2029mail.workers.dev/?cinema_id=1060495&date=2026-08-23'
[04:59:34] ❌ 1101388 ClientResponseError: 400, message='Can not decode content-encoding: zstandard (zstd). Please install `backports.zstd`', url='https://districtvenues1.text2029mail.workers.dev/?cinema_id=1101388&date=2026-08-23'
[04:59:34] ❌ 1102106 ClientResponseError: 400, message='Can not decode content-encoding: zstandard (zstd). Please install `backports.zstd`', url='https://districtvenues1.text2029mail.workers.dev/?cinema_id=1102106&date=2026-08-23'
[04:59:35] ❌ 1031589 ClientResponseError: 400, message='Can not decode content-encoding: zstandard (zstd). Please install `backports.zstd`', url='https://districtvenues1.text2029mail.workers.dev/?cinema_id=1031589&date=2026-08-23'
[04:59:35] ❌ 1101423 ClientResponseError: 400, message='Can not decode content-encoding: zstandard (zstd). Please install `backports.zstd`', url='https://districtvenues1.text2029mail.workers.dev/?cinema_id=1101423&date=2026-08-23'
[04:59:35] ❌ 1102137 ClientResponseError: 400, message='Can not decode content-encoding: zstandard (zstd). Please install `backports.zstd`', url='https://districtvenues1.text2029mail.workers.dev/?cinema_id=1102137&date=2026-08-23'
[04:59:35] ❌ 1101368 ClientResponseError: 400, message='Can not decode content-encoding: zstandard (zstd). Please install `backports.zstd`', url='https://districtvenues1.text2029mail.workers.dev/?cinema_id=1101368&date=2026-08-23'
[04:59:36] ❌ 1102123 ClientResponseError: 400, message='Can not decode content-encoding: zstandard (zstd). Please install `backports.zstd`', url='https://districtvenues1.text2029mail.workers.dev/?cinema_id=1102123&date=2026-08-23'
[04:59:37] ❌ 1691 ClientResponseError: 400, message='Can not decode content-encoding: zstandard (zstd). Please install `backports.zstd`', url='https://districtvenues1.text2029mail.workers.dev/?cinema_id=1691&date=2026-08-23'
[04:59:37] ❌ 1039880 ClientResponseError: 400, message='Can not decode content-encoding: zstandard (zstd). Please install `backports.zstd`', url='https://districtvenues1.text2029mail.workers.dev/?cinema_id=1039880&date=2026-08-23'
[04:59:37] ❌ 1078022 ClientResponseError: 400, message='Can not decode content-encoding: zstandard (zstd). Please install `backports.zstd`', url='https://districtvenues1.text2029mail.workers.dev/?cinema_id=1078022&date=2026-08-23'
[04:59:37] ❌ 1102120 ClientResponseError: 400, message='Can not decode content-encoding: zstandard (zstd). Please install `backports.zstd`', url='https://districtvenues1.text2029mail.workers.dev/?cinema_id=1102120&date=2026-08-23'
[04:59:37] ❌ 1053154 ClientResponseError: 400, message='Can not decode content-encoding: zstandard (zstd). Please install `backports.zstd`', url='https://districtvenues1.text2029mail.workers.dev/?cinema_id=1053154&date=2026-08-23'
[04:59:37] ❌ 1102068 ClientResponseError: 400, message='Can not decode content-encoding: zstandard (zstd). Please install `backports.zstd`', url='https://districtvenues1.text2029mail.workers.dev/?cinema_id=1102068&date=2026-08-23'
[04:59:37] ❌ 4132 ClientResponseError: 400, message='Can not decode content-encoding: zstandard (zstd). Please install `backports.zstd`', url='https://districtvenues1.text2029mail.workers.dev/?cinema_id=4132&date=2026-08-23'
[04:59:37] ❌ 1042102 ClientResponseError: 400, message='Can not decode content-encoding: zstandard (zstd). Please install `backports.zstd`', url='https://districtvenues1.text2029mail.workers.dev/?cinema_id=1042102&date=2026-08-23'
[04:59:38] ❌ 1102125 ClientResponseError: 400, message='Can not decode content-encoding: zstandard (zstd). Please install `backports.zstd`', url='https://districtvenues1.text2029mail.workers.dev/?cinema_id=1102125&date=2026-08-23'
[04:59:38] ❌ 1102147 ClientResponseError: 400, message='Can not decode content-encoding: zstandard (zstd). Please install `backports.zstd`', url='https://districtvenues1.text2029mail.workers.dev/?cinema_id=1102147&date=2026-08-23'
[04:59:39] ❌ 1102168 ClientResponseError: 400, message='Can not decode content-encoding: zstandard (zstd). Please install `backports.zstd`', url='https://districtvenues1.text2029mail.workers.dev/?cinema_id=1102168&date=2026-08-23'
[04:59:39] ❌ 1101217 ClientResponseError: 400, message='Can not decode content-encoding: zstandard (zstd). Please install `backports.zstd`', url='https://districtvenues1.text2029mail.workers.dev/?cinema_id=1101217&date=2026-08-23'
[04:59:39] ❌ 1102284 ClientResponseError: 400, message='Can not decode content-encoding: zstandard (zstd). Please install `backports.zstd`', url='https://districtvenues1.text2029mail.workers.dev/?cinema_id=1102284&date=2026-08-23'
[04:59:40] ❌ 1102069 ClientResponseError: 400, message='Can not decode content-encoding: zstandard (zstd). Please install `backports.zstd`', url='https://districtvenues1.text2029mail.workers.dev/?cinema_id=1102069&date=2026-08-23'
[04:59:40] ❌ 1080585 ClientResponseError: 400, message='Can not decode content-encoding: zstandard (zstd). Please install `backports.zstd`', url='https://districtvenues1.text2029mail.workers.dev/?cinema_id=1080585&date=2026-08-23'
[04:59:40] ❌ 1078001 ClientResponseError: 400, message='Can not decode content-encoding: zstandard (zstd). Please install `backports.zstd`', url='https://districtvenues1.text2029mail.workers.dev/?cinema_id=1078001&date=2026-08-23'
[04:59:41] ❌ 1101219 ClientResponseError: 400, message='Can not decode content-encoding: zstandard (zstd). Please install `backports.zstd`', url='https://districtvenues1.text2029mail.workers.dev/?cinema_id=1101219&date=2026-08-23'
[04:59:41] ❌ 1102134 ClientResponseError: 400, message='Can not decode content-encoding: zstandard (zstd). Please install `backports.zstd`', url='https://districtvenues1.text2029mail.workers.dev/?cinema_id=1102134&date=2026-08-23'
[04:59:41] ❌ 1100831 ClientResponseError: 400, message='Can not decode content-encoding: zstandard (zstd). Please install `backports.zstd`', url='https://districtvenues1.text2029mail.workers.dev/?cinema_id=1100831&date=2026-08-23'
[04:59:41] ❌ 1102258 ClientResponseError: 400, message='Can not decode content-encoding: zstandard (zstd). Please install `backports.zstd`', url='https://districtvenues1.text2029mail.workers.dev/?cinema_id=1102258&date=2026-08-23'
[04:59:41] ❌ 1102067 ClientResponseError: 400, message='Can not decode content-encoding: zstandard (zstd). Please install `backports.zstd`', url='https://districtvenues1.text2029mail.workers.dev/?cinema_id=1102067&date=2026-08-23'
[04:59:42] ❌ 20834 ClientResponseError: 400, message='Can not decode content-encoding: zstandard (zstd). Please install `backports.zstd`', url='https://districtvenues1.text2029mail.workers.dev/?cinema_id=20834&date=2026-08-23'
[04:59:42] ❌ 1041689 ClientResponseError: 400, message='Can not decode content-encoding: zstandard (zstd). Please install `backports.zstd`', url='https://districtvenues1.text2029mail.workers.dev/?cinema_id=1041689&date=2026-08-23'
[04:59:43] ❌ 1101452 ClientResponseError: 400, message='Can not decode content-encoding: zstandard (zstd). Please install `backports.zstd`', url='https://districtvenues1.text2029mail.workers.dev/?cinema_id=1101452&date=2026-08-23'
[04:59:43] ❌ 5172 ClientResponseError: 400, message='Can not decode content-encoding: zstandard (zstd). Please install `backports.zstd`', url='https://districtvenues1.text2029mail.workers.dev/?cinema_id=5172&date=2026-08-23'
[04:59:43] ❌ 43628 ClientResponseError: 400, message='Can not decode content-encoding: zstandard (zstd). Please install `backports.zstd`', url='https://districtvenues1.text2029mail.workers.dev/?cinema_id=43628&date=2026-08-23'
[04:59:43] ❌ 1102236 ClientResponseError: 400, message='Can not decode content-encoding: zstandard (zstd). Please install `backports.zstd`', url='https://districtvenues1.text2029mail.workers.dev/?cinema_id=1102236&date=2026-08-23'
[04:59:43] ❌ 1102276 ClientResponseError: 400, message='Can not decode content-encoding: zstandard (zstd). Please install `backports.zstd`', url='https://districtvenues1.text2029mail.workers.dev/?cinema_id=1102276&date=2026-08-23'
[04:59:44] ❌ 1037501 ClientResponseError: 400, message='Can not decode content-encoding: zstandard (zstd). Please install `backports.zstd`', url='https://districtvenues1.text2029mail.workers.dev/?cinema_id=1037501&date=2026-08-23'
[04:59:44] ❌ 1102078 ClientResponseError: 400, message='Can not decode content-encoding: zstandard (zstd). Please install `backports.zstd`', url='https://districtvenues1.text2029mail.workers.dev/?cinema_id=1102078&date=2026-08-23'
[04:59:44] ❌ 4911 ClientResponseError: 400, message='Can not decode content-encoding: zstandard (zstd). Please install `backports.zstd`', url='https://districtvenues1.text2029mail.workers.dev/?cinema_id=4911&date=2026-08-23'
[04:59:45] ❌ 1102281 ClientResponseError: 400, message='Can not decode content-encoding: zstandard (zstd). Please install `backports.zstd`', url='https://districtvenues1.text2029mail.workers.dev/?cinema_id=1102281&date=2026-08-23'
[04:59:45] ❌ 1102124 ClientResponseError: 400, message='Can not decode content-encoding: zstandard (zstd). Please install `backports.zstd`', url='https://districtvenues1.text2029mail.workers.dev/?cinema_id=1102124&date=2026-08-23'
[04:59:46] ❌ 1011900 ClientResponseError: 400, message='Can not decode content-encoding: zstandard (zstd). Please install `backports.zstd`', url='https://districtvenues1.text2029mail.workers.dev/?cinema_id=1011900&date=2026-08-23'
[04:59:46] ❌ 14699 ClientResponseError: 400, message='Can not decode content-encoding: zstandard (zstd). Please install `backports.zstd`', url='https://districtvenues1.text2029mail.workers.dev/?cinema_id=14699&date=2026-08-23'
[04:59:46] ❌ 1102275 ClientResponseError: 400, message='Can not decode content-encoding: zstandard (zstd). Please install `backports.zstd`', url='https://districtvenues1.text2029mail.workers.dev/?cinema_id=1102275&date=2026-08-23'
[04:59:47] ❌ 1094757 ClientResponseError: 400, message='Can not decode content-encoding: zstandard (zstd). Please install `backports.zstd`', url='https://districtvenues1.text2029mail.workers.dev/?cinema_id=1094757&date=2026-08-23'
[04:59:47] ❌ 5100 ClientResponseError: 400, message='Can not decode content-encoding: zstandard (zstd). Please install `backports.zstd`', url='https://districtvenues1.text2029mail.workers.dev/?cinema_id=5100&date=2026-08-23'
[04:59:47] ❌ 27047 ClientResponseError: 400, message='Can not decode content-encoding: zstandard (zstd). Please install `backports.zstd`', url='https://districtvenues1.text2029mail.workers.dev/?cinema_id=27047&date=2026-08-23'
[04:59:47] ❌ 1102294 ClientResponseError: 400, message='Can not decode content-encoding: zstandard (zstd). Please install `backports.zstd`', url='https://districtvenues1.text2029mail.workers.dev/?cinema_id=1102294&date=2026-08-23'
[04:59:47] ❌ 1102104 ClientResponseError: 400, message='Can not decode content-encoding: zstandard (zstd). Please install `backports.zstd`', url='https://districtvenues1.text2029mail.workers.dev/?cinema_id=1102104&date=2026-08-23'
[04:59:48] ❌ 1020826 ClientResponseError: 400, message='Can not decode content-encoding: zstandard (zstd). Please install `backports.zstd`', url='https://districtvenues1.text2029mail.workers.dev/?cinema_id=1020826&date=2026-08-23'
[04:59:48] ❌ 1095009 ClientResponseError: 400, message='Can not decode content-encoding: zstandard (zstd). Please install `backports.zstd`', url='https://districtvenues1.text2029mail.workers.dev/?cinema_id=1095009&date=2026-08-23'
[04:59:49] ❌ 1014604 ClientResponseError: 400, message='Can not decode content-encoding: zstandard (zstd). Please install `backports.zstd`', url='https://districtvenues1.text2029mail.workers.dev/?cinema_id=1014604&date=2026-08-23'
[04:59:49] ❌ 1027478 ClientResponseError: 400, message='Can not decode content-encoding: zstandard (zstd). Please install `backports.zstd`', url='https://districtvenues1.text2029mail.workers.dev/?cinema_id=1027478&date=2026-08-23'
[04:59:49] ❌ 14697 ClientResponseError: 400, message='Can not decode content-encoding: zstandard (zstd). Please install `backports.zstd`', url='https://districtvenues1.text2029mail.workers.dev/?cinema_id=14697&date=2026-08-23'
[04:59:49] ❌ 1102135 ClientResponseError: 400, message='Can not decode content-encoding: zstandard (zstd). Please install `backports.zstd`', url='https://districtvenues1.text2029mail.workers.dev/?cinema_id=1102135&date=2026-08-23'
[04:59:50] ❌ 1101222 ClientResponseError: 400, message='Can not decode content-encoding: zstandard (zstd). Please install `backports.zstd`', url='https://districtvenues1.text2029mail.workers.dev/?cinema_id=1101222&date=2026-08-23'
[04:59:50] ❌ 1102228 ClientResponseError: 400, message='Can not decode content-encoding: zstandard (zstd). Please install `backports.zstd`', url='https://districtvenues1.text2029mail.workers.dev/?cinema_id=1102228&date=2026-08-23'
[04:59:50] ❌ 1092638 ClientResponseError: 400, message='Can not decode content-encoding: zstandard (zstd). Please install `backports.zstd`', url='https://districtvenues1.text2029mail.workers.dev/?cinema_id=1092638&date=2026-08-23'
[04:59:50] ❌ 4175 ClientResponseError: 400, message='Can not decode content-encoding: zstandard (zstd). Please install `backports.zstd`', url='https://districtvenues1.text2029mail.workers.dev/?cinema_id=4175&date=2026-08-23'
[04:59:50] ❌ 1052124 ClientResponseError: 400, message='Can not decode content-encoding: zstandard (zstd). Please install `backports.zstd`', url='https://districtvenues1.text2029mail.workers.dev/?cinema_id=1052124&date=2026-08-23'
[04:59:51] ❌ 1092639 ClientResponseError: 400, message='Can not decode content-encoding: zstandard (zstd). Please install `backports.zstd`', url='https://districtvenues1.text2029mail.workers.dev/?cinema_id=1092639&date=2026-08-23'
[04:59:51] ❌ 1101523 ClientResponseError: 400, message='Can not decode content-encoding: zstandard (zstd). Please install `backports.zstd`', url='https://districtvenues1.text2029mail.workers.dev/?cinema_id=1101523&date=2026-08-23'
[04:59:52] ❌ 1094680 ClientResponseError: 400, message='Can not decode content-encoding: zstandard (zstd). Please install `backports.zstd`', url='https://districtvenues1.text2029mail.workers.dev/?cinema_id=1094680&date=2026-08-23'
[04:59:52] ❌ 1054725 ClientResponseError: 400, message='Can not decode content-encoding: zstandard (zstd). Please install `backports.zstd`', url='https://districtvenues1.text2029mail.workers.dev/?cinema_id=1054725&date=2026-08-23'
[04:59:52] ❌ 1088548 ClientResponseError: 400, message='Can not decode content-encoding: zstandard (zstd). Please install `backports.zstd`', url='https://districtvenues1.text2029mail.workers.dev/?cinema_id=1088548&date=2026-08-23'
[04:59:52] ❌ 1088547 ClientResponseError: 400, message='Can not decode content-encoding: zstandard (zstd). Please install `backports.zstd`', url='https://districtvenues1.text2029mail.workers.dev/?cinema_id=1088547&date=2026-08-23'
[04:59:52] ❌ 1102075 ClientResponseError: 400, message='Can not decode content-encoding: zstandard (zstd). Please install `backports.zstd`', url='https://districtvenues1.text2029mail.workers.dev/?cinema_id=1102075&date=2026-08-23'
[04:59:52] ❌ 1102239 ClientResponseError: 400, message='Can not decode content-encoding: zstandard (zstd). Please install `backports.zstd`', url='https://districtvenues1.text2029mail.workers.dev/?cinema_id=1102239&date=2026-08-23'
[04:59:53] ❌ 1039949 ClientResponseError: 400, message='Can not decode content-encoding: zstandard (zstd). Please install `backports.zstd`', url='https://districtvenues1.text2029mail.workers.dev/?cinema_id=1039949&date=2026-08-23'
[04:59:54] ❌ 13772 ClientResponseError: 400, message='Can not decode content-encoding: zstandard (zstd). Please install `backports.zstd`', url='https://districtvenues1.text2029mail.workers.dev/?cinema_id=13772&date=2026-08-23'
[04:59:54] ❌ 1102099 ClientResponseError: 400, message='Can not decode content-encoding: zstandard (zstd). Please install `backports.zstd`', url='https://districtvenues1.text2029mail.workers.dev/?cinema_id=1102099&date=2026-08-23'
[04:59:54] ❌ 1054741 ClientResponseError: 400, message='Can not decode content-encoding: zstandard (zstd). Please install `backports.zstd`', url='https://districtvenues1.text2029mail.workers.dev/?cinema_id=1054741&date=2026-08-23'
[04:59:54] ❌ 27908 ClientResponseError: 400, message='Can not decode content-encoding: zstandard (zstd). Please install `backports.zstd`', url='https://districtvenues1.text2029mail.workers.dev/?cinema_id=27908&date=2026-08-23'
[04:59:55] ❌ 1102108 ClientResponseError: 400, message='Can not decode content-encoding: zstandard (zstd). Please install `backports.zstd`', url='https://districtvenues1.text2029mail.workers.dev/?cinema_id=1102108&date=2026-08-23'
[04:59:55] ❌ 16605 ClientResponseError: 400, message='Can not decode content-encoding: zstandard (zstd). Please install `backports.zstd`', url='https://districtvenues1.text2029mail.workers.dev/?cinema_id=16605&date=2026-08-23'
[04:59:55] ❌ 11272 ClientResponseError: 400, message='Can not decode content-encoding: zstandard (zstd). Please install `backports.zstd`', url='https://districtvenues1.text2029mail.workers.dev/?cinema_id=11272&date=2026-08-23'
[04:59:55] ❌ 1102107 ClientResponseError: 400, message='Can not decode content-encoding: zstandard (zstd). Please install `backports.zstd`', url='https://districtvenues1.text2029mail.workers.dev/?cinema_id=1102107&date=2026-08-23'
[04:59:55] ❌ 1102227 ClientResponseError: 400, message='Can not decode content-encoding: zstandard (zstd). Please install `backports.zstd`', url='https://districtvenues1.text2029mail.workers.dev/?cinema_id=1102227&date=2026-08-23'
[04:59:56] ❌ 1101449 ClientResponseError: 400, message='Can not decode content-encoding: zstandard (zstd). Please install `backports.zstd`', url='https://districtvenues1.text2029mail.workers.dev/?cinema_id=1101449&date=2026-08-23'
[04:59:56] ❌ 4918 ClientResponseError: 400, message='Can not decode content-encoding: zstandard (zstd). Please install `backports.zstd`', url='https://districtvenues1.text2029mail.workers.dev/?cinema_id=4918&date=2026-08-23'
[04:59:56] ❌ 1102121 ClientResponseError: 400, message='Can not decode content-encoding: zstandard (zstd). Please install `backports.zstd`', url='https://districtvenues1.text2029mail.workers.dev/?cinema_id=1102121&date=2026-08-23'
[04:59:56] ❌ 1031592 ClientResponseError: 400, message='Can not decode content-encoding: zstandard (zstd). Please install `backports.zstd`', url='https://districtvenues1.text2029mail.workers.dev/?cinema_id=1031592&date=2026-08-23'
[04:59:57] ❌ 7686 ClientResponseError: 400, message='Can not decode content-encoding: zstandard (zstd). Please install `backports.zstd`', url='https://districtvenues1.text2029mail.workers.dev/?cinema_id=7686&date=2026-08-23'
[04:59:57] ❌ 29761 ClientResponseError: 400, message='Can not decode content-encoding: zstandard (zstd). Please install `backports.zstd`', url='https://districtvenues1.text2029mail.workers.dev/?cinema_id=29761&date=2026-08-23'
[04:59:57] ❌ 1060262 ClientResponseError: 400, message='Can not decode content-encoding: zstandard (zstd). Please install `backports.zstd`', url='https://districtvenues1.text2029mail.workers.dev/?cinema_id=1060262&date=2026-08-23'
[04:59:58] ❌ 1102126 ClientResponseError: 400, message='Can not decode content-encoding: zstandard (zstd). Please install `backports.zstd`', url='https://districtvenues1.text2029mail.workers.dev/?cinema_id=1102126&date=2026-08-23'
[04:59:58] ❌ 1037507 ClientResponseError: 400, message='Can not decode content-encoding: zstandard (zstd). Please install `backports.zstd`', url='https://districtvenues1.text2029mail.workers.dev/?cinema_id=1037507&date=2026-08-23'
[04:59:58] ❌ 3943 ClientResponseError: 400, message='Can not decode content-encoding: zstandard (zstd). Please install `backports.zstd`', url='https://districtvenues1.text2029mail.workers.dev/?cinema_id=3943&date=2026-08-23'
[04:59:58] ❌ 1042632 ClientResponseError: 400, message='Can not decode content-encoding: zstandard (zstd). Please install `backports.zstd`', url='https://districtvenues1.text2029mail.workers.dev/?cinema_id=1042632&date=2026-08-23'
[04:59:59] ❌ 1102116 ClientResponseError: 400, message='Can not decode content-encoding: zstandard (zstd). Please install `backports.zstd`', url='https://districtvenues1.text2029mail.workers.dev/?cinema_id=1102116&date=2026-08-23'
[04:59:59] ❌ 4184 ClientResponseError: 400, message='Can not decode content-encoding: zstandard (zstd). Please install `backports.zstd`', url='https://districtvenues1.text2029mail.workers.dev/?cinema_id=4184&date=2026-08-23'
[05:00:00] ❌ 1102133 ClientResponseError: 400, message='Can not decode content-encoding: zstandard (zstd). Please install `backports.zstd`', url='https://districtvenues1.text2029mail.workers.dev/?cinema_id=1102133&date=2026-08-23'
[05:00:00] ❌ 1101384 ClientResponseError: 400, message='Can not decode content-encoding: zstandard (zstd). Please install `backports.zstd`', url='https://districtvenues1.text2029mail.workers.dev/?cinema_id=1101384&date=2026-08-23'
[05:00:00] ❌ 1037033 ClientResponseError: 400, message='Can not decode content-encoding: zstandard (zstd). Please install `backports.zstd`', url='https://districtvenues1.text2029mail.workers.dev/?cinema_id=1037033&date=2026-08-23'
[05:00:00] ❌ 6081 ClientResponseError: 400, message='Can not decode content-encoding: zstandard (zstd). Please install `backports.zstd`', url='https://districtvenues1.text2029mail.workers.dev/?cinema_id=6081&date=2026-08-23'
[05:00:00] ❌ 1102122 ClientResponseError: 400, message='Can not decode content-encoding: zstandard (zstd). Please install `backports.zstd`', url='https://districtvenues1.text2029mail.workers.dev/?cinema_id=1102122&date=2026-08-23'
[05:00:01] ❌ 1078025 ClientResponseError: 400, message='Can not decode content-encoding: zstandard (zstd). Please install `backports.zstd`', url='https://districtvenues1.text2029mail.workers.dev/?cinema_id=1078025&date=2026-08-23'
[05:00:01] ❌ 1037496 ClientResponseError: 400, message='Can not decode content-encoding: zstandard (zstd). Please install `backports.zstd`', url='https://districtvenues1.text2029mail.workers.dev/?cinema_id=1037496&date=2026-08-23'
[05:00:02] ❌ 1041688 ClientResponseError: 400, message='Can not decode content-encoding: zstandard (zstd). Please install `backports.zstd`', url='https://districtvenues1.text2029mail.workers.dev/?cinema_id=1041688&date=2026-08-23'
[05:00:02] ❌ 1042465 ClientResponseError: 400, message='Can not decode content-encoding: zstandard (zstd). Please install `backports.zstd`', url='https://districtvenues1.text2029mail.workers.dev/?cinema_id=1042465&date=2026-08-23'
[05:00:02] ❌ 1051040 ClientResponseError: 400, message='Can not decode content-encoding: zstandard (zstd). Please install `backports.zstd`', url='https://districtvenues1.text2029mail.workers.dev/?cinema_id=1051040&date=2026-08-23'
[05:00:03] ❌ 1044503 ClientResponseError: 400, message='Can not decode content-encoding: zstandard (zstd). Please install `backports.zstd`', url='https://districtvenues1.text2029mail.workers.dev/?cinema_id=1044503&date=2026-08-23'
[05:00:03] ❌ 1049243 ClientResponseError: 400, message='Can not decode content-encoding: zstandard (zstd). Please install `backports.zstd`', url='https://districtvenues1.text2029mail.workers.dev/?cinema_id=1049243&date=2026-08-23'
[05:00:03] ❌ 11264 ClientResponseError: 400, message='Can not decode content-encoding: zstandard (zstd). Please install `backports.zstd`', url='https://districtvenues1.text2029mail.workers.dev/?cinema_id=11264&date=2026-08-23'
[05:00:03] ❌ 29998 ClientResponseError: 400, message='Can not decode content-encoding: zstandard (zstd). Please install `backports.zstd`', url='https://districtvenues1.text2029mail.workers.dev/?cinema_id=29998&date=2026-08-23'
[05:00:04] ❌ 1074151 ClientResponseError: 400, message='Can not decode content-encoding: zstandard (zstd). Please install `backports.zstd`', url='https://districtvenues1.text2029mail.workers.dev/?cinema_id=1074151&date=2026-08-23'
[05:00:04] ❌ 50915 ClientResponseError: 400, message='Can not decode content-encoding: zstandard (zstd). Please install `backports.zstd`', url='https://districtvenues1.text2029mail.workers.dev/?cinema_id=50915&date=2026-08-23'
[05:00:04] ❌ 1040891 ClientResponseError: 400, message='Can not decode content-encoding: zstandard (zstd). Please install `backports.zstd`', url='https://districtvenues1.text2029mail.workers.dev/?cinema_id=1040891&date=2026-08-23'
[05:00:04] ❌ 1030389 ClientResponseError: 400, message='Can not decode content-encoding: zstandard (zstd). Please install `backports.zstd`', url='https://districtvenues1.text2029mail.workers.dev/?cinema_id=1030389&date=2026-08-23'
[05:00:04] ❌ 1065383 ClientResponseError: 400, message='Can not decode content-encoding: zstandard (zstd). Please install `backports.zstd`', url='https://districtvenues1.text2029mail.workers.dev/?cinema_id=1065383&date=2026-08-23'
[05:00:05] ❌ 1093265 ClientResponseError: 400, message='Can not decode content-encoding: zstandard (zstd). Please install `backports.zstd`', url='https://districtvenues1.text2029mail.workers.dev/?cinema_id=1093265&date=2026-08-23'
[05:00:05] ❌ 1008705 ClientResponseError: 400, message='Can not decode content-encoding: zstandard (zstd). Please install `backports.zstd`', url='https://districtvenues1.text2029mail.workers.dev/?cinema_id=1008705&date=2026-08-23'
[05:00:06] ❌ 1039878 ClientResponseError: 400, message='Can not decode content-encoding: zstandard (zstd). Please install `backports.zstd`', url='https://districtvenues1.text2029mail.workers.dev/?cinema_id=1039878&date=2026-08-23'
[05:00:06] ❌ 1094334 ClientResponseError: 400, message='Can not decode content-encoding: zstandard (zstd). Please install `backports.zstd`', url='https://districtvenues1.text2029mail.workers.dev/?cinema_id=1094334&date=2026-08-23'
[05:00:06] ❌ 7714 ClientResponseError: 400, message='Can not decode content-encoding: zstandard (zstd). Please install `backports.zstd`', url='https://districtvenues1.text2029mail.workers.dev/?cinema_id=7714&date=2026-08-23'
[05:00:06] ❌ 1031638 ClientResponseError: 400, message='Can not decode content-encoding: zstandard (zstd). Please install `backports.zstd`', url='https://districtvenues1.text2029mail.workers.dev/?cinema_id=1031638&date=2026-08-23'
[05:00:07] ❌ 1024804 ClientResponseError: 400, message='Can not decode content-encoding: zstandard (zstd). Please install `backports.zstd`', url='https://districtvenues1.text2029mail.workers.dev/?cinema_id=1024804&date=2026-08-23'
[05:00:07] ❌ 1037228 ClientResponseError: 400, message='Can not decode content-encoding: zstandard (zstd). Please install `backports.zstd`', url='https://districtvenues1.text2029mail.workers.dev/?cinema_id=1037228&date=2026-08-23'
[05:00:08] ❌ 1009194 ClientResponseError: 400, message='Can not decode content-encoding: zstandard (zstd). Please install `backports.zstd`', url='https://districtvenues1.text2029mail.workers.dev/?cinema_id=1009194&date=2026-08-23'
[05:00:08] ❌ 1041672 ClientResponseError: 400, message='Can not decode content-encoding: zstandard (zstd). Please install `backports.zstd`', url='https://districtvenues1.text2029mail.workers.dev/?cinema_id=1041672&date=2026-08-23'
[05:00:08] ❌ 1039847 ClientResponseError: 400, message='Can not decode content-encoding: zstandard (zstd). Please install `backports.zstd`', url='https://districtvenues1.text2029mail.workers.dev/?cinema_id=1039847&date=2026-08-23'
[05:00:08] ❌ 1039846 ClientResponseError: 400, message='Can not decode content-encoding: zstandard (zstd). Please install `backports.zstd`', url='https://districtvenues1.text2029mail.workers.dev/?cinema_id=1039846&date=2026-08-23'
[05:00:08] ❌ 1076602 ClientResponseError: 400, message='Can not decode content-encoding: zstandard (zstd). Please install `backports.zstd`', url='https://districtvenues1.text2029mail.workers.dev/?cinema_id=1076602&date=2026-08-23'
[05:00:08] ❌ 1031636 ClientResponseError: 400, message='Can not decode content-encoding: zstandard (zstd). Please install `backports.zstd`', url='https://districtvenues1.text2029mail.workers.dev/?cinema_id=1031636&date=2026-08-23'
[05:00:08] ❌ 1039875 ClientResponseError: 400, message='Can not decode content-encoding: zstandard (zstd). Please install `backports.zstd`', url='https://districtvenues1.text2029mail.workers.dev/?cinema_id=1039875&date=2026-08-23'
[05:00:09] ❌ 1039860 ClientResponseError: 400, message='Can not decode content-encoding: zstandard (zstd). Please install `backports.zstd`', url='https://districtvenues1.text2029mail.workers.dev/?cinema_id=1039860&date=2026-08-23'
[05:00:09] ❌ 28206 ClientResponseError: 400, message='Can not decode content-encoding: zstandard (zstd). Please install `backports.zstd`', url='https://districtvenues1.text2029mail.workers.dev/?cinema_id=28206&date=2026-08-23'
[05:00:09] ❌ 1047659 ClientResponseError: 400, message='Can not decode content-encoding: zstandard (zstd). Please install `backports.zstd`', url='https://districtvenues1.text2029mail.workers.dev/?cinema_id=1047659&date=2026-08-23'
[05:00:10] ❌ 1024343 ClientResponseError: 400, message='Can not decode content-encoding: zstandard (zstd). Please install `backports.zstd`', url='https://districtvenues1.text2029mail.workers.dev/?cinema_id=1024343&date=2026-08-23'
[05:00:10] ❌ 1041687 ClientResponseError: 400, message='Can not decode content-encoding: zstandard (zstd). Please install `backports.zstd`', url='https://districtvenues1.text2029mail.workers.dev/?cinema_id=1041687&date=2026-08-23'
[05:00:11] ❌ 1039862 ClientResponseError: 400, message='Can not decode content-encoding: zstandard (zstd). Please install `backports.zstd`', url='https://districtvenues1.text2029mail.workers.dev/?cinema_id=1039862&date=2026-08-23'
[05:00:11] ❌ 25805 ClientResponseError: 400, message='Can not decode content-encoding: zstandard (zstd). Please install `backports.zstd`', url='https://districtvenues1.text2029mail.workers.dev/?cinema_id=25805&date=2026-08-23'
[05:00:11] ❌ 4106 ClientResponseError: 400, message='Can not decode content-encoding: zstandard (zstd). Please install `backports.zstd`', url='https://districtvenues1.text2029mail.workers.dev/?cinema_id=4106&date=2026-08-23'
[05:00:11] ❌ 1096733 ClientResponseError: 400, message='Can not decode content-encoding: zstandard (zstd). Please install `backports.zstd`', url='https://districtvenues1.text2029mail.workers.dev/?cinema_id=1096733&date=2026-08-23'
[05:00:11] ❌ 9292 ClientResponseError: 400, message='Can not decode content-encoding: zstandard (zstd). Please install `backports.zstd`', url='https://districtvenues1.text2029mail.workers.dev/?cinema_id=9292&date=2026-08-23'
[05:00:12] ❌ 2855 ClientResponseError: 400, message='Can not decode content-encoding: zstandard (zstd). Please install `backports.zstd`', url='https://districtvenues1.text2029mail.workers.dev/?cinema_id=2855&date=2026-08-23'
[05:00:12] ❌ 1039864 ClientResponseError: 400, message='Can not decode content-encoding: zstandard (zstd). Please install `backports.zstd`', url='https://districtvenues1.text2029mail.workers.dev/?cinema_id=1039864&date=2026-08-23'
[05:00:12] ❌ 1001773 ClientResponseError: 400, message='Can not decode content-encoding: zstandard (zstd). Please install `backports.zstd`', url='https://districtvenues1.text2029mail.workers.dev/?cinema_id=1001773&date=2026-08-23'
[05:00:12] ❌ 1036959 ClientResponseError: 400, message='Can not decode content-encoding: zstandard (zstd). Please install `backports.zstd`', url='https://districtvenues1.text2029mail.workers.dev/?cinema_id=1036959&date=2026-08-23'
[05:00:13] ❌ 1089130 ClientResponseError: 400, message='Can not decode content-encoding: zstandard (zstd). Please install `backports.zstd`', url='https://districtvenues1.text2029mail.workers.dev/?cinema_id=1089130&date=2026-08-23'
[05:00:13] ❌ 1097120 ClientResponseError: 400, message='Can not decode content-encoding: zstandard (zstd). Please install `backports.zstd`', url='https://districtvenues1.text2029mail.workers.dev/?cinema_id=1097120&date=2026-08-23'
[05:00:13] ❌ 7258 ClientResponseError: 400, message='Can not decode content-encoding: zstandard (zstd). Please install `backports.zstd`', url='https://districtvenues1.text2029mail.workers.dev/?cinema_id=7258&date=2026-08-23'
[05:00:13] ❌ 1040466 ClientResponseError: 400, message='Can not decode content-encoding: zstandard (zstd). Please install `backports.zstd`', url='https://districtvenues1.text2029mail.workers.dev/?cinema_id=1040466&date=2026-08-23'
[05:00:14] ❌ 1039850 ClientResponseError: 400, message='Can not decode content-encoding: zstandard (zstd). Please install `backports.zstd`', url='https://districtvenues1.text2029mail.workers.dev/?cinema_id=1039850&date=2026-08-23'
[05:00:14] ❌ 1041685 ClientResponseError: 400, message='Can not decode content-encoding: zstandard (zstd). Please install `backports.zstd`', url='https://districtvenues1.text2029mail.workers.dev/?cinema_id=1041685&date=2026-08-23'
[05:00:14] ❌ 1018795 ClientResponseError: 400, message='Can not decode content-encoding: zstandard (zstd). Please install `backports.zstd`', url='https://districtvenues1.text2029mail.workers.dev/?cinema_id=1018795&date=2026-08-23'
[05:00:15] ❌ 1039865 ClientResponseError: 400, message='Can not decode content-encoding: zstandard (zstd). Please install `backports.zstd`', url='https://districtvenues1.text2029mail.workers.dev/?cinema_id=1039865&date=2026-08-23'
[05:00:15] ❌ 1088822 ClientResponseError: 400, message='Can not decode content-encoding: zstandard (zstd). Please install `backports.zstd`', url='https://districtvenues1.text2029mail.workers.dev/?cinema_id=1088822&date=2026-08-23'
[05:00:16] ❌ 25803 ClientResponseError: 400, message='Can not decode content-encoding: zstandard (zstd). Please install `backports.zstd`', url='https://districtvenues1.text2029mail.workers.dev/?cinema_id=25803&date=2026-08-23'
[05:00:16] ❌ 1098929 ClientResponseError: 400, message='Can not decode content-encoding: zstandard (zstd). Please install `backports.zstd`', url='https://districtvenues1.text2029mail.workers.dev/?cinema_id=1098929&date=2026-08-23'
[05:00:16] ❌ 4097 ClientResponseError: 400, message='Can not decode content-encoding: zstandard (zstd). Please install `backports.zstd`', url='https://districtvenues1.text2029mail.workers.dev/?cinema_id=4097&date=2026-08-23'
[05:00:16] ❌ 36376 ClientResponseError: 400, message='Can not decode content-encoding: zstandard (zstd). Please install `backports.zstd`', url='https://districtvenues1.text2029mail.workers.dev/?cinema_id=36376&date=2026-08-23'
[05:00:16] ❌ 9242 ClientResponseError: 400, message='Can not decode content-encoding: zstandard (zstd). Please install `backports.zstd`', url='https://districtvenues1.text2029mail.workers.dev/?cinema_id=9242&date=2026-08-23'
[05:00:16] ❌ 27151 ClientResponseError: 400, message='Can not decode content-encoding: zstandard (zstd). Please install `backports.zstd`', url='https://districtvenues1.text2029mail.workers.dev/?cinema_id=27151&date=2026-08-23'
[05:00:17] ❌ 1046654 ClientResponseError: 400, message='Can not decode content-encoding: zstandard (zstd). Please install `backports.zstd`', url='https://districtvenues1.text2029mail.workers.dev/?cinema_id=1046654&date=2026-08-23'
[05:00:17] ❌ 9365 ClientResponseError: 400, message='Can not decode content-encoding: zstandard (zstd). Please install `backports.zstd`', url='https://districtvenues1.text2029mail.workers.dev/?cinema_id=9365&date=2026-08-23'
[05:00:17] ❌ 1039849 ClientResponseError: 400, message='Can not decode content-encoding: zstandard (zstd). Please install `backports.zstd`', url='https://districtvenues1.text2029mail.workers.dev/?cinema_id=1039849&date=2026-08-23'
[05:00:17] ❌ 1041244 ClientResponseError: 400, message='Can not decode content-encoding: zstandard (zstd). Please install `backports.zstd`', url='https://districtvenues1.text2029mail.workers.dev/?cinema_id=1041244&date=2026-08-23'
[05:00:17] ❌ 44361 ClientResponseError: 400, message='Can not decode content-encoding: zstandard (zstd). Please install `backports.zstd`', url='https://districtvenues1.text2029mail.workers.dev/?cinema_id=44361&date=2026-08-23'
[05:00:18] ❌ 1039851 ClientResponseError: 400, message='Can not decode content-encoding: zstandard (zstd). Please install `backports.zstd`', url='https://districtvenues1.text2029mail.workers.dev/?cinema_id=1039851&date=2026-08-23'
[05:00:18] ❌ 4693 ClientResponseError: 400, message='Can not decode content-encoding: zstandard (zstd). Please install `backports.zstd`', url='https://districtvenues1.text2029mail.workers.dev/?cinema_id=4693&date=2026-08-23'
[05:00:19] ❌ 1039848 ClientResponseError: 400, message='Can not decode content-encoding: zstandard (zstd). Please install `backports.zstd`', url='https://districtvenues1.text2029mail.workers.dev/?cinema_id=1039848&date=2026-08-23'
[05:00:19] ❌ 56048 ClientResponseError: 400, message='Can not decode content-encoding: zstandard (zstd). Please install `backports.zstd`', url='https://districtvenues1.text2029mail.workers.dev/?cinema_id=56048&date=2026-08-23'
[05:00:19] ❌ 7543 ClientResponseError: 400, message='Can not decode content-encoding: zstandard (zstd). Please install `backports.zstd`', url='https://districtvenues1.text2029mail.workers.dev/?cinema_id=7543&date=2026-08-23'
[05:00:20] ❌ 13958 ClientResponseError: 400, message='Can not decode content-encoding: zstandard (zstd). Please install `backports.zstd`', url='https://districtvenues1.text2029mail.workers.dev/?cinema_id=13958&date=2026-08-23'
[05:00:20] ❌ 1041449 ClientResponseError: 400, message='Can not decode content-encoding: zstandard (zstd). Please install `backports.zstd`', url='https://districtvenues1.text2029mail.workers.dev/?cinema_id=1041449&date=2026-08-23'
[05:00:20] ❌ 9920 ClientResponseError: 400, message='Can not decode content-encoding: zstandard (zstd). Please install `backports.zstd`', url='https://districtvenues1.text2029mail.workers.dev/?cinema_id=9920&date=2026-08-23'
[05:00:20] ❌ 7813 ClientResponseError: 400, message='Can not decode content-encoding: zstandard (zstd). Please install `backports.zstd`', url='https://districtvenues1.text2029mail.workers.dev/?cinema_id=7813&date=2026-08-23'
[05:00:21] ❌ 7301 ClientResponseError: 400, message='Can not decode content-encoding: zstandard (zstd). Please install `backports.zstd`', url='https://districtvenues1.text2029mail.workers.dev/?cinema_id=7301&date=2026-08-23'
[05:00:22] ❌ 4380 ClientResponseError: 400, message='Can not decode content-encoding: zstandard (zstd). Please install `backports.zstd`', url='https://districtvenues1.text2029mail.workers.dev/?cinema_id=4380&date=2026-08-23'
[05:00:22] ❌ 1080239 ClientResponseError: 400, message='Can not decode content-encoding: zstandard (zstd). Please install `backports.zstd`', url='https://districtvenues1.text2029mail.workers.dev/?cinema_id=1080239&date=2026-08-23'
[05:00:22] ❌ 7841 ClientResponseError: 400, message='Can not decode content-encoding: zstandard (zstd). Please install `backports.zstd`', url='https://districtvenues1.text2029mail.workers.dev/?cinema_id=7841&date=2026-08-23'
[05:00:22] ❌ 1016089 ClientResponseError: 400, message='Can not decode content-encoding: zstandard (zstd). Please install `backports.zstd`', url='https://districtvenues1.text2029mail.workers.dev/?cinema_id=1016089&date=2026-08-23'
[05:00:22] ❌ 28968 ClientResponseError: 400, message='Can not decode content-encoding: zstandard (zstd). Please install `backports.zstd`', url='https://districtvenues1.text2029mail.workers.dev/?cinema_id=28968&date=2026-08-23'
[05:00:22] ❌ 14120 ClientResponseError: 400, message='Can not decode content-encoding: zstandard (zstd). Please install `backports.zstd`', url='https://districtvenues1.text2029mail.workers.dev/?cinema_id=14120&date=2026-08-23'
[05:00:23] ❌ 27373 ClientResponseError: 400, message='Can not decode content-encoding: zstandard (zstd). Please install `backports.zstd`', url='https://districtvenues1.text2029mail.workers.dev/?cinema_id=27373&date=2026-08-23'
[05:00:23] ❌ 1041394 ClientResponseError: 400, message='Can not decode content-encoding: zstandard (zstd). Please install `backports.zstd`', url='https://districtvenues1.text2029mail.workers.dev/?cinema_id=1041394&date=2026-08-23'
[05:00:23] ❌ 1056572 ClientResponseError: 400, message='Can not decode content-encoding: zstandard (zstd). Please install `backports.zstd`', url='https://districtvenues1.text2029mail.workers.dev/?cinema_id=1056572&date=2026-08-23'
[05:00:23] ❌ 4189 ClientResponseError: 400, message='Can not decode content-encoding: zstandard (zstd). Please install `backports.zstd`', url='https://districtvenues1.text2029mail.workers.dev/?cinema_id=4189&date=2026-08-23'
[05:00:24] ❌ 4171 ClientResponseError: 400, message='Can not decode content-encoding: zstandard (zstd). Please install `backports.zstd`', url='https://districtvenues1.text2029mail.workers.dev/?cinema_id=4171&date=2026-08-23'
[05:00:24] ❌ 55733 ClientResponseError: 400, message='Can not decode content-encoding: zstandard (zstd). Please install `backports.zstd`', url='https://districtvenues1.text2029mail.workers.dev/?cinema_id=55733&date=2026-08-23'
[05:00:24] ❌ 1075746 ClientResponseError: 400, message='Can not decode content-encoding: zstandard (zstd). Please install `backports.zstd`', url='https://districtvenues1.text2029mail.workers.dev/?cinema_id=1075746&date=2026-08-23'
[05:00:25] ❌ 1030438 ClientResponseError: 400, message='Can not decode content-encoding: zstandard (zstd). Please install `backports.zstd`', url='https://districtvenues1.text2029mail.workers.dev/?cinema_id=1030438&date=2026-08-23'
[05:00:25] ❌ 1022965 ClientResponseError: 400, message='Can not decode content-encoding: zstandard (zstd). Please install `backports.zstd`', url='https://districtvenues1.text2029mail.workers.dev/?cinema_id=1022965&date=2026-08-23'
[05:00:25] ❌ 1018799 ClientResponseError: 400, message='Can not decode content-encoding: zstandard (zstd). Please install `backports.zstd`', url='https://districtvenues1.text2029mail.workers.dev/?cinema_id=1018799&date=2026-08-23'
[05:00:26] ❌ 4178 ClientResponseError: 400, message='Can not decode content-encoding: zstandard (zstd). Please install `backports.zstd`', url='https://districtvenues1.text2029mail.workers.dev/?cinema_id=4178&date=2026-08-23'
[05:00:26] ❌ 60085 ClientResponseError: 400, message='Can not decode content-encoding: zstandard (zstd). Please install `backports.zstd`', url='https://districtvenues1.text2029mail.workers.dev/?cinema_id=60085&date=2026-08-23'
[05:00:26] ❌ 1037518 ClientResponseError: 400, message='Can not decode content-encoding: zstandard (zstd). Please install `backports.zstd`', url='https://districtvenues1.text2029mail.workers.dev/?cinema_id=1037518&date=2026-08-23'
[05:00:26] ❌ 1037525 ClientResponseError: 400, message='Can not decode content-encoding: zstandard (zstd). Please install `backports.zstd`', url='https://districtvenues1.text2029mail.workers.dev/?cinema_id=1037525&date=2026-08-23'
[05:00:27] ❌ 60083 ClientResponseError: 400, message='Can not decode content-encoding: zstandard (zstd). Please install `backports.zstd`', url='https://districtvenues1.text2029mail.workers.dev/?cinema_id=60083&date=2026-08-23'
[05:00:27] ❌ 1053400 ClientResponseError: 400, message='Can not decode content-encoding: zstandard (zstd). Please install `backports.zstd`', url='https://districtvenues1.text2029mail.workers.dev/?cinema_id=1053400&date=2026-08-23'
[05:00:27] ❌ 1008456 ClientResponseError: 400, message='Can not decode content-encoding: zstandard (zstd). Please install `backports.zstd`', url='https://districtvenues1.text2029mail.workers.dev/?cinema_id=1008456&date=2026-08-23'
[05:00:28] ❌ 1018652 ClientResponseError: 400, message='Can not decode content-encoding: zstandard (zstd). Please install `backports.zstd`', url='https://districtvenues1.text2029mail.workers.dev/?cinema_id=1018652&date=2026-08-23'
[05:00:28] ❌ 24521 ClientResponseError: 400, message='Can not decode content-encoding: zstandard (zstd). Please install `backports.zstd`', url='https://districtvenues1.text2029mail.workers.dev/?cinema_id=24521&date=2026-08-23'
[05:00:28] ❌ 1016053 ClientResponseError: 400, message='Can not decode content-encoding: zstandard (zstd). Please install `backports.zstd`', url='https://districtvenues1.text2029mail.workers.dev/?cinema_id=1016053&date=2026-08-23'
[05:00:28] ❌ 1008418 ClientResponseError: 400, message='Can not decode content-encoding: zstandard (zstd). Please install `backports.zstd`', url='https://districtvenues1.text2029mail.workers.dev/?cinema_id=1008418&date=2026-08-23'
[05:00:28] ❌ 1041728 ClientResponseError: 400, message='Can not decode content-encoding: zstandard (zstd). Please install `backports.zstd`', url='https://districtvenues1.text2029mail.workers.dev/?cinema_id=1041728&date=2026-08-23'
[05:00:29] ❌ 17069 ClientResponseError: 400, message='Can not decode content-encoding: zstandard (zstd). Please install `backports.zstd`', url='https://districtvenues1.text2029mail.workers.dev/?cinema_id=17069&date=2026-08-23'
[05:00:30] ❌ 1041743 ClientResponseError: 400, message='Can not decode content-encoding: zstandard (zstd). Please install `backports.zstd`', url='https://districtvenues1.text2029mail.workers.dev/?cinema_id=1041743&date=2026-08-23'
[05:00:30] ❌ 25804 ClientResponseError: 400, message='Can not decode content-encoding: zstandard (zstd). Please install `backports.zstd`', url='https://districtvenues1.text2029mail.workers.dev/?cinema_id=25804&date=2026-08-23'
[05:00:30] ❌ 1050791 ClientResponseError: 400, message='Can not decode content-encoding: zstandard (zstd). Please install `backports.zstd`', url='https://districtvenues1.text2029mail.workers.dev/?cinema_id=1050791&date=2026-08-23'
[05:00:30] ❌ 10940 ClientResponseError: 400, message='Can not decode content-encoding: zstandard (zstd). Please install `backports.zstd`', url='https://districtvenues1.text2029mail.workers.dev/?cinema_id=10940&date=2026-08-23'
[05:00:30] ❌ 55272 ClientResponseError: 400, message='Can not decode content-encoding: zstandard (zstd). Please install `backports.zstd`', url='https://districtvenues1.text2029mail.workers.dev/?cinema_id=55272&date=2026-08-23'
[05:00:31] ❌ 1037961 ClientResponseError: 400, message='Can not decode content-encoding: zstandard (zstd). Please install `backports.zstd`', url='https://districtvenues1.text2029mail.workers.dev/?cinema_id=1037961&date=2026-08-23'
[05:00:31] ❌ 1016133 ClientResponseError: 400, message='Can not decode content-encoding: zstandard (zstd). Please install `backports.zstd`', url='https://districtvenues1.text2029mail.workers.dev/?cinema_id=1016133&date=2026-08-23'
[05:00:31] ❌ 9487 ClientResponseError: 400, message='Can not decode content-encoding: zstandard (zstd). Please install `backports.zstd`', url='https://districtvenues1.text2029mail.workers.dev/?cinema_id=9487&date=2026-08-23'
[05:00:32] ❌ 1030504 ClientResponseError: 400, message='Can not decode content-encoding: zstandard (zstd). Please install `backports.zstd`', url='https://districtvenues1.text2029mail.workers.dev/?cinema_id=1030504&date=2026-08-23'
[05:00:33] ❌ 1007054 ClientResponseError: 400, message='Can not decode content-encoding: zstandard (zstd). Please install `backports.zstd`', url='https://districtvenues1.text2029mail.workers.dev/?cinema_id=1007054&date=2026-08-23'
[05:00:33] ❌ 1016088 ClientResponseError: 400, message='Can not decode content-encoding: zstandard (zstd). Please install `backports.zstd`', url='https://districtvenues1.text2029mail.workers.dev/?cinema_id=1016088&date=2026-08-23'
[05:00:33] ❌ 5059 ClientResponseError: 400, message='Can not decode content-encoding: zstandard (zstd). Please install `backports.zstd`', url='https://districtvenues1.text2029mail.workers.dev/?cinema_id=5059&date=2026-08-23'
[05:00:33] ❌ 1053618 ClientResponseError: 400, message='Can not decode content-encoding: zstandard (zstd). Please install `backports.zstd`', url='https://districtvenues1.text2029mail.workers.dev/?cinema_id=1053618&date=2026-08-23'
[05:00:33] ❌ 1036962 ClientResponseError: 400, message='Can not decode content-encoding: zstandard (zstd). Please install `backports.zstd`', url='https://districtvenues1.text2029mail.workers.dev/?cinema_id=1036962&date=2026-08-23'
[05:00:33] ❌ 1042615 ClientResponseError: 400, message='Can not decode content-encoding: zstandard (zstd). Please install `backports.zstd`', url='https://districtvenues1.text2029mail.workers.dev/?cinema_id=1042615&date=2026-08-23'
[05:00:34] ❌ 1042635 ClientResponseError: 400, message='Can not decode content-encoding: zstandard (zstd). Please install `backports.zstd`', url='https://districtvenues1.text2029mail.workers.dev/?cinema_id=1042635&date=2026-08-23'
[05:00:34] ❌ 1049666 ClientResponseError: 400, message='Can not decode content-encoding: zstandard (zstd). Please install `backports.zstd`', url='https://districtvenues1.text2029mail.workers.dev/?cinema_id=1049666&date=2026-08-23'
[05:00:35] ❌ 1042640 ClientResponseError: 400, message='Can not decode content-encoding: zstandard (zstd). Please install `backports.zstd`', url='https://districtvenues1.text2029mail.workers.dev/?cinema_id=1042640&date=2026-08-23'
[05:00:35] ❌ 1011174 ClientResponseError: 400, message='Can not decode content-encoding: zstandard (zstd). Please install `backports.zstd`', url='https://districtvenues1.text2029mail.workers.dev/?cinema_id=1011174&date=2026-08-23'
[05:00:35] ❌ 1037511 ClientResponseError: 400, message='Can not decode content-encoding: zstandard (zstd). Please install `backports.zstd`', url='https://districtvenues1.text2029mail.workers.dev/?cinema_id=1037511&date=2026-08-23'
[05:00:35] ❌ 1037502 ClientResponseError: 400, message='Can not decode content-encoding: zstandard (zstd). Please install `backports.zstd`', url='https://districtvenues1.text2029mail.workers.dev/?cinema_id=1037502&date=2026-08-23'
[05:00:36] ❌ 1042453 ClientResponseError: 400, message='Can not decode content-encoding: zstandard (zstd). Please install `backports.zstd`', url='https://districtvenues1.text2029mail.workers.dev/?cinema_id=1042453&date=2026-08-23'
[05:00:36] ❌ 3960 ClientResponseError: 400, message='Can not decode content-encoding: zstandard (zstd). Please install `backports.zstd`', url='https://districtvenues1.text2029mail.workers.dev/?cinema_id=3960&date=2026-08-23'
[05:00:37] ❌ 4248 ClientResponseError: 400, message='Can not decode content-encoding: zstandard (zstd). Please install `backports.zstd`', url='https://districtvenues1.text2029mail.workers.dev/?cinema_id=4248&date=2026-08-23'
[05:00:37] ❌ 28925 ClientResponseError: 400, message='Can not decode content-encoding: zstandard (zstd). Please install `backports.zstd`', url='https://districtvenues1.text2029mail.workers.dev/?cinema_id=28925&date=2026-08-23'
[05:00:37] ❌ 4891 ClientResponseError: 400, message='Can not decode content-encoding: zstandard (zstd). Please install `backports.zstd`', url='https://districtvenues1.text2029mail.workers.dev/?cinema_id=4891&date=2026-08-23'
[05:00:37] ❌ 3981 ClientResponseError: 400, message='Can not decode content-encoding: zstandard (zstd). Please install `backports.zstd`', url='https://districtvenues1.text2029mail.workers.dev/?cinema_id=3981&date=2026-08-23'
[05:00:38] ❌ 4232 ClientResponseError: 400, message='Can not decode content-encoding: zstandard (zstd). Please install `backports.zstd`', url='https://districtvenues1.text2029mail.workers.dev/?cinema_id=4232&date=2026-08-23'
[05:00:38] ❌ 3910 ClientResponseError: 400, message='Can not decode content-encoding: zstandard (zstd). Please install `backports.zstd`', url='https://districtvenues1.text2029mail.workers.dev/?cinema_id=3910&date=2026-08-23'
[05:00:38] ❌ 1041504 ClientResponseError: 400, message='Can not decode content-encoding: zstandard (zstd). Please install `backports.zstd`', url='https://districtvenues1.text2029mail.workers.dev/?cinema_id=1041504&date=2026-08-23'
[05:00:38] ❌ 22684 ClientResponseError: 400, message='Can not decode content-encoding: zstandard (zstd). Please install `backports.zstd`', url='https://districtvenues1.text2029mail.workers.dev/?cinema_id=22684&date=2026-08-23'
[05:00:39] ❌ 14702 ClientResponseError: 400, message='Can not decode content-encoding: zstandard (zstd). Please install `backports.zstd`', url='https://districtvenues1.text2029mail.workers.dev/?cinema_id=14702&date=2026-08-23'
[05:00:39] ❌ 1037526 ClientResponseError: 400, message='Can not decode content-encoding: zstandard (zstd). Please install `backports.zstd`', url='https://districtvenues1.text2029mail.workers.dev/?cinema_id=1037526&date=2026-08-23'
[05:00:39] ❌ 19528 ClientResponseError: 400, message='Can not decode content-encoding: zstandard (zstd). Please install `backports.zstd`', url='https://districtvenues1.text2029mail.workers.dev/?cinema_id=19528&date=2026-08-23'
[05:00:39] ❌ 7881 ClientResponseError: 400, message='Can not decode content-encoding: zstandard (zstd). Please install `backports.zstd`', url='https://districtvenues1.text2029mail.workers.dev/?cinema_id=7881&date=2026-08-23'
[05:00:40] ❌ 1012595 ClientResponseError: 400, message='Can not decode content-encoding: zstandard (zstd). Please install `backports.zstd`', url='https://districtvenues1.text2029mail.workers.dev/?cinema_id=1012595&date=2026-08-23'
[05:00:40] ❌ 14694 ClientResponseError: 400, message='Can not decode content-encoding: zstandard (zstd). Please install `backports.zstd`', url='https://districtvenues1.text2029mail.workers.dev/?cinema_id=14694&date=2026-08-23'
[05:00:40] ❌ 6044 ClientResponseError: 400, message='Can not decode content-encoding: zstandard (zstd). Please install `backports.zstd`', url='https://districtvenues1.text2029mail.workers.dev/?cinema_id=6044&date=2026-08-23'
[05:00:41] ❌ 4028 ClientResponseError: 400, message='Can not decode content-encoding: zstandard (zstd). Please install `backports.zstd`', url='https://districtvenues1.text2029mail.workers.dev/?cinema_id=4028&date=2026-08-23'
[05:00:41] ❌ 1067946 ClientResponseError: 400, message='Can not decode content-encoding: zstandard (zstd). Please install `backports.zstd`', url='https://districtvenues1.text2029mail.workers.dev/?cinema_id=1067946&date=2026-08-23'
[05:00:41] ❌ 4008 ClientResponseError: 400, message='Can not decode content-encoding: zstandard (zstd). Please install `backports.zstd`', url='https://districtvenues1.text2029mail.workers.dev/?cinema_id=4008&date=2026-08-23'
[05:00:41] ❌ 32194 ClientResponseError: 400, message='Can not decode content-encoding: zstandard (zstd). Please install `backports.zstd`', url='https://districtvenues1.text2029mail.workers.dev/?cinema_id=32194&date=2026-08-23'
[05:00:42] ❌ 7534 ClientResponseError: 400, message='Can not decode content-encoding: zstandard (zstd). Please install `backports.zstd`', url='https://districtvenues1.text2029mail.workers.dev/?cinema_id=7534&date=2026-08-23'
[05:00:42] ❌ 25860 ClientResponseError: 400, message='Can not decode content-encoding: zstandard (zstd). Please install `backports.zstd`', url='https://districtvenues1.text2029mail.workers.dev/?cinema_id=25860&date=2026-08-23'
[05:00:43] ❌ 4067 ClientResponseError: 400, message='Can not decode content-encoding: zstandard (zstd). Please install `backports.zstd`', url='https://districtvenues1.text2029mail.workers.dev/?cinema_id=4067&date=2026-08-23'
[05:00:43] ❌ 58633 ClientResponseError: 400, message='Can not decode content-encoding: zstandard (zstd). Please install `backports.zstd`', url='https://districtvenues1.text2029mail.workers.dev/?cinema_id=58633&date=2026-08-23'
[05:00:43] ❌ 43348 ClientResponseError: 400, message='Can not decode content-encoding: zstandard (zstd). Please install `backports.zstd`', url='https://districtvenues1.text2029mail.workers.dev/?cinema_id=43348&date=2026-08-23'
[05:00:43] ❌ 1091219 ClientResponseError: 400, message='Can not decode content-encoding: zstandard (zstd). Please install `backports.zstd`', url='https://districtvenues1.text2029mail.workers.dev/?cinema_id=1091219&date=2026-08-23'
[05:00:43] ❌ 9135 ClientResponseError: 400, message='Can not decode content-encoding: zstandard (zstd). Please install `backports.zstd`', url='https://districtvenues1.text2029mail.workers.dev/?cinema_id=9135&date=2026-08-23'
[05:00:43] ❌ 1019166 ClientResponseError: 400, message='Can not decode content-encoding: zstandard (zstd). Please install `backports.zstd`', url='https://districtvenues1.text2029mail.workers.dev/?cinema_id=1019166&date=2026-08-23'
[05:00:44] ❌ 1050645 ClientResponseError: 400, message='Can not decode content-encoding: zstandard (zstd). Please install `backports.zstd`', url='https://districtvenues1.text2029mail.workers.dev/?cinema_id=1050645&date=2026-08-23'
[05:00:44] ❌ 6057 ClientResponseError: 400, message='Can not decode content-encoding: zstandard (zstd). Please install `backports.zstd`', url='https://districtvenues1.text2029mail.workers.dev/?cinema_id=6057&date=2026-08-23'
[05:00:44] ❌ 10250 ClientResponseError: 400, message='Can not decode content-encoding: zstandard (zstd). Please install `backports.zstd`', url='https://districtvenues1.text2029mail.workers.dev/?cinema_id=10250&date=2026-08-23'
[05:00:44] ❌ 1018798 ClientResponseError: 400, message='Can not decode content-encoding: zstandard (zstd). Please install `backports.zstd`', url='https://districtvenues1.text2029mail.workers.dev/?cinema_id=1018798&date=2026-08-23'
[05:00:45] ❌ 1089067 ClientResponseError: 400, message='Can not decode content-encoding: zstandard (zstd). Please install `backports.zstd`', url='https://districtvenues1.text2029mail.workers.dev/?cinema_id=1089067&date=2026-08-23'
[05:00:46] ❌ 1025291 ClientResponseError: 400, message='Can not decode content-encoding: zstandard (zstd). Please install `backports.zstd`', url='https://districtvenues1.text2029mail.workers.dev/?cinema_id=1025291&date=2026-08-23'
[05:00:46] ❌ 1020333 ClientResponseError: 400, message='Can not decode content-encoding: zstandard (zstd). Please install `backports.zstd`', url='https://districtvenues1.text2029mail.workers.dev/?cinema_id=1020333&date=2026-08-23'
[05:00:46] ❌ 1092958 ClientResponseError: 400, message='Can not decode content-encoding: zstandard (zstd). Please install `backports.zstd`', url='https://districtvenues1.text2029mail.workers.dev/?cinema_id=1092958&date=2026-08-23'
[05:00:46] ❌ 1034375 ClientResponseError: 400, message='Can not decode content-encoding: zstandard (zstd). Please install `backports.zstd`', url='https://districtvenues1.text2029mail.workers.dev/?cinema_id=1034375&date=2026-08-23'
[05:00:47] ❌ 1005799 ClientResponseError: 400, message='Can not decode content-encoding: zstandard (zstd). Please install `backports.zstd`', url='https://districtvenues1.text2029mail.workers.dev/?cinema_id=1005799&date=2026-08-23'
[05:00:47] ❌ 1015289 ClientResponseError: 400, message='Can not decode content-encoding: zstandard (zstd). Please install `backports.zstd`', url='https://districtvenues1.text2029mail.workers.dev/?cinema_id=1015289&date=2026-08-23'
[05:00:47] ❌ 1005798 ClientResponseError: 400, message='Can not decode content-encoding: zstandard (zstd). Please install `backports.zstd`', url='https://districtvenues1.text2029mail.workers.dev/?cinema_id=1005798&date=2026-08-23'
[05:00:47] ❌ 1037530 ClientResponseError: 400, message='Can not decode content-encoding: zstandard (zstd). Please install `backports.zstd`', url='https://districtvenues1.text2029mail.workers.dev/?cinema_id=1037530&date=2026-08-23'
[05:00:47] ❌ 1034383 ClientResponseError: 400, message='Can not decode content-encoding: zstandard (zstd). Please install `backports.zstd`', url='https://districtvenues1.text2029mail.workers.dev/?cinema_id=1034383&date=2026-08-23'
[05:00:47] ❌ 4608 ClientResponseError: 400, message='Can not decode content-encoding: zstandard (zstd). Please install `backports.zstd`', url='https://districtvenues1.text2029mail.workers.dev/?cinema_id=4608&date=2026-08-23'
[05:00:48] ❌ 1044095 ClientResponseError: 400, message='Can not decode content-encoding: zstandard (zstd). Please install `backports.zstd`', url='https://districtvenues1.text2029mail.workers.dev/?cinema_id=1044095&date=2026-08-23'
[05:00:49] ❌ 1023626 ClientResponseError: 400, message='Can not decode content-encoding: zstandard (zstd). Please install `backports.zstd`', url='https://districtvenues1.text2029mail.workers.dev/?cinema_id=1023626&date=2026-08-23'
[05:00:49] ❌ 27150 ClientResponseError: 400, message='Can not decode content-encoding: zstandard (zstd). Please install `backports.zstd`', url='https://districtvenues1.text2029mail.workers.dev/?cinema_id=27150&date=2026-08-23'
[05:00:49] ❌ 1039768 ClientResponseError: 400, message='Can not decode content-encoding: zstandard (zstd). Please install `backports.zstd`', url='https://districtvenues1.text2029mail.workers.dev/?cinema_id=1039768&date=2026-08-23'
[05:00:49] ❌ 1058794 ClientResponseError: 400, message='Can not decode content-encoding: zstandard (zstd). Please install `backports.zstd`', url='https://districtvenues1.text2029mail.workers.dev/?cinema_id=1058794&date=2026-08-23'
[05:00:50] ❌ 1058533 ClientResponseError: 400, message='Can not decode content-encoding: zstandard (zstd). Please install `backports.zstd`', url='https://districtvenues1.text2029mail.workers.dev/?cinema_id=1058533&date=2026-08-23'
[05:00:50] ❌ 1033632 ClientResponseError: 400, message='Can not decode content-encoding: zstandard (zstd). Please install `backports.zstd`', url='https://districtvenues1.text2029mail.workers.dev/?cinema_id=1033632&date=2026-08-23'
[05:00:50] ❌ 1019593 ClientResponseError: 400, message='Can not decode content-encoding: zstandard (zstd). Please install `backports.zstd`', url='https://districtvenues1.text2029mail.workers.dev/?cinema_id=1019593&date=2026-08-23'
[05:00:50] ❌ 1015291 ClientResponseError: 400, message='Can not decode content-encoding: zstandard (zstd). Please install `backports.zstd`', url='https://districtvenues1.text2029mail.workers.dev/?cinema_id=1015291&date=2026-08-23'
[05:00:50] ❌ 1041725 ClientResponseError: 400, message='Can not decode content-encoding: zstandard (zstd). Please install `backports.zstd`', url='https://districtvenues1.text2029mail.workers.dev/?cinema_id=1041725&date=2026-08-23'
[05:00:50] ❌ 1034186 ClientResponseError: 400, message='Can not decode content-encoding: zstandard (zstd). Please install `backports.zstd`', url='https://districtvenues1.text2029mail.workers.dev/?cinema_id=1034186&date=2026-08-23'
[05:00:51] ❌ 1034254 ClientResponseError: 400, message='Can not decode content-encoding: zstandard (zstd). Please install `backports.zstd`', url='https://districtvenues1.text2029mail.workers.dev/?cinema_id=1034254&date=2026-08-23'
[05:00:51] ❌ 27715 ClientResponseError: 400, message='Can not decode content-encoding: zstandard (zstd). Please install `backports.zstd`', url='https://districtvenues1.text2029mail.workers.dev/?cinema_id=27715&date=2026-08-23'
[05:00:52] ❌ 44966 ClientResponseError: 400, message='Can not decode content-encoding: zstandard (zstd). Please install `backports.zstd`', url='https://districtvenues1.text2029mail.workers.dev/?cinema_id=44966&date=2026-08-23'
[05:00:52] ❌ 7747 ClientResponseError: 400, message='Can not decode content-encoding: zstandard (zstd). Please install `backports.zstd`', url='https://districtvenues1.text2029mail.workers.dev/?cinema_id=7747&date=2026-08-23'
[05:00:52] ❌ 4042 ClientResponseError: 400, message='Can not decode content-encoding: zstandard (zstd). Please install `backports.zstd`', url='https://districtvenues1.text2029mail.workers.dev/?cinema_id=4042&date=2026-08-23'
[05:00:52] ❌ 27716 ClientResponseError: 400, message='Can not decode content-encoding: zstandard (zstd). Please install `backports.zstd`', url='https://districtvenues1.text2029mail.workers.dev/?cinema_id=27716&date=2026-08-23'
[05:00:53] ❌ 24929 ClientResponseError: 400, message='Can not decode content-encoding: zstandard (zstd). Please install `backports.zstd`', url='https://districtvenues1.text2029mail.workers.dev/?cinema_id=24929&date=2026-08-23'
[05:00:53] ❌ 1016986 ClientResponseError: 400, message='Can not decode content-encoding: zstandard (zstd). Please install `backports.zstd`', url='https://districtvenues1.text2029mail.workers.dev/?cinema_id=1016986&date=2026-08-23'
[05:00:53] ❌ 1013208 ClientResponseError: 400, message='Can not decode content-encoding: zstandard (zstd). Please install `backports.zstd`', url='https://districtvenues1.text2029mail.workers.dev/?cinema_id=1013208&date=2026-08-23'
[05:00:54] ❌ 1039751 ClientResponseError: 400, message='Can not decode content-encoding: zstandard (zstd). Please install `backports.zstd`', url='https://districtvenues1.text2029mail.workers.dev/?cinema_id=1039751&date=2026-08-23'
[05:00:54] ❌ 1063761 ClientResponseError: 400, message='Can not decode content-encoding: zstandard (zstd). Please install `backports.zstd`', url='https://districtvenues1.text2029mail.workers.dev/?cinema_id=1063761&date=2026-08-23'
[05:00:54] ❌ 28214 ClientResponseError: 400, message='Can not decode content-encoding: zstandard (zstd). Please install `backports.zstd`', url='https://districtvenues1.text2029mail.workers.dev/?cinema_id=28214&date=2026-08-23'
[05:00:55] ❌ 4306 ClientResponseError: 400, message='Can not decode content-encoding: zstandard (zstd). Please install `backports.zstd`', url='https://districtvenues1.text2029mail.workers.dev/?cinema_id=4306&date=2026-08-23'
[05:00:55] ❌ 496 ClientResponseError: 400, message='Can not decode content-encoding: zstandard (zstd). Please install `backports.zstd`', url='https://districtvenues1.text2029mail.workers.dev/?cinema_id=496&date=2026-08-23'
[05:00:55] ❌ 1020288 ClientResponseError: 400, message='Can not decode content-encoding: zstandard (zstd). Please install `backports.zstd`', url='https://districtvenues1.text2029mail.workers.dev/?cinema_id=1020288&date=2026-08-23'
[05:00:55] ❌ 1037520 ClientResponseError: 400, message='Can not decode content-encoding: zstandard (zstd). Please install `backports.zstd`', url='https://districtvenues1.text2029mail.workers.dev/?cinema_id=1037520&date=2026-08-23'
[05:00:56] ❌ 24351 ClientResponseError: 400, message='Can not decode content-encoding: zstandard (zstd). Please install `backports.zstd`', url='https://districtvenues1.text2029mail.workers.dev/?cinema_id=24351&date=2026-08-23'
[05:00:56] ❌ 1088790 ClientResponseError: 400, message='Can not decode content-encoding: zstandard (zstd). Please install `backports.zstd`', url='https://districtvenues1.text2029mail.workers.dev/?cinema_id=1088790&date=2026-08-23'
[05:00:56] ❌ 1037142 ClientResponseError: 400, message='Can not decode content-encoding: zstandard (zstd). Please install `backports.zstd`', url='https://districtvenues1.text2029mail.workers.dev/?cinema_id=1037142&date=2026-08-23'
[05:00:56] ❌ 1088803 ClientResponseError: 400, message='Can not decode content-encoding: zstandard (zstd). Please install `backports.zstd`', url='https://districtvenues1.text2029mail.workers.dev/?cinema_id=1088803&date=2026-08-23'
[05:00:57] ❌ 4217 ClientResponseError: 400, message='Can not decode content-encoding: zstandard (zstd). Please install `backports.zstd`', url='https://districtvenues1.text2029mail.workers.dev/?cinema_id=4217&date=2026-08-23'
[05:00:57] ❌ 1083399 ClientResponseError: 400, message='Can not decode content-encoding: zstandard (zstd). Please install `backports.zstd`', url='https://districtvenues1.text2029mail.workers.dev/?cinema_id=1083399&date=2026-08-23'
[05:00:57] ❌ 9373 ClientResponseError: 400, message='Can not decode content-encoding: zstandard (zstd). Please install `backports.zstd`', url='https://districtvenues1.text2029mail.workers.dev/?cinema_id=9373&date=2026-08-23'
[05:00:58] ❌ 1039424 ClientResponseError: 400, message='Can not decode content-encoding: zstandard (zstd). Please install `backports.zstd`', url='https://districtvenues1.text2029mail.workers.dev/?cinema_id=1039424&date=2026-08-23'
[05:00:58] ❌ 7752 ClientResponseError: 400, message='Can not decode content-encoding: zstandard (zstd). Please install `backports.zstd`', url='https://districtvenues1.text2029mail.workers.dev/?cinema_id=7752&date=2026-08-23'
[05:00:58] ❌ 1067686 ClientResponseError: 400, message='Can not decode content-encoding: zstandard (zstd). Please install `backports.zstd`', url='https://districtvenues1.text2029mail.workers.dev/?cinema_id=1067686&date=2026-08-23'
[05:00:59] ❌ 31987 ClientResponseError: 400, message='Can not decode content-encoding: zstandard (zstd). Please install `backports.zstd`', url='https://districtvenues1.text2029mail.workers.dev/?cinema_id=31987&date=2026-08-23'
[05:00:59] ❌ 52996 ClientResponseError: 400, message='Can not decode content-encoding: zstandard (zstd). Please install `backports.zstd`', url='https://districtvenues1.text2029mail.workers.dev/?cinema_id=52996&date=2026-08-23'
[05:00:59] ❌ 1053939 ClientResponseError: 400, message='Can not decode content-encoding: zstandard (zstd). Please install `backports.zstd`', url='https://districtvenues1.text2029mail.workers.dev/?cinema_id=1053939&date=2026-08-23'
[05:00:59] ❌ 1015795 ClientResponseError: 400, message='Can not decode content-encoding: zstandard (zstd). Please install `backports.zstd`', url='https://districtvenues1.text2029mail.workers.dev/?cinema_id=1015795&date=2026-08-23'
[05:01:00] ❌ 15527 ClientResponseError: 400, message='Can not decode content-encoding: zstandard (zstd). Please install `backports.zstd`', url='https://districtvenues1.text2029mail.workers.dev/?cinema_id=15527&date=2026-08-23'
[05:01:00] ❌ 7222 ClientResponseError: 400, message='Can not decode content-encoding: zstandard (zstd). Please install `backports.zstd`', url='https://districtvenues1.text2029mail.workers.dev/?cinema_id=7222&date=2026-08-23'
[05:01:00] ❌ 16791 ClientResponseError: 400, message='Can not decode content-encoding: zstandard (zstd). Please install `backports.zstd`', url='https://districtvenues1.text2029mail.workers.dev/?cinema_id=16791&date=2026-08-23'
[05:01:00] ❌ 1036961 ClientResponseError: 400, message='Can not decode content-encoding: zstandard (zstd). Please install `backports.zstd`', url='https://districtvenues1.text2029mail.workers.dev/?cinema_id=1036961&date=2026-08-23'
[05:01:01] ❌ 26401 ClientResponseError: 400, message='Can not decode content-encoding: zstandard (zstd). Please install `backports.zstd`', url='https://districtvenues1.text2029mail.workers.dev/?cinema_id=26401&date=2026-08-23'
[05:01:01] ❌ 509 ClientResponseError: 400, message='Can not decode content-encoding: zstandard (zstd). Please install `backports.zstd`', url='https://districtvenues1.text2029mail.workers.dev/?cinema_id=509&date=2026-08-23'
[05:01:02] ❌ 4332 ClientResponseError: 400, message='Can not decode content-encoding: zstandard (zstd). Please install `backports.zstd`', url='https://districtvenues1.text2029mail.workers.dev/?cinema_id=4332&date=2026-08-23'
[05:01:02] ❌ 44366 ClientResponseError: 400, message='Can not decode content-encoding: zstandard (zstd). Please install `backports.zstd`', url='https://districtvenues1.text2029mail.workers.dev/?cinema_id=44366&date=2026-08-23'
[05:01:02] ❌ 22305 ClientResponseError: 400, message='Can not decode content-encoding: zstandard (zstd). Please install `backports.zstd`', url='https://districtvenues1.text2029mail.workers.dev/?cinema_id=22305&date=2026-08-23'
[05:01:02] ❌ 1041692 ClientResponseError: 400, message='Can not decode content-encoding: zstandard (zstd). Please install `backports.zstd`', url='https://districtvenues1.text2029mail.workers.dev/?cinema_id=1041692&date=2026-08-23'
[05:01:02] ❌ 1063452 ClientResponseError: 400, message='Can not decode content-encoding: zstandard (zstd). Please install `backports.zstd`', url='https://districtvenues1.text2029mail.workers.dev/?cinema_id=1063452&date=2026-08-23'
[05:01:03] ❌ 6093 ClientResponseError: 400, message='Can not decode content-encoding: zstandard (zstd). Please install `backports.zstd`', url='https://districtvenues1.text2029mail.workers.dev/?cinema_id=6093&date=2026-08-23'
[05:01:03] ❌ 1020190 ClientResponseError: 400, message='Can not decode content-encoding: zstandard (zstd). Please install `backports.zstd`', url='https://districtvenues1.text2029mail.workers.dev/?cinema_id=1020190&date=2026-08-23'
[05:01:03] ❌ 1003802 ClientResponseError: 400, message='Can not decode content-encoding: zstandard (zstd). Please install `backports.zstd`', url='https://districtvenues1.text2029mail.workers.dev/?cinema_id=1003802&date=2026-08-23'
[05:01:04] ❌ 5041 ClientResponseError: 400, message='Can not decode content-encoding: zstandard (zstd). Please install `backports.zstd`', url='https://districtvenues1.text2029mail.workers.dev/?cinema_id=5041&date=2026-08-23'
[05:01:04] ❌ 1065451 ClientResponseError: 400, message='Can not decode content-encoding: zstandard (zstd). Please install `backports.zstd`', url='https://districtvenues1.text2029mail.workers.dev/?cinema_id=1065451&date=2026-08-23'
[05:01:04] ❌ 1030422 ClientResponseError: 400, message='Can not decode content-encoding: zstandard (zstd). Please install `backports.zstd`', url='https://districtvenues1.text2029mail.workers.dev/?cinema_id=1030422&date=2026-08-23'
[05:01:04] ❌ 30524 ClientResponseError: 400, message='Can not decode content-encoding: zstandard (zstd). Please install `backports.zstd`', url='https://districtvenues1.text2029mail.workers.dev/?cinema_id=30524&date=2026-08-23'
[05:01:05] ❌ 9420 ClientResponseError: 400, message='Can not decode content-encoding: zstandard (zstd). Please install `backports.zstd`', url='https://districtvenues1.text2029mail.workers.dev/?cinema_id=9420&date=2026-08-23'
[05:01:05] ❌ 1008409 ClientResponseError: 400, message='Can not decode content-encoding: zstandard (zstd). Please install `backports.zstd`', url='https://districtvenues1.text2029mail.workers.dev/?cinema_id=1008409&date=2026-08-23'
[05:01:05] ❌ 1003773 ClientResponseError: 400, message='Can not decode content-encoding: zstandard (zstd). Please install `backports.zstd`', url='https://districtvenues1.text2029mail.workers.dev/?cinema_id=1003773&date=2026-08-23'
[05:01:06] ❌ 25938 ClientResponseError: 400, message='Can not decode content-encoding: zstandard (zstd). Please install `backports.zstd`', url='https://districtvenues1.text2029mail.workers.dev/?cinema_id=25938&date=2026-08-23'
[05:01:06] ❌ 1041753 ClientResponseError: 400, message='Can not decode content-encoding: zstandard (zstd). Please install `backports.zstd`', url='https://districtvenues1.text2029mail.workers.dev/?cinema_id=1041753&date=2026-08-23'
[05:01:07] ❌ 1005991 ClientResponseError: 400, message='Can not decode content-encoding: zstandard (zstd). Please install `backports.zstd`', url='https://districtvenues1.text2029mail.workers.dev/?cinema_id=1005991&date=2026-08-23'
[05:01:07] ❌ 32294 ClientResponseError: 400, message='Can not decode content-encoding: zstandard (zstd). Please install `backports.zstd`', url='https://districtvenues1.text2029mail.workers.dev/?cinema_id=32294&date=2026-08-23'
[05:01:07] ❌ 4902 ClientResponseError: 400, message='Can not decode content-encoding: zstandard (zstd). Please install `backports.zstd`', url='https://districtvenues1.text2029mail.workers.dev/?cinema_id=4902&date=2026-08-23'
[05:01:07] ❌ 1008335 ClientResponseError: 400, message='Can not decode content-encoding: zstandard (zstd). Please install `backports.zstd`', url='https://districtvenues1.text2029mail.workers.dev/?cinema_id=1008335&date=2026-08-23'
[05:01:07] ❌ 4739 ClientResponseError: 400, message='Can not decode content-encoding: zstandard (zstd). Please install `backports.zstd`', url='https://districtvenues1.text2029mail.workers.dev/?cinema_id=4739&date=2026-08-23'
[05:01:08] ❌ 1039877 ClientResponseError: 400, message='Can not decode content-encoding: zstandard (zstd). Please install `backports.zstd`', url='https://districtvenues1.text2029mail.workers.dev/?cinema_id=1039877&date=2026-08-23'
[05:01:08] ❌ 522 ClientResponseError: 400, message='Can not decode content-encoding: zstandard (zstd). Please install `backports.zstd`', url='https://districtvenues1.text2029mail.workers.dev/?cinema_id=522&date=2026-08-23'
[05:01:08] ❌ 9411 ClientResponseError: 400, message='Can not decode content-encoding: zstandard (zstd). Please install `backports.zstd`', url='https://districtvenues1.text2029mail.workers.dev/?cinema_id=9411&date=2026-08-23'
[05:01:08] ❌ 26230 ClientResponseError: 400, message='Can not decode content-encoding: zstandard (zstd). Please install `backports.zstd`', url='https://districtvenues1.text2029mail.workers.dev/?cinema_id=26230&date=2026-08-23'
[05:01:09] ❌ 1039842 ClientResponseError: 400, message='Can not decode content-encoding: zstandard (zstd). Please install `backports.zstd`', url='https://districtvenues1.text2029mail.workers.dev/?cinema_id=1039842&date=2026-08-23'
[05:01:09] ❌ 9413 ClientResponseError: 400, message='Can not decode content-encoding: zstandard (zstd). Please install `backports.zstd`', url='https://districtvenues1.text2029mail.workers.dev/?cinema_id=9413&date=2026-08-23'
[05:01:09] ❌ 26676 ClientResponseError: 400, message='Can not decode content-encoding: zstandard (zstd). Please install `backports.zstd`', url='https://districtvenues1.text2029mail.workers.dev/?cinema_id=26676&date=2026-08-23'
[05:01:09] ❌ 62637 ClientResponseError: 400, message='Can not decode content-encoding: zstandard (zstd). Please install `backports.zstd`', url='https://districtvenues1.text2029mail.workers.dev/?cinema_id=62637&date=2026-08-23'
[05:01:10] ❌ 1040228 ClientResponseError: 400, message='Can not decode content-encoding: zstandard (zstd). Please install `backports.zstd`', url='https://districtvenues1.text2029mail.workers.dev/?cinema_id=1040228&date=2026-08-23'
[05:01:11] ❌ 9424 ClientResponseError: 400, message='Can not decode content-encoding: zstandard (zstd). Please install `backports.zstd`', url='https://districtvenues1.text2029mail.workers.dev/?cinema_id=9424&date=2026-08-23'
[05:01:11] ❌ 1005804 ClientResponseError: 400, message='Can not decode content-encoding: zstandard (zstd). Please install `backports.zstd`', url='https://districtvenues1.text2029mail.workers.dev/?cinema_id=1005804&date=2026-08-23'
[05:01:11] ❌ 4107 ClientResponseError: 400, message='Can not decode content-encoding: zstandard (zstd). Please install `backports.zstd`', url='https://districtvenues1.text2029mail.workers.dev/?cinema_id=4107&date=2026-08-23'
[05:01:11] ❌ 1037345 ClientResponseError: 400, message='Can not decode content-encoding: zstandard (zstd). Please install `backports.zstd`', url='https://districtvenues1.text2029mail.workers.dev/?cinema_id=1037345&date=2026-08-23'
[05:01:12] ❌ 25808 ClientResponseError: 400, message='Can not decode content-encoding: zstandard (zstd). Please install `backports.zstd`', url='https://districtvenues1.text2029mail.workers.dev/?cinema_id=25808&date=2026-08-23'
[05:01:12] ❌ 25011 ClientResponseError: 400, message='Can not decode content-encoding: zstandard (zstd). Please install `backports.zstd`', url='https://districtvenues1.text2029mail.workers.dev/?cinema_id=25011&date=2026-08-23'
[05:01:12] ❌ 1037532 ClientResponseError: 400, message='Can not decode content-encoding: zstandard (zstd). Please install `backports.zstd`', url='https://districtvenues1.text2029mail.workers.dev/?cinema_id=1037532&date=2026-08-23'
[05:01:12] ❌ 1012189 ClientResponseError: 400, message='Can not decode content-encoding: zstandard (zstd). Please install `backports.zstd`', url='https://districtvenues1.text2029mail.workers.dev/?cinema_id=1012189&date=2026-08-23'
[05:01:12] ❌ 1021922 ClientResponseError: 400, message='Can not decode content-encoding: zstandard (zstd). Please install `backports.zstd`', url='https://districtvenues1.text2029mail.workers.dev/?cinema_id=1021922&date=2026-08-23'
[05:01:13] ❌ 4036 ClientResponseError: 400, message='Can not decode content-encoding: zstandard (zstd). Please install `backports.zstd`', url='https://districtvenues1.text2029mail.workers.dev/?cinema_id=4036&date=2026-08-23'
[05:01:13] ❌ 1040731 ClientResponseError: 400, message='Can not decode content-encoding: zstandard (zstd). Please install `backports.zstd`', url='https://districtvenues1.text2029mail.workers.dev/?cinema_id=1040731&date=2026-08-23'
[05:01:14] ❌ 9551 ClientResponseError: 400, message='Can not decode content-encoding: zstandard (zstd). Please install `backports.zstd`', url='https://districtvenues1.text2029mail.workers.dev/?cinema_id=9551&date=2026-08-23'
[05:01:14] ❌ 1005797 ClientResponseError: 400, message='Can not decode content-encoding: zstandard (zstd). Please install `backports.zstd`', url='https://districtvenues1.text2029mail.workers.dev/?cinema_id=1005797&date=2026-08-23'
[05:01:14] ❌ 1041505 ClientResponseError: 400, message='Can not decode content-encoding: zstandard (zstd). Please install `backports.zstd`', url='https://districtvenues1.text2029mail.workers.dev/?cinema_id=1041505&date=2026-08-23'
[05:01:15] ❌ 36879 ClientResponseError: 400, message='Can not decode content-encoding: zstandard (zstd). Please install `backports.zstd`', url='https://districtvenues1.text2029mail.workers.dev/?cinema_id=36879&date=2026-08-23'
[05:01:15] ❌ 9350 ClientResponseError: 400, message='Can not decode content-encoding: zstandard (zstd). Please install `backports.zstd`', url='https://districtvenues1.text2029mail.workers.dev/?cinema_id=9350&date=2026-08-23'
[05:01:15] ❌ 14166 ClientResponseError: 400, message='Can not decode content-encoding: zstandard (zstd). Please install `backports.zstd`', url='https://districtvenues1.text2029mail.workers.dev/?cinema_id=14166&date=2026-08-23'
[05:01:15] ❌ 1039272 ClientResponseError: 400, message='Can not decode content-encoding: zstandard (zstd). Please install `backports.zstd`', url='https://districtvenues1.text2029mail.workers.dev/?cinema_id=1039272&date=2026-08-23'
[05:01:15] ❌ 9474 ClientResponseError: 400, message='Can not decode content-encoding: zstandard (zstd). Please install `backports.zstd`', url='https://districtvenues1.text2029mail.workers.dev/?cinema_id=9474&date=2026-08-23'
[05:01:16] ❌ 1034324 ClientResponseError: 400, message='Can not decode content-encoding: zstandard (zstd). Please install `backports.zstd`', url='https://districtvenues1.text2029mail.workers.dev/?cinema_id=1034324&date=2026-08-23'
[05:01:16] ❌ 4733 ClientResponseError: 400, message='Can not decode content-encoding: zstandard (zstd). Please install `backports.zstd`', url='https://districtvenues1.text2029mail.workers.dev/?cinema_id=4733&date=2026-08-23'
[05:01:16] ❌ 7350 ClientResponseError: 400, message='Can not decode content-encoding: zstandard (zstd). Please install `backports.zstd`', url='https://districtvenues1.text2029mail.workers.dev/?cinema_id=7350&date=2026-08-23'
[05:01:17] ❌ 9491 ClientResponseError: 400, message='Can not decode content-encoding: zstandard (zstd). Please install `backports.zstd`', url='https://districtvenues1.text2029mail.workers.dev/?cinema_id=9491&date=2026-08-23'
[05:01:17] ❌ 1037506 ClientResponseError: 400, message='Can not decode content-encoding: zstandard (zstd). Please install `backports.zstd`', url='https://districtvenues1.text2029mail.workers.dev/?cinema_id=1037506&date=2026-08-23'
[05:01:17] ❌ 1031296 ClientResponseError: 400, message='Can not decode content-encoding: zstandard (zstd). Please install `backports.zstd`', url='https://districtvenues1.text2029mail.workers.dev/?cinema_id=1031296&date=2026-08-23'
[05:01:17] ❌ 1012081 ClientResponseError: 400, message='Can not decode content-encoding: zstandard (zstd). Please install `backports.zstd`', url='https://districtvenues1.text2029mail.workers.dev/?cinema_id=1012081&date=2026-08-23'
[05:01:17] ❌ 1042439 ClientResponseError: 400, message='Can not decode content-encoding: zstandard (zstd). Please install `backports.zstd`', url='https://districtvenues1.text2029mail.workers.dev/?cinema_id=1042439&date=2026-08-23'
[05:01:18] ❌ 1008404 ClientResponseError: 400, message='Can not decode content-encoding: zstandard (zstd). Please install `backports.zstd`', url='https://districtvenues1.text2029mail.workers.dev/?cinema_id=1008404&date=2026-08-23'
[05:01:18] ❌ 4045 ClientResponseError: 400, message='Can not decode content-encoding: zstandard (zstd). Please install `backports.zstd`', url='https://districtvenues1.text2029mail.workers.dev/?cinema_id=4045&date=2026-08-23'
[05:01:18] ❌ 14669 ClientResponseError: 400, message='Can not decode content-encoding: zstandard (zstd). Please install `backports.zstd`', url='https://districtvenues1.text2029mail.workers.dev/?cinema_id=14669&date=2026-08-23'
[05:01:18] ❌ 4272 ClientResponseError: 400, message='Can not decode content-encoding: zstandard (zstd). Please install `backports.zstd`', url='https://districtvenues1.text2029mail.workers.dev/?cinema_id=4272&date=2026-08-23'
[05:01:19] ❌ 18823 ClientResponseError: 400, message='Can not decode content-encoding: zstandard (zstd). Please install `backports.zstd`', url='https://districtvenues1.text2029mail.workers.dev/?cinema_id=18823&date=2026-08-23'
[05:01:19] ❌ 1071622 ClientResponseError: 400, message='Can not decode content-encoding: zstandard (zstd). Please install `backports.zstd`', url='https://districtvenues1.text2029mail.workers.dev/?cinema_id=1071622&date=2026-08-23'
[05:01:19] ❌ 5058 ClientResponseError: 400, message='Can not decode content-encoding: zstandard (zstd). Please install `backports.zstd`', url='https://districtvenues1.text2029mail.workers.dev/?cinema_id=5058&date=2026-08-23'
[05:01:20] ❌ 1027903 ClientResponseError: 400, message='Can not decode content-encoding: zstandard (zstd). Please install `backports.zstd`', url='https://districtvenues1.text2029mail.workers.dev/?cinema_id=1027903&date=2026-08-23'
[05:01:20] ❌ 1025740 ClientResponseError: 400, message='Can not decode content-encoding: zstandard (zstd). Please install `backports.zstd`', url='https://districtvenues1.text2029mail.workers.dev/?cinema_id=1025740&date=2026-08-23'
[05:01:21] ❌ 4725 ClientResponseError: 400, message='Can not decode content-encoding: zstandard (zstd). Please install `backports.zstd`', url='https://districtvenues1.text2029mail.workers.dev/?cinema_id=4725&date=2026-08-23'
[05:01:21] ❌ 26640 ClientResponseError: 400, message='Can not decode content-encoding: zstandard (zstd). Please install `backports.zstd`', url='https://districtvenues1.text2029mail.workers.dev/?cinema_id=26640&date=2026-08-23'
[05:01:21] ❌ 9132 ClientResponseError: 400, message='Can not decode content-encoding: zstandard (zstd). Please install `backports.zstd`', url='https://districtvenues1.text2029mail.workers.dev/?cinema_id=9132&date=2026-08-23'
[05:01:21] ❌ 1014990 ClientResponseError: 400, message='Can not decode content-encoding: zstandard (zstd). Please install `backports.zstd`', url='https://districtvenues1.text2029mail.workers.dev/?cinema_id=1014990&date=2026-08-23'
[05:01:22] ❌ 4715 ClientResponseError: 400, message='Can not decode content-encoding: zstandard (zstd). Please install `backports.zstd`', url='https://districtvenues1.text2029mail.workers.dev/?cinema_id=4715&date=2026-08-23'
[05:01:22] ❌ 1037523 ClientResponseError: 400, message='Can not decode content-encoding: zstandard (zstd). Please install `backports.zstd`', url='https://districtvenues1.text2029mail.workers.dev/?cinema_id=1037523&date=2026-08-23'
[05:01:22] ❌ 42945 ClientResponseError: 400, message='Can not decode content-encoding: zstandard (zstd). Please install `backports.zstd`', url='https://districtvenues1.text2029mail.workers.dev/?cinema_id=42945&date=2026-08-23'
[05:01:23] ❌ 1065987 ClientResponseError: 400, message='Can not decode content-encoding: zstandard (zstd). Please install `backports.zstd`', url='https://districtvenues1.text2029mail.workers.dev/?cinema_id=1065987&date=2026-08-23'
[05:01:23] ❌ 1052503 ClientResponseError: 400, message='Can not decode content-encoding: zstandard (zstd). Please install `backports.zstd`', url='https://districtvenues1.text2029mail.workers.dev/?cinema_id=1052503&date=2026-08-23'
[05:01:23] ❌ 1041496 ClientResponseError: 400, message='Can not decode content-encoding: zstandard (zstd). Please install `backports.zstd`', url='https://districtvenues1.text2029mail.workers.dev/?cinema_id=1041496&date=2026-08-23'
[05:01:23] ❌ 46485 ClientResponseError: 400, message='Can not decode content-encoding: zstandard (zstd). Please install `backports.zstd`', url='https://districtvenues1.text2029mail.workers.dev/?cinema_id=46485&date=2026-08-23'
[05:01:23] ❌ 1064038 ClientResponseError: 400, message='Can not decode content-encoding: zstandard (zstd). Please install `backports.zstd`', url='https://districtvenues1.text2029mail.workers.dev/?cinema_id=1064038&date=2026-08-23'
[05:01:24] ❌ 1015840 ClientResponseError: 400, message='Can not decode content-encoding: zstandard (zstd). Please install `backports.zstd`', url='https://districtvenues1.text2029mail.workers.dev/?cinema_id=1015840&date=2026-08-23'
[05:01:25] ❌ 4050 ClientResponseError: 400, message='Can not decode content-encoding: zstandard (zstd). Please install `backports.zstd`', url='https://districtvenues1.text2029mail.workers.dev/?cinema_id=4050&date=2026-08-23'
[05:01:25] ❌ 1037514 ClientResponseError: 400, message='Can not decode content-encoding: zstandard (zstd). Please install `backports.zstd`', url='https://districtvenues1.text2029mail.workers.dev/?cinema_id=1037514&date=2026-08-23'
[05:01:25] ❌ 1015442 ClientResponseError: 400, message='Can not decode content-encoding: zstandard (zstd). Please install `backports.zstd`', url='https://districtvenues1.text2029mail.workers.dev/?cinema_id=1015442&date=2026-08-23'
[05:01:25] ❌ 1041473 ClientResponseError: 400, message='Can not decode content-encoding: zstandard (zstd). Please install `backports.zstd`', url='https://districtvenues1.text2029mail.workers.dev/?cinema_id=1041473&date=2026-08-23'
[05:01:26] ❌ 1036772 ClientResponseError: 400, message='Can not decode content-encoding: zstandard (zstd). Please install `backports.zstd`', url='https://districtvenues1.text2029mail.workers.dev/?cinema_id=1036772&date=2026-08-23'
[05:01:26] ❌ 51499 ClientResponseError: 400, message='Can not decode content-encoding: zstandard (zstd). Please install `backports.zstd`', url='https://districtvenues1.text2029mail.workers.dev/?cinema_id=51499&date=2026-08-23'
[05:01:26] ❌ 27219 ClientResponseError: 400, message='Can not decode content-encoding: zstandard (zstd). Please install `backports.zstd`', url='https://districtvenues1.text2029mail.workers.dev/?cinema_id=27219&date=2026-08-23'
[05:01:26] ❌ 7137 ClientResponseError: 400, message='Can not decode content-encoding: zstandard (zstd). Please install `backports.zstd`', url='https://districtvenues1.text2029mail.workers.dev/?cinema_id=7137&date=2026-08-23'
[05:01:27] ❌ 1016381 ClientResponseError: 400, message='Can not decode content-encoding: zstandard (zstd). Please install `backports.zstd`', url='https://districtvenues1.text2029mail.workers.dev/?cinema_id=1016381&date=2026-08-23'
[05:01:27] ❌ 18460 ClientResponseError: 400, message='Can not decode content-encoding: zstandard (zstd). Please install `backports.zstd`', url='https://districtvenues1.text2029mail.workers.dev/?cinema_id=18460&date=2026-08-23'
[05:01:27] ❌ 7618 ClientResponseError: 400, message='Can not decode content-encoding: zstandard (zstd). Please install `backports.zstd`', url='https://districtvenues1.text2029mail.workers.dev/?cinema_id=7618&date=2026-08-23'
[05:01:27] ❌ 9136 ClientResponseError: 400, message='Can not decode content-encoding: zstandard (zstd). Please install `backports.zstd`', url='https://districtvenues1.text2029mail.workers.dev/?cinema_id=9136&date=2026-08-23'
[05:01:27] ❌ 7679 ClientResponseError: 400, message='Can not decode content-encoding: zstandard (zstd). Please install `backports.zstd`', url='https://districtvenues1.text2029mail.workers.dev/?cinema_id=7679&date=2026-08-23'
[05:01:28] ❌ 1020453 ClientResponseError: 400, message='Can not decode content-encoding: zstandard (zstd). Please install `backports.zstd`', url='https://districtvenues1.text2029mail.workers.dev/?cinema_id=1020453&date=2026-08-23'
[05:01:29] ❌ 1041242 ClientResponseError: 400, message='Can not decode content-encoding: zstandard (zstd). Please install `backports.zstd`', url='https://districtvenues1.text2029mail.workers.dev/?cinema_id=1041242&date=2026-08-23'
[05:01:29] ❌ 5145 ClientResponseError: 400, message='Can not decode content-encoding: zstandard (zstd). Please install `backports.zstd`', url='https://districtvenues1.text2029mail.workers.dev/?cinema_id=5145&date=2026-08-23'
[05:01:29] ❌ 16522 ClientResponseError: 400, message='Can not decode content-encoding: zstandard (zstd). Please install `backports.zstd`', url='https://districtvenues1.text2029mail.workers.dev/?cinema_id=16522&date=2026-08-23'
[05:01:29] ❌ 1037510 ClientResponseError: 400, message='Can not decode content-encoding: zstandard (zstd). Please install `backports.zstd`', url='https://districtvenues1.text2029mail.workers.dev/?cinema_id=1037510&date=2026-08-23'
[05:01:30] ❌ 1020547 ClientResponseError: 400, message='Can not decode content-encoding: zstandard (zstd). Please install `backports.zstd`', url='https://districtvenues1.text2029mail.workers.dev/?cinema_id=1020547&date=2026-08-23'
[05:01:30] ❌ 4051 ClientResponseError: 400, message='Can not decode content-encoding: zstandard (zstd). Please install `backports.zstd`', url='https://districtvenues1.text2029mail.workers.dev/?cinema_id=4051&date=2026-08-23'
[05:01:30] ❌ 1075745 ClientResponseError: 400, message='Can not decode content-encoding: zstandard (zstd). Please install `backports.zstd`', url='https://districtvenues1.text2029mail.workers.dev/?cinema_id=1075745&date=2026-08-23'
[05:01:30] ❌ 1041458 ClientResponseError: 400, message='Can not decode content-encoding: zstandard (zstd). Please install `backports.zstd`', url='https://districtvenues1.text2029mail.workers.dev/?cinema_id=1041458&date=2026-08-23'
[05:01:31] ❌ 1041393 ClientResponseError: 400, message='Can not decode content-encoding: zstandard (zstd). Please install `backports.zstd`', url='https://districtvenues1.text2029mail.workers.dev/?cinema_id=1041393&date=2026-08-23'
[05:01:31] ❌ 1037531 ClientResponseError: 400, message='Can not decode content-encoding: zstandard (zstd). Please install `backports.zstd`', url='https://districtvenues1.text2029mail.workers.dev/?cinema_id=1037531&date=2026-08-23'
[05:01:31] ❌ 1084553 ClientResponseError: 400, message='Can not decode content-encoding: zstandard (zstd). Please install `backports.zstd`', url='https://districtvenues1.text2029mail.workers.dev/?cinema_id=1084553&date=2026-08-23'
[05:01:32] ❌ 9384 ClientResponseError: 400, message='Can not decode content-encoding: zstandard (zstd). Please install `backports.zstd`', url='https://districtvenues1.text2029mail.workers.dev/?cinema_id=9384&date=2026-08-23'
[05:01:32] ❌ 1015286 ClientResponseError: 400, message='Can not decode content-encoding: zstandard (zstd). Please install `backports.zstd`', url='https://districtvenues1.text2029mail.workers.dev/?cinema_id=1015286&date=2026-08-23'
[05:01:32] ❌ 25571 ClientResponseError: 400, message='Can not decode content-encoding: zstandard (zstd). Please install `backports.zstd`', url='https://districtvenues1.text2029mail.workers.dev/?cinema_id=25571&date=2026-08-23'
[05:01:32] ❌ 1032461 ClientResponseError: 400, message='Can not decode content-encoding: zstandard (zstd). Please install `backports.zstd`', url='https://districtvenues1.text2029mail.workers.dev/?cinema_id=1032461&date=2026-08-23'
[05:01:33] ❌ 3965 ClientResponseError: 400, message='Can not decode content-encoding: zstandard (zstd). Please install `backports.zstd`', url='https://districtvenues1.text2029mail.workers.dev/?cinema_id=3965&date=2026-08-23'
[05:01:33] ❌ 55466 ClientResponseError: 400, message='Can not decode content-encoding: zstandard (zstd). Please install `backports.zstd`', url='https://districtvenues1.text2029mail.workers.dev/?cinema_id=55466&date=2026-08-23'
[05:01:34] ❌ 1039840 ClientResponseError: 400, message='Can not decode content-encoding: zstandard (zstd). Please install `backports.zstd`', url='https://districtvenues1.text2029mail.workers.dev/?cinema_id=1039840&date=2026-08-23'
[05:01:34] ❌ 9194 ClientResponseError: 400, message='Can not decode content-encoding: zstandard (zstd). Please install `backports.zstd`', url='https://districtvenues1.text2029mail.workers.dev/?cinema_id=9194&date=2026-08-23'
[05:01:34] ❌ 7232 ClientResponseError: 400, message='Can not decode content-encoding: zstandard (zstd). Please install `backports.zstd`', url='https://districtvenues1.text2029mail.workers.dev/?cinema_id=7232&date=2026-08-23'
[05:01:34] ❌ 9174 ClientResponseError: 400, message='Can not decode content-encoding: zstandard (zstd). Please install `backports.zstd`', url='https://districtvenues1.text2029mail.workers.dev/?cinema_id=9174&date=2026-08-23'
[05:01:34] ❌ 1032460 ClientResponseError: 400, message='Can not decode content-encoding: zstandard (zstd). Please install `backports.zstd`', url='https://districtvenues1.text2029mail.workers.dev/?cinema_id=1032460&date=2026-08-23'
[05:01:35] ❌ 25045 ClientResponseError: 400, message='Can not decode content-encoding: zstandard (zstd). Please install `backports.zstd`', url='https://districtvenues1.text2029mail.workers.dev/?cinema_id=25045&date=2026-08-23'
[05:01:35] ❌ 30784 ClientResponseError: 400, message='Can not decode content-encoding: zstandard (zstd). Please install `backports.zstd`', url='https://districtvenues1.text2029mail.workers.dev/?cinema_id=30784&date=2026-08-23'
[05:01:35] ❌ 1037527 ClientResponseError: 400, message='Can not decode content-encoding: zstandard (zstd). Please install `backports.zstd`', url='https://districtvenues1.text2029mail.workers.dev/?cinema_id=1037527&date=2026-08-23'
[05:01:36] ❌ 26281 ClientResponseError: 400, message='Can not decode content-encoding: zstandard (zstd). Please install `backports.zstd`', url='https://districtvenues1.text2029mail.workers.dev/?cinema_id=26281&date=2026-08-23'
[05:01:36] ❌ 1016383 ClientResponseError: 400, message='Can not decode content-encoding: zstandard (zstd). Please install `backports.zstd`', url='https://districtvenues1.text2029mail.workers.dev/?cinema_id=1016383&date=2026-08-23'
[05:01:36] ❌ 55853 ClientResponseError: 400, message='Can not decode content-encoding: zstandard (zstd). Please install `backports.zstd`', url='https://districtvenues1.text2029mail.workers.dev/?cinema_id=55853&date=2026-08-23'
[05:01:36] ❌ 9246 ClientResponseError: 400, message='Can not decode content-encoding: zstandard (zstd). Please install `backports.zstd`', url='https://districtvenues1.text2029mail.workers.dev/?cinema_id=9246&date=2026-08-23'
[05:01:36] ❌ 1037503 ClientResponseError: 400, message='Can not decode content-encoding: zstandard (zstd). Please install `backports.zstd`', url='https://districtvenues1.text2029mail.workers.dev/?cinema_id=1037503&date=2026-08-23'
[05:01:37] ❌ 1037491 ClientResponseError: 400, message='Can not decode content-encoding: zstandard (zstd). Please install `backports.zstd`', url='https://districtvenues1.text2029mail.workers.dev/?cinema_id=1037491&date=2026-08-23'
[05:01:38] ❌ 1003767 ClientResponseError: 400, message='Can not decode content-encoding: zstandard (zstd). Please install `backports.zstd`', url='https://districtvenues1.text2029mail.workers.dev/?cinema_id=1003767&date=2026-08-23'
[05:01:38] ❌ 25181 ClientResponseError: 400, message='Can not decode content-encoding: zstandard (zstd). Please install `backports.zstd`', url='https://districtvenues1.text2029mail.workers.dev/?cinema_id=25181&date=2026-08-23'
[05:01:38] ❌ 1007282 ClientResponseError: 400, message='Can not decode content-encoding: zstandard (zstd). Please install `backports.zstd`', url='https://districtvenues1.text2029mail.workers.dev/?cinema_id=1007282&date=2026-08-23'
[05:01:38] ❌ 1041239 ClientResponseError: 400, message='Can not decode content-encoding: zstandard (zstd). Please install `backports.zstd`', url='https://districtvenues1.text2029mail.workers.dev/?cinema_id=1041239&date=2026-08-23'
[05:01:38] ❌ 1029684 ClientResponseError: 400, message='Can not decode content-encoding: zstandard (zstd). Please install `backports.zstd`', url='https://districtvenues1.text2029mail.workers.dev/?cinema_id=1029684&date=2026-08-23'
[05:01:39] ❌ 18164 ClientResponseError: 400, message='Can not decode content-encoding: zstandard (zstd). Please install `backports.zstd`', url='https://districtvenues1.text2029mail.workers.dev/?cinema_id=18164&date=2026-08-23'
[05:01:39] ❌ 5182 ClientResponseError: 400, message='Can not decode content-encoding: zstandard (zstd). Please install `backports.zstd`', url='https://districtvenues1.text2029mail.workers.dev/?cinema_id=5182&date=2026-08-23'
[05:01:40] ❌ 3896 ClientResponseError: 400, message='Can not decode content-encoding: zstandard (zstd). Please install `backports.zstd`', url='https://districtvenues1.text2029mail.workers.dev/?cinema_id=3896&date=2026-08-23'
[05:01:40] ❌ 62250 ClientResponseError: 400, message='Can not decode content-encoding: zstandard (zstd). Please install `backports.zstd`', url='https://districtvenues1.text2029mail.workers.dev/?cinema_id=62250&date=2026-08-23'
[05:01:40] ❌ 19513 ClientResponseError: 400, message='Can not decode content-encoding: zstandard (zstd). Please install `backports.zstd`', url='https://districtvenues1.text2029mail.workers.dev/?cinema_id=19513&date=2026-08-23'
[05:01:40] ❌ 1015975 ClientResponseError: 400, message='Can not decode content-encoding: zstandard (zstd). Please install `backports.zstd`', url='https://districtvenues1.text2029mail.workers.dev/?cinema_id=1015975&date=2026-08-23'
[05:01:40] ❌ 1037517 ClientResponseError: 400, message='Can not decode content-encoding: zstandard (zstd). Please install `backports.zstd`', url='https://districtvenues1.text2029mail.workers.dev/?cinema_id=1037517&date=2026-08-23'
[05:01:41] ❌ 9285 ClientResponseError: 400, message='Can not decode content-encoding: zstandard (zstd). Please install `backports.zstd`', url='https://districtvenues1.text2029mail.workers.dev/?cinema_id=9285&date=2026-08-23'
[05:01:41] ❌ 1088811 ClientResponseError: 400, message='Can not decode content-encoding: zstandard (zstd). Please install `backports.zstd`', url='https://districtvenues1.text2029mail.workers.dev/?cinema_id=1088811&date=2026-08-23'
[05:01:41] ❌ 1042605 ClientResponseError: 400, message='Can not decode content-encoding: zstandard (zstd). Please install `backports.zstd`', url='https://districtvenues1.text2029mail.workers.dev/?cinema_id=1042605&date=2026-08-23'
[05:01:42] ❌ 1037516 ClientResponseError: 400, message='Can not decode content-encoding: zstandard (zstd). Please install `backports.zstd`', url='https://districtvenues1.text2029mail.workers.dev/?cinema_id=1037516&date=2026-08-23'
[05:01:42] ❌ 1035744 ClientResponseError: 400, message='Can not decode content-encoding: zstandard (zstd). Please install `backports.zstd`', url='https://districtvenues1.text2029mail.workers.dev/?cinema_id=1035744&date=2026-08-23'
[05:01:42] ❌ 1041804 ClientResponseError: 400, message='Can not decode content-encoding: zstandard (zstd). Please install `backports.zstd`', url='https://districtvenues1.text2029mail.workers.dev/?cinema_id=1041804&date=2026-08-23'
[05:01:43] ❌ 1037521 ClientResponseError: 400, message='Can not decode content-encoding: zstandard (zstd). Please install `backports.zstd`', url='https://districtvenues1.text2029mail.workers.dev/?cinema_id=1037521&date=2026-08-23'
[05:01:43] ❌ 1012280 ClientResponseError: 400, message='Can not decode content-encoding: zstandard (zstd). Please install `backports.zstd`', url='https://districtvenues1.text2029mail.workers.dev/?cinema_id=1012280&date=2026-08-23'
[05:01:43] ❌ 1040181 ClientResponseError: 400, message='Can not decode content-encoding: zstandard (zstd). Please install `backports.zstd`', url='https://districtvenues1.text2029mail.workers.dev/?cinema_id=1040181&date=2026-08-23'
[05:01:44] ❌ 7293 ClientResponseError: 400, message='Can not decode content-encoding: zstandard (zstd). Please install `backports.zstd`', url='https://districtvenues1.text2029mail.workers.dev/?cinema_id=7293&date=2026-08-23'
[05:01:44] ❌ 4889 ClientResponseError: 400, message='Can not decode content-encoding: zstandard (zstd). Please install `backports.zstd`', url='https://districtvenues1.text2029mail.workers.dev/?cinema_id=4889&date=2026-08-23'
[05:01:44] ❌ 1032901 ClientResponseError: 400, message='Can not decode content-encoding: zstandard (zstd). Please install `backports.zstd`', url='https://districtvenues1.text2029mail.workers.dev/?cinema_id=1032901&date=2026-08-23'
[05:01:44] ❌ 5220 ClientResponseError: 400, message='Can not decode content-encoding: zstandard (zstd). Please install `backports.zstd`', url='https://districtvenues1.text2029mail.workers.dev/?cinema_id=5220&date=2026-08-23'
[05:01:44] ❌ 5150 ClientResponseError: 400, message='Can not decode content-encoding: zstandard (zstd). Please install `backports.zstd`', url='https://districtvenues1.text2029mail.workers.dev/?cinema_id=5150&date=2026-08-23'
[05:01:46] ❌ 1041199 ClientResponseError: 400, message='Can not decode content-encoding: zstandard (zstd). Please install `backports.zstd`', url='https://districtvenues1.text2029mail.workers.dev/?cinema_id=1041199&date=2026-08-23'
[05:01:46] ❌ 16523 ClientResponseError: 400, message='Can not decode content-encoding: zstandard (zstd). Please install `backports.zstd`', url='https://districtvenues1.text2029mail.workers.dev/?cinema_id=16523&date=2026-08-23'
[05:01:46] ❌ 14354 ClientResponseError: 400, message='Can not decode content-encoding: zstandard (zstd). Please install `backports.zstd`', url='https://districtvenues1.text2029mail.workers.dev/?cinema_id=14354&date=2026-08-23'
[05:01:46] ❌ 1020338 ClientResponseError: 400, message='Can not decode content-encoding: zstandard (zstd). Please install `backports.zstd`', url='https://districtvenues1.text2029mail.workers.dev/?cinema_id=1020338&date=2026-08-23'
[05:01:46] ❌ 4780 ClientResponseError: 400, message='Can not decode content-encoding: zstandard (zstd). Please install `backports.zstd`', url='https://districtvenues1.text2029mail.workers.dev/?cinema_id=4780&date=2026-08-23'
[05:01:47] ❌ 1047917 ClientResponseError: 400, message='Can not decode content-encoding: zstandard (zstd). Please install `backports.zstd`', url='https://districtvenues1.text2029mail.workers.dev/?cinema_id=1047917&date=2026-08-23'
[05:01:47] ❌ 1056892 ClientResponseError: 400, message='Can not decode content-encoding: zstandard (zstd). Please install `backports.zstd`', url='https://districtvenues1.text2029mail.workers.dev/?cinema_id=1056892&date=2026-08-23'
[05:01:47] ❌ 4919 ClientResponseError: 400, message='Can not decode content-encoding: zstandard (zstd). Please install `backports.zstd`', url='https://districtvenues1.text2029mail.workers.dev/?cinema_id=4919&date=2026-08-23'
[05:01:47] ❌ 1061843 ClientResponseError: 400, message='Can not decode content-encoding: zstandard (zstd). Please install `backports.zstd`', url='https://districtvenues1.text2029mail.workers.dev/?cinema_id=1061843&date=2026-08-23'
[05:01:48] ❌ 6119 ClientResponseError: 400, message='Can not decode content-encoding: zstandard (zstd). Please install `backports.zstd`', url='https://districtvenues1.text2029mail.workers.dev/?cinema_id=6119&date=2026-08-23'
[05:01:48] ❌ 1036383 ClientResponseError: 400, message='Can not decode content-encoding: zstandard (zstd). Please install `backports.zstd`', url='https://districtvenues1.text2029mail.workers.dev/?cinema_id=1036383&date=2026-08-23'
[05:01:48] ❌ 1041683 ClientResponseError: 400, message='Can not decode content-encoding: zstandard (zstd). Please install `backports.zstd`', url='https://districtvenues1.text2029mail.workers.dev/?cinema_id=1041683&date=2026-08-23'
[05:01:48] ❌ 1033177 ClientResponseError: 400, message='Can not decode content-encoding: zstandard (zstd). Please install `backports.zstd`', url='https://districtvenues1.text2029mail.workers.dev/?cinema_id=1033177&date=2026-08-23'
[05:01:49] ❌ 1052727 ClientResponseError: 400, message='Can not decode content-encoding: zstandard (zstd). Please install `backports.zstd`', url='https://districtvenues1.text2029mail.workers.dev/?cinema_id=1052727&date=2026-08-23'
[05:01:49] ❌ 1050804 ClientResponseError: 400, message='Can not decode content-encoding: zstandard (zstd). Please install `backports.zstd`', url='https://districtvenues1.text2029mail.workers.dev/?cinema_id=1050804&date=2026-08-23'
[05:01:50] ❌ 1084822 ClientResponseError: 400, message='Can not decode content-encoding: zstandard (zstd). Please install `backports.zstd`', url='https://districtvenues1.text2029mail.workers.dev/?cinema_id=1084822&date=2026-08-23'
[05:01:50] ❌ 4910 ClientResponseError: 400, message='Can not decode content-encoding: zstandard (zstd). Please install `backports.zstd`', url='https://districtvenues1.text2029mail.workers.dev/?cinema_id=4910&date=2026-08-23'
[05:01:50] ❌ 9661 ClientResponseError: 400, message='Can not decode content-encoding: zstandard (zstd). Please install `backports.zstd`', url='https://districtvenues1.text2029mail.workers.dev/?cinema_id=9661&date=2026-08-23'
[05:01:50] ❌ 7537 ClientResponseError: 400, message='Can not decode content-encoding: zstandard (zstd). Please install `backports.zstd`', url='https://districtvenues1.text2029mail.workers.dev/?cinema_id=7537&date=2026-08-23'
[05:01:50] ❌ 1018468 ClientResponseError: 400, message='Can not decode content-encoding: zstandard (zstd). Please install `backports.zstd`', url='https://districtvenues1.text2029mail.workers.dev/?cinema_id=1018468&date=2026-08-23'
[05:01:51] ❌ 17483 ClientResponseError: 400, message='Can not decode content-encoding: zstandard (zstd). Please install `backports.zstd`', url='https://districtvenues1.text2029mail.workers.dev/?cinema_id=17483&date=2026-08-23'
[05:01:51] ❌ 29954 ClientResponseError: 400, message='Can not decode content-encoding: zstandard (zstd). Please install `backports.zstd`', url='https://districtvenues1.text2029mail.workers.dev/?cinema_id=29954&date=2026-08-23'
[05:01:51] ❌ 28235 ClientResponseError: 400, message='Can not decode content-encoding: zstandard (zstd). Please install `backports.zstd`', url='https://districtvenues1.text2029mail.workers.dev/?cinema_id=28235&date=2026-08-23'
[05:01:51] ❌ 25281 ClientResponseError: 400, message='Can not decode content-encoding: zstandard (zstd). Please install `backports.zstd`', url='https://districtvenues1.text2029mail.workers.dev/?cinema_id=25281&date=2026-08-23'
[05:01:51] ❌ 9784 ClientResponseError: 400, message='Can not decode content-encoding: zstandard (zstd). Please install `backports.zstd`', url='https://districtvenues1.text2029mail.workers.dev/?cinema_id=9784&date=2026-08-23'
[05:01:53] ❌ 1006037 ClientResponseError: 400, message='Can not decode content-encoding: zstandard (zstd). Please install `backports.zstd`', url='https://districtvenues1.text2029mail.workers.dev/?cinema_id=1006037&date=2026-08-23'
[05:01:53] ❌ 4852 ClientResponseError: 400, message='Can not decode content-encoding: zstandard (zstd). Please install `backports.zstd`', url='https://districtvenues1.text2029mail.workers.dev/?cinema_id=4852&date=2026-08-23'
[05:01:53] ❌ 1030383 ClientResponseError: 400, message='Can not decode content-encoding: zstandard (zstd). Please install `backports.zstd`', url='https://districtvenues1.text2029mail.workers.dev/?cinema_id=1030383&date=2026-08-23'
[05:01:53] ❌ 7826 ClientResponseError: 400, message='Can not decode content-encoding: zstandard (zstd). Please install `backports.zstd`', url='https://districtvenues1.text2029mail.workers.dev/?cinema_id=7826&date=2026-08-23'
[05:01:54] ❌ 1041732 ClientResponseError: 400, message='Can not decode content-encoding: zstandard (zstd). Please install `backports.zstd`', url='https://districtvenues1.text2029mail.workers.dev/?cinema_id=1041732&date=2026-08-23'
[05:01:54] ❌ 1041726 ClientResponseError: 400, message='Can not decode content-encoding: zstandard (zstd). Please install `backports.zstd`', url='https://districtvenues1.text2029mail.workers.dev/?cinema_id=1041726&date=2026-08-23'
[05:01:54] ❌ 3145 ClientResponseError: 400, message='Can not decode content-encoding: zstandard (zstd). Please install `backports.zstd`', url='https://districtvenues1.text2029mail.workers.dev/?cinema_id=3145&date=2026-08-23'
[05:01:54] ❌ 27725 ClientResponseError: 400, message='Can not decode content-encoding: zstandard (zstd). Please install `backports.zstd`', url='https://districtvenues1.text2029mail.workers.dev/?cinema_id=27725&date=2026-08-23'
[05:01:54] ❌ 1013210 ClientResponseError: 400, message='Can not decode content-encoding: zstandard (zstd). Please install `backports.zstd`', url='https://districtvenues1.text2029mail.workers.dev/?cinema_id=1013210&date=2026-08-23'
[05:01:55] ❌ 9150 ClientResponseError: 400, message='Can not decode content-encoding: zstandard (zstd). Please install `backports.zstd`', url='https://districtvenues1.text2029mail.workers.dev/?cinema_id=9150&date=2026-08-23'
[05:01:56] ❌ 1041465 ClientResponseError: 400, message='Can not decode content-encoding: zstandard (zstd). Please install `backports.zstd`', url='https://districtvenues1.text2029mail.workers.dev/?cinema_id=1041465&date=2026-08-23'
[05:01:56] ❌ 7814 ClientResponseError: 400, message='Can not decode content-encoding: zstandard (zstd). Please install `backports.zstd`', url='https://districtvenues1.text2029mail.workers.dev/?cinema_id=7814&date=2026-08-23'
[05:01:56] ❌ 1055922 ClientResponseError: 400, message='Can not decode content-encoding: zstandard (zstd). Please install `backports.zstd`', url='https://districtvenues1.text2029mail.workers.dev/?cinema_id=1055922&date=2026-08-23'
[05:01:56] ❌ 7753 ClientResponseError: 400, message='Can not decode content-encoding: zstandard (zstd). Please install `backports.zstd`', url='https://districtvenues1.text2029mail.workers.dev/?cinema_id=7753&date=2026-08-23'
[05:01:57] ❌ 1074202 ClientResponseError: 400, message='Can not decode content-encoding: zstandard (zstd). Please install `backports.zstd`', url='https://districtvenues1.text2029mail.workers.dev/?cinema_id=1074202&date=2026-08-23'
[05:01:57] ❌ 58822 ClientResponseError: 400, message='Can not decode content-encoding: zstandard (zstd). Please install `backports.zstd`', url='https://districtvenues1.text2029mail.workers.dev/?cinema_id=58822&date=2026-08-23'
[05:01:57] ❌ 19110 ClientResponseError: 400, message='Can not decode content-encoding: zstandard (zstd). Please install `backports.zstd`', url='https://districtvenues1.text2029mail.workers.dev/?cinema_id=19110&date=2026-08-23'
[05:01:57] ❌ 7856 ClientResponseError: 400, message='Can not decode content-encoding: zstandard (zstd). Please install `backports.zstd`', url='https://districtvenues1.text2029mail.workers.dev/?cinema_id=7856&date=2026-08-23'
[05:01:58] ❌ 9044 ClientResponseError: 400, message='Can not decode content-encoding: zstandard (zstd). Please install `backports.zstd`', url='https://districtvenues1.text2029mail.workers.dev/?cinema_id=9044&date=2026-08-23'
[05:01:58] ❌ 4163 ClientResponseError: 400, message='Can not decode content-encoding: zstandard (zstd). Please install `backports.zstd`', url='https://districtvenues1.text2029mail.workers.dev/?cinema_id=4163&date=2026-08-23'
[05:01:58] ❌ 7312 ClientResponseError: 400, message='Can not decode content-encoding: zstandard (zstd). Please install `backports.zstd`', url='https://districtvenues1.text2029mail.workers.dev/?cinema_id=7312&date=2026-08-23'
[05:01:58] ❌ 1028118 ClientResponseError: 400, message='Can not decode content-encoding: zstandard (zstd). Please install `backports.zstd`', url='https://districtvenues1.text2029mail.workers.dev/?cinema_id=1028118&date=2026-08-23'
[05:01:59] ❌ 1050768 ClientResponseError: 400, message='Can not decode content-encoding: zstandard (zstd). Please install `backports.zstd`', url='https://districtvenues1.text2029mail.workers.dev/?cinema_id=1050768&date=2026-08-23'
[05:02:00] ❌ 4379 ClientResponseError: 400, message='Can not decode content-encoding: zstandard (zstd). Please install `backports.zstd`', url='https://districtvenues1.text2029mail.workers.dev/?cinema_id=4379&date=2026-08-23'
[05:02:00] ❌ 6096 ClientResponseError: 400, message='Can not decode content-encoding: zstandard (zstd). Please install `backports.zstd`', url='https://districtvenues1.text2029mail.workers.dev/?cinema_id=6096&date=2026-08-23'
[05:02:00] ❌ 28863 ClientResponseError: 400, message='Can not decode content-encoding: zstandard (zstd). Please install `backports.zstd`', url='https://districtvenues1.text2029mail.workers.dev/?cinema_id=28863&date=2026-08-23'
[05:02:00] ❌ 27432 ClientResponseError: 400, message='Can not decode content-encoding: zstandard (zstd). Please install `backports.zstd`', url='https://districtvenues1.text2029mail.workers.dev/?cinema_id=27432&date=2026-08-23'
[05:02:00] ❌ 4340 ClientResponseError: 400, message='Can not decode content-encoding: zstandard (zstd). Please install `backports.zstd`', url='https://districtvenues1.text2029mail.workers.dev/?cinema_id=4340&date=2026-08-23'
[05:02:00] ❌ 4904 ClientResponseError: 400, message='Can not decode content-encoding: zstandard (zstd). Please install `backports.zstd`', url='https://districtvenues1.text2029mail.workers.dev/?cinema_id=4904&date=2026-08-23'
[05:02:00] ❌ 5080 ClientResponseError: 400, message='Can not decode content-encoding: zstandard (zstd). Please install `backports.zstd`', url='https://districtvenues1.text2029mail.workers.dev/?cinema_id=5080&date=2026-08-23'
[05:02:01] ❌ 4255 ClientResponseError: 400, message='Can not decode content-encoding: zstandard (zstd). Please install `backports.zstd`', url='https://districtvenues1.text2029mail.workers.dev/?cinema_id=4255&date=2026-08-23'
[05:02:01] ❌ 1019687 ClientResponseError: 400, message='Can not decode content-encoding: zstandard (zstd). Please install `backports.zstd`', url='https://districtvenues1.text2029mail.workers.dev/?cinema_id=1019687&date=2026-08-23'
[05:02:02] ❌ 1041566 ClientResponseError: 400, message='Can not decode content-encoding: zstandard (zstd). Please install `backports.zstd`', url='https://districtvenues1.text2029mail.workers.dev/?cinema_id=1041566&date=2026-08-23'
[05:02:02] ❌ 1020350 ClientResponseError: 400, message='Can not decode content-encoding: zstandard (zstd). Please install `backports.zstd`', url='https://districtvenues1.text2029mail.workers.dev/?cinema_id=1020350&date=2026-08-23'
[05:02:02] ❌ 9131 ClientResponseError: 400, message='Can not decode content-encoding: zstandard (zstd). Please install `backports.zstd`', url='https://districtvenues1.text2029mail.workers.dev/?cinema_id=9131&date=2026-08-23'
[05:02:02] ❌ 1398 ClientResponseError: 400, message='Can not decode content-encoding: zstandard (zstd). Please install `backports.zstd`', url='https://districtvenues1.text2029mail.workers.dev/?cinema_id=1398&date=2026-08-23'
[05:02:03] ❌ 7260 ClientResponseError: 400, message='Can not decode content-encoding: zstandard (zstd). Please install `backports.zstd`', url='https://districtvenues1.text2029mail.workers.dev/?cinema_id=7260&date=2026-08-23'
[05:02:03] ❌ 5105 ClientResponseError: 400, message='Can not decode content-encoding: zstandard (zstd). Please install `backports.zstd`', url='https://districtvenues1.text2029mail.workers.dev/?cinema_id=5105&date=2026-08-23'
[05:02:03] ❌ 1088778 ClientResponseError: 400, message='Can not decode content-encoding: zstandard (zstd). Please install `backports.zstd`', url='https://districtvenues1.text2029mail.workers.dev/?cinema_id=1088778&date=2026-08-23'
[05:02:03] ❌ 4425 ClientResponseError: 400, message='Can not decode content-encoding: zstandard (zstd). Please install `backports.zstd`', url='https://districtvenues1.text2029mail.workers.dev/?cinema_id=4425&date=2026-08-23'
[05:02:03] ❌ 1026095 ClientResponseError: 400, message='Can not decode content-encoding: zstandard (zstd). Please install `backports.zstd`', url='https://districtvenues1.text2029mail.workers.dev/?cinema_id=1026095&date=2026-08-23'
[05:02:04] ❌ 1041211 ClientResponseError: 400, message='Can not decode content-encoding: zstandard (zstd). Please install `backports.zstd`', url='https://districtvenues1.text2029mail.workers.dev/?cinema_id=1041211&date=2026-08-23'
[05:02:05] ❌ 1042822 ClientResponseError: 400, message='Can not decode content-encoding: zstandard (zstd). Please install `backports.zstd`', url='https://districtvenues1.text2029mail.workers.dev/?cinema_id=1042822&date=2026-08-23'
[05:02:05] ❌ 1039748 ClientResponseError: 400, message='Can not decode content-encoding: zstandard (zstd). Please install `backports.zstd`', url='https://districtvenues1.text2029mail.workers.dev/?cinema_id=1039748&date=2026-08-23'
[05:02:05] ❌ 7627 ClientResponseError: 400, message='Can not decode content-encoding: zstandard (zstd). Please install `backports.zstd`', url='https://districtvenues1.text2029mail.workers.dev/?cinema_id=7627&date=2026-08-23'
[05:02:05] ❌ 1014297 ClientResponseError: 400, message='Can not decode content-encoding: zstandard (zstd). Please install `backports.zstd`', url='https://districtvenues1.text2029mail.workers.dev/?cinema_id=1014297&date=2026-08-23'
[05:02:05] ❌ 19289 ClientResponseError: 400, message='Can not decode content-encoding: zstandard (zstd). Please install `backports.zstd`', url='https://districtvenues1.text2029mail.workers.dev/?cinema_id=19289&date=2026-08-23'
[05:02:06] ❌ 1041495 ClientResponseError: 400, message='Can not decode content-encoding: zstandard (zstd). Please install `backports.zstd`', url='https://districtvenues1.text2029mail.workers.dev/?cinema_id=1041495&date=2026-08-23'
[05:02:06] ❌ 30441 ClientResponseError: 400, message='Can not decode content-encoding: zstandard (zstd). Please install `backports.zstd`', url='https://districtvenues1.text2029mail.workers.dev/?cinema_id=30441&date=2026-08-23'
[05:02:06] ❌ 1033524 ClientResponseError: 400, message='Can not decode content-encoding: zstandard (zstd). Please install `backports.zstd`', url='https://districtvenues1.text2029mail.workers.dev/?cinema_id=1033524&date=2026-08-23'
[05:02:06] ❌ 6079 ClientResponseError: 400, message='Can not decode content-encoding: zstandard (zstd). Please install `backports.zstd`', url='https://districtvenues1.text2029mail.workers.dev/?cinema_id=6079&date=2026-08-23'
[05:02:07] ❌ 1031639 ClientResponseError: 400, message='Can not decode content-encoding: zstandard (zstd). Please install `backports.zstd`', url='https://districtvenues1.text2029mail.workers.dev/?cinema_id=1031639&date=2026-08-23'
[05:02:07] ❌ 1009967 ClientResponseError: 400, message='Can not decode content-encoding: zstandard (zstd). Please install `backports.zstd`', url='https://districtvenues1.text2029mail.workers.dev/?cinema_id=1009967&date=2026-08-23'
[05:02:08] ❌ 26729 ClientResponseError: 400, message='Can not decode content-encoding: zstandard (zstd). Please install `backports.zstd`', url='https://districtvenues1.text2029mail.workers.dev/?cinema_id=26729&date=2026-08-23'
[05:02:08] ❌ 19294 ClientResponseError: 400, message='Can not decode content-encoding: zstandard (zstd). Please install `backports.zstd`', url='https://districtvenues1.text2029mail.workers.dev/?cinema_id=19294&date=2026-08-23'
[05:02:08] ❌ 1054202 ClientResponseError: 400, message='Can not decode content-encoding: zstandard (zstd). Please install `backports.zstd`', url='https://districtvenues1.text2029mail.workers.dev/?cinema_id=1054202&date=2026-08-23'
[05:02:08] ❌ 9176 ClientResponseError: 400, message='Can not decode content-encoding: zstandard (zstd). Please install `backports.zstd`', url='https://districtvenues1.text2029mail.workers.dev/?cinema_id=9176&date=2026-08-23'
[05:02:08] ❌ 29510 ClientResponseError: 400, message='Can not decode content-encoding: zstandard (zstd). Please install `backports.zstd`', url='https://districtvenues1.text2029mail.workers.dev/?cinema_id=29510&date=2026-08-23'
[05:02:08] ❌ 1041691 ClientResponseError: 400, message='Can not decode content-encoding: zstandard (zstd). Please install `backports.zstd`', url='https://districtvenues1.text2029mail.workers.dev/?cinema_id=1041691&date=2026-08-23'
[05:02:09] ❌ 10268 ClientResponseError: 400, message='Can not decode content-encoding: zstandard (zstd). Please install `backports.zstd`', url='https://districtvenues1.text2029mail.workers.dev/?cinema_id=10268&date=2026-08-23'
[05:02:09] ❌ 43960 ClientResponseError: 400, message='Can not decode content-encoding: zstandard (zstd). Please install `backports.zstd`', url='https://districtvenues1.text2029mail.workers.dev/?cinema_id=43960&date=2026-08-23'
[05:02:09] ❌ 1031640 ClientResponseError: 400, message='Can not decode content-encoding: zstandard (zstd). Please install `backports.zstd`', url='https://districtvenues1.text2029mail.workers.dev/?cinema_id=1031640&date=2026-08-23'
[05:02:10] ❌ 7308 ClientResponseError: 400, message='Can not decode content-encoding: zstandard (zstd). Please install `backports.zstd`', url='https://districtvenues1.text2029mail.workers.dev/?cinema_id=7308&date=2026-08-23'
[05:02:10] ❌ 9497 ClientResponseError: 400, message='Can not decode content-encoding: zstandard (zstd). Please install `backports.zstd`', url='https://districtvenues1.text2029mail.workers.dev/?cinema_id=9497&date=2026-08-23'
[05:02:10] ❌ 54684 ClientResponseError: 400, message='Can not decode content-encoding: zstandard (zstd). Please install `backports.zstd`', url='https://districtvenues1.text2029mail.workers.dev/?cinema_id=54684&date=2026-08-23'
[05:02:11] ❌ 32811 ClientResponseError: 400, message='Can not decode content-encoding: zstandard (zstd). Please install `backports.zstd`', url='https://districtvenues1.text2029mail.workers.dev/?cinema_id=32811&date=2026-08-23'
[05:02:11] ❌ 24522 ClientResponseError: 400, message='Can not decode content-encoding: zstandard (zstd). Please install `backports.zstd`', url='https://districtvenues1.text2029mail.workers.dev/?cinema_id=24522&date=2026-08-23'
[05:02:11] ❌ 33645 ClientResponseError: 400, message='Can not decode content-encoding: zstandard (zstd). Please install `backports.zstd`', url='https://districtvenues1.text2029mail.workers.dev/?cinema_id=33645&date=2026-08-23'
[05:02:11] ❌ 9780 ClientResponseError: 400, message='Can not decode content-encoding: zstandard (zstd). Please install `backports.zstd`', url='https://districtvenues1.text2029mail.workers.dev/?cinema_id=9780&date=2026-08-23'
[05:02:11] ❌ 1013662 ClientResponseError: 400, message='Can not decode content-encoding: zstandard (zstd). Please install `backports.zstd`', url='https://districtvenues1.text2029mail.workers.dev/?cinema_id=1013662&date=2026-08-23'
[05:02:12] ❌ 1055117 ClientResponseError: 400, message='Can not decode content-encoding: zstandard (zstd). Please install `backports.zstd`', url='https://districtvenues1.text2029mail.workers.dev/?cinema_id=1055117&date=2026-08-23'
[05:02:13] ❌ 1066216 ClientResponseError: 400, message='Can not decode content-encoding: zstandard (zstd). Please install `backports.zstd`', url='https://districtvenues1.text2029mail.workers.dev/?cinema_id=1066216&date=2026-08-23'
[05:02:13] ❌ 1039923 ClientResponseError: 400, message='Can not decode content-encoding: zstandard (zstd). Please install `backports.zstd`', url='https://districtvenues1.text2029mail.workers.dev/?cinema_id=1039923&date=2026-08-23'
[05:02:14] ❌ 1018796 ClientResponseError: 400, message='Can not decode content-encoding: zstandard (zstd). Please install `backports.zstd`', url='https://districtvenues1.text2029mail.workers.dev/?cinema_id=1018796&date=2026-08-23'
[05:02:14] ❌ 12947 ClientResponseError: 400, message='Can not decode content-encoding: zstandard (zstd). Please install `backports.zstd`', url='https://districtvenues1.text2029mail.workers.dev/?cinema_id=12947&date=2026-08-23'
[05:02:14] ❌ 984 ClientResponseError: 400, message='Can not decode content-encoding: zstandard (zstd). Please install `backports.zstd`', url='https://districtvenues1.text2029mail.workers.dev/?cinema_id=984&date=2026-08-23'
[05:02:14] ❌ 1041684 ClientResponseError: 400, message='Can not decode content-encoding: zstandard (zstd). Please install `backports.zstd`', url='https://districtvenues1.text2029mail.workers.dev/?cinema_id=1041684&date=2026-08-23'
[05:02:14] ❌ 482 ClientResponseError: 400, message='Can not decode content-encoding: zstandard (zstd). Please install `backports.zstd`', url='https://districtvenues1.text2029mail.workers.dev/?cinema_id=482&date=2026-08-23'
[05:02:15] ❌ 1041782 ClientResponseError: 400, message='Can not decode content-encoding: zstandard (zstd). Please install `backports.zstd`', url='https://districtvenues1.text2029mail.workers.dev/?cinema_id=1041782&date=2026-08-23'
[05:02:15] ❌ 9291 ClientResponseError: 400, message='Can not decode content-encoding: zstandard (zstd). Please install `backports.zstd`', url='https://districtvenues1.text2029mail.workers.dev/?cinema_id=9291&date=2026-08-23'
[05:02:15] ❌ 1041729 ClientResponseError: 400, message='Can not decode content-encoding: zstandard (zstd). Please install `backports.zstd`', url='https://districtvenues1.text2029mail.workers.dev/?cinema_id=1041729&date=2026-08-23'
[05:02:15] ❌ 22884 ClientResponseError: 400, message='Can not decode content-encoding: zstandard (zstd). Please install `backports.zstd`', url='https://districtvenues1.text2029mail.workers.dev/?cinema_id=22884&date=2026-08-23'
[05:02:16] ❌ 4881 ClientResponseError: 400, message='Can not decode content-encoding: zstandard (zstd). Please install `backports.zstd`', url='https://districtvenues1.text2029mail.workers.dev/?cinema_id=4881&date=2026-08-23'
[05:02:16] ❌ 9527 ClientResponseError: 400, message='Can not decode content-encoding: zstandard (zstd). Please install `backports.zstd`', url='https://districtvenues1.text2029mail.workers.dev/?cinema_id=9527&date=2026-08-23'
[05:02:17] ❌ 4714 ClientResponseError: 400, message='Can not decode content-encoding: zstandard (zstd). Please install `backports.zstd`', url='https://districtvenues1.text2029mail.workers.dev/?cinema_id=4714&date=2026-08-23'
[05:02:17] ❌ 1030384 ClientResponseError: 400, message='Can not decode content-encoding: zstandard (zstd). Please install `backports.zstd`', url='https://districtvenues1.text2029mail.workers.dev/?cinema_id=1030384&date=2026-08-23'
[05:02:17] ❌ 1056146 ClientResponseError: 400, message='Can not decode content-encoding: zstandard (zstd). Please install `backports.zstd`', url='https://districtvenues1.text2029mail.workers.dev/?cinema_id=1056146&date=2026-08-23'
[05:02:18] ❌ 1008441 ClientResponseError: 400, message='Can not decode content-encoding: zstandard (zstd). Please install `backports.zstd`', url='https://districtvenues1.text2029mail.workers.dev/?cinema_id=1008441&date=2026-08-23'
[05:02:18] ❌ 9653 ClientResponseError: 400, message='Can not decode content-encoding: zstandard (zstd). Please install `backports.zstd`', url='https://districtvenues1.text2029mail.workers.dev/?cinema_id=9653&date=2026-08-23'
[05:02:18] ❌ 476 ClientResponseError: 400, message='Can not decode content-encoding: zstandard (zstd). Please install `backports.zstd`', url='https://districtvenues1.text2029mail.workers.dev/?cinema_id=476&date=2026-08-23'
[05:02:19] ❌ 1078620 ClientResponseError: 400, message='Can not decode content-encoding: zstandard (zstd). Please install `backports.zstd`', url='https://districtvenues1.text2029mail.workers.dev/?cinema_id=1078620&date=2026-08-23'
[05:02:19] ❌ 24767 ClientResponseError: 400, message='Can not decode content-encoding: zstandard (zstd). Please install `backports.zstd`', url='https://districtvenues1.text2029mail.workers.dev/?cinema_id=24767&date=2026-08-23'
[05:02:19] ❌ 1039863 ClientResponseError: 400, message='Can not decode content-encoding: zstandard (zstd). Please install `backports.zstd`', url='https://districtvenues1.text2029mail.workers.dev/?cinema_id=1039863&date=2026-08-23'
[05:02:19] ❌ 15614 ClientResponseError: 400, message='Can not decode content-encoding: zstandard (zstd). Please install `backports.zstd`', url='https://districtvenues1.text2029mail.workers.dev/?cinema_id=15614&date=2026-08-23'
[05:02:19] ❌ 1089364 ClientResponseError: 400, message='Can not decode content-encoding: zstandard (zstd). Please install `backports.zstd`', url='https://districtvenues1.text2029mail.workers.dev/?cinema_id=1089364&date=2026-08-23'
[05:02:19] ❌ 5103 ClientResponseError: 400, message='Can not decode content-encoding: zstandard (zstd). Please install `backports.zstd`', url='https://districtvenues1.text2029mail.workers.dev/?cinema_id=5103&date=2026-08-23'
[05:02:20] ❌ 1065452 ClientResponseError: 400, message='Can not decode content-encoding: zstandard (zstd). Please install `backports.zstd`', url='https://districtvenues1.text2029mail.workers.dev/?cinema_id=1065452&date=2026-08-23'
[05:02:21] ❌ 1049289 ClientResponseError: 400, message='Can not decode content-encoding: zstandard (zstd). Please install `backports.zstd`', url='https://districtvenues1.text2029mail.workers.dev/?cinema_id=1049289&date=2026-08-23'
[05:02:21] ❌ 3976 ClientResponseError: 400, message='Can not decode content-encoding: zstandard (zstd). Please install `backports.zstd`', url='https://districtvenues1.text2029mail.workers.dev/?cinema_id=3976&date=2026-08-23'
[05:02:21] ❌ 6035 ClientResponseError: 400, message='Can not decode content-encoding: zstandard (zstd). Please install `backports.zstd`', url='https://districtvenues1.text2029mail.workers.dev/?cinema_id=6035&date=2026-08-23'
[05:02:21] ❌ 1049288 ClientResponseError: 400, message='Can not decode content-encoding: zstandard (zstd). Please install `backports.zstd`', url='https://districtvenues1.text2029mail.workers.dev/?cinema_id=1049288&date=2026-08-23'
[05:02:21] ❌ 14703 ClientResponseError: 400, message='Can not decode content-encoding: zstandard (zstd). Please install `backports.zstd`', url='https://districtvenues1.text2029mail.workers.dev/?cinema_id=14703&date=2026-08-23'
[05:02:22] ❌ 1035939 ClientResponseError: 400, message='Can not decode content-encoding: zstandard (zstd). Please install `backports.zstd`', url='https://districtvenues1.text2029mail.workers.dev/?cinema_id=1035939&date=2026-08-23'
[05:02:22] ❌ 1027244 ClientResponseError: 400, message='Can not decode content-encoding: zstandard (zstd). Please install `backports.zstd`', url='https://districtvenues1.text2029mail.workers.dev/?cinema_id=1027244&date=2026-08-23'
[05:02:22] ❌ 1075662 ClientResponseError: 400, message='Can not decode content-encoding: zstandard (zstd). Please install `backports.zstd`', url='https://districtvenues1.text2029mail.workers.dev/?cinema_id=1075662&date=2026-08-23'
[05:02:22] ❌ 1054735 ClientResponseError: 400, message='Can not decode content-encoding: zstandard (zstd). Please install `backports.zstd`', url='https://districtvenues1.text2029mail.workers.dev/?cinema_id=1054735&date=2026-08-23'
[05:02:23] ❌ 1019544 ClientResponseError: 400, message='Can not decode content-encoding: zstandard (zstd). Please install `backports.zstd`', url='https://districtvenues1.text2029mail.workers.dev/?cinema_id=1019544&date=2026-08-23'
[05:02:24] ❌ 5061 ClientResponseError: 400, message='Can not decode content-encoding: zstandard (zstd). Please install `backports.zstd`', url='https://districtvenues1.text2029mail.workers.dev/?cinema_id=5061&date=2026-08-23'
[05:02:24] ❌ 62907 ClientResponseError: 400, message='Can not decode content-encoding: zstandard (zstd). Please install `backports.zstd`', url='https://districtvenues1.text2029mail.workers.dev/?cinema_id=62907&date=2026-08-23'
[05:02:24] ❌ 52682 ClientResponseError: 400, message='Can not decode content-encoding: zstandard (zstd). Please install `backports.zstd`', url='https://districtvenues1.text2029mail.workers.dev/?cinema_id=52682&date=2026-08-23'
[05:02:24] ❌ 1004633 ClientResponseError: 400, message='Can not decode content-encoding: zstandard (zstd). Please install `backports.zstd`', url='https://districtvenues1.text2029mail.workers.dev/?cinema_id=1004633&date=2026-08-23'
[05:02:24] ❌ 1041567 ClientResponseError: 400, message='Can not decode content-encoding: zstandard (zstd). Please install `backports.zstd`', url='https://districtvenues1.text2029mail.workers.dev/?cinema_id=1041567&date=2026-08-23'
[05:02:25] ❌ 1054736 ClientResponseError: 400, message='Can not decode content-encoding: zstandard (zstd). Please install `backports.zstd`', url='https://districtvenues1.text2029mail.workers.dev/?cinema_id=1054736&date=2026-08-23'
[05:02:25] ❌ 1092992 ClientResponseError: 400, message='Can not decode content-encoding: zstandard (zstd). Please install `backports.zstd`', url='https://districtvenues1.text2029mail.workers.dev/?cinema_id=1092992&date=2026-08-23'
[05:02:25] ❌ 25008 ClientResponseError: 400, message='Can not decode content-encoding: zstandard (zstd). Please install `backports.zstd`', url='https://districtvenues1.text2029mail.workers.dev/?cinema_id=25008&date=2026-08-23'
[05:02:26] ❌ 3906 ClientResponseError: 400, message='Can not decode content-encoding: zstandard (zstd). Please install `backports.zstd`', url='https://districtvenues1.text2029mail.workers.dev/?cinema_id=3906&date=2026-08-23'
[05:02:26] ❌ 26294 ClientResponseError: 400, message='Can not decode content-encoding: zstandard (zstd). Please install `backports.zstd`', url='https://districtvenues1.text2029mail.workers.dev/?cinema_id=26294&date=2026-08-23'
[05:02:26] ❌ 1054730 ClientResponseError: 400, message='Can not decode content-encoding: zstandard (zstd). Please install `backports.zstd`', url='https://districtvenues1.text2029mail.workers.dev/?cinema_id=1054730&date=2026-08-23'
[05:02:27] ❌ 6121 ClientResponseError: 400, message='Can not decode content-encoding: zstandard (zstd). Please install `backports.zstd`', url='https://districtvenues1.text2029mail.workers.dev/?cinema_id=6121&date=2026-08-23'
[05:02:27] ❌ 31792 ClientResponseError: 400, message='Can not decode content-encoding: zstandard (zstd). Please install `backports.zstd`', url='https://districtvenues1.text2029mail.workers.dev/?cinema_id=31792&date=2026-08-23'
[05:02:28] ❌ 38446 ClientResponseError: 400, message='Can not decode content-encoding: zstandard (zstd). Please install `backports.zstd`', url='https://districtvenues1.text2029mail.workers.dev/?cinema_id=38446&date=2026-08-23'
[05:02:28] ❌ 1024041 ClientResponseError: 400, message='Can not decode content-encoding: zstandard (zstd). Please install `backports.zstd`', url='https://districtvenues1.text2029mail.workers.dev/?cinema_id=1024041&date=2026-08-23'
[05:02:28] ❌ 1042215 ClientResponseError: 400, message='Can not decode content-encoding: zstandard (zstd). Please install `backports.zstd`', url='https://districtvenues1.text2029mail.workers.dev/?cinema_id=1042215&date=2026-08-23'
[05:02:28] ❌ 1009010 ClientResponseError: 400, message='Can not decode content-encoding: zstandard (zstd). Please install `backports.zstd`', url='https://districtvenues1.text2029mail.workers.dev/?cinema_id=1009010&date=2026-08-23'
[05:02:28] ❌ 1009117 ClientResponseError: 400, message='Can not decode content-encoding: zstandard (zstd). Please install `backports.zstd`', url='https://districtvenues1.text2029mail.workers.dev/?cinema_id=1009117&date=2026-08-23'
[05:02:29] ❌ 1056839 ClientResponseError: 400, message='Can not decode content-encoding: zstandard (zstd). Please install `backports.zstd`', url='https://districtvenues1.text2029mail.workers.dev/?cinema_id=1056839&date=2026-08-23'
[05:02:29] ❌ 1032344 ClientResponseError: 400, message='Can not decode content-encoding: zstandard (zstd). Please install `backports.zstd`', url='https://districtvenues1.text2029mail.workers.dev/?cinema_id=1032344&date=2026-08-23'
[05:02:29] ❌ 1059680 ClientResponseError: 400, message='Can not decode content-encoding: zstandard (zstd). Please install `backports.zstd`', url='https://districtvenues1.text2029mail.workers.dev/?cinema_id=1059680&date=2026-08-23'
[05:02:29] ❌ 4976 ClientResponseError: 400, message='Can not decode content-encoding: zstandard (zstd). Please install `backports.zstd`', url='https://districtvenues1.text2029mail.workers.dev/?cinema_id=4976&date=2026-08-23'
[05:02:30] ❌ 49852 ClientResponseError: 400, message='Can not decode content-encoding: zstandard (zstd). Please install `backports.zstd`', url='https://districtvenues1.text2029mail.workers.dev/?cinema_id=49852&date=2026-08-23'
[05:02:30] ❌ 4124 ClientResponseError: 400, message='Can not decode content-encoding: zstandard (zstd). Please install `backports.zstd`', url='https://districtvenues1.text2029mail.workers.dev/?cinema_id=4124&date=2026-08-23'
[05:02:30] ❌ 1056846 ClientResponseError: 400, message='Can not decode content-encoding: zstandard (zstd). Please install `backports.zstd`', url='https://districtvenues1.text2029mail.workers.dev/?cinema_id=1056846&date=2026-08-23'
[05:02:30] ❌ 1020755 ClientResponseError: 400, message='Can not decode content-encoding: zstandard (zstd). Please install `backports.zstd`', url='https://districtvenues1.text2029mail.workers.dev/?cinema_id=1020755&date=2026-08-23'
[05:02:31] ❌ 24880 ClientResponseError: 400, message='Can not decode content-encoding: zstandard (zstd). Please install `backports.zstd`', url='https://districtvenues1.text2029mail.workers.dev/?cinema_id=24880&date=2026-08-23'
[05:02:31] ❌ 1068242 ClientResponseError: 400, message='Can not decode content-encoding: zstandard (zstd). Please install `backports.zstd`', url='https://districtvenues1.text2029mail.workers.dev/?cinema_id=1068242&date=2026-08-23'
[05:02:31] ❌ 1021629 ClientResponseError: 400, message='Can not decode content-encoding: zstandard (zstd). Please install `backports.zstd`', url='https://districtvenues1.text2029mail.workers.dev/?cinema_id=1021629&date=2026-08-23'
[05:02:32] ❌ 15526 ClientResponseError: 400, message='Can not decode content-encoding: zstandard (zstd). Please install `backports.zstd`', url='https://districtvenues1.text2029mail.workers.dev/?cinema_id=15526&date=2026-08-23'
[05:02:32] ❌ 1025576 ClientResponseError: 400, message='Can not decode content-encoding: zstandard (zstd). Please install `backports.zstd`', url='https://districtvenues1.text2029mail.workers.dev/?cinema_id=1025576&date=2026-08-23'
[05:02:32] ❌ 1036955 ClientResponseError: 400, message='Can not decode content-encoding: zstandard (zstd). Please install `backports.zstd`', url='https://districtvenues1.text2029mail.workers.dev/?cinema_id=1036955&date=2026-08-23'
[05:02:33] ❌ 1088219 ClientResponseError: 400, message='Can not decode content-encoding: zstandard (zstd). Please install `backports.zstd`', url='https://districtvenues1.text2029mail.workers.dev/?cinema_id=1088219&date=2026-08-23'
[05:02:33] ❌ 39874 ClientResponseError: 400, message='Can not decode content-encoding: zstandard (zstd). Please install `backports.zstd`', url='https://districtvenues1.text2029mail.workers.dev/?cinema_id=39874&date=2026-08-23'
[05:02:33] ❌ 9041 ClientResponseError: 400, message='Can not decode content-encoding: zstandard (zstd). Please install `backports.zstd`', url='https://districtvenues1.text2029mail.workers.dev/?cinema_id=9041&date=2026-08-23'
[05:02:33] ❌ 9504 ClientResponseError: 400, message='Can not decode content-encoding: zstandard (zstd). Please install `backports.zstd`', url='https://districtvenues1.text2029mail.workers.dev/?cinema_id=9504&date=2026-08-23'
[05:02:34] ❌ 9100 ClientResponseError: 400, message='Can not decode content-encoding: zstandard (zstd). Please install `backports.zstd`', url='https://districtvenues1.text2029mail.workers.dev/?cinema_id=9100&date=2026-08-23'
[05:02:34] ❌ 4038 ClientResponseError: 400, message='Can not decode content-encoding: zstandard (zstd). Please install `backports.zstd`', url='https://districtvenues1.text2029mail.workers.dev/?cinema_id=4038&date=2026-08-23'
[05:02:34] ❌ 9169 ClientResponseError: 400, message='Can not decode content-encoding: zstandard (zstd). Please install `backports.zstd`', url='https://districtvenues1.text2029mail.workers.dev/?cinema_id=9169&date=2026-08-23'
[05:02:34] ❌ 10255 ClientResponseError: 400, message='Can not decode content-encoding: zstandard (zstd). Please install `backports.zstd`', url='https://districtvenues1.text2029mail.workers.dev/?cinema_id=10255&date=2026-08-23'
[05:02:35] ❌ 1054742 ClientResponseError: 400, message='Can not decode content-encoding: zstandard (zstd). Please install `backports.zstd`', url='https://districtvenues1.text2029mail.workers.dev/?cinema_id=1054742&date=2026-08-23'
[05:02:35] ❌ 24246 ClientResponseError: 400, message='Can not decode content-encoding: zstandard (zstd). Please install `backports.zstd`', url='https://districtvenues1.text2029mail.workers.dev/?cinema_id=24246&date=2026-08-23'
[05:02:35] ❌ 4890 ClientResponseError: 400, message='Can not decode content-encoding: zstandard (zstd). Please install `backports.zstd`', url='https://districtvenues1.text2029mail.workers.dev/?cinema_id=4890&date=2026-08-23'
[05:02:35] ❌ 9368 ClientResponseError: 400, message='Can not decode content-encoding: zstandard (zstd). Please install `backports.zstd`', url='https://districtvenues1.text2029mail.workers.dev/?cinema_id=9368&date=2026-08-23'
[05:02:35] ❌ 1053536 ClientResponseError: 400, message='Can not decode content-encoding: zstandard (zstd). Please install `backports.zstd`', url='https://districtvenues1.text2029mail.workers.dev/?cinema_id=1053536&date=2026-08-23'
[05:02:36] ❌ 1082851 ClientResponseError: 400, message='Can not decode content-encoding: zstandard (zstd). Please install `backports.zstd`', url='https://districtvenues1.text2029mail.workers.dev/?cinema_id=1082851&date=2026-08-23'
[05:02:36] ❌ 7504 ClientResponseError: 400, message='Can not decode content-encoding: zstandard (zstd). Please install `backports.zstd`', url='https://districtvenues1.text2029mail.workers.dev/?cinema_id=7504&date=2026-08-23'
[05:02:37] ❌ 31788 ClientResponseError: 400, message='Can not decode content-encoding: zstandard (zstd). Please install `backports.zstd`', url='https://districtvenues1.text2029mail.workers.dev/?cinema_id=31788&date=2026-08-23'
[05:02:37] ❌ 1004635 ClientResponseError: 400, message='Can not decode content-encoding: zstandard (zstd). Please install `backports.zstd`', url='https://districtvenues1.text2029mail.workers.dev/?cinema_id=1004635&date=2026-08-23'
[05:02:38] ❌ 1013355 ClientResponseError: 400, message='Can not decode content-encoding: zstandard (zstd). Please install `backports.zstd`', url='https://districtvenues1.text2029mail.workers.dev/?cinema_id=1013355&date=2026-08-23'
[05:02:38] ❌ 10270 ClientResponseError: 400, message='Can not decode content-encoding: zstandard (zstd). Please install `backports.zstd`', url='https://districtvenues1.text2029mail.workers.dev/?cinema_id=10270&date=2026-08-23'
[05:02:38] ❌ 1036114 ClientResponseError: 400, message='Can not decode content-encoding: zstandard (zstd). Please install `backports.zstd`', url='https://districtvenues1.text2029mail.workers.dev/?cinema_id=1036114&date=2026-08-23'
[05:02:38] ❌ 1012136 ClientResponseError: 400, message='Can not decode content-encoding: zstandard (zstd). Please install `backports.zstd`', url='https://districtvenues1.text2029mail.workers.dev/?cinema_id=1012136&date=2026-08-23'
[05:02:38] ❌ 1028879 ClientResponseError: 400, message='Can not decode content-encoding: zstandard (zstd). Please install `backports.zstd`', url='https://districtvenues1.text2029mail.workers.dev/?cinema_id=1028879&date=2026-08-23'
[05:02:38] ❌ 56144 ClientResponseError: 400, message='Can not decode content-encoding: zstandard (zstd). Please install `backports.zstd`', url='https://districtvenues1.text2029mail.workers.dev/?cinema_id=56144&date=2026-08-23'
[05:02:39] ❌ 1003803 ClientResponseError: 400, message='Can not decode content-encoding: zstandard (zstd). Please install `backports.zstd`', url='https://districtvenues1.text2029mail.workers.dev/?cinema_id=1003803&date=2026-08-23'
[05:02:39] ❌ 1004634 ClientResponseError: 400, message='Can not decode content-encoding: zstandard (zstd). Please install `backports.zstd`', url='https://districtvenues1.text2029mail.workers.dev/?cinema_id=1004634&date=2026-08-23'
[05:02:40] ❌ 7511 ClientResponseError: 400, message='Can not decode content-encoding: zstandard (zstd). Please install `backports.zstd`', url='https://districtvenues1.text2029mail.workers.dev/?cinema_id=7511&date=2026-08-23'
[05:02:40] ❌ 24981 ClientResponseError: 400, message='Can not decode content-encoding: zstandard (zstd). Please install `backports.zstd`', url='https://districtvenues1.text2029mail.workers.dev/?cinema_id=24981&date=2026-08-23'
[05:02:41] ❌ 4174 ClientResponseError: 400, message='Can not decode content-encoding: zstandard (zstd). Please install `backports.zstd`', url='https://districtvenues1.text2029mail.workers.dev/?cinema_id=4174&date=2026-08-23'
[05:02:41] ❌ 1011192 ClientResponseError: 400, message='Can not decode content-encoding: zstandard (zstd). Please install `backports.zstd`', url='https://districtvenues1.text2029mail.workers.dev/?cinema_id=1011192&date=2026-08-23'
[05:02:42] ❌ 1053155 ClientResponseError: 400, message='Can not decode content-encoding: zstandard (zstd). Please install `backports.zstd`', url='https://districtvenues1.text2029mail.workers.dev/?cinema_id=1053155&date=2026-08-23'
[05:02:42] ✅ Fetched 0 venues with shows
[05:02:42] ✅ DONE | Shows=0 | Movies=0
[12:26:03] 📍 Loaded 754 district venues
[12:26:03] 🚀 DISTRICT SCRAPER STARTED (self IP, rotating headers, delays)
[12:26:04] ❌ 1583 ClientResponseError: 400, message='Can not decode content-encoding: zstandard (zstd). Please install `backports.zstd`', url='https://districtven.text2029mail.workers.dev/?cinema_id=1583&date=2026-08-23'
[12:26:04] ❌ 1102183 ClientResponseError: 400, message='Can not decode content-encoding: zstandard (zstd). Please install `backports.zstd`', url='https://districtven.text2029mail.workers.dev/?cinema_id=1102183&date=2026-08-23'
[12:26:05] ❌ 61879 ClientResponseError: 400, message='Can not decode content-encoding: zstandard (zstd). Please install `backports.zstd`', url='https://districtven.text2029mail.workers.dev/?cinema_id=61879&date=2026-08-23'
[12:26:05] ❌ 1102215 ClientResponseError: 400, message='Can not decode content-encoding: zstandard (zstd). Please install `backports.zstd`', url='https://districtven.text2029mail.workers.dev/?cinema_id=1102215&date=2026-08-23'
[12:26:05] ❌ 1102103 ClientResponseError: 400, message='Can not decode content-encoding: zstandard (zstd). Please install `backports.zstd`', url='https://districtven.text2029mail.workers.dev/?cinema_id=1102103&date=2026-08-23'
[12:26:05] ❌ 1102096 ClientResponseError: 400, message='Can not decode content-encoding: zstandard (zstd). Please install `backports.zstd`', url='https://districtven.text2029mail.workers.dev/?cinema_id=1102096&date=2026-08-23'
[12:26:05] ❌ 1102175 ClientResponseError: 400, message='Can not decode content-encoding: zstandard (zstd). Please install `backports.zstd`', url='https://districtven.text2029mail.workers.dev/?cinema_id=1102175&date=2026-08-23'
[12:26:06] ❌ 1101584 ClientResponseError: 400, message='Can not decode content-encoding: zstandard (zstd). Please install `backports.zstd`', url='https://districtven.text2029mail.workers.dev/?cinema_id=1101584&date=2026-08-23'
[12:26:06] ❌ 1101483 ClientResponseError: 400, message='Can not decode content-encoding: zstandard (zstd). Please install `backports.zstd`', url='https://districtven.text2029mail.workers.dev/?cinema_id=1101483&date=2026-08-23'
[12:26:07] ❌ 1086677 ClientResponseError: 400, message='Can not decode content-encoding: zstandard (zstd). Please install `backports.zstd`', url='https://districtven.text2029mail.workers.dev/?cinema_id=1086677&date=2026-08-23'
[12:26:07] ❌ 1102100 ClientResponseError: 400, message='Can not decode content-encoding: zstandard (zstd). Please install `backports.zstd`', url='https://districtven.text2029mail.workers.dev/?cinema_id=1102100&date=2026-08-23'
[12:26:07] ❌ 1102233 ClientResponseError: 400, message='Can not decode content-encoding: zstandard (zstd). Please install `backports.zstd`', url='https://districtven.text2029mail.workers.dev/?cinema_id=1102233&date=2026-08-23'
[12:26:07] ❌ 1020401 ClientResponseError: 400, message='Can not decode content-encoding: zstandard (zstd). Please install `backports.zstd`', url='https://districtven.text2029mail.workers.dev/?cinema_id=1020401&date=2026-08-23'
[12:26:07] ❌ 1068240 ClientResponseError: 400, message='Can not decode content-encoding: zstandard (zstd). Please install `backports.zstd`', url='https://districtven.text2029mail.workers.dev/?cinema_id=1068240&date=2026-08-23'
[12:26:08] ❌ 1067161 ClientResponseError: 400, message='Can not decode content-encoding: zstandard (zstd). Please install `backports.zstd`', url='https://districtven.text2029mail.workers.dev/?cinema_id=1067161&date=2026-08-23'
[12:26:08] ❌ 1068270 ClientResponseError: 400, message='Can not decode content-encoding: zstandard (zstd). Please install `backports.zstd`', url='https://districtven.text2029mail.workers.dev/?cinema_id=1068270&date=2026-08-23'
[12:26:09] ❌ 1096456 ClientResponseError: 400, message='Can not decode content-encoding: zstandard (zstd). Please install `backports.zstd`', url='https://districtven.text2029mail.workers.dev/?cinema_id=1096456&date=2026-08-23'
[12:26:09] ❌ 1102289 ClientResponseError: 400, message='Can not decode content-encoding: zstandard (zstd). Please install `backports.zstd`', url='https://districtven.text2029mail.workers.dev/?cinema_id=1102289&date=2026-08-23'
[12:26:09] ❌ 1102311 ClientResponseError: 400, message='Can not decode content-encoding: zstandard (zstd). Please install `backports.zstd`', url='https://districtven.text2029mail.workers.dev/?cinema_id=1102311&date=2026-08-23'
[12:26:09] ❌ 1102098 ClientResponseError: 400, message='Can not decode content-encoding: zstandard (zstd). Please install `backports.zstd`', url='https://districtven.text2029mail.workers.dev/?cinema_id=1102098&date=2026-08-23'
[12:26:10] ❌ 1102119 ClientResponseError: 400, message='Can not decode content-encoding: zstandard (zstd). Please install `backports.zstd`', url='https://districtven.text2029mail.workers.dev/?cinema_id=1102119&date=2026-08-23'
[12:26:10] ❌ 1101397 ClientResponseError: 400, message='Can not decode content-encoding: zstandard (zstd). Please install `backports.zstd`', url='https://districtven.text2029mail.workers.dev/?cinema_id=1101397&date=2026-08-23'
[12:26:10] ❌ 1102076 ClientResponseError: 400, message='Can not decode content-encoding: zstandard (zstd). Please install `backports.zstd`', url='https://districtven.text2029mail.workers.dev/?cinema_id=1102076&date=2026-08-23'
[12:26:10] ❌ 20856 ClientResponseError: 400, message='Can not decode content-encoding: zstandard (zstd). Please install `backports.zstd`', url='https://districtven.text2029mail.workers.dev/?cinema_id=20856&date=2026-08-23'
[12:26:11] ❌ 1100725 ClientResponseError: 400, message='Can not decode content-encoding: zstandard (zstd). Please install `backports.zstd`', url='https://districtven.text2029mail.workers.dev/?cinema_id=1100725&date=2026-08-23'
[12:26:11] ❌ 51512 ClientResponseError: 400, message='Can not decode content-encoding: zstandard (zstd). Please install `backports.zstd`', url='https://districtven.text2029mail.workers.dev/?cinema_id=51512&date=2026-08-23'
[12:26:11] ❌ 1102097 ClientResponseError: 400, message='Can not decode content-encoding: zstandard (zstd). Please install `backports.zstd`', url='https://districtven.text2029mail.workers.dev/?cinema_id=1102097&date=2026-08-23'
[12:26:12] ❌ 1102127 ClientResponseError: 400, message='Can not decode content-encoding: zstandard (zstd). Please install `backports.zstd`', url='https://districtven.text2029mail.workers.dev/?cinema_id=1102127&date=2026-08-23'
[12:26:12] ❌ 539 ClientResponseError: 400, message='Can not decode content-encoding: zstandard (zstd). Please install `backports.zstd`', url='https://districtven.text2029mail.workers.dev/?cinema_id=539&date=2026-08-23'
[12:26:12] ❌ 1102244 ClientResponseError: 400, message='Can not decode content-encoding: zstandard (zstd). Please install `backports.zstd`', url='https://districtven.text2029mail.workers.dev/?cinema_id=1102244&date=2026-08-23'
[12:26:13] ❌ 1044502 ClientResponseError: 400, message='Can not decode content-encoding: zstandard (zstd). Please install `backports.zstd`', url='https://districtven.text2029mail.workers.dev/?cinema_id=1044502&date=2026-08-23'
[12:26:13] ❌ 9508 ClientResponseError: 400, message='Can not decode content-encoding: zstandard (zstd). Please install `backports.zstd`', url='https://districtven.text2029mail.workers.dev/?cinema_id=9508&date=2026-08-23'
[12:26:13] ❌ 1101355 ClientResponseError: 400, message='Can not decode content-encoding: zstandard (zstd). Please install `backports.zstd`', url='https://districtven.text2029mail.workers.dev/?cinema_id=1101355&date=2026-08-23'
[12:26:13] ❌ 1082714 ClientResponseError: 400, message='Can not decode content-encoding: zstandard (zstd). Please install `backports.zstd`', url='https://districtven.text2029mail.workers.dev/?cinema_id=1082714&date=2026-08-23'
[12:26:13] ❌ 4430 ClientResponseError: 400, message='Can not decode content-encoding: zstandard (zstd). Please install `backports.zstd`', url='https://districtven.text2029mail.workers.dev/?cinema_id=4430&date=2026-08-23'
[12:26:14] ❌ 1102304 ClientResponseError: 400, message='Can not decode content-encoding: zstandard (zstd). Please install `backports.zstd`', url='https://districtven.text2029mail.workers.dev/?cinema_id=1102304&date=2026-08-23'
[12:26:14] ❌ 1096482 ClientResponseError: 400, message='Can not decode content-encoding: zstandard (zstd). Please install `backports.zstd`', url='https://districtven.text2029mail.workers.dev/?cinema_id=1096482&date=2026-08-23'
[12:26:14] ❌ 1096734 ClientResponseError: 400, message='Can not decode content-encoding: zstandard (zstd). Please install `backports.zstd`', url='https://districtven.text2029mail.workers.dev/?cinema_id=1096734&date=2026-08-23'
[12:26:15] ❌ 1095290 ClientResponseError: 400, message='Can not decode content-encoding: zstandard (zstd). Please install `backports.zstd`', url='https://districtven.text2029mail.workers.dev/?cinema_id=1095290&date=2026-08-23'
[12:26:15] ❌ 1096475 ClientResponseError: 400, message='Can not decode content-encoding: zstandard (zstd). Please install `backports.zstd`', url='https://districtven.text2029mail.workers.dev/?cinema_id=1096475&date=2026-08-23'
[12:26:15] ❌ 1102094 ClientResponseError: 400, message='Can not decode content-encoding: zstandard (zstd). Please install `backports.zstd`', url='https://districtven.text2029mail.workers.dev/?cinema_id=1102094&date=2026-08-23'
[12:26:16] ❌ 1096524 ClientResponseError: 400, message='Can not decode content-encoding: zstandard (zstd). Please install `backports.zstd`', url='https://districtven.text2029mail.workers.dev/?cinema_id=1096524&date=2026-08-23'
[12:26:16] ❌ 7854 ClientResponseError: 400, message='Can not decode content-encoding: zstandard (zstd). Please install `backports.zstd`', url='https://districtven.text2029mail.workers.dev/?cinema_id=7854&date=2026-08-23'
[12:26:16] ❌ 1101450 ClientResponseError: 400, message='Can not decode content-encoding: zstandard (zstd). Please install `backports.zstd`', url='https://districtven.text2029mail.workers.dev/?cinema_id=1101450&date=2026-08-23'
[12:26:16] ❌ 1102280 ClientResponseError: 400, message='Can not decode content-encoding: zstandard (zstd). Please install `backports.zstd`', url='https://districtven.text2029mail.workers.dev/?cinema_id=1102280&date=2026-08-23'
[12:26:16] ❌ 1094756 ClientResponseError: 400, message='Can not decode content-encoding: zstandard (zstd). Please install `backports.zstd`', url='https://districtven.text2029mail.workers.dev/?cinema_id=1094756&date=2026-08-23'
[12:26:17] ❌ 1102176 ClientResponseError: 400, message='Can not decode content-encoding: zstandard (zstd). Please install `backports.zstd`', url='https://districtven.text2029mail.workers.dev/?cinema_id=1102176&date=2026-08-23'
[12:26:17] ❌ 1011906 ClientResponseError: 400, message='Can not decode content-encoding: zstandard (zstd). Please install `backports.zstd`', url='https://districtven.text2029mail.workers.dev/?cinema_id=1011906&date=2026-08-23'
[12:26:17] ❌ 1102173 ClientResponseError: 400, message='Can not decode content-encoding: zstandard (zstd). Please install `backports.zstd`', url='https://districtven.text2029mail.workers.dev/?cinema_id=1102173&date=2026-08-23'
[12:26:17] ❌ 1102186 ClientResponseError: 400, message='Can not decode content-encoding: zstandard (zstd). Please install `backports.zstd`', url='https://districtven.text2029mail.workers.dev/?cinema_id=1102186&date=2026-08-23'
[12:26:18] ❌ 9736 ClientResponseError: 400, message='Can not decode content-encoding: zstandard (zstd). Please install `backports.zstd`', url='https://districtven.text2029mail.workers.dev/?cinema_id=9736&date=2026-08-23'
[12:26:19] ❌ 1102164 ClientResponseError: 400, message='Can not decode content-encoding: zstandard (zstd). Please install `backports.zstd`', url='https://districtven.text2029mail.workers.dev/?cinema_id=1102164&date=2026-08-23'
[12:26:19] ❌ 1102272 ClientResponseError: 400, message='Can not decode content-encoding: zstandard (zstd). Please install `backports.zstd`', url='https://districtven.text2029mail.workers.dev/?cinema_id=1102272&date=2026-08-23'
[12:26:19] ❌ 1101451 ClientResponseError: 400, message='Can not decode content-encoding: zstandard (zstd). Please install `backports.zstd`', url='https://districtven.text2029mail.workers.dev/?cinema_id=1101451&date=2026-08-23'
[12:26:19] ❌ 1102182 ClientResponseError: 400, message='Can not decode content-encoding: zstandard (zstd). Please install `backports.zstd`', url='https://districtven.text2029mail.workers.dev/?cinema_id=1102182&date=2026-08-23'
[12:26:19] ❌ 1101471 ClientResponseError: 400, message='Can not decode content-encoding: zstandard (zstd). Please install `backports.zstd`', url='https://districtven.text2029mail.workers.dev/?cinema_id=1101471&date=2026-08-23'
[12:26:19] ❌ 1102095 ClientResponseError: 400, message='Can not decode content-encoding: zstandard (zstd). Please install `backports.zstd`', url='https://districtven.text2029mail.workers.dev/?cinema_id=1102095&date=2026-08-23'
[12:26:20] ❌ 1102090 ClientResponseError: 400, message='Can not decode content-encoding: zstandard (zstd). Please install `backports.zstd`', url='https://districtven.text2029mail.workers.dev/?cinema_id=1102090&date=2026-08-23'
[12:26:21] ❌ 1102270 ClientResponseError: 400, message='Can not decode content-encoding: zstandard (zstd). Please install `backports.zstd`', url='https://districtven.text2029mail.workers.dev/?cinema_id=1102270&date=2026-08-23'
[12:26:21] ❌ 1102071 ClientResponseError: 400, message='Can not decode content-encoding: zstandard (zstd). Please install `backports.zstd`', url='https://districtven.text2029mail.workers.dev/?cinema_id=1102071&date=2026-08-23'
[12:26:21] ❌ 1102248 ClientResponseError: 400, message='Can not decode content-encoding: zstandard (zstd). Please install `backports.zstd`', url='https://districtven.text2029mail.workers.dev/?cinema_id=1102248&date=2026-08-23'
[12:26:21] ❌ 1102256 ClientResponseError: 400, message='Can not decode content-encoding: zstandard (zstd). Please install `backports.zstd`', url='https://districtven.text2029mail.workers.dev/?cinema_id=1102256&date=2026-08-23'
[12:26:21] ❌ 7257 ClientResponseError: 400, message='Can not decode content-encoding: zstandard (zstd). Please install `backports.zstd`', url='https://districtven.text2029mail.workers.dev/?cinema_id=7257&date=2026-08-23'
[12:26:22] ❌ 1102242 ClientResponseError: 400, message='Can not decode content-encoding: zstandard (zstd). Please install `backports.zstd`', url='https://districtven.text2029mail.workers.dev/?cinema_id=1102242&date=2026-08-23'
[12:26:23] ❌ 1102181 ClientResponseError: 400, message='Can not decode content-encoding: zstandard (zstd). Please install `backports.zstd`', url='https://districtven.text2029mail.workers.dev/?cinema_id=1102181&date=2026-08-23'
[12:26:23] ❌ 1101521 ClientResponseError: 400, message='Can not decode content-encoding: zstandard (zstd). Please install `backports.zstd`', url='https://districtven.text2029mail.workers.dev/?cinema_id=1101521&date=2026-08-23'
[12:26:23] ❌ 1102165 ClientResponseError: 400, message='Can not decode content-encoding: zstandard (zstd). Please install `backports.zstd`', url='https://districtven.text2029mail.workers.dev/?cinema_id=1102165&date=2026-08-23'
[12:26:23] ❌ 4222 ClientResponseError: 400, message='Can not decode content-encoding: zstandard (zstd). Please install `backports.zstd`', url='https://districtven.text2029mail.workers.dev/?cinema_id=4222&date=2026-08-23'
[12:26:24] ❌ 1102073 ClientResponseError: 400, message='Can not decode content-encoding: zstandard (zstd). Please install `backports.zstd`', url='https://districtven.text2029mail.workers.dev/?cinema_id=1102073&date=2026-08-23'
[12:26:24] ❌ 1102299 ClientResponseError: 400, message='Can not decode content-encoding: zstandard (zstd). Please install `backports.zstd`', url='https://districtven.text2029mail.workers.dev/?cinema_id=1102299&date=2026-08-23'
[12:26:24] ❌ 1102082 ClientResponseError: 400, message='Can not decode content-encoding: zstandard (zstd). Please install `backports.zstd`', url='https://districtven.text2029mail.workers.dev/?cinema_id=1102082&date=2026-08-23'
[12:26:24] ❌ 1102084 ClientResponseError: 400, message='Can not decode content-encoding: zstandard (zstd). Please install `backports.zstd`', url='https://districtven.text2029mail.workers.dev/?cinema_id=1102084&date=2026-08-23'
[12:26:24] ❌ 1102277 ClientResponseError: 400, message='Can not decode content-encoding: zstandard (zstd). Please install `backports.zstd`', url='https://districtven.text2029mail.workers.dev/?cinema_id=1102277&date=2026-08-23'
[12:26:25] ❌ 1101568 ClientResponseError: 400, message='Can not decode content-encoding: zstandard (zstd). Please install `backports.zstd`', url='https://districtven.text2029mail.workers.dev/?cinema_id=1101568&date=2026-08-23'
[12:26:26] ❌ 1038431 ClientResponseError: 400, message='Can not decode content-encoding: zstandard (zstd). Please install `backports.zstd`', url='https://districtven.text2029mail.workers.dev/?cinema_id=1038431&date=2026-08-23'
[12:26:26] ❌ 1102253 ClientResponseError: 400, message='Can not decode content-encoding: zstandard (zstd). Please install `backports.zstd`', url='https://districtven.text2029mail.workers.dev/?cinema_id=1102253&date=2026-08-23'
[12:26:26] ❌ 1102265 ClientResponseError: 400, message='Can not decode content-encoding: zstandard (zstd). Please install `backports.zstd`', url='https://districtven.text2029mail.workers.dev/?cinema_id=1102265&date=2026-08-23'
[12:26:26] ❌ 1102269 ClientResponseError: 400, message='Can not decode content-encoding: zstandard (zstd). Please install `backports.zstd`', url='https://districtven.text2029mail.workers.dev/?cinema_id=1102269&date=2026-08-23'
[12:26:26] ❌ 1102047 ClientResponseError: 400, message='Can not decode content-encoding: zstandard (zstd). Please install `backports.zstd`', url='https://districtven.text2029mail.workers.dev/?cinema_id=1102047&date=2026-08-23'
[12:26:26] ❌ 1102174 ClientResponseError: 400, message='Can not decode content-encoding: zstandard (zstd). Please install `backports.zstd`', url='https://districtven.text2029mail.workers.dev/?cinema_id=1102174&date=2026-08-23'
[12:26:27] ❌ 1102166 ClientResponseError: 400, message='Can not decode content-encoding: zstandard (zstd). Please install `backports.zstd`', url='https://districtven.text2029mail.workers.dev/?cinema_id=1102166&date=2026-08-23'
[12:26:27] ❌ 1102273 ClientResponseError: 400, message='Can not decode content-encoding: zstandard (zstd). Please install `backports.zstd`', url='https://districtven.text2029mail.workers.dev/?cinema_id=1102273&date=2026-08-23'
[12:26:28] ❌ 1101590 ClientResponseError: 400, message='Can not decode content-encoding: zstandard (zstd). Please install `backports.zstd`', url='https://districtven.text2029mail.workers.dev/?cinema_id=1101590&date=2026-08-23'
[12:26:28] ❌ 1102080 ClientResponseError: 400, message='Can not decode content-encoding: zstandard (zstd). Please install `backports.zstd`', url='https://districtven.text2029mail.workers.dev/?cinema_id=1102080&date=2026-08-23'
[12:26:28] ❌ 1102184 ClientResponseError: 400, message='Can not decode content-encoding: zstandard (zstd). Please install `backports.zstd`', url='https://districtven.text2029mail.workers.dev/?cinema_id=1102184&date=2026-08-23'
[12:26:29] ❌ 28486 ClientResponseError: 400, message='Can not decode content-encoding: zstandard (zstd). Please install `backports.zstd`', url='https://districtven.text2029mail.workers.dev/?cinema_id=28486&date=2026-08-23'
[12:26:29] ❌ 1102241 ClientResponseError: 400, message='Can not decode content-encoding: zstandard (zstd). Please install `backports.zstd`', url='https://districtven.text2029mail.workers.dev/?cinema_id=1102241&date=2026-08-23'
[12:26:29] ❌ 1041690 ClientResponseError: 400, message='Can not decode content-encoding: zstandard (zstd). Please install `backports.zstd`', url='https://districtven.text2029mail.workers.dev/?cinema_id=1041690&date=2026-08-23'
[12:26:29] ❌ 1056145 ClientResponseError: 400, message='Can not decode content-encoding: zstandard (zstd). Please install `backports.zstd`', url='https://districtven.text2029mail.workers.dev/?cinema_id=1056145&date=2026-08-23'
[12:26:29] ❌ 1102213 ClientResponseError: 400, message='Can not decode content-encoding: zstandard (zstd). Please install `backports.zstd`', url='https://districtven.text2029mail.workers.dev/?cinema_id=1102213&date=2026-08-23'
[12:26:29] ❌ 1102291 ClientResponseError: 400, message='Can not decode content-encoding: zstandard (zstd). Please install `backports.zstd`', url='https://districtven.text2029mail.workers.dev/?cinema_id=1102291&date=2026-08-23'
[12:26:30] ❌ 1102247 ClientResponseError: 400, message='Can not decode content-encoding: zstandard (zstd). Please install `backports.zstd`', url='https://districtven.text2029mail.workers.dev/?cinema_id=1102247&date=2026-08-23'
[12:26:31] ❌ 1102129 ClientResponseError: 400, message='Can not decode content-encoding: zstandard (zstd). Please install `backports.zstd`', url='https://districtven.text2029mail.workers.dev/?cinema_id=1102129&date=2026-08-23'
[12:26:31] ❌ 1102055 ClientResponseError: 400, message='Can not decode content-encoding: zstandard (zstd). Please install `backports.zstd`', url='https://districtven.text2029mail.workers.dev/?cinema_id=1102055&date=2026-08-23'
[12:26:31] ❌ 1031589 ClientResponseError: 400, message='Can not decode content-encoding: zstandard (zstd). Please install `backports.zstd`', url='https://districtven.text2029mail.workers.dev/?cinema_id=1031589&date=2026-08-23'
[12:26:31] ❌ 1102261 ClientResponseError: 400, message='Can not decode content-encoding: zstandard (zstd). Please install `backports.zstd`', url='https://districtven.text2029mail.workers.dev/?cinema_id=1102261&date=2026-08-23'
[12:26:31] ❌ 1102285 ClientResponseError: 400, message='Can not decode content-encoding: zstandard (zstd). Please install `backports.zstd`', url='https://districtven.text2029mail.workers.dev/?cinema_id=1102285&date=2026-08-23'
[12:26:32] ❌ 1031364 ClientResponseError: 400, message='Can not decode content-encoding: zstandard (zstd). Please install `backports.zstd`', url='https://districtven.text2029mail.workers.dev/?cinema_id=1031364&date=2026-08-23'
[12:26:32] ❌ 1102132 ClientResponseError: 400, message='Can not decode content-encoding: zstandard (zstd). Please install `backports.zstd`', url='https://districtven.text2029mail.workers.dev/?cinema_id=1102132&date=2026-08-23'
[12:26:32] ❌ 1691 ClientResponseError: 400, message='Can not decode content-encoding: zstandard (zstd). Please install `backports.zstd`', url='https://districtven.text2029mail.workers.dev/?cinema_id=1691&date=2026-08-23'
[12:26:33] ❌ 1101423 ClientResponseError: 400, message='Can not decode content-encoding: zstandard (zstd). Please install `backports.zstd`', url='https://districtven.text2029mail.workers.dev/?cinema_id=1101423&date=2026-08-23'
[12:26:33] ❌ 1060495 ClientResponseError: 400, message='Can not decode content-encoding: zstandard (zstd). Please install `backports.zstd`', url='https://districtven.text2029mail.workers.dev/?cinema_id=1060495&date=2026-08-23'
[12:26:33] ❌ 1101387 ClientResponseError: 400, message='Can not decode content-encoding: zstandard (zstd). Please install `backports.zstd`', url='https://districtven.text2029mail.workers.dev/?cinema_id=1101387&date=2026-08-23'
[12:26:34] ❌ 1101388 ClientResponseError: 400, message='Can not decode content-encoding: zstandard (zstd). Please install `backports.zstd`', url='https://districtven.text2029mail.workers.dev/?cinema_id=1101388&date=2026-08-23'
[12:26:34] ❌ 1102123 ClientResponseError: 400, message='Can not decode content-encoding: zstandard (zstd). Please install `backports.zstd`', url='https://districtven.text2029mail.workers.dev/?cinema_id=1102123&date=2026-08-23'
[12:26:35] ❌ 1102068 ClientResponseError: 400, message='Can not decode content-encoding: zstandard (zstd). Please install `backports.zstd`', url='https://districtven.text2029mail.workers.dev/?cinema_id=1102068&date=2026-08-23'
[12:26:35] ❌ 1102106 ClientResponseError: 400, message='Can not decode content-encoding: zstandard (zstd). Please install `backports.zstd`', url='https://districtven.text2029mail.workers.dev/?cinema_id=1102106&date=2026-08-23'
[12:26:35] ❌ 1042102 ClientResponseError: 400, message='Can not decode content-encoding: zstandard (zstd). Please install `backports.zstd`', url='https://districtven.text2029mail.workers.dev/?cinema_id=1042102&date=2026-08-23'
[12:26:35] ❌ 1101368 ClientResponseError: 400, message='Can not decode content-encoding: zstandard (zstd). Please install `backports.zstd`', url='https://districtven.text2029mail.workers.dev/?cinema_id=1101368&date=2026-08-23'
[12:26:35] ❌ 1102137 ClientResponseError: 400, message='Can not decode content-encoding: zstandard (zstd). Please install `backports.zstd`', url='https://districtven.text2029mail.workers.dev/?cinema_id=1102137&date=2026-08-23'
[12:26:35] ❌ 1039880 ClientResponseError: 400, message='Can not decode content-encoding: zstandard (zstd). Please install `backports.zstd`', url='https://districtven.text2029mail.workers.dev/?cinema_id=1039880&date=2026-08-23'
[12:26:36] ❌ 1078022 ClientResponseError: 400, message='Can not decode content-encoding: zstandard (zstd). Please install `backports.zstd`', url='https://districtven.text2029mail.workers.dev/?cinema_id=1078022&date=2026-08-23'
[12:26:36] ❌ 1102125 ClientResponseError: 400, message='Can not decode content-encoding: zstandard (zstd). Please install `backports.zstd`', url='https://districtven.text2029mail.workers.dev/?cinema_id=1102125&date=2026-08-23'
[12:26:36] ❌ 1053154 ClientResponseError: 400, message='Can not decode content-encoding: zstandard (zstd). Please install `backports.zstd`', url='https://districtven.text2029mail.workers.dev/?cinema_id=1053154&date=2026-08-23'
[12:26:37] ❌ 1102120 ClientResponseError: 400, message='Can not decode content-encoding: zstandard (zstd). Please install `backports.zstd`', url='https://districtven.text2029mail.workers.dev/?cinema_id=1102120&date=2026-08-23'
[12:26:37] ❌ 1102168 ClientResponseError: 400, message='Can not decode content-encoding: zstandard (zstd). Please install `backports.zstd`', url='https://districtven.text2029mail.workers.dev/?cinema_id=1102168&date=2026-08-23'
[12:26:37] ❌ 4132 ClientResponseError: 400, message='Can not decode content-encoding: zstandard (zstd). Please install `backports.zstd`', url='https://districtven.text2029mail.workers.dev/?cinema_id=4132&date=2026-08-23'
[12:26:38] ❌ 1101217 ClientResponseError: 400, message='Can not decode content-encoding: zstandard (zstd). Please install `backports.zstd`', url='https://districtven.text2029mail.workers.dev/?cinema_id=1101217&date=2026-08-23'
[12:26:38] ❌ 1078001 ClientResponseError: 400, message='Can not decode content-encoding: zstandard (zstd). Please install `backports.zstd`', url='https://districtven.text2029mail.workers.dev/?cinema_id=1078001&date=2026-08-23'
[12:26:38] ❌ 1102284 ClientResponseError: 400, message='Can not decode content-encoding: zstandard (zstd). Please install `backports.zstd`', url='https://districtven.text2029mail.workers.dev/?cinema_id=1102284&date=2026-08-23'
[12:26:38] ❌ 1102147 ClientResponseError: 400, message='Can not decode content-encoding: zstandard (zstd). Please install `backports.zstd`', url='https://districtven.text2029mail.workers.dev/?cinema_id=1102147&date=2026-08-23'
[12:26:39] ❌ 1080585 ClientResponseError: 400, message='Can not decode content-encoding: zstandard (zstd). Please install `backports.zstd`', url='https://districtven.text2029mail.workers.dev/?cinema_id=1080585&date=2026-08-23'
[12:26:39] ❌ 1102067 ClientResponseError: 400, message='Can not decode content-encoding: zstandard (zstd). Please install `backports.zstd`', url='https://districtven.text2029mail.workers.dev/?cinema_id=1102067&date=2026-08-23'
[12:26:39] ❌ 1100831 ClientResponseError: 400, message='Can not decode content-encoding: zstandard (zstd). Please install `backports.zstd`', url='https://districtven.text2029mail.workers.dev/?cinema_id=1100831&date=2026-08-23'
[12:26:40] ❌ 1102258 ClientResponseError: 400, message='Can not decode content-encoding: zstandard (zstd). Please install `backports.zstd`', url='https://districtven.text2029mail.workers.dev/?cinema_id=1102258&date=2026-08-23'
[12:26:40] ❌ 1102134 ClientResponseError: 400, message='Can not decode content-encoding: zstandard (zstd). Please install `backports.zstd`', url='https://districtven.text2029mail.workers.dev/?cinema_id=1102134&date=2026-08-23'
[12:26:40] ❌ 1101219 ClientResponseError: 400, message='Can not decode content-encoding: zstandard (zstd). Please install `backports.zstd`', url='https://districtven.text2029mail.workers.dev/?cinema_id=1101219&date=2026-08-23'
[12:26:40] ❌ 1037501 ClientResponseError: 400, message='Can not decode content-encoding: zstandard (zstd). Please install `backports.zstd`', url='https://districtven.text2029mail.workers.dev/?cinema_id=1037501&date=2026-08-23'
[12:26:40] ❌ 1102276 ClientResponseError: 400, message='Can not decode content-encoding: zstandard (zstd). Please install `backports.zstd`', url='https://districtven.text2029mail.workers.dev/?cinema_id=1102276&date=2026-08-23'
[12:26:41] ❌ 1101452 ClientResponseError: 400, message='Can not decode content-encoding: zstandard (zstd). Please install `backports.zstd`', url='https://districtven.text2029mail.workers.dev/?cinema_id=1101452&date=2026-08-23'
[12:26:41] ❌ 1102069 ClientResponseError: 400, message='Can not decode content-encoding: zstandard (zstd). Please install `backports.zstd`', url='https://districtven.text2029mail.workers.dev/?cinema_id=1102069&date=2026-08-23'
[12:26:41] ❌ 1041689 ClientResponseError: 400, message='Can not decode content-encoding: zstandard (zstd). Please install `backports.zstd`', url='https://districtven.text2029mail.workers.dev/?cinema_id=1041689&date=2026-08-23'
[12:26:41] ❌ 5172 ClientResponseError: 400, message='Can not decode content-encoding: zstandard (zstd). Please install `backports.zstd`', url='https://districtven.text2029mail.workers.dev/?cinema_id=5172&date=2026-08-23'
[12:26:42] ❌ 1102236 ClientResponseError: 400, message='Can not decode content-encoding: zstandard (zstd). Please install `backports.zstd`', url='https://districtven.text2029mail.workers.dev/?cinema_id=1102236&date=2026-08-23'
[12:26:42] ❌ 1102124 ClientResponseError: 400, message='Can not decode content-encoding: zstandard (zstd). Please install `backports.zstd`', url='https://districtven.text2029mail.workers.dev/?cinema_id=1102124&date=2026-08-23'
[12:26:42] ❌ 20834 ClientResponseError: 400, message='Can not decode content-encoding: zstandard (zstd). Please install `backports.zstd`', url='https://districtven.text2029mail.workers.dev/?cinema_id=20834&date=2026-08-23'
[12:26:42] ❌ 4911 ClientResponseError: 400, message='Can not decode content-encoding: zstandard (zstd). Please install `backports.zstd`', url='https://districtven.text2029mail.workers.dev/?cinema_id=4911&date=2026-08-23'
[12:26:43] ❌ 43628 ClientResponseError: 400, message='Can not decode content-encoding: zstandard (zstd). Please install `backports.zstd`', url='https://districtven.text2029mail.workers.dev/?cinema_id=43628&date=2026-08-23'
[12:26:44] ❌ 1094757 ClientResponseError: 400, message='Can not decode content-encoding: zstandard (zstd). Please install `backports.zstd`', url='https://districtven.text2029mail.workers.dev/?cinema_id=1094757&date=2026-08-23'
[12:26:44] ❌ 1102281 ClientResponseError: 400, message='Can not decode content-encoding: zstandard (zstd). Please install `backports.zstd`', url='https://districtven.text2029mail.workers.dev/?cinema_id=1102281&date=2026-08-23'
[12:26:44] ❌ 5100 ClientResponseError: 400, message='Can not decode content-encoding: zstandard (zstd). Please install `backports.zstd`', url='https://districtven.text2029mail.workers.dev/?cinema_id=5100&date=2026-08-23'
[12:26:44] ❌ 1102078 ClientResponseError: 400, message='Can not decode content-encoding: zstandard (zstd). Please install `backports.zstd`', url='https://districtven.text2029mail.workers.dev/?cinema_id=1102078&date=2026-08-23'
[12:26:45] ❌ 1102275 ClientResponseError: 400, message='Can not decode content-encoding: zstandard (zstd). Please install `backports.zstd`', url='https://districtven.text2029mail.workers.dev/?cinema_id=1102275&date=2026-08-23'
[12:26:45] ❌ 1102104 ClientResponseError: 400, message='Can not decode content-encoding: zstandard (zstd). Please install `backports.zstd`', url='https://districtven.text2029mail.workers.dev/?cinema_id=1102104&date=2026-08-23'
[12:26:45] ❌ 1011900 ClientResponseError: 400, message='Can not decode content-encoding: zstandard (zstd). Please install `backports.zstd`', url='https://districtven.text2029mail.workers.dev/?cinema_id=1011900&date=2026-08-23'
[12:26:45] ❌ 14699 ClientResponseError: 400, message='Can not decode content-encoding: zstandard (zstd). Please install `backports.zstd`', url='https://districtven.text2029mail.workers.dev/?cinema_id=14699&date=2026-08-23'
[12:26:45] ❌ 27047 ClientResponseError: 400, message='Can not decode content-encoding: zstandard (zstd). Please install `backports.zstd`', url='https://districtven.text2029mail.workers.dev/?cinema_id=27047&date=2026-08-23'
[12:26:46] ❌ 1020826 ClientResponseError: 400, message='Can not decode content-encoding: zstandard (zstd). Please install `backports.zstd`', url='https://districtven.text2029mail.workers.dev/?cinema_id=1020826&date=2026-08-23'
[12:26:46] ❌ 1102294 ClientResponseError: 400, message='Can not decode content-encoding: zstandard (zstd). Please install `backports.zstd`', url='https://districtven.text2029mail.workers.dev/?cinema_id=1102294&date=2026-08-23'
[12:26:46] ❌ 1095009 ClientResponseError: 400, message='Can not decode content-encoding: zstandard (zstd). Please install `backports.zstd`', url='https://districtven.text2029mail.workers.dev/?cinema_id=1095009&date=2026-08-23'
[12:26:47] ❌ 14697 ClientResponseError: 400, message='Can not decode content-encoding: zstandard (zstd). Please install `backports.zstd`', url='https://districtven.text2029mail.workers.dev/?cinema_id=14697&date=2026-08-23'
[12:26:47] ❌ 1052124 ClientResponseError: 400, message='Can not decode content-encoding: zstandard (zstd). Please install `backports.zstd`', url='https://districtven.text2029mail.workers.dev/?cinema_id=1052124&date=2026-08-23'
[12:26:48] ❌ 1014604 ClientResponseError: 400, message='Can not decode content-encoding: zstandard (zstd). Please install `backports.zstd`', url='https://districtven.text2029mail.workers.dev/?cinema_id=1014604&date=2026-08-23'
[12:26:48] ❌ 4175 ClientResponseError: 400, message='Can not decode content-encoding: zstandard (zstd). Please install `backports.zstd`', url='https://districtven.text2029mail.workers.dev/?cinema_id=4175&date=2026-08-23'
[12:26:48] ❌ 1102135 ClientResponseError: 400, message='Can not decode content-encoding: zstandard (zstd). Please install `backports.zstd`', url='https://districtven.text2029mail.workers.dev/?cinema_id=1102135&date=2026-08-23'
[12:26:48] ❌ 1092638 ClientResponseError: 400, message='Can not decode content-encoding: zstandard (zstd). Please install `backports.zstd`', url='https://districtven.text2029mail.workers.dev/?cinema_id=1092638&date=2026-08-23'
[12:26:49] ❌ 1101222 ClientResponseError: 400, message='Can not decode content-encoding: zstandard (zstd). Please install `backports.zstd`', url='https://districtven.text2029mail.workers.dev/?cinema_id=1101222&date=2026-08-23'
[12:26:49] ❌ 1054725 ClientResponseError: 400, message='Can not decode content-encoding: zstandard (zstd). Please install `backports.zstd`', url='https://districtven.text2029mail.workers.dev/?cinema_id=1054725&date=2026-08-23'
[12:26:49] ❌ 1027478 ClientResponseError: 400, message='Can not decode content-encoding: zstandard (zstd). Please install `backports.zstd`', url='https://districtven.text2029mail.workers.dev/?cinema_id=1027478&date=2026-08-23'
[12:26:49] ❌ 1092639 ClientResponseError: 400, message='Can not decode content-encoding: zstandard (zstd). Please install `backports.zstd`', url='https://districtven.text2029mail.workers.dev/?cinema_id=1092639&date=2026-08-23'
[12:26:50] ❌ 1094680 ClientResponseError: 400, message='Can not decode content-encoding: zstandard (zstd). Please install `backports.zstd`', url='https://districtven.text2029mail.workers.dev/?cinema_id=1094680&date=2026-08-23'
[12:26:50] ❌ 1102228 ClientResponseError: 400, message='Can not decode content-encoding: zstandard (zstd). Please install `backports.zstd`', url='https://districtven.text2029mail.workers.dev/?cinema_id=1102228&date=2026-08-23'
[12:26:51] ❌ 1088548 ClientResponseError: 400, message='Can not decode content-encoding: zstandard (zstd). Please install `backports.zstd`', url='https://districtven.text2029mail.workers.dev/?cinema_id=1088548&date=2026-08-23'
[12:26:51] ❌ 1054741 ClientResponseError: 400, message='Can not decode content-encoding: zstandard (zstd). Please install `backports.zstd`', url='https://districtven.text2029mail.workers.dev/?cinema_id=1054741&date=2026-08-23'
[12:26:51] ❌ 27908 ClientResponseError: 400, message='Can not decode content-encoding: zstandard (zstd). Please install `backports.zstd`', url='https://districtven.text2029mail.workers.dev/?cinema_id=27908&date=2026-08-23'
[12:26:52] ❌ 1101523 ClientResponseError: 400, message='Can not decode content-encoding: zstandard (zstd). Please install `backports.zstd`', url='https://districtven.text2029mail.workers.dev/?cinema_id=1101523&date=2026-08-23'
[12:26:52] ❌ 1039949 ClientResponseError: 400, message='Can not decode content-encoding: zstandard (zstd). Please install `backports.zstd`', url='https://districtven.text2029mail.workers.dev/?cinema_id=1039949&date=2026-08-23'
[12:26:52] ❌ 1088547 ClientResponseError: 400, message='Can not decode content-encoding: zstandard (zstd). Please install `backports.zstd`', url='https://districtven.text2029mail.workers.dev/?cinema_id=1088547&date=2026-08-23'
[12:26:52] ❌ 1102239 ClientResponseError: 400, message='Can not decode content-encoding: zstandard (zstd). Please install `backports.zstd`', url='https://districtven.text2029mail.workers.dev/?cinema_id=1102239&date=2026-08-23'
[12:26:52] ❌ 13772 ClientResponseError: 400, message='Can not decode content-encoding: zstandard (zstd). Please install `backports.zstd`', url='https://districtven.text2029mail.workers.dev/?cinema_id=13772&date=2026-08-23'
[12:26:53] ❌ 1102075 ClientResponseError: 400, message='Can not decode content-encoding: zstandard (zstd). Please install `backports.zstd`', url='https://districtven.text2029mail.workers.dev/?cinema_id=1102075&date=2026-08-23'
[12:26:53] ❌ 1102099 ClientResponseError: 400, message='Can not decode content-encoding: zstandard (zstd). Please install `backports.zstd`', url='https://districtven.text2029mail.workers.dev/?cinema_id=1102099&date=2026-08-23'
[12:26:53] ❌ 1101449 ClientResponseError: 400, message='Can not decode content-encoding: zstandard (zstd). Please install `backports.zstd`', url='https://districtven.text2029mail.workers.dev/?cinema_id=1101449&date=2026-08-23'
[12:26:53] ❌ 1102227 ClientResponseError: 400, message='Can not decode content-encoding: zstandard (zstd). Please install `backports.zstd`', url='https://districtven.text2029mail.workers.dev/?cinema_id=1102227&date=2026-08-23'
[12:26:53] ❌ 11272 ClientResponseError: 400, message='Can not decode content-encoding: zstandard (zstd). Please install `backports.zstd`', url='https://districtven.text2029mail.workers.dev/?cinema_id=11272&date=2026-08-23'
[12:26:54] ❌ 1102108 ClientResponseError: 400, message='Can not decode content-encoding: zstandard (zstd). Please install `backports.zstd`', url='https://districtven.text2029mail.workers.dev/?cinema_id=1102108&date=2026-08-23'
[12:26:54] ❌ 16605 ClientResponseError: 400, message='Can not decode content-encoding: zstandard (zstd). Please install `backports.zstd`', url='https://districtven.text2029mail.workers.dev/?cinema_id=16605&date=2026-08-23'
[12:26:54] ❌ 1031592 ClientResponseError: 400, message='Can not decode content-encoding: zstandard (zstd). Please install `backports.zstd`', url='https://districtven.text2029mail.workers.dev/?cinema_id=1031592&date=2026-08-23'
[12:26:55] ❌ 4918 ClientResponseError: 400, message='Can not decode content-encoding: zstandard (zstd). Please install `backports.zstd`', url='https://districtven.text2029mail.workers.dev/?cinema_id=4918&date=2026-08-23'
[12:26:55] ❌ 1060262 ClientResponseError: 400, message='Can not decode content-encoding: zstandard (zstd). Please install `backports.zstd`', url='https://districtven.text2029mail.workers.dev/?cinema_id=1060262&date=2026-08-23'
[12:26:55] ❌ 1102107 ClientResponseError: 400, message='Can not decode content-encoding: zstandard (zstd). Please install `backports.zstd`', url='https://districtven.text2029mail.workers.dev/?cinema_id=1102107&date=2026-08-23'
[12:26:55] ❌ 7686 ClientResponseError: 400, message='Can not decode content-encoding: zstandard (zstd). Please install `backports.zstd`', url='https://districtven.text2029mail.workers.dev/?cinema_id=7686&date=2026-08-23'
[12:26:56] ❌ 1102121 ClientResponseError: 400, message='Can not decode content-encoding: zstandard (zstd). Please install `backports.zstd`', url='https://districtven.text2029mail.workers.dev/?cinema_id=1102121&date=2026-08-23'
[12:26:56] ❌ 1102126 ClientResponseError: 400, message='Can not decode content-encoding: zstandard (zstd). Please install `backports.zstd`', url='https://districtven.text2029mail.workers.dev/?cinema_id=1102126&date=2026-08-23'
[12:26:56] ❌ 1042632 ClientResponseError: 400, message='Can not decode content-encoding: zstandard (zstd). Please install `backports.zstd`', url='https://districtven.text2029mail.workers.dev/?cinema_id=1042632&date=2026-08-23'
[12:26:57] ❌ 1037507 ClientResponseError: 400, message='Can not decode content-encoding: zstandard (zstd). Please install `backports.zstd`', url='https://districtven.text2029mail.workers.dev/?cinema_id=1037507&date=2026-08-23'
[12:26:57] ❌ 29761 ClientResponseError: 400, message='Can not decode content-encoding: zstandard (zstd). Please install `backports.zstd`', url='https://districtven.text2029mail.workers.dev/?cinema_id=29761&date=2026-08-23'
[12:26:58] ❌ 1101384 ClientResponseError: 400, message='Can not decode content-encoding: zstandard (zstd). Please install `backports.zstd`', url='https://districtven.text2029mail.workers.dev/?cinema_id=1101384&date=2026-08-23'
[12:26:58] ❌ 1102133 ClientResponseError: 400, message='Can not decode content-encoding: zstandard (zstd). Please install `backports.zstd`', url='https://districtven.text2029mail.workers.dev/?cinema_id=1102133&date=2026-08-23'
[12:26:58] ❌ 6081 ClientResponseError: 400, message='Can not decode content-encoding: zstandard (zstd). Please install `backports.zstd`', url='https://districtven.text2029mail.workers.dev/?cinema_id=6081&date=2026-08-23'
[12:26:58] ❌ 1102122 ClientResponseError: 400, message='Can not decode content-encoding: zstandard (zstd). Please install `backports.zstd`', url='https://districtven.text2029mail.workers.dev/?cinema_id=1102122&date=2026-08-23'
[12:26:58] ❌ 4184 ClientResponseError: 400, message='Can not decode content-encoding: zstandard (zstd). Please install `backports.zstd`', url='https://districtven.text2029mail.workers.dev/?cinema_id=4184&date=2026-08-23'
[12:26:59] ❌ 1078025 ClientResponseError: 400, message='Can not decode content-encoding: zstandard (zstd). Please install `backports.zstd`', url='https://districtven.text2029mail.workers.dev/?cinema_id=1078025&date=2026-08-23'
[12:26:59] ❌ 1102116 ClientResponseError: 400, message='Can not decode content-encoding: zstandard (zstd). Please install `backports.zstd`', url='https://districtven.text2029mail.workers.dev/?cinema_id=1102116&date=2026-08-23'
[12:26:59] ❌ 3943 ClientResponseError: 400, message='Can not decode content-encoding: zstandard (zstd). Please install `backports.zstd`', url='https://districtven.text2029mail.workers.dev/?cinema_id=3943&date=2026-08-23'
[12:26:59] ❌ 1042465 ClientResponseError: 400, message='Can not decode content-encoding: zstandard (zstd). Please install `backports.zstd`', url='https://districtven.text2029mail.workers.dev/?cinema_id=1042465&date=2026-08-23'
[12:27:00] ❌ 1049243 ClientResponseError: 400, message='Can not decode content-encoding: zstandard (zstd). Please install `backports.zstd`', url='https://districtven.text2029mail.workers.dev/?cinema_id=1049243&date=2026-08-23'
[12:27:00] ❌ 1044503 ClientResponseError: 400, message='Can not decode content-encoding: zstandard (zstd). Please install `backports.zstd`', url='https://districtven.text2029mail.workers.dev/?cinema_id=1044503&date=2026-08-23'
[12:27:00] ❌ 11264 ClientResponseError: 400, message='Can not decode content-encoding: zstandard (zstd). Please install `backports.zstd`', url='https://districtven.text2029mail.workers.dev/?cinema_id=11264&date=2026-08-23'
[12:27:01] ❌ 1037033 ClientResponseError: 400, message='Can not decode content-encoding: zstandard (zstd). Please install `backports.zstd`', url='https://districtven.text2029mail.workers.dev/?cinema_id=1037033&date=2026-08-23'
[12:27:01] ❌ 1051040 ClientResponseError: 400, message='Can not decode content-encoding: zstandard (zstd). Please install `backports.zstd`', url='https://districtven.text2029mail.workers.dev/?cinema_id=1051040&date=2026-08-23'
[12:27:01] ❌ 29998 ClientResponseError: 400, message='Can not decode content-encoding: zstandard (zstd). Please install `backports.zstd`', url='https://districtven.text2029mail.workers.dev/?cinema_id=29998&date=2026-08-23'
[12:27:01] ❌ 1037496 ClientResponseError: 400, message='Can not decode content-encoding: zstandard (zstd). Please install `backports.zstd`', url='https://districtven.text2029mail.workers.dev/?cinema_id=1037496&date=2026-08-23'
[12:27:01] ❌ 1041688 ClientResponseError: 400, message='Can not decode content-encoding: zstandard (zstd). Please install `backports.zstd`', url='https://districtven.text2029mail.workers.dev/?cinema_id=1041688&date=2026-08-23'
[12:27:02] ❌ 1040891 ClientResponseError: 400, message='Can not decode content-encoding: zstandard (zstd). Please install `backports.zstd`', url='https://districtven.text2029mail.workers.dev/?cinema_id=1040891&date=2026-08-23'
[12:27:02] ❌ 1074151 ClientResponseError: 400, message='Can not decode content-encoding: zstandard (zstd). Please install `backports.zstd`', url='https://districtven.text2029mail.workers.dev/?cinema_id=1074151&date=2026-08-23'
[12:27:02] ❌ 1065383 ClientResponseError: 400, message='Can not decode content-encoding: zstandard (zstd). Please install `backports.zstd`', url='https://districtven.text2029mail.workers.dev/?cinema_id=1065383&date=2026-08-23'
[12:27:03] ❌ 1008705 ClientResponseError: 400, message='Can not decode content-encoding: zstandard (zstd). Please install `backports.zstd`', url='https://districtven.text2029mail.workers.dev/?cinema_id=1008705&date=2026-08-23'
[12:27:03] ❌ 50915 ClientResponseError: 400, message='Can not decode content-encoding: zstandard (zstd). Please install `backports.zstd`', url='https://districtven.text2029mail.workers.dev/?cinema_id=50915&date=2026-08-23'
[12:27:03] ❌ 1039878 ClientResponseError: 400, message='Can not decode content-encoding: zstandard (zstd). Please install `backports.zstd`', url='https://districtven.text2029mail.workers.dev/?cinema_id=1039878&date=2026-08-23'
[12:27:03] ❌ 1093265 ClientResponseError: 400, message='Can not decode content-encoding: zstandard (zstd). Please install `backports.zstd`', url='https://districtven.text2029mail.workers.dev/?cinema_id=1093265&date=2026-08-23'
[12:27:04] ❌ 1030389 ClientResponseError: 400, message='Can not decode content-encoding: zstandard (zstd). Please install `backports.zstd`', url='https://districtven.text2029mail.workers.dev/?cinema_id=1030389&date=2026-08-23'
[12:27:04] ❌ 7714 ClientResponseError: 400, message='Can not decode content-encoding: zstandard (zstd). Please install `backports.zstd`', url='https://districtven.text2029mail.workers.dev/?cinema_id=7714&date=2026-08-23'
[12:27:04] ❌ 1037228 ClientResponseError: 400, message='Can not decode content-encoding: zstandard (zstd). Please install `backports.zstd`', url='https://districtven.text2029mail.workers.dev/?cinema_id=1037228&date=2026-08-23'
[12:27:05] ❌ 1076602 ClientResponseError: 400, message='Can not decode content-encoding: zstandard (zstd). Please install `backports.zstd`', url='https://districtven.text2029mail.workers.dev/?cinema_id=1076602&date=2026-08-23'
[12:27:05] ❌ 1024804 ClientResponseError: 400, message='Can not decode content-encoding: zstandard (zstd). Please install `backports.zstd`', url='https://districtven.text2029mail.workers.dev/?cinema_id=1024804&date=2026-08-23'
[12:27:06] ❌ 1094334 ClientResponseError: 400, message='Can not decode content-encoding: zstandard (zstd). Please install `backports.zstd`', url='https://districtven.text2029mail.workers.dev/?cinema_id=1094334&date=2026-08-23'
[12:27:06] ❌ 1039847 ClientResponseError: 400, message='Can not decode content-encoding: zstandard (zstd). Please install `backports.zstd`', url='https://districtven.text2029mail.workers.dev/?cinema_id=1039847&date=2026-08-23'
[12:27:06] ❌ 1031638 ClientResponseError: 400, message='Can not decode content-encoding: zstandard (zstd). Please install `backports.zstd`', url='https://districtven.text2029mail.workers.dev/?cinema_id=1031638&date=2026-08-23'
[12:27:06] ❌ 1031636 ClientResponseError: 400, message='Can not decode content-encoding: zstandard (zstd). Please install `backports.zstd`', url='https://districtven.text2029mail.workers.dev/?cinema_id=1031636&date=2026-08-23'
[12:27:06] ❌ 1039846 ClientResponseError: 400, message='Can not decode content-encoding: zstandard (zstd). Please install `backports.zstd`', url='https://districtven.text2029mail.workers.dev/?cinema_id=1039846&date=2026-08-23'
[12:27:07] ❌ 1009194 ClientResponseError: 400, message='Can not decode content-encoding: zstandard (zstd). Please install `backports.zstd`', url='https://districtven.text2029mail.workers.dev/?cinema_id=1009194&date=2026-08-23'
[12:27:07] ❌ 1041672 ClientResponseError: 400, message='Can not decode content-encoding: zstandard (zstd). Please install `backports.zstd`', url='https://districtven.text2029mail.workers.dev/?cinema_id=1041672&date=2026-08-23'
[12:27:07] ❌ 1039860 ClientResponseError: 400, message='Can not decode content-encoding: zstandard (zstd). Please install `backports.zstd`', url='https://districtven.text2029mail.workers.dev/?cinema_id=1039860&date=2026-08-23'
[12:27:07] ❌ 1039875 ClientResponseError: 400, message='Can not decode content-encoding: zstandard (zstd). Please install `backports.zstd`', url='https://districtven.text2029mail.workers.dev/?cinema_id=1039875&date=2026-08-23'
[12:27:08] ❌ 28206 ClientResponseError: 400, message='Can not decode content-encoding: zstandard (zstd). Please install `backports.zstd`', url='https://districtven.text2029mail.workers.dev/?cinema_id=28206&date=2026-08-23'
[12:27:08] ❌ 4106 ClientResponseError: 400, message='Can not decode content-encoding: zstandard (zstd). Please install `backports.zstd`', url='https://districtven.text2029mail.workers.dev/?cinema_id=4106&date=2026-08-23'
[12:27:08] ❌ 1047659 ClientResponseError: 400, message='Can not decode content-encoding: zstandard (zstd). Please install `backports.zstd`', url='https://districtven.text2029mail.workers.dev/?cinema_id=1047659&date=2026-08-23'
[12:27:09] ❌ 1039862 ClientResponseError: 400, message='Can not decode content-encoding: zstandard (zstd). Please install `backports.zstd`', url='https://districtven.text2029mail.workers.dev/?cinema_id=1039862&date=2026-08-23'
[12:27:09] ❌ 1041687 ClientResponseError: 400, message='Can not decode content-encoding: zstandard (zstd). Please install `backports.zstd`', url='https://districtven.text2029mail.workers.dev/?cinema_id=1041687&date=2026-08-23'
[12:27:09] ❌ 1024343 ClientResponseError: 400, message='Can not decode content-encoding: zstandard (zstd). Please install `backports.zstd`', url='https://districtven.text2029mail.workers.dev/?cinema_id=1024343&date=2026-08-23'
[12:27:10] ❌ 25805 ClientResponseError: 400, message='Can not decode content-encoding: zstandard (zstd). Please install `backports.zstd`', url='https://districtven.text2029mail.workers.dev/?cinema_id=25805&date=2026-08-23'
[12:27:10] ❌ 2855 ClientResponseError: 400, message='Can not decode content-encoding: zstandard (zstd). Please install `backports.zstd`', url='https://districtven.text2029mail.workers.dev/?cinema_id=2855&date=2026-08-23'
[12:27:10] ❌ 1096733 ClientResponseError: 400, message='Can not decode content-encoding: zstandard (zstd). Please install `backports.zstd`', url='https://districtven.text2029mail.workers.dev/?cinema_id=1096733&date=2026-08-23'
[12:27:10] ❌ 1039864 ClientResponseError: 400, message='Can not decode content-encoding: zstandard (zstd). Please install `backports.zstd`', url='https://districtven.text2029mail.workers.dev/?cinema_id=1039864&date=2026-08-23'
[12:27:10] ❌ 1097120 ClientResponseError: 400, message='Can not decode content-encoding: zstandard (zstd). Please install `backports.zstd`', url='https://districtven.text2029mail.workers.dev/?cinema_id=1097120&date=2026-08-23'
[12:27:11] ❌ 7258 ClientResponseError: 400, message='Can not decode content-encoding: zstandard (zstd). Please install `backports.zstd`', url='https://districtven.text2029mail.workers.dev/?cinema_id=7258&date=2026-08-23'
[12:27:11] ❌ 9292 ClientResponseError: 400, message='Can not decode content-encoding: zstandard (zstd). Please install `backports.zstd`', url='https://districtven.text2029mail.workers.dev/?cinema_id=9292&date=2026-08-23'
[12:27:12] ❌ 1039850 ClientResponseError: 400, message='Can not decode content-encoding: zstandard (zstd). Please install `backports.zstd`', url='https://districtven.text2029mail.workers.dev/?cinema_id=1039850&date=2026-08-23'
[12:27:12] ❌ 1036959 ClientResponseError: 400, message='Can not decode content-encoding: zstandard (zstd). Please install `backports.zstd`', url='https://districtven.text2029mail.workers.dev/?cinema_id=1036959&date=2026-08-23'
[12:27:12] ❌ 1001773 ClientResponseError: 400, message='Can not decode content-encoding: zstandard (zstd). Please install `backports.zstd`', url='https://districtven.text2029mail.workers.dev/?cinema_id=1001773&date=2026-08-23'
[12:27:12] ❌ 4097 ClientResponseError: 400, message='Can not decode content-encoding: zstandard (zstd). Please install `backports.zstd`', url='https://districtven.text2029mail.workers.dev/?cinema_id=4097&date=2026-08-23'
[12:27:12] ❌ 1089130 ClientResponseError: 400, message='Can not decode content-encoding: zstandard (zstd). Please install `backports.zstd`', url='https://districtven.text2029mail.workers.dev/?cinema_id=1089130&date=2026-08-23'
[12:27:13] ❌ 1018795 ClientResponseError: 400, message='Can not decode content-encoding: zstandard (zstd). Please install `backports.zstd`', url='https://districtven.text2029mail.workers.dev/?cinema_id=1018795&date=2026-08-23'
[12:27:13] ❌ 1040466 ClientResponseError: 400, message='Can not decode content-encoding: zstandard (zstd). Please install `backports.zstd`', url='https://districtven.text2029mail.workers.dev/?cinema_id=1040466&date=2026-08-23'
[12:27:13] ❌ 1041685 ClientResponseError: 400, message='Can not decode content-encoding: zstandard (zstd). Please install `backports.zstd`', url='https://districtven.text2029mail.workers.dev/?cinema_id=1041685&date=2026-08-23'
[12:27:13] ❌ 1039865 ClientResponseError: 400, message='Can not decode content-encoding: zstandard (zstd). Please install `backports.zstd`', url='https://districtven.text2029mail.workers.dev/?cinema_id=1039865&date=2026-08-23'
[12:27:14] ❌ 1088822 ClientResponseError: 400, message='Can not decode content-encoding: zstandard (zstd). Please install `backports.zstd`', url='https://districtven.text2029mail.workers.dev/?cinema_id=1088822&date=2026-08-23'
[12:27:15] ❌ 9242 ClientResponseError: 400, message='Can not decode content-encoding: zstandard (zstd). Please install `backports.zstd`', url='https://districtven.text2029mail.workers.dev/?cinema_id=9242&date=2026-08-23'
[12:27:15] ❌ 9365 ClientResponseError: 400, message='Can not decode content-encoding: zstandard (zstd). Please install `backports.zstd`', url='https://districtven.text2029mail.workers.dev/?cinema_id=9365&date=2026-08-23'
[12:27:15] ❌ 1046654 ClientResponseError: 400, message='Can not decode content-encoding: zstandard (zstd). Please install `backports.zstd`', url='https://districtven.text2029mail.workers.dev/?cinema_id=1046654&date=2026-08-23'
[12:27:15] ❌ 36376 ClientResponseError: 400, message='Can not decode content-encoding: zstandard (zstd). Please install `backports.zstd`', url='https://districtven.text2029mail.workers.dev/?cinema_id=36376&date=2026-08-23'
[12:27:15] ❌ 44361 ClientResponseError: 400, message='Can not decode content-encoding: zstandard (zstd). Please install `backports.zstd`', url='https://districtven.text2029mail.workers.dev/?cinema_id=44361&date=2026-08-23'
[12:27:16] ❌ 1098929 ClientResponseError: 400, message='Can not decode content-encoding: zstandard (zstd). Please install `backports.zstd`', url='https://districtven.text2029mail.workers.dev/?cinema_id=1098929&date=2026-08-23'
[12:27:16] ❌ 27151 ClientResponseError: 400, message='Can not decode content-encoding: zstandard (zstd). Please install `backports.zstd`', url='https://districtven.text2029mail.workers.dev/?cinema_id=27151&date=2026-08-23'
[12:27:16] ❌ 25803 ClientResponseError: 400, message='Can not decode content-encoding: zstandard (zstd). Please install `backports.zstd`', url='https://districtven.text2029mail.workers.dev/?cinema_id=25803&date=2026-08-23'
[12:27:17] ❌ 56048 ClientResponseError: 400, message='Can not decode content-encoding: zstandard (zstd). Please install `backports.zstd`', url='https://districtven.text2029mail.workers.dev/?cinema_id=56048&date=2026-08-23'
[12:27:17] ❌ 1041449 ClientResponseError: 400, message='Can not decode content-encoding: zstandard (zstd). Please install `backports.zstd`', url='https://districtven.text2029mail.workers.dev/?cinema_id=1041449&date=2026-08-23'
[12:27:17] ❌ 1039849 ClientResponseError: 400, message='Can not decode content-encoding: zstandard (zstd). Please install `backports.zstd`', url='https://districtven.text2029mail.workers.dev/?cinema_id=1039849&date=2026-08-23'
[12:27:17] ❌ 7543 ClientResponseError: 400, message='Can not decode content-encoding: zstandard (zstd). Please install `backports.zstd`', url='https://districtven.text2029mail.workers.dev/?cinema_id=7543&date=2026-08-23'
[12:27:17] ❌ 1041244 ClientResponseError: 400, message='Can not decode content-encoding: zstandard (zstd). Please install `backports.zstd`', url='https://districtven.text2029mail.workers.dev/?cinema_id=1041244&date=2026-08-23'
[12:27:18] ❌ 7813 ClientResponseError: 400, message='Can not decode content-encoding: zstandard (zstd). Please install `backports.zstd`', url='https://districtven.text2029mail.workers.dev/?cinema_id=7813&date=2026-08-23'
[12:27:18] ❌ 1039851 ClientResponseError: 400, message='Can not decode content-encoding: zstandard (zstd). Please install `backports.zstd`', url='https://districtven.text2029mail.workers.dev/?cinema_id=1039851&date=2026-08-23'
[12:27:19] ❌ 7841 ClientResponseError: 400, message='Can not decode content-encoding: zstandard (zstd). Please install `backports.zstd`', url='https://districtven.text2029mail.workers.dev/?cinema_id=7841&date=2026-08-23'
[12:27:19] ❌ 7301 ClientResponseError: 400, message='Can not decode content-encoding: zstandard (zstd). Please install `backports.zstd`', url='https://districtven.text2029mail.workers.dev/?cinema_id=7301&date=2026-08-23'
[12:27:19] ❌ 4693 ClientResponseError: 400, message='Can not decode content-encoding: zstandard (zstd). Please install `backports.zstd`', url='https://districtven.text2029mail.workers.dev/?cinema_id=4693&date=2026-08-23'
[12:27:19] ❌ 13958 ClientResponseError: 400, message='Can not decode content-encoding: zstandard (zstd). Please install `backports.zstd`', url='https://districtven.text2029mail.workers.dev/?cinema_id=13958&date=2026-08-23'
[12:27:20] ❌ 1039848 ClientResponseError: 400, message='Can not decode content-encoding: zstandard (zstd). Please install `backports.zstd`', url='https://districtven.text2029mail.workers.dev/?cinema_id=1039848&date=2026-08-23'
[12:27:21] ❌ 4380 ClientResponseError: 400, message='Can not decode content-encoding: zstandard (zstd). Please install `backports.zstd`', url='https://districtven.text2029mail.workers.dev/?cinema_id=4380&date=2026-08-23'
[12:27:21] ❌ 1016089 ClientResponseError: 400, message='Can not decode content-encoding: zstandard (zstd). Please install `backports.zstd`', url='https://districtven.text2029mail.workers.dev/?cinema_id=1016089&date=2026-08-23'
[12:27:21] ❌ 14120 ClientResponseError: 400, message='Can not decode content-encoding: zstandard (zstd). Please install `backports.zstd`', url='https://districtven.text2029mail.workers.dev/?cinema_id=14120&date=2026-08-23'
[12:27:21] ❌ 9920 ClientResponseError: 400, message='Can not decode content-encoding: zstandard (zstd). Please install `backports.zstd`', url='https://districtven.text2029mail.workers.dev/?cinema_id=9920&date=2026-08-23'
[12:27:21] ❌ 1080239 ClientResponseError: 400, message='Can not decode content-encoding: zstandard (zstd). Please install `backports.zstd`', url='https://districtven.text2029mail.workers.dev/?cinema_id=1080239&date=2026-08-23'
[12:27:21] ❌ 1056572 ClientResponseError: 400, message='Can not decode content-encoding: zstandard (zstd). Please install `backports.zstd`', url='https://districtven.text2029mail.workers.dev/?cinema_id=1056572&date=2026-08-23'
[12:27:21] ❌ 28968 ClientResponseError: 400, message='Can not decode content-encoding: zstandard (zstd). Please install `backports.zstd`', url='https://districtven.text2029mail.workers.dev/?cinema_id=28968&date=2026-08-23'
[12:27:22] ❌ 4189 ClientResponseError: 400, message='Can not decode content-encoding: zstandard (zstd). Please install `backports.zstd`', url='https://districtven.text2029mail.workers.dev/?cinema_id=4189&date=2026-08-23'
[12:27:22] ❌ 1041394 ClientResponseError: 400, message='Can not decode content-encoding: zstandard (zstd). Please install `backports.zstd`', url='https://districtven.text2029mail.workers.dev/?cinema_id=1041394&date=2026-08-23'
[12:27:22] ❌ 1022965 ClientResponseError: 400, message='Can not decode content-encoding: zstandard (zstd). Please install `backports.zstd`', url='https://districtven.text2029mail.workers.dev/?cinema_id=1022965&date=2026-08-23'
[12:27:23] ❌ 27373 ClientResponseError: 400, message='Can not decode content-encoding: zstandard (zstd). Please install `backports.zstd`', url='https://districtven.text2029mail.workers.dev/?cinema_id=27373&date=2026-08-23'
[12:27:23] ❌ 55733 ClientResponseError: 400, message='Can not decode content-encoding: zstandard (zstd). Please install `backports.zstd`', url='https://districtven.text2029mail.workers.dev/?cinema_id=55733&date=2026-08-23'
[12:27:23] ❌ 4171 ClientResponseError: 400, message='Can not decode content-encoding: zstandard (zstd). Please install `backports.zstd`', url='https://districtven.text2029mail.workers.dev/?cinema_id=4171&date=2026-08-23'
[12:27:24] ❌ 1018799 ClientResponseError: 400, message='Can not decode content-encoding: zstandard (zstd). Please install `backports.zstd`', url='https://districtven.text2029mail.workers.dev/?cinema_id=1018799&date=2026-08-23'
[12:27:24] ❌ 1030438 ClientResponseError: 400, message='Can not decode content-encoding: zstandard (zstd). Please install `backports.zstd`', url='https://districtven.text2029mail.workers.dev/?cinema_id=1030438&date=2026-08-23'
[12:27:24] ❌ 60085 ClientResponseError: 400, message='Can not decode content-encoding: zstandard (zstd). Please install `backports.zstd`', url='https://districtven.text2029mail.workers.dev/?cinema_id=60085&date=2026-08-23'
[12:27:24] ❌ 4178 ClientResponseError: 400, message='Can not decode content-encoding: zstandard (zstd). Please install `backports.zstd`', url='https://districtven.text2029mail.workers.dev/?cinema_id=4178&date=2026-08-23'
[12:27:25] ❌ 1037518 ClientResponseError: 400, message='Can not decode content-encoding: zstandard (zstd). Please install `backports.zstd`', url='https://districtven.text2029mail.workers.dev/?cinema_id=1037518&date=2026-08-23'
[12:27:25] ❌ 60083 ClientResponseError: 400, message='Can not decode content-encoding: zstandard (zstd). Please install `backports.zstd`', url='https://districtven.text2029mail.workers.dev/?cinema_id=60083&date=2026-08-23'
[12:27:25] ❌ 1075746 ClientResponseError: 400, message='Can not decode content-encoding: zstandard (zstd). Please install `backports.zstd`', url='https://districtven.text2029mail.workers.dev/?cinema_id=1075746&date=2026-08-23'
[12:27:26] ❌ 1053400 ClientResponseError: 400, message='Can not decode content-encoding: zstandard (zstd). Please install `backports.zstd`', url='https://districtven.text2029mail.workers.dev/?cinema_id=1053400&date=2026-08-23'
[12:27:26] ❌ 24521 ClientResponseError: 400, message='Can not decode content-encoding: zstandard (zstd). Please install `backports.zstd`', url='https://districtven.text2029mail.workers.dev/?cinema_id=24521&date=2026-08-23'
[12:27:26] ❌ 1041743 ClientResponseError: 400, message='Can not decode content-encoding: zstandard (zstd). Please install `backports.zstd`', url='https://districtven.text2029mail.workers.dev/?cinema_id=1041743&date=2026-08-23'
[12:27:27] ❌ 17069 ClientResponseError: 400, message='Can not decode content-encoding: zstandard (zstd). Please install `backports.zstd`', url='https://districtven.text2029mail.workers.dev/?cinema_id=17069&date=2026-08-23'
[12:27:27] ❌ 1008456 ClientResponseError: 400, message='Can not decode content-encoding: zstandard (zstd). Please install `backports.zstd`', url='https://districtven.text2029mail.workers.dev/?cinema_id=1008456&date=2026-08-23'
[12:27:27] ❌ 1008418 ClientResponseError: 400, message='Can not decode content-encoding: zstandard (zstd). Please install `backports.zstd`', url='https://districtven.text2029mail.workers.dev/?cinema_id=1008418&date=2026-08-23'
[12:27:27] ❌ 1037525 ClientResponseError: 400, message='Can not decode content-encoding: zstandard (zstd). Please install `backports.zstd`', url='https://districtven.text2029mail.workers.dev/?cinema_id=1037525&date=2026-08-23'
[12:27:27] ❌ 1041728 ClientResponseError: 400, message='Can not decode content-encoding: zstandard (zstd). Please install `backports.zstd`', url='https://districtven.text2029mail.workers.dev/?cinema_id=1041728&date=2026-08-23'
[12:27:27] ❌ 1016053 ClientResponseError: 400, message='Can not decode content-encoding: zstandard (zstd). Please install `backports.zstd`', url='https://districtven.text2029mail.workers.dev/?cinema_id=1016053&date=2026-08-23'
[12:27:28] ❌ 10940 ClientResponseError: 400, message='Can not decode content-encoding: zstandard (zstd). Please install `backports.zstd`', url='https://districtven.text2029mail.workers.dev/?cinema_id=10940&date=2026-08-23'
[12:27:28] ❌ 1018652 ClientResponseError: 400, message='Can not decode content-encoding: zstandard (zstd). Please install `backports.zstd`', url='https://districtven.text2029mail.workers.dev/?cinema_id=1018652&date=2026-08-23'
[12:27:28] ❌ 1050791 ClientResponseError: 400, message='Can not decode content-encoding: zstandard (zstd). Please install `backports.zstd`', url='https://districtven.text2029mail.workers.dev/?cinema_id=1050791&date=2026-08-23'
[12:27:28] ❌ 9487 ClientResponseError: 400, message='Can not decode content-encoding: zstandard (zstd). Please install `backports.zstd`', url='https://districtven.text2029mail.workers.dev/?cinema_id=9487&date=2026-08-23'
[12:27:29] ❌ 25804 ClientResponseError: 400, message='Can not decode content-encoding: zstandard (zstd). Please install `backports.zstd`', url='https://districtven.text2029mail.workers.dev/?cinema_id=25804&date=2026-08-23'
[12:27:29] ❌ 55272 ClientResponseError: 400, message='Can not decode content-encoding: zstandard (zstd). Please install `backports.zstd`', url='https://districtven.text2029mail.workers.dev/?cinema_id=55272&date=2026-08-23'
[12:27:29] ❌ 1016133 ClientResponseError: 400, message='Can not decode content-encoding: zstandard (zstd). Please install `backports.zstd`', url='https://districtven.text2029mail.workers.dev/?cinema_id=1016133&date=2026-08-23'
[12:27:29] ❌ 1030504 ClientResponseError: 400, message='Can not decode content-encoding: zstandard (zstd). Please install `backports.zstd`', url='https://districtven.text2029mail.workers.dev/?cinema_id=1030504&date=2026-08-23'
[12:27:30] ❌ 1053618 ClientResponseError: 400, message='Can not decode content-encoding: zstandard (zstd). Please install `backports.zstd`', url='https://districtven.text2029mail.workers.dev/?cinema_id=1053618&date=2026-08-23'
[12:27:30] ❌ 1049666 ClientResponseError: 400, message='Can not decode content-encoding: zstandard (zstd). Please install `backports.zstd`', url='https://districtven.text2029mail.workers.dev/?cinema_id=1049666&date=2026-08-23'
[12:27:31] ❌ 1037961 ClientResponseError: 400, message='Can not decode content-encoding: zstandard (zstd). Please install `backports.zstd`', url='https://districtven.text2029mail.workers.dev/?cinema_id=1037961&date=2026-08-23'
[12:27:31] ❌ 1042615 ClientResponseError: 400, message='Can not decode content-encoding: zstandard (zstd). Please install `backports.zstd`', url='https://districtven.text2029mail.workers.dev/?cinema_id=1042615&date=2026-08-23'
[12:27:31] ❌ 1011174 ClientResponseError: 400, message='Can not decode content-encoding: zstandard (zstd). Please install `backports.zstd`', url='https://districtven.text2029mail.workers.dev/?cinema_id=1011174&date=2026-08-23'
[12:27:31] ❌ 1042635 ClientResponseError: 400, message='Can not decode content-encoding: zstandard (zstd). Please install `backports.zstd`', url='https://districtven.text2029mail.workers.dev/?cinema_id=1042635&date=2026-08-23'
[12:27:32] ❌ 5059 ClientResponseError: 400, message='Can not decode content-encoding: zstandard (zstd). Please install `backports.zstd`', url='https://districtven.text2029mail.workers.dev/?cinema_id=5059&date=2026-08-23'
[12:27:32] ❌ 1007054 ClientResponseError: 400, message='Can not decode content-encoding: zstandard (zstd). Please install `backports.zstd`', url='https://districtven.text2029mail.workers.dev/?cinema_id=1007054&date=2026-08-23'
[12:27:32] ❌ 1016088 ClientResponseError: 400, message='Can not decode content-encoding: zstandard (zstd). Please install `backports.zstd`', url='https://districtven.text2029mail.workers.dev/?cinema_id=1016088&date=2026-08-23'
[12:27:32] ❌ 1042640 ClientResponseError: 400, message='Can not decode content-encoding: zstandard (zstd). Please install `backports.zstd`', url='https://districtven.text2029mail.workers.dev/?cinema_id=1042640&date=2026-08-23'
[12:27:32] ❌ 1037511 ClientResponseError: 400, message='Can not decode content-encoding: zstandard (zstd). Please install `backports.zstd`', url='https://districtven.text2029mail.workers.dev/?cinema_id=1037511&date=2026-08-23'
[12:27:32] ❌ 1036962 ClientResponseError: 400, message='Can not decode content-encoding: zstandard (zstd). Please install `backports.zstd`', url='https://districtven.text2029mail.workers.dev/?cinema_id=1036962&date=2026-08-23'
[12:27:33] ❌ 3960 ClientResponseError: 400, message='Can not decode content-encoding: zstandard (zstd). Please install `backports.zstd`', url='https://districtven.text2029mail.workers.dev/?cinema_id=3960&date=2026-08-23'
[12:27:33] ❌ 4891 ClientResponseError: 400, message='Can not decode content-encoding: zstandard (zstd). Please install `backports.zstd`', url='https://districtven.text2029mail.workers.dev/?cinema_id=4891&date=2026-08-23'
[12:27:34] ❌ 3910 ClientResponseError: 400, message='Can not decode content-encoding: zstandard (zstd). Please install `backports.zstd`', url='https://districtven.text2029mail.workers.dev/?cinema_id=3910&date=2026-08-23'
[12:27:34] ❌ 4248 ClientResponseError: 400, message='Can not decode content-encoding: zstandard (zstd). Please install `backports.zstd`', url='https://districtven.text2029mail.workers.dev/?cinema_id=4248&date=2026-08-23'
[12:27:34] ❌ 1042453 ClientResponseError: 400, message='Can not decode content-encoding: zstandard (zstd). Please install `backports.zstd`', url='https://districtven.text2029mail.workers.dev/?cinema_id=1042453&date=2026-08-23'
[12:27:34] ❌ 1037502 ClientResponseError: 400, message='Can not decode content-encoding: zstandard (zstd). Please install `backports.zstd`', url='https://districtven.text2029mail.workers.dev/?cinema_id=1037502&date=2026-08-23'
[12:27:34] ❌ 28925 ClientResponseError: 400, message='Can not decode content-encoding: zstandard (zstd). Please install `backports.zstd`', url='https://districtven.text2029mail.workers.dev/?cinema_id=28925&date=2026-08-23'
[12:27:35] ❌ 3981 ClientResponseError: 400, message='Can not decode content-encoding: zstandard (zstd). Please install `backports.zstd`', url='https://districtven.text2029mail.workers.dev/?cinema_id=3981&date=2026-08-23'
[12:27:35] ❌ 1037526 ClientResponseError: 400, message='Can not decode content-encoding: zstandard (zstd). Please install `backports.zstd`', url='https://districtven.text2029mail.workers.dev/?cinema_id=1037526&date=2026-08-23'
[12:27:35] ❌ 1041504 ClientResponseError: 400, message='Can not decode content-encoding: zstandard (zstd). Please install `backports.zstd`', url='https://districtven.text2029mail.workers.dev/?cinema_id=1041504&date=2026-08-23'
[12:27:35] ❌ 4232 ClientResponseError: 400, message='Can not decode content-encoding: zstandard (zstd). Please install `backports.zstd`', url='https://districtven.text2029mail.workers.dev/?cinema_id=4232&date=2026-08-23'
[12:27:36] ❌ 19528 ClientResponseError: 400, message='Can not decode content-encoding: zstandard (zstd). Please install `backports.zstd`', url='https://districtven.text2029mail.workers.dev/?cinema_id=19528&date=2026-08-23'
[12:27:36] ❌ 1012595 ClientResponseError: 400, message='Can not decode content-encoding: zstandard (zstd). Please install `backports.zstd`', url='https://districtven.text2029mail.workers.dev/?cinema_id=1012595&date=2026-08-23'
[12:27:36] ❌ 22684 ClientResponseError: 400, message='Can not decode content-encoding: zstandard (zstd). Please install `backports.zstd`', url='https://districtven.text2029mail.workers.dev/?cinema_id=22684&date=2026-08-23'
[12:27:37] ❌ 32194 ClientResponseError: 400, message='Can not decode content-encoding: zstandard (zstd). Please install `backports.zstd`', url='https://districtven.text2029mail.workers.dev/?cinema_id=32194&date=2026-08-23'
[12:27:37] ❌ 14702 ClientResponseError: 400, message='Can not decode content-encoding: zstandard (zstd). Please install `backports.zstd`', url='https://districtven.text2029mail.workers.dev/?cinema_id=14702&date=2026-08-23'
[12:27:37] ❌ 6044 ClientResponseError: 400, message='Can not decode content-encoding: zstandard (zstd). Please install `backports.zstd`', url='https://districtven.text2029mail.workers.dev/?cinema_id=6044&date=2026-08-23'
[12:27:37] ❌ 7534 ClientResponseError: 400, message='Can not decode content-encoding: zstandard (zstd). Please install `backports.zstd`', url='https://districtven.text2029mail.workers.dev/?cinema_id=7534&date=2026-08-23'
[12:27:37] ❌ 7881 ClientResponseError: 400, message='Can not decode content-encoding: zstandard (zstd). Please install `backports.zstd`', url='https://districtven.text2029mail.workers.dev/?cinema_id=7881&date=2026-08-23'
[12:27:38] ❌ 4028 ClientResponseError: 400, message='Can not decode content-encoding: zstandard (zstd). Please install `backports.zstd`', url='https://districtven.text2029mail.workers.dev/?cinema_id=4028&date=2026-08-23'
[12:27:38] ❌ 4008 ClientResponseError: 400, message='Can not decode content-encoding: zstandard (zstd). Please install `backports.zstd`', url='https://districtven.text2029mail.workers.dev/?cinema_id=4008&date=2026-08-23'
[12:27:38] ❌ 14694 ClientResponseError: 400, message='Can not decode content-encoding: zstandard (zstd). Please install `backports.zstd`', url='https://districtven.text2029mail.workers.dev/?cinema_id=14694&date=2026-08-23'
[12:27:39] ❌ 9135 ClientResponseError: 400, message='Can not decode content-encoding: zstandard (zstd). Please install `backports.zstd`', url='https://districtven.text2029mail.workers.dev/?cinema_id=9135&date=2026-08-23'
[12:27:39] ❌ 4067 ClientResponseError: 400, message='Can not decode content-encoding: zstandard (zstd). Please install `backports.zstd`', url='https://districtven.text2029mail.workers.dev/?cinema_id=4067&date=2026-08-23'
[12:27:40] ❌ 1067946 ClientResponseError: 400, message='Can not decode content-encoding: zstandard (zstd). Please install `backports.zstd`', url='https://districtven.text2029mail.workers.dev/?cinema_id=1067946&date=2026-08-23'
[12:27:40] ❌ 6057 ClientResponseError: 400, message='Can not decode content-encoding: zstandard (zstd). Please install `backports.zstd`', url='https://districtven.text2029mail.workers.dev/?cinema_id=6057&date=2026-08-23'
[12:27:40] ❌ 58633 ClientResponseError: 400, message='Can not decode content-encoding: zstandard (zstd). Please install `backports.zstd`', url='https://districtven.text2029mail.workers.dev/?cinema_id=58633&date=2026-08-23'
[12:27:40] ❌ 25860 ClientResponseError: 400, message='Can not decode content-encoding: zstandard (zstd). Please install `backports.zstd`', url='https://districtven.text2029mail.workers.dev/?cinema_id=25860&date=2026-08-23'
[12:27:40] ❌ 10250 ClientResponseError: 400, message='Can not decode content-encoding: zstandard (zstd). Please install `backports.zstd`', url='https://districtven.text2029mail.workers.dev/?cinema_id=10250&date=2026-08-23'
[12:27:41] ❌ 43348 ClientResponseError: 400, message='Can not decode content-encoding: zstandard (zstd). Please install `backports.zstd`', url='https://districtven.text2029mail.workers.dev/?cinema_id=43348&date=2026-08-23'
[12:27:41] ❌ 1050645 ClientResponseError: 400, message='Can not decode content-encoding: zstandard (zstd). Please install `backports.zstd`', url='https://districtven.text2029mail.workers.dev/?cinema_id=1050645&date=2026-08-23'
[12:27:41] ❌ 1019166 ClientResponseError: 400, message='Can not decode content-encoding: zstandard (zstd). Please install `backports.zstd`', url='https://districtven.text2029mail.workers.dev/?cinema_id=1019166&date=2026-08-23'
[12:27:42] ❌ 1091219 ClientResponseError: 400, message='Can not decode content-encoding: zstandard (zstd). Please install `backports.zstd`', url='https://districtven.text2029mail.workers.dev/?cinema_id=1091219&date=2026-08-23'
[12:27:42] ❌ 1018798 ClientResponseError: 400, message='Can not decode content-encoding: zstandard (zstd). Please install `backports.zstd`', url='https://districtven.text2029mail.workers.dev/?cinema_id=1018798&date=2026-08-23'
[12:27:42] ❌ 1005799 ClientResponseError: 400, message='Can not decode content-encoding: zstandard (zstd). Please install `backports.zstd`', url='https://districtven.text2029mail.workers.dev/?cinema_id=1005799&date=2026-08-23'
[12:27:43] ❌ 1020333 ClientResponseError: 400, message='Can not decode content-encoding: zstandard (zstd). Please install `backports.zstd`', url='https://districtven.text2029mail.workers.dev/?cinema_id=1020333&date=2026-08-23'
[12:27:43] ❌ 1089067 ClientResponseError: 400, message='Can not decode content-encoding: zstandard (zstd). Please install `backports.zstd`', url='https://districtven.text2029mail.workers.dev/?cinema_id=1089067&date=2026-08-23'
[12:27:43] ❌ 1092958 ClientResponseError: 400, message='Can not decode content-encoding: zstandard (zstd). Please install `backports.zstd`', url='https://districtven.text2029mail.workers.dev/?cinema_id=1092958&date=2026-08-23'
[12:27:43] ❌ 1005798 ClientResponseError: 400, message='Can not decode content-encoding: zstandard (zstd). Please install `backports.zstd`', url='https://districtven.text2029mail.workers.dev/?cinema_id=1005798&date=2026-08-23'
[12:27:44] ❌ 1037530 ClientResponseError: 400, message='Can not decode content-encoding: zstandard (zstd). Please install `backports.zstd`', url='https://districtven.text2029mail.workers.dev/?cinema_id=1037530&date=2026-08-23'
[12:27:44] ❌ 1015289 ClientResponseError: 400, message='Can not decode content-encoding: zstandard (zstd). Please install `backports.zstd`', url='https://districtven.text2029mail.workers.dev/?cinema_id=1015289&date=2026-08-23'
[12:27:44] ❌ 1041725 ClientResponseError: 400, message='Can not decode content-encoding: zstandard (zstd). Please install `backports.zstd`', url='https://districtven.text2029mail.workers.dev/?cinema_id=1041725&date=2026-08-23'
[12:27:45] ❌ 1034375 ClientResponseError: 400, message='Can not decode content-encoding: zstandard (zstd). Please install `backports.zstd`', url='https://districtven.text2029mail.workers.dev/?cinema_id=1034375&date=2026-08-23'
[12:27:45] ❌ 27150 ClientResponseError: 400, message='Can not decode content-encoding: zstandard (zstd). Please install `backports.zstd`', url='https://districtven.text2029mail.workers.dev/?cinema_id=27150&date=2026-08-23'
[12:27:45] ❌ 4608 ClientResponseError: 400, message='Can not decode content-encoding: zstandard (zstd). Please install `backports.zstd`', url='https://districtven.text2029mail.workers.dev/?cinema_id=4608&date=2026-08-23'
[12:27:45] ❌ 1034383 ClientResponseError: 400, message='Can not decode content-encoding: zstandard (zstd). Please install `backports.zstd`', url='https://districtven.text2029mail.workers.dev/?cinema_id=1034383&date=2026-08-23'
[12:27:45] ❌ 1044095 ClientResponseError: 400, message='Can not decode content-encoding: zstandard (zstd). Please install `backports.zstd`', url='https://districtven.text2029mail.workers.dev/?cinema_id=1044095&date=2026-08-23'
[12:27:46] ❌ 1058794 ClientResponseError: 400, message='Can not decode content-encoding: zstandard (zstd). Please install `backports.zstd`', url='https://districtven.text2029mail.workers.dev/?cinema_id=1058794&date=2026-08-23'
[12:27:46] ❌ 1025291 ClientResponseError: 400, message='Can not decode content-encoding: zstandard (zstd). Please install `backports.zstd`', url='https://districtven.text2029mail.workers.dev/?cinema_id=1025291&date=2026-08-23'
[12:27:47] ❌ 1019593 ClientResponseError: 400, message='Can not decode content-encoding: zstandard (zstd). Please install `backports.zstd`', url='https://districtven.text2029mail.workers.dev/?cinema_id=1019593&date=2026-08-23'
[12:27:47] ❌ 1015291 ClientResponseError: 400, message='Can not decode content-encoding: zstandard (zstd). Please install `backports.zstd`', url='https://districtven.text2029mail.workers.dev/?cinema_id=1015291&date=2026-08-23'
[12:27:47] ❌ 1023626 ClientResponseError: 400, message='Can not decode content-encoding: zstandard (zstd). Please install `backports.zstd`', url='https://districtven.text2029mail.workers.dev/?cinema_id=1023626&date=2026-08-23'
[12:27:47] ❌ 1058533 ClientResponseError: 400, message='Can not decode content-encoding: zstandard (zstd). Please install `backports.zstd`', url='https://districtven.text2029mail.workers.dev/?cinema_id=1058533&date=2026-08-23'
[12:27:47] ❌ 1039768 ClientResponseError: 400, message='Can not decode content-encoding: zstandard (zstd). Please install `backports.zstd`', url='https://districtven.text2029mail.workers.dev/?cinema_id=1039768&date=2026-08-23'
[12:27:47] ❌ 1033632 ClientResponseError: 400, message='Can not decode content-encoding: zstandard (zstd). Please install `backports.zstd`', url='https://districtven.text2029mail.workers.dev/?cinema_id=1033632&date=2026-08-23'
[12:27:48] ❌ 27716 ClientResponseError: 400, message='Can not decode content-encoding: zstandard (zstd). Please install `backports.zstd`', url='https://districtven.text2029mail.workers.dev/?cinema_id=27716&date=2026-08-23'
[12:27:48] ❌ 1034254 ClientResponseError: 400, message='Can not decode content-encoding: zstandard (zstd). Please install `backports.zstd`', url='https://districtven.text2029mail.workers.dev/?cinema_id=1034254&date=2026-08-23'
[12:27:49] ❌ 1034186 ClientResponseError: 400, message='Can not decode content-encoding: zstandard (zstd). Please install `backports.zstd`', url='https://districtven.text2029mail.workers.dev/?cinema_id=1034186&date=2026-08-23'
[12:27:49] ❌ 7747 ClientResponseError: 400, message='Can not decode content-encoding: zstandard (zstd). Please install `backports.zstd`', url='https://districtven.text2029mail.workers.dev/?cinema_id=7747&date=2026-08-23'
[12:27:49] ❌ 4042 ClientResponseError: 400, message='Can not decode content-encoding: zstandard (zstd). Please install `backports.zstd`', url='https://districtven.text2029mail.workers.dev/?cinema_id=4042&date=2026-08-23'
[12:27:49] ❌ 27715 ClientResponseError: 400, message='Can not decode content-encoding: zstandard (zstd). Please install `backports.zstd`', url='https://districtven.text2029mail.workers.dev/?cinema_id=27715&date=2026-08-23'
[12:27:49] ❌ 1039751 ClientResponseError: 400, message='Can not decode content-encoding: zstandard (zstd). Please install `backports.zstd`', url='https://districtven.text2029mail.workers.dev/?cinema_id=1039751&date=2026-08-23'
[12:27:50] ❌ 24929 ClientResponseError: 400, message='Can not decode content-encoding: zstandard (zstd). Please install `backports.zstd`', url='https://districtven.text2029mail.workers.dev/?cinema_id=24929&date=2026-08-23'
[12:27:50] ❌ 44966 ClientResponseError: 400, message='Can not decode content-encoding: zstandard (zstd). Please install `backports.zstd`', url='https://districtven.text2029mail.workers.dev/?cinema_id=44966&date=2026-08-23'
[12:27:50] ❌ 1013208 ClientResponseError: 400, message='Can not decode content-encoding: zstandard (zstd). Please install `backports.zstd`', url='https://districtven.text2029mail.workers.dev/?cinema_id=1013208&date=2026-08-23'
[12:27:51] ❌ 4306 ClientResponseError: 400, message='Can not decode content-encoding: zstandard (zstd). Please install `backports.zstd`', url='https://districtven.text2029mail.workers.dev/?cinema_id=4306&date=2026-08-23'
[12:27:51] ❌ 1063761 ClientResponseError: 400, message='Can not decode content-encoding: zstandard (zstd). Please install `backports.zstd`', url='https://districtven.text2029mail.workers.dev/?cinema_id=1063761&date=2026-08-23'
[12:27:51] ❌ 1083399 ClientResponseError: 400, message='Can not decode content-encoding: zstandard (zstd). Please install `backports.zstd`', url='https://districtven.text2029mail.workers.dev/?cinema_id=1083399&date=2026-08-23'
[12:27:51] ❌ 24351 ClientResponseError: 400, message='Can not decode content-encoding: zstandard (zstd). Please install `backports.zstd`', url='https://districtven.text2029mail.workers.dev/?cinema_id=24351&date=2026-08-23'
[12:27:51] ❌ 1016986 ClientResponseError: 400, message='Can not decode content-encoding: zstandard (zstd). Please install `backports.zstd`', url='https://districtven.text2029mail.workers.dev/?cinema_id=1016986&date=2026-08-23'
[12:27:52] ❌ 496 ClientResponseError: 400, message='Can not decode content-encoding: zstandard (zstd). Please install `backports.zstd`', url='https://districtven.text2029mail.workers.dev/?cinema_id=496&date=2026-08-23'
[12:27:53] ❌ 1020288 ClientResponseError: 400, message='Can not decode content-encoding: zstandard (zstd). Please install `backports.zstd`', url='https://districtven.text2029mail.workers.dev/?cinema_id=1020288&date=2026-08-23'
[12:27:53] ❌ 28214 ClientResponseError: 400, message='Can not decode content-encoding: zstandard (zstd). Please install `backports.zstd`', url='https://districtven.text2029mail.workers.dev/?cinema_id=28214&date=2026-08-23'
[12:27:53] ❌ 1088790 ClientResponseError: 400, message='Can not decode content-encoding: zstandard (zstd). Please install `backports.zstd`', url='https://districtven.text2029mail.workers.dev/?cinema_id=1088790&date=2026-08-23'
[12:27:53] ❌ 9373 ClientResponseError: 400, message='Can not decode content-encoding: zstandard (zstd). Please install `backports.zstd`', url='https://districtven.text2029mail.workers.dev/?cinema_id=9373&date=2026-08-23'
[12:27:54] ❌ 1037520 ClientResponseError: 400, message='Can not decode content-encoding: zstandard (zstd). Please install `backports.zstd`', url='https://districtven.text2029mail.workers.dev/?cinema_id=1037520&date=2026-08-23'
[12:27:54] ❌ 1037142 ClientResponseError: 400, message='Can not decode content-encoding: zstandard (zstd). Please install `backports.zstd`', url='https://districtven.text2029mail.workers.dev/?cinema_id=1037142&date=2026-08-23'
[12:27:54] ❌ 4217 ClientResponseError: 400, message='Can not decode content-encoding: zstandard (zstd). Please install `backports.zstd`', url='https://districtven.text2029mail.workers.dev/?cinema_id=4217&date=2026-08-23'
[12:27:54] ❌ 1088803 ClientResponseError: 400, message='Can not decode content-encoding: zstandard (zstd). Please install `backports.zstd`', url='https://districtven.text2029mail.workers.dev/?cinema_id=1088803&date=2026-08-23'
[12:27:55] ❌ 52996 ClientResponseError: 400, message='Can not decode content-encoding: zstandard (zstd). Please install `backports.zstd`', url='https://districtven.text2029mail.workers.dev/?cinema_id=52996&date=2026-08-23'
[12:27:55] ❌ 7752 ClientResponseError: 400, message='Can not decode content-encoding: zstandard (zstd). Please install `backports.zstd`', url='https://districtven.text2029mail.workers.dev/?cinema_id=7752&date=2026-08-23'
[12:27:55] ❌ 1039424 ClientResponseError: 400, message='Can not decode content-encoding: zstandard (zstd). Please install `backports.zstd`', url='https://districtven.text2029mail.workers.dev/?cinema_id=1039424&date=2026-08-23'
[12:27:56] ❌ 31987 ClientResponseError: 400, message='Can not decode content-encoding: zstandard (zstd). Please install `backports.zstd`', url='https://districtven.text2029mail.workers.dev/?cinema_id=31987&date=2026-08-23'
[12:27:56] ❌ 1067686 ClientResponseError: 400, message='Can not decode content-encoding: zstandard (zstd). Please install `backports.zstd`', url='https://districtven.text2029mail.workers.dev/?cinema_id=1067686&date=2026-08-23'
[12:27:56] ❌ 15527 ClientResponseError: 400, message='Can not decode content-encoding: zstandard (zstd). Please install `backports.zstd`', url='https://districtven.text2029mail.workers.dev/?cinema_id=15527&date=2026-08-23'
[12:27:56] ❌ 1015795 ClientResponseError: 400, message='Can not decode content-encoding: zstandard (zstd). Please install `backports.zstd`', url='https://districtven.text2029mail.workers.dev/?cinema_id=1015795&date=2026-08-23'
[12:27:57] ❌ 7222 ClientResponseError: 400, message='Can not decode content-encoding: zstandard (zstd). Please install `backports.zstd`', url='https://districtven.text2029mail.workers.dev/?cinema_id=7222&date=2026-08-23'
[12:27:57] ❌ 1036961 ClientResponseError: 400, message='Can not decode content-encoding: zstandard (zstd). Please install `backports.zstd`', url='https://districtven.text2029mail.workers.dev/?cinema_id=1036961&date=2026-08-23'
[12:27:57] ❌ 1053939 ClientResponseError: 400, message='Can not decode content-encoding: zstandard (zstd). Please install `backports.zstd`', url='https://districtven.text2029mail.workers.dev/?cinema_id=1053939&date=2026-08-23'
[12:27:58] ❌ 16791 ClientResponseError: 400, message='Can not decode content-encoding: zstandard (zstd). Please install `backports.zstd`', url='https://districtven.text2029mail.workers.dev/?cinema_id=16791&date=2026-08-23'
[12:27:59] ❌ 4332 ClientResponseError: 400, message='Can not decode content-encoding: zstandard (zstd). Please install `backports.zstd`', url='https://districtven.text2029mail.workers.dev/?cinema_id=4332&date=2026-08-23'
[12:27:59] ❌ 6093 ClientResponseError: 400, message='Can not decode content-encoding: zstandard (zstd). Please install `backports.zstd`', url='https://districtven.text2029mail.workers.dev/?cinema_id=6093&date=2026-08-23'
[12:27:59] ❌ 1041692 ClientResponseError: 400, message='Can not decode content-encoding: zstandard (zstd). Please install `backports.zstd`', url='https://districtven.text2029mail.workers.dev/?cinema_id=1041692&date=2026-08-23'
[12:27:59] ❌ 509 ClientResponseError: 400, message='Can not decode content-encoding: zstandard (zstd). Please install `backports.zstd`', url='https://districtven.text2029mail.workers.dev/?cinema_id=509&date=2026-08-23'
[12:27:59] ❌ 1003802 ClientResponseError: 400, message='Can not decode content-encoding: zstandard (zstd). Please install `backports.zstd`', url='https://districtven.text2029mail.workers.dev/?cinema_id=1003802&date=2026-08-23'
[12:27:59] ❌ 26401 ClientResponseError: 400, message='Can not decode content-encoding: zstandard (zstd). Please install `backports.zstd`', url='https://districtven.text2029mail.workers.dev/?cinema_id=26401&date=2026-08-23'
[12:27:59] ❌ 1063452 ClientResponseError: 400, message='Can not decode content-encoding: zstandard (zstd). Please install `backports.zstd`', url='https://districtven.text2029mail.workers.dev/?cinema_id=1063452&date=2026-08-23'
[12:27:59] ❌ 22305 ClientResponseError: 400, message='Can not decode content-encoding: zstandard (zstd). Please install `backports.zstd`', url='https://districtven.text2029mail.workers.dev/?cinema_id=22305&date=2026-08-23'
[12:28:00] ❌ 44366 ClientResponseError: 400, message='Can not decode content-encoding: zstandard (zstd). Please install `backports.zstd`', url='https://districtven.text2029mail.workers.dev/?cinema_id=44366&date=2026-08-23'
[12:28:00] ❌ 1020190 ClientResponseError: 400, message='Can not decode content-encoding: zstandard (zstd). Please install `backports.zstd`', url='https://districtven.text2029mail.workers.dev/?cinema_id=1020190&date=2026-08-23'
[12:28:00] ❌ 1003773 ClientResponseError: 400, message='Can not decode content-encoding: zstandard (zstd). Please install `backports.zstd`', url='https://districtven.text2029mail.workers.dev/?cinema_id=1003773&date=2026-08-23'
[12:28:00] ❌ 5041 ClientResponseError: 400, message='Can not decode content-encoding: zstandard (zstd). Please install `backports.zstd`', url='https://districtven.text2029mail.workers.dev/?cinema_id=5041&date=2026-08-23'
[12:28:01] ❌ 9420 ClientResponseError: 400, message='Can not decode content-encoding: zstandard (zstd). Please install `backports.zstd`', url='https://districtven.text2029mail.workers.dev/?cinema_id=9420&date=2026-08-23'
[12:28:02] ❌ 1008409 ClientResponseError: 400, message='Can not decode content-encoding: zstandard (zstd). Please install `backports.zstd`', url='https://districtven.text2029mail.workers.dev/?cinema_id=1008409&date=2026-08-23'
[12:28:02] ❌ 30524 ClientResponseError: 400, message='Can not decode content-encoding: zstandard (zstd). Please install `backports.zstd`', url='https://districtven.text2029mail.workers.dev/?cinema_id=30524&date=2026-08-23'
[12:28:02] ❌ 1065451 ClientResponseError: 400, message='Can not decode content-encoding: zstandard (zstd). Please install `backports.zstd`', url='https://districtven.text2029mail.workers.dev/?cinema_id=1065451&date=2026-08-23'
[12:28:03] ❌ 1041753 ClientResponseError: 400, message='Can not decode content-encoding: zstandard (zstd). Please install `backports.zstd`', url='https://districtven.text2029mail.workers.dev/?cinema_id=1041753&date=2026-08-23'
[12:28:03] ❌ 1030422 ClientResponseError: 400, message='Can not decode content-encoding: zstandard (zstd). Please install `backports.zstd`', url='https://districtven.text2029mail.workers.dev/?cinema_id=1030422&date=2026-08-23'
[12:28:03] ❌ 1005991 ClientResponseError: 400, message='Can not decode content-encoding: zstandard (zstd). Please install `backports.zstd`', url='https://districtven.text2029mail.workers.dev/?cinema_id=1005991&date=2026-08-23'
[12:28:03] ❌ 25938 ClientResponseError: 400, message='Can not decode content-encoding: zstandard (zstd). Please install `backports.zstd`', url='https://districtven.text2029mail.workers.dev/?cinema_id=25938&date=2026-08-23'
[12:28:04] ❌ 32294 ClientResponseError: 400, message='Can not decode content-encoding: zstandard (zstd). Please install `backports.zstd`', url='https://districtven.text2029mail.workers.dev/?cinema_id=32294&date=2026-08-23'
[12:28:04] ❌ 1008335 ClientResponseError: 400, message='Can not decode content-encoding: zstandard (zstd). Please install `backports.zstd`', url='https://districtven.text2029mail.workers.dev/?cinema_id=1008335&date=2026-08-23'
[12:28:04] ❌ 4902 ClientResponseError: 400, message='Can not decode content-encoding: zstandard (zstd). Please install `backports.zstd`', url='https://districtven.text2029mail.workers.dev/?cinema_id=4902&date=2026-08-23'
[12:28:04] ❌ 26230 ClientResponseError: 400, message='Can not decode content-encoding: zstandard (zstd). Please install `backports.zstd`', url='https://districtven.text2029mail.workers.dev/?cinema_id=26230&date=2026-08-23'
[12:28:05] ❌ 4739 ClientResponseError: 400, message='Can not decode content-encoding: zstandard (zstd). Please install `backports.zstd`', url='https://districtven.text2029mail.workers.dev/?cinema_id=4739&date=2026-08-23'
[12:28:05] ❌ 1039842 ClientResponseError: 400, message='Can not decode content-encoding: zstandard (zstd). Please install `backports.zstd`', url='https://districtven.text2029mail.workers.dev/?cinema_id=1039842&date=2026-08-23'
[12:28:06] ❌ 9413 ClientResponseError: 400, message='Can not decode content-encoding: zstandard (zstd). Please install `backports.zstd`', url='https://districtven.text2029mail.workers.dev/?cinema_id=9413&date=2026-08-23'
[12:28:06] ❌ 26676 ClientResponseError: 400, message='Can not decode content-encoding: zstandard (zstd). Please install `backports.zstd`', url='https://districtven.text2029mail.workers.dev/?cinema_id=26676&date=2026-08-23'
[12:28:06] ❌ 9411 ClientResponseError: 400, message='Can not decode content-encoding: zstandard (zstd). Please install `backports.zstd`', url='https://districtven.text2029mail.workers.dev/?cinema_id=9411&date=2026-08-23'
[12:28:06] ❌ 522 ClientResponseError: 400, message='Can not decode content-encoding: zstandard (zstd). Please install `backports.zstd`', url='https://districtven.text2029mail.workers.dev/?cinema_id=522&date=2026-08-23'
[12:28:06] ❌ 62637 ClientResponseError: 400, message='Can not decode content-encoding: zstandard (zstd). Please install `backports.zstd`', url='https://districtven.text2029mail.workers.dev/?cinema_id=62637&date=2026-08-23'
[12:28:06] ❌ 1040228 ClientResponseError: 400, message='Can not decode content-encoding: zstandard (zstd). Please install `backports.zstd`', url='https://districtven.text2029mail.workers.dev/?cinema_id=1040228&date=2026-08-23'
[12:28:07] ❌ 4107 ClientResponseError: 400, message='Can not decode content-encoding: zstandard (zstd). Please install `backports.zstd`', url='https://districtven.text2029mail.workers.dev/?cinema_id=4107&date=2026-08-23'
[12:28:07] ❌ 1039877 ClientResponseError: 400, message='Can not decode content-encoding: zstandard (zstd). Please install `backports.zstd`', url='https://districtven.text2029mail.workers.dev/?cinema_id=1039877&date=2026-08-23'
[12:28:07] ❌ 25011 ClientResponseError: 400, message='Can not decode content-encoding: zstandard (zstd). Please install `backports.zstd`', url='https://districtven.text2029mail.workers.dev/?cinema_id=25011&date=2026-08-23'
[12:28:08] ❌ 25808 ClientResponseError: 400, message='Can not decode content-encoding: zstandard (zstd). Please install `backports.zstd`', url='https://districtven.text2029mail.workers.dev/?cinema_id=25808&date=2026-08-23'
[12:28:08] ❌ 9424 ClientResponseError: 400, message='Can not decode content-encoding: zstandard (zstd). Please install `backports.zstd`', url='https://districtven.text2029mail.workers.dev/?cinema_id=9424&date=2026-08-23'
[12:28:08] ❌ 1005804 ClientResponseError: 400, message='Can not decode content-encoding: zstandard (zstd). Please install `backports.zstd`', url='https://districtven.text2029mail.workers.dev/?cinema_id=1005804&date=2026-08-23'
[12:28:09] ❌ 1012189 ClientResponseError: 400, message='Can not decode content-encoding: zstandard (zstd). Please install `backports.zstd`', url='https://districtven.text2029mail.workers.dev/?cinema_id=1012189&date=2026-08-23'
[12:28:09] ❌ 1037532 ClientResponseError: 400, message='Can not decode content-encoding: zstandard (zstd). Please install `backports.zstd`', url='https://districtven.text2029mail.workers.dev/?cinema_id=1037532&date=2026-08-23'
[12:28:09] ❌ 1021922 ClientResponseError: 400, message='Can not decode content-encoding: zstandard (zstd). Please install `backports.zstd`', url='https://districtven.text2029mail.workers.dev/?cinema_id=1021922&date=2026-08-23'
[12:28:09] ❌ 9350 ClientResponseError: 400, message='Can not decode content-encoding: zstandard (zstd). Please install `backports.zstd`', url='https://districtven.text2029mail.workers.dev/?cinema_id=9350&date=2026-08-23'
[12:28:09] ❌ 36879 ClientResponseError: 400, message='Can not decode content-encoding: zstandard (zstd). Please install `backports.zstd`', url='https://districtven.text2029mail.workers.dev/?cinema_id=36879&date=2026-08-23'
[12:28:10] ❌ 1040731 ClientResponseError: 400, message='Can not decode content-encoding: zstandard (zstd). Please install `backports.zstd`', url='https://districtven.text2029mail.workers.dev/?cinema_id=1040731&date=2026-08-23'
[12:28:10] ❌ 1037345 ClientResponseError: 400, message='Can not decode content-encoding: zstandard (zstd). Please install `backports.zstd`', url='https://districtven.text2029mail.workers.dev/?cinema_id=1037345&date=2026-08-23'
[12:28:10] ❌ 1041505 ClientResponseError: 400, message='Can not decode content-encoding: zstandard (zstd). Please install `backports.zstd`', url='https://districtven.text2029mail.workers.dev/?cinema_id=1041505&date=2026-08-23'
[12:28:10] ❌ 4036 ClientResponseError: 400, message='Can not decode content-encoding: zstandard (zstd). Please install `backports.zstd`', url='https://districtven.text2029mail.workers.dev/?cinema_id=4036&date=2026-08-23'
[12:28:11] ❌ 1034324 ClientResponseError: 400, message='Can not decode content-encoding: zstandard (zstd). Please install `backports.zstd`', url='https://districtven.text2029mail.workers.dev/?cinema_id=1034324&date=2026-08-23'
[12:28:11] ❌ 1005797 ClientResponseError: 400, message='Can not decode content-encoding: zstandard (zstd). Please install `backports.zstd`', url='https://districtven.text2029mail.workers.dev/?cinema_id=1005797&date=2026-08-23'
[12:28:11] ❌ 14166 ClientResponseError: 400, message='Can not decode content-encoding: zstandard (zstd). Please install `backports.zstd`', url='https://districtven.text2029mail.workers.dev/?cinema_id=14166&date=2026-08-23'
[12:28:11] ❌ 9551 ClientResponseError: 400, message='Can not decode content-encoding: zstandard (zstd). Please install `backports.zstd`', url='https://districtven.text2029mail.workers.dev/?cinema_id=9551&date=2026-08-23'
[12:28:12] ❌ 1039272 ClientResponseError: 400, message='Can not decode content-encoding: zstandard (zstd). Please install `backports.zstd`', url='https://districtven.text2029mail.workers.dev/?cinema_id=1039272&date=2026-08-23'
[12:28:12] ❌ 4733 ClientResponseError: 400, message='Can not decode content-encoding: zstandard (zstd). Please install `backports.zstd`', url='https://districtven.text2029mail.workers.dev/?cinema_id=4733&date=2026-08-23'
[12:28:12] ❌ 7350 ClientResponseError: 400, message='Can not decode content-encoding: zstandard (zstd). Please install `backports.zstd`', url='https://districtven.text2029mail.workers.dev/?cinema_id=7350&date=2026-08-23'
[12:28:12] ❌ 9474 ClientResponseError: 400, message='Can not decode content-encoding: zstandard (zstd). Please install `backports.zstd`', url='https://districtven.text2029mail.workers.dev/?cinema_id=9474&date=2026-08-23'
[12:28:12] ❌ 1008404 ClientResponseError: 400, message='Can not decode content-encoding: zstandard (zstd). Please install `backports.zstd`', url='https://districtven.text2029mail.workers.dev/?cinema_id=1008404&date=2026-08-23'
[12:28:13] ❌ 1042439 ClientResponseError: 400, message='Can not decode content-encoding: zstandard (zstd). Please install `backports.zstd`', url='https://districtven.text2029mail.workers.dev/?cinema_id=1042439&date=2026-08-23'
[12:28:13] ❌ 1037506 ClientResponseError: 400, message='Can not decode content-encoding: zstandard (zstd). Please install `backports.zstd`', url='https://districtven.text2029mail.workers.dev/?cinema_id=1037506&date=2026-08-23'
[12:28:14] ❌ 4272 ClientResponseError: 400, message='Can not decode content-encoding: zstandard (zstd). Please install `backports.zstd`', url='https://districtven.text2029mail.workers.dev/?cinema_id=4272&date=2026-08-23'
[12:28:14] ❌ 9491 ClientResponseError: 400, message='Can not decode content-encoding: zstandard (zstd). Please install `backports.zstd`', url='https://districtven.text2029mail.workers.dev/?cinema_id=9491&date=2026-08-23'
[12:28:14] ❌ 1071622 ClientResponseError: 400, message='Can not decode content-encoding: zstandard (zstd). Please install `backports.zstd`', url='https://districtven.text2029mail.workers.dev/?cinema_id=1071622&date=2026-08-23'
[12:28:14] ❌ 18823 ClientResponseError: 400, message='Can not decode content-encoding: zstandard (zstd). Please install `backports.zstd`', url='https://districtven.text2029mail.workers.dev/?cinema_id=18823&date=2026-08-23'
[12:28:15] ❌ 1031296 ClientResponseError: 400, message='Can not decode content-encoding: zstandard (zstd). Please install `backports.zstd`', url='https://districtven.text2029mail.workers.dev/?cinema_id=1031296&date=2026-08-23'
[12:28:15] ❌ 1012081 ClientResponseError: 400, message='Can not decode content-encoding: zstandard (zstd). Please install `backports.zstd`', url='https://districtven.text2029mail.workers.dev/?cinema_id=1012081&date=2026-08-23'
[12:28:15] ❌ 4725 ClientResponseError: 400, message='Can not decode content-encoding: zstandard (zstd). Please install `backports.zstd`', url='https://districtven.text2029mail.workers.dev/?cinema_id=4725&date=2026-08-23'
[12:28:15] ❌ 4045 ClientResponseError: 400, message='Can not decode content-encoding: zstandard (zstd). Please install `backports.zstd`', url='https://districtven.text2029mail.workers.dev/?cinema_id=4045&date=2026-08-23'
[12:28:15] ❌ 1025740 ClientResponseError: 400, message='Can not decode content-encoding: zstandard (zstd). Please install `backports.zstd`', url='https://districtven.text2029mail.workers.dev/?cinema_id=1025740&date=2026-08-23'
[12:28:16] ❌ 1027903 ClientResponseError: 400, message='Can not decode content-encoding: zstandard (zstd). Please install `backports.zstd`', url='https://districtven.text2029mail.workers.dev/?cinema_id=1027903&date=2026-08-23'
[12:28:16] ❌ 14669 ClientResponseError: 400, message='Can not decode content-encoding: zstandard (zstd). Please install `backports.zstd`', url='https://districtven.text2029mail.workers.dev/?cinema_id=14669&date=2026-08-23'
[12:28:17] ❌ 4715 ClientResponseError: 400, message='Can not decode content-encoding: zstandard (zstd). Please install `backports.zstd`', url='https://districtven.text2029mail.workers.dev/?cinema_id=4715&date=2026-08-23'
[12:28:17] ❌ 9132 ClientResponseError: 400, message='Can not decode content-encoding: zstandard (zstd). Please install `backports.zstd`', url='https://districtven.text2029mail.workers.dev/?cinema_id=9132&date=2026-08-23'
[12:28:17] ❌ 5058 ClientResponseError: 400, message='Can not decode content-encoding: zstandard (zstd). Please install `backports.zstd`', url='https://districtven.text2029mail.workers.dev/?cinema_id=5058&date=2026-08-23'
[12:28:17] ❌ 1015840 ClientResponseError: 400, message='Can not decode content-encoding: zstandard (zstd). Please install `backports.zstd`', url='https://districtven.text2029mail.workers.dev/?cinema_id=1015840&date=2026-08-23'
[12:28:17] ❌ 1037523 ClientResponseError: 400, message='Can not decode content-encoding: zstandard (zstd). Please install `backports.zstd`', url='https://districtven.text2029mail.workers.dev/?cinema_id=1037523&date=2026-08-23'
[12:28:18] ❌ 1014990 ClientResponseError: 400, message='Can not decode content-encoding: zstandard (zstd). Please install `backports.zstd`', url='https://districtven.text2029mail.workers.dev/?cinema_id=1014990&date=2026-08-23'
[12:28:19] ❌ 26640 ClientResponseError: 400, message='Can not decode content-encoding: zstandard (zstd). Please install `backports.zstd`', url='https://districtven.text2029mail.workers.dev/?cinema_id=26640&date=2026-08-23'
[12:28:19] ❌ 42945 ClientResponseError: 400, message='Can not decode content-encoding: zstandard (zstd). Please install `backports.zstd`', url='https://districtven.text2029mail.workers.dev/?cinema_id=42945&date=2026-08-23'
[12:28:19] ❌ 1064038 ClientResponseError: 400, message='Can not decode content-encoding: zstandard (zstd). Please install `backports.zstd`', url='https://districtven.text2029mail.workers.dev/?cinema_id=1064038&date=2026-08-23'
[12:28:19] ❌ 1052503 ClientResponseError: 400, message='Can not decode content-encoding: zstandard (zstd). Please install `backports.zstd`', url='https://districtven.text2029mail.workers.dev/?cinema_id=1052503&date=2026-08-23'
[12:28:19] ❌ 1065987 ClientResponseError: 400, message='Can not decode content-encoding: zstandard (zstd). Please install `backports.zstd`', url='https://districtven.text2029mail.workers.dev/?cinema_id=1065987&date=2026-08-23'
[12:28:19] ❌ 46485 ClientResponseError: 400, message='Can not decode content-encoding: zstandard (zstd). Please install `backports.zstd`', url='https://districtven.text2029mail.workers.dev/?cinema_id=46485&date=2026-08-23'
[12:28:19] ❌ 1015442 ClientResponseError: 400, message='Can not decode content-encoding: zstandard (zstd). Please install `backports.zstd`', url='https://districtven.text2029mail.workers.dev/?cinema_id=1015442&date=2026-08-23'
[12:28:19] ❌ 4050 ClientResponseError: 400, message='Can not decode content-encoding: zstandard (zstd). Please install `backports.zstd`', url='https://districtven.text2029mail.workers.dev/?cinema_id=4050&date=2026-08-23'
[12:28:21] ❌ 1041473 ClientResponseError: 400, message='Can not decode content-encoding: zstandard (zstd). Please install `backports.zstd`', url='https://districtven.text2029mail.workers.dev/?cinema_id=1041473&date=2026-08-23'
[12:28:21] ❌ 1041496 ClientResponseError: 400, message='Can not decode content-encoding: zstandard (zstd). Please install `backports.zstd`', url='https://districtven.text2029mail.workers.dev/?cinema_id=1041496&date=2026-08-23'
[12:28:21] ❌ 7137 ClientResponseError: 400, message='Can not decode content-encoding: zstandard (zstd). Please install `backports.zstd`', url='https://districtven.text2029mail.workers.dev/?cinema_id=7137&date=2026-08-23'
[12:28:21] ❌ 1036772 ClientResponseError: 400, message='Can not decode content-encoding: zstandard (zstd). Please install `backports.zstd`', url='https://districtven.text2029mail.workers.dev/?cinema_id=1036772&date=2026-08-23'
[12:28:21] ❌ 51499 ClientResponseError: 400, message='Can not decode content-encoding: zstandard (zstd). Please install `backports.zstd`', url='https://districtven.text2029mail.workers.dev/?cinema_id=51499&date=2026-08-23'
[12:28:21] ❌ 1037514 ClientResponseError: 400, message='Can not decode content-encoding: zstandard (zstd). Please install `backports.zstd`', url='https://districtven.text2029mail.workers.dev/?cinema_id=1037514&date=2026-08-23'
[12:28:22] ❌ 1016381 ClientResponseError: 400, message='Can not decode content-encoding: zstandard (zstd). Please install `backports.zstd`', url='https://districtven.text2029mail.workers.dev/?cinema_id=1016381&date=2026-08-23'
[12:28:22] ❌ 18460 ClientResponseError: 400, message='Can not decode content-encoding: zstandard (zstd). Please install `backports.zstd`', url='https://districtven.text2029mail.workers.dev/?cinema_id=18460&date=2026-08-23'
[12:28:22] ❌ 27219 ClientResponseError: 400, message='Can not decode content-encoding: zstandard (zstd). Please install `backports.zstd`', url='https://districtven.text2029mail.workers.dev/?cinema_id=27219&date=2026-08-23'
[12:28:22] ❌ 7679 ClientResponseError: 400, message='Can not decode content-encoding: zstandard (zstd). Please install `backports.zstd`', url='https://districtven.text2029mail.workers.dev/?cinema_id=7679&date=2026-08-23'
[12:28:23] ❌ 7618 ClientResponseError: 400, message='Can not decode content-encoding: zstandard (zstd). Please install `backports.zstd`', url='https://districtven.text2029mail.workers.dev/?cinema_id=7618&date=2026-08-23'
[12:28:24] ❌ 4051 ClientResponseError: 400, message='Can not decode content-encoding: zstandard (zstd). Please install `backports.zstd`', url='https://districtven.text2029mail.workers.dev/?cinema_id=4051&date=2026-08-23'
[12:28:24] ❌ 9136 ClientResponseError: 400, message='Can not decode content-encoding: zstandard (zstd). Please install `backports.zstd`', url='https://districtven.text2029mail.workers.dev/?cinema_id=9136&date=2026-08-23'
[12:28:24] ❌ 1020453 ClientResponseError: 400, message='Can not decode content-encoding: zstandard (zstd). Please install `backports.zstd`', url='https://districtven.text2029mail.workers.dev/?cinema_id=1020453&date=2026-08-23'
[12:28:24] ❌ 1020547 ClientResponseError: 400, message='Can not decode content-encoding: zstandard (zstd). Please install `backports.zstd`', url='https://districtven.text2029mail.workers.dev/?cinema_id=1020547&date=2026-08-23'
[12:28:24] ❌ 16522 ClientResponseError: 400, message='Can not decode content-encoding: zstandard (zstd). Please install `backports.zstd`', url='https://districtven.text2029mail.workers.dev/?cinema_id=16522&date=2026-08-23'
[12:28:25] ❌ 1037510 ClientResponseError: 400, message='Can not decode content-encoding: zstandard (zstd). Please install `backports.zstd`', url='https://districtven.text2029mail.workers.dev/?cinema_id=1037510&date=2026-08-23'
[12:28:25] ❌ 1041458 ClientResponseError: 400, message='Can not decode content-encoding: zstandard (zstd). Please install `backports.zstd`', url='https://districtven.text2029mail.workers.dev/?cinema_id=1041458&date=2026-08-23'
[12:28:25] ❌ 1041393 ClientResponseError: 400, message='Can not decode content-encoding: zstandard (zstd). Please install `backports.zstd`', url='https://districtven.text2029mail.workers.dev/?cinema_id=1041393&date=2026-08-23'
[12:28:25] ❌ 1041242 ClientResponseError: 400, message='Can not decode content-encoding: zstandard (zstd). Please install `backports.zstd`', url='https://districtven.text2029mail.workers.dev/?cinema_id=1041242&date=2026-08-23'
[12:28:25] ❌ 5145 ClientResponseError: 400, message='Can not decode content-encoding: zstandard (zstd). Please install `backports.zstd`', url='https://districtven.text2029mail.workers.dev/?cinema_id=5145&date=2026-08-23'
[12:28:25] ❌ 1075745 ClientResponseError: 400, message='Can not decode content-encoding: zstandard (zstd). Please install `backports.zstd`', url='https://districtven.text2029mail.workers.dev/?cinema_id=1075745&date=2026-08-23'
[12:28:26] ❌ 1084553 ClientResponseError: 400, message='Can not decode content-encoding: zstandard (zstd). Please install `backports.zstd`', url='https://districtven.text2029mail.workers.dev/?cinema_id=1084553&date=2026-08-23'
[12:28:26] ❌ 1015286 ClientResponseError: 400, message='Can not decode content-encoding: zstandard (zstd). Please install `backports.zstd`', url='https://districtven.text2029mail.workers.dev/?cinema_id=1015286&date=2026-08-23'
[12:28:27] ❌ 3965 ClientResponseError: 400, message='Can not decode content-encoding: zstandard (zstd). Please install `backports.zstd`', url='https://districtven.text2029mail.workers.dev/?cinema_id=3965&date=2026-08-23'
[12:28:27] ❌ 1032461 ClientResponseError: 400, message='Can not decode content-encoding: zstandard (zstd). Please install `backports.zstd`', url='https://districtven.text2029mail.workers.dev/?cinema_id=1032461&date=2026-08-23'
[12:28:27] ❌ 25571 ClientResponseError: 400, message='Can not decode content-encoding: zstandard (zstd). Please install `backports.zstd`', url='https://districtven.text2029mail.workers.dev/?cinema_id=25571&date=2026-08-23'
[12:28:28] ❌ 1037531 ClientResponseError: 400, message='Can not decode content-encoding: zstandard (zstd). Please install `backports.zstd`', url='https://districtven.text2029mail.workers.dev/?cinema_id=1037531&date=2026-08-23'
[12:28:28] ❌ 9174 ClientResponseError: 400, message='Can not decode content-encoding: zstandard (zstd). Please install `backports.zstd`', url='https://districtven.text2029mail.workers.dev/?cinema_id=9174&date=2026-08-23'
[12:28:28] ❌ 55466 ClientResponseError: 400, message='Can not decode content-encoding: zstandard (zstd). Please install `backports.zstd`', url='https://districtven.text2029mail.workers.dev/?cinema_id=55466&date=2026-08-23'
[12:28:28] ❌ 9384 ClientResponseError: 400, message='Can not decode content-encoding: zstandard (zstd). Please install `backports.zstd`', url='https://districtven.text2029mail.workers.dev/?cinema_id=9384&date=2026-08-23'
[12:28:28] ❌ 1039840 ClientResponseError: 400, message='Can not decode content-encoding: zstandard (zstd). Please install `backports.zstd`', url='https://districtven.text2029mail.workers.dev/?cinema_id=1039840&date=2026-08-23'
[12:28:28] ❌ 9194 ClientResponseError: 400, message='Can not decode content-encoding: zstandard (zstd). Please install `backports.zstd`', url='https://districtven.text2029mail.workers.dev/?cinema_id=9194&date=2026-08-23'
[12:28:29] ❌ 7232 ClientResponseError: 400, message='Can not decode content-encoding: zstandard (zstd). Please install `backports.zstd`', url='https://districtven.text2029mail.workers.dev/?cinema_id=7232&date=2026-08-23'
[12:28:29] ❌ 26281 ClientResponseError: 400, message='Can not decode content-encoding: zstandard (zstd). Please install `backports.zstd`', url='https://districtven.text2029mail.workers.dev/?cinema_id=26281&date=2026-08-23'
[12:28:30] ❌ 1032460 ClientResponseError: 400, message='Can not decode content-encoding: zstandard (zstd). Please install `backports.zstd`', url='https://districtven.text2029mail.workers.dev/?cinema_id=1032460&date=2026-08-23'
[12:28:30] ❌ 1037527 ClientResponseError: 400, message='Can not decode content-encoding: zstandard (zstd). Please install `backports.zstd`', url='https://districtven.text2029mail.workers.dev/?cinema_id=1037527&date=2026-08-23'
[12:28:30] ❌ 1003767 ClientResponseError: 400, message='Can not decode content-encoding: zstandard (zstd). Please install `backports.zstd`', url='https://districtven.text2029mail.workers.dev/?cinema_id=1003767&date=2026-08-23'
[12:28:30] ❌ 1016383 ClientResponseError: 400, message='Can not decode content-encoding: zstandard (zstd). Please install `backports.zstd`', url='https://districtven.text2029mail.workers.dev/?cinema_id=1016383&date=2026-08-23'
[12:28:30] ❌ 55853 ClientResponseError: 400, message='Can not decode content-encoding: zstandard (zstd). Please install `backports.zstd`', url='https://districtven.text2029mail.workers.dev/?cinema_id=55853&date=2026-08-23'
[12:28:31] ❌ 30784 ClientResponseError: 400, message='Can not decode content-encoding: zstandard (zstd). Please install `backports.zstd`', url='https://districtven.text2029mail.workers.dev/?cinema_id=30784&date=2026-08-23'
[12:28:31] ❌ 25045 ClientResponseError: 400, message='Can not decode content-encoding: zstandard (zstd). Please install `backports.zstd`', url='https://districtven.text2029mail.workers.dev/?cinema_id=25045&date=2026-08-23'
[12:28:31] ❌ 1037491 ClientResponseError: 400, message='Can not decode content-encoding: zstandard (zstd). Please install `backports.zstd`', url='https://districtven.text2029mail.workers.dev/?cinema_id=1037491&date=2026-08-23'
[12:28:32] ❌ 1037503 ClientResponseError: 400, message='Can not decode content-encoding: zstandard (zstd). Please install `backports.zstd`', url='https://districtven.text2029mail.workers.dev/?cinema_id=1037503&date=2026-08-23'
[12:28:32] ❌ 1029684 ClientResponseError: 400, message='Can not decode content-encoding: zstandard (zstd). Please install `backports.zstd`', url='https://districtven.text2029mail.workers.dev/?cinema_id=1029684&date=2026-08-23'
[12:28:32] ❌ 25181 ClientResponseError: 400, message='Can not decode content-encoding: zstandard (zstd). Please install `backports.zstd`', url='https://districtven.text2029mail.workers.dev/?cinema_id=25181&date=2026-08-23'
[12:28:33] ❌ 1041239 ClientResponseError: 400, message='Can not decode content-encoding: zstandard (zstd). Please install `backports.zstd`', url='https://districtven.text2029mail.workers.dev/?cinema_id=1041239&date=2026-08-23'
[12:28:33] ❌ 9246 ClientResponseError: 400, message='Can not decode content-encoding: zstandard (zstd). Please install `backports.zstd`', url='https://districtven.text2029mail.workers.dev/?cinema_id=9246&date=2026-08-23'
[12:28:33] ❌ 19513 ClientResponseError: 400, message='Can not decode content-encoding: zstandard (zstd). Please install `backports.zstd`', url='https://districtven.text2029mail.workers.dev/?cinema_id=19513&date=2026-08-23'
[12:28:33] ❌ 1007282 ClientResponseError: 400, message='Can not decode content-encoding: zstandard (zstd). Please install `backports.zstd`', url='https://districtven.text2029mail.workers.dev/?cinema_id=1007282&date=2026-08-23'
[12:28:33] ❌ 18164 ClientResponseError: 400, message='Can not decode content-encoding: zstandard (zstd). Please install `backports.zstd`', url='https://districtven.text2029mail.workers.dev/?cinema_id=18164&date=2026-08-23'
[12:28:34] ❌ 5182 ClientResponseError: 400, message='Can not decode content-encoding: zstandard (zstd). Please install `backports.zstd`', url='https://districtven.text2029mail.workers.dev/?cinema_id=5182&date=2026-08-23'
[12:28:34] ❌ 3896 ClientResponseError: 400, message='Can not decode content-encoding: zstandard (zstd). Please install `backports.zstd`', url='https://districtven.text2029mail.workers.dev/?cinema_id=3896&date=2026-08-23'
[12:28:35] ❌ 9285 ClientResponseError: 400, message='Can not decode content-encoding: zstandard (zstd). Please install `backports.zstd`', url='https://districtven.text2029mail.workers.dev/?cinema_id=9285&date=2026-08-23'
[12:28:35] ❌ 1015975 ClientResponseError: 400, message='Can not decode content-encoding: zstandard (zstd). Please install `backports.zstd`', url='https://districtven.text2029mail.workers.dev/?cinema_id=1015975&date=2026-08-23'
[12:28:36] ❌ 1012280 ClientResponseError: 400, message='Can not decode content-encoding: zstandard (zstd). Please install `backports.zstd`', url='https://districtven.text2029mail.workers.dev/?cinema_id=1012280&date=2026-08-23'
[12:28:36] ❌ 1035744 ClientResponseError: 400, message='Can not decode content-encoding: zstandard (zstd). Please install `backports.zstd`', url='https://districtven.text2029mail.workers.dev/?cinema_id=1035744&date=2026-08-23'
[12:28:36] ❌ 1037517 ClientResponseError: 400, message='Can not decode content-encoding: zstandard (zstd). Please install `backports.zstd`', url='https://districtven.text2029mail.workers.dev/?cinema_id=1037517&date=2026-08-23'
[12:28:36] ❌ 1037516 ClientResponseError: 400, message='Can not decode content-encoding: zstandard (zstd). Please install `backports.zstd`', url='https://districtven.text2029mail.workers.dev/?cinema_id=1037516&date=2026-08-23'
[12:28:37] ❌ 62250 ClientResponseError: 400, message='Can not decode content-encoding: zstandard (zstd). Please install `backports.zstd`', url='https://districtven.text2029mail.workers.dev/?cinema_id=62250&date=2026-08-23'
[12:28:37] ❌ 1037521 ClientResponseError: 400, message='Can not decode content-encoding: zstandard (zstd). Please install `backports.zstd`', url='https://districtven.text2029mail.workers.dev/?cinema_id=1037521&date=2026-08-23'
[12:28:37] ❌ 1042605 ClientResponseError: 400, message='Can not decode content-encoding: zstandard (zstd). Please install `backports.zstd`', url='https://districtven.text2029mail.workers.dev/?cinema_id=1042605&date=2026-08-23'
[12:28:37] ❌ 1032901 ClientResponseError: 400, message='Can not decode content-encoding: zstandard (zstd). Please install `backports.zstd`', url='https://districtven.text2029mail.workers.dev/?cinema_id=1032901&date=2026-08-23'
[12:28:37] ❌ 1088811 ClientResponseError: 400, message='Can not decode content-encoding: zstandard (zstd). Please install `backports.zstd`', url='https://districtven.text2029mail.workers.dev/?cinema_id=1088811&date=2026-08-23'
[12:28:37] ❌ 1040181 ClientResponseError: 400, message='Can not decode content-encoding: zstandard (zstd). Please install `backports.zstd`', url='https://districtven.text2029mail.workers.dev/?cinema_id=1040181&date=2026-08-23'
[12:28:38] ❌ 7293 ClientResponseError: 400, message='Can not decode content-encoding: zstandard (zstd). Please install `backports.zstd`', url='https://districtven.text2029mail.workers.dev/?cinema_id=7293&date=2026-08-23'
[12:28:38] ❌ 1041804 ClientResponseError: 400, message='Can not decode content-encoding: zstandard (zstd). Please install `backports.zstd`', url='https://districtven.text2029mail.workers.dev/?cinema_id=1041804&date=2026-08-23'
[12:28:39] ❌ 4889 ClientResponseError: 400, message='Can not decode content-encoding: zstandard (zstd). Please install `backports.zstd`', url='https://districtven.text2029mail.workers.dev/?cinema_id=4889&date=2026-08-23'
[12:28:39] ❌ 14354 ClientResponseError: 400, message='Can not decode content-encoding: zstandard (zstd). Please install `backports.zstd`', url='https://districtven.text2029mail.workers.dev/?cinema_id=14354&date=2026-08-23'
[12:28:39] ❌ 1020338 ClientResponseError: 400, message='Can not decode content-encoding: zstandard (zstd). Please install `backports.zstd`', url='https://districtven.text2029mail.workers.dev/?cinema_id=1020338&date=2026-08-23'
[12:28:40] ❌ 5220 ClientResponseError: 400, message='Can not decode content-encoding: zstandard (zstd). Please install `backports.zstd`', url='https://districtven.text2029mail.workers.dev/?cinema_id=5220&date=2026-08-23'
[12:28:40] ❌ 1061843 ClientResponseError: 400, message='Can not decode content-encoding: zstandard (zstd). Please install `backports.zstd`', url='https://districtven.text2029mail.workers.dev/?cinema_id=1061843&date=2026-08-23'
[12:28:40] ❌ 16523 ClientResponseError: 400, message='Can not decode content-encoding: zstandard (zstd). Please install `backports.zstd`', url='https://districtven.text2029mail.workers.dev/?cinema_id=16523&date=2026-08-23'
[12:28:40] ❌ 5150 ClientResponseError: 400, message='Can not decode content-encoding: zstandard (zstd). Please install `backports.zstd`', url='https://districtven.text2029mail.workers.dev/?cinema_id=5150&date=2026-08-23'
[12:28:40] ❌ 1047917 ClientResponseError: 400, message='Can not decode content-encoding: zstandard (zstd). Please install `backports.zstd`', url='https://districtven.text2029mail.workers.dev/?cinema_id=1047917&date=2026-08-23'
[12:28:40] ❌ 1041199 ClientResponseError: 400, message='Can not decode content-encoding: zstandard (zstd). Please install `backports.zstd`', url='https://districtven.text2029mail.workers.dev/?cinema_id=1041199&date=2026-08-23'
[12:28:41] ❌ 1056892 ClientResponseError: 400, message='Can not decode content-encoding: zstandard (zstd). Please install `backports.zstd`', url='https://districtven.text2029mail.workers.dev/?cinema_id=1056892&date=2026-08-23'
[12:28:42] ❌ 6119 ClientResponseError: 400, message='Can not decode content-encoding: zstandard (zstd). Please install `backports.zstd`', url='https://districtven.text2029mail.workers.dev/?cinema_id=6119&date=2026-08-23'
[12:28:42] ❌ 4910 ClientResponseError: 400, message='Can not decode content-encoding: zstandard (zstd). Please install `backports.zstd`', url='https://districtven.text2029mail.workers.dev/?cinema_id=4910&date=2026-08-23'
[12:28:42] ❌ 4780 ClientResponseError: 400, message='Can not decode content-encoding: zstandard (zstd). Please install `backports.zstd`', url='https://districtven.text2029mail.workers.dev/?cinema_id=4780&date=2026-08-23'
[12:28:42] ❌ 1041683 ClientResponseError: 400, message='Can not decode content-encoding: zstandard (zstd). Please install `backports.zstd`', url='https://districtven.text2029mail.workers.dev/?cinema_id=1041683&date=2026-08-23'
[12:28:42] ❌ 1084822 ClientResponseError: 400, message='Can not decode content-encoding: zstandard (zstd). Please install `backports.zstd`', url='https://districtven.text2029mail.workers.dev/?cinema_id=1084822&date=2026-08-23'
[12:28:42] ❌ 4919 ClientResponseError: 400, message='Can not decode content-encoding: zstandard (zstd). Please install `backports.zstd`', url='https://districtven.text2029mail.workers.dev/?cinema_id=4919&date=2026-08-23'
[12:28:42] ❌ 1052727 ClientResponseError: 400, message='Can not decode content-encoding: zstandard (zstd). Please install `backports.zstd`', url='https://districtven.text2029mail.workers.dev/?cinema_id=1052727&date=2026-08-23'
[12:28:43] ❌ 1036383 ClientResponseError: 400, message='Can not decode content-encoding: zstandard (zstd). Please install `backports.zstd`', url='https://districtven.text2029mail.workers.dev/?cinema_id=1036383&date=2026-08-23'
[12:28:43] ❌ 1050804 ClientResponseError: 400, message='Can not decode content-encoding: zstandard (zstd). Please install `backports.zstd`', url='https://districtven.text2029mail.workers.dev/?cinema_id=1050804&date=2026-08-23'
[12:28:43] ❌ 1033177 ClientResponseError: 400, message='Can not decode content-encoding: zstandard (zstd). Please install `backports.zstd`', url='https://districtven.text2029mail.workers.dev/?cinema_id=1033177&date=2026-08-23'
[12:28:44] ❌ 29954 ClientResponseError: 400, message='Can not decode content-encoding: zstandard (zstd). Please install `backports.zstd`', url='https://districtven.text2029mail.workers.dev/?cinema_id=29954&date=2026-08-23'
[12:28:44] ❌ 9784 ClientResponseError: 400, message='Can not decode content-encoding: zstandard (zstd). Please install `backports.zstd`', url='https://districtven.text2029mail.workers.dev/?cinema_id=9784&date=2026-08-23'
[12:28:44] ❌ 25281 ClientResponseError: 400, message='Can not decode content-encoding: zstandard (zstd). Please install `backports.zstd`', url='https://districtven.text2029mail.workers.dev/?cinema_id=25281&date=2026-08-23'
[12:28:44] ❌ 28235 ClientResponseError: 400, message='Can not decode content-encoding: zstandard (zstd). Please install `backports.zstd`', url='https://districtven.text2029mail.workers.dev/?cinema_id=28235&date=2026-08-23'
[12:28:45] ❌ 1018468 ClientResponseError: 400, message='Can not decode content-encoding: zstandard (zstd). Please install `backports.zstd`', url='https://districtven.text2029mail.workers.dev/?cinema_id=1018468&date=2026-08-23'
[12:28:45] ❌ 9661 ClientResponseError: 400, message='Can not decode content-encoding: zstandard (zstd). Please install `backports.zstd`', url='https://districtven.text2029mail.workers.dev/?cinema_id=9661&date=2026-08-23'
[12:28:46] ❌ 7537 ClientResponseError: 400, message='Can not decode content-encoding: zstandard (zstd). Please install `backports.zstd`', url='https://districtven.text2029mail.workers.dev/?cinema_id=7537&date=2026-08-23'
[12:28:46] ❌ 17483 ClientResponseError: 400, message='Can not decode content-encoding: zstandard (zstd). Please install `backports.zstd`', url='https://districtven.text2029mail.workers.dev/?cinema_id=17483&date=2026-08-23'
[12:28:46] ❌ 1041732 ClientResponseError: 400, message='Can not decode content-encoding: zstandard (zstd). Please install `backports.zstd`', url='https://districtven.text2029mail.workers.dev/?cinema_id=1041732&date=2026-08-23'
[12:28:46] ❌ 1041726 ClientResponseError: 400, message='Can not decode content-encoding: zstandard (zstd). Please install `backports.zstd`', url='https://districtven.text2029mail.workers.dev/?cinema_id=1041726&date=2026-08-23'
[12:28:47] ❌ 7826 ClientResponseError: 400, message='Can not decode content-encoding: zstandard (zstd). Please install `backports.zstd`', url='https://districtven.text2029mail.workers.dev/?cinema_id=7826&date=2026-08-23'
[12:28:47] ❌ 1030383 ClientResponseError: 400, message='Can not decode content-encoding: zstandard (zstd). Please install `backports.zstd`', url='https://districtven.text2029mail.workers.dev/?cinema_id=1030383&date=2026-08-23'
[12:28:47] ❌ 1006037 ClientResponseError: 400, message='Can not decode content-encoding: zstandard (zstd). Please install `backports.zstd`', url='https://districtven.text2029mail.workers.dev/?cinema_id=1006037&date=2026-08-23'
[12:28:47] ❌ 27725 ClientResponseError: 400, message='Can not decode content-encoding: zstandard (zstd). Please install `backports.zstd`', url='https://districtven.text2029mail.workers.dev/?cinema_id=27725&date=2026-08-23'
[12:28:48] ❌ 4852 ClientResponseError: 400, message='Can not decode content-encoding: zstandard (zstd). Please install `backports.zstd`', url='https://districtven.text2029mail.workers.dev/?cinema_id=4852&date=2026-08-23'
[12:28:48] ❌ 3145 ClientResponseError: 400, message='Can not decode content-encoding: zstandard (zstd). Please install `backports.zstd`', url='https://districtven.text2029mail.workers.dev/?cinema_id=3145&date=2026-08-23'
[12:28:48] ❌ 1013210 ClientResponseError: 400, message='Can not decode content-encoding: zstandard (zstd). Please install `backports.zstd`', url='https://districtven.text2029mail.workers.dev/?cinema_id=1013210&date=2026-08-23'
[12:28:48] ❌ 1041465 ClientResponseError: 400, message='Can not decode content-encoding: zstandard (zstd). Please install `backports.zstd`', url='https://districtven.text2029mail.workers.dev/?cinema_id=1041465&date=2026-08-23'
[12:28:49] ❌ 9150 ClientResponseError: 400, message='Can not decode content-encoding: zstandard (zstd). Please install `backports.zstd`', url='https://districtven.text2029mail.workers.dev/?cinema_id=9150&date=2026-08-23'
[12:28:49] ❌ 1055922 ClientResponseError: 400, message='Can not decode content-encoding: zstandard (zstd). Please install `backports.zstd`', url='https://districtven.text2029mail.workers.dev/?cinema_id=1055922&date=2026-08-23'
[12:28:49] ❌ 19110 ClientResponseError: 400, message='Can not decode content-encoding: zstandard (zstd). Please install `backports.zstd`', url='https://districtven.text2029mail.workers.dev/?cinema_id=19110&date=2026-08-23'
[12:28:50] ❌ 7814 ClientResponseError: 400, message='Can not decode content-encoding: zstandard (zstd). Please install `backports.zstd`', url='https://districtven.text2029mail.workers.dev/?cinema_id=7814&date=2026-08-23'
[12:28:50] ❌ 4163 ClientResponseError: 400, message='Can not decode content-encoding: zstandard (zstd). Please install `backports.zstd`', url='https://districtven.text2029mail.workers.dev/?cinema_id=4163&date=2026-08-23'
[12:28:50] ❌ 7753 ClientResponseError: 400, message='Can not decode content-encoding: zstandard (zstd). Please install `backports.zstd`', url='https://districtven.text2029mail.workers.dev/?cinema_id=7753&date=2026-08-23'
[12:28:50] ❌ 1074202 ClientResponseError: 400, message='Can not decode content-encoding: zstandard (zstd). Please install `backports.zstd`', url='https://districtven.text2029mail.workers.dev/?cinema_id=1074202&date=2026-08-23'
[12:28:50] ❌ 1028118 ClientResponseError: 400, message='Can not decode content-encoding: zstandard (zstd). Please install `backports.zstd`', url='https://districtven.text2029mail.workers.dev/?cinema_id=1028118&date=2026-08-23'
[12:28:51] ❌ 7856 ClientResponseError: 400, message='Can not decode content-encoding: zstandard (zstd). Please install `backports.zstd`', url='https://districtven.text2029mail.workers.dev/?cinema_id=7856&date=2026-08-23'
[12:28:52] ❌ 9044 ClientResponseError: 400, message='Can not decode content-encoding: zstandard (zstd). Please install `backports.zstd`', url='https://districtven.text2029mail.workers.dev/?cinema_id=9044&date=2026-08-23'
[12:28:52] ❌ 7312 ClientResponseError: 400, message='Can not decode content-encoding: zstandard (zstd). Please install `backports.zstd`', url='https://districtven.text2029mail.workers.dev/?cinema_id=7312&date=2026-08-23'
[12:28:52] ❌ 58822 ClientResponseError: 400, message='Can not decode content-encoding: zstandard (zstd). Please install `backports.zstd`', url='https://districtven.text2029mail.workers.dev/?cinema_id=58822&date=2026-08-23'
[12:28:52] ❌ 4340 ClientResponseError: 400, message='Can not decode content-encoding: zstandard (zstd). Please install `backports.zstd`', url='https://districtven.text2029mail.workers.dev/?cinema_id=4340&date=2026-08-23'
[12:28:52] ❌ 1019687 ClientResponseError: 400, message='Can not decode content-encoding: zstandard (zstd). Please install `backports.zstd`', url='https://districtven.text2029mail.workers.dev/?cinema_id=1019687&date=2026-08-23'
[12:28:53] ❌ 6096 ClientResponseError: 400, message='Can not decode content-encoding: zstandard (zstd). Please install `backports.zstd`', url='https://districtven.text2029mail.workers.dev/?cinema_id=6096&date=2026-08-23'
[12:28:53] ❌ 28863 ClientResponseError: 400, message='Can not decode content-encoding: zstandard (zstd). Please install `backports.zstd`', url='https://districtven.text2029mail.workers.dev/?cinema_id=28863&date=2026-08-23'
[12:28:53] ❌ 4904 ClientResponseError: 400, message='Can not decode content-encoding: zstandard (zstd). Please install `backports.zstd`', url='https://districtven.text2029mail.workers.dev/?cinema_id=4904&date=2026-08-23'
[12:28:53] ❌ 1050768 ClientResponseError: 400, message='Can not decode content-encoding: zstandard (zstd). Please install `backports.zstd`', url='https://districtven.text2029mail.workers.dev/?cinema_id=1050768&date=2026-08-23'
[12:28:53] ❌ 4255 ClientResponseError: 400, message='Can not decode content-encoding: zstandard (zstd). Please install `backports.zstd`', url='https://districtven.text2029mail.workers.dev/?cinema_id=4255&date=2026-08-23'
[12:28:54] ❌ 4379 ClientResponseError: 400, message='Can not decode content-encoding: zstandard (zstd). Please install `backports.zstd`', url='https://districtven.text2029mail.workers.dev/?cinema_id=4379&date=2026-08-23'
[12:28:54] ❌ 5080 ClientResponseError: 400, message='Can not decode content-encoding: zstandard (zstd). Please install `backports.zstd`', url='https://districtven.text2029mail.workers.dev/?cinema_id=5080&date=2026-08-23'
[12:28:54] ❌ 27432 ClientResponseError: 400, message='Can not decode content-encoding: zstandard (zstd). Please install `backports.zstd`', url='https://districtven.text2029mail.workers.dev/?cinema_id=27432&date=2026-08-23'
[12:28:55] ❌ 1041566 ClientResponseError: 400, message='Can not decode content-encoding: zstandard (zstd). Please install `backports.zstd`', url='https://districtven.text2029mail.workers.dev/?cinema_id=1041566&date=2026-08-23'
[12:28:55] ❌ 1398 ClientResponseError: 400, message='Can not decode content-encoding: zstandard (zstd). Please install `backports.zstd`', url='https://districtven.text2029mail.workers.dev/?cinema_id=1398&date=2026-08-23'
[12:28:55] ❌ 1088778 ClientResponseError: 400, message='Can not decode content-encoding: zstandard (zstd). Please install `backports.zstd`', url='https://districtven.text2029mail.workers.dev/?cinema_id=1088778&date=2026-08-23'
[12:28:56] ❌ 1020350 ClientResponseError: 400, message='Can not decode content-encoding: zstandard (zstd). Please install `backports.zstd`', url='https://districtven.text2029mail.workers.dev/?cinema_id=1020350&date=2026-08-23'
[12:28:56] ❌ 9131 ClientResponseError: 400, message='Can not decode content-encoding: zstandard (zstd). Please install `backports.zstd`', url='https://districtven.text2029mail.workers.dev/?cinema_id=9131&date=2026-08-23'
[12:28:56] ❌ 7260 ClientResponseError: 400, message='Can not decode content-encoding: zstandard (zstd). Please install `backports.zstd`', url='https://districtven.text2029mail.workers.dev/?cinema_id=7260&date=2026-08-23'
[12:28:56] ❌ 1026095 ClientResponseError: 400, message='Can not decode content-encoding: zstandard (zstd). Please install `backports.zstd`', url='https://districtven.text2029mail.workers.dev/?cinema_id=1026095&date=2026-08-23'
[12:28:57] ❌ 4425 ClientResponseError: 400, message='Can not decode content-encoding: zstandard (zstd). Please install `backports.zstd`', url='https://districtven.text2029mail.workers.dev/?cinema_id=4425&date=2026-08-23'
[12:28:57] ❌ 5105 ClientResponseError: 400, message='Can not decode content-encoding: zstandard (zstd). Please install `backports.zstd`', url='https://districtven.text2029mail.workers.dev/?cinema_id=5105&date=2026-08-23'
[12:28:57] ❌ 30441 ClientResponseError: 400, message='Can not decode content-encoding: zstandard (zstd). Please install `backports.zstd`', url='https://districtven.text2029mail.workers.dev/?cinema_id=30441&date=2026-08-23'
[12:28:57] ❌ 1042822 ClientResponseError: 400, message='Can not decode content-encoding: zstandard (zstd). Please install `backports.zstd`', url='https://districtven.text2029mail.workers.dev/?cinema_id=1042822&date=2026-08-23'
[12:28:57] ❌ 7627 ClientResponseError: 400, message='Can not decode content-encoding: zstandard (zstd). Please install `backports.zstd`', url='https://districtven.text2029mail.workers.dev/?cinema_id=7627&date=2026-08-23'
[12:28:58] ❌ 1039748 ClientResponseError: 400, message='Can not decode content-encoding: zstandard (zstd). Please install `backports.zstd`', url='https://districtven.text2029mail.workers.dev/?cinema_id=1039748&date=2026-08-23'
[12:28:59] ❌ 19289 ClientResponseError: 400, message='Can not decode content-encoding: zstandard (zstd). Please install `backports.zstd`', url='https://districtven.text2029mail.workers.dev/?cinema_id=19289&date=2026-08-23'
[12:28:59] ❌ 1041495 ClientResponseError: 400, message='Can not decode content-encoding: zstandard (zstd). Please install `backports.zstd`', url='https://districtven.text2029mail.workers.dev/?cinema_id=1041495&date=2026-08-23'
[12:28:59] ❌ 1041211 ClientResponseError: 400, message='Can not decode content-encoding: zstandard (zstd). Please install `backports.zstd`', url='https://districtven.text2029mail.workers.dev/?cinema_id=1041211&date=2026-08-23'
[12:28:59] ❌ 6079 ClientResponseError: 400, message='Can not decode content-encoding: zstandard (zstd). Please install `backports.zstd`', url='https://districtven.text2029mail.workers.dev/?cinema_id=6079&date=2026-08-23'
[12:28:59] ❌ 1033524 ClientResponseError: 400, message='Can not decode content-encoding: zstandard (zstd). Please install `backports.zstd`', url='https://districtven.text2029mail.workers.dev/?cinema_id=1033524&date=2026-08-23'
[12:28:59] ❌ 19294 ClientResponseError: 400, message='Can not decode content-encoding: zstandard (zstd). Please install `backports.zstd`', url='https://districtven.text2029mail.workers.dev/?cinema_id=19294&date=2026-08-23'
[12:28:59] ❌ 1041691 ClientResponseError: 400, message='Can not decode content-encoding: zstandard (zstd). Please install `backports.zstd`', url='https://districtven.text2029mail.workers.dev/?cinema_id=1041691&date=2026-08-23'
[12:29:00] ❌ 1054202 ClientResponseError: 400, message='Can not decode content-encoding: zstandard (zstd). Please install `backports.zstd`', url='https://districtven.text2029mail.workers.dev/?cinema_id=1054202&date=2026-08-23'
[12:29:00] ❌ 1031639 ClientResponseError: 400, message='Can not decode content-encoding: zstandard (zstd). Please install `backports.zstd`', url='https://districtven.text2029mail.workers.dev/?cinema_id=1031639&date=2026-08-23'
[12:29:00] ❌ 9176 ClientResponseError: 400, message='Can not decode content-encoding: zstandard (zstd). Please install `backports.zstd`', url='https://districtven.text2029mail.workers.dev/?cinema_id=9176&date=2026-08-23'
[12:29:00] ❌ 1014297 ClientResponseError: 400, message='Can not decode content-encoding: zstandard (zstd). Please install `backports.zstd`', url='https://districtven.text2029mail.workers.dev/?cinema_id=1014297&date=2026-08-23'
[12:29:01] ❌ 1009967 ClientResponseError: 400, message='Can not decode content-encoding: zstandard (zstd). Please install `backports.zstd`', url='https://districtven.text2029mail.workers.dev/?cinema_id=1009967&date=2026-08-23'
[12:29:01] ❌ 10268 ClientResponseError: 400, message='Can not decode content-encoding: zstandard (zstd). Please install `backports.zstd`', url='https://districtven.text2029mail.workers.dev/?cinema_id=10268&date=2026-08-23'
[12:29:02] ❌ 7308 ClientResponseError: 400, message='Can not decode content-encoding: zstandard (zstd). Please install `backports.zstd`', url='https://districtven.text2029mail.workers.dev/?cinema_id=7308&date=2026-08-23'
[12:29:02] ❌ 1031640 ClientResponseError: 400, message='Can not decode content-encoding: zstandard (zstd). Please install `backports.zstd`', url='https://districtven.text2029mail.workers.dev/?cinema_id=1031640&date=2026-08-23'
[12:29:02] ❌ 24522 ClientResponseError: 400, message='Can not decode content-encoding: zstandard (zstd). Please install `backports.zstd`', url='https://districtven.text2029mail.workers.dev/?cinema_id=24522&date=2026-08-23'
[12:29:03] ❌ 29510 ClientResponseError: 400, message='Can not decode content-encoding: zstandard (zstd). Please install `backports.zstd`', url='https://districtven.text2029mail.workers.dev/?cinema_id=29510&date=2026-08-23'
[12:29:03] ❌ 1055117 ClientResponseError: 400, message='Can not decode content-encoding: zstandard (zstd). Please install `backports.zstd`', url='https://districtven.text2029mail.workers.dev/?cinema_id=1055117&date=2026-08-23'
[12:29:03] ❌ 26729 ClientResponseError: 400, message='Can not decode content-encoding: zstandard (zstd). Please install `backports.zstd`', url='https://districtven.text2029mail.workers.dev/?cinema_id=26729&date=2026-08-23'
[12:29:03] ❌ 43960 ClientResponseError: 400, message='Can not decode content-encoding: zstandard (zstd). Please install `backports.zstd`', url='https://districtven.text2029mail.workers.dev/?cinema_id=43960&date=2026-08-23'
[12:29:03] ❌ 9780 ClientResponseError: 400, message='Can not decode content-encoding: zstandard (zstd). Please install `backports.zstd`', url='https://districtven.text2029mail.workers.dev/?cinema_id=9780&date=2026-08-23'
[12:29:04] ❌ 1013662 ClientResponseError: 400, message='Can not decode content-encoding: zstandard (zstd). Please install `backports.zstd`', url='https://districtven.text2029mail.workers.dev/?cinema_id=1013662&date=2026-08-23'
[12:29:05] ❌ 32811 ClientResponseError: 400, message='Can not decode content-encoding: zstandard (zstd). Please install `backports.zstd`', url='https://districtven.text2029mail.workers.dev/?cinema_id=32811&date=2026-08-23'
[12:29:05] ❌ 54684 ClientResponseError: 400, message='Can not decode content-encoding: zstandard (zstd). Please install `backports.zstd`', url='https://districtven.text2029mail.workers.dev/?cinema_id=54684&date=2026-08-23'
[12:29:05] ❌ 1039923 ClientResponseError: 400, message='Can not decode content-encoding: zstandard (zstd). Please install `backports.zstd`', url='https://districtven.text2029mail.workers.dev/?cinema_id=1039923&date=2026-08-23'
[12:29:05] ❌ 9497 ClientResponseError: 400, message='Can not decode content-encoding: zstandard (zstd). Please install `backports.zstd`', url='https://districtven.text2029mail.workers.dev/?cinema_id=9497&date=2026-08-23'
[12:29:05] ❌ 984 ClientResponseError: 400, message='Can not decode content-encoding: zstandard (zstd). Please install `backports.zstd`', url='https://districtven.text2029mail.workers.dev/?cinema_id=984&date=2026-08-23'
[12:29:06] ❌ 1066216 ClientResponseError: 400, message='Can not decode content-encoding: zstandard (zstd). Please install `backports.zstd`', url='https://districtven.text2029mail.workers.dev/?cinema_id=1066216&date=2026-08-23'
[12:29:06] ❌ 482 ClientResponseError: 400, message='Can not decode content-encoding: zstandard (zstd). Please install `backports.zstd`', url='https://districtven.text2029mail.workers.dev/?cinema_id=482&date=2026-08-23'
[12:29:06] ❌ 33645 ClientResponseError: 400, message='Can not decode content-encoding: zstandard (zstd). Please install `backports.zstd`', url='https://districtven.text2029mail.workers.dev/?cinema_id=33645&date=2026-08-23'
[12:29:07] ❌ 12947 ClientResponseError: 400, message='Can not decode content-encoding: zstandard (zstd). Please install `backports.zstd`', url='https://districtven.text2029mail.workers.dev/?cinema_id=12947&date=2026-08-23'
[12:29:07] ❌ 1041684 ClientResponseError: 400, message='Can not decode content-encoding: zstandard (zstd). Please install `backports.zstd`', url='https://districtven.text2029mail.workers.dev/?cinema_id=1041684&date=2026-08-23'
[12:29:07] ❌ 9291 ClientResponseError: 400, message='Can not decode content-encoding: zstandard (zstd). Please install `backports.zstd`', url='https://districtven.text2029mail.workers.dev/?cinema_id=9291&date=2026-08-23'
[12:29:08] ❌ 1041782 ClientResponseError: 400, message='Can not decode content-encoding: zstandard (zstd). Please install `backports.zstd`', url='https://districtven.text2029mail.workers.dev/?cinema_id=1041782&date=2026-08-23'
[12:29:08] ❌ 4714 ClientResponseError: 400, message='Can not decode content-encoding: zstandard (zstd). Please install `backports.zstd`', url='https://districtven.text2029mail.workers.dev/?cinema_id=4714&date=2026-08-23'
[12:29:08] ❌ 9527 ClientResponseError: 400, message='Can not decode content-encoding: zstandard (zstd). Please install `backports.zstd`', url='https://districtven.text2029mail.workers.dev/?cinema_id=9527&date=2026-08-23'
[12:29:09] ❌ 1041729 ClientResponseError: 400, message='Can not decode content-encoding: zstandard (zstd). Please install `backports.zstd`', url='https://districtven.text2029mail.workers.dev/?cinema_id=1041729&date=2026-08-23'
[12:29:09] ❌ 9653 ClientResponseError: 400, message='Can not decode content-encoding: zstandard (zstd). Please install `backports.zstd`', url='https://districtven.text2029mail.workers.dev/?cinema_id=9653&date=2026-08-23'
[12:29:09] ❌ 1030384 ClientResponseError: 400, message='Can not decode content-encoding: zstandard (zstd). Please install `backports.zstd`', url='https://districtven.text2029mail.workers.dev/?cinema_id=1030384&date=2026-08-23'
[12:29:09] ❌ 1018796 ClientResponseError: 400, message='Can not decode content-encoding: zstandard (zstd). Please install `backports.zstd`', url='https://districtven.text2029mail.workers.dev/?cinema_id=1018796&date=2026-08-23'
[12:29:09] ❌ 4881 ClientResponseError: 400, message='Can not decode content-encoding: zstandard (zstd). Please install `backports.zstd`', url='https://districtven.text2029mail.workers.dev/?cinema_id=4881&date=2026-08-23'
[12:29:10] ❌ 22884 ClientResponseError: 400, message='Can not decode content-encoding: zstandard (zstd). Please install `backports.zstd`', url='https://districtven.text2029mail.workers.dev/?cinema_id=22884&date=2026-08-23'
[12:29:10] ❌ 476 ClientResponseError: 400, message='Can not decode content-encoding: zstandard (zstd). Please install `backports.zstd`', url='https://districtven.text2029mail.workers.dev/?cinema_id=476&date=2026-08-23'
[12:29:10] ❌ 1008441 ClientResponseError: 400, message='Can not decode content-encoding: zstandard (zstd). Please install `backports.zstd`', url='https://districtven.text2029mail.workers.dev/?cinema_id=1008441&date=2026-08-23'
[12:29:11] ❌ 1065452 ClientResponseError: 400, message='Can not decode content-encoding: zstandard (zstd). Please install `backports.zstd`', url='https://districtven.text2029mail.workers.dev/?cinema_id=1065452&date=2026-08-23'
[12:29:11] ❌ 5103 ClientResponseError: 400, message='Can not decode content-encoding: zstandard (zstd). Please install `backports.zstd`', url='https://districtven.text2029mail.workers.dev/?cinema_id=5103&date=2026-08-23'
[12:29:11] ❌ 1089364 ClientResponseError: 400, message='Can not decode content-encoding: zstandard (zstd). Please install `backports.zstd`', url='https://districtven.text2029mail.workers.dev/?cinema_id=1089364&date=2026-08-23'
[12:29:11] ❌ 1056146 ClientResponseError: 400, message='Can not decode content-encoding: zstandard (zstd). Please install `backports.zstd`', url='https://districtven.text2029mail.workers.dev/?cinema_id=1056146&date=2026-08-23'
[12:29:12] ❌ 1039863 ClientResponseError: 400, message='Can not decode content-encoding: zstandard (zstd). Please install `backports.zstd`', url='https://districtven.text2029mail.workers.dev/?cinema_id=1039863&date=2026-08-23'
[12:29:12] ❌ 1075662 ClientResponseError: 400, message='Can not decode content-encoding: zstandard (zstd). Please install `backports.zstd`', url='https://districtven.text2029mail.workers.dev/?cinema_id=1075662&date=2026-08-23'
[12:29:13] ❌ 15614 ClientResponseError: 400, message='Can not decode content-encoding: zstandard (zstd). Please install `backports.zstd`', url='https://districtven.text2029mail.workers.dev/?cinema_id=15614&date=2026-08-23'
[12:29:13] ❌ 1078620 ClientResponseError: 400, message='Can not decode content-encoding: zstandard (zstd). Please install `backports.zstd`', url='https://districtven.text2029mail.workers.dev/?cinema_id=1078620&date=2026-08-23'
[12:29:13] ❌ 1019544 ClientResponseError: 400, message='Can not decode content-encoding: zstandard (zstd). Please install `backports.zstd`', url='https://districtven.text2029mail.workers.dev/?cinema_id=1019544&date=2026-08-23'
[12:29:13] ❌ 24767 ClientResponseError: 400, message='Can not decode content-encoding: zstandard (zstd). Please install `backports.zstd`', url='https://districtven.text2029mail.workers.dev/?cinema_id=24767&date=2026-08-23'
[12:29:13] ❌ 1035939 ClientResponseError: 400, message='Can not decode content-encoding: zstandard (zstd). Please install `backports.zstd`', url='https://districtven.text2029mail.workers.dev/?cinema_id=1035939&date=2026-08-23'
[12:29:14] ❌ 3976 ClientResponseError: 400, message='Can not decode content-encoding: zstandard (zstd). Please install `backports.zstd`', url='https://districtven.text2029mail.workers.dev/?cinema_id=3976&date=2026-08-23'
[12:29:14] ❌ 1049289 ClientResponseError: 400, message='Can not decode content-encoding: zstandard (zstd). Please install `backports.zstd`', url='https://districtven.text2029mail.workers.dev/?cinema_id=1049289&date=2026-08-23'
[12:29:14] ❌ 14703 ClientResponseError: 400, message='Can not decode content-encoding: zstandard (zstd). Please install `backports.zstd`', url='https://districtven.text2029mail.workers.dev/?cinema_id=14703&date=2026-08-23'
[12:29:15] ❌ 6035 ClientResponseError: 400, message='Can not decode content-encoding: zstandard (zstd). Please install `backports.zstd`', url='https://districtven.text2029mail.workers.dev/?cinema_id=6035&date=2026-08-23'
[12:29:15] ❌ 1049288 ClientResponseError: 400, message='Can not decode content-encoding: zstandard (zstd). Please install `backports.zstd`', url='https://districtven.text2029mail.workers.dev/?cinema_id=1049288&date=2026-08-23'
[12:29:15] ❌ 1027244 ClientResponseError: 400, message='Can not decode content-encoding: zstandard (zstd). Please install `backports.zstd`', url='https://districtven.text2029mail.workers.dev/?cinema_id=1027244&date=2026-08-23'
[12:29:15] ❌ 1004633 ClientResponseError: 400, message='Can not decode content-encoding: zstandard (zstd). Please install `backports.zstd`', url='https://districtven.text2029mail.workers.dev/?cinema_id=1004633&date=2026-08-23'
[12:29:15] ❌ 52682 ClientResponseError: 400, message='Can not decode content-encoding: zstandard (zstd). Please install `backports.zstd`', url='https://districtven.text2029mail.workers.dev/?cinema_id=52682&date=2026-08-23'
[12:29:16] ❌ 1054735 ClientResponseError: 400, message='Can not decode content-encoding: zstandard (zstd). Please install `backports.zstd`', url='https://districtven.text2029mail.workers.dev/?cinema_id=1054735&date=2026-08-23'
[12:29:16] ❌ 1041567 ClientResponseError: 400, message='Can not decode content-encoding: zstandard (zstd). Please install `backports.zstd`', url='https://districtven.text2029mail.workers.dev/?cinema_id=1041567&date=2026-08-23'
[12:29:16] ❌ 1054736 ClientResponseError: 400, message='Can not decode content-encoding: zstandard (zstd). Please install `backports.zstd`', url='https://districtven.text2029mail.workers.dev/?cinema_id=1054736&date=2026-08-23'
[12:29:17] ❌ 31792 ClientResponseError: 400, message='Can not decode content-encoding: zstandard (zstd). Please install `backports.zstd`', url='https://districtven.text2029mail.workers.dev/?cinema_id=31792&date=2026-08-23'
[12:29:18] ❌ 62907 ClientResponseError: 400, message='Can not decode content-encoding: zstandard (zstd). Please install `backports.zstd`', url='https://districtven.text2029mail.workers.dev/?cinema_id=62907&date=2026-08-23'
[12:29:18] ❌ 1092992 ClientResponseError: 400, message='Can not decode content-encoding: zstandard (zstd). Please install `backports.zstd`', url='https://districtven.text2029mail.workers.dev/?cinema_id=1092992&date=2026-08-23'
[12:29:18] ❌ 5061 ClientResponseError: 400, message='Can not decode content-encoding: zstandard (zstd). Please install `backports.zstd`', url='https://districtven.text2029mail.workers.dev/?cinema_id=5061&date=2026-08-23'
[12:29:18] ❌ 26294 ClientResponseError: 400, message='Can not decode content-encoding: zstandard (zstd). Please install `backports.zstd`', url='https://districtven.text2029mail.workers.dev/?cinema_id=26294&date=2026-08-23'
[12:29:18] ❌ 25008 ClientResponseError: 400, message='Can not decode content-encoding: zstandard (zstd). Please install `backports.zstd`', url='https://districtven.text2029mail.workers.dev/?cinema_id=25008&date=2026-08-23'
[12:29:19] ❌ 1054730 ClientResponseError: 400, message='Can not decode content-encoding: zstandard (zstd). Please install `backports.zstd`', url='https://districtven.text2029mail.workers.dev/?cinema_id=1054730&date=2026-08-23'
[12:29:19] ❌ 3906 ClientResponseError: 400, message='Can not decode content-encoding: zstandard (zstd). Please install `backports.zstd`', url='https://districtven.text2029mail.workers.dev/?cinema_id=3906&date=2026-08-23'
[12:29:20] ❌ 1024041 ClientResponseError: 400, message='Can not decode content-encoding: zstandard (zstd). Please install `backports.zstd`', url='https://districtven.text2029mail.workers.dev/?cinema_id=1024041&date=2026-08-23'
[12:29:20] ❌ 1042215 ClientResponseError: 400, message='Can not decode content-encoding: zstandard (zstd). Please install `backports.zstd`', url='https://districtven.text2029mail.workers.dev/?cinema_id=1042215&date=2026-08-23'
[12:29:20] ❌ 1009010 ClientResponseError: 400, message='Can not decode content-encoding: zstandard (zstd). Please install `backports.zstd`', url='https://districtven.text2029mail.workers.dev/?cinema_id=1009010&date=2026-08-23'
[12:29:20] ❌ 6121 ClientResponseError: 400, message='Can not decode content-encoding: zstandard (zstd). Please install `backports.zstd`', url='https://districtven.text2029mail.workers.dev/?cinema_id=6121&date=2026-08-23'
[12:29:20] ❌ 1056839 ClientResponseError: 400, message='Can not decode content-encoding: zstandard (zstd). Please install `backports.zstd`', url='https://districtven.text2029mail.workers.dev/?cinema_id=1056839&date=2026-08-23'
[12:29:21] ❌ 4976 ClientResponseError: 400, message='Can not decode content-encoding: zstandard (zstd). Please install `backports.zstd`', url='https://districtven.text2029mail.workers.dev/?cinema_id=4976&date=2026-08-23'
[12:29:21] ❌ 49852 ClientResponseError: 400, message='Can not decode content-encoding: zstandard (zstd). Please install `backports.zstd`', url='https://districtven.text2029mail.workers.dev/?cinema_id=49852&date=2026-08-23'
[12:29:21] ❌ 38446 ClientResponseError: 400, message='Can not decode content-encoding: zstandard (zstd). Please install `backports.zstd`', url='https://districtven.text2029mail.workers.dev/?cinema_id=38446&date=2026-08-23'
[12:29:22] ❌ 1009117 ClientResponseError: 400, message='Can not decode content-encoding: zstandard (zstd). Please install `backports.zstd`', url='https://districtven.text2029mail.workers.dev/?cinema_id=1009117&date=2026-08-23'
[12:29:22] ❌ 1032344 ClientResponseError: 400, message='Can not decode content-encoding: zstandard (zstd). Please install `backports.zstd`', url='https://districtven.text2029mail.workers.dev/?cinema_id=1032344&date=2026-08-23'
[12:29:22] ❌ 1059680 ClientResponseError: 400, message='Can not decode content-encoding: zstandard (zstd). Please install `backports.zstd`', url='https://districtven.text2029mail.workers.dev/?cinema_id=1059680&date=2026-08-23'
[12:29:23] ❌ 4124 ClientResponseError: 400, message='Can not decode content-encoding: zstandard (zstd). Please install `backports.zstd`', url='https://districtven.text2029mail.workers.dev/?cinema_id=4124&date=2026-08-23'
[12:29:24] ❌ 1020755 ClientResponseError: 400, message='Can not decode content-encoding: zstandard (zstd). Please install `backports.zstd`', url='https://districtven.text2029mail.workers.dev/?cinema_id=1020755&date=2026-08-23'
[12:29:24] ❌ 39874 ClientResponseError: 400, message='Can not decode content-encoding: zstandard (zstd). Please install `backports.zstd`', url='https://districtven.text2029mail.workers.dev/?cinema_id=39874&date=2026-08-23'
[12:29:24] ❌ 1056846 ClientResponseError: 400, message='Can not decode content-encoding: zstandard (zstd). Please install `backports.zstd`', url='https://districtven.text2029mail.workers.dev/?cinema_id=1056846&date=2026-08-23'
[12:29:24] ❌ 24880 ClientResponseError: 400, message='Can not decode content-encoding: zstandard (zstd). Please install `backports.zstd`', url='https://districtven.text2029mail.workers.dev/?cinema_id=24880&date=2026-08-23'
[12:29:24] ❌ 1088219 ClientResponseError: 400, message='Can not decode content-encoding: zstandard (zstd). Please install `backports.zstd`', url='https://districtven.text2029mail.workers.dev/?cinema_id=1088219&date=2026-08-23'
[12:29:24] ❌ 1025576 ClientResponseError: 400, message='Can not decode content-encoding: zstandard (zstd). Please install `backports.zstd`', url='https://districtven.text2029mail.workers.dev/?cinema_id=1025576&date=2026-08-23'
[12:29:24] ❌ 1036955 ClientResponseError: 400, message='Can not decode content-encoding: zstandard (zstd). Please install `backports.zstd`', url='https://districtven.text2029mail.workers.dev/?cinema_id=1036955&date=2026-08-23'
[12:29:25] ❌ 1068242 ClientResponseError: 400, message='Can not decode content-encoding: zstandard (zstd). Please install `backports.zstd`', url='https://districtven.text2029mail.workers.dev/?cinema_id=1068242&date=2026-08-23'
[12:29:25] ❌ 1021629 ClientResponseError: 400, message='Can not decode content-encoding: zstandard (zstd). Please install `backports.zstd`', url='https://districtven.text2029mail.workers.dev/?cinema_id=1021629&date=2026-08-23'
[12:29:26] ❌ 9041 ClientResponseError: 400, message='Can not decode content-encoding: zstandard (zstd). Please install `backports.zstd`', url='https://districtven.text2029mail.workers.dev/?cinema_id=9041&date=2026-08-23'
[12:29:26] ❌ 9504 ClientResponseError: 400, message='Can not decode content-encoding: zstandard (zstd). Please install `backports.zstd`', url='https://districtven.text2029mail.workers.dev/?cinema_id=9504&date=2026-08-23'
[12:29:26] ❌ 9100 ClientResponseError: 400, message='Can not decode content-encoding: zstandard (zstd). Please install `backports.zstd`', url='https://districtven.text2029mail.workers.dev/?cinema_id=9100&date=2026-08-23'
[12:29:26] ❌ 9169 ClientResponseError: 400, message='Can not decode content-encoding: zstandard (zstd). Please install `backports.zstd`', url='https://districtven.text2029mail.workers.dev/?cinema_id=9169&date=2026-08-23'
[12:29:27] ❌ 4038 ClientResponseError: 400, message='Can not decode content-encoding: zstandard (zstd). Please install `backports.zstd`', url='https://districtven.text2029mail.workers.dev/?cinema_id=4038&date=2026-08-23'
[12:29:27] ❌ 4890 ClientResponseError: 400, message='Can not decode content-encoding: zstandard (zstd). Please install `backports.zstd`', url='https://districtven.text2029mail.workers.dev/?cinema_id=4890&date=2026-08-23'
[12:29:27] ❌ 10255 ClientResponseError: 400, message='Can not decode content-encoding: zstandard (zstd). Please install `backports.zstd`', url='https://districtven.text2029mail.workers.dev/?cinema_id=10255&date=2026-08-23'
[12:29:27] ❌ 9368 ClientResponseError: 400, message='Can not decode content-encoding: zstandard (zstd). Please install `backports.zstd`', url='https://districtven.text2029mail.workers.dev/?cinema_id=9368&date=2026-08-23'
[12:29:28] ❌ 15526 ClientResponseError: 400, message='Can not decode content-encoding: zstandard (zstd). Please install `backports.zstd`', url='https://districtven.text2029mail.workers.dev/?cinema_id=15526&date=2026-08-23'
[12:29:28] ❌ 24246 ClientResponseError: 400, message='Can not decode content-encoding: zstandard (zstd). Please install `backports.zstd`', url='https://districtven.text2029mail.workers.dev/?cinema_id=24246&date=2026-08-23'
[12:29:28] ❌ 1053536 ClientResponseError: 400, message='Can not decode content-encoding: zstandard (zstd). Please install `backports.zstd`', url='https://districtven.text2029mail.workers.dev/?cinema_id=1053536&date=2026-08-23'
[12:29:29] ❌ 31788 ClientResponseError: 400, message='Can not decode content-encoding: zstandard (zstd). Please install `backports.zstd`', url='https://districtven.text2029mail.workers.dev/?cinema_id=31788&date=2026-08-23'
[12:29:29] ❌ 1004635 ClientResponseError: 400, message='Can not decode content-encoding: zstandard (zstd). Please install `backports.zstd`', url='https://districtven.text2029mail.workers.dev/?cinema_id=1004635&date=2026-08-23'
[12:29:29] ❌ 1082851 ClientResponseError: 400, message='Can not decode content-encoding: zstandard (zstd). Please install `backports.zstd`', url='https://districtven.text2029mail.workers.dev/?cinema_id=1082851&date=2026-08-23'
[12:29:29] ❌ 1054742 ClientResponseError: 400, message='Can not decode content-encoding: zstandard (zstd). Please install `backports.zstd`', url='https://districtven.text2029mail.workers.dev/?cinema_id=1054742&date=2026-08-23'
[12:29:30] ❌ 1036114 ClientResponseError: 400, message='Can not decode content-encoding: zstandard (zstd). Please install `backports.zstd`', url='https://districtven.text2029mail.workers.dev/?cinema_id=1036114&date=2026-08-23'
[12:29:30] ❌ 10270 ClientResponseError: 400, message='Can not decode content-encoding: zstandard (zstd). Please install `backports.zstd`', url='https://districtven.text2029mail.workers.dev/?cinema_id=10270&date=2026-08-23'
[12:29:30] ❌ 1012136 ClientResponseError: 400, message='Can not decode content-encoding: zstandard (zstd). Please install `backports.zstd`', url='https://districtven.text2029mail.workers.dev/?cinema_id=1012136&date=2026-08-23'
[12:29:30] ❌ 1013355 ClientResponseError: 400, message='Can not decode content-encoding: zstandard (zstd). Please install `backports.zstd`', url='https://districtven.text2029mail.workers.dev/?cinema_id=1013355&date=2026-08-23'
[12:29:30] ❌ 24981 ClientResponseError: 400, message='Can not decode content-encoding: zstandard (zstd). Please install `backports.zstd`', url='https://districtven.text2029mail.workers.dev/?cinema_id=24981&date=2026-08-23'
[12:29:30] ❌ 7504 ClientResponseError: 400, message='Can not decode content-encoding: zstandard (zstd). Please install `backports.zstd`', url='https://districtven.text2029mail.workers.dev/?cinema_id=7504&date=2026-08-23'
[12:29:31] ❌ 56144 ClientResponseError: 400, message='Can not decode content-encoding: zstandard (zstd). Please install `backports.zstd`', url='https://districtven.text2029mail.workers.dev/?cinema_id=56144&date=2026-08-23'
[12:29:31] ❌ 1004634 ClientResponseError: 400, message='Can not decode content-encoding: zstandard (zstd). Please install `backports.zstd`', url='https://districtven.text2029mail.workers.dev/?cinema_id=1004634&date=2026-08-23'
[12:29:32] ❌ 1028879 ClientResponseError: 400, message='Can not decode content-encoding: zstandard (zstd). Please install `backports.zstd`', url='https://districtven.text2029mail.workers.dev/?cinema_id=1028879&date=2026-08-23'
[12:29:32] ❌ 1003803 ClientResponseError: 400, message='Can not decode content-encoding: zstandard (zstd). Please install `backports.zstd`', url='https://districtven.text2029mail.workers.dev/?cinema_id=1003803&date=2026-08-23'
[12:29:33] ❌ 1053155 ClientResponseError: 400, message='Can not decode content-encoding: zstandard (zstd). Please install `backports.zstd`', url='https://districtven.text2029mail.workers.dev/?cinema_id=1053155&date=2026-08-23'
[12:29:33] ❌ 7511 ClientResponseError: 400, message='Can not decode content-encoding: zstandard (zstd). Please install `backports.zstd`', url='https://districtven.text2029mail.workers.dev/?cinema_id=7511&date=2026-08-23'
[12:29:33] ❌ 4174 ClientResponseError: 400, message='Can not decode content-encoding: zstandard (zstd). Please install `backports.zstd`', url='https://districtven.text2029mail.workers.dev/?cinema_id=4174&date=2026-08-23'
[12:29:34] ❌ 1011192 ClientResponseError: 400, message='Can not decode content-encoding: zstandard (zstd). Please install `backports.zstd`', url='https://districtven.text2029mail.workers.dev/?cinema_id=1011192&date=2026-08-23'
[12:29:34] ✅ Fetched 0 venues with shows
[12:29:34] ✅ DONE | Shows=0 | Movies=0
