[10:08:41] 🚀 SCRIPT STARTED (enhanced anti‑detection)
[10:08:41] [1/456] FNDB
[10:08:42] 🧠 New identity created
[10:08:42] [2/456] AMBH
[10:08:43] [3/456] PRHN
[10:08:44] [4/456] ACPM
[10:08:45] [5/456] PVFS
[10:08:46] [6/456] AACN
[10:08:47] [7/456] ACAS
[10:08:48] [8/456] CTNR
[10:08:49] [9/456] MMAH
[10:08:49] [10/456] CPMH
[10:08:50] 🔄 Identity reset
[10:08:50] 🔄 Identity rotated (every 10 requests)
[10:08:50] 🔄 Retry 1/5 for CPMH in 2.1s
[10:08:50] 🔄 Identity reset
[10:08:52] 🧠 New identity created
[10:08:52] [11/456] IGMH
[10:08:53] [12/456] ABCS
[10:08:54] [13/456] CMMA
[10:08:55] [14/456] GPRH
[10:08:56] [15/456] PNNG
[10:08:57] [16/456] AMCA
[10:08:58] [17/456] ISTN
[10:08:58] [18/456] PIIC
[10:08:59] [19/456] AHMH
[10:09:00] 🔄 Identity reset
[10:09:00] 🔄 Identity rotated (every 10 requests)
[10:09:00] [20/456] ASHN
[10:09:01] [21/456] INHY
[10:09:02] [22/456] SRMO
[10:09:03] [23/456] PIMH
[10:09:04] [24/456] PVTS
[10:09:05] [25/456] MMCA
[10:09:05] [26/456] AKYJ
[10:09:06] [27/456] BRKH
[10:09:07] [28/456] MAHM
[10:09:09] [29/456] CPHY
[10:09:09] 🔄 Identity reset
[10:09:09] 🔄 Identity rotated (every 10 requests)
[10:09:09] [30/456] PVTP
[10:09:10] [31/456] SMMR
[10:09:12] [32/456] PVHM
[10:09:13] [33/456] SNDY
[10:09:14] [34/456] GOKU
[10:09:15] [35/456] ACEV
[10:09:16] [36/456] PVUM
[10:09:17] [37/456] VSWA
[10:09:17] [38/456] IPRS
[10:09:18] [39/456] BKMV
[10:09:19] 🔄 Identity reset
[10:09:19] 🔄 Identity rotated (every 10 requests)
[10:09:19] [40/456] PVYH
[10:09:20] [41/456] INKM
[10:09:21] [42/456] ARJU
[10:09:22] [43/456] JJPP
[10:09:23] [44/456] SSRM
[10:09:24] [45/456] HMHD
[10:09:24] [46/456] SNKH
[10:09:25] [47/456] ACHI
[10:09:26] [48/456] MRAA
[10:09:27] [49/456] INMH
[10:09:28] 🔄 Identity reset
[10:09:28] 🔄 Identity rotated (every 10 requests)
[10:09:28] 🔄 Retry 1/5 for INMH in 2.9s
[10:09:28] 🔄 Identity reset
[10:09:31] 🧠 New identity created
[10:09:32] [50/456] ARMH
[10:09:32] [51/456] DVRR
[10:09:33] [52/456] SUDA
[10:09:34] [53/456] MCSS
[10:09:35] [54/456] VRKC
[10:09:36] [55/456] PRCX
[10:09:37] [56/456] ASJY
[10:09:37] [57/456] MTHY
[10:09:39] [58/456] SRCM
[10:09:40] 🔄 Identity reset
[10:09:40] 🔄 Identity rotated (every 10 requests)
[10:09:40] [59/456] TVHY
[10:09:41] [60/456] STHD
[10:09:42] [61/456] CPCL
[10:09:43] [62/456] PSMJ
[10:09:44] [63/456] MRGT
[10:09:44] [64/456] ARYH
[10:09:45] [65/456] VTRB
[10:09:46] [66/456] SCHC
[10:09:47] [67/456] MRRG
[10:09:48] [68/456] SPCB
[10:09:49] 🔄 Identity reset
[10:09:49] 🔄 Identity rotated (every 10 requests)
[10:09:49] 🔄 Retry 1/5 for SPCB in 2.5s
[10:09:49] 🔄 Identity reset
[10:09:51] 🧠 New identity created
[10:09:51] [69/456] AMCM
[10:09:52] [70/456] IVNM
[10:09:54] [71/456] TRHY
[10:09:55] [72/456] PTTH
[10:09:56] [73/456] RKMH
[10:09:57] [74/456] PRCS
[10:09:58] [75/456] VAJA
[10:09:59] [76/456] BJNG
[10:10:00] [77/456] SCVM
[10:10:00] 🔄 Identity reset
[10:10:00] 🔄 Identity rotated (every 10 requests)
[10:10:01] [78/456] GNHB
[10:10:02] [79/456] TLUR
[10:10:02] [80/456] UKCC
[10:10:03] [81/456] SRKR
[10:10:04] [82/456] RMKN
[10:10:05] [83/456] SLRT
[10:10:06] [84/456] LKMT
[10:10:07] [85/456] SSRJ
[10:10:09] [86/456] SPHT
[10:10:10] [87/456] ANTT
[10:10:10] 🔄 Identity reset
[10:10:10] 🔄 Identity rotated (every 10 requests)
[10:10:11] [88/456] SRCH
[10:10:11] [89/456] SRCA
[10:10:12] [90/456] ARTH
[10:10:14] [91/456] MCBH
[10:10:15] [92/456] SNIB
[10:10:15] [93/456] SART
[10:10:16] [94/456] SKTA
[10:10:17] [95/456] YAKT
[10:10:18] [96/456] MLCK
[10:10:19] [97/456] ANTS
[10:10:19] 🔄 Identity reset
[10:10:19] 🔄 Identity rotated (every 10 requests)
[10:10:20] [98/456] DGCA
[10:10:21] [99/456] SGMP
[10:10:22] [100/456] ASWN
[10:10:22] [101/456] KFVU
[10:10:23] [102/456] POOR
[10:10:24] [103/456] GKDN
[10:10:25] [104/456] EOSE
[10:10:26] [105/456] GTTT
[10:10:27] [106/456] ARRO
[10:10:27] [107/456] CMMK
[10:10:28] 🔄 Identity reset
[10:10:28] 🔄 Identity rotated (every 10 requests)
[10:10:28] [108/456] MSCN
[10:10:29] [109/456] GDKH
[10:10:30] [110/456] DLMT
[10:10:31] [111/456] PVMF
[10:10:32] [112/456] CPCK
[10:10:33] [113/456] VMHE
[10:10:33] [114/456] PVLC
[10:10:34] [115/456] PCVB
[10:10:35] [116/456] SNYK
[10:10:36] [117/456] KTEK
[10:10:37] 🔄 Identity reset
[10:10:37] 🔄 Identity rotated (every 10 requests)
[10:10:37] [118/456] PCNM
[10:10:38] [119/456] NTTR
[10:10:39] [120/456] CPSK
[10:10:41] [121/456] JMMA
[10:10:42] [122/456] GCFK
[10:10:43] [123/456] MYCA
[10:10:44] [124/456] KSNP
[10:10:45] [125/456] PMCE
[10:10:45] [126/456] SCKI
[10:10:46] [127/456] FSMA
[10:10:47] 🔄 Identity reset
[10:10:47] 🔄 Identity rotated (every 10 requests)
[10:10:47] [128/456] CETA
[10:10:48] [129/456] MCIK
[10:10:49] [130/456] MYCR
[10:10:50] [131/456] EVMP
[10:10:51] [132/456] SSGT
[10:10:52] [133/456] KCTK
[10:10:52] [134/456] ZTKC
[10:10:53] [135/456] MMTA
[10:10:54] [136/456] MAJT
[10:10:55] [137/456] ACPK
[10:10:56] 🔄 Identity reset
[10:10:56] 🔄 Identity rotated (every 10 requests)
[10:10:56] [138/456] JMAX
[10:10:57] [139/456] SETK
[10:10:58] [140/456] CAIS
[10:10:59] [141/456] AGCD
[10:10:59] [142/456] URCL
[10:11:00] [143/456] VTDS
[10:11:01] [144/456] JCNM
[10:11:02] [145/456] KCAM
[10:11:03] [146/456] ADCU
[10:11:04] [147/456] GXYN
[10:11:05] 🔄 Identity reset
[10:11:05] 🔄 Identity rotated (every 10 requests)
[10:11:05] [148/456] SMJG
[10:11:06] [149/456] EYCJ
[10:11:07] [150/456] CCEJ
[10:11:08] [151/456] MARS
[10:11:09] [152/456] CPVJ
[10:11:09] [153/456] INVP
[10:11:10] [154/456] CPOV
[10:11:11] [155/456] VIJK
[10:11:12] [156/456] LAIM
[10:11:13] [157/456] STHV
[10:11:13] 🔄 Identity reset
[10:11:14] 🔄 Identity rotated (every 10 requests)
[10:11:14] [158/456] SVLJ
[10:11:15] [159/456] ATVJ
[10:11:16] [160/456] JTSC
[10:11:17] [161/456] RMTV
[10:11:19] [162/456] MGGG
[10:11:20] [163/456] SWTH
[10:11:20] [164/456] INVJ
[10:11:21] [165/456] PRSV
[10:11:23] [166/456] JATV
[10:11:25] [167/456] RCVD
[10:11:25] 🔄 Identity reset
[10:11:25] 🔄 Identity rotated (every 10 requests)
[10:11:26] [168/456] BDMA
[10:11:26] [169/456] BLJI
[10:11:27] [170/456] SWOT
[10:11:28] [171/456] SWRN
[10:11:30] [172/456] TVRA
[10:11:31] [173/456] NVRN
[10:11:31] [174/456] SIKC
[10:11:32] [175/456] VAKR
[10:11:33] [176/456] SYLN
[10:11:34] [177/456] KLJL
[10:11:35] 🔄 Identity reset
[10:11:35] 🔄 Identity rotated (every 10 requests)
[10:11:35] 🔄 Retry 1/5 for KLJL in 2.8s
[10:11:35] 🔄 Identity reset
[10:11:37] 🧠 New identity created
[10:11:38] [178/456] LKMY
[10:11:38] [179/456] VSLY
[10:11:39] [180/456] CIKO
[10:11:40] [181/456] GPBG
[10:11:41] [182/456] CECM
[10:11:42] [183/456] SLKB
[10:11:43] [184/456] MTBO
[10:11:44] [185/456] SSHB
[10:11:44] [186/456] VPCS
[10:11:45] 🔄 Identity reset
[10:11:45] 🔄 Identity rotated (every 10 requests)
[10:11:45] [187/456] RCSR
[10:11:46] [188/456] RJRM
[10:11:47] [189/456] KPPB
[10:11:48] [190/456] SEDC
[10:11:49] [191/456] SCAI
[10:11:50] [192/456] RMTR
[10:11:51] [193/456] ASST
[10:11:52] [194/456] GCAK
[10:11:52] [195/456] ANNK
[10:11:53] [196/456] KDDF
[10:11:54] 🔄 Identity reset
[10:11:54] 🔄 Identity rotated (every 10 requests)
[10:11:55] [197/456] NRDP
[10:11:56] [198/456] PLAK
[10:11:57] [199/456] GCMC
[10:11:58] [200/456] ALPY
[10:11:59] [201/456] SICE
[10:12:01] [202/456] SISR
[10:12:02] [203/456] SRPZ
[10:12:03] [204/456] SRSW
[10:12:04] [205/456] SUYA
[10:12:04] [206/456] AMMT
[10:12:05] 🔄 Identity reset
[10:12:05] 🔄 Identity rotated (every 10 requests)
[10:12:05] 🔄 Retry 1/5 for AMMT in 2.3s
[10:12:05] 🔄 Identity reset
[10:12:07] 🧠 New identity created
[10:12:08] [207/456] BHCU
[10:12:08] [208/456] KLPA
[10:12:09] [209/456] NVKH
[10:12:10] [210/456] JMRC
[10:12:11] [211/456] KTTT
[10:12:12] [212/456] MAGH
[10:12:12] [213/456] MMMX
[10:12:13] [214/456] SALJ
[10:12:15] [215/456] GTJA
[10:12:16] 🔄 Identity reset
[10:12:16] 🔄 Identity rotated (every 10 requests)
[10:12:16] [216/456] MAHT
[10:12:17] [217/456] SSNN
[10:12:18] [218/456] ARRP
[10:12:19] [219/456] ATNS
[10:12:20] [220/456] SKDT
[10:12:21] [221/456] ACAT
[10:12:22] [222/456] APRC
[10:12:23] [223/456] SWAG
[10:12:23] [224/456] SDPT
[10:12:24] [225/456] STPS
[10:12:25] 🔄 Identity reset
[10:12:25] 🔄 Identity rotated (every 10 requests)
[10:12:25] [226/456] WWCZ
[10:12:26] [227/456] LLCH
[10:12:28] [228/456] MZHA
[10:12:29] [229/456] CRJG
[10:12:30] [230/456] JGTK
[10:12:31] [231/456] KCSR
[10:12:32] [232/456] CHTL
[10:12:33] [233/456] EDSR
[10:12:34] [234/456] CSWO
[10:12:35] [235/456] CPVM
[10:12:36] 🔄 Identity reset
[10:12:36] 🔄 Identity rotated (every 10 requests)
[10:12:36] [236/456] MXBY
[10:12:37] [237/456] FMMA
[10:12:38] [238/456] POVI
[10:12:39] [239/456] MTHB
[10:12:40] [240/456] INRC
[10:12:40] [241/456] PIPP
[10:12:41] [242/456] BMXC
[10:12:42] [243/456] PCMM
[10:12:44] [244/456] PMKM
[10:12:45] [245/456] GATY
[10:12:45] 🔄 Identity reset
[10:12:45] 🔄 Identity rotated (every 10 requests)
[10:12:46] [246/456] IMCM
[10:12:47] [247/456] POPE
[10:12:48] [248/456] MTCR
[10:12:48] [249/456] PVAE
[10:12:49] [250/456] PVMI
[10:12:50] [251/456] CPNM
[10:12:52] [252/456] FMRL
[10:12:53] [253/456] MCIW
[10:12:54] [254/456] MXBO
[10:12:54] [255/456] FMKY
[10:12:55] 🔄 Identity reset
[10:12:55] 🔄 Identity rotated (every 10 requests)
[10:12:55] [256/456] FMDA
[10:12:56] [257/456] THAB
[10:12:57] [258/456] PRCW
[10:12:58] [259/456] PITI
[10:12:59] [260/456] MCFF
[10:13:00] [261/456] PDDV
[10:13:01] [262/456] MCRM
[10:13:02] [263/456] KKMB
[10:13:03] [264/456] INKO
[10:13:04] [265/456] PLXP
[10:13:04] 🔄 Identity reset
[10:13:04] 🔄 Identity rotated (every 10 requests)
[10:13:05] [266/456] MMHA
[10:13:06] [267/456] FMVS
[10:13:06] [268/456] POLM
[10:13:07] [269/456] STER
[10:13:08] [270/456] PVWJ
[10:13:09] [271/456] IMJW
[10:13:10] [272/456] FNAN
[10:13:10] [273/456] CAGL
[10:13:11] [274/456] IPBG
[10:13:12] [275/456] SMFV
[10:13:12] 🔄 Identity reset
[10:13:12] 🔄 Identity rotated (every 10 requests)
[10:13:13] [276/456] MMMR
[10:13:14] [277/456] MMWM
[10:13:15] [278/456] FNCM
[10:13:16] [279/456] MDVA
[10:13:17] [280/456] MMET
[10:13:18] [281/456] MIDO
[10:13:19] [282/456] INNP
[10:13:19] [283/456] MIFU
[10:13:20] [284/456] MMSZ
[10:13:21] [285/456] BMXA
[10:13:22] 🔄 Identity reset
[10:13:22] 🔄 Identity rotated (every 10 requests)
[10:13:22] [286/456] MCAA
[10:13:23] [287/456] SCVP
[10:13:24] [288/456] PLUS
[10:13:25] [289/456] MUCK
[10:13:26] [290/456] MTMA
[10:13:26] [291/456] HPVR
[10:13:27] [292/456] PMPK
[10:13:28] [293/456] MAJB
[10:13:29] [294/456] CTRR
[10:13:30] [295/456] MCTG
[10:13:31] 🔄 Identity reset
[10:13:31] 🔄 Identity rotated (every 10 requests)
[10:13:31] [296/456] MACE
[10:13:32] [297/456] AAAS
[10:13:32] [298/456] CPVV
[10:13:33] [299/456] RCHG
[10:13:34] [300/456] MCNE
[10:13:35] [301/456] EMNC
[10:13:36] [302/456] MCAN
[10:13:37] [303/456] TCDM
[10:13:37] [304/456] IRGT
[10:13:38] [305/456] GCMG
[10:13:39] 🔄 Identity reset
[10:13:39] 🔄 Identity rotated (every 10 requests)
[10:13:39] [306/456] MXSN
[10:13:40] [307/456] MXCK
[10:13:41] [308/456] MCRC
[10:13:41] [309/456] RSMI
[10:13:42] [310/456] WAML
[10:13:43] [311/456] MTSC
[10:13:44] [312/456] FMDR
[10:13:45] [313/456] LEPV
[10:13:46] [314/456] MTGD
[10:13:46] [315/456] IMOB
[10:13:47] 🔄 Identity reset
[10:13:47] 🔄 Identity rotated (every 10 requests)
[10:13:47] [316/456] CLMM
[10:13:48] [317/456] PZCD
[10:13:49] [318/456] GOCS
[10:13:50] [319/456] KCMA
[10:13:51] [320/456] CCMP
[10:13:52] [321/456] MTSU
[10:13:53] [322/456] SNGL
[10:13:54] [323/456] MMMC
[10:13:54] [324/456] MMAA
[10:13:55] [325/456] GCDM
[10:13:56] 🔄 Identity reset
[10:13:56] 🔄 Identity rotated (every 10 requests)
[10:13:56] [326/456] KTMV
[10:13:57] [327/456] AETE
[10:13:58] [328/456] OMCS
[10:13:59] [329/456] GDCD
[10:14:00] [330/456] NYMD
[10:14:01] [331/456] RNCV
[10:14:02] [332/456] KKMT
[10:14:02] [333/456] GDTH
[10:14:03] [334/456] KMMV
[10:14:04] [335/456] NHCG
[10:14:05] 🔄 Identity reset
[10:14:05] 🔄 Identity rotated (every 10 requests)
[10:14:05] [336/456] PJDW
[10:14:06] [337/456] MMCV
[10:14:07] [338/456] FQSA
[10:14:07] [339/456] KURL
[10:14:08] [340/456] NNNX
[10:14:09] [341/456] AMAU
[10:14:10] [342/456] VVVM
[10:14:11] [343/456] VECU
[10:14:12] [344/456] WCVR
[10:14:13] [345/456] MTGG
[10:14:14] 🔄 Identity reset
[10:14:14] 🔄 Identity rotated (every 10 requests)
[10:14:14] [346/456] SGTG
[10:14:15] [347/456] MNTG
[10:14:15] [348/456] JDDG
[10:14:16] [349/456] MBTK
[10:14:18] [350/456] SGCD
[10:14:19] [351/456] MCTC
[10:14:20] [352/456] JTPC
[10:14:21] [353/456] SDKT
[10:14:22] [354/456] KRCC
[10:14:23] [355/456] RMMD
[10:14:24] 🔄 Identity reset
[10:14:24] 🔄 Identity rotated (every 10 requests)
[10:14:24] [356/456] AAME
[10:14:25] [357/456] TMWC
[10:14:26] [358/456] NRWY
[10:14:26] [359/456] CITD
[10:14:28] [360/456] VERD
[10:14:29] [361/456] MKSK
[10:14:29] [362/456] STSM
[10:14:30] [363/456] MJDG
[10:14:31] [364/456] RKPM
[10:14:32] [365/456] SSCE
[10:14:33] 🔄 Identity reset
[10:14:33] 🔄 Identity rotated (every 10 requests)
[10:14:33] [366/456] VMAE
[10:14:34] [367/456] SBRU
[10:14:35] [368/456] AMBC
[10:14:35] [369/456] AMLU
[10:14:36] [370/456] INVZ
[10:14:37] [371/456] LGTV
[10:14:38] [372/456] SVAD
[10:14:39] [373/456] SMSA
[10:14:40] [374/456] SPCZ
[10:14:41] [375/456] GTCX
[10:14:41] 🔄 Identity reset
[10:14:41] 🔄 Identity rotated (every 10 requests)
[10:14:42] [376/456] SCSL
[10:14:42] [377/456] SAHU
[10:14:44] [378/456] NCDA
[10:14:45] [379/456] SCCG
[10:14:46] [380/456] VKTL
[10:14:47] [381/456] PUUJ
[10:14:48] [382/456] STEJ
[10:14:49] [383/456] RJAL
[10:14:50] [384/456] ACJC
[10:14:51] [385/456] ARVB
[10:14:51] 🔄 Identity reset
[10:14:51] 🔄 Identity rotated (every 10 requests)
[10:14:52] [386/456] AUBB
[10:14:52] [387/456] GDBR
[10:14:53] [388/456] PVND
[10:14:54] [389/456] BGRJ
[10:14:55] [390/456] RJMM
[10:14:56] [391/456] MCSA
[10:14:57] [392/456] BODA
[10:14:57] [393/456] JAGG
[10:14:58] [394/456] SCGA
[10:14:59] [395/456] LRCM
[10:15:00] 🔄 Identity reset
[10:15:00] 🔄 Identity rotated (every 10 requests)
[10:15:00] 🔄 Retry 1/5 for LRCM in 2.7s
[10:15:00] 🔄 Identity reset
[10:15:02] 🧠 New identity created
[10:15:02] 🔄 Retry 2/5 for LRCM in 4.3s
[10:15:02] 🔄 Identity reset
[10:15:07] 🧠 New identity created
[10:15:07] [396/456] CPCN
[10:15:08] [397/456] SSTF
[10:15:09] [398/456] SRXP
[10:15:10] [399/456] CNFX
[10:15:11] [400/456] ANDI
[10:15:12] [401/456] SYEW
[10:15:13] [402/456] RCRE
[10:15:13] [403/456] SCRW
[10:15:14] 🔄 Identity reset
[10:15:14] 🔄 Identity rotated (every 10 requests)
[10:15:14] [404/456] MBKR
[10:15:15] [405/456] ASNT
[10:15:16] [406/456] JTMT
[10:15:17] [407/456] SHAY
[10:15:17] [408/456] VRTH
[10:15:18] [409/456] SPTI
[10:15:19] [410/456] DPTD
[10:15:20] [411/456] TGSN
[10:15:21] [412/456] RCWV
[10:15:22] [413/456] OCUR
[10:15:22] 🔄 Identity reset
[10:15:22] 🔄 Identity rotated (every 10 requests)
[10:15:22] [414/456] KSTC
[10:15:23] [415/456] SANI
[10:15:24] [416/456] MLCA
[10:15:25] [417/456] EGCA
[10:15:25] [418/456] SYSN
[10:15:26] [419/456] PKTA
[10:15:27] [420/456] PRCC
[10:15:28] [421/456] KSTR
[10:15:29] [422/456] SNTP
[10:15:29] [423/456] RCHA
[10:15:30] 🔄 Identity reset
[10:15:30] 🔄 Identity rotated (every 10 requests)
[10:15:31] [424/456] SEEA
[10:15:32] [425/456] ALAT
[10:15:33] [426/456] AATV
[10:15:34] [427/456] RJTE
[10:15:35] [428/456] AAPP
[10:15:36] [429/456] PMMH
[10:15:36] [430/456] INRJ
[10:15:37] [431/456] SARB
[10:15:38] [432/456] PCJL
[10:15:39] [433/456] PFJJ
[10:15:40] 🔄 Identity reset
[10:15:40] 🔄 Identity rotated (every 10 requests)
[10:15:40] [434/456] GRDC
[10:15:41] [435/456] BCBA
[10:15:41] [436/456] VIXL
[10:15:42] [437/456] CSTL
[10:15:43] [438/456] MTDK
[10:15:44] [439/456] TDAC
[10:15:45] [440/456] GTDN
[10:15:46] [441/456] TTDE
[10:15:47] [442/456] ASTS
[10:15:48] [443/456] CPNS
[10:15:48] 🔄 Identity reset
[10:15:48] 🔄 Identity rotated (every 10 requests)
[10:15:49] [444/456] PVVW
[10:15:50] [445/456] USEB
[10:15:51] [446/456] DTYN
[10:15:52] [447/456] PVLE
[10:15:53] [448/456] CIPS
[10:15:53] [449/456] PAEG
[10:15:54] [450/456] PTCW
[10:15:55] [451/456] G3SR
[10:15:56] [452/456] PGND
[10:15:57] [453/456] INVM
[10:15:58] 🔄 Identity reset
[10:15:58] 🔄 Identity rotated (every 10 requests)
[10:15:58] [454/456] SPIA
[10:15:59] [455/456] PCSN
[10:16:00] [456/456] PPGV
[10:16:00] 🧹 Deduping shows
[10:16:00] ✅ DONE | Shows=604 | Movies=27
[04:57:00] 🚀 SCRIPT STARTED (enhanced anti‑detection)
[04:57:00] [1/456] FNDB
[04:57:01] 🧠 New identity created
[04:57:01] 🔄 Retry 1/5 for FNDB in 2.9s
[04:57:01] 🔄 Identity reset
[04:57:04] 🧠 New identity created
[04:57:04] 🔄 Retry 2/5 for FNDB in 4.9s
[04:57:04] 🔄 Identity reset
[04:57:09] 🧠 New identity created
[04:57:10] [2/456] AMBH
[04:57:11] [3/456] PRHN
[04:57:12] [4/456] ACPM
[04:57:12] [5/456] PVFS
[04:57:13] [6/456] AACN
[04:57:14] [7/456] ACAS
[04:57:15] [8/456] CTNR
[04:57:15] 🔄 Identity reset
[04:57:15] 🔄 Identity rotated (every 10 requests)
[04:57:16] [9/456] MMAH
[04:57:16] [10/456] CPMH
[04:57:17] [11/456] IGMH
[04:57:18] [12/456] ABCS
[04:57:19] [13/456] CMMA
[04:57:20] [14/456] GPRH
[04:57:21] [15/456] PNNG
[04:57:22] [16/456] AMCA
[04:57:22] [17/456] ISTN
[04:57:23] [18/456] PIIC
[04:57:24] 🔄 Identity reset
[04:57:24] 🔄 Identity rotated (every 10 requests)
[04:57:24] 🔄 Retry 1/5 for PIIC in 2.7s
[04:57:24] 🔄 Identity reset
[04:57:26] 🧠 New identity created
[04:57:27] [19/456] AHMH
[04:57:27] [20/456] ASHN
[04:57:28] [21/456] INHY
[04:57:29] [22/456] SRMO
[04:57:30] [23/456] PIMH
[04:57:31] [24/456] PVTS
[04:57:32] [25/456] MMCA
[04:57:32] [26/456] AKYJ
[04:57:33] [27/456] BRKH
[04:57:34] 🔄 Identity reset
[04:57:34] 🔄 Identity rotated (every 10 requests)
[04:57:34] [28/456] MAHM
[04:57:35] [29/456] CPHY
[04:57:36] [30/456] PVTP
[04:57:37] [31/456] SMMR
[04:57:38] [32/456] PVHM
[04:57:39] [33/456] SNDY
[04:57:40] [34/456] GOKU
[04:57:41] [35/456] ACEV
[04:57:42] [36/456] PVUM
[04:57:42] [37/456] VSWA
[04:57:43] 🔄 Identity reset
[04:57:43] 🔄 Identity rotated (every 10 requests)
[04:57:43] 🔄 Retry 1/5 for VSWA in 2.9s
[04:57:43] 🔄 Identity reset
[04:57:46] 🧠 New identity created
[04:57:46] [38/456] IPRS
[04:57:47] [39/456] BKMV
[04:57:48] [40/456] PVYH
[04:57:49] [41/456] INKM
[04:57:50] [42/456] ARJU
[04:57:50] [43/456] JJPP
[04:57:51] [44/456] SSRM
[04:57:52] [45/456] HMHD
[04:57:53] [46/456] SNKH
[04:57:54] 🔄 Identity reset
[04:57:54] 🔄 Identity rotated (every 10 requests)
[04:57:54] [47/456] ACHI
[04:57:55] [48/456] MRAA
[04:57:56] [49/456] INMH
[04:57:56] [50/456] ARMH
[04:57:57] [51/456] DVRR
[04:57:58] [52/456] SUDA
[04:57:59] [53/456] MCSS
[04:58:00] [54/456] VRKC
[04:58:01] [55/456] PRCX
[04:58:02] [56/456] ASJY
[04:58:03] 🔄 Identity reset
[04:58:03] 🔄 Identity rotated (every 10 requests)
[04:58:03] [57/456] MTHY
[04:58:04] [58/456] SRCM
[04:58:05] [59/456] TVHY
[04:58:06] [60/456] STHD
[04:58:07] [61/456] CPCL
[04:58:08] [62/456] PSMJ
[04:58:09] [63/456] MRGT
[04:58:10] [64/456] ARYH
[04:58:10] [65/456] VTRB
[04:58:11] [66/456] SCHC
[04:58:12] 🔄 Identity reset
[04:58:12] 🔄 Identity rotated (every 10 requests)
[04:58:12] [67/456] MRRG
[04:58:13] [68/456] SPCB
[04:58:14] [69/456] AMCM
[04:58:15] [70/456] IVNM
[04:58:16] [71/456] TRHY
[04:58:17] [72/456] PTTH
[04:58:18] [73/456] RKMH
[04:58:19] [74/456] PRCS
[04:58:20] [75/456] VAJA
[04:58:21] [76/456] BJNG
[04:58:21] 🔄 Identity reset
[04:58:21] 🔄 Identity rotated (every 10 requests)
[04:58:22] [77/456] SCVM
[04:58:23] [78/456] GNHB
[04:58:24] [79/456] TLUR
[04:58:25] [80/456] UKCC
[04:58:26] [81/456] SRKR
[04:58:27] [82/456] RMKN
[04:58:28] [83/456] SLRT
[04:58:29] [84/456] LKMT
[04:58:29] [85/456] SSRJ
[04:58:30] [86/456] SPHT
[04:58:31] 🔄 Identity reset
[04:58:31] 🔄 Identity rotated (every 10 requests)
[04:58:31] [87/456] ANTT
[04:58:32] [88/456] SRCH
[04:58:33] [89/456] SRCA
[04:58:34] [90/456] ARTH
[04:58:35] [91/456] MCBH
[04:58:36] [92/456] SNIB
[04:58:36] [93/456] SART
[04:58:37] [94/456] SKTA
[04:58:38] [95/456] YAKT
[04:58:39] [96/456] MLCK
[04:58:40] 🔄 Identity reset
[04:58:40] 🔄 Identity rotated (every 10 requests)
[04:58:40] [97/456] ANTS
[04:58:41] [98/456] DGCA
[04:58:42] [99/456] SGMP
[04:58:43] [100/456] ASWN
[04:58:44] [101/456] KFVU
[04:58:44] [102/456] POOR
[04:58:45] [103/456] GKDN
[04:58:46] [104/456] EOSE
[04:58:47] [105/456] GTTT
[04:58:48] [106/456] ARRO
[04:58:48] 🔄 Identity reset
[04:58:48] 🔄 Identity rotated (every 10 requests)
[04:58:49] [107/456] CMMK
[04:58:49] [108/456] MSCN
[04:58:50] [109/456] GDKH
[04:58:51] [110/456] DLMT
[04:58:52] [111/456] PVMF
[04:58:53] [112/456] CPCK
[04:58:54] [113/456] VMHE
[04:58:55] [114/456] PVLC
[04:58:56] [115/456] PCVB
[04:58:56] [116/456] SNYK
[04:58:57] 🔄 Identity reset
[04:58:57] 🔄 Identity rotated (every 10 requests)
[04:58:57] 🔄 Retry 1/5 for SNYK in 2.1s
[04:58:57] 🔄 Identity reset
[04:58:59] 🧠 New identity created
[04:58:59] [117/456] KTEK
[04:59:00] [118/456] PCNM
[04:59:01] [119/456] NTTR
[04:59:02] [120/456] CPSK
[04:59:03] [121/456] JMMA
[04:59:04] [122/456] GCFK
[04:59:05] [123/456] MYCA
[04:59:05] [124/456] KSNP
[04:59:06] [125/456] PMCE
[04:59:07] 🔄 Identity reset
[04:59:07] 🔄 Identity rotated (every 10 requests)
[04:59:07] [126/456] SCKI
[04:59:08] [127/456] FSMA
[04:59:09] [128/456] CETA
[04:59:10] [129/456] MCIK
[04:59:11] [130/456] MYCR
[04:59:12] [131/456] EVMP
[04:59:13] [132/456] SSGT
[04:59:14] [133/456] KCTK
[04:59:15] [134/456] ZTKC
[04:59:16] [135/456] MMTA
[04:59:17] 🔄 Identity reset
[04:59:17] 🔄 Identity rotated (every 10 requests)
[04:59:17] [136/456] MAJT
[04:59:18] [137/456] ACPK
[04:59:19] [138/456] JMAX
[04:59:20] [139/456] SETK
[04:59:21] [140/456] CAIS
[04:59:22] [141/456] AGCD
[04:59:23] [142/456] URCL
[04:59:23] [143/456] VTDS
[04:59:24] [144/456] JCNM
[04:59:25] [145/456] KCAM
[04:59:26] 🔄 Identity reset
[04:59:26] 🔄 Identity rotated (every 10 requests)
[04:59:26] [146/456] ADCU
[04:59:27] [147/456] GXYN
[04:59:28] [148/456] SMJG
[04:59:29] [149/456] EYCJ
[04:59:29] [150/456] CCEJ
[04:59:30] [151/456] MARS
[04:59:31] [152/456] CPVJ
[04:59:32] [153/456] INVP
[04:59:33] [154/456] CPOV
[04:59:33] [155/456] VIJK
[04:59:34] 🔄 Identity reset
[04:59:34] 🔄 Identity rotated (every 10 requests)
[04:59:34] [156/456] LAIM
[04:59:35] [157/456] STHV
[04:59:36] [158/456] SVLJ
[04:59:37] [159/456] ATVJ
[04:59:37] [160/456] JTSC
[04:59:38] [161/456] RMTV
[04:59:39] [162/456] MGGG
[04:59:40] [163/456] SWTH
[04:59:41] [164/456] INVJ
[04:59:42] [165/456] PRSV
[04:59:42] 🔄 Identity reset
[04:59:42] 🔄 Identity rotated (every 10 requests)
[04:59:43] [166/456] JATV
[04:59:44] [167/456] RCVD
[04:59:44] [168/456] BDMA
[04:59:45] [169/456] BLJI
[04:59:46] [170/456] SWOT
[04:59:47] [171/456] SWRN
[04:59:48] [172/456] TVRA
[04:59:49] [173/456] NVRN
[04:59:50] [174/456] SIKC
[04:59:50] [175/456] VAKR
[04:59:51] 🔄 Identity reset
[04:59:51] 🔄 Identity rotated (every 10 requests)
[04:59:51] [176/456] SYLN
[04:59:52] [177/456] KLJL
[04:59:53] [178/456] LKMY
[04:59:54] [179/456] VSLY
[04:59:55] [180/456] CIKO
[04:59:55] [181/456] GPBG
[04:59:56] [182/456] CECM
[04:59:58] [183/456] SLKB
[04:59:59] [184/456] MTBO
[05:00:00] [185/456] SSHB
[05:00:00] 🔄 Identity reset
[05:00:00] 🔄 Identity rotated (every 10 requests)
[05:00:00] 🔄 Retry 1/5 for SSHB in 3.0s
[05:00:00] 🔄 Identity reset
[05:00:03] 🧠 New identity created
[05:00:04] [186/456] VPCS
[05:00:04] [187/456] RCSR
[05:00:05] [188/456] RJRM
[05:00:06] [189/456] KPPB
[05:00:07] [190/456] SEDC
[05:00:08] [191/456] SCAI
[05:00:09] [192/456] RMTR
[05:00:10] [193/456] ASST
[05:00:11] [194/456] GCAK
[05:00:12] 🔄 Identity reset
[05:00:12] 🔄 Identity rotated (every 10 requests)
[05:00:12] [195/456] ANNK
[05:00:13] [196/456] KDDF
[05:00:15] [197/456] NRDP
[05:00:16] [198/456] PLAK
[05:00:17] [199/456] GCMC
[05:00:18] [200/456] ALPY
[05:00:19] [201/456] SICE
[05:00:20] [202/456] SISR
[05:00:21] [203/456] SRPZ
[05:00:22] [204/456] SRSW
[05:00:23] 🔄 Identity reset
[05:00:23] 🔄 Identity rotated (every 10 requests)
[05:00:23] [205/456] SUYA
[05:00:24] [206/456] AMMT
[05:00:24] [207/456] BHCU
[05:00:25] [208/456] KLPA
[05:00:26] [209/456] NVKH
[05:00:27] [210/456] JMRC
[05:00:28] [211/456] KTTT
[05:00:29] [212/456] MAGH
[05:00:30] [213/456] MMMX
[05:00:30] [214/456] SALJ
[05:00:31] 🔄 Identity reset
[05:00:31] 🔄 Identity rotated (every 10 requests)
[05:00:31] [215/456] GTJA
[05:00:32] [216/456] MAHT
[05:00:33] [217/456] SSNN
[05:00:34] [218/456] ARRP
[05:00:35] [219/456] ATNS
[05:00:36] [220/456] SKDT
[05:00:37] [221/456] ACAT
[05:00:38] [222/456] APRC
[05:00:39] [223/456] SWAG
[05:00:40] [224/456] SDPT
[05:00:41] 🔄 Identity reset
[05:00:41] 🔄 Identity rotated (every 10 requests)
[05:00:42] [225/456] STPS
[05:00:43] [226/456] WWCZ
[05:00:43] [227/456] LLCH
[05:00:44] [228/456] MZHA
[05:00:45] [229/456] CRJG
[05:00:46] [230/456] JGTK
[05:00:46] [231/456] KCSR
[05:00:47] [232/456] CHTL
[05:00:48] [233/456] EDSR
[05:00:49] [234/456] CSWO
[05:00:50] 🔄 Identity reset
[05:00:50] 🔄 Identity rotated (every 10 requests)
[05:00:50] [235/456] CPVM
[05:00:51] [236/456] MXBY
[05:00:52] [237/456] FMMA
[05:00:53] [238/456] POVI
[05:00:54] [239/456] MTHB
[05:00:55] [240/456] INRC
[05:00:56] [241/456] PIPP
[05:00:56] [242/456] BMXC
[05:00:58] [243/456] PCMM
[05:00:59] [244/456] PMKM
[05:01:00] 🔄 Identity reset
[05:01:00] 🔄 Identity rotated (every 10 requests)
[05:01:01] [245/456] GATY
[05:01:01] [246/456] IMCM
[05:01:02] [247/456] POPE
[05:01:03] [248/456] MTCR
[05:01:04] [249/456] PVAE
[05:01:05] [250/456] PVMI
[05:01:06] [251/456] CPNM
[05:01:07] [252/456] FMRL
[05:01:08] [253/456] MCIW
[05:01:08] [254/456] MXBO
[05:01:09] 🔄 Identity reset
[05:01:09] 🔄 Identity rotated (every 10 requests)
[05:01:09] [255/456] FMKY
[05:01:10] [256/456] FMDA
[05:01:11] [257/456] THAB
[05:01:12] [258/456] PRCW
[05:01:13] [259/456] PITI
[05:01:14] [260/456] MCFF
[05:01:15] [261/456] PDDV
[05:01:16] [262/456] MCRM
[05:01:17] [263/456] KKMB
[05:01:17] [264/456] INKO
[05:01:18] 🔄 Identity reset
[05:01:18] 🔄 Identity rotated (every 10 requests)
[05:01:18] [265/456] PLXP
[05:01:19] [266/456] MMHA
[05:01:20] [267/456] FMVS
[05:01:21] [268/456] POLM
[05:01:22] [269/456] STER
[05:01:23] [270/456] PVWJ
[05:01:24] [271/456] IMJW
[05:01:24] [272/456] FNAN
[05:01:25] [273/456] CAGL
[05:01:27] [274/456] IPBG
[05:01:28] 🔄 Identity reset
[05:01:28] 🔄 Identity rotated (every 10 requests)
[05:01:28] 🔄 Retry 1/5 for IPBG in 2.6s
[05:01:28] 🔄 Identity reset
[05:01:30] 🧠 New identity created
[05:01:31] [275/456] SMFV
[05:01:31] [276/456] MMMR
[05:01:32] [277/456] MMWM
[05:01:33] [278/456] FNCM
[05:01:34] [279/456] MDVA
[05:01:35] [280/456] MMET
[05:01:35] [281/456] MIDO
[05:01:36] [282/456] INNP
[05:01:37] [283/456] MIFU
[05:01:38] 🔄 Identity reset
[05:01:38] 🔄 Identity rotated (every 10 requests)
[05:01:38] [284/456] MMSZ
[05:01:39] [285/456] BMXA
[05:01:40] [286/456] MCAA
[05:01:41] [287/456] SCVP
[05:01:42] [288/456] PLUS
[05:01:43] [289/456] MUCK
[05:01:43] [290/456] MTMA
[05:01:44] [291/456] HPVR
[05:01:45] [292/456] PMPK
[05:01:46] [293/456] MAJB
[05:01:47] 🔄 Identity reset
[05:01:47] 🔄 Identity rotated (every 10 requests)
[05:01:47] [294/456] CTRR
[05:01:48] [295/456] MCTG
[05:01:49] [296/456] MACE
[05:01:50] [297/456] AAAS
[05:01:51] [298/456] CPVV
[05:01:51] [299/456] RCHG
[05:01:52] [300/456] MCNE
[05:01:53] [301/456] EMNC
[05:01:54] [302/456] MCAN
[05:01:55] [303/456] TCDM
[05:01:56] 🔄 Identity reset
[05:01:56] 🔄 Identity rotated (every 10 requests)
[05:01:56] [304/456] IRGT
[05:01:56] [305/456] GCMG
[05:01:57] [306/456] MXSN
[05:01:58] [307/456] MXCK
[05:01:59] [308/456] MCRC
[05:02:00] [309/456] RSMI
[05:02:01] [310/456] WAML
[05:02:02] [311/456] MTSC
[05:02:03] [312/456] FMDR
[05:02:04] [313/456] LEPV
[05:02:04] 🔄 Identity reset
[05:02:04] 🔄 Identity rotated (every 10 requests)
[05:02:05] [314/456] MTGD
[05:02:05] [315/456] IMOB
[05:02:06] [316/456] CLMM
[05:02:07] [317/456] PZCD
[05:02:08] [318/456] GOCS
[05:02:09] [319/456] KCMA
[05:02:10] [320/456] CCMP
[05:02:11] [321/456] MTSU
[05:02:11] [322/456] SNGL
[05:02:12] [323/456] MMMC
[05:02:13] 🔄 Identity reset
[05:02:13] 🔄 Identity rotated (every 10 requests)
[05:02:13] 🔄 Retry 1/5 for MMMC in 2.4s
[05:02:13] 🔄 Identity reset
[05:02:15] 🧠 New identity created
[05:02:15] [324/456] MMAA
[05:02:16] [325/456] GCDM
[05:02:17] [326/456] KTMV
[05:02:18] [327/456] AETE
[05:02:19] [328/456] OMCS
[05:02:19] [329/456] GDCD
[05:02:20] [330/456] NYMD
[05:02:21] [331/456] RNCV
[05:02:22] [332/456] KKMT
[05:02:22] 🔄 Identity reset
[05:02:22] 🔄 Identity rotated (every 10 requests)
[05:02:23] [333/456] GDTH
[05:02:24] [334/456] KMMV
[05:02:25] [335/456] NHCG
[05:02:25] [336/456] PJDW
[05:02:26] [337/456] MMCV
[05:02:27] [338/456] FQSA
[05:02:28] [339/456] KURL
[05:02:29] [340/456] NNNX
[05:02:30] [341/456] AMAU
[05:02:31] [342/456] VVVM
[05:02:31] 🔄 Identity reset
[05:02:31] 🔄 Identity rotated (every 10 requests)
[05:02:31] [343/456] VECU
[05:02:32] [344/456] WCVR
[05:02:33] [345/456] MTGG
[05:02:34] [346/456] SGTG
[05:02:34] [347/456] MNTG
[05:02:35] [348/456] JDDG
[05:02:36] [349/456] MBTK
[05:02:37] [350/456] SGCD
[05:02:38] [351/456] MCTC
[05:02:39] [352/456] JTPC
[05:02:39] 🔄 Identity reset
[05:02:39] 🔄 Identity rotated (every 10 requests)
[05:02:40] [353/456] SDKT
[05:02:41] [354/456] KRCC
[05:02:42] [355/456] RMMD
[05:02:43] [356/456] AAME
[05:02:44] [357/456] TMWC
[05:02:45] [358/456] NRWY
[05:02:46] [359/456] CITD
[05:02:47] [360/456] VERD
[05:02:48] [361/456] MKSK
[05:02:49] [362/456] STSM
[05:02:50] 🔄 Identity reset
[05:02:50] 🔄 Identity rotated (every 10 requests)
[05:02:50] [363/456] MJDG
[05:02:51] [364/456] RKPM
[05:02:51] [365/456] SSCE
[05:02:52] [366/456] VMAE
[05:02:53] [367/456] SBRU
[05:02:54] [368/456] AMBC
[05:02:55] [369/456] AMLU
[05:02:56] [370/456] INVZ
[05:02:57] [371/456] LGTV
[05:02:58] [372/456] SVAD
[05:02:59] 🔄 Identity reset
[05:02:59] 🔄 Identity rotated (every 10 requests)
[05:02:59] [373/456] SMSA
[05:03:00] [374/456] SPCZ
[05:03:01] [375/456] GTCX
[05:03:01] [376/456] SCSL
[05:03:03] [377/456] SAHU
[05:03:04] [378/456] NCDA
[05:03:05] [379/456] SCCG
[05:03:05] [380/456] VKTL
[05:03:06] [381/456] PUUJ
[05:03:07] [382/456] STEJ
[05:03:08] 🔄 Identity reset
[05:03:08] 🔄 Identity rotated (every 10 requests)
[05:03:08] [383/456] RJAL
[05:03:09] [384/456] ACJC
[05:03:10] [385/456] ARVB
[05:03:11] [386/456] AUBB
[05:03:11] [387/456] GDBR
[05:03:12] [388/456] PVND
[05:03:13] [389/456] BGRJ
[05:03:14] [390/456] RJMM
[05:03:15] [391/456] MCSA
[05:03:16] [392/456] BODA
[05:03:17] 🔄 Identity reset
[05:03:17] 🔄 Identity rotated (every 10 requests)
[05:03:17] [393/456] JAGG
[05:03:18] [394/456] SCGA
[05:03:19] [395/456] LRCM
[05:03:20] [396/456] CPCN
[05:03:21] [397/456] SSTF
[05:03:22] [398/456] SRXP
[05:03:24] [399/456] CNFX
[05:03:25] [400/456] ANDI
[05:03:25] [401/456] SYEW
[05:03:26] [402/456] RCRE
[05:03:27] 🔄 Identity reset
[05:03:27] 🔄 Identity rotated (every 10 requests)
[05:03:27] [403/456] SCRW
[05:03:28] [404/456] MBKR
[05:03:30] [405/456] ASNT
[05:03:31] [406/456] JTMT
[05:03:31] [407/456] SHAY
[05:03:32] [408/456] VRTH
[05:03:33] [409/456] SPTI
[05:03:34] [410/456] DPTD
[05:03:35] [411/456] TGSN
[05:03:35] [412/456] RCWV
[05:03:36] 🔄 Identity reset
[05:03:36] 🔄 Identity rotated (every 10 requests)
[05:03:36] [413/456] OCUR
[05:03:37] [414/456] KSTC
[05:03:38] [415/456] SANI
[05:03:40] [416/456] MLCA
[05:03:40] [417/456] EGCA
[05:03:42] [418/456] SYSN
[05:03:42] [419/456] PKTA
[05:03:43] [420/456] PRCC
[05:03:44] [421/456] KSTR
[05:03:45] [422/456] SNTP
[05:03:46] 🔄 Identity reset
[05:03:46] 🔄 Identity rotated (every 10 requests)
[05:03:46] [423/456] RCHA
[05:03:47] [424/456] SEEA
[05:03:48] [425/456] ALAT
[05:03:48] [426/456] AATV
[05:03:49] [427/456] RJTE
[05:03:50] [428/456] AAPP
[05:03:51] [429/456] PMMH
[05:03:52] [430/456] INRJ
[05:03:53] [431/456] SARB
[05:03:54] [432/456] PCJL
[05:03:55] 🔄 Identity reset
[05:03:55] 🔄 Identity rotated (every 10 requests)
[05:03:55] [433/456] PFJJ
[05:03:56] [434/456] GRDC
[05:03:57] [435/456] BCBA
[05:03:57] [436/456] VIXL
[05:03:58] [437/456] CSTL
[05:03:59] [438/456] MTDK
[05:04:00] [439/456] TDAC
[05:04:01] [440/456] GTDN
[05:04:02] [441/456] TTDE
[05:04:03] [442/456] ASTS
[05:04:03] 🔄 Identity reset
[05:04:03] 🔄 Identity rotated (every 10 requests)
[05:04:04] [443/456] CPNS
[05:04:04] [444/456] PVVW
[05:04:05] [445/456] USEB
[05:04:06] [446/456] DTYN
[05:04:08] [447/456] PVLE
[05:04:09] [448/456] CIPS
[05:04:10] [449/456] PAEG
[05:04:10] [450/456] PTCW
[05:04:11] [451/456] G3SR
[05:04:12] [452/456] PGND
[05:04:13] 🔄 Identity reset
[05:04:13] 🔄 Identity rotated (every 10 requests)
[05:04:13] [453/456] INVM
[05:04:14] [454/456] SPIA
[05:04:15] [455/456] PCSN
[05:04:16] [456/456] PPGV
[05:04:17] 🧹 Deduping shows
[05:04:17] ✅ DONE | Shows=1044 | Movies=48
[12:21:45] 🚀 SCRIPT STARTED (enhanced anti‑detection)
[12:21:45] [1/456] FNDB
[12:21:46] 🧠 New identity created
[12:21:46] [2/456] AMBH
[12:21:47] [3/456] PRHN
[12:21:48] [4/456] ACPM
[12:21:49] [5/456] PVFS
[12:21:50] [6/456] AACN
[12:21:51] [7/456] ACAS
[12:21:52] [8/456] CTNR
[12:21:53] [9/456] MMAH
[12:21:54] [10/456] CPMH
[12:21:54] 🔄 Identity reset
[12:21:54] 🔄 Identity rotated (every 10 requests)
[12:21:54] [11/456] IGMH
[12:21:55] [12/456] ABCS
[12:21:56] [13/456] CMMA
[12:21:57] [14/456] GPRH
[12:21:58] [15/456] PNNG
[12:21:59] [16/456] AMCA
[12:22:00] [17/456] ISTN
[12:22:01] [18/456] PIIC
[12:22:02] [19/456] AHMH
[12:22:03] [20/456] ASHN
[12:22:04] 🔄 Identity reset
[12:22:04] 🔄 Identity rotated (every 10 requests)
[12:22:04] [21/456] INHY
[12:22:05] [22/456] SRMO
[12:22:06] [23/456] PIMH
[12:22:07] [24/456] PVTS
[12:22:08] [25/456] MMCA
[12:22:09] [26/456] AKYJ
[12:22:10] [27/456] BRKH
[12:22:10] [28/456] MAHM
[12:22:11] [29/456] CPHY
[12:22:12] [30/456] PVTP
[12:22:13] 🔄 Identity reset
[12:22:13] 🔄 Identity rotated (every 10 requests)
[12:22:14] [31/456] SMMR
[12:22:14] [32/456] PVHM
[12:22:16] [33/456] SNDY
[12:22:17] [34/456] GOKU
[12:22:18] [35/456] ACEV
[12:22:19] [36/456] PVUM
[12:22:20] [37/456] VSWA
[12:22:21] [38/456] IPRS
[12:22:22] [39/456] BKMV
[12:22:23] [40/456] PVYH
[12:22:23] 🔄 Identity reset
[12:22:23] 🔄 Identity rotated (every 10 requests)
[12:22:23] [41/456] INKM
[12:22:24] [42/456] ARJU
[12:22:25] [43/456] JJPP
[12:22:26] [44/456] SSRM
[12:22:27] [45/456] HMHD
[12:22:28] [46/456] SNKH
[12:22:29] [47/456] ACHI
[12:22:30] [48/456] MRAA
[12:22:31] [49/456] INMH
[12:22:32] [50/456] ARMH
[12:22:32] 🔄 Identity reset
[12:22:32] 🔄 Identity rotated (every 10 requests)
[12:22:32] 🔄 Retry 1/5 for ARMH in 2.6s
[12:22:32] 🔄 Identity reset
[12:22:35] 🧠 New identity created
[12:22:36] [51/456] DVRR
[12:22:37] [52/456] SUDA
[12:22:38] [53/456] MCSS
[12:22:39] [54/456] VRKC
[12:22:40] [55/456] PRCX
[12:22:41] [56/456] ASJY
[12:22:42] [57/456] MTHY
[12:22:43] [58/456] SRCM
[12:22:43] [59/456] TVHY
[12:22:44] 🔄 Identity reset
[12:22:44] 🔄 Identity rotated (every 10 requests)
[12:22:44] [60/456] STHD
[12:22:45] [61/456] CPCL
[12:22:46] [62/456] PSMJ
[12:22:47] [63/456] MRGT
[12:22:48] [64/456] ARYH
[12:22:49] [65/456] VTRB
[12:22:50] [66/456] SCHC
[12:22:51] [67/456] MRRG
[12:22:52] [68/456] SPCB
[12:22:53] [69/456] AMCM
[12:22:54] 🔄 Identity reset
[12:22:54] 🔄 Identity rotated (every 10 requests)
[12:22:54] 🔄 Retry 1/5 for AMCM in 2.4s
[12:22:54] 🔄 Identity reset
[12:22:56] 🧠 New identity created
[12:22:57] [70/456] IVNM
[12:22:57] [71/456] TRHY
[12:22:58] [72/456] PTTH
[12:22:59] [73/456] RKMH
[12:23:00] [74/456] PRCS
[12:23:01] [75/456] VAJA
[12:23:02] [76/456] BJNG
[12:23:03] [77/456] SCVM
[12:23:04] [78/456] GNHB
[12:23:04] 🔄 Identity reset
[12:23:04] 🔄 Identity rotated (every 10 requests)
[12:23:04] 🔄 Retry 1/5 for GNHB in 2.5s
[12:23:04] 🔄 Identity reset
[12:23:07] 🧠 New identity created
[12:23:07] [79/456] TLUR
[12:23:08] [80/456] UKCC
[12:23:09] [81/456] SRKR
[12:23:10] [82/456] RMKN
[12:23:11] [83/456] SLRT
[12:23:12] [84/456] LKMT
[12:23:13] [85/456] SSRJ
[12:23:14] [86/456] SPHT
[12:23:16] [87/456] ANTT
[12:23:17] 🔄 Identity reset
[12:23:17] 🔄 Identity rotated (every 10 requests)
[12:23:17] [88/456] SRCH
[12:23:18] [89/456] SRCA
[12:23:19] [90/456] ARTH
[12:23:20] [91/456] MCBH
[12:23:21] [92/456] SNIB
[12:23:21] [93/456] SART
[12:23:22] [94/456] SKTA
[12:23:23] [95/456] YAKT
[12:23:25] [96/456] MLCK
[12:23:26] [97/456] ANTS
[12:23:26] 🔄 Identity reset
[12:23:26] 🔄 Identity rotated (every 10 requests)
[12:23:27] [98/456] DGCA
[12:23:28] [99/456] SGMP
[12:23:28] [100/456] ASWN
[12:23:29] [101/456] KFVU
[12:23:30] [102/456] POOR
[12:23:31] [103/456] GKDN
[12:23:32] [104/456] EOSE
[12:23:33] [105/456] GTTT
[12:23:34] [106/456] ARRO
[12:23:35] [107/456] CMMK
[12:23:36] 🔄 Identity reset
[12:23:36] 🔄 Identity rotated (every 10 requests)
[12:23:36] [108/456] MSCN
[12:23:38] [109/456] GDKH
[12:23:39] [110/456] DLMT
[12:23:40] [111/456] PVMF
[12:23:41] [112/456] CPCK
[12:23:42] [113/456] VMHE
[12:23:43] [114/456] PVLC
[12:23:43] [115/456] PCVB
[12:23:44] [116/456] SNYK
[12:23:45] [117/456] KTEK
[12:23:46] 🔄 Identity reset
[12:23:46] 🔄 Identity rotated (every 10 requests)
[12:23:46] [118/456] PCNM
[12:23:48] [119/456] NTTR
[12:23:49] [120/456] CPSK
[12:23:50] [121/456] JMMA
[12:23:51] [122/456] GCFK
[12:23:52] [123/456] MYCA
[12:23:53] [124/456] KSNP
[12:23:53] [125/456] PMCE
[12:23:54] [126/456] SCKI
[12:23:55] [127/456] FSMA
[12:23:56] 🔄 Identity reset
[12:23:56] 🔄 Identity rotated (every 10 requests)
[12:23:57] [128/456] CETA
[12:23:58] [129/456] MCIK
[12:23:59] [130/456] MYCR
[12:24:00] [131/456] EVMP
[12:24:01] [132/456] SSGT
[12:24:02] [133/456] KCTK
[12:24:03] [134/456] ZTKC
[12:24:04] [135/456] MMTA
[12:24:05] [136/456] MAJT
[12:24:06] [137/456] ACPK
[12:24:06] 🔄 Identity reset
[12:24:06] 🔄 Identity rotated (every 10 requests)
[12:24:06] 🔄 Retry 1/5 for ACPK in 2.1s
[12:24:06] 🔄 Identity reset
[12:24:08] 🧠 New identity created
[12:24:09] [138/456] JMAX
[12:24:10] [139/456] SETK
[12:24:11] [140/456] CAIS
[12:24:12] [141/456] AGCD
[12:24:12] [142/456] URCL
[12:24:14] [143/456] VTDS
[12:24:14] [144/456] JCNM
[12:24:15] [145/456] KCAM
[12:24:16] [146/456] ADCU
[12:24:17] 🔄 Identity reset
[12:24:17] 🔄 Identity rotated (every 10 requests)
[12:24:17] 🔄 Retry 1/5 for ADCU in 2.8s
[12:24:17] 🔄 Identity reset
[12:24:20] 🧠 New identity created
[12:24:21] [147/456] GXYN
[12:24:22] [148/456] SMJG
[12:24:23] [149/456] EYCJ
[12:24:24] [150/456] CCEJ
[12:24:24] [151/456] MARS
[12:24:26] [152/456] CPVJ
[12:24:26] [153/456] INVP
[12:24:27] [154/456] CPOV
[12:24:28] [155/456] VIJK
[12:24:29] 🔄 Identity reset
[12:24:29] 🔄 Identity rotated (every 10 requests)
[12:24:29] 🔄 Retry 1/5 for VIJK in 2.4s
[12:24:29] 🔄 Identity reset
[12:24:31] 🧠 New identity created
[12:24:32] [156/456] LAIM
[12:24:32] [157/456] STHV
[12:24:33] [158/456] SVLJ
[12:24:34] [159/456] ATVJ
[12:24:35] [160/456] JTSC
[12:24:36] [161/456] RMTV
[12:24:37] [162/456] MGGG
[12:24:38] [163/456] SWTH
[12:24:38] [164/456] INVJ
[12:24:39] 🔄 Identity reset
[12:24:39] 🔄 Identity rotated (every 10 requests)
[12:24:39] [165/456] PRSV
[12:24:40] [166/456] JATV
[12:24:41] [167/456] RCVD
[12:24:42] [168/456] BDMA
[12:24:43] [169/456] BLJI
[12:24:44] [170/456] SWOT
[12:24:45] [171/456] SWRN
[12:24:46] [172/456] TVRA
[12:24:47] [173/456] NVRN
[12:24:48] [174/456] SIKC
[12:24:48] 🔄 Identity reset
[12:24:48] 🔄 Identity rotated (every 10 requests)
[12:24:48] 🔄 Retry 1/5 for SIKC in 3.0s
[12:24:48] 🔄 Identity reset
[12:24:51] 🧠 New identity created
[12:24:51] [175/456] VAKR
[12:24:53] [176/456] SYLN
[12:24:54] [177/456] KLJL
[12:24:55] [178/456] LKMY
[12:24:56] [179/456] VSLY
[12:24:57] [180/456] CIKO
[12:24:58] [181/456] GPBG
[12:25:00] [182/456] CECM
[12:25:01] [183/456] SLKB
[12:25:01] 🔄 Identity reset
[12:25:01] 🔄 Identity rotated (every 10 requests)
[12:25:02] [184/456] MTBO
[12:25:03] [185/456] SSHB
[12:25:04] [186/456] VPCS
[12:25:05] [187/456] RCSR
[12:25:06] [188/456] RJRM
[12:25:07] [189/456] KPPB
[12:25:08] [190/456] SEDC
[12:25:09] [191/456] SCAI
[12:25:10] [192/456] RMTR
[12:25:11] [193/456] ASST
[12:25:11] 🔄 Identity reset
[12:25:11] 🔄 Identity rotated (every 10 requests)
[12:25:12] [194/456] GCAK
[12:25:12] [195/456] ANNK
[12:25:13] [196/456] KDDF
[12:25:14] [197/456] NRDP
[12:25:15] [198/456] PLAK
[12:25:16] [199/456] GCMC
[12:25:17] [200/456] ALPY
[12:25:18] [201/456] SICE
[12:25:19] [202/456] SISR
[12:25:20] [203/456] SRPZ
[12:25:21] 🔄 Identity reset
[12:25:21] 🔄 Identity rotated (every 10 requests)
[12:25:21] 🔄 Retry 1/5 for SRPZ in 2.9s
[12:25:21] 🔄 Identity reset
[12:25:24] 🧠 New identity created
[12:25:24] 🔄 Retry 2/5 for SRPZ in 4.7s
[12:25:24] 🔄 Identity reset
[12:25:29] 🧠 New identity created
[12:25:29] [204/456] SRSW
[12:25:30] [205/456] SUYA
[12:25:31] [206/456] AMMT
[12:25:32] [207/456] BHCU
[12:25:33] [208/456] KLPA
[12:25:34] [209/456] NVKH
[12:25:35] [210/456] JMRC
[12:25:36] [211/456] KTTT
[12:25:37] 🔄 Identity reset
[12:25:37] 🔄 Identity rotated (every 10 requests)
[12:25:37] 🔄 Retry 1/5 for KTTT in 2.3s
[12:25:37] 🔄 Identity reset
[12:25:39] 🧠 New identity created
[12:25:39] 🔄 Retry 2/5 for KTTT in 4.2s
[12:25:39] 🔄 Identity reset
[12:25:44] 🧠 New identity created
[12:25:45] [212/456] MAGH
[12:25:46] [213/456] MMMX
[12:25:47] [214/456] SALJ
[12:25:47] [215/456] GTJA
[12:25:48] [216/456] MAHT
[12:25:49] [217/456] SSNN
[12:25:50] [218/456] ARRP
[12:25:51] [219/456] ATNS
[12:25:51] 🔄 Identity reset
[12:25:51] 🔄 Identity rotated (every 10 requests)
[12:25:52] [220/456] SKDT
[12:25:52] [221/456] ACAT
[12:25:53] [222/456] APRC
[12:25:54] [223/456] SWAG
[12:25:55] [224/456] SDPT
[12:25:56] [225/456] STPS
[12:25:57] [226/456] WWCZ
[12:25:58] [227/456] LLCH
[12:25:58] [228/456] MZHA
[12:25:59] [229/456] CRJG
[12:26:00] 🔄 Identity reset
[12:26:00] 🔄 Identity rotated (every 10 requests)
[12:26:00] [230/456] JGTK
[12:26:01] [231/456] KCSR
[12:26:02] [232/456] CHTL
[12:26:03] [233/456] EDSR
[12:26:04] [234/456] CSWO
[12:26:04] [235/456] CPVM
[12:26:05] [236/456] MXBY
[12:26:06] [237/456] FMMA
[12:26:07] [238/456] POVI
[12:26:08] [239/456] MTHB
[12:26:09] 🔄 Identity reset
[12:26:09] 🔄 Identity rotated (every 10 requests)
[12:26:09] [240/456] INRC
[12:26:10] [241/456] PIPP
[12:26:11] [242/456] BMXC
[12:26:12] [243/456] PCMM
[12:26:13] [244/456] PMKM
[12:26:14] [245/456] GATY
[12:26:15] [246/456] IMCM
[12:26:16] [247/456] POPE
[12:26:17] [248/456] MTCR
[12:26:17] [249/456] PVAE
[12:26:18] 🔄 Identity reset
[12:26:18] 🔄 Identity rotated (every 10 requests)
[12:26:18] [250/456] PVMI
[12:26:19] [251/456] CPNM
[12:26:20] [252/456] FMRL
[12:26:21] [253/456] MCIW
[12:26:22] [254/456] MXBO
[12:26:23] [255/456] FMKY
[12:26:24] [256/456] FMDA
[12:26:25] [257/456] THAB
[12:26:26] [258/456] PRCW
[12:26:27] [259/456] PITI
[12:26:28] 🔄 Identity reset
[12:26:28] 🔄 Identity rotated (every 10 requests)
[12:26:28] [260/456] MCFF
[12:26:30] [261/456] PDDV
[12:26:31] [262/456] MCRM
[12:26:32] [263/456] KKMB
[12:26:32] [264/456] INKO
[12:26:34] [265/456] PLXP
[12:26:35] [266/456] MMHA
[12:26:36] [267/456] FMVS
[12:26:37] [268/456] POLM
[12:26:38] [269/456] STER
[12:26:38] 🔄 Identity reset
[12:26:38] 🔄 Identity rotated (every 10 requests)
[12:26:38] [270/456] PVWJ
[12:26:39] [271/456] IMJW
[12:26:40] [272/456] FNAN
[12:26:41] [273/456] CAGL
[12:26:42] [274/456] IPBG
[12:26:43] [275/456] SMFV
[12:26:44] [276/456] MMMR
[12:26:45] [277/456] MMWM
[12:26:46] [278/456] FNCM
[12:26:47] [279/456] MDVA
[12:26:48] 🔄 Identity reset
[12:26:48] 🔄 Identity rotated (every 10 requests)
[12:26:48] [280/456] MMET
[12:26:49] [281/456] MIDO
[12:26:50] [282/456] INNP
[12:26:51] [283/456] MIFU
[12:26:52] [284/456] MMSZ
[12:26:53] [285/456] BMXA
[12:26:54] [286/456] MCAA
[12:26:55] [287/456] SCVP
[12:26:55] [288/456] PLUS
[12:26:56] [289/456] MUCK
[12:26:57] 🔄 Identity reset
[12:26:57] 🔄 Identity rotated (every 10 requests)
[12:26:57] [290/456] MTMA
[12:26:58] [291/456] HPVR
[12:26:59] [292/456] PMPK
[12:27:00] [293/456] MAJB
[12:27:01] [294/456] CTRR
[12:27:02] [295/456] MCTG
[12:27:03] [296/456] MACE
[12:27:04] [297/456] AAAS
[12:27:05] [298/456] CPVV
[12:27:06] [299/456] RCHG
[12:27:07] 🔄 Identity reset
[12:27:07] 🔄 Identity rotated (every 10 requests)
[12:27:07] 🔄 Retry 1/5 for RCHG in 3.0s
[12:27:07] 🔄 Identity reset
[12:27:10] 🧠 New identity created
[12:27:10] [300/456] MCNE
[12:27:11] [301/456] EMNC
[12:27:12] [302/456] MCAN
[12:27:13] [303/456] TCDM
[12:27:14] [304/456] IRGT
[12:27:15] [305/456] GCMG
[12:27:16] [306/456] MXSN
[12:27:16] [307/456] MXCK
[12:27:17] [308/456] MCRC
[12:27:18] 🔄 Identity reset
[12:27:18] 🔄 Identity rotated (every 10 requests)
[12:27:18] [309/456] RSMI
[12:27:19] [310/456] WAML
[12:27:20] [311/456] MTSC
[12:27:21] [312/456] FMDR
[12:27:22] [313/456] LEPV
[12:27:23] [314/456] MTGD
[12:27:24] [315/456] IMOB
[12:27:25] [316/456] CLMM
[12:27:26] [317/456] PZCD
[12:27:27] [318/456] GOCS
[12:27:28] 🔄 Identity reset
[12:27:28] 🔄 Identity rotated (every 10 requests)
[12:27:28] [319/456] KCMA
[12:27:29] [320/456] CCMP
[12:27:30] [321/456] MTSU
[12:27:31] [322/456] SNGL
[12:27:32] [323/456] MMMC
[12:27:33] [324/456] MMAA
[12:27:34] [325/456] GCDM
[12:27:35] [326/456] KTMV
[12:27:36] [327/456] AETE
[12:27:37] [328/456] OMCS
[12:27:37] 🔄 Identity reset
[12:27:37] 🔄 Identity rotated (every 10 requests)
[12:27:37] [329/456] GDCD
[12:27:38] [330/456] NYMD
[12:27:39] [331/456] RNCV
[12:27:40] [332/456] KKMT
[12:27:41] [333/456] GDTH
[12:27:42] [334/456] KMMV
[12:27:43] [335/456] NHCG
[12:27:44] [336/456] PJDW
[12:27:45] [337/456] MMCV
[12:27:46] [338/456] FQSA
[12:27:46] 🔄 Identity reset
[12:27:46] 🔄 Identity rotated (every 10 requests)
[12:27:46] [339/456] KURL
[12:27:47] [340/456] NNNX
[12:27:48] [341/456] AMAU
[12:27:49] [342/456] VVVM
[12:27:50] [343/456] VECU
[12:27:51] [344/456] WCVR
[12:27:52] [345/456] MTGG
[12:27:53] [346/456] SGTG
[12:27:54] [347/456] MNTG
[12:27:55] [348/456] JDDG
[12:27:56] 🔄 Identity reset
[12:27:56] 🔄 Identity rotated (every 10 requests)
[12:27:56] [349/456] MBTK
[12:27:57] [350/456] SGCD
[12:27:58] [351/456] MCTC
[12:27:59] [352/456] JTPC
[12:28:01] [353/456] SDKT
[12:28:02] [354/456] KRCC
[12:28:03] [355/456] RMMD
[12:28:04] [356/456] AAME
[12:28:04] [357/456] TMWC
[12:28:05] [358/456] NRWY
[12:28:06] 🔄 Identity reset
[12:28:06] 🔄 Identity rotated (every 10 requests)
[12:28:06] [359/456] CITD
[12:28:07] [360/456] VERD
[12:28:08] [361/456] MKSK
[12:28:09] [362/456] STSM
[12:28:10] [363/456] MJDG
[12:28:11] [364/456] RKPM
[12:28:12] [365/456] SSCE
[12:28:12] [366/456] VMAE
[12:28:13] [367/456] SBRU
[12:28:14] [368/456] AMBC
[12:28:15] 🔄 Identity reset
[12:28:15] 🔄 Identity rotated (every 10 requests)
[12:28:15] 🔄 Retry 1/5 for AMBC in 2.0s
[12:28:15] 🔄 Identity reset
[12:28:17] 🧠 New identity created
[12:28:17] [369/456] AMLU
[12:28:18] [370/456] INVZ
[12:28:19] [371/456] LGTV
[12:28:20] [372/456] SVAD
[12:28:21] [373/456] SMSA
[12:28:22] [374/456] SPCZ
[12:28:23] [375/456] GTCX
[12:28:24] [376/456] SCSL
[12:28:24] [377/456] SAHU
[12:28:25] 🔄 Identity reset
[12:28:25] 🔄 Identity rotated (every 10 requests)
[12:28:25] [378/456] NCDA
[12:28:26] [379/456] SCCG
[12:28:27] [380/456] VKTL
[12:28:28] [381/456] PUUJ
[12:28:29] [382/456] STEJ
[12:28:30] [383/456] RJAL
[12:28:31] [384/456] ACJC
[12:28:32] [385/456] ARVB
[12:28:33] [386/456] AUBB
[12:28:33] [387/456] GDBR
[12:28:34] 🔄 Identity reset
[12:28:34] 🔄 Identity rotated (every 10 requests)
[12:28:35] [388/456] PVND
[12:28:35] [389/456] BGRJ
[12:28:36] [390/456] RJMM
[12:28:37] [391/456] MCSA
[12:28:38] [392/456] BODA
[12:28:39] [393/456] JAGG
[12:28:40] [394/456] SCGA
[12:28:41] [395/456] LRCM
[12:28:43] [396/456] CPCN
[12:28:43] [397/456] SSTF
[12:28:44] 🔄 Identity reset
[12:28:44] 🔄 Identity rotated (every 10 requests)
[12:28:44] [398/456] SRXP
[12:28:45] [399/456] CNFX
[12:28:46] [400/456] ANDI
[12:28:47] [401/456] SYEW
[12:28:48] [402/456] RCRE
[12:28:49] [403/456] SCRW
[12:28:50] [404/456] MBKR
[12:28:51] [405/456] ASNT
[12:28:52] [406/456] JTMT
[12:28:53] [407/456] SHAY
[12:28:53] 🔄 Identity reset
[12:28:53] 🔄 Identity rotated (every 10 requests)
[12:28:53] [408/456] VRTH
[12:28:55] [409/456] SPTI
[12:28:56] [410/456] DPTD
[12:28:57] [411/456] TGSN
[12:28:58] [412/456] RCWV
[12:28:59] [413/456] OCUR
[12:29:00] [414/456] KSTC
[12:29:00] [415/456] SANI
[12:29:01] [416/456] MLCA
[12:29:02] [417/456] EGCA
[12:29:03] 🔄 Identity reset
[12:29:03] 🔄 Identity rotated (every 10 requests)
[12:29:03] 🔄 Retry 1/5 for EGCA in 2.2s
[12:29:03] 🔄 Identity reset
[12:29:05] 🧠 New identity created
[12:29:06] [418/456] SYSN
[12:29:07] [419/456] PKTA
[12:29:08] [420/456] PRCC
[12:29:08] [421/456] KSTR
[12:29:09] [422/456] SNTP
[12:29:10] [423/456] RCHA
[12:29:11] [424/456] SEEA
[12:29:12] [425/456] ALAT
[12:29:13] [426/456] AATV
[12:29:14] 🔄 Identity reset
[12:29:14] 🔄 Identity rotated (every 10 requests)
[12:29:14] [427/456] RJTE
[12:29:15] [428/456] AAPP
[12:29:16] [429/456] PMMH
[12:29:17] [430/456] INRJ
[12:29:18] [431/456] SARB
[12:29:19] [432/456] PCJL
[12:29:20] [433/456] PFJJ
[12:29:21] [434/456] GRDC
[12:29:23] [435/456] BCBA
[12:29:24] [436/456] VIXL
[12:29:24] 🔄 Identity reset
[12:29:24] 🔄 Identity rotated (every 10 requests)
[12:29:24] [437/456] CSTL
[12:29:25] [438/456] MTDK
[12:29:26] [439/456] TDAC
[12:29:27] [440/456] GTDN
[12:29:28] [441/456] TTDE
[12:29:29] [442/456] ASTS
[12:29:30] [443/456] CPNS
[12:29:31] [444/456] PVVW
[12:29:32] [445/456] USEB
[12:29:33] [446/456] DTYN
[12:29:33] 🔄 Identity reset
[12:29:33] 🔄 Identity rotated (every 10 requests)
[12:29:34] [447/456] PVLE
[12:29:35] [448/456] CIPS
[12:29:35] [449/456] PAEG
[12:29:36] [450/456] PTCW
[12:29:38] [451/456] G3SR
[12:29:39] [452/456] PGND
[12:29:40] [453/456] INVM
[12:29:41] [454/456] SPIA
[12:29:41] [455/456] PCSN
[12:29:42] [456/456] PPGV
[12:29:43] 🔄 Identity reset
[12:29:43] 🔄 Identity rotated (every 10 requests)
[12:29:43] 🔄 Retry 1/5 for PPGV in 2.1s
[12:29:43] 🔄 Identity reset
[12:29:45] 🧠 New identity created
[12:29:46] 🧹 Deduping shows
[12:29:46] ✅ DONE | Shows=1075 | Movies=48
[22:03:46] 🚀 SCRIPT STARTED (enhanced anti‑detection)
[22:03:46] [1/456] FNDB
[22:03:46] 🧠 New identity created
[22:03:46] 🔄 Retry 1/5 for FNDB in 2.4s
[22:03:46] 🔄 Identity reset
[22:03:49] 🧠 New identity created
[22:03:49] [2/456] AMBH
[22:03:50] [3/456] PRHN
[22:03:52] [4/456] ACPM
[22:03:53] [5/456] PVFS
[22:03:54] [6/456] AACN
[22:03:54] [7/456] ACAS
[22:03:55] [8/456] CTNR
[22:03:56] [9/456] MMAH
[22:03:57] 🔄 Identity reset
[22:03:57] 🔄 Identity rotated (every 10 requests)
[22:03:57] 🔄 Retry 1/5 for MMAH in 3.0s
[22:03:57] 🔄 Identity reset
[22:04:00] 🧠 New identity created
[22:04:00] 🔄 Retry 2/5 for MMAH in 5.0s
[22:04:00] 🔄 Identity reset
[22:04:05] 🧠 New identity created
[22:04:06] [10/456] CPMH
[22:04:07] [11/456] IGMH
[22:04:08] [12/456] ABCS
[22:04:09] [13/456] CMMA
[22:04:10] [14/456] GPRH
[22:04:11] [15/456] PNNG
[22:04:12] [16/456] AMCA
[22:04:13] [17/456] ISTN
[22:04:13] 🔄 Identity reset
[22:04:13] 🔄 Identity rotated (every 10 requests)
[22:04:13] 🔄 Retry 1/5 for ISTN in 2.7s
[22:04:13] 🔄 Identity reset
[22:04:16] 🧠 New identity created
[22:04:17] [18/456] PIIC
[22:04:18] [19/456] AHMH
[22:04:19] [20/456] ASHN
[22:04:19] [21/456] INHY
[22:04:20] [22/456] SRMO
[22:04:21] [23/456] PIMH
[22:04:22] [24/456] PVTS
[22:04:23] [25/456] MMCA
[22:04:24] [26/456] AKYJ
[22:04:24] 🔄 Identity reset
[22:04:24] 🔄 Identity rotated (every 10 requests)
[22:04:25] [27/456] BRKH
[22:04:26] [28/456] MAHM
[22:04:27] [29/456] CPHY
[22:04:28] [30/456] PVTP
[22:04:29] [31/456] SMMR
[22:04:29] [32/456] PVHM
[22:04:30] [33/456] SNDY
[22:04:32] [34/456] GOKU
[22:04:33] [35/456] ACEV
[22:04:34] [36/456] PVUM
[22:04:34] 🔄 Identity reset
[22:04:34] 🔄 Identity rotated (every 10 requests)
[22:04:34] 🔄 Retry 1/5 for PVUM in 2.5s
[22:04:34] 🔄 Identity reset
[22:04:37] 🧠 New identity created
[22:04:37] 🔄 Retry 2/5 for PVUM in 4.4s
[22:04:37] 🔄 Identity reset
[22:04:41] 🧠 New identity created
[22:04:42] 🔄 Retry 3/5 for PVUM in 8.8s
[22:04:42] 🔄 Identity reset
[22:04:50] 🧠 New identity created
[22:04:51] [37/456] VSWA
[22:04:52] [38/456] IPRS
[22:04:53] [39/456] BKMV
[22:04:54] [40/456] PVYH
[22:04:55] [41/456] INKM
[22:04:56] [42/456] ARJU
[22:04:57] [43/456] JJPP
[22:04:57] 🔄 Identity reset
[22:04:57] 🔄 Identity rotated (every 10 requests)
[22:04:57] 🔄 Retry 1/5 for JJPP in 2.8s
[22:04:57] 🔄 Identity reset
[22:05:00] 🧠 New identity created
[22:05:00] 🔄 Retry 2/5 for JJPP in 4.7s
[22:05:00] 🔄 Identity reset
[22:05:05] 🧠 New identity created
[22:05:05] [44/456] SSRM
[22:05:06] [45/456] HMHD
[22:05:07] [46/456] SNKH
[22:05:08] [47/456] ACHI
[22:05:09] [48/456] MRAA
[22:05:10] [49/456] INMH
[22:05:11] [50/456] ARMH
[22:05:12] [51/456] DVRR
[22:05:13] 🔄 Identity reset
[22:05:13] 🔄 Identity rotated (every 10 requests)
[22:05:13] 🔄 Retry 1/5 for DVRR in 2.6s
[22:05:13] 🔄 Identity reset
[22:05:16] 🧠 New identity created
[22:05:16] [52/456] SUDA
[22:05:17] [53/456] MCSS
[22:05:18] [54/456] VRKC
[22:05:19] [55/456] PRCX
[22:05:20] [56/456] ASJY
[22:05:21] [57/456] MTHY
[22:05:22] [58/456] SRCM
[22:05:24] [59/456] TVHY
[22:05:25] [60/456] STHD
[22:05:25] 🔄 Identity reset
[22:05:25] 🔄 Identity rotated (every 10 requests)
[22:05:26] [61/456] CPCL
[22:05:27] [62/456] PSMJ
[22:05:28] [63/456] MRGT
[22:05:29] [64/456] ARYH
[22:05:30] [65/456] VTRB
[22:05:31] [66/456] SCHC
[22:05:32] [67/456] MRRG
[22:05:33] [68/456] SPCB
[22:05:34] [69/456] AMCM
[22:05:35] [70/456] IVNM
[22:05:35] 🔄 Identity reset
[22:05:35] 🔄 Identity rotated (every 10 requests)
[22:05:36] [71/456] TRHY
[22:05:37] [72/456] PTTH
[22:05:38] [73/456] RKMH
[22:05:39] [74/456] PRCS
[22:05:40] [75/456] VAJA
[22:05:41] [76/456] BJNG
[22:05:42] [77/456] SCVM
[22:05:43] [78/456] GNHB
[22:05:44] [79/456] TLUR
[22:05:45] [80/456] UKCC
[22:05:46] 🔄 Identity reset
[22:05:46] 🔄 Identity rotated (every 10 requests)
[22:05:46] [81/456] SRKR
[22:05:47] [82/456] RMKN
[22:05:48] [83/456] SLRT
[22:05:49] [84/456] LKMT
[22:05:50] [85/456] SSRJ
[22:05:51] [86/456] SPHT
[22:05:52] [87/456] ANTT
[22:05:53] [88/456] SRCH
[22:05:53] [89/456] SRCA
[22:05:54] [90/456] ARTH
[22:05:55] 🔄 Identity reset
[22:05:55] 🔄 Identity rotated (every 10 requests)
[22:05:55] [91/456] MCBH
[22:05:56] [92/456] SNIB
[22:05:57] [93/456] SART
[22:05:59] [94/456] SKTA
[22:06:00] [95/456] YAKT
[22:06:01] [96/456] MLCK
[22:06:02] [97/456] ANTS
[22:06:03] [98/456] DGCA
[22:06:04] [99/456] SGMP
[22:06:05] [100/456] ASWN
[22:06:05] 🔄 Identity reset
[22:06:05] 🔄 Identity rotated (every 10 requests)
[22:06:05] [101/456] KFVU
[22:06:06] [102/456] POOR
[22:06:08] [103/456] GKDN
[22:06:09] [104/456] EOSE
[22:06:10] [105/456] GTTT
[22:06:11] [106/456] ARRO
[22:06:12] [107/456] CMMK
[22:06:13] [108/456] MSCN
[22:06:14] [109/456] GDKH
[22:06:15] [110/456] DLMT
[22:06:15] 🔄 Identity reset
[22:06:16] 🔄 Identity rotated (every 10 requests)
[22:06:16] 🔄 Retry 1/5 for DLMT in 2.9s
[22:06:16] 🔄 Identity reset
[22:06:19] 🧠 New identity created
[22:06:19] 🔄 Retry 2/5 for DLMT in 4.7s
[22:06:19] 🔄 Identity reset
[22:06:23] 🧠 New identity created
[22:06:23] 🔄 Retry 3/5 for DLMT in 8.4s
[22:06:23] 🔄 Identity reset
[22:06:32] 🧠 New identity created
[22:06:32] [111/456] PVMF
[22:06:34] [112/456] CPCK
[22:06:34] [113/456] VMHE
[22:06:35] [114/456] PVLC
[22:06:37] [115/456] PCVB
[22:06:38] [116/456] SNYK
[22:06:38] [117/456] KTEK
[22:06:39] 🔄 Identity reset
[22:06:39] 🔄 Identity rotated (every 10 requests)
[22:06:40] [118/456] PCNM
[22:06:40] [119/456] NTTR
[22:06:41] [120/456] CPSK
[22:06:42] [121/456] JMMA
[22:06:43] [122/456] GCFK
[22:06:44] [123/456] MYCA
[22:06:45] [124/456] KSNP
[22:06:47] [125/456] PMCE
[22:06:48] [126/456] SCKI
[22:06:49] [127/456] FSMA
[22:06:50] 🔄 Identity reset
[22:06:50] 🔄 Identity rotated (every 10 requests)
[22:06:51] [128/456] CETA
[22:06:52] [129/456] MCIK
[22:06:53] [130/456] MYCR
[22:06:54] [131/456] EVMP
[22:06:55] [132/456] SSGT
[22:06:56] [133/456] KCTK
[22:06:56] [134/456] ZTKC
[22:06:57] [135/456] MMTA
[22:06:59] [136/456] MAJT
[22:07:00] [137/456] ACPK
[22:07:00] 🔄 Identity reset
[22:07:00] 🔄 Identity rotated (every 10 requests)
[22:07:01] [138/456] JMAX
[22:07:03] [139/456] SETK
[22:07:04] [140/456] CAIS
[22:07:05] [141/456] AGCD
[22:07:06] [142/456] URCL
[22:07:07] [143/456] VTDS
[22:07:08] [144/456] JCNM
[22:07:09] [145/456] KCAM
[22:07:10] [146/456] ADCU
[22:07:11] [147/456] GXYN
[22:07:11] 🔄 Identity reset
[22:07:11] 🔄 Identity rotated (every 10 requests)
[22:07:12] [148/456] SMJG
[22:07:13] [149/456] EYCJ
[22:07:14] [150/456] CCEJ
[22:07:15] [151/456] MARS
[22:07:16] [152/456] CPVJ
[22:07:17] [153/456] INVP
[22:07:18] [154/456] CPOV
[22:07:19] [155/456] VIJK
[22:07:20] [156/456] LAIM
[22:07:20] [157/456] STHV
[22:07:21] 🔄 Identity reset
[22:07:21] 🔄 Identity rotated (every 10 requests)
[22:07:22] [158/456] SVLJ
[22:07:22] [159/456] ATVJ
[22:07:23] [160/456] JTSC
[22:07:25] [161/456] RMTV
[22:07:26] [162/456] MGGG
[22:07:27] [163/456] SWTH
[22:07:28] [164/456] INVJ
[22:07:29] [165/456] PRSV
[22:07:30] [166/456] JATV
[22:07:31] [167/456] RCVD
[22:07:31] 🔄 Identity reset
[22:07:31] 🔄 Identity rotated (every 10 requests)
[22:07:32] [168/456] BDMA
[22:07:33] [169/456] BLJI
[22:07:34] [170/456] SWOT
[22:07:35] [171/456] SWRN
[22:07:37] [172/456] TVRA
[22:07:38] [173/456] NVRN
[22:07:39] [174/456] SIKC
[22:07:40] [175/456] VAKR
[22:07:41] [176/456] SYLN
[22:07:42] [177/456] KLJL
[22:07:43] 🔄 Identity reset
[22:07:43] 🔄 Identity rotated (every 10 requests)
[22:07:43] 🔄 Retry 1/5 for KLJL in 2.7s
[22:07:43] 🔄 Identity reset
[22:07:46] 🧠 New identity created
[22:07:46] 🔄 Retry 2/5 for KLJL in 4.4s
[22:07:46] 🔄 Identity reset
[22:07:50] 🧠 New identity created
[22:07:50] 🔄 Retry 3/5 for KLJL in 8.6s
[22:07:50] 🔄 Identity reset
[22:07:59] 🧠 New identity created
[22:07:59] [178/456] LKMY
[22:08:00] [179/456] VSLY
[22:08:01] [180/456] CIKO
[22:08:02] [181/456] GPBG
[22:08:04] [182/456] CECM
[22:08:05] [183/456] SLKB
[22:08:07] [184/456] MTBO
[22:08:07] 🔄 Identity reset
[22:08:07] 🔄 Identity rotated (every 10 requests)
[22:08:07] 🔄 Retry 1/5 for MTBO in 2.3s
[22:08:07] 🔄 Identity reset
[22:08:10] 🧠 New identity created
[22:08:10] [185/456] SSHB
[22:08:11] [186/456] VPCS
[22:08:12] [187/456] RCSR
[22:08:13] [188/456] RJRM
[22:08:14] [189/456] KPPB
[22:08:15] [190/456] SEDC
[22:08:16] [191/456] SCAI
[22:08:17] [192/456] RMTR
[22:08:18] [193/456] ASST
[22:08:18] 🔄 Identity reset
[22:08:18] 🔄 Identity rotated (every 10 requests)
[22:08:18] 🔄 Retry 1/5 for ASST in 3.0s
[22:08:18] 🔄 Identity reset
[22:08:21] 🧠 New identity created
[22:08:21] 🔄 Retry 2/5 for ASST in 4.5s
[22:08:21] 🔄 Identity reset
[22:08:26] 🧠 New identity created
[22:08:27] [194/456] GCAK
[22:08:28] [195/456] ANNK
[22:08:29] [196/456] KDDF
[22:08:30] [197/456] NRDP
[22:08:31] [198/456] PLAK
[22:08:32] [199/456] GCMC
[22:08:33] [200/456] ALPY
[22:08:34] [201/456] SICE
[22:08:35] 🔄 Identity reset
[22:08:35] 🔄 Identity rotated (every 10 requests)
[22:08:35] 🔄 Retry 1/5 for SICE in 2.6s
[22:08:35] 🔄 Identity reset
[22:08:37] 🧠 New identity created
[22:08:38] 🔄 Retry 2/5 for SICE in 4.9s
[22:08:38] 🔄 Identity reset
[22:08:43] 🧠 New identity created
[22:08:43] [202/456] SISR
[22:08:44] [203/456] SRPZ
[22:08:45] [204/456] SRSW
[22:08:46] [205/456] SUYA
[22:08:47] [206/456] AMMT
[22:08:48] [207/456] BHCU
[22:08:49] [208/456] KLPA
[22:08:50] [209/456] NVKH
[22:08:50] 🔄 Identity reset
[22:08:50] 🔄 Identity rotated (every 10 requests)
[22:08:51] [210/456] JMRC
[22:08:52] [211/456] KTTT
[22:08:53] [212/456] MAGH
[22:08:54] [213/456] MMMX
[22:08:55] [214/456] SALJ
[22:08:57] [215/456] GTJA
[22:08:58] [216/456] MAHT
[22:08:59] [217/456] SSNN
[22:09:00] [218/456] ARRP
[22:09:00] [219/456] ATNS
[22:09:01] 🔄 Identity reset
[22:09:01] 🔄 Identity rotated (every 10 requests)
[22:09:01] [220/456] SKDT
[22:09:02] [221/456] ACAT
[22:09:03] [222/456] APRC
[22:09:04] [223/456] SWAG
[22:09:05] [224/456] SDPT
[22:09:06] [225/456] STPS
[22:09:07] [226/456] WWCZ
[22:09:08] [227/456] LLCH
[22:09:09] [228/456] MZHA
[22:09:11] [229/456] CRJG
[22:09:11] 🔄 Identity reset
[22:09:11] 🔄 Identity rotated (every 10 requests)
[22:09:12] [230/456] JGTK
[22:09:13] [231/456] KCSR
[22:09:14] [232/456] CHTL
[22:09:15] [233/456] EDSR
[22:09:16] [234/456] CSWO
[22:09:17] [235/456] CPVM
[22:09:18] [236/456] MXBY
[22:09:19] [237/456] FMMA
[22:09:20] [238/456] POVI
[22:09:21] [239/456] MTHB
[22:09:21] 🔄 Identity reset
[22:09:21] 🔄 Identity rotated (every 10 requests)
[22:09:22] 🔄 Retry 1/5 for MTHB in 2.5s
[22:09:22] 🔄 Identity reset
[22:09:24] 🧠 New identity created
[22:09:24] [240/456] INRC
[22:09:26] [241/456] PIPP
[22:09:26] [242/456] BMXC
[22:09:27] [243/456] PCMM
[22:09:28] [244/456] PMKM
[22:09:29] [245/456] GATY
[22:09:30] [246/456] IMCM
[22:09:31] [247/456] POPE
[22:09:33] [248/456] MTCR
[22:09:33] 🔄 Identity reset
[22:09:33] 🔄 Identity rotated (every 10 requests)
[22:09:34] [249/456] PVAE
[22:09:34] [250/456] PVMI
[22:09:35] [251/456] CPNM
[22:09:36] [252/456] FMRL
[22:09:37] [253/456] MCIW
[22:09:38] [254/456] MXBO
[22:09:39] [255/456] FMKY
[22:09:40] [256/456] FMDA
[22:09:41] [257/456] THAB
[22:09:43] [258/456] PRCW
[22:09:43] 🔄 Identity reset
[22:09:43] 🔄 Identity rotated (every 10 requests)
[22:09:44] [259/456] PITI
[22:09:44] [260/456] MCFF
[22:09:46] [261/456] PDDV
[22:09:46] [262/456] MCRM
[22:09:47] [263/456] KKMB
[22:09:49] [264/456] INKO
[22:09:50] [265/456] PLXP
[22:09:51] [266/456] MMHA
[22:09:52] [267/456] FMVS
[22:09:53] [268/456] POLM
[22:09:53] 🔄 Identity reset
[22:09:53] 🔄 Identity rotated (every 10 requests)
[22:09:53] 🔄 Retry 1/5 for POLM in 2.6s
[22:09:53] 🔄 Identity reset
[22:09:56] 🧠 New identity created
[22:09:56] [269/456] STER
[22:09:57] [270/456] PVWJ
[22:09:58] [271/456] IMJW
[22:09:59] [272/456] FNAN
[22:10:00] [273/456] CAGL
[22:10:01] [274/456] IPBG
[22:10:02] [275/456] SMFV
[22:10:03] [276/456] MMMR
[22:10:04] [277/456] MMWM
[22:10:05] 🔄 Identity reset
[22:10:05] 🔄 Identity rotated (every 10 requests)
[22:10:05] 🔄 Retry 1/5 for MMWM in 2.5s
[22:10:05] 🔄 Identity reset
[22:10:08] 🧠 New identity created
[22:10:08] [278/456] FNCM
[22:10:09] [279/456] MDVA
[22:10:10] [280/456] MMET
[22:10:11] [281/456] MIDO
[22:10:12] [282/456] INNP
[22:10:14] [283/456] MIFU
[22:10:15] [284/456] MMSZ
[22:10:16] [285/456] BMXA
[22:10:16] [286/456] MCAA
[22:10:17] 🔄 Identity reset
[22:10:17] 🔄 Identity rotated (every 10 requests)
[22:10:18] [287/456] SCVP
[22:10:19] [288/456] PLUS
[22:10:20] [289/456] MUCK
[22:10:21] [290/456] MTMA
[22:10:21] [291/456] HPVR
[22:10:22] [292/456] PMPK
[22:10:23] [293/456] MAJB
[22:10:24] [294/456] CTRR
[22:10:25] [295/456] MCTG
[22:10:26] [296/456] MACE
[22:10:27] 🔄 Identity reset
[22:10:27] 🔄 Identity rotated (every 10 requests)
[22:10:27] [297/456] AAAS
[22:10:28] [298/456] CPVV
[22:10:29] [299/456] RCHG
[22:10:30] [300/456] MCNE
[22:10:31] [301/456] EMNC
[22:10:32] [302/456] MCAN
[22:10:33] [303/456] TCDM
[22:10:34] [304/456] IRGT
[22:10:35] [305/456] GCMG
[22:10:36] [306/456] MXSN
[22:10:37] 🔄 Identity reset
[22:10:37] 🔄 Identity rotated (every 10 requests)
[22:10:37] [307/456] MXCK
[22:10:38] [308/456] MCRC
[22:10:39] [309/456] RSMI
[22:10:41] [310/456] WAML
[22:10:42] [311/456] MTSC
[22:10:43] [312/456] FMDR
[22:10:44] [313/456] LEPV
[22:10:45] [314/456] MTGD
[22:10:46] [315/456] IMOB
[22:10:47] [316/456] CLMM
[22:10:48] 🔄 Identity reset
[22:10:48] 🔄 Identity rotated (every 10 requests)
[22:10:48] [317/456] PZCD
[22:10:49] [318/456] GOCS
[22:10:50] [319/456] KCMA
[22:10:51] [320/456] CCMP
[22:10:52] [321/456] MTSU
[22:10:53] [322/456] SNGL
[22:10:54] [323/456] MMMC
[22:10:55] [324/456] MMAA
[22:10:56] [325/456] GCDM
[22:10:57] [326/456] KTMV
[22:10:57] 🔄 Identity reset
[22:10:57] 🔄 Identity rotated (every 10 requests)
[22:10:58] [327/456] AETE
[22:10:58] [328/456] OMCS
[22:10:59] [329/456] GDCD
[22:11:00] [330/456] NYMD
[22:11:01] [331/456] RNCV
[22:11:03] [332/456] KKMT
[22:11:05] [333/456] GDTH
[22:11:06] [334/456] KMMV
[22:11:08] [335/456] NHCG
[22:11:08] [336/456] PJDW
[22:11:09] 🔄 Identity reset
[22:11:09] 🔄 Identity rotated (every 10 requests)
[22:11:09] 🔄 Retry 1/5 for PJDW in 2.9s
[22:11:09] 🔄 Identity reset
[22:11:12] 🧠 New identity created
[22:11:12] [337/456] MMCV
[22:11:13] [338/456] FQSA
[22:11:14] [339/456] KURL
[22:11:15] [340/456] NNNX
[22:11:16] [341/456] AMAU
[22:11:17] [342/456] VVVM
[22:11:18] [343/456] VECU
[22:11:19] [344/456] WCVR
[22:11:20] [345/456] MTGG
[22:11:20] 🔄 Identity reset
[22:11:20] 🔄 Identity rotated (every 10 requests)
[22:11:21] 🔄 Retry 1/5 for MTGG in 2.6s
[22:11:21] 🔄 Identity reset
[22:11:23] 🧠 New identity created
[22:11:23] 🔄 Retry 2/5 for MTGG in 4.8s
[22:11:23] 🔄 Identity reset
[22:11:28] 🧠 New identity created
[22:11:28] 🔄 Retry 3/5 for MTGG in 9.0s
[22:11:28] 🔄 Identity reset
[22:11:37] 🧠 New identity created
[22:11:37] 🔄 Retry 4/5 for MTGG in 16.9s
[22:11:37] 🔄 Identity reset
[22:11:54] 🧠 New identity created
[22:11:55] [346/456] SGTG
[22:11:55] [347/456] MNTG
[22:11:57] [348/456] JDDG
[22:11:58] [349/456] MBTK
[22:11:59] [350/456] SGCD
[22:12:00] [351/456] MCTC
[22:12:00] 🔄 Identity reset
[22:12:01] 🔄 Identity rotated (every 10 requests)
[22:12:01] 🔄 Retry 1/5 for MCTC in 2.2s
[22:12:01] 🔄 Identity reset
[22:12:03] 🧠 New identity created
[22:12:03] 🔄 Retry 2/5 for MCTC in 4.5s
[22:12:03] 🔄 Identity reset
[22:12:07] 🧠 New identity created
[22:12:08] [352/456] JTPC
[22:12:09] [353/456] SDKT
[22:12:10] [354/456] KRCC
[22:12:11] [355/456] RMMD
[22:12:11] [356/456] AAME
[22:12:12] [357/456] TMWC
[22:12:13] [358/456] NRWY
[22:12:14] [359/456] CITD
[22:12:15] 🔄 Identity reset
[22:12:15] 🔄 Identity rotated (every 10 requests)
[22:12:15] [360/456] VERD
[22:12:16] [361/456] MKSK
[22:12:17] [362/456] STSM
[22:12:18] [363/456] MJDG
[22:12:20] [364/456] RKPM
[22:12:21] [365/456] SSCE
[22:12:22] [366/456] VMAE
[22:12:23] [367/456] SBRU
[22:12:24] [368/456] AMBC
[22:12:25] [369/456] AMLU
[22:12:25] 🔄 Identity reset
[22:12:25] 🔄 Identity rotated (every 10 requests)
[22:12:25] 🔄 Retry 1/5 for AMLU in 2.7s
[22:12:25] 🔄 Identity reset
[22:12:28] 🧠 New identity created
[22:12:28] [370/456] INVZ
[22:12:29] [371/456] LGTV
[22:12:30] [372/456] SVAD
[22:12:31] [373/456] SMSA
[22:12:32] [374/456] SPCZ
[22:12:33] [375/456] GTCX
[22:12:34] [376/456] SCSL
[22:12:35] [377/456] SAHU
[22:12:36] [378/456] NCDA
[22:12:36] 🔄 Identity reset
[22:12:36] 🔄 Identity rotated (every 10 requests)
[22:12:37] [379/456] SCCG
[22:12:38] [380/456] VKTL
[22:12:39] [381/456] PUUJ
[22:12:41] [382/456] STEJ
[22:12:42] [383/456] RJAL
[22:12:43] [384/456] ACJC
[22:12:44] [385/456] ARVB
[22:12:45] [386/456] AUBB
[22:12:46] [387/456] GDBR
[22:12:46] [388/456] PVND
[22:12:47] 🔄 Identity reset
[22:12:47] 🔄 Identity rotated (every 10 requests)
[22:12:47] 🔄 Retry 1/5 for PVND in 2.4s
[22:12:47] 🔄 Identity reset
[22:12:50] 🧠 New identity created
[22:12:50] [389/456] BGRJ
[22:12:51] [390/456] RJMM
[22:12:52] [391/456] MCSA
[22:12:53] [392/456] BODA
[22:12:54] [393/456] JAGG
[22:12:55] [394/456] SCGA
[22:12:56] [395/456] LRCM
[22:12:57] [396/456] CPCN
[22:12:58] [397/456] SSTF
[22:12:59] 🔄 Identity reset
[22:12:59] 🔄 Identity rotated (every 10 requests)
[22:12:59] 🔄 Retry 1/5 for SSTF in 2.8s
[22:12:59] 🔄 Identity reset
[22:13:02] 🧠 New identity created
[22:13:02] 🔄 Retry 2/5 for SSTF in 4.7s
[22:13:02] 🔄 Identity reset
[22:13:07] 🧠 New identity created
[22:13:07] 🔄 Retry 3/5 for SSTF in 8.2s
[22:13:07] 🔄 Identity reset
[22:13:15] 🧠 New identity created
[22:13:15] [398/456] SRXP
[22:13:16] [399/456] CNFX
[22:13:18] [400/456] ANDI
[22:13:19] [401/456] SYEW
[22:13:20] [402/456] RCRE
[22:13:21] [403/456] SCRW
[22:13:22] [404/456] MBKR
[22:13:22] 🔄 Identity reset
[22:13:23] 🔄 Identity rotated (every 10 requests)
[22:13:23] [405/456] ASNT
[22:13:24] [406/456] JTMT
[22:13:25] [407/456] SHAY
[22:13:26] [408/456] VRTH
[22:13:27] [409/456] SPTI
[22:13:28] [410/456] DPTD
[22:13:29] [411/456] TGSN
[22:13:30] [412/456] RCWV
[22:13:31] [413/456] OCUR
[22:13:32] [414/456] KSTC
[22:13:33] 🔄 Identity reset
[22:13:33] 🔄 Identity rotated (every 10 requests)
[22:13:33] [415/456] SANI
[22:13:34] [416/456] MLCA
[22:13:35] [417/456] EGCA
[22:13:36] [418/456] SYSN
[22:13:37] [419/456] PKTA
[22:13:38] [420/456] PRCC
[22:13:39] [421/456] KSTR
[22:13:40] [422/456] SNTP
[22:13:41] [423/456] RCHA
[22:13:42] [424/456] SEEA
[22:13:43] 🔄 Identity reset
[22:13:43] 🔄 Identity rotated (every 10 requests)
[22:13:43] [425/456] ALAT
[22:13:44] [426/456] AATV
[22:13:45] [427/456] RJTE
[22:13:46] [428/456] AAPP
[22:13:47] [429/456] PMMH
[22:13:47] [430/456] INRJ
[22:13:48] [431/456] SARB
[22:13:49] [432/456] PCJL
[22:13:50] [433/456] PFJJ
[22:13:51] [434/456] GRDC
[22:13:52] 🔄 Identity reset
[22:13:52] 🔄 Identity rotated (every 10 requests)
[22:13:52] [435/456] BCBA
[22:13:53] [436/456] VIXL
[22:13:54] [437/456] CSTL
[22:13:55] [438/456] MTDK
[22:13:56] [439/456] TDAC
[22:13:57] [440/456] GTDN
[22:13:58] [441/456] TTDE
[22:13:59] [442/456] ASTS
[22:14:00] [443/456] CPNS
[22:14:01] [444/456] PVVW
[22:14:01] 🔄 Identity reset
[22:14:01] 🔄 Identity rotated (every 10 requests)
[22:14:03] [445/456] USEB
[22:14:04] [446/456] DTYN
[22:14:04] [447/456] PVLE
[22:14:06] [448/456] CIPS
[22:14:07] [449/456] PAEG
[22:14:08] [450/456] PTCW
[22:14:10] [451/456] G3SR
[22:14:11] [452/456] PGND
[22:14:13] [453/456] INVM
[22:14:14] [454/456] SPIA
[22:14:14] 🔄 Identity reset
[22:14:14] 🔄 Identity rotated (every 10 requests)
[22:14:14] 🔄 Retry 1/5 for SPIA in 2.3s
[22:14:14] 🔄 Identity reset
[22:14:17] 🧠 New identity created
[22:14:17] [455/456] PCSN
[22:14:18] [456/456] PPGV
[22:14:19] 🧹 Deduping shows
[22:14:19] ✅ DONE | Shows=1673 | Movies=55
[07:16:03] 🚀 SCRIPT STARTED (enhanced anti‑detection)
[07:16:03] [1/456] FNDB
[07:16:03] 🧠 New identity created
[07:16:04] [2/456] AMBH
[07:16:04] [3/456] PRHN
[07:16:05] [4/456] ACPM
[07:16:06] [5/456] PVFS
[07:16:06] [6/456] AACN
[07:16:07] [7/456] ACAS
[07:16:08] [8/456] CTNR
[07:16:08] [9/456] MMAH
[07:16:09] [10/456] CPMH
[07:16:09] 🔄 Identity reset
[07:16:10] 🔄 Identity rotated (every 10 requests)
[07:16:10] 🔄 Retry 1/5 for CPMH in 2.3s
[07:16:10] 🔄 Identity reset
[07:16:12] 🧠 New identity created
[07:16:12] [11/456] IGMH
[07:16:13] [12/456] ABCS
[07:16:14] [13/456] CMMA
[07:16:15] [14/456] GPRH
[07:16:15] [15/456] PNNG
[07:16:17] [16/456] AMCA
[07:16:18] [17/456] ISTN
[07:16:18] [18/456] PIIC
[07:16:19] [19/456] AHMH
[07:16:20] 🔄 Identity reset
[07:16:20] 🔄 Identity rotated (every 10 requests)
[07:16:20] 🔄 Retry 1/5 for AHMH in 2.3s
[07:16:20] 🔄 Identity reset
[07:16:22] 🧠 New identity created
[07:16:23] [20/456] ASHN
[07:16:23] [21/456] INHY
[07:16:24] [22/456] SRMO
[07:16:25] [23/456] PIMH
[07:16:25] [24/456] PVTS
[07:16:26] [25/456] MMCA
[07:16:27] [26/456] AKYJ
[07:16:27] [27/456] BRKH
[07:16:28] [28/456] MAHM
[07:16:29] 🔄 Identity reset
[07:16:29] 🔄 Identity rotated (every 10 requests)
[07:16:29] [29/456] CPHY
[07:16:30] [30/456] PVTP
[07:16:31] [31/456] SMMR
[07:16:32] [32/456] PVHM
[07:16:33] [33/456] SNDY
[07:16:34] [34/456] GOKU
[07:16:34] [35/456] ACEV
[07:16:35] [36/456] PVUM
[07:16:36] [37/456] VSWA
[07:16:37] [38/456] IPRS
[07:16:37] 🔄 Identity reset
[07:16:37] 🔄 Identity rotated (every 10 requests)
[07:16:38] [39/456] BKMV
[07:16:38] [40/456] PVYH
[07:16:39] [41/456] INKM
[07:16:40] [42/456] ARJU
[07:16:41] [43/456] JJPP
[07:16:42] [44/456] SSRM
[07:16:43] [45/456] HMHD
[07:16:44] [46/456] SNKH
[07:16:44] [47/456] ACHI
[07:16:46] [48/456] MRAA
[07:16:46] 🔄 Identity reset
[07:16:46] 🔄 Identity rotated (every 10 requests)
[07:16:47] [49/456] INMH
[07:16:47] [50/456] ARMH
[07:16:48] [51/456] DVRR
[07:16:49] [52/456] SUDA
[07:16:50] [53/456] MCSS
[07:16:50] [54/456] VRKC
[07:16:51] [55/456] PRCX
[07:16:52] [56/456] ASJY
[07:16:53] [57/456] MTHY
[07:16:54] [58/456] SRCM
[07:16:54] 🔄 Identity reset
[07:16:54] 🔄 Identity rotated (every 10 requests)
[07:16:55] 🔄 Retry 1/5 for SRCM in 2.9s
[07:16:55] 🔄 Identity reset
[07:16:58] 🧠 New identity created
[07:16:58] 🔄 Retry 2/5 for SRCM in 4.7s
[07:16:58] 🔄 Identity reset
[07:17:02] 🧠 New identity created
[07:17:02] 🔄 Retry 3/5 for SRCM in 8.5s
[07:17:02] 🔄 Identity reset
[07:17:11] 🧠 New identity created
[07:17:11] [59/456] TVHY
[07:17:12] [60/456] STHD
[07:17:13] [61/456] CPCL
[07:17:14] [62/456] PSMJ
[07:17:15] [63/456] MRGT
[07:17:15] [64/456] ARYH
[07:17:16] [65/456] VTRB
[07:17:17] 🔄 Identity reset
[07:17:17] 🔄 Identity rotated (every 10 requests)
[07:17:17] 🔄 Retry 1/5 for VTRB in 2.4s
[07:17:17] 🔄 Identity reset
[07:17:19] 🧠 New identity created
[07:17:19] 🔄 Retry 2/5 for VTRB in 5.0s
[07:17:19] 🔄 Identity reset
[07:17:24] 🧠 New identity created
[07:17:24] 🔄 Retry 3/5 for VTRB in 8.9s
[07:17:24] 🔄 Identity reset
[07:17:33] 🧠 New identity created
[07:17:34] [66/456] SCHC
[07:17:34] [67/456] MRRG
[07:17:35] [68/456] SPCB
[07:17:36] [69/456] AMCM
[07:17:37] [70/456] IVNM
[07:17:38] [71/456] TRHY
[07:17:38] [72/456] PTTH
[07:17:39] 🔄 Identity reset
[07:17:39] 🔄 Identity rotated (every 10 requests)
[07:17:39] [73/456] RKMH
[07:17:40] [74/456] PRCS
[07:17:41] [75/456] VAJA
[07:17:42] [76/456] BJNG
[07:17:43] [77/456] SCVM
[07:17:44] [78/456] GNHB
[07:17:45] [79/456] TLUR
[07:17:46] [80/456] UKCC
[07:17:46] [81/456] SRKR
[07:17:47] [82/456] RMKN
[07:17:48] 🔄 Identity reset
[07:17:48] 🔄 Identity rotated (every 10 requests)
[07:17:48] 🔄 Retry 1/5 for RMKN in 2.4s
[07:17:48] 🔄 Identity reset
[07:17:50] 🧠 New identity created
[07:17:50] [83/456] SLRT
[07:17:51] [84/456] LKMT
[07:17:52] [85/456] SSRJ
[07:17:53] [86/456] SPHT
[07:17:53] [87/456] ANTT
[07:17:54] [88/456] SRCH
[07:17:55] [89/456] SRCA
[07:17:56] [90/456] ARTH
[07:17:57] [91/456] MCBH
[07:17:57] 🔄 Identity reset
[07:17:57] 🔄 Identity rotated (every 10 requests)
[07:17:58] [92/456] SNIB
[07:17:58] [93/456] SART
[07:17:59] [94/456] SKTA
[07:18:00] [95/456] YAKT
[07:18:00] [96/456] MLCK
[07:18:01] [97/456] ANTS
[07:18:02] [98/456] DGCA
[07:18:03] [99/456] SGMP
[07:18:03] [100/456] ASWN
[07:18:04] [101/456] KFVU
[07:18:05] 🔄 Identity reset
[07:18:05] 🔄 Identity rotated (every 10 requests)
[07:18:05] [102/456] POOR
[07:18:06] [103/456] GKDN
[07:18:07] [104/456] EOSE
[07:18:08] [105/456] GTTT
[07:18:09] [106/456] ARRO
[07:18:10] [107/456] CMMK
[07:18:11] [108/456] MSCN
[07:18:11] [109/456] GDKH
[07:18:12] [110/456] DLMT
[07:18:13] [111/456] PVMF
[07:18:14] 🔄 Identity reset
[07:18:14] 🔄 Identity rotated (every 10 requests)
[07:18:14] [112/456] CPCK
[07:18:15] [113/456] VMHE
[07:18:16] [114/456] PVLC
[07:18:17] [115/456] PCVB
[07:18:18] [116/456] SNYK
[07:18:19] [117/456] KTEK
[07:18:19] [118/456] PCNM
[07:18:20] [119/456] NTTR
[07:18:21] [120/456] CPSK
[07:18:22] [121/456] JMMA
[07:18:23] 🔄 Identity reset
[07:18:23] 🔄 Identity rotated (every 10 requests)
[07:18:23] [122/456] GCFK
[07:18:24] [123/456] MYCA
[07:18:25] [124/456] KSNP
[07:18:26] [125/456] PMCE
[07:18:26] [126/456] SCKI
[07:18:27] [127/456] FSMA
[07:18:28] [128/456] CETA
[07:18:28] [129/456] MCIK
[07:18:29] [130/456] MYCR
[07:18:30] [131/456] EVMP
[07:18:31] 🔄 Identity reset
[07:18:31] 🔄 Identity rotated (every 10 requests)
[07:18:31] [132/456] SSGT
[07:18:31] [133/456] KCTK
[07:18:32] [134/456] ZTKC
[07:18:33] [135/456] MMTA
[07:18:34] [136/456] MAJT
[07:18:35] [137/456] ACPK
[07:18:35] [138/456] JMAX
[07:18:36] [139/456] SETK
[07:18:37] [140/456] CAIS
[07:18:37] [141/456] AGCD
[07:18:38] 🔄 Identity reset
[07:18:38] 🔄 Identity rotated (every 10 requests)
[07:18:38] [142/456] URCL
[07:18:39] [143/456] VTDS
[07:18:40] [144/456] JCNM
[07:18:41] [145/456] KCAM
[07:18:42] [146/456] ADCU
[07:18:42] [147/456] GXYN
[07:18:43] [148/456] SMJG
[07:18:44] [149/456] EYCJ
[07:18:45] [150/456] CCEJ
[07:18:45] [151/456] MARS
[07:18:46] 🔄 Identity reset
[07:18:46] 🔄 Identity rotated (every 10 requests)
[07:18:46] [152/456] CPVJ
[07:18:47] [153/456] INVP
[07:18:48] [154/456] CPOV
[07:18:49] [155/456] VIJK
[07:18:49] [156/456] LAIM
[07:18:50] [157/456] STHV
[07:18:51] [158/456] SVLJ
[07:18:52] [159/456] ATVJ
[07:18:52] [160/456] JTSC
[07:18:53] [161/456] RMTV
[07:18:53] 🔄 Identity reset
[07:18:53] 🔄 Identity rotated (every 10 requests)
[07:18:53] 🔄 Retry 1/5 for RMTV in 2.7s
[07:18:53] 🔄 Identity reset
[07:18:56] 🧠 New identity created
[07:18:56] [162/456] MGGG
[07:18:57] [163/456] SWTH
[07:18:58] [164/456] INVJ
[07:18:58] [165/456] PRSV
[07:18:59] [166/456] JATV
[07:19:00] [167/456] RCVD
[07:19:01] [168/456] BDMA
[07:19:01] [169/456] BLJI
[07:19:02] [170/456] SWOT
[07:19:02] 🔄 Identity reset
[07:19:02] 🔄 Identity rotated (every 10 requests)
[07:19:03] [171/456] SWRN
[07:19:03] [172/456] TVRA
[07:19:04] [173/456] NVRN
[07:19:05] [174/456] SIKC
[07:19:06] [175/456] VAKR
[07:19:07] [176/456] SYLN
[07:19:07] [177/456] KLJL
[07:19:08] [178/456] LKMY
[07:19:09] [179/456] VSLY
[07:19:10] [180/456] CIKO
[07:19:10] 🔄 Identity reset
[07:19:10] 🔄 Identity rotated (every 10 requests)
[07:19:10] 🔄 Retry 1/5 for CIKO in 2.9s
[07:19:10] 🔄 Identity reset
[07:19:13] 🧠 New identity created
[07:19:14] [181/456] GPBG
[07:19:15] [182/456] CECM
[07:19:15] [183/456] SLKB
[07:19:16] [184/456] MTBO
[07:19:17] [185/456] SSHB
[07:19:18] [186/456] VPCS
[07:19:18] [187/456] RCSR
[07:19:19] [188/456] RJRM
[07:19:20] [189/456] KPPB
[07:19:20] 🔄 Identity reset
[07:19:20] 🔄 Identity rotated (every 10 requests)
[07:19:21] [190/456] SEDC
[07:19:21] [191/456] SCAI
[07:19:22] [192/456] RMTR
[07:19:22] [193/456] ASST
[07:19:23] [194/456] GCAK
[07:19:24] [195/456] ANNK
[07:19:25] [196/456] KDDF
[07:19:26] [197/456] NRDP
[07:19:27] [198/456] PLAK
[07:19:28] [199/456] GCMC
[07:19:29] 🔄 Identity reset
[07:19:29] 🔄 Identity rotated (every 10 requests)
[07:19:29] [200/456] ALPY
[07:19:30] [201/456] SICE
[07:19:30] [202/456] SISR
[07:19:32] [203/456] SRPZ
[07:19:33] [204/456] SRSW
[07:19:34] [205/456] SUYA
[07:19:35] [206/456] AMMT
[07:19:35] [207/456] BHCU
[07:19:36] [208/456] KLPA
[07:19:37] [209/456] NVKH
[07:19:37] 🔄 Identity reset
[07:19:37] 🔄 Identity rotated (every 10 requests)
[07:19:37] 🔄 Retry 1/5 for NVKH in 2.1s
[07:19:37] 🔄 Identity reset
[07:19:40] 🧠 New identity created
[07:19:40] [210/456] JMRC
[07:19:40] [211/456] KTTT
[07:19:42] [212/456] MAGH
[07:19:43] [213/456] MMMX
[07:19:43] [214/456] SALJ
[07:19:44] [215/456] GTJA
[07:19:45] [216/456] MAHT
[07:19:46] [217/456] SSNN
[07:19:47] [218/456] ARRP
[07:19:47] 🔄 Identity reset
[07:19:47] 🔄 Identity rotated (every 10 requests)
[07:19:47] 🔄 Retry 1/5 for ARRP in 2.1s
[07:19:47] 🔄 Identity reset
[07:19:49] 🧠 New identity created
[07:19:50] 🔄 Retry 2/5 for ARRP in 4.4s
[07:19:50] 🔄 Identity reset
[07:19:54] 🧠 New identity created
[07:19:54] [219/456] ATNS
[07:19:55] [220/456] SKDT
[07:19:56] [221/456] ACAT
[07:19:57] [222/456] APRC
[07:19:58] [223/456] SWAG
[07:19:58] [224/456] SDPT
[07:19:59] [225/456] STPS
[07:20:00] [226/456] WWCZ
[07:20:01] 🔄 Identity reset
[07:20:01] 🔄 Identity rotated (every 10 requests)
[07:20:01] 🔄 Retry 1/5 for WWCZ in 2.3s
[07:20:01] 🔄 Identity reset
[07:20:03] 🧠 New identity created
[07:20:03] 🔄 Retry 2/5 for WWCZ in 4.2s
[07:20:03] 🔄 Identity reset
[07:20:07] 🧠 New identity created
[07:20:07] 🔄 Retry 3/5 for WWCZ in 8.5s
[07:20:07] 🔄 Identity reset
[07:20:16] 🧠 New identity created
[07:20:16] [227/456] LLCH
[07:20:17] [228/456] MZHA
[07:20:18] [229/456] CRJG
[07:20:19] [230/456] JGTK
[07:20:20] [231/456] KCSR
[07:20:20] [232/456] CHTL
[07:20:21] [233/456] EDSR
[07:20:22] 🔄 Identity reset
[07:20:22] 🔄 Identity rotated (every 10 requests)
[07:20:22] [234/456] CSWO
[07:20:23] [235/456] CPVM
[07:20:23] [236/456] MXBY
[07:20:24] [237/456] FMMA
[07:20:25] [238/456] POVI
[07:20:26] [239/456] MTHB
[07:20:27] [240/456] INRC
[07:20:27] [241/456] PIPP
[07:20:28] [242/456] BMXC
[07:20:29] [243/456] PCMM
[07:20:29] 🔄 Identity reset
[07:20:29] 🔄 Identity rotated (every 10 requests)
[07:20:30] [244/456] PMKM
[07:20:30] [245/456] GATY
[07:20:31] [246/456] IMCM
[07:20:32] [247/456] POPE
[07:20:33] [248/456] MTCR
[07:20:33] [249/456] PVAE
[07:20:34] [250/456] PVMI
[07:20:35] [251/456] CPNM
[07:20:36] [252/456] FMRL
[07:20:36] [253/456] MCIW
[07:20:37] 🔄 Identity reset
[07:20:37] 🔄 Identity rotated (every 10 requests)
[07:20:37] [254/456] MXBO
[07:20:38] [255/456] FMKY
[07:20:39] [256/456] FMDA
[07:20:40] [257/456] THAB
[07:20:40] [258/456] PRCW
[07:20:41] [259/456] PITI
[07:20:42] [260/456] MCFF
[07:20:43] [261/456] PDDV
[07:20:43] [262/456] MCRM
[07:20:44] [263/456] KKMB
[07:20:45] 🔄 Identity reset
[07:20:45] 🔄 Identity rotated (every 10 requests)
[07:20:45] [264/456] INKO
[07:20:46] [265/456] PLXP
[07:20:47] [266/456] MMHA
[07:20:48] [267/456] FMVS
[07:20:49] [268/456] POLM
[07:20:49] [269/456] STER
[07:20:50] [270/456] PVWJ
[07:20:51] [271/456] IMJW
[07:20:51] [272/456] FNAN
[07:20:52] [273/456] CAGL
[07:20:53] 🔄 Identity reset
[07:20:53] 🔄 Identity rotated (every 10 requests)
[07:20:53] [274/456] IPBG
[07:20:54] [275/456] SMFV
[07:20:55] [276/456] MMMR
[07:20:55] [277/456] MMWM
[07:20:56] [278/456] FNCM
[07:20:57] [279/456] MDVA
[07:20:58] [280/456] MMET
[07:20:59] [281/456] MIDO
[07:20:59] [282/456] INNP
[07:21:00] [283/456] MIFU
[07:21:01] 🔄 Identity reset
[07:21:01] 🔄 Identity rotated (every 10 requests)
[07:21:01] 🔄 Retry 1/5 for MIFU in 2.9s
[07:21:01] 🔄 Identity reset
[07:21:04] 🧠 New identity created
[07:21:04] [284/456] MMSZ
[07:21:05] [285/456] BMXA
[07:21:06] [286/456] MCAA
[07:21:07] [287/456] SCVP
[07:21:07] [288/456] PLUS
[07:21:08] [289/456] MUCK
[07:21:09] [290/456] MTMA
[07:21:09] [291/456] HPVR
[07:21:10] [292/456] PMPK
[07:21:10] 🔄 Identity reset
[07:21:10] 🔄 Identity rotated (every 10 requests)
[07:21:11] 🔄 Retry 1/5 for PMPK in 2.3s
[07:21:11] 🔄 Identity reset
[07:21:13] 🧠 New identity created
[07:21:13] [293/456] MAJB
[07:21:14] [294/456] CTRR
[07:21:14] [295/456] MCTG
[07:21:15] [296/456] MACE
[07:21:16] [297/456] AAAS
[07:21:17] [298/456] CPVV
[07:21:17] [299/456] RCHG
[07:21:18] [300/456] MCNE
[07:21:19] [301/456] EMNC
[07:21:20] 🔄 Identity reset
[07:21:20] 🔄 Identity rotated (every 10 requests)
[07:21:20] [302/456] MCAN
[07:21:21] [303/456] TCDM
[07:21:22] [304/456] IRGT
[07:21:23] [305/456] GCMG
[07:21:23] [306/456] MXSN
[07:21:24] [307/456] MXCK
[07:21:25] [308/456] MCRC
[07:21:26] [309/456] RSMI
[07:21:27] [310/456] WAML
[07:21:28] [311/456] MTSC
[07:21:28] 🔄 Identity reset
[07:21:28] 🔄 Identity rotated (every 10 requests)
[07:21:28] [312/456] FMDR
[07:21:29] [313/456] LEPV
[07:21:30] [314/456] MTGD
[07:21:31] [315/456] IMOB
[07:21:31] [316/456] CLMM
[07:21:32] [317/456] PZCD
[07:21:33] [318/456] GOCS
[07:21:33] [319/456] KCMA
[07:21:34] [320/456] CCMP
[07:21:35] [321/456] MTSU
[07:21:36] 🔄 Identity reset
[07:21:36] 🔄 Identity rotated (every 10 requests)
[07:21:36] 🔄 Retry 1/5 for MTSU in 2.8s
[07:21:36] 🔄 Identity reset
[07:21:39] 🧠 New identity created
[07:21:39] [322/456] SNGL
[07:21:40] [323/456] MMMC
[07:21:41] [324/456] MMAA
[07:21:41] [325/456] GCDM
[07:21:42] [326/456] KTMV
[07:21:43] [327/456] AETE
[07:21:44] [328/456] OMCS
[07:21:44] [329/456] GDCD
[07:21:45] [330/456] NYMD
[07:21:46] 🔄 Identity reset
[07:21:46] 🔄 Identity rotated (every 10 requests)
[07:21:46] [331/456] RNCV
[07:21:47] [332/456] KKMT
[07:21:48] [333/456] GDTH
[07:21:49] [334/456] KMMV
[07:21:50] [335/456] NHCG
[07:21:50] [336/456] PJDW
[07:21:51] [337/456] MMCV
[07:21:52] [338/456] FQSA
[07:21:53] [339/456] KURL
[07:21:53] [340/456] NNNX
[07:21:54] 🔄 Identity reset
[07:21:54] 🔄 Identity rotated (every 10 requests)
[07:21:54] 🔄 Retry 1/5 for NNNX in 2.1s
[07:21:54] 🔄 Identity reset
[07:21:56] 🧠 New identity created
[07:21:56] [341/456] AMAU
[07:21:57] [342/456] VVVM
[07:21:58] [343/456] VECU
[07:21:59] [344/456] WCVR
[07:22:00] [345/456] MTGG
[07:22:00] [346/456] SGTG
[07:22:01] [347/456] MNTG
[07:22:02] [348/456] JDDG
[07:22:03] [349/456] MBTK
[07:22:04] 🔄 Identity reset
[07:22:04] 🔄 Identity rotated (every 10 requests)
[07:22:04] [350/456] SGCD
[07:22:05] [351/456] MCTC
[07:22:06] [352/456] JTPC
[07:22:06] [353/456] SDKT
[07:22:07] [354/456] KRCC
[07:22:08] [355/456] RMMD
[07:22:09] [356/456] AAME
[07:22:10] [357/456] TMWC
[07:22:11] [358/456] NRWY
[07:22:12] [359/456] CITD
[07:22:12] 🔄 Identity reset
[07:22:13] 🔄 Identity rotated (every 10 requests)
[07:22:13] 🔄 Retry 1/5 for CITD in 2.4s
[07:22:13] 🔄 Identity reset
[07:22:15] 🧠 New identity created
[07:22:15] [360/456] VERD
[07:22:16] [361/456] MKSK
[07:22:17] [362/456] STSM
[07:22:17] [363/456] MJDG
[07:22:18] [364/456] RKPM
[07:22:19] [365/456] SSCE
[07:22:20] [366/456] VMAE
[07:22:21] [367/456] SBRU
[07:22:22] [368/456] AMBC
[07:22:22] 🔄 Identity reset
[07:22:22] 🔄 Identity rotated (every 10 requests)
[07:22:23] [369/456] AMLU
[07:22:24] [370/456] INVZ
[07:22:26] [371/456] LGTV
[07:22:27] [372/456] SVAD
[07:22:28] [373/456] SMSA
[07:22:28] [374/456] SPCZ
[07:22:29] [375/456] GTCX
[07:22:30] [376/456] SCSL
[07:22:30] [377/456] SAHU
[07:22:31] [378/456] NCDA
[07:22:32] 🔄 Identity reset
[07:22:32] 🔄 Identity rotated (every 10 requests)
[07:22:32] 🔄 Retry 1/5 for NCDA in 2.7s
[07:22:32] 🔄 Identity reset
[07:22:35] 🧠 New identity created
[07:22:35] 🔄 Retry 2/5 for NCDA in 4.2s
[07:22:35] 🔄 Identity reset
[07:22:39] 🧠 New identity created
[07:22:39] [379/456] SCCG
[07:22:40] [380/456] VKTL
[07:22:41] [381/456] PUUJ
[07:22:42] [382/456] STEJ
[07:22:43] [383/456] RJAL
[07:22:44] [384/456] ACJC
[07:22:45] [385/456] ARVB
[07:22:45] [386/456] AUBB
[07:22:46] 🔄 Identity reset
[07:22:46] 🔄 Identity rotated (every 10 requests)
[07:22:46] 🔄 Retry 1/5 for AUBB in 2.1s
[07:22:46] 🔄 Identity reset
[07:22:48] 🧠 New identity created
[07:22:48] [387/456] GDBR
[07:22:49] [388/456] PVND
[07:22:49] [389/456] BGRJ
[07:22:50] [390/456] RJMM
[07:22:51] [391/456] MCSA
[07:22:52] [392/456] BODA
[07:22:53] [393/456] JAGG
[07:22:53] [394/456] SCGA
[07:22:54] [395/456] LRCM
[07:22:55] 🔄 Identity reset
[07:22:55] 🔄 Identity rotated (every 10 requests)
[07:22:55] [396/456] CPCN
[07:22:55] [397/456] SSTF
[07:22:56] [398/456] SRXP
[07:22:57] [399/456] CNFX
[07:22:57] [400/456] ANDI
[07:22:58] [401/456] SYEW
[07:22:59] [402/456] RCRE
[07:23:01] [403/456] SCRW
[07:23:01] [404/456] MBKR
[07:23:02] [405/456] ASNT
[07:23:03] 🔄 Identity reset
[07:23:03] 🔄 Identity rotated (every 10 requests)
[07:23:03] [406/456] JTMT
[07:23:04] [407/456] SHAY
[07:23:05] [408/456] VRTH
[07:23:06] [409/456] SPTI
[07:23:07] [410/456] DPTD
[07:23:08] [411/456] TGSN
[07:23:08] [412/456] RCWV
[07:23:09] [413/456] OCUR
[07:23:10] [414/456] KSTC
[07:23:11] [415/456] SANI
[07:23:11] 🔄 Identity reset
[07:23:11] 🔄 Identity rotated (every 10 requests)
[07:23:11] 🔄 Retry 1/5 for SANI in 2.7s
[07:23:11] 🔄 Identity reset
[07:23:14] 🧠 New identity created
[07:23:14] [416/456] MLCA
[07:23:15] [417/456] EGCA
[07:23:17] [418/456] SYSN
[07:23:18] [419/456] PKTA
[07:23:18] [420/456] PRCC
[07:23:20] [421/456] KSTR
[07:23:20] [422/456] SNTP
[07:23:21] [423/456] RCHA
[07:23:22] [424/456] SEEA
[07:23:23] 🔄 Identity reset
[07:23:23] 🔄 Identity rotated (every 10 requests)
[07:23:23] [425/456] ALAT
[07:23:23] [426/456] AATV
[07:23:24] [427/456] RJTE
[07:23:26] [428/456] AAPP
[07:23:26] [429/456] PMMH
[07:23:27] [430/456] INRJ
[07:23:28] [431/456] SARB
[07:23:29] [432/456] PCJL
[07:23:29] [433/456] PFJJ
[07:23:31] [434/456] GRDC
[07:23:31] 🔄 Identity reset
[07:23:31] 🔄 Identity rotated (every 10 requests)
[07:23:32] [435/456] BCBA
[07:23:32] [436/456] VIXL
[07:23:33] [437/456] CSTL
[07:23:34] [438/456] MTDK
[07:23:35] [439/456] TDAC
[07:23:36] [440/456] GTDN
[07:23:36] [441/456] TTDE
[07:23:37] [442/456] ASTS
[07:23:38] [443/456] CPNS
[07:23:39] [444/456] PVVW
[07:23:39] 🔄 Identity reset
[07:23:39] 🔄 Identity rotated (every 10 requests)
[07:23:40] [445/456] USEB
[07:23:40] [446/456] DTYN
[07:23:41] [447/456] PVLE
[07:23:42] [448/456] CIPS
[07:23:43] [449/456] PAEG
[07:23:43] [450/456] PTCW
[07:23:44] [451/456] G3SR
[07:23:45] [452/456] PGND
[07:23:46] [453/456] INVM
[07:23:47] [454/456] SPIA
[07:23:47] 🔄 Identity reset
[07:23:47] 🔄 Identity rotated (every 10 requests)
[07:23:48] [455/456] PCSN
[07:23:49] [456/456] PPGV
[07:23:49] 🧹 Deduping shows
[07:23:49] ✅ DONE | Shows=1701 | Movies=55
[17:28:04] 🚀 SCRIPT STARTED (enhanced anti‑detection)
[17:28:04] [1/456] FNDB
[17:28:05] 🧠 New identity created
[17:28:05] [2/456] AMBH
[17:28:07] [3/456] PRHN
[17:28:08] [4/456] ACPM
[17:28:09] [5/456] PVFS
[17:28:09] [6/456] AACN
[17:28:10] [7/456] ACAS
[17:28:11] [8/456] CTNR
[17:28:12] [9/456] MMAH
[17:28:13] [10/456] CPMH
[17:28:14] 🔄 Identity reset
[17:28:14] 🔄 Identity rotated (every 10 requests)
[17:28:14] [11/456] IGMH
[17:28:15] [12/456] ABCS
[17:28:16] [13/456] CMMA
[17:28:17] [14/456] GPRH
[17:28:18] [15/456] PNNG
[17:28:19] [16/456] AMCA
[17:28:20] [17/456] ISTN
[17:28:21] [18/456] PIIC
[17:28:22] [19/456] AHMH
[17:28:23] [20/456] ASHN
[17:28:23] 🔄 Identity reset
[17:28:23] 🔄 Identity rotated (every 10 requests)
[17:28:24] [21/456] INHY
[17:28:25] [22/456] SRMO
[17:28:26] [23/456] PIMH
[17:28:27] [24/456] PVTS
[17:28:28] [25/456] MMCA
[17:28:29] [26/456] AKYJ
[17:28:30] [27/456] BRKH
[17:28:31] [28/456] MAHM
[17:28:32] [29/456] CPHY
[17:28:33] [30/456] PVTP
[17:28:34] 🔄 Identity reset
[17:28:34] 🔄 Identity rotated (every 10 requests)
[17:28:34] [31/456] SMMR
[17:28:35] [32/456] PVHM
[17:28:36] [33/456] SNDY
[17:28:37] [34/456] GOKU
[17:28:37] [35/456] ACEV
[17:28:38] [36/456] PVUM
[17:28:39] [37/456] VSWA
[17:28:40] [38/456] IPRS
[17:28:41] [39/456] BKMV
[17:28:42] [40/456] PVYH
[17:28:42] 🔄 Identity reset
[17:28:42] 🔄 Identity rotated (every 10 requests)
[17:28:43] [41/456] INKM
[17:28:43] [42/456] ARJU
[17:28:44] [43/456] JJPP
[17:28:45] [44/456] SSRM
[17:28:46] [45/456] HMHD
[17:28:47] [46/456] SNKH
[17:28:48] [47/456] ACHI
[17:28:49] [48/456] MRAA
[17:28:50] [49/456] INMH
[17:28:51] [50/456] ARMH
[17:28:51] 🔄 Identity reset
[17:28:51] 🔄 Identity rotated (every 10 requests)
[17:28:52] [51/456] DVRR
[17:28:53] [52/456] SUDA
[17:28:53] [53/456] MCSS
[17:28:54] [54/456] VRKC
[17:28:55] [55/456] PRCX
[17:28:56] [56/456] ASJY
[17:28:57] [57/456] MTHY
[17:28:58] [58/456] SRCM
[17:28:59] [59/456] TVHY
[17:29:00] [60/456] STHD
[17:29:01] 🔄 Identity reset
[17:29:01] 🔄 Identity rotated (every 10 requests)
[17:29:01] [61/456] CPCL
[17:29:02] [62/456] PSMJ
[17:29:03] [63/456] MRGT
[17:29:04] [64/456] ARYH
[17:29:05] [65/456] VTRB
[17:29:06] [66/456] SCHC
[17:29:07] [67/456] MRRG
[17:29:08] [68/456] SPCB
[17:29:09] [69/456] AMCM
[17:29:10] [70/456] IVNM
[17:29:11] 🔄 Identity reset
[17:29:11] 🔄 Identity rotated (every 10 requests)
[17:29:11] [71/456] TRHY
[17:29:12] [72/456] PTTH
[17:29:13] [73/456] RKMH
[17:29:14] [74/456] PRCS
[17:29:15] [75/456] VAJA
[17:29:15] [76/456] BJNG
[17:29:16] [77/456] SCVM
[17:29:17] [78/456] GNHB
[17:29:18] [79/456] TLUR
[17:29:19] [80/456] UKCC
[17:29:20] 🔄 Identity reset
[17:29:20] 🔄 Identity rotated (every 10 requests)
[17:29:20] [81/456] SRKR
[17:29:21] [82/456] RMKN
[17:29:22] [83/456] SLRT
[17:29:23] [84/456] LKMT
[17:29:24] [85/456] SSRJ
[17:29:25] [86/456] SPHT
[17:29:26] [87/456] ANTT
[17:29:27] [88/456] SRCH
[17:29:28] [89/456] SRCA
[17:29:28] [90/456] ARTH
[17:29:29] 🔄 Identity reset
[17:29:29] 🔄 Identity rotated (every 10 requests)
[17:29:29] [91/456] MCBH
[17:29:30] [92/456] SNIB
[17:29:31] [93/456] SART
[17:29:32] [94/456] SKTA
[17:29:33] [95/456] YAKT
[17:29:34] [96/456] MLCK
[17:29:36] [97/456] ANTS
[17:29:37] [98/456] DGCA
[17:29:38] [99/456] SGMP
[17:29:39] [100/456] ASWN
[17:29:40] 🔄 Identity reset
[17:29:40] 🔄 Identity rotated (every 10 requests)
[17:29:40] [101/456] KFVU
[17:29:41] [102/456] POOR
[17:29:42] [103/456] GKDN
[17:29:43] [104/456] EOSE
[17:29:43] [105/456] GTTT
[17:29:44] [106/456] ARRO
[17:29:45] [107/456] CMMK
[17:29:46] [108/456] MSCN
[17:29:47] [109/456] GDKH
[17:29:48] [110/456] DLMT
[17:29:48] 🔄 Identity reset
[17:29:48] 🔄 Identity rotated (every 10 requests)
[17:29:49] [111/456] PVMF
[17:29:50] [112/456] CPCK
[17:29:51] [113/456] VMHE
[17:29:52] [114/456] PVLC
[17:29:53] [115/456] PCVB
[17:29:54] [116/456] SNYK
[17:29:54] [117/456] KTEK
[17:29:55] [118/456] PCNM
[17:29:56] [119/456] NTTR
[17:29:57] [120/456] CPSK
[17:29:58] 🔄 Identity reset
[17:29:58] 🔄 Identity rotated (every 10 requests)
[17:29:58] 🔄 Retry 1/5 for CPSK in 2.3s
[17:29:58] 🔄 Identity reset
[17:30:00] 🧠 New identity created
[17:30:00] 🔄 Retry 2/5 for CPSK in 4.2s
[17:30:00] 🔄 Identity reset
[17:30:04] 🧠 New identity created
[17:30:05] [121/456] JMMA
[17:30:06] [122/456] GCFK
[17:30:08] [123/456] MYCA
[17:30:08] [124/456] KSNP
[17:30:09] [125/456] PMCE
[17:30:10] [126/456] SCKI
[17:30:11] [127/456] FSMA
[17:30:12] [128/456] CETA
[17:30:13] 🔄 Identity reset
[17:30:13] 🔄 Identity rotated (every 10 requests)
[17:30:14] [129/456] MCIK
[17:30:16] [130/456] MYCR
[17:30:17] [131/456] EVMP
[17:30:17] [132/456] SSGT
[17:30:18] [133/456] KCTK
[17:30:20] [134/456] ZTKC
[17:30:20] [135/456] MMTA
[17:30:21] [136/456] MAJT
[17:30:22] [137/456] ACPK
[17:30:24] [138/456] JMAX
[17:30:25] 🔄 Identity reset
[17:30:25] 🔄 Identity rotated (every 10 requests)
[17:30:25] [139/456] SETK
[17:30:26] [140/456] CAIS
[17:30:27] [141/456] AGCD
[17:30:28] [142/456] URCL
[17:30:29] [143/456] VTDS
[17:30:30] [144/456] JCNM
[17:30:30] [145/456] KCAM
[17:30:31] [146/456] ADCU
[17:30:32] [147/456] GXYN
[17:30:33] [148/456] SMJG
[17:30:34] 🔄 Identity reset
[17:30:34] 🔄 Identity rotated (every 10 requests)
[17:30:34] [149/456] EYCJ
[17:30:35] [150/456] CCEJ
[17:30:36] [151/456] MARS
[17:30:37] [152/456] CPVJ
[17:30:38] [153/456] INVP
[17:30:39] [154/456] CPOV
[17:30:39] [155/456] VIJK
[17:30:40] [156/456] LAIM
[17:30:41] [157/456] STHV
[17:30:42] [158/456] SVLJ
[17:30:43] 🔄 Identity reset
[17:30:43] 🔄 Identity rotated (every 10 requests)
[17:30:43] [159/456] ATVJ
[17:30:44] [160/456] JTSC
[17:30:45] [161/456] RMTV
[17:30:45] [162/456] MGGG
[17:30:46] [163/456] SWTH
[17:30:47] [164/456] INVJ
[17:30:49] [165/456] PRSV
[17:30:50] [166/456] JATV
[17:30:50] [167/456] RCVD
[17:30:52] [168/456] BDMA
[17:30:52] 🔄 Identity reset
[17:30:52] 🔄 Identity rotated (every 10 requests)
[17:30:53] [169/456] BLJI
[17:30:54] [170/456] SWOT
[17:30:55] [171/456] SWRN
[17:30:56] [172/456] TVRA
[17:30:57] [173/456] NVRN
[17:30:58] [174/456] SIKC
[17:30:59] [175/456] VAKR
[17:31:00] [176/456] SYLN
[17:31:01] [177/456] KLJL
[17:31:02] [178/456] LKMY
[17:31:03] 🔄 Identity reset
[17:31:03] 🔄 Identity rotated (every 10 requests)
[17:31:03] [179/456] VSLY
[17:31:04] [180/456] CIKO
[17:31:05] [181/456] GPBG
[17:31:06] [182/456] CECM
[17:31:07] [183/456] SLKB
[17:31:08] [184/456] MTBO
[17:31:09] [185/456] SSHB
[17:31:10] [186/456] VPCS
[17:31:11] [187/456] RCSR
[17:31:12] [188/456] RJRM
[17:31:12] 🔄 Identity reset
[17:31:12] 🔄 Identity rotated (every 10 requests)
[17:31:12] 🔄 Retry 1/5 for RJRM in 2.4s
[17:31:12] 🔄 Identity reset
[17:31:15] 🧠 New identity created
[17:31:15] [189/456] KPPB
[17:31:16] [190/456] SEDC
[17:31:17] [191/456] SCAI
[17:31:18] [192/456] RMTR
[17:31:19] [193/456] ASST
[17:31:20] [194/456] GCAK
[17:31:21] [195/456] ANNK
[17:31:21] [196/456] KDDF
[17:31:22] [197/456] NRDP
[17:31:23] 🔄 Identity reset
[17:31:23] 🔄 Identity rotated (every 10 requests)
[17:31:23] [198/456] PLAK
[17:31:24] [199/456] GCMC
[17:31:25] [200/456] ALPY
[17:31:26] [201/456] SICE
[17:31:27] [202/456] SISR
[17:31:28] [203/456] SRPZ
[17:31:29] [204/456] SRSW
[17:31:30] [205/456] SUYA
[17:31:31] [206/456] AMMT
[17:31:32] [207/456] BHCU
[17:31:32] 🔄 Identity reset
[17:31:32] 🔄 Identity rotated (every 10 requests)
[17:31:32] [208/456] KLPA
[17:31:33] [209/456] NVKH
[17:31:35] [210/456] JMRC
[17:31:36] [211/456] KTTT
[17:31:37] [212/456] MAGH
[17:31:38] [213/456] MMMX
[17:31:39] [214/456] SALJ
[17:31:40] [215/456] GTJA
[17:31:41] [216/456] MAHT
[17:31:42] [217/456] SSNN
[17:31:42] 🔄 Identity reset
[17:31:42] 🔄 Identity rotated (every 10 requests)
[17:31:42] 🔄 Retry 1/5 for SSNN in 2.3s
[17:31:42] 🔄 Identity reset
[17:31:45] 🧠 New identity created
[17:31:45] [218/456] ARRP
[17:31:46] [219/456] ATNS
[17:31:47] [220/456] SKDT
[17:31:48] [221/456] ACAT
[17:31:48] [222/456] APRC
[17:31:49] [223/456] SWAG
[17:31:50] [224/456] SDPT
[17:31:51] [225/456] STPS
[17:31:52] [226/456] WWCZ
[17:31:53] 🔄 Identity reset
[17:31:53] 🔄 Identity rotated (every 10 requests)
[17:31:53] [227/456] LLCH
[17:31:54] [228/456] MZHA
[17:31:55] [229/456] CRJG
[17:31:56] [230/456] JGTK
[17:31:57] [231/456] KCSR
[17:31:58] [232/456] CHTL
[17:31:59] [233/456] EDSR
[17:32:00] [234/456] CSWO
[17:32:00] [235/456] CPVM
[17:32:01] [236/456] MXBY
[17:32:02] 🔄 Identity reset
[17:32:02] 🔄 Identity rotated (every 10 requests)
[17:32:02] 🔄 Retry 1/5 for MXBY in 2.4s
[17:32:02] 🔄 Identity reset
[17:32:04] 🧠 New identity created
[17:32:05] [237/456] FMMA
[17:32:06] [238/456] POVI
[17:32:07] [239/456] MTHB
[17:32:08] [240/456] INRC
[17:32:09] [241/456] PIPP
[17:32:09] [242/456] BMXC
[17:32:10] [243/456] PCMM
[17:32:11] [244/456] PMKM
[17:32:12] [245/456] GATY
[17:32:13] 🔄 Identity reset
[17:32:13] 🔄 Identity rotated (every 10 requests)
[17:32:13] [246/456] IMCM
[17:32:14] [247/456] POPE
[17:32:15] [248/456] MTCR
[17:32:16] [249/456] PVAE
[17:32:17] [250/456] PVMI
[17:32:18] [251/456] CPNM
[17:32:19] [252/456] FMRL
[17:32:20] [253/456] MCIW
[17:32:21] [254/456] MXBO
[17:32:22] [255/456] FMKY
[17:32:22] 🔄 Identity reset
[17:32:22] 🔄 Identity rotated (every 10 requests)
[17:32:23] 🔄 Retry 1/5 for FMKY in 2.8s
[17:32:23] 🔄 Identity reset
[17:32:25] 🧠 New identity created
[17:32:26] [256/456] FMDA
[17:32:27] [257/456] THAB
[17:32:28] [258/456] PRCW
[17:32:29] [259/456] PITI
[17:32:30] [260/456] MCFF
[17:32:31] [261/456] PDDV
[17:32:31] [262/456] MCRM
[17:32:32] [263/456] KKMB
[17:32:33] [264/456] INKO
[17:32:34] 🔄 Identity reset
[17:32:34] 🔄 Identity rotated (every 10 requests)
[17:32:34] 🔄 Retry 1/5 for INKO in 2.9s
[17:32:34] 🔄 Identity reset
[17:32:37] 🧠 New identity created
[17:32:37] [265/456] PLXP
[17:32:38] [266/456] MMHA
[17:32:39] [267/456] FMVS
[17:32:39] [268/456] POLM
[17:32:40] [269/456] STER
[17:32:41] [270/456] PVWJ
[17:32:42] [271/456] IMJW
[17:32:43] [272/456] FNAN
[17:32:44] [273/456] CAGL
[17:32:45] 🔄 Identity reset
[17:32:45] 🔄 Identity rotated (every 10 requests)
[17:32:45] [274/456] IPBG
[17:32:46] [275/456] SMFV
[17:32:47] [276/456] MMMR
[17:32:48] [277/456] MMWM
[17:32:48] [278/456] FNCM
[17:32:49] [279/456] MDVA
[17:32:50] [280/456] MMET
[17:32:51] [281/456] MIDO
[17:32:52] [282/456] INNP
[17:32:53] [283/456] MIFU
[17:32:54] 🔄 Identity reset
[17:32:54] 🔄 Identity rotated (every 10 requests)
[17:32:54] [284/456] MMSZ
[17:32:55] [285/456] BMXA
[17:32:56] [286/456] MCAA
[17:32:57] [287/456] SCVP
[17:32:58] [288/456] PLUS
[17:32:59] [289/456] MUCK
[17:33:00] [290/456] MTMA
[17:33:01] [291/456] HPVR
[17:33:02] [292/456] PMPK
[17:33:03] [293/456] MAJB
[17:33:04] 🔄 Identity reset
[17:33:04] 🔄 Identity rotated (every 10 requests)
[17:33:04] [294/456] CTRR
[17:33:05] [295/456] MCTG
[17:33:06] [296/456] MACE
[17:33:07] [297/456] AAAS
[17:33:08] [298/456] CPVV
[17:33:09] [299/456] RCHG
[17:33:10] [300/456] MCNE
[17:33:10] [301/456] EMNC
[17:33:11] [302/456] MCAN
[17:33:12] [303/456] TCDM
[17:33:13] 🔄 Identity reset
[17:33:13] 🔄 Identity rotated (every 10 requests)
[17:33:13] [304/456] IRGT
[17:33:14] [305/456] GCMG
[17:33:15] [306/456] MXSN
[17:33:16] [307/456] MXCK
[17:33:17] [308/456] MCRC
[17:33:18] [309/456] RSMI
[17:33:19] [310/456] WAML
[17:33:20] [311/456] MTSC
[17:33:20] [312/456] FMDR
[17:33:21] [313/456] LEPV
[17:33:22] 🔄 Identity reset
[17:33:22] 🔄 Identity rotated (every 10 requests)
[17:33:22] [314/456] MTGD
[17:33:23] [315/456] IMOB
[17:33:25] [316/456] CLMM
[17:33:26] [317/456] PZCD
[17:33:27] [318/456] GOCS
[17:33:27] [319/456] KCMA
[17:33:28] [320/456] CCMP
[17:33:29] [321/456] MTSU
[17:33:30] [322/456] SNGL
[17:33:31] [323/456] MMMC
[17:33:31] 🔄 Identity reset
[17:33:31] 🔄 Identity rotated (every 10 requests)
[17:33:32] [324/456] MMAA
[17:33:32] [325/456] GCDM
[17:33:33] [326/456] KTMV
[17:33:34] [327/456] AETE
[17:33:35] [328/456] OMCS
[17:33:36] [329/456] GDCD
[17:33:37] [330/456] NYMD
[17:33:38] [331/456] RNCV
[17:33:39] [332/456] KKMT
[17:33:40] [333/456] GDTH
[17:33:41] 🔄 Identity reset
[17:33:41] 🔄 Identity rotated (every 10 requests)
[17:33:41] [334/456] KMMV
[17:33:42] [335/456] NHCG
[17:33:43] [336/456] PJDW
[17:33:44] [337/456] MMCV
[17:33:44] [338/456] FQSA
[17:33:45] [339/456] KURL
[17:33:46] [340/456] NNNX
[17:33:48] [341/456] AMAU
[17:33:49] [342/456] VVVM
[17:33:50] [343/456] VECU
[17:33:51] 🔄 Identity reset
[17:33:51] 🔄 Identity rotated (every 10 requests)
[17:33:51] [344/456] WCVR
[17:33:52] [345/456] MTGG
[17:33:53] [346/456] SGTG
[17:33:54] [347/456] MNTG
[17:33:56] [348/456] JDDG
[17:33:57] [349/456] MBTK
[17:33:58] [350/456] SGCD
[17:33:58] [351/456] MCTC
[17:33:59] [352/456] JTPC
[17:34:00] [353/456] SDKT
[17:34:01] 🔄 Identity reset
[17:34:01] 🔄 Identity rotated (every 10 requests)
[17:34:01] [354/456] KRCC
[17:34:02] [355/456] RMMD
[17:34:03] [356/456] AAME
[17:34:05] [357/456] TMWC
[17:34:06] [358/456] NRWY
[17:34:07] [359/456] CITD
[17:34:08] [360/456] VERD
[17:34:09] [361/456] MKSK
[17:34:10] [362/456] STSM
[17:34:11] [363/456] MJDG
[17:34:11] 🔄 Identity reset
[17:34:11] 🔄 Identity rotated (every 10 requests)
[17:34:12] [364/456] RKPM
[17:34:13] [365/456] SSCE
[17:34:13] [366/456] VMAE
[17:34:14] [367/456] SBRU
[17:34:15] [368/456] AMBC
[17:34:16] [369/456] AMLU
[17:34:17] [370/456] INVZ
[17:34:18] [371/456] LGTV
[17:34:18] [372/456] SVAD
[17:34:20] [373/456] SMSA
[17:34:21] 🔄 Identity reset
[17:34:21] 🔄 Identity rotated (every 10 requests)
[17:34:21] [374/456] SPCZ
[17:34:22] [375/456] GTCX
[17:34:23] [376/456] SCSL
[17:34:24] [377/456] SAHU
[17:34:25] [378/456] NCDA
[17:34:26] [379/456] SCCG
[17:34:27] [380/456] VKTL
[17:34:28] [381/456] PUUJ
[17:34:29] [382/456] STEJ
[17:34:30] [383/456] RJAL
[17:34:30] 🔄 Identity reset
[17:34:30] 🔄 Identity rotated (every 10 requests)
[17:34:30] [384/456] ACJC
[17:34:31] [385/456] ARVB
[17:34:32] [386/456] AUBB
[17:34:33] [387/456] GDBR
[17:34:34] [388/456] PVND
[17:34:35] [389/456] BGRJ
[17:34:36] [390/456] RJMM
[17:34:37] [391/456] MCSA
[17:34:38] [392/456] BODA
[17:34:38] [393/456] JAGG
[17:34:39] 🔄 Identity reset
[17:34:39] 🔄 Identity rotated (every 10 requests)
[17:34:39] [394/456] SCGA
[17:34:40] [395/456] LRCM
[17:34:41] [396/456] CPCN
[17:34:42] [397/456] SSTF
[17:34:43] [398/456] SRXP
[17:34:44] [399/456] CNFX
[17:34:45] [400/456] ANDI
[17:34:46] [401/456] SYEW
[17:34:47] [402/456] RCRE
[17:34:48] [403/456] SCRW
[17:34:48] 🔄 Identity reset
[17:34:48] 🔄 Identity rotated (every 10 requests)
[17:34:49] [404/456] MBKR
[17:34:49] [405/456] ASNT
[17:34:50] [406/456] JTMT
[17:34:51] [407/456] SHAY
[17:34:52] [408/456] VRTH
[17:34:53] [409/456] SPTI
[17:34:54] [410/456] DPTD
[17:34:55] [411/456] TGSN
[17:34:56] [412/456] RCWV
[17:34:57] [413/456] OCUR
[17:34:57] 🔄 Identity reset
[17:34:57] 🔄 Identity rotated (every 10 requests)
[17:34:58] [414/456] KSTC
[17:34:58] [415/456] SANI
[17:34:59] [416/456] MLCA
[17:35:00] [417/456] EGCA
[17:35:01] [418/456] SYSN
[17:35:02] [419/456] PKTA
[17:35:03] [420/456] PRCC
[17:35:04] [421/456] KSTR
[17:35:04] [422/456] SNTP
[17:35:05] [423/456] RCHA
[17:35:06] 🔄 Identity reset
[17:35:06] 🔄 Identity rotated (every 10 requests)
[17:35:06] [424/456] SEEA
[17:35:07] [425/456] ALAT
[17:35:08] [426/456] AATV
[17:35:09] [427/456] RJTE
[17:35:10] [428/456] AAPP
[17:35:11] [429/456] PMMH
[17:35:12] [430/456] INRJ
[17:35:13] [431/456] SARB
[17:35:14] [432/456] PCJL
[17:35:15] [433/456] PFJJ
[17:35:15] 🔄 Identity reset
[17:35:15] 🔄 Identity rotated (every 10 requests)
[17:35:15] 🔄 Retry 1/5 for PFJJ in 2.6s
[17:35:15] 🔄 Identity reset
[17:35:18] 🧠 New identity created
[17:35:18] [434/456] GRDC
[17:35:19] [435/456] BCBA
[17:35:20] [436/456] VIXL
[17:35:21] [437/456] CSTL
[17:35:22] [438/456] MTDK
[17:35:23] [439/456] TDAC
[17:35:24] [440/456] GTDN
[17:35:25] [441/456] TTDE
[17:35:26] [442/456] ASTS
[17:35:27] 🔄 Identity reset
[17:35:27] 🔄 Identity rotated (every 10 requests)
[17:35:27] [443/456] CPNS
[17:35:28] [444/456] PVVW
[17:35:29] [445/456] USEB
[17:35:30] [446/456] DTYN
[17:35:31] [447/456] PVLE
[17:35:32] [448/456] CIPS
[17:35:33] [449/456] PAEG
[17:35:34] [450/456] PTCW
[17:35:35] [451/456] G3SR
[17:35:36] [452/456] PGND
[17:35:36] 🔄 Identity reset
[17:35:36] 🔄 Identity rotated (every 10 requests)
[17:35:37] [453/456] INVM
[17:35:38] [454/456] SPIA
[17:35:39] [455/456] PCSN
[17:35:40] [456/456] PPGV
[17:35:41] 🧹 Deduping shows
[17:35:41] ✅ DONE | Shows=1789 | Movies=56
[18:17:15] 🚀 SCRIPT STARTED (enhanced anti‑detection)
[18:17:15] [1/456] FNDB
[18:17:16] 🧠 New identity created
[18:17:16] [2/456] AMBH
[18:17:17] [3/456] PRHN
[18:17:18] [4/456] ACPM
[18:17:19] [5/456] PVFS
[18:17:20] [6/456] AACN
[18:17:21] [7/456] ACAS
[18:17:22] [8/456] CTNR
[18:17:23] [9/456] MMAH
[18:17:23] [10/456] CPMH
[18:17:24] 🔄 Identity reset
[18:17:24] 🔄 Identity rotated (every 10 requests)
[18:17:25] [11/456] IGMH
[18:17:26] [12/456] ABCS
[18:17:27] [13/456] CMMA
[18:17:27] [14/456] GPRH
[18:17:28] [15/456] PNNG
[18:17:29] [16/456] AMCA
[18:17:30] [17/456] ISTN
[18:17:31] [18/456] PIIC
[18:17:32] [19/456] AHMH
[18:17:33] [20/456] ASHN
[18:17:33] 🔄 Identity reset
[18:17:33] 🔄 Identity rotated (every 10 requests)
[18:17:34] [21/456] INHY
[18:17:34] [22/456] SRMO
[18:17:36] [23/456] PIMH
[18:17:37] [24/456] PVTS
[18:17:38] [25/456] MMCA
[18:17:39] [26/456] AKYJ
[18:17:40] [27/456] BRKH
[18:17:41] [28/456] MAHM
[18:17:41] [29/456] CPHY
[18:17:42] [30/456] PVTP
[18:17:43] 🔄 Identity reset
[18:17:43] 🔄 Identity rotated (every 10 requests)
[18:17:43] [31/456] SMMR
[18:17:44] [32/456] PVHM
[18:17:45] [33/456] SNDY
[18:17:46] [34/456] GOKU
[18:17:47] [35/456] ACEV
[18:17:48] [36/456] PVUM
[18:17:49] [37/456] VSWA
[18:17:49] [38/456] IPRS
[18:17:50] [39/456] BKMV
[18:17:51] [40/456] PVYH
[18:17:52] 🔄 Identity reset
[18:17:52] 🔄 Identity rotated (every 10 requests)
[18:17:53] [41/456] INKM
[18:17:54] [42/456] ARJU
[18:17:55] [43/456] JJPP
[18:17:56] [44/456] SSRM
[18:17:57] [45/456] HMHD
[18:17:57] [46/456] SNKH
[18:17:58] [47/456] ACHI
[18:17:59] [48/456] MRAA
[18:18:01] [49/456] INMH
[18:18:02] [50/456] ARMH
[18:18:02] 🔄 Identity reset
[18:18:02] 🔄 Identity rotated (every 10 requests)
[18:18:03] [51/456] DVRR
[18:18:03] [52/456] SUDA
[18:18:04] [53/456] MCSS
[18:18:05] [54/456] VRKC
[18:18:06] [55/456] PRCX
[18:18:07] [56/456] ASJY
[18:18:07] [57/456] MTHY
[18:18:08] [58/456] SRCM
[18:18:09] [59/456] TVHY
[18:18:10] [60/456] STHD
[18:18:10] 🔄 Identity reset
[18:18:10] 🔄 Identity rotated (every 10 requests)
[18:18:11] [61/456] CPCL
[18:18:12] [62/456] PSMJ
[18:18:13] [63/456] MRGT
[18:18:14] [64/456] ARYH
[18:18:16] [65/456] VTRB
[18:18:16] [66/456] SCHC
[18:18:17] [67/456] MRRG
[18:18:18] [68/456] SPCB
[18:18:19] [69/456] AMCM
[18:18:20] [70/456] IVNM
[18:18:21] 🔄 Identity reset
[18:18:21] 🔄 Identity rotated (every 10 requests)
[18:18:21] [71/456] TRHY
[18:18:22] [72/456] PTTH
[18:18:23] [73/456] RKMH
[18:18:24] [74/456] PRCS
[18:18:25] [75/456] VAJA
[18:18:26] [76/456] BJNG
[18:18:26] [77/456] SCVM
[18:18:27] [78/456] GNHB
[18:18:28] [79/456] TLUR
[18:18:29] [80/456] UKCC
[18:18:30] 🔄 Identity reset
[18:18:30] 🔄 Identity rotated (every 10 requests)
[18:18:30] 🔄 Retry 1/5 for UKCC in 2.5s
[18:18:30] 🔄 Identity reset
[18:18:32] 🧠 New identity created
[18:18:32] 🔄 Retry 2/5 for UKCC in 4.6s
[18:18:32] 🔄 Identity reset
[18:18:37] 🧠 New identity created
[18:18:37] 🔄 Retry 3/5 for UKCC in 8.2s
[18:18:37] 🔄 Identity reset
[18:18:45] 🧠 New identity created
[18:18:45] [81/456] SRKR
[18:18:46] [82/456] RMKN
[18:18:47] [83/456] SLRT
[18:18:48] [84/456] LKMT
[18:18:49] [85/456] SSRJ
[18:18:50] [86/456] SPHT
[18:18:51] [87/456] ANTT
[18:18:52] 🔄 Identity reset
[18:18:52] 🔄 Identity rotated (every 10 requests)
[18:18:52] [88/456] SRCH
[18:18:53] [89/456] SRCA
[18:18:54] [90/456] ARTH
[18:18:54] [91/456] MCBH
[18:18:56] [92/456] SNIB
[18:18:57] [93/456] SART
[18:18:58] [94/456] SKTA
[18:18:59] [95/456] YAKT
[18:19:00] [96/456] MLCK
[18:19:01] [97/456] ANTS
[18:19:02] 🔄 Identity reset
[18:19:02] 🔄 Identity rotated (every 10 requests)
[18:19:02] [98/456] DGCA
[18:19:03] [99/456] SGMP
[18:19:04] [100/456] ASWN
[18:19:05] [101/456] KFVU
[18:19:06] [102/456] POOR
[18:19:07] [103/456] GKDN
[18:19:08] [104/456] EOSE
[18:19:09] [105/456] GTTT
[18:19:10] [106/456] ARRO
[18:19:11] [107/456] CMMK
[18:19:11] 🔄 Identity reset
[18:19:11] 🔄 Identity rotated (every 10 requests)
[18:19:11] [108/456] MSCN
[18:19:12] [109/456] GDKH
[18:19:13] [110/456] DLMT
[18:19:14] [111/456] PVMF
[18:19:15] [112/456] CPCK
[18:19:16] [113/456] VMHE
[18:19:16] [114/456] PVLC
[18:19:17] [115/456] PCVB
[18:19:18] [116/456] SNYK
[18:19:19] [117/456] KTEK
[18:19:20] 🔄 Identity reset
[18:19:20] 🔄 Identity rotated (every 10 requests)
[18:19:20] [118/456] PCNM
[18:19:21] [119/456] NTTR
[18:19:22] [120/456] CPSK
[18:19:22] [121/456] JMMA
[18:19:23] [122/456] GCFK
[18:19:24] [123/456] MYCA
[18:19:25] [124/456] KSNP
[18:19:26] [125/456] PMCE
[18:19:27] [126/456] SCKI
[18:19:28] [127/456] FSMA
[18:19:28] 🔄 Identity reset
[18:19:29] 🔄 Identity rotated (every 10 requests)
[18:19:29] [128/456] CETA
[18:19:30] [129/456] MCIK
[18:19:30] [130/456] MYCR
[18:19:31] [131/456] EVMP
[18:19:32] [132/456] SSGT
[18:19:33] [133/456] KCTK
[18:19:34] [134/456] ZTKC
[18:19:35] [135/456] MMTA
[18:19:36] [136/456] MAJT
[18:19:37] [137/456] ACPK
[18:19:37] 🔄 Identity reset
[18:19:37] 🔄 Identity rotated (every 10 requests)
[18:19:37] [138/456] JMAX
[18:19:38] [139/456] SETK
[18:19:39] [140/456] CAIS
[18:19:40] [141/456] AGCD
[18:19:41] [142/456] URCL
[18:19:42] [143/456] VTDS
[18:19:43] [144/456] JCNM
[18:19:44] [145/456] KCAM
[18:19:45] [146/456] ADCU
[18:19:46] [147/456] GXYN
[18:19:47] 🔄 Identity reset
[18:19:47] 🔄 Identity rotated (every 10 requests)
[18:19:47] [148/456] SMJG
[18:19:49] [149/456] EYCJ
[18:19:50] [150/456] CCEJ
[18:19:51] [151/456] MARS
[18:19:52] [152/456] CPVJ
[18:19:53] [153/456] INVP
[18:19:54] [154/456] CPOV
[18:19:55] [155/456] VIJK
[18:19:57] [156/456] LAIM
[18:19:58] [157/456] STHV
[18:19:58] 🔄 Identity reset
[18:19:58] 🔄 Identity rotated (every 10 requests)
[18:19:58] 🔄 Retry 1/5 for STHV in 2.3s
[18:19:58] 🔄 Identity reset
[18:20:01] 🧠 New identity created
[18:20:01] 🔄 Retry 2/5 for STHV in 4.6s
[18:20:01] 🔄 Identity reset
[18:20:05] 🧠 New identity created
[18:20:05] [158/456] SVLJ
[18:20:06] [159/456] ATVJ
[18:20:08] [160/456] JTSC
[18:20:09] [161/456] RMTV
[18:20:10] [162/456] MGGG
[18:20:11] [163/456] SWTH
[18:20:11] [164/456] INVJ
[18:20:12] [165/456] PRSV
[18:20:13] 🔄 Identity reset
[18:20:13] 🔄 Identity rotated (every 10 requests)
[18:20:13] [166/456] JATV
[18:20:14] [167/456] RCVD
[18:20:15] [168/456] BDMA
[18:20:16] [169/456] BLJI
[18:20:17] [170/456] SWOT
[18:20:19] [171/456] SWRN
[18:20:19] [172/456] TVRA
[18:20:20] [173/456] NVRN
[18:20:21] [174/456] SIKC
[18:20:22] [175/456] VAKR
[18:20:23] 🔄 Identity reset
[18:20:23] 🔄 Identity rotated (every 10 requests)
[18:20:23] [176/456] SYLN
[18:20:24] [177/456] KLJL
[18:20:25] [178/456] LKMY
[18:20:26] [179/456] VSLY
[18:20:27] [180/456] CIKO
[18:20:28] [181/456] GPBG
[18:20:28] [182/456] CECM
[18:20:29] [183/456] SLKB
[18:20:30] [184/456] MTBO
[18:20:31] [185/456] SSHB
[18:20:31] 🔄 Identity reset
[18:20:31] 🔄 Identity rotated (every 10 requests)
[18:20:32] [186/456] VPCS
[18:20:32] [187/456] RCSR
[18:20:33] [188/456] RJRM
[18:20:35] [189/456] KPPB
[18:20:36] [190/456] SEDC
[18:20:36] [191/456] SCAI
[18:20:37] [192/456] RMTR
[18:20:38] [193/456] ASST
[18:20:39] [194/456] GCAK
[18:20:40] [195/456] ANNK
[18:20:40] 🔄 Identity reset
[18:20:40] 🔄 Identity rotated (every 10 requests)
[18:20:41] [196/456] KDDF
[18:20:42] [197/456] NRDP
[18:20:43] [198/456] PLAK
[18:20:43] [199/456] GCMC
[18:20:44] [200/456] ALPY
[18:20:45] [201/456] SICE
[18:20:46] [202/456] SISR
[18:20:47] [203/456] SRPZ
[18:20:48] [204/456] SRSW
[18:20:49] [205/456] SUYA
[18:20:49] 🔄 Identity reset
[18:20:49] 🔄 Identity rotated (every 10 requests)
[18:20:50] [206/456] AMMT
[18:20:51] [207/456] BHCU
[18:20:51] [208/456] KLPA
[18:20:52] [209/456] NVKH
[18:20:53] [210/456] JMRC
[18:20:54] [211/456] KTTT
[18:20:55] [212/456] MAGH
[18:20:56] [213/456] MMMX
[18:20:57] [214/456] SALJ
[18:20:58] [215/456] GTJA
[18:20:58] 🔄 Identity reset
[18:20:58] 🔄 Identity rotated (every 10 requests)
[18:20:59] [216/456] MAHT
[18:21:00] [217/456] SSNN
[18:21:01] [218/456] ARRP
[18:21:01] [219/456] ATNS
[18:21:02] [220/456] SKDT
[18:21:03] [221/456] ACAT
[18:21:04] [222/456] APRC
[18:21:05] [223/456] SWAG
[18:21:06] [224/456] SDPT
[18:21:07] [225/456] STPS
[18:21:07] 🔄 Identity reset
[18:21:07] 🔄 Identity rotated (every 10 requests)
[18:21:08] [226/456] WWCZ
[18:21:09] [227/456] LLCH
[18:21:09] [228/456] MZHA
[18:21:10] [229/456] CRJG
[18:21:11] [230/456] JGTK
[18:21:12] [231/456] KCSR
[18:21:13] [232/456] CHTL
[18:21:14] [233/456] EDSR
[18:21:14] [234/456] CSWO
[18:21:15] [235/456] CPVM
[18:21:16] 🔄 Identity reset
[18:21:16] 🔄 Identity rotated (every 10 requests)
[18:21:16] [236/456] MXBY
[18:21:17] [237/456] FMMA
[18:21:18] [238/456] POVI
[18:21:19] [239/456] MTHB
[18:21:20] [240/456] INRC
[18:21:21] [241/456] PIPP
[18:21:22] [242/456] BMXC
[18:21:23] [243/456] PCMM
[18:21:23] [244/456] PMKM
[18:21:24] [245/456] GATY
[18:21:25] 🔄 Identity reset
[18:21:25] 🔄 Identity rotated (every 10 requests)
[18:21:25] [246/456] IMCM
[18:21:26] [247/456] POPE
[18:21:27] [248/456] MTCR
[18:21:27] [249/456] PVAE
[18:21:28] [250/456] PVMI
[18:21:30] [251/456] CPNM
[18:21:31] [252/456] FMRL
[18:21:31] [253/456] MCIW
[18:21:32] [254/456] MXBO
[18:21:33] [255/456] FMKY
[18:21:34] 🔄 Identity reset
[18:21:34] 🔄 Identity rotated (every 10 requests)
[18:21:34] [256/456] FMDA
[18:21:35] [257/456] THAB
[18:21:36] [258/456] PRCW
[18:21:37] [259/456] PITI
[18:21:38] [260/456] MCFF
[18:21:39] [261/456] PDDV
[18:21:40] [262/456] MCRM
[18:21:41] [263/456] KKMB
[18:21:42] [264/456] INKO
[18:21:43] [265/456] PLXP
[18:21:43] 🔄 Identity reset
[18:21:43] 🔄 Identity rotated (every 10 requests)
[18:21:44] [266/456] MMHA
[18:21:45] [267/456] FMVS
[18:21:46] [268/456] POLM
[18:21:47] [269/456] STER
[18:21:48] [270/456] PVWJ
[18:21:48] [271/456] IMJW
[18:21:49] [272/456] FNAN
[18:21:50] [273/456] CAGL
[18:21:52] [274/456] IPBG
[18:21:54] [275/456] SMFV
[18:21:55] 🔄 Identity reset
[18:21:55] 🔄 Identity rotated (every 10 requests)
[18:21:55] [276/456] MMMR
[18:21:56] [277/456] MMWM
[18:21:57] [278/456] FNCM
[18:21:58] [279/456] MDVA
[18:21:59] [280/456] MMET
[18:21:59] [281/456] MIDO
[18:22:00] [282/456] INNP
[18:22:01] [283/456] MIFU
[18:22:02] [284/456] MMSZ
[18:22:03] [285/456] BMXA
[18:22:04] 🔄 Identity reset
[18:22:04] 🔄 Identity rotated (every 10 requests)
[18:22:04] [286/456] MCAA
[18:22:05] [287/456] SCVP
[18:22:06] [288/456] PLUS
[18:22:07] [289/456] MUCK
[18:22:08] [290/456] MTMA
[18:22:08] [291/456] HPVR
[18:22:10] [292/456] PMPK
[18:22:11] [293/456] MAJB
[18:22:12] [294/456] CTRR
[18:22:13] [295/456] MCTG
[18:22:14] 🔄 Identity reset
[18:22:14] 🔄 Identity rotated (every 10 requests)
[18:22:14] 🔄 Retry 1/5 for MCTG in 2.4s
[18:22:14] 🔄 Identity reset
[18:22:16] 🧠 New identity created
[18:22:17] [296/456] MACE
[18:22:17] [297/456] AAAS
[18:22:18] [298/456] CPVV
[18:22:19] [299/456] RCHG
[18:22:20] [300/456] MCNE
[18:22:21] [301/456] EMNC
[18:22:22] [302/456] MCAN
[18:22:22] [303/456] TCDM
[18:22:23] [304/456] IRGT
[18:22:24] 🔄 Identity reset
[18:22:24] 🔄 Identity rotated (every 10 requests)
[18:22:24] 🔄 Retry 1/5 for IRGT in 2.8s
[18:22:24] 🔄 Identity reset
[18:22:27] 🧠 New identity created
[18:22:27] 🔄 Retry 2/5 for IRGT in 4.2s
[18:22:27] 🔄 Identity reset
[18:22:31] 🧠 New identity created
[18:22:32] [305/456] GCMG
[18:22:33] [306/456] MXSN
[18:22:34] [307/456] MXCK
[18:22:34] [308/456] MCRC
[18:22:36] [309/456] RSMI
[18:22:37] [310/456] WAML
[18:22:38] [311/456] MTSC
[18:22:39] [312/456] FMDR
[18:22:40] 🔄 Identity reset
[18:22:40] 🔄 Identity rotated (every 10 requests)
[18:22:40] [313/456] LEPV
[18:22:41] [314/456] MTGD
[18:22:42] [315/456] IMOB
[18:22:42] [316/456] CLMM
[18:22:43] [317/456] PZCD
[18:22:44] [318/456] GOCS
[18:22:45] [319/456] KCMA
[18:22:46] [320/456] CCMP
[18:22:47] [321/456] MTSU
[18:22:48] [322/456] SNGL
[18:22:49] 🔄 Identity reset
[18:22:49] 🔄 Identity rotated (every 10 requests)
[18:22:49] [323/456] MMMC
[18:22:50] [324/456] MMAA
[18:22:51] [325/456] GCDM
[18:22:52] [326/456] KTMV
[18:22:53] [327/456] AETE
[18:22:54] [328/456] OMCS
[18:22:54] [329/456] GDCD
[18:22:55] [330/456] NYMD
[18:22:56] [331/456] RNCV
[18:22:57] [332/456] KKMT
[18:22:57] 🔄 Identity reset
[18:22:57] 🔄 Identity rotated (every 10 requests)
[18:22:57] 🔄 Retry 1/5 for KKMT in 2.9s
[18:22:57] 🔄 Identity reset
[18:23:00] 🧠 New identity created
[18:23:00] 🔄 Retry 2/5 for KKMT in 4.1s
[18:23:00] 🔄 Identity reset
[18:23:05] 🧠 New identity created
[18:23:05] 🔄 Retry 3/5 for KKMT in 8.0s
[18:23:05] 🔄 Identity reset
[18:23:13] 🧠 New identity created
[18:23:13] 🔄 Retry 4/5 for KKMT in 16.8s
[18:23:13] 🔄 Identity reset
[18:23:29] 🧠 New identity created
[18:23:30] [333/456] GDTH
[18:23:31] [334/456] KMMV
[18:23:32] [335/456] NHCG
[18:23:32] [336/456] PJDW
[18:23:33] [337/456] MMCV
[18:23:34] [338/456] FQSA
[18:23:35] 🔄 Identity reset
[18:23:35] 🔄 Identity rotated (every 10 requests)
[18:23:35] [339/456] KURL
[18:23:36] [340/456] NNNX
[18:23:37] [341/456] AMAU
[18:23:38] [342/456] VVVM
[18:23:39] [343/456] VECU
[18:23:39] [344/456] WCVR
[18:23:40] [345/456] MTGG
[18:23:41] [346/456] SGTG
[18:23:42] [347/456] MNTG
[18:23:43] [348/456] JDDG
[18:23:43] 🔄 Identity reset
[18:23:43] 🔄 Identity rotated (every 10 requests)
[18:23:44] [349/456] MBTK
[18:23:45] [350/456] SGCD
[18:23:45] [351/456] MCTC
[18:23:46] [352/456] JTPC
[18:23:47] [353/456] SDKT
[18:23:48] [354/456] KRCC
[18:23:48] [355/456] RMMD
[18:23:49] [356/456] AAME
[18:23:50] [357/456] TMWC
[18:23:51] [358/456] NRWY
[18:23:52] 🔄 Identity reset
[18:23:52] 🔄 Identity rotated (every 10 requests)
[18:23:52] 🔄 Retry 1/5 for NRWY in 2.3s
[18:23:52] 🔄 Identity reset
[18:23:54] 🧠 New identity created
[18:23:54] [359/456] CITD
[18:23:55] [360/456] VERD
[18:23:56] [361/456] MKSK
[18:23:57] [362/456] STSM
[18:23:58] [363/456] MJDG
[18:23:59] [364/456] RKPM
[18:24:00] [365/456] SSCE
[18:24:01] [366/456] VMAE
[18:24:02] [367/456] SBRU
[18:24:02] 🔄 Identity reset
[18:24:02] 🔄 Identity rotated (every 10 requests)
[18:24:03] [368/456] AMBC
[18:24:04] [369/456] AMLU
[18:24:04] [370/456] INVZ
[18:24:05] [371/456] LGTV
[18:24:06] [372/456] SVAD
[18:24:07] [373/456] SMSA
[18:24:07] [374/456] SPCZ
[18:24:08] [375/456] GTCX
[18:24:09] [376/456] SCSL
[18:24:10] [377/456] SAHU
[18:24:11] 🔄 Identity reset
[18:24:11] 🔄 Identity rotated (every 10 requests)
[18:24:11] [378/456] NCDA
[18:24:12] [379/456] SCCG
[18:24:13] [380/456] VKTL
[18:24:14] [381/456] PUUJ
[18:24:14] [382/456] STEJ
[18:24:15] [383/456] RJAL
[18:24:16] [384/456] ACJC
[18:24:17] [385/456] ARVB
[18:24:18] [386/456] AUBB
[18:24:19] [387/456] GDBR
[18:24:19] 🔄 Identity reset
[18:24:19] 🔄 Identity rotated (every 10 requests)
[18:24:20] [388/456] PVND
[18:24:20] [389/456] BGRJ
[18:24:21] [390/456] RJMM
[18:24:22] [391/456] MCSA
[18:24:23] [392/456] BODA
[18:24:24] [393/456] JAGG
[18:24:25] [394/456] SCGA
[18:24:27] [395/456] LRCM
[18:24:28] [396/456] CPCN
[18:24:29] [397/456] SSTF
[18:24:30] 🔄 Identity reset
[18:24:30] 🔄 Identity rotated (every 10 requests)
[18:24:30] [398/456] SRXP
[18:24:31] [399/456] CNFX
[18:24:31] [400/456] ANDI
[18:24:32] [401/456] SYEW
[18:24:33] [402/456] RCRE
[18:24:34] [403/456] SCRW
[18:24:35] [404/456] MBKR
[18:24:37] [405/456] ASNT
[18:24:38] [406/456] JTMT
[18:24:38] [407/456] SHAY
[18:24:39] 🔄 Identity reset
[18:24:39] 🔄 Identity rotated (every 10 requests)
[18:24:39] [408/456] VRTH
[18:24:40] [409/456] SPTI
[18:24:41] [410/456] DPTD
[18:24:42] [411/456] TGSN
[18:24:43] [412/456] RCWV
[18:24:44] [413/456] OCUR
[18:24:45] [414/456] KSTC
[18:24:46] [415/456] SANI
[18:24:47] [416/456] MLCA
[18:24:48] [417/456] EGCA
[18:24:48] 🔄 Identity reset
[18:24:48] 🔄 Identity rotated (every 10 requests)
[18:24:49] [418/456] SYSN
[18:24:50] [419/456] PKTA
[18:24:51] [420/456] PRCC
[18:24:51] [421/456] KSTR
[18:24:52] [422/456] SNTP
[18:24:53] [423/456] RCHA
[18:24:54] [424/456] SEEA
[18:24:55] [425/456] ALAT
[18:24:56] [426/456] AATV
[18:24:57] [427/456] RJTE
[18:24:57] 🔄 Identity reset
[18:24:57] 🔄 Identity rotated (every 10 requests)
[18:24:58] [428/456] AAPP
[18:24:58] [429/456] PMMH
[18:25:00] [430/456] INRJ
[18:25:00] [431/456] SARB
[18:25:01] [432/456] PCJL
[18:25:02] [433/456] PFJJ
[18:25:03] [434/456] GRDC
[18:25:04] [435/456] BCBA
[18:25:05] [436/456] VIXL
[18:25:06] [437/456] CSTL
[18:25:06] 🔄 Identity reset
[18:25:06] 🔄 Identity rotated (every 10 requests)
[18:25:07] [438/456] MTDK
[18:25:07] [439/456] TDAC
[18:25:08] [440/456] GTDN
[18:25:09] [441/456] TTDE
[18:25:10] [442/456] ASTS
[18:25:11] [443/456] CPNS
[18:25:12] [444/456] PVVW
[18:25:13] [445/456] USEB
[18:25:14] [446/456] DTYN
[18:25:15] [447/456] PVLE
[18:25:15] 🔄 Identity reset
[18:25:15] 🔄 Identity rotated (every 10 requests)
[18:25:16] [448/456] CIPS
[18:25:17] [449/456] PAEG
[18:25:19] [450/456] PTCW
[18:25:20] [451/456] G3SR
[18:25:20] [452/456] PGND
[18:25:22] [453/456] INVM
[18:25:23] [454/456] SPIA
[18:25:24] [455/456] PCSN
[18:25:25] [456/456] PPGV
[18:25:26] 🧹 Deduping shows
[18:25:26] ✅ DONE | Shows=1788 | Movies=56
[18:27:22] 🚀 SCRIPT STARTED (enhanced anti‑detection)
[18:27:22] [1/456] FNDB
[18:27:23] 🧠 New identity created
[18:27:23] 🔄 Retry 1/5 for FNDB in 2.2s
[18:27:23] 🔄 Identity reset
[18:27:25] 🧠 New identity created
[18:27:25] [2/456] AMBH
[18:27:26] [3/456] PRHN
[18:27:27] [4/456] ACPM
[18:27:29] [5/456] PVFS
[18:27:30] [6/456] AACN
[18:27:30] [7/456] ACAS
[18:27:31] [8/456] CTNR
[18:27:32] [9/456] MMAH
[18:27:33] 🔄 Identity reset
[18:27:33] 🔄 Identity rotated (every 10 requests)
[18:27:33] 🔄 Retry 1/5 for MMAH in 2.3s
[18:27:33] 🔄 Identity reset
[18:27:35] 🧠 New identity created
[18:27:35] 🔄 Retry 2/5 for MMAH in 4.5s
[18:27:35] 🔄 Identity reset
[18:27:40] 🧠 New identity created
[18:27:41] [10/456] CPMH
[18:27:42] [11/456] IGMH
[18:27:43] [12/456] ABCS
[18:27:44] [13/456] CMMA
[18:27:44] [14/456] GPRH
[18:27:45] [15/456] PNNG
[18:27:46] [16/456] AMCA
[18:27:47] [17/456] ISTN
[18:27:48] 🔄 Identity reset
[18:27:48] 🔄 Identity rotated (every 10 requests)
[18:27:48] [18/456] PIIC
[18:27:49] [19/456] AHMH
[18:27:50] [20/456] ASHN
[18:27:51] [21/456] INHY
[18:27:52] [22/456] SRMO
[18:27:53] [23/456] PIMH
[18:27:54] [24/456] PVTS
[18:27:55] [25/456] MMCA
[18:27:57] [26/456] AKYJ
[18:27:58] [27/456] BRKH
[18:27:58] 🔄 Identity reset
[18:27:58] 🔄 Identity rotated (every 10 requests)
[18:27:59] [28/456] MAHM
[18:28:00] [29/456] CPHY
[18:28:00] [30/456] PVTP
[18:28:01] [31/456] SMMR
[18:28:02] [32/456] PVHM
[18:28:03] [33/456] SNDY
[18:28:04] [34/456] GOKU
[18:28:06] [35/456] ACEV
[18:28:07] [36/456] PVUM
[18:28:08] [37/456] VSWA
[18:28:08] 🔄 Identity reset
[18:28:08] 🔄 Identity rotated (every 10 requests)
[18:28:08] 🔄 Retry 1/5 for VSWA in 2.8s
[18:28:08] 🔄 Identity reset
[18:28:11] 🧠 New identity created
[18:28:11] 🔄 Retry 2/5 for VSWA in 4.0s
[18:28:11] 🔄 Identity reset
[18:28:15] 🧠 New identity created
[18:28:16] [38/456] IPRS
[18:28:16] [39/456] BKMV
[18:28:17] [40/456] PVYH
[18:28:19] [41/456] INKM
[18:28:20] [42/456] ARJU
[18:28:21] [43/456] JJPP
[18:28:22] [44/456] SSRM
[18:28:23] [45/456] HMHD
[18:28:24] 🔄 Identity reset
[18:28:24] 🔄 Identity rotated (every 10 requests)
[18:28:24] 🔄 Retry 1/5 for HMHD in 2.2s
[18:28:24] 🔄 Identity reset
[18:28:26] 🧠 New identity created
[18:28:26] [46/456] SNKH
[18:28:27] [47/456] ACHI
[18:28:28] [48/456] MRAA
[18:28:29] [49/456] INMH
[18:28:31] [50/456] ARMH
[18:28:32] [51/456] DVRR
[18:28:33] [52/456] SUDA
[18:28:34] [53/456] MCSS
[18:28:35] [54/456] VRKC
[18:28:35] 🔄 Identity reset
[18:28:35] 🔄 Identity rotated (every 10 requests)
[18:28:36] [55/456] PRCX
[18:28:37] [56/456] ASJY
[18:28:38] [57/456] MTHY
[18:28:39] [58/456] SRCM
[18:28:40] [59/456] TVHY
[18:28:40] [60/456] STHD
[18:28:41] [61/456] CPCL
[18:28:42] [62/456] PSMJ
[18:28:43] [63/456] MRGT
[18:28:44] [64/456] ARYH
[18:28:44] 🔄 Identity reset
[18:28:44] 🔄 Identity rotated (every 10 requests)
[18:28:44] [65/456] VTRB
[18:28:45] [66/456] SCHC
[18:28:46] [67/456] MRRG
[18:28:47] [68/456] SPCB
[18:28:48] [69/456] AMCM
[18:28:49] [70/456] IVNM
[18:28:50] [71/456] TRHY
[18:28:51] [72/456] PTTH
[18:28:52] [73/456] RKMH
[18:28:52] [74/456] PRCS
[18:28:53] 🔄 Identity reset
[18:28:53] 🔄 Identity rotated (every 10 requests)
[18:28:53] 🔄 Retry 1/5 for PRCS in 2.3s
[18:28:53] 🔄 Identity reset
[18:28:56] 🧠 New identity created
[18:28:56] [75/456] VAJA
[18:28:57] [76/456] BJNG
[18:28:58] [77/456] SCVM
[18:28:59] [78/456] GNHB
[18:29:00] [79/456] TLUR
[18:29:01] [80/456] UKCC
[18:29:01] [81/456] SRKR
[18:29:02] [82/456] RMKN
[18:29:03] [83/456] SLRT
[18:29:04] 🔄 Identity reset
[18:29:04] 🔄 Identity rotated (every 10 requests)
[18:29:04] [84/456] LKMT
[18:29:05] [85/456] SSRJ
[18:29:06] [86/456] SPHT
[18:29:07] [87/456] ANTT
[18:29:08] [88/456] SRCH
[18:29:08] [89/456] SRCA
[18:29:09] [90/456] ARTH
[18:29:10] [91/456] MCBH
[18:29:12] [92/456] SNIB
[18:29:13] [93/456] SART
[18:29:13] 🔄 Identity reset
[18:29:13] 🔄 Identity rotated (every 10 requests)
[18:29:13] 🔄 Retry 1/5 for SART in 2.4s
[18:29:13] 🔄 Identity reset
[18:29:16] 🧠 New identity created
[18:29:16] [94/456] SKTA
[18:29:17] [95/456] YAKT
[18:29:18] [96/456] MLCK
[18:29:19] [97/456] ANTS
[18:29:20] [98/456] DGCA
[18:29:21] [99/456] SGMP
[18:29:22] [100/456] ASWN
[18:29:23] [101/456] KFVU
[18:29:24] [102/456] POOR
[18:29:24] 🔄 Identity reset
[18:29:24] 🔄 Identity rotated (every 10 requests)
[18:29:25] 🔄 Retry 1/5 for POOR in 2.4s
[18:29:25] 🔄 Identity reset
[18:29:27] 🧠 New identity created
[18:29:27] [103/456] GKDN
[18:29:28] [104/456] EOSE
[18:29:29] [105/456] GTTT
[18:29:30] [106/456] ARRO
[18:29:31] [107/456] CMMK
[18:29:32] [108/456] MSCN
[18:29:33] [109/456] GDKH
[18:29:34] [110/456] DLMT
[18:29:34] [111/456] PVMF
[18:29:35] 🔄 Identity reset
[18:29:35] 🔄 Identity rotated (every 10 requests)
[18:29:35] 🔄 Retry 1/5 for PVMF in 2.5s
[18:29:35] 🔄 Identity reset
[18:29:38] 🧠 New identity created
[18:29:38] [112/456] CPCK
[18:29:39] [113/456] VMHE
[18:29:40] [114/456] PVLC
[18:29:41] [115/456] PCVB
[18:29:42] [116/456] SNYK
[18:29:42] [117/456] KTEK
[18:29:43] [118/456] PCNM
[18:29:44] [119/456] NTTR
[18:29:45] [120/456] CPSK
[18:29:45] 🔄 Identity reset
[18:29:45] 🔄 Identity rotated (every 10 requests)
[18:29:46] [121/456] JMMA
[18:29:46] [122/456] GCFK
[18:29:47] [123/456] MYCA
[18:29:49] [124/456] KSNP
[18:29:50] [125/456] PMCE
[18:29:51] [126/456] SCKI
[18:29:52] [127/456] FSMA
[18:29:53] [128/456] CETA
[18:29:55] [129/456] MCIK
[18:29:56] [130/456] MYCR
[18:29:56] 🔄 Identity reset
[18:29:56] 🔄 Identity rotated (every 10 requests)
[18:29:57] [131/456] EVMP
[18:29:58] [132/456] SSGT
[18:29:58] [133/456] KCTK
[18:29:59] [134/456] ZTKC
[18:30:00] [135/456] MMTA
[18:30:01] [136/456] MAJT
[18:30:02] [137/456] ACPK
[18:30:03] [138/456] JMAX
[18:30:03] [139/456] SETK
[18:30:04] [140/456] CAIS
[18:30:05] 🔄 Identity reset
[18:30:05] 🔄 Identity rotated (every 10 requests)
[18:30:05] [141/456] AGCD
[18:30:06] [142/456] URCL
[18:30:07] [143/456] VTDS
[18:30:08] [144/456] JCNM
[18:30:09] [145/456] KCAM
[18:30:10] [146/456] ADCU
[18:30:11] [147/456] GXYN
[18:30:11] [148/456] SMJG
[18:30:12] [149/456] EYCJ
[18:30:13] [150/456] CCEJ
[18:30:14] 🔄 Identity reset
[18:30:14] 🔄 Identity rotated (every 10 requests)
[18:30:14] 🔄 Retry 1/5 for CCEJ in 2.6s
[18:30:14] 🔄 Identity reset
[18:30:16] 🧠 New identity created
[18:30:17] [151/456] MARS
[18:30:18] [152/456] CPVJ
[18:30:18] [153/456] INVP
[18:30:19] [154/456] CPOV
[18:30:21] [155/456] VIJK
[18:30:22] [156/456] LAIM
[18:30:23] [157/456] STHV
[18:30:25] [158/456] SVLJ
[18:30:25] [159/456] ATVJ
[18:30:26] 🔄 Identity reset
[18:30:26] 🔄 Identity rotated (every 10 requests)
[18:30:26] 🔄 Retry 1/5 for ATVJ in 3.0s
[18:30:26] 🔄 Identity reset
[18:30:29] 🧠 New identity created
[18:30:29] 🔄 Retry 2/5 for ATVJ in 4.5s
[18:30:29] 🔄 Identity reset
[18:30:34] 🧠 New identity created
[18:30:34] [160/456] JTSC
[18:30:35] [161/456] RMTV
[18:30:36] [162/456] MGGG
[18:30:37] [163/456] SWTH
[18:30:38] [164/456] INVJ
[18:30:39] [165/456] PRSV
[18:30:39] [166/456] JATV
[18:30:40] [167/456] RCVD
[18:30:41] 🔄 Identity reset
[18:30:41] 🔄 Identity rotated (every 10 requests)
[18:30:41] [168/456] BDMA
[18:30:42] [169/456] BLJI
[18:30:44] [170/456] SWOT
[18:30:44] [171/456] SWRN
[18:30:45] [172/456] TVRA
[18:30:46] [173/456] NVRN
[18:30:47] [174/456] SIKC
[18:30:48] [175/456] VAKR
[18:30:50] [176/456] SYLN
[18:30:51] [177/456] KLJL
[18:30:51] 🔄 Identity reset
[18:30:51] 🔄 Identity rotated (every 10 requests)
[18:30:51] 🔄 Retry 1/5 for KLJL in 2.4s
[18:30:51] 🔄 Identity reset
[18:30:54] 🧠 New identity created
[18:30:54] [178/456] LKMY
[18:30:55] [179/456] VSLY
[18:30:56] [180/456] CIKO
[18:30:56] [181/456] GPBG
[18:30:58] [182/456] CECM
[18:30:59] [183/456] SLKB
[18:31:00] [184/456] MTBO
[18:31:00] [185/456] SSHB
[18:31:02] [186/456] VPCS
[18:31:02] 🔄 Identity reset
[18:31:02] 🔄 Identity rotated (every 10 requests)
[18:31:03] [187/456] RCSR
[18:31:03] [188/456] RJRM
[18:31:04] [189/456] KPPB
[18:31:05] [190/456] SEDC
[18:31:07] [191/456] SCAI
[18:31:08] [192/456] RMTR
[18:31:09] [193/456] ASST
[18:31:09] [194/456] GCAK
[18:31:10] [195/456] ANNK
[18:31:11] [196/456] KDDF
[18:31:12] 🔄 Identity reset
[18:31:12] 🔄 Identity rotated (every 10 requests)
[18:31:12] [197/456] NRDP
[18:31:13] [198/456] PLAK
[18:31:14] [199/456] GCMC
[18:31:15] [200/456] ALPY
[18:31:16] [201/456] SICE
[18:31:17] [202/456] SISR
[18:31:18] [203/456] SRPZ
[18:31:19] [204/456] SRSW
[18:31:20] [205/456] SUYA
[18:31:21] [206/456] AMMT
[18:31:22] 🔄 Identity reset
[18:31:22] 🔄 Identity rotated (every 10 requests)
[18:31:22] [207/456] BHCU
[18:31:23] [208/456] KLPA
[18:31:24] [209/456] NVKH
[18:31:26] [210/456] JMRC
[18:31:26] [211/456] KTTT
[18:31:27] [212/456] MAGH
[18:31:29] [213/456] MMMX
[18:31:30] [214/456] SALJ
[18:31:31] [215/456] GTJA
[18:31:31] [216/456] MAHT
[18:31:32] 🔄 Identity reset
[18:31:32] 🔄 Identity rotated (every 10 requests)
[18:31:33] [217/456] SSNN
[18:31:34] [218/456] ARRP
[18:31:35] [219/456] ATNS
[18:31:36] [220/456] SKDT
[18:31:36] [221/456] ACAT
[18:31:37] [222/456] APRC
[18:31:38] [223/456] SWAG
[18:31:39] [224/456] SDPT
[18:31:40] [225/456] STPS
[18:31:41] [226/456] WWCZ
[18:31:42] 🔄 Identity reset
[18:31:42] 🔄 Identity rotated (every 10 requests)
[18:31:42] [227/456] LLCH
[18:31:44] [228/456] MZHA
[18:31:45] [229/456] CRJG
[18:31:46] [230/456] JGTK
[18:31:46] [231/456] KCSR
[18:31:48] [232/456] CHTL
[18:31:49] [233/456] EDSR
[18:31:50] [234/456] CSWO
[18:31:51] [235/456] CPVM
[18:31:52] [236/456] MXBY
[18:31:52] 🔄 Identity reset
[18:31:52] 🔄 Identity rotated (every 10 requests)
[18:31:52] 🔄 Retry 1/5 for MXBY in 2.4s
[18:31:52] 🔄 Identity reset
[18:31:55] 🧠 New identity created
[18:31:55] 🔄 Retry 2/5 for MXBY in 4.6s
[18:31:55] 🔄 Identity reset
[18:31:59] 🧠 New identity created
[18:31:59] 🔄 Retry 3/5 for MXBY in 8.8s
[18:31:59] 🔄 Identity reset
[18:32:08] 🧠 New identity created
[18:32:09] [237/456] FMMA
[18:32:10] [238/456] POVI
[18:32:11] [239/456] MTHB
[18:32:12] [240/456] INRC
[18:32:13] [241/456] PIPP
[18:32:14] [242/456] BMXC
[18:32:15] [243/456] PCMM
[18:32:15] 🔄 Identity reset
[18:32:15] 🔄 Identity rotated (every 10 requests)
[18:32:15] 🔄 Retry 1/5 for PCMM in 2.1s
[18:32:15] 🔄 Identity reset
[18:32:17] 🧠 New identity created
[18:32:18] [244/456] PMKM
[18:32:18] [245/456] GATY
[18:32:19] [246/456] IMCM
[18:32:21] [247/456] POPE
[18:32:22] [248/456] MTCR
[18:32:23] [249/456] PVAE
[18:32:23] [250/456] PVMI
[18:32:25] [251/456] CPNM
[18:32:26] [252/456] FMRL
[18:32:26] 🔄 Identity reset
[18:32:26] 🔄 Identity rotated (every 10 requests)
[18:32:27] [253/456] MCIW
[18:32:28] [254/456] MXBO
[18:32:29] [255/456] FMKY
[18:32:30] [256/456] FMDA
[18:32:31] [257/456] THAB
[18:32:31] [258/456] PRCW
[18:32:32] [259/456] PITI
[18:32:33] [260/456] MCFF
[18:32:34] [261/456] PDDV
[18:32:35] [262/456] MCRM
[18:32:35] 🔄 Identity reset
[18:32:35] 🔄 Identity rotated (every 10 requests)
[18:32:36] [263/456] KKMB
[18:32:36] [264/456] INKO
[18:32:37] [265/456] PLXP
[18:32:38] [266/456] MMHA
[18:32:39] [267/456] FMVS
[18:32:40] [268/456] POLM
[18:32:41] [269/456] STER
[18:32:42] [270/456] PVWJ
[18:32:43] [271/456] IMJW
[18:32:44] [272/456] FNAN
[18:32:44] 🔄 Identity reset
[18:32:44] 🔄 Identity rotated (every 10 requests)
[18:32:45] [273/456] CAGL
[18:32:46] [274/456] IPBG
[18:32:47] [275/456] SMFV
[18:32:48] [276/456] MMMR
[18:32:49] [277/456] MMWM
[18:32:49] [278/456] FNCM
[18:32:51] [279/456] MDVA
[18:32:51] [280/456] MMET
[18:32:52] [281/456] MIDO
[18:32:53] [282/456] INNP
[18:32:54] 🔄 Identity reset
[18:32:54] 🔄 Identity rotated (every 10 requests)
[18:32:54] [283/456] MIFU
[18:32:56] [284/456] MMSZ
[18:32:57] [285/456] BMXA
[18:32:57] [286/456] MCAA
[18:32:58] [287/456] SCVP
[18:33:00] [288/456] PLUS
[18:33:01] [289/456] MUCK
[18:33:02] [290/456] MTMA
[18:33:03] [291/456] HPVR
[18:33:04] [292/456] PMPK
[18:33:04] 🔄 Identity reset
[18:33:04] 🔄 Identity rotated (every 10 requests)
[18:33:05] [293/456] MAJB
[18:33:06] [294/456] CTRR
[18:33:07] [295/456] MCTG
[18:33:07] [296/456] MACE
[18:33:08] [297/456] AAAS
[18:33:09] [298/456] CPVV
[18:33:10] [299/456] RCHG
[18:33:11] [300/456] MCNE
[18:33:12] [301/456] EMNC
[18:33:13] [302/456] MCAN
[18:33:13] 🔄 Identity reset
[18:33:13] 🔄 Identity rotated (every 10 requests)
[18:33:14] [303/456] TCDM
[18:33:14] [304/456] IRGT
[18:33:15] [305/456] GCMG
[18:33:16] [306/456] MXSN
[18:33:17] [307/456] MXCK
[18:33:19] [308/456] MCRC
[18:33:20] [309/456] RSMI
[18:33:21] [310/456] WAML
[18:33:21] [311/456] MTSC
[18:33:22] [312/456] FMDR
[18:33:23] 🔄 Identity reset
[18:33:23] 🔄 Identity rotated (every 10 requests)
[18:33:24] [313/456] LEPV
[18:33:25] [314/456] MTGD
[18:33:26] [315/456] IMOB
[18:33:27] [316/456] CLMM
[18:33:28] [317/456] PZCD
[18:33:29] [318/456] GOCS
[18:33:30] [319/456] KCMA
[18:33:31] [320/456] CCMP
[18:33:32] [321/456] MTSU
[18:33:33] [322/456] SNGL
[18:33:33] 🔄 Identity reset
[18:33:33] 🔄 Identity rotated (every 10 requests)
[18:33:34] 🔄 Retry 1/5 for SNGL in 2.2s
[18:33:34] 🔄 Identity reset
[18:33:36] 🧠 New identity created
[18:33:36] [323/456] MMMC
[18:33:37] [324/456] MMAA
[18:33:38] [325/456] GCDM
[18:33:39] [326/456] KTMV
[18:33:39] [327/456] AETE
[18:33:40] [328/456] OMCS
[18:33:41] [329/456] GDCD
[18:33:42] [330/456] NYMD
[18:33:43] [331/456] RNCV
[18:33:44] 🔄 Identity reset
[18:33:44] 🔄 Identity rotated (every 10 requests)
[18:33:44] 🔄 Retry 1/5 for RNCV in 2.5s
[18:33:44] 🔄 Identity reset
[18:33:46] 🧠 New identity created
[18:33:47] [332/456] KKMT
[18:33:47] [333/456] GDTH
[18:33:48] [334/456] KMMV
[18:33:49] [335/456] NHCG
[18:33:50] [336/456] PJDW
[18:33:51] [337/456] MMCV
[18:33:52] [338/456] FQSA
[18:33:53] [339/456] KURL
[18:33:54] [340/456] NNNX
[18:33:54] 🔄 Identity reset
[18:33:55] 🔄 Identity rotated (every 10 requests)
[18:33:55] [341/456] AMAU
[18:33:56] [342/456] VVVM
[18:33:57] [343/456] VECU
[18:33:58] [344/456] WCVR
[18:33:59] [345/456] MTGG
[18:34:00] [346/456] SGTG
[18:34:01] [347/456] MNTG
[18:34:01] [348/456] JDDG
[18:34:02] [349/456] MBTK
[18:34:04] [350/456] SGCD
[18:34:05] 🔄 Identity reset
[18:34:05] 🔄 Identity rotated (every 10 requests)
[18:34:06] [351/456] MCTC
[18:34:07] [352/456] JTPC
[18:34:07] [353/456] SDKT
[18:34:08] [354/456] KRCC
[18:34:10] [355/456] RMMD
[18:34:11] [356/456] AAME
[18:34:12] [357/456] TMWC
[18:34:13] [358/456] NRWY
[18:34:14] [359/456] CITD
[18:34:14] [360/456] VERD
[18:34:15] 🔄 Identity reset
[18:34:15] 🔄 Identity rotated (every 10 requests)
[18:34:15] [361/456] MKSK
[18:34:16] [362/456] STSM
[18:34:17] [363/456] MJDG
[18:34:18] [364/456] RKPM
[18:34:19] [365/456] SSCE
[18:34:20] [366/456] VMAE
[18:34:21] [367/456] SBRU
[18:34:21] [368/456] AMBC
[18:34:22] [369/456] AMLU
[18:34:23] [370/456] INVZ
[18:34:24] 🔄 Identity reset
[18:34:24] 🔄 Identity rotated (every 10 requests)
[18:34:24] [371/456] LGTV
[18:34:25] [372/456] SVAD
[18:34:26] [373/456] SMSA
[18:34:27] [374/456] SPCZ
[18:34:28] [375/456] GTCX
[18:34:29] [376/456] SCSL
[18:34:30] [377/456] SAHU
[18:34:31] [378/456] NCDA
[18:34:32] [379/456] SCCG
[18:34:33] [380/456] VKTL
[18:34:34] 🔄 Identity reset
[18:34:34] 🔄 Identity rotated (every 10 requests)
[18:34:46] 🔄 Retry 1/5 for VKTL in 2.3s
[18:34:46] 🔄 Identity reset
[18:34:48] 🧠 New identity created
[18:34:49] [381/456] PUUJ
[18:34:50] [382/456] STEJ
[18:34:50] [383/456] RJAL
[18:34:51] [384/456] ACJC
[18:34:53] [385/456] ARVB
[18:34:54] [386/456] AUBB
[18:34:55] [387/456] GDBR
[18:34:55] [388/456] PVND
[18:34:56] [389/456] BGRJ
[18:34:57] 🔄 Identity reset
[18:34:57] 🔄 Identity rotated (every 10 requests)
[18:35:09] 🔄 Retry 1/5 for BGRJ in 3.0s
[18:35:09] 🔄 Identity reset
[18:35:12] 🧠 New identity created
[18:35:12] 🔄 Retry 2/5 for BGRJ in 4.6s
[18:35:12] 🔄 Identity reset
[18:35:17] 🧠 New identity created
[18:35:17] [390/456] RJMM
[18:35:18] [391/456] MCSA
[18:35:19] [392/456] BODA
[18:35:20] [393/456] JAGG
[18:35:20] [394/456] SCGA
[18:35:21] [395/456] LRCM
[18:35:22] [396/456] CPCN
[18:35:23] [397/456] SSTF
[18:35:24] 🔄 Identity reset
[18:35:24] 🔄 Identity rotated (every 10 requests)
[18:35:24] 🔄 Retry 1/5 for SSTF in 2.3s
[18:35:24] 🔄 Identity reset
[18:35:26] 🧠 New identity created
[18:35:26] [398/456] SRXP
[18:35:27] [399/456] CNFX
[18:35:29] [400/456] ANDI
[18:35:29] [401/456] SYEW
[18:35:30] [402/456] RCRE
[18:35:31] [403/456] SCRW
[18:35:32] [404/456] MBKR
[18:35:34] [405/456] ASNT
[18:35:34] [406/456] JTMT
[18:35:35] 🔄 Identity reset
[18:35:35] 🔄 Identity rotated (every 10 requests)
[18:35:35] [407/456] SHAY
[18:35:36] [408/456] VRTH
[18:35:37] [409/456] SPTI
[18:35:38] [410/456] DPTD
[18:35:39] [411/456] TGSN
[18:35:40] [412/456] RCWV
[18:35:42] [413/456] OCUR
[18:35:42] [414/456] KSTC
[18:35:43] [415/456] SANI
[18:35:45] [416/456] MLCA
[18:35:45] 🔄 Identity reset
[18:35:45] 🔄 Identity rotated (every 10 requests)
[18:35:46] 🔄 Retry 1/5 for MLCA in 2.2s
[18:35:46] 🔄 Identity reset
[18:35:48] 🧠 New identity created
[18:35:48] 🔄 Retry 2/5 for MLCA in 4.9s
[18:35:48] 🔄 Identity reset
[18:35:53] 🧠 New identity created
[18:35:53] [417/456] EGCA
[18:35:54] [418/456] SYSN
[18:35:55] [419/456] PKTA
[18:35:56] [420/456] PRCC
[18:35:57] [421/456] KSTR
[18:35:58] [422/456] SNTP
[18:35:59] [423/456] RCHA
[18:36:00] [424/456] SEEA
[18:36:00] 🔄 Identity reset
[18:36:00] 🔄 Identity rotated (every 10 requests)
[18:36:00] 🔄 Retry 1/5 for SEEA in 2.3s
[18:36:00] 🔄 Identity reset
[18:36:03] 🧠 New identity created
[18:36:03] 🔄 Retry 2/5 for SEEA in 4.2s
[18:36:03] 🔄 Identity reset
[18:36:07] 🧠 New identity created
[18:36:07] [425/456] ALAT
[18:36:08] [426/456] AATV
[18:36:09] [427/456] RJTE
[18:36:10] [428/456] AAPP
[18:36:11] [429/456] PMMH
[18:36:12] [430/456] INRJ
[18:36:12] [431/456] SARB
[18:36:13] [432/456] PCJL
[18:36:14] 🔄 Identity reset
[18:36:14] 🔄 Identity rotated (every 10 requests)
[18:36:14] [433/456] PFJJ
[18:36:15] [434/456] GRDC
[18:36:16] [435/456] BCBA
[18:36:17] [436/456] VIXL
[18:36:18] [437/456] CSTL
[18:36:19] [438/456] MTDK
[18:36:19] [439/456] TDAC
[18:36:20] [440/456] GTDN
[18:36:21] [441/456] TTDE
[18:36:23] [442/456] ASTS
[18:36:23] 🔄 Identity reset
[18:36:23] 🔄 Identity rotated (every 10 requests)
[18:36:24] [443/456] CPNS
[18:36:24] [444/456] PVVW
[18:36:25] [445/456] USEB
[18:36:26] [446/456] DTYN
[18:36:27] [447/456] PVLE
[18:36:28] [448/456] CIPS
[18:36:29] [449/456] PAEG
[18:36:29] [450/456] PTCW
[18:36:30] [451/456] G3SR
[18:36:31] [452/456] PGND
[18:36:32] 🔄 Identity reset
[18:36:32] 🔄 Identity rotated (every 10 requests)
[18:36:32] [453/456] INVM
[18:36:33] [454/456] SPIA
[18:36:34] [455/456] PCSN
[18:36:35] [456/456] PPGV
[18:36:35] 🧹 Deduping shows
[18:36:36] ✅ DONE | Shows=1809 | Movies=56
[22:57:15] 🚀 SCRIPT STARTED (enhanced anti‑detection)
[22:57:15] [1/456] FNDB
[22:57:16] 🧠 New identity created
[22:57:16] [2/456] AMBH
[22:57:17] [3/456] PRHN
[22:57:18] [4/456] ACPM
[22:57:18] [5/456] PVFS
[22:57:19] [6/456] AACN
[22:57:20] [7/456] ACAS
[22:57:21] [8/456] CTNR
[22:57:22] [9/456] MMAH
[22:57:22] [10/456] CPMH
[22:57:23] 🔄 Identity reset
[22:57:23] 🔄 Identity rotated (every 10 requests)
[22:57:23] [11/456] IGMH
[22:57:24] [12/456] ABCS
[22:57:25] [13/456] CMMA
[22:57:26] [14/456] GPRH
[22:57:27] [15/456] PNNG
[22:57:27] [16/456] AMCA
[22:57:28] [17/456] ISTN
[22:57:29] [18/456] PIIC
[22:57:30] [19/456] AHMH
[22:57:31] [20/456] ASHN
[22:57:32] 🔄 Identity reset
[22:57:32] 🔄 Identity rotated (every 10 requests)
[22:57:33] [21/456] INHY
[22:57:34] [22/456] SRMO
[22:57:35] [23/456] PIMH
[22:57:36] [24/456] PVTS
[22:57:36] [25/456] MMCA
[22:57:37] [26/456] AKYJ
[22:57:38] [27/456] BRKH
[22:57:39] [28/456] MAHM
[22:57:40] [29/456] CPHY
[22:57:41] [30/456] PVTP
[22:57:42] 🔄 Identity reset
[22:57:42] 🔄 Identity rotated (every 10 requests)
[22:57:42] [31/456] SMMR
[22:57:43] [32/456] PVHM
[22:57:44] [33/456] SNDY
[22:57:45] [34/456] GOKU
[22:57:46] [35/456] ACEV
[22:57:47] [36/456] PVUM
[22:57:48] [37/456] VSWA
[22:57:48] [38/456] IPRS
[22:57:49] [39/456] BKMV
[22:57:50] [40/456] PVYH
[22:57:51] 🔄 Identity reset
[22:57:51] 🔄 Identity rotated (every 10 requests)
[22:57:51] 🔄 Retry 1/5 for PVYH in 2.2s
[22:57:51] 🔄 Identity reset
[22:57:53] 🧠 New identity created
[22:57:54] [41/456] INKM
[22:57:54] [42/456] ARJU
[22:57:55] [43/456] JJPP
[22:57:56] [44/456] SSRM
[22:57:57] [45/456] HMHD
[22:57:59] [46/456] SNKH
[22:57:59] [47/456] ACHI
[22:58:00] [48/456] MRAA
[22:58:01] [49/456] INMH
[22:58:02] 🔄 Identity reset
[22:58:02] 🔄 Identity rotated (every 10 requests)
[22:58:02] [50/456] ARMH
[22:58:03] [51/456] DVRR
[22:58:03] [52/456] SUDA
[22:58:04] [53/456] MCSS
[22:58:05] [54/456] VRKC
[22:58:06] [55/456] PRCX
[22:58:07] [56/456] ASJY
[22:58:08] [57/456] MTHY
[22:58:09] [58/456] SRCM
[22:58:09] [59/456] TVHY
[22:58:10] 🔄 Identity reset
[22:58:10] 🔄 Identity rotated (every 10 requests)
[22:58:10] [60/456] STHD
[22:58:11] [61/456] CPCL
[22:58:12] [62/456] PSMJ
[22:58:13] [63/456] MRGT
[22:58:14] [64/456] ARYH
[22:58:15] [65/456] VTRB
[22:58:16] [66/456] SCHC
[22:58:17] [67/456] MRRG
[22:58:18] [68/456] SPCB
[22:58:18] [69/456] AMCM
[22:58:19] 🔄 Identity reset
[22:58:19] 🔄 Identity rotated (every 10 requests)
[22:58:19] 🔄 Retry 1/5 for AMCM in 2.2s
[22:58:19] 🔄 Identity reset
[22:58:21] 🧠 New identity created
[22:58:21] [70/456] IVNM
[22:58:22] [71/456] TRHY
[22:58:23] [72/456] PTTH
[22:58:24] [73/456] RKMH
[22:58:25] [74/456] PRCS
[22:58:25] [75/456] VAJA
[22:58:26] [76/456] BJNG
[22:58:27] [77/456] SCVM
[22:58:28] [78/456] GNHB
[22:58:28] 🔄 Identity reset
[22:58:29] 🔄 Identity rotated (every 10 requests)
[22:58:29] [79/456] TLUR
[22:58:30] [80/456] UKCC
[22:58:30] [81/456] SRKR
[22:58:31] [82/456] RMKN
[22:58:32] [83/456] SLRT
[22:58:33] [84/456] LKMT
[22:58:34] [85/456] SSRJ
[22:58:34] [86/456] SPHT
[22:58:35] [87/456] ANTT
[22:58:36] [88/456] SRCH
[22:58:37] 🔄 Identity reset
[22:58:37] 🔄 Identity rotated (every 10 requests)
[22:58:37] [89/456] SRCA
[22:58:38] [90/456] ARTH
[22:58:39] [91/456] MCBH
[22:58:39] [92/456] SNIB
[22:58:40] [93/456] SART
[22:58:41] [94/456] SKTA
[22:58:42] [95/456] YAKT
[22:58:43] [96/456] MLCK
[22:58:44] [97/456] ANTS
[22:58:45] [98/456] DGCA
[22:58:46] 🔄 Identity reset
[22:58:46] 🔄 Identity rotated (every 10 requests)
[22:58:46] [99/456] SGMP
[22:58:47] [100/456] ASWN
[22:58:48] [101/456] KFVU
[22:58:49] [102/456] POOR
[22:58:49] [103/456] GKDN
[22:58:50] [104/456] EOSE
[22:58:51] [105/456] GTTT
[22:58:52] [106/456] ARRO
[22:58:53] [107/456] CMMK
[22:58:54] [108/456] MSCN
[22:58:54] 🔄 Identity reset
[22:58:54] 🔄 Identity rotated (every 10 requests)
[22:58:54] [109/456] GDKH
[22:58:55] [110/456] DLMT
[22:58:56] [111/456] PVMF
[22:58:57] [112/456] CPCK
[22:58:58] [113/456] VMHE
[22:58:59] [114/456] PVLC
[22:59:00] [115/456] PCVB
[22:59:01] [116/456] SNYK
[22:59:02] [117/456] KTEK
[22:59:03] [118/456] PCNM
[22:59:03] 🔄 Identity reset
[22:59:03] 🔄 Identity rotated (every 10 requests)
[22:59:04] [119/456] NTTR
[22:59:04] [120/456] CPSK
[22:59:05] [121/456] JMMA
[22:59:06] [122/456] GCFK
[22:59:07] [123/456] MYCA
[22:59:08] [124/456] KSNP
[22:59:09] [125/456] PMCE
[22:59:10] [126/456] SCKI
[22:59:11] [127/456] FSMA
[22:59:12] [128/456] CETA
[22:59:13] 🔄 Identity reset
[22:59:13] 🔄 Identity rotated (every 10 requests)
[22:59:13] [129/456] MCIK
[22:59:14] [130/456] MYCR
[22:59:15] [131/456] EVMP
[22:59:16] [132/456] SSGT
[22:59:17] [133/456] KCTK
[22:59:18] [134/456] ZTKC
[22:59:19] [135/456] MMTA
[22:59:20] [136/456] MAJT
[22:59:22] [137/456] ACPK
[22:59:23] [138/456] JMAX
[22:59:24] 🔄 Identity reset
[22:59:24] 🔄 Identity rotated (every 10 requests)
[22:59:24] [139/456] SETK
[22:59:25] [140/456] CAIS
[22:59:26] [141/456] AGCD
[22:59:27] [142/456] URCL
[22:59:27] [143/456] VTDS
[22:59:28] [144/456] JCNM
[22:59:30] [145/456] KCAM
[22:59:31] [146/456] ADCU
[22:59:31] [147/456] GXYN
[22:59:32] [148/456] SMJG
[22:59:33] 🔄 Identity reset
[22:59:33] 🔄 Identity rotated (every 10 requests)
[22:59:33] 🔄 Retry 1/5 for SMJG in 2.7s
[22:59:33] 🔄 Identity reset
[22:59:36] 🧠 New identity created
[22:59:36] [149/456] EYCJ
[22:59:37] [150/456] CCEJ
[22:59:38] [151/456] MARS
[22:59:38] [152/456] CPVJ
[22:59:39] [153/456] INVP
[22:59:40] [154/456] CPOV
[22:59:41] [155/456] VIJK
[22:59:42] [156/456] LAIM
[22:59:43] [157/456] STHV
[22:59:43] 🔄 Identity reset
[22:59:44] 🔄 Identity rotated (every 10 requests)
[22:59:44] [158/456] SVLJ
[22:59:45] [159/456] ATVJ
[22:59:46] [160/456] JTSC
[22:59:48] [161/456] RMTV
[22:59:48] [162/456] MGGG
[22:59:50] [163/456] SWTH
[22:59:51] [164/456] INVJ
[22:59:52] [165/456] PRSV
[22:59:53] [166/456] JATV
[22:59:54] [167/456] RCVD
[22:59:54] 🔄 Identity reset
[22:59:54] 🔄 Identity rotated (every 10 requests)
[22:59:55] [168/456] BDMA
[22:59:55] [169/456] BLJI
[22:59:57] [170/456] SWOT
[22:59:58] [171/456] SWRN
[22:59:59] [172/456] TVRA
[22:59:59] [173/456] NVRN
[23:00:00] [174/456] SIKC
[23:00:01] [175/456] VAKR
[23:00:02] [176/456] SYLN
[23:00:03] [177/456] KLJL
[23:00:03] 🔄 Identity reset
[23:00:03] 🔄 Identity rotated (every 10 requests)
[23:00:04] [178/456] LKMY
[23:00:05] [179/456] VSLY
[23:00:06] [180/456] CIKO
[23:00:07] [181/456] GPBG
[23:00:07] [182/456] CECM
[23:00:08] [183/456] SLKB
[23:00:09] [184/456] MTBO
[23:00:10] [185/456] SSHB
[23:00:11] [186/456] VPCS
[23:00:11] [187/456] RCSR
[23:00:12] 🔄 Identity reset
[23:00:12] 🔄 Identity rotated (every 10 requests)
[23:00:13] [188/456] RJRM
[23:00:14] [189/456] KPPB
[23:00:14] [190/456] SEDC
[23:00:15] [191/456] SCAI
[23:00:16] [192/456] RMTR
[23:00:17] [193/456] ASST
[23:00:18] [194/456] GCAK
[23:00:19] [195/456] ANNK
[23:00:20] [196/456] KDDF
[23:00:21] [197/456] NRDP
[23:00:21] 🔄 Identity reset
[23:00:21] 🔄 Identity rotated (every 10 requests)
[23:00:21] [198/456] PLAK
[23:00:22] [199/456] GCMC
[23:00:23] [200/456] ALPY
[23:00:24] [201/456] SICE
[23:00:25] [202/456] SISR
[23:00:26] [203/456] SRPZ
[23:00:27] [204/456] SRSW
[23:00:28] [205/456] SUYA
[23:00:28] [206/456] AMMT
[23:00:29] [207/456] BHCU
[23:00:30] 🔄 Identity reset
[23:00:30] 🔄 Identity rotated (every 10 requests)
[23:00:30] [208/456] KLPA
[23:00:32] [209/456] NVKH
[23:00:33] [210/456] JMRC
[23:00:34] [211/456] KTTT
[23:00:36] [212/456] MAGH
[23:00:37] [213/456] MMMX
[23:00:38] [214/456] SALJ
[23:00:38] [215/456] GTJA
[23:00:39] [216/456] MAHT
[23:00:40] [217/456] SSNN
[23:00:41] 🔄 Identity reset
[23:00:41] 🔄 Identity rotated (every 10 requests)
[23:00:41] [218/456] ARRP
[23:00:42] [219/456] ATNS
[23:00:43] [220/456] SKDT
[23:00:44] [221/456] ACAT
[23:00:45] [222/456] APRC
[23:00:47] [223/456] SWAG
[23:00:48] [224/456] SDPT
[23:00:48] [225/456] STPS
[23:00:49] [226/456] WWCZ
[23:00:50] [227/456] LLCH
[23:00:51] 🔄 Identity reset
[23:00:51] 🔄 Identity rotated (every 10 requests)
[23:00:52] [228/456] MZHA
[23:00:53] [229/456] CRJG
[23:00:54] [230/456] JGTK
[23:00:55] [231/456] KCSR
[23:00:56] [232/456] CHTL
[23:00:57] [233/456] EDSR
[23:00:57] [234/456] CSWO
[23:00:58] [235/456] CPVM
[23:00:59] [236/456] MXBY
[23:01:00] [237/456] FMMA
[23:01:01] 🔄 Identity reset
[23:01:01] 🔄 Identity rotated (every 10 requests)
[23:01:01] [238/456] POVI
[23:01:02] [239/456] MTHB
[23:01:03] [240/456] INRC
[23:01:04] [241/456] PIPP
[23:01:05] [242/456] BMXC
[23:01:05] [243/456] PCMM
[23:01:06] [244/456] PMKM
[23:01:07] [245/456] GATY
[23:01:08] [246/456] IMCM
[23:01:09] [247/456] POPE
[23:01:10] 🔄 Identity reset
[23:01:10] 🔄 Identity rotated (every 10 requests)
[23:01:10] [248/456] MTCR
[23:01:11] [249/456] PVAE
[23:01:12] [250/456] PVMI
[23:01:13] [251/456] CPNM
[23:01:14] [252/456] FMRL
[23:01:15] [253/456] MCIW
[23:01:15] [254/456] MXBO
[23:01:16] [255/456] FMKY
[23:01:17] [256/456] FMDA
[23:01:18] [257/456] THAB
[23:01:18] 🔄 Identity reset
[23:01:18] 🔄 Identity rotated (every 10 requests)
[23:01:19] [258/456] PRCW
[23:01:20] [259/456] PITI
[23:01:21] [260/456] MCFF
[23:01:22] [261/456] PDDV
[23:01:23] [262/456] MCRM
[23:01:23] [263/456] KKMB
[23:01:24] [264/456] INKO
[23:01:25] [265/456] PLXP
[23:01:26] [266/456] MMHA
[23:01:27] [267/456] FMVS
[23:01:27] 🔄 Identity reset
[23:01:27] 🔄 Identity rotated (every 10 requests)
[23:01:28] [268/456] POLM
[23:01:28] [269/456] STER
[23:01:29] [270/456] PVWJ
[23:01:30] [271/456] IMJW
[23:01:31] [272/456] FNAN
[23:01:32] [273/456] CAGL
[23:01:33] [274/456] IPBG
[23:01:34] [275/456] SMFV
[23:01:35] [276/456] MMMR
[23:01:35] [277/456] MMWM
[23:01:36] 🔄 Identity reset
[23:01:36] 🔄 Identity rotated (every 10 requests)
[23:01:36] [278/456] FNCM
[23:01:37] [279/456] MDVA
[23:01:38] [280/456] MMET
[23:01:39] [281/456] MIDO
[23:01:40] [282/456] INNP
[23:01:40] [283/456] MIFU
[23:01:41] [284/456] MMSZ
[23:01:42] [285/456] BMXA
[23:01:43] [286/456] MCAA
[23:01:44] [287/456] SCVP
[23:01:44] 🔄 Identity reset
[23:01:44] 🔄 Identity rotated (every 10 requests)
[23:01:44] 🔄 Retry 1/5 for SCVP in 2.9s
[23:01:44] 🔄 Identity reset
[23:01:47] 🧠 New identity created
[23:01:47] 🔄 Retry 2/5 for SCVP in 4.4s
[23:01:47] 🔄 Identity reset
[23:01:52] 🧠 New identity created
[23:01:52] [288/456] PLUS
[23:01:53] [289/456] MUCK
[23:01:54] [290/456] MTMA
[23:01:55] [291/456] HPVR
[23:01:56] [292/456] PMPK
[23:01:57] [293/456] MAJB
[23:01:57] [294/456] CTRR
[23:01:58] [295/456] MCTG
[23:01:59] 🔄 Identity reset
[23:01:59] 🔄 Identity rotated (every 10 requests)
[23:01:59] [296/456] MACE
[23:02:00] [297/456] AAAS
[23:02:01] [298/456] CPVV
[23:02:02] [299/456] RCHG
[23:02:03] [300/456] MCNE
[23:02:04] [301/456] EMNC
[23:02:05] [302/456] MCAN
[23:02:06] [303/456] TCDM
[23:02:07] [304/456] IRGT
[23:02:08] [305/456] GCMG
[23:02:08] 🔄 Identity reset
[23:02:08] 🔄 Identity rotated (every 10 requests)
[23:02:08] 🔄 Retry 1/5 for GCMG in 2.1s
[23:02:08] 🔄 Identity reset
[23:02:10] 🧠 New identity created
[23:02:11] [306/456] MXSN
[23:02:12] [307/456] MXCK
[23:02:13] [308/456] MCRC
[23:02:14] [309/456] RSMI
[23:02:15] [310/456] WAML
[23:02:16] [311/456] MTSC
[23:02:17] [312/456] FMDR
[23:02:18] [313/456] LEPV
[23:02:18] [314/456] MTGD
[23:02:19] 🔄 Identity reset
[23:02:19] 🔄 Identity rotated (every 10 requests)
[23:02:19] 🔄 Retry 1/5 for MTGD in 2.9s
[23:02:19] 🔄 Identity reset
[23:02:22] 🧠 New identity created
[23:02:22] [315/456] IMOB
[23:02:23] [316/456] CLMM
[23:02:24] [317/456] PZCD
[23:02:25] [318/456] GOCS
[23:02:26] [319/456] KCMA
[23:02:27] [320/456] CCMP
[23:02:28] [321/456] MTSU
[23:02:29] [322/456] SNGL
[23:02:29] [323/456] MMMC
[23:02:30] 🔄 Identity reset
[23:02:30] 🔄 Identity rotated (every 10 requests)
[23:02:30] [324/456] MMAA
[23:02:31] [325/456] GCDM
[23:02:32] [326/456] KTMV
[23:02:33] [327/456] AETE
[23:02:34] [328/456] OMCS
[23:02:35] [329/456] GDCD
[23:02:36] [330/456] NYMD
[23:02:38] [331/456] RNCV
[23:02:38] [332/456] KKMT
[23:02:39] [333/456] GDTH
[23:02:40] 🔄 Identity reset
[23:02:40] 🔄 Identity rotated (every 10 requests)
[23:02:40] [334/456] KMMV
[23:02:41] [335/456] NHCG
[23:02:42] [336/456] PJDW
[23:02:43] [337/456] MMCV
[23:02:43] [338/456] FQSA
[23:02:44] [339/456] KURL
[23:02:45] [340/456] NNNX
[23:02:46] [341/456] AMAU
[23:02:47] [342/456] VVVM
[23:02:48] [343/456] VECU
[23:02:48] 🔄 Identity reset
[23:02:48] 🔄 Identity rotated (every 10 requests)
[23:02:48] [344/456] WCVR
[23:02:49] [345/456] MTGG
[23:02:50] [346/456] SGTG
[23:02:52] [347/456] MNTG
[23:02:52] [348/456] JDDG
[23:02:53] [349/456] MBTK
[23:02:54] [350/456] SGCD
[23:02:55] [351/456] MCTC
[23:02:56] [352/456] JTPC
[23:02:58] [353/456] SDKT
[23:02:58] 🔄 Identity reset
[23:02:58] 🔄 Identity rotated (every 10 requests)
[23:02:59] [354/456] KRCC
[23:02:59] [355/456] RMMD
[23:03:00] [356/456] AAME
[23:03:01] [357/456] TMWC
[23:03:02] [358/456] NRWY
[23:03:03] [359/456] CITD
[23:03:04] [360/456] VERD
[23:03:04] [361/456] MKSK
[23:03:05] [362/456] STSM
[23:03:06] [363/456] MJDG
[23:03:07] 🔄 Identity reset
[23:03:07] 🔄 Identity rotated (every 10 requests)
[23:03:07] 🔄 Retry 1/5 for MJDG in 2.2s
[23:03:07] 🔄 Identity reset
[23:03:09] 🧠 New identity created
[23:03:10] [364/456] RKPM
[23:03:11] [365/456] SSCE
[23:03:12] [366/456] VMAE
[23:03:13] [367/456] SBRU
[23:03:14] [368/456] AMBC
[23:03:15] [369/456] AMLU
[23:03:16] [370/456] INVZ
[23:03:17] [371/456] LGTV
[23:03:17] [372/456] SVAD
[23:03:18] 🔄 Identity reset
[23:03:18] 🔄 Identity rotated (every 10 requests)
[23:03:19] [373/456] SMSA
[23:03:20] [374/456] SPCZ
[23:03:21] [375/456] GTCX
[23:03:22] [376/456] SCSL
[23:03:23] [377/456] SAHU
[23:03:24] [378/456] NCDA
[23:03:25] [379/456] SCCG
[23:03:26] [380/456] VKTL
[23:03:27] [381/456] PUUJ
[23:03:28] [382/456] STEJ
[23:03:28] 🔄 Identity reset
[23:03:28] 🔄 Identity rotated (every 10 requests)
[23:03:28] 🔄 Retry 1/5 for STEJ in 2.2s
[23:03:28] 🔄 Identity reset
[23:03:30] 🧠 New identity created
[23:03:31] [383/456] RJAL
[23:03:32] [384/456] ACJC
[23:03:33] [385/456] ARVB
[23:03:34] [386/456] AUBB
[23:03:35] [387/456] GDBR
[23:03:36] [388/456] PVND
[23:03:37] [389/456] BGRJ
[23:03:37] [390/456] RJMM
[23:03:39] [391/456] MCSA
[23:03:40] 🔄 Identity reset
[23:03:40] 🔄 Identity rotated (every 10 requests)
[23:03:40] [392/456] BODA
[23:03:41] [393/456] JAGG
[23:03:41] [394/456] SCGA
[23:03:42] [395/456] LRCM
[23:03:43] [396/456] CPCN
[23:03:44] [397/456] SSTF
[23:03:45] [398/456] SRXP
[23:03:46] [399/456] CNFX
[23:03:47] [400/456] ANDI
[23:03:48] [401/456] SYEW
[23:03:48] 🔄 Identity reset
[23:03:48] 🔄 Identity rotated (every 10 requests)
[23:03:48] [402/456] RCRE
[23:03:49] [403/456] SCRW
[23:03:50] [404/456] MBKR
[23:03:51] [405/456] ASNT
[23:03:52] [406/456] JTMT
[23:03:53] [407/456] SHAY
[23:03:54] [408/456] VRTH
[23:03:55] [409/456] SPTI
[23:03:56] [410/456] DPTD
[23:03:56] [411/456] TGSN
[23:03:57] 🔄 Identity reset
[23:03:57] 🔄 Identity rotated (every 10 requests)
[23:03:57] 🔄 Retry 1/5 for TGSN in 2.5s
[23:03:57] 🔄 Identity reset
[23:04:00] 🧠 New identity created
[23:04:00] [412/456] RCWV
[23:04:01] [413/456] OCUR
[23:04:02] [414/456] KSTC
[23:04:03] [415/456] SANI
[23:04:04] [416/456] MLCA
[23:04:04] [417/456] EGCA
[23:04:06] [418/456] SYSN
[23:04:07] [419/456] PKTA
[23:04:08] [420/456] PRCC
[23:04:08] 🔄 Identity reset
[23:04:08] 🔄 Identity rotated (every 10 requests)
[23:04:08] 🔄 Retry 1/5 for PRCC in 2.9s
[23:04:08] 🔄 Identity reset
[23:04:11] 🧠 New identity created
[23:04:12] [421/456] KSTR
[23:04:12] [422/456] SNTP
[23:04:13] [423/456] RCHA
[23:04:14] [424/456] SEEA
[23:04:15] [425/456] ALAT
[23:04:16] [426/456] AATV
[23:04:17] [427/456] RJTE
[23:04:19] [428/456] AAPP
[23:04:20] [429/456] PMMH
[23:04:20] 🔄 Identity reset
[23:04:20] 🔄 Identity rotated (every 10 requests)
[23:04:21] [430/456] INRJ
[23:04:21] [431/456] SARB
[23:04:22] [432/456] PCJL
[23:04:23] [433/456] PFJJ
[23:04:24] [434/456] GRDC
[23:04:25] [435/456] BCBA
[23:04:26] [436/456] VIXL
[23:04:26] [437/456] CSTL
[23:04:27] [438/456] MTDK
[23:04:28] [439/456] TDAC
[23:04:29] 🔄 Identity reset
[23:04:29] 🔄 Identity rotated (every 10 requests)
[23:04:29] [440/456] GTDN
[23:04:30] [441/456] TTDE
[23:04:31] [442/456] ASTS
[23:04:32] [443/456] CPNS
[23:04:33] [444/456] PVVW
[23:04:34] [445/456] USEB
[23:04:35] [446/456] DTYN
[23:04:36] [447/456] PVLE
[23:04:37] [448/456] CIPS
[23:04:38] [449/456] PAEG
[23:04:39] 🔄 Identity reset
[23:04:39] 🔄 Identity rotated (every 10 requests)
[23:04:39] [450/456] PTCW
[23:04:41] [451/456] G3SR
[23:04:42] [452/456] PGND
[23:04:43] [453/456] INVM
[23:04:43] [454/456] SPIA
[23:04:45] [455/456] PCSN
[23:04:46] [456/456] PPGV
[23:04:46] 🧹 Deduping shows
[23:04:47] ✅ DONE | Shows=1871 | Movies=56
[07:46:23] 🚀 SCRIPT STARTED (enhanced anti‑detection)
[07:46:23] [1/456] FNDB
[07:46:23] 🧠 New identity created
[07:46:24] [2/456] AMBH
[07:46:24] [3/456] PRHN
[07:46:26] [4/456] ACPM
[07:46:27] [5/456] PVFS
[07:46:28] [6/456] AACN
[07:46:29] [7/456] ACAS
[07:46:29] [8/456] CTNR
[07:46:30] [9/456] MMAH
[07:46:31] [10/456] CPMH
[07:46:32] 🔄 Identity reset
[07:46:32] 🔄 Identity rotated (every 10 requests)
[07:46:33] [11/456] IGMH
[07:46:34] [12/456] ABCS
[07:46:35] [13/456] CMMA
[07:46:36] [14/456] GPRH
[07:46:38] [15/456] PNNG
[07:46:39] [16/456] AMCA
[07:46:40] [17/456] ISTN
[07:46:41] [18/456] PIIC
[07:46:42] [19/456] AHMH
[07:46:43] [20/456] ASHN
[07:46:43] 🔄 Identity reset
[07:46:43] 🔄 Identity rotated (every 10 requests)
[07:46:44] [21/456] INHY
[07:46:45] [22/456] SRMO
[07:46:45] [23/456] PIMH
[07:46:47] [24/456] PVTS
[07:46:47] [25/456] MMCA
[07:46:48] [26/456] AKYJ
[07:46:49] [27/456] BRKH
[07:46:50] [28/456] MAHM
[07:46:52] [29/456] CPHY
[07:46:53] [30/456] PVTP
[07:46:54] 🔄 Identity reset
[07:46:54] 🔄 Identity rotated (every 10 requests)
[07:46:54] [31/456] SMMR
[07:46:55] [32/456] PVHM
[07:46:56] [33/456] SNDY
[07:46:57] [34/456] GOKU
[07:46:58] [35/456] ACEV
[07:46:59] [36/456] PVUM
[07:47:00] [37/456] VSWA
[07:47:00] [38/456] IPRS
[07:47:02] [39/456] BKMV
[07:47:03] [40/456] PVYH
[07:47:03] 🔄 Identity reset
[07:47:04] 🔄 Identity rotated (every 10 requests)
[07:47:04] [41/456] INKM
[07:47:05] [42/456] ARJU
[07:47:06] [43/456] JJPP
[07:47:07] [44/456] SSRM
[07:47:08] [45/456] HMHD
[07:47:08] [46/456] SNKH
[07:47:09] [47/456] ACHI
[07:47:10] [48/456] MRAA
[07:47:11] [49/456] INMH
[07:47:12] [50/456] ARMH
[07:47:13] 🔄 Identity reset
[07:47:13] 🔄 Identity rotated (every 10 requests)
[07:47:13] [51/456] DVRR
[07:47:14] [52/456] SUDA
[07:47:15] [53/456] MCSS
[07:47:16] [54/456] VRKC
[07:47:17] [55/456] PRCX
[07:47:18] [56/456] ASJY
[07:47:20] [57/456] MTHY
[07:47:20] [58/456] SRCM
[07:47:21] [59/456] TVHY
[07:47:22] [60/456] STHD
[07:47:23] 🔄 Identity reset
[07:47:23] 🔄 Identity rotated (every 10 requests)
[07:47:23] 🔄 Retry 1/5 for STHD in 2.1s
[07:47:23] 🔄 Identity reset
[07:47:25] 🧠 New identity created
[07:47:25] 🔄 Retry 2/5 for STHD in 4.1s
[07:47:25] 🔄 Identity reset
[07:47:29] 🧠 New identity created
[07:47:30] [61/456] CPCL
[07:47:31] [62/456] PSMJ
[07:47:32] [63/456] MRGT
[07:47:33] [64/456] ARYH
[07:47:34] [65/456] VTRB
[07:47:35] [66/456] SCHC
[07:47:36] [67/456] MRRG
[07:47:36] [68/456] SPCB
[07:47:37] 🔄 Identity reset
[07:47:37] 🔄 Identity rotated (every 10 requests)
[07:47:37] [69/456] AMCM
[07:47:38] [70/456] IVNM
[07:47:39] [71/456] TRHY
[07:47:40] [72/456] PTTH
[07:47:41] [73/456] RKMH
[07:47:42] [74/456] PRCS
[07:47:43] [75/456] VAJA
[07:47:44] [76/456] BJNG
[07:47:45] [77/456] SCVM
[07:47:45] [78/456] GNHB
[07:47:46] 🔄 Identity reset
[07:47:46] 🔄 Identity rotated (every 10 requests)
[07:47:47] [79/456] TLUR
[07:47:48] [80/456] UKCC
[07:47:49] [81/456] SRKR
[07:47:51] [82/456] RMKN
[07:47:52] [83/456] SLRT
[07:47:52] [84/456] LKMT
[07:47:53] [85/456] SSRJ
[07:47:55] [86/456] SPHT
[07:47:56] [87/456] ANTT
[07:47:57] [88/456] SRCH
[07:47:58] 🔄 Identity reset
[07:47:58] 🔄 Identity rotated (every 10 requests)
[07:47:58] 🔄 Retry 1/5 for SRCH in 2.4s
[07:47:58] 🔄 Identity reset
[07:48:00] 🧠 New identity created
[07:48:01] [89/456] SRCA
[07:48:01] [90/456] ARTH
[07:48:02] [91/456] MCBH
[07:48:03] [92/456] SNIB
[07:48:04] [93/456] SART
[07:48:05] [94/456] SKTA
[07:48:06] [95/456] YAKT
[07:48:07] [96/456] MLCK
[07:48:08] [97/456] ANTS
[07:48:09] 🔄 Identity reset
[07:48:09] 🔄 Identity rotated (every 10 requests)
[07:48:09] [98/456] DGCA
[07:48:10] [99/456] SGMP
[07:48:11] [100/456] ASWN
[07:48:12] [101/456] KFVU
[07:48:13] [102/456] POOR
[07:48:14] [103/456] GKDN
[07:48:15] [104/456] EOSE
[07:48:16] [105/456] GTTT
[07:48:17] [106/456] ARRO
[07:48:18] [107/456] CMMK
[07:48:18] 🔄 Identity reset
[07:48:18] 🔄 Identity rotated (every 10 requests)
[07:48:19] [108/456] MSCN
[07:48:20] [109/456] GDKH
[07:48:20] [110/456] DLMT
[07:48:21] [111/456] PVMF
[07:48:23] [112/456] CPCK
[07:48:24] [113/456] VMHE
[07:48:25] [114/456] PVLC
[07:48:26] [115/456] PCVB
[07:48:27] [116/456] SNYK
[07:48:28] [117/456] KTEK
[07:48:29] 🔄 Identity reset
[07:48:29] 🔄 Identity rotated (every 10 requests)
[07:48:29] [118/456] PCNM
[07:48:30] [119/456] NTTR
[07:48:31] [120/456] CPSK
[07:48:31] [121/456] JMMA
[07:48:32] [122/456] GCFK
[07:48:33] [123/456] MYCA
[07:48:34] [124/456] KSNP
[07:48:35] [125/456] PMCE
[07:48:36] [126/456] SCKI
[07:48:37] [127/456] FSMA
[07:48:37] 🔄 Identity reset
[07:48:37] 🔄 Identity rotated (every 10 requests)
[07:48:38] [128/456] CETA
[07:48:38] [129/456] MCIK
[07:48:39] [130/456] MYCR
[07:48:40] [131/456] EVMP
[07:48:41] [132/456] SSGT
[07:48:42] [133/456] KCTK
[07:48:43] [134/456] ZTKC
[07:48:44] [135/456] MMTA
[07:48:45] [136/456] MAJT
[07:48:46] [137/456] ACPK
[07:48:46] 🔄 Identity reset
[07:48:46] 🔄 Identity rotated (every 10 requests)
[07:48:47] [138/456] JMAX
[07:48:47] [139/456] SETK
[07:48:48] [140/456] CAIS
[07:48:49] [141/456] AGCD
[07:48:50] [142/456] URCL
[07:48:51] [143/456] VTDS
[07:48:52] [144/456] JCNM
[07:48:53] [145/456] KCAM
[07:48:54] [146/456] ADCU
[07:48:55] [147/456] GXYN
[07:48:55] 🔄 Identity reset
[07:48:56] 🔄 Identity rotated (every 10 requests)
[07:48:56] [148/456] SMJG
[07:48:57] [149/456] EYCJ
[07:48:58] [150/456] CCEJ
[07:48:59] [151/456] MARS
[07:49:00] [152/456] CPVJ
[07:49:01] [153/456] INVP
[07:49:02] [154/456] CPOV
[07:49:03] [155/456] VIJK
[07:49:04] [156/456] LAIM
[07:49:05] [157/456] STHV
[07:49:05] 🔄 Identity reset
[07:49:05] 🔄 Identity rotated (every 10 requests)
[07:49:06] [158/456] SVLJ
[07:49:06] [159/456] ATVJ
[07:49:07] [160/456] JTSC
[07:49:08] [161/456] RMTV
[07:49:09] [162/456] MGGG
[07:49:10] [163/456] SWTH
[07:49:11] [164/456] INVJ
[07:49:12] [165/456] PRSV
[07:49:13] [166/456] JATV
[07:49:14] [167/456] RCVD
[07:49:14] 🔄 Identity reset
[07:49:14] 🔄 Identity rotated (every 10 requests)
[07:49:15] [168/456] BDMA
[07:49:15] [169/456] BLJI
[07:49:16] [170/456] SWOT
[07:49:17] [171/456] SWRN
[07:49:18] [172/456] TVRA
[07:49:19] [173/456] NVRN
[07:49:20] [174/456] SIKC
[07:49:21] [175/456] VAKR
[07:49:22] [176/456] SYLN
[07:49:23] [177/456] KLJL
[07:49:23] 🔄 Identity reset
[07:49:23] 🔄 Identity rotated (every 10 requests)
[07:49:23] [178/456] LKMY
[07:49:24] [179/456] VSLY
[07:49:25] [180/456] CIKO
[07:49:26] [181/456] GPBG
[07:49:27] [182/456] CECM
[07:49:28] [183/456] SLKB
[07:49:29] [184/456] MTBO
[07:49:29] [185/456] SSHB
[07:49:30] [186/456] VPCS
[07:49:31] [187/456] RCSR
[07:49:32] 🔄 Identity reset
[07:49:32] 🔄 Identity rotated (every 10 requests)
[07:49:32] [188/456] RJRM
[07:49:33] [189/456] KPPB
[07:49:34] [190/456] SEDC
[07:49:35] [191/456] SCAI
[07:49:36] [192/456] RMTR
[07:49:37] [193/456] ASST
[07:49:38] [194/456] GCAK
[07:49:39] [195/456] ANNK
[07:49:40] [196/456] KDDF
[07:49:41] [197/456] NRDP
[07:49:42] 🔄 Identity reset
[07:49:42] 🔄 Identity rotated (every 10 requests)
[07:49:42] [198/456] PLAK
[07:49:43] [199/456] GCMC
[07:49:43] [200/456] ALPY
[07:49:44] [201/456] SICE
[07:49:45] [202/456] SISR
[07:49:46] [203/456] SRPZ
[07:49:47] [204/456] SRSW
[07:49:48] [205/456] SUYA
[07:49:49] [206/456] AMMT
[07:49:50] [207/456] BHCU
[07:49:50] 🔄 Identity reset
[07:49:51] 🔄 Identity rotated (every 10 requests)
[07:49:51] [208/456] KLPA
[07:49:52] [209/456] NVKH
[07:49:53] [210/456] JMRC
[07:49:54] [211/456] KTTT
[07:49:55] [212/456] MAGH
[07:49:55] [213/456] MMMX
[07:49:56] [214/456] SALJ
[07:49:57] [215/456] GTJA
[07:49:59] [216/456] MAHT
[07:50:00] [217/456] SSNN
[07:50:00] 🔄 Identity reset
[07:50:00] 🔄 Identity rotated (every 10 requests)
[07:50:01] [218/456] ARRP
[07:50:02] [219/456] ATNS
[07:50:02] [220/456] SKDT
[07:50:03] [221/456] ACAT
[07:50:04] [222/456] APRC
[07:50:05] [223/456] SWAG
[07:50:06] [224/456] SDPT
[07:50:07] [225/456] STPS
[07:50:08] [226/456] WWCZ
[07:50:09] [227/456] LLCH
[07:50:10] 🔄 Identity reset
[07:50:10] 🔄 Identity rotated (every 10 requests)
[07:50:10] [228/456] MZHA
[07:50:11] [229/456] CRJG
[07:50:12] [230/456] JGTK
[07:50:13] [231/456] KCSR
[07:50:14] [232/456] CHTL
[07:50:14] [233/456] EDSR
[07:50:15] [234/456] CSWO
[07:50:16] [235/456] CPVM
[07:50:17] [236/456] MXBY
[07:50:18] [237/456] FMMA
[07:50:19] 🔄 Identity reset
[07:50:19] 🔄 Identity rotated (every 10 requests)
[07:50:19] [238/456] POVI
[07:50:20] [239/456] MTHB
[07:50:22] [240/456] INRC
[07:50:22] [241/456] PIPP
[07:50:23] [242/456] BMXC
[07:50:25] [243/456] PCMM
[07:50:26] [244/456] PMKM
[07:50:27] [245/456] GATY
[07:50:27] [246/456] IMCM
[07:50:28] [247/456] POPE
[07:50:29] 🔄 Identity reset
[07:50:29] 🔄 Identity rotated (every 10 requests)
[07:50:29] [248/456] MTCR
[07:50:30] [249/456] PVAE
[07:50:31] [250/456] PVMI
[07:50:33] [251/456] CPNM
[07:50:34] [252/456] FMRL
[07:50:35] [253/456] MCIW
[07:50:36] [254/456] MXBO
[07:50:37] [255/456] FMKY
[07:50:37] [256/456] FMDA
[07:50:38] [257/456] THAB
[07:50:39] 🔄 Identity reset
[07:50:39] 🔄 Identity rotated (every 10 requests)
[07:50:39] [258/456] PRCW
[07:50:40] [259/456] PITI
[07:50:41] [260/456] MCFF
[07:50:42] [261/456] PDDV
[07:50:43] [262/456] MCRM
[07:50:43] [263/456] KKMB
[07:50:44] [264/456] INKO
[07:50:45] [265/456] PLXP
[07:50:46] [266/456] MMHA
[07:50:47] [267/456] FMVS
[07:50:48] 🔄 Identity reset
[07:50:48] 🔄 Identity rotated (every 10 requests)
[07:50:48] [268/456] POLM
[07:50:49] [269/456] STER
[07:50:50] [270/456] PVWJ
[07:50:51] [271/456] IMJW
[07:50:52] [272/456] FNAN
[07:50:53] [273/456] CAGL
[07:50:54] [274/456] IPBG
[07:50:55] [275/456] SMFV
[07:50:56] [276/456] MMMR
[07:50:57] [277/456] MMWM
[07:50:57] 🔄 Identity reset
[07:50:57] 🔄 Identity rotated (every 10 requests)
[07:50:58] [278/456] FNCM
[07:50:59] [279/456] MDVA
[07:51:01] [280/456] MMET
[07:51:02] [281/456] MIDO
[07:51:03] [282/456] INNP
[07:51:04] [283/456] MIFU
[07:51:05] [284/456] MMSZ
[07:51:05] [285/456] BMXA
[07:51:06] [286/456] MCAA
[07:51:07] [287/456] SCVP
[07:51:08] 🔄 Identity reset
[07:51:08] 🔄 Identity rotated (every 10 requests)
[07:51:08] [288/456] PLUS
[07:51:09] [289/456] MUCK
[07:51:10] [290/456] MTMA
[07:51:11] [291/456] HPVR
[07:51:11] [292/456] PMPK
[07:51:12] [293/456] MAJB
[07:51:14] [294/456] CTRR
[07:51:15] [295/456] MCTG
[07:51:16] [296/456] MACE
[07:51:17] [297/456] AAAS
[07:51:17] 🔄 Identity reset
[07:51:17] 🔄 Identity rotated (every 10 requests)
[07:51:17] [298/456] CPVV
[07:51:18] [299/456] RCHG
[07:51:19] [300/456] MCNE
[07:51:20] [301/456] EMNC
[07:51:22] [302/456] MCAN
[07:51:23] [303/456] TCDM
[07:51:24] [304/456] IRGT
[07:51:24] [305/456] GCMG
[07:51:25] [306/456] MXSN
[07:51:26] [307/456] MXCK
[07:51:26] 🔄 Identity reset
[07:51:26] 🔄 Identity rotated (every 10 requests)
[07:51:27] [308/456] MCRC
[07:51:28] [309/456] RSMI
[07:51:29] [310/456] WAML
[07:51:30] [311/456] MTSC
[07:51:30] [312/456] FMDR
[07:51:32] [313/456] LEPV
[07:51:32] [314/456] MTGD
[07:51:34] [315/456] IMOB
[07:51:35] [316/456] CLMM
[07:51:36] [317/456] PZCD
[07:51:37] 🔄 Identity reset
[07:51:37] 🔄 Identity rotated (every 10 requests)
[07:51:37] [318/456] GOCS
[07:51:38] [319/456] KCMA
[07:51:39] [320/456] CCMP
[07:51:40] [321/456] MTSU
[07:51:40] [322/456] SNGL
[07:51:42] [323/456] MMMC
[07:51:43] [324/456] MMAA
[07:51:44] [325/456] GCDM
[07:51:45] [326/456] KTMV
[07:51:46] [327/456] AETE
[07:51:47] 🔄 Identity reset
[07:51:47] 🔄 Identity rotated (every 10 requests)
[07:51:48] [328/456] OMCS
[07:51:49] [329/456] GDCD
[07:51:49] [330/456] NYMD
[07:51:50] [331/456] RNCV
[07:51:51] [332/456] KKMT
[07:51:52] [333/456] GDTH
[07:51:53] [334/456] KMMV
[07:51:54] [335/456] NHCG
[07:51:54] [336/456] PJDW
[07:51:55] [337/456] MMCV
[07:51:56] 🔄 Identity reset
[07:51:56] 🔄 Identity rotated (every 10 requests)
[07:51:56] [338/456] FQSA
[07:51:57] [339/456] KURL
[07:51:58] [340/456] NNNX
[07:52:00] [341/456] AMAU
[07:52:01] [342/456] VVVM
[07:52:02] [343/456] VECU
[07:52:03] [344/456] WCVR
[07:52:04] [345/456] MTGG
[07:52:04] [346/456] SGTG
[07:52:05] [347/456] MNTG
[07:52:06] 🔄 Identity reset
[07:52:06] 🔄 Identity rotated (every 10 requests)
[07:52:06] [348/456] JDDG
[07:52:08] [349/456] MBTK
[07:52:09] [350/456] SGCD
[07:52:10] [351/456] MCTC
[07:52:11] [352/456] JTPC
[07:52:12] [353/456] SDKT
[07:52:13] [354/456] KRCC
[07:52:14] [355/456] RMMD
[07:52:15] [356/456] AAME
[07:52:16] [357/456] TMWC
[07:52:17] 🔄 Identity reset
[07:52:17] 🔄 Identity rotated (every 10 requests)
[07:52:18] [358/456] NRWY
[07:52:19] [359/456] CITD
[07:52:19] [360/456] VERD
[07:52:20] [361/456] MKSK
[07:52:21] [362/456] STSM
[07:52:22] [363/456] MJDG
[07:52:24] [364/456] RKPM
[07:52:24] [365/456] SSCE
[07:52:26] [366/456] VMAE
[07:52:27] [367/456] SBRU
[07:52:27] 🔄 Identity reset
[07:52:27] 🔄 Identity rotated (every 10 requests)
[07:52:27] 🔄 Retry 1/5 for SBRU in 2.2s
[07:52:27] 🔄 Identity reset
[07:52:30] 🧠 New identity created
[07:52:30] [368/456] AMBC
[07:52:31] [369/456] AMLU
[07:52:32] [370/456] INVZ
[07:52:33] [371/456] LGTV
[07:52:34] [372/456] SVAD
[07:52:35] [373/456] SMSA
[07:52:36] [374/456] SPCZ
[07:52:37] [375/456] GTCX
[07:52:38] [376/456] SCSL
[07:52:38] 🔄 Identity reset
[07:52:38] 🔄 Identity rotated (every 10 requests)
[07:52:39] [377/456] SAHU
[07:52:40] [378/456] NCDA
[07:52:41] [379/456] SCCG
[07:52:42] [380/456] VKTL
[07:52:42] [381/456] PUUJ
[07:52:43] [382/456] STEJ
[07:52:44] [383/456] RJAL
[07:52:45] [384/456] ACJC
[07:52:46] [385/456] ARVB
[07:52:47] [386/456] AUBB
[07:52:48] 🔄 Identity reset
[07:52:48] 🔄 Identity rotated (every 10 requests)
[07:52:49] [387/456] GDBR
[07:52:50] [388/456] PVND
[07:52:51] [389/456] BGRJ
[07:52:52] [390/456] RJMM
[07:52:53] [391/456] MCSA
[07:52:54] [392/456] BODA
[07:52:55] [393/456] JAGG
[07:52:55] [394/456] SCGA
[07:52:57] [395/456] LRCM
[07:52:58] [396/456] CPCN
[07:52:59] 🔄 Identity reset
[07:52:59] 🔄 Identity rotated (every 10 requests)
[07:52:59] [397/456] SSTF
[07:53:00] [398/456] SRXP
[07:53:01] [399/456] CNFX
[07:53:02] [400/456] ANDI
[07:53:03] [401/456] SYEW
[07:53:03] [402/456] RCRE
[07:53:04] [403/456] SCRW
[07:53:05] [404/456] MBKR
[07:53:06] [405/456] ASNT
[07:53:07] [406/456] JTMT
[07:53:08] 🔄 Identity reset
[07:53:08] 🔄 Identity rotated (every 10 requests)
[07:53:08] [407/456] SHAY
[07:53:09] [408/456] VRTH
[07:53:10] [409/456] SPTI
[07:53:11] [410/456] DPTD
[07:53:12] [411/456] TGSN
[07:53:13] [412/456] RCWV
[07:53:14] [413/456] OCUR
[07:53:15] [414/456] KSTC
[07:53:16] [415/456] SANI
[07:53:17] [416/456] MLCA
[07:53:17] 🔄 Identity reset
[07:53:17] 🔄 Identity rotated (every 10 requests)
[07:53:18] [417/456] EGCA
[07:53:19] [418/456] SYSN
[07:53:20] [419/456] PKTA
[07:53:21] [420/456] PRCC
[07:53:22] [421/456] KSTR
[07:53:23] [422/456] SNTP
[07:53:23] [423/456] RCHA
[07:53:24] [424/456] SEEA
[07:53:25] [425/456] ALAT
[07:53:26] [426/456] AATV
[07:53:27] 🔄 Identity reset
[07:53:27] 🔄 Identity rotated (every 10 requests)
[07:53:27] [427/456] RJTE
[07:53:28] [428/456] AAPP
[07:53:29] [429/456] PMMH
[07:53:30] [430/456] INRJ
[07:53:31] [431/456] SARB
[07:53:31] [432/456] PCJL
[07:53:32] [433/456] PFJJ
[07:53:33] [434/456] GRDC
[07:53:34] [435/456] BCBA
[07:53:35] [436/456] VIXL
[07:53:35] 🔄 Identity reset
[07:53:35] 🔄 Identity rotated (every 10 requests)
[07:53:37] [437/456] CSTL
[07:53:38] [438/456] MTDK
[07:53:39] [439/456] TDAC
[07:53:40] [440/456] GTDN
[07:53:41] [441/456] TTDE
[07:53:42] [442/456] ASTS
[07:53:43] [443/456] CPNS
[07:53:44] [444/456] PVVW
[07:53:45] [445/456] USEB
[07:53:46] [446/456] DTYN
[07:53:46] 🔄 Identity reset
[07:53:46] 🔄 Identity rotated (every 10 requests)
[07:53:47] [447/456] PVLE
[07:53:48] [448/456] CIPS
[07:53:48] [449/456] PAEG
[07:53:49] [450/456] PTCW
[07:53:50] [451/456] G3SR
[07:53:51] [452/456] PGND
[07:53:52] [453/456] INVM
[07:53:53] [454/456] SPIA
[07:53:53] [455/456] PCSN
[07:53:54] [456/456] PPGV
[07:53:55] 🔄 Identity reset
[07:53:55] 🔄 Identity rotated (every 10 requests)
[07:53:56] 🧹 Deduping shows
[07:53:56] ✅ DONE | Shows=1875 | Movies=56
[08:32:58] 🚀 SCRIPT STARTED (enhanced anti‑detection)
[08:32:58] [1/456] FNDB
[08:32:59] 🧠 New identity created
[08:32:59] [2/456] AMBH
[08:33:00] [3/456] PRHN
[08:33:02] [4/456] ACPM
[08:33:03] [5/456] PVFS
[08:33:04] [6/456] AACN
[08:33:05] [7/456] ACAS
[08:33:06] [8/456] CTNR
[08:33:07] [9/456] MMAH
[08:33:08] [10/456] CPMH
[08:33:08] 🔄 Identity reset
[08:33:08] 🔄 Identity rotated (every 10 requests)
[08:33:09] [11/456] IGMH
[08:33:10] [12/456] ABCS
[08:33:11] [13/456] CMMA
[08:33:12] [14/456] GPRH
[08:33:13] [15/456] PNNG
[08:33:14] [16/456] AMCA
[08:33:15] [17/456] ISTN
[08:33:16] [18/456] PIIC
[08:33:17] [19/456] AHMH
[08:33:18] [20/456] ASHN
[08:33:18] 🔄 Identity reset
[08:33:18] 🔄 Identity rotated (every 10 requests)
[08:33:18] 🔄 Retry 1/5 for ASHN in 2.8s
[08:33:18] 🔄 Identity reset
[08:33:21] 🧠 New identity created
[08:33:21] 🔄 Retry 2/5 for ASHN in 4.7s
[08:33:21] 🔄 Identity reset
[08:33:26] 🧠 New identity created
[08:33:26] [21/456] INHY
[08:33:27] [22/456] SRMO
[08:33:28] [23/456] PIMH
[08:33:29] [24/456] PVTS
[08:33:30] [25/456] MMCA
[08:33:31] [26/456] AKYJ
[08:33:32] [27/456] BRKH
[08:33:33] [28/456] MAHM
[08:33:34] 🔄 Identity reset
[08:33:34] 🔄 Identity rotated (every 10 requests)
[08:33:34] [29/456] CPHY
[08:33:35] [30/456] PVTP
[08:33:36] [31/456] SMMR
[08:33:37] [32/456] PVHM
[08:33:37] [33/456] SNDY
[08:33:38] [34/456] GOKU
[08:33:40] [35/456] ACEV
[08:33:41] [36/456] PVUM
[08:33:42] [37/456] VSWA
[08:33:44] [38/456] IPRS
[08:33:44] 🔄 Identity reset
[08:33:44] 🔄 Identity rotated (every 10 requests)
[08:33:45] [39/456] BKMV
[08:33:45] [40/456] PVYH
[08:33:47] [41/456] INKM
[08:33:48] [42/456] ARJU
[08:33:49] [43/456] JJPP
[08:33:50] [44/456] SSRM
[08:33:51] [45/456] HMHD
[08:33:52] [46/456] SNKH
[08:33:53] [47/456] ACHI
[08:33:54] [48/456] MRAA
[08:33:54] 🔄 Identity reset
[08:33:54] 🔄 Identity rotated (every 10 requests)
[08:33:55] [49/456] INMH
[08:33:56] [50/456] ARMH
[08:33:57] [51/456] DVRR
[08:33:58] [52/456] SUDA
[08:33:59] [53/456] MCSS
[08:34:00] [54/456] VRKC
[08:34:00] [55/456] PRCX
[08:34:01] [56/456] ASJY
[08:34:02] [57/456] MTHY
[08:34:03] [58/456] SRCM
[08:34:04] 🔄 Identity reset
[08:34:04] 🔄 Identity rotated (every 10 requests)
[08:34:04] [59/456] TVHY
[08:34:05] [60/456] STHD
[08:34:06] [61/456] CPCL
[08:34:07] [62/456] PSMJ
[08:34:08] [63/456] MRGT
[08:34:09] [64/456] ARYH
[08:34:09] [65/456] VTRB
[08:34:10] [66/456] SCHC
[08:34:11] [67/456] MRRG
[08:34:12] [68/456] SPCB
[08:34:13] 🔄 Identity reset
[08:34:13] 🔄 Identity rotated (every 10 requests)
[08:34:13] [69/456] AMCM
[08:34:14] [70/456] IVNM
[08:34:15] [71/456] TRHY
[08:34:16] [72/456] PTTH
[08:34:17] [73/456] RKMH
[08:34:18] [74/456] PRCS
[08:34:19] [75/456] VAJA
[08:34:20] [76/456] BJNG
[08:34:21] [77/456] SCVM
[08:34:22] [78/456] GNHB
[08:34:23] 🔄 Identity reset
[08:34:23] 🔄 Identity rotated (every 10 requests)
[08:34:23] [79/456] TLUR
[08:34:24] [80/456] UKCC
[08:34:25] [81/456] SRKR
[08:34:26] [82/456] RMKN
[08:34:27] [83/456] SLRT
[08:34:27] [84/456] LKMT
[08:34:28] [85/456] SSRJ
[08:34:29] [86/456] SPHT
[08:34:30] [87/456] ANTT
[08:34:32] [88/456] SRCH
[08:34:32] 🔄 Identity reset
[08:34:32] 🔄 Identity rotated (every 10 requests)
[08:34:33] [89/456] SRCA
[08:34:34] [90/456] ARTH
[08:34:36] [91/456] MCBH
[08:34:37] [92/456] SNIB
[08:34:38] [93/456] SART
[08:34:39] [94/456] SKTA
[08:34:39] [95/456] YAKT
[08:34:40] [96/456] MLCK
[08:34:41] [97/456] ANTS
[08:34:43] [98/456] DGCA
[08:34:43] 🔄 Identity reset
[08:34:43] 🔄 Identity rotated (every 10 requests)
[08:34:45] [99/456] SGMP
[08:34:46] [100/456] ASWN
[08:34:47] [101/456] KFVU
[08:34:48] [102/456] POOR
[08:34:49] [103/456] GKDN
[08:34:50] [104/456] EOSE
[08:34:51] [105/456] GTTT
[08:34:52] [106/456] ARRO
[08:34:53] [107/456] CMMK
[08:34:55] [108/456] MSCN
[08:34:55] 🔄 Identity reset
[08:34:55] 🔄 Identity rotated (every 10 requests)
[08:34:56] [109/456] GDKH
[08:34:57] [110/456] DLMT
[08:34:58] [111/456] PVMF
[08:34:59] [112/456] CPCK
[08:35:00] [113/456] VMHE
[08:35:00] [114/456] PVLC
[08:35:01] [115/456] PCVB
[08:35:02] [116/456] SNYK
[08:35:03] [117/456] KTEK
[08:35:04] [118/456] PCNM
[08:35:05] 🔄 Identity reset
[08:35:05] 🔄 Identity rotated (every 10 requests)
[08:35:05] [119/456] NTTR
[08:35:06] [120/456] CPSK
[08:35:07] [121/456] JMMA
[08:35:08] [122/456] GCFK
[08:35:09] [123/456] MYCA
[08:35:09] [124/456] KSNP
[08:35:10] [125/456] PMCE
[08:35:12] [126/456] SCKI
[08:35:13] [127/456] FSMA
[08:35:14] [128/456] CETA
[08:35:14] 🔄 Identity reset
[08:35:14] 🔄 Identity rotated (every 10 requests)
[08:35:15] [129/456] MCIK
[08:35:16] [130/456] MYCR
[08:35:17] [131/456] EVMP
[08:35:18] [132/456] SSGT
[08:35:19] [133/456] KCTK
[08:35:20] [134/456] ZTKC
[08:35:21] [135/456] MMTA
[08:35:22] [136/456] MAJT
[08:35:24] [137/456] ACPK
[08:35:25] [138/456] JMAX
[08:35:26] 🔄 Identity reset
[08:35:26] 🔄 Identity rotated (every 10 requests)
[08:35:26] [139/456] SETK
[08:35:27] [140/456] CAIS
[08:35:28] [141/456] AGCD
[08:35:29] [142/456] URCL
[08:35:30] [143/456] VTDS
[08:35:31] [144/456] JCNM
[08:35:32] [145/456] KCAM
[08:35:33] [146/456] ADCU
[08:35:33] [147/456] GXYN
[08:35:34] [148/456] SMJG
[08:35:35] 🔄 Identity reset
[08:35:35] 🔄 Identity rotated (every 10 requests)
[08:35:35] 🔄 Retry 1/5 for SMJG in 2.1s
[08:35:35] 🔄 Identity reset
[08:35:37] 🧠 New identity created
[08:35:38] [149/456] EYCJ
[08:35:39] [150/456] CCEJ
[08:35:40] [151/456] MARS
[08:35:40] [152/456] CPVJ
[08:35:41] [153/456] INVP
[08:35:42] [154/456] CPOV
[08:35:43] [155/456] VIJK
[08:35:44] [156/456] LAIM
[08:35:46] [157/456] STHV
[08:35:46] 🔄 Identity reset
[08:35:46] 🔄 Identity rotated (every 10 requests)
[08:35:47] [158/456] SVLJ
[08:35:48] [159/456] ATVJ
[08:35:49] [160/456] JTSC
[08:35:50] [161/456] RMTV
[08:35:50] [162/456] MGGG
[08:35:51] [163/456] SWTH
[08:35:53] [164/456] INVJ
[08:35:54] [165/456] PRSV
[08:35:54] [166/456] JATV
[08:35:55] [167/456] RCVD
[08:35:56] 🔄 Identity reset
[08:35:56] 🔄 Identity rotated (every 10 requests)
[08:35:57] [168/456] BDMA
[08:35:59] [169/456] BLJI
[08:36:00] [170/456] SWOT
[08:36:00] [171/456] SWRN
[08:36:01] [172/456] TVRA
[08:36:02] [173/456] NVRN
[08:36:03] [174/456] SIKC
[08:36:04] [175/456] VAKR
[08:36:05] [176/456] SYLN
[08:36:06] [177/456] KLJL
[08:36:07] 🔄 Identity reset
[08:36:07] 🔄 Identity rotated (every 10 requests)
[08:36:07] [178/456] LKMY
[08:36:08] [179/456] VSLY
[08:36:09] [180/456] CIKO
[08:36:10] [181/456] GPBG
[08:36:11] [182/456] CECM
[08:36:12] [183/456] SLKB
[08:36:13] [184/456] MTBO
[08:36:14] [185/456] SSHB
[08:36:14] [186/456] VPCS
[08:36:16] [187/456] RCSR
[08:36:16] 🔄 Identity reset
[08:36:16] 🔄 Identity rotated (every 10 requests)
[08:36:17] [188/456] RJRM
[08:36:18] [189/456] KPPB
[08:36:18] [190/456] SEDC
[08:36:19] [191/456] SCAI
[08:36:21] [192/456] RMTR
[08:36:22] [193/456] ASST
[08:36:23] [194/456] GCAK
[08:36:25] [195/456] ANNK
[08:36:26] [196/456] KDDF
[08:36:27] [197/456] NRDP
[08:36:27] 🔄 Identity reset
[08:36:27] 🔄 Identity rotated (every 10 requests)
[08:36:28] [198/456] PLAK
[08:36:29] [199/456] GCMC
[08:36:30] [200/456] ALPY
[08:36:31] [201/456] SICE
[08:36:32] [202/456] SISR
[08:36:32] [203/456] SRPZ
[08:36:33] [204/456] SRSW
[08:36:34] [205/456] SUYA
[08:36:35] [206/456] AMMT
[08:36:36] [207/456] BHCU
[08:36:37] 🔄 Identity reset
[08:36:37] 🔄 Identity rotated (every 10 requests)
[08:36:38] [208/456] KLPA
[08:36:39] [209/456] NVKH
[08:36:40] [210/456] JMRC
[08:36:40] [211/456] KTTT
[08:36:41] [212/456] MAGH
[08:36:42] [213/456] MMMX
[08:36:43] [214/456] SALJ
[08:36:44] [215/456] GTJA
[08:36:45] [216/456] MAHT
[08:36:46] [217/456] SSNN
[08:36:46] 🔄 Identity reset
[08:36:46] 🔄 Identity rotated (every 10 requests)
[08:36:46] 🔄 Retry 1/5 for SSNN in 2.5s
[08:36:46] 🔄 Identity reset
[08:36:49] 🧠 New identity created
[08:36:49] [218/456] ARRP
[08:36:50] [219/456] ATNS
[08:36:52] [220/456] SKDT
[08:36:53] [221/456] ACAT
[08:36:54] [222/456] APRC
[08:36:55] [223/456] SWAG
[08:36:57] [224/456] SDPT
[08:36:58] [225/456] STPS
[08:36:59] [226/456] WWCZ
[08:37:00] 🔄 Identity reset
[08:37:00] 🔄 Identity rotated (every 10 requests)
[08:37:00] 🔄 Retry 1/5 for WWCZ in 2.3s
[08:37:00] 🔄 Identity reset
[08:37:02] 🧠 New identity created
[08:37:02] [227/456] LLCH
[08:37:03] [228/456] MZHA
[08:37:04] [229/456] CRJG
[08:37:05] [230/456] JGTK
[08:37:06] [231/456] KCSR
[08:37:08] [232/456] CHTL
[08:37:08] [233/456] EDSR
[08:37:10] [234/456] CSWO
[08:37:11] [235/456] CPVM
[08:37:11] 🔄 Identity reset
[08:37:11] 🔄 Identity rotated (every 10 requests)
[08:37:12] [236/456] MXBY
[08:37:13] [237/456] FMMA
[08:37:14] [238/456] POVI
[08:37:14] [239/456] MTHB
[08:37:15] [240/456] INRC
[08:37:16] [241/456] PIPP
[08:37:17] [242/456] BMXC
[08:37:18] [243/456] PCMM
[08:37:19] [244/456] PMKM
[08:37:20] [245/456] GATY
[08:37:21] 🔄 Identity reset
[08:37:21] 🔄 Identity rotated (every 10 requests)
[08:37:21] [246/456] IMCM
[08:37:22] [247/456] POPE
[08:37:23] [248/456] MTCR
[08:37:24] [249/456] PVAE
[08:37:25] [250/456] PVMI
[08:37:26] [251/456] CPNM
[08:37:27] [252/456] FMRL
[08:37:28] [253/456] MCIW
[08:37:29] [254/456] MXBO
[08:37:30] [255/456] FMKY
[08:37:31] 🔄 Identity reset
[08:37:31] 🔄 Identity rotated (every 10 requests)
[08:37:31] [256/456] FMDA
[08:37:32] [257/456] THAB
[08:37:33] [258/456] PRCW
[08:37:34] [259/456] PITI
[08:37:35] [260/456] MCFF
[08:37:35] [261/456] PDDV
[08:37:36] [262/456] MCRM
[08:37:37] [263/456] KKMB
[08:37:38] [264/456] INKO
[08:37:39] [265/456] PLXP
[08:37:40] 🔄 Identity reset
[08:37:40] 🔄 Identity rotated (every 10 requests)
[08:37:40] [266/456] MMHA
[08:37:41] [267/456] FMVS
[08:37:42] [268/456] POLM
[08:37:43] [269/456] STER
[08:37:44] [270/456] PVWJ
[08:37:45] [271/456] IMJW
[08:37:46] [272/456] FNAN
[08:37:47] [273/456] CAGL
[08:37:48] [274/456] IPBG
[08:37:49] [275/456] SMFV
[08:37:50] 🔄 Identity reset
[08:37:50] 🔄 Identity rotated (every 10 requests)
[08:37:50] [276/456] MMMR
[08:37:52] [277/456] MMWM
[08:37:53] [278/456] FNCM
[08:37:54] [279/456] MDVA
[08:37:55] [280/456] MMET
[08:37:56] [281/456] MIDO
[08:37:56] [282/456] INNP
[08:37:57] [283/456] MIFU
[08:37:58] [284/456] MMSZ
[08:37:59] [285/456] BMXA
[08:38:00] 🔄 Identity reset
[08:38:00] 🔄 Identity rotated (every 10 requests)
[08:38:00] [286/456] MCAA
[08:38:01] [287/456] SCVP
[08:38:02] [288/456] PLUS
[08:38:03] [289/456] MUCK
[08:38:04] [290/456] MTMA
[08:38:05] [291/456] HPVR
[08:38:06] [292/456] PMPK
[08:38:07] [293/456] MAJB
[08:38:08] [294/456] CTRR
[08:38:09] [295/456] MCTG
[08:38:09] 🔄 Identity reset
[08:38:10] 🔄 Identity rotated (every 10 requests)
[08:38:10] [296/456] MACE
[08:38:11] [297/456] AAAS
[08:38:12] [298/456] CPVV
[08:38:13] [299/456] RCHG
[08:38:14] [300/456] MCNE
[08:38:15] [301/456] EMNC
[08:38:16] [302/456] MCAN
[08:38:29] [303/456] TCDM
[08:38:42] 🔄 Retry 1/5 for TCDM in 2.3s
[08:38:42] 🔄 Identity reset
[08:38:44] 🧠 New identity created
[08:38:44] [304/456] IRGT
[08:38:45] 🔄 Identity reset
[08:38:45] 🔄 Identity rotated (every 10 requests)
[08:38:45] [305/456] GCMG
[08:38:46] [306/456] MXSN
[08:38:48] [307/456] MXCK
[08:38:49] [308/456] MCRC
[08:38:49] [309/456] RSMI
[08:38:50] [310/456] WAML
[08:38:51] [311/456] MTSC
[08:38:52] [312/456] FMDR
[08:38:53] [313/456] LEPV
[08:38:54] [314/456] MTGD
[08:38:54] 🔄 Identity reset
[08:38:54] 🔄 Identity rotated (every 10 requests)
[08:38:55] [315/456] IMOB
[08:38:56] [316/456] CLMM
[08:38:57] [317/456] PZCD
[08:38:58] [318/456] GOCS
[08:38:59] [319/456] KCMA
[08:39:00] [320/456] CCMP
[08:39:01] [321/456] MTSU
[08:39:02] [322/456] SNGL
[08:39:02] [323/456] MMMC
[08:39:03] [324/456] MMAA
[08:39:04] 🔄 Identity reset
[08:39:04] 🔄 Identity rotated (every 10 requests)
[08:39:04] [325/456] GCDM
[08:39:05] [326/456] KTMV
[08:39:06] [327/456] AETE
[08:39:07] [328/456] OMCS
[08:39:08] [329/456] GDCD
[08:39:09] [330/456] NYMD
[08:39:10] [331/456] RNCV
[08:39:11] [332/456] KKMT
[08:39:11] [333/456] GDTH
[08:39:12] [334/456] KMMV
[08:39:13] 🔄 Identity reset
[08:39:13] 🔄 Identity rotated (every 10 requests)
[08:39:13] [335/456] NHCG
[08:39:14] [336/456] PJDW
[08:39:15] [337/456] MMCV
[08:39:16] [338/456] FQSA
[08:39:18] [339/456] KURL
[08:39:18] [340/456] NNNX
[08:39:19] [341/456] AMAU
[08:39:20] [342/456] VVVM
[08:39:21] [343/456] VECU
[08:39:23] [344/456] WCVR
[08:39:24] 🔄 Identity reset
[08:39:24] 🔄 Identity rotated (every 10 requests)
[08:39:24] [345/456] MTGG
[08:39:25] [346/456] SGTG
[08:39:26] [347/456] MNTG
[08:39:27] [348/456] JDDG
[08:39:28] [349/456] MBTK
[08:39:29] [350/456] SGCD
[08:39:30] [351/456] MCTC
[08:39:31] [352/456] JTPC
[08:39:32] [353/456] SDKT
[08:39:33] [354/456] KRCC
[08:39:33] 🔄 Identity reset
[08:39:33] 🔄 Identity rotated (every 10 requests)
[08:39:34] [355/456] RMMD
[08:39:35] [356/456] AAME
[08:39:36] [357/456] TMWC
[08:39:37] [358/456] NRWY
[08:39:38] [359/456] CITD
[08:39:39] [360/456] VERD
[08:39:39] [361/456] MKSK
[08:39:40] [362/456] STSM
[08:39:42] [363/456] MJDG
[08:39:43] [364/456] RKPM
[08:39:44] 🔄 Identity reset
[08:39:44] 🔄 Identity rotated (every 10 requests)
[08:39:44] [365/456] SSCE
[08:39:45] [366/456] VMAE
[08:39:46] [367/456] SBRU
[08:39:47] [368/456] AMBC
[08:39:48] [369/456] AMLU
[08:39:49] [370/456] INVZ
[08:39:50] [371/456] LGTV
[08:39:51] [372/456] SVAD
[08:39:51] [373/456] SMSA
[08:39:52] [374/456] SPCZ
[08:39:53] 🔄 Identity reset
[08:39:53] 🔄 Identity rotated (every 10 requests)
[08:39:53] [375/456] GTCX
[08:39:54] [376/456] SCSL
[08:39:55] [377/456] SAHU
[08:39:56] [378/456] NCDA
[08:39:57] [379/456] SCCG
[08:39:58] [380/456] VKTL
[08:39:59] [381/456] PUUJ
[08:40:01] [382/456] STEJ
[08:40:02] [383/456] RJAL
[08:40:03] [384/456] ACJC
[08:40:03] 🔄 Identity reset
[08:40:03] 🔄 Identity rotated (every 10 requests)
[08:40:04] [385/456] ARVB
[08:40:05] [386/456] AUBB
[08:40:06] [387/456] GDBR
[08:40:07] [388/456] PVND
[08:40:08] [389/456] BGRJ
[08:40:09] [390/456] RJMM
[08:40:10] [391/456] MCSA
[08:40:11] [392/456] BODA
[08:40:12] [393/456] JAGG
[08:40:13] [394/456] SCGA
[08:40:14] 🔄 Identity reset
[08:40:14] 🔄 Identity rotated (every 10 requests)
[08:40:15] [395/456] LRCM
[08:40:16] [396/456] CPCN
[08:40:17] [397/456] SSTF
[08:40:18] [398/456] SRXP
[08:40:19] [399/456] CNFX
[08:40:20] [400/456] ANDI
[08:40:20] [401/456] SYEW
[08:40:21] [402/456] RCRE
[08:40:22] [403/456] SCRW
[08:40:23] [404/456] MBKR
[08:40:24] 🔄 Identity reset
[08:40:24] 🔄 Identity rotated (every 10 requests)
[08:40:24] [405/456] ASNT
[08:40:25] [406/456] JTMT
[08:40:26] [407/456] SHAY
[08:40:27] [408/456] VRTH
[08:40:28] [409/456] SPTI
[08:40:29] [410/456] DPTD
[08:40:31] [411/456] TGSN
[08:40:32] [412/456] RCWV
[08:40:32] [413/456] OCUR
[08:40:33] [414/456] KSTC
[08:40:34] 🔄 Identity reset
[08:40:34] 🔄 Identity rotated (every 10 requests)
[08:40:34] [415/456] SANI
[08:40:35] [416/456] MLCA
[08:40:37] [417/456] EGCA
[08:40:38] [418/456] SYSN
[08:40:39] [419/456] PKTA
[08:40:39] [420/456] PRCC
[08:40:41] [421/456] KSTR
[08:40:42] [422/456] SNTP
[08:40:43] [423/456] RCHA
[08:40:44] [424/456] SEEA
[08:40:44] 🔄 Identity reset
[08:40:44] 🔄 Identity rotated (every 10 requests)
[08:40:45] [425/456] ALAT
[08:40:46] [426/456] AATV
[08:40:47] [427/456] RJTE
[08:40:48] [428/456] AAPP
[08:40:49] [429/456] PMMH
[08:40:50] [430/456] INRJ
[08:40:51] [431/456] SARB
[08:40:52] [432/456] PCJL
[08:40:53] [433/456] PFJJ
[08:40:53] [434/456] GRDC
[08:40:54] 🔄 Identity reset
[08:40:54] 🔄 Identity rotated (every 10 requests)
[08:40:54] [435/456] BCBA
[08:40:55] [436/456] VIXL
[08:40:56] [437/456] CSTL
[08:40:57] [438/456] MTDK
[08:40:58] [439/456] TDAC
[08:40:59] [440/456] GTDN
[08:41:00] [441/456] TTDE
[08:41:01] [442/456] ASTS
[08:41:02] [443/456] CPNS
[08:41:02] [444/456] PVVW
[08:41:03] 🔄 Identity reset
[08:41:03] 🔄 Identity rotated (every 10 requests)
[08:41:04] [445/456] USEB
[08:41:04] [446/456] DTYN
[08:41:05] [447/456] PVLE
[08:41:06] [448/456] CIPS
[08:41:08] [449/456] PAEG
[08:41:09] [450/456] PTCW
[08:41:10] [451/456] G3SR
[08:41:11] [452/456] PGND
[08:41:12] [453/456] INVM
[08:41:13] [454/456] SPIA
[08:41:13] 🔄 Identity reset
[08:41:13] 🔄 Identity rotated (every 10 requests)
[08:41:14] [455/456] PCSN
[08:41:15] [456/456] PPGV
[08:41:16] 🧹 Deduping shows
[08:41:16] ✅ DONE | Shows=1875 | Movies=56
[14:16:47] 🚀 SCRIPT STARTED (enhanced anti‑detection)
[14:16:47] [1/456] FNDB
[14:16:48] 🧠 New identity created
[14:16:48] [2/456] AMBH
[14:16:49] [3/456] PRHN
[14:16:50] [4/456] ACPM
[14:16:51] [5/456] PVFS
[14:16:52] [6/456] AACN
[14:16:53] [7/456] ACAS
[14:16:54] [8/456] CTNR
[14:16:55] [9/456] MMAH
[14:16:56] [10/456] CPMH
[14:16:57] 🔄 Identity reset
[14:16:57] 🔄 Identity rotated (every 10 requests)
[14:16:57] [11/456] IGMH
[14:16:58] [12/456] ABCS
[14:16:59] [13/456] CMMA
[14:17:00] [14/456] GPRH
[14:17:00] [15/456] PNNG
[14:17:01] [16/456] AMCA
[14:17:02] [17/456] ISTN
[14:17:03] [18/456] PIIC
[14:17:04] [19/456] AHMH
[14:17:05] [20/456] ASHN
[14:17:05] 🔄 Identity reset
[14:17:05] 🔄 Identity rotated (every 10 requests)
[14:17:06] [21/456] INHY
[14:17:06] [22/456] SRMO
[14:17:07] [23/456] PIMH
[14:17:08] [24/456] PVTS
[14:17:10] [25/456] MMCA
[14:17:11] [26/456] AKYJ
[14:17:13] [27/456] BRKH
[14:17:14] [28/456] MAHM
[14:17:15] [29/456] CPHY
[14:17:16] [30/456] PVTP
[14:17:17] 🔄 Identity reset
[14:17:17] 🔄 Identity rotated (every 10 requests)
[14:17:17] [31/456] SMMR
[14:17:18] [32/456] PVHM
[14:17:19] [33/456] SNDY
[14:17:19] [34/456] GOKU
[14:17:20] [35/456] ACEV
[14:17:21] [36/456] PVUM
[14:17:22] [37/456] VSWA
[14:17:23] [38/456] IPRS
[14:17:24] [39/456] BKMV
[14:17:25] [40/456] PVYH
[14:17:25] 🔄 Identity reset
[14:17:25] 🔄 Identity rotated (every 10 requests)
[14:17:25] 🔄 Retry 1/5 for PVYH in 2.9s
[14:17:25] 🔄 Identity reset
[14:17:28] 🧠 New identity created
[14:17:29] [41/456] INKM
[14:17:30] [42/456] ARJU
[14:17:31] [43/456] JJPP
[14:17:32] [44/456] SSRM
[14:17:33] [45/456] HMHD
[14:17:34] [46/456] SNKH
[14:17:34] [47/456] ACHI
[14:17:35] [48/456] MRAA
[14:17:36] [49/456] INMH
[14:17:37] 🔄 Identity reset
[14:17:37] 🔄 Identity rotated (every 10 requests)
[14:17:37] [50/456] ARMH
[14:17:38] [51/456] DVRR
[14:17:39] [52/456] SUDA
[14:17:40] [53/456] MCSS
[14:17:41] [54/456] VRKC
[14:17:42] [55/456] PRCX
[14:17:43] [56/456] ASJY
[14:17:44] [57/456] MTHY
[14:17:45] [58/456] SRCM
[14:17:45] [59/456] TVHY
[14:17:46] 🔄 Identity reset
[14:17:46] 🔄 Identity rotated (every 10 requests)
[14:17:46] [60/456] STHD
[14:17:47] [61/456] CPCL
[14:17:48] [62/456] PSMJ
[14:17:49] [63/456] MRGT
[14:17:49] [64/456] ARYH
[14:17:50] [65/456] VTRB
[14:17:51] [66/456] SCHC
[14:17:52] [67/456] MRRG
[14:17:53] [68/456] SPCB
[14:17:54] [69/456] AMCM
[14:17:54] 🔄 Identity reset
[14:17:54] 🔄 Identity rotated (every 10 requests)
[14:17:54] 🔄 Retry 1/5 for AMCM in 2.2s
[14:17:54] 🔄 Identity reset
[14:17:56] 🧠 New identity created
[14:17:57] [70/456] IVNM
[14:17:58] [71/456] TRHY
[14:17:58] [72/456] PTTH
[14:17:59] [73/456] RKMH
[14:18:00] [74/456] PRCS
[14:18:01] [75/456] VAJA
[14:18:02] [76/456] BJNG
[14:18:02] [77/456] SCVM
[14:18:03] [78/456] GNHB
[14:18:04] 🔄 Identity reset
[14:18:04] 🔄 Identity rotated (every 10 requests)
[14:18:04] 🔄 Retry 1/5 for GNHB in 2.1s
[14:18:04] 🔄 Identity reset
[14:18:06] 🧠 New identity created
[14:18:06] [79/456] TLUR
[14:18:07] [80/456] UKCC
[14:18:09] [81/456] SRKR
[14:18:10] [82/456] RMKN
[14:18:10] [83/456] SLRT
[14:18:11] [84/456] LKMT
[14:18:12] [85/456] SSRJ
[14:18:13] [86/456] SPHT
[14:18:14] [87/456] ANTT
[14:18:14] 🔄 Identity reset
[14:18:14] 🔄 Identity rotated (every 10 requests)
[14:18:15] [88/456] SRCH
[14:18:16] [89/456] SRCA
[14:18:16] [90/456] ARTH
[14:18:18] [91/456] MCBH
[14:18:19] [92/456] SNIB
[14:18:20] [93/456] SART
[14:18:20] [94/456] SKTA
[14:18:21] [95/456] YAKT
[14:18:22] [96/456] MLCK
[14:18:23] [97/456] ANTS
[14:18:24] 🔄 Identity reset
[14:18:24] 🔄 Identity rotated (every 10 requests)
[14:18:24] [98/456] DGCA
[14:18:25] [99/456] SGMP
[14:18:25] [100/456] ASWN
[14:18:26] [101/456] KFVU
[14:18:28] [102/456] POOR
[14:18:29] [103/456] GKDN
[14:18:30] [104/456] EOSE
[14:18:30] [105/456] GTTT
[14:18:31] [106/456] ARRO
[14:18:32] [107/456] CMMK
[14:18:33] 🔄 Identity reset
[14:18:33] 🔄 Identity rotated (every 10 requests)
[14:18:33] [108/456] MSCN
[14:18:34] [109/456] GDKH
[14:18:35] [110/456] DLMT
[14:18:35] [111/456] PVMF
[14:18:36] [112/456] CPCK
[14:18:37] [113/456] VMHE
[14:18:38] [114/456] PVLC
[14:18:39] [115/456] PCVB
[14:18:40] [116/456] SNYK
[14:18:41] [117/456] KTEK
[14:18:41] 🔄 Identity reset
[14:18:41] 🔄 Identity rotated (every 10 requests)
[14:18:42] [118/456] PCNM
[14:18:43] [119/456] NTTR
[14:18:43] [120/456] CPSK
[14:18:45] [121/456] JMMA
[14:18:46] [122/456] GCFK
[14:18:47] [123/456] MYCA
[14:18:48] [124/456] KSNP
[14:18:48] [125/456] PMCE
[14:18:49] [126/456] SCKI
[14:18:50] [127/456] FSMA
[14:18:51] 🔄 Identity reset
[14:18:51] 🔄 Identity rotated (every 10 requests)
[14:18:51] [128/456] CETA
[14:18:52] [129/456] MCIK
[14:18:53] [130/456] MYCR
[14:18:53] [131/456] EVMP
[14:18:54] [132/456] SSGT
[14:18:56] [133/456] KCTK
[14:18:57] [134/456] ZTKC
[14:18:57] [135/456] MMTA
[14:18:58] [136/456] MAJT
[14:18:59] [137/456] ACPK
[14:19:00] 🔄 Identity reset
[14:19:00] 🔄 Identity rotated (every 10 requests)
[14:19:00] [138/456] JMAX
[14:19:01] [139/456] SETK
[14:19:02] [140/456] CAIS
[14:19:03] [141/456] AGCD
[14:19:03] [142/456] URCL
[14:19:04] [143/456] VTDS
[14:19:05] [144/456] JCNM
[14:19:06] [145/456] KCAM
[14:19:07] [146/456] ADCU
[14:19:08] [147/456] GXYN
[14:19:09] 🔄 Identity reset
[14:19:09] 🔄 Identity rotated (every 10 requests)
[14:19:09] [148/456] SMJG
[14:19:10] [149/456] EYCJ
[14:19:11] [150/456] CCEJ
[14:19:12] [151/456] MARS
[14:19:12] [152/456] CPVJ
[14:19:13] [153/456] INVP
[14:19:14] [154/456] CPOV
[14:19:15] [155/456] VIJK
[14:19:16] [156/456] LAIM
[14:19:17] [157/456] STHV
[14:19:17] 🔄 Identity reset
[14:19:17] 🔄 Identity rotated (every 10 requests)
[14:19:18] [158/456] SVLJ
[14:19:19] [159/456] ATVJ
[14:19:20] [160/456] JTSC
[14:19:21] [161/456] RMTV
[14:19:22] [162/456] MGGG
[14:19:23] [163/456] SWTH
[14:19:24] [164/456] INVJ
[14:19:25] [165/456] PRSV
[14:19:26] [166/456] JATV
[14:19:27] [167/456] RCVD
[14:19:27] 🔄 Identity reset
[14:19:27] 🔄 Identity rotated (every 10 requests)
[14:19:28] [168/456] BDMA
[14:19:28] [169/456] BLJI
[14:19:29] [170/456] SWOT
[14:19:30] [171/456] SWRN
[14:19:31] [172/456] TVRA
[14:19:32] [173/456] NVRN
[14:19:33] [174/456] SIKC
[14:19:34] [175/456] VAKR
[14:19:34] [176/456] SYLN
[14:19:35] [177/456] KLJL
[14:19:36] 🔄 Identity reset
[14:19:36] 🔄 Identity rotated (every 10 requests)
[14:19:36] [178/456] LKMY
[14:19:37] [179/456] VSLY
[14:19:38] [180/456] CIKO
[14:19:39] [181/456] GPBG
[14:19:40] [182/456] CECM
[14:19:41] [183/456] SLKB
[14:19:42] [184/456] MTBO
[14:19:43] [185/456] SSHB
[14:19:44] [186/456] VPCS
[14:19:45] [187/456] RCSR
[14:19:46] 🔄 Identity reset
[14:19:46] 🔄 Identity rotated (every 10 requests)
[14:19:47] [188/456] RJRM
[14:19:47] [189/456] KPPB
[14:19:48] [190/456] SEDC
[14:19:50] [191/456] SCAI
[14:19:51] [192/456] RMTR
[14:19:52] [193/456] ASST
[14:19:53] [194/456] GCAK
[14:19:54] [195/456] ANNK
[14:19:55] [196/456] KDDF
[14:19:55] [197/456] NRDP
[14:19:56] 🔄 Identity reset
[14:19:56] 🔄 Identity rotated (every 10 requests)
[14:19:56] [198/456] PLAK
[14:19:57] [199/456] GCMC
[14:19:58] [200/456] ALPY
[14:19:59] [201/456] SICE
[14:20:00] [202/456] SISR
[14:20:01] [203/456] SRPZ
[14:20:02] [204/456] SRSW
[14:20:02] [205/456] SUYA
[14:20:03] [206/456] AMMT
[14:20:04] [207/456] BHCU
[14:20:04] 🔄 Identity reset
[14:20:04] 🔄 Identity rotated (every 10 requests)
[14:20:05] [208/456] KLPA
[14:20:06] [209/456] NVKH
[14:20:07] [210/456] JMRC
[14:20:09] [211/456] KTTT
[14:20:09] [212/456] MAGH
[14:20:10] [213/456] MMMX
[14:20:11] [214/456] SALJ
[14:20:12] [215/456] GTJA
[14:20:13] [216/456] MAHT
[14:20:14] [217/456] SSNN
[14:20:15] 🔄 Identity reset
[14:20:15] 🔄 Identity rotated (every 10 requests)
[14:20:15] [218/456] ARRP
[14:20:16] [219/456] ATNS
[14:20:18] [220/456] SKDT
[14:20:18] [221/456] ACAT
[14:20:19] [222/456] APRC
[14:20:20] [223/456] SWAG
[14:20:21] [224/456] SDPT
[14:20:22] [225/456] STPS
[14:20:23] [226/456] WWCZ
[14:20:24] [227/456] LLCH
[14:20:24] 🔄 Identity reset
[14:20:24] 🔄 Identity rotated (every 10 requests)
[14:20:25] [228/456] MZHA
[14:20:26] [229/456] CRJG
[14:20:26] [230/456] JGTK
[14:20:27] [231/456] KCSR
[14:20:28] [232/456] CHTL
[14:20:29] [233/456] EDSR
[14:20:29] [234/456] CSWO
[14:20:30] [235/456] CPVM
[14:20:31] [236/456] MXBY
[14:20:32] [237/456] FMMA
[14:20:33] 🔄 Identity reset
[14:20:33] 🔄 Identity rotated (every 10 requests)
[14:20:33] [238/456] POVI
[14:20:34] [239/456] MTHB
[14:20:35] [240/456] INRC
[14:20:36] [241/456] PIPP
[14:20:36] [242/456] BMXC
[14:20:37] [243/456] PCMM
[14:20:38] [244/456] PMKM
[14:20:39] [245/456] GATY
[14:20:40] [246/456] IMCM
[14:20:41] [247/456] POPE
[14:20:41] 🔄 Identity reset
[14:20:41] 🔄 Identity rotated (every 10 requests)
[14:20:41] 🔄 Retry 1/5 for POPE in 2.5s
[14:20:41] 🔄 Identity reset
[14:20:44] 🧠 New identity created
[14:20:44] [248/456] MTCR
[14:20:45] [249/456] PVAE
[14:20:46] [250/456] PVMI
[14:20:47] [251/456] CPNM
[14:20:48] [252/456] FMRL
[14:20:49] [253/456] MCIW
[14:20:50] [254/456] MXBO
[14:20:51] [255/456] FMKY
[14:20:51] [256/456] FMDA
[14:20:52] 🔄 Identity reset
[14:20:52] 🔄 Identity rotated (every 10 requests)
[14:20:52] [257/456] THAB
[14:20:53] [258/456] PRCW
[14:20:54] [259/456] PITI
[14:20:55] [260/456] MCFF
[14:20:55] [261/456] PDDV
[14:20:56] [262/456] MCRM
[14:20:58] [263/456] KKMB
[14:20:59] [264/456] INKO
[14:21:00] [265/456] PLXP
[14:21:01] [266/456] MMHA
[14:21:01] 🔄 Identity reset
[14:21:01] 🔄 Identity rotated (every 10 requests)
[14:21:02] [267/456] FMVS
[14:21:02] [268/456] POLM
[14:21:03] [269/456] STER
[14:21:04] [270/456] PVWJ
[14:21:05] [271/456] IMJW
[14:21:05] [272/456] FNAN
[14:21:07] [273/456] CAGL
[14:21:08] [274/456] IPBG
[14:21:09] [275/456] SMFV
[14:21:10] [276/456] MMMR
[14:21:11] 🔄 Identity reset
[14:21:11] 🔄 Identity rotated (every 10 requests)
[14:21:11] [277/456] MMWM
[14:21:12] [278/456] FNCM
[14:21:13] [279/456] MDVA
[14:21:14] [280/456] MMET
[14:21:14] [281/456] MIDO
[14:21:15] [282/456] INNP
[14:21:16] [283/456] MIFU
[14:21:17] [284/456] MMSZ
[14:21:18] [285/456] BMXA
[14:21:19] [286/456] MCAA
[14:21:20] 🔄 Identity reset
[14:21:20] 🔄 Identity rotated (every 10 requests)
[14:21:20] [287/456] SCVP
[14:21:21] [288/456] PLUS
[14:21:22] [289/456] MUCK
[14:21:23] [290/456] MTMA
[14:21:24] [291/456] HPVR
[14:21:25] [292/456] PMPK
[14:21:26] [293/456] MAJB
[14:21:27] [294/456] CTRR
[14:21:28] [295/456] MCTG
[14:21:29] [296/456] MACE
[14:21:30] 🔄 Identity reset
[14:21:30] 🔄 Identity rotated (every 10 requests)
[14:21:30] [297/456] AAAS
[14:21:31] [298/456] CPVV
[14:21:33] [299/456] RCHG
[14:21:33] [300/456] MCNE
[14:21:34] [301/456] EMNC
[14:21:35] [302/456] MCAN
[14:21:36] [303/456] TCDM
[14:21:37] [304/456] IRGT
[14:21:38] [305/456] GCMG
[14:21:39] [306/456] MXSN
[14:21:40] 🔄 Identity reset
[14:21:40] 🔄 Identity rotated (every 10 requests)
[14:21:40] [307/456] MXCK
[14:21:41] [308/456] MCRC
[14:21:42] [309/456] RSMI
[14:21:42] [310/456] WAML
[14:21:43] [311/456] MTSC
[14:21:44] [312/456] FMDR
[14:21:45] [313/456] LEPV
[14:21:45] [314/456] MTGD
[14:21:46] [315/456] IMOB
[14:21:47] [316/456] CLMM
[14:21:48] 🔄 Identity reset
[14:21:48] 🔄 Identity rotated (every 10 requests)
[14:21:48] [317/456] PZCD
[14:21:49] [318/456] GOCS
[14:21:50] [319/456] KCMA
[14:21:51] [320/456] CCMP
[14:21:52] [321/456] MTSU
[14:21:52] [322/456] SNGL
[14:21:53] [323/456] MMMC
[14:21:54] [324/456] MMAA
[14:21:55] [325/456] GCDM
[14:21:56] [326/456] KTMV
[14:21:56] 🔄 Identity reset
[14:21:56] 🔄 Identity rotated (every 10 requests)
[14:21:57] [327/456] AETE
[14:21:57] [328/456] OMCS
[14:21:58] [329/456] GDCD
[14:21:59] [330/456] NYMD
[14:22:00] [331/456] RNCV
[14:22:01] [332/456] KKMT
[14:22:01] [333/456] GDTH
[14:22:02] [334/456] KMMV
[14:22:03] [335/456] NHCG
[14:22:04] [336/456] PJDW
[14:22:04] 🔄 Identity reset
[14:22:04] 🔄 Identity rotated (every 10 requests)
[14:22:05] [337/456] MMCV
[14:22:06] [338/456] FQSA
[14:22:07] [339/456] KURL
[14:22:08] [340/456] NNNX
[14:22:09] [341/456] AMAU
[14:22:10] [342/456] VVVM
[14:22:10] [343/456] VECU
[14:22:11] [344/456] WCVR
[14:22:13] [345/456] MTGG
[14:22:14] [346/456] SGTG
[14:22:14] 🔄 Identity reset
[14:22:14] 🔄 Identity rotated (every 10 requests)
[14:22:14] [347/456] MNTG
[14:22:15] [348/456] JDDG
[14:22:16] [349/456] MBTK
[14:22:17] [350/456] SGCD
[14:22:18] [351/456] MCTC
[14:22:19] [352/456] JTPC
[14:22:20] [353/456] SDKT
[14:22:21] [354/456] KRCC
[14:22:22] [355/456] RMMD
[14:22:22] [356/456] AAME
[14:22:23] 🔄 Identity reset
[14:22:23] 🔄 Identity rotated (every 10 requests)
[14:22:23] [357/456] TMWC
[14:22:24] [358/456] NRWY
[14:22:25] [359/456] CITD
[14:22:26] [360/456] VERD
[14:22:27] [361/456] MKSK
[14:22:27] [362/456] STSM
[14:22:28] [363/456] MJDG
[14:22:29] [364/456] RKPM
[14:22:30] [365/456] SSCE
[14:22:30] [366/456] VMAE
[14:22:31] 🔄 Identity reset
[14:22:31] 🔄 Identity rotated (every 10 requests)
[14:22:31] [367/456] SBRU
[14:22:32] [368/456] AMBC
[14:22:33] [369/456] AMLU
[14:22:34] [370/456] INVZ
[14:22:35] [371/456] LGTV
[14:22:35] [372/456] SVAD
[14:22:36] [373/456] SMSA
[14:22:37] [374/456] SPCZ
[14:22:39] [375/456] GTCX
[14:22:40] [376/456] SCSL
[14:22:40] 🔄 Identity reset
[14:22:40] 🔄 Identity rotated (every 10 requests)
[14:22:41] [377/456] SAHU
[14:22:42] [378/456] NCDA
[14:22:42] [379/456] SCCG
[14:22:43] [380/456] VKTL
[14:22:44] [381/456] PUUJ
[14:22:46] [382/456] STEJ
[14:22:47] [383/456] RJAL
[14:22:47] [384/456] ACJC
[14:22:48] [385/456] ARVB
[14:22:49] [386/456] AUBB
[14:22:50] 🔄 Identity reset
[14:22:50] 🔄 Identity rotated (every 10 requests)
[14:22:50] [387/456] GDBR
[14:22:51] [388/456] PVND
[14:22:52] [389/456] BGRJ
[14:22:54] [390/456] RJMM
[14:22:55] [391/456] MCSA
[14:22:56] [392/456] BODA
[14:22:57] [393/456] JAGG
[14:22:58] [394/456] SCGA
[14:22:59] [395/456] LRCM
[14:23:00] [396/456] CPCN
[14:23:00] 🔄 Identity reset
[14:23:00] 🔄 Identity rotated (every 10 requests)
[14:23:01] [397/456] SSTF
[14:23:02] [398/456] SRXP
[14:23:03] [399/456] CNFX
[14:23:04] [400/456] ANDI
[14:23:04] [401/456] SYEW
[14:23:05] [402/456] RCRE
[14:23:06] [403/456] SCRW
[14:23:08] [404/456] MBKR
[14:23:09] [405/456] ASNT
[14:23:09] [406/456] JTMT
[14:23:10] 🔄 Identity reset
[14:23:10] 🔄 Identity rotated (every 10 requests)
[14:23:10] [407/456] SHAY
[14:23:11] [408/456] VRTH
[14:23:12] [409/456] SPTI
[14:23:13] [410/456] DPTD
[14:23:14] [411/456] TGSN
[14:23:14] [412/456] RCWV
[14:23:15] [413/456] OCUR
[14:23:16] [414/456] KSTC
[14:23:17] [415/456] SANI
[14:23:18] [416/456] MLCA
[14:23:19] 🔄 Identity reset
[14:23:19] 🔄 Identity rotated (every 10 requests)
[14:23:19] 🔄 Retry 1/5 for MLCA in 2.6s
[14:23:19] 🔄 Identity reset
[14:23:21] 🧠 New identity created
[14:23:22] [417/456] EGCA
[14:23:23] [418/456] SYSN
[14:23:24] [419/456] PKTA
[14:23:25] [420/456] PRCC
[14:23:26] [421/456] KSTR
[14:23:27] [422/456] SNTP
[14:23:28] [423/456] RCHA
[14:23:29] [424/456] SEEA
[14:23:30] [425/456] ALAT
[14:23:31] 🔄 Identity reset
[14:23:31] 🔄 Identity rotated (every 10 requests)
[14:23:31] [426/456] AATV
[14:23:32] [427/456] RJTE
[14:23:33] [428/456] AAPP
[14:23:33] [429/456] PMMH
[14:23:34] [430/456] INRJ
[14:23:35] [431/456] SARB
[14:23:36] [432/456] PCJL
[14:23:37] [433/456] PFJJ
[14:23:38] [434/456] GRDC
[14:23:39] [435/456] BCBA
[14:23:40] 🔄 Identity reset
[14:23:40] 🔄 Identity rotated (every 10 requests)
[14:23:40] [436/456] VIXL
[14:23:41] [437/456] CSTL
[14:23:42] [438/456] MTDK
[14:23:43] [439/456] TDAC
[14:23:44] [440/456] GTDN
[14:23:45] [441/456] TTDE
[14:23:46] [442/456] ASTS
[14:23:47] [443/456] CPNS
[14:23:47] [444/456] PVVW
[14:23:49] [445/456] USEB
[14:23:50] 🔄 Identity reset
[14:23:50] 🔄 Identity rotated (every 10 requests)
[14:23:50] [446/456] DTYN
[14:23:51] [447/456] PVLE
[14:23:51] [448/456] CIPS
[14:23:52] [449/456] PAEG
[14:23:53] [450/456] PTCW
[14:23:54] [451/456] G3SR
[14:23:55] [452/456] PGND
[14:23:56] [453/456] INVM
[14:23:56] [454/456] SPIA
[14:23:57] [455/456] PCSN
[14:23:58] 🔄 Identity reset
[14:23:58] 🔄 Identity rotated (every 10 requests)
[14:23:59] [456/456] PPGV
[14:24:00] 🧹 Deduping shows
[14:24:00] ✅ DONE | Shows=2792 | Movies=60
[15:03:28] 🚀 SCRIPT STARTED (enhanced anti‑detection)
[15:03:28] [1/456] FNDB
[15:03:29] 🧠 New identity created
[15:03:30] [2/456] AMBH
[15:03:31] [3/456] PRHN
[15:03:31] [4/456] ACPM
[15:03:32] [5/456] PVFS
[15:03:33] [6/456] AACN
[15:03:35] [7/456] ACAS
[15:03:36] [8/456] CTNR
[15:03:36] [9/456] MMAH
[15:03:37] [10/456] CPMH
[15:03:38] 🔄 Identity reset
[15:03:38] 🔄 Identity rotated (every 10 requests)
[15:03:38] 🔄 Retry 1/5 for CPMH in 2.4s
[15:03:38] 🔄 Identity reset
[15:03:40] 🧠 New identity created
[15:03:41] 🔄 Retry 2/5 for CPMH in 4.2s
[15:03:41] 🔄 Identity reset
[15:03:45] 🧠 New identity created
[15:03:45] 🔄 Retry 3/5 for CPMH in 8.0s
[15:03:45] 🔄 Identity reset
[15:03:53] 🧠 New identity created
[15:03:54] [11/456] IGMH
[15:03:55] [12/456] ABCS
[15:03:56] [13/456] CMMA
[15:03:57] [14/456] GPRH
[15:03:58] [15/456] PNNG
[15:03:59] [16/456] AMCA
[15:04:00] [17/456] ISTN
[15:04:01] 🔄 Identity reset
[15:04:01] 🔄 Identity rotated (every 10 requests)
[15:04:01] 🔄 Retry 1/5 for ISTN in 2.7s
[15:04:01] 🔄 Identity reset
[15:04:04] 🧠 New identity created
[15:04:04] 🔄 Retry 2/5 for ISTN in 4.3s
[15:04:04] 🔄 Identity reset
[15:04:08] 🧠 New identity created
[15:04:08] [18/456] PIIC
[15:04:09] [19/456] AHMH
[15:04:10] [20/456] ASHN
[15:04:11] [21/456] INHY
[15:04:12] [22/456] SRMO
[15:04:13] [23/456] PIMH
[15:04:14] [24/456] PVTS
[15:04:15] [25/456] MMCA
[15:04:15] 🔄 Identity reset
[15:04:15] 🔄 Identity rotated (every 10 requests)
[15:04:16] [26/456] AKYJ
[15:04:17] [27/456] BRKH
[15:04:18] [28/456] MAHM
[15:04:19] [29/456] CPHY
[15:04:20] [30/456] PVTP
[15:04:21] [31/456] SMMR
[15:04:22] [32/456] PVHM
[15:04:24] [33/456] SNDY
[15:04:25] [34/456] GOKU
[15:04:25] [35/456] ACEV
[15:04:26] 🔄 Identity reset
[15:04:26] 🔄 Identity rotated (every 10 requests)
[15:04:26] [36/456] PVUM
[15:04:27] [37/456] VSWA
[15:04:28] [38/456] IPRS
[15:04:29] [39/456] BKMV
[15:04:30] [40/456] PVYH
[15:04:30] [41/456] INKM
[15:04:31] [42/456] ARJU
[15:04:32] [43/456] JJPP
[15:04:33] [44/456] SSRM
[15:04:34] [45/456] HMHD
[15:04:35] 🔄 Identity reset
[15:04:35] 🔄 Identity rotated (every 10 requests)
[15:04:35] 🔄 Retry 1/5 for HMHD in 2.5s
[15:04:35] 🔄 Identity reset
[15:04:37] 🧠 New identity created
[15:04:38] [46/456] SNKH
[15:04:39] [47/456] ACHI
[15:04:40] [48/456] MRAA
[15:04:41] [49/456] INMH
[15:04:42] [50/456] ARMH
[15:04:42] [51/456] DVRR
[15:04:43] [52/456] SUDA
[15:04:44] [53/456] MCSS
[15:04:45] [54/456] VRKC
[15:04:46] 🔄 Identity reset
[15:04:46] 🔄 Identity rotated (every 10 requests)
[15:04:46] [55/456] PRCX
[15:04:47] [56/456] ASJY
[15:04:48] [57/456] MTHY
[15:04:49] [58/456] SRCM
[15:04:49] [59/456] TVHY
[15:04:50] [60/456] STHD
[15:04:51] [61/456] CPCL
[15:04:52] [62/456] PSMJ
[15:04:53] [63/456] MRGT
[15:04:54] [64/456] ARYH
[15:04:55] 🔄 Identity reset
[15:04:55] 🔄 Identity rotated (every 10 requests)
[15:04:55] [65/456] VTRB
[15:04:56] [66/456] SCHC
[15:04:57] [67/456] MRRG
[15:04:58] [68/456] SPCB
[15:04:59] [69/456] AMCM
[15:05:00] [70/456] IVNM
[15:05:01] [71/456] TRHY
[15:05:02] [72/456] PTTH
[15:05:04] [73/456] RKMH
[15:05:04] [74/456] PRCS
[15:05:05] 🔄 Identity reset
[15:05:05] 🔄 Identity rotated (every 10 requests)
[15:05:05] [75/456] VAJA
[15:05:07] [76/456] BJNG
[15:05:08] [77/456] SCVM
[15:05:09] [78/456] GNHB
[15:05:11] [79/456] TLUR
[15:05:12] [80/456] UKCC
[15:05:13] [81/456] SRKR
[15:05:14] [82/456] RMKN
[15:05:15] [83/456] SLRT
[15:05:16] [84/456] LKMT
[15:05:16] 🔄 Identity reset
[15:05:16] 🔄 Identity rotated (every 10 requests)
[15:05:16] 🔄 Retry 1/5 for LKMT in 2.3s
[15:05:16] 🔄 Identity reset
[15:05:19] 🧠 New identity created
[15:05:19] [85/456] SSRJ
[15:05:20] [86/456] SPHT
[15:05:21] [87/456] ANTT
[15:05:22] [88/456] SRCH
[15:05:23] [89/456] SRCA
[15:05:24] [90/456] ARTH
[15:05:25] [91/456] MCBH
[15:05:26] [92/456] SNIB
[15:05:27] [93/456] SART
[15:05:28] 🔄 Identity reset
[15:05:28] 🔄 Identity rotated (every 10 requests)
[15:05:28] 🔄 Retry 1/5 for SART in 3.0s
[15:05:28] 🔄 Identity reset
[15:05:31] 🧠 New identity created
[15:05:31] [94/456] SKTA
[15:05:32] [95/456] YAKT
[15:05:33] [96/456] MLCK
[15:05:34] [97/456] ANTS
[15:05:34] [98/456] DGCA
[15:05:35] [99/456] SGMP
[15:05:36] [100/456] ASWN
[15:05:38] [101/456] KFVU
[15:05:39] [102/456] POOR
[15:05:39] 🔄 Identity reset
[15:05:39] 🔄 Identity rotated (every 10 requests)
[15:05:39] [103/456] GKDN
[15:05:40] [104/456] EOSE
[15:05:41] [105/456] GTTT
[15:05:42] [106/456] ARRO
[15:05:44] [107/456] CMMK
[15:05:45] [108/456] MSCN
[15:05:45] [109/456] GDKH
[15:05:46] [110/456] DLMT
[15:05:47] [111/456] PVMF
[15:05:48] [112/456] CPCK
[15:05:49] 🔄 Identity reset
[15:05:49] 🔄 Identity rotated (every 10 requests)
[15:05:49] [113/456] VMHE
[15:05:50] [114/456] PVLC
[15:05:51] [115/456] PCVB
[15:05:52] [116/456] SNYK
[15:05:53] [117/456] KTEK
[15:05:53] [118/456] PCNM
[15:05:54] [119/456] NTTR
[15:05:56] [120/456] CPSK
[15:05:57] [121/456] JMMA
[15:05:58] [122/456] GCFK
[15:05:59] 🔄 Identity reset
[15:05:59] 🔄 Identity rotated (every 10 requests)
[15:05:59] [123/456] MYCA
[15:06:00] [124/456] KSNP
[15:06:01] [125/456] PMCE
[15:06:02] [126/456] SCKI
[15:06:03] [127/456] FSMA
[15:06:04] [128/456] CETA
[15:06:05] [129/456] MCIK
[15:06:07] [130/456] MYCR
[15:06:08] [131/456] EVMP
[15:06:08] [132/456] SSGT
[15:06:09] 🔄 Identity reset
[15:06:09] 🔄 Identity rotated (every 10 requests)
[15:06:09] [133/456] KCTK
[15:06:10] [134/456] ZTKC
[15:06:12] [135/456] MMTA
[15:06:13] [136/456] MAJT
[15:06:14] [137/456] ACPK
[15:06:15] [138/456] JMAX
[15:06:16] [139/456] SETK
[15:06:16] [140/456] CAIS
[15:06:17] [141/456] AGCD
[15:06:18] [142/456] URCL
[15:06:18] 🔄 Identity reset
[15:06:19] 🔄 Identity rotated (every 10 requests)
[15:06:19] 🔄 Retry 1/5 for URCL in 2.5s
[15:06:19] 🔄 Identity reset
[15:06:21] 🧠 New identity created
[15:06:21] 🔄 Retry 2/5 for URCL in 4.8s
[15:06:21] 🔄 Identity reset
[15:06:26] 🧠 New identity created
[15:06:26] [143/456] VTDS
[15:06:27] [144/456] JCNM
[15:06:28] [145/456] KCAM
[15:06:29] [146/456] ADCU
[15:06:30] [147/456] GXYN
[15:06:30] [148/456] SMJG
[15:06:31] [149/456] EYCJ
[15:06:33] [150/456] CCEJ
[15:06:34] 🔄 Identity reset
[15:06:34] 🔄 Identity rotated (every 10 requests)
[15:06:34] [151/456] MARS
[15:06:34] [152/456] CPVJ
[15:06:36] [153/456] INVP
[15:06:37] [154/456] CPOV
[15:06:37] [155/456] VIJK
[15:06:38] [156/456] LAIM
[15:06:40] [157/456] STHV
[15:06:41] [158/456] SVLJ
[15:06:41] [159/456] ATVJ
[15:06:42] [160/456] JTSC
[15:06:43] 🔄 Identity reset
[15:06:43] 🔄 Identity rotated (every 10 requests)
[15:06:43] [161/456] RMTV
[15:06:44] [162/456] MGGG
[15:06:45] [163/456] SWTH
[15:06:46] [164/456] INVJ
[15:06:47] [165/456] PRSV
[15:06:48] [166/456] JATV
[15:06:49] [167/456] RCVD
[15:06:50] [168/456] BDMA
[15:06:51] [169/456] BLJI
[15:06:52] [170/456] SWOT
[15:06:53] 🔄 Identity reset
[15:06:53] 🔄 Identity rotated (every 10 requests)
[15:06:53] [171/456] SWRN
[15:06:54] [172/456] TVRA
[15:06:55] [173/456] NVRN
[15:06:55] [174/456] SIKC
[15:06:56] [175/456] VAKR
[15:06:57] [176/456] SYLN
[15:06:58] [177/456] KLJL
[15:06:59] [178/456] LKMY
[15:07:00] [179/456] VSLY
[15:07:01] [180/456] CIKO
[15:07:02] 🔄 Identity reset
[15:07:02] 🔄 Identity rotated (every 10 requests)
[15:07:02] 🔄 Retry 1/5 for CIKO in 2.5s
[15:07:02] 🔄 Identity reset
[15:07:04] 🧠 New identity created
[15:07:05] 🔄 Retry 2/5 for CIKO in 4.6s
[15:07:05] 🔄 Identity reset
[15:07:09] 🧠 New identity created
[15:07:09] 🔄 Retry 3/5 for CIKO in 8.6s
[15:07:09] 🔄 Identity reset
[15:07:18] 🧠 New identity created
[15:07:18] 🔄 Retry 4/5 for CIKO in 16.8s
[15:07:18] 🔄 Identity reset
[15:07:35] 🧠 New identity created
[15:07:35] [181/456] GPBG
[15:07:36] [182/456] CECM
[15:07:37] [183/456] SLKB
[15:07:37] [184/456] MTBO
[15:07:38] [185/456] SSHB
[15:07:39] [186/456] VPCS
[15:07:40] 🔄 Identity reset
[15:07:40] 🔄 Identity rotated (every 10 requests)
[15:07:40] [187/456] RCSR
[15:07:41] [188/456] RJRM
[15:07:42] [189/456] KPPB
[15:07:43] [190/456] SEDC
[15:07:44] [191/456] SCAI
[15:07:45] [192/456] RMTR
[15:07:47] [193/456] ASST
[15:07:48] [194/456] GCAK
[15:07:49] [195/456] ANNK
[15:07:50] [196/456] KDDF
[15:07:50] 🔄 Identity reset
[15:07:50] 🔄 Identity rotated (every 10 requests)
[15:07:51] [197/456] NRDP
[15:07:52] [198/456] PLAK
[15:07:53] [199/456] GCMC
[15:07:54] [200/456] ALPY
[15:07:55] [201/456] SICE
[15:07:56] [202/456] SISR
[15:07:57] [203/456] SRPZ
[15:07:58] [204/456] SRSW
[15:07:58] [205/456] SUYA
[15:07:59] [206/456] AMMT
[15:08:00] 🔄 Identity reset
[15:08:00] 🔄 Identity rotated (every 10 requests)
[15:08:00] [207/456] BHCU
[15:08:01] [208/456] KLPA
[15:08:02] [209/456] NVKH
[15:08:03] [210/456] JMRC
[15:08:03] [211/456] KTTT
[15:08:04] [212/456] MAGH
[15:08:05] [213/456] MMMX
[15:08:06] [214/456] SALJ
[15:08:07] [215/456] GTJA
[15:08:08] [216/456] MAHT
[15:08:08] 🔄 Identity reset
[15:08:08] 🔄 Identity rotated (every 10 requests)
[15:08:08] [217/456] SSNN
[15:08:09] [218/456] ARRP
[15:08:10] [219/456] ATNS
[15:08:11] [220/456] SKDT
[15:08:12] [221/456] ACAT
[15:08:13] [222/456] APRC
[15:08:14] [223/456] SWAG
[15:08:15] [224/456] SDPT
[15:08:16] [225/456] STPS
[15:08:17] [226/456] WWCZ
[15:08:17] 🔄 Identity reset
[15:08:17] 🔄 Identity rotated (every 10 requests)
[15:08:17] [227/456] LLCH
[15:08:18] [228/456] MZHA
[15:08:19] [229/456] CRJG
[15:08:20] [230/456] JGTK
[15:08:21] [231/456] KCSR
[15:08:22] [232/456] CHTL
[15:08:23] [233/456] EDSR
[15:08:24] [234/456] CSWO
[15:08:24] [235/456] CPVM
[15:08:25] [236/456] MXBY
[15:08:26] 🔄 Identity reset
[15:08:26] 🔄 Identity rotated (every 10 requests)
[15:08:26] [237/456] FMMA
[15:08:27] [238/456] POVI
[15:08:28] [239/456] MTHB
[15:08:29] [240/456] INRC
[15:08:30] [241/456] PIPP
[15:08:31] [242/456] BMXC
[15:08:32] [243/456] PCMM
[15:08:33] [244/456] PMKM
[15:08:34] [245/456] GATY
[15:08:35] [246/456] IMCM
[15:08:35] 🔄 Identity reset
[15:08:35] 🔄 Identity rotated (every 10 requests)
[15:08:35] 🔄 Retry 1/5 for IMCM in 2.2s
[15:08:35] 🔄 Identity reset
[15:08:38] 🧠 New identity created
[15:08:38] 🔄 Retry 2/5 for IMCM in 4.4s
[15:08:38] 🔄 Identity reset
[15:08:42] 🧠 New identity created
[15:08:42] 🔄 Retry 3/5 for IMCM in 8.2s
[15:08:42] 🔄 Identity reset
[15:08:50] 🧠 New identity created
[15:08:51] [247/456] POPE
[15:08:51] [248/456] MTCR
[15:08:52] [249/456] PVAE
[15:08:53] [250/456] PVMI
[15:08:54] [251/456] CPNM
[15:08:55] [252/456] FMRL
[15:08:56] [253/456] MCIW
[15:08:56] 🔄 Identity reset
[15:08:56] 🔄 Identity rotated (every 10 requests)
[15:08:56] 🔄 Retry 1/5 for MCIW in 2.4s
[15:08:56] 🔄 Identity reset
[15:08:59] 🧠 New identity created
[15:08:59] [254/456] MXBO
[15:09:00] [255/456] FMKY
[15:09:01] [256/456] FMDA
[15:09:01] [257/456] THAB
[15:09:02] [258/456] PRCW
[15:09:03] [259/456] PITI
[15:09:04] [260/456] MCFF
[15:09:05] [261/456] PDDV
[15:09:06] [262/456] MCRM
[15:09:06] 🔄 Identity reset
[15:09:06] 🔄 Identity rotated (every 10 requests)
[15:09:06] [263/456] KKMB
[15:09:07] [264/456] INKO
[15:09:08] [265/456] PLXP
[15:09:09] [266/456] MMHA
[15:09:10] [267/456] FMVS
[15:09:11] [268/456] POLM
[15:09:12] [269/456] STER
[15:09:13] [270/456] PVWJ
[15:09:13] [271/456] IMJW
[15:09:14] [272/456] FNAN
[15:09:15] 🔄 Identity reset
[15:09:15] 🔄 Identity rotated (every 10 requests)
[15:09:15] [273/456] CAGL
[15:09:16] [274/456] IPBG
[15:09:17] [275/456] SMFV
[15:09:18] [276/456] MMMR
[15:09:19] [277/456] MMWM
[15:09:20] [278/456] FNCM
[15:09:21] [279/456] MDVA
[15:09:22] [280/456] MMET
[15:09:23] [281/456] MIDO
[15:09:24] [282/456] INNP
[15:09:24] 🔄 Identity reset
[15:09:24] 🔄 Identity rotated (every 10 requests)
[15:09:24] [283/456] MIFU
[15:09:25] [284/456] MMSZ
[15:09:26] [285/456] BMXA
[15:09:27] [286/456] MCAA
[15:09:28] [287/456] SCVP
[15:09:29] [288/456] PLUS
[15:09:30] [289/456] MUCK
[15:09:31] [290/456] MTMA
[15:09:32] [291/456] HPVR
[15:09:32] [292/456] PMPK
[15:09:33] 🔄 Identity reset
[15:09:33] 🔄 Identity rotated (every 10 requests)
[15:09:33] [293/456] MAJB
[15:09:34] [294/456] CTRR
[15:09:35] [295/456] MCTG
[15:09:36] [296/456] MACE
[15:09:37] [297/456] AAAS
[15:09:38] [298/456] CPVV
[15:09:39] [299/456] RCHG
[15:09:40] [300/456] MCNE
[15:09:41] [301/456] EMNC
[15:09:42] [302/456] MCAN
[15:09:43] 🔄 Identity reset
[15:09:43] 🔄 Identity rotated (every 10 requests)
[15:09:43] [303/456] TCDM
[15:09:44] [304/456] IRGT
[15:09:45] [305/456] GCMG
[15:09:46] [306/456] MXSN
[15:09:46] [307/456] MXCK
[15:09:48] [308/456] MCRC
[15:09:48] [309/456] RSMI
[15:09:49] [310/456] WAML
[15:09:50] [311/456] MTSC
[15:09:51] [312/456] FMDR
[15:09:51] 🔄 Identity reset
[15:09:51] 🔄 Identity rotated (every 10 requests)
[15:09:52] [313/456] LEPV
[15:09:52] [314/456] MTGD
[15:09:53] [315/456] IMOB
[15:09:54] [316/456] CLMM
[15:09:55] [317/456] PZCD
[15:09:56] [318/456] GOCS
[15:09:57] [319/456] KCMA
[15:09:58] [320/456] CCMP
[15:09:59] [321/456] MTSU
[15:10:00] [322/456] SNGL
[15:10:00] 🔄 Identity reset
[15:10:00] 🔄 Identity rotated (every 10 requests)
[15:10:00] 🔄 Retry 1/5 for SNGL in 2.1s
[15:10:00] 🔄 Identity reset
[15:10:02] 🧠 New identity created
[15:10:03] [323/456] MMMC
[15:10:04] [324/456] MMAA
[15:10:05] [325/456] GCDM
[15:10:05] [326/456] KTMV
[15:10:06] [327/456] AETE
[15:10:07] [328/456] OMCS
[15:10:08] [329/456] GDCD
[15:10:09] [330/456] NYMD
[15:10:10] [331/456] RNCV
[15:10:10] 🔄 Identity reset
[15:10:10] 🔄 Identity rotated (every 10 requests)
[15:10:11] [332/456] KKMT
[15:10:12] [333/456] GDTH
[15:10:13] [334/456] KMMV
[15:10:14] [335/456] NHCG
[15:10:15] [336/456] PJDW
[15:10:15] [337/456] MMCV
[15:10:16] [338/456] FQSA
[15:10:17] [339/456] KURL
[15:10:18] [340/456] NNNX
[15:10:19] [341/456] AMAU
[15:10:19] 🔄 Identity reset
[15:10:19] 🔄 Identity rotated (every 10 requests)
[15:10:20] [342/456] VVVM
[15:10:20] [343/456] VECU
[15:10:21] [344/456] WCVR
[15:10:22] [345/456] MTGG
[15:10:23] [346/456] SGTG
[15:10:23] [347/456] MNTG
[15:10:24] [348/456] JDDG
[15:10:25] [349/456] MBTK
[15:10:26] [350/456] SGCD
[15:10:27] [351/456] MCTC
[15:10:28] 🔄 Identity reset
[15:10:28] 🔄 Identity rotated (every 10 requests)
[15:10:28] 🔄 Retry 1/5 for MCTC in 2.6s
[15:10:28] 🔄 Identity reset
[15:10:30] 🧠 New identity created
[15:10:31] [352/456] JTPC
[15:10:32] [353/456] SDKT
[15:10:33] [354/456] KRCC
[15:10:33] [355/456] RMMD
[15:10:34] [356/456] AAME
[15:10:35] [357/456] TMWC
[15:10:36] [358/456] NRWY
[15:10:37] [359/456] CITD
[15:10:37] [360/456] VERD
[15:10:38] 🔄 Identity reset
[15:10:38] 🔄 Identity rotated (every 10 requests)
[15:10:38] [361/456] MKSK
[15:10:39] [362/456] STSM
[15:10:40] [363/456] MJDG
[15:10:40] [364/456] RKPM
[15:10:41] [365/456] SSCE
[15:10:42] [366/456] VMAE
[15:10:44] [367/456] SBRU
[15:10:45] [368/456] AMBC
[15:10:45] [369/456] AMLU
[15:10:46] [370/456] INVZ
[15:10:47] 🔄 Identity reset
[15:10:47] 🔄 Identity rotated (every 10 requests)
[15:10:47] [371/456] LGTV
[15:10:48] [372/456] SVAD
[15:10:49] [373/456] SMSA
[15:10:49] [374/456] SPCZ
[15:10:50] [375/456] GTCX
[15:10:51] [376/456] SCSL
[15:10:51] [377/456] SAHU
[15:10:53] [378/456] NCDA
[15:10:54] [379/456] SCCG
[15:10:54] [380/456] VKTL
[15:10:55] 🔄 Identity reset
[15:10:55] 🔄 Identity rotated (every 10 requests)
[15:10:55] [381/456] PUUJ
[15:10:56] [382/456] STEJ
[15:10:57] [383/456] RJAL
[15:10:57] [384/456] ACJC
[15:10:58] [385/456] ARVB
[15:10:59] [386/456] AUBB
[15:11:00] [387/456] GDBR
[15:11:01] [388/456] PVND
[15:11:01] [389/456] BGRJ
[15:11:02] [390/456] RJMM
[15:11:03] 🔄 Identity reset
[15:11:03] 🔄 Identity rotated (every 10 requests)
[15:11:03] [391/456] MCSA
[15:11:04] [392/456] BODA
[15:11:05] [393/456] JAGG
[15:11:06] [394/456] SCGA
[15:11:07] [395/456] LRCM
[15:11:09] [396/456] CPCN
[15:11:10] [397/456] SSTF
[15:11:11] [398/456] SRXP
[15:11:11] [399/456] CNFX
[15:11:12] [400/456] ANDI
[15:11:13] 🔄 Identity reset
[15:11:13] 🔄 Identity rotated (every 10 requests)
[15:11:13] [401/456] SYEW
[15:11:14] [402/456] RCRE
[15:11:15] [403/456] SCRW
[15:11:16] [404/456] MBKR
[15:11:16] [405/456] ASNT
[15:11:17] [406/456] JTMT
[15:11:18] [407/456] SHAY
[15:11:19] [408/456] VRTH
[15:11:20] [409/456] SPTI
[15:11:20] [410/456] DPTD
[15:11:21] 🔄 Identity reset
[15:11:21] 🔄 Identity rotated (every 10 requests)
[15:11:21] [411/456] TGSN
[15:11:22] [412/456] RCWV
[15:11:23] [413/456] OCUR
[15:11:24] [414/456] KSTC
[15:11:26] [415/456] SANI
[15:11:27] [416/456] MLCA
[15:11:27] [417/456] EGCA
[15:11:28] [418/456] SYSN
[15:11:29] [419/456] PKTA
[15:11:30] [420/456] PRCC
[15:11:31] 🔄 Identity reset
[15:11:31] 🔄 Identity rotated (every 10 requests)
[15:11:31] [421/456] KSTR
[15:11:32] [422/456] SNTP
[15:11:33] [423/456] RCHA
[15:11:34] [424/456] SEEA
[15:11:34] [425/456] ALAT
[15:11:35] [426/456] AATV
[15:11:36] [427/456] RJTE
[15:11:37] [428/456] AAPP
[15:11:37] [429/456] PMMH
[15:11:38] [430/456] INRJ
[15:11:39] 🔄 Identity reset
[15:11:39] 🔄 Identity rotated (every 10 requests)
[15:11:39] [431/456] SARB
[15:11:40] [432/456] PCJL
[15:11:41] [433/456] PFJJ
[15:11:42] [434/456] GRDC
[15:11:42] [435/456] BCBA
[15:11:44] [436/456] VIXL
[15:11:45] [437/456] CSTL
[15:11:46] [438/456] MTDK
[15:11:47] [439/456] TDAC
[15:11:48] [440/456] GTDN
[15:11:48] 🔄 Identity reset
[15:11:48] 🔄 Identity rotated (every 10 requests)
[15:11:48] [441/456] TTDE
[15:11:49] [442/456] ASTS
[15:11:50] [443/456] CPNS
[15:11:51] [444/456] PVVW
[15:11:52] [445/456] USEB
[15:11:53] [446/456] DTYN
[15:11:55] [447/456] PVLE
[15:11:55] [448/456] CIPS
[15:11:56] [449/456] PAEG
[15:11:57] [450/456] PTCW
[15:11:58] 🔄 Identity reset
[15:11:58] 🔄 Identity rotated (every 10 requests)
[15:11:59] [451/456] G3SR
[15:12:00] [452/456] PGND
[15:12:01] [453/456] INVM
[15:12:02] [454/456] SPIA
[15:12:03] [455/456] PCSN
[15:12:03] [456/456] PPGV
[15:12:04] 🧹 Deduping shows
[15:12:04] ✅ DONE | Shows=2807 | Movies=59
[16:06:57] 🚀 SCRIPT STARTED (enhanced anti‑detection)
[16:06:57] [1/456] FNDB
[16:06:58] 🧠 New identity created
[16:06:58] [2/456] AMBH
[16:06:59] [3/456] PRHN
[16:07:00] [4/456] ACPM
[16:07:01] [5/456] PVFS
[16:07:01] [6/456] AACN
[16:07:02] [7/456] ACAS
[16:07:03] [8/456] CTNR
[16:07:04] [9/456] MMAH
[16:07:04] [10/456] CPMH
[16:07:05] 🔄 Identity reset
[16:07:05] 🔄 Identity rotated (every 10 requests)
[16:07:05] [11/456] IGMH
[16:07:07] [12/456] ABCS
[16:07:07] [13/456] CMMA
[16:07:08] [14/456] GPRH
[16:07:08] [15/456] PNNG
[16:07:09] [16/456] AMCA
[16:07:10] [17/456] ISTN
[16:07:11] [18/456] PIIC
[16:07:12] [19/456] AHMH
[16:07:25] 🔄 Retry 1/5 for AHMH in 2.0s
[16:07:25] 🔄 Identity reset
[16:07:27] 🧠 New identity created
[16:07:27] 🔄 Identity reset
[16:07:27] 🔄 Identity rotated (every 10 requests)
[16:07:33] [20/456] ASHN
[16:07:34] [21/456] INHY
[16:07:35] [22/456] SRMO
[16:07:36] [23/456] PIMH
[16:07:36] [24/456] PVTS
[16:07:37] [25/456] MMCA
[16:07:38] [26/456] AKYJ
[16:07:39] [27/456] BRKH
[16:07:40] [28/456] MAHM
[16:07:41] [29/456] CPHY
[16:07:41] 🔄 Identity reset
[16:07:41] 🔄 Identity rotated (every 10 requests)
[16:07:41] [30/456] PVTP
[16:07:43] [31/456] SMMR
[16:07:44] [32/456] PVHM
[16:07:45] [33/456] SNDY
[16:07:46] [34/456] GOKU
[16:07:47] [35/456] ACEV
[16:07:48] [36/456] PVUM
[16:07:48] [37/456] VSWA
[16:07:49] [38/456] IPRS
[16:07:50] [39/456] BKMV
[16:07:51] 🔄 Identity reset
[16:07:51] 🔄 Identity rotated (every 10 requests)
[16:07:51] 🔄 Retry 1/5 for BKMV in 2.0s
[16:07:51] 🔄 Identity reset
[16:07:53] 🧠 New identity created
[16:07:53] 🔄 Retry 2/5 for BKMV in 4.3s
[16:07:53] 🔄 Identity reset
[16:07:57] 🧠 New identity created
[16:07:57] [40/456] PVYH
[16:07:59] [41/456] INKM
[16:08:00] [42/456] ARJU
[16:08:01] [43/456] JJPP
[16:08:02] [44/456] SSRM
[16:08:03] [45/456] HMHD
[16:08:04] [46/456] SNKH
[16:08:05] [47/456] ACHI
[16:08:05] 🔄 Identity reset
[16:08:05] 🔄 Identity rotated (every 10 requests)
[16:08:06] [48/456] MRAA
[16:08:06] [49/456] INMH
[16:08:07] [50/456] ARMH
[16:08:08] [51/456] DVRR
[16:08:09] [52/456] SUDA
[16:08:10] [53/456] MCSS
[16:08:11] [54/456] VRKC
[16:08:12] [55/456] PRCX
[16:08:13] [56/456] ASJY
[16:08:14] [57/456] MTHY
[16:08:14] 🔄 Identity reset
[16:08:14] 🔄 Identity rotated (every 10 requests)
[16:08:15] [58/456] SRCM
[16:08:16] [59/456] TVHY
[16:08:16] [60/456] STHD
[16:08:17] [61/456] CPCL
[16:08:18] [62/456] PSMJ
[16:08:19] [63/456] MRGT
[16:08:20] [64/456] ARYH
[16:08:21] [65/456] VTRB
[16:08:22] [66/456] SCHC
[16:08:23] [67/456] MRRG
[16:08:23] 🔄 Identity reset
[16:08:23] 🔄 Identity rotated (every 10 requests)
[16:08:24] [68/456] SPCB
[16:08:25] [69/456] AMCM
[16:08:26] [70/456] IVNM
[16:08:27] [71/456] TRHY
[16:08:28] [72/456] PTTH
[16:08:29] [73/456] RKMH
[16:08:30] [74/456] PRCS
[16:08:31] [75/456] VAJA
[16:08:32] [76/456] BJNG
[16:08:32] [77/456] SCVM
[16:08:33] 🔄 Identity reset
[16:08:33] 🔄 Identity rotated (every 10 requests)
[16:08:33] [78/456] GNHB
[16:08:34] [79/456] TLUR
[16:08:35] [80/456] UKCC
[16:08:36] [81/456] SRKR
[16:08:37] [82/456] RMKN
[16:08:38] [83/456] SLRT
[16:08:39] [84/456] LKMT
[16:08:40] [85/456] SSRJ
[16:08:41] [86/456] SPHT
[16:08:42] [87/456] ANTT
[16:08:42] 🔄 Identity reset
[16:08:42] 🔄 Identity rotated (every 10 requests)
[16:08:43] [88/456] SRCH
[16:08:45] [89/456] SRCA
[16:08:45] [90/456] ARTH
[16:08:46] [91/456] MCBH
[16:08:47] [92/456] SNIB
[16:08:48] [93/456] SART
[16:08:49] [94/456] SKTA
[16:08:50] [95/456] YAKT
[16:08:51] [96/456] MLCK
[16:08:51] [97/456] ANTS
[16:08:52] 🔄 Identity reset
[16:08:52] 🔄 Identity rotated (every 10 requests)
[16:08:52] 🔄 Retry 1/5 for ANTS in 2.1s
[16:08:52] 🔄 Identity reset
[16:08:54] 🧠 New identity created
[16:08:54] [98/456] DGCA
[16:08:55] [99/456] SGMP
[16:08:57] [100/456] ASWN
[16:08:58] [101/456] KFVU
[16:08:59] [102/456] POOR
[16:09:00] [103/456] GKDN
[16:09:01] [104/456] EOSE
[16:09:01] [105/456] GTTT
[16:09:03] [106/456] ARRO
[16:09:03] 🔄 Identity reset
[16:09:03] 🔄 Identity rotated (every 10 requests)
[16:09:04] [107/456] CMMK
[16:09:04] [108/456] MSCN
[16:09:05] [109/456] GDKH
[16:09:06] [110/456] DLMT
[16:09:07] [111/456] PVMF
[16:09:08] [112/456] CPCK
[16:09:09] [113/456] VMHE
[16:09:10] [114/456] PVLC
[16:09:10] [115/456] PCVB
[16:09:11] [116/456] SNYK
[16:09:11] 🔄 Identity reset
[16:09:11] 🔄 Identity rotated (every 10 requests)
[16:09:12] [117/456] KTEK
[16:09:13] [118/456] PCNM
[16:09:13] [119/456] NTTR
[16:09:14] [120/456] CPSK
[16:09:15] [121/456] JMMA
[16:09:15] [122/456] GCFK
[16:09:17] [123/456] MYCA
[16:09:18] [124/456] KSNP
[16:09:19] [125/456] PMCE
[16:09:19] [126/456] SCKI
[16:09:20] 🔄 Identity reset
[16:09:20] 🔄 Identity rotated (every 10 requests)
[16:09:20] [127/456] FSMA
[16:09:21] [128/456] CETA
[16:09:22] [129/456] MCIK
[16:09:24] [130/456] MYCR
[16:09:24] [131/456] EVMP
[16:09:25] [132/456] SSGT
[16:09:26] [133/456] KCTK
[16:09:27] [134/456] ZTKC
[16:09:28] [135/456] MMTA
[16:09:29] [136/456] MAJT
[16:09:29] 🔄 Identity reset
[16:09:29] 🔄 Identity rotated (every 10 requests)
[16:09:29] [137/456] ACPK
[16:09:30] [138/456] JMAX
[16:09:31] [139/456] SETK
[16:09:32] [140/456] CAIS
[16:09:32] [141/456] AGCD
[16:09:33] [142/456] URCL
[16:09:34] [143/456] VTDS
[16:09:35] [144/456] JCNM
[16:09:36] [145/456] KCAM
[16:09:37] [146/456] ADCU
[16:09:38] 🔄 Identity reset
[16:09:38] 🔄 Identity rotated (every 10 requests)
[16:09:38] [147/456] GXYN
[16:09:39] [148/456] SMJG
[16:09:40] [149/456] EYCJ
[16:09:41] [150/456] CCEJ
[16:09:42] [151/456] MARS
[16:09:43] [152/456] CPVJ
[16:09:44] [153/456] INVP
[16:09:44] [154/456] CPOV
[16:09:45] [155/456] VIJK
[16:09:46] [156/456] LAIM
[16:09:46] 🔄 Identity reset
[16:09:46] 🔄 Identity rotated (every 10 requests)
[16:09:46] 🔄 Retry 1/5 for LAIM in 2.6s
[16:09:46] 🔄 Identity reset
[16:09:49] 🧠 New identity created
[16:09:49] 🔄 Retry 2/5 for LAIM in 4.8s
[16:09:49] 🔄 Identity reset
[16:09:54] 🧠 New identity created
[16:09:54] 🔄 Retry 3/5 for LAIM in 8.1s
[16:09:54] 🔄 Identity reset
[16:10:02] 🧠 New identity created
[16:10:02] [157/456] STHV
[16:10:03] [158/456] SVLJ
[16:10:04] [159/456] ATVJ
[16:10:05] [160/456] JTSC
[16:10:06] [161/456] RMTV
[16:10:06] [162/456] MGGG
[16:10:07] [163/456] SWTH
[16:10:08] 🔄 Identity reset
[16:10:08] 🔄 Identity rotated (every 10 requests)
[16:10:08] [164/456] INVJ
[16:10:09] [165/456] PRSV
[16:10:09] [166/456] JATV
[16:10:10] [167/456] RCVD
[16:10:11] [168/456] BDMA
[16:10:12] [169/456] BLJI
[16:10:13] [170/456] SWOT
[16:10:14] [171/456] SWRN
[16:10:16] [172/456] TVRA
[16:10:17] [173/456] NVRN
[16:10:17] 🔄 Identity reset
[16:10:17] 🔄 Identity rotated (every 10 requests)
[16:10:17] [174/456] SIKC
[16:10:18] [175/456] VAKR
[16:10:19] [176/456] SYLN
[16:10:20] [177/456] KLJL
[16:10:21] [178/456] LKMY
[16:10:22] [179/456] VSLY
[16:10:23] [180/456] CIKO
[16:10:24] [181/456] GPBG
[16:10:25] [182/456] CECM
[16:10:26] [183/456] SLKB
[16:10:27] 🔄 Identity reset
[16:10:27] 🔄 Identity rotated (every 10 requests)
[16:10:27] 🔄 Retry 1/5 for SLKB in 2.2s
[16:10:27] 🔄 Identity reset
[16:10:29] 🧠 New identity created
[16:10:29] [184/456] MTBO
[16:10:30] [185/456] SSHB
[16:10:31] [186/456] VPCS
[16:10:32] [187/456] RCSR
[16:10:33] [188/456] RJRM
[16:10:34] [189/456] KPPB
[16:10:34] [190/456] SEDC
[16:10:35] [191/456] SCAI
[16:10:37] [192/456] RMTR
[16:10:37] 🔄 Identity reset
[16:10:37] 🔄 Identity rotated (every 10 requests)
[16:10:38] [193/456] ASST
[16:10:39] [194/456] GCAK
[16:10:39] [195/456] ANNK
[16:10:40] [196/456] KDDF
[16:10:41] [197/456] NRDP
[16:10:42] [198/456] PLAK
[16:10:43] [199/456] GCMC
[16:10:44] [200/456] ALPY
[16:10:45] [201/456] SICE
[16:10:46] [202/456] SISR
[16:10:46] 🔄 Identity reset
[16:10:46] 🔄 Identity rotated (every 10 requests)
[16:10:46] 🔄 Retry 1/5 for SISR in 2.2s
[16:10:46] 🔄 Identity reset
[16:10:48] 🧠 New identity created
[16:10:49] [203/456] SRPZ
[16:10:50] [204/456] SRSW
[16:10:51] [205/456] SUYA
[16:10:52] [206/456] AMMT
[16:10:53] [207/456] BHCU
[16:10:54] [208/456] KLPA
[16:10:55] [209/456] NVKH
[16:10:56] [210/456] JMRC
[16:10:56] [211/456] KTTT
[16:10:57] 🔄 Identity reset
[16:10:57] 🔄 Identity rotated (every 10 requests)
[16:10:57] [212/456] MAGH
[16:10:59] [213/456] MMMX
[16:11:00] [214/456] SALJ
[16:11:00] [215/456] GTJA
[16:11:01] [216/456] MAHT
[16:11:02] [217/456] SSNN
[16:11:04] [218/456] ARRP
[16:11:04] [219/456] ATNS
[16:11:06] [220/456] SKDT
[16:11:07] [221/456] ACAT
[16:11:08] 🔄 Identity reset
[16:11:08] 🔄 Identity rotated (every 10 requests)
[16:11:09] [222/456] APRC
[16:11:10] [223/456] SWAG
[16:11:11] [224/456] SDPT
[16:11:12] [225/456] STPS
[16:11:13] [226/456] WWCZ
[16:11:14] [227/456] LLCH
[16:11:15] [228/456] MZHA
[16:11:15] [229/456] CRJG
[16:11:16] [230/456] JGTK
[16:11:17] [231/456] KCSR
[16:11:17] 🔄 Identity reset
[16:11:17] 🔄 Identity rotated (every 10 requests)
[16:11:18] [232/456] CHTL
[16:11:19] [233/456] EDSR
[16:11:20] [234/456] CSWO
[16:11:20] [235/456] CPVM
[16:11:21] [236/456] MXBY
[16:11:22] [237/456] FMMA
[16:11:23] [238/456] POVI
[16:11:23] [239/456] MTHB
[16:11:24] [240/456] INRC
[16:11:26] [241/456] PIPP
[16:11:27] 🔄 Identity reset
[16:11:27] 🔄 Identity rotated (every 10 requests)
[16:11:27] 🔄 Retry 1/5 for PIPP in 2.2s
[16:11:27] 🔄 Identity reset
[16:11:29] 🧠 New identity created
[16:11:29] [242/456] BMXC
[16:11:30] [243/456] PCMM
[16:11:31] [244/456] PMKM
[16:11:31] [245/456] GATY
[16:11:32] [246/456] IMCM
[16:11:32] [247/456] POPE
[16:11:33] [248/456] MTCR
[16:11:34] [249/456] PVAE
[16:11:35] [250/456] PVMI
[16:11:35] 🔄 Identity reset
[16:11:35] 🔄 Identity rotated (every 10 requests)
[16:11:35] 🔄 Retry 1/5 for PVMI in 2.8s
[16:11:35] 🔄 Identity reset
[16:11:38] 🧠 New identity created
[16:11:38] [251/456] CPNM
[16:11:39] [252/456] FMRL
[16:11:40] [253/456] MCIW
[16:11:40] [254/456] MXBO
[16:11:42] [255/456] FMKY
[16:11:43] [256/456] FMDA
[16:11:45] [257/456] THAB
[16:11:46] [258/456] PRCW
[16:11:46] [259/456] PITI
[16:11:47] 🔄 Identity reset
[16:11:47] 🔄 Identity rotated (every 10 requests)
[16:11:47] 🔄 Retry 1/5 for PITI in 2.9s
[16:11:47] 🔄 Identity reset
[16:11:50] 🧠 New identity created
[16:11:50] [260/456] MCFF
[16:11:51] [261/456] PDDV
[16:11:51] [262/456] MCRM
[16:11:52] [263/456] KKMB
[16:11:53] [264/456] INKO
[16:11:53] [265/456] PLXP
[16:11:54] [266/456] MMHA
[16:11:55] [267/456] FMVS
[16:11:56] [268/456] POLM
[16:11:56] 🔄 Identity reset
[16:11:56] 🔄 Identity rotated (every 10 requests)
[16:11:56] 🔄 Retry 1/5 for POLM in 2.6s
[16:11:56] 🔄 Identity reset
[16:11:59] 🧠 New identity created
[16:12:00] [269/456] STER
[16:12:00] [270/456] PVWJ
[16:12:01] [271/456] IMJW
[16:12:02] [272/456] FNAN
[16:12:02] [273/456] CAGL
[16:12:03] [274/456] IPBG
[16:12:04] [275/456] SMFV
[16:12:05] [276/456] MMMR
[16:12:05] [277/456] MMWM
[16:12:06] 🔄 Identity reset
[16:12:06] 🔄 Identity rotated (every 10 requests)
[16:12:06] 🔄 Retry 1/5 for MMWM in 2.1s
[16:12:06] 🔄 Identity reset
[16:12:08] 🧠 New identity created
[16:12:09] [278/456] FNCM
[16:12:10] [279/456] MDVA
[16:12:11] [280/456] MMET
[16:12:12] [281/456] MIDO
[16:12:13] [282/456] INNP
[16:12:14] [283/456] MIFU
[16:12:14] [284/456] MMSZ
[16:12:15] [285/456] BMXA
[16:12:16] [286/456] MCAA
[16:12:17] 🔄 Identity reset
[16:12:17] 🔄 Identity rotated (every 10 requests)
[16:12:17] 🔄 Retry 1/5 for MCAA in 2.2s
[16:12:17] 🔄 Identity reset
[16:12:20] 🧠 New identity created
[16:12:20] 🔄 Retry 2/5 for MCAA in 4.4s
[16:12:20] 🔄 Identity reset
[16:12:24] 🧠 New identity created
[16:12:24] 🔄 Retry 3/5 for MCAA in 8.8s
[16:12:24] 🔄 Identity reset
[16:12:33] 🧠 New identity created
[16:12:33] [287/456] SCVP
[16:12:35] [288/456] PLUS
[16:12:35] [289/456] MUCK
[16:12:36] [290/456] MTMA
[16:12:38] [291/456] HPVR
[16:12:39] [292/456] PMPK
[16:12:40] [293/456] MAJB
[16:12:40] 🔄 Identity reset
[16:12:40] 🔄 Identity rotated (every 10 requests)
[16:12:41] [294/456] CTRR
[16:12:42] [295/456] MCTG
[16:12:42] [296/456] MACE
[16:12:43] [297/456] AAAS
[16:12:45] [298/456] CPVV
[16:12:46] [299/456] RCHG
[16:12:47] [300/456] MCNE
[16:12:47] [301/456] EMNC
[16:12:48] [302/456] MCAN
[16:12:49] [303/456] TCDM
[16:12:50] 🔄 Identity reset
[16:12:50] 🔄 Identity rotated (every 10 requests)
[16:12:50] 🔄 Retry 1/5 for TCDM in 2.6s
[16:12:50] 🔄 Identity reset
[16:12:53] 🧠 New identity created
[16:12:53] 🔄 Retry 2/5 for TCDM in 5.0s
[16:12:53] 🔄 Identity reset
[16:12:58] 🧠 New identity created
[16:12:58] [304/456] IRGT
[16:12:59] [305/456] GCMG
[16:13:00] [306/456] MXSN
[16:13:01] [307/456] MXCK
[16:13:02] [308/456] MCRC
[16:13:03] [309/456] RSMI
[16:13:04] [310/456] WAML
[16:13:04] [311/456] MTSC
[16:13:05] 🔄 Identity reset
[16:13:05] 🔄 Identity rotated (every 10 requests)
[16:13:05] 🔄 Retry 1/5 for MTSC in 2.6s
[16:13:05] 🔄 Identity reset
[16:13:08] 🧠 New identity created
[16:13:08] 🔄 Retry 2/5 for MTSC in 4.3s
[16:13:08] 🔄 Identity reset
[16:13:12] 🧠 New identity created
[16:13:12] 🔄 Retry 3/5 for MTSC in 8.2s
[16:13:12] 🔄 Identity reset
[16:13:20] 🧠 New identity created
[16:13:21] 🔄 Retry 4/5 for MTSC in 16.3s
[16:13:21] 🔄 Identity reset
[16:13:37] 🧠 New identity created
[16:13:37] [312/456] FMDR
[16:13:38] [313/456] LEPV
[16:13:39] [314/456] MTGD
[16:13:40] [315/456] IMOB
[16:13:41] [316/456] CLMM
[16:13:42] [317/456] PZCD
[16:13:42] 🔄 Identity reset
[16:13:42] 🔄 Identity rotated (every 10 requests)
[16:13:42] [318/456] GOCS
[16:13:43] [319/456] KCMA
[16:13:44] [320/456] CCMP
[16:13:45] [321/456] MTSU
[16:13:46] [322/456] SNGL
[16:13:46] [323/456] MMMC
[16:13:47] [324/456] MMAA
[16:13:48] [325/456] GCDM
[16:13:49] [326/456] KTMV
[16:13:50] [327/456] AETE
[16:13:51] 🔄 Identity reset
[16:13:51] 🔄 Identity rotated (every 10 requests)
[16:13:51] [328/456] OMCS
[16:13:52] [329/456] GDCD
[16:13:53] [330/456] NYMD
[16:13:54] [331/456] RNCV
[16:13:55] [332/456] KKMT
[16:13:56] [333/456] GDTH
[16:13:58] [334/456] KMMV
[16:13:59] [335/456] NHCG
[16:14:00] [336/456] PJDW
[16:14:01] [337/456] MMCV
[16:14:01] 🔄 Identity reset
[16:14:01] 🔄 Identity rotated (every 10 requests)
[16:14:01] 🔄 Retry 1/5 for MMCV in 2.8s
[16:14:01] 🔄 Identity reset
[16:14:04] 🧠 New identity created
[16:14:04] 🔄 Retry 2/5 for MMCV in 5.0s
[16:14:04] 🔄 Identity reset
[16:14:09] 🧠 New identity created
[16:14:10] [338/456] FQSA
[16:14:11] [339/456] KURL
[16:14:12] [340/456] NNNX
[16:14:14] [341/456] AMAU
[16:14:15] [342/456] VVVM
[16:14:16] [343/456] VECU
[16:14:17] [344/456] WCVR
[16:14:17] [345/456] MTGG
[16:14:18] 🔄 Identity reset
[16:14:18] 🔄 Identity rotated (every 10 requests)
[16:14:18] 🔄 Retry 1/5 for MTGG in 3.0s
[16:14:18] 🔄 Identity reset
[16:14:21] 🧠 New identity created
[16:14:22] [346/456] SGTG
[16:14:23] [347/456] MNTG
[16:14:23] [348/456] JDDG
[16:14:25] [349/456] MBTK
[16:14:26] [350/456] SGCD
[16:14:27] [351/456] MCTC
[16:14:28] [352/456] JTPC
[16:14:29] [353/456] SDKT
[16:14:29] [354/456] KRCC
[16:14:30] 🔄 Identity reset
[16:14:30] 🔄 Identity rotated (every 10 requests)
[16:14:30] 🔄 Retry 1/5 for KRCC in 2.3s
[16:14:30] 🔄 Identity reset
[16:14:32] 🧠 New identity created
[16:14:33] [355/456] RMMD
[16:14:34] [356/456] AAME
[16:14:35] [357/456] TMWC
[16:14:35] [358/456] NRWY
[16:14:37] [359/456] CITD
[16:14:38] [360/456] VERD
[16:14:39] [361/456] MKSK
[16:14:40] [362/456] STSM
[16:14:41] [363/456] MJDG
[16:14:42] 🔄 Identity reset
[16:14:42] 🔄 Identity rotated (every 10 requests)
[16:14:43] [364/456] RKPM
[16:14:44] [365/456] SSCE
[16:14:45] [366/456] VMAE
[16:14:46] [367/456] SBRU
[16:14:47] [368/456] AMBC
[16:14:48] [369/456] AMLU
[16:14:49] [370/456] INVZ
[16:14:50] [371/456] LGTV
[16:14:51] [372/456] SVAD
[16:14:52] [373/456] SMSA
[16:14:52] 🔄 Identity reset
[16:14:52] 🔄 Identity rotated (every 10 requests)
[16:14:52] [374/456] SPCZ
[16:14:53] [375/456] GTCX
[16:14:54] [376/456] SCSL
[16:14:55] [377/456] SAHU
[16:14:56] [378/456] NCDA
[16:14:57] [379/456] SCCG
[16:14:58] [380/456] VKTL
[16:14:59] [381/456] PUUJ
[16:15:00] [382/456] STEJ
[16:15:01] [383/456] RJAL
[16:15:01] 🔄 Identity reset
[16:15:01] 🔄 Identity rotated (every 10 requests)
[16:15:02] [384/456] ACJC
[16:15:03] [385/456] ARVB
[16:15:04] [386/456] AUBB
[16:15:05] [387/456] GDBR
[16:15:05] [388/456] PVND
[16:15:06] [389/456] BGRJ
[16:15:07] [390/456] RJMM
[16:15:08] [391/456] MCSA
[16:15:10] [392/456] BODA
[16:15:10] [393/456] JAGG
[16:15:11] 🔄 Identity reset
[16:15:11] 🔄 Identity rotated (every 10 requests)
[16:15:11] [394/456] SCGA
[16:15:12] [395/456] LRCM
[16:15:13] [396/456] CPCN
[16:15:14] [397/456] SSTF
[16:15:15] [398/456] SRXP
[16:15:16] [399/456] CNFX
[16:15:17] [400/456] ANDI
[16:15:17] [401/456] SYEW
[16:15:18] [402/456] RCRE
[16:15:19] [403/456] SCRW
[16:15:20] 🔄 Identity reset
[16:15:20] 🔄 Identity rotated (every 10 requests)
[16:15:20] [404/456] MBKR
[16:15:21] [405/456] ASNT
[16:15:22] [406/456] JTMT
[16:15:23] [407/456] SHAY
[16:15:24] [408/456] VRTH
[16:15:25] [409/456] SPTI
[16:15:26] [410/456] DPTD
[16:15:27] [411/456] TGSN
[16:15:28] [412/456] RCWV
[16:15:29] [413/456] OCUR
[16:15:30] 🔄 Identity reset
[16:15:30] 🔄 Identity rotated (every 10 requests)
[16:15:30] [414/456] KSTC
[16:15:31] [415/456] SANI
[16:15:32] [416/456] MLCA
[16:15:33] [417/456] EGCA
[16:15:34] [418/456] SYSN
[16:15:35] [419/456] PKTA
[16:15:36] [420/456] PRCC
[16:15:37] [421/456] KSTR
[16:15:38] [422/456] SNTP
[16:15:39] [423/456] RCHA
[16:15:39] 🔄 Identity reset
[16:15:39] 🔄 Identity rotated (every 10 requests)
[16:15:39] [424/456] SEEA
[16:15:41] [425/456] ALAT
[16:15:42] [426/456] AATV
[16:15:43] [427/456] RJTE
[16:15:44] [428/456] AAPP
[16:15:45] [429/456] PMMH
[16:15:46] [430/456] INRJ
[16:15:47] [431/456] SARB
[16:15:48] [432/456] PCJL
[16:15:49] [433/456] PFJJ
[16:15:50] 🔄 Identity reset
[16:15:50] 🔄 Identity rotated (every 10 requests)
[16:15:50] 🔄 Retry 1/5 for PFJJ in 2.0s
[16:15:50] 🔄 Identity reset
[16:15:52] 🧠 New identity created
[16:15:52] [434/456] GRDC
[16:15:53] [435/456] BCBA
[16:15:54] [436/456] VIXL
[16:15:55] [437/456] CSTL
[16:15:56] [438/456] MTDK
[16:15:57] [439/456] TDAC
[16:15:58] [440/456] GTDN
[16:15:59] [441/456] TTDE
[16:16:00] [442/456] ASTS
[16:16:01] 🔄 Identity reset
[16:16:01] 🔄 Identity rotated (every 10 requests)
[16:16:02] [443/456] CPNS
[16:16:03] [444/456] PVVW
[16:16:04] [445/456] USEB
[16:16:04] [446/456] DTYN
[16:16:05] [447/456] PVLE
[16:16:06] [448/456] CIPS
[16:16:08] [449/456] PAEG
[16:16:09] [450/456] PTCW
[16:16:10] [451/456] G3SR
[16:16:11] [452/456] PGND
[16:16:12] 🔄 Identity reset
[16:16:12] 🔄 Identity rotated (every 10 requests)
[16:16:12] 🔄 Retry 1/5 for PGND in 2.1s
[16:16:12] 🔄 Identity reset
[16:16:14] 🧠 New identity created
[16:16:14] [453/456] INVM
[16:16:15] [454/456] SPIA
[16:16:17] [455/456] PCSN
[16:16:18] [456/456] PPGV
[16:16:18] 🧹 Deduping shows
[16:16:18] ✅ DONE | Shows=2934 | Movies=64
[20:11:15] 🚀 SCRIPT STARTED (enhanced anti‑detection)
[20:11:15] [1/456] FNDB
[20:11:16] 🧠 New identity created
[20:11:16] 🔄 Retry 1/5 for FNDB in 2.7s
[20:11:16] 🔄 Identity reset
[20:11:19] 🧠 New identity created
[20:11:19] 🔄 Retry 2/5 for FNDB in 4.8s
[20:11:19] 🔄 Identity reset
[20:11:23] 🧠 New identity created
[20:11:24] [2/456] AMBH
[20:11:24] [3/456] PRHN
[20:11:25] [4/456] ACPM
[20:11:26] [5/456] PVFS
[20:11:27] [6/456] AACN
[20:11:28] [7/456] ACAS
[20:11:29] [8/456] CTNR
[20:11:29] 🔄 Identity reset
[20:11:29] 🔄 Identity rotated (every 10 requests)
[20:11:30] [9/456] MMAH
[20:11:30] [10/456] CPMH
[20:11:31] [11/456] IGMH
[20:11:32] [12/456] ABCS
[20:11:33] [13/456] CMMA
[20:11:35] [14/456] GPRH
[20:11:35] [15/456] PNNG
[20:11:36] [16/456] AMCA
[20:11:37] [17/456] ISTN
[20:11:38] [18/456] PIIC
[20:11:39] 🔄 Identity reset
[20:11:39] 🔄 Identity rotated (every 10 requests)
[20:11:39] [19/456] AHMH
[20:11:40] [20/456] ASHN
[20:11:41] [21/456] INHY
[20:11:42] [22/456] SRMO
[20:11:42] [23/456] PIMH
[20:11:43] [24/456] PVTS
[20:11:44] [25/456] MMCA
[20:11:45] [26/456] AKYJ
[20:11:46] [27/456] BRKH
[20:11:47] [28/456] MAHM
[20:11:48] 🔄 Identity reset
[20:11:48] 🔄 Identity rotated (every 10 requests)
[20:11:48] [29/456] CPHY
[20:11:49] [30/456] PVTP
[20:11:50] [31/456] SMMR
[20:11:50] [32/456] PVHM
[20:11:51] [33/456] SNDY
[20:11:52] [34/456] GOKU
[20:11:52] [35/456] ACEV
[20:11:53] [36/456] PVUM
[20:11:54] [37/456] VSWA
[20:11:55] [38/456] IPRS
[20:11:55] 🔄 Identity reset
[20:11:55] 🔄 Identity rotated (every 10 requests)
[20:11:56] 🔄 Retry 1/5 for IPRS in 2.8s
[20:11:56] 🔄 Identity reset
[20:11:58] 🧠 New identity created
[20:11:58] 🔄 Retry 2/5 for IPRS in 4.3s
[20:11:58] 🔄 Identity reset
[20:12:03] 🧠 New identity created
[20:12:03] [39/456] BKMV
[20:12:04] [40/456] PVYH
[20:12:04] [41/456] INKM
[20:12:05] [42/456] ARJU
[20:12:06] [43/456] JJPP
[20:12:07] [44/456] SSRM
[20:12:08] [45/456] HMHD
[20:12:09] [46/456] SNKH
[20:12:10] 🔄 Identity reset
[20:12:10] 🔄 Identity rotated (every 10 requests)
[20:12:10] [47/456] ACHI
[20:12:11] [48/456] MRAA
[20:12:12] [49/456] INMH
[20:12:12] [50/456] ARMH
[20:12:13] [51/456] DVRR
[20:12:14] [52/456] SUDA
[20:12:15] [53/456] MCSS
[20:12:16] [54/456] VRKC
[20:12:17] [55/456] PRCX
[20:12:18] [56/456] ASJY
[20:12:19] 🔄 Identity reset
[20:12:19] 🔄 Identity rotated (every 10 requests)
[20:12:19] [57/456] MTHY
[20:12:20] [58/456] SRCM
[20:12:20] [59/456] TVHY
[20:12:21] [60/456] STHD
[20:12:22] [61/456] CPCL
[20:12:23] [62/456] PSMJ
[20:12:24] [63/456] MRGT
[20:12:25] [64/456] ARYH
[20:12:25] [65/456] VTRB
[20:12:26] [66/456] SCHC
[20:12:27] 🔄 Identity reset
[20:12:27] 🔄 Identity rotated (every 10 requests)
[20:12:27] [67/456] MRRG
[20:12:28] [68/456] SPCB
[20:12:28] [69/456] AMCM
[20:12:29] [70/456] IVNM
[20:12:30] [71/456] TRHY
[20:12:31] [72/456] PTTH
[20:12:32] [73/456] RKMH
[20:12:32] [74/456] PRCS
[20:12:33] [75/456] VAJA
[20:12:34] [76/456] BJNG
[20:12:35] 🔄 Identity reset
[20:12:35] 🔄 Identity rotated (every 10 requests)
[20:12:35] 🔄 Retry 1/5 for BJNG in 2.3s
[20:12:35] 🔄 Identity reset
[20:12:37] 🧠 New identity created
[20:12:37] 🔄 Retry 2/5 for BJNG in 4.8s
[20:12:37] 🔄 Identity reset
[20:12:42] 🧠 New identity created
[20:12:42] [77/456] SCVM
[20:12:43] [78/456] GNHB
[20:12:44] [79/456] TLUR
[20:12:45] [80/456] UKCC
[20:12:46] [81/456] SRKR
[20:12:47] [82/456] RMKN
[20:12:48] [83/456] SLRT
[20:12:48] [84/456] LKMT
[20:12:49] 🔄 Identity reset
[20:12:49] 🔄 Identity rotated (every 10 requests)
[20:12:49] [85/456] SSRJ
[20:12:49] [86/456] SPHT
[20:12:50] [87/456] ANTT
[20:12:51] [88/456] SRCH
[20:12:52] [89/456] SRCA
[20:12:53] [90/456] ARTH
[20:12:55] [91/456] MCBH
[20:12:56] [92/456] SNIB
[20:12:57] [93/456] SART
[20:12:58] [94/456] SKTA
[20:12:58] 🔄 Identity reset
[20:12:58] 🔄 Identity rotated (every 10 requests)
[20:12:58] [95/456] YAKT
[20:12:59] [96/456] MLCK
[20:13:00] [97/456] ANTS
[20:13:01] [98/456] DGCA
[20:13:03] [99/456] SGMP
[20:13:03] [100/456] ASWN
[20:13:04] [101/456] KFVU
[20:13:05] [102/456] POOR
[20:13:06] [103/456] GKDN
[20:13:07] [104/456] EOSE
[20:13:08] 🔄 Identity reset
[20:13:08] 🔄 Identity rotated (every 10 requests)
[20:13:08] [105/456] GTTT
[20:13:09] [106/456] ARRO
[20:13:09] [107/456] CMMK
[20:13:10] [108/456] MSCN
[20:13:11] [109/456] GDKH
[20:13:12] [110/456] DLMT
[20:13:13] [111/456] PVMF
[20:13:14] [112/456] CPCK
[20:13:15] [113/456] VMHE
[20:13:15] [114/456] PVLC
[20:13:16] 🔄 Identity reset
[20:13:16] 🔄 Identity rotated (every 10 requests)
[20:13:16] [115/456] PCVB
[20:13:18] [116/456] SNYK
[20:13:19] [117/456] KTEK
[20:13:20] [118/456] PCNM
[20:13:21] [119/456] NTTR
[20:13:21] [120/456] CPSK
[20:13:22] [121/456] JMMA
[20:13:23] [122/456] GCFK
[20:13:24] [123/456] MYCA
[20:13:25] [124/456] KSNP
[20:13:25] 🔄 Identity reset
[20:13:25] 🔄 Identity rotated (every 10 requests)
[20:13:26] [125/456] PMCE
[20:13:26] [126/456] SCKI
[20:13:27] [127/456] FSMA
[20:13:28] [128/456] CETA
[20:13:29] [129/456] MCIK
[20:13:30] [130/456] MYCR
[20:13:32] [131/456] EVMP
[20:13:33] [132/456] SSGT
[20:13:34] [133/456] KCTK
[20:13:35] [134/456] ZTKC
[20:13:36] 🔄 Identity reset
[20:13:36] 🔄 Identity rotated (every 10 requests)
[20:13:36] [135/456] MMTA
[20:13:37] [136/456] MAJT
[20:13:38] [137/456] ACPK
[20:13:39] [138/456] JMAX
[20:13:39] [139/456] SETK
[20:13:40] [140/456] CAIS
[20:13:41] [141/456] AGCD
[20:13:43] [142/456] URCL
[20:13:43] [143/456] VTDS
[20:13:44] [144/456] JCNM
[20:13:44] 🔄 Identity reset
[20:13:44] 🔄 Identity rotated (every 10 requests)
[20:13:45] [145/456] KCAM
[20:13:46] [146/456] ADCU
[20:13:46] [147/456] GXYN
[20:13:47] [148/456] SMJG
[20:13:48] [149/456] EYCJ
[20:13:49] [150/456] CCEJ
[20:13:50] [151/456] MARS
[20:13:51] [152/456] CPVJ
[20:13:52] [153/456] INVP
[20:13:53] [154/456] CPOV
[20:13:53] 🔄 Identity reset
[20:13:53] 🔄 Identity rotated (every 10 requests)
[20:13:53] 🔄 Retry 1/5 for CPOV in 2.1s
[20:13:53] 🔄 Identity reset
[20:13:55] 🧠 New identity created
[20:13:56] [155/456] VIJK
[20:13:57] [156/456] LAIM
[20:13:58] [157/456] STHV
[20:13:58] [158/456] SVLJ
[20:13:59] [159/456] ATVJ
[20:14:00] [160/456] JTSC
[20:14:01] [161/456] RMTV
[20:14:02] [162/456] MGGG
[20:14:03] [163/456] SWTH
[20:14:04] 🔄 Identity reset
[20:14:04] 🔄 Identity rotated (every 10 requests)
[20:14:04] [164/456] INVJ
[20:14:04] [165/456] PRSV
[20:14:05] [166/456] JATV
[20:14:06] [167/456] RCVD
[20:14:07] [168/456] BDMA
[20:14:08] [169/456] BLJI
[20:14:09] [170/456] SWOT
[20:14:10] [171/456] SWRN
[20:14:11] [172/456] TVRA
[20:14:11] [173/456] NVRN
[20:14:12] 🔄 Identity reset
[20:14:12] 🔄 Identity rotated (every 10 requests)
[20:14:12] [174/456] SIKC
[20:14:13] [175/456] VAKR
[20:14:14] [176/456] SYLN
[20:14:15] [177/456] KLJL
[20:14:15] [178/456] LKMY
[20:14:16] [179/456] VSLY
[20:14:17] [180/456] CIKO
[20:14:18] [181/456] GPBG
[20:14:19] [182/456] CECM
[20:14:20] [183/456] SLKB
[20:14:21] 🔄 Identity reset
[20:14:21] 🔄 Identity rotated (every 10 requests)
[20:14:21] [184/456] MTBO
[20:14:23] [185/456] SSHB
[20:14:24] [186/456] VPCS
[20:14:24] [187/456] RCSR
[20:14:25] [188/456] RJRM
[20:14:26] [189/456] KPPB
[20:14:27] [190/456] SEDC
[20:14:28] [191/456] SCAI
[20:14:29] [192/456] RMTR
[20:14:30] [193/456] ASST
[20:14:31] 🔄 Identity reset
[20:14:31] 🔄 Identity rotated (every 10 requests)
[20:14:31] [194/456] GCAK
[20:14:32] [195/456] ANNK
[20:14:33] [196/456] KDDF
[20:14:34] [197/456] NRDP
[20:14:36] [198/456] PLAK
[20:14:36] [199/456] GCMC
[20:14:37] [200/456] ALPY
[20:14:38] [201/456] SICE
[20:14:39] [202/456] SISR
[20:14:40] [203/456] SRPZ
[20:14:41] 🔄 Identity reset
[20:14:41] 🔄 Identity rotated (every 10 requests)
[20:14:41] [204/456] SRSW
[20:14:42] [205/456] SUYA
[20:14:43] [206/456] AMMT
[20:14:43] [207/456] BHCU
[20:14:44] [208/456] KLPA
[20:14:45] [209/456] NVKH
[20:14:46] [210/456] JMRC
[20:14:47] [211/456] KTTT
[20:14:48] [212/456] MAGH
[20:14:49] [213/456] MMMX
[20:14:49] 🔄 Identity reset
[20:14:49] 🔄 Identity rotated (every 10 requests)
[20:14:50] [214/456] SALJ
[20:14:51] [215/456] GTJA
[20:14:52] [216/456] MAHT
[20:14:52] [217/456] SSNN
[20:14:53] [218/456] ARRP
[20:14:54] [219/456] ATNS
[20:14:55] [220/456] SKDT
[20:14:56] [221/456] ACAT
[20:14:57] [222/456] APRC
[20:14:58] [223/456] SWAG
[20:14:59] 🔄 Identity reset
[20:14:59] 🔄 Identity rotated (every 10 requests)
[20:14:59] [224/456] SDPT
[20:15:00] [225/456] STPS
[20:15:01] [226/456] WWCZ
[20:15:02] [227/456] LLCH
[20:15:03] [228/456] MZHA
[20:15:04] [229/456] CRJG
[20:15:04] [230/456] JGTK
[20:15:05] [231/456] KCSR
[20:15:06] [232/456] CHTL
[20:15:07] [233/456] EDSR
[20:15:07] 🔄 Identity reset
[20:15:08] 🔄 Identity rotated (every 10 requests)
[20:15:08] [234/456] CSWO
[20:15:09] [235/456] CPVM
[20:15:10] [236/456] MXBY
[20:15:11] [237/456] FMMA
[20:15:12] [238/456] POVI
[20:15:13] [239/456] MTHB
[20:15:14] [240/456] INRC
[20:15:15] [241/456] PIPP
[20:15:16] [242/456] BMXC
[20:15:17] [243/456] PCMM
[20:15:17] 🔄 Identity reset
[20:15:17] 🔄 Identity rotated (every 10 requests)
[20:15:18] [244/456] PMKM
[20:15:19] [245/456] GATY
[20:15:19] [246/456] IMCM
[20:15:20] [247/456] POPE
[20:15:21] [248/456] MTCR
[20:15:22] [249/456] PVAE
[20:15:23] [250/456] PVMI
[20:15:24] [251/456] CPNM
[20:15:25] [252/456] FMRL
[20:15:26] [253/456] MCIW
[20:15:27] 🔄 Identity reset
[20:15:27] 🔄 Identity rotated (every 10 requests)
[20:15:27] [254/456] MXBO
[20:15:28] [255/456] FMKY
[20:15:29] [256/456] FMDA
[20:15:30] [257/456] THAB
[20:15:30] [258/456] PRCW
[20:15:31] [259/456] PITI
[20:15:32] [260/456] MCFF
[20:15:33] [261/456] PDDV
[20:15:34] [262/456] MCRM
[20:15:35] [263/456] KKMB
[20:15:35] 🔄 Identity reset
[20:15:35] 🔄 Identity rotated (every 10 requests)
[20:15:36] [264/456] INKO
[20:15:37] [265/456] PLXP
[20:15:38] [266/456] MMHA
[20:15:39] [267/456] FMVS
[20:15:40] [268/456] POLM
[20:15:41] [269/456] STER
[20:15:42] [270/456] PVWJ
[20:15:43] [271/456] IMJW
[20:15:44] [272/456] FNAN
[20:15:45] [273/456] CAGL
[20:15:45] 🔄 Identity reset
[20:15:45] 🔄 Identity rotated (every 10 requests)
[20:15:46] [274/456] IPBG
[20:15:47] [275/456] SMFV
[20:15:47] [276/456] MMMR
[20:15:48] [277/456] MMWM
[20:15:49] [278/456] FNCM
[20:15:50] [279/456] MDVA
[20:15:51] [280/456] MMET
[20:15:52] [281/456] MIDO
[20:15:53] [282/456] INNP
[20:15:55] [283/456] MIFU
[20:15:55] 🔄 Identity reset
[20:15:55] 🔄 Identity rotated (every 10 requests)
[20:15:55] 🔄 Retry 1/5 for MIFU in 2.7s
[20:15:55] 🔄 Identity reset
[20:15:58] 🧠 New identity created
[20:15:58] 🔄 Retry 2/5 for MIFU in 4.1s
[20:15:58] 🔄 Identity reset
[20:16:02] 🧠 New identity created
[20:16:02] 🔄 Retry 3/5 for MIFU in 8.9s
[20:16:02] 🔄 Identity reset
[20:16:11] 🧠 New identity created
[20:16:11] 🔄 Retry 4/5 for MIFU in 16.1s
[20:16:11] 🔄 Identity reset
[20:16:27] 🧠 New identity created
[20:16:28] [284/456] MMSZ
[20:16:28] [285/456] BMXA
[20:16:29] [286/456] MCAA
[20:16:30] [287/456] SCVP
[20:16:31] [288/456] PLUS
[20:16:32] [289/456] MUCK
[20:16:32] 🔄 Identity reset
[20:16:32] 🔄 Identity rotated (every 10 requests)
[20:16:33] [290/456] MTMA
[20:16:34] [291/456] HPVR
[20:16:35] [292/456] PMPK
[20:16:35] [293/456] MAJB
[20:16:36] [294/456] CTRR
[20:16:37] [295/456] MCTG
[20:16:38] [296/456] MACE
[20:16:39] [297/456] AAAS
[20:16:40] [298/456] CPVV
[20:16:41] [299/456] RCHG
[20:16:42] 🔄 Identity reset
[20:16:42] 🔄 Identity rotated (every 10 requests)
[20:16:42] [300/456] MCNE
[20:16:43] [301/456] EMNC
[20:16:44] [302/456] MCAN
[20:16:45] [303/456] TCDM
[20:16:46] [304/456] IRGT
[20:16:47] [305/456] GCMG
[20:16:49] [306/456] MXSN
[20:16:50] [307/456] MXCK
[20:16:51] [308/456] MCRC
[20:16:52] [309/456] RSMI
[20:16:52] 🔄 Identity reset
[20:16:52] 🔄 Identity rotated (every 10 requests)
[20:16:52] [310/456] WAML
[20:16:53] [311/456] MTSC
[20:16:54] [312/456] FMDR
[20:16:56] [313/456] LEPV
[20:16:57] [314/456] MTGD
[20:16:58] [315/456] IMOB
[20:16:58] [316/456] CLMM
[20:16:59] [317/456] PZCD
[20:17:00] [318/456] GOCS
[20:17:01] [319/456] KCMA
[20:17:01] 🔄 Identity reset
[20:17:01] 🔄 Identity rotated (every 10 requests)
[20:17:03] [320/456] CCMP
[20:17:03] [321/456] MTSU
[20:17:04] [322/456] SNGL
[20:17:05] [323/456] MMMC
[20:17:07] [324/456] MMAA
[20:17:08] [325/456] GCDM
[20:17:09] [326/456] KTMV
[20:17:10] [327/456] AETE
[20:17:11] [328/456] OMCS
[20:17:12] [329/456] GDCD
[20:17:12] 🔄 Identity reset
[20:17:12] 🔄 Identity rotated (every 10 requests)
[20:17:13] [330/456] NYMD
[20:17:14] [331/456] RNCV
[20:17:14] [332/456] KKMT
[20:17:15] [333/456] GDTH
[20:17:16] [334/456] KMMV
[20:17:18] [335/456] NHCG
[20:17:19] [336/456] PJDW
[20:17:20] [337/456] MMCV
[20:17:21] [338/456] FQSA
[20:17:22] [339/456] KURL
[20:17:23] 🔄 Identity reset
[20:17:23] 🔄 Identity rotated (every 10 requests)
[20:17:23] [340/456] NNNX
[20:17:24] [341/456] AMAU
[20:17:25] [342/456] VVVM
[20:17:26] [343/456] VECU
[20:17:26] [344/456] WCVR
[20:17:27] [345/456] MTGG
[20:17:28] [346/456] SGTG
[20:17:29] [347/456] MNTG
[20:17:30] [348/456] JDDG
[20:17:30] [349/456] MBTK
[20:17:31] 🔄 Identity reset
[20:17:31] 🔄 Identity rotated (every 10 requests)
[20:17:32] [350/456] SGCD
[20:17:33] [351/456] MCTC
[20:17:34] [352/456] JTPC
[20:17:35] [353/456] SDKT
[20:17:36] [354/456] KRCC
[20:17:37] [355/456] RMMD
[20:17:38] [356/456] AAME
[20:17:39] [357/456] TMWC
[20:17:40] [358/456] NRWY
[20:17:41] [359/456] CITD
[20:17:42] 🔄 Identity reset
[20:17:42] 🔄 Identity rotated (every 10 requests)
[20:17:43] [360/456] VERD
[20:17:44] [361/456] MKSK
[20:17:45] [362/456] STSM
[20:17:47] [363/456] MJDG
[20:17:48] [364/456] RKPM
[20:17:48] [365/456] SSCE
[20:17:49] [366/456] VMAE
[20:17:50] [367/456] SBRU
[20:17:51] [368/456] AMBC
[20:17:52] [369/456] AMLU
[20:17:53] 🔄 Identity reset
[20:17:53] 🔄 Identity rotated (every 10 requests)
[20:17:53] [370/456] INVZ
[20:17:54] [371/456] LGTV
[20:17:56] [372/456] SVAD
[20:17:56] [373/456] SMSA
[20:17:58] [374/456] SPCZ
[20:17:59] [375/456] GTCX
[20:18:00] [376/456] SCSL
[20:18:01] [377/456] SAHU
[20:18:02] [378/456] NCDA
[20:18:03] [379/456] SCCG
[20:18:03] 🔄 Identity reset
[20:18:03] 🔄 Identity rotated (every 10 requests)
[20:18:04] [380/456] VKTL
[20:18:05] [381/456] PUUJ
[20:18:05] [382/456] STEJ
[20:18:06] [383/456] RJAL
[20:18:07] [384/456] ACJC
[20:18:08] [385/456] ARVB
[20:18:10] [386/456] AUBB
[20:18:11] [387/456] GDBR
[20:18:13] [388/456] PVND
[20:18:14] [389/456] BGRJ
[20:18:15] 🔄 Identity reset
[20:18:15] 🔄 Identity rotated (every 10 requests)
[20:18:15] [390/456] RJMM
[20:18:16] [391/456] MCSA
[20:18:17] [392/456] BODA
[20:18:18] [393/456] JAGG
[20:18:19] [394/456] SCGA
[20:18:20] [395/456] LRCM
[20:18:21] [396/456] CPCN
[20:18:22] [397/456] SSTF
[20:18:23] [398/456] SRXP
[20:18:24] [399/456] CNFX
[20:18:24] 🔄 Identity reset
[20:18:24] 🔄 Identity rotated (every 10 requests)
[20:18:25] [400/456] ANDI
[20:18:26] [401/456] SYEW
[20:18:27] [402/456] RCRE
[20:18:28] [403/456] SCRW
[20:18:30] [404/456] MBKR
[20:18:30] [405/456] ASNT
[20:18:31] [406/456] JTMT
[20:18:32] [407/456] SHAY
[20:18:33] [408/456] VRTH
[20:18:34] [409/456] SPTI
[20:18:35] 🔄 Identity reset
[20:18:35] 🔄 Identity rotated (every 10 requests)
[20:18:35] [410/456] DPTD
[20:18:36] [411/456] TGSN
[20:18:37] [412/456] RCWV
[20:18:38] [413/456] OCUR
[20:18:39] [414/456] KSTC
[20:18:40] [415/456] SANI
[20:18:41] [416/456] MLCA
[20:18:42] [417/456] EGCA
[20:18:42] [418/456] SYSN
[20:18:43] [419/456] PKTA
[20:18:44] 🔄 Identity reset
[20:18:44] 🔄 Identity rotated (every 10 requests)
[20:18:44] 🔄 Retry 1/5 for PKTA in 2.3s
[20:18:44] 🔄 Identity reset
[20:18:46] 🧠 New identity created
[20:18:47] [420/456] PRCC
[20:18:48] [421/456] KSTR
[20:18:48] [422/456] SNTP
[20:18:49] [423/456] RCHA
[20:18:50] [424/456] SEEA
[20:18:51] [425/456] ALAT
[20:18:52] [426/456] AATV
[20:18:53] [427/456] RJTE
[20:18:53] [428/456] AAPP
[20:18:54] 🔄 Identity reset
[20:18:54] 🔄 Identity rotated (every 10 requests)
[20:18:54] [429/456] PMMH
[20:18:55] [430/456] INRJ
[20:18:56] [431/456] SARB
[20:18:57] [432/456] PCJL
[20:18:58] [433/456] PFJJ
[20:18:59] [434/456] GRDC
[20:19:00] [435/456] BCBA
[20:19:00] [436/456] VIXL
[20:19:01] [437/456] CSTL
[20:19:02] [438/456] MTDK
[20:19:03] 🔄 Identity reset
[20:19:03] 🔄 Identity rotated (every 10 requests)
[20:19:03] [439/456] TDAC
[20:19:04] [440/456] GTDN
[20:19:05] [441/456] TTDE
[20:19:06] [442/456] ASTS
[20:19:07] [443/456] CPNS
[20:19:08] [444/456] PVVW
[20:19:09] [445/456] USEB
[20:19:10] [446/456] DTYN
[20:19:11] [447/456] PVLE
[20:19:12] [448/456] CIPS
[20:19:13] 🔄 Identity reset
[20:19:13] 🔄 Identity rotated (every 10 requests)
[20:19:13] 🔄 Retry 1/5 for CIPS in 2.3s
[20:19:13] 🔄 Identity reset
[20:19:15] 🧠 New identity created
[20:19:15] [449/456] PAEG
[20:19:16] [450/456] PTCW
[20:19:17] [451/456] G3SR
[20:19:18] [452/456] PGND
[20:19:18] [453/456] INVM
[20:19:19] [454/456] SPIA
[20:19:20] [455/456] PCSN
[20:19:22] [456/456] PPGV
[20:19:23] 🧹 Deduping shows
[20:19:23] ✅ DONE | Shows=3638 | Movies=68
[07:37:28] 🚀 SCRIPT STARTED
[07:37:28] [1/456] FNDB
[07:37:28] 🧠 New identity created
[07:37:29] 🔄 Retry 1/5 for FNDB in 2.1s
[07:37:29] 🔄 Identity reset
[07:37:31] 🧠 New identity created
[07:37:31] [2/456] AMBH
[07:37:32] [3/456] PRHN
[07:37:33] [4/456] ACPM
[07:37:34] [5/456] PVFS
[07:37:35] [6/456] AACN
[07:37:36] [7/456] ACAS
[07:37:37] [8/456] CTNR
[07:37:37] [9/456] MMAH
[07:37:37] 🔄 Identity reset
[07:37:37] 🔄 Identity rotated (every 10 requests)
[07:37:38] [10/456] CPMH
[07:37:39] [11/456] IGMH
[07:37:41] [12/456] ABCS
[07:37:41] [13/456] CMMA
[07:37:42] [14/456] GPRH
[07:37:43] [15/456] PNNG
[07:37:44] [16/456] AMCA
[07:37:45] [17/456] ISTN
[07:37:46] [18/456] PIIC
[07:37:47] [19/456] AHMH
[07:37:47] 🔄 Identity reset
[07:37:47] 🔄 Identity rotated (every 10 requests)
[07:37:47] [20/456] ASHN
[07:37:48] [21/456] INHY
[07:37:50] [22/456] SRMO
[07:37:50] [23/456] PIMH
[07:37:51] [24/456] PVTS
[07:37:53] [25/456] MMCA
[07:37:53] [26/456] AKYJ
[07:37:54] [27/456] BRKH
[07:37:55] [28/456] MAHM
[07:37:56] [29/456] CPHY
[07:37:56] 🔄 Identity reset
[07:37:56] 🔄 Identity rotated (every 10 requests)
[07:37:56] 🔄 Retry 1/5 for CPHY in 3.0s
[07:37:56] 🔄 Identity reset
[07:37:59] 🧠 New identity created
[07:38:00] [30/456] PVTP
[07:38:01] [31/456] SMMR
[07:38:01] [32/456] PVHM
[07:38:02] [33/456] SNDY
[07:38:03] [34/456] GOKU
[07:38:04] [35/456] ACEV
[07:38:05] [36/456] PVUM
[07:38:06] [37/456] VSWA
[07:38:07] [38/456] IPRS
[07:38:07] 🔄 Identity reset
[07:38:07] 🔄 Identity rotated (every 10 requests)
[07:38:08] [39/456] BKMV
[07:38:09] [40/456] PVYH
[07:38:10] [41/456] INKM
[07:38:11] [42/456] ARJU
[07:38:12] [43/456] JJPP
[07:38:13] [44/456] SSRM
[07:38:14] [45/456] HMHD
[07:38:16] [46/456] SNKH
[07:38:16] [47/456] ACHI
[07:38:18] [48/456] MRAA
[07:38:18] 🔄 Identity reset
[07:38:18] 🔄 Identity rotated (every 10 requests)
[07:38:19] [49/456] INMH
[07:38:19] [50/456] ARMH
[07:38:20] [51/456] DVRR
[07:38:21] [52/456] SUDA
[07:38:22] [53/456] MCSS
[07:38:23] [54/456] VRKC
[07:38:24] [55/456] PRCX
[07:38:24] [56/456] ASJY
[07:38:25] [57/456] MTHY
[07:38:27] [58/456] SRCM
[07:38:27] 🔄 Identity reset
[07:38:27] 🔄 Identity rotated (every 10 requests)
[07:38:28] [59/456] TVHY
[07:38:29] [60/456] STHD
[07:38:30] [61/456] CPCL
[07:38:31] [62/456] PSMJ
[07:38:32] [63/456] MRGT
[07:38:33] [64/456] ARYH
[07:38:34] [65/456] VTRB
[07:38:35] [66/456] SCHC
[07:38:35] [67/456] MRRG
[07:38:36] [68/456] SPCB
[07:38:36] 🔄 Identity reset
[07:38:36] 🔄 Identity rotated (every 10 requests)
[07:38:36] 🔄 Retry 1/5 for SPCB in 2.7s
[07:38:36] 🔄 Identity reset
[07:38:39] 🧠 New identity created
[07:38:41] [69/456] AMCM
[07:38:42] [70/456] IVNM
[07:38:43] [71/456] TRHY
[07:38:44] [72/456] PTTH
[07:38:44] [73/456] RKMH
[07:38:45] [74/456] PRCS
[07:38:46] [75/456] VAJA
[07:38:47] [76/456] BJNG
[07:38:48] [77/456] SCVM
[07:38:48] 🔄 Identity reset
[07:38:48] 🔄 Identity rotated (every 10 requests)
[07:38:48] 🔄 Retry 1/5 for SCVM in 2.1s
[07:38:48] 🔄 Identity reset
[07:38:50] 🧠 New identity created
[07:38:51] [78/456] GNHB
[07:38:52] [79/456] TLUR
[07:38:53] [80/456] UKCC
[07:38:54] [81/456] SRKR
[07:38:54] [82/456] RMKN
[07:38:55] [83/456] SLRT
[07:38:56] [84/456] LKMT
[07:38:57] [85/456] SSRJ
[07:38:58] [86/456] SPHT
[07:38:58] 🔄 Identity reset
[07:38:58] 🔄 Identity rotated (every 10 requests)
[07:38:58] 🔄 Retry 1/5 for SPHT in 2.9s
[07:38:58] 🔄 Identity reset
[07:39:01] 🧠 New identity created
[07:39:02] [87/456] ANTT
[07:39:03] [88/456] SRCH
[07:39:04] [89/456] SRCA
[07:39:04] [90/456] ARTH
[07:39:05] [91/456] MCBH
[07:39:06] [92/456] SNIB
[07:39:07] [93/456] SART
[07:39:08] [94/456] SKTA
[07:39:09] [95/456] YAKT
[07:39:09] 🔄 Identity reset
[07:39:09] 🔄 Identity rotated (every 10 requests)
[07:39:09] [96/456] MLCK
[07:39:10] [97/456] ANTS
[07:39:11] [98/456] DGCA
[07:39:12] [99/456] SGMP
[07:39:13] [100/456] ASWN
[07:39:14] [101/456] KFVU
[07:39:15] [102/456] POOR
[07:39:16] [103/456] GKDN
[07:39:17] [104/456] EOSE
[07:39:18] [105/456] GTTT
[07:39:18] 🔄 Identity reset
[07:39:18] 🔄 Identity rotated (every 10 requests)
[07:39:18] 🔄 Retry 1/5 for GTTT in 2.5s
[07:39:18] 🔄 Identity reset
[07:39:21] 🧠 New identity created
[07:39:22] [106/456] ARRO
[07:39:23] [107/456] CMMK
[07:39:24] [108/456] MSCN
[07:39:25] [109/456] GDKH
[07:39:26] [110/456] DLMT
[07:39:27] [111/456] PVMF
[07:39:28] [112/456] CPCK
[07:39:29] [113/456] VMHE
[07:39:29] [114/456] PVLC
[07:39:29] 🔄 Identity reset
[07:39:29] 🔄 Identity rotated (every 10 requests)
[07:39:30] [115/456] PCVB
[07:39:31] [116/456] SNYK
[07:39:32] [117/456] KTEK
[07:39:34] [118/456] PCNM
[07:39:35] [119/456] NTTR
[07:39:35] [120/456] CPSK
[07:39:37] [121/456] JMMA
[07:39:38] [122/456] GCFK
[07:39:39] [123/456] MYCA
[07:39:40] [124/456] KSNP
[07:39:40] 🔄 Identity reset
[07:39:40] 🔄 Identity rotated (every 10 requests)
[07:39:41] [125/456] PMCE
[07:39:42] [126/456] SCKI
[07:39:43] [127/456] FSMA
[07:39:44] [128/456] CETA
[07:39:45] [129/456] MCIK
[07:39:46] [130/456] MYCR
[07:39:47] [131/456] EVMP
[07:39:48] [132/456] SSGT
[07:39:49] [133/456] KCTK
[07:39:50] [134/456] ZTKC
[07:39:50] 🔄 Identity reset
[07:39:50] 🔄 Identity rotated (every 10 requests)
[07:39:51] [135/456] MMTA
[07:39:52] [136/456] MAJT
[07:39:53] [137/456] ACPK
[07:39:54] [138/456] JMAX
[07:39:55] [139/456] SETK
[07:39:56] [140/456] CAIS
[07:39:57] [141/456] AGCD
[07:39:58] [142/456] URCL
[07:39:59] [143/456] VTDS
[07:40:00] [144/456] JCNM
[07:40:00] 🔄 Identity reset
[07:40:00] 🔄 Identity rotated (every 10 requests)
[07:40:00] 🔄 Retry 1/5 for JCNM in 2.4s
[07:40:00] 🔄 Identity reset
[07:40:02] 🧠 New identity created
[07:40:02] 🔄 Retry 2/5 for JCNM in 4.3s
[07:40:02] 🔄 Identity reset
[07:40:06] 🧠 New identity created
[07:40:07] [145/456] KCAM
[07:40:09] [146/456] ADCU
[07:40:10] [147/456] GXYN
[07:40:11] [148/456] SMJG
[07:40:12] [149/456] EYCJ
[07:40:12] [150/456] CCEJ
[07:40:13] [151/456] MARS
[07:40:14] [152/456] CPVJ
[07:40:14] 🔄 Identity reset
[07:40:14] 🔄 Identity rotated (every 10 requests)
[07:40:15] [153/456] INVP
[07:40:16] [154/456] CPOV
[07:40:17] [155/456] VIJK
[07:40:17] [156/456] LAIM
[07:40:18] [157/456] STHV
[07:40:19] [158/456] SVLJ
[07:40:20] [159/456] ATVJ
[07:40:21] [160/456] JTSC
[07:40:22] [161/456] RMTV
[07:40:23] [162/456] MGGG
[07:40:23] 🔄 Identity reset
[07:40:23] 🔄 Identity rotated (every 10 requests)
[07:40:24] [163/456] SWTH
[07:40:25] [164/456] INVJ
[07:40:26] [165/456] PRSV
[07:40:27] [166/456] JATV
[07:40:28] [167/456] RCVD
[07:40:29] [168/456] BDMA
[07:40:30] [169/456] BLJI
[07:40:31] [170/456] SWOT
[07:40:32] [171/456] SWRN
[07:40:33] [172/456] TVRA
[07:40:33] 🔄 Identity reset
[07:40:33] 🔄 Identity rotated (every 10 requests)
[07:40:34] [173/456] NVRN
[07:40:35] [174/456] SIKC
[07:40:35] [175/456] VAKR
[07:40:37] [176/456] SYLN
[07:40:38] [177/456] KLJL
[07:40:38] [178/456] LKMY
[07:40:39] [179/456] VSLY
[07:40:40] [180/456] CIKO
[07:40:41] [181/456] GPBG
[07:40:42] [182/456] CECM
[07:40:42] 🔄 Identity reset
[07:40:42] 🔄 Identity rotated (every 10 requests)
[07:40:42] 🔄 Retry 1/5 for CECM in 2.5s
[07:40:42] 🔄 Identity reset
[07:40:44] 🧠 New identity created
[07:40:45] [183/456] SLKB
[07:40:46] [184/456] MTBO
[07:40:47] [185/456] SSHB
[07:40:48] [186/456] VPCS
[07:40:49] [187/456] RCSR
[07:40:50] [188/456] RJRM
[07:40:51] [189/456] KPPB
[07:40:52] [190/456] SEDC
[07:40:53] [191/456] SCAI
[07:40:53] 🔄 Identity reset
[07:40:53] 🔄 Identity rotated (every 10 requests)
[07:40:54] [192/456] RMTR
[07:40:56] [193/456] ASST
[07:40:57] [194/456] GCAK
[07:40:57] [195/456] ANNK
[07:40:58] [196/456] KDDF
[07:41:00] [197/456] NRDP
[07:41:01] [198/456] PLAK
[07:41:01] [199/456] GCMC
[07:41:02] [200/456] ALPY
[07:41:03] [201/456] SICE
[07:41:03] 🔄 Identity reset
[07:41:03] 🔄 Identity rotated (every 10 requests)
[07:41:04] [202/456] SISR
[07:41:05] [203/456] SRPZ
[07:41:06] [204/456] SRSW
[07:41:07] [205/456] SUYA
[07:41:07] [206/456] AMMT
[07:41:08] [207/456] BHCU
[07:41:09] [208/456] KLPA
[07:41:10] [209/456] NVKH
[07:41:11] [210/456] JMRC
[07:41:12] [211/456] KTTT
[07:41:12] 🔄 Identity reset
[07:41:12] 🔄 Identity rotated (every 10 requests)
[07:41:12] 🔄 Retry 1/5 for KTTT in 2.7s
[07:41:12] 🔄 Identity reset
[07:41:14] 🧠 New identity created
[07:41:14] 🔄 Retry 2/5 for KTTT in 5.0s
[07:41:14] 🔄 Identity reset
[07:41:19] 🧠 New identity created
[07:41:20] [212/456] MAGH
[07:41:22] [213/456] MMMX
[07:41:23] [214/456] SALJ
[07:41:24] [215/456] GTJA
[07:41:25] [216/456] MAHT
[07:41:26] [217/456] SSNN
[07:41:27] [218/456] ARRP
[07:41:28] [219/456] ATNS
[07:41:28] 🔄 Identity reset
[07:41:28] 🔄 Identity rotated (every 10 requests)
[07:41:28] 🔄 Retry 1/5 for ATNS in 2.9s
[07:41:28] 🔄 Identity reset
[07:41:31] 🧠 New identity created
[07:41:32] [220/456] SKDT
[07:41:33] [221/456] ACAT
[07:41:33] [222/456] APRC
[07:41:34] [223/456] SWAG
[07:41:35] [224/456] SDPT
[07:41:36] [225/456] STPS
[07:41:37] [226/456] WWCZ
[07:41:38] [227/456] LLCH
[07:41:39] [228/456] MZHA
[07:41:39] 🔄 Identity reset
[07:41:39] 🔄 Identity rotated (every 10 requests)
[07:41:40] [229/456] CRJG
[07:41:41] [230/456] JGTK
[07:41:42] [231/456] KCSR
[07:41:43] [232/456] CHTL
[07:41:44] [233/456] EDSR
[07:41:45] [234/456] CSWO
[07:41:45] [235/456] CPVM
[07:41:46] [236/456] MXBY
[07:41:47] [237/456] FMMA
[07:41:48] [238/456] POVI
[07:41:48] 🔄 Identity reset
[07:41:48] 🔄 Identity rotated (every 10 requests)
[07:41:48] 🔄 Retry 1/5 for POVI in 2.4s
[07:41:48] 🔄 Identity reset
[07:41:51] 🧠 New identity created
[07:41:52] [239/456] MTHB
[07:41:53] [240/456] INRC
[07:41:55] [241/456] PIPP
[07:41:56] [242/456] BMXC
[07:41:57] [243/456] PCMM
[07:41:57] [244/456] PMKM
[07:41:58] [245/456] GATY
[07:41:59] [246/456] IMCM
[07:42:00] [247/456] POPE
[07:42:00] 🔄 Identity reset
[07:42:00] 🔄 Identity rotated (every 10 requests)
[07:42:00] 🔄 Retry 1/5 for POPE in 2.6s
[07:42:00] 🔄 Identity reset
[07:42:03] 🧠 New identity created
[07:42:04] [248/456] MTCR
[07:42:05] [249/456] PVAE
[07:42:06] [250/456] PVMI
[07:42:07] [251/456] CPNM
[07:42:08] [252/456] FMRL
[07:42:09] [253/456] MCIW
[07:42:10] [254/456] MXBO
[07:42:11] [255/456] FMKY
[07:42:12] [256/456] FMDA
[07:42:12] 🔄 Identity reset
[07:42:12] 🔄 Identity rotated (every 10 requests)
[07:42:13] [257/456] THAB
[07:42:15] [258/456] PRCW
[07:42:16] [259/456] PITI
[07:42:17] [260/456] MCFF
[07:42:18] [261/456] PDDV
[07:42:19] [262/456] MCRM
[07:42:20] [263/456] KKMB
[07:42:21] [264/456] INKO
[07:42:22] [265/456] PLXP
[07:42:23] [266/456] MMHA
[07:42:23] 🔄 Identity reset
[07:42:23] 🔄 Identity rotated (every 10 requests)
[07:42:24] [267/456] FMVS
[07:42:24] [268/456] POLM
[07:42:26] [269/456] STER
[07:42:27] [270/456] PVWJ
[07:42:28] [271/456] IMJW
[07:42:28] [272/456] FNAN
[07:42:29] [273/456] CAGL
[07:42:30] [274/456] IPBG
[07:42:31] [275/456] SMFV
[07:42:32] [276/456] MMMR
[07:42:32] 🔄 Identity reset
[07:42:32] 🔄 Identity rotated (every 10 requests)
[07:42:33] [277/456] MMWM
[07:42:34] [278/456] FNCM
[07:42:35] [279/456] MDVA
[07:42:36] [280/456] MMET
[07:42:37] [281/456] MIDO
[07:42:38] [282/456] INNP
[07:42:39] [283/456] MIFU
[07:42:40] [284/456] MMSZ
[07:42:41] [285/456] BMXA
[07:42:42] [286/456] MCAA
[07:42:42] 🔄 Identity reset
[07:42:42] 🔄 Identity rotated (every 10 requests)
[07:42:43] [287/456] SCVP
[07:42:44] [288/456] PLUS
[07:42:45] [289/456] MUCK
[07:42:46] [290/456] MTMA
[07:42:47] [291/456] HPVR
[07:42:47] [292/456] PMPK
[07:42:48] [293/456] MAJB
[07:42:50] [294/456] CTRR
[07:42:51] [295/456] MCTG
[07:42:52] [296/456] MACE
[07:42:52] 🔄 Identity reset
[07:42:52] 🔄 Identity rotated (every 10 requests)
[07:42:52] [297/456] AAAS
[07:42:54] [298/456] CPVV
[07:42:55] [299/456] RCHG
[07:42:56] [300/456] MCNE
[07:42:57] [301/456] EMNC
[07:42:57] [302/456] MCAN
[07:42:58] [303/456] TCDM
[07:42:59] [304/456] IRGT
[07:43:00] [305/456] GCMG
[07:43:01] [306/456] MXSN
[07:43:01] 🔄 Identity reset
[07:43:01] 🔄 Identity rotated (every 10 requests)
[07:43:03] [307/456] MXCK
[07:43:03] [308/456] MCRC
[07:43:04] [309/456] RSMI
[07:43:05] [310/456] WAML
[07:43:06] [311/456] MTSC
[07:43:07] [312/456] FMDR
[07:43:08] [313/456] LEPV
[07:43:09] [314/456] MTGD
[07:43:10] [315/456] IMOB
[07:43:11] [316/456] CLMM
[07:43:11] 🔄 Identity reset
[07:43:11] 🔄 Identity rotated (every 10 requests)
[07:43:12] [317/456] PZCD
[07:43:13] [318/456] GOCS
[07:43:13] [319/456] KCMA
[07:43:15] [320/456] CCMP
[07:43:16] [321/456] MTSU
[07:43:17] [322/456] SNGL
[07:43:18] [323/456] MMMC
[07:43:19] [324/456] MMAA
[07:43:20] [325/456] GCDM
[07:43:21] [326/456] KTMV
[07:43:21] 🔄 Identity reset
[07:43:21] 🔄 Identity rotated (every 10 requests)
[07:43:21] 🔄 Retry 1/5 for KTMV in 2.7s
[07:43:21] 🔄 Identity reset
[07:43:24] 🧠 New identity created
[07:43:25] [327/456] AETE
[07:43:26] [328/456] OMCS
[07:43:27] [329/456] GDCD
[07:43:27] [330/456] NYMD
[07:43:28] [331/456] RNCV
[07:43:29] [332/456] KKMT
[07:43:30] [333/456] GDTH
[07:43:31] [334/456] KMMV
[07:43:31] [335/456] NHCG
[07:43:31] 🔄 Identity reset
[07:43:31] 🔄 Identity rotated (every 10 requests)
[07:43:32] [336/456] PJDW
[07:43:33] [337/456] MMCV
[07:43:34] [338/456] FQSA
[07:43:35] [339/456] KURL
[07:43:36] [340/456] NNNX
[07:43:37] [341/456] AMAU
[07:43:38] [342/456] VVVM
[07:43:38] [343/456] VECU
[07:43:39] [344/456] WCVR
[07:43:40] [345/456] MTGG
[07:43:40] 🔄 Identity reset
[07:43:40] 🔄 Identity rotated (every 10 requests)
[07:43:40] 🔄 Retry 1/5 for MTGG in 2.6s
[07:43:40] 🔄 Identity reset
[07:43:43] 🧠 New identity created
[07:43:44] [346/456] SGTG
[07:43:45] [347/456] MNTG
[07:43:46] [348/456] JDDG
[07:43:47] [349/456] MBTK
[07:43:47] [350/456] SGCD
[07:43:48] [351/456] MCTC
[07:43:49] [352/456] JTPC
[07:43:50] [353/456] SDKT
[07:43:51] [354/456] KRCC
[07:43:51] 🔄 Identity reset
[07:43:51] 🔄 Identity rotated (every 10 requests)
[07:43:52] [355/456] RMMD
[07:43:53] [356/456] AAME
[07:43:54] [357/456] TMWC
[07:43:55] [358/456] NRWY
[07:43:56] [359/456] CITD
[07:43:57] [360/456] VERD
[07:43:57] [361/456] MKSK
[07:43:58] [362/456] STSM
[07:43:59] [363/456] MJDG
[07:44:00] [364/456] RKPM
[07:44:00] 🔄 Identity reset
[07:44:00] 🔄 Identity rotated (every 10 requests)
[07:44:00] 🔄 Retry 1/5 for RKPM in 2.0s
[07:44:00] 🔄 Identity reset
[07:44:02] 🧠 New identity created
[07:44:03] [365/456] SSCE
[07:44:04] [366/456] VMAE
[07:44:05] [367/456] SBRU
[07:44:06] [368/456] AMBC
[07:44:07] [369/456] AMLU
[07:44:07] [370/456] INVZ
[07:44:08] [371/456] LGTV
[07:44:09] [372/456] SVAD
[07:44:11] [373/456] SMSA
[07:44:11] 🔄 Identity reset
[07:44:11] 🔄 Identity rotated (every 10 requests)
[07:44:11] 🔄 Retry 1/5 for SMSA in 2.1s
[07:44:11] 🔄 Identity reset
[07:44:13] 🧠 New identity created
[07:44:14] [374/456] SPCZ
[07:44:15] [375/456] GTCX
[07:44:16] [376/456] SCSL
[07:44:16] [377/456] SAHU
[07:44:17] [378/456] NCDA
[07:44:18] [379/456] SCCG
[07:44:19] [380/456] VKTL
[07:44:20] [381/456] PUUJ
[07:44:21] [382/456] STEJ
[07:44:21] 🔄 Identity reset
[07:44:21] 🔄 Identity rotated (every 10 requests)
[07:44:22] [383/456] RJAL
[07:44:22] [384/456] ACJC
[07:44:23] [385/456] ARVB
[07:44:24] [386/456] AUBB
[07:44:25] [387/456] GDBR
[07:44:26] [388/456] PVND
[07:44:27] [389/456] BGRJ
[07:44:28] [390/456] RJMM
[07:44:28] [391/456] MCSA
[07:44:29] [392/456] BODA
[07:44:29] 🔄 Identity reset
[07:44:29] 🔄 Identity rotated (every 10 requests)
[07:44:30] [393/456] JAGG
[07:44:31] [394/456] SCGA
[07:44:32] [395/456] LRCM
[07:44:33] [396/456] CPCN
[07:44:34] [397/456] SSTF
[07:44:35] [398/456] SRXP
[07:44:36] [399/456] CNFX
[07:44:37] [400/456] ANDI
[07:44:38] [401/456] SYEW
[07:44:39] [402/456] RCRE
[07:44:39] 🔄 Identity reset
[07:44:39] 🔄 Identity rotated (every 10 requests)
[07:44:40] [403/456] SCRW
[07:44:41] [404/456] MBKR
[07:44:42] [405/456] ASNT
[07:44:43] [406/456] JTMT
[07:44:44] [407/456] SHAY
[07:44:45] [408/456] VRTH
[07:44:46] [409/456] SPTI
[07:44:47] [410/456] DPTD
[07:44:48] [411/456] TGSN
[07:44:49] [412/456] RCWV
[07:44:49] 🔄 Identity reset
[07:44:49] 🔄 Identity rotated (every 10 requests)
[07:44:49] [413/456] OCUR
[07:44:50] [414/456] KSTC
[07:44:51] [415/456] SANI
[07:44:52] [416/456] MLCA
[07:44:54] [417/456] EGCA
[07:44:54] [418/456] SYSN
[07:44:55] [419/456] PKTA
[07:44:56] [420/456] PRCC
[07:44:57] [421/456] KSTR
[07:44:58] [422/456] SNTP
[07:44:58] 🔄 Identity reset
[07:44:58] 🔄 Identity rotated (every 10 requests)
[07:44:59] [423/456] RCHA
[07:45:00] [424/456] SEEA
[07:45:01] [425/456] ALAT
[07:45:02] [426/456] AATV
[07:45:03] [427/456] RJTE
[07:45:04] [428/456] AAPP
[07:45:05] [429/456] PMMH
[07:45:06] [430/456] INRJ
[07:45:07] [431/456] SARB
[07:45:08] [432/456] PCJL
[07:45:08] 🔄 Identity reset
[07:45:08] 🔄 Identity rotated (every 10 requests)
[07:45:08] [433/456] PFJJ
[07:45:09] [434/456] GRDC
[07:45:10] [435/456] BCBA
[07:45:11] [436/456] VIXL
[07:45:12] [437/456] CSTL
[07:45:13] [438/456] MTDK
[07:45:14] [439/456] TDAC
[07:45:14] [440/456] GTDN
[07:45:15] [441/456] TTDE
[07:45:16] [442/456] ASTS
[07:45:16] 🔄 Identity reset
[07:45:16] 🔄 Identity rotated (every 10 requests)
[07:45:17] [443/456] CPNS
[07:45:18] [444/456] PVVW
[07:45:20] [445/456] USEB
[07:45:20] [446/456] DTYN
[07:45:21] [447/456] PVLE
[07:45:22] [448/456] CIPS
[07:45:23] [449/456] PAEG
[07:45:23] [450/456] PTCW
[07:45:24] [451/456] G3SR
[07:45:25] [452/456] PGND
[07:45:25] 🔄 Identity reset
[07:45:25] 🔄 Identity rotated (every 10 requests)
[07:45:26] [453/456] INVM
[07:45:27] [454/456] SPIA
[07:45:28] [455/456] PCSN
[07:45:29] [456/456] PPGV
[07:45:30] 🧹 Deduping shows
[07:45:30] ✅ DONE | Shows=4870 | Movies=83
[08:56:44] 🚀 SCRIPT STARTED
[08:56:44] [1/456] FNDB
[08:56:44] 🧠 New identity created
[08:56:45] 🔄 Retry 1/5 for FNDB in 2.6s
[08:56:45] 🔄 Identity reset
[08:56:47] 🧠 New identity created
[08:56:48] [2/456] AMBH
[08:56:49] [3/456] PRHN
[08:56:50] [4/456] ACPM
[08:56:51] [5/456] PVFS
[08:56:52] [6/456] AACN
[08:56:53] [7/456] ACAS
[08:56:54] [8/456] CTNR
[08:56:54] [9/456] MMAH
[08:56:54] 🔄 Identity reset
[08:56:54] 🔄 Identity rotated (every 10 requests)
[08:56:55] [10/456] CPMH
[08:56:56] [11/456] IGMH
[08:56:58] [12/456] ABCS
[08:56:59] [13/456] CMMA
[08:56:59] [14/456] GPRH
[08:57:00] [15/456] PNNG
[08:57:02] [16/456] AMCA
[08:57:02] [17/456] ISTN
[08:57:03] [18/456] PIIC
[08:57:05] [19/456] AHMH
[08:57:05] 🔄 Identity reset
[08:57:05] 🔄 Identity rotated (every 10 requests)
[08:57:05] 🔄 Retry 1/5 for AHMH in 3.0s
[08:57:05] 🔄 Identity reset
[08:57:08] 🧠 New identity created
[08:57:08] 🔄 Retry 2/5 for AHMH in 4.5s
[08:57:08] 🔄 Identity reset
[08:57:13] 🧠 New identity created
[08:57:14] [20/456] ASHN
[08:57:15] [21/456] INHY
[08:57:16] [22/456] SRMO
[08:57:17] [23/456] PIMH
[08:57:18] [24/456] PVTS
[08:57:19] [25/456] MMCA
[08:57:20] [26/456] AKYJ
[08:57:21] [27/456] BRKH
[08:57:21] 🔄 Identity reset
[08:57:21] 🔄 Identity rotated (every 10 requests)
[08:57:22] [28/456] MAHM
[08:57:23] [29/456] CPHY
[08:57:24] [30/456] PVTP
[08:57:25] [31/456] SMMR
[08:57:26] [32/456] PVHM
[08:57:27] [33/456] SNDY
[08:57:27] [34/456] GOKU
[08:57:29] [35/456] ACEV
[08:57:30] [36/456] PVUM
[08:57:31] [37/456] VSWA
[08:57:31] 🔄 Identity reset
[08:57:31] 🔄 Identity rotated (every 10 requests)
[08:57:32] [38/456] IPRS
[08:57:33] [39/456] BKMV
[08:57:34] [40/456] PVYH
[08:57:35] [41/456] INKM
[08:57:36] [42/456] ARJU
[08:57:37] [43/456] JJPP
[08:57:38] [44/456] SSRM
[08:57:39] [45/456] HMHD
[08:57:39] [46/456] SNKH
[08:57:40] [47/456] ACHI
[08:57:40] 🔄 Identity reset
[08:57:40] 🔄 Identity rotated (every 10 requests)
[08:57:41] [48/456] MRAA
[08:57:42] [49/456] INMH
[08:57:43] [50/456] ARMH
[08:57:44] [51/456] DVRR
[08:57:45] [52/456] SUDA
[08:57:46] [53/456] MCSS
[08:57:47] [54/456] VRKC
[08:57:48] [55/456] PRCX
[08:57:49] [56/456] ASJY
[08:57:49] [57/456] MTHY
[08:57:49] 🔄 Identity reset
[08:57:49] 🔄 Identity rotated (every 10 requests)
[08:57:51] [58/456] SRCM
[08:57:51] [59/456] TVHY
[08:57:52] [60/456] STHD
[08:57:53] [61/456] CPCL
[08:57:54] [62/456] PSMJ
[08:57:55] [63/456] MRGT
[08:57:56] [64/456] ARYH
[08:57:57] [65/456] VTRB
[08:57:58] [66/456] SCHC
[08:57:59] [67/456] MRRG
[08:57:59] 🔄 Identity reset
[08:57:59] 🔄 Identity rotated (every 10 requests)
[08:58:00] [68/456] SPCB
[08:58:01] [69/456] AMCM
[08:58:02] [70/456] IVNM
[08:58:02] [71/456] TRHY
[08:58:04] [72/456] PTTH
[08:58:05] [73/456] RKMH
[08:58:05] [74/456] PRCS
[08:58:06] [75/456] VAJA
[08:58:08] [76/456] BJNG
[08:58:09] [77/456] SCVM
[08:58:09] 🔄 Identity reset
[08:58:09] 🔄 Identity rotated (every 10 requests)
[08:58:10] [78/456] GNHB
[08:58:11] [79/456] TLUR
[08:58:12] [80/456] UKCC
[08:58:14] [81/456] SRKR
[08:58:15] [82/456] RMKN
[08:58:17] [83/456] SLRT
[08:58:18] [84/456] LKMT
[08:58:19] [85/456] SSRJ
[08:58:20] [86/456] SPHT
[08:58:20] [87/456] ANTT
[08:58:20] 🔄 Identity reset
[08:58:20] 🔄 Identity rotated (every 10 requests)
[08:58:21] [88/456] SRCH
[08:58:22] [89/456] SRCA
[08:58:23] [90/456] ARTH
[08:58:24] [91/456] MCBH
[08:58:25] [92/456] SNIB
[08:58:26] [93/456] SART
[08:58:27] [94/456] SKTA
[08:58:28] [95/456] YAKT
[08:58:29] [96/456] MLCK
[08:58:30] [97/456] ANTS
[08:58:30] 🔄 Identity reset
[08:58:30] 🔄 Identity rotated (every 10 requests)
[08:58:32] [98/456] DGCA
[08:58:33] [99/456] SGMP
[08:58:34] [100/456] ASWN
[08:58:35] [101/456] KFVU
[08:58:35] [102/456] POOR
[08:58:36] [103/456] GKDN
[08:58:37] [104/456] EOSE
[08:58:38] [105/456] GTTT
[08:58:40] [106/456] ARRO
[08:58:40] [107/456] CMMK
[08:58:40] 🔄 Identity reset
[08:58:40] 🔄 Identity rotated (every 10 requests)
[08:58:42] [108/456] MSCN
[08:58:43] [109/456] GDKH
[08:58:43] [110/456] DLMT
[08:58:44] [111/456] PVMF
[08:58:45] [112/456] CPCK
[08:58:46] [113/456] VMHE
[08:58:47] [114/456] PVLC
[08:58:48] [115/456] PCVB
[08:58:49] [116/456] SNYK
[08:58:50] [117/456] KTEK
[08:58:50] 🔄 Identity reset
[08:58:50] 🔄 Identity rotated (every 10 requests)
[08:58:51] [118/456] PCNM
[08:58:52] [119/456] NTTR
[08:58:53] [120/456] CPSK
[08:58:54] [121/456] JMMA
[08:58:56] [122/456] GCFK
[08:58:56] [123/456] MYCA
[08:58:57] [124/456] KSNP
[08:58:58] [125/456] PMCE
[08:58:59] [126/456] SCKI
[08:59:00] [127/456] FSMA
[08:59:00] 🔄 Identity reset
[08:59:00] 🔄 Identity rotated (every 10 requests)
[08:59:00] 🔄 Retry 1/5 for FSMA in 2.2s
[08:59:00] 🔄 Identity reset
[08:59:02] 🧠 New identity created
[08:59:03] [128/456] CETA
[08:59:04] [129/456] MCIK
[08:59:05] [130/456] MYCR
[08:59:06] [131/456] EVMP
[08:59:07] [132/456] SSGT
[08:59:08] [133/456] KCTK
[08:59:09] [134/456] ZTKC
[08:59:10] [135/456] MMTA
[08:59:11] [136/456] MAJT
[08:59:11] 🔄 Identity reset
[08:59:11] 🔄 Identity rotated (every 10 requests)
[08:59:12] [137/456] ACPK
[08:59:13] [138/456] JMAX
[08:59:13] [139/456] SETK
[08:59:14] [140/456] CAIS
[08:59:15] [141/456] AGCD
[08:59:16] [142/456] URCL
[08:59:18] [143/456] VTDS
[08:59:18] [144/456] JCNM
[08:59:20] [145/456] KCAM
[08:59:20] [146/456] ADCU
[08:59:20] 🔄 Identity reset
[08:59:20] 🔄 Identity rotated (every 10 requests)
[08:59:22] [147/456] GXYN
[08:59:23] [148/456] SMJG
[08:59:23] [149/456] EYCJ
[08:59:24] [150/456] CCEJ
[08:59:26] [151/456] MARS
[08:59:27] [152/456] CPVJ
[08:59:28] [153/456] INVP
[08:59:29] [154/456] CPOV
[08:59:30] [155/456] VIJK
[08:59:31] [156/456] LAIM
[08:59:31] 🔄 Identity reset
[08:59:31] 🔄 Identity rotated (every 10 requests)
[08:59:32] [157/456] STHV
[08:59:33] [158/456] SVLJ
[08:59:34] [159/456] ATVJ
[08:59:34] [160/456] JTSC
[08:59:35] [161/456] RMTV
[08:59:36] [162/456] MGGG
[08:59:37] [163/456] SWTH
[08:59:38] [164/456] INVJ
[08:59:38] [165/456] PRSV
[08:59:39] [166/456] JATV
[08:59:39] 🔄 Identity reset
[08:59:39] 🔄 Identity rotated (every 10 requests)
[08:59:39] 🔄 Retry 1/5 for JATV in 2.4s
[08:59:39] 🔄 Identity reset
[08:59:42] 🧠 New identity created
[08:59:43] [167/456] RCVD
[08:59:43] [168/456] BDMA
[08:59:44] [169/456] BLJI
[08:59:45] [170/456] SWOT
[08:59:46] [171/456] SWRN
[08:59:47] [172/456] TVRA
[08:59:48] [173/456] NVRN
[08:59:48] [174/456] SIKC
[08:59:49] [175/456] VAKR
[08:59:49] 🔄 Identity reset
[08:59:49] 🔄 Identity rotated (every 10 requests)
[08:59:50] [176/456] SYLN
[08:59:51] [177/456] KLJL
[08:59:52] [178/456] LKMY
[08:59:53] [179/456] VSLY
[08:59:54] [180/456] CIKO
[08:59:55] [181/456] GPBG
[08:59:55] [182/456] CECM
[08:59:56] [183/456] SLKB
[08:59:57] [184/456] MTBO
[08:59:58] [185/456] SSHB
[08:59:58] 🔄 Identity reset
[08:59:58] 🔄 Identity rotated (every 10 requests)
[08:59:59] [186/456] VPCS
[09:00:00] [187/456] RCSR
[09:00:01] [188/456] RJRM
[09:00:02] [189/456] KPPB
[09:00:03] [190/456] SEDC
[09:00:04] [191/456] SCAI
[09:00:05] [192/456] RMTR
[09:00:06] [193/456] ASST
[09:00:07] [194/456] GCAK
[09:00:09] [195/456] ANNK
[09:00:09] 🔄 Identity reset
[09:00:09] 🔄 Identity rotated (every 10 requests)
[09:00:10] [196/456] KDDF
[09:00:10] [197/456] NRDP
[09:00:11] [198/456] PLAK
[09:00:12] [199/456] GCMC
[09:00:13] [200/456] ALPY
[09:00:14] [201/456] SICE
[09:00:15] [202/456] SISR
[09:00:16] [203/456] SRPZ
[09:00:17] [204/456] SRSW
[09:00:18] [205/456] SUYA
[09:00:18] 🔄 Identity reset
[09:00:18] 🔄 Identity rotated (every 10 requests)
[09:00:19] [206/456] AMMT
[09:00:20] [207/456] BHCU
[09:00:20] [208/456] KLPA
[09:00:21] [209/456] NVKH
[09:00:22] [210/456] JMRC
[09:00:23] [211/456] KTTT
[09:00:24] [212/456] MAGH
[09:00:25] [213/456] MMMX
[09:00:26] [214/456] SALJ
[09:00:26] [215/456] GTJA
[09:00:26] 🔄 Identity reset
[09:00:26] 🔄 Identity rotated (every 10 requests)
[09:00:28] [216/456] MAHT
[09:00:29] [217/456] SSNN
[09:00:29] [218/456] ARRP
[09:00:30] [219/456] ATNS
[09:00:31] [220/456] SKDT
[09:00:32] [221/456] ACAT
[09:00:33] [222/456] APRC
[09:00:34] [223/456] SWAG
[09:00:35] [224/456] SDPT
[09:00:36] [225/456] STPS
[09:00:36] 🔄 Identity reset
[09:00:36] 🔄 Identity rotated (every 10 requests)
[09:00:36] 🔄 Retry 1/5 for STPS in 2.2s
[09:00:36] 🔄 Identity reset
[09:00:38] 🧠 New identity created
[09:00:40] [226/456] WWCZ
[09:00:41] [227/456] LLCH
[09:00:41] [228/456] MZHA
[09:00:42] [229/456] CRJG
[09:00:43] [230/456] JGTK
[09:00:44] [231/456] KCSR
[09:00:45] [232/456] CHTL
[09:00:46] [233/456] EDSR
[09:00:47] [234/456] CSWO
[09:00:47] 🔄 Identity reset
[09:00:47] 🔄 Identity rotated (every 10 requests)
[09:00:47] 🔄 Retry 1/5 for CSWO in 3.0s
[09:00:47] 🔄 Identity reset
[09:00:50] 🧠 New identity created
[09:00:51] [235/456] CPVM
[09:00:52] [236/456] MXBY
[09:00:53] [237/456] FMMA
[09:00:54] [238/456] POVI
[09:00:55] [239/456] MTHB
[09:00:56] [240/456] INRC
[09:00:57] [241/456] PIPP
[09:00:57] [242/456] BMXC
[09:00:58] [243/456] PCMM
[09:00:58] 🔄 Identity reset
[09:00:58] 🔄 Identity rotated (every 10 requests)
[09:00:59] [244/456] PMKM
[09:01:00] [245/456] GATY
[09:01:01] [246/456] IMCM
[09:01:02] [247/456] POPE
[09:01:04] [248/456] MTCR
[09:01:05] [249/456] PVAE
[09:01:05] [250/456] PVMI
[09:01:06] [251/456] CPNM
[09:01:07] [252/456] FMRL
[09:01:08] [253/456] MCIW
[09:01:08] 🔄 Identity reset
[09:01:08] 🔄 Identity rotated (every 10 requests)
[09:01:10] [254/456] MXBO
[09:01:11] [255/456] FMKY
[09:01:12] [256/456] FMDA
[09:01:12] [257/456] THAB
[09:01:13] [258/456] PRCW
[09:01:14] [259/456] PITI
[09:01:16] [260/456] MCFF
[09:01:17] [261/456] PDDV
[09:01:18] [262/456] MCRM
[09:01:19] [263/456] KKMB
[09:01:19] 🔄 Identity reset
[09:01:19] 🔄 Identity rotated (every 10 requests)
[09:01:20] [264/456] INKO
[09:01:21] [265/456] PLXP
[09:01:21] [266/456] MMHA
[09:01:22] [267/456] FMVS
[09:01:23] [268/456] POLM
[09:01:24] [269/456] STER
[09:01:26] [270/456] PVWJ
[09:01:27] [271/456] IMJW
[09:01:28] [272/456] FNAN
[09:01:29] [273/456] CAGL
[09:01:29] 🔄 Identity reset
[09:01:29] 🔄 Identity rotated (every 10 requests)
[09:01:30] [274/456] IPBG
[09:01:31] [275/456] SMFV
[09:01:32] [276/456] MMMR
[09:01:33] [277/456] MMWM
[09:01:33] [278/456] FNCM
[09:01:34] [279/456] MDVA
[09:01:36] [280/456] MMET
[09:01:37] [281/456] MIDO
[09:01:38] [282/456] INNP
[09:01:39] [283/456] MIFU
[09:01:39] 🔄 Identity reset
[09:01:39] 🔄 Identity rotated (every 10 requests)
[09:01:40] [284/456] MMSZ
[09:01:41] [285/456] BMXA
[09:01:42] [286/456] MCAA
[09:01:43] [287/456] SCVP
[09:01:44] [288/456] PLUS
[09:01:45] [289/456] MUCK
[09:01:46] [290/456] MTMA
[09:01:47] [291/456] HPVR
[09:01:48] [292/456] PMPK
[09:01:49] [293/456] MAJB
[09:01:49] 🔄 Identity reset
[09:01:49] 🔄 Identity rotated (every 10 requests)
[09:01:49] 🔄 Retry 1/5 for MAJB in 2.5s
[09:01:49] 🔄 Identity reset
[09:01:51] 🧠 New identity created
[09:01:52] [294/456] CTRR
[09:01:53] [295/456] MCTG
[09:01:54] [296/456] MACE
[09:01:55] [297/456] AAAS
[09:01:56] [298/456] CPVV
[09:01:57] [299/456] RCHG
[09:01:58] [300/456] MCNE
[09:01:59] [301/456] EMNC
[09:02:00] [302/456] MCAN
[09:02:00] 🔄 Identity reset
[09:02:00] 🔄 Identity rotated (every 10 requests)
[09:02:01] [303/456] TCDM
[09:02:03] [304/456] IRGT
[09:02:03] [305/456] GCMG
[09:02:04] [306/456] MXSN
[09:02:06] [307/456] MXCK
[09:02:07] [308/456] MCRC
[09:02:07] [309/456] RSMI
[09:02:08] [310/456] WAML
[09:02:09] [311/456] MTSC
[09:02:10] [312/456] FMDR
[09:02:10] 🔄 Identity reset
[09:02:10] 🔄 Identity rotated (every 10 requests)
[09:02:11] [313/456] LEPV
[09:02:12] [314/456] MTGD
[09:02:13] [315/456] IMOB
[09:02:14] [316/456] CLMM
[09:02:15] [317/456] PZCD
[09:02:16] [318/456] GOCS
[09:02:17] [319/456] KCMA
[09:02:18] [320/456] CCMP
[09:02:18] [321/456] MTSU
[09:02:19] [322/456] SNGL
[09:02:19] 🔄 Identity reset
[09:02:19] 🔄 Identity rotated (every 10 requests)
[09:02:20] [323/456] MMMC
[09:02:21] [324/456] MMAA
[09:02:22] [325/456] GCDM
[09:02:23] [326/456] KTMV
[09:02:23] [327/456] AETE
[09:02:24] [328/456] OMCS
[09:02:25] [329/456] GDCD
[09:02:26] [330/456] NYMD
[09:02:27] [331/456] RNCV
[09:02:28] [332/456] KKMT
[09:02:28] 🔄 Identity reset
[09:02:28] 🔄 Identity rotated (every 10 requests)
[09:02:29] [333/456] GDTH
[09:02:29] [334/456] KMMV
[09:02:30] [335/456] NHCG
[09:02:31] [336/456] PJDW
[09:02:31] [337/456] MMCV
[09:02:32] [338/456] FQSA
[09:02:33] [339/456] KURL
[09:02:33] [340/456] NNNX
[09:02:34] [341/456] AMAU
[09:02:36] [342/456] VVVM
[09:02:36] 🔄 Identity reset
[09:02:36] 🔄 Identity rotated (every 10 requests)
[09:02:37] [343/456] VECU
[09:02:37] [344/456] WCVR
[09:02:38] [345/456] MTGG
[09:02:39] [346/456] SGTG
[09:02:40] [347/456] MNTG
[09:02:41] [348/456] JDDG
[09:02:42] [349/456] MBTK
[09:02:43] [350/456] SGCD
[09:02:44] [351/456] MCTC
[09:02:44] [352/456] JTPC
[09:02:44] 🔄 Identity reset
[09:02:44] 🔄 Identity rotated (every 10 requests)
[09:02:46] [353/456] SDKT
[09:02:47] [354/456] KRCC
[09:02:47] [355/456] RMMD
[09:02:48] [356/456] AAME
[09:02:50] [357/456] TMWC
[09:02:51] [358/456] NRWY
[09:02:51] [359/456] CITD
[09:02:52] [360/456] VERD
[09:02:53] [361/456] MKSK
[09:02:54] [362/456] STSM
[09:02:54] 🔄 Identity reset
[09:02:54] 🔄 Identity rotated (every 10 requests)
[09:02:54] 🔄 Retry 1/5 for STSM in 2.9s
[09:02:54] 🔄 Identity reset
[09:02:57] 🧠 New identity created
[09:02:58] [363/456] MJDG
[09:02:58] [364/456] RKPM
[09:02:59] [365/456] SSCE
[09:03:00] [366/456] VMAE
[09:03:01] [367/456] SBRU
[09:03:02] [368/456] AMBC
[09:03:03] [369/456] AMLU
[09:03:04] [370/456] INVZ
[09:03:05] [371/456] LGTV
[09:03:05] 🔄 Identity reset
[09:03:05] 🔄 Identity rotated (every 10 requests)
[09:03:06] [372/456] SVAD
[09:03:07] [373/456] SMSA
[09:03:08] [374/456] SPCZ
[09:03:09] [375/456] GTCX
[09:03:10] [376/456] SCSL
[09:03:11] [377/456] SAHU
[09:03:12] [378/456] NCDA
[09:03:14] [379/456] SCCG
[09:03:15] [380/456] VKTL
[09:03:15] [381/456] PUUJ
[09:03:15] 🔄 Identity reset
[09:03:15] 🔄 Identity rotated (every 10 requests)
[09:03:16] [382/456] STEJ
[09:03:17] [383/456] RJAL
[09:03:18] [384/456] ACJC
[09:03:19] [385/456] ARVB
[09:03:20] [386/456] AUBB
[09:03:21] [387/456] GDBR
[09:03:21] [388/456] PVND
[09:03:22] [389/456] BGRJ
[09:03:23] [390/456] RJMM
[09:03:24] [391/456] MCSA
[09:03:24] 🔄 Identity reset
[09:03:24] 🔄 Identity rotated (every 10 requests)
[09:03:25] [392/456] BODA
[09:03:25] [393/456] JAGG
[09:03:26] [394/456] SCGA
[09:03:27] [395/456] LRCM
[09:03:28] [396/456] CPCN
[09:03:29] [397/456] SSTF
[09:03:29] [398/456] SRXP
[09:03:30] [399/456] CNFX
[09:03:31] [400/456] ANDI
[09:03:32] [401/456] SYEW
[09:03:32] 🔄 Identity reset
[09:03:32] 🔄 Identity rotated (every 10 requests)
[09:03:33] [402/456] RCRE
[09:03:34] [403/456] SCRW
[09:03:35] [404/456] MBKR
[09:03:36] [405/456] ASNT
[09:03:36] [406/456] JTMT
[09:03:37] [407/456] SHAY
[09:03:38] [408/456] VRTH
[09:03:39] [409/456] SPTI
[09:03:40] [410/456] DPTD
[09:03:41] [411/456] TGSN
[09:03:41] 🔄 Identity reset
[09:03:41] 🔄 Identity rotated (every 10 requests)
[09:03:42] [412/456] RCWV
[09:03:43] [413/456] OCUR
[09:03:44] [414/456] KSTC
[09:03:44] [415/456] SANI
[09:03:45] [416/456] MLCA
[09:03:46] [417/456] EGCA
[09:03:47] [418/456] SYSN
[09:03:48] [419/456] PKTA
[09:03:49] [420/456] PRCC
[09:03:51] [421/456] KSTR
[09:03:51] 🔄 Identity reset
[09:03:51] 🔄 Identity rotated (every 10 requests)
[09:03:52] [422/456] SNTP
[09:03:53] [423/456] RCHA
[09:03:55] [424/456] SEEA
[09:03:55] [425/456] ALAT
[09:03:57] [426/456] AATV
[09:03:57] [427/456] RJTE
[09:03:58] [428/456] AAPP
[09:03:59] [429/456] PMMH
[09:04:00] [430/456] INRJ
[09:04:01] [431/456] SARB
[09:04:01] 🔄 Identity reset
[09:04:01] 🔄 Identity rotated (every 10 requests)
[09:04:01] 🔄 Retry 1/5 for SARB in 2.0s
[09:04:01] 🔄 Identity reset
[09:04:03] 🧠 New identity created
[09:04:03] [432/456] PCJL
[09:04:04] [433/456] PFJJ
[09:04:05] [434/456] GRDC
[09:04:06] [435/456] BCBA
[09:04:07] [436/456] VIXL
[09:04:08] [437/456] CSTL
[09:04:08] [438/456] MTDK
[09:04:09] [439/456] TDAC
[09:04:10] [440/456] GTDN
[09:04:10] 🔄 Identity reset
[09:04:10] 🔄 Identity rotated (every 10 requests)
[09:04:11] 🔄 Retry 1/5 for GTDN in 2.9s
[09:04:11] 🔄 Identity reset
[09:04:13] 🧠 New identity created
[09:04:14] 🔄 Retry 2/5 for GTDN in 4.2s
[09:04:14] 🔄 Identity reset
[09:04:18] 🧠 New identity created
[09:04:18] [441/456] TTDE
[09:04:20] [442/456] ASTS
[09:04:21] [443/456] CPNS
[09:04:21] [444/456] PVVW
[09:04:22] [445/456] USEB
[09:04:23] [446/456] DTYN
[09:04:24] [447/456] PVLE
[09:04:25] [448/456] CIPS
[09:04:25] 🔄 Identity reset
[09:04:25] 🔄 Identity rotated (every 10 requests)
[09:04:25] [449/456] PAEG
[09:04:26] [450/456] PTCW
[09:04:26] [451/456] G3SR
[09:04:27] [452/456] PGND
[09:04:29] [453/456] INVM
[09:04:29] [454/456] SPIA
[09:04:30] [455/456] PCSN
[09:04:31] [456/456] PPGV
[09:04:32] 🧹 Deduping shows
[09:04:32] ✅ DONE | Shows=4871 | Movies=83
[10:34:24] 🚀 SCRIPT STARTED
[10:34:24] [1/456] FNDB
[10:34:24] 🧠 New identity created
[10:34:25] [2/456] AMBH
[10:34:26] [3/456] PRHN
[10:34:27] [4/456] ACPM
[10:34:28] [5/456] PVFS
[10:34:29] [6/456] AACN
[10:34:30] [7/456] ACAS
[10:34:31] [8/456] CTNR
[10:34:32] [9/456] MMAH
[10:34:33] [10/456] CPMH
[10:34:33] 🔄 Identity reset
[10:34:33] 🔄 Identity rotated (every 10 requests)
[10:34:33] 🔄 Retry 1/5 for CPMH in 2.5s
[10:34:33] 🔄 Identity reset
[10:34:36] 🧠 New identity created
[10:34:36] 🔄 Retry 2/5 for CPMH in 4.1s
[10:34:36] 🔄 Identity reset
[10:34:40] 🧠 New identity created
[10:34:40] 🔄 Retry 3/5 for CPMH in 8.3s
[10:34:40] 🔄 Identity reset
[10:34:49] 🧠 New identity created
[10:34:49] [11/456] IGMH
[10:34:50] [12/456] ABCS
[10:34:51] [13/456] CMMA
[10:34:52] [14/456] GPRH
[10:34:53] [15/456] PNNG
[10:34:54] [16/456] AMCA
[10:34:55] [17/456] ISTN
[10:34:55] 🔄 Identity reset
[10:34:55] 🔄 Identity rotated (every 10 requests)
[10:34:56] [18/456] PIIC
[10:34:57] [19/456] AHMH
[10:34:58] [20/456] ASHN
[10:34:58] [21/456] INHY
[10:34:59] [22/456] SRMO
[10:35:00] [23/456] PIMH
[10:35:01] [24/456] PVTS
[10:35:02] [25/456] MMCA
[10:35:03] [26/456] AKYJ
[10:35:04] [27/456] BRKH
[10:35:04] 🔄 Identity reset
[10:35:04] 🔄 Identity rotated (every 10 requests)
[10:35:04] 🔄 Retry 1/5 for BRKH in 2.2s
[10:35:04] 🔄 Identity reset
[10:35:06] 🧠 New identity created
[10:35:07] [28/456] MAHM
[10:35:08] [29/456] CPHY
[10:35:09] [30/456] PVTP
[10:35:10] [31/456] SMMR
[10:35:11] [32/456] PVHM
[10:35:12] [33/456] SNDY
[10:35:13] [34/456] GOKU
[10:35:14] [35/456] ACEV
[10:35:15] [36/456] PVUM
[10:35:15] 🔄 Identity reset
[10:35:15] 🔄 Identity rotated (every 10 requests)
[10:35:16] 🔄 Retry 1/5 for PVUM in 2.9s
[10:35:16] 🔄 Identity reset
[10:35:18] 🧠 New identity created
[10:35:18] 🔄 Retry 2/5 for PVUM in 4.0s
[10:35:18] 🔄 Identity reset
[10:35:22] 🧠 New identity created
[10:35:24] [37/456] VSWA
[10:35:25] [38/456] IPRS
[10:35:26] [39/456] BKMV
[10:35:26] [40/456] PVYH
[10:35:27] [41/456] INKM
[10:35:28] [42/456] ARJU
[10:35:29] [43/456] JJPP
[10:35:30] [44/456] SSRM
[10:35:30] 🔄 Identity reset
[10:35:30] 🔄 Identity rotated (every 10 requests)
[10:35:30] 🔄 Retry 1/5 for SSRM in 2.5s
[10:35:30] 🔄 Identity reset
[10:35:33] 🧠 New identity created
[10:35:34] [45/456] HMHD
[10:35:35] [46/456] SNKH
[10:35:36] [47/456] ACHI
[10:35:37] [48/456] MRAA
[10:35:37] [49/456] INMH
[10:35:38] [50/456] ARMH
[10:35:39] [51/456] DVRR
[10:35:40] [52/456] SUDA
[10:35:41] [53/456] MCSS
[10:35:41] 🔄 Identity reset
[10:35:41] 🔄 Identity rotated (every 10 requests)
[10:35:42] [54/456] VRKC
[10:35:43] [55/456] PRCX
[10:35:44] [56/456] ASJY
[10:35:45] [57/456] MTHY
[10:35:46] [58/456] SRCM
[10:35:47] [59/456] TVHY
[10:35:48] [60/456] STHD
[10:35:49] [61/456] CPCL
[10:35:50] [62/456] PSMJ
[10:35:51] [63/456] MRGT
[10:35:51] 🔄 Identity reset
[10:35:51] 🔄 Identity rotated (every 10 requests)
[10:35:52] [64/456] ARYH
[10:35:53] [65/456] VTRB
[10:35:54] [66/456] SCHC
[10:35:55] [67/456] MRRG
[10:35:56] [68/456] SPCB
[10:35:56] [69/456] AMCM
[10:35:57] [70/456] IVNM
[10:35:59] [71/456] TRHY
[10:36:00] [72/456] PTTH
[10:36:01] [73/456] RKMH
[10:36:01] 🔄 Identity reset
[10:36:01] 🔄 Identity rotated (every 10 requests)
[10:36:01] 🔄 Retry 1/5 for RKMH in 2.6s
[10:36:01] 🔄 Identity reset
[10:36:04] 🧠 New identity created
[10:36:06] [74/456] PRCS
[10:36:06] [75/456] VAJA
[10:36:07] [76/456] BJNG
[10:36:08] [77/456] SCVM
[10:36:09] [78/456] GNHB
[10:36:10] [79/456] TLUR
[10:36:11] [80/456] UKCC
[10:36:12] [81/456] SRKR
[10:36:13] [82/456] RMKN
[10:36:13] 🔄 Identity reset
[10:36:13] 🔄 Identity rotated (every 10 requests)
[10:36:13] 🔄 Retry 1/5 for RMKN in 2.2s
[10:36:13] 🔄 Identity reset
[10:36:15] 🧠 New identity created
[10:36:16] [83/456] SLRT
[10:36:17] [84/456] LKMT
[10:36:18] [85/456] SSRJ
[10:36:19] [86/456] SPHT
[10:36:20] [87/456] ANTT
[10:36:21] [88/456] SRCH
[10:36:22] [89/456] SRCA
[10:36:23] [90/456] ARTH
[10:36:24] [91/456] MCBH
[10:36:24] 🔄 Identity reset
[10:36:24] 🔄 Identity rotated (every 10 requests)
[10:36:25] [92/456] SNIB
[10:36:26] [93/456] SART
[10:36:27] [94/456] SKTA
[10:36:28] [95/456] YAKT
[10:36:29] [96/456] MLCK
[10:36:30] [97/456] ANTS
[10:36:31] [98/456] DGCA
[10:36:31] [99/456] SGMP
[10:36:33] [100/456] ASWN
[10:36:34] [101/456] KFVU
[10:36:34] 🔄 Identity reset
[10:36:34] 🔄 Identity rotated (every 10 requests)
[10:36:35] [102/456] POOR
[10:36:36] [103/456] GKDN
[10:36:37] [104/456] EOSE
[10:36:38] [105/456] GTTT
[10:36:39] [106/456] ARRO
[10:36:40] [107/456] CMMK
[10:36:41] [108/456] MSCN
[10:36:41] [109/456] GDKH
[10:36:42] [110/456] DLMT
[10:36:43] [111/456] PVMF
[10:36:43] 🔄 Identity reset
[10:36:43] 🔄 Identity rotated (every 10 requests)
[10:36:44] [112/456] CPCK
[10:36:45] [113/456] VMHE
[10:36:46] [114/456] PVLC
[10:36:47] [115/456] PCVB
[10:36:49] [116/456] SNYK
[10:36:50] [117/456] KTEK
[10:36:52] [118/456] PCNM
[10:36:53] [119/456] NTTR
[10:36:54] [120/456] CPSK
[10:36:55] [121/456] JMMA
[10:36:55] 🔄 Identity reset
[10:36:55] 🔄 Identity rotated (every 10 requests)
[10:36:56] [122/456] GCFK
[10:36:57] [123/456] MYCA
[10:36:58] [124/456] KSNP
[10:36:59] [125/456] PMCE
[10:37:00] [126/456] SCKI
[10:37:01] [127/456] FSMA
[10:37:02] [128/456] CETA
[10:37:03] [129/456] MCIK
[10:37:04] [130/456] MYCR
[10:37:04] [131/456] EVMP
[10:37:04] 🔄 Identity reset
[10:37:04] 🔄 Identity rotated (every 10 requests)
[10:37:06] [132/456] SSGT
[10:37:06] [133/456] KCTK
[10:37:07] [134/456] ZTKC
[10:37:08] [135/456] MMTA
[10:37:10] [136/456] MAJT
[10:37:11] [137/456] ACPK
[10:37:12] [138/456] JMAX
[10:37:13] [139/456] SETK
[10:37:13] [140/456] CAIS
[10:37:14] [141/456] AGCD
[10:37:14] 🔄 Identity reset
[10:37:14] 🔄 Identity rotated (every 10 requests)
[10:37:15] [142/456] URCL
[10:37:16] [143/456] VTDS
[10:37:17] [144/456] JCNM
[10:37:19] [145/456] KCAM
[10:37:20] [146/456] ADCU
[10:37:20] [147/456] GXYN
[10:37:21] [148/456] SMJG
[10:37:23] [149/456] EYCJ
[10:37:24] [150/456] CCEJ
[10:37:25] [151/456] MARS
[10:37:25] 🔄 Identity reset
[10:37:25] 🔄 Identity rotated (every 10 requests)
[10:37:25] 🔄 Retry 1/5 for MARS in 2.8s
[10:37:25] 🔄 Identity reset
[10:37:28] 🧠 New identity created
[10:37:28] [152/456] CPVJ
[10:37:29] [153/456] INVP
[10:37:30] [154/456] CPOV
[10:37:31] [155/456] VIJK
[10:37:32] [156/456] LAIM
[10:37:33] [157/456] STHV
[10:37:34] [158/456] SVLJ
[10:37:36] [159/456] ATVJ
[10:37:37] [160/456] JTSC
[10:37:37] 🔄 Identity reset
[10:37:37] 🔄 Identity rotated (every 10 requests)
[10:37:38] [161/456] RMTV
[10:37:38] [162/456] MGGG
[10:37:39] [163/456] SWTH
[10:37:41] [164/456] INVJ
[10:37:42] [165/456] PRSV
[10:37:43] [166/456] JATV
[10:37:44] [167/456] RCVD
[10:37:45] [168/456] BDMA
[10:37:46] [169/456] BLJI
[10:37:46] [170/456] SWOT
[10:37:46] 🔄 Identity reset
[10:37:46] 🔄 Identity rotated (every 10 requests)
[10:37:47] [171/456] SWRN
[10:37:48] [172/456] TVRA
[10:37:49] [173/456] NVRN
[10:37:50] [174/456] SIKC
[10:37:51] [175/456] VAKR
[10:37:52] [176/456] SYLN
[10:37:53] [177/456] KLJL
[10:37:54] [178/456] LKMY
[10:37:54] [179/456] VSLY
[10:37:55] [180/456] CIKO
[10:37:55] 🔄 Identity reset
[10:37:55] 🔄 Identity rotated (every 10 requests)
[10:37:56] [181/456] GPBG
[10:37:57] [182/456] CECM
[10:37:58] [183/456] SLKB
[10:37:59] [184/456] MTBO
[10:38:00] [185/456] SSHB
[10:38:01] [186/456] VPCS
[10:38:02] [187/456] RCSR
[10:38:02] [188/456] RJRM
[10:38:03] [189/456] KPPB
[10:38:04] [190/456] SEDC
[10:38:04] 🔄 Identity reset
[10:38:04] 🔄 Identity rotated (every 10 requests)
[10:38:05] [191/456] SCAI
[10:38:06] [192/456] RMTR
[10:38:07] [193/456] ASST
[10:38:08] [194/456] GCAK
[10:38:09] [195/456] ANNK
[10:38:10] [196/456] KDDF
[10:38:11] [197/456] NRDP
[10:38:12] [198/456] PLAK
[10:38:13] [199/456] GCMC
[10:38:13] [200/456] ALPY
[10:38:13] 🔄 Identity reset
[10:38:13] 🔄 Identity rotated (every 10 requests)
[10:38:15] [201/456] SICE
[10:38:16] [202/456] SISR
[10:38:17] [203/456] SRPZ
[10:38:18] [204/456] SRSW
[10:38:18] [205/456] SUYA
[10:38:19] [206/456] AMMT
[10:38:21] [207/456] BHCU
[10:38:21] [208/456] KLPA
[10:38:22] [209/456] NVKH
[10:38:23] [210/456] JMRC
[10:38:23] 🔄 Identity reset
[10:38:23] 🔄 Identity rotated (every 10 requests)
[10:38:24] [211/456] KTTT
[10:38:25] [212/456] MAGH
[10:38:26] [213/456] MMMX
[10:38:27] [214/456] SALJ
[10:38:28] [215/456] GTJA
[10:38:29] [216/456] MAHT
[10:38:30] [217/456] SSNN
[10:38:30] [218/456] ARRP
[10:38:31] [219/456] ATNS
[10:38:32] [220/456] SKDT
[10:38:32] 🔄 Identity reset
[10:38:32] 🔄 Identity rotated (every 10 requests)
[10:38:33] [221/456] ACAT
[10:38:34] [222/456] APRC
[10:38:35] [223/456] SWAG
[10:38:36] [224/456] SDPT
[10:38:37] [225/456] STPS
[10:38:38] [226/456] WWCZ
[10:38:39] [227/456] LLCH
[10:38:40] [228/456] MZHA
[10:38:41] [229/456] CRJG
[10:38:42] [230/456] JGTK
[10:38:42] 🔄 Identity reset
[10:38:42] 🔄 Identity rotated (every 10 requests)
[10:38:43] [231/456] KCSR
[10:38:44] [232/456] CHTL
[10:38:44] [233/456] EDSR
[10:38:46] [234/456] CSWO
[10:38:46] [235/456] CPVM
[10:38:48] [236/456] MXBY
[10:38:49] [237/456] FMMA
[10:38:50] [238/456] POVI
[10:38:51] [239/456] MTHB
[10:38:52] [240/456] INRC
[10:38:52] 🔄 Identity reset
[10:38:52] 🔄 Identity rotated (every 10 requests)
[10:38:52] 🔄 Retry 1/5 for INRC in 2.8s
[10:38:52] 🔄 Identity reset
[10:38:54] 🧠 New identity created
[10:38:56] [241/456] PIPP
[10:38:57] [242/456] BMXC
[10:38:59] [243/456] PCMM
[10:38:59] [244/456] PMKM
[10:39:00] [245/456] GATY
[10:39:01] [246/456] IMCM
[10:39:02] [247/456] POPE
[10:39:03] [248/456] MTCR
[10:39:04] [249/456] PVAE
[10:39:04] 🔄 Identity reset
[10:39:04] 🔄 Identity rotated (every 10 requests)
[10:39:05] [250/456] PVMI
[10:39:06] [251/456] CPNM
[10:39:07] [252/456] FMRL
[10:39:08] [253/456] MCIW
[10:39:09] [254/456] MXBO
[10:39:10] [255/456] FMKY
[10:39:11] [256/456] FMDA
[10:39:12] [257/456] THAB
[10:39:13] [258/456] PRCW
[10:39:14] [259/456] PITI
[10:39:14] 🔄 Identity reset
[10:39:14] 🔄 Identity rotated (every 10 requests)
[10:39:16] [260/456] MCFF
[10:39:17] [261/456] PDDV
[10:39:17] [262/456] MCRM
[10:39:18] [263/456] KKMB
[10:39:19] [264/456] INKO
[10:39:20] [265/456] PLXP
[10:39:21] [266/456] MMHA
[10:39:22] [267/456] FMVS
[10:39:23] [268/456] POLM
[10:39:24] [269/456] STER
[10:39:24] 🔄 Identity reset
[10:39:24] 🔄 Identity rotated (every 10 requests)
[10:39:24] 🔄 Retry 1/5 for STER in 2.9s
[10:39:24] 🔄 Identity reset
[10:39:27] 🧠 New identity created
[10:39:28] [270/456] PVWJ
[10:39:29] [271/456] IMJW
[10:39:30] [272/456] FNAN
[10:39:31] [273/456] CAGL
[10:39:31] [274/456] IPBG
[10:39:32] [275/456] SMFV
[10:39:33] [276/456] MMMR
[10:39:34] [277/456] MMWM
[10:39:36] [278/456] FNCM
[10:39:36] 🔄 Identity reset
[10:39:36] 🔄 Identity rotated (every 10 requests)
[10:39:36] 🔄 Retry 1/5 for FNCM in 2.6s
[10:39:36] 🔄 Identity reset
[10:39:39] 🧠 New identity created
[10:39:40] [279/456] MDVA
[10:39:41] [280/456] MMET
[10:39:42] [281/456] MIDO
[10:39:43] [282/456] INNP
[10:39:44] [283/456] MIFU
[10:39:45] [284/456] MMSZ
[10:39:46] [285/456] BMXA
[10:39:47] [286/456] MCAA
[10:39:48] [287/456] SCVP
[10:39:48] 🔄 Identity reset
[10:39:48] 🔄 Identity rotated (every 10 requests)
[10:39:50] [288/456] PLUS
[10:39:51] [289/456] MUCK
[10:39:51] [290/456] MTMA
[10:39:52] [291/456] HPVR
[10:39:53] [292/456] PMPK
[10:39:54] [293/456] MAJB
[10:39:55] [294/456] CTRR
[10:39:56] [295/456] MCTG
[10:39:57] [296/456] MACE
[10:39:58] [297/456] AAAS
[10:39:58] 🔄 Identity reset
[10:39:58] 🔄 Identity rotated (every 10 requests)
[10:39:58] 🔄 Retry 1/5 for AAAS in 2.1s
[10:39:58] 🔄 Identity reset
[10:40:00] 🧠 New identity created
[10:40:00] 🔄 Retry 2/5 for AAAS in 4.7s
[10:40:00] 🔄 Identity reset
[10:40:05] 🧠 New identity created
[10:40:06] [298/456] CPVV
[10:40:07] [299/456] RCHG
[10:40:08] [300/456] MCNE
[10:40:09] [301/456] EMNC
[10:40:09] [302/456] MCAN
[10:40:10] [303/456] TCDM
[10:40:11] [304/456] IRGT
[10:40:12] [305/456] GCMG
[10:40:12] 🔄 Identity reset
[10:40:12] 🔄 Identity rotated (every 10 requests)
[10:40:13] [306/456] MXSN
[10:40:14] [307/456] MXCK
[10:40:15] [308/456] MCRC
[10:40:16] [309/456] RSMI
[10:40:17] [310/456] WAML
[10:40:18] [311/456] MTSC
[10:40:19] [312/456] FMDR
[10:40:19] [313/456] LEPV
[10:40:21] [314/456] MTGD
[10:40:23] [315/456] IMOB
[10:40:23] 🔄 Identity reset
[10:40:23] 🔄 Identity rotated (every 10 requests)
[10:40:23] [316/456] CLMM
[10:40:25] [317/456] PZCD
[10:40:26] [318/456] GOCS
[10:40:28] [319/456] KCMA
[10:40:29] [320/456] CCMP
[10:40:30] [321/456] MTSU
[10:40:31] [322/456] SNGL
[10:40:32] [323/456] MMMC
[10:40:33] [324/456] MMAA
[10:40:34] [325/456] GCDM
[10:40:34] 🔄 Identity reset
[10:40:34] 🔄 Identity rotated (every 10 requests)
[10:40:36] [326/456] KTMV
[10:40:37] [327/456] AETE
[10:40:38] [328/456] OMCS
[10:40:39] [329/456] GDCD
[10:40:40] [330/456] NYMD
[10:40:41] [331/456] RNCV
[10:40:42] [332/456] KKMT
[10:40:43] [333/456] GDTH
[10:40:45] [334/456] KMMV
[10:40:45] [335/456] NHCG
[10:40:45] 🔄 Identity reset
[10:40:45] 🔄 Identity rotated (every 10 requests)
[10:40:46] [336/456] PJDW
[10:40:47] [337/456] MMCV
[10:40:48] [338/456] FQSA
[10:40:49] [339/456] KURL
[10:40:50] [340/456] NNNX
[10:40:51] [341/456] AMAU
[10:40:51] [342/456] VVVM
[10:40:52] [343/456] VECU
[10:40:53] [344/456] WCVR
[10:40:54] [345/456] MTGG
[10:40:54] 🔄 Identity reset
[10:40:54] 🔄 Identity rotated (every 10 requests)
[10:40:56] [346/456] SGTG
[10:40:57] [347/456] MNTG
[10:40:57] [348/456] JDDG
[10:40:58] [349/456] MBTK
[10:40:59] [350/456] SGCD
[10:41:00] [351/456] MCTC
[10:41:01] [352/456] JTPC
[10:41:02] [353/456] SDKT
[10:41:03] [354/456] KRCC
[10:41:04] [355/456] RMMD
[10:41:04] 🔄 Identity reset
[10:41:04] 🔄 Identity rotated (every 10 requests)
[10:41:05] [356/456] AAME
[10:41:06] [357/456] TMWC
[10:41:07] [358/456] NRWY
[10:41:08] [359/456] CITD
[10:41:09] [360/456] VERD
[10:41:11] [361/456] MKSK
[10:41:12] [362/456] STSM
[10:41:13] [363/456] MJDG
[10:41:14] [364/456] RKPM
[10:41:16] [365/456] SSCE
[10:41:16] 🔄 Identity reset
[10:41:16] 🔄 Identity rotated (every 10 requests)
[10:41:17] [366/456] VMAE
[10:41:17] [367/456] SBRU
[10:41:18] [368/456] AMBC
[10:41:19] [369/456] AMLU
[10:41:20] [370/456] INVZ
[10:41:21] [371/456] LGTV
[10:41:22] [372/456] SVAD
[10:41:23] [373/456] SMSA
[10:41:24] [374/456] SPCZ
[10:41:25] [375/456] GTCX
[10:41:25] 🔄 Identity reset
[10:41:25] 🔄 Identity rotated (every 10 requests)
[10:41:25] [376/456] SCSL
[10:41:26] [377/456] SAHU
[10:41:27] [378/456] NCDA
[10:41:28] [379/456] SCCG
[10:41:29] [380/456] VKTL
[10:41:30] [381/456] PUUJ
[10:41:32] [382/456] STEJ
[10:41:33] [383/456] RJAL
[10:41:34] [384/456] ACJC
[10:41:35] [385/456] ARVB
[10:41:35] 🔄 Identity reset
[10:41:35] 🔄 Identity rotated (every 10 requests)
[10:41:36] [386/456] AUBB
[10:41:37] [387/456] GDBR
[10:41:38] [388/456] PVND
[10:41:40] [389/456] BGRJ
[10:41:41] [390/456] RJMM
[10:41:42] [391/456] MCSA
[10:41:43] [392/456] BODA
[10:41:44] [393/456] JAGG
[10:41:45] [394/456] SCGA
[10:41:46] [395/456] LRCM
[10:41:46] 🔄 Identity reset
[10:41:46] 🔄 Identity rotated (every 10 requests)
[10:41:48] [396/456] CPCN
[10:41:48] [397/456] SSTF
[10:41:49] [398/456] SRXP
[10:41:50] [399/456] CNFX
[10:41:51] [400/456] ANDI
[10:41:52] [401/456] SYEW
[10:41:53] [402/456] RCRE
[10:41:54] [403/456] SCRW
[10:41:55] [404/456] MBKR
[10:41:55] [405/456] ASNT
[10:41:55] 🔄 Identity reset
[10:41:55] 🔄 Identity rotated (every 10 requests)
[10:41:56] 🔄 Retry 1/5 for ASNT in 2.9s
[10:41:56] 🔄 Identity reset
[10:41:58] 🧠 New identity created
[10:41:59] [406/456] JTMT
[10:42:00] [407/456] SHAY
[10:42:01] [408/456] VRTH
[10:42:02] [409/456] SPTI
[10:42:03] [410/456] DPTD
[10:42:04] [411/456] TGSN
[10:42:05] [412/456] RCWV
[10:42:06] [413/456] OCUR
[10:42:06] [414/456] KSTC
[10:42:06] 🔄 Identity reset
[10:42:06] 🔄 Identity rotated (every 10 requests)
[10:42:07] 🔄 Retry 1/5 for KSTC in 2.3s
[10:42:07] 🔄 Identity reset
[10:42:09] 🧠 New identity created
[10:42:10] [415/456] SANI
[10:42:11] [416/456] MLCA
[10:42:12] [417/456] EGCA
[10:42:13] [418/456] SYSN
[10:42:14] [419/456] PKTA
[10:42:15] [420/456] PRCC
[10:42:16] [421/456] KSTR
[10:42:17] [422/456] SNTP
[10:42:18] [423/456] RCHA
[10:42:18] 🔄 Identity reset
[10:42:18] 🔄 Identity rotated (every 10 requests)
[10:42:19] [424/456] SEEA
[10:42:20] [425/456] ALAT
[10:42:21] [426/456] AATV
[10:42:21] [427/456] RJTE
[10:42:23] [428/456] AAPP
[10:42:23] [429/456] PMMH
[10:42:24] [430/456] INRJ
[10:42:25] [431/456] SARB
[10:42:26] [432/456] PCJL
[10:42:27] [433/456] PFJJ
[10:42:27] 🔄 Identity reset
[10:42:27] 🔄 Identity rotated (every 10 requests)
[10:42:28] [434/456] GRDC
[10:42:29] [435/456] BCBA
[10:42:30] [436/456] VIXL
[10:42:31] [437/456] CSTL
[10:42:32] [438/456] MTDK
[10:42:33] [439/456] TDAC
[10:42:34] [440/456] GTDN
[10:42:35] [441/456] TTDE
[10:42:35] [442/456] ASTS
[10:42:37] [443/456] CPNS
[10:42:37] 🔄 Identity reset
[10:42:37] 🔄 Identity rotated (every 10 requests)
[10:42:37] 🔄 Retry 1/5 for CPNS in 2.5s
[10:42:37] 🔄 Identity reset
[10:42:40] 🧠 New identity created
[10:42:40] 🔄 Retry 2/5 for CPNS in 4.4s
[10:42:40] 🔄 Identity reset
[10:42:44] 🧠 New identity created
[10:42:45] [444/456] PVVW
[10:42:46] [445/456] USEB
[10:42:47] [446/456] DTYN
[10:42:48] [447/456] PVLE
[10:42:49] [448/456] CIPS
[10:42:50] [449/456] PAEG
[10:42:50] [450/456] PTCW
[10:42:51] [451/456] G3SR
[10:42:51] 🔄 Identity reset
[10:42:51] 🔄 Identity rotated (every 10 requests)
[10:42:53] [452/456] PGND
[10:42:54] [453/456] INVM
[10:42:55] [454/456] SPIA
[10:42:56] [455/456] PCSN
[10:42:57] [456/456] PPGV
[10:42:58] 🧹 Deduping shows
[10:42:58] ✅ DONE | Shows=4938 | Movies=84
