[10:08:56] 🚀 SCRIPT STARTED (enhanced anti‑detection)
[10:08:56] [1/322] CDCA
[10:08:57] 🧠 New identity created
[10:08:58] [2/322] VBCZ
[10:08:59] [3/322] MSDR
[10:08:59] [4/322] ACPV
[10:09:00] [5/322] PVHB
[10:09:01] [6/322] RCNH
[10:09:02] [7/322] IOMH
[10:09:03] [8/322] ILKS
[10:09:03] [9/322] AMSN
[10:09:04] [10/322] ANTP
[10:09:05] 🔄 Identity reset
[10:09:05] 🔄 Identity rotated (every 10 requests)
[10:09:05] [11/322] SSEK
[10:09:06] [12/322] PICP
[10:09:07] [13/322] SICO
[10:09:08] [14/322] SISP
[10:09:09] [15/322] SCPI
[10:09:09] [16/322] CRPR
[10:09:10] [17/322] DCTW
[10:09:11] [18/322] DCSP
[10:09:12] [19/322] KRPM
[10:09:13] [20/322] THKK
[10:09:13] 🔄 Identity reset
[10:09:13] 🔄 Identity rotated (every 10 requests)
[10:09:14] [21/322] SNMY
[10:09:15] [22/322] AKCC
[10:09:16] [23/322] PCAT
[10:09:17] [24/322] RFGO
[10:09:18] [25/322] GGCS
[10:09:19] [26/322] ACKR
[10:09:20] [27/322] STDO
[10:09:21] [28/322] ACKB
[10:09:21] [29/322] ALUC
[10:09:22] [30/322] MNSR
[10:09:23] 🔄 Identity reset
[10:09:23] 🔄 Identity rotated (every 10 requests)
[10:09:23] [31/322] CSSL
[10:09:24] [32/322] BGGM
[10:09:25] [33/322] MANT
[10:09:26] [34/322] SOOY
[10:09:27] [35/322] VPPK
[10:09:27] [36/322] MYHJ
[10:09:28] [37/322] KSCK
[10:09:29] [38/322] KATK
[10:09:30] [39/322] RTRT
[10:09:31] [40/322] SSTT
[10:09:31] 🔄 Identity reset
[10:09:31] 🔄 Identity rotated (every 10 requests)
[10:09:32] [41/322] SSTV
[10:09:33] [42/322] LACM
[10:09:34] [43/322] SGMG
[10:09:34] [44/322] KACX
[10:09:35] [45/322] GVCP
[10:09:36] [46/322] CSNC
[10:09:37] [47/322] SXCB
[10:09:38] [48/322] BAHS
[10:09:39] [49/322] PCBI
[10:09:39] [50/322] PSSM
[10:09:40] 🔄 Identity reset
[10:09:40] 🔄 Identity rotated (every 10 requests)
[10:09:40] [51/322] RCOK
[10:09:41] [52/322] SCPF
[10:09:42] [53/322] SSAS
[10:09:43] [54/322] EVMM
[10:09:43] [55/322] SYCB
[10:09:45] [56/322] GCKI
[10:09:46] [57/322] IAET
[10:09:47] [58/322] DDTD
[10:09:48] [59/322] GMDH
[10:09:48] [60/322] STLE
[10:09:49] 🔄 Identity reset
[10:09:49] 🔄 Identity rotated (every 10 requests)
[10:09:49] [61/322] JTRA
[10:09:50] [62/322] RPPA
[10:09:51] [63/322] ARUT
[10:09:52] [64/322] JTVM
[10:09:53] [65/322] SWRH
[10:09:54] [66/322] DCPC
[10:09:55] [67/322] RAPR
[10:09:56] [68/322] GCRT
[10:09:57] [69/322] ATUN
[10:09:58] [70/322] LTRM
[10:09:59] 🔄 Identity reset
[10:09:59] 🔄 Identity rotated (every 10 requests)
[10:09:59] [71/322] TASR
[10:10:00] [72/322] RLLC
[10:10:01] [73/322] MABI
[10:10:02] [74/322] SVHB
[10:10:02] [75/322] NVTB
[10:10:03] [76/322] KCKG
[10:10:04] [77/322] SSRN
[10:10:05] [78/322] VDDC
[10:10:06] [79/322] GKTK
[10:10:06] [80/322] YFSN
[10:10:07] 🔄 Identity reset
[10:10:07] 🔄 Identity rotated (every 10 requests)
[10:10:08] [81/322] GCSG
[10:10:08] [82/322] ESSM
[10:10:09] [83/322] KRIH
[10:10:10] [84/322] GCDS
[10:10:11] [85/322] CCSH
[10:10:12] [86/322] ACSK
[10:10:13] [87/322] APRK
[10:10:13] [88/322] ADKM
[10:10:14] [89/322] SRDM
[10:10:15] [90/322] SJMY
[10:10:16] 🔄 Identity reset
[10:10:16] 🔄 Identity rotated (every 10 requests)
[10:10:16] [91/322] PGGC
[10:10:17] [92/322] INGM
[10:10:18] [93/322] LSCB
[10:10:19] [94/322] STAD
[10:10:19] [95/322] MCCR
[10:10:21] [96/322] ABCC
[10:10:22] [97/322] RKCC
[10:10:23] [98/322] RTCR
[10:10:23] [99/322] GGBC
[10:10:24] [100/322] GCSD
[10:10:25] 🔄 Identity reset
[10:10:25] 🔄 Identity rotated (every 10 requests)
[10:10:25] [101/322] LPTY
[10:10:27] [102/322] MCFD
[10:10:28] [103/322] HENN
[10:10:29] [104/322] SMKU
[10:10:29] [105/322] TNZC
[10:10:30] [106/322] DRCD
[10:10:31] [107/322] DLCD
[10:10:32] [108/322] RCDA
[10:10:33] [109/322] COSM
[10:10:34] [110/322] MCMJ
[10:10:34] 🔄 Identity reset
[10:10:34] 🔄 Identity rotated (every 10 requests)
[10:10:35] [111/322] CSTR
[10:10:36] [112/322] CVDK
[10:10:37] [113/322] INRR
[10:10:38] [114/322] RJRT
[10:10:39] [115/322] IRMR
[10:10:39] [116/322] SRCF
[10:10:40] [117/322] GRCR
[10:10:41] [118/322] SURC
[10:10:42] [119/322] NMNH
[10:10:43] [120/322] SVBL
[10:10:43] 🔄 Identity reset
[10:10:43] 🔄 Identity rotated (every 10 requests)
[10:10:44] [121/322] KACI
[10:10:45] [122/322] TDGO
[10:10:46] [123/322] KTBR
[10:10:47] [124/322] PMAD
[10:10:48] [125/322] CCPN
[10:10:49] [126/322] SBTK
[10:10:50] [127/322] LMDK
[10:10:51] [128/322] PGDA
[10:10:52] [129/322] SRML
[10:10:53] [130/322] EVCK
[10:10:54] 🔄 Identity reset
[10:10:54] 🔄 Identity rotated (every 10 requests)
[10:10:54] [131/322] RTTK
[10:10:55] [132/322] SRTU
[10:10:56] [133/322] VRSA
[10:10:57] [134/322] VARS
[10:10:57] [135/322] DSCZ
[10:10:58] [136/322] GAGA
[10:10:59] [137/322] SARV
[10:11:00] [138/322] SEEG
[10:11:01] [139/322] GLCA
[10:11:01] [140/322] APAS
[10:11:02] 🔄 Identity reset
[10:11:02] 🔄 Identity rotated (every 10 requests)
[10:11:02] [141/322] VCIA
[10:11:03] [142/322] SJTA
[10:11:04] [143/322] SABM
[10:11:05] [144/322] PPAG
[10:11:06] [145/322] RVCA
[10:11:07] [146/322] CCIA
[10:11:08] [147/322] HTAG
[10:11:09] [148/322] SMBI
[10:11:09] [149/322] MCJR
[10:11:10] [150/322] CCJR
[10:11:11] 🔄 Identity reset
[10:11:11] 🔄 Identity rotated (every 10 requests)
[10:11:12] [151/322] SINF
[10:11:12] [152/322] CPLX
[10:11:13] [153/322] KKTJ
[10:11:14] [154/322] GDBW
[10:11:15] [155/322] CSUB
[10:11:16] [156/322] DABA
[10:11:17] [157/322] TITR
[10:11:18] [158/322] NYCR
[10:11:18] [159/322] RTRY
[10:11:19] [160/322] JTJL
[10:11:20] 🔄 Identity reset
[10:11:20] 🔄 Identity rotated (every 10 requests)
[10:11:20] [161/322] SJCP
[10:11:21] [162/322] KCCA
[10:11:22] [163/322] MLPG
[10:11:23] [164/322] VRCK
[10:11:23] [165/322] SRIN
[10:11:24] [166/322] CXMK
[10:11:25] [167/322] SKAD
[10:11:26] [168/322] AVTR
[10:11:27] [169/322] PTAJ
[10:11:28] [170/322] SCNK
[10:11:28] 🔄 Identity reset
[10:11:28] 🔄 Identity rotated (every 10 requests)
[10:11:28] [171/322] STTI
[10:11:29] [172/322] KACR
[10:11:30] [173/322] SSDX
[10:11:31] [174/322] VRTJ
[10:11:32] [175/322] RAJD
[10:11:33] [176/322] SCIP
[10:11:34] [177/322] RJSL
[10:11:34] [178/322] ARRS
[10:11:36] [179/322] ASMS
[10:11:37] [180/322] RDTS
[10:11:37] 🔄 Identity reset
[10:11:37] 🔄 Identity rotated (every 10 requests)
[10:11:38] 🔄 Retry 1/5 for RDTS in 2.2s
[10:11:38] 🔄 Identity reset
[10:11:40] 🧠 New identity created
[10:11:40] 🔄 Retry 2/5 for RDTS in 4.5s
[10:11:40] 🔄 Identity reset
[10:11:44] 🧠 New identity created
[10:11:45] [181/322] DVMY
[10:11:46] [182/322] RASA
[10:11:46] [183/322] INOM
[10:11:47] [184/322] SPRS
[10:11:48] [185/322] SGCS
[10:11:49] [186/322] SALM
[10:11:50] [187/322] PKHC
[10:11:51] [188/322] RCSV
[10:11:52] 🔄 Identity reset
[10:11:52] 🔄 Identity rotated (every 10 requests)
[10:11:53] [189/322] CPKC
[10:11:54] [190/322] AACD
[10:11:55] [191/322] GGCV
[10:11:56] [192/322] SMKD
[10:11:57] [193/322] NBCH
[10:11:57] [194/322] AMCB
[10:11:58] [195/322] OPCN
[10:11:59] [196/322] DCIN
[10:12:00] [197/322] INGW
[10:12:01] [198/322] PKKW
[10:12:01] 🔄 Identity reset
[10:12:02] 🔄 Identity rotated (every 10 requests)
[10:12:02] [199/322] FNGW
[10:12:03] [200/322] GCGD
[10:12:03] [201/322] MSTW
[10:12:04] [202/322] KCCG
[10:12:05] [203/322] MRSS
[10:12:06] [204/322] CLCF
[10:12:07] [205/322] EETS
[10:12:08] [206/322] AATR
[10:12:09] [207/322] CMMN
[10:12:10] [208/322] SCCJ
[10:12:11] 🔄 Identity reset
[10:12:11] 🔄 Identity rotated (every 10 requests)
[10:12:11] [209/322] CDTK
[10:12:12] [210/322] AICP
[10:12:12] [211/322] FNBP
[10:12:14] [212/322] CBPB
[10:12:14] [213/322] CPAS
[10:12:15] [214/322] MAPM
[10:12:16] [215/322] PASD
[10:12:17] [216/322] JCMN
[10:12:18] [217/322] MALB
[10:12:19] [218/322] SACG
[10:12:19] 🔄 Identity reset
[10:12:19] 🔄 Identity rotated (every 10 requests)
[10:12:20] [219/322] DDRX
[10:12:20] [220/322] DDXB
[10:12:21] [221/322] RAMC
[10:12:22] [222/322] SANC
[10:12:23] [223/322] BCBP
[10:12:24] [224/322] ALPC
[10:12:25] [225/322] RBAC
[10:12:26] [226/322] RAJL
[10:12:27] [227/322] MPDX
[10:12:28] [228/322] MUSC
[10:12:28] 🔄 Identity reset
[10:12:28] 🔄 Identity rotated (every 10 requests)
[10:12:29] [229/322] VKMK
[10:12:29] [230/322] SKCG
[10:12:30] [231/322] ANCN
[10:12:31] [232/322] MMCJ
[10:12:32] [233/322] DCAK
[10:12:33] [234/322] SCKG
[10:12:33] [235/322] LMCK
[10:12:34] [236/322] CKKX
[10:12:36] [237/322] ANKU
[10:12:37] [238/322] CSMD
[10:12:37] 🔄 Identity reset
[10:12:37] 🔄 Identity rotated (every 10 requests)
[10:12:38] [239/322] MKMP
[10:12:38] [240/322] SVBG
[10:12:39] [241/322] ROOP
[10:12:40] [242/322] GDMT
[10:12:41] [243/322] FPPF
[10:12:42] [244/322] SFUU
[10:12:43] [245/322] ANCB
[10:12:44] [246/322] SMMC
[10:12:45] [247/322] UGKT
[10:12:45] [248/322] JVRM
[10:12:46] 🔄 Identity reset
[10:12:46] 🔄 Identity rotated (every 10 requests)
[10:12:46] [249/322] BATG
[10:12:47] [250/322] RATE
[10:12:48] [251/322] SKME
[10:12:49] [252/322] LMTP
[10:12:50] [253/322] TCBD
[10:12:51] [254/322] ESBD
[10:12:52] [255/322] GDCU
[10:12:53] [256/322] SNKT
[10:12:54] [257/322] SRNK
[10:12:55] [258/322] SMED
[10:12:56] 🔄 Identity reset
[10:12:56] 🔄 Identity rotated (every 10 requests)
[10:12:56] [259/322] CSQS
[10:12:57] [260/322] ALCS
[10:12:58] [261/322] KCKN
[10:12:59] [262/322] VCCL
[10:12:59] [263/322] MCDA
[10:13:00] [264/322] SHMI
[10:13:02] [265/322] SKHA
[10:13:03] [266/322] SVFK
[10:13:03] [267/322] INVB
[10:13:04] [268/322] MELD
[10:13:05] 🔄 Identity reset
[10:13:05] 🔄 Identity rotated (every 10 requests)
[10:13:05] [269/322] JTYS
[10:13:06] [270/322] INCM
[10:13:07] [271/322] MCDV
[10:13:08] [272/322] KSGK
[10:13:09] [273/322] ICMG
[10:13:10] [274/322] CSCV
[10:13:11] [275/322] STMD
[10:13:13] [276/322] STTR
[10:13:13] [277/322] INVC
[10:13:14] [278/322] JTBL
[10:13:15] 🔄 Identity reset
[10:13:15] 🔄 Identity rotated (every 10 requests)
[10:13:15] [279/322] SRVV
[10:13:16] [280/322] MAVC
[10:13:17] [281/322] SRPP
[10:13:18] [282/322] JGDM
[10:13:19] [283/322] MBSJ
[10:13:19] [284/322] SSLL
[10:13:20] [285/322] SLKP
[10:13:21] [286/322] NSRV
[10:13:22] [287/322] UTDV
[10:13:23] [288/322] KICM
[10:13:23] 🔄 Identity reset
[10:13:23] 🔄 Identity rotated (every 10 requests)
[10:13:23] [289/322] KCMD
[10:13:24] [290/322] TTPP
[10:13:25] [291/322] KMPV
[10:13:26] [292/322] SKTV
[10:13:27] [293/322] STCV
[10:13:28] [294/322] SRDA
[10:13:28] [295/322] JTSX
[10:13:29] [296/322] STBV
[10:13:30] [297/322] APVZ
[10:13:31] [298/322] GSTV
[10:13:31] 🔄 Identity reset
[10:13:31] 🔄 Identity rotated (every 10 requests)
[10:13:32] [299/322] NMVS
[10:13:32] [300/322] SKRT
[10:13:33] [301/322] RMDV
[10:13:34] [302/322] RATG
[10:13:35] [303/322] SJYV
[10:13:36] [304/322] NDGP
[10:13:37] [305/322] SNDG
[10:13:38] [306/322] INSR
[10:13:39] [307/322] INSO
[10:13:40] [308/322] CCSI
[10:13:41] 🔄 Identity reset
[10:13:41] 🔄 Identity rotated (every 10 requests)
[10:13:41] [309/322] RASM
[10:13:42] [310/322] NEWC
[10:13:43] [311/322] VSHL
[10:13:44] [312/322] BISW
[10:13:45] [313/322] GCNG
[10:13:46] [314/322] CWSC
[10:13:47] [315/322] SKAN
[10:13:48] [316/322] CCOA
[10:13:48] [317/322] MCAJ
[10:13:49] [318/322] ACDE
[10:13:50] 🔄 Identity reset
[10:13:50] 🔄 Identity rotated (every 10 requests)
[10:13:50] [319/322] AACM
[10:13:51] [320/322] JJCK
[10:13:52] [321/322] RCMO
[10:13:54] [322/322] GDAW
[10:13:55] 🧹 Deduping shows
[10:13:55] ✅ DONE | Shows=504 | Movies=19
[04:56:49] 🚀 SCRIPT STARTED (enhanced anti‑detection)
[04:56:49] [1/322] CDCA
[04:56:50] 🧠 New identity created
[04:56:50] [2/322] VBCZ
[04:56:51] [3/322] MSDR
[04:56:52] [4/322] ACPV
[04:56:53] [5/322] PVHB
[04:56:54] [6/322] RCNH
[04:56:55] [7/322] IOMH
[04:56:56] [8/322] ILKS
[04:56:57] [9/322] AMSN
[04:56:58] [10/322] ANTP
[04:56:59] 🔄 Identity reset
[04:56:59] 🔄 Identity rotated (every 10 requests)
[04:56:59] [11/322] SSEK
[04:57:00] [12/322] PICP
[04:57:01] [13/322] SICO
[04:57:02] [14/322] SISP
[04:57:03] [15/322] SCPI
[04:57:04] [16/322] CRPR
[04:57:05] [17/322] DCTW
[04:57:06] [18/322] DCSP
[04:57:07] [19/322] KRPM
[04:57:09] [20/322] THKK
[04:57:09] 🔄 Identity reset
[04:57:09] 🔄 Identity rotated (every 10 requests)
[04:57:10] [21/322] SNMY
[04:57:12] [22/322] AKCC
[04:57:13] [23/322] PCAT
[04:57:14] [24/322] RFGO
[04:57:15] [25/322] GGCS
[04:57:15] [26/322] ACKR
[04:57:16] [27/322] STDO
[04:57:17] [28/322] ACKB
[04:57:18] [29/322] ALUC
[04:57:19] [30/322] MNSR
[04:57:20] 🔄 Identity reset
[04:57:20] 🔄 Identity rotated (every 10 requests)
[04:57:20] [31/322] CSSL
[04:57:21] [32/322] BGGM
[04:57:22] [33/322] MANT
[04:57:23] [34/322] SOOY
[04:57:24] [35/322] VPPK
[04:57:25] [36/322] MYHJ
[04:57:25] [37/322] KSCK
[04:57:26] [38/322] KATK
[04:57:28] [39/322] RTRT
[04:57:29] [40/322] SSTT
[04:57:29] 🔄 Identity reset
[04:57:29] 🔄 Identity rotated (every 10 requests)
[04:57:30] [41/322] SSTV
[04:57:31] [42/322] LACM
[04:57:31] [43/322] SGMG
[04:57:32] [44/322] KACX
[04:57:33] [45/322] GVCP
[04:57:34] [46/322] CSNC
[04:57:35] [47/322] SXCB
[04:57:36] [48/322] BAHS
[04:57:37] [49/322] PCBI
[04:57:38] [50/322] PSSM
[04:57:39] 🔄 Identity reset
[04:57:39] 🔄 Identity rotated (every 10 requests)
[04:57:39] [51/322] RCOK
[04:57:40] [52/322] SCPF
[04:57:41] [53/322] SSAS
[04:57:42] [54/322] EVMM
[04:57:43] [55/322] SYCB
[04:57:44] [56/322] GCKI
[04:57:45] [57/322] IAET
[04:57:46] [58/322] DDTD
[04:57:46] [59/322] GMDH
[04:57:48] [60/322] STLE
[04:57:49] 🔄 Identity reset
[04:57:49] 🔄 Identity rotated (every 10 requests)
[04:57:49] [61/322] JTRA
[04:57:50] [62/322] RPPA
[04:57:51] [63/322] ARUT
[04:57:52] [64/322] JTVM
[04:57:53] [65/322] SWRH
[04:57:54] [66/322] DCPC
[04:57:55] [67/322] RAPR
[04:57:56] [68/322] GCRT
[04:57:57] [69/322] ATUN
[04:57:57] [70/322] LTRM
[04:57:58] 🔄 Identity reset
[04:57:58] 🔄 Identity rotated (every 10 requests)
[04:57:58] [71/322] TASR
[04:57:59] [72/322] RLLC
[04:58:00] [73/322] MABI
[04:58:01] [74/322] SVHB
[04:58:02] [75/322] NVTB
[04:58:03] [76/322] KCKG
[04:58:04] [77/322] SSRN
[04:58:05] [78/322] VDDC
[04:58:06] [79/322] GKTK
[04:58:07] [80/322] YFSN
[04:58:08] 🔄 Identity reset
[04:58:08] 🔄 Identity rotated (every 10 requests)
[04:58:08] [81/322] GCSG
[04:58:09] [82/322] ESSM
[04:58:10] [83/322] KRIH
[04:58:12] [84/322] GCDS
[04:58:13] [85/322] CCSH
[04:58:13] [86/322] ACSK
[04:58:14] [87/322] APRK
[04:58:15] [88/322] ADKM
[04:58:16] [89/322] SRDM
[04:58:17] [90/322] SJMY
[04:58:18] 🔄 Identity reset
[04:58:18] 🔄 Identity rotated (every 10 requests)
[04:58:18] [91/322] PGGC
[04:58:19] [92/322] INGM
[04:58:20] [93/322] LSCB
[04:58:21] [94/322] STAD
[04:58:22] [95/322] MCCR
[04:58:22] [96/322] ABCC
[04:58:23] [97/322] RKCC
[04:58:24] [98/322] RTCR
[04:58:25] [99/322] GGBC
[04:58:26] [100/322] GCSD
[04:58:26] 🔄 Identity reset
[04:58:26] 🔄 Identity rotated (every 10 requests)
[04:58:27] [101/322] LPTY
[04:58:28] [102/322] MCFD
[04:58:29] [103/322] HENN
[04:58:30] [104/322] SMKU
[04:58:31] [105/322] TNZC
[04:58:32] [106/322] DRCD
[04:58:33] [107/322] DLCD
[04:58:34] [108/322] RCDA
[04:58:35] [109/322] COSM
[04:58:36] [110/322] MCMJ
[04:58:36] 🔄 Identity reset
[04:58:36] 🔄 Identity rotated (every 10 requests)
[04:58:36] [111/322] CSTR
[04:58:38] [112/322] CVDK
[04:58:39] [113/322] INRR
[04:58:40] [114/322] RJRT
[04:58:41] [115/322] IRMR
[04:58:43] [116/322] SRCF
[04:58:44] [117/322] GRCR
[04:58:45] [118/322] SURC
[04:58:46] [119/322] NMNH
[04:58:46] [120/322] SVBL
[04:58:47] 🔄 Identity reset
[04:58:47] 🔄 Identity rotated (every 10 requests)
[04:58:47] [121/322] KACI
[04:58:49] [122/322] TDGO
[04:58:50] [123/322] KTBR
[04:58:51] [124/322] PMAD
[04:58:52] [125/322] CCPN
[04:58:53] [126/322] SBTK
[04:58:54] [127/322] LMDK
[04:58:54] [128/322] PGDA
[04:58:55] [129/322] SRML
[04:58:56] [130/322] EVCK
[04:58:57] 🔄 Identity reset
[04:58:57] 🔄 Identity rotated (every 10 requests)
[04:58:58] [131/322] RTTK
[04:58:59] [132/322] SRTU
[04:59:00] [133/322] VRSA
[04:59:01] [134/322] VARS
[04:59:02] [135/322] DSCZ
[04:59:03] [136/322] GAGA
[04:59:04] [137/322] SARV
[04:59:05] [138/322] SEEG
[04:59:06] [139/322] GLCA
[04:59:08] [140/322] APAS
[04:59:08] 🔄 Identity reset
[04:59:08] 🔄 Identity rotated (every 10 requests)
[04:59:10] [141/322] VCIA
[04:59:10] [142/322] SJTA
[04:59:11] [143/322] SABM
[04:59:12] [144/322] PPAG
[04:59:13] [145/322] RVCA
[04:59:14] [146/322] CCIA
[04:59:15] [147/322] HTAG
[04:59:16] [148/322] SMBI
[04:59:17] [149/322] MCJR
[04:59:18] [150/322] CCJR
[04:59:18] 🔄 Identity reset
[04:59:18] 🔄 Identity rotated (every 10 requests)
[04:59:18] [151/322] SINF
[04:59:19] [152/322] CPLX
[04:59:21] [153/322] KKTJ
[04:59:22] [154/322] GDBW
[04:59:23] [155/322] CSUB
[04:59:24] [156/322] DABA
[04:59:25] [157/322] TITR
[04:59:26] [158/322] NYCR
[04:59:27] [159/322] RTRY
[04:59:27] [160/322] JTJL
[04:59:28] 🔄 Identity reset
[04:59:28] 🔄 Identity rotated (every 10 requests)
[04:59:28] [161/322] SJCP
[04:59:30] [162/322] KCCA
[04:59:31] [163/322] MLPG
[04:59:31] [164/322] VRCK
[04:59:32] [165/322] SRIN
[04:59:33] [166/322] CXMK
[04:59:34] [167/322] SKAD
[04:59:35] [168/322] AVTR
[04:59:36] [169/322] PTAJ
[04:59:37] [170/322] SCNK
[04:59:38] 🔄 Identity reset
[04:59:38] 🔄 Identity rotated (every 10 requests)
[04:59:38] [171/322] STTI
[04:59:39] [172/322] KACR
[04:59:39] [173/322] SSDX
[04:59:40] [174/322] VRTJ
[04:59:41] [175/322] RAJD
[04:59:42] [176/322] SCIP
[04:59:44] [177/322] RJSL
[04:59:45] [178/322] ARRS
[04:59:46] [179/322] ASMS
[04:59:46] [180/322] RDTS
[04:59:47] 🔄 Identity reset
[04:59:47] 🔄 Identity rotated (every 10 requests)
[04:59:47] [181/322] DVMY
[04:59:48] [182/322] RASA
[04:59:49] [183/322] INOM
[04:59:50] [184/322] SPRS
[04:59:51] [185/322] SGCS
[04:59:52] [186/322] SALM
[04:59:53] [187/322] PKHC
[04:59:54] [188/322] RCSV
[04:59:55] [189/322] CPKC
[04:59:56] [190/322] AACD
[04:59:57] 🔄 Identity reset
[04:59:57] 🔄 Identity rotated (every 10 requests)
[04:59:57] [191/322] GGCV
[04:59:58] [192/322] SMKD
[04:59:59] [193/322] NBCH
[05:00:00] [194/322] AMCB
[05:00:00] [195/322] OPCN
[05:00:01] [196/322] DCIN
[05:00:02] [197/322] INGW
[05:00:03] [198/322] PKKW
[05:00:04] [199/322] FNGW
[05:00:05] [200/322] GCGD
[05:00:05] 🔄 Identity reset
[05:00:05] 🔄 Identity rotated (every 10 requests)
[05:00:06] [201/322] MSTW
[05:00:07] [202/322] KCCG
[05:00:08] [203/322] MRSS
[05:00:09] [204/322] CLCF
[05:00:09] [205/322] EETS
[05:00:10] [206/322] AATR
[05:00:11] [207/322] CMMN
[05:00:12] [208/322] SCCJ
[05:00:13] [209/322] CDTK
[05:00:15] [210/322] AICP
[05:00:15] 🔄 Identity reset
[05:00:15] 🔄 Identity rotated (every 10 requests)
[05:00:16] [211/322] FNBP
[05:00:17] [212/322] CBPB
[05:00:17] [213/322] CPAS
[05:00:18] [214/322] MAPM
[05:00:20] [215/322] PASD
[05:00:20] [216/322] JCMN
[05:00:21] [217/322] MALB
[05:00:22] [218/322] SACG
[05:00:24] [219/322] DDRX
[05:00:25] [220/322] DDXB
[05:00:25] 🔄 Identity reset
[05:00:25] 🔄 Identity rotated (every 10 requests)
[05:00:26] [221/322] RAMC
[05:00:27] [222/322] SANC
[05:00:27] [223/322] BCBP
[05:00:28] [224/322] ALPC
[05:00:29] [225/322] RBAC
[05:00:30] [226/322] RAJL
[05:00:31] [227/322] MPDX
[05:00:32] [228/322] MUSC
[05:00:34] [229/322] VKMK
[05:00:35] [230/322] SKCG
[05:00:35] 🔄 Identity reset
[05:00:35] 🔄 Identity rotated (every 10 requests)
[05:00:36] [231/322] ANCN
[05:00:36] [232/322] MMCJ
[05:00:38] [233/322] DCAK
[05:00:38] [234/322] SCKG
[05:00:39] [235/322] LMCK
[05:00:40] [236/322] CKKX
[05:00:41] [237/322] ANKU
[05:00:43] [238/322] CSMD
[05:00:44] [239/322] MKMP
[05:00:45] [240/322] SVBG
[05:00:45] 🔄 Identity reset
[05:00:45] 🔄 Identity rotated (every 10 requests)
[05:00:46] [241/322] ROOP
[05:00:47] [242/322] GDMT
[05:00:47] [243/322] FPPF
[05:00:49] [244/322] SFUU
[05:00:49] [245/322] ANCB
[05:00:50] [246/322] SMMC
[05:00:52] [247/322] UGKT
[05:00:53] [248/322] JVRM
[05:00:54] [249/322] BATG
[05:00:55] [250/322] RATE
[05:00:55] 🔄 Identity reset
[05:00:55] 🔄 Identity rotated (every 10 requests)
[05:00:55] [251/322] SKME
[05:00:57] [252/322] LMTP
[05:00:58] [253/322] TCBD
[05:00:59] [254/322] ESBD
[05:01:00] [255/322] GDCU
[05:01:01] [256/322] SNKT
[05:01:02] [257/322] SRNK
[05:01:03] [258/322] SMED
[05:01:04] [259/322] CSQS
[05:01:05] [260/322] ALCS
[05:01:05] 🔄 Identity reset
[05:01:05] 🔄 Identity rotated (every 10 requests)
[05:01:06] [261/322] KCKN
[05:01:07] [262/322] VCCL
[05:01:08] [263/322] MCDA
[05:01:09] [264/322] SHMI
[05:01:10] [265/322] SKHA
[05:01:11] [266/322] SVFK
[05:01:12] [267/322] INVB
[05:01:13] [268/322] MELD
[05:01:14] [269/322] JTYS
[05:01:15] [270/322] INCM
[05:01:15] 🔄 Identity reset
[05:01:15] 🔄 Identity rotated (every 10 requests)
[05:01:16] [271/322] MCDV
[05:01:17] [272/322] KSGK
[05:01:17] [273/322] ICMG
[05:01:18] [274/322] CSCV
[05:01:19] [275/322] STMD
[05:01:20] [276/322] STTR
[05:01:21] [277/322] INVC
[05:01:22] [278/322] JTBL
[05:01:23] [279/322] SRVV
[05:01:24] [280/322] MAVC
[05:01:25] 🔄 Identity reset
[05:01:25] 🔄 Identity rotated (every 10 requests)
[05:01:25] [281/322] SRPP
[05:01:26] [282/322] JGDM
[05:01:27] [283/322] MBSJ
[05:01:28] [284/322] SSLL
[05:01:29] [285/322] SLKP
[05:01:29] [286/322] NSRV
[05:01:30] [287/322] UTDV
[05:01:31] [288/322] KICM
[05:01:32] [289/322] KCMD
[05:01:34] [290/322] TTPP
[05:01:34] 🔄 Identity reset
[05:01:34] 🔄 Identity rotated (every 10 requests)
[05:01:35] [291/322] KMPV
[05:01:35] [292/322] SKTV
[05:01:36] [293/322] STCV
[05:01:38] [294/322] SRDA
[05:01:39] [295/322] JTSX
[05:01:40] [296/322] STBV
[05:01:41] [297/322] APVZ
[05:01:41] [298/322] GSTV
[05:01:42] [299/322] NMVS
[05:01:43] [300/322] SKRT
[05:01:44] 🔄 Identity reset
[05:01:44] 🔄 Identity rotated (every 10 requests)
[05:01:44] [301/322] RMDV
[05:01:45] [302/322] RATG
[05:01:46] [303/322] SJYV
[05:01:47] [304/322] NDGP
[05:01:48] [305/322] SNDG
[05:01:49] [306/322] INSR
[05:01:50] [307/322] INSO
[05:01:51] [308/322] CCSI
[05:01:52] [309/322] RASM
[05:01:52] [310/322] NEWC
[05:01:53] 🔄 Identity reset
[05:01:53] 🔄 Identity rotated (every 10 requests)
[05:01:54] [311/322] VSHL
[05:01:55] [312/322] BISW
[05:01:55] [313/322] GCNG
[05:01:56] [314/322] CWSC
[05:01:57] [315/322] SKAN
[05:01:58] [316/322] CCOA
[05:01:59] [317/322] MCAJ
[05:02:00] [318/322] ACDE
[05:02:02] [319/322] AACM
[05:02:03] [320/322] JJCK
[05:02:03] 🔄 Identity reset
[05:02:03] 🔄 Identity rotated (every 10 requests)
[05:02:04] [321/322] RCMO
[05:02:05] [322/322] GDAW
[05:02:06] 🧹 Deduping shows
[05:02:06] ✅ DONE | Shows=718 | Movies=29
[12:21:53] 🚀 SCRIPT STARTED (enhanced anti‑detection)
[12:21:53] [1/322] CDCA
[12:21:54] 🧠 New identity created
[12:21:55] [2/322] VBCZ
[12:21:56] [3/322] MSDR
[12:21:57] [4/322] ACPV
[12:21:58] [5/322] PVHB
[12:21:59] [6/322] RCNH
[12:22:00] [7/322] IOMH
[12:22:01] [8/322] ILKS
[12:22:02] [9/322] AMSN
[12:22:03] [10/322] ANTP
[12:22:04] 🔄 Identity reset
[12:22:04] 🔄 Identity rotated (every 10 requests)
[12:22:04] 🔄 Retry 1/5 for ANTP in 2.7s
[12:22:04] 🔄 Identity reset
[12:22:06] 🧠 New identity created
[12:22:06] 🔄 Retry 2/5 for ANTP in 4.7s
[12:22:06] 🔄 Identity reset
[12:22:11] 🧠 New identity created
[12:22:12] [11/322] SSEK
[12:22:13] [12/322] PICP
[12:22:14] [13/322] SICO
[12:22:15] [14/322] SISP
[12:22:16] [15/322] SCPI
[12:22:17] [16/322] CRPR
[12:22:18] [17/322] DCTW
[12:22:19] [18/322] DCSP
[12:22:20] 🔄 Identity reset
[12:22:20] 🔄 Identity rotated (every 10 requests)
[12:22:20] 🔄 Retry 1/5 for DCSP in 2.6s
[12:22:20] 🔄 Identity reset
[12:22:22] 🧠 New identity created
[12:22:23] [19/322] KRPM
[12:22:23] [20/322] THKK
[12:22:24] [21/322] SNMY
[12:22:25] [22/322] AKCC
[12:22:26] [23/322] PCAT
[12:22:28] [24/322] RFGO
[12:22:29] [25/322] GGCS
[12:22:29] [26/322] ACKR
[12:22:30] [27/322] STDO
[12:22:31] 🔄 Identity reset
[12:22:31] 🔄 Identity rotated (every 10 requests)
[12:22:31] 🔄 Retry 1/5 for STDO in 2.7s
[12:22:31] 🔄 Identity reset
[12:22:34] 🧠 New identity created
[12:22:34] [28/322] ACKB
[12:22:35] [29/322] ALUC
[12:22:36] [30/322] MNSR
[12:22:37] [31/322] CSSL
[12:22:38] [32/322] BGGM
[12:22:39] [33/322] MANT
[12:22:40] [34/322] SOOY
[12:22:41] [35/322] VPPK
[12:22:42] [36/322] MYHJ
[12:22:42] 🔄 Identity reset
[12:22:42] 🔄 Identity rotated (every 10 requests)
[12:22:42] 🔄 Retry 1/5 for MYHJ in 2.1s
[12:22:42] 🔄 Identity reset
[12:22:45] 🧠 New identity created
[12:22:46] [37/322] KSCK
[12:22:47] [38/322] KATK
[12:22:48] [39/322] RTRT
[12:22:48] [40/322] SSTT
[12:22:49] [41/322] SSTV
[12:22:50] [42/322] LACM
[12:22:51] [43/322] SGMG
[12:22:52] [44/322] KACX
[12:22:53] [45/322] GVCP
[12:22:54] 🔄 Identity reset
[12:22:54] 🔄 Identity rotated (every 10 requests)
[12:22:54] 🔄 Retry 1/5 for GVCP in 2.4s
[12:22:54] 🔄 Identity reset
[12:22:56] 🧠 New identity created
[12:22:56] [46/322] CSNC
[12:22:57] [47/322] SXCB
[12:22:59] [48/322] BAHS
[12:22:59] [49/322] PCBI
[12:23:00] [50/322] PSSM
[12:23:01] [51/322] RCOK
[12:23:02] [52/322] SCPF
[12:23:03] [53/322] SSAS
[12:23:04] [54/322] EVMM
[12:23:04] 🔄 Identity reset
[12:23:04] 🔄 Identity rotated (every 10 requests)
[12:23:04] [55/322] SYCB
[12:23:05] [56/322] GCKI
[12:23:06] [57/322] IAET
[12:23:07] [58/322] DDTD
[12:23:08] [59/322] GMDH
[12:23:09] [60/322] STLE
[12:23:10] [61/322] JTRA
[12:23:11] [62/322] RPPA
[12:23:11] [63/322] ARUT
[12:23:12] [64/322] JTVM
[12:23:13] 🔄 Identity reset
[12:23:13] 🔄 Identity rotated (every 10 requests)
[12:23:13] [65/322] SWRH
[12:23:14] [66/322] DCPC
[12:23:15] [67/322] RAPR
[12:23:16] [68/322] GCRT
[12:23:16] [69/322] ATUN
[12:23:18] [70/322] LTRM
[12:23:19] [71/322] TASR
[12:23:20] [72/322] RLLC
[12:23:20] [73/322] MABI
[12:23:21] [74/322] SVHB
[12:23:22] 🔄 Identity reset
[12:23:22] 🔄 Identity rotated (every 10 requests)
[12:23:22] [75/322] NVTB
[12:23:23] [76/322] KCKG
[12:23:24] [77/322] SSRN
[12:23:25] [78/322] VDDC
[12:23:26] [79/322] GKTK
[12:23:27] [80/322] YFSN
[12:23:28] [81/322] GCSG
[12:23:29] [82/322] ESSM
[12:23:30] [83/322] KRIH
[12:23:30] [84/322] GCDS
[12:23:31] 🔄 Identity reset
[12:23:31] 🔄 Identity rotated (every 10 requests)
[12:23:31] 🔄 Retry 1/5 for GCDS in 2.1s
[12:23:31] 🔄 Identity reset
[12:23:33] 🧠 New identity created
[12:23:33] 🔄 Retry 2/5 for GCDS in 4.6s
[12:23:33] 🔄 Identity reset
[12:23:38] 🧠 New identity created
[12:23:38] [85/322] CCSH
[12:23:39] [86/322] ACSK
[12:23:40] [87/322] APRK
[12:23:41] [88/322] ADKM
[12:23:42] [89/322] SRDM
[12:23:43] [90/322] SJMY
[12:23:44] [91/322] PGGC
[12:23:45] [92/322] INGM
[12:23:45] 🔄 Identity reset
[12:23:45] 🔄 Identity rotated (every 10 requests)
[12:23:45] [93/322] LSCB
[12:23:46] [94/322] STAD
[12:23:47] [95/322] MCCR
[12:23:48] [96/322] ABCC
[12:23:49] [97/322] RKCC
[12:23:51] [98/322] RTCR
[12:23:51] [99/322] GGBC
[12:23:52] [100/322] GCSD
[12:23:54] [101/322] LPTY
[12:23:54] [102/322] MCFD
[12:23:55] 🔄 Identity reset
[12:23:55] 🔄 Identity rotated (every 10 requests)
[12:23:55] 🔄 Retry 1/5 for MCFD in 2.9s
[12:23:55] 🔄 Identity reset
[12:23:58] 🧠 New identity created
[12:23:58] 🔄 Retry 2/5 for MCFD in 4.1s
[12:23:58] 🔄 Identity reset
[12:24:02] 🧠 New identity created
[12:24:03] [103/322] HENN
[12:24:04] [104/322] SMKU
[12:24:05] [105/322] TNZC
[12:24:06] [106/322] DRCD
[12:24:07] [107/322] DLCD
[12:24:07] [108/322] RCDA
[12:24:08] [109/322] COSM
[12:24:09] [110/322] MCMJ
[12:24:09] 🔄 Identity reset
[12:24:09] 🔄 Identity rotated (every 10 requests)
[12:24:09] 🔄 Retry 1/5 for MCMJ in 2.0s
[12:24:09] 🔄 Identity reset
[12:24:11] 🧠 New identity created
[12:24:12] [111/322] CSTR
[12:24:13] [112/322] CVDK
[12:24:13] [113/322] INRR
[12:24:14] [114/322] RJRT
[12:24:16] [115/322] IRMR
[12:24:17] [116/322] SRCF
[12:24:18] [117/322] GRCR
[12:24:18] [118/322] SURC
[12:24:19] [119/322] NMNH
[12:24:20] 🔄 Identity reset
[12:24:20] 🔄 Identity rotated (every 10 requests)
[12:24:20] [120/322] SVBL
[12:24:21] [121/322] KACI
[12:24:22] [122/322] TDGO
[12:24:23] [123/322] KTBR
[12:24:25] [124/322] PMAD
[12:24:26] [125/322] CCPN
[12:24:27] [126/322] SBTK
[12:24:28] [127/322] LMDK
[12:24:29] [128/322] PGDA
[12:24:30] [129/322] SRML
[12:24:30] 🔄 Identity reset
[12:24:31] 🔄 Identity rotated (every 10 requests)
[12:24:31] 🔄 Retry 1/5 for SRML in 2.2s
[12:24:31] 🔄 Identity reset
[12:24:33] 🧠 New identity created
[12:24:33] 🔄 Retry 2/5 for SRML in 4.4s
[12:24:33] 🔄 Identity reset
[12:24:37] 🧠 New identity created
[12:24:38] [130/322] EVCK
[12:24:38] [131/322] RTTK
[12:24:39] [132/322] SRTU
[12:24:40] [133/322] VRSA
[12:24:41] [134/322] VARS
[12:24:42] [135/322] DSCZ
[12:24:43] [136/322] GAGA
[12:24:44] [137/322] SARV
[12:24:44] 🔄 Identity reset
[12:24:44] 🔄 Identity rotated (every 10 requests)
[12:24:44] 🔄 Retry 1/5 for SARV in 2.8s
[12:24:44] 🔄 Identity reset
[12:24:47] 🧠 New identity created
[12:24:48] [138/322] SEEG
[12:24:49] [139/322] GLCA
[12:24:50] [140/322] APAS
[12:24:51] [141/322] VCIA
[12:24:52] [142/322] SJTA
[12:24:53] [143/322] SABM
[12:24:54] [144/322] PPAG
[12:24:55] [145/322] RVCA
[12:24:56] [146/322] CCIA
[12:24:56] 🔄 Identity reset
[12:24:56] 🔄 Identity rotated (every 10 requests)
[12:24:56] 🔄 Retry 1/5 for CCIA in 2.6s
[12:24:56] 🔄 Identity reset
[12:24:59] 🧠 New identity created
[12:24:59] [147/322] HTAG
[12:25:00] [148/322] SMBI
[12:25:01] [149/322] MCJR
[12:25:02] [150/322] CCJR
[12:25:03] [151/322] SINF
[12:25:04] [152/322] CPLX
[12:25:04] [153/322] KKTJ
[12:25:05] [154/322] GDBW
[12:25:06] [155/322] CSUB
[12:25:07] 🔄 Identity reset
[12:25:07] 🔄 Identity rotated (every 10 requests)
[12:25:07] 🔄 Retry 1/5 for CSUB in 2.5s
[12:25:07] 🔄 Identity reset
[12:25:09] 🧠 New identity created
[12:25:10] 🔄 Retry 2/5 for CSUB in 4.3s
[12:25:10] 🔄 Identity reset
[12:25:14] 🧠 New identity created
[12:25:14] [156/322] DABA
[12:25:15] [157/322] TITR
[12:25:16] [158/322] NYCR
[12:25:17] [159/322] RTRY
[12:25:17] [160/322] JTJL
[12:25:18] [161/322] SJCP
[12:25:19] [162/322] KCCA
[12:25:20] [163/322] MLPG
[12:25:21] 🔄 Identity reset
[12:25:21] 🔄 Identity rotated (every 10 requests)
[12:25:21] 🔄 Retry 1/5 for MLPG in 2.0s
[12:25:21] 🔄 Identity reset
[12:25:23] 🧠 New identity created
[12:25:23] 🔄 Retry 2/5 for MLPG in 4.2s
[12:25:23] 🔄 Identity reset
[12:25:27] 🧠 New identity created
[12:25:27] [164/322] VRCK
[12:25:28] [165/322] SRIN
[12:25:29] [166/322] CXMK
[12:25:30] [167/322] SKAD
[12:25:31] [168/322] AVTR
[12:25:32] [169/322] PTAJ
[12:25:33] [170/322] SCNK
[12:25:33] [171/322] STTI
[12:25:34] 🔄 Identity reset
[12:25:34] 🔄 Identity rotated (every 10 requests)
[12:25:34] [172/322] KACR
[12:25:35] [173/322] SSDX
[12:25:36] [174/322] VRTJ
[12:25:37] [175/322] RAJD
[12:25:38] [176/322] SCIP
[12:25:38] [177/322] RJSL
[12:25:39] [178/322] ARRS
[12:25:40] [179/322] ASMS
[12:25:41] [180/322] RDTS
[12:25:43] [181/322] DVMY
[12:25:43] 🔄 Identity reset
[12:25:43] 🔄 Identity rotated (every 10 requests)
[12:25:43] 🔄 Retry 1/5 for DVMY in 2.5s
[12:25:43] 🔄 Identity reset
[12:25:46] 🧠 New identity created
[12:25:46] 🔄 Retry 2/5 for DVMY in 4.5s
[12:25:46] 🔄 Identity reset
[12:25:50] 🧠 New identity created
[12:25:51] 🔄 Retry 3/5 for DVMY in 8.8s
[12:25:51] 🔄 Identity reset
[12:25:59] 🧠 New identity created
[12:26:00] [182/322] RASA
[12:26:01] [183/322] INOM
[12:26:02] [184/322] SPRS
[12:26:02] [185/322] SGCS
[12:26:03] [186/322] SALM
[12:26:04] [187/322] PKHC
[12:26:05] [188/322] RCSV
[12:26:06] 🔄 Identity reset
[12:26:06] 🔄 Identity rotated (every 10 requests)
[12:26:06] 🔄 Retry 1/5 for RCSV in 2.6s
[12:26:06] 🔄 Identity reset
[12:26:08] 🧠 New identity created
[12:26:08] 🔄 Retry 2/5 for RCSV in 4.8s
[12:26:08] 🔄 Identity reset
[12:26:13] 🧠 New identity created
[12:26:13] 🔄 Retry 3/5 for RCSV in 8.3s
[12:26:13] 🔄 Identity reset
[12:26:22] 🧠 New identity created
[12:26:22] [189/322] CPKC
[12:26:23] [190/322] AACD
[12:26:24] [191/322] GGCV
[12:26:25] [192/322] SMKD
[12:26:25] [193/322] NBCH
[12:26:26] [194/322] AMCB
[12:26:28] [195/322] OPCN
[12:26:28] 🔄 Identity reset
[12:26:28] 🔄 Identity rotated (every 10 requests)
[12:26:29] [196/322] DCIN
[12:26:29] [197/322] INGW
[12:26:30] [198/322] PKKW
[12:26:31] [199/322] FNGW
[12:26:32] [200/322] GCGD
[12:26:33] [201/322] MSTW
[12:26:34] [202/322] KCCG
[12:26:35] [203/322] MRSS
[12:26:36] [204/322] CLCF
[12:26:36] [205/322] EETS
[12:26:37] 🔄 Identity reset
[12:26:37] 🔄 Identity rotated (every 10 requests)
[12:26:37] [206/322] AATR
[12:26:38] [207/322] CMMN
[12:26:39] [208/322] SCCJ
[12:26:40] [209/322] CDTK
[12:26:41] [210/322] AICP
[12:26:42] [211/322] FNBP
[12:26:43] [212/322] CBPB
[12:26:44] [213/322] CPAS
[12:26:45] [214/322] MAPM
[12:26:45] [215/322] PASD
[12:26:46] 🔄 Identity reset
[12:26:46] 🔄 Identity rotated (every 10 requests)
[12:26:46] [216/322] JCMN
[12:26:47] [217/322] MALB
[12:26:48] [218/322] SACG
[12:26:49] [219/322] DDRX
[12:26:50] [220/322] DDXB
[12:26:51] [221/322] RAMC
[12:26:52] [222/322] SANC
[12:26:53] [223/322] BCBP
[12:26:53] [224/322] ALPC
[12:26:54] [225/322] RBAC
[12:26:55] 🔄 Identity reset
[12:26:55] 🔄 Identity rotated (every 10 requests)
[12:26:55] [226/322] RAJL
[12:26:56] [227/322] MPDX
[12:26:57] [228/322] MUSC
[12:26:58] [229/322] VKMK
[12:26:59] [230/322] SKCG
[12:26:59] [231/322] ANCN
[12:27:00] [232/322] MMCJ
[12:27:01] [233/322] DCAK
[12:27:02] [234/322] SCKG
[12:27:03] [235/322] LMCK
[12:27:04] 🔄 Identity reset
[12:27:04] 🔄 Identity rotated (every 10 requests)
[12:27:04] [236/322] CKKX
[12:27:05] [237/322] ANKU
[12:27:06] [238/322] CSMD
[12:27:07] [239/322] MKMP
[12:27:08] [240/322] SVBG
[12:27:08] [241/322] ROOP
[12:27:09] [242/322] GDMT
[12:27:11] [243/322] FPPF
[12:27:12] [244/322] SFUU
[12:27:13] [245/322] ANCB
[12:27:14] 🔄 Identity reset
[12:27:14] 🔄 Identity rotated (every 10 requests)
[12:27:14] 🔄 Retry 1/5 for ANCB in 2.5s
[12:27:14] 🔄 Identity reset
[12:27:17] 🧠 New identity created
[12:27:18] [246/322] SMMC
[12:27:19] [247/322] UGKT
[12:27:20] [248/322] JVRM
[12:27:21] [249/322] BATG
[12:27:22] [250/322] RATE
[12:27:23] [251/322] SKME
[12:27:24] [252/322] LMTP
[12:27:25] [253/322] TCBD
[12:27:26] [254/322] ESBD
[12:27:27] 🔄 Identity reset
[12:27:27] 🔄 Identity rotated (every 10 requests)
[12:27:27] [255/322] GDCU
[12:27:28] [256/322] SNKT
[12:27:29] [257/322] SRNK
[12:27:29] [258/322] SMED
[12:27:30] [259/322] CSQS
[12:27:31] [260/322] ALCS
[12:27:32] [261/322] KCKN
[12:27:33] [262/322] VCCL
[12:27:34] [263/322] MCDA
[12:27:35] [264/322] SHMI
[12:27:35] 🔄 Identity reset
[12:27:35] 🔄 Identity rotated (every 10 requests)
[12:27:35] 🔄 Retry 1/5 for SHMI in 2.8s
[12:27:35] 🔄 Identity reset
[12:27:38] 🧠 New identity created
[12:27:39] [265/322] SKHA
[12:27:39] [266/322] SVFK
[12:27:41] [267/322] INVB
[12:27:42] [268/322] MELD
[12:27:43] [269/322] JTYS
[12:27:44] [270/322] INCM
[12:27:45] [271/322] MCDV
[12:27:45] [272/322] KSGK
[12:27:46] [273/322] ICMG
[12:27:47] 🔄 Identity reset
[12:27:47] 🔄 Identity rotated (every 10 requests)
[12:27:47] 🔄 Retry 1/5 for ICMG in 2.6s
[12:27:47] 🔄 Identity reset
[12:27:50] 🧠 New identity created
[12:27:50] [274/322] CSCV
[12:27:51] [275/322] STMD
[12:27:52] [276/322] STTR
[12:27:53] [277/322] INVC
[12:27:54] [278/322] JTBL
[12:27:54] [279/322] SRVV
[12:27:56] [280/322] MAVC
[12:27:57] [281/322] SRPP
[12:27:58] [282/322] JGDM
[12:27:59] 🔄 Identity reset
[12:27:59] 🔄 Identity rotated (every 10 requests)
[12:27:59] [283/322] MBSJ
[12:28:00] [284/322] SSLL
[12:28:01] [285/322] SLKP
[12:28:02] [286/322] NSRV
[12:28:03] [287/322] UTDV
[12:28:04] [288/322] KICM
[12:28:04] [289/322] KCMD
[12:28:05] [290/322] TTPP
[12:28:06] [291/322] KMPV
[12:28:07] [292/322] SKTV
[12:28:08] 🔄 Identity reset
[12:28:08] 🔄 Identity rotated (every 10 requests)
[12:28:09] [293/322] STCV
[12:28:09] [294/322] SRDA
[12:28:10] [295/322] JTSX
[12:28:11] [296/322] STBV
[12:28:12] [297/322] APVZ
[12:28:13] [298/322] GSTV
[12:28:14] [299/322] NMVS
[12:28:15] [300/322] SKRT
[12:28:16] [301/322] RMDV
[12:28:17] [302/322] RATG
[12:28:17] 🔄 Identity reset
[12:28:17] 🔄 Identity rotated (every 10 requests)
[12:28:18] [303/322] SJYV
[12:28:19] [304/322] NDGP
[12:28:20] [305/322] SNDG
[12:28:21] [306/322] INSR
[12:28:22] [307/322] INSO
[12:28:22] [308/322] CCSI
[12:28:23] [309/322] RASM
[12:28:24] [310/322] NEWC
[12:28:25] [311/322] VSHL
[12:28:26] [312/322] BISW
[12:28:27] 🔄 Identity reset
[12:28:27] 🔄 Identity rotated (every 10 requests)
[12:28:27] [313/322] GCNG
[12:28:28] [314/322] CWSC
[12:28:29] [315/322] SKAN
[12:28:30] [316/322] CCOA
[12:28:31] [317/322] MCAJ
[12:28:32] [318/322] ACDE
[12:28:33] [319/322] AACM
[12:28:34] [320/322] JJCK
[12:28:35] [321/322] RCMO
[12:28:36] [322/322] GDAW
[12:28:37] 🔄 Identity reset
[12:28:37] 🔄 Identity rotated (every 10 requests)
[12:28:37] 🧹 Deduping shows
[12:28:37] ✅ DONE | Shows=720 | Movies=29
[22:03:41] 🚀 SCRIPT STARTED (enhanced anti‑detection)
[22:03:41] [1/322] CDCA
[22:03:41] 🧠 New identity created
[22:03:41] 🔄 Retry 1/5 for CDCA in 2.0s
[22:03:41] 🔄 Identity reset
[22:03:43] 🧠 New identity created
[22:03:44] [2/322] VBCZ
[22:03:44] [3/322] MSDR
[22:03:45] [4/322] ACPV
[22:03:46] [5/322] PVHB
[22:03:47] [6/322] RCNH
[22:03:48] [7/322] IOMH
[22:03:49] [8/322] ILKS
[22:03:50] [9/322] AMSN
[22:03:50] 🔄 Identity reset
[22:03:50] 🔄 Identity rotated (every 10 requests)
[22:03:51] [10/322] ANTP
[22:03:51] [11/322] SSEK
[22:03:52] [12/322] PICP
[22:03:53] [13/322] SICO
[22:03:54] [14/322] SISP
[22:03:55] [15/322] SCPI
[22:03:56] [16/322] CRPR
[22:03:57] [17/322] DCTW
[22:03:57] [18/322] DCSP
[22:03:58] [19/322] KRPM
[22:03:59] 🔄 Identity reset
[22:03:59] 🔄 Identity rotated (every 10 requests)
[22:03:59] [20/322] THKK
[22:04:01] [21/322] SNMY
[22:04:01] [22/322] AKCC
[22:04:02] [23/322] PCAT
[22:04:03] [24/322] RFGO
[22:04:04] [25/322] GGCS
[22:04:05] [26/322] ACKR
[22:04:05] [27/322] STDO
[22:04:06] [28/322] ACKB
[22:04:07] [29/322] ALUC
[22:04:08] 🔄 Identity reset
[22:04:08] 🔄 Identity rotated (every 10 requests)
[22:04:08] [30/322] MNSR
[22:04:09] [31/322] CSSL
[22:04:10] [32/322] BGGM
[22:04:11] [33/322] MANT
[22:04:11] [34/322] SOOY
[22:04:12] [35/322] VPPK
[22:04:13] [36/322] MYHJ
[22:04:14] [37/322] KSCK
[22:04:15] [38/322] KATK
[22:04:16] [39/322] RTRT
[22:04:16] 🔄 Identity reset
[22:04:16] 🔄 Identity rotated (every 10 requests)
[22:04:16] [40/322] SSTT
[22:04:17] [41/322] SSTV
[22:04:18] [42/322] LACM
[22:04:19] [43/322] SGMG
[22:04:20] [44/322] KACX
[22:04:21] [45/322] GVCP
[22:04:21] [46/322] CSNC
[22:04:22] [47/322] SXCB
[22:04:24] [48/322] BAHS
[22:04:25] [49/322] PCBI
[22:04:25] 🔄 Identity reset
[22:04:25] 🔄 Identity rotated (every 10 requests)
[22:04:26] [50/322] PSSM
[22:04:26] [51/322] RCOK
[22:04:27] [52/322] SCPF
[22:04:28] [53/322] SSAS
[22:04:29] [54/322] EVMM
[22:04:30] [55/322] SYCB
[22:04:31] [56/322] GCKI
[22:04:32] [57/322] IAET
[22:04:33] [58/322] DDTD
[22:04:34] [59/322] GMDH
[22:04:34] 🔄 Identity reset
[22:04:34] 🔄 Identity rotated (every 10 requests)
[22:04:35] [60/322] STLE
[22:04:35] [61/322] JTRA
[22:04:36] [62/322] RPPA
[22:04:37] [63/322] ARUT
[22:04:38] [64/322] JTVM
[22:04:39] [65/322] SWRH
[22:04:40] [66/322] DCPC
[22:04:40] [67/322] RAPR
[22:04:41] [68/322] GCRT
[22:04:42] [69/322] ATUN
[22:04:42] 🔄 Identity reset
[22:04:43] 🔄 Identity rotated (every 10 requests)
[22:04:43] [70/322] LTRM
[22:04:44] [71/322] TASR
[22:04:45] [72/322] RLLC
[22:04:46] [73/322] MABI
[22:04:46] [74/322] SVHB
[22:04:48] [75/322] NVTB
[22:04:48] [76/322] KCKG
[22:04:49] [77/322] SSRN
[22:04:50] [78/322] VDDC
[22:04:51] [79/322] GKTK
[22:04:52] 🔄 Identity reset
[22:04:52] 🔄 Identity rotated (every 10 requests)
[22:04:52] [80/322] YFSN
[22:04:53] [81/322] GCSG
[22:04:54] [82/322] ESSM
[22:04:55] [83/322] KRIH
[22:04:56] [84/322] GCDS
[22:04:56] [85/322] CCSH
[22:04:57] [86/322] ACSK
[22:04:58] [87/322] APRK
[22:04:59] [88/322] ADKM
[22:05:00] [89/322] SRDM
[22:05:00] 🔄 Identity reset
[22:05:00] 🔄 Identity rotated (every 10 requests)
[22:05:00] [90/322] SJMY
[22:05:01] [91/322] PGGC
[22:05:02] [92/322] INGM
[22:05:04] [93/322] LSCB
[22:05:05] [94/322] STAD
[22:05:06] [95/322] MCCR
[22:05:06] [96/322] ABCC
[22:05:07] [97/322] RKCC
[22:05:08] [98/322] RTCR
[22:05:09] [99/322] GGBC
[22:05:09] 🔄 Identity reset
[22:05:09] 🔄 Identity rotated (every 10 requests)
[22:05:10] [100/322] GCSD
[22:05:11] [101/322] LPTY
[22:05:11] [102/322] MCFD
[22:05:12] [103/322] HENN
[22:05:14] [104/322] SMKU
[22:05:15] [105/322] TNZC
[22:05:16] [106/322] DRCD
[22:05:17] [107/322] DLCD
[22:05:18] [108/322] RCDA
[22:05:19] [109/322] COSM
[22:05:20] 🔄 Identity reset
[22:05:20] 🔄 Identity rotated (every 10 requests)
[22:05:20] [110/322] MCMJ
[22:05:21] [111/322] CSTR
[22:05:22] [112/322] CVDK
[22:05:23] [113/322] INRR
[22:05:23] [114/322] RJRT
[22:05:24] [115/322] IRMR
[22:05:25] [116/322] SRCF
[22:05:26] [117/322] GRCR
[22:05:27] [118/322] SURC
[22:05:27] [119/322] NMNH
[22:05:28] 🔄 Identity reset
[22:05:28] 🔄 Identity rotated (every 10 requests)
[22:05:28] [120/322] SVBL
[22:05:29] [121/322] KACI
[22:05:30] [122/322] TDGO
[22:05:31] [123/322] KTBR
[22:05:32] [124/322] PMAD
[22:05:33] [125/322] CCPN
[22:05:34] [126/322] SBTK
[22:05:35] [127/322] LMDK
[22:05:36] [128/322] PGDA
[22:05:37] [129/322] SRML
[22:05:37] 🔄 Identity reset
[22:05:37] 🔄 Identity rotated (every 10 requests)
[22:05:37] 🔄 Retry 1/5 for SRML in 2.7s
[22:05:37] 🔄 Identity reset
[22:05:40] 🧠 New identity created
[22:05:40] [130/322] EVCK
[22:05:41] [131/322] RTTK
[22:05:42] [132/322] SRTU
[22:05:43] [133/322] VRSA
[22:05:44] [134/322] VARS
[22:05:45] [135/322] DSCZ
[22:05:45] [136/322] GAGA
[22:05:46] [137/322] SARV
[22:05:47] [138/322] SEEG
[22:05:48] 🔄 Identity reset
[22:05:48] 🔄 Identity rotated (every 10 requests)
[22:05:48] 🔄 Retry 1/5 for SEEG in 2.3s
[22:05:48] 🔄 Identity reset
[22:05:50] 🧠 New identity created
[22:05:50] [139/322] GLCA
[22:05:51] [140/322] APAS
[22:05:52] [141/322] VCIA
[22:05:53] [142/322] SJTA
[22:05:54] [143/322] SABM
[22:05:55] [144/322] PPAG
[22:05:55] [145/322] RVCA
[22:05:56] [146/322] CCIA
[22:05:57] [147/322] HTAG
[22:05:58] 🔄 Identity reset
[22:05:58] 🔄 Identity rotated (every 10 requests)
[22:05:58] 🔄 Retry 1/5 for HTAG in 2.0s
[22:05:58] 🔄 Identity reset
[22:06:00] 🧠 New identity created
[22:06:00] 🔄 Retry 2/5 for HTAG in 4.9s
[22:06:00] 🔄 Identity reset
[22:06:05] 🧠 New identity created
[22:06:05] 🔄 Retry 3/5 for HTAG in 8.8s
[22:06:05] 🔄 Identity reset
[22:06:13] 🧠 New identity created
[22:06:13] 🔄 Retry 4/5 for HTAG in 16.1s
[22:06:13] 🔄 Identity reset
[22:06:30] 🧠 New identity created
[22:06:30] [148/322] SMBI
[22:06:31] [149/322] MCJR
[22:06:32] [150/322] CCJR
[22:06:32] [151/322] SINF
[22:06:33] [152/322] CPLX
[22:06:34] [153/322] KKTJ
[22:06:35] 🔄 Identity reset
[22:06:35] 🔄 Identity rotated (every 10 requests)
[22:06:36] [154/322] GDBW
[22:06:37] [155/322] CSUB
[22:06:37] [156/322] DABA
[22:06:38] [157/322] TITR
[22:06:39] [158/322] NYCR
[22:06:40] [159/322] RTRY
[22:06:41] [160/322] JTJL
[22:06:42] [161/322] SJCP
[22:06:43] [162/322] KCCA
[22:06:44] [163/322] MLPG
[22:06:44] 🔄 Identity reset
[22:06:44] 🔄 Identity rotated (every 10 requests)
[22:06:45] [164/322] VRCK
[22:06:46] [165/322] SRIN
[22:06:46] [166/322] CXMK
[22:06:47] [167/322] SKAD
[22:06:48] [168/322] AVTR
[22:06:49] [169/322] PTAJ
[22:06:50] [170/322] SCNK
[22:06:51] [171/322] STTI
[22:06:52] [172/322] KACR
[22:06:52] [173/322] SSDX
[22:06:53] 🔄 Identity reset
[22:06:53] 🔄 Identity rotated (every 10 requests)
[22:06:53] [174/322] VRTJ
[22:06:55] [175/322] RAJD
[22:06:56] [176/322] SCIP
[22:06:57] [177/322] RJSL
[22:06:58] [178/322] ARRS
[22:06:59] [179/322] ASMS
[22:06:59] [180/322] RDTS
[22:07:00] [181/322] DVMY
[22:07:01] [182/322] RASA
[22:07:02] [183/322] INOM
[22:07:02] 🔄 Identity reset
[22:07:02] 🔄 Identity rotated (every 10 requests)
[22:07:03] [184/322] SPRS
[22:07:03] [185/322] SGCS
[22:07:04] [186/322] SALM
[22:07:05] [187/322] PKHC
[22:07:06] [188/322] RCSV
[22:07:07] [189/322] CPKC
[22:07:08] [190/322] AACD
[22:07:09] [191/322] GGCV
[22:07:10] [192/322] SMKD
[22:07:11] [193/322] NBCH
[22:07:11] 🔄 Identity reset
[22:07:11] 🔄 Identity rotated (every 10 requests)
[22:07:12] [194/322] AMCB
[22:07:12] [195/322] OPCN
[22:07:13] [196/322] DCIN
[22:07:14] [197/322] INGW
[22:07:15] [198/322] PKKW
[22:07:16] [199/322] FNGW
[22:07:17] [200/322] GCGD
[22:07:18] [201/322] MSTW
[22:07:19] [202/322] KCCG
[22:07:19] [203/322] MRSS
[22:07:20] 🔄 Identity reset
[22:07:20] 🔄 Identity rotated (every 10 requests)
[22:07:20] [204/322] CLCF
[22:07:21] [205/322] EETS
[22:07:22] [206/322] AATR
[22:07:23] [207/322] CMMN
[22:07:24] [208/322] SCCJ
[22:07:25] [209/322] CDTK
[22:07:26] [210/322] AICP
[22:07:26] [211/322] FNBP
[22:07:27] [212/322] CBPB
[22:07:28] [213/322] CPAS
[22:07:29] 🔄 Identity reset
[22:07:29] 🔄 Identity rotated (every 10 requests)
[22:07:29] [214/322] MAPM
[22:07:30] [215/322] PASD
[22:07:31] [216/322] JCMN
[22:07:32] [217/322] MALB
[22:07:33] [218/322] SACG
[22:07:34] [219/322] DDRX
[22:07:35] [220/322] DDXB
[22:07:36] [221/322] RAMC
[22:07:37] [222/322] SANC
[22:07:37] [223/322] BCBP
[22:07:38] 🔄 Identity reset
[22:07:38] 🔄 Identity rotated (every 10 requests)
[22:07:38] [224/322] ALPC
[22:07:40] [225/322] RBAC
[22:07:41] [226/322] RAJL
[22:07:42] [227/322] MPDX
[22:07:43] [228/322] MUSC
[22:07:44] [229/322] VKMK
[22:07:45] [230/322] SKCG
[22:07:46] [231/322] ANCN
[22:07:47] [232/322] MMCJ
[22:07:48] [233/322] DCAK
[22:07:48] 🔄 Identity reset
[22:07:48] 🔄 Identity rotated (every 10 requests)
[22:07:49] [234/322] SCKG
[22:07:50] [235/322] LMCK
[22:07:51] [236/322] CKKX
[22:07:52] [237/322] ANKU
[22:07:53] [238/322] CSMD
[22:07:54] [239/322] MKMP
[22:07:55] [240/322] SVBG
[22:07:56] [241/322] ROOP
[22:07:57] [242/322] GDMT
[22:07:57] [243/322] FPPF
[22:07:58] 🔄 Identity reset
[22:07:58] 🔄 Identity rotated (every 10 requests)
[22:07:58] [244/322] SFUU
[22:07:59] [245/322] ANCB
[22:08:00] [246/322] SMMC
[22:08:01] [247/322] UGKT
[22:08:02] [248/322] JVRM
[22:08:03] [249/322] BATG
[22:08:04] [250/322] RATE
[22:08:04] [251/322] SKME
[22:08:05] [252/322] LMTP
[22:08:06] [253/322] TCBD
[22:08:06] 🔄 Identity reset
[22:08:06] 🔄 Identity rotated (every 10 requests)
[22:08:07] 🔄 Retry 1/5 for TCBD in 2.3s
[22:08:07] 🔄 Identity reset
[22:08:09] 🧠 New identity created
[22:08:09] [254/322] ESBD
[22:08:10] [255/322] GDCU
[22:08:11] [256/322] SNKT
[22:08:12] [257/322] SRNK
[22:08:13] [258/322] SMED
[22:08:14] [259/322] CSQS
[22:08:15] [260/322] ALCS
[22:08:16] [261/322] KCKN
[22:08:17] [262/322] VCCL
[22:08:17] 🔄 Identity reset
[22:08:17] 🔄 Identity rotated (every 10 requests)
[22:08:18] [263/322] MCDA
[22:08:19] [264/322] SHMI
[22:08:20] [265/322] SKHA
[22:08:21] [266/322] SVFK
[22:08:22] [267/322] INVB
[22:08:23] [268/322] MELD
[22:08:24] [269/322] JTYS
[22:08:24] [270/322] INCM
[22:08:25] [271/322] MCDV
[22:08:26] [272/322] KSGK
[22:08:27] 🔄 Identity reset
[22:08:27] 🔄 Identity rotated (every 10 requests)
[22:08:28] [273/322] ICMG
[22:08:29] [274/322] CSCV
[22:08:30] [275/322] STMD
[22:08:31] [276/322] STTR
[22:08:32] [277/322] INVC
[22:08:33] [278/322] JTBL
[22:08:34] [279/322] SRVV
[22:08:34] [280/322] MAVC
[22:08:35] [281/322] SRPP
[22:08:36] [282/322] JGDM
[22:08:37] 🔄 Identity reset
[22:08:37] 🔄 Identity rotated (every 10 requests)
[22:08:37] 🔄 Retry 1/5 for JGDM in 2.9s
[22:08:37] 🔄 Identity reset
[22:08:40] 🧠 New identity created
[22:08:40] [283/322] MBSJ
[22:08:41] [284/322] SSLL
[22:08:42] [285/322] SLKP
[22:08:43] [286/322] NSRV
[22:08:44] [287/322] UTDV
[22:08:44] [288/322] KICM
[22:08:46] [289/322] KCMD
[22:08:47] [290/322] TTPP
[22:08:48] [291/322] KMPV
[22:08:49] 🔄 Identity reset
[22:08:49] 🔄 Identity rotated (every 10 requests)
[22:08:49] [292/322] SKTV
[22:08:50] [293/322] STCV
[22:08:51] [294/322] SRDA
[22:08:52] [295/322] JTSX
[22:08:53] [296/322] STBV
[22:08:54] [297/322] APVZ
[22:08:55] [298/322] GSTV
[22:08:56] [299/322] NMVS
[22:08:57] [300/322] SKRT
[22:08:58] [301/322] RMDV
[22:08:58] 🔄 Identity reset
[22:08:58] 🔄 Identity rotated (every 10 requests)
[22:08:59] [302/322] RATG
[22:09:00] [303/322] SJYV
[22:09:00] [304/322] NDGP
[22:09:01] [305/322] SNDG
[22:09:02] [306/322] INSR
[22:09:03] [307/322] INSO
[22:09:04] [308/322] CCSI
[22:09:05] [309/322] RASM
[22:09:06] [310/322] NEWC
[22:09:07] [311/322] VSHL
[22:09:07] 🔄 Identity reset
[22:09:07] 🔄 Identity rotated (every 10 requests)
[22:09:07] [312/322] BISW
[22:09:08] [313/322] GCNG
[22:09:09] [314/322] CWSC
[22:09:11] [315/322] SKAN
[22:09:12] [316/322] CCOA
[22:09:12] [317/322] MCAJ
[22:09:14] [318/322] ACDE
[22:09:15] [319/322] AACM
[22:09:16] [320/322] JJCK
[22:09:16] [321/322] RCMO
[22:09:17] 🔄 Identity reset
[22:09:17] 🔄 Identity rotated (every 10 requests)
[22:09:18] [322/322] GDAW
[22:09:19] 🧹 Deduping shows
[22:09:19] ✅ DONE | Shows=1095 | Movies=33
[07:15:11] 🚀 SCRIPT STARTED (enhanced anti‑detection)
[07:15:11] [1/322] CDCA
[07:15:12] 🧠 New identity created
[07:15:12] 🔄 Retry 1/5 for CDCA in 2.9s
[07:15:12] 🔄 Identity reset
[07:15:15] 🧠 New identity created
[07:15:15] 🔄 Retry 2/5 for CDCA in 4.1s
[07:15:15] 🔄 Identity reset
[07:15:19] 🧠 New identity created
[07:15:19] [2/322] VBCZ
[07:15:20] [3/322] MSDR
[07:15:20] [4/322] ACPV
[07:15:21] [5/322] PVHB
[07:15:22] [6/322] RCNH
[07:15:23] [7/322] IOMH
[07:15:23] [8/322] ILKS
[07:15:24] 🔄 Identity reset
[07:15:24] 🔄 Identity rotated (every 10 requests)
[07:15:24] 🔄 Retry 1/5 for ILKS in 2.2s
[07:15:24] 🔄 Identity reset
[07:15:26] 🧠 New identity created
[07:15:26] [9/322] AMSN
[07:15:28] [10/322] ANTP
[07:15:28] [11/322] SSEK
[07:15:29] [12/322] PICP
[07:15:30] [13/322] SICO
[07:15:31] [14/322] SISP
[07:15:31] [15/322] SCPI
[07:15:32] [16/322] CRPR
[07:15:33] [17/322] DCTW
[07:15:34] 🔄 Identity reset
[07:15:34] 🔄 Identity rotated (every 10 requests)
[07:15:34] 🔄 Retry 1/5 for DCTW in 2.2s
[07:15:34] 🔄 Identity reset
[07:15:36] 🧠 New identity created
[07:15:36] 🔄 Retry 2/5 for DCTW in 4.3s
[07:15:36] 🔄 Identity reset
[07:15:40] 🧠 New identity created
[07:15:41] [18/322] DCSP
[07:15:41] [19/322] KRPM
[07:15:42] [20/322] THKK
[07:15:43] [21/322] SNMY
[07:15:43] [22/322] AKCC
[07:15:44] [23/322] PCAT
[07:15:45] [24/322] RFGO
[07:15:45] [25/322] GGCS
[07:15:46] 🔄 Identity reset
[07:15:46] 🔄 Identity rotated (every 10 requests)
[07:15:46] [26/322] ACKR
[07:15:47] [27/322] STDO
[07:15:48] [28/322] ACKB
[07:15:49] [29/322] ALUC
[07:15:49] [30/322] MNSR
[07:15:50] [31/322] CSSL
[07:15:51] [32/322] BGGM
[07:15:51] [33/322] MANT
[07:15:52] [34/322] SOOY
[07:15:53] [35/322] VPPK
[07:15:54] 🔄 Identity reset
[07:15:54] 🔄 Identity rotated (every 10 requests)
[07:15:54] [36/322] MYHJ
[07:15:55] [37/322] KSCK
[07:15:56] [38/322] KATK
[07:15:57] [39/322] RTRT
[07:15:58] [40/322] SSTT
[07:15:59] [41/322] SSTV
[07:16:00] [42/322] LACM
[07:16:00] [43/322] SGMG
[07:16:01] [44/322] KACX
[07:16:02] [45/322] GVCP
[07:16:02] 🔄 Identity reset
[07:16:02] 🔄 Identity rotated (every 10 requests)
[07:16:03] [46/322] CSNC
[07:16:04] [47/322] SXCB
[07:16:04] [48/322] BAHS
[07:16:05] [49/322] PCBI
[07:16:05] [50/322] PSSM
[07:16:06] [51/322] RCOK
[07:16:07] [52/322] SCPF
[07:16:08] [53/322] SSAS
[07:16:09] [54/322] EVMM
[07:16:09] [55/322] SYCB
[07:16:10] 🔄 Identity reset
[07:16:10] 🔄 Identity rotated (every 10 requests)
[07:16:10] 🔄 Retry 1/5 for SYCB in 2.7s
[07:16:10] 🔄 Identity reset
[07:16:13] 🧠 New identity created
[07:16:13] 🔄 Retry 2/5 for SYCB in 4.1s
[07:16:13] 🔄 Identity reset
[07:16:17] 🧠 New identity created
[07:16:17] 🔄 Retry 3/5 for SYCB in 8.1s
[07:16:17] 🔄 Identity reset
[07:16:25] 🧠 New identity created
[07:16:25] 🔄 Retry 4/5 for SYCB in 16.9s
[07:16:25] 🔄 Identity reset
[07:16:42] 🧠 New identity created
[07:16:42] ❌ SYCB failed after 5 attempts
[07:16:42] 🔄 Identity reset
[07:16:42] ❌ SYCB final failure | RuntimeError | HTTP 403
[07:16:42] [56/322] GCKI
[07:16:43] 🧠 New identity created
[07:16:43] [57/322] IAET
[07:16:44] [58/322] DDTD
[07:16:44] [59/322] GMDH
[07:16:45] [60/322] STLE
[07:16:46] [61/322] JTRA
[07:16:46] 🔄 Identity reset
[07:16:46] 🔄 Identity rotated (every 10 requests)
[07:16:46] 🔄 Retry 1/5 for JTRA in 2.7s
[07:16:46] 🔄 Identity reset
[07:16:49] 🧠 New identity created
[07:16:49] [62/322] RPPA
[07:16:50] [63/322] ARUT
[07:16:50] [64/322] JTVM
[07:16:51] [65/322] SWRH
[07:16:52] [66/322] DCPC
[07:16:53] [67/322] RAPR
[07:16:54] [68/322] GCRT
[07:16:55] [69/322] ATUN
[07:16:55] [70/322] LTRM
[07:16:56] 🔄 Identity reset
[07:16:56] 🔄 Identity rotated (every 10 requests)
[07:16:56] [71/322] TASR
[07:16:57] [72/322] RLLC
[07:16:57] [73/322] MABI
[07:16:58] [74/322] SVHB
[07:16:59] [75/322] NVTB
[07:17:00] [76/322] KCKG
[07:17:00] [77/322] SSRN
[07:17:01] [78/322] VDDC
[07:17:01] [79/322] GKTK
[07:17:02] [80/322] YFSN
[07:17:03] 🔄 Identity reset
[07:17:03] 🔄 Identity rotated (every 10 requests)
[07:17:03] [81/322] GCSG
[07:17:04] [82/322] ESSM
[07:17:05] [83/322] KRIH
[07:17:05] [84/322] GCDS
[07:17:06] [85/322] CCSH
[07:17:07] [86/322] ACSK
[07:17:09] [87/322] APRK
[07:17:09] [88/322] ADKM
[07:17:10] [89/322] SRDM
[07:17:11] [90/322] SJMY
[07:17:11] 🔄 Identity reset
[07:17:11] 🔄 Identity rotated (every 10 requests)
[07:17:11] 🔄 Retry 1/5 for SJMY in 2.9s
[07:17:11] 🔄 Identity reset
[07:17:14] 🧠 New identity created
[07:17:14] [91/322] PGGC
[07:17:15] [92/322] INGM
[07:17:16] [93/322] LSCB
[07:17:16] [94/322] STAD
[07:17:17] [95/322] MCCR
[07:17:18] [96/322] ABCC
[07:17:19] [97/322] RKCC
[07:17:20] [98/322] RTCR
[07:17:20] [99/322] GGBC
[07:17:21] 🔄 Identity reset
[07:17:21] 🔄 Identity rotated (every 10 requests)
[07:17:21] 🔄 Retry 1/5 for GGBC in 2.1s
[07:17:21] 🔄 Identity reset
[07:17:23] 🧠 New identity created
[07:17:23] 🔄 Retry 2/5 for GGBC in 4.1s
[07:17:23] 🔄 Identity reset
[07:17:27] 🧠 New identity created
[07:17:28] [100/322] GCSD
[07:17:28] [101/322] LPTY
[07:17:29] [102/322] MCFD
[07:17:30] [103/322] HENN
[07:17:31] [104/322] SMKU
[07:17:31] [105/322] TNZC
[07:17:32] [106/322] DRCD
[07:17:33] [107/322] DLCD
[07:17:34] 🔄 Identity reset
[07:17:34] 🔄 Identity rotated (every 10 requests)
[07:17:34] [108/322] RCDA
[07:17:35] [109/322] COSM
[07:17:36] [110/322] MCMJ
[07:17:36] [111/322] CSTR
[07:17:37] [112/322] CVDK
[07:17:39] [113/322] INRR
[07:17:39] [114/322] RJRT
[07:17:40] [115/322] IRMR
[07:17:41] [116/322] SRCF
[07:17:41] [117/322] GRCR
[07:17:42] 🔄 Identity reset
[07:17:42] 🔄 Identity rotated (every 10 requests)
[07:17:42] 🔄 Retry 1/5 for GRCR in 2.0s
[07:17:42] 🔄 Identity reset
[07:17:44] 🧠 New identity created
[07:17:44] 🔄 Retry 2/5 for GRCR in 4.1s
[07:17:44] 🔄 Identity reset
[07:17:48] 🧠 New identity created
[07:17:48] [118/322] SURC
[07:17:49] [119/322] NMNH
[07:17:50] [120/322] SVBL
[07:17:51] [121/322] KACI
[07:17:51] [122/322] TDGO
[07:17:53] [123/322] KTBR
[07:17:53] [124/322] PMAD
[07:17:54] [125/322] CCPN
[07:17:55] 🔄 Identity reset
[07:17:55] 🔄 Identity rotated (every 10 requests)
[07:17:55] 🔄 Retry 1/5 for CCPN in 2.5s
[07:17:55] 🔄 Identity reset
[07:17:58] 🧠 New identity created
[07:17:58] [126/322] SBTK
[07:17:59] [127/322] LMDK
[07:17:59] [128/322] PGDA
[07:18:00] [129/322] SRML
[07:18:01] [130/322] EVCK
[07:18:02] [131/322] RTTK
[07:18:03] [132/322] SRTU
[07:18:04] [133/322] VRSA
[07:18:05] [134/322] VARS
[07:18:05] 🔄 Identity reset
[07:18:05] 🔄 Identity rotated (every 10 requests)
[07:18:06] [135/322] DSCZ
[07:18:06] [136/322] GAGA
[07:18:07] [137/322] SARV
[07:18:08] [138/322] SEEG
[07:18:09] [139/322] GLCA
[07:18:10] [140/322] APAS
[07:18:10] [141/322] VCIA
[07:18:11] [142/322] SJTA
[07:18:12] [143/322] SABM
[07:18:12] [144/322] PPAG
[07:18:13] 🔄 Identity reset
[07:18:13] 🔄 Identity rotated (every 10 requests)
[07:18:13] [145/322] RVCA
[07:18:14] [146/322] CCIA
[07:18:14] [147/322] HTAG
[07:18:15] [148/322] SMBI
[07:18:16] [149/322] MCJR
[07:18:16] [150/322] CCJR
[07:18:17] [151/322] SINF
[07:18:18] [152/322] CPLX
[07:18:19] [153/322] KKTJ
[07:18:19] [154/322] GDBW
[07:18:20] 🔄 Identity reset
[07:18:20] 🔄 Identity rotated (every 10 requests)
[07:18:21] [155/322] CSUB
[07:18:22] [156/322] DABA
[07:18:22] [157/322] TITR
[07:18:23] [158/322] NYCR
[07:18:24] [159/322] RTRY
[07:18:24] [160/322] JTJL
[07:18:25] [161/322] SJCP
[07:18:26] [162/322] KCCA
[07:18:27] [163/322] MLPG
[07:18:27] [164/322] VRCK
[07:18:28] 🔄 Identity reset
[07:18:28] 🔄 Identity rotated (every 10 requests)
[07:18:28] 🔄 Retry 1/5 for VRCK in 2.6s
[07:18:28] 🔄 Identity reset
[07:18:31] 🧠 New identity created
[07:18:31] [165/322] SRIN
[07:18:32] [166/322] CXMK
[07:18:33] [167/322] SKAD
[07:18:34] [168/322] AVTR
[07:18:35] [169/322] PTAJ
[07:18:36] [170/322] SCNK
[07:18:36] [171/322] STTI
[07:18:37] [172/322] KACR
[07:18:38] [173/322] SSDX
[07:18:39] 🔄 Identity reset
[07:18:39] 🔄 Identity rotated (every 10 requests)
[07:18:39] [174/322] VRTJ
[07:18:39] [175/322] RAJD
[07:18:40] [176/322] SCIP
[07:18:41] [177/322] RJSL
[07:18:42] [178/322] ARRS
[07:18:42] [179/322] ASMS
[07:18:43] [180/322] RDTS
[07:18:43] [181/322] DVMY
[07:18:44] [182/322] RASA
[07:18:45] [183/322] INOM
[07:18:45] 🔄 Identity reset
[07:18:45] 🔄 Identity rotated (every 10 requests)
[07:18:46] [184/322] SPRS
[07:18:46] [185/322] SGCS
[07:18:47] [186/322] SALM
[07:18:48] [187/322] PKHC
[07:18:48] [188/322] RCSV
[07:18:49] [189/322] CPKC
[07:18:51] [190/322] AACD
[07:18:51] [191/322] GGCV
[07:18:52] [192/322] SMKD
[07:18:53] [193/322] NBCH
[07:18:53] 🔄 Identity reset
[07:18:53] 🔄 Identity rotated (every 10 requests)
[07:18:54] [194/322] AMCB
[07:18:54] [195/322] OPCN
[07:18:55] [196/322] DCIN
[07:18:56] [197/322] INGW
[07:18:56] [198/322] PKKW
[07:18:57] [199/322] FNGW
[07:18:58] [200/322] GCGD
[07:18:59] [201/322] MSTW
[07:19:00] [202/322] KCCG
[07:19:02] [203/322] MRSS
[07:19:02] 🔄 Identity reset
[07:19:02] 🔄 Identity rotated (every 10 requests)
[07:19:02] 🔄 Retry 1/5 for MRSS in 2.3s
[07:19:02] 🔄 Identity reset
[07:19:05] 🧠 New identity created
[07:19:05] [204/322] CLCF
[07:19:06] [205/322] EETS
[07:19:06] [206/322] AATR
[07:19:07] [207/322] CMMN
[07:19:08] [208/322] SCCJ
[07:19:09] [209/322] CDTK
[07:19:09] [210/322] AICP
[07:19:10] [211/322] FNBP
[07:19:11] [212/322] CBPB
[07:19:11] 🔄 Identity reset
[07:19:11] 🔄 Identity rotated (every 10 requests)
[07:19:11] 🔄 Retry 1/5 for CBPB in 2.1s
[07:19:11] 🔄 Identity reset
[07:19:13] 🧠 New identity created
[07:19:14] [213/322] CPAS
[07:19:14] [214/322] MAPM
[07:19:15] [215/322] PASD
[07:19:15] [216/322] JCMN
[07:19:16] [217/322] MALB
[07:19:17] [218/322] SACG
[07:19:18] [219/322] DDRX
[07:19:19] [220/322] DDXB
[07:19:19] [221/322] RAMC
[07:19:20] 🔄 Identity reset
[07:19:20] 🔄 Identity rotated (every 10 requests)
[07:19:20] [222/322] SANC
[07:19:22] [223/322] BCBP
[07:19:23] [224/322] ALPC
[07:19:24] [225/322] RBAC
[07:19:24] [226/322] RAJL
[07:19:25] [227/322] MPDX
[07:19:26] [228/322] MUSC
[07:19:27] [229/322] VKMK
[07:19:28] [230/322] SKCG
[07:19:29] [231/322] ANCN
[07:19:29] 🔄 Identity reset
[07:19:29] 🔄 Identity rotated (every 10 requests)
[07:19:30] 🔄 Retry 1/5 for ANCN in 2.3s
[07:19:30] 🔄 Identity reset
[07:19:32] 🧠 New identity created
[07:19:32] [232/322] MMCJ
[07:19:32] [233/322] DCAK
[07:19:33] [234/322] SCKG
[07:19:34] [235/322] LMCK
[07:19:35] [236/322] CKKX
[07:19:35] [237/322] ANKU
[07:19:36] [238/322] CSMD
[07:19:37] [239/322] MKMP
[07:19:38] [240/322] SVBG
[07:19:39] 🔄 Identity reset
[07:19:39] 🔄 Identity rotated (every 10 requests)
[07:19:39] [241/322] ROOP
[07:19:40] [242/322] GDMT
[07:19:41] [243/322] FPPF
[07:19:42] [244/322] SFUU
[07:19:43] [245/322] ANCB
[07:19:44] [246/322] SMMC
[07:19:44] [247/322] UGKT
[07:19:45] [248/322] JVRM
[07:19:46] [249/322] BATG
[07:19:47] [250/322] RATE
[07:19:48] 🔄 Identity reset
[07:19:48] 🔄 Identity rotated (every 10 requests)
[07:19:48] 🔄 Retry 1/5 for RATE in 2.9s
[07:19:48] 🔄 Identity reset
[07:19:51] 🧠 New identity created
[07:19:51] [251/322] SKME
[07:19:51] [252/322] LMTP
[07:19:52] [253/322] TCBD
[07:19:53] [254/322] ESBD
[07:19:53] [255/322] GDCU
[07:19:54] [256/322] SNKT
[07:19:55] [257/322] SRNK
[07:19:56] [258/322] SMED
[07:19:56] [259/322] CSQS
[07:19:57] 🔄 Identity reset
[07:19:57] 🔄 Identity rotated (every 10 requests)
[07:19:57] [260/322] ALCS
[07:19:58] [261/322] KCKN
[07:19:59] [262/322] VCCL
[07:20:00] [263/322] MCDA
[07:20:01] [264/322] SHMI
[07:20:01] [265/322] SKHA
[07:20:02] [266/322] SVFK
[07:20:03] [267/322] INVB
[07:20:03] [268/322] MELD
[07:20:04] [269/322] JTYS
[07:20:05] 🔄 Identity reset
[07:20:05] 🔄 Identity rotated (every 10 requests)
[07:20:05] [270/322] INCM
[07:20:06] [271/322] MCDV
[07:20:06] [272/322] KSGK
[07:20:07] [273/322] ICMG
[07:20:08] [274/322] CSCV
[07:20:08] [275/322] STMD
[07:20:09] [276/322] STTR
[07:20:10] [277/322] INVC
[07:20:11] [278/322] JTBL
[07:20:11] [279/322] SRVV
[07:20:12] 🔄 Identity reset
[07:20:12] 🔄 Identity rotated (every 10 requests)
[07:20:12] [280/322] MAVC
[07:20:13] [281/322] SRPP
[07:20:14] [282/322] JGDM
[07:20:14] [283/322] MBSJ
[07:20:15] [284/322] SSLL
[07:20:15] [285/322] SLKP
[07:20:16] [286/322] NSRV
[07:20:17] [287/322] UTDV
[07:20:17] [288/322] KICM
[07:20:19] [289/322] KCMD
[07:20:20] 🔄 Identity reset
[07:20:20] 🔄 Identity rotated (every 10 requests)
[07:20:20] [290/322] TTPP
[07:20:21] [291/322] KMPV
[07:20:22] [292/322] SKTV
[07:20:23] [293/322] STCV
[07:20:23] [294/322] SRDA
[07:20:24] [295/322] JTSX
[07:20:25] [296/322] STBV
[07:20:26] [297/322] APVZ
[07:20:27] [298/322] GSTV
[07:20:27] [299/322] NMVS
[07:20:28] 🔄 Identity reset
[07:20:28] 🔄 Identity rotated (every 10 requests)
[07:20:28] 🔄 Retry 1/5 for NMVS in 2.5s
[07:20:28] 🔄 Identity reset
[07:20:30] 🧠 New identity created
[07:20:31] [300/322] SKRT
[07:20:32] [301/322] RMDV
[07:20:33] [302/322] RATG
[07:20:34] [303/322] SJYV
[07:20:35] [304/322] NDGP
[07:20:35] [305/322] SNDG
[07:20:36] [306/322] INSR
[07:20:37] [307/322] INSO
[07:20:37] [308/322] CCSI
[07:20:38] 🔄 Identity reset
[07:20:38] 🔄 Identity rotated (every 10 requests)
[07:20:38] [309/322] RASM
[07:20:39] [310/322] NEWC
[07:20:39] [311/322] VSHL
[07:20:40] [312/322] BISW
[07:20:41] [313/322] GCNG
[07:20:42] [314/322] CWSC
[07:20:42] [315/322] SKAN
[07:20:44] [316/322] CCOA
[07:20:45] [317/322] MCAJ
[07:20:46] [318/322] ACDE
[07:20:46] 🔄 Identity reset
[07:20:46] 🔄 Identity rotated (every 10 requests)
[07:20:47] [319/322] AACM
[07:20:47] [320/322] JJCK
[07:20:48] [321/322] RCMO
[07:20:49] [322/322] GDAW
[07:20:50] 🔁 RETRY ROUND 1 | Remaining: 1
[07:20:50] [RETRY-1] SYCB
[07:20:53] 🧹 Deduping shows
[07:20:53] ✅ DONE | Shows=1122 | Movies=33
[17:28:05] 🚀 SCRIPT STARTED (enhanced anti‑detection)
[17:28:05] [1/322] CDCA
[17:28:05] 🧠 New identity created
[17:28:06] 🔄 Retry 1/5 for CDCA in 2.7s
[17:28:06] 🔄 Identity reset
[17:28:08] 🧠 New identity created
[17:28:09] [2/322] VBCZ
[17:28:09] [3/322] MSDR
[17:28:10] [4/322] ACPV
[17:28:11] [5/322] PVHB
[17:28:12] [6/322] RCNH
[17:28:13] [7/322] IOMH
[17:28:13] [8/322] ILKS
[17:28:14] [9/322] AMSN
[17:28:15] 🔄 Identity reset
[17:28:15] 🔄 Identity rotated (every 10 requests)
[17:28:15] 🔄 Retry 1/5 for AMSN in 2.9s
[17:28:15] 🔄 Identity reset
[17:28:18] 🧠 New identity created
[17:28:18] 🔄 Retry 2/5 for AMSN in 4.9s
[17:28:18] 🔄 Identity reset
[17:28:23] 🧠 New identity created
[17:28:23] [10/322] ANTP
[17:28:24] [11/322] SSEK
[17:28:25] [12/322] PICP
[17:28:26] [13/322] SICO
[17:28:27] [14/322] SISP
[17:28:28] [15/322] SCPI
[17:28:28] [16/322] CRPR
[17:28:29] [17/322] DCTW
[17:28:30] 🔄 Identity reset
[17:28:30] 🔄 Identity rotated (every 10 requests)
[17:28:30] 🔄 Retry 1/5 for DCTW in 2.2s
[17:28:30] 🔄 Identity reset
[17:28:32] 🧠 New identity created
[17:28:33] [18/322] DCSP
[17:28:33] [19/322] KRPM
[17:28:34] [20/322] THKK
[17:28:36] [21/322] SNMY
[17:28:37] [22/322] AKCC
[17:28:37] [23/322] PCAT
[17:28:38] [24/322] RFGO
[17:28:39] [25/322] GGCS
[17:28:40] [26/322] ACKR
[17:28:41] 🔄 Identity reset
[17:28:41] 🔄 Identity rotated (every 10 requests)
[17:28:41] [27/322] STDO
[17:28:42] [28/322] ACKB
[17:28:44] [29/322] ALUC
[17:28:45] [30/322] MNSR
[17:28:45] [31/322] CSSL
[17:28:47] [32/322] BGGM
[17:28:48] [33/322] MANT
[17:28:49] [34/322] SOOY
[17:28:49] [35/322] VPPK
[17:28:50] [36/322] MYHJ
[17:28:51] 🔄 Identity reset
[17:28:51] 🔄 Identity rotated (every 10 requests)
[17:28:51] [37/322] KSCK
[17:28:53] [38/322] KATK
[17:28:54] [39/322] RTRT
[17:28:54] [40/322] SSTT
[17:28:55] [41/322] SSTV
[17:28:56] [42/322] LACM
[17:28:57] [43/322] SGMG
[17:28:58] [44/322] KACX
[17:28:59] [45/322] GVCP
[17:29:00] [46/322] CSNC
[17:29:01] 🔄 Identity reset
[17:29:01] 🔄 Identity rotated (every 10 requests)
[17:29:01] 🔄 Retry 1/5 for CSNC in 2.7s
[17:29:01] 🔄 Identity reset
[17:29:04] 🧠 New identity created
[17:29:04] [47/322] SXCB
[17:29:05] [48/322] BAHS
[17:29:06] [49/322] PCBI
[17:29:07] [50/322] PSSM
[17:29:08] [51/322] RCOK
[17:29:09] [52/322] SCPF
[17:29:09] [53/322] SSAS
[17:29:10] [54/322] EVMM
[17:29:11] [55/322] SYCB
[17:29:12] 🔄 Identity reset
[17:29:12] 🔄 Identity rotated (every 10 requests)
[17:29:12] [56/322] GCKI
[17:29:13] [57/322] IAET
[17:29:14] [58/322] DDTD
[17:29:15] [59/322] GMDH
[17:29:15] [60/322] STLE
[17:29:16] [61/322] JTRA
[17:29:17] [62/322] RPPA
[17:29:18] [63/322] ARUT
[17:29:18] [64/322] JTVM
[17:29:19] [65/322] SWRH
[17:29:20] 🔄 Identity reset
[17:29:20] 🔄 Identity rotated (every 10 requests)
[17:29:20] [66/322] DCPC
[17:29:21] [67/322] RAPR
[17:29:22] [68/322] GCRT
[17:29:22] [69/322] ATUN
[17:29:23] [70/322] LTRM
[17:29:24] [71/322] TASR
[17:29:25] [72/322] RLLC
[17:29:26] [73/322] MABI
[17:29:27] [74/322] SVHB
[17:29:28] [75/322] NVTB
[17:29:28] 🔄 Identity reset
[17:29:28] 🔄 Identity rotated (every 10 requests)
[17:29:28] [76/322] KCKG
[17:29:29] [77/322] SSRN
[17:29:30] [78/322] VDDC
[17:29:31] [79/322] GKTK
[17:29:32] [80/322] YFSN
[17:29:33] [81/322] GCSG
[17:29:34] [82/322] ESSM
[17:29:34] [83/322] KRIH
[17:29:35] [84/322] GCDS
[17:29:36] [85/322] CCSH
[17:29:37] 🔄 Identity reset
[17:29:37] 🔄 Identity rotated (every 10 requests)
[17:29:37] 🔄 Retry 1/5 for CCSH in 2.0s
[17:29:37] 🔄 Identity reset
[17:29:39] 🧠 New identity created
[17:29:39] 🔄 Retry 2/5 for CCSH in 4.3s
[17:29:39] 🔄 Identity reset
[17:29:43] 🧠 New identity created
[17:29:44] [86/322] ACSK
[17:29:44] [87/322] APRK
[17:29:45] [88/322] ADKM
[17:29:46] [89/322] SRDM
[17:29:47] [90/322] SJMY
[17:29:49] [91/322] PGGC
[17:29:50] [92/322] INGM
[17:29:51] [93/322] LSCB
[17:29:51] 🔄 Identity reset
[17:29:51] 🔄 Identity rotated (every 10 requests)
[17:29:51] 🔄 Retry 1/5 for LSCB in 2.7s
[17:29:51] 🔄 Identity reset
[17:29:54] 🧠 New identity created
[17:29:55] [94/322] STAD
[17:29:55] [95/322] MCCR
[17:29:56] [96/322] ABCC
[17:29:57] [97/322] RKCC
[17:29:58] [98/322] RTCR
[17:29:59] [99/322] GGBC
[17:30:00] [100/322] GCSD
[17:30:00] [101/322] LPTY
[17:30:01] [102/322] MCFD
[17:30:02] 🔄 Identity reset
[17:30:02] 🔄 Identity rotated (every 10 requests)
[17:30:02] [103/322] HENN
[17:30:03] [104/322] SMKU
[17:30:04] [105/322] TNZC
[17:30:05] [106/322] DRCD
[17:30:06] [107/322] DLCD
[17:30:07] [108/322] RCDA
[17:30:08] [109/322] COSM
[17:30:08] [110/322] MCMJ
[17:30:10] [111/322] CSTR
[17:30:11] [112/322] CVDK
[17:30:11] 🔄 Identity reset
[17:30:11] 🔄 Identity rotated (every 10 requests)
[17:30:11] 🔄 Retry 1/5 for CVDK in 2.8s
[17:30:11] 🔄 Identity reset
[17:30:14] 🧠 New identity created
[17:30:14] [113/322] INRR
[17:30:15] [114/322] RJRT
[17:30:16] [115/322] IRMR
[17:30:17] [116/322] SRCF
[17:30:18] [117/322] GRCR
[17:30:19] [118/322] SURC
[17:30:20] [119/322] NMNH
[17:30:21] [120/322] SVBL
[17:30:21] [121/322] KACI
[17:30:22] 🔄 Identity reset
[17:30:22] 🔄 Identity rotated (every 10 requests)
[17:30:22] 🔄 Retry 1/5 for KACI in 2.8s
[17:30:22] 🔄 Identity reset
[17:30:25] 🧠 New identity created
[17:30:25] [122/322] TDGO
[17:30:26] [123/322] KTBR
[17:30:27] [124/322] PMAD
[17:30:28] [125/322] CCPN
[17:30:29] [126/322] SBTK
[17:30:30] [127/322] LMDK
[17:30:30] [128/322] PGDA
[17:30:31] [129/322] SRML
[17:30:32] [130/322] EVCK
[17:30:33] 🔄 Identity reset
[17:30:33] 🔄 Identity rotated (every 10 requests)
[17:30:33] [131/322] RTTK
[17:30:34] [132/322] SRTU
[17:30:35] [133/322] VRSA
[17:30:36] [134/322] VARS
[17:30:36] [135/322] DSCZ
[17:30:37] [136/322] GAGA
[17:30:38] [137/322] SARV
[17:30:39] [138/322] SEEG
[17:30:40] [139/322] GLCA
[17:30:41] [140/322] APAS
[17:30:41] 🔄 Identity reset
[17:30:41] 🔄 Identity rotated (every 10 requests)
[17:30:42] [141/322] VCIA
[17:30:42] [142/322] SJTA
[17:30:43] [143/322] SABM
[17:30:44] [144/322] PPAG
[17:30:45] [145/322] RVCA
[17:30:46] [146/322] CCIA
[17:30:47] [147/322] HTAG
[17:30:47] [148/322] SMBI
[17:30:48] [149/322] MCJR
[17:30:49] [150/322] CCJR
[17:30:50] 🔄 Identity reset
[17:30:50] 🔄 Identity rotated (every 10 requests)
[17:30:50] [151/322] SINF
[17:30:51] [152/322] CPLX
[17:30:52] [153/322] KKTJ
[17:30:53] [154/322] GDBW
[17:30:54] [155/322] CSUB
[17:30:54] [156/322] DABA
[17:30:55] [157/322] TITR
[17:30:56] [158/322] NYCR
[17:30:57] [159/322] RTRY
[17:30:58] [160/322] JTJL
[17:30:59] 🔄 Identity reset
[17:30:59] 🔄 Identity rotated (every 10 requests)
[17:30:59] [161/322] SJCP
[17:31:00] [162/322] KCCA
[17:31:01] [163/322] MLPG
[17:31:02] [164/322] VRCK
[17:31:02] [165/322] SRIN
[17:31:03] [166/322] CXMK
[17:31:04] [167/322] SKAD
[17:31:06] [168/322] AVTR
[17:31:07] [169/322] PTAJ
[17:31:08] [170/322] SCNK
[17:31:08] 🔄 Identity reset
[17:31:08] 🔄 Identity rotated (every 10 requests)
[17:31:09] [171/322] STTI
[17:31:09] [172/322] KACR
[17:31:10] [173/322] SSDX
[17:31:11] [174/322] VRTJ
[17:31:12] [175/322] RAJD
[17:31:13] [176/322] SCIP
[17:31:13] [177/322] RJSL
[17:31:14] [178/322] ARRS
[17:31:15] [179/322] ASMS
[17:31:16] [180/322] RDTS
[17:31:17] 🔄 Identity reset
[17:31:17] 🔄 Identity rotated (every 10 requests)
[17:31:17] 🔄 Retry 1/5 for RDTS in 2.6s
[17:31:17] 🔄 Identity reset
[17:31:19] 🧠 New identity created
[17:31:19] 🔄 Retry 2/5 for RDTS in 4.2s
[17:31:19] 🔄 Identity reset
[17:31:23] 🧠 New identity created
[17:31:24] [181/322] DVMY
[17:31:25] [182/322] RASA
[17:31:25] [183/322] INOM
[17:31:27] [184/322] SPRS
[17:31:28] [185/322] SGCS
[17:31:29] [186/322] SALM
[17:31:30] [187/322] PKHC
[17:31:31] [188/322] RCSV
[17:31:32] 🔄 Identity reset
[17:31:32] 🔄 Identity rotated (every 10 requests)
[17:31:32] 🔄 Retry 1/5 for RCSV in 2.5s
[17:31:32] 🔄 Identity reset
[17:31:35] 🧠 New identity created
[17:31:35] [189/322] CPKC
[17:31:36] [190/322] AACD
[17:31:37] [191/322] GGCV
[17:31:38] [192/322] SMKD
[17:31:40] [193/322] NBCH
[17:31:41] [194/322] AMCB
[17:31:41] [195/322] OPCN
[17:31:42] [196/322] DCIN
[17:31:43] [197/322] INGW
[17:31:43] 🔄 Identity reset
[17:31:43] 🔄 Identity rotated (every 10 requests)
[17:31:44] 🔄 Retry 1/5 for INGW in 2.2s
[17:31:44] 🔄 Identity reset
[17:31:46] 🧠 New identity created
[17:31:46] [198/322] PKKW
[17:31:47] [199/322] FNGW
[17:31:48] [200/322] GCGD
[17:31:49] [201/322] MSTW
[17:31:49] [202/322] KCCG
[17:31:50] [203/322] MRSS
[17:31:51] [204/322] CLCF
[17:31:52] [205/322] EETS
[17:31:53] [206/322] AATR
[17:31:54] 🔄 Identity reset
[17:31:54] 🔄 Identity rotated (every 10 requests)
[17:31:54] 🔄 Retry 1/5 for AATR in 2.2s
[17:31:54] 🔄 Identity reset
[17:31:56] 🧠 New identity created
[17:31:56] 🔄 Retry 2/5 for AATR in 4.1s
[17:31:56] 🔄 Identity reset
[17:32:00] 🧠 New identity created
[17:32:01] [207/322] CMMN
[17:32:01] [208/322] SCCJ
[17:32:02] [209/322] CDTK
[17:32:03] [210/322] AICP
[17:32:05] [211/322] FNBP
[17:32:05] [212/322] CBPB
[17:32:06] [213/322] CPAS
[17:32:07] [214/322] MAPM
[17:32:07] 🔄 Identity reset
[17:32:07] 🔄 Identity rotated (every 10 requests)
[17:32:08] [215/322] PASD
[17:32:09] [216/322] JCMN
[17:32:09] [217/322] MALB
[17:32:10] [218/322] SACG
[17:32:11] [219/322] DDRX
[17:32:12] [220/322] DDXB
[17:32:13] [221/322] RAMC
[17:32:14] [222/322] SANC
[17:32:15] [223/322] BCBP
[17:32:16] [224/322] ALPC
[17:32:16] 🔄 Identity reset
[17:32:16] 🔄 Identity rotated (every 10 requests)
[17:32:16] [225/322] RBAC
[17:32:17] [226/322] RAJL
[17:32:18] [227/322] MPDX
[17:32:19] [228/322] MUSC
[17:32:20] [229/322] VKMK
[17:32:21] [230/322] SKCG
[17:32:22] [231/322] ANCN
[17:32:22] [232/322] MMCJ
[17:32:23] [233/322] DCAK
[17:32:24] [234/322] SCKG
[17:32:25] 🔄 Identity reset
[17:32:25] 🔄 Identity rotated (every 10 requests)
[17:32:25] 🔄 Retry 1/5 for SCKG in 2.8s
[17:32:25] 🔄 Identity reset
[17:32:28] 🧠 New identity created
[17:32:28] [235/322] LMCK
[17:32:29] [236/322] CKKX
[17:32:30] [237/322] ANKU
[17:32:31] [238/322] CSMD
[17:32:31] [239/322] MKMP
[17:32:32] [240/322] SVBG
[17:32:33] [241/322] ROOP
[17:32:34] [242/322] GDMT
[17:32:35] [243/322] FPPF
[17:32:35] 🔄 Identity reset
[17:32:35] 🔄 Identity rotated (every 10 requests)
[17:32:36] [244/322] SFUU
[17:32:37] [245/322] ANCB
[17:32:38] [246/322] SMMC
[17:32:39] [247/322] UGKT
[17:32:40] [248/322] JVRM
[17:32:41] [249/322] BATG
[17:32:42] [250/322] RATE
[17:32:43] [251/322] SKME
[17:32:44] [252/322] LMTP
[17:32:44] [253/322] TCBD
[17:32:45] 🔄 Identity reset
[17:32:45] 🔄 Identity rotated (every 10 requests)
[17:32:45] [254/322] ESBD
[17:32:46] [255/322] GDCU
[17:32:47] [256/322] SNKT
[17:32:48] [257/322] SRNK
[17:32:49] [258/322] SMED
[17:32:50] [259/322] CSQS
[17:32:51] [260/322] ALCS
[17:32:51] [261/322] KCKN
[17:32:52] [262/322] VCCL
[17:32:53] [263/322] MCDA
[17:32:54] 🔄 Identity reset
[17:32:54] 🔄 Identity rotated (every 10 requests)
[17:32:54] [264/322] SHMI
[17:32:56] [265/322] SKHA
[17:32:57] [266/322] SVFK
[17:32:57] [267/322] INVB
[17:32:58] [268/322] MELD
[17:32:59] [269/322] JTYS
[17:33:00] [270/322] INCM
[17:33:01] [271/322] MCDV
[17:33:01] [272/322] KSGK
[17:33:03] [273/322] ICMG
[17:33:04] 🔄 Identity reset
[17:33:04] 🔄 Identity rotated (every 10 requests)
[17:33:04] [274/322] CSCV
[17:33:06] [275/322] STMD
[17:33:06] [276/322] STTR
[17:33:08] [277/322] INVC
[17:33:09] [278/322] JTBL
[17:33:09] [279/322] SRVV
[17:33:10] [280/322] MAVC
[17:33:11] [281/322] SRPP
[17:33:13] [282/322] JGDM
[17:33:14] [283/322] MBSJ
[17:33:15] 🔄 Identity reset
[17:33:15] 🔄 Identity rotated (every 10 requests)
[17:33:15] [284/322] SSLL
[17:33:17] [285/322] SLKP
[17:33:18] [286/322] NSRV
[17:33:19] [287/322] UTDV
[17:33:19] [288/322] KICM
[17:33:20] [289/322] KCMD
[17:33:21] [290/322] TTPP
[17:33:22] [291/322] KMPV
[17:33:23] [292/322] SKTV
[17:33:24] [293/322] STCV
[17:33:25] 🔄 Identity reset
[17:33:25] 🔄 Identity rotated (every 10 requests)
[17:33:25] 🔄 Retry 1/5 for STCV in 2.6s
[17:33:25] 🔄 Identity reset
[17:33:27] 🧠 New identity created
[17:33:28] [294/322] SRDA
[17:33:28] [295/322] JTSX
[17:33:29] [296/322] STBV
[17:33:30] [297/322] APVZ
[17:33:31] [298/322] GSTV
[17:33:32] [299/322] NMVS
[17:33:33] [300/322] SKRT
[17:33:34] [301/322] RMDV
[17:33:34] [302/322] RATG
[17:33:35] 🔄 Identity reset
[17:33:35] 🔄 Identity rotated (every 10 requests)
[17:33:35] [303/322] SJYV
[17:33:36] [304/322] NDGP
[17:33:37] [305/322] SNDG
[17:33:38] [306/322] INSR
[17:33:39] [307/322] INSO
[17:33:40] [308/322] CCSI
[17:33:41] [309/322] RASM
[17:33:42] [310/322] NEWC
[17:33:42] [311/322] VSHL
[17:33:43] [312/322] BISW
[17:33:44] 🔄 Identity reset
[17:33:44] 🔄 Identity rotated (every 10 requests)
[17:33:45] [313/322] GCNG
[17:33:46] [314/322] CWSC
[17:33:47] [315/322] SKAN
[17:33:47] [316/322] CCOA
[17:33:48] [317/322] MCAJ
[17:33:49] [318/322] ACDE
[17:33:50] [319/322] AACM
[17:33:50] [320/322] JJCK
[17:33:51] [321/322] RCMO
[17:33:52] [322/322] GDAW
[17:33:53] 🔄 Identity reset
[17:33:53] 🔄 Identity rotated (every 10 requests)
[17:33:53] 🧹 Deduping shows
[17:33:53] ✅ DONE | Shows=1304 | Movies=36
[18:17:20] 🚀 SCRIPT STARTED (enhanced anti‑detection)
[18:17:20] [1/322] CDCA
[18:17:21] 🧠 New identity created
[18:17:21] [2/322] VBCZ
[18:17:22] [3/322] MSDR
[18:17:23] [4/322] ACPV
[18:17:24] [5/322] PVHB
[18:17:24] [6/322] RCNH
[18:17:25] [7/322] IOMH
[18:17:26] [8/322] ILKS
[18:17:28] [9/322] AMSN
[18:17:29] [10/322] ANTP
[18:17:29] 🔄 Identity reset
[18:17:29] 🔄 Identity rotated (every 10 requests)
[18:17:29] 🔄 Retry 1/5 for ANTP in 2.8s
[18:17:29] 🔄 Identity reset
[18:17:32] 🧠 New identity created
[18:17:32] [11/322] SSEK
[18:17:33] [12/322] PICP
[18:17:35] [13/322] SICO
[18:17:36] [14/322] SISP
[18:17:37] [15/322] SCPI
[18:17:38] [16/322] CRPR
[18:17:39] [17/322] DCTW
[18:17:40] [18/322] DCSP
[18:17:40] [19/322] KRPM
[18:17:41] 🔄 Identity reset
[18:17:41] 🔄 Identity rotated (every 10 requests)
[18:17:41] [20/322] THKK
[18:17:42] [21/322] SNMY
[18:17:43] [22/322] AKCC
[18:17:44] [23/322] PCAT
[18:17:45] [24/322] RFGO
[18:17:46] [25/322] GGCS
[18:17:47] [26/322] ACKR
[18:17:47] [27/322] STDO
[18:17:48] [28/322] ACKB
[18:17:49] [29/322] ALUC
[18:17:50] 🔄 Identity reset
[18:17:50] 🔄 Identity rotated (every 10 requests)
[18:17:50] [30/322] MNSR
[18:17:51] [31/322] CSSL
[18:17:52] [32/322] BGGM
[18:17:53] [33/322] MANT
[18:17:54] [34/322] SOOY
[18:17:55] [35/322] VPPK
[18:17:56] [36/322] MYHJ
[18:17:57] [37/322] KSCK
[18:17:57] [38/322] KATK
[18:17:58] [39/322] RTRT
[18:17:59] 🔄 Identity reset
[18:17:59] 🔄 Identity rotated (every 10 requests)
[18:17:59] [40/322] SSTT
[18:18:00] [41/322] SSTV
[18:18:01] [42/322] LACM
[18:18:02] [43/322] SGMG
[18:18:03] [44/322] KACX
[18:18:04] [45/322] GVCP
[18:18:05] [46/322] CSNC
[18:18:05] [47/322] SXCB
[18:18:06] [48/322] BAHS
[18:18:07] [49/322] PCBI
[18:18:08] 🔄 Identity reset
[18:18:08] 🔄 Identity rotated (every 10 requests)
[18:18:08] 🔄 Retry 1/5 for PCBI in 2.7s
[18:18:08] 🔄 Identity reset
[18:18:11] 🧠 New identity created
[18:18:11] [50/322] PSSM
[18:18:12] [51/322] RCOK
[18:18:12] [52/322] SCPF
[18:18:13] [53/322] SSAS
[18:18:14] [54/322] EVMM
[18:18:15] [55/322] SYCB
[18:18:16] [56/322] GCKI
[18:18:17] [57/322] IAET
[18:18:18] [58/322] DDTD
[18:18:18] 🔄 Identity reset
[18:18:18] 🔄 Identity rotated (every 10 requests)
[18:18:18] 🔄 Retry 1/5 for DDTD in 2.3s
[18:18:18] 🔄 Identity reset
[18:18:21] 🧠 New identity created
[18:18:21] [59/322] GMDH
[18:18:22] [60/322] STLE
[18:18:23] [61/322] JTRA
[18:18:24] [62/322] RPPA
[18:18:25] [63/322] ARUT
[18:18:26] [64/322] JTVM
[18:18:27] [65/322] SWRH
[18:18:29] [66/322] DCPC
[18:18:29] [67/322] RAPR
[18:18:30] 🔄 Identity reset
[18:18:30] 🔄 Identity rotated (every 10 requests)
[18:18:31] [68/322] GCRT
[18:18:31] [69/322] ATUN
[18:18:32] [70/322] LTRM
[18:18:33] [71/322] TASR
[18:18:34] [72/322] RLLC
[18:18:35] [73/322] MABI
[18:18:36] [74/322] SVHB
[18:18:37] [75/322] NVTB
[18:18:38] [76/322] KCKG
[18:18:39] [77/322] SSRN
[18:18:39] 🔄 Identity reset
[18:18:39] 🔄 Identity rotated (every 10 requests)
[18:18:39] 🔄 Retry 1/5 for SSRN in 2.5s
[18:18:39] 🔄 Identity reset
[18:18:42] 🧠 New identity created
[18:18:42] [78/322] VDDC
[18:18:43] [79/322] GKTK
[18:18:44] [80/322] YFSN
[18:18:46] [81/322] GCSG
[18:18:48] [82/322] ESSM
[18:18:49] [83/322] KRIH
[18:18:50] [84/322] GCDS
[18:18:51] [85/322] CCSH
[18:18:52] [86/322] ACSK
[18:18:52] 🔄 Identity reset
[18:18:52] 🔄 Identity rotated (every 10 requests)
[18:18:53] [87/322] APRK
[18:18:54] [88/322] ADKM
[18:18:55] [89/322] SRDM
[18:18:56] [90/322] SJMY
[18:18:57] [91/322] PGGC
[18:18:58] [92/322] INGM
[18:18:59] [93/322] LSCB
[18:19:00] [94/322] STAD
[18:19:00] [95/322] MCCR
[18:19:01] [96/322] ABCC
[18:19:02] 🔄 Identity reset
[18:19:02] 🔄 Identity rotated (every 10 requests)
[18:19:03] [97/322] RKCC
[18:19:04] [98/322] RTCR
[18:19:05] [99/322] GGBC
[18:19:06] [100/322] GCSD
[18:19:07] [101/322] LPTY
[18:19:08] [102/322] MCFD
[18:19:08] [103/322] HENN
[18:19:09] [104/322] SMKU
[18:19:10] [105/322] TNZC
[18:19:11] [106/322] DRCD
[18:19:11] 🔄 Identity reset
[18:19:11] 🔄 Identity rotated (every 10 requests)
[18:19:11] 🔄 Retry 1/5 for DRCD in 2.2s
[18:19:11] 🔄 Identity reset
[18:19:14] 🧠 New identity created
[18:19:14] 🔄 Retry 2/5 for DRCD in 4.9s
[18:19:14] 🔄 Identity reset
[18:19:19] 🧠 New identity created
[18:19:19] 🔄 Retry 3/5 for DRCD in 8.4s
[18:19:19] 🔄 Identity reset
[18:19:27] 🧠 New identity created
[18:19:28] [107/322] DLCD
[18:19:28] [108/322] RCDA
[18:19:29] [109/322] COSM
[18:19:30] [110/322] MCMJ
[18:19:32] [111/322] CSTR
[18:19:33] [112/322] CVDK
[18:19:34] [113/322] INRR
[18:19:35] 🔄 Identity reset
[18:19:35] 🔄 Identity rotated (every 10 requests)
[18:19:35] 🔄 Retry 1/5 for INRR in 2.2s
[18:19:35] 🔄 Identity reset
[18:19:37] 🧠 New identity created
[18:19:38] [114/322] RJRT
[18:19:38] [115/322] IRMR
[18:19:40] [116/322] SRCF
[18:19:40] [117/322] GRCR
[18:19:41] [118/322] SURC
[18:19:42] [119/322] NMNH
[18:19:44] [120/322] SVBL
[18:19:44] [121/322] KACI
[18:19:45] [122/322] TDGO
[18:19:46] 🔄 Identity reset
[18:19:46] 🔄 Identity rotated (every 10 requests)
[18:19:46] 🔄 Retry 1/5 for TDGO in 2.5s
[18:19:46] 🔄 Identity reset
[18:19:49] 🧠 New identity created
[18:19:49] 🔄 Retry 2/5 for TDGO in 4.7s
[18:19:49] 🔄 Identity reset
[18:19:53] 🧠 New identity created
[18:19:53] 🔄 Retry 3/5 for TDGO in 9.0s
[18:19:53] 🔄 Identity reset
[18:20:02] 🧠 New identity created
[18:20:02] 🔄 Retry 4/5 for TDGO in 16.5s
[18:20:02] 🔄 Identity reset
[18:20:19] 🧠 New identity created
[18:20:19] [123/322] KTBR
[18:20:20] [124/322] PMAD
[18:20:21] [125/322] CCPN
[18:20:22] [126/322] SBTK
[18:20:23] [127/322] LMDK
[18:20:24] [128/322] PGDA
[18:20:24] 🔄 Identity reset
[18:20:24] 🔄 Identity rotated (every 10 requests)
[18:20:24] 🔄 Retry 1/5 for PGDA in 2.9s
[18:20:24] 🔄 Identity reset
[18:20:27] 🧠 New identity created
[18:20:28] [129/322] SRML
[18:20:29] [130/322] EVCK
[18:20:30] [131/322] RTTK
[18:20:31] [132/322] SRTU
[18:20:32] [133/322] VRSA
[18:20:33] [134/322] VARS
[18:20:34] [135/322] DSCZ
[18:20:34] [136/322] GAGA
[18:20:35] [137/322] SARV
[18:20:36] 🔄 Identity reset
[18:20:36] 🔄 Identity rotated (every 10 requests)
[18:20:36] 🔄 Retry 1/5 for SARV in 2.5s
[18:20:36] 🔄 Identity reset
[18:20:38] 🧠 New identity created
[18:20:38] 🔄 Retry 2/5 for SARV in 4.3s
[18:20:38] 🔄 Identity reset
[18:20:43] 🧠 New identity created
[18:20:43] 🔄 Retry 3/5 for SARV in 8.4s
[18:20:43] 🔄 Identity reset
[18:20:51] 🧠 New identity created
[18:20:52] [138/322] SEEG
[18:20:52] [139/322] GLCA
[18:20:53] [140/322] APAS
[18:20:54] [141/322] VCIA
[18:20:55] [142/322] SJTA
[18:20:56] [143/322] SABM
[18:20:57] [144/322] PPAG
[18:20:58] 🔄 Identity reset
[18:20:58] 🔄 Identity rotated (every 10 requests)
[18:20:58] 🔄 Retry 1/5 for PPAG in 2.7s
[18:20:58] 🔄 Identity reset
[18:21:00] 🧠 New identity created
[18:21:01] [145/322] RVCA
[18:21:02] [146/322] CCIA
[18:21:02] [147/322] HTAG
[18:21:03] [148/322] SMBI
[18:21:08] [149/322] MCJR
[18:21:09] [150/322] CCJR
[18:21:10] [151/322] SINF
[18:21:11] [152/322] CPLX
[18:21:12] [153/322] KKTJ
[18:21:13] 🔄 Identity reset
[18:21:13] 🔄 Identity rotated (every 10 requests)
[18:21:13] [154/322] GDBW
[18:21:15] [155/322] CSUB
[18:21:16] [156/322] DABA
[18:21:16] [157/322] TITR
[18:21:17] [158/322] NYCR
[18:21:18] [159/322] RTRY
[18:21:19] [160/322] JTJL
[18:21:20] [161/322] SJCP
[18:21:22] [162/322] KCCA
[18:21:24] [163/322] MLPG
[18:21:25] 🔄 Identity reset
[18:21:25] 🔄 Identity rotated (every 10 requests)
[18:21:25] [164/322] VRCK
[18:21:27] [165/322] SRIN
[18:21:27] [166/322] CXMK
[18:21:28] [167/322] SKAD
[18:21:29] [168/322] AVTR
[18:21:30] [169/322] PTAJ
[18:21:31] [170/322] SCNK
[18:21:33] [171/322] STTI
[18:21:34] [172/322] KACR
[18:21:34] [173/322] SSDX
[18:21:35] 🔄 Identity reset
[18:21:35] 🔄 Identity rotated (every 10 requests)
[18:21:35] 🔄 Retry 1/5 for SSDX in 2.2s
[18:21:35] 🔄 Identity reset
[18:21:37] 🧠 New identity created
[18:21:38] [174/322] VRTJ
[18:21:39] [175/322] RAJD
[18:21:41] [176/322] SCIP
[18:21:42] [177/322] RJSL
[18:21:43] [178/322] ARRS
[18:21:44] [179/322] ASMS
[18:21:44] [180/322] RDTS
[18:21:45] [181/322] DVMY
[18:21:46] [182/322] RASA
[18:21:47] 🔄 Identity reset
[18:21:47] 🔄 Identity rotated (every 10 requests)
[18:21:47] 🔄 Retry 1/5 for RASA in 2.5s
[18:21:47] 🔄 Identity reset
[18:21:49] 🧠 New identity created
[18:21:50] [183/322] INOM
[18:21:51] [184/322] SPRS
[18:21:52] [185/322] SGCS
[18:21:53] [186/322] SALM
[18:21:54] [187/322] PKHC
[18:21:54] [188/322] RCSV
[18:21:55] [189/322] CPKC
[18:21:56] [190/322] AACD
[18:21:57] [191/322] GGCV
[18:21:58] 🔄 Identity reset
[18:21:58] 🔄 Identity rotated (every 10 requests)
[18:21:58] 🔄 Retry 1/5 for GGCV in 2.1s
[18:21:58] 🔄 Identity reset
[18:22:00] 🧠 New identity created
[18:22:00] 🔄 Retry 2/5 for GGCV in 4.4s
[18:22:00] 🔄 Identity reset
[18:22:04] 🧠 New identity created
[18:22:05] [192/322] SMKD
[18:22:06] [193/322] NBCH
[18:22:07] [194/322] AMCB
[18:22:07] [195/322] OPCN
[18:22:08] [196/322] DCIN
[18:22:09] [197/322] INGW
[18:22:10] [198/322] PKKW
[18:22:11] [199/322] FNGW
[18:22:12] 🔄 Identity reset
[18:22:12] 🔄 Identity rotated (every 10 requests)
[18:22:12] 🔄 Retry 1/5 for FNGW in 2.6s
[18:22:12] 🔄 Identity reset
[18:22:15] 🧠 New identity created
[18:22:15] 🔄 Retry 2/5 for FNGW in 4.5s
[18:22:15] 🔄 Identity reset
[18:22:19] 🧠 New identity created
[18:22:19] 🔄 Retry 3/5 for FNGW in 8.0s
[18:22:19] 🔄 Identity reset
[18:22:27] 🧠 New identity created
[18:22:27] 🔄 Retry 4/5 for FNGW in 17.0s
[18:22:27] 🔄 Identity reset
[18:22:44] 🧠 New identity created
[18:22:44] ❌ FNGW failed after 5 attempts
[18:22:44] 🔄 Identity reset
[18:22:44] ❌ FNGW final failure | RuntimeError | HTTP 403
[18:22:44] [200/322] GCGD
[18:22:45] 🧠 New identity created
[18:22:45] 🔄 Retry 1/5 for GCGD in 2.2s
[18:22:45] 🔄 Identity reset
[18:22:47] 🧠 New identity created
[18:22:48] [201/322] MSTW
[18:22:49] [202/322] KCCG
[18:22:50] [203/322] MRSS
[18:22:50] [204/322] CLCF
[18:22:51] 🔄 Identity reset
[18:22:51] 🔄 Identity rotated (every 10 requests)
[18:22:51] [205/322] EETS
[18:22:52] [206/322] AATR
[18:22:53] [207/322] CMMN
[18:22:54] [208/322] SCCJ
[18:22:55] [209/322] CDTK
[18:22:56] [210/322] AICP
[18:22:57] [211/322] FNBP
[18:22:58] [212/322] CBPB
[18:22:59] [213/322] CPAS
[18:23:00] [214/322] MAPM
[18:23:01] 🔄 Identity reset
[18:23:01] 🔄 Identity rotated (every 10 requests)
[18:23:01] [215/322] PASD
[18:23:02] [216/322] JCMN
[18:23:04] [217/322] MALB
[18:23:05] [218/322] SACG
[18:23:06] [219/322] DDRX
[18:23:07] [220/322] DDXB
[18:23:09] [221/322] RAMC
[18:23:10] [222/322] SANC
[18:23:11] [223/322] BCBP
[18:23:12] [224/322] ALPC
[18:23:12] 🔄 Identity reset
[18:23:12] 🔄 Identity rotated (every 10 requests)
[18:23:13] [225/322] RBAC
[18:23:14] [226/322] RAJL
[18:23:15] [227/322] MPDX
[18:23:16] [228/322] MUSC
[18:23:17] [229/322] VKMK
[18:23:18] [230/322] SKCG
[18:23:18] [231/322] ANCN
[18:23:19] [232/322] MMCJ
[18:23:20] [233/322] DCAK
[18:23:21] [234/322] SCKG
[18:23:22] 🔄 Identity reset
[18:23:22] 🔄 Identity rotated (every 10 requests)
[18:23:22] 🔄 Retry 1/5 for SCKG in 2.7s
[18:23:22] 🔄 Identity reset
[18:23:25] 🧠 New identity created
[18:23:25] 🔄 Retry 2/5 for SCKG in 4.6s
[18:23:25] 🔄 Identity reset
[18:23:29] 🧠 New identity created
[18:23:30] [235/322] LMCK
[18:23:30] [236/322] CKKX
[18:23:31] [237/322] ANKU
[18:23:32] [238/322] CSMD
[18:23:33] [239/322] MKMP
[18:23:34] [240/322] SVBG
[18:23:35] [241/322] ROOP
[18:23:36] [242/322] GDMT
[18:23:36] 🔄 Identity reset
[18:23:36] 🔄 Identity rotated (every 10 requests)
[18:23:36] 🔄 Retry 1/5 for GDMT in 2.8s
[18:23:36] 🔄 Identity reset
[18:23:39] 🧠 New identity created
[18:23:39] [243/322] FPPF
[18:23:40] [244/322] SFUU
[18:23:41] [245/322] ANCB
[18:23:42] [246/322] SMMC
[18:23:43] [247/322] UGKT
[18:23:44] [248/322] JVRM
[18:23:45] [249/322] BATG
[18:23:46] [250/322] RATE
[18:23:47] [251/322] SKME
[18:23:48] 🔄 Identity reset
[18:23:48] 🔄 Identity rotated (every 10 requests)
[18:23:49] [252/322] LMTP
[18:23:50] [253/322] TCBD
[18:23:51] [254/322] ESBD
[18:23:51] [255/322] GDCU
[18:23:52] [256/322] SNKT
[18:23:53] [257/322] SRNK
[18:23:54] [258/322] SMED
[18:23:55] [259/322] CSQS
[18:23:56] [260/322] ALCS
[18:23:57] [261/322] KCKN
[18:23:57] 🔄 Identity reset
[18:23:57] 🔄 Identity rotated (every 10 requests)
[18:23:57] [262/322] VCCL
[18:23:58] [263/322] MCDA
[18:23:59] [264/322] SHMI
[18:24:00] [265/322] SKHA
[18:24:01] [266/322] SVFK
[18:24:03] [267/322] INVB
[18:24:04] [268/322] MELD
[18:24:05] [269/322] JTYS
[18:24:06] [270/322] INCM
[18:24:07] [271/322] MCDV
[18:24:07] 🔄 Identity reset
[18:24:07] 🔄 Identity rotated (every 10 requests)
[18:24:09] [272/322] KSGK
[18:24:10] [273/322] ICMG
[18:24:11] [274/322] CSCV
[18:24:12] [275/322] STMD
[18:24:13] [276/322] STTR
[18:24:14] [277/322] INVC
[18:24:15] [278/322] JTBL
[18:24:15] [279/322] SRVV
[18:24:16] [280/322] MAVC
[18:24:17] [281/322] SRPP
[18:24:18] 🔄 Identity reset
[18:24:18] 🔄 Identity rotated (every 10 requests)
[18:24:18] [282/322] JGDM
[18:24:19] [283/322] MBSJ
[18:24:20] [284/322] SSLL
[18:24:21] [285/322] SLKP
[18:24:22] [286/322] NSRV
[18:24:24] [287/322] UTDV
[18:24:25] [288/322] KICM
[18:24:26] [289/322] KCMD
[18:24:26] [290/322] TTPP
[18:24:28] [291/322] KMPV
[18:24:29] 🔄 Identity reset
[18:24:29] 🔄 Identity rotated (every 10 requests)
[18:24:29] [292/322] SKTV
[18:24:30] [293/322] STCV
[18:24:31] [294/322] SRDA
[18:24:32] [295/322] JTSX
[18:24:33] [296/322] STBV
[18:24:34] [297/322] APVZ
[18:24:35] [298/322] GSTV
[18:24:36] [299/322] NMVS
[18:24:36] [300/322] SKRT
[18:24:37] [301/322] RMDV
[18:24:38] 🔄 Identity reset
[18:24:38] 🔄 Identity rotated (every 10 requests)
[18:24:38] 🔄 Retry 1/5 for RMDV in 2.4s
[18:24:38] 🔄 Identity reset
[18:24:41] 🧠 New identity created
[18:24:41] [302/322] RATG
[18:24:42] [303/322] SJYV
[18:24:43] [304/322] NDGP
[18:24:44] [305/322] SNDG
[18:24:45] [306/322] INSR
[18:24:46] [307/322] INSO
[18:24:47] [308/322] CCSI
[18:24:49] [309/322] RASM
[18:24:49] [310/322] NEWC
[18:24:50] 🔄 Identity reset
[18:24:50] 🔄 Identity rotated (every 10 requests)
[18:24:50] [311/322] VSHL
[18:24:51] [312/322] BISW
[18:24:52] [313/322] GCNG
[18:24:53] [314/322] CWSC
[18:24:54] [315/322] SKAN
[18:24:55] [316/322] CCOA
[18:24:56] [317/322] MCAJ
[18:24:57] [318/322] ACDE
[18:24:57] [319/322] AACM
[18:24:58] [320/322] JJCK
[18:24:59] 🔄 Identity reset
[18:24:59] 🔄 Identity rotated (every 10 requests)
[18:24:59] 🔄 Retry 1/5 for JJCK in 2.8s
[18:24:59] 🔄 Identity reset
[18:25:02] 🧠 New identity created
[18:25:02] 🔄 Retry 2/5 for JJCK in 4.6s
[18:25:02] 🔄 Identity reset
[18:25:07] 🧠 New identity created
[18:25:07] [321/322] RCMO
[18:25:08] [322/322] GDAW
[18:25:09] 🔁 RETRY ROUND 1 | Remaining: 1
[18:25:09] [RETRY-1] FNGW
[18:25:12] 🧹 Deduping shows
[18:25:12] ✅ DONE | Shows=1297 | Movies=36
[18:27:21] 🚀 SCRIPT STARTED (enhanced anti‑detection)
[18:27:21] [1/322] CDCA
[18:27:21] 🧠 New identity created
[18:27:21] [2/322] VBCZ
[18:27:22] [3/322] MSDR
[18:27:23] [4/322] ACPV
[18:27:24] [5/322] PVHB
[18:27:25] [6/322] RCNH
[18:27:26] [7/322] IOMH
[18:27:27] [8/322] ILKS
[18:27:28] [9/322] AMSN
[18:27:30] [10/322] ANTP
[18:27:30] 🔄 Identity reset
[18:27:30] 🔄 Identity rotated (every 10 requests)
[18:27:31] [11/322] SSEK
[18:27:31] [12/322] PICP
[18:27:32] [13/322] SICO
[18:27:33] [14/322] SISP
[18:27:34] [15/322] SCPI
[18:27:35] [16/322] CRPR
[18:27:35] [17/322] DCTW
[18:27:37] [18/322] DCSP
[18:27:38] [19/322] KRPM
[18:27:39] [20/322] THKK
[18:27:39] 🔄 Identity reset
[18:27:39] 🔄 Identity rotated (every 10 requests)
[18:27:40] [21/322] SNMY
[18:27:40] [22/322] AKCC
[18:27:41] [23/322] PCAT
[18:27:42] [24/322] RFGO
[18:27:43] [25/322] GGCS
[18:27:44] [26/322] ACKR
[18:27:45] [27/322] STDO
[18:27:46] [28/322] ACKB
[18:27:47] [29/322] ALUC
[18:27:48] [30/322] MNSR
[18:27:48] 🔄 Identity reset
[18:27:48] 🔄 Identity rotated (every 10 requests)
[18:27:48] 🔄 Retry 1/5 for MNSR in 2.9s
[18:27:48] 🔄 Identity reset
[18:27:51] 🧠 New identity created
[18:27:51] [31/322] CSSL
[18:27:52] [32/322] BGGM
[18:27:54] [33/322] MANT
[18:27:55] [34/322] SOOY
[18:27:56] [35/322] VPPK
[18:27:57] [36/322] MYHJ
[18:27:58] [37/322] KSCK
[18:27:59] [38/322] KATK
[18:28:00] [39/322] RTRT
[18:28:00] 🔄 Identity reset
[18:28:00] 🔄 Identity rotated (every 10 requests)
[18:28:00] 🔄 Retry 1/5 for RTRT in 3.0s
[18:28:00] 🔄 Identity reset
[18:28:03] 🧠 New identity created
[18:28:04] [40/322] SSTT
[18:28:04] [41/322] SSTV
[18:28:05] [42/322] LACM
[18:28:06] [43/322] SGMG
[18:28:07] [44/322] KACX
[18:28:08] [45/322] GVCP
[18:28:09] [46/322] CSNC
[18:28:10] [47/322] SXCB
[18:28:10] [48/322] BAHS
[18:28:11] 🔄 Identity reset
[18:28:11] 🔄 Identity rotated (every 10 requests)
[18:28:11] [49/322] PCBI
[18:28:12] [50/322] PSSM
[18:28:13] [51/322] RCOK
[18:28:14] [52/322] SCPF
[18:28:15] [53/322] SSAS
[18:28:16] [54/322] EVMM
[18:28:17] [55/322] SYCB
[18:28:17] [56/322] GCKI
[18:28:18] [57/322] IAET
[18:28:19] [58/322] DDTD
[18:28:20] 🔄 Identity reset
[18:28:20] 🔄 Identity rotated (every 10 requests)
[18:28:20] [59/322] GMDH
[18:28:22] [60/322] STLE
[18:28:23] [61/322] JTRA
[18:28:24] [62/322] RPPA
[18:28:25] [63/322] ARUT
[18:28:26] [64/322] JTVM
[18:28:27] [65/322] SWRH
[18:28:27] [66/322] DCPC
[18:28:28] [67/322] RAPR
[18:28:29] [68/322] GCRT
[18:28:30] 🔄 Identity reset
[18:28:30] 🔄 Identity rotated (every 10 requests)
[18:28:30] [69/322] ATUN
[18:28:31] [70/322] LTRM
[18:28:32] [71/322] TASR
[18:28:33] [72/322] RLLC
[18:28:34] [73/322] MABI
[18:28:34] [74/322] SVHB
[18:28:36] [75/322] NVTB
[18:28:37] [76/322] KCKG
[18:28:38] [77/322] SSRN
[18:28:39] [78/322] VDDC
[18:28:40] 🔄 Identity reset
[18:28:40] 🔄 Identity rotated (every 10 requests)
[18:28:40] [79/322] GKTK
[18:28:41] [80/322] YFSN
[18:28:41] [81/322] GCSG
[18:28:42] [82/322] ESSM
[18:28:43] [83/322] KRIH
[18:28:44] [84/322] GCDS
[18:28:45] [85/322] CCSH
[18:28:46] [86/322] ACSK
[18:28:46] [87/322] APRK
[18:28:47] [88/322] ADKM
[18:28:48] 🔄 Identity reset
[18:28:48] 🔄 Identity rotated (every 10 requests)
[18:28:48] [89/322] SRDM
[18:28:49] [90/322] SJMY
[18:28:50] [91/322] PGGC
[18:28:51] [92/322] INGM
[18:28:51] [93/322] LSCB
[18:28:52] [94/322] STAD
[18:28:53] [95/322] MCCR
[18:28:54] [96/322] ABCC
[18:28:55] [97/322] RKCC
[18:28:56] [98/322] RTCR
[18:28:56] 🔄 Identity reset
[18:28:56] 🔄 Identity rotated (every 10 requests)
[18:28:57] [99/322] GGBC
[18:28:58] [100/322] GCSD
[18:28:58] [101/322] LPTY
[18:28:59] [102/322] MCFD
[18:29:00] [103/322] HENN
[18:29:01] [104/322] SMKU
[18:29:01] [105/322] TNZC
[18:29:02] [106/322] DRCD
[18:29:03] [107/322] DLCD
[18:29:04] [108/322] RCDA
[18:29:05] 🔄 Identity reset
[18:29:05] 🔄 Identity rotated (every 10 requests)
[18:29:05] [109/322] COSM
[18:29:06] [110/322] MCMJ
[18:29:07] [111/322] CSTR
[18:29:08] [112/322] CVDK
[18:29:08] [113/322] INRR
[18:29:09] [114/322] RJRT
[18:29:10] [115/322] IRMR
[18:29:11] [116/322] SRCF
[18:29:12] [117/322] GRCR
[18:29:12] [118/322] SURC
[18:29:13] 🔄 Identity reset
[18:29:13] 🔄 Identity rotated (every 10 requests)
[18:29:13] [119/322] NMNH
[18:29:14] [120/322] SVBL
[18:29:16] [121/322] KACI
[18:29:17] [122/322] TDGO
[18:29:17] [123/322] KTBR
[18:29:18] [124/322] PMAD
[18:29:19] [125/322] CCPN
[18:29:20] [126/322] SBTK
[18:29:21] [127/322] LMDK
[18:29:21] [128/322] PGDA
[18:29:22] 🔄 Identity reset
[18:29:22] 🔄 Identity rotated (every 10 requests)
[18:29:22] [129/322] SRML
[18:29:23] [130/322] EVCK
[18:29:24] [131/322] RTTK
[18:29:25] [132/322] SRTU
[18:29:26] [133/322] VRSA
[18:29:27] [134/322] VARS
[18:29:28] [135/322] DSCZ
[18:29:29] [136/322] GAGA
[18:29:30] [137/322] SARV
[18:29:31] [138/322] SEEG
[18:29:31] 🔄 Identity reset
[18:29:31] 🔄 Identity rotated (every 10 requests)
[18:29:32] [139/322] GLCA
[18:29:33] [140/322] APAS
[18:29:34] [141/322] VCIA
[18:29:34] [142/322] SJTA
[18:29:35] [143/322] SABM
[18:29:36] [144/322] PPAG
[18:29:37] [145/322] RVCA
[18:29:38] [146/322] CCIA
[18:29:39] [147/322] HTAG
[18:29:40] [148/322] SMBI
[18:29:40] 🔄 Identity reset
[18:29:40] 🔄 Identity rotated (every 10 requests)
[18:29:40] 🔄 Retry 1/5 for SMBI in 2.7s
[18:29:40] 🔄 Identity reset
[18:29:43] 🧠 New identity created
[18:29:43] 🔄 Retry 2/5 for SMBI in 4.3s
[18:29:43] 🔄 Identity reset
[18:29:47] 🧠 New identity created
[18:29:48] [149/322] MCJR
[18:29:49] [150/322] CCJR
[18:29:50] [151/322] SINF
[18:29:51] [152/322] CPLX
[18:29:52] [153/322] KKTJ
[18:29:52] [154/322] GDBW
[18:29:53] [155/322] CSUB
[18:29:54] [156/322] DABA
[18:29:55] 🔄 Identity reset
[18:29:55] 🔄 Identity rotated (every 10 requests)
[18:29:55] [157/322] TITR
[18:29:56] [158/322] NYCR
[18:29:57] [159/322] RTRY
[18:29:58] [160/322] JTJL
[18:30:00] [161/322] SJCP
[18:30:01] [162/322] KCCA
[18:30:03] [163/322] MLPG
[18:30:03] [164/322] VRCK
[18:30:04] [165/322] SRIN
[18:30:05] [166/322] CXMK
[18:30:05] 🔄 Identity reset
[18:30:05] 🔄 Identity rotated (every 10 requests)
[18:30:06] [167/322] SKAD
[18:30:07] [168/322] AVTR
[18:30:07] [169/322] PTAJ
[18:30:08] [170/322] SCNK
[18:30:09] [171/322] STTI
[18:30:10] [172/322] KACR
[18:30:10] [173/322] SSDX
[18:30:11] [174/322] VRTJ
[18:30:12] [175/322] RAJD
[18:30:13] [176/322] SCIP
[18:30:14] 🔄 Identity reset
[18:30:14] 🔄 Identity rotated (every 10 requests)
[18:30:14] [177/322] RJSL
[18:30:15] [178/322] ARRS
[18:30:15] [179/322] ASMS
[18:30:16] [180/322] RDTS
[18:30:17] [181/322] DVMY
[18:30:18] [182/322] RASA
[18:30:19] [183/322] INOM
[18:30:20] [184/322] SPRS
[18:30:21] [185/322] SGCS
[18:30:22] [186/322] SALM
[18:30:22] 🔄 Identity reset
[18:30:23] 🔄 Identity rotated (every 10 requests)
[18:30:23] [187/322] PKHC
[18:30:24] [188/322] RCSV
[18:30:25] [189/322] CPKC
[18:30:26] [190/322] AACD
[18:30:27] [191/322] GGCV
[18:30:28] [192/322] SMKD
[18:30:29] [193/322] NBCH
[18:30:29] [194/322] AMCB
[18:30:30] [195/322] OPCN
[18:30:32] [196/322] DCIN
[18:30:32] 🔄 Identity reset
[18:30:32] 🔄 Identity rotated (every 10 requests)
[18:30:33] [197/322] INGW
[18:30:33] [198/322] PKKW
[18:30:34] [199/322] FNGW
[18:30:35] [200/322] GCGD
[18:30:36] [201/322] MSTW
[18:30:37] [202/322] KCCG
[18:30:38] [203/322] MRSS
[18:30:39] [204/322] CLCF
[18:30:39] [205/322] EETS
[18:30:40] [206/322] AATR
[18:30:41] 🔄 Identity reset
[18:30:41] 🔄 Identity rotated (every 10 requests)
[18:30:41] 🔄 Retry 1/5 for AATR in 2.4s
[18:30:41] 🔄 Identity reset
[18:30:43] 🧠 New identity created
[18:30:44] [207/322] CMMN
[18:30:45] [208/322] SCCJ
[18:30:46] [209/322] CDTK
[18:30:47] [210/322] AICP
[18:30:48] [211/322] FNBP
[18:30:49] [212/322] CBPB
[18:30:49] [213/322] CPAS
[18:30:51] [214/322] MAPM
[18:30:52] [215/322] PASD
[18:30:52] 🔄 Identity reset
[18:30:52] 🔄 Identity rotated (every 10 requests)
[18:30:52] 🔄 Retry 1/5 for PASD in 2.6s
[18:30:52] 🔄 Identity reset
[18:30:55] 🧠 New identity created
[18:30:55] [216/322] JCMN
[18:30:56] [217/322] MALB
[18:30:57] [218/322] SACG
[18:30:58] [219/322] DDRX
[18:30:59] [220/322] DDXB
[18:31:00] [221/322] RAMC
[18:31:00] [222/322] SANC
[18:31:01] [223/322] BCBP
[18:31:02] [224/322] ALPC
[18:31:03] 🔄 Identity reset
[18:31:03] 🔄 Identity rotated (every 10 requests)
[18:31:03] [225/322] RBAC
[18:31:04] [226/322] RAJL
[18:31:05] [227/322] MPDX
[18:31:06] [228/322] MUSC
[18:31:07] [229/322] VKMK
[18:31:07] [230/322] SKCG
[18:31:08] [231/322] ANCN
[18:31:09] [232/322] MMCJ
[18:31:10] [233/322] DCAK
[18:31:11] [234/322] SCKG
[18:31:12] 🔄 Identity reset
[18:31:12] 🔄 Identity rotated (every 10 requests)
[18:31:12] [235/322] LMCK
[18:31:13] [236/322] CKKX
[18:31:14] [237/322] ANKU
[18:31:15] [238/322] CSMD
[18:31:17] [239/322] MKMP
[18:31:17] [240/322] SVBG
[18:31:18] [241/322] ROOP
[18:31:19] [242/322] GDMT
[18:31:20] [243/322] FPPF
[18:31:21] [244/322] SFUU
[18:31:21] 🔄 Identity reset
[18:31:21] 🔄 Identity rotated (every 10 requests)
[18:31:21] 🔄 Retry 1/5 for SFUU in 2.6s
[18:31:21] 🔄 Identity reset
[18:31:24] 🧠 New identity created
[18:31:24] [245/322] ANCB
[18:31:25] [246/322] SMMC
[18:31:26] [247/322] UGKT
[18:31:27] [248/322] JVRM
[18:31:28] [249/322] BATG
[18:31:29] [250/322] RATE
[18:31:30] [251/322] SKME
[18:31:31] [252/322] LMTP
[18:31:32] [253/322] TCBD
[18:31:33] 🔄 Identity reset
[18:31:33] 🔄 Identity rotated (every 10 requests)
[18:31:33] 🔄 Retry 1/5 for TCBD in 2.5s
[18:31:33] 🔄 Identity reset
[18:31:35] 🧠 New identity created
[18:31:36] [254/322] ESBD
[18:31:37] [255/322] GDCU
[18:31:38] [256/322] SNKT
[18:31:39] [257/322] SRNK
[18:31:40] [258/322] SMED
[18:31:41] [259/322] CSQS
[18:31:42] [260/322] ALCS
[18:31:43] [261/322] KCKN
[18:31:44] [262/322] VCCL
[18:31:44] 🔄 Identity reset
[18:31:44] 🔄 Identity rotated (every 10 requests)
[18:31:45] [263/322] MCDA
[18:31:46] [264/322] SHMI
[18:31:46] [265/322] SKHA
[18:31:47] [266/322] SVFK
[18:31:48] [267/322] INVB
[18:31:49] [268/322] MELD
[18:31:50] [269/322] JTYS
[18:31:51] [270/322] INCM
[18:31:52] [271/322] MCDV
[18:31:52] [272/322] KSGK
[18:31:53] 🔄 Identity reset
[18:31:53] 🔄 Identity rotated (every 10 requests)
[18:31:53] [273/322] ICMG
[18:31:54] [274/322] CSCV
[18:31:55] [275/322] STMD
[18:31:56] [276/322] STTR
[18:31:57] [277/322] INVC
[18:31:58] [278/322] JTBL
[18:31:58] [279/322] SRVV
[18:31:59] [280/322] MAVC
[18:32:00] [281/322] SRPP
[18:32:01] [282/322] JGDM
[18:32:01] 🔄 Identity reset
[18:32:01] 🔄 Identity rotated (every 10 requests)
[18:32:02] [283/322] MBSJ
[18:32:03] [284/322] SSLL
[18:32:04] [285/322] SLKP
[18:32:05] [286/322] NSRV
[18:32:05] [287/322] UTDV
[18:32:06] [288/322] KICM
[18:32:07] [289/322] KCMD
[18:32:08] [290/322] TTPP
[18:32:09] [291/322] KMPV
[18:32:10] [292/322] SKTV
[18:32:10] 🔄 Identity reset
[18:32:10] 🔄 Identity rotated (every 10 requests)
[18:32:11] [293/322] STCV
[18:32:12] [294/322] SRDA
[18:32:12] [295/322] JTSX
[18:32:13] [296/322] STBV
[18:32:14] [297/322] APVZ
[18:32:15] [298/322] GSTV
[18:32:16] [299/322] NMVS
[18:32:16] [300/322] SKRT
[18:32:17] [301/322] RMDV
[18:32:18] [302/322] RATG
[18:32:19] 🔄 Identity reset
[18:32:19] 🔄 Identity rotated (every 10 requests)
[18:32:20] [303/322] SJYV
[18:32:20] [304/322] NDGP
[18:32:21] [305/322] SNDG
[18:32:22] [306/322] INSR
[18:32:23] [307/322] INSO
[18:32:24] [308/322] CCSI
[18:32:25] [309/322] RASM
[18:32:26] [310/322] NEWC
[18:32:27] [311/322] VSHL
[18:32:28] [312/322] BISW
[18:32:28] 🔄 Identity reset
[18:32:28] 🔄 Identity rotated (every 10 requests)
[18:32:29] [313/322] GCNG
[18:32:30] [314/322] CWSC
[18:32:31] [315/322] SKAN
[18:32:31] [316/322] CCOA
[18:32:32] [317/322] MCAJ
[18:32:33] [318/322] ACDE
[18:32:34] [319/322] AACM
[18:32:35] [320/322] JJCK
[18:32:36] [321/322] RCMO
[18:32:37] [322/322] GDAW
[18:32:37] 🔄 Identity reset
[18:32:37] 🔄 Identity rotated (every 10 requests)
[18:32:38] 🧹 Deduping shows
[18:32:38] ✅ DONE | Shows=1301 | Movies=36
[22:57:16] 🚀 SCRIPT STARTED (enhanced anti‑detection)
[22:57:16] [1/322] CDCA
[22:57:17] 🧠 New identity created
[22:57:17] [2/322] VBCZ
[22:57:18] [3/322] MSDR
[22:57:19] [4/322] ACPV
[22:57:20] [5/322] PVHB
[22:57:22] [6/322] RCNH
[22:57:22] [7/322] IOMH
[22:57:23] [8/322] ILKS
[22:57:24] [9/322] AMSN
[22:57:25] [10/322] ANTP
[22:57:26] 🔄 Identity reset
[22:57:26] 🔄 Identity rotated (every 10 requests)
[22:57:26] [11/322] SSEK
[22:57:27] [12/322] PICP
[22:57:28] [13/322] SICO
[22:57:29] [14/322] SISP
[22:57:30] [15/322] SCPI
[22:57:31] [16/322] CRPR
[22:57:31] [17/322] DCTW
[22:57:32] [18/322] DCSP
[22:57:34] [19/322] KRPM
[22:57:35] [20/322] THKK
[22:57:35] 🔄 Identity reset
[22:57:35] 🔄 Identity rotated (every 10 requests)
[22:57:36] [21/322] SNMY
[22:57:37] [22/322] AKCC
[22:57:38] [23/322] PCAT
[22:57:39] [24/322] RFGO
[22:57:40] [25/322] GGCS
[22:57:41] [26/322] ACKR
[22:57:42] [27/322] STDO
[22:57:43] [28/322] ACKB
[22:57:45] [29/322] ALUC
[22:57:46] [30/322] MNSR
[22:57:46] 🔄 Identity reset
[22:57:46] 🔄 Identity rotated (every 10 requests)
[22:57:47] [31/322] CSSL
[22:57:48] [32/322] BGGM
[22:57:49] [33/322] MANT
[22:57:50] [34/322] SOOY
[22:57:51] [35/322] VPPK
[22:57:52] [36/322] MYHJ
[22:57:53] [37/322] KSCK
[22:57:54] [38/322] KATK
[22:57:55] [39/322] RTRT
[22:57:56] [40/322] SSTT
[22:57:56] 🔄 Identity reset
[22:57:56] 🔄 Identity rotated (every 10 requests)
[22:57:58] [41/322] SSTV
[22:57:58] [42/322] LACM
[22:58:00] [43/322] SGMG
[22:58:01] [44/322] KACX
[22:58:02] [45/322] GVCP
[22:58:03] [46/322] CSNC
[22:58:03] [47/322] SXCB
[22:58:04] [48/322] BAHS
[22:58:05] [49/322] PCBI
[22:58:06] [50/322] PSSM
[22:58:07] 🔄 Identity reset
[22:58:07] 🔄 Identity rotated (every 10 requests)
[22:58:07] [51/322] RCOK
[22:58:08] [52/322] SCPF
[22:58:09] [53/322] SSAS
[22:58:10] [54/322] EVMM
[22:58:11] [55/322] SYCB
[22:58:12] [56/322] GCKI
[22:58:13] [57/322] IAET
[22:58:14] [58/322] DDTD
[22:58:15] [59/322] GMDH
[22:58:16] [60/322] STLE
[22:58:16] 🔄 Identity reset
[22:58:16] 🔄 Identity rotated (every 10 requests)
[22:58:17] [61/322] JTRA
[22:58:18] [62/322] RPPA
[22:58:20] [63/322] ARUT
[22:58:21] [64/322] JTVM
[22:58:21] [65/322] SWRH
[22:58:22] [66/322] DCPC
[22:58:23] [67/322] RAPR
[22:58:24] [68/322] GCRT
[22:58:25] [69/322] ATUN
[22:58:26] [70/322] LTRM
[22:58:27] 🔄 Identity reset
[22:58:27] 🔄 Identity rotated (every 10 requests)
[22:58:27] [71/322] TASR
[22:58:28] [72/322] RLLC
[22:58:30] [73/322] MABI
[22:58:30] [74/322] SVHB
[22:58:31] [75/322] NVTB
[22:58:33] [76/322] KCKG
[22:58:34] [77/322] SSRN
[22:58:35] [78/322] VDDC
[22:58:36] [79/322] GKTK
[22:58:37] [80/322] YFSN
[22:58:38] 🔄 Identity reset
[22:58:38] 🔄 Identity rotated (every 10 requests)
[22:58:38] 🔄 Retry 1/5 for YFSN in 2.8s
[22:58:38] 🔄 Identity reset
[22:58:41] 🧠 New identity created
[22:58:41] 🔄 Retry 2/5 for YFSN in 4.2s
[22:58:41] 🔄 Identity reset
[22:58:45] 🧠 New identity created
[22:58:45] 🔄 Retry 3/5 for YFSN in 8.7s
[22:58:45] 🔄 Identity reset
[22:58:54] 🧠 New identity created
[22:58:54] [81/322] GCSG
[22:58:55] [82/322] ESSM
[22:58:56] [83/322] KRIH
[22:58:57] [84/322] GCDS
[22:58:58] [85/322] CCSH
[22:58:59] [86/322] ACSK
[22:59:00] [87/322] APRK
[22:59:01] 🔄 Identity reset
[22:59:01] 🔄 Identity rotated (every 10 requests)
[22:59:01] [88/322] ADKM
[22:59:02] [89/322] SRDM
[22:59:03] [90/322] SJMY
[22:59:05] [91/322] PGGC
[22:59:06] [92/322] INGM
[22:59:07] [93/322] LSCB
[22:59:08] [94/322] STAD
[22:59:08] [95/322] MCCR
[22:59:09] [96/322] ABCC
[22:59:10] [97/322] RKCC
[22:59:11] 🔄 Identity reset
[22:59:11] 🔄 Identity rotated (every 10 requests)
[22:59:11] [98/322] RTCR
[22:59:12] [99/322] GGBC
[22:59:13] [100/322] GCSD
[22:59:14] [101/322] LPTY
[22:59:15] [102/322] MCFD
[22:59:16] [103/322] HENN
[22:59:17] [104/322] SMKU
[22:59:18] [105/322] TNZC
[22:59:19] [106/322] DRCD
[22:59:20] [107/322] DLCD
[22:59:21] 🔄 Identity reset
[22:59:21] 🔄 Identity rotated (every 10 requests)
[22:59:21] [108/322] RCDA
[22:59:23] [109/322] COSM
[22:59:24] [110/322] MCMJ
[22:59:25] [111/322] CSTR
[22:59:26] [112/322] CVDK
[22:59:27] [113/322] INRR
[22:59:28] [114/322] RJRT
[22:59:29] [115/322] IRMR
[22:59:30] [116/322] SRCF
[22:59:31] [117/322] GRCR
[22:59:32] 🔄 Identity reset
[22:59:32] 🔄 Identity rotated (every 10 requests)
[22:59:32] 🔄 Retry 1/5 for GRCR in 3.0s
[22:59:32] 🔄 Identity reset
[22:59:35] 🧠 New identity created
[22:59:35] [118/322] SURC
[22:59:36] [119/322] NMNH
[22:59:37] [120/322] SVBL
[22:59:38] [121/322] KACI
[22:59:39] [122/322] TDGO
[22:59:40] [123/322] KTBR
[22:59:41] [124/322] PMAD
[22:59:42] [125/322] CCPN
[22:59:43] [126/322] SBTK
[22:59:44] 🔄 Identity reset
[22:59:44] 🔄 Identity rotated (every 10 requests)
[22:59:44] 🔄 Retry 1/5 for SBTK in 2.7s
[22:59:44] 🔄 Identity reset
[22:59:47] 🧠 New identity created
[22:59:47] [127/322] LMDK
[22:59:48] [128/322] PGDA
[22:59:49] [129/322] SRML
[22:59:50] [130/322] EVCK
[22:59:51] [131/322] RTTK
[22:59:52] [132/322] SRTU
[22:59:54] [133/322] VRSA
[22:59:55] [134/322] VARS
[22:59:56] [135/322] DSCZ
[22:59:56] 🔄 Identity reset
[22:59:56] 🔄 Identity rotated (every 10 requests)
[22:59:57] [136/322] GAGA
[22:59:58] [137/322] SARV
[22:59:59] [138/322] SEEG
[23:00:00] [139/322] GLCA
[23:00:01] [140/322] APAS
[23:00:02] [141/322] VCIA
[23:00:03] [142/322] SJTA
[23:00:04] [143/322] SABM
[23:00:05] [144/322] PPAG
[23:00:06] [145/322] RVCA
[23:00:06] 🔄 Identity reset
[23:00:06] 🔄 Identity rotated (every 10 requests)
[23:00:07] [146/322] CCIA
[23:00:08] [147/322] HTAG
[23:00:09] [148/322] SMBI
[23:00:10] [149/322] MCJR
[23:00:11] [150/322] CCJR
[23:00:13] [151/322] SINF
[23:00:15] [152/322] CPLX
[23:00:16] [153/322] KKTJ
[23:00:17] [154/322] GDBW
[23:00:18] [155/322] CSUB
[23:00:18] 🔄 Identity reset
[23:00:18] 🔄 Identity rotated (every 10 requests)
[23:00:19] [156/322] DABA
[23:00:20] [157/322] TITR
[23:00:21] [158/322] NYCR
[23:00:21] [159/322] RTRY
[23:00:23] [160/322] JTJL
[23:00:24] [161/322] SJCP
[23:00:25] [162/322] KCCA
[23:00:27] [163/322] MLPG
[23:00:28] [164/322] VRCK
[23:00:29] [165/322] SRIN
[23:00:29] 🔄 Identity reset
[23:00:29] 🔄 Identity rotated (every 10 requests)
[23:00:30] [166/322] CXMK
[23:00:31] [167/322] SKAD
[23:00:32] [168/322] AVTR
[23:00:33] [169/322] PTAJ
[23:00:34] [170/322] SCNK
[23:00:35] [171/322] STTI
[23:00:36] [172/322] KACR
[23:00:36] [173/322] SSDX
[23:00:37] [174/322] VRTJ
[23:00:38] [175/322] RAJD
[23:00:39] 🔄 Identity reset
[23:00:39] 🔄 Identity rotated (every 10 requests)
[23:00:39] [176/322] SCIP
[23:00:40] [177/322] RJSL
[23:00:41] [178/322] ARRS
[23:00:42] [179/322] ASMS
[23:00:43] [180/322] RDTS
[23:00:44] [181/322] DVMY
[23:00:45] [182/322] RASA
[23:00:46] [183/322] INOM
[23:00:47] [184/322] SPRS
[23:00:48] [185/322] SGCS
[23:00:49] 🔄 Identity reset
[23:00:49] 🔄 Identity rotated (every 10 requests)
[23:00:50] [186/322] SALM
[23:00:52] [187/322] PKHC
[23:00:53] [188/322] RCSV
[23:00:54] [189/322] CPKC
[23:00:55] [190/322] AACD
[23:00:56] [191/322] GGCV
[23:00:57] [192/322] SMKD
[23:00:57] [193/322] NBCH
[23:00:58] [194/322] AMCB
[23:01:00] [195/322] OPCN
[23:01:01] 🔄 Identity reset
[23:01:01] 🔄 Identity rotated (every 10 requests)
[23:01:01] [196/322] DCIN
[23:01:03] [197/322] INGW
[23:01:04] [198/322] PKKW
[23:01:05] [199/322] FNGW
[23:01:06] [200/322] GCGD
[23:01:07] [201/322] MSTW
[23:01:08] [202/322] KCCG
[23:01:09] [203/322] MRSS
[23:01:10] [204/322] CLCF
[23:01:11] [205/322] EETS
[23:01:12] 🔄 Identity reset
[23:01:12] 🔄 Identity rotated (every 10 requests)
[23:01:12] [206/322] AATR
[23:01:13] [207/322] CMMN
[23:01:15] [208/322] SCCJ
[23:01:15] [209/322] CDTK
[23:01:16] [210/322] AICP
[23:01:17] [211/322] FNBP
[23:01:18] [212/322] CBPB
[23:01:19] [213/322] CPAS
[23:01:20] [214/322] MAPM
[23:01:21] [215/322] PASD
[23:01:22] 🔄 Identity reset
[23:01:22] 🔄 Identity rotated (every 10 requests)
[23:01:22] [216/322] JCMN
[23:01:23] [217/322] MALB
[23:01:24] [218/322] SACG
[23:01:25] [219/322] DDRX
[23:01:26] [220/322] DDXB
[23:01:27] [221/322] RAMC
[23:01:28] [222/322] SANC
[23:01:29] [223/322] BCBP
[23:01:30] [224/322] ALPC
[23:01:32] [225/322] RBAC
[23:01:33] 🔄 Identity reset
[23:01:33] 🔄 Identity rotated (every 10 requests)
[23:01:33] [226/322] RAJL
[23:01:34] [227/322] MPDX
[23:01:35] [228/322] MUSC
[23:01:36] [229/322] VKMK
[23:01:37] [230/322] SKCG
[23:01:38] [231/322] ANCN
[23:01:39] [232/322] MMCJ
[23:01:40] [233/322] DCAK
[23:01:41] [234/322] SCKG
[23:01:41] [235/322] LMCK
[23:01:42] 🔄 Identity reset
[23:01:42] 🔄 Identity rotated (every 10 requests)
[23:01:42] 🔄 Retry 1/5 for LMCK in 3.0s
[23:01:42] 🔄 Identity reset
[23:01:45] 🧠 New identity created
[23:01:46] [236/322] CKKX
[23:01:47] [237/322] ANKU
[23:01:48] [238/322] CSMD
[23:01:49] [239/322] MKMP
[23:01:50] [240/322] SVBG
[23:01:51] [241/322] ROOP
[23:01:52] [242/322] GDMT
[23:01:53] [243/322] FPPF
[23:01:54] [244/322] SFUU
[23:01:55] 🔄 Identity reset
[23:01:55] 🔄 Identity rotated (every 10 requests)
[23:01:55] [245/322] ANCB
[23:01:56] [246/322] SMMC
[23:01:57] [247/322] UGKT
[23:01:58] [248/322] JVRM
[23:01:59] [249/322] BATG
[23:02:00] [250/322] RATE
[23:02:01] [251/322] SKME
[23:02:02] [252/322] LMTP
[23:02:03] [253/322] TCBD
[23:02:03] [254/322] ESBD
[23:02:04] 🔄 Identity reset
[23:02:04] 🔄 Identity rotated (every 10 requests)
[23:02:05] [255/322] GDCU
[23:02:06] [256/322] SNKT
[23:02:07] [257/322] SRNK
[23:02:08] [258/322] SMED
[23:02:09] [259/322] CSQS
[23:02:10] [260/322] ALCS
[23:02:11] [261/322] KCKN
[23:02:12] [262/322] VCCL
[23:02:13] [263/322] MCDA
[23:02:14] [264/322] SHMI
[23:02:14] 🔄 Identity reset
[23:02:14] 🔄 Identity rotated (every 10 requests)
[23:02:15] [265/322] SKHA
[23:02:16] [266/322] SVFK
[23:02:17] [267/322] INVB
[23:02:18] [268/322] MELD
[23:02:19] [269/322] JTYS
[23:02:20] [270/322] INCM
[23:02:21] [271/322] MCDV
[23:02:23] [272/322] KSGK
[23:02:24] [273/322] ICMG
[23:02:25] [274/322] CSCV
[23:02:26] 🔄 Identity reset
[23:02:26] 🔄 Identity rotated (every 10 requests)
[23:02:26] [275/322] STMD
[23:02:27] [276/322] STTR
[23:02:28] [277/322] INVC
[23:02:29] [278/322] JTBL
[23:02:31] [279/322] SRVV
[23:02:32] [280/322] MAVC
[23:02:33] [281/322] SRPP
[23:02:34] [282/322] JGDM
[23:02:35] [283/322] MBSJ
[23:02:36] [284/322] SSLL
[23:02:36] 🔄 Identity reset
[23:02:36] 🔄 Identity rotated (every 10 requests)
[23:02:37] 🔄 Retry 1/5 for SSLL in 2.3s
[23:02:37] 🔄 Identity reset
[23:02:39] 🧠 New identity created
[23:02:39] [285/322] SLKP
[23:02:40] [286/322] NSRV
[23:02:41] [287/322] UTDV
[23:02:42] [288/322] KICM
[23:02:43] [289/322] KCMD
[23:02:44] [290/322] TTPP
[23:02:45] [291/322] KMPV
[23:02:46] [292/322] SKTV
[23:02:47] [293/322] STCV
[23:02:48] 🔄 Identity reset
[23:02:48] 🔄 Identity rotated (every 10 requests)
[23:02:48] [294/322] SRDA
[23:02:49] [295/322] JTSX
[23:02:50] [296/322] STBV
[23:02:51] [297/322] APVZ
[23:02:52] [298/322] GSTV
[23:02:53] [299/322] NMVS
[23:02:54] [300/322] SKRT
[23:02:55] [301/322] RMDV
[23:02:56] [302/322] RATG
[23:02:56] [303/322] SJYV
[23:02:57] 🔄 Identity reset
[23:02:57] 🔄 Identity rotated (every 10 requests)
[23:02:57] 🔄 Retry 1/5 for SJYV in 2.2s
[23:02:57] 🔄 Identity reset
[23:02:59] 🧠 New identity created
[23:03:00] [304/322] NDGP
[23:03:01] [305/322] SNDG
[23:03:02] [306/322] INSR
[23:03:03] [307/322] INSO
[23:03:04] [308/322] CCSI
[23:03:05] [309/322] RASM
[23:03:06] [310/322] NEWC
[23:03:07] [311/322] VSHL
[23:03:08] [312/322] BISW
[23:03:08] 🔄 Identity reset
[23:03:08] 🔄 Identity rotated (every 10 requests)
[23:03:09] [313/322] GCNG
[23:03:10] [314/322] CWSC
[23:03:11] [315/322] SKAN
[23:03:12] [316/322] CCOA
[23:03:13] [317/322] MCAJ
[23:03:13] [318/322] ACDE
[23:03:14] [319/322] AACM
[23:03:15] [320/322] JJCK
[23:03:16] [321/322] RCMO
[23:03:17] [322/322] GDAW
[23:03:18] 🔄 Identity reset
[23:03:18] 🔄 Identity rotated (every 10 requests)
[23:03:19] 🧹 Deduping shows
[23:03:19] ✅ DONE | Shows=1346 | Movies=36
[02:55:59] 🚀 SCRIPT STARTED (enhanced anti‑detection)
[02:55:59] [1/322] CDCA
[02:55:59] 🧠 New identity created
[02:56:00] [2/322] VBCZ
[02:56:01] [3/322] MSDR
[02:56:02] [4/322] ACPV
[02:56:03] [5/322] PVHB
[02:56:04] [6/322] RCNH
[02:56:05] [7/322] IOMH
[02:56:06] [8/322] ILKS
[02:56:07] [9/322] AMSN
[02:56:09] [10/322] ANTP
[02:56:09] 🔄 Identity reset
[02:56:09] 🔄 Identity rotated (every 10 requests)
[02:56:10] [11/322] SSEK
[02:56:11] [12/322] PICP
[02:56:12] [13/322] SICO
[02:56:13] [14/322] SISP
[02:56:14] [15/322] SCPI
[02:56:15] [16/322] CRPR
[02:56:15] [17/322] DCTW
[02:56:16] [18/322] DCSP
[02:56:17] [19/322] KRPM
[02:56:18] [20/322] THKK
[02:56:19] 🔄 Identity reset
[02:56:19] 🔄 Identity rotated (every 10 requests)
[02:56:19] [21/322] SNMY
[02:56:20] [22/322] AKCC
[02:56:21] [23/322] PCAT
[02:56:22] [24/322] RFGO
[02:56:23] [25/322] GGCS
[02:56:24] [26/322] ACKR
[02:56:24] [27/322] STDO
[02:56:25] [28/322] ACKB
[02:56:27] [29/322] ALUC
[02:56:28] [30/322] MNSR
[02:56:29] 🔄 Identity reset
[02:56:29] 🔄 Identity rotated (every 10 requests)
[02:56:30] [31/322] CSSL
[02:56:31] [32/322] BGGM
[02:56:31] [33/322] MANT
[02:56:32] [34/322] SOOY
[02:56:33] [35/322] VPPK
[02:56:35] [36/322] MYHJ
[02:56:36] [37/322] KSCK
[02:56:38] [38/322] KATK
[02:56:39] [39/322] RTRT
[02:56:39] [40/322] SSTT
[02:56:40] 🔄 Identity reset
[02:56:40] 🔄 Identity rotated (every 10 requests)
[02:56:40] 🔄 Retry 1/5 for SSTT in 2.1s
[02:56:40] 🔄 Identity reset
[02:56:42] 🧠 New identity created
[02:56:42] 🔄 Retry 2/5 for SSTT in 4.7s
[02:56:42] 🔄 Identity reset
[02:56:47] 🧠 New identity created
[02:56:47] [41/322] SSTV
[02:56:49] [42/322] LACM
[02:56:50] [43/322] SGMG
[02:56:51] [44/322] KACX
[02:56:52] [45/322] GVCP
[02:56:53] [46/322] CSNC
[02:56:54] [47/322] SXCB
[02:56:54] [48/322] BAHS
[02:56:55] 🔄 Identity reset
[02:56:55] 🔄 Identity rotated (every 10 requests)
[02:56:55] 🔄 Retry 1/5 for BAHS in 2.8s
[02:56:55] 🔄 Identity reset
[02:56:58] 🧠 New identity created
[02:56:58] 🔄 Retry 2/5 for BAHS in 4.4s
[02:56:58] 🔄 Identity reset
[02:57:02] 🧠 New identity created
[02:57:03] [49/322] PCBI
[02:57:04] [50/322] PSSM
[02:57:04] [51/322] RCOK
[02:57:06] [52/322] SCPF
[02:57:07] [53/322] SSAS
[02:57:08] [54/322] EVMM
[02:57:08] [55/322] SYCB
[02:57:09] [56/322] GCKI
[02:57:10] 🔄 Identity reset
[02:57:10] 🔄 Identity rotated (every 10 requests)
[02:57:10] [57/322] IAET
[02:57:11] [58/322] DDTD
[02:57:13] [59/322] GMDH
[02:57:14] [60/322] STLE
[02:57:15] [61/322] JTRA
[02:57:16] [62/322] RPPA
[02:57:16] [63/322] ARUT
[02:57:17] [64/322] JTVM
[02:57:18] [65/322] SWRH
[02:57:20] [66/322] DCPC
[02:57:20] 🔄 Identity reset
[02:57:20] 🔄 Identity rotated (every 10 requests)
[02:57:21] [67/322] RAPR
[02:57:22] [68/322] GCRT
[02:57:23] [69/322] ATUN
[02:57:24] [70/322] LTRM
[02:57:24] [71/322] TASR
[02:57:25] [72/322] RLLC
[02:57:26] [73/322] MABI
[02:57:27] [74/322] SVHB
[02:57:28] [75/322] NVTB
[02:57:29] [76/322] KCKG
[02:57:30] 🔄 Identity reset
[02:57:30] 🔄 Identity rotated (every 10 requests)
[02:57:30] 🔄 Retry 1/5 for KCKG in 2.5s
[02:57:30] 🔄 Identity reset
[02:57:33] 🧠 New identity created
[02:57:33] [77/322] SSRN
[02:57:34] [78/322] VDDC
[02:57:35] [79/322] GKTK
[02:57:36] [80/322] YFSN
[02:57:38] [81/322] GCSG
[02:57:38] [82/322] ESSM
[02:57:39] [83/322] KRIH
[02:57:40] [84/322] GCDS
[02:57:41] [85/322] CCSH
[02:57:42] 🔄 Identity reset
[02:57:42] 🔄 Identity rotated (every 10 requests)
[02:57:42] 🔄 Retry 1/5 for CCSH in 2.2s
[02:57:42] 🔄 Identity reset
[02:57:44] 🧠 New identity created
[02:57:44] 🔄 Retry 2/5 for CCSH in 4.7s
[02:57:44] 🔄 Identity reset
[02:57:49] 🧠 New identity created
[02:57:49] [86/322] ACSK
[02:57:50] [87/322] APRK
[02:57:51] [88/322] ADKM
[02:57:52] [89/322] SRDM
[02:57:53] [90/322] SJMY
[02:57:54] [91/322] PGGC
[02:57:55] [92/322] INGM
[02:57:56] [93/322] LSCB
[02:57:56] 🔄 Identity reset
[02:57:56] 🔄 Identity rotated (every 10 requests)
[02:57:56] 🔄 Retry 1/5 for LSCB in 2.2s
[02:57:56] 🔄 Identity reset
[02:57:58] 🧠 New identity created
[02:57:59] [94/322] STAD
[02:58:00] [95/322] MCCR
[02:58:01] [96/322] ABCC
[02:58:02] [97/322] RKCC
[02:58:03] [98/322] RTCR
[02:58:04] [99/322] GGBC
[02:58:05] [100/322] GCSD
[02:58:06] [101/322] LPTY
[02:58:07] [102/322] MCFD
[02:58:08] 🔄 Identity reset
[02:58:08] 🔄 Identity rotated (every 10 requests)
[02:58:08] 🔄 Retry 1/5 for MCFD in 2.5s
[02:58:08] 🔄 Identity reset
[02:58:10] 🧠 New identity created
[02:58:11] 🔄 Retry 2/5 for MCFD in 4.9s
[02:58:11] 🔄 Identity reset
[02:58:15] 🧠 New identity created
[02:58:16] [103/322] HENN
[02:58:17] [104/322] SMKU
[02:58:18] [105/322] TNZC
[02:58:18] [106/322] DRCD
[02:58:19] [107/322] DLCD
[02:58:20] [108/322] RCDA
[02:58:21] [109/322] COSM
[02:58:22] [110/322] MCMJ
[02:58:23] 🔄 Identity reset
[02:58:23] 🔄 Identity rotated (every 10 requests)
[02:58:23] 🔄 Retry 1/5 for MCMJ in 2.7s
[02:58:23] 🔄 Identity reset
[02:58:26] 🧠 New identity created
[02:58:26] [111/322] CSTR
[02:58:27] [112/322] CVDK
[02:58:28] [113/322] INRR
[02:58:29] [114/322] RJRT
[02:58:30] [115/322] IRMR
[02:58:31] [116/322] SRCF
[02:58:32] [117/322] GRCR
[02:58:33] [118/322] SURC
[02:58:34] [119/322] NMNH
[02:58:35] 🔄 Identity reset
[02:58:35] 🔄 Identity rotated (every 10 requests)
[02:58:35] [120/322] SVBL
[02:58:36] [121/322] KACI
[02:58:38] [122/322] TDGO
[02:58:39] [123/322] KTBR
[02:58:40] [124/322] PMAD
[02:58:41] [125/322] CCPN
[02:58:42] [126/322] SBTK
[02:58:43] [127/322] LMDK
[02:58:44] [128/322] PGDA
[02:58:45] [129/322] SRML
[02:58:46] 🔄 Identity reset
[02:58:46] 🔄 Identity rotated (every 10 requests)
[02:58:46] [130/322] EVCK
[02:58:47] [131/322] RTTK
[02:58:48] [132/322] SRTU
[02:58:49] [133/322] VRSA
[02:58:49] [134/322] VARS
[02:58:50] [135/322] DSCZ
[02:58:51] [136/322] GAGA
[02:58:52] [137/322] SARV
[02:58:53] [138/322] SEEG
[02:58:55] [139/322] GLCA
[02:58:55] 🔄 Identity reset
[02:58:56] 🔄 Identity rotated (every 10 requests)
[02:58:56] 🔄 Retry 1/5 for GLCA in 2.3s
[02:58:56] 🔄 Identity reset
[02:58:58] 🧠 New identity created
[02:58:58] [140/322] APAS
[02:58:59] [141/322] VCIA
[02:59:00] [142/322] SJTA
[02:59:01] [143/322] SABM
[02:59:02] [144/322] PPAG
[02:59:03] [145/322] RVCA
[02:59:04] [146/322] CCIA
[02:59:05] [147/322] HTAG
[02:59:06] [148/322] SMBI
[02:59:07] 🔄 Identity reset
[02:59:07] 🔄 Identity rotated (every 10 requests)
[02:59:08] [149/322] MCJR
[02:59:09] [150/322] CCJR
[02:59:10] [151/322] SINF
[02:59:10] [152/322] CPLX
[02:59:12] [153/322] KKTJ
[02:59:13] [154/322] GDBW
[02:59:14] [155/322] CSUB
[02:59:15] [156/322] DABA
[02:59:16] [157/322] TITR
[02:59:18] [158/322] NYCR
[02:59:19] 🔄 Identity reset
[02:59:19] 🔄 Identity rotated (every 10 requests)
[02:59:19] 🔄 Retry 1/5 for NYCR in 2.7s
[02:59:19] 🔄 Identity reset
[02:59:21] 🧠 New identity created
[02:59:21] 🔄 Retry 2/5 for NYCR in 4.4s
[02:59:21] 🔄 Identity reset
[02:59:26] 🧠 New identity created
[02:59:26] 🔄 Retry 3/5 for NYCR in 8.3s
[02:59:26] 🔄 Identity reset
[02:59:34] 🧠 New identity created
[02:59:34] 🔄 Retry 4/5 for NYCR in 16.8s
[02:59:34] 🔄 Identity reset
[02:59:51] 🧠 New identity created
[02:59:51] ❌ NYCR failed after 5 attempts
[02:59:51] 🔄 Identity reset
[02:59:51] ❌ NYCR final failure | RuntimeError | HTTP 403
[02:59:51] [159/322] RTRY
[02:59:52] 🧠 New identity created
[02:59:52] [160/322] JTJL
[02:59:54] [161/322] SJCP
[02:59:54] [162/322] KCCA
[02:59:55] [163/322] MLPG
[02:59:56] [164/322] VRCK
[02:59:57] 🔄 Identity reset
[02:59:57] 🔄 Identity rotated (every 10 requests)
[02:59:57] [165/322] SRIN
[02:59:58] [166/322] CXMK
[02:59:59] [167/322] SKAD
[03:00:00] [168/322] AVTR
[03:00:01] [169/322] PTAJ
[03:00:02] [170/322] SCNK
[03:00:03] [171/322] STTI
[03:00:04] [172/322] KACR
[03:00:05] [173/322] SSDX
[03:00:05] [174/322] VRTJ
[03:00:06] 🔄 Identity reset
[03:00:06] 🔄 Identity rotated (every 10 requests)
[03:00:06] 🔄 Retry 1/5 for VRTJ in 2.7s
[03:00:06] 🔄 Identity reset
[03:00:09] 🧠 New identity created
[03:00:09] 🔄 Retry 2/5 for VRTJ in 4.2s
[03:00:09] 🔄 Identity reset
[03:00:13] 🧠 New identity created
[03:00:13] 🔄 Retry 3/5 for VRTJ in 8.8s
[03:00:13] 🔄 Identity reset
[03:00:22] 🧠 New identity created
[03:00:22] [175/322] RAJD
[03:00:23] [176/322] SCIP
[03:00:24] [177/322] RJSL
[03:00:25] [178/322] ARRS
[03:00:27] [179/322] ASMS
[03:00:28] [180/322] RDTS
[03:00:29] [181/322] DVMY
[03:00:30] 🔄 Identity reset
[03:00:30] 🔄 Identity rotated (every 10 requests)
[03:00:30] [182/322] RASA
[03:00:31] [183/322] INOM
[03:00:33] [184/322] SPRS
[03:00:34] [185/322] SGCS
[03:00:36] [186/322] SALM
[03:00:37] [187/322] PKHC
[03:00:38] [188/322] RCSV
[03:00:39] [189/322] CPKC
[03:00:40] [190/322] AACD
[03:00:41] [191/322] GGCV
[03:00:42] 🔄 Identity reset
[03:00:42] 🔄 Identity rotated (every 10 requests)
[03:00:42] [192/322] SMKD
[03:00:43] [193/322] NBCH
[03:00:44] [194/322] AMCB
[03:00:45] [195/322] OPCN
[03:00:45] [196/322] DCIN
[03:00:46] [197/322] INGW
[03:00:47] [198/322] PKKW
[03:00:48] [199/322] FNGW
[03:00:49] [200/322] GCGD
[03:00:50] [201/322] MSTW
[03:00:51] 🔄 Identity reset
[03:00:51] 🔄 Identity rotated (every 10 requests)
[03:00:51] [202/322] KCCG
[03:00:52] [203/322] MRSS
[03:00:54] [204/322] CLCF
[03:00:55] [205/322] EETS
[03:00:56] [206/322] AATR
[03:00:57] [207/322] CMMN
[03:00:58] [208/322] SCCJ
[03:00:59] [209/322] CDTK
[03:01:00] [210/322] AICP
[03:01:01] [211/322] FNBP
[03:01:01] 🔄 Identity reset
[03:01:01] 🔄 Identity rotated (every 10 requests)
[03:01:02] [212/322] CBPB
[03:01:03] [213/322] CPAS
[03:01:04] [214/322] MAPM
[03:01:05] [215/322] PASD
[03:01:06] [216/322] JCMN
[03:01:07] [217/322] MALB
[03:01:08] [218/322] SACG
[03:01:09] [219/322] DDRX
[03:01:10] [220/322] DDXB
[03:01:10] [221/322] RAMC
[03:01:11] 🔄 Identity reset
[03:01:11] 🔄 Identity rotated (every 10 requests)
[03:01:11] [222/322] SANC
[03:01:12] [223/322] BCBP
[03:01:13] [224/322] ALPC
[03:01:14] [225/322] RBAC
[03:01:15] [226/322] RAJL
[03:01:16] [227/322] MPDX
[03:01:17] [228/322] MUSC
[03:01:18] [229/322] VKMK
[03:01:19] [230/322] SKCG
[03:01:20] [231/322] ANCN
[03:01:20] 🔄 Identity reset
[03:01:20] 🔄 Identity rotated (every 10 requests)
[03:01:20] 🔄 Retry 1/5 for ANCN in 2.2s
[03:01:20] 🔄 Identity reset
[03:01:23] 🧠 New identity created
[03:01:23] [232/322] MMCJ
[03:01:24] [233/322] DCAK
[03:01:25] [234/322] SCKG
[03:01:26] [235/322] LMCK
[03:01:27] [236/322] CKKX
[03:01:28] [237/322] ANKU
[03:01:29] [238/322] CSMD
[03:01:30] [239/322] MKMP
[03:01:31] [240/322] SVBG
[03:01:32] 🔄 Identity reset
[03:01:32] 🔄 Identity rotated (every 10 requests)
[03:01:32] [241/322] ROOP
[03:01:33] [242/322] GDMT
[03:01:34] [243/322] FPPF
[03:01:35] [244/322] SFUU
[03:01:36] [245/322] ANCB
[03:01:37] [246/322] SMMC
[03:01:38] [247/322] UGKT
[03:01:39] [248/322] JVRM
[03:01:40] [249/322] BATG
[03:01:41] [250/322] RATE
[03:01:42] 🔄 Identity reset
[03:01:42] 🔄 Identity rotated (every 10 requests)
[03:01:42] [251/322] SKME
[03:01:43] [252/322] LMTP
[03:01:44] [253/322] TCBD
[03:01:45] [254/322] ESBD
[03:01:46] [255/322] GDCU
[03:01:47] [256/322] SNKT
[03:01:48] [257/322] SRNK
[03:01:49] [258/322] SMED
[03:01:49] [259/322] CSQS
[03:01:50] [260/322] ALCS
[03:01:51] 🔄 Identity reset
[03:01:51] 🔄 Identity rotated (every 10 requests)
[03:01:51] [261/322] KCKN
[03:01:52] [262/322] VCCL
[03:01:53] [263/322] MCDA
[03:01:54] [264/322] SHMI
[03:01:55] [265/322] SKHA
[03:01:56] [266/322] SVFK
[03:01:57] [267/322] INVB
[03:01:58] [268/322] MELD
[03:01:59] [269/322] JTYS
[03:01:59] [270/322] INCM
[03:02:00] 🔄 Identity reset
[03:02:00] 🔄 Identity rotated (every 10 requests)
[03:02:01] [271/322] MCDV
[03:02:02] [272/322] KSGK
[03:02:03] [273/322] ICMG
[03:02:03] [274/322] CSCV
[03:02:04] [275/322] STMD
[03:02:06] [276/322] STTR
[03:02:07] [277/322] INVC
[03:02:08] [278/322] JTBL
[03:02:09] [279/322] SRVV
[03:02:10] [280/322] MAVC
[03:02:10] 🔄 Identity reset
[03:02:10] 🔄 Identity rotated (every 10 requests)
[03:02:10] 🔄 Retry 1/5 for MAVC in 2.3s
[03:02:10] 🔄 Identity reset
[03:02:13] 🧠 New identity created
[03:02:14] [281/322] SRPP
[03:02:15] [282/322] JGDM
[03:02:16] [283/322] MBSJ
[03:02:17] [284/322] SSLL
[03:02:18] [285/322] SLKP
[03:02:19] [286/322] NSRV
[03:02:20] [287/322] UTDV
[03:02:21] [288/322] KICM
[03:02:22] [289/322] KCMD
[03:02:22] 🔄 Identity reset
[03:02:22] 🔄 Identity rotated (every 10 requests)
[03:02:23] [290/322] TTPP
[03:02:23] [291/322] KMPV
[03:02:24] [292/322] SKTV
[03:02:26] [293/322] STCV
[03:02:27] [294/322] SRDA
[03:02:28] [295/322] JTSX
[03:02:29] [296/322] STBV
[03:02:30] [297/322] APVZ
[03:02:31] [298/322] GSTV
[03:02:32] [299/322] NMVS
[03:02:33] 🔄 Identity reset
[03:02:33] 🔄 Identity rotated (every 10 requests)
[03:02:33] 🔄 Retry 1/5 for NMVS in 2.1s
[03:02:33] 🔄 Identity reset
[03:02:35] 🧠 New identity created
[03:02:36] [300/322] SKRT
[03:02:36] [301/322] RMDV
[03:02:38] [302/322] RATG
[03:02:38] [303/322] SJYV
[03:02:39] [304/322] NDGP
[03:02:40] [305/322] SNDG
[03:02:41] [306/322] INSR
[03:02:42] [307/322] INSO
[03:02:43] [308/322] CCSI
[03:02:44] 🔄 Identity reset
[03:02:44] 🔄 Identity rotated (every 10 requests)
[03:02:44] 🔄 Retry 1/5 for CCSI in 2.7s
[03:02:44] 🔄 Identity reset
[03:02:46] 🧠 New identity created
[03:02:48] [309/322] RASM
[03:02:48] [310/322] NEWC
[03:02:49] [311/322] VSHL
[03:02:50] [312/322] BISW
[03:02:51] [313/322] GCNG
[03:02:52] [314/322] CWSC
[03:02:53] [315/322] SKAN
[03:02:53] [316/322] CCOA
[03:02:54] [317/322] MCAJ
[03:02:55] 🔄 Identity reset
[03:02:55] 🔄 Identity rotated (every 10 requests)
[03:02:55] [318/322] ACDE
[03:02:57] [319/322] AACM
[03:02:58] [320/322] JJCK
[03:02:59] [321/322] RCMO
[03:03:00] [322/322] GDAW
[03:03:02] 🔁 RETRY ROUND 1 | Remaining: 1
[03:03:02] [RETRY-1] NYCR
[03:03:05] 🧹 Deduping shows
[03:03:05] ✅ DONE | Shows=1350 | Movies=36
[07:46:17] 🚀 SCRIPT STARTED (enhanced anti‑detection)
[07:46:17] [1/322] CDCA
[07:46:17] 🧠 New identity created
[07:46:18] 🔄 Retry 1/5 for CDCA in 2.4s
[07:46:18] 🔄 Identity reset
[07:46:20] 🧠 New identity created
[07:46:20] [2/322] VBCZ
[07:46:21] [3/322] MSDR
[07:46:22] [4/322] ACPV
[07:46:23] [5/322] PVHB
[07:46:24] [6/322] RCNH
[07:46:25] [7/322] IOMH
[07:46:25] [8/322] ILKS
[07:46:26] [9/322] AMSN
[07:46:27] 🔄 Identity reset
[07:46:27] 🔄 Identity rotated (every 10 requests)
[07:46:27] 🔄 Retry 1/5 for AMSN in 2.2s
[07:46:27] 🔄 Identity reset
[07:46:29] 🧠 New identity created
[07:46:29] 🔄 Retry 2/5 for AMSN in 4.7s
[07:46:29] 🔄 Identity reset
[07:46:34] 🧠 New identity created
[07:46:34] 🔄 Retry 3/5 for AMSN in 8.7s
[07:46:34] 🔄 Identity reset
[07:46:43] 🧠 New identity created
[07:46:43] [10/322] ANTP
[07:46:44] [11/322] SSEK
[07:46:45] [12/322] PICP
[07:46:46] [13/322] SICO
[07:46:47] [14/322] SISP
[07:46:48] [15/322] SCPI
[07:46:48] [16/322] CRPR
[07:46:49] 🔄 Identity reset
[07:46:49] 🔄 Identity rotated (every 10 requests)
[07:46:50] [17/322] DCTW
[07:46:51] [18/322] DCSP
[07:46:52] [19/322] KRPM
[07:46:53] [20/322] THKK
[07:46:54] [21/322] SNMY
[07:46:55] [22/322] AKCC
[07:46:56] [23/322] PCAT
[07:46:57] [24/322] RFGO
[07:46:57] [25/322] GGCS
[07:46:58] [26/322] ACKR
[07:46:59] 🔄 Identity reset
[07:46:59] 🔄 Identity rotated (every 10 requests)
[07:46:59] [27/322] STDO
[07:47:00] [28/322] ACKB
[07:47:01] [29/322] ALUC
[07:47:02] [30/322] MNSR
[07:47:03] [31/322] CSSL
[07:47:04] [32/322] BGGM
[07:47:05] [33/322] MANT
[07:47:06] [34/322] SOOY
[07:47:07] [35/322] VPPK
[07:47:08] [36/322] MYHJ
[07:47:09] 🔄 Identity reset
[07:47:09] 🔄 Identity rotated (every 10 requests)
[07:47:09] [37/322] KSCK
[07:47:10] [38/322] KATK
[07:47:10] [39/322] RTRT
[07:47:11] [40/322] SSTT
[07:47:12] [41/322] SSTV
[07:47:13] [42/322] LACM
[07:47:14] [43/322] SGMG
[07:47:15] [44/322] KACX
[07:47:15] [45/322] GVCP
[07:47:16] [46/322] CSNC
[07:47:17] 🔄 Identity reset
[07:47:17] 🔄 Identity rotated (every 10 requests)
[07:47:17] [47/322] SXCB
[07:47:18] [48/322] BAHS
[07:47:19] [49/322] PCBI
[07:47:20] [50/322] PSSM
[07:47:21] [51/322] RCOK
[07:47:22] [52/322] SCPF
[07:47:23] [53/322] SSAS
[07:47:24] [54/322] EVMM
[07:47:25] [55/322] SYCB
[07:47:26] [56/322] GCKI
[07:47:26] 🔄 Identity reset
[07:47:26] 🔄 Identity rotated (every 10 requests)
[07:47:26] [57/322] IAET
[07:47:27] [58/322] DDTD
[07:47:28] [59/322] GMDH
[07:47:29] [60/322] STLE
[07:47:31] [61/322] JTRA
[07:47:31] [62/322] RPPA
[07:47:32] [63/322] ARUT
[07:47:33] [64/322] JTVM
[07:47:34] [65/322] SWRH
[07:47:35] [66/322] DCPC
[07:47:36] 🔄 Identity reset
[07:47:36] 🔄 Identity rotated (every 10 requests)
[07:47:36] [67/322] RAPR
[07:47:37] [68/322] GCRT
[07:47:38] [69/322] ATUN
[07:47:39] [70/322] LTRM
[07:47:40] [71/322] TASR
[07:47:41] [72/322] RLLC
[07:47:42] [73/322] MABI
[07:47:43] [74/322] SVHB
[07:47:43] [75/322] NVTB
[07:47:44] [76/322] KCKG
[07:47:45] 🔄 Identity reset
[07:47:45] 🔄 Identity rotated (every 10 requests)
[07:47:45] [77/322] SSRN
[07:47:47] [78/322] VDDC
[07:47:48] [79/322] GKTK
[07:47:49] [80/322] YFSN
[07:47:50] [81/322] GCSG
[07:47:51] [82/322] ESSM
[07:47:51] [83/322] KRIH
[07:47:52] [84/322] GCDS
[07:47:53] [85/322] CCSH
[07:47:54] [86/322] ACSK
[07:47:55] 🔄 Identity reset
[07:47:55] 🔄 Identity rotated (every 10 requests)
[07:47:55] 🔄 Retry 1/5 for ACSK in 2.5s
[07:47:55] 🔄 Identity reset
[07:47:57] 🧠 New identity created
[07:47:57] [87/322] APRK
[07:47:58] [88/322] ADKM
[07:47:59] [89/322] SRDM
[07:48:00] [90/322] SJMY
[07:48:01] [91/322] PGGC
[07:48:02] [92/322] INGM
[07:48:03] [93/322] LSCB
[07:48:03] [94/322] STAD
[07:48:04] [95/322] MCCR
[07:48:05] 🔄 Identity reset
[07:48:05] 🔄 Identity rotated (every 10 requests)
[07:48:05] 🔄 Retry 1/5 for MCCR in 2.5s
[07:48:05] 🔄 Identity reset
[07:48:07] 🧠 New identity created
[07:48:08] [96/322] ABCC
[07:48:09] [97/322] RKCC
[07:48:10] [98/322] RTCR
[07:48:11] [99/322] GGBC
[07:48:12] [100/322] GCSD
[07:48:13] [101/322] LPTY
[07:48:14] [102/322] MCFD
[07:48:14] [103/322] HENN
[07:48:15] [104/322] SMKU
[07:48:16] 🔄 Identity reset
[07:48:16] 🔄 Identity rotated (every 10 requests)
[07:48:16] 🔄 Retry 1/5 for SMKU in 2.3s
[07:48:16] 🔄 Identity reset
[07:48:18] 🧠 New identity created
[07:48:19] [105/322] TNZC
[07:48:19] [106/322] DRCD
[07:48:20] [107/322] DLCD
[07:48:21] [108/322] RCDA
[07:48:22] [109/322] COSM
[07:48:23] [110/322] MCMJ
[07:48:24] [111/322] CSTR
[07:48:25] [112/322] CVDK
[07:48:26] [113/322] INRR
[07:48:27] 🔄 Identity reset
[07:48:27] 🔄 Identity rotated (every 10 requests)
[07:48:27] [114/322] RJRT
[07:48:28] [115/322] IRMR
[07:48:29] [116/322] SRCF
[07:48:29] [117/322] GRCR
[07:48:30] [118/322] SURC
[07:48:32] [119/322] NMNH
[07:48:33] [120/322] SVBL
[07:48:34] [121/322] KACI
[07:48:35] [122/322] TDGO
[07:48:36] [123/322] KTBR
[07:48:37] 🔄 Identity reset
[07:48:37] 🔄 Identity rotated (every 10 requests)
[07:48:38] [124/322] PMAD
[07:48:39] [125/322] CCPN
[07:48:40] [126/322] SBTK
[07:48:41] [127/322] LMDK
[07:48:41] [128/322] PGDA
[07:48:42] [129/322] SRML
[07:48:43] [130/322] EVCK
[07:48:44] [131/322] RTTK
[07:48:45] [132/322] SRTU
[07:48:46] [133/322] VRSA
[07:48:46] 🔄 Identity reset
[07:48:46] 🔄 Identity rotated (every 10 requests)
[07:48:47] [134/322] VARS
[07:48:48] [135/322] DSCZ
[07:48:48] [136/322] GAGA
[07:48:49] [137/322] SARV
[07:48:50] [138/322] SEEG
[07:48:51] [139/322] GLCA
[07:48:52] [140/322] APAS
[07:48:53] [141/322] VCIA
[07:48:55] [142/322] SJTA
[07:48:56] [143/322] SABM
[07:48:56] 🔄 Identity reset
[07:48:56] 🔄 Identity rotated (every 10 requests)
[07:48:56] 🔄 Retry 1/5 for SABM in 2.2s
[07:48:56] 🔄 Identity reset
[07:48:58] 🧠 New identity created
[07:48:59] [144/322] PPAG
[07:49:01] [145/322] RVCA
[07:49:02] [146/322] CCIA
[07:49:03] [147/322] HTAG
[07:49:04] [148/322] SMBI
[07:49:05] [149/322] MCJR
[07:49:06] [150/322] CCJR
[07:49:07] [151/322] SINF
[07:49:08] [152/322] CPLX
[07:49:08] 🔄 Identity reset
[07:49:08] 🔄 Identity rotated (every 10 requests)
[07:49:08] [153/322] KKTJ
[07:49:09] [154/322] GDBW
[07:49:10] [155/322] CSUB
[07:49:11] [156/322] DABA
[07:49:12] [157/322] TITR
[07:49:13] [158/322] NYCR
[07:49:14] [159/322] RTRY
[07:49:15] [160/322] JTJL
[07:49:16] [161/322] SJCP
[07:49:17] [162/322] KCCA
[07:49:17] 🔄 Identity reset
[07:49:17] 🔄 Identity rotated (every 10 requests)
[07:49:17] [163/322] MLPG
[07:49:18] [164/322] VRCK
[07:49:19] [165/322] SRIN
[07:49:20] [166/322] CXMK
[07:49:21] [167/322] SKAD
[07:49:22] [168/322] AVTR
[07:49:23] [169/322] PTAJ
[07:49:24] [170/322] SCNK
[07:49:25] [171/322] STTI
[07:49:26] [172/322] KACR
[07:49:26] 🔄 Identity reset
[07:49:26] 🔄 Identity rotated (every 10 requests)
[07:49:27] [173/322] SSDX
[07:49:28] [174/322] VRTJ
[07:49:28] [175/322] RAJD
[07:49:29] [176/322] SCIP
[07:49:30] [177/322] RJSL
[07:49:31] [178/322] ARRS
[07:49:32] [179/322] ASMS
[07:49:32] [180/322] RDTS
[07:49:33] [181/322] DVMY
[07:49:34] [182/322] RASA
[07:49:35] 🔄 Identity reset
[07:49:35] 🔄 Identity rotated (every 10 requests)
[07:49:35] [183/322] INOM
[07:49:36] [184/322] SPRS
[07:49:37] [185/322] SGCS
[07:49:38] [186/322] SALM
[07:49:38] [187/322] PKHC
[07:49:39] [188/322] RCSV
[07:49:40] [189/322] CPKC
[07:49:41] [190/322] AACD
[07:49:42] [191/322] GGCV
[07:49:43] [192/322] SMKD
[07:49:43] 🔄 Identity reset
[07:49:43] 🔄 Identity rotated (every 10 requests)
[07:49:43] 🔄 Retry 1/5 for SMKD in 2.0s
[07:49:43] 🔄 Identity reset
[07:49:45] 🧠 New identity created
[07:49:46] [193/322] NBCH
[07:49:47] [194/322] AMCB
[07:49:47] [195/322] OPCN
[07:49:48] [196/322] DCIN
[07:49:49] [197/322] INGW
[07:49:50] [198/322] PKKW
[07:49:51] [199/322] FNGW
[07:49:52] [200/322] GCGD
[07:49:53] [201/322] MSTW
[07:49:53] 🔄 Identity reset
[07:49:53] 🔄 Identity rotated (every 10 requests)
[07:49:54] [202/322] KCCG
[07:49:54] [203/322] MRSS
[07:49:55] [204/322] CLCF
[07:49:56] [205/322] EETS
[07:49:57] [206/322] AATR
[07:49:58] [207/322] CMMN
[07:49:59] [208/322] SCCJ
[07:50:00] [209/322] CDTK
[07:50:01] [210/322] AICP
[07:50:02] [211/322] FNBP
[07:50:02] 🔄 Identity reset
[07:50:02] 🔄 Identity rotated (every 10 requests)
[07:50:03] [212/322] CBPB
[07:50:03] [213/322] CPAS
[07:50:05] [214/322] MAPM
[07:50:06] [215/322] PASD
[07:50:07] [216/322] JCMN
[07:50:07] [217/322] MALB
[07:50:08] [218/322] SACG
[07:50:09] [219/322] DDRX
[07:50:10] [220/322] DDXB
[07:50:11] [221/322] RAMC
[07:50:12] 🔄 Identity reset
[07:50:12] 🔄 Identity rotated (every 10 requests)
[07:50:13] [222/322] SANC
[07:50:14] [223/322] BCBP
[07:50:14] [224/322] ALPC
[07:50:15] [225/322] RBAC
[07:50:16] [226/322] RAJL
[07:50:17] [227/322] MPDX
[07:50:18] [228/322] MUSC
[07:50:19] [229/322] VKMK
[07:50:20] [230/322] SKCG
[07:50:21] [231/322] ANCN
[07:50:21] 🔄 Identity reset
[07:50:21] 🔄 Identity rotated (every 10 requests)
[07:50:22] [232/322] MMCJ
[07:50:23] [233/322] DCAK
[07:50:24] [234/322] SCKG
[07:50:25] [235/322] LMCK
[07:50:26] [236/322] CKKX
[07:50:26] [237/322] ANKU
[07:50:27] [238/322] CSMD
[07:50:28] [239/322] MKMP
[07:50:29] [240/322] SVBG
[07:50:30] [241/322] ROOP
[07:50:30] 🔄 Identity reset
[07:50:30] 🔄 Identity rotated (every 10 requests)
[07:50:30] [242/322] GDMT
[07:50:32] [243/322] FPPF
[07:50:33] [244/322] SFUU
[07:50:34] [245/322] ANCB
[07:50:35] [246/322] SMMC
[07:50:36] [247/322] UGKT
[07:50:36] [248/322] JVRM
[07:50:37] [249/322] BATG
[07:50:38] [250/322] RATE
[07:50:39] [251/322] SKME
[07:50:40] 🔄 Identity reset
[07:50:40] 🔄 Identity rotated (every 10 requests)
[07:50:40] [252/322] LMTP
[07:50:41] [253/322] TCBD
[07:50:42] [254/322] ESBD
[07:50:43] [255/322] GDCU
[07:50:45] [256/322] SNKT
[07:50:46] [257/322] SRNK
[07:50:47] [258/322] SMED
[07:50:47] [259/322] CSQS
[07:50:48] [260/322] ALCS
[07:50:49] [261/322] KCKN
[07:50:50] 🔄 Identity reset
[07:50:50] 🔄 Identity rotated (every 10 requests)
[07:50:50] [262/322] VCCL
[07:50:51] [263/322] MCDA
[07:50:52] [264/322] SHMI
[07:50:53] [265/322] SKHA
[07:50:54] [266/322] SVFK
[07:50:55] [267/322] INVB
[07:50:56] [268/322] MELD
[07:50:56] [269/322] JTYS
[07:50:57] [270/322] INCM
[07:50:58] [271/322] MCDV
[07:50:59] 🔄 Identity reset
[07:50:59] 🔄 Identity rotated (every 10 requests)
[07:50:59] [272/322] KSGK
[07:51:00] [273/322] ICMG
[07:51:01] [274/322] CSCV
[07:51:02] [275/322] STMD
[07:51:03] [276/322] STTR
[07:51:03] [277/322] INVC
[07:51:04] [278/322] JTBL
[07:51:05] [279/322] SRVV
[07:51:06] [280/322] MAVC
[07:51:08] [281/322] SRPP
[07:51:08] 🔄 Identity reset
[07:51:08] 🔄 Identity rotated (every 10 requests)
[07:51:08] [282/322] JGDM
[07:51:09] [283/322] MBSJ
[07:51:10] [284/322] SSLL
[07:51:11] [285/322] SLKP
[07:51:12] [286/322] NSRV
[07:51:13] [287/322] UTDV
[07:51:14] [288/322] KICM
[07:51:15] [289/322] KCMD
[07:51:16] [290/322] TTPP
[07:51:17] [291/322] KMPV
[07:51:18] 🔄 Identity reset
[07:51:18] 🔄 Identity rotated (every 10 requests)
[07:51:18] [292/322] SKTV
[07:51:19] [293/322] STCV
[07:51:19] [294/322] SRDA
[07:51:20] [295/322] JTSX
[07:51:21] [296/322] STBV
[07:51:22] [297/322] APVZ
[07:51:23] [298/322] GSTV
[07:51:24] [299/322] NMVS
[07:51:25] [300/322] SKRT
[07:51:26] [301/322] RMDV
[07:51:26] 🔄 Identity reset
[07:51:26] 🔄 Identity rotated (every 10 requests)
[07:51:26] 🔄 Retry 1/5 for RMDV in 2.9s
[07:51:26] 🔄 Identity reset
[07:51:29] 🧠 New identity created
[07:51:29] [302/322] RATG
[07:51:30] [303/322] SJYV
[07:51:31] [304/322] NDGP
[07:51:32] [305/322] SNDG
[07:51:33] [306/322] INSR
[07:51:34] [307/322] INSO
[07:51:35] [308/322] CCSI
[07:51:36] [309/322] RASM
[07:51:36] [310/322] NEWC
[07:51:37] 🔄 Identity reset
[07:51:37] 🔄 Identity rotated (every 10 requests)
[07:51:37] [311/322] VSHL
[07:51:38] [312/322] BISW
[07:51:39] [313/322] GCNG
[07:51:41] [314/322] CWSC
[07:51:42] [315/322] SKAN
[07:51:42] [316/322] CCOA
[07:51:43] [317/322] MCAJ
[07:51:44] [318/322] ACDE
[07:51:45] [319/322] AACM
[07:51:46] [320/322] JJCK
[07:51:47] 🔄 Identity reset
[07:51:47] 🔄 Identity rotated (every 10 requests)
[07:51:47] 🔄 Retry 1/5 for JJCK in 2.5s
[07:51:47] 🔄 Identity reset
[07:51:49] 🧠 New identity created
[07:51:50] [321/322] RCMO
[07:51:50] [322/322] GDAW
[07:51:51] 🧹 Deduping shows
[07:51:51] ✅ DONE | Shows=1350 | Movies=36
[08:32:54] 🚀 SCRIPT STARTED (enhanced anti‑detection)
[08:32:54] [1/322] CDCA
[08:32:55] 🧠 New identity created
[08:32:55] [2/322] VBCZ
[08:32:57] [3/322] MSDR
[08:32:58] [4/322] ACPV
[08:32:59] [5/322] PVHB
[08:32:59] [6/322] RCNH
[08:33:00] [7/322] IOMH
[08:33:01] [8/322] ILKS
[08:33:02] [9/322] AMSN
[08:33:03] [10/322] ANTP
[08:33:03] 🔄 Identity reset
[08:33:03] 🔄 Identity rotated (every 10 requests)
[08:33:04] [11/322] SSEK
[08:33:05] [12/322] PICP
[08:33:06] [13/322] SICO
[08:33:07] [14/322] SISP
[08:33:08] [15/322] SCPI
[08:33:09] [16/322] CRPR
[08:33:10] [17/322] DCTW
[08:33:11] [18/322] DCSP
[08:33:12] [19/322] KRPM
[08:33:13] [20/322] THKK
[08:33:13] 🔄 Identity reset
[08:33:13] 🔄 Identity rotated (every 10 requests)
[08:33:14] [21/322] SNMY
[08:33:15] [22/322] AKCC
[08:33:16] [23/322] PCAT
[08:33:17] [24/322] RFGO
[08:33:18] [25/322] GGCS
[08:33:19] [26/322] ACKR
[08:33:20] [27/322] STDO
[08:33:21] [28/322] ACKB
[08:33:21] [29/322] ALUC
[08:33:22] [30/322] MNSR
[08:33:23] 🔄 Identity reset
[08:33:23] 🔄 Identity rotated (every 10 requests)
[08:33:23] [31/322] CSSL
[08:33:24] [32/322] BGGM
[08:33:25] [33/322] MANT
[08:33:26] [34/322] SOOY
[08:33:27] [35/322] VPPK
[08:33:29] [36/322] MYHJ
[08:33:30] [37/322] KSCK
[08:33:31] [38/322] KATK
[08:33:32] [39/322] RTRT
[08:33:32] [40/322] SSTT
[08:33:33] 🔄 Identity reset
[08:33:33] 🔄 Identity rotated (every 10 requests)
[08:33:33] [41/322] SSTV
[08:33:34] [42/322] LACM
[08:33:35] [43/322] SGMG
[08:33:37] [44/322] KACX
[08:33:38] [45/322] GVCP
[08:33:39] [46/322] CSNC
[08:33:40] [47/322] SXCB
[08:33:41] [48/322] BAHS
[08:33:42] [49/322] PCBI
[08:33:42] [50/322] PSSM
[08:33:43] 🔄 Identity reset
[08:33:43] 🔄 Identity rotated (every 10 requests)
[08:33:43] [51/322] RCOK
[08:33:44] [52/322] SCPF
[08:33:45] [53/322] SSAS
[08:33:46] [54/322] EVMM
[08:33:47] [55/322] SYCB
[08:33:48] [56/322] GCKI
[08:33:49] [57/322] IAET
[08:33:50] [58/322] DDTD
[08:33:51] [59/322] GMDH
[08:33:53] [60/322] STLE
[08:33:53] 🔄 Identity reset
[08:33:53] 🔄 Identity rotated (every 10 requests)
[08:33:53] 🔄 Retry 1/5 for STLE in 2.6s
[08:33:53] 🔄 Identity reset
[08:33:56] 🧠 New identity created
[08:33:56] [61/322] JTRA
[08:33:57] [62/322] RPPA
[08:33:58] [63/322] ARUT
[08:33:59] [64/322] JTVM
[08:34:00] [65/322] SWRH
[08:34:01] [66/322] DCPC
[08:34:02] [67/322] RAPR
[08:34:03] [68/322] GCRT
[08:34:04] [69/322] ATUN
[08:34:04] 🔄 Identity reset
[08:34:04] 🔄 Identity rotated (every 10 requests)
[08:34:04] 🔄 Retry 1/5 for ATUN in 2.4s
[08:34:04] 🔄 Identity reset
[08:34:07] 🧠 New identity created
[08:34:07] 🔄 Retry 2/5 for ATUN in 4.1s
[08:34:07] 🔄 Identity reset
[08:34:11] 🧠 New identity created
[08:34:11] [70/322] LTRM
[08:34:12] [71/322] TASR
[08:34:14] [72/322] RLLC
[08:34:14] [73/322] MABI
[08:34:15] [74/322] SVHB
[08:34:16] [75/322] NVTB
[08:34:17] [76/322] KCKG
[08:34:18] [77/322] SSRN
[08:34:19] 🔄 Identity reset
[08:34:19] 🔄 Identity rotated (every 10 requests)
[08:34:19] 🔄 Retry 1/5 for SSRN in 2.4s
[08:34:19] 🔄 Identity reset
[08:34:21] 🧠 New identity created
[08:34:22] [78/322] VDDC
[08:34:23] [79/322] GKTK
[08:34:23] [80/322] YFSN
[08:34:24] [81/322] GCSG
[08:34:25] [82/322] ESSM
[08:34:27] [83/322] KRIH
[08:34:28] [84/322] GCDS
[08:34:29] [85/322] CCSH
[08:34:30] [86/322] ACSK
[08:34:30] 🔄 Identity reset
[08:34:30] 🔄 Identity rotated (every 10 requests)
[08:34:30] 🔄 Retry 1/5 for ACSK in 2.7s
[08:34:30] 🔄 Identity reset
[08:34:33] 🧠 New identity created
[08:34:33] [87/322] APRK
[08:34:34] [88/322] ADKM
[08:34:35] [89/322] SRDM
[08:34:36] [90/322] SJMY
[08:34:37] [91/322] PGGC
[08:34:38] [92/322] INGM
[08:34:39] [93/322] LSCB
[08:34:40] [94/322] STAD
[08:34:41] [95/322] MCCR
[08:34:41] 🔄 Identity reset
[08:34:41] 🔄 Identity rotated (every 10 requests)
[08:34:41] 🔄 Retry 1/5 for MCCR in 2.7s
[08:34:41] 🔄 Identity reset
[08:34:44] 🧠 New identity created
[08:34:44] 🔄 Retry 2/5 for MCCR in 4.4s
[08:34:44] 🔄 Identity reset
[08:34:49] 🧠 New identity created
[08:34:49] 🔄 Retry 3/5 for MCCR in 8.8s
[08:34:49] 🔄 Identity reset
[08:34:57] 🧠 New identity created
[08:34:57] 🔄 Retry 4/5 for MCCR in 16.9s
[08:34:57] 🔄 Identity reset
[08:35:14] 🧠 New identity created
[08:35:15] [96/322] ABCC
[08:35:16] [97/322] RKCC
[08:35:17] [98/322] RTCR
[08:35:18] [99/322] GGBC
[08:35:19] [100/322] GCSD
[08:35:20] [101/322] LPTY
[08:35:20] 🔄 Identity reset
[08:35:20] 🔄 Identity rotated (every 10 requests)
[08:35:20] 🔄 Retry 1/5 for LPTY in 2.3s
[08:35:20] 🔄 Identity reset
[08:35:23] 🧠 New identity created
[08:35:23] 🔄 Retry 2/5 for LPTY in 4.4s
[08:35:23] 🔄 Identity reset
[08:35:27] 🧠 New identity created
[08:35:28] [102/322] MCFD
[08:35:28] [103/322] HENN
[08:35:29] [104/322] SMKU
[08:35:30] [105/322] TNZC
[08:35:31] [106/322] DRCD
[08:35:32] [107/322] DLCD
[08:35:33] [108/322] RCDA
[08:35:34] [109/322] COSM
[08:35:34] 🔄 Identity reset
[08:35:35] 🔄 Identity rotated (every 10 requests)
[08:35:35] [110/322] MCMJ
[08:35:36] [111/322] CSTR
[08:35:37] [112/322] CVDK
[08:35:38] [113/322] INRR
[08:35:39] [114/322] RJRT
[08:35:39] [115/322] IRMR
[08:35:40] [116/322] SRCF
[08:35:41] [117/322] GRCR
[08:35:42] [118/322] SURC
[08:35:43] [119/322] NMNH
[08:35:44] 🔄 Identity reset
[08:35:44] 🔄 Identity rotated (every 10 requests)
[08:35:44] [120/322] SVBL
[08:35:45] [121/322] KACI
[08:35:46] [122/322] TDGO
[08:35:47] [123/322] KTBR
[08:35:48] [124/322] PMAD
[08:35:49] [125/322] CCPN
[08:35:50] [126/322] SBTK
[08:35:51] [127/322] LMDK
[08:35:52] [128/322] PGDA
[08:35:53] [129/322] SRML
[08:35:53] 🔄 Identity reset
[08:35:53] 🔄 Identity rotated (every 10 requests)
[08:35:54] [130/322] EVCK
[08:35:55] [131/322] RTTK
[08:35:56] [132/322] SRTU
[08:35:57] [133/322] VRSA
[08:35:58] [134/322] VARS
[08:35:59] [135/322] DSCZ
[08:36:00] [136/322] GAGA
[08:36:01] [137/322] SARV
[08:36:03] [138/322] SEEG
[08:36:03] [139/322] GLCA
[08:36:04] 🔄 Identity reset
[08:36:04] 🔄 Identity rotated (every 10 requests)
[08:36:04] [140/322] APAS
[08:36:05] [141/322] VCIA
[08:36:06] [142/322] SJTA
[08:36:07] [143/322] SABM
[08:36:08] [144/322] PPAG
[08:36:09] [145/322] RVCA
[08:36:10] [146/322] CCIA
[08:36:11] [147/322] HTAG
[08:36:12] [148/322] SMBI
[08:36:13] [149/322] MCJR
[08:36:13] 🔄 Identity reset
[08:36:13] 🔄 Identity rotated (every 10 requests)
[08:36:13] 🔄 Retry 1/5 for MCJR in 2.4s
[08:36:13] 🔄 Identity reset
[08:36:16] 🧠 New identity created
[08:36:16] 🔄 Retry 2/5 for MCJR in 4.9s
[08:36:16] 🔄 Identity reset
[08:36:21] 🧠 New identity created
[08:36:21] [150/322] CCJR
[08:36:22] [151/322] SINF
[08:36:23] [152/322] CPLX
[08:36:24] [153/322] KKTJ
[08:36:25] [154/322] GDBW
[08:36:26] [155/322] CSUB
[08:36:27] [156/322] DABA
[08:36:28] [157/322] TITR
[08:36:28] 🔄 Identity reset
[08:36:28] 🔄 Identity rotated (every 10 requests)
[08:36:29] [158/322] NYCR
[08:36:30] [159/322] RTRY
[08:36:31] [160/322] JTJL
[08:36:32] [161/322] SJCP
[08:36:33] [162/322] KCCA
[08:36:33] [163/322] MLPG
[08:36:34] [164/322] VRCK
[08:36:35] [165/322] SRIN
[08:36:36] [166/322] CXMK
[08:36:37] [167/322] SKAD
[08:36:38] 🔄 Identity reset
[08:36:38] 🔄 Identity rotated (every 10 requests)
[08:36:38] 🔄 Retry 1/5 for SKAD in 2.7s
[08:36:38] 🔄 Identity reset
[08:36:41] 🧠 New identity created
[08:36:41] [168/322] AVTR
[08:36:42] [169/322] PTAJ
[08:36:43] [170/322] SCNK
[08:36:44] [171/322] STTI
[08:36:45] [172/322] KACR
[08:36:46] [173/322] SSDX
[08:36:47] [174/322] VRTJ
[08:36:48] [175/322] RAJD
[08:36:49] [176/322] SCIP
[08:36:49] 🔄 Identity reset
[08:36:49] 🔄 Identity rotated (every 10 requests)
[08:36:49] 🔄 Retry 1/5 for SCIP in 2.8s
[08:36:49] 🔄 Identity reset
[08:36:52] 🧠 New identity created
[08:36:53] [177/322] RJSL
[08:36:54] [178/322] ARRS
[08:36:55] [179/322] ASMS
[08:36:56] [180/322] RDTS
[08:36:57] [181/322] DVMY
[08:36:58] [182/322] RASA
[08:36:59] [183/322] INOM
[08:36:59] [184/322] SPRS
[08:37:00] [185/322] SGCS
[08:37:01] 🔄 Identity reset
[08:37:01] 🔄 Identity rotated (every 10 requests)
[08:37:01] [186/322] SALM
[08:37:02] [187/322] PKHC
[08:37:03] [188/322] RCSV
[08:37:04] [189/322] CPKC
[08:37:05] [190/322] AACD
[08:37:07] [191/322] GGCV
[08:37:08] [192/322] SMKD
[08:37:09] [193/322] NBCH
[08:37:09] [194/322] AMCB
[08:37:10] [195/322] OPCN
[08:37:11] 🔄 Identity reset
[08:37:11] 🔄 Identity rotated (every 10 requests)
[08:37:11] 🔄 Retry 1/5 for OPCN in 2.3s
[08:37:11] 🔄 Identity reset
[08:37:13] 🧠 New identity created
[08:37:14] [196/322] DCIN
[08:37:15] [197/322] INGW
[08:37:16] [198/322] PKKW
[08:37:18] [199/322] FNGW
[08:37:18] [200/322] GCGD
[08:37:20] [201/322] MSTW
[08:37:20] [202/322] KCCG
[08:37:21] [203/322] MRSS
[08:37:22] [204/322] CLCF
[08:37:23] 🔄 Identity reset
[08:37:23] 🔄 Identity rotated (every 10 requests)
[08:37:23] 🔄 Retry 1/5 for CLCF in 2.5s
[08:37:23] 🔄 Identity reset
[08:37:25] 🧠 New identity created
[08:37:25] 🔄 Retry 2/5 for CLCF in 4.7s
[08:37:25] 🔄 Identity reset
[08:37:30] 🧠 New identity created
[08:37:30] 🔄 Retry 3/5 for CLCF in 8.6s
[08:37:30] 🔄 Identity reset
[08:37:39] 🧠 New identity created
[08:37:39] 🔄 Retry 4/5 for CLCF in 16.6s
[08:37:39] 🔄 Identity reset
[08:37:56] 🧠 New identity created
[08:37:56] [205/322] EETS
[08:37:57] [206/322] AATR
[08:37:58] [207/322] CMMN
[08:37:59] [208/322] SCCJ
[08:38:00] [209/322] CDTK
[08:38:01] [210/322] AICP
[08:38:01] 🔄 Identity reset
[08:38:01] 🔄 Identity rotated (every 10 requests)
[08:38:03] [211/322] FNBP
[08:38:04] [212/322] CBPB
[08:38:05] [213/322] CPAS
[08:38:06] [214/322] MAPM
[08:38:07] [215/322] PASD
[08:38:08] [216/322] JCMN
[08:38:09] [217/322] MALB
[08:38:10] [218/322] SACG
[08:38:11] [219/322] DDRX
[08:38:12] [220/322] DDXB
[08:38:12] 🔄 Identity reset
[08:38:12] 🔄 Identity rotated (every 10 requests)
[08:38:13] [221/322] RAMC
[08:38:14] [222/322] SANC
[08:38:14] [223/322] BCBP
[08:38:15] [224/322] ALPC
[08:38:16] [225/322] RBAC
[08:38:18] [226/322] RAJL
[08:38:19] [227/322] MPDX
[08:38:19] [228/322] MUSC
[08:38:21] [229/322] VKMK
[08:38:22] [230/322] SKCG
[08:38:23] 🔄 Identity reset
[08:38:23] 🔄 Identity rotated (every 10 requests)
[08:38:23] [231/322] ANCN
[08:38:24] [232/322] MMCJ
[08:38:25] [233/322] DCAK
[08:38:25] [234/322] SCKG
[08:38:26] [235/322] LMCK
[08:38:27] [236/322] CKKX
[08:38:28] [237/322] ANKU
[08:38:29] [238/322] CSMD
[08:38:30] [239/322] MKMP
[08:38:32] [240/322] SVBG
[08:38:32] 🔄 Identity reset
[08:38:32] 🔄 Identity rotated (every 10 requests)
[08:38:32] 🔄 Retry 1/5 for SVBG in 2.9s
[08:38:32] 🔄 Identity reset
[08:38:35] 🧠 New identity created
[08:38:35] 🔄 Retry 2/5 for SVBG in 4.6s
[08:38:35] 🔄 Identity reset
[08:38:40] 🧠 New identity created
[08:38:40] 🔄 Retry 3/5 for SVBG in 8.1s
[08:38:40] 🔄 Identity reset
[08:38:48] 🧠 New identity created
[08:38:49] [241/322] ROOP
[08:38:50] [242/322] GDMT
[08:38:50] [243/322] FPPF
[08:38:51] [244/322] SFUU
[08:38:52] [245/322] ANCB
[08:38:54] [246/322] SMMC
[08:38:55] [247/322] UGKT
[08:38:56] 🔄 Identity reset
[08:38:56] 🔄 Identity rotated (every 10 requests)
[08:38:56] 🔄 Retry 1/5 for UGKT in 2.2s
[08:38:56] 🔄 Identity reset
[08:38:58] 🧠 New identity created
[08:38:58] 🔄 Retry 2/5 for UGKT in 4.9s
[08:38:58] 🔄 Identity reset
[08:39:03] 🧠 New identity created
[08:39:03] [248/322] JVRM
[08:39:05] [249/322] BATG
[08:39:06] [250/322] RATE
[08:39:07] [251/322] SKME
[08:39:08] [252/322] LMTP
[08:39:09] [253/322] TCBD
[08:39:10] [254/322] ESBD
[08:39:11] [255/322] GDCU
[08:39:12] 🔄 Identity reset
[08:39:12] 🔄 Identity rotated (every 10 requests)
[08:39:12] 🔄 Retry 1/5 for GDCU in 2.2s
[08:39:12] 🔄 Identity reset
[08:39:14] 🧠 New identity created
[08:39:14] 🔄 Retry 2/5 for GDCU in 4.6s
[08:39:14] 🔄 Identity reset
[08:39:19] 🧠 New identity created
[08:39:20] [256/322] SNKT
[08:39:21] [257/322] SRNK
[08:39:22] [258/322] SMED
[08:39:23] [259/322] CSQS
[08:39:24] [260/322] ALCS
[08:39:25] [261/322] KCKN
[08:39:26] [262/322] VCCL
[08:39:27] [263/322] MCDA
[08:39:27] 🔄 Identity reset
[08:39:27] 🔄 Identity rotated (every 10 requests)
[08:39:28] [264/322] SHMI
[08:39:29] [265/322] SKHA
[08:39:29] [266/322] SVFK
[08:39:30] [267/322] INVB
[08:39:31] [268/322] MELD
[08:39:33] [269/322] JTYS
[08:39:34] [270/322] INCM
[08:39:35] [271/322] MCDV
[08:39:36] [272/322] KSGK
[08:39:37] [273/322] ICMG
[08:39:38] 🔄 Identity reset
[08:39:38] 🔄 Identity rotated (every 10 requests)
[08:39:38] 🔄 Retry 1/5 for ICMG in 2.9s
[08:39:38] 🔄 Identity reset
[08:39:41] 🧠 New identity created
[08:39:42] [274/322] CSCV
[08:39:43] [275/322] STMD
[08:39:44] [276/322] STTR
[08:39:45] [277/322] INVC
[08:39:46] [278/322] JTBL
[08:39:46] [279/322] SRVV
[08:39:47] [280/322] MAVC
[08:39:48] [281/322] SRPP
[08:39:49] [282/322] JGDM
[08:39:50] 🔄 Identity reset
[08:39:50] 🔄 Identity rotated (every 10 requests)
[08:39:50] [283/322] MBSJ
[08:39:51] [284/322] SSLL
[08:39:52] [285/322] SLKP
[08:39:53] [286/322] NSRV
[08:39:54] [287/322] UTDV
[08:39:55] [288/322] KICM
[08:39:56] [289/322] KCMD
[08:39:57] [290/322] TTPP
[08:39:58] [291/322] KMPV
[08:39:59] [292/322] SKTV
[08:39:59] 🔄 Identity reset
[08:39:59] 🔄 Identity rotated (every 10 requests)
[08:39:59] 🔄 Retry 1/5 for SKTV in 2.8s
[08:39:59] 🔄 Identity reset
[08:40:02] 🧠 New identity created
[08:40:02] [293/322] STCV
[08:40:03] [294/322] SRDA
[08:40:04] [295/322] JTSX
[08:40:05] [296/322] STBV
[08:40:06] [297/322] APVZ
[08:40:07] [298/322] GSTV
[08:40:08] [299/322] NMVS
[08:40:10] [300/322] SKRT
[08:40:11] [301/322] RMDV
[08:40:11] 🔄 Identity reset
[08:40:11] 🔄 Identity rotated (every 10 requests)
[08:40:11] 🔄 Retry 1/5 for RMDV in 2.4s
[08:40:11] 🔄 Identity reset
[08:40:14] 🧠 New identity created
[08:40:14] [302/322] RATG
[08:40:15] [303/322] SJYV
[08:40:16] [304/322] NDGP
[08:40:17] [305/322] SNDG
[08:40:19] [306/322] INSR
[08:40:20] [307/322] INSO
[08:40:21] [308/322] CCSI
[08:40:22] [309/322] RASM
[08:40:23] [310/322] NEWC
[08:40:24] 🔄 Identity reset
[08:40:24] 🔄 Identity rotated (every 10 requests)
[08:40:25] [311/322] VSHL
[08:40:26] [312/322] BISW
[08:40:27] [313/322] GCNG
[08:40:27] [314/322] CWSC
[08:40:28] [315/322] SKAN
[08:40:29] [316/322] CCOA
[08:40:30] [317/322] MCAJ
[08:40:31] [318/322] ACDE
[08:40:32] [319/322] AACM
[08:40:33] [320/322] JJCK
[08:40:34] 🔄 Identity reset
[08:40:34] 🔄 Identity rotated (every 10 requests)
[08:40:34] 🔄 Retry 1/5 for JJCK in 2.4s
[08:40:34] 🔄 Identity reset
[08:40:37] 🧠 New identity created
[08:40:37] [321/322] RCMO
[08:40:38] [322/322] GDAW
[08:40:39] 🧹 Deduping shows
[08:40:39] ✅ DONE | Shows=1350 | Movies=36
[14:16:52] 🚀 SCRIPT STARTED (enhanced anti‑detection)
[14:16:52] [1/322] CDCA
[14:16:52] 🧠 New identity created
[14:16:53] 🔄 Retry 1/5 for CDCA in 2.0s
[14:16:53] 🔄 Identity reset
[14:16:55] 🧠 New identity created
[14:16:55] [2/322] VBCZ
[14:16:56] [3/322] MSDR
[14:16:57] [4/322] ACPV
[14:16:58] [5/322] PVHB
[14:16:59] [6/322] RCNH
[14:16:59] [7/322] IOMH
[14:17:00] [8/322] ILKS
[14:17:01] [9/322] AMSN
[14:17:02] 🔄 Identity reset
[14:17:02] 🔄 Identity rotated (every 10 requests)
[14:17:02] [10/322] ANTP
[14:17:03] [11/322] SSEK
[14:17:04] [12/322] PICP
[14:17:05] [13/322] SICO
[14:17:06] [14/322] SISP
[14:17:07] [15/322] SCPI
[14:17:08] [16/322] CRPR
[14:17:08] [17/322] DCTW
[14:17:09] [18/322] DCSP
[14:17:10] [19/322] KRPM
[14:17:11] 🔄 Identity reset
[14:17:11] 🔄 Identity rotated (every 10 requests)
[14:17:11] [20/322] THKK
[14:17:12] [21/322] SNMY
[14:17:13] [22/322] AKCC
[14:17:14] [23/322] PCAT
[14:17:15] [24/322] RFGO
[14:17:16] [25/322] GGCS
[14:17:18] [26/322] ACKR
[14:17:18] [27/322] STDO
[14:17:19] [28/322] ACKB
[14:17:20] [29/322] ALUC
[14:17:21] 🔄 Identity reset
[14:17:21] 🔄 Identity rotated (every 10 requests)
[14:17:21] [30/322] MNSR
[14:17:22] [31/322] CSSL
[14:17:23] [32/322] BGGM
[14:17:24] [33/322] MANT
[14:17:25] [34/322] SOOY
[14:17:26] [35/322] VPPK
[14:17:27] [36/322] MYHJ
[14:17:27] [37/322] KSCK
[14:17:28] [38/322] KATK
[14:17:30] [39/322] RTRT
[14:17:31] 🔄 Identity reset
[14:17:31] 🔄 Identity rotated (every 10 requests)
[14:17:31] 🔄 Retry 1/5 for RTRT in 2.4s
[14:17:31] 🔄 Identity reset
[14:17:33] 🧠 New identity created
[14:17:34] [40/322] SSTT
[14:17:35] [41/322] SSTV
[14:17:36] [42/322] LACM
[14:17:37] [43/322] SGMG
[14:17:38] [44/322] KACX
[14:17:39] [45/322] GVCP
[14:17:40] [46/322] CSNC
[14:17:41] [47/322] SXCB
[14:17:42] [48/322] BAHS
[14:17:42] 🔄 Identity reset
[14:17:42] 🔄 Identity rotated (every 10 requests)
[14:17:42] [49/322] PCBI
[14:17:43] [50/322] PSSM
[14:17:44] [51/322] RCOK
[14:17:45] [52/322] SCPF
[14:17:46] [53/322] SSAS
[14:17:47] [54/322] EVMM
[14:17:49] [55/322] SYCB
[14:17:50] [56/322] GCKI
[14:17:51] [57/322] IAET
[14:17:52] [58/322] DDTD
[14:17:52] 🔄 Identity reset
[14:17:52] 🔄 Identity rotated (every 10 requests)
[14:17:52] 🔄 Retry 1/5 for DDTD in 2.8s
[14:17:52] 🔄 Identity reset
[14:17:55] 🧠 New identity created
[14:17:55] [59/322] GMDH
[14:17:57] [60/322] STLE
[14:17:58] [61/322] JTRA
[14:17:59] [62/322] RPPA
[14:17:59] [63/322] ARUT
[14:18:00] [64/322] JTVM
[14:18:01] [65/322] SWRH
[14:18:02] [66/322] DCPC
[14:18:03] [67/322] RAPR
[14:18:04] 🔄 Identity reset
[14:18:04] 🔄 Identity rotated (every 10 requests)
[14:18:04] [68/322] GCRT
[14:18:05] [69/322] ATUN
[14:18:07] [70/322] LTRM
[14:18:08] [71/322] TASR
[14:18:08] [72/322] RLLC
[14:18:09] [73/322] MABI
[14:18:10] [74/322] SVHB
[14:18:11] [75/322] NVTB
[14:18:12] [76/322] KCKG
[14:18:13] [77/322] SSRN
[14:18:13] 🔄 Identity reset
[14:18:13] 🔄 Identity rotated (every 10 requests)
[14:18:13] 🔄 Retry 1/5 for SSRN in 2.9s
[14:18:13] 🔄 Identity reset
[14:18:16] 🧠 New identity created
[14:18:16] 🔄 Retry 2/5 for SSRN in 4.8s
[14:18:16] 🔄 Identity reset
[14:18:21] 🧠 New identity created
[14:18:21] 🔄 Retry 3/5 for SSRN in 8.2s
[14:18:21] 🔄 Identity reset
[14:18:29] 🧠 New identity created
[14:18:30] 🔄 Retry 4/5 for SSRN in 16.1s
[14:18:30] 🔄 Identity reset
[14:18:46] 🧠 New identity created
[14:18:46] [78/322] VDDC
[14:18:47] [79/322] GKTK
[14:18:48] [80/322] YFSN
[14:18:49] [81/322] GCSG
[14:18:49] [82/322] ESSM
[14:18:50] [83/322] KRIH
[14:18:51] 🔄 Identity reset
[14:18:51] 🔄 Identity rotated (every 10 requests)
[14:18:51] [84/322] GCDS
[14:18:52] [85/322] CCSH
[14:18:53] [86/322] ACSK
[14:18:54] [87/322] APRK
[14:18:55] [88/322] ADKM
[14:18:56] [89/322] SRDM
[14:18:57] [90/322] SJMY
[14:18:58] [91/322] PGGC
[14:18:59] [92/322] INGM
[14:19:00] [93/322] LSCB
[14:19:01] 🔄 Identity reset
[14:19:01] 🔄 Identity rotated (every 10 requests)
[14:19:01] [94/322] STAD
[14:19:02] [95/322] MCCR
[14:19:03] [96/322] ABCC
[14:19:04] [97/322] RKCC
[14:19:05] [98/322] RTCR
[14:19:06] [99/322] GGBC
[14:19:07] [100/322] GCSD
[14:19:08] [101/322] LPTY
[14:19:09] [102/322] MCFD
[14:19:10] [103/322] HENN
[14:19:10] 🔄 Identity reset
[14:19:10] 🔄 Identity rotated (every 10 requests)
[14:19:11] [104/322] SMKU
[14:19:11] [105/322] TNZC
[14:19:12] [106/322] DRCD
[14:19:13] [107/322] DLCD
[14:19:14] [108/322] RCDA
[14:19:15] [109/322] COSM
[14:19:16] [110/322] MCMJ
[14:19:17] [111/322] CSTR
[14:19:18] [112/322] CVDK
[14:19:19] [113/322] INRR
[14:19:20] 🔄 Identity reset
[14:19:20] 🔄 Identity rotated (every 10 requests)
[14:19:21] [114/322] RJRT
[14:19:22] [115/322] IRMR
[14:19:23] [116/322] SRCF
[14:19:24] [117/322] GRCR
[14:19:25] [118/322] SURC
[14:19:26] [119/322] NMNH
[14:19:27] [120/322] SVBL
[14:19:29] [121/322] KACI
[14:19:30] [122/322] TDGO
[14:19:30] [123/322] KTBR
[14:19:31] 🔄 Identity reset
[14:19:31] 🔄 Identity rotated (every 10 requests)
[14:19:31] 🔄 Retry 1/5 for KTBR in 2.2s
[14:19:31] 🔄 Identity reset
[14:19:33] 🧠 New identity created
[14:19:34] [124/322] PMAD
[14:19:35] [125/322] CCPN
[14:19:36] [126/322] SBTK
[14:19:36] [127/322] LMDK
[14:19:37] [128/322] PGDA
[14:19:38] [129/322] SRML
[14:19:39] [130/322] EVCK
[14:19:40] [131/322] RTTK
[14:19:41] [132/322] SRTU
[14:19:42] 🔄 Identity reset
[14:19:42] 🔄 Identity rotated (every 10 requests)
[14:19:42] [133/322] VRSA
[14:19:43] [134/322] VARS
[14:19:44] [135/322] DSCZ
[14:19:45] [136/322] GAGA
[14:19:46] [137/322] SARV
[14:19:47] [138/322] SEEG
[14:19:48] [139/322] GLCA
[14:19:49] [140/322] APAS
[14:19:50] [141/322] VCIA
[14:19:50] [142/322] SJTA
[14:19:51] 🔄 Identity reset
[14:19:51] 🔄 Identity rotated (every 10 requests)
[14:19:51] 🔄 Retry 1/5 for SJTA in 2.9s
[14:19:51] 🔄 Identity reset
[14:19:54] 🧠 New identity created
[14:19:54] 🔄 Retry 2/5 for SJTA in 4.1s
[14:19:54] 🔄 Identity reset
[14:19:58] 🧠 New identity created
[14:19:59] [143/322] SABM
[14:20:00] [144/322] PPAG
[14:20:01] [145/322] RVCA
[14:20:02] [146/322] CCIA
[14:20:04] [147/322] HTAG
[14:20:05] [148/322] SMBI
[14:20:06] [149/322] MCJR
[14:20:07] [150/322] CCJR
[14:20:07] 🔄 Identity reset
[14:20:07] 🔄 Identity rotated (every 10 requests)
[14:20:08] 🔄 Retry 1/5 for CCJR in 2.6s
[14:20:08] 🔄 Identity reset
[14:20:10] 🧠 New identity created
[14:20:10] [151/322] SINF
[14:20:11] [152/322] CPLX
[14:20:12] [153/322] KKTJ
[14:20:13] [154/322] GDBW
[14:20:14] [155/322] CSUB
[14:20:16] [156/322] DABA
[14:20:16] [157/322] TITR
[14:20:18] [158/322] NYCR
[14:20:19] [159/322] RTRY
[14:20:20] 🔄 Identity reset
[14:20:20] 🔄 Identity rotated (every 10 requests)
[14:20:20] [160/322] JTJL
[14:20:22] [161/322] SJCP
[14:20:24] [162/322] KCCA
[14:20:25] [163/322] MLPG
[14:20:30] [164/322] VRCK
[14:20:31] [165/322] SRIN
[14:20:32] [166/322] CXMK
[14:20:33] [167/322] SKAD
[14:20:35] [168/322] AVTR
[14:20:37] [169/322] PTAJ
[14:20:37] 🔄 Identity reset
[14:20:37] 🔄 Identity rotated (every 10 requests)
[14:20:37] 🔄 Retry 1/5 for PTAJ in 2.2s
[14:20:37] 🔄 Identity reset
[14:20:39] 🧠 New identity created
[14:20:39] 🔄 Retry 2/5 for PTAJ in 4.7s
[14:20:39] 🔄 Identity reset
[14:20:44] 🧠 New identity created
[14:20:44] 🔄 Retry 3/5 for PTAJ in 8.3s
[14:20:44] 🔄 Identity reset
[14:20:53] 🧠 New identity created
[14:20:53] 🔄 Retry 4/5 for PTAJ in 16.3s
[14:20:53] 🔄 Identity reset
[14:21:09] 🧠 New identity created
[14:21:09] [170/322] SCNK
[14:21:10] [171/322] STTI
[14:21:11] [172/322] KACR
[14:21:12] [173/322] SSDX
[14:21:13] [174/322] VRTJ
[14:21:14] [175/322] RAJD
[14:21:15] 🔄 Identity reset
[14:21:15] 🔄 Identity rotated (every 10 requests)
[14:21:15] 🔄 Retry 1/5 for RAJD in 2.4s
[14:21:15] 🔄 Identity reset
[14:21:17] 🧠 New identity created
[14:21:18] [176/322] SCIP
[14:21:19] [177/322] RJSL
[14:21:20] [178/322] ARRS
[14:21:21] [179/322] ASMS
[14:21:22] [180/322] RDTS
[14:21:23] [181/322] DVMY
[14:21:24] [182/322] RASA
[14:21:25] [183/322] INOM
[14:21:26] [184/322] SPRS
[14:21:26] 🔄 Identity reset
[14:21:26] 🔄 Identity rotated (every 10 requests)
[14:21:26] 🔄 Retry 1/5 for SPRS in 2.3s
[14:21:26] 🔄 Identity reset
[14:21:29] 🧠 New identity created
[14:21:29] [185/322] SGCS
[14:21:30] [186/322] SALM
[14:21:31] [187/322] PKHC
[14:21:32] [188/322] RCSV
[14:21:33] [189/322] CPKC
[14:21:34] [190/322] AACD
[14:21:36] [191/322] GGCV
[14:21:37] [192/322] SMKD
[14:21:38] [193/322] NBCH
[14:21:38] 🔄 Identity reset
[14:21:39] 🔄 Identity rotated (every 10 requests)
[14:21:39] 🔄 Retry 1/5 for NBCH in 2.3s
[14:21:39] 🔄 Identity reset
[14:21:41] 🧠 New identity created
[14:21:41] [194/322] AMCB
[14:21:43] [195/322] OPCN
[14:21:44] [196/322] DCIN
[14:21:45] [197/322] INGW
[14:21:46] [198/322] PKKW
[14:21:48] [199/322] FNGW
[14:21:48] [200/322] GCGD
[14:21:49] [201/322] MSTW
[14:21:50] [202/322] KCCG
[14:21:51] 🔄 Identity reset
[14:21:51] 🔄 Identity rotated (every 10 requests)
[14:21:51] [203/322] MRSS
[14:21:52] [204/322] CLCF
[14:21:53] [205/322] EETS
[14:21:54] [206/322] AATR
[14:21:55] [207/322] CMMN
[14:21:56] [208/322] SCCJ
[14:21:57] [209/322] CDTK
[14:21:58] [210/322] AICP
[14:21:59] [211/322] FNBP
[14:21:59] [212/322] CBPB
[14:22:00] 🔄 Identity reset
[14:22:00] 🔄 Identity rotated (every 10 requests)
[14:22:01] [213/322] CPAS
[14:22:02] [214/322] MAPM
[14:22:03] [215/322] PASD
[14:22:04] [216/322] JCMN
[14:22:05] [217/322] MALB
[14:22:05] [218/322] SACG
[14:22:06] [219/322] DDRX
[14:22:07] [220/322] DDXB
[14:22:08] [221/322] RAMC
[14:22:09] [222/322] SANC
[14:22:10] 🔄 Identity reset
[14:22:10] 🔄 Identity rotated (every 10 requests)
[14:22:10] 🔄 Retry 1/5 for SANC in 2.1s
[14:22:10] 🔄 Identity reset
[14:22:12] 🧠 New identity created
[14:22:12] 🔄 Retry 2/5 for SANC in 4.9s
[14:22:12] 🔄 Identity reset
[14:22:17] 🧠 New identity created
[14:22:17] [223/322] BCBP
[14:22:18] [224/322] ALPC
[14:22:19] [225/322] RBAC
[14:22:20] [226/322] RAJL
[14:22:21] [227/322] MPDX
[14:22:22] [228/322] MUSC
[14:22:23] [229/322] VKMK
[14:22:24] [230/322] SKCG
[14:22:25] 🔄 Identity reset
[14:22:25] 🔄 Identity rotated (every 10 requests)
[14:22:25] [231/322] ANCN
[14:22:27] [232/322] MMCJ
[14:22:28] [233/322] DCAK
[14:22:29] [234/322] SCKG
[14:22:30] [235/322] LMCK
[14:22:31] [236/322] CKKX
[14:22:31] [237/322] ANKU
[14:22:32] [238/322] CSMD
[14:22:33] [239/322] MKMP
[14:22:34] [240/322] SVBG
[14:22:34] 🔄 Identity reset
[14:22:34] 🔄 Identity rotated (every 10 requests)
[14:22:35] [241/322] ROOP
[14:22:36] [242/322] GDMT
[14:22:36] [243/322] FPPF
[14:22:37] [244/322] SFUU
[14:22:38] [245/322] ANCB
[14:22:39] [246/322] SMMC
[14:22:40] [247/322] UGKT
[14:22:41] [248/322] JVRM
[14:22:43] [249/322] BATG
[14:22:44] [250/322] RATE
[14:22:44] 🔄 Identity reset
[14:22:44] 🔄 Identity rotated (every 10 requests)
[14:22:45] [251/322] SKME
[14:22:45] [252/322] LMTP
[14:22:46] [253/322] TCBD
[14:22:47] [254/322] ESBD
[14:22:49] [255/322] GDCU
[14:22:50] [256/322] SNKT
[14:22:51] [257/322] SRNK
[14:22:52] [258/322] SMED
[14:22:53] [259/322] CSQS
[14:22:53] [260/322] ALCS
[14:22:54] 🔄 Identity reset
[14:22:54] 🔄 Identity rotated (every 10 requests)
[14:22:55] [261/322] KCKN
[14:22:56] [262/322] VCCL
[14:22:57] [263/322] MCDA
[14:22:58] [264/322] SHMI
[14:22:59] [265/322] SKHA
[14:22:59] [266/322] SVFK
[14:23:00] [267/322] INVB
[14:23:01] [268/322] MELD
[14:23:02] [269/322] JTYS
[14:23:04] [270/322] INCM
[14:23:04] 🔄 Identity reset
[14:23:04] 🔄 Identity rotated (every 10 requests)
[14:23:05] [271/322] MCDV
[14:23:06] [272/322] KSGK
[14:23:07] [273/322] ICMG
[14:23:08] [274/322] CSCV
[14:23:08] [275/322] STMD
[14:23:09] [276/322] STTR
[14:23:10] [277/322] INVC
[14:23:11] [278/322] JTBL
[14:23:12] [279/322] SRVV
[14:23:13] [280/322] MAVC
[14:23:13] 🔄 Identity reset
[14:23:13] 🔄 Identity rotated (every 10 requests)
[14:23:14] [281/322] SRPP
[14:23:15] [282/322] JGDM
[14:23:15] [283/322] MBSJ
[14:23:17] [284/322] SSLL
[14:23:18] [285/322] SLKP
[14:23:19] [286/322] NSRV
[14:23:20] [287/322] UTDV
[14:23:21] [288/322] KICM
[14:23:21] [289/322] KCMD
[14:23:22] [290/322] TTPP
[14:23:23] 🔄 Identity reset
[14:23:23] 🔄 Identity rotated (every 10 requests)
[14:23:23] 🔄 Retry 1/5 for TTPP in 2.9s
[14:23:23] 🔄 Identity reset
[14:23:26] 🧠 New identity created
[14:23:26] [291/322] KMPV
[14:23:27] [292/322] SKTV
[14:23:28] [293/322] STCV
[14:23:29] [294/322] SRDA
[14:23:30] [295/322] JTSX
[14:23:31] [296/322] STBV
[14:23:32] [297/322] APVZ
[14:23:33] [298/322] GSTV
[14:23:34] [299/322] NMVS
[14:23:35] 🔄 Identity reset
[14:23:35] 🔄 Identity rotated (every 10 requests)
[14:23:35] [300/322] SKRT
[14:23:36] [301/322] RMDV
[14:23:37] [302/322] RATG
[14:23:38] [303/322] SJYV
[14:23:39] [304/322] NDGP
[14:23:40] [305/322] SNDG
[14:23:41] [306/322] INSR
[14:23:42] [307/322] INSO
[14:23:43] [308/322] CCSI
[14:23:43] [309/322] RASM
[14:23:44] 🔄 Identity reset
[14:23:44] 🔄 Identity rotated (every 10 requests)
[14:23:44] [310/322] NEWC
[14:23:45] [311/322] VSHL
[14:23:46] [312/322] BISW
[14:23:47] [313/322] GCNG
[14:23:48] [314/322] CWSC
[14:23:49] [315/322] SKAN
[14:23:50] [316/322] CCOA
[14:23:51] [317/322] MCAJ
[14:23:52] [318/322] ACDE
[14:23:53] [319/322] AACM
[14:23:53] 🔄 Identity reset
[14:23:53] 🔄 Identity rotated (every 10 requests)
[14:23:54] [320/322] JJCK
[14:23:55] [321/322] RCMO
[14:23:55] [322/322] GDAW
[14:23:56] 🧹 Deduping shows
[14:23:56] ✅ DONE | Shows=1572 | Movies=38
[15:03:22] 🚀 SCRIPT STARTED (enhanced anti‑detection)
[15:03:22] [1/322] CDCA
[15:03:23] 🧠 New identity created
[15:03:23] [2/322] VBCZ
[15:03:25] [3/322] MSDR
[15:03:26] [4/322] ACPV
[15:03:27] [5/322] PVHB
[15:03:28] [6/322] RCNH
[15:03:29] [7/322] IOMH
[15:03:30] [8/322] ILKS
[15:03:31] [9/322] AMSN
[15:03:32] [10/322] ANTP
[15:03:32] 🔄 Identity reset
[15:03:32] 🔄 Identity rotated (every 10 requests)
[15:03:33] [11/322] SSEK
[15:03:33] [12/322] PICP
[15:03:34] [13/322] SICO
[15:03:36] [14/322] SISP
[15:03:37] [15/322] SCPI
[15:03:38] [16/322] CRPR
[15:03:39] [17/322] DCTW
[15:03:40] [18/322] DCSP
[15:03:41] [19/322] KRPM
[15:03:42] [20/322] THKK
[15:03:42] 🔄 Identity reset
[15:03:42] 🔄 Identity rotated (every 10 requests)
[15:03:42] [21/322] SNMY
[15:03:43] [22/322] AKCC
[15:03:44] [23/322] PCAT
[15:03:45] [24/322] RFGO
[15:03:46] [25/322] GGCS
[15:03:47] [26/322] ACKR
[15:03:48] [27/322] STDO
[15:03:49] [28/322] ACKB
[15:03:50] [29/322] ALUC
[15:03:52] [30/322] MNSR
[15:03:52] 🔄 Identity reset
[15:03:52] 🔄 Identity rotated (every 10 requests)
[15:03:52] [31/322] CSSL
[15:03:54] [32/322] BGGM
[15:03:55] [33/322] MANT
[15:03:56] [34/322] SOOY
[15:03:57] [35/322] VPPK
[15:03:58] [36/322] MYHJ
[15:03:59] [37/322] KSCK
[15:04:00] [38/322] KATK
[15:04:01] [39/322] RTRT
[15:04:02] [40/322] SSTT
[15:04:02] 🔄 Identity reset
[15:04:02] 🔄 Identity rotated (every 10 requests)
[15:04:02] [41/322] SSTV
[15:04:03] [42/322] LACM
[15:04:04] [43/322] SGMG
[15:04:06] [44/322] KACX
[15:04:07] [45/322] GVCP
[15:04:08] [46/322] CSNC
[15:04:10] [47/322] SXCB
[15:04:11] [48/322] BAHS
[15:04:12] [49/322] PCBI
[15:04:13] [50/322] PSSM
[15:04:13] 🔄 Identity reset
[15:04:13] 🔄 Identity rotated (every 10 requests)
[15:04:13] [51/322] RCOK
[15:04:14] [52/322] SCPF
[15:04:15] [53/322] SSAS
[15:04:16] [54/322] EVMM
[15:04:17] [55/322] SYCB
[15:04:18] [56/322] GCKI
[15:04:18] [57/322] IAET
[15:04:19] [58/322] DDTD
[15:04:20] [59/322] GMDH
[15:04:21] [60/322] STLE
[15:04:22] 🔄 Identity reset
[15:04:22] 🔄 Identity rotated (every 10 requests)
[15:04:22] [61/322] JTRA
[15:04:23] [62/322] RPPA
[15:04:24] [63/322] ARUT
[15:04:25] [64/322] JTVM
[15:04:26] [65/322] SWRH
[15:04:27] [66/322] DCPC
[15:04:28] [67/322] RAPR
[15:04:29] [68/322] GCRT
[15:04:30] [69/322] ATUN
[15:04:31] [70/322] LTRM
[15:04:32] 🔄 Identity reset
[15:04:32] 🔄 Identity rotated (every 10 requests)
[15:04:32] [71/322] TASR
[15:04:33] [72/322] RLLC
[15:04:34] [73/322] MABI
[15:04:35] [74/322] SVHB
[15:04:36] [75/322] NVTB
[15:04:37] [76/322] KCKG
[15:04:38] [77/322] SSRN
[15:04:39] [78/322] VDDC
[15:04:40] [79/322] GKTK
[15:04:40] [80/322] YFSN
[15:04:41] 🔄 Identity reset
[15:04:41] 🔄 Identity rotated (every 10 requests)
[15:04:41] [81/322] GCSG
[15:04:42] [82/322] ESSM
[15:04:43] [83/322] KRIH
[15:04:44] [84/322] GCDS
[15:04:45] [85/322] CCSH
[15:04:46] [86/322] ACSK
[15:04:47] [87/322] APRK
[15:04:47] [88/322] ADKM
[15:04:48] [89/322] SRDM
[15:04:49] [90/322] SJMY
[15:04:50] 🔄 Identity reset
[15:04:50] 🔄 Identity rotated (every 10 requests)
[15:04:50] [91/322] PGGC
[15:04:51] [92/322] INGM
[15:04:52] [93/322] LSCB
[15:04:53] [94/322] STAD
[15:04:54] [95/322] MCCR
[15:04:55] [96/322] ABCC
[15:04:56] [97/322] RKCC
[15:04:56] [98/322] RTCR
[15:04:57] [99/322] GGBC
[15:04:58] [100/322] GCSD
[15:04:59] 🔄 Identity reset
[15:04:59] 🔄 Identity rotated (every 10 requests)
[15:04:59] [101/322] LPTY
[15:05:01] [102/322] MCFD
[15:05:02] [103/322] HENN
[15:05:03] [104/322] SMKU
[15:05:04] [105/322] TNZC
[15:05:05] [106/322] DRCD
[15:05:07] [107/322] DLCD
[15:05:08] [108/322] RCDA
[15:05:09] [109/322] COSM
[15:05:10] [110/322] MCMJ
[15:05:10] 🔄 Identity reset
[15:05:10] 🔄 Identity rotated (every 10 requests)
[15:05:11] [111/322] CSTR
[15:05:12] [112/322] CVDK
[15:05:13] [113/322] INRR
[15:05:14] [114/322] RJRT
[15:05:15] [115/322] IRMR
[15:05:16] [116/322] SRCF
[15:05:17] [117/322] GRCR
[15:05:17] [118/322] SURC
[15:05:18] [119/322] NMNH
[15:05:20] [120/322] SVBL
[15:05:20] 🔄 Identity reset
[15:05:20] 🔄 Identity rotated (every 10 requests)
[15:05:21] [121/322] KACI
[15:05:23] [122/322] TDGO
[15:05:23] [123/322] KTBR
[15:05:24] [124/322] PMAD
[15:05:25] [125/322] CCPN
[15:05:26] [126/322] SBTK
[15:05:27] [127/322] LMDK
[15:05:29] [128/322] PGDA
[15:05:29] [129/322] SRML
[15:05:30] [130/322] EVCK
[15:05:31] 🔄 Identity reset
[15:05:31] 🔄 Identity rotated (every 10 requests)
[15:05:31] [131/322] RTTK
[15:05:32] [132/322] SRTU
[15:05:33] [133/322] VRSA
[15:05:34] [134/322] VARS
[15:05:35] [135/322] DSCZ
[15:05:36] [136/322] GAGA
[15:05:36] [137/322] SARV
[15:05:37] [138/322] SEEG
[15:05:38] [139/322] GLCA
[15:05:39] [140/322] APAS
[15:05:39] 🔄 Identity reset
[15:05:39] 🔄 Identity rotated (every 10 requests)
[15:05:39] [141/322] VCIA
[15:05:40] [142/322] SJTA
[15:05:41] [143/322] SABM
[15:05:42] [144/322] PPAG
[15:05:43] [145/322] RVCA
[15:05:44] [146/322] CCIA
[15:05:45] [147/322] HTAG
[15:05:46] [148/322] SMBI
[15:05:47] [149/322] MCJR
[15:05:48] [150/322] CCJR
[15:05:48] 🔄 Identity reset
[15:05:48] 🔄 Identity rotated (every 10 requests)
[15:05:48] 🔄 Retry 1/5 for CCJR in 2.5s
[15:05:48] 🔄 Identity reset
[15:05:51] 🧠 New identity created
[15:05:51] 🔄 Retry 2/5 for CCJR in 4.8s
[15:05:51] 🔄 Identity reset
[15:05:56] 🧠 New identity created
[15:05:57] [151/322] SINF
[15:05:58] [152/322] CPLX
[15:05:59] [153/322] KKTJ
[15:06:00] [154/322] GDBW
[15:06:01] [155/322] CSUB
[15:06:02] [156/322] DABA
[15:06:04] [157/322] TITR
[15:06:05] [158/322] NYCR
[15:06:05] 🔄 Identity reset
[15:06:05] 🔄 Identity rotated (every 10 requests)
[15:06:06] [159/322] RTRY
[15:06:07] [160/322] JTJL
[15:06:07] [161/322] SJCP
[15:06:08] [162/322] KCCA
[15:06:09] [163/322] MLPG
[15:06:10] [164/322] VRCK
[15:06:10] [165/322] SRIN
[15:06:11] [166/322] CXMK
[15:06:12] [167/322] SKAD
[15:06:13] [168/322] AVTR
[15:06:14] 🔄 Identity reset
[15:06:14] 🔄 Identity rotated (every 10 requests)
[15:06:14] [169/322] PTAJ
[15:06:15] [170/322] SCNK
[15:06:16] [171/322] STTI
[15:06:16] [172/322] KACR
[15:06:17] [173/322] SSDX
[15:06:18] [174/322] VRTJ
[15:06:19] [175/322] RAJD
[15:06:20] [176/322] SCIP
[15:06:21] [177/322] RJSL
[15:06:22] [178/322] ARRS
[15:06:22] 🔄 Identity reset
[15:06:22] 🔄 Identity rotated (every 10 requests)
[15:06:22] [179/322] ASMS
[15:06:23] [180/322] RDTS
[15:06:24] [181/322] DVMY
[15:06:25] [182/322] RASA
[15:06:26] [183/322] INOM
[15:06:27] [184/322] SPRS
[15:06:28] [185/322] SGCS
[15:06:29] [186/322] SALM
[15:06:30] [187/322] PKHC
[15:06:31] [188/322] RCSV
[15:06:32] 🔄 Identity reset
[15:06:32] 🔄 Identity rotated (every 10 requests)
[15:06:32] [189/322] CPKC
[15:06:33] [190/322] AACD
[15:06:34] [191/322] GGCV
[15:06:35] [192/322] SMKD
[15:06:35] [193/322] NBCH
[15:06:36] [194/322] AMCB
[15:06:37] [195/322] OPCN
[15:06:39] [196/322] DCIN
[15:06:40] [197/322] INGW
[15:06:41] [198/322] PKKW
[15:06:41] 🔄 Identity reset
[15:06:41] 🔄 Identity rotated (every 10 requests)
[15:06:42] [199/322] FNGW
[15:06:42] [200/322] GCGD
[15:06:43] [201/322] MSTW
[15:06:44] [202/322] KCCG
[15:06:45] [203/322] MRSS
[15:06:46] [204/322] CLCF
[15:06:46] [205/322] EETS
[15:06:47] [206/322] AATR
[15:06:48] [207/322] CMMN
[15:06:49] [208/322] SCCJ
[15:06:49] 🔄 Identity reset
[15:06:49] 🔄 Identity rotated (every 10 requests)
[15:06:50] [209/322] CDTK
[15:06:51] [210/322] AICP
[15:06:51] [211/322] FNBP
[15:06:52] [212/322] CBPB
[15:06:53] [213/322] CPAS
[15:06:54] [214/322] MAPM
[15:06:55] [215/322] PASD
[15:06:56] [216/322] JCMN
[15:06:57] [217/322] MALB
[15:06:58] [218/322] SACG
[15:06:59] 🔄 Identity reset
[15:06:59] 🔄 Identity rotated (every 10 requests)
[15:06:59] [219/322] DDRX
[15:07:01] [220/322] DDXB
[15:07:02] [221/322] RAMC
[15:07:03] [222/322] SANC
[15:07:04] [223/322] BCBP
[15:07:04] [224/322] ALPC
[15:07:05] [225/322] RBAC
[15:07:06] [226/322] RAJL
[15:07:07] [227/322] MPDX
[15:07:08] [228/322] MUSC
[15:07:09] 🔄 Identity reset
[15:07:09] 🔄 Identity rotated (every 10 requests)
[15:07:09] [229/322] VKMK
[15:07:11] [230/322] SKCG
[15:07:12] [231/322] ANCN
[15:07:13] [232/322] MMCJ
[15:07:14] [233/322] DCAK
[15:07:15] [234/322] SCKG
[15:07:16] [235/322] LMCK
[15:07:16] [236/322] CKKX
[15:07:17] [237/322] ANKU
[15:07:18] [238/322] CSMD
[15:07:19] 🔄 Identity reset
[15:07:19] 🔄 Identity rotated (every 10 requests)
[15:07:19] [239/322] MKMP
[15:07:20] [240/322] SVBG
[15:07:21] [241/322] ROOP
[15:07:22] [242/322] GDMT
[15:07:23] [243/322] FPPF
[15:07:24] [244/322] SFUU
[15:07:25] [245/322] ANCB
[15:07:25] [246/322] SMMC
[15:07:26] [247/322] UGKT
[15:07:28] [248/322] JVRM
[15:07:29] 🔄 Identity reset
[15:07:29] 🔄 Identity rotated (every 10 requests)
[15:07:29] [249/322] BATG
[15:07:30] [250/322] RATE
[15:07:31] [251/322] SKME
[15:07:32] [252/322] LMTP
[15:07:32] [253/322] TCBD
[15:07:33] [254/322] ESBD
[15:07:34] [255/322] GDCU
[15:07:35] [256/322] SNKT
[15:07:37] [257/322] SRNK
[15:07:38] [258/322] SMED
[15:07:38] 🔄 Identity reset
[15:07:38] 🔄 Identity rotated (every 10 requests)
[15:07:39] [259/322] CSQS
[15:07:39] [260/322] ALCS
[15:07:40] [261/322] KCKN
[15:07:41] [262/322] VCCL
[15:07:42] [263/322] MCDA
[15:07:43] [264/322] SHMI
[15:07:44] [265/322] SKHA
[15:07:45] [266/322] SVFK
[15:07:46] [267/322] INVB
[15:07:46] [268/322] MELD
[15:07:47] 🔄 Identity reset
[15:07:47] 🔄 Identity rotated (every 10 requests)
[15:07:47] 🔄 Retry 1/5 for MELD in 2.1s
[15:07:47] 🔄 Identity reset
[15:07:49] 🧠 New identity created
[15:07:50] [269/322] JTYS
[15:07:50] [270/322] INCM
[15:07:52] [271/322] MCDV
[15:07:53] [272/322] KSGK
[15:07:53] [273/322] ICMG
[15:07:54] [274/322] CSCV
[15:07:55] [275/322] STMD
[15:07:56] [276/322] STTR
[15:07:57] [277/322] INVC
[15:07:57] 🔄 Identity reset
[15:07:57] 🔄 Identity rotated (every 10 requests)
[15:07:58] [278/322] JTBL
[15:07:58] [279/322] SRVV
[15:07:59] [280/322] MAVC
[15:08:00] [281/322] SRPP
[15:08:01] [282/322] JGDM
[15:08:02] [283/322] MBSJ
[15:08:03] [284/322] SSLL
[15:08:04] [285/322] SLKP
[15:08:05] [286/322] NSRV
[15:08:06] [287/322] UTDV
[15:08:06] 🔄 Identity reset
[15:08:06] 🔄 Identity rotated (every 10 requests)
[15:08:07] [288/322] KICM
[15:08:08] [289/322] KCMD
[15:08:08] [290/322] TTPP
[15:08:09] [291/322] KMPV
[15:08:10] [292/322] SKTV
[15:08:11] [293/322] STCV
[15:08:12] [294/322] SRDA
[15:08:13] [295/322] JTSX
[15:08:14] [296/322] STBV
[15:08:15] [297/322] APVZ
[15:08:16] 🔄 Identity reset
[15:08:16] 🔄 Identity rotated (every 10 requests)
[15:08:16] [298/322] GSTV
[15:08:17] [299/322] NMVS
[15:08:19] [300/322] SKRT
[15:08:20] [301/322] RMDV
[15:08:22] [302/322] RATG
[15:08:22] [303/322] SJYV
[15:08:24] [304/322] NDGP
[15:08:25] [305/322] SNDG
[15:08:26] [306/322] INSR
[15:08:27] [307/322] INSO
[15:08:27] 🔄 Identity reset
[15:08:27] 🔄 Identity rotated (every 10 requests)
[15:08:27] [308/322] CCSI
[15:08:28] [309/322] RASM
[15:08:29] [310/322] NEWC
[15:08:30] [311/322] VSHL
[15:08:31] [312/322] BISW
[15:08:32] [313/322] GCNG
[15:08:33] [314/322] CWSC
[15:08:33] [315/322] SKAN
[15:08:34] [316/322] CCOA
[15:08:35] [317/322] MCAJ
[15:08:36] 🔄 Identity reset
[15:08:36] 🔄 Identity rotated (every 10 requests)
[15:08:36] [318/322] ACDE
[15:08:37] [319/322] AACM
[15:08:38] [320/322] JJCK
[15:08:38] [321/322] RCMO
[15:08:39] [322/322] GDAW
[15:08:40] 🧹 Deduping shows
[15:08:40] ✅ DONE | Shows=1623 | Movies=40
[16:06:37] 🚀 SCRIPT STARTED (enhanced anti‑detection)
[16:06:37] [1/322] CDCA
[16:06:37] 🧠 New identity created
[16:06:37] [2/322] VBCZ
[16:06:38] [3/322] MSDR
[16:06:40] [4/322] ACPV
[16:06:40] [5/322] PVHB
[16:06:41] [6/322] RCNH
[16:06:42] [7/322] IOMH
[16:06:43] [8/322] ILKS
[16:06:44] [9/322] AMSN
[16:06:45] [10/322] ANTP
[16:06:46] 🔄 Identity reset
[16:06:46] 🔄 Identity rotated (every 10 requests)
[16:06:46] 🔄 Retry 1/5 for ANTP in 2.7s
[16:06:46] 🔄 Identity reset
[16:06:48] 🧠 New identity created
[16:06:49] [11/322] SSEK
[16:06:50] [12/322] PICP
[16:06:51] [13/322] SICO
[16:06:52] [14/322] SISP
[16:06:54] [15/322] SCPI
[16:06:55] [16/322] CRPR
[16:06:55] [17/322] DCTW
[16:06:56] [18/322] DCSP
[16:06:57] [19/322] KRPM
[16:06:58] 🔄 Identity reset
[16:06:58] 🔄 Identity rotated (every 10 requests)
[16:06:59] [20/322] THKK
[16:07:00] [21/322] SNMY
[16:07:00] [22/322] AKCC
[16:07:01] [23/322] PCAT
[16:07:02] [24/322] RFGO
[16:07:03] [25/322] GGCS
[16:07:04] [26/322] ACKR
[16:07:05] [27/322] STDO
[16:07:06] [28/322] ACKB
[16:07:07] [29/322] ALUC
[16:07:08] 🔄 Identity reset
[16:07:08] 🔄 Identity rotated (every 10 requests)
[16:07:08] 🔄 Retry 1/5 for ALUC in 2.7s
[16:07:08] 🔄 Identity reset
[16:07:11] 🧠 New identity created
[16:07:11] [30/322] MNSR
[16:07:12] [31/322] CSSL
[16:07:12] [32/322] BGGM
[16:07:13] [33/322] MANT
[16:07:14] [34/322] SOOY
[16:07:15] [35/322] VPPK
[16:07:16] [36/322] MYHJ
[16:07:17] [37/322] KSCK
[16:07:18] [38/322] KATK
[16:07:19] 🔄 Identity reset
[16:07:19] 🔄 Identity rotated (every 10 requests)
[16:07:19] 🔄 Retry 1/5 for KATK in 2.0s
[16:07:19] 🔄 Identity reset
[16:07:21] 🧠 New identity created
[16:07:21] [39/322] RTRT
[16:07:22] [40/322] SSTT
[16:07:23] [41/322] SSTV
[16:07:24] [42/322] LACM
[16:07:25] [43/322] SGMG
[16:07:26] [44/322] KACX
[16:07:27] [45/322] GVCP
[16:07:27] [46/322] CSNC
[16:07:29] [47/322] SXCB
[16:07:29] 🔄 Identity reset
[16:07:29] 🔄 Identity rotated (every 10 requests)
[16:07:29] 🔄 Retry 1/5 for SXCB in 2.9s
[16:07:29] 🔄 Identity reset
[16:07:32] 🧠 New identity created
[16:07:33] [48/322] BAHS
[16:07:33] [49/322] PCBI
[16:07:34] [50/322] PSSM
[16:07:35] [51/322] RCOK
[16:07:36] [52/322] SCPF
[16:07:37] [53/322] SSAS
[16:07:38] [54/322] EVMM
[16:07:39] [55/322] SYCB
[16:07:40] [56/322] GCKI
[16:07:40] 🔄 Identity reset
[16:07:40] 🔄 Identity rotated (every 10 requests)
[16:07:40] [57/322] IAET
[16:07:41] [58/322] DDTD
[16:07:42] [59/322] GMDH
[16:07:43] [60/322] STLE
[16:07:44] [61/322] JTRA
[16:07:44] [62/322] RPPA
[16:07:57] 🔄 Retry 1/5 for RPPA in 2.8s
[16:07:57] 🔄 Identity reset
[16:08:00] 🧠 New identity created
[16:08:05] [63/322] ARUT
[16:08:06] [64/322] JTVM
[16:08:07] [65/322] SWRH
[16:08:07] 🔄 Identity reset
[16:08:07] 🔄 Identity rotated (every 10 requests)
[16:08:08] [66/322] DCPC
[16:08:09] [67/322] RAPR
[16:08:10] [68/322] GCRT
[16:08:11] [69/322] ATUN
[16:08:11] [70/322] LTRM
[16:08:12] [71/322] TASR
[16:08:13] [72/322] RLLC
[16:08:14] [73/322] MABI
[16:08:15] [74/322] SVHB
[16:08:15] [75/322] NVTB
[16:08:16] 🔄 Identity reset
[16:08:16] 🔄 Identity rotated (every 10 requests)
[16:08:16] [76/322] KCKG
[16:08:17] [77/322] SSRN
[16:08:18] [78/322] VDDC
[16:08:19] [79/322] GKTK
[16:08:20] [80/322] YFSN
[16:08:22] [81/322] GCSG
[16:08:22] [82/322] ESSM
[16:08:24] [83/322] KRIH
[16:08:25] [84/322] GCDS
[16:08:26] [85/322] CCSH
[16:08:26] 🔄 Identity reset
[16:08:26] 🔄 Identity rotated (every 10 requests)
[16:08:27] 🔄 Retry 1/5 for CCSH in 2.6s
[16:08:27] 🔄 Identity reset
[16:08:29] 🧠 New identity created
[16:08:29] 🔄 Retry 2/5 for CCSH in 4.4s
[16:08:29] 🔄 Identity reset
[16:08:34] 🧠 New identity created
[16:08:46] 🔄 Retry 3/5 for CCSH in 9.0s
[16:08:46] 🔄 Identity reset
[16:08:55] 🧠 New identity created
[16:08:55] 🔄 Retry 4/5 for CCSH in 16.2s
[16:08:55] 🔄 Identity reset
[16:09:11] 🧠 New identity created
[16:09:11] ❌ CCSH failed after 5 attempts
[16:09:11] 🔄 Identity reset
[16:09:11] ❌ CCSH final failure | RuntimeError | HTTP 403
[16:09:11] [86/322] ACSK
[16:09:12] 🧠 New identity created
[16:09:12] [87/322] APRK
[16:09:13] [88/322] ADKM
[16:09:14] [89/322] SRDM
[16:09:15] [90/322] SJMY
[16:09:16] [91/322] PGGC
[16:09:17] 🔄 Identity reset
[16:09:17] 🔄 Identity rotated (every 10 requests)
[16:09:17] 🔄 Retry 1/5 for PGGC in 2.0s
[16:09:17] 🔄 Identity reset
[16:09:19] 🧠 New identity created
[16:09:19] [92/322] INGM
[16:09:20] [93/322] LSCB
[16:09:21] [94/322] STAD
[16:09:22] [95/322] MCCR
[16:09:23] [96/322] ABCC
[16:09:23] [97/322] RKCC
[16:09:24] [98/322] RTCR
[16:09:25] [99/322] GGBC
[16:09:26] [100/322] GCSD
[16:09:26] 🔄 Identity reset
[16:09:26] 🔄 Identity rotated (every 10 requests)
[16:09:26] 🔄 Retry 1/5 for GCSD in 2.7s
[16:09:26] 🔄 Identity reset
[16:09:29] 🧠 New identity created
[16:09:29] 🔄 Retry 2/5 for GCSD in 4.5s
[16:09:29] 🔄 Identity reset
[16:09:33] 🧠 New identity created
[16:09:33] 🔄 Retry 3/5 for GCSD in 8.3s
[16:09:33] 🔄 Identity reset
[16:09:42] 🧠 New identity created
[16:09:42] [101/322] LPTY
[16:09:43] [102/322] MCFD
[16:09:43] [103/322] HENN
[16:09:44] [104/322] SMKU
[16:09:45] [105/322] TNZC
[16:09:46] [106/322] DRCD
[16:09:47] [107/322] DLCD
[16:09:48] 🔄 Identity reset
[16:09:48] 🔄 Identity rotated (every 10 requests)
[16:09:48] [108/322] RCDA
[16:09:49] [109/322] COSM
[16:09:50] [110/322] MCMJ
[16:09:51] [111/322] CSTR
[16:09:51] [112/322] CVDK
[16:09:52] [113/322] INRR
[16:09:52] [114/322] RJRT
[16:09:53] [115/322] IRMR
[16:09:54] [116/322] SRCF
[16:09:55] [117/322] GRCR
[16:09:56] 🔄 Identity reset
[16:09:56] 🔄 Identity rotated (every 10 requests)
[16:09:56] [118/322] SURC
[16:09:57] [119/322] NMNH
[16:09:58] [120/322] SVBL
[16:09:59] [121/322] KACI
[16:09:59] [122/322] TDGO
[16:10:00] [123/322] KTBR
[16:10:01] [124/322] PMAD
[16:10:02] [125/322] CCPN
[16:10:03] [126/322] SBTK
[16:10:03] [127/322] LMDK
[16:10:04] 🔄 Identity reset
[16:10:04] 🔄 Identity rotated (every 10 requests)
[16:10:04] [128/322] PGDA
[16:10:06] [129/322] SRML
[16:10:07] [130/322] EVCK
[16:10:08] [131/322] RTTK
[16:10:09] [132/322] SRTU
[16:10:10] [133/322] VRSA
[16:10:11] [134/322] VARS
[16:10:13] [135/322] DSCZ
[16:10:13] [136/322] GAGA
[16:10:14] [137/322] SARV
[16:10:15] 🔄 Identity reset
[16:10:15] 🔄 Identity rotated (every 10 requests)
[16:10:15] 🔄 Retry 1/5 for SARV in 2.5s
[16:10:15] 🔄 Identity reset
[16:10:17] 🧠 New identity created
[16:10:18] [138/322] SEEG
[16:10:18] [139/322] GLCA
[16:10:19] [140/322] APAS
[16:10:20] [141/322] VCIA
[16:10:21] [142/322] SJTA
[16:10:21] [143/322] SABM
[16:10:22] [144/322] PPAG
[16:10:23] [145/322] RVCA
[16:10:24] [146/322] CCIA
[16:10:24] 🔄 Identity reset
[16:10:24] 🔄 Identity rotated (every 10 requests)
[16:10:24] [147/322] HTAG
[16:10:25] [148/322] SMBI
[16:10:26] [149/322] MCJR
[16:10:27] [150/322] CCJR
[16:10:30] [151/322] SINF
[16:10:30] [152/322] CPLX
[16:10:31] [153/322] KKTJ
[16:10:32] [154/322] GDBW
[16:10:32] [155/322] CSUB
[16:10:33] [156/322] DABA
[16:10:34] 🔄 Identity reset
[16:10:34] 🔄 Identity rotated (every 10 requests)
[16:10:34] [157/322] TITR
[16:10:35] [158/322] NYCR
[16:10:36] [159/322] RTRY
[16:10:37] [160/322] JTJL
[16:10:38] [161/322] SJCP
[16:10:39] [162/322] KCCA
[16:10:40] [163/322] MLPG
[16:10:41] [164/322] VRCK
[16:10:53] 🔄 Retry 1/5 for VRCK in 2.0s
[16:10:53] 🔄 Identity reset
[16:10:55] 🧠 New identity created
[16:11:01] [165/322] SRIN
[16:11:02] 🔄 Identity reset
[16:11:02] 🔄 Identity rotated (every 10 requests)
[16:11:02] [166/322] CXMK
[16:11:03] [167/322] SKAD
[16:11:04] [168/322] AVTR
[16:11:05] [169/322] PTAJ
[16:11:06] [170/322] SCNK
[16:11:07] [171/322] STTI
[16:11:08] [172/322] KACR
[16:11:08] [173/322] SSDX
[16:11:09] [174/322] VRTJ
[16:11:10] [175/322] RAJD
[16:11:11] 🔄 Identity reset
[16:11:11] 🔄 Identity rotated (every 10 requests)
[16:11:11] 🔄 Retry 1/5 for RAJD in 2.3s
[16:11:11] 🔄 Identity reset
[16:11:13] 🧠 New identity created
[16:11:13] 🔄 Retry 2/5 for RAJD in 4.2s
[16:11:13] 🔄 Identity reset
[16:11:17] 🧠 New identity created
[16:11:17] 🔄 Retry 3/5 for RAJD in 8.4s
[16:11:17] 🔄 Identity reset
[16:11:26] 🧠 New identity created
[16:11:26] [176/322] SCIP
[16:11:27] [177/322] RJSL
[16:11:28] [178/322] ARRS
[16:11:29] [179/322] ASMS
[16:11:30] [180/322] RDTS
[16:11:30] [181/322] DVMY
[16:11:31] [182/322] RASA
[16:11:32] 🔄 Identity reset
[16:11:32] 🔄 Identity rotated (every 10 requests)
[16:11:32] [183/322] INOM
[16:11:33] [184/322] SPRS
[16:11:33] [185/322] SGCS
[16:11:34] [186/322] SALM
[16:11:35] [187/322] PKHC
[16:11:36] [188/322] RCSV
[16:11:36] [189/322] CPKC
[16:11:37] [190/322] AACD
[16:11:38] [191/322] GGCV
[16:11:39] [192/322] SMKD
[16:11:39] 🔄 Identity reset
[16:11:39] 🔄 Identity rotated (every 10 requests)
[16:11:40] [193/322] NBCH
[16:11:40] [194/322] AMCB
[16:11:41] [195/322] OPCN
[16:11:42] [196/322] DCIN
[16:11:42] [197/322] INGW
[16:11:43] [198/322] PKKW
[16:11:44] [199/322] FNGW
[16:11:45] [200/322] GCGD
[16:11:45] [201/322] MSTW
[16:11:46] [202/322] KCCG
[16:11:47] 🔄 Identity reset
[16:11:47] 🔄 Identity rotated (every 10 requests)
[16:11:47] 🔄 Retry 1/5 for KCCG in 2.0s
[16:11:47] 🔄 Identity reset
[16:11:49] 🧠 New identity created
[16:11:49] [203/322] MRSS
[16:11:50] [204/322] CLCF
[16:11:51] [205/322] EETS
[16:11:51] [206/322] AATR
[16:11:52] [207/322] CMMN
[16:11:54] [208/322] SCCJ
[16:11:55] [209/322] CDTK
[16:11:56] [210/322] AICP
[16:11:58] [211/322] FNBP
[16:11:58] 🔄 Identity reset
[16:11:58] 🔄 Identity rotated (every 10 requests)
[16:11:59] [212/322] CBPB
[16:11:59] [213/322] CPAS
[16:12:00] [214/322] MAPM
[16:12:01] [215/322] PASD
[16:12:02] [216/322] JCMN
[16:12:02] [217/322] MALB
[16:12:03] [218/322] SACG
[16:12:05] [219/322] DDRX
[16:12:06] [220/322] DDXB
[16:12:07] [221/322] RAMC
[16:12:07] 🔄 Identity reset
[16:12:07] 🔄 Identity rotated (every 10 requests)
[16:12:08] [222/322] SANC
[16:12:09] [223/322] BCBP
[16:12:09] [224/322] ALPC
[16:12:10] [225/322] RBAC
[16:12:11] [226/322] RAJL
[16:12:12] [227/322] MPDX
[16:12:13] [228/322] MUSC
[16:12:14] [229/322] VKMK
[16:12:15] [230/322] SKCG
[16:12:16] [231/322] ANCN
[16:12:17] 🔄 Identity reset
[16:12:17] 🔄 Identity rotated (every 10 requests)
[16:12:17] [232/322] MMCJ
[16:12:17] [233/322] DCAK
[16:12:19] [234/322] SCKG
[16:12:20] [235/322] LMCK
[16:12:21] [236/322] CKKX
[16:12:22] [237/322] ANKU
[16:12:23] [238/322] CSMD
[16:12:24] [239/322] MKMP
[16:12:24] [240/322] SVBG
[16:12:25] [241/322] ROOP
[16:12:26] 🔄 Identity reset
[16:12:26] 🔄 Identity rotated (every 10 requests)
[16:12:26] [242/322] GDMT
[16:12:27] [243/322] FPPF
[16:12:28] [244/322] SFUU
[16:12:29] [245/322] ANCB
[16:12:29] [246/322] SMMC
[16:12:30] [247/322] UGKT
[16:12:31] [248/322] JVRM
[16:12:32] [249/322] BATG
[16:12:33] [250/322] RATE
[16:12:34] [251/322] SKME
[16:12:35] 🔄 Identity reset
[16:12:35] 🔄 Identity rotated (every 10 requests)
[16:12:35] [252/322] LMTP
[16:12:35] [253/322] TCBD
[16:12:36] [254/322] ESBD
[16:12:37] [255/322] GDCU
[16:12:37] [256/322] SNKT
[16:12:38] [257/322] SRNK
[16:12:39] [258/322] SMED
[16:12:40] [259/322] CSQS
[16:12:41] [260/322] ALCS
[16:12:42] [261/322] KCKN
[16:12:42] 🔄 Identity reset
[16:12:42] 🔄 Identity rotated (every 10 requests)
[16:12:42] [262/322] VCCL
[16:12:43] [263/322] MCDA
[16:12:44] [264/322] SHMI
[16:12:45] [265/322] SKHA
[16:12:45] [266/322] SVFK
[16:12:46] [267/322] INVB
[16:12:47] [268/322] MELD
[16:12:48] [269/322] JTYS
[16:12:49] [270/322] INCM
[16:12:50] [271/322] MCDV
[16:12:50] 🔄 Identity reset
[16:12:50] 🔄 Identity rotated (every 10 requests)
[16:12:50] [272/322] KSGK
[16:12:51] [273/322] ICMG
[16:12:52] [274/322] CSCV
[16:12:53] [275/322] STMD
[16:12:54] [276/322] STTR
[16:12:55] [277/322] INVC
[16:12:57] [278/322] JTBL
[16:12:58] [279/322] SRVV
[16:12:58] [280/322] MAVC
[16:12:59] [281/322] SRPP
[16:12:59] 🔄 Identity reset
[16:13:00] 🔄 Identity rotated (every 10 requests)
[16:13:00] 🔄 Retry 1/5 for SRPP in 2.0s
[16:13:00] 🔄 Identity reset
[16:13:02] 🧠 New identity created
[16:13:02] [282/322] JGDM
[16:13:04] [283/322] MBSJ
[16:13:05] [284/322] SSLL
[16:13:06] [285/322] SLKP
[16:13:07] [286/322] NSRV
[16:13:08] [287/322] UTDV
[16:13:09] [288/322] KICM
[16:13:11] [289/322] KCMD
[16:13:12] [290/322] TTPP
[16:13:13] 🔄 Identity reset
[16:13:13] 🔄 Identity rotated (every 10 requests)
[16:13:13] [291/322] KMPV
[16:13:14] [292/322] SKTV
[16:13:15] [293/322] STCV
[16:13:15] [294/322] SRDA
[16:13:16] [295/322] JTSX
[16:13:17] [296/322] STBV
[16:13:17] [297/322] APVZ
[16:13:18] [298/322] GSTV
[16:13:19] [299/322] NMVS
[16:13:20] [300/322] SKRT
[16:13:20] 🔄 Identity reset
[16:13:20] 🔄 Identity rotated (every 10 requests)
[16:13:21] [301/322] RMDV
[16:13:22] [302/322] RATG
[16:13:22] [303/322] SJYV
[16:13:23] [304/322] NDGP
[16:13:23] [305/322] SNDG
[16:13:24] [306/322] INSR
[16:13:26] [307/322] INSO
[16:13:26] [308/322] CCSI
[16:13:27] [309/322] RASM
[16:13:28] [310/322] NEWC
[16:13:29] 🔄 Identity reset
[16:13:29] 🔄 Identity rotated (every 10 requests)
[16:13:29] 🔄 Retry 1/5 for NEWC in 2.2s
[16:13:29] 🔄 Identity reset
[16:13:31] 🧠 New identity created
[16:13:31] 🔄 Retry 2/5 for NEWC in 4.2s
[16:13:31] 🔄 Identity reset
[16:13:35] 🧠 New identity created
[16:13:35] 🔄 Retry 3/5 for NEWC in 8.0s
[16:13:35] 🔄 Identity reset
[16:13:43] 🧠 New identity created
[16:13:44] [311/322] VSHL
[16:13:44] [312/322] BISW
[16:13:45] [313/322] GCNG
[16:13:46] [314/322] CWSC
[16:13:47] [315/322] SKAN
[16:13:48] [316/322] CCOA
[16:13:49] [317/322] MCAJ
[16:13:49] 🔄 Identity reset
[16:13:49] 🔄 Identity rotated (every 10 requests)
[16:13:49] 🔄 Retry 1/5 for MCAJ in 2.5s
[16:13:49] 🔄 Identity reset
[16:13:52] 🧠 New identity created
[16:13:52] 🔄 Retry 2/5 for MCAJ in 4.8s
[16:13:52] 🔄 Identity reset
[16:13:57] 🧠 New identity created
[16:13:57] [318/322] ACDE
[16:13:58] [319/322] AACM
[16:13:59] [320/322] JJCK
[16:14:00] [321/322] RCMO
[16:14:01] [322/322] GDAW
[16:14:02] 🔁 RETRY ROUND 1 | Remaining: 1
[16:14:02] [RETRY-1] CCSH
[16:14:05] 🧹 Deduping shows
[16:14:05] ✅ DONE | Shows=1647 | Movies=42
[20:14:56] 🚀 SCRIPT STARTED (enhanced anti‑detection)
[20:14:56] [1/322] CDCA
[20:14:56] 🧠 New identity created
[20:14:58] [2/322] VBCZ
[20:14:59] [3/322] MSDR
[20:14:59] [4/322] ACPV
[20:15:01] [5/322] PVHB
[20:15:02] [6/322] RCNH
[20:15:02] [7/322] IOMH
[20:15:03] [8/322] ILKS
[20:15:04] [9/322] AMSN
[20:15:05] [10/322] ANTP
[20:15:06] 🔄 Identity reset
[20:15:06] 🔄 Identity rotated (every 10 requests)
[20:15:06] 🔄 Retry 1/5 for ANTP in 2.8s
[20:15:06] 🔄 Identity reset
[20:15:09] 🧠 New identity created
[20:15:10] [11/322] SSEK
[20:15:11] [12/322] PICP
[20:15:12] [13/322] SICO
[20:15:13] [14/322] SISP
[20:15:13] [15/322] SCPI
[20:15:14] [16/322] CRPR
[20:15:15] [17/322] DCTW
[20:15:16] [18/322] DCSP
[20:15:18] [19/322] KRPM
[20:15:18] 🔄 Identity reset
[20:15:18] 🔄 Identity rotated (every 10 requests)
[20:15:19] [20/322] THKK
[20:15:19] [21/322] SNMY
[20:15:20] [22/322] AKCC
[20:15:21] [23/322] PCAT
[20:15:22] [24/322] RFGO
[20:15:23] [25/322] GGCS
[20:15:24] [26/322] ACKR
[20:15:25] [27/322] STDO
[20:15:26] [28/322] ACKB
[20:15:27] [29/322] ALUC
[20:15:28] 🔄 Identity reset
[20:15:28] 🔄 Identity rotated (every 10 requests)
[20:15:28] 🔄 Retry 1/5 for ALUC in 2.3s
[20:15:28] 🔄 Identity reset
[20:15:30] 🧠 New identity created
[20:15:31] [30/322] MNSR
[20:15:32] [31/322] CSSL
[20:15:33] [32/322] BGGM
[20:15:33] [33/322] MANT
[20:15:35] [34/322] SOOY
[20:15:36] [35/322] VPPK
[20:15:36] [36/322] MYHJ
[20:15:37] [37/322] KSCK
[20:15:38] [38/322] KATK
[20:15:39] 🔄 Identity reset
[20:15:39] 🔄 Identity rotated (every 10 requests)
[20:15:40] [39/322] RTRT
[20:15:40] [40/322] SSTT
[20:15:41] [41/322] SSTV
[20:15:42] [42/322] LACM
[20:15:43] [43/322] SGMG
[20:15:44] [44/322] KACX
[20:15:45] [45/322] GVCP
[20:15:46] [46/322] CSNC
[20:15:47] [47/322] SXCB
[20:15:48] [48/322] BAHS
[20:15:48] 🔄 Identity reset
[20:15:48] 🔄 Identity rotated (every 10 requests)
[20:15:48] 🔄 Retry 1/5 for BAHS in 2.6s
[20:15:48] 🔄 Identity reset
[20:15:51] 🧠 New identity created
[20:15:51] [49/322] PCBI
[20:15:52] [50/322] PSSM
[20:15:53] [51/322] RCOK
[20:15:54] [52/322] SCPF
[20:15:55] [53/322] SSAS
[20:15:56] [54/322] EVMM
[20:15:56] [55/322] SYCB
[20:15:57] [56/322] GCKI
[20:15:58] [57/322] IAET
[20:15:58] 🔄 Identity reset
[20:15:58] 🔄 Identity rotated (every 10 requests)
[20:15:59] 🔄 Retry 1/5 for IAET in 2.7s
[20:15:59] 🔄 Identity reset
[20:16:01] 🧠 New identity created
[20:16:01] 🔄 Retry 2/5 for IAET in 5.0s
[20:16:01] 🔄 Identity reset
[20:16:06] 🧠 New identity created
[20:16:07] [58/322] DDTD
[20:16:08] [59/322] GMDH
[20:16:09] [60/322] STLE
[20:16:10] [61/322] JTRA
[20:16:11] [62/322] RPPA
[20:16:12] [63/322] ARUT
[20:16:13] [64/322] JTVM
[20:16:14] [65/322] SWRH
[20:16:14] 🔄 Identity reset
[20:16:14] 🔄 Identity rotated (every 10 requests)
[20:16:15] [66/322] DCPC
[20:16:16] [67/322] RAPR
[20:16:17] [68/322] GCRT
[20:16:17] [69/322] ATUN
[20:16:18] [70/322] LTRM
[20:16:19] [71/322] TASR
[20:16:20] [72/322] RLLC
[20:16:21] [73/322] MABI
[20:16:22] [74/322] SVHB
[20:16:23] [75/322] NVTB
[20:16:23] 🔄 Identity reset
[20:16:23] 🔄 Identity rotated (every 10 requests)
[20:16:24] [76/322] KCKG
[20:16:24] [77/322] SSRN
[20:16:26] [78/322] VDDC
[20:16:27] [79/322] GKTK
[20:16:28] [80/322] YFSN
[20:16:29] [81/322] GCSG
[20:16:30] [82/322] ESSM
[20:16:31] [83/322] KRIH
[20:16:31] [84/322] GCDS
[20:16:32] [85/322] CCSH
[20:16:33] 🔄 Identity reset
[20:16:33] 🔄 Identity rotated (every 10 requests)
[20:16:33] [86/322] ACSK
[20:16:34] [87/322] APRK
[20:16:36] [88/322] ADKM
[20:16:37] [89/322] SRDM
[20:16:38] [90/322] SJMY
[20:16:38] [91/322] PGGC
[20:16:40] [92/322] INGM
[20:16:40] [93/322] LSCB
[20:16:41] [94/322] STAD
[20:16:42] [95/322] MCCR
[20:16:43] 🔄 Identity reset
[20:16:43] 🔄 Identity rotated (every 10 requests)
[20:16:43] 🔄 Retry 1/5 for MCCR in 3.0s
[20:16:43] 🔄 Identity reset
[20:16:46] 🧠 New identity created
[20:16:46] [96/322] ABCC
[20:16:48] [97/322] RKCC
[20:16:49] [98/322] RTCR
[20:16:50] [99/322] GGBC
[20:16:50] [100/322] GCSD
[20:16:52] [101/322] LPTY
[20:16:52] [102/322] MCFD
[20:16:53] [103/322] HENN
[20:16:54] [104/322] SMKU
[20:16:55] 🔄 Identity reset
[20:16:55] 🔄 Identity rotated (every 10 requests)
[20:16:55] [105/322] TNZC
[20:16:55] [106/322] DRCD
[20:16:56] [107/322] DLCD
[20:16:57] [108/322] RCDA
[20:16:58] [109/322] COSM
[20:16:59] [110/322] MCMJ
[20:17:00] [111/322] CSTR
[20:17:01] [112/322] CVDK
[20:17:02] [113/322] INRR
[20:17:03] [114/322] RJRT
[20:17:03] 🔄 Identity reset
[20:17:03] 🔄 Identity rotated (every 10 requests)
[20:17:03] 🔄 Retry 1/5 for RJRT in 2.4s
[20:17:03] 🔄 Identity reset
[20:17:06] 🧠 New identity created
[20:17:06] [115/322] IRMR
[20:17:07] [116/322] SRCF
[20:17:08] [117/322] GRCR
[20:17:09] [118/322] SURC
[20:17:10] [119/322] NMNH
[20:17:11] [120/322] SVBL
[20:17:12] [121/322] KACI
[20:17:12] [122/322] TDGO
[20:17:14] [123/322] KTBR
[20:17:14] 🔄 Identity reset
[20:17:14] 🔄 Identity rotated (every 10 requests)
[20:17:15] [124/322] PMAD
[20:17:16] [125/322] CCPN
[20:17:17] [126/322] SBTK
[20:17:18] [127/322] LMDK
[20:17:19] [128/322] PGDA
[20:17:20] [129/322] SRML
[20:17:21] [130/322] EVCK
[20:17:23] [131/322] RTTK
[20:17:24] [132/322] SRTU
[20:17:24] [133/322] VRSA
[20:17:25] 🔄 Identity reset
[20:17:25] 🔄 Identity rotated (every 10 requests)
[20:17:25] [134/322] VARS
[20:17:27] [135/322] DSCZ
[20:17:28] [136/322] GAGA
[20:17:29] [137/322] SARV
[20:17:30] [138/322] SEEG
[20:17:31] [139/322] GLCA
[20:17:32] [140/322] APAS
[20:17:32] [141/322] VCIA
[20:17:33] [142/322] SJTA
[20:17:34] [143/322] SABM
[20:17:35] 🔄 Identity reset
[20:17:35] 🔄 Identity rotated (every 10 requests)
[20:17:35] 🔄 Retry 1/5 for SABM in 2.3s
[20:17:35] 🔄 Identity reset
[20:17:37] 🧠 New identity created
[20:17:37] 🔄 Retry 2/5 for SABM in 4.7s
[20:17:37] 🔄 Identity reset
[20:17:42] 🧠 New identity created
[20:17:42] [144/322] PPAG
[20:17:43] [145/322] RVCA
[20:17:44] [146/322] CCIA
[20:17:45] [147/322] HTAG
[20:17:46] [148/322] SMBI
[20:17:47] [149/322] MCJR
[20:17:48] [150/322] CCJR
[20:17:49] [151/322] SINF
[20:17:49] 🔄 Identity reset
[20:17:49] 🔄 Identity rotated (every 10 requests)
[20:17:50] [152/322] CPLX
[20:17:51] [153/322] KKTJ
[20:17:51] [154/322] GDBW
[20:17:52] [155/322] CSUB
[20:17:53] [156/322] DABA
[20:17:54] [157/322] TITR
[20:17:55] [158/322] NYCR
[20:17:56] [159/322] RTRY
[20:17:57] [160/322] JTJL
[20:17:58] [161/322] SJCP
[20:17:58] 🔄 Identity reset
[20:17:58] 🔄 Identity rotated (every 10 requests)
[20:17:59] [162/322] KCCA
[20:17:59] [163/322] MLPG
[20:18:00] [164/322] VRCK
[20:18:01] [165/322] SRIN
[20:18:02] [166/322] CXMK
[20:18:03] [167/322] SKAD
[20:18:04] [168/322] AVTR
[20:18:05] [169/322] PTAJ
[20:18:06] [170/322] SCNK
[20:18:07] [171/322] STTI
[20:18:08] 🔄 Identity reset
[20:18:08] 🔄 Identity rotated (every 10 requests)
[20:18:08] [172/322] KACR
[20:18:09] [173/322] SSDX
[20:18:10] [174/322] VRTJ
[20:18:12] [175/322] RAJD
[20:18:13] [176/322] SCIP
[20:18:14] [177/322] RJSL
[20:18:15] [178/322] ARRS
[20:18:15] [179/322] ASMS
[20:18:16] [180/322] RDTS
[20:18:17] [181/322] DVMY
[20:18:18] 🔄 Identity reset
[20:18:18] 🔄 Identity rotated (every 10 requests)
[20:18:18] [182/322] RASA
[20:18:19] [183/322] INOM
[20:18:20] [184/322] SPRS
[20:18:20] [185/322] SGCS
[20:18:21] [186/322] SALM
[20:18:22] [187/322] PKHC
[20:18:23] [188/322] RCSV
[20:18:23] [189/322] CPKC
[20:18:24] [190/322] AACD
[20:18:25] [191/322] GGCV
[20:18:26] 🔄 Identity reset
[20:18:26] 🔄 Identity rotated (every 10 requests)
[20:18:26] [192/322] SMKD
[20:18:27] [193/322] NBCH
[20:18:28] [194/322] AMCB
[20:18:28] [195/322] OPCN
[20:18:29] [196/322] DCIN
[20:18:30] [197/322] INGW
[20:18:31] [198/322] PKKW
[20:18:32] [199/322] FNGW
[20:18:33] [200/322] GCGD
[20:18:34] [201/322] MSTW
[20:18:34] 🔄 Identity reset
[20:18:34] 🔄 Identity rotated (every 10 requests)
[20:18:35] [202/322] KCCG
[20:18:36] [203/322] MRSS
[20:18:37] [204/322] CLCF
[20:18:37] [205/322] EETS
[20:18:38] [206/322] AATR
[20:18:40] [207/322] CMMN
[20:18:41] [208/322] SCCJ
[20:18:42] [209/322] CDTK
[20:18:43] [210/322] AICP
[20:18:44] [211/322] FNBP
[20:18:44] 🔄 Identity reset
[20:18:44] 🔄 Identity rotated (every 10 requests)
[20:18:45] [212/322] CBPB
[20:18:46] [213/322] CPAS
[20:18:46] [214/322] MAPM
[20:18:47] [215/322] PASD
[20:18:48] [216/322] JCMN
[20:18:49] [217/322] MALB
[20:18:50] [218/322] SACG
[20:18:51] [219/322] DDRX
[20:18:52] [220/322] DDXB
[20:18:53] [221/322] RAMC
[20:18:53] 🔄 Identity reset
[20:18:53] 🔄 Identity rotated (every 10 requests)
[20:18:54] [222/322] SANC
[20:18:55] [223/322] BCBP
[20:18:56] [224/322] ALPC
[20:18:57] [225/322] RBAC
[20:18:58] [226/322] RAJL
[20:18:59] [227/322] MPDX
[20:19:00] [228/322] MUSC
[20:19:01] [229/322] VKMK
[20:19:02] [230/322] SKCG
[20:19:03] [231/322] ANCN
[20:19:04] 🔄 Identity reset
[20:19:04] 🔄 Identity rotated (every 10 requests)
[20:19:04] 🔄 Retry 1/5 for ANCN in 2.0s
[20:19:04] 🔄 Identity reset
[20:19:06] 🧠 New identity created
[20:19:06] [232/322] MMCJ
[20:19:07] [233/322] DCAK
[20:19:08] [234/322] SCKG
[20:19:09] [235/322] LMCK
[20:19:10] [236/322] CKKX
[20:19:11] [237/322] ANKU
[20:19:12] [238/322] CSMD
[20:19:12] [239/322] MKMP
[20:19:13] [240/322] SVBG
[20:19:14] 🔄 Identity reset
[20:19:14] 🔄 Identity rotated (every 10 requests)
[20:19:14] [241/322] ROOP
[20:19:15] [242/322] GDMT
[20:19:16] [243/322] FPPF
[20:19:17] [244/322] SFUU
[20:19:18] [245/322] ANCB
[20:19:19] [246/322] SMMC
[20:19:20] [247/322] UGKT
[20:19:21] [248/322] JVRM
[20:19:22] [249/322] BATG
[20:19:23] [250/322] RATE
[20:19:23] 🔄 Identity reset
[20:19:23] 🔄 Identity rotated (every 10 requests)
[20:19:23] 🔄 Retry 1/5 for RATE in 2.1s
[20:19:23] 🔄 Identity reset
[20:19:25] 🧠 New identity created
[20:19:26] [251/322] SKME
[20:19:27] [252/322] LMTP
[20:19:28] [253/322] TCBD
[20:19:29] [254/322] ESBD
[20:19:30] [255/322] GDCU
[20:19:31] [256/322] SNKT
[20:19:32] [257/322] SRNK
[20:19:33] [258/322] SMED
[20:19:34] [259/322] CSQS
[20:19:34] 🔄 Identity reset
[20:19:34] 🔄 Identity rotated (every 10 requests)
[20:19:35] [260/322] ALCS
[20:19:36] [261/322] KCKN
[20:19:36] [262/322] VCCL
[20:19:37] [263/322] MCDA
[20:19:38] [264/322] SHMI
[20:19:39] [265/322] SKHA
[20:19:40] [266/322] SVFK
[20:19:40] [267/322] INVB
[20:19:41] [268/322] MELD
[20:19:42] [269/322] JTYS
[20:19:43] 🔄 Identity reset
[20:19:43] 🔄 Identity rotated (every 10 requests)
[20:19:43] [270/322] INCM
[20:19:44] [271/322] MCDV
[20:19:46] [272/322] KSGK
[20:19:47] [273/322] ICMG
[20:19:47] [274/322] CSCV
[20:19:48] [275/322] STMD
[20:19:49] [276/322] STTR
[20:19:50] [277/322] INVC
[20:19:51] [278/322] JTBL
[20:19:51] [279/322] SRVV
[20:19:52] 🔄 Identity reset
[20:19:52] 🔄 Identity rotated (every 10 requests)
[20:19:52] [280/322] MAVC
[20:19:54] [281/322] SRPP
[20:19:54] [282/322] JGDM
[20:19:55] [283/322] MBSJ
[20:19:56] [284/322] SSLL
[20:19:57] [285/322] SLKP
[20:19:58] [286/322] NSRV
[20:19:59] [287/322] UTDV
[20:20:00] [288/322] KICM
[20:20:01] [289/322] KCMD
[20:20:01] 🔄 Identity reset
[20:20:01] 🔄 Identity rotated (every 10 requests)
[20:20:02] [290/322] TTPP
[20:20:03] [291/322] KMPV
[20:20:04] [292/322] SKTV
[20:20:05] [293/322] STCV
[20:20:06] [294/322] SRDA
[20:20:07] [295/322] JTSX
[20:20:08] [296/322] STBV
[20:20:09] [297/322] APVZ
[20:20:10] [298/322] GSTV
[20:20:11] [299/322] NMVS
[20:20:11] 🔄 Identity reset
[20:20:11] 🔄 Identity rotated (every 10 requests)
[20:20:12] [300/322] SKRT
[20:20:13] [301/322] RMDV
[20:20:14] [302/322] RATG
[20:20:15] [303/322] SJYV
[20:20:16] [304/322] NDGP
[20:20:17] [305/322] SNDG
[20:20:19] [306/322] INSR
[20:20:20] [307/322] INSO
[20:20:21] [308/322] CCSI
[20:20:21] [309/322] RASM
[20:20:22] 🔄 Identity reset
[20:20:22] 🔄 Identity rotated (every 10 requests)
[20:20:23] [310/322] NEWC
[20:20:23] [311/322] VSHL
[20:20:24] [312/322] BISW
[20:20:26] [313/322] GCNG
[20:20:27] [314/322] CWSC
[20:20:28] [315/322] SKAN
[20:20:28] [316/322] CCOA
[20:20:30] [317/322] MCAJ
[20:20:31] [318/322] ACDE
[20:20:31] [319/322] AACM
[20:20:32] 🔄 Identity reset
[20:20:32] 🔄 Identity rotated (every 10 requests)
[20:20:33] [320/322] JJCK
[20:20:34] [321/322] RCMO
[20:20:34] [322/322] GDAW
[20:20:35] 🧹 Deduping shows
[20:20:35] ✅ DONE | Shows=1895 | Movies=49
[07:33:42] 🚀 SCRIPT STARTED
[07:33:42] [1/322] CDCA
[07:33:42] 🧠 New identity created
[07:33:42] [2/322] VBCZ
[07:33:43] [3/322] MSDR
[07:33:44] [4/322] ACPV
[07:33:45] [5/322] PVHB
[07:33:46] [6/322] RCNH
[07:33:46] [7/322] IOMH
[07:33:47] [8/322] ILKS
[07:33:49] [9/322] AMSN
[07:33:50] [10/322] ANTP
[07:33:50] 🔄 Identity reset
[07:33:50] 🔄 Identity rotated (every 10 requests)
[07:33:51] [11/322] SSEK
[07:33:52] [12/322] PICP
[07:33:53] [13/322] SICO
[07:33:54] [14/322] SISP
[07:33:55] [15/322] SCPI
[07:33:56] [16/322] CRPR
[07:33:57] [17/322] DCTW
[07:33:58] [18/322] DCSP
[07:33:59] [19/322] KRPM
[07:34:00] [20/322] THKK
[07:34:00] 🔄 Identity reset
[07:34:00] 🔄 Identity rotated (every 10 requests)
[07:34:00] [21/322] SNMY
[07:34:02] [22/322] AKCC
[07:34:03] [23/322] PCAT
[07:34:04] [24/322] RFGO
[07:34:05] [25/322] GGCS
[07:34:05] [26/322] ACKR
[07:34:06] [27/322] STDO
[07:34:07] [28/322] ACKB
[07:34:08] [29/322] ALUC
[07:34:09] [30/322] MNSR
[07:34:09] 🔄 Identity reset
[07:34:09] 🔄 Identity rotated (every 10 requests)
[07:34:10] [31/322] CSSL
[07:34:10] [32/322] BGGM
[07:34:11] [33/322] MANT
[07:34:12] [34/322] SOOY
[07:34:12] [35/322] VPPK
[07:34:13] [36/322] MYHJ
[07:34:14] [37/322] KSCK
[07:34:15] [38/322] KATK
[07:34:15] [39/322] RTRT
[07:34:16] [40/322] SSTT
[07:34:16] 🔄 Identity reset
[07:34:16] 🔄 Identity rotated (every 10 requests)
[07:34:16] [41/322] SSTV
[07:34:17] [42/322] LACM
[07:34:18] [43/322] SGMG
[07:34:18] [44/322] KACX
[07:34:19] [45/322] GVCP
[07:34:20] [46/322] CSNC
[07:34:20] [47/322] SXCB
[07:34:21] [48/322] BAHS
[07:34:21] [49/322] PCBI
[07:34:22] [50/322] PSSM
[07:34:22] 🔄 Identity reset
[07:34:22] 🔄 Identity rotated (every 10 requests)
[07:34:23] [51/322] RCOK
[07:34:23] [52/322] SCPF
[07:34:24] [53/322] SSAS
[07:34:24] [54/322] EVMM
[07:34:25] [55/322] SYCB
[07:34:26] [56/322] GCKI
[07:34:26] [57/322] IAET
[07:34:27] [58/322] DDTD
[07:34:28] [59/322] GMDH
[07:34:28] [60/322] STLE
[07:34:28] 🔄 Identity reset
[07:34:29] 🔄 Identity rotated (every 10 requests)
[07:34:29] 🔄 Retry 1/5 for STLE in 2.8s
[07:34:29] 🔄 Identity reset
[07:34:31] 🧠 New identity created
[07:34:32] [61/322] JTRA
[07:34:33] [62/322] RPPA
[07:34:33] [63/322] ARUT
[07:34:34] [64/322] JTVM
[07:34:35] [65/322] SWRH
[07:34:35] [66/322] DCPC
[07:34:36] [67/322] RAPR
[07:34:36] [68/322] GCRT
[07:34:37] [69/322] ATUN
[07:34:37] 🔄 Identity reset
[07:34:37] 🔄 Identity rotated (every 10 requests)
[07:34:37] 🔄 Retry 1/5 for ATUN in 2.8s
[07:34:37] 🔄 Identity reset
[07:34:40] 🧠 New identity created
[07:34:40] 🔄 Retry 2/5 for ATUN in 4.3s
[07:34:40] 🔄 Identity reset
[07:34:44] 🧠 New identity created
[07:34:45] [70/322] LTRM
[07:34:45] [71/322] TASR
[07:34:46] [72/322] RLLC
[07:34:47] [73/322] MABI
[07:34:47] [74/322] SVHB
[07:34:48] [75/322] NVTB
[07:34:49] [76/322] KCKG
[07:34:49] [77/322] SSRN
[07:34:49] 🔄 Identity reset
[07:34:49] 🔄 Identity rotated (every 10 requests)
[07:34:50] 🔄 Retry 1/5 for SSRN in 2.3s
[07:34:50] 🔄 Identity reset
[07:34:52] 🧠 New identity created
[07:34:53] [78/322] VDDC
[07:34:53] [79/322] GKTK
[07:34:54] [80/322] YFSN
[07:34:54] [81/322] GCSG
[07:34:55] [82/322] ESSM
[07:34:55] [83/322] KRIH
[07:34:56] [84/322] GCDS
[07:34:57] [85/322] CCSH
[07:34:57] [86/322] ACSK
[07:34:57] 🔄 Identity reset
[07:34:57] 🔄 Identity rotated (every 10 requests)
[07:34:58] [87/322] APRK
[07:34:59] [88/322] ADKM
[07:34:59] [89/322] SRDM
[07:35:00] [90/322] SJMY
[07:35:01] [91/322] PGGC
[07:35:02] [92/322] INGM
[07:35:02] [93/322] LSCB
[07:35:03] [94/322] STAD
[07:35:03] [95/322] MCCR
[07:35:04] [96/322] ABCC
[07:35:04] 🔄 Identity reset
[07:35:04] 🔄 Identity rotated (every 10 requests)
[07:35:04] 🔄 Retry 1/5 for ABCC in 2.4s
[07:35:04] 🔄 Identity reset
[07:35:06] 🧠 New identity created
[07:35:07] [97/322] RKCC
[07:35:08] [98/322] RTCR
[07:35:08] [99/322] GGBC
[07:35:09] [100/322] GCSD
[07:35:10] [101/322] LPTY
[07:35:10] [102/322] MCFD
[07:35:11] [103/322] HENN
[07:35:12] [104/322] SMKU
[07:35:12] [105/322] TNZC
[07:35:12] 🔄 Identity reset
[07:35:12] 🔄 Identity rotated (every 10 requests)
[07:35:13] [106/322] DRCD
[07:35:14] [107/322] DLCD
[07:35:14] [108/322] RCDA
[07:35:15] [109/322] COSM
[07:35:15] [110/322] MCMJ
[07:35:16] [111/322] CSTR
[07:35:16] [112/322] CVDK
[07:35:17] [113/322] INRR
[07:35:18] [114/322] RJRT
[07:35:19] [115/322] IRMR
[07:35:19] 🔄 Identity reset
[07:35:19] 🔄 Identity rotated (every 10 requests)
[07:35:19] [116/322] SRCF
[07:35:20] [117/322] GRCR
[07:35:20] [118/322] SURC
[07:35:21] [119/322] NMNH
[07:35:22] [120/322] SVBL
[07:35:23] [121/322] KACI
[07:35:23] [122/322] TDGO
[07:35:24] [123/322] KTBR
[07:35:25] [124/322] PMAD
[07:35:25] [125/322] CCPN
[07:35:25] 🔄 Identity reset
[07:35:25] 🔄 Identity rotated (every 10 requests)
[07:35:25] 🔄 Retry 1/5 for CCPN in 2.1s
[07:35:25] 🔄 Identity reset
[07:35:28] 🧠 New identity created
[07:35:28] 🔄 Retry 2/5 for CCPN in 4.6s
[07:35:28] 🔄 Identity reset
[07:35:32] 🧠 New identity created
[07:35:33] [126/322] SBTK
[07:35:34] [127/322] LMDK
[07:35:34] [128/322] PGDA
[07:35:35] [129/322] SRML
[07:35:36] [130/322] EVCK
[07:35:36] [131/322] RTTK
[07:35:37] [132/322] SRTU
[07:35:38] [133/322] VRSA
[07:35:38] 🔄 Identity reset
[07:35:38] 🔄 Identity rotated (every 10 requests)
[07:35:38] [134/322] VARS
[07:35:39] [135/322] DSCZ
[07:35:40] [136/322] GAGA
[07:35:41] [137/322] SARV
[07:35:41] [138/322] SEEG
[07:35:42] [139/322] GLCA
[07:35:43] [140/322] APAS
[07:35:43] [141/322] VCIA
[07:35:44] [142/322] SJTA
[07:35:45] [143/322] SABM
[07:35:45] 🔄 Identity reset
[07:35:45] 🔄 Identity rotated (every 10 requests)
[07:35:45] [144/322] PPAG
[07:35:46] [145/322] RVCA
[07:35:47] [146/322] CCIA
[07:35:48] [147/322] HTAG
[07:35:48] [148/322] SMBI
[07:35:49] [149/322] MCJR
[07:35:49] [150/322] CCJR
[07:35:50] [151/322] SINF
[07:35:51] [152/322] CPLX
[07:35:51] [153/322] KKTJ
[07:35:51] 🔄 Identity reset
[07:35:51] 🔄 Identity rotated (every 10 requests)
[07:35:52] [154/322] GDBW
[07:35:52] [155/322] CSUB
[07:35:53] [156/322] DABA
[07:35:54] [157/322] TITR
[07:35:55] [158/322] NYCR
[07:35:55] [159/322] RTRY
[07:35:56] [160/322] JTJL
[07:35:57] [161/322] SJCP
[07:35:57] [162/322] KCCA
[07:35:58] [163/322] MLPG
[07:35:58] 🔄 Identity reset
[07:35:58] 🔄 Identity rotated (every 10 requests)
[07:35:58] [164/322] VRCK
[07:35:59] [165/322] SRIN
[07:36:00] [166/322] CXMK
[07:36:00] [167/322] SKAD
[07:36:01] [168/322] AVTR
[07:36:02] [169/322] PTAJ
[07:36:02] [170/322] SCNK
[07:36:03] [171/322] STTI
[07:36:03] [172/322] KACR
[07:36:04] [173/322] SSDX
[07:36:04] 🔄 Identity reset
[07:36:04] 🔄 Identity rotated (every 10 requests)
[07:36:05] [174/322] VRTJ
[07:36:05] [175/322] RAJD
[07:36:06] [176/322] SCIP
[07:36:07] [177/322] RJSL
[07:36:07] [178/322] ARRS
[07:36:08] [179/322] ASMS
[07:36:09] [180/322] RDTS
[07:36:10] [181/322] DVMY
[07:36:11] [182/322] RASA
[07:36:11] [183/322] INOM
[07:36:11] 🔄 Identity reset
[07:36:11] 🔄 Identity rotated (every 10 requests)
[07:36:11] 🔄 Retry 1/5 for INOM in 2.0s
[07:36:11] 🔄 Identity reset
[07:36:13] 🧠 New identity created
[07:36:14] [184/322] SPRS
[07:36:15] [185/322] SGCS
[07:36:15] [186/322] SALM
[07:36:16] [187/322] PKHC
[07:36:17] [188/322] RCSV
[07:36:17] [189/322] CPKC
[07:36:18] [190/322] AACD
[07:36:19] [191/322] GGCV
[07:36:19] [192/322] SMKD
[07:36:19] 🔄 Identity reset
[07:36:19] 🔄 Identity rotated (every 10 requests)
[07:36:20] [193/322] NBCH
[07:36:20] [194/322] AMCB
[07:36:21] [195/322] OPCN
[07:36:22] [196/322] DCIN
[07:36:23] [197/322] INGW
[07:36:23] [198/322] PKKW
[07:36:24] [199/322] FNGW
[07:36:24] [200/322] GCGD
[07:36:25] [201/322] MSTW
[07:36:26] [202/322] KCCG
[07:36:26] 🔄 Identity reset
[07:36:26] 🔄 Identity rotated (every 10 requests)
[07:36:26] 🔄 Retry 1/5 for KCCG in 2.6s
[07:36:26] 🔄 Identity reset
[07:36:29] 🧠 New identity created
[07:36:29] [203/322] MRSS
[07:36:30] [204/322] CLCF
[07:36:31] [205/322] EETS
[07:36:31] [206/322] AATR
[07:36:32] [207/322] CMMN
[07:36:33] [208/322] SCCJ
[07:36:33] [209/322] CDTK
[07:36:34] [210/322] AICP
[07:36:35] [211/322] FNBP
[07:36:35] 🔄 Identity reset
[07:36:35] 🔄 Identity rotated (every 10 requests)
[07:36:36] [212/322] CBPB
[07:36:36] [213/322] CPAS
[07:36:37] [214/322] MAPM
[07:36:38] [215/322] PASD
[07:36:38] [216/322] JCMN
[07:36:39] [217/322] MALB
[07:36:40] [218/322] SACG
[07:36:40] [219/322] DDRX
[07:36:41] [220/322] DDXB
[07:36:42] [221/322] RAMC
[07:36:42] 🔄 Identity reset
[07:36:42] 🔄 Identity rotated (every 10 requests)
[07:36:43] [222/322] SANC
[07:36:43] [223/322] BCBP
[07:36:44] [224/322] ALPC
[07:36:45] [225/322] RBAC
[07:36:45] [226/322] RAJL
[07:36:46] [227/322] MPDX
[07:36:47] [228/322] MUSC
[07:36:47] [229/322] VKMK
[07:36:48] [230/322] SKCG
[07:36:49] [231/322] ANCN
[07:36:49] 🔄 Identity reset
[07:36:49] 🔄 Identity rotated (every 10 requests)
[07:36:50] [232/322] MMCJ
[07:36:50] [233/322] DCAK
[07:36:51] [234/322] SCKG
[07:36:52] [235/322] LMCK
[07:36:53] [236/322] CKKX
[07:36:53] [237/322] ANKU
[07:36:54] [238/322] CSMD
[07:36:55] [239/322] MKMP
[07:36:55] [240/322] SVBG
[07:36:56] [241/322] ROOP
[07:36:56] 🔄 Identity reset
[07:36:56] 🔄 Identity rotated (every 10 requests)
[07:36:57] [242/322] GDMT
[07:36:57] [243/322] FPPF
[07:36:58] [244/322] SFUU
[07:36:58] [245/322] ANCB
[07:36:59] [246/322] SMMC
[07:37:00] [247/322] UGKT
[07:37:00] [248/322] JVRM
[07:37:01] [249/322] BATG
[07:37:02] [250/322] RATE
[07:37:02] [251/322] SKME
[07:37:02] 🔄 Identity reset
[07:37:03] 🔄 Identity rotated (every 10 requests)
[07:37:03] 🔄 Retry 1/5 for SKME in 2.2s
[07:37:03] 🔄 Identity reset
[07:37:05] 🧠 New identity created
[07:37:06] [252/322] LMTP
[07:37:06] [253/322] TCBD
[07:37:07] [254/322] ESBD
[07:37:07] [255/322] GDCU
[07:37:08] [256/322] SNKT
[07:37:09] [257/322] SRNK
[07:37:09] [258/322] SMED
[07:37:10] [259/322] CSQS
[07:37:11] [260/322] ALCS
[07:37:11] 🔄 Identity reset
[07:37:11] 🔄 Identity rotated (every 10 requests)
[07:37:11] [261/322] KCKN
[07:37:12] [262/322] VCCL
[07:37:13] [263/322] MCDA
[07:37:13] [264/322] SHMI
[07:37:14] [265/322] SKHA
[07:37:15] [266/322] SVFK
[07:37:16] [267/322] INVB
[07:37:17] [268/322] MELD
[07:37:17] [269/322] JTYS
[07:37:18] [270/322] INCM
[07:37:18] 🔄 Identity reset
[07:37:18] 🔄 Identity rotated (every 10 requests)
[07:37:19] [271/322] MCDV
[07:37:20] [272/322] KSGK
[07:37:20] [273/322] ICMG
[07:37:22] [274/322] CSCV
[07:37:22] [275/322] STMD
[07:37:23] [276/322] STTR
[07:37:24] [277/322] INVC
[07:37:24] [278/322] JTBL
[07:37:25] [279/322] SRVV
[07:37:26] [280/322] MAVC
[07:37:26] 🔄 Identity reset
[07:37:26] 🔄 Identity rotated (every 10 requests)
[07:37:27] [281/322] SRPP
[07:37:27] [282/322] JGDM
[07:37:28] [283/322] MBSJ
[07:37:28] [284/322] SSLL
[07:37:29] [285/322] SLKP
[07:37:30] [286/322] NSRV
[07:37:30] [287/322] UTDV
[07:37:31] [288/322] KICM
[07:37:32] [289/322] KCMD
[07:37:32] [290/322] TTPP
[07:37:32] 🔄 Identity reset
[07:37:32] 🔄 Identity rotated (every 10 requests)
[07:37:33] [291/322] KMPV
[07:37:34] [292/322] SKTV
[07:37:34] [293/322] STCV
[07:37:35] [294/322] SRDA
[07:37:36] [295/322] JTSX
[07:37:36] [296/322] STBV
[07:37:37] [297/322] APVZ
[07:37:38] [298/322] GSTV
[07:37:38] [299/322] NMVS
[07:37:39] [300/322] SKRT
[07:37:39] 🔄 Identity reset
[07:37:39] 🔄 Identity rotated (every 10 requests)
[07:37:40] [301/322] RMDV
[07:37:40] [302/322] RATG
[07:37:41] [303/322] SJYV
[07:37:41] [304/322] NDGP
[07:37:42] [305/322] SNDG
[07:37:42] [306/322] INSR
[07:37:43] [307/322] INSO
[07:37:43] [308/322] CCSI
[07:37:44] [309/322] RASM
[07:37:45] [310/322] NEWC
[07:37:45] 🔄 Identity reset
[07:37:45] 🔄 Identity rotated (every 10 requests)
[07:37:45] 🔄 Retry 1/5 for NEWC in 2.0s
[07:37:45] 🔄 Identity reset
[07:37:47] 🧠 New identity created
[07:37:47] 🔄 Retry 2/5 for NEWC in 4.4s
[07:37:47] 🔄 Identity reset
[07:37:52] 🧠 New identity created
[07:37:52] [311/322] VSHL
[07:37:53] [312/322] BISW
[07:37:53] [313/322] GCNG
[07:37:54] [314/322] CWSC
[07:37:54] [315/322] SKAN
[07:37:55] [316/322] CCOA
[07:37:56] [317/322] MCAJ
[07:37:56] [318/322] ACDE
[07:37:56] 🔄 Identity reset
[07:37:56] 🔄 Identity rotated (every 10 requests)
[07:37:57] 🔄 Retry 1/5 for ACDE in 2.7s
[07:37:57] 🔄 Identity reset
[07:37:59] 🧠 New identity created
[07:37:59] 🔄 Retry 2/5 for ACDE in 5.0s
[07:37:59] 🔄 Identity reset
[07:38:04] 🧠 New identity created
[07:38:05] [319/322] AACM
[07:38:06] [320/322] JJCK
[07:38:06] [321/322] RCMO
[07:38:07] [322/322] GDAW
[07:38:08] 🧹 Deduping shows
[07:38:08] ✅ DONE | Shows=2032 | Movies=48
[08:56:52] 🚀 SCRIPT STARTED
[08:56:52] [1/322] CDCA
[08:56:52] 🧠 New identity created
[08:56:52] 🔄 Retry 1/5 for CDCA in 2.1s
[08:56:52] 🔄 Identity reset
[08:56:54] 🧠 New identity created
[08:56:54] 🔄 Retry 2/5 for CDCA in 4.5s
[08:56:54] 🔄 Identity reset
[08:56:58] 🧠 New identity created
[08:56:59] [2/322] VBCZ
[08:57:01] [3/322] MSDR
[08:57:02] [4/322] ACPV
[08:57:03] [5/322] PVHB
[08:57:03] [6/322] RCNH
[08:57:04] [7/322] IOMH
[08:57:05] [8/322] ILKS
[08:57:05] 🔄 Identity reset
[08:57:05] 🔄 Identity rotated (every 10 requests)
[08:57:06] [9/322] AMSN
[08:57:07] [10/322] ANTP
[08:57:09] [11/322] SSEK
[08:57:10] [12/322] PICP
[08:57:11] [13/322] SICO
[08:57:12] [14/322] SISP
[08:57:14] [15/322] SCPI
[08:57:14] [16/322] CRPR
[08:57:16] [17/322] DCTW
[08:57:16] [18/322] DCSP
[08:57:16] 🔄 Identity reset
[08:57:17] 🔄 Identity rotated (every 10 requests)
[08:57:17] 🔄 Retry 1/5 for DCSP in 2.1s
[08:57:17] 🔄 Identity reset
[08:57:19] 🧠 New identity created
[08:57:20] [19/322] KRPM
[08:57:21] [20/322] THKK
[08:57:22] [21/322] SNMY
[08:57:24] [22/322] AKCC
[08:57:24] [23/322] PCAT
[08:57:25] [24/322] RFGO
[08:57:26] [25/322] GGCS
[08:57:28] [26/322] ACKR
[08:57:29] [27/322] STDO
[08:57:29] 🔄 Identity reset
[08:57:29] 🔄 Identity rotated (every 10 requests)
[08:57:30] [28/322] ACKB
[08:57:32] [29/322] ALUC
[08:57:33] [30/322] MNSR
[08:57:34] [31/322] CSSL
[08:57:35] [32/322] BGGM
[08:57:35] [33/322] MANT
[08:57:36] [34/322] SOOY
[08:57:37] [35/322] VPPK
[08:57:38] [36/322] MYHJ
[08:57:39] [37/322] KSCK
[08:57:39] 🔄 Identity reset
[08:57:39] 🔄 Identity rotated (every 10 requests)
[08:57:40] [38/322] KATK
[08:57:41] [39/322] RTRT
[08:57:42] [40/322] SSTT
[08:57:43] [41/322] SSTV
[08:57:44] [42/322] LACM
[08:57:45] [43/322] SGMG
[08:57:46] [44/322] KACX
[08:57:47] [45/322] GVCP
[08:57:48] [46/322] CSNC
[08:57:49] [47/322] SXCB
[08:57:49] 🔄 Identity reset
[08:57:49] 🔄 Identity rotated (every 10 requests)
[08:57:49] [48/322] BAHS
[08:57:50] [49/322] PCBI
[08:57:51] [50/322] PSSM
[08:57:52] [51/322] RCOK
[08:57:53] [52/322] SCPF
[08:57:55] [53/322] SSAS
[08:57:56] [54/322] EVMM
[08:57:57] [55/322] SYCB
[08:57:58] [56/322] GCKI
[08:57:59] [57/322] IAET
[08:57:59] 🔄 Identity reset
[08:57:59] 🔄 Identity rotated (every 10 requests)
[08:57:59] 🔄 Retry 1/5 for IAET in 2.3s
[08:57:59] 🔄 Identity reset
[08:58:01] 🧠 New identity created
[08:58:01] 🔄 Retry 2/5 for IAET in 4.7s
[08:58:01] 🔄 Identity reset
[08:58:06] 🧠 New identity created
[08:58:07] [58/322] DDTD
[08:58:08] [59/322] GMDH
[08:58:09] [60/322] STLE
[08:58:11] [61/322] JTRA
[08:58:12] [62/322] RPPA
[08:58:12] [63/322] ARUT
[08:58:13] [64/322] JTVM
[08:58:14] [65/322] SWRH
[08:58:14] 🔄 Identity reset
[08:58:14] 🔄 Identity rotated (every 10 requests)
[08:58:14] 🔄 Retry 1/5 for SWRH in 2.7s
[08:58:14] 🔄 Identity reset
[08:58:17] 🧠 New identity created
[08:58:18] [66/322] DCPC
[08:58:19] [67/322] RAPR
[08:58:20] [68/322] GCRT
[08:58:21] [69/322] ATUN
[08:58:22] [70/322] LTRM
[08:58:23] [71/322] TASR
[08:58:24] [72/322] RLLC
[08:58:25] [73/322] MABI
[08:58:26] [74/322] SVHB
[08:58:26] 🔄 Identity reset
[08:58:26] 🔄 Identity rotated (every 10 requests)
[08:58:27] [75/322] NVTB
[08:58:28] [76/322] KCKG
[08:58:29] [77/322] SSRN
[08:58:30] [78/322] VDDC
[08:58:31] [79/322] GKTK
[08:58:32] [80/322] YFSN
[08:58:33] [81/322] GCSG
[08:58:33] [82/322] ESSM
[08:58:34] [83/322] KRIH
[08:58:35] [84/322] GCDS
[08:58:35] 🔄 Identity reset
[08:58:35] 🔄 Identity rotated (every 10 requests)
[08:58:36] [85/322] CCSH
[08:58:37] [86/322] ACSK
[08:58:38] [87/322] APRK
[08:58:39] [88/322] ADKM
[08:58:40] [89/322] SRDM
[08:58:41] [90/322] SJMY
[08:58:42] [91/322] PGGC
[08:58:43] [92/322] INGM
[08:58:44] [93/322] LSCB
[08:58:45] [94/322] STAD
[08:58:45] 🔄 Identity reset
[08:58:45] 🔄 Identity rotated (every 10 requests)
[08:58:45] 🔄 Retry 1/5 for STAD in 2.1s
[08:58:45] 🔄 Identity reset
[08:58:47] 🧠 New identity created
[08:58:47] 🔄 Retry 2/5 for STAD in 4.7s
[08:58:47] 🔄 Identity reset
[08:58:52] 🧠 New identity created
[08:58:52] 🔄 Retry 3/5 for STAD in 8.4s
[08:58:52] 🔄 Identity reset
[08:59:00] 🧠 New identity created
[08:59:00] 🔄 Retry 4/5 for STAD in 16.1s
[08:59:00] 🔄 Identity reset
[08:59:16] 🧠 New identity created
[08:59:17] [95/322] MCCR
[08:59:18] [96/322] ABCC
[08:59:19] [97/322] RKCC
[08:59:20] [98/322] RTCR
[08:59:21] [99/322] GGBC
[08:59:21] [100/322] GCSD
[08:59:21] 🔄 Identity reset
[08:59:21] 🔄 Identity rotated (every 10 requests)
[08:59:22] [101/322] LPTY
[08:59:24] [102/322] MCFD
[08:59:24] [103/322] HENN
[08:59:25] [104/322] SMKU
[08:59:26] [105/322] TNZC
[08:59:27] [106/322] DRCD
[08:59:28] [107/322] DLCD
[08:59:29] [108/322] RCDA
[08:59:30] [109/322] COSM
[08:59:31] [110/322] MCMJ
[08:59:31] 🔄 Identity reset
[08:59:31] 🔄 Identity rotated (every 10 requests)
[08:59:31] 🔄 Retry 1/5 for MCMJ in 2.7s
[08:59:31] 🔄 Identity reset
[08:59:34] 🧠 New identity created
[08:59:35] [111/322] CSTR
[08:59:36] [112/322] CVDK
[08:59:37] [113/322] INRR
[08:59:37] [114/322] RJRT
[08:59:38] [115/322] IRMR
[08:59:39] [116/322] SRCF
[08:59:40] [117/322] GRCR
[08:59:42] [118/322] SURC
[08:59:43] [119/322] NMNH
[08:59:43] 🔄 Identity reset
[08:59:43] 🔄 Identity rotated (every 10 requests)
[08:59:44] [120/322] SVBL
[08:59:45] [121/322] KACI
[08:59:46] [122/322] TDGO
[08:59:47] [123/322] KTBR
[08:59:48] [124/322] PMAD
[08:59:49] [125/322] CCPN
[08:59:50] [126/322] SBTK
[08:59:51] [127/322] LMDK
[08:59:52] [128/322] PGDA
[08:59:53] [129/322] SRML
[08:59:53] 🔄 Identity reset
[08:59:53] 🔄 Identity rotated (every 10 requests)
[08:59:53] 🔄 Retry 1/5 for SRML in 2.4s
[08:59:53] 🔄 Identity reset
[08:59:55] 🧠 New identity created
[08:59:55] 🔄 Retry 2/5 for SRML in 4.7s
[08:59:55] 🔄 Identity reset
[09:00:00] 🧠 New identity created
[09:00:00] 🔄 Retry 3/5 for SRML in 8.4s
[09:00:00] 🔄 Identity reset
[09:00:09] 🧠 New identity created
[09:00:10] [130/322] EVCK
[09:00:11] [131/322] RTTK
[09:00:11] [132/322] SRTU
[09:00:12] [133/322] VRSA
[09:00:13] [134/322] VARS
[09:00:14] [135/322] DSCZ
[09:00:15] [136/322] GAGA
[09:00:15] 🔄 Identity reset
[09:00:15] 🔄 Identity rotated (every 10 requests)
[09:00:15] 🔄 Retry 1/5 for GAGA in 2.1s
[09:00:15] 🔄 Identity reset
[09:00:18] 🧠 New identity created
[09:00:18] 🔄 Retry 2/5 for GAGA in 4.1s
[09:00:18] 🔄 Identity reset
[09:00:22] 🧠 New identity created
[09:00:23] [137/322] SARV
[09:00:24] [138/322] SEEG
[09:00:25] [139/322] GLCA
[09:00:26] [140/322] APAS
[09:00:27] [141/322] VCIA
[09:00:28] [142/322] SJTA
[09:00:29] [143/322] SABM
[09:00:29] [144/322] PPAG
[09:00:29] 🔄 Identity reset
[09:00:29] 🔄 Identity rotated (every 10 requests)
[09:00:29] 🔄 Retry 1/5 for PPAG in 2.2s
[09:00:29] 🔄 Identity reset
[09:00:32] 🧠 New identity created
[09:00:33] [145/322] RVCA
[09:00:33] [146/322] CCIA
[09:00:34] [147/322] HTAG
[09:00:35] [148/322] SMBI
[09:00:36] [149/322] MCJR
[09:00:37] [150/322] CCJR
[09:00:38] [151/322] SINF
[09:00:39] [152/322] CPLX
[09:00:40] [153/322] KKTJ
[09:00:40] 🔄 Identity reset
[09:00:40] 🔄 Identity rotated (every 10 requests)
[09:00:40] 🔄 Retry 1/5 for KKTJ in 2.1s
[09:00:40] 🔄 Identity reset
[09:00:42] 🧠 New identity created
[09:00:44] [154/322] GDBW
[09:00:45] [155/322] CSUB
[09:00:45] [156/322] DABA
[09:00:46] [157/322] TITR
[09:00:47] [158/322] NYCR
[09:00:48] [159/322] RTRY
[09:00:49] [160/322] JTJL
[09:00:50] [161/322] SJCP
[09:00:51] [162/322] KCCA
[09:00:51] 🔄 Identity reset
[09:00:51] 🔄 Identity rotated (every 10 requests)
[09:00:52] [163/322] MLPG
[09:00:53] [164/322] VRCK
[09:00:53] [165/322] SRIN
[09:00:54] [166/322] CXMK
[09:00:55] [167/322] SKAD
[09:00:56] [168/322] AVTR
[09:00:57] [169/322] PTAJ
[09:00:58] [170/322] SCNK
[09:00:59] [171/322] STTI
[09:01:00] [172/322] KACR
[09:01:00] 🔄 Identity reset
[09:01:00] 🔄 Identity rotated (every 10 requests)
[09:01:00] 🔄 Retry 1/5 for KACR in 2.4s
[09:01:00] 🔄 Identity reset
[09:01:02] 🧠 New identity created
[09:01:04] [173/322] SSDX
[09:01:05] [174/322] VRTJ
[09:01:06] [175/322] RAJD
[09:01:07] [176/322] SCIP
[09:01:07] [177/322] RJSL
[09:01:08] [178/322] ARRS
[09:01:09] [179/322] ASMS
[09:01:10] [180/322] RDTS
[09:01:11] [181/322] DVMY
[09:01:11] 🔄 Identity reset
[09:01:11] 🔄 Identity rotated (every 10 requests)
[09:01:11] 🔄 Retry 1/5 for DVMY in 2.9s
[09:01:11] 🔄 Identity reset
[09:01:14] 🧠 New identity created
[09:01:15] [182/322] RASA
[09:01:16] [183/322] INOM
[09:01:17] [184/322] SPRS
[09:01:18] [185/322] SGCS
[09:01:19] [186/322] SALM
[09:01:20] [187/322] PKHC
[09:01:20] [188/322] RCSV
[09:01:22] [189/322] CPKC
[09:01:23] [190/322] AACD
[09:01:23] 🔄 Identity reset
[09:01:23] 🔄 Identity rotated (every 10 requests)
[09:01:24] [191/322] GGCV
[09:01:25] [192/322] SMKD
[09:01:26] [193/322] NBCH
[09:01:27] [194/322] AMCB
[09:01:28] [195/322] OPCN
[09:01:29] [196/322] DCIN
[09:01:30] [197/322] INGW
[09:01:31] [198/322] PKKW
[09:01:32] [199/322] FNGW
[09:01:32] [200/322] GCGD
[09:01:32] 🔄 Identity reset
[09:01:32] 🔄 Identity rotated (every 10 requests)
[09:01:33] [201/322] MSTW
[09:01:34] [202/322] KCCG
[09:01:35] [203/322] MRSS
[09:01:36] [204/322] CLCF
[09:01:37] [205/322] EETS
[09:01:38] [206/322] AATR
[09:01:39] [207/322] CMMN
[09:01:40] [208/322] SCCJ
[09:01:41] [209/322] CDTK
[09:01:42] [210/322] AICP
[09:01:42] 🔄 Identity reset
[09:01:42] 🔄 Identity rotated (every 10 requests)
[09:01:43] [211/322] FNBP
[09:01:44] [212/322] CBPB
[09:01:46] [213/322] CPAS
[09:01:47] [214/322] MAPM
[09:01:48] [215/322] PASD
[09:01:49] [216/322] JCMN
[09:01:50] [217/322] MALB
[09:01:51] [218/322] SACG
[09:01:52] [219/322] DDRX
[09:01:53] [220/322] DDXB
[09:01:53] 🔄 Identity reset
[09:01:53] 🔄 Identity rotated (every 10 requests)
[09:01:53] 🔄 Retry 1/5 for DDXB in 2.2s
[09:01:53] 🔄 Identity reset
[09:01:55] 🧠 New identity created
[09:01:55] 🔄 Retry 2/5 for DDXB in 5.0s
[09:01:55] 🔄 Identity reset
[09:02:00] 🧠 New identity created
[09:02:00] 🔄 Retry 3/5 for DDXB in 8.6s
[09:02:00] 🔄 Identity reset
[09:02:09] 🧠 New identity created
[09:02:09] 🔄 Retry 4/5 for DDXB in 16.2s
[09:02:09] 🔄 Identity reset
[09:02:25] 🧠 New identity created
[09:02:25] ❌ DDXB failed after 5 attempts
[09:02:25] 🔄 Identity reset
[09:02:25] ❌ DDXB final failure | RuntimeError | HTTP 403
[09:02:26] [221/322] RAMC
[09:02:26] 🧠 New identity created
[09:02:27] [222/322] SANC
[09:02:27] [223/322] BCBP
[09:02:28] [224/322] ALPC
[09:02:29] [225/322] RBAC
[09:02:30] [226/322] RAJL
[09:02:30] 🔄 Identity reset
[09:02:30] 🔄 Identity rotated (every 10 requests)
[09:02:30] 🔄 Retry 1/5 for RAJL in 2.3s
[09:02:30] 🔄 Identity reset
[09:02:33] 🧠 New identity created
[09:02:33] [227/322] MPDX
[09:02:34] [228/322] MUSC
[09:02:35] [229/322] VKMK
[09:02:36] [230/322] SKCG
[09:02:37] [231/322] ANCN
[09:02:38] [232/322] MMCJ
[09:02:39] [233/322] DCAK
[09:02:40] [234/322] SCKG
[09:02:41] [235/322] LMCK
[09:02:41] 🔄 Identity reset
[09:02:41] 🔄 Identity rotated (every 10 requests)
[09:02:43] [236/322] CKKX
[09:02:44] [237/322] ANKU
[09:02:45] [238/322] CSMD
[09:02:46] [239/322] MKMP
[09:02:47] [240/322] SVBG
[09:02:48] [241/322] ROOP
[09:02:49] [242/322] GDMT
[09:02:50] [243/322] FPPF
[09:02:51] [244/322] SFUU
[09:02:52] [245/322] ANCB
[09:02:52] 🔄 Identity reset
[09:02:52] 🔄 Identity rotated (every 10 requests)
[09:02:53] [246/322] SMMC
[09:02:54] [247/322] UGKT
[09:02:55] [248/322] JVRM
[09:02:56] [249/322] BATG
[09:02:56] [250/322] RATE
[09:02:58] [251/322] SKME
[09:02:59] [252/322] LMTP
[09:03:00] [253/322] TCBD
[09:03:00] [254/322] ESBD
[09:03:01] [255/322] GDCU
[09:03:01] 🔄 Identity reset
[09:03:01] 🔄 Identity rotated (every 10 requests)
[09:03:02] [256/322] SNKT
[09:03:04] [257/322] SRNK
[09:03:05] [258/322] SMED
[09:03:06] [259/322] CSQS
[09:03:07] [260/322] ALCS
[09:03:08] [261/322] KCKN
[09:03:09] [262/322] VCCL
[09:03:09] [263/322] MCDA
[09:03:10] [264/322] SHMI
[09:03:12] [265/322] SKHA
[09:03:12] 🔄 Identity reset
[09:03:12] 🔄 Identity rotated (every 10 requests)
[09:03:12] [266/322] SVFK
[09:03:13] [267/322] INVB
[09:03:15] [268/322] MELD
[09:03:16] [269/322] JTYS
[09:03:17] [270/322] INCM
[09:03:17] [271/322] MCDV
[09:03:18] [272/322] KSGK
[09:03:19] [273/322] ICMG
[09:03:20] [274/322] CSCV
[09:03:21] [275/322] STMD
[09:03:21] 🔄 Identity reset
[09:03:21] 🔄 Identity rotated (every 10 requests)
[09:03:23] [276/322] STTR
[09:03:24] [277/322] INVC
[09:03:25] [278/322] JTBL
[09:03:26] [279/322] SRVV
[09:03:27] [280/322] MAVC
[09:03:28] [281/322] SRPP
[09:03:29] [282/322] JGDM
[09:03:30] [283/322] MBSJ
[09:03:30] [284/322] SSLL
[09:03:31] [285/322] SLKP
[09:03:31] 🔄 Identity reset
[09:03:31] 🔄 Identity rotated (every 10 requests)
[09:03:32] [286/322] NSRV
[09:03:33] [287/322] UTDV
[09:03:35] [288/322] KICM
[09:03:35] [289/322] KCMD
[09:03:36] [290/322] TTPP
[09:03:38] [291/322] KMPV
[09:03:39] [292/322] SKTV
[09:03:40] [293/322] STCV
[09:03:41] [294/322] SRDA
[09:03:42] [295/322] JTSX
[09:03:42] 🔄 Identity reset
[09:03:42] 🔄 Identity rotated (every 10 requests)
[09:03:43] [296/322] STBV
[09:03:44] [297/322] APVZ
[09:03:45] [298/322] GSTV
[09:03:46] [299/322] NMVS
[09:03:47] [300/322] SKRT
[09:03:48] [301/322] RMDV
[09:03:49] [302/322] RATG
[09:03:50] [303/322] SJYV
[09:03:50] [304/322] NDGP
[09:03:51] [305/322] SNDG
[09:03:51] 🔄 Identity reset
[09:03:51] 🔄 Identity rotated (every 10 requests)
[09:03:51] 🔄 Retry 1/5 for SNDG in 2.4s
[09:03:51] 🔄 Identity reset
[09:03:54] 🧠 New identity created
[09:03:54] 🔄 Retry 2/5 for SNDG in 4.8s
[09:03:54] 🔄 Identity reset
[09:03:59] 🧠 New identity created
[09:03:59] 🔄 Retry 3/5 for SNDG in 9.0s
[09:03:59] 🔄 Identity reset
[09:04:08] 🧠 New identity created
[09:04:09] [306/322] INSR
[09:04:10] [307/322] INSO
[09:04:11] [308/322] CCSI
[09:04:12] [309/322] RASM
[09:04:13] [310/322] NEWC
[09:04:14] [311/322] VSHL
[09:04:15] [312/322] BISW
[09:04:15] 🔄 Identity reset
[09:04:15] 🔄 Identity rotated (every 10 requests)
[09:04:16] [313/322] GCNG
[09:04:17] [314/322] CWSC
[09:04:18] [315/322] SKAN
[09:04:19] [316/322] CCOA
[09:04:20] [317/322] MCAJ
[09:04:21] [318/322] ACDE
[09:04:22] [319/322] AACM
[09:04:23] [320/322] JJCK
[09:04:24] [321/322] RCMO
[09:04:25] [322/322] GDAW
[09:04:25] 🔄 Identity reset
[09:04:25] 🔄 Identity rotated (every 10 requests)
[09:04:26] 🧹 Deduping shows
[09:04:26] ✅ DONE | Shows=2022 | Movies=48
