[00:14:17] 🚀 BMS DAILY TRACKER STARTED (enhanced anti‑detection)
[00:14:17] [1/445] TGMR
[00:14:18] 🧠 New identity created
[00:14:18] [2/445] CXKR
[00:14:19] [3/445] SROP
[00:14:20] [4/445] GTSV
[00:14:21] [5/445] SNTY
[00:14:22] [6/445] SMYY
[00:14:23] [7/445] CNCS
[00:14:24] [8/445] CSTM
[00:14:24] [9/445] NUCD
[00:14:25] [10/445] SHCZ
[00:14:26] 🔄 Identity reset
[00:14:26] 🔄 Identity rotated (every 10 requests)
[00:14:26] 🔄 Retry 1/5 for SHCZ in 2.6s
[00:14:26] 🔄 Identity reset
[00:14:29] 🧠 New identity created
[00:14:29] [11/445] NJCT
[00:14:30] [12/445] COPC
[00:14:31] [13/445] STVV
[00:14:33] [14/445] SKRN
[00:14:34] [15/445] APPZ
[00:14:35] [16/445] YMGN
[00:14:36] [17/445] SVTU
[00:14:37] [18/445] GTAD
[00:14:38] [19/445] PSUS
[00:14:38] 🔄 Identity reset
[00:14:38] 🔄 Identity rotated (every 10 requests)
[00:14:39] [20/445] SMCD
[00:14:40] [21/445] CMCM
[00:14:42] [22/445] SYCT
[00:14:42] [23/445] STLY
[00:14:43] [24/445] CMHU
[00:14:44] [25/445] CMSA
[00:14:45] [26/445] CLCU
[00:14:46] [27/445] PPNT
[00:14:48] [28/445] JTAB
[00:14:49] [29/445] BUUC
[00:14:49] 🔄 Identity reset
[00:14:49] 🔄 Identity rotated (every 10 requests)
[00:14:50] [30/445] BSVK
[00:14:52] [31/445] VVVQ
[00:14:53] [32/445] TKMU
[00:14:54] [33/445] ESYL
[00:14:55] [34/445] ACHP
[00:14:56] [35/445] BTKD
[00:14:57] [36/445] DESA
[00:14:58] [37/445] GBCT
[00:14:59] [38/445] BLLD
[00:15:01] [39/445] SKNT
[00:15:02] 🔄 Identity reset
[00:15:02] 🔄 Identity rotated (every 10 requests)
[00:15:02] 🔄 Retry 1/5 for SKNT in 2.0s
[00:15:02] 🔄 Identity reset
[00:15:04] 🧠 New identity created
[00:15:04] [40/445] SSTE
[00:15:05] [41/445] VJMR
[00:15:06] [42/445] NTPU
[00:15:07] [43/445] RDKN
[00:15:08] [44/445] ADGC
[00:15:09] [45/445] VRBP
[00:15:10] [46/445] NMNA
[00:15:12] [47/445] CMMX
[00:15:13] [48/445] PTKO
[00:15:13] 🔄 Identity reset
[00:15:13] 🔄 Identity rotated (every 10 requests)
[00:15:14] [49/445] RBML
[00:15:15] [50/445] SAIC
[00:15:15] [51/445] SVTJ
[00:15:17] [52/445] MRTE
[00:15:18] [53/445] RBTP
[00:15:19] [54/445] NLPS
[00:15:20] [55/445] GTNA
[00:15:21] [56/445] DGGC
[00:15:22] [57/445] SMCR
[00:15:23] [58/445] SCGD
[00:15:24] 🔄 Identity reset
[00:15:24] 🔄 Identity rotated (every 10 requests)
[00:15:25] [59/445] SRRJ
[00:15:25] [60/445] CNRY
[00:15:26] [61/445] KTDI
[00:15:27] [62/445] SNJL
[00:15:28] [63/445] RKMD
[00:15:30] [64/445] SMDC
[00:15:30] [65/445] TADG
[00:15:31] [66/445] MCGS
[00:15:32] [67/445] PETK
[00:15:34] [68/445] CHAG
[00:15:34] 🔄 Identity reset
[00:15:34] 🔄 Identity rotated (every 10 requests)
[00:15:34] 🔄 Retry 1/5 for CHAG in 2.8s
[00:15:34] 🔄 Identity reset
[00:15:37] 🧠 New identity created
[00:15:38] [69/445] KSTL
[00:15:39] [70/445] AADS
[00:15:40] [71/445] NTHZ
[00:15:41] [72/445] HCKI
[00:15:42] [73/445] SSEF
[00:15:43] [74/445] MCGX
[00:15:44] [75/445] ERRA
[00:15:45] [76/445] SDTW
[00:15:46] [77/445] RMPK
[00:15:47] 🔄 Identity reset
[00:15:47] 🔄 Identity rotated (every 10 requests)
[00:15:47] 🔄 Retry 1/5 for RMPK in 2.8s
[00:15:47] 🔄 Identity reset
[00:15:50] 🧠 New identity created
[00:15:50] [78/445] PTHK
[00:15:51] [79/445] PXCS
[00:15:52] [80/445] SVLU
[00:15:53] [81/445] STAH
[00:15:54] [82/445] JRGF
[00:15:55] [83/445] CDOK
[00:15:57] [84/445] CMSG
[00:15:57] [85/445] APTD
[00:15:58] [86/445] KMPG
[00:15:59] 🔄 Identity reset
[00:15:59] 🔄 Identity rotated (every 10 requests)
[00:15:59] 🔄 Retry 1/5 for KMPG in 2.3s
[00:15:59] 🔄 Identity reset
[00:16:01] 🧠 New identity created
[00:16:01] 🔄 Retry 2/5 for KMPG in 4.0s
[00:16:01] 🔄 Identity reset
[00:16:05] 🧠 New identity created
[00:16:05] 🔄 Retry 3/5 for KMPG in 8.9s
[00:16:05] 🔄 Identity reset
[00:16:14] 🧠 New identity created
[00:16:14] 🔄 Retry 4/5 for KMPG in 16.5s
[00:16:14] 🔄 Identity reset
[00:16:31] 🧠 New identity created
[00:16:31] [87/445] MUTJ
[00:16:32] [88/445] VCCI
[00:16:33] [89/445] URBE
[00:16:35] [90/445] TCTS
[00:16:36] [91/445] STSN
[00:16:37] [92/445] AKCH
[00:16:38] 🔄 Identity reset
[00:16:38] 🔄 Identity rotated (every 10 requests)
[00:16:38] 🔄 Retry 1/5 for AKCH in 2.7s
[00:16:38] 🔄 Identity reset
[00:16:40] 🧠 New identity created
[00:16:40] 🔄 Retry 2/5 for AKCH in 5.0s
[00:16:40] 🔄 Identity reset
[00:16:45] 🧠 New identity created
[00:16:46] 🔄 Retry 3/5 for AKCH in 8.4s
[00:16:46] 🔄 Identity reset
[00:16:54] 🧠 New identity created
[00:16:54] [93/445] APSC
[00:16:55] [94/445] VLTB
[00:16:56] [95/445] SANU
[00:16:57] [96/445] AXAM
[00:16:58] [97/445] MGMG
[00:16:59] [98/445] HTBY
[00:17:00] [99/445] MMZS
[00:17:01] 🔄 Identity reset
[00:17:01] 🔄 Identity rotated (every 10 requests)
[00:17:01] 🔄 Retry 1/5 for MMZS in 2.4s
[00:17:01] 🔄 Identity reset
[00:17:03] 🧠 New identity created
[00:17:04] [100/445] SUDR
[00:17:05] [101/445] CCAD
[00:17:05] [102/445] SKKC
[00:17:06] [103/445] RMCD
[00:17:08] [104/445] SBCQ
[00:17:08] [105/445] DCCT
[00:17:09] [106/445] VTKP
[00:17:10] [107/445] MLAM
[00:17:11] [108/445] SAVT
[00:17:12] 🔄 Identity reset
[00:17:12] 🔄 Identity rotated (every 10 requests)
[00:17:12] [109/445] GEPL
[00:17:14] [110/445] AMCD
[00:17:15] [111/445] CCXR
[00:17:17] [112/445] GRNG
[00:17:18] [113/445] EBCA
[00:17:19] [114/445] CNVG
[00:17:20] [115/445] MWSS
[00:17:21] [116/445] VBOR
[00:17:22] [117/445] NEEB
[00:17:23] [118/445] SUTH
[00:17:23] 🔄 Identity reset
[00:17:23] 🔄 Identity rotated (every 10 requests)
[00:17:23] 🔄 Retry 1/5 for SUTH in 2.7s
[00:17:23] 🔄 Identity reset
[00:17:26] 🧠 New identity created
[00:17:26] 🔄 Retry 2/5 for SUTH in 4.4s
[00:17:26] 🔄 Identity reset
[00:17:31] 🧠 New identity created
[00:17:31] 🔄 Retry 3/5 for SUTH in 8.2s
[00:17:31] 🔄 Identity reset
[00:17:39] 🧠 New identity created
[00:17:39] 🔄 Retry 4/5 for SUTH in 16.9s
[00:17:39] 🔄 Identity reset
[00:17:56] 🧠 New identity created
[00:17:56] [119/445] ANDB
[00:17:57] [120/445] MMXS
[00:17:59] [121/445] CNPD
[00:18:00] [122/445] SDCE
[00:18:01] [123/445] DHCB
[00:18:01] [124/445] ODEN
[00:18:02] 🔄 Identity reset
[00:18:02] 🔄 Identity rotated (every 10 requests)
[00:18:03] [125/445] TNTC
[00:18:04] [126/445] VBKM
[00:18:05] [127/445] RZYM
[00:18:06] [128/445] JEMC
[00:18:07] [129/445] CMAU
[00:18:08] [130/445] SIVP
[00:18:08] [131/445] ATAG
[00:18:09] [132/445] CHTM
[00:18:10] [133/445] AAEE
[00:18:11] [134/445] IWPM
[00:18:12] 🔄 Identity reset
[00:18:12] 🔄 Identity rotated (every 10 requests)
[00:18:12] [135/445] KCMW
[00:18:14] [136/445] MCTD
[00:18:15] [137/445] SPWR
[00:18:16] [138/445] SDPO
[00:18:17] [139/445] PCSK
[00:18:18] [140/445] ACHV
[00:18:20] [141/445] SVLA
[00:18:21] [142/445] PICT
[00:18:22] [143/445] BXDR
[00:18:23] [144/445] SPWA
[00:18:24] 🔄 Identity reset
[00:18:24] 🔄 Identity rotated (every 10 requests)
[00:18:24] [145/445] MCKO
[00:18:25] [146/445] RTHK
[00:18:26] [147/445] CCMF
[00:18:27] [148/445] MRGB
[00:18:28] [149/445] CPLC
[00:18:29] [150/445] RACD
[00:18:30] [151/445] ATKT
[00:18:31] [152/445] SARN
[00:18:32] [153/445] KKUI
[00:18:33] [154/445] RGCM
[00:18:34] 🔄 Identity reset
[00:18:34] 🔄 Identity rotated (every 10 requests)
[00:18:34] 🔄 Retry 1/5 for RGCM in 2.8s
[00:18:34] 🔄 Identity reset
[00:18:37] 🧠 New identity created
[00:18:37] [155/445] BRVP
[00:18:38] [156/445] HRSR
[00:18:39] [157/445] GKGM
[00:18:40] [158/445] TTCD
[00:18:41] [159/445] PTTI
[00:18:42] [160/445] MPTT
[00:18:43] [161/445] CVTT
[00:18:44] [162/445] PCXD
[00:18:46] [163/445] GCDC
[00:18:47] 🔄 Identity reset
[00:18:47] 🔄 Identity rotated (every 10 requests)
[00:18:47] [164/445] CCCF
[00:18:49] [165/445] MRAD
[00:18:50] [166/445] CPLK
[00:18:51] [167/445] SATB
[00:18:52] [168/445] SNVG
[00:18:53] [169/445] JMBA
[00:18:55] [170/445] TEJA
[00:18:57] [171/445] STYO
[00:18:58] [172/445] JTBP
[00:18:59] [173/445] KRGD
[00:19:00] 🔄 Identity reset
[00:19:00] 🔄 Identity rotated (every 10 requests)
[00:19:00] 🔄 Retry 1/5 for KRGD in 2.6s
[00:19:00] 🔄 Identity reset
[00:19:02] 🧠 New identity created
[00:19:03] [174/445] SLJJ
[00:19:04] [175/445] SPTJ
[00:19:05] [176/445] SWJG
[00:19:06] [177/445] LKRT
[00:19:06] [178/445] KCKA
[00:19:07] [179/445] SNCR
[00:19:08] [180/445] SMKL
[00:19:09] [181/445] GCFA
[00:19:10] [182/445] DDCK
[00:19:11] 🔄 Identity reset
[00:19:11] 🔄 Identity rotated (every 10 requests)
[00:19:11] [183/445] NCHJ
[00:19:12] [184/445] RDMA
[00:19:13] [185/445] SVSV
[00:19:14] [186/445] SCJG
[00:19:16] [187/445] VKLP
[00:19:17] [188/445] NWCC
[00:19:18] [189/445] VKNS
[00:19:20] [190/445] SDDP
[00:19:21] [191/445] ACSI
[00:19:22] [192/445] SATG
[00:19:22] 🔄 Identity reset
[00:19:22] 🔄 Identity rotated (every 10 requests)
[00:19:23] 🔄 Retry 1/5 for SATG in 3.0s
[00:19:23] 🔄 Identity reset
[00:19:26] 🧠 New identity created
[00:19:26] [193/445] SCMW
[00:19:27] [194/445] LKTK
[00:19:28] [195/445] VCKV
[00:19:29] [196/445] KKPE
[00:19:30] [197/445] KIGH
[00:19:31] [198/445] SRPM
[00:19:32] [199/445] SCAH
[00:19:33] [200/445] MUTA
[00:19:34] [201/445] SEPU
[00:19:35] 🔄 Identity reset
[00:19:35] 🔄 Identity rotated (every 10 requests)
[00:19:35] 🔄 Retry 1/5 for SEPU in 2.2s
[00:19:35] 🔄 Identity reset
[00:19:37] 🧠 New identity created
[00:19:37] [202/445] INOA
[00:19:38] [203/445] BASK
[00:19:39] [204/445] NECB
[00:19:40] [205/445] GTTG
[00:19:41] [206/445] ASSA
[00:19:42] [207/445] ANCL
[00:19:43] [208/445] GCTI
[00:19:45] [209/445] RCTS
[00:19:46] [210/445] ACNL
[00:19:47] 🔄 Identity reset
[00:19:47] 🔄 Identity rotated (every 10 requests)
[00:19:47] [211/445] MYCT
[00:19:48] [212/445] NMHT
[00:19:49] [213/445] MDIT
[00:19:50] [214/445] LATG
[00:19:51] [215/445] SMTY
[00:19:52] [216/445] CVCT
[00:19:53] [217/445] RAMB
[00:19:54] [218/445] TGMS
[00:19:55] [219/445] BHEL
[00:19:56] [220/445] SHCT
[00:19:56] 🔄 Identity reset
[00:19:56] 🔄 Identity rotated (every 10 requests)
[00:19:57] [221/445] SVCT
[00:19:58] [222/445] MRIY
[00:19:59] [223/445] SARO
[00:20:00] [224/445] STCT
[00:20:01] [225/445] JKKC
[00:20:02] [226/445] PLTT
[00:20:03] [227/445] SRNT
[00:20:04] [228/445] YAST
[00:20:05] [229/445] PERL
[00:20:06] [230/445] CICM
[00:20:07] 🔄 Identity reset
[00:20:07] 🔄 Identity rotated (every 10 requests)
[00:20:07] [231/445] MMTR
[00:20:08] [232/445] ABTK
[00:20:09] [233/445] ATYY
[00:20:10] [234/445] ASTK
[00:20:11] [235/445] VVCK
[00:20:12] [236/445] ATKY
[00:20:13] [237/445] GWEK
[00:20:14] [238/445] SVFH
[00:20:15] [239/445] SLTA
[00:20:17] [240/445] AASH
[00:20:17] 🔄 Identity reset
[00:20:17] 🔄 Identity rotated (every 10 requests)
[00:20:18] [241/445] ACXB
[00:20:19] [242/445] SMTX
[00:20:20] [243/445] AZDH
[00:20:21] [244/445] CMMH
[00:20:22] [245/445] SCSZ
[00:20:23] [246/445] SCKP
[00:20:24] [247/445] NXTM
[00:20:25] [248/445] NWCS
[00:20:26] [249/445] CXMH
[00:20:27] [250/445] PCMA
[00:20:28] 🔄 Identity reset
[00:20:28] 🔄 Identity rotated (every 10 requests)
[00:20:28] 🔄 Retry 1/5 for PCMA in 2.8s
[00:20:28] 🔄 Identity reset
[00:20:31] 🧠 New identity created
[00:20:31] [251/445] SGCM
[00:20:32] [252/445] SDTU
[00:20:33] [253/445] MMVI
[00:20:34] [254/445] JKCM
[00:20:35] [255/445] VCMM
[00:20:37] [256/445] SYEE
[00:20:37] [257/445] VASD
[00:20:38] [258/445] BDRB
[00:20:39] [259/445] LASM
[00:20:40] 🔄 Identity reset
[00:20:40] 🔄 Identity rotated (every 10 requests)
[00:20:40] [260/445] DCRL
[00:20:41] [261/445] DVPM
[00:20:42] [262/445] SBMJ
[00:20:43] [263/445] CBMU
[00:20:44] [264/445] IUBS
[00:20:45] [265/445] INAP
[00:20:46] [266/445] SRRC
[00:20:46] [267/445] SAGR
[00:20:48] [268/445] CPMJ
[00:20:49] [269/445] ATJL
[00:20:50] 🔄 Identity reset
[00:20:50] 🔄 Identity rotated (every 10 requests)
[00:20:50] [270/445] NNTD
[00:20:51] [271/445] JHCJ
[00:20:52] [272/445] CMMP
[00:20:53] [273/445] RSDR
[00:20:54] [274/445] AMTI
[00:20:55] [275/445] NYSG
[00:20:56] [276/445] AVSG
[00:20:57] [277/445] SYTP
[00:20:58] [278/445] LARC
[00:20:59] [279/445] RJTP
[00:20:59] 🔄 Identity reset
[00:20:59] 🔄 Identity rotated (every 10 requests)
[00:21:00] [280/445] LAKC
[00:21:01] [281/445] MCXE
[00:21:02] [282/445] CCZC
[00:21:03] [283/445] AVCH
[00:21:04] [284/445] CMBE
[00:21:06] [285/445] MRRC
[00:21:08] [286/445] PCPY
[00:21:09] [287/445] SRMH
[00:21:10] [288/445] SVGS
[00:21:10] [289/445] PCSE
[00:21:11] 🔄 Identity reset
[00:21:11] 🔄 Identity rotated (every 10 requests)
[00:21:12] [290/445] SVFT
[00:21:13] [291/445] TNZP
[00:21:14] [292/445] ICTP
[00:21:15] [293/445] ACTZ
[00:21:15] [294/445] GTUR
[00:21:16] [295/445] MAFC
[00:21:17] [296/445] MINL
[00:21:18] [297/445] MRCL
[00:21:20] [298/445] RCRP
[00:21:21] [299/445] RFFG
[00:21:21] 🔄 Identity reset
[00:21:21] 🔄 Identity rotated (every 10 requests)
[00:21:22] [300/445] RMAS
[00:21:23] [301/445] INVR
[00:21:24] [302/445] RMAR
[00:21:25] [303/445] CNIS
[00:21:26] [304/445] RHRJ
[00:21:27] [305/445] INXR
[00:21:28] [306/445] VALT
[00:21:29] [307/445] LCSH
[00:21:30] [308/445] CMVS
[00:21:30] [309/445] CNMS
[00:21:31] 🔄 Identity reset
[00:21:31] 🔄 Identity rotated (every 10 requests)
[00:21:31] [310/445] ROOG
[00:21:32] [311/445] ISRM
[00:21:33] [312/445] RCRM
[00:21:35] [313/445] ACJA
[00:21:36] [314/445] RCVS
[00:21:37] [315/445] CPUS
[00:21:37] [316/445] TGCS
[00:21:38] [317/445] RKCJ
[00:21:39] [318/445] MKSB
[00:21:40] [319/445] TCSJ
[00:21:41] 🔄 Identity reset
[00:21:41] 🔄 Identity rotated (every 10 requests)
[00:21:41] [320/445] RMGP
[00:21:42] [321/445] CLLP
[00:21:43] [322/445] RCMV
[00:21:45] [323/445] CCKS
[00:21:46] [324/445] RSRP
[00:21:47] [325/445] APLP
[00:21:49] [326/445] CNVS
[00:21:50] [327/445] RMVY
[00:21:51] [328/445] PGBD
[00:21:52] [329/445] KLMS
[00:21:53] 🔄 Identity reset
[00:21:53] 🔄 Identity rotated (every 10 requests)
[00:21:54] [330/445] RUST
[00:21:55] [331/445] MASM
[00:21:56] [332/445] BACS
[00:21:57] [333/445] BWST
[00:21:59] [334/445] RRFH
[00:22:00] [335/445] SJTM
[00:22:01] [336/445] BEMR
[00:22:02] [337/445] MCGR
[00:22:03] [338/445] SDSK
[00:22:04] [339/445] VBOL
[00:22:04] 🔄 Identity reset
[00:22:04] 🔄 Identity rotated (every 10 requests)
[00:22:05] [340/445] RMGM
[00:22:05] [341/445] NOPL
[00:22:06] [342/445] MKJK
[00:22:07] [343/445] CVRN
[00:22:08] [344/445] MMEN
[00:22:09] [345/445] AMNG
[00:22:10] [346/445] INTM
[00:22:11] [347/445] SLCZ
[00:22:12] [348/445] AMJN
[00:22:15] [349/445] ACJN
[00:22:15] 🔄 Identity reset
[00:22:15] 🔄 Identity rotated (every 10 requests)
[00:22:16] [350/445] AMKN
[00:22:17] [351/445] BTCN
[00:22:17] [352/445] AMBT
[00:22:18] [353/445] PACN
[00:22:19] [354/445] LCNS
[00:22:20] [355/445] PPKC
[00:22:21] [356/445] JYYN
[00:22:22] [357/445] JTNR
[00:22:23] [358/445] GTEE
[00:22:24] [359/445] SRNM
[00:22:25] 🔄 Identity reset
[00:22:25] 🔄 Identity rotated (every 10 requests)
[00:22:25] 🔄 Retry 1/5 for SRNM in 2.2s
[00:22:25] 🔄 Identity reset
[00:22:27] 🧠 New identity created
[00:22:27] [360/445] SDTC
[00:22:28] [361/445] VPCA
[00:22:29] [362/445] VLRA
[00:22:31] [363/445] SHKR
[00:22:31] [364/445] SBKD
[00:22:33] [365/445] SAAD
[00:22:34] [366/445] JTGN
[00:22:35] [367/445] SLAM
[00:22:36] [368/445] VTPM
[00:22:36] 🔄 Identity reset
[00:22:36] 🔄 Identity rotated (every 10 requests)
[00:22:37] [369/445] ANPT
[00:22:38] [370/445] PUNB
[00:22:39] [371/445] CPKT
[00:22:40] [372/445] CNWE
[00:22:41] [373/445] ECPP
[00:22:42] [374/445] CPAR
[00:22:44] [375/445] ESBW
[00:22:45] [376/445] PKPU
[00:22:46] [377/445] CPRP
[00:22:46] [378/445] RAHU
[00:22:47] 🔄 Identity reset
[00:22:47] 🔄 Identity rotated (every 10 requests)
[00:22:47] [379/445] RHMN
[00:22:49] [380/445] FMJP
[00:22:50] [381/445] CTMP
[00:22:51] [382/445] INPN
[00:22:52] [383/445] STTG
[00:22:53] [384/445] CTRD
[00:22:53] [385/445] PUVB
[00:22:54] [386/445] ESVP
[00:22:55] [387/445] CPFT
[00:22:56] [388/445] LCPC
[00:22:57] 🔄 Identity reset
[00:22:57] 🔄 Identity rotated (every 10 requests)
[00:22:57] 🔄 Retry 1/5 for LCPC in 2.5s
[00:22:57] 🔄 Identity reset
[00:23:00] 🧠 New identity created
[00:23:00] [389/445] VBCT
[00:23:01] [390/445] FSCW
[00:23:03] [391/445] VCMP
[00:23:03] [392/445] ASHC
[00:23:05] [393/445] VLCX
[00:23:06] [394/445] SHEV
[00:23:07] [395/445] APCO
[00:23:08] [396/445] SILC
[00:23:09] [397/445] SNMR
[00:23:09] 🔄 Identity reset
[00:23:09] 🔄 Identity rotated (every 10 requests)
[00:23:10] [398/445] KYBO
[00:23:11] [399/445] SATK
[00:23:12] [400/445] SSCS
[00:23:13] [401/445] CLSB
[00:23:14] [402/445] KMJR
[00:23:16] [403/445] FSCK
[00:23:18] [404/445] NNKA
[00:23:19] [405/445] CLMK
[00:23:19] [406/445] DMPZ
[00:23:21] [407/445] INQM
[00:23:22] 🔄 Identity reset
[00:23:22] 🔄 Identity rotated (every 10 requests)
[00:23:22] [408/445] CAML
[00:23:23] [409/445] INRK
[00:23:25] [410/445] IMKN
[00:23:26] [411/445] SVNR
[00:23:27] [412/445] INSL
[00:23:28] [413/445] MSMA
[00:23:29] [414/445] MCKK
[00:23:30] [415/445] FCHP
[00:23:31] [416/445] SFCR
[00:23:33] [417/445] NACK
[00:23:33] 🔄 Identity reset
[00:23:33] 🔄 Identity rotated (every 10 requests)
[00:23:33] 🔄 Retry 1/5 for NACK in 2.7s
[00:23:33] 🔄 Identity reset
[00:23:36] 🧠 New identity created
[00:23:36] [418/445] PVAK
[00:23:37] [419/445] INER
[00:23:39] [420/445] RDBK
[00:23:39] [421/445] SVFN
[00:23:40] [422/445] IFRM
[00:23:41] [423/445] ATCK
[00:23:42] [424/445] ASKO
[00:23:43] [425/445] STKT
[00:23:44] [426/445] SVFB
[00:23:45] 🔄 Identity reset
[00:23:45] 🔄 Identity rotated (every 10 requests)
[00:23:45] [427/445] INKS
[00:23:46] [428/445] PCRA
[00:23:48] [429/445] ATJA
[00:23:48] [430/445] IMJN
[00:23:49] [431/445] INHD
[00:23:50] [432/445] BARA
[00:23:51] [433/445] MCSL
[00:23:52] [434/445] RTOY
[00:23:53] [435/445] MENO
[00:23:54] [436/445] PUDM
[00:23:54] 🔄 Identity reset
[00:23:55] 🔄 Identity rotated (every 10 requests)
[00:23:55] 🔄 Retry 1/5 for PUDM in 2.7s
[00:23:55] 🔄 Identity reset
[00:23:57] 🧠 New identity created
[00:23:58] [437/445] PRCN
[00:24:02] [438/445] JMJR
[00:24:02] [439/445] SSGK
[00:24:04] [440/445] SSRL
[00:24:04] [441/445] JYKL
[00:24:05] [442/445] ACNB
[00:24:06] [443/445] SONP
[00:24:07] [444/445] EMCI
[00:24:08] [445/445] MRJH
[00:24:09] 🔄 Identity reset
[00:24:09] 🔄 Identity rotated (every 10 requests)
[00:24:09] ✅ DONE | Shows=0 | Movies=0
[01:01:32] 🚀 BMS DAILY TRACKER STARTED (enhanced anti‑detection)
[01:01:32] [1/445] TGMR
[01:01:32] 🧠 New identity created
[01:01:32] 🔄 Retry 1/5 for TGMR in 2.0s
[01:01:32] 🔄 Identity reset
[01:01:34] 🧠 New identity created
[01:01:34] 🔄 Retry 2/5 for TGMR in 4.7s
[01:01:34] 🔄 Identity reset
[01:01:39] 🧠 New identity created
[01:01:39] [2/445] CXKR
[01:01:40] [3/445] SROP
[01:01:41] [4/445] GTSV
[01:01:42] [5/445] SNTY
[01:01:43] [6/445] SMYY
[01:01:44] [7/445] CNCS
[01:01:44] [8/445] CSTM
[01:01:45] 🔄 Identity reset
[01:01:45] 🔄 Identity rotated (every 10 requests)
[01:01:45] 🔄 Retry 1/5 for CSTM in 3.0s
[01:01:45] 🔄 Identity reset
[01:01:48] 🧠 New identity created
[01:01:48] 🔄 Retry 2/5 for CSTM in 4.4s
[01:01:48] 🔄 Identity reset
[01:01:53] 🧠 New identity created
[01:01:53] [9/445] NUCD
[01:01:54] [10/445] SHCZ
[01:01:54] [11/445] NJCT
[01:01:55] [12/445] COPC
[01:01:56] [13/445] STVV
[01:01:57] [14/445] SKRN
[01:01:58] [15/445] APPZ
[01:01:59] [16/445] YMGN
[01:01:59] 🔄 Identity reset
[01:01:59] 🔄 Identity rotated (every 10 requests)
[01:02:00] [17/445] SVTU
[01:02:00] [18/445] GTAD
[01:02:01] [19/445] PSUS
[01:02:03] [20/445] SMCD
[01:02:03] [21/445] CMCM
[01:02:04] [22/445] SYCT
[01:02:05] [23/445] STLY
[01:02:06] [24/445] CMHU
[01:02:07] [25/445] CMSA
[01:02:08] [26/445] CLCU
[01:02:09] 🔄 Identity reset
[01:02:09] 🔄 Identity rotated (every 10 requests)
[01:02:09] 🔄 Retry 1/5 for CLCU in 2.2s
[01:02:09] 🔄 Identity reset
[01:02:11] 🧠 New identity created
[01:02:11] 🔄 Retry 2/5 for CLCU in 4.6s
[01:02:11] 🔄 Identity reset
[01:02:16] 🧠 New identity created
[01:02:16] [27/445] PPNT
[01:02:17] [28/445] JTAB
[01:02:18] [29/445] BUUC
[01:02:19] [30/445] BSVK
[01:02:20] [31/445] VVVQ
[01:02:21] [32/445] TKMU
[01:02:22] [33/445] ESYL
[01:02:23] [34/445] ACHP
[01:02:23] 🔄 Identity reset
[01:02:23] 🔄 Identity rotated (every 10 requests)
[01:02:23] 🔄 Retry 1/5 for ACHP in 2.1s
[01:02:23] 🔄 Identity reset
[01:02:26] 🧠 New identity created
[01:02:26] 🔄 Retry 2/5 for ACHP in 4.3s
[01:02:26] 🔄 Identity reset
[01:02:30] 🧠 New identity created
[01:02:30] 🔄 Retry 3/5 for ACHP in 9.0s
[01:02:30] 🔄 Identity reset
[01:02:39] 🧠 New identity created
[01:02:39] [35/445] BTKD
[01:02:40] [36/445] DESA
[01:02:41] [37/445] GBCT
[01:02:42] [38/445] BLLD
[01:02:43] [39/445] SKNT
[01:02:44] [40/445] SSTE
[01:02:45] [41/445] VJMR
[01:02:45] 🔄 Identity reset
[01:02:45] 🔄 Identity rotated (every 10 requests)
[01:02:46] [42/445] NTPU
[01:02:46] [43/445] RDKN
[01:02:47] [44/445] ADGC
[01:02:48] [45/445] VRBP
[01:02:49] [46/445] NMNA
[01:02:50] [47/445] CMMX
[01:02:51] [48/445] PTKO
[01:02:52] [49/445] RBML
[01:02:53] [50/445] SAIC
[01:02:53] [51/445] SVTJ
[01:02:54] 🔄 Identity reset
[01:02:54] 🔄 Identity rotated (every 10 requests)
[01:02:54] [52/445] MRTE
[01:02:55] [53/445] RBTP
[01:02:56] [54/445] NLPS
[01:02:57] [55/445] GTNA
[01:02:58] [56/445] DGGC
[01:02:59] [57/445] SMCR
[01:03:00] [58/445] SCGD
[01:03:01] [59/445] SRRJ
[01:03:02] [60/445] CNRY
[01:03:03] [61/445] KTDI
[01:03:04] 🔄 Identity reset
[01:03:04] 🔄 Identity rotated (every 10 requests)
[01:03:04] 🔄 Retry 1/5 for KTDI in 2.8s
[01:03:04] 🔄 Identity reset
[01:03:07] 🧠 New identity created
[01:03:07] 🔄 Retry 2/5 for KTDI in 4.6s
[01:03:07] 🔄 Identity reset
[01:03:11] 🧠 New identity created
[01:03:11] 🔄 Retry 3/5 for KTDI in 8.4s
[01:03:11] 🔄 Identity reset
[01:03:20] 🧠 New identity created
[01:03:20] [62/445] SNJL
[01:03:21] [63/445] RKMD
[01:03:22] [64/445] SMDC
[01:03:23] [65/445] TADG
[01:03:24] [66/445] MCGS
[01:03:25] [67/445] PETK
[01:03:26] [68/445] CHAG
[01:03:26] 🔄 Identity reset
[01:03:26] 🔄 Identity rotated (every 10 requests)
[01:03:27] [69/445] KSTL
[01:03:27] [70/445] AADS
[01:03:28] [71/445] NTHZ
[01:03:29] [72/445] HCKI
[01:03:30] [73/445] SSEF
[01:03:31] [74/445] MCGX
[01:03:32] [75/445] ERRA
[01:03:33] [76/445] SDTW
[01:03:35] [77/445] RMPK
[01:03:36] [78/445] PTHK
[01:03:36] 🔄 Identity reset
[01:03:36] 🔄 Identity rotated (every 10 requests)
[01:03:37] [79/445] PXCS
[01:03:38] [80/445] SVLU
[01:03:39] [81/445] STAH
[01:03:40] [82/445] JRGF
[01:03:41] [83/445] CDOK
[01:03:41] [84/445] CMSG
[01:03:43] [85/445] APTD
[01:03:44] [86/445] KMPG
[01:03:45] [87/445] MUTJ
[01:03:46] [88/445] VCCI
[01:03:47] 🔄 Identity reset
[01:03:47] 🔄 Identity rotated (every 10 requests)
[01:03:47] [89/445] URBE
[01:03:48] [90/445] TCTS
[01:03:49] [91/445] STSN
[01:03:50] [92/445] AKCH
[01:03:51] [93/445] APSC
[01:03:52] [94/445] VLTB
[01:03:53] [95/445] SANU
[01:03:53] [96/445] AXAM
[01:03:54] [97/445] MGMG
[01:03:55] [98/445] HTBY
[01:03:56] 🔄 Identity reset
[01:03:56] 🔄 Identity rotated (every 10 requests)
[01:03:56] 🔄 Retry 1/5 for HTBY in 2.4s
[01:03:56] 🔄 Identity reset
[01:03:58] 🧠 New identity created
[01:03:58] [99/445] MMZS
[01:03:59] [100/445] SUDR
[01:04:00] [101/445] CCAD
[01:04:01] [102/445] SKKC
[01:04:02] [103/445] RMCD
[01:04:02] [104/445] SBCQ
[01:04:03] [105/445] DCCT
[01:04:04] [106/445] VTKP
[01:04:05] [107/445] MLAM
[01:04:05] 🔄 Identity reset
[01:04:05] 🔄 Identity rotated (every 10 requests)
[01:04:06] [108/445] SAVT
[01:04:06] [109/445] GEPL
[01:04:07] [110/445] AMCD
[01:04:09] [111/445] CCXR
[01:04:10] [112/445] GRNG
[01:04:11] [113/445] EBCA
[01:04:12] [114/445] CNVG
[01:04:13] [115/445] MWSS
[01:04:14] [116/445] VBOR
[01:04:15] [117/445] NEEB
[01:04:16] 🔄 Identity reset
[01:04:16] 🔄 Identity rotated (every 10 requests)
[01:04:16] [118/445] SUTH
[01:04:17] [119/445] ANDB
[01:04:17] [120/445] MMXS
[01:04:18] [121/445] CNPD
[01:04:19] [122/445] SDCE
[01:04:20] [123/445] DHCB
[01:04:21] [124/445] ODEN
[01:04:21] [125/445] TNTC
[01:04:22] [126/445] VBKM
[01:04:23] [127/445] RZYM
[01:04:24] 🔄 Identity reset
[01:04:24] 🔄 Identity rotated (every 10 requests)
[01:04:24] 🔄 Retry 1/5 for RZYM in 2.6s
[01:04:24] 🔄 Identity reset
[01:04:26] 🧠 New identity created
[01:04:27] [128/445] JEMC
[01:04:28] [129/445] CMAU
[01:04:29] [130/445] SIVP
[01:04:30] [131/445] ATAG
[01:04:31] [132/445] CHTM
[01:04:32] [133/445] AAEE
[01:04:33] [134/445] IWPM
[01:04:34] [135/445] KCMW
[01:04:35] [136/445] MCTD
[01:04:36] 🔄 Identity reset
[01:04:36] 🔄 Identity rotated (every 10 requests)
[01:04:36] 🔄 Retry 1/5 for MCTD in 2.1s
[01:04:36] 🔄 Identity reset
[01:04:38] 🧠 New identity created
[01:04:38] [137/445] SPWR
[01:04:39] [138/445] SDPO
[01:04:40] [139/445] PCSK
[01:04:41] [140/445] ACHV
[01:04:42] [141/445] SVLA
[01:04:43] [142/445] PICT
[01:04:44] [143/445] BXDR
[01:04:45] [144/445] SPWA
[01:04:46] [145/445] MCKO
[01:04:46] 🔄 Identity reset
[01:04:46] 🔄 Identity rotated (every 10 requests)
[01:04:46] [146/445] RTHK
[01:04:47] [147/445] CCMF
[01:04:48] [148/445] MRGB
[01:04:49] [149/445] CPLC
[01:04:49] [150/445] RACD
[01:04:51] [151/445] ATKT
[01:04:53] [152/445] SARN
[01:04:53] [153/445] KKUI
[01:04:55] [154/445] RGCM
[01:04:56] [155/445] BRVP
[01:04:56] 🔄 Identity reset
[01:04:56] 🔄 Identity rotated (every 10 requests)
[01:04:57] [156/445] HRSR
[01:04:57] [157/445] GKGM
[01:04:58] [158/445] TTCD
[01:04:59] [159/445] PTTI
[01:05:00] [160/445] MPTT
[01:05:01] [161/445] CVTT
[01:05:02] [162/445] PCXD
[01:05:03] [163/445] GCDC
[01:05:03] [164/445] CCCF
[01:05:04] [165/445] MRAD
[01:05:05] 🔄 Identity reset
[01:05:05] 🔄 Identity rotated (every 10 requests)
[01:05:05] [166/445] CPLK
[01:05:06] [167/445] SATB
[01:05:07] [168/445] SNVG
[01:05:08] [169/445] JMBA
[01:05:08] [170/445] TEJA
[01:05:09] [171/445] STYO
[01:05:10] [172/445] JTBP
[01:05:11] [173/445] KRGD
[01:05:12] [174/445] SLJJ
[01:05:13] [175/445] SPTJ
[01:05:13] 🔄 Identity reset
[01:05:13] 🔄 Identity rotated (every 10 requests)
[01:05:14] [176/445] SWJG
[01:05:15] [177/445] LKRT
[01:05:15] [178/445] KCKA
[01:05:16] [179/445] SNCR
[01:05:17] [180/445] SMKL
[01:05:18] [181/445] GCFA
[01:05:19] [182/445] DDCK
[01:05:20] [183/445] NCHJ
[01:05:20] [184/445] RDMA
[01:05:21] [185/445] SVSV
[01:05:22] 🔄 Identity reset
[01:05:22] 🔄 Identity rotated (every 10 requests)
[01:05:22] [186/445] SCJG
[01:05:23] [187/445] VKLP
[01:05:24] [188/445] NWCC
[01:05:25] [189/445] VKNS
[01:05:26] [190/445] SDDP
[01:05:27] [191/445] ACSI
[01:05:28] [192/445] SATG
[01:05:29] [193/445] SCMW
[01:05:30] [194/445] LKTK
[01:05:31] [195/445] VCKV
[01:05:32] 🔄 Identity reset
[01:05:32] 🔄 Identity rotated (every 10 requests)
[01:05:32] [196/445] KKPE
[01:05:33] [197/445] KIGH
[01:05:34] [198/445] SRPM
[01:05:35] [199/445] SCAH
[01:05:36] [200/445] MUTA
[01:05:37] [201/445] SEPU
[01:05:38] [202/445] INOA
[01:05:39] [203/445] BASK
[01:05:40] [204/445] NECB
[01:05:40] [205/445] GTTG
[01:05:41] 🔄 Identity reset
[01:05:41] 🔄 Identity rotated (every 10 requests)
[01:05:41] 🔄 Retry 1/5 for GTTG in 2.6s
[01:05:41] 🔄 Identity reset
[01:05:44] 🧠 New identity created
[01:05:44] 🔄 Retry 2/5 for GTTG in 4.5s
[01:05:44] 🔄 Identity reset
[01:05:48] 🧠 New identity created
[01:05:48] [206/445] ASSA
[01:05:49] [207/445] ANCL
[01:05:50] [208/445] GCTI
[01:05:51] [209/445] RCTS
[01:05:52] [210/445] ACNL
[01:05:53] [211/445] MYCT
[01:05:54] [212/445] NMHT
[01:05:55] [213/445] MDIT
[01:05:56] 🔄 Identity reset
[01:05:56] 🔄 Identity rotated (every 10 requests)
[01:05:56] [214/445] LATG
[01:05:57] [215/445] SMTY
[01:05:58] [216/445] CVCT
[01:05:59] [217/445] RAMB
[01:05:59] [218/445] TGMS
[01:06:00] [219/445] BHEL
[01:06:01] [220/445] SHCT
[01:06:02] [221/445] SVCT
[01:06:03] [222/445] MRIY
[01:06:04] [223/445] SARO
[01:06:05] 🔄 Identity reset
[01:06:05] 🔄 Identity rotated (every 10 requests)
[01:06:05] [224/445] STCT
[01:06:06] [225/445] JKKC
[01:06:07] [226/445] PLTT
[01:06:08] [227/445] SRNT
[01:06:08] [228/445] YAST
[01:06:09] [229/445] PERL
[01:06:10] [230/445] CICM
[01:06:11] [231/445] MMTR
[01:06:12] [232/445] ABTK
[01:06:13] [233/445] ATYY
[01:06:13] 🔄 Identity reset
[01:06:13] 🔄 Identity rotated (every 10 requests)
[01:06:13] 🔄 Retry 1/5 for ATYY in 2.9s
[01:06:13] 🔄 Identity reset
[01:06:16] 🧠 New identity created
[01:06:16] [234/445] ASTK
[01:06:17] [235/445] VVCK
[01:06:18] [236/445] ATKY
[01:06:20] [237/445] GWEK
[01:06:21] [238/445] SVFH
[01:06:21] [239/445] SLTA
[01:06:22] [240/445] AASH
[01:06:23] [241/445] ACXB
[01:06:24] [242/445] SMTX
[01:06:25] 🔄 Identity reset
[01:06:25] 🔄 Identity rotated (every 10 requests)
[01:06:25] [243/445] AZDH
[01:06:26] [244/445] CMMH
[01:06:27] [245/445] SCSZ
[01:06:28] [246/445] SCKP
[01:06:28] [247/445] NXTM
[01:06:30] [248/445] NWCS
[01:06:31] [249/445] CXMH
[01:06:32] [250/445] PCMA
[01:06:33] [251/445] SGCM
[01:06:33] [252/445] SDTU
[01:06:34] 🔄 Identity reset
[01:06:34] 🔄 Identity rotated (every 10 requests)
[01:06:34] [253/445] MMVI
[01:06:35] [254/445] JKCM
[01:06:36] [255/445] VCMM
[01:06:36] [256/445] SYEE
[01:06:37] [257/445] VASD
[01:06:38] [258/445] BDRB
[01:06:39] [259/445] LASM
[01:06:40] [260/445] DCRL
[01:06:41] [261/445] DVPM
[01:06:41] [262/445] SBMJ
[01:06:42] 🔄 Identity reset
[01:06:42] 🔄 Identity rotated (every 10 requests)
[01:06:42] [263/445] CBMU
[01:06:44] [264/445] IUBS
[01:06:45] [265/445] INAP
[01:06:46] [266/445] SRRC
[01:06:47] [267/445] SAGR
[01:06:47] [268/445] CPMJ
[01:06:48] [269/445] ATJL
[01:06:49] [270/445] NNTD
[01:06:50] [271/445] JHCJ
[01:06:51] [272/445] CMMP
[01:06:51] 🔄 Identity reset
[01:06:51] 🔄 Identity rotated (every 10 requests)
[01:06:52] [273/445] RSDR
[01:06:52] [274/445] AMTI
[01:06:54] [275/445] NYSG
[01:06:55] [276/445] AVSG
[01:06:56] [277/445] SYTP
[01:06:57] [278/445] LARC
[01:06:58] [279/445] RJTP
[01:06:59] [280/445] LAKC
[01:07:00] [281/445] MCXE
[01:07:00] [282/445] CCZC
[01:07:01] 🔄 Identity reset
[01:07:01] 🔄 Identity rotated (every 10 requests)
[01:07:01] [283/445] AVCH
[01:07:02] [284/445] CMBE
[01:07:03] [285/445] MRRC
[01:07:04] [286/445] PCPY
[01:07:06] [287/445] SRMH
[01:07:07] [288/445] SVGS
[01:07:08] [289/445] PCSE
[01:07:09] [290/445] SVFT
[01:07:10] [291/445] TNZP
[01:07:12] [292/445] ICTP
[01:07:12] 🔄 Identity reset
[01:07:12] 🔄 Identity rotated (every 10 requests)
[01:07:12] [293/445] ACTZ
[01:07:13] [294/445] GTUR
[01:07:14] [295/445] MAFC
[01:07:15] [296/445] MINL
[01:07:16] [297/445] MRCL
[01:07:17] [298/445] RCRP
[01:07:18] [299/445] RFFG
[01:07:19] [300/445] RMAS
[01:07:19] [301/445] INVR
[01:07:20] [302/445] RMAR
[01:07:21] 🔄 Identity reset
[01:07:21] 🔄 Identity rotated (every 10 requests)
[01:07:21] [303/445] CNIS
[01:07:22] [304/445] RHRJ
[01:07:23] [305/445] INXR
[01:07:24] [306/445] VALT
[01:07:25] [307/445] LCSH
[01:07:26] [308/445] CMVS
[01:07:27] [309/445] CNMS
[01:07:28] [310/445] ROOG
[01:07:29] [311/445] ISRM
[01:07:30] [312/445] RCRM
[01:07:30] 🔄 Identity reset
[01:07:30] 🔄 Identity rotated (every 10 requests)
[01:07:31] [313/445] ACJA
[01:07:31] [314/445] RCVS
[01:07:32] [315/445] CPUS
[01:07:34] [316/445] TGCS
[01:07:35] [317/445] RKCJ
[01:07:35] [318/445] MKSB
[01:07:36] [319/445] TCSJ
[01:07:37] [320/445] RMGP
[01:07:38] [321/445] CLLP
[01:07:40] [322/445] RCMV
[01:07:40] 🔄 Identity reset
[01:07:40] 🔄 Identity rotated (every 10 requests)
[01:07:41] [323/445] CCKS
[01:07:42] [324/445] RSRP
[01:07:43] [325/445] APLP
[01:07:44] [326/445] CNVS
[01:07:45] [327/445] RMVY
[01:07:46] [328/445] PGBD
[01:07:47] [329/445] KLMS
[01:07:48] [330/445] RUST
[01:07:48] [331/445] MASM
[01:07:49] [332/445] BACS
[01:07:50] 🔄 Identity reset
[01:07:50] 🔄 Identity rotated (every 10 requests)
[01:07:50] [333/445] BWST
[01:07:51] [334/445] RRFH
[01:07:52] [335/445] SJTM
[01:07:52] [336/445] BEMR
[01:07:53] [337/445] MCGR
[01:07:54] [338/445] SDSK
[01:07:55] [339/445] VBOL
[01:07:56] [340/445] RMGM
[01:07:57] [341/445] NOPL
[01:07:58] [342/445] MKJK
[01:07:58] 🔄 Identity reset
[01:07:58] 🔄 Identity rotated (every 10 requests)
[01:07:58] [343/445] CVRN
[01:07:59] [344/445] MMEN
[01:08:00] [345/445] AMNG
[01:08:01] [346/445] INTM
[01:08:02] [347/445] SLCZ
[01:08:03] [348/445] AMJN
[01:08:03] [349/445] ACJN
[01:08:04] [350/445] AMKN
[01:08:05] [351/445] BTCN
[01:08:06] [352/445] AMBT
[01:08:07] 🔄 Identity reset
[01:08:07] 🔄 Identity rotated (every 10 requests)
[01:08:07] 🔄 Retry 1/5 for AMBT in 2.0s
[01:08:07] 🔄 Identity reset
[01:08:09] 🧠 New identity created
[01:08:09] [353/445] PACN
[01:08:10] [354/445] LCNS
[01:08:12] [355/445] PPKC
[01:08:12] [356/445] JYYN
[01:08:13] [357/445] JTNR
[01:08:14] [358/445] GTEE
[01:08:15] [359/445] SRNM
[01:08:16] [360/445] SDTC
[01:08:17] [361/445] VPCA
[01:08:18] 🔄 Identity reset
[01:08:18] 🔄 Identity rotated (every 10 requests)
[01:08:18] [362/445] VLRA
[01:08:19] [363/445] SHKR
[01:08:20] [364/445] SBKD
[01:08:21] [365/445] SAAD
[01:08:22] [366/445] JTGN
[01:08:24] [367/445] SLAM
[01:08:24] [368/445] VTPM
[01:08:25] [369/445] ANPT
[01:08:26] [370/445] PUNB
[01:08:27] [371/445] CPKT
[01:08:28] 🔄 Identity reset
[01:08:28] 🔄 Identity rotated (every 10 requests)
[01:08:28] [372/445] CNWE
[01:08:29] [373/445] ECPP
[01:08:29] [374/445] CPAR
[01:08:30] [375/445] ESBW
[01:08:31] [376/445] PKPU
[01:08:32] [377/445] CPRP
[01:08:33] [378/445] RAHU
[01:08:34] [379/445] RHMN
[01:08:35] [380/445] FMJP
[01:08:35] [381/445] CTMP
[01:08:36] 🔄 Identity reset
[01:08:36] 🔄 Identity rotated (every 10 requests)
[01:08:36] [382/445] INPN
[01:08:37] [383/445] STTG
[01:08:38] [384/445] CTRD
[01:08:39] [385/445] PUVB
[01:08:40] [386/445] ESVP
[01:08:40] [387/445] CPFT
[01:08:41] [388/445] LCPC
[01:08:42] [389/445] VBCT
[01:08:43] [390/445] FSCW
[01:08:44] [391/445] VCMP
[01:08:45] 🔄 Identity reset
[01:08:45] 🔄 Identity rotated (every 10 requests)
[01:08:45] [392/445] ASHC
[01:08:46] [393/445] VLCX
[01:08:47] [394/445] SHEV
[01:08:48] [395/445] APCO
[01:08:49] [396/445] SILC
[01:08:50] [397/445] SNMR
[01:08:51] [398/445] KYBO
[01:08:51] [399/445] SATK
[01:08:52] [400/445] SSCS
[01:08:53] [401/445] CLSB
[01:08:54] 🔄 Identity reset
[01:08:54] 🔄 Identity rotated (every 10 requests)
[01:08:54] [402/445] KMJR
[01:08:56] [403/445] FSCK
[01:08:57] [404/445] NNKA
[01:08:58] [405/445] CLMK
[01:08:58] [406/445] DMPZ
[01:08:59] [407/445] INQM
[01:09:00] [408/445] CAML
[01:09:01] [409/445] INRK
[01:09:02] [410/445] IMKN
[01:09:03] [411/445] SVNR
[01:09:03] 🔄 Identity reset
[01:09:03] 🔄 Identity rotated (every 10 requests)
[01:09:04] [412/445] INSL
[01:09:04] [413/445] MSMA
[01:09:05] [414/445] MCKK
[01:09:06] [415/445] FCHP
[01:09:07] [416/445] SFCR
[01:09:08] [417/445] NACK
[01:09:09] [418/445] PVAK
[01:09:10] [419/445] INER
[01:09:11] [420/445] RDBK
[01:09:12] [421/445] SVFN
[01:09:12] 🔄 Identity reset
[01:09:12] 🔄 Identity rotated (every 10 requests)
[01:09:13] [422/445] IFRM
[01:09:13] [423/445] ATCK
[01:09:14] [424/445] ASKO
[01:09:15] [425/445] STKT
[01:09:16] [426/445] SVFB
[01:09:17] [427/445] INKS
[01:09:18] [428/445] PCRA
[01:09:18] [429/445] ATJA
[01:09:19] [430/445] IMJN
[01:09:20] [431/445] INHD
[01:09:21] 🔄 Identity reset
[01:09:21] 🔄 Identity rotated (every 10 requests)
[01:09:21] [432/445] BARA
[01:09:22] [433/445] MCSL
[01:09:22] [434/445] RTOY
[01:09:23] [435/445] MENO
[01:09:24] [436/445] PUDM
[01:09:25] [437/445] PRCN
[01:09:26] [438/445] JMJR
[01:09:27] [439/445] SSGK
[01:09:28] [440/445] SSRL
[01:09:29] [441/445] JYKL
[01:09:29] 🔄 Identity reset
[01:09:29] 🔄 Identity rotated (every 10 requests)
[01:09:30] [442/445] ACNB
[01:09:30] [443/445] SONP
[01:09:31] [444/445] EMCI
[01:09:32] [445/445] MRJH
[01:09:33] ✅ DONE | Shows=0 | Movies=0
[01:17:01] 🚀 BMS DAILY TRACKER STARTED (enhanced anti‑detection)
[01:17:01] [1/445] TGMR
[01:17:02] 🧠 New identity created
[01:17:02] 🔄 Retry 1/5 for TGMR in 2.1s
[01:17:02] 🔄 Identity reset
[01:17:04] 🧠 New identity created
[01:17:04] [2/445] CXKR
[01:17:06] [3/445] SROP
[01:17:07] [4/445] GTSV
[01:17:08] [5/445] SNTY
[01:17:08] [6/445] SMYY
[01:17:09] [7/445] CNCS
[01:17:10] [8/445] CSTM
[01:17:11] [9/445] NUCD
[01:17:11] 🔄 Identity reset
[01:17:11] 🔄 Identity rotated (every 10 requests)
[01:17:12] [10/445] SHCZ
[01:17:13] [11/445] NJCT
[01:17:14] [12/445] COPC
[01:17:15] [13/445] STVV
[01:17:16] [14/445] SKRN
[01:17:17] [15/445] APPZ
[01:17:18] [16/445] YMGN
[01:17:19] [17/445] SVTU
[01:17:20] [18/445] GTAD
[01:17:20] [19/445] PSUS
[01:17:21] 🔄 Identity reset
[01:17:21] 🔄 Identity rotated (every 10 requests)
[01:17:21] 🔄 Retry 1/5 for PSUS in 2.2s
[01:17:21] 🔄 Identity reset
[01:17:23] 🧠 New identity created
[01:17:24] [20/445] SMCD
[01:17:25] [21/445] CMCM
[01:17:26] [22/445] SYCT
[01:17:27] [23/445] STLY
[01:17:28] [24/445] CMHU
[01:17:28] [25/445] CMSA
[01:17:29] [26/445] CLCU
[01:17:30] [27/445] PPNT
[01:17:31] [28/445] JTAB
[01:17:32] 🔄 Identity reset
[01:17:32] 🔄 Identity rotated (every 10 requests)
[01:17:32] 🔄 Retry 1/5 for JTAB in 2.3s
[01:17:32] 🔄 Identity reset
[01:17:34] 🧠 New identity created
[01:17:34] [29/445] BUUC
[01:17:35] [30/445] BSVK
[01:17:36] [31/445] VVVQ
[01:17:37] [32/445] TKMU
[01:17:38] [33/445] ESYL
[01:17:38] [34/445] ACHP
[01:17:40] [35/445] BTKD
[01:17:41] [36/445] DESA
[01:17:42] [37/445] GBCT
[01:17:43] 🔄 Identity reset
[01:17:43] 🔄 Identity rotated (every 10 requests)
[01:17:44] [38/445] BLLD
[01:17:44] [39/445] SKNT
[01:17:45] [40/445] SSTE
[01:17:46] [41/445] VJMR
[01:17:47] [42/445] NTPU
[01:17:48] [43/445] RDKN
[01:17:49] [44/445] ADGC
[01:17:50] [45/445] VRBP
[01:17:50] [46/445] NMNA
[01:17:51] [47/445] CMMX
[01:17:52] 🔄 Identity reset
[01:17:52] 🔄 Identity rotated (every 10 requests)
[01:17:52] [48/445] PTKO
[01:17:53] [49/445] RBML
[01:17:54] [50/445] SAIC
[01:17:55] [51/445] SVTJ
[01:17:55] [52/445] MRTE
[01:17:57] [53/445] RBTP
[01:17:57] [54/445] NLPS
[01:17:59] [55/445] GTNA
[01:18:00] [56/445] DGGC
[01:18:01] [57/445] SMCR
[01:18:01] 🔄 Identity reset
[01:18:01] 🔄 Identity rotated (every 10 requests)
[01:18:01] [58/445] SCGD
[01:18:02] [59/445] SRRJ
[01:18:03] [60/445] CNRY
[01:18:04] [61/445] KTDI
[01:18:05] [62/445] SNJL
[01:18:06] [63/445] RKMD
[01:18:07] [64/445] SMDC
[01:18:08] [65/445] TADG
[01:18:09] [66/445] MCGS
[01:18:10] [67/445] PETK
[01:18:11] 🔄 Identity reset
[01:18:11] 🔄 Identity rotated (every 10 requests)
[01:18:11] [68/445] CHAG
[01:18:13] [69/445] KSTL
[01:18:13] [70/445] AADS
[01:18:14] [71/445] NTHZ
[01:18:15] [72/445] HCKI
[01:18:16] [73/445] SSEF
[01:18:17] [74/445] MCGX
[01:18:18] [75/445] ERRA
[01:18:18] [76/445] SDTW
[01:18:19] [77/445] RMPK
[01:18:20] 🔄 Identity reset
[01:18:20] 🔄 Identity rotated (every 10 requests)
[01:18:20] [78/445] PTHK
[01:18:21] [79/445] PXCS
[01:18:22] [80/445] SVLU
[01:18:23] [81/445] STAH
[01:18:24] [82/445] JRGF
[01:18:25] [83/445] CDOK
[01:18:26] [84/445] CMSG
[01:18:27] [85/445] APTD
[01:18:28] [86/445] KMPG
[01:18:28] [87/445] MUTJ
[01:18:29] 🔄 Identity reset
[01:18:29] 🔄 Identity rotated (every 10 requests)
[01:18:29] [88/445] VCCI
[01:18:30] [89/445] URBE
[01:18:31] [90/445] TCTS
[01:18:32] [91/445] STSN
[01:18:32] [92/445] AKCH
[01:18:33] [93/445] APSC
[01:18:35] [94/445] VLTB
[01:18:36] [95/445] SANU
[01:18:37] [96/445] AXAM
[01:18:37] [97/445] MGMG
[01:18:38] 🔄 Identity reset
[01:18:38] 🔄 Identity rotated (every 10 requests)
[01:18:38] 🔄 Retry 1/5 for MGMG in 2.6s
[01:18:38] 🔄 Identity reset
[01:18:41] 🧠 New identity created
[01:18:41] [98/445] HTBY
[01:18:42] [99/445] MMZS
[01:18:42] [100/445] SUDR
[01:18:43] [101/445] CCAD
[01:18:44] [102/445] SKKC
[01:18:45] [103/445] RMCD
[01:18:46] [104/445] SBCQ
[01:18:46] [105/445] DCCT
[01:18:47] [106/445] VTKP
[01:18:48] 🔄 Identity reset
[01:18:48] 🔄 Identity rotated (every 10 requests)
[01:18:49] [107/445] MLAM
[01:18:50] [108/445] SAVT
[01:18:51] [109/445] GEPL
[01:18:51] [110/445] AMCD
[01:18:52] [111/445] CCXR
[01:18:53] [112/445] GRNG
[01:18:54] [113/445] EBCA
[01:18:55] [114/445] CNVG
[01:18:56] [115/445] MWSS
[01:18:57] [116/445] VBOR
[01:18:57] 🔄 Identity reset
[01:18:57] 🔄 Identity rotated (every 10 requests)
[01:18:57] [117/445] NEEB
[01:18:59] [118/445] SUTH
[01:19:00] [119/445] ANDB
[01:19:01] [120/445] MMXS
[01:19:02] [121/445] CNPD
[01:19:03] [122/445] SDCE
[01:19:04] [123/445] DHCB
[01:19:04] [124/445] ODEN
[01:19:05] [125/445] TNTC
[01:19:06] [126/445] VBKM
[01:19:07] 🔄 Identity reset
[01:19:07] 🔄 Identity rotated (every 10 requests)
[01:19:07] [127/445] RZYM
[01:19:08] [128/445] JEMC
[01:19:09] [129/445] CMAU
[01:19:10] [130/445] SIVP
[01:19:10] [131/445] ATAG
[01:19:11] [132/445] CHTM
[01:19:13] [133/445] AAEE
[01:19:14] [134/445] IWPM
[01:19:15] [135/445] KCMW
[01:19:15] [136/445] MCTD
[01:19:16] 🔄 Identity reset
[01:19:16] 🔄 Identity rotated (every 10 requests)
[01:19:16] 🔄 Retry 1/5 for MCTD in 2.5s
[01:19:16] 🔄 Identity reset
[01:19:19] 🧠 New identity created
[01:19:19] 🔄 Retry 2/5 for MCTD in 4.7s
[01:19:19] 🔄 Identity reset
[01:19:23] 🧠 New identity created
[01:19:24] [137/445] SPWR
[01:19:24] [138/445] SDPO
[01:19:25] [139/445] PCSK
[01:19:26] [140/445] ACHV
[01:19:27] [141/445] SVLA
[01:19:28] [142/445] PICT
[01:19:29] [143/445] BXDR
[01:19:30] [144/445] SPWA
[01:19:31] 🔄 Identity reset
[01:19:31] 🔄 Identity rotated (every 10 requests)
[01:19:31] 🔄 Retry 1/5 for SPWA in 2.3s
[01:19:31] 🔄 Identity reset
[01:19:33] 🧠 New identity created
[01:19:33] [145/445] MCKO
[01:19:35] [146/445] RTHK
[01:19:36] [147/445] CCMF
[01:19:37] [148/445] MRGB
[01:19:37] [149/445] CPLC
[01:19:38] [150/445] RACD
[01:19:39] [151/445] ATKT
[01:19:40] [152/445] SARN
[01:19:41] [153/445] KKUI
[01:19:41] 🔄 Identity reset
[01:19:41] 🔄 Identity rotated (every 10 requests)
[01:19:41] 🔄 Retry 1/5 for KKUI in 2.2s
[01:19:41] 🔄 Identity reset
[01:19:43] 🧠 New identity created
[01:19:44] [154/445] RGCM
[01:19:45] [155/445] BRVP
[01:19:45] [156/445] HRSR
[01:19:46] [157/445] GKGM
[01:19:47] [158/445] TTCD
[01:19:48] [159/445] PTTI
[01:19:49] [160/445] MPTT
[01:19:50] [161/445] CVTT
[01:19:51] [162/445] PCXD
[01:19:51] 🔄 Identity reset
[01:19:51] 🔄 Identity rotated (every 10 requests)
[01:19:51] [163/445] GCDC
[01:19:52] [164/445] CCCF
[01:19:53] [165/445] MRAD
[01:19:54] [166/445] CPLK
[01:19:55] [167/445] SATB
[01:19:56] [168/445] SNVG
[01:19:56] [169/445] JMBA
[01:19:57] [170/445] TEJA
[01:19:58] [171/445] STYO
[01:19:59] [172/445] JTBP
[01:20:00] 🔄 Identity reset
[01:20:00] 🔄 Identity rotated (every 10 requests)
[01:20:00] 🔄 Retry 1/5 for JTBP in 2.5s
[01:20:00] 🔄 Identity reset
[01:20:02] 🧠 New identity created
[01:20:03] [173/445] KRGD
[01:20:03] [174/445] SLJJ
[01:20:04] [175/445] SPTJ
[01:20:05] [176/445] SWJG
[01:20:06] [177/445] LKRT
[01:20:07] [178/445] KCKA
[01:20:08] [179/445] SNCR
[01:20:09] [180/445] SMKL
[01:20:10] [181/445] GCFA
[01:20:10] 🔄 Identity reset
[01:20:10] 🔄 Identity rotated (every 10 requests)
[01:20:10] 🔄 Retry 1/5 for GCFA in 2.2s
[01:20:10] 🔄 Identity reset
[01:20:12] 🧠 New identity created
[01:20:13] [182/445] DDCK
[01:20:14] [183/445] NCHJ
[01:20:14] [184/445] RDMA
[01:20:15] [185/445] SVSV
[01:20:17] [186/445] SCJG
[01:20:17] [187/445] VKLP
[01:20:18] [188/445] NWCC
[01:20:20] [189/445] VKNS
[01:20:21] [190/445] SDDP
[01:20:21] 🔄 Identity reset
[01:20:21] 🔄 Identity rotated (every 10 requests)
[01:20:22] [191/445] ACSI
[01:20:23] [192/445] SATG
[01:20:23] [193/445] SCMW
[01:20:24] [194/445] LKTK
[01:20:25] [195/445] VCKV
[01:20:26] [196/445] KKPE
[01:20:27] [197/445] KIGH
[01:20:28] [198/445] SRPM
[01:20:29] [199/445] SCAH
[01:20:30] [200/445] MUTA
[01:20:30] 🔄 Identity reset
[01:20:30] 🔄 Identity rotated (every 10 requests)
[01:20:30] 🔄 Retry 1/5 for MUTA in 2.2s
[01:20:30] 🔄 Identity reset
[01:20:32] 🧠 New identity created
[01:20:33] [201/445] SEPU
[01:20:34] [202/445] INOA
[01:20:34] [203/445] BASK
[01:20:35] [204/445] NECB
[01:20:36] [205/445] GTTG
[01:20:38] [206/445] ASSA
[01:20:39] [207/445] ANCL
[01:20:39] [208/445] GCTI
[01:20:40] [209/445] RCTS
[01:20:41] 🔄 Identity reset
[01:20:41] 🔄 Identity rotated (every 10 requests)
[01:20:41] 🔄 Retry 1/5 for RCTS in 2.6s
[01:20:41] 🔄 Identity reset
[01:20:44] 🧠 New identity created
[01:20:44] [210/445] ACNL
[01:20:45] [211/445] MYCT
[01:20:46] [212/445] NMHT
[01:20:46] [213/445] MDIT
[01:20:47] [214/445] LATG
[01:20:48] [215/445] SMTY
[01:20:49] [216/445] CVCT
[01:20:50] [217/445] RAMB
[01:20:51] [218/445] TGMS
[01:20:52] 🔄 Identity reset
[01:20:52] 🔄 Identity rotated (every 10 requests)
[01:20:52] [219/445] BHEL
[01:20:53] [220/445] SHCT
[01:20:54] [221/445] SVCT
[01:20:55] [222/445] MRIY
[01:20:55] [223/445] SARO
[01:20:56] [224/445] STCT
[01:20:57] [225/445] JKKC
[01:20:58] [226/445] PLTT
[01:20:59] [227/445] SRNT
[01:21:00] [228/445] YAST
[01:21:00] 🔄 Identity reset
[01:21:00] 🔄 Identity rotated (every 10 requests)
[01:21:00] [229/445] PERL
[01:21:01] [230/445] CICM
[01:21:03] [231/445] MMTR
[01:21:04] [232/445] ABTK
[01:21:04] [233/445] ATYY
[01:21:05] [234/445] ASTK
[01:21:06] [235/445] VVCK
[01:21:07] [236/445] ATKY
[01:21:08] [237/445] GWEK
[01:21:09] [238/445] SVFH
[01:21:09] 🔄 Identity reset
[01:21:09] 🔄 Identity rotated (every 10 requests)
[01:21:10] [239/445] SLTA
[01:21:12] [240/445] AASH
[01:21:12] [241/445] ACXB
[01:21:13] [242/445] SMTX
[01:21:14] [243/445] AZDH
[01:21:15] [244/445] CMMH
[01:21:16] [245/445] SCSZ
[01:21:17] [246/445] SCKP
[01:21:18] [247/445] NXTM
[01:21:18] [248/445] NWCS
[01:21:19] 🔄 Identity reset
[01:21:19] 🔄 Identity rotated (every 10 requests)
[01:21:19] [249/445] CXMH
[01:21:20] [250/445] PCMA
[01:21:21] [251/445] SGCM
[01:21:22] [252/445] SDTU
[01:21:23] [253/445] MMVI
[01:21:24] [254/445] JKCM
[01:21:24] [255/445] VCMM
[01:21:26] [256/445] SYEE
[01:21:27] [257/445] VASD
[01:21:28] [258/445] BDRB
[01:21:28] 🔄 Identity reset
[01:21:28] 🔄 Identity rotated (every 10 requests)
[01:21:28] 🔄 Retry 1/5 for BDRB in 2.9s
[01:21:28] 🔄 Identity reset
[01:21:31] 🧠 New identity created
[01:21:31] [259/445] LASM
[01:21:32] [260/445] DCRL
[01:21:33] [261/445] DVPM
[01:21:34] [262/445] SBMJ
[01:21:35] [263/445] CBMU
[01:21:36] [264/445] IUBS
[01:21:37] [265/445] INAP
[01:21:38] [266/445] SRRC
[01:21:39] [267/445] SAGR
[01:21:40] 🔄 Identity reset
[01:21:40] 🔄 Identity rotated (every 10 requests)
[01:21:40] [268/445] CPMJ
[01:21:41] [269/445] ATJL
[01:21:41] [270/445] NNTD
[01:21:42] [271/445] JHCJ
[01:21:43] [272/445] CMMP
[01:21:44] [273/445] RSDR
[01:21:45] [274/445] AMTI
[01:21:46] [275/445] NYSG
[01:21:48] [276/445] AVSG
[01:21:49] [277/445] SYTP
[01:21:49] 🔄 Identity reset
[01:21:49] 🔄 Identity rotated (every 10 requests)
[01:21:50] [278/445] LARC
[01:21:50] [279/445] RJTP
[01:21:51] [280/445] LAKC
[01:21:52] [281/445] MCXE
[01:21:53] [282/445] CCZC
[01:21:54] [283/445] AVCH
[01:21:55] [284/445] CMBE
[01:21:55] [285/445] MRRC
[01:21:56] [286/445] PCPY
[01:21:57] [287/445] SRMH
[01:21:58] 🔄 Identity reset
[01:21:58] 🔄 Identity rotated (every 10 requests)
[01:21:58] [288/445] SVGS
[01:21:59] [289/445] PCSE
[01:22:00] [290/445] SVFT
[01:22:01] [291/445] TNZP
[01:22:02] [292/445] ICTP
[01:22:03] [293/445] ACTZ
[01:22:04] [294/445] GTUR
[01:22:04] [295/445] MAFC
[01:22:05] [296/445] MINL
[01:22:06] [297/445] MRCL
[01:22:07] 🔄 Identity reset
[01:22:07] 🔄 Identity rotated (every 10 requests)
[01:22:07] [298/445] RCRP
[01:22:08] [299/445] RFFG
[01:22:09] [300/445] RMAS
[01:22:11] [301/445] INVR
[01:22:12] [302/445] RMAR
[01:22:13] [303/445] CNIS
[01:22:14] [304/445] RHRJ
[01:22:15] [305/445] INXR
[01:22:16] [306/445] VALT
[01:22:17] [307/445] LCSH
[01:22:18] 🔄 Identity reset
[01:22:18] 🔄 Identity rotated (every 10 requests)
[01:22:18] 🔄 Retry 1/5 for LCSH in 2.7s
[01:22:18] 🔄 Identity reset
[01:22:20] 🧠 New identity created
[01:22:21] [308/445] CMVS
[01:22:22] [309/445] CNMS
[01:22:23] [310/445] ROOG
[01:22:24] [311/445] ISRM
[01:22:25] [312/445] RCRM
[01:22:26] [313/445] ACJA
[01:22:27] [314/445] RCVS
[01:22:28] [315/445] CPUS
[01:22:29] [316/445] TGCS
[01:22:29] 🔄 Identity reset
[01:22:29] 🔄 Identity rotated (every 10 requests)
[01:22:29] [317/445] RKCJ
[01:22:30] [318/445] MKSB
[01:22:31] [319/445] TCSJ
[01:22:32] [320/445] RMGP
[01:22:33] [321/445] CLLP
[01:22:34] [322/445] RCMV
[01:22:34] [323/445] CCKS
[01:22:35] [324/445] RSRP
[01:22:36] [325/445] APLP
[01:22:37] [326/445] CNVS
[01:22:37] 🔄 Identity reset
[01:22:37] 🔄 Identity rotated (every 10 requests)
[01:22:38] [327/445] RMVY
[01:22:39] [328/445] PGBD
[01:22:40] [329/445] KLMS
[01:22:41] [330/445] RUST
[01:22:42] [331/445] MASM
[01:22:42] [332/445] BACS
[01:22:43] [333/445] BWST
[01:22:44] [334/445] RRFH
[01:22:45] [335/445] SJTM
[01:22:46] [336/445] BEMR
[01:22:47] 🔄 Identity reset
[01:22:47] 🔄 Identity rotated (every 10 requests)
[01:22:47] [337/445] MCGR
[01:22:48] [338/445] SDSK
[01:22:48] [339/445] VBOL
[01:22:49] [340/445] RMGM
[01:22:50] [341/445] NOPL
[01:22:51] [342/445] MKJK
[01:22:52] [343/445] CVRN
[01:22:53] [344/445] MMEN
[01:22:54] [345/445] AMNG
[01:22:56] [346/445] INTM
[01:22:56] 🔄 Identity reset
[01:22:57] 🔄 Identity rotated (every 10 requests)
[01:22:57] [347/445] SLCZ
[01:22:58] [348/445] AMJN
[01:22:59] [349/445] ACJN
[01:23:00] [350/445] AMKN
[01:23:01] [351/445] BTCN
[01:23:02] [352/445] AMBT
[01:23:03] [353/445] PACN
[01:23:04] [354/445] LCNS
[01:23:05] [355/445] PPKC
[01:23:05] [356/445] JYYN
[01:23:06] 🔄 Identity reset
[01:23:06] 🔄 Identity rotated (every 10 requests)
[01:23:06] [357/445] JTNR
[01:23:07] [358/445] GTEE
[01:23:08] [359/445] SRNM
[01:23:09] [360/445] SDTC
[01:23:10] [361/445] VPCA
[01:23:11] [362/445] VLRA
[01:23:12] [363/445] SHKR
[01:23:13] [364/445] SBKD
[01:23:14] [365/445] SAAD
[01:23:14] [366/445] JTGN
[01:23:15] 🔄 Identity reset
[01:23:15] 🔄 Identity rotated (every 10 requests)
[01:23:15] [367/445] SLAM
[01:23:17] [368/445] VTPM
[01:23:18] [369/445] ANPT
[01:23:19] [370/445] PUNB
[01:23:20] [371/445] CPKT
[01:23:20] [372/445] CNWE
[01:23:21] [373/445] ECPP
[01:23:22] [374/445] CPAR
[01:23:24] [375/445] ESBW
[01:23:24] [376/445] PKPU
[01:23:25] 🔄 Identity reset
[01:23:25] 🔄 Identity rotated (every 10 requests)
[01:23:25] [377/445] CPRP
[01:23:26] [378/445] RAHU
[01:23:27] [379/445] RHMN
[01:23:28] [380/445] FMJP
[01:23:30] [381/445] CTMP
[01:23:31] [382/445] INPN
[01:23:32] [383/445] STTG
[01:23:33] [384/445] CTRD
[01:23:34] [385/445] PUVB
[01:23:35] [386/445] ESVP
[01:23:36] 🔄 Identity reset
[01:23:36] 🔄 Identity rotated (every 10 requests)
[01:23:36] [387/445] CPFT
[01:23:37] [388/445] LCPC
[01:23:38] [389/445] VBCT
[01:23:38] [390/445] FSCW
[01:23:39] [391/445] VCMP
[01:23:40] [392/445] ASHC
[01:23:41] [393/445] VLCX
[01:23:42] [394/445] SHEV
[01:23:43] [395/445] APCO
[01:23:44] [396/445] SILC
[01:23:44] 🔄 Identity reset
[01:23:44] 🔄 Identity rotated (every 10 requests)
[01:23:45] [397/445] SNMR
[01:23:45] [398/445] KYBO
[01:23:46] [399/445] SATK
[01:23:47] [400/445] SSCS
[01:23:48] [401/445] CLSB
[01:23:49] [402/445] KMJR
[01:23:50] [403/445] FSCK
[01:23:50] [404/445] NNKA
[01:23:51] [405/445] CLMK
[01:23:52] [406/445] DMPZ
[01:23:52] 🔄 Identity reset
[01:23:52] 🔄 Identity rotated (every 10 requests)
[01:23:53] [407/445] INQM
[01:23:53] [408/445] CAML
[01:23:54] [409/445] INRK
[01:23:55] [410/445] IMKN
[01:23:56] [411/445] SVNR
[01:23:57] [412/445] INSL
[01:23:58] [413/445] MSMA
[01:23:59] [414/445] MCKK
[01:24:00] [415/445] FCHP
[01:24:01] [416/445] SFCR
[01:24:02] 🔄 Identity reset
[01:24:02] 🔄 Identity rotated (every 10 requests)
[01:24:02] [417/445] NACK
[01:24:03] [418/445] PVAK
[01:24:04] [419/445] INER
[01:24:05] [420/445] RDBK
[01:24:06] [421/445] SVFN
[01:24:07] [422/445] IFRM
[01:24:08] [423/445] ATCK
[01:24:09] [424/445] ASKO
[01:24:10] [425/445] STKT
[01:24:11] [426/445] SVFB
[01:24:12] 🔄 Identity reset
[01:24:12] 🔄 Identity rotated (every 10 requests)
[01:24:12] [427/445] INKS
[01:24:13] [428/445] PCRA
[01:24:13] [429/445] ATJA
[01:24:14] [430/445] IMJN
[01:24:15] [431/445] INHD
[01:24:17] [432/445] BARA
[01:24:18] [433/445] MCSL
[01:24:18] [434/445] RTOY
[01:24:19] [435/445] MENO
[01:24:20] [436/445] PUDM
[01:24:21] 🔄 Identity reset
[01:24:21] 🔄 Identity rotated (every 10 requests)
[01:24:21] [437/445] PRCN
[01:24:22] [438/445] JMJR
[01:24:23] [439/445] SSGK
[01:24:24] [440/445] SSRL
[01:24:25] [441/445] JYKL
[01:24:25] [442/445] ACNB
[01:24:26] [443/445] SONP
[01:24:27] [444/445] EMCI
[01:24:28] [445/445] MRJH
[01:24:29] ✅ DONE | Shows=0 | Movies=0
[02:02:18] 🚀 BMS DAILY TRACKER STARTED (enhanced anti‑detection)
[02:02:18] [1/445] TGMR
[02:02:18] 🧠 New identity created
[02:02:19] [2/445] CXKR
[02:02:19] [3/445] SROP
[02:02:20] [4/445] GTSV
[02:02:21] [5/445] SNTY
[02:02:22] [6/445] SMYY
[02:02:22] [7/445] CNCS
[02:02:23] [8/445] CSTM
[02:02:23] [9/445] NUCD
[02:02:24] [10/445] SHCZ
[02:02:25] 🔄 Identity reset
[02:02:25] 🔄 Identity rotated (every 10 requests)
[02:02:25] [11/445] NJCT
[02:02:25] [12/445] COPC
[02:02:26] [13/445] STVV
[02:02:27] [14/445] SKRN
[02:02:27] [15/445] APPZ
[02:02:28] [16/445] YMGN
[02:02:28] [17/445] SVTU
[02:02:29] [18/445] GTAD
[02:02:30] [19/445] PSUS
[02:02:30] [20/445] SMCD
[02:02:31] 🔄 Identity reset
[02:02:31] 🔄 Identity rotated (every 10 requests)
[02:02:31] [21/445] CMCM
[02:02:32] [22/445] SYCT
[02:02:33] [23/445] STLY
[02:02:33] [24/445] CMHU
[02:02:34] [25/445] CMSA
[02:02:34] [26/445] CLCU
[02:02:35] [27/445] PPNT
[02:02:36] [28/445] JTAB
[02:02:37] [29/445] BUUC
[02:02:37] [30/445] BSVK
[02:02:38] 🔄 Identity reset
[02:02:38] 🔄 Identity rotated (every 10 requests)
[02:02:38] [31/445] VVVQ
[02:02:39] [32/445] TKMU
[02:02:39] [33/445] ESYL
[02:02:40] [34/445] ACHP
[02:02:41] [35/445] BTKD
[02:02:42] [36/445] DESA
[02:02:42] [37/445] GBCT
[02:02:43] [38/445] BLLD
[02:02:44] [39/445] SKNT
[02:02:44] [40/445] SSTE
[02:02:45] 🔄 Identity reset
[02:02:45] 🔄 Identity rotated (every 10 requests)
[02:02:45] [41/445] VJMR
[02:02:45] [42/445] NTPU
[02:02:46] [43/445] RDKN
[02:02:46] [44/445] ADGC
[02:02:47] [45/445] VRBP
[02:02:48] [46/445] NMNA
[02:02:48] [47/445] CMMX
[02:02:49] [48/445] PTKO
[02:02:50] [49/445] RBML
[02:02:50] [50/445] SAIC
[02:02:51] 🔄 Identity reset
[02:02:51] 🔄 Identity rotated (every 10 requests)
[02:02:51] [51/445] SVTJ
[02:02:52] [52/445] MRTE
[02:02:52] [53/445] RBTP
[02:02:53] [54/445] NLPS
[02:02:53] [55/445] GTNA
[02:02:54] [56/445] DGGC
[02:02:55] [57/445] SMCR
[02:02:55] [58/445] SCGD
[02:02:56] [59/445] SRRJ
[02:02:57] [60/445] CNRY
[02:02:57] 🔄 Identity reset
[02:02:57] 🔄 Identity rotated (every 10 requests)
[02:02:57] [61/445] KTDI
[02:02:58] [62/445] SNJL
[02:02:59] [63/445] RKMD
[02:03:00] [64/445] SMDC
[02:03:00] [65/445] TADG
[02:03:01] [66/445] MCGS
[02:03:02] [67/445] PETK
[02:03:03] [68/445] CHAG
[02:03:03] [69/445] KSTL
[02:03:04] [70/445] AADS
[02:03:04] 🔄 Identity reset
[02:03:04] 🔄 Identity rotated (every 10 requests)
[02:03:05] 🔄 Retry 1/5 for AADS in 2.1s
[02:03:05] 🔄 Identity reset
[02:03:07] 🧠 New identity created
[02:03:07] 🔄 Retry 2/5 for AADS in 4.1s
[02:03:07] 🔄 Identity reset
[02:03:11] 🧠 New identity created
[02:03:11] [71/445] NTHZ
[02:03:12] [72/445] HCKI
[02:03:12] [73/445] SSEF
[02:03:13] [74/445] MCGX
[02:03:14] [75/445] ERRA
[02:03:14] [76/445] SDTW
[02:03:15] [77/445] RMPK
[02:03:16] [78/445] PTHK
[02:03:17] 🔄 Identity reset
[02:03:17] 🔄 Identity rotated (every 10 requests)
[02:03:17] [79/445] PXCS
[02:03:17] [80/445] SVLU
[02:03:18] [81/445] STAH
[02:03:19] [82/445] JRGF
[02:03:19] [83/445] CDOK
[02:03:20] [84/445] CMSG
[02:03:21] [85/445] APTD
[02:03:21] [86/445] KMPG
[02:03:22] [87/445] MUTJ
[02:03:22] [88/445] VCCI
[02:03:23] 🔄 Identity reset
[02:03:23] 🔄 Identity rotated (every 10 requests)
[02:03:23] [89/445] URBE
[02:03:24] [90/445] TCTS
[02:03:24] [91/445] STSN
[02:03:25] [92/445] AKCH
[02:03:26] [93/445] APSC
[02:03:27] [94/445] VLTB
[02:03:27] [95/445] SANU
[02:03:28] [96/445] AXAM
[02:03:29] [97/445] MGMG
[02:03:29] [98/445] HTBY
[02:03:30] 🔄 Identity reset
[02:03:30] 🔄 Identity rotated (every 10 requests)
[02:03:30] [99/445] MMZS
[02:03:31] [100/445] SUDR
[02:03:31] [101/445] CCAD
[02:03:32] [102/445] SKKC
[02:03:33] [103/445] RMCD
[02:03:33] [104/445] SBCQ
[02:03:34] [105/445] DCCT
[02:03:35] [106/445] VTKP
[02:03:35] [107/445] MLAM
[02:03:36] [108/445] SAVT
[02:03:37] 🔄 Identity reset
[02:03:37] 🔄 Identity rotated (every 10 requests)
[02:03:37] [109/445] GEPL
[02:03:38] [110/445] AMCD
[02:03:38] [111/445] CCXR
[02:03:39] [112/445] GRNG
[02:03:40] [113/445] EBCA
[02:03:40] [114/445] CNVG
[02:03:41] [115/445] MWSS
[02:03:41] [116/445] VBOR
[02:03:42] [117/445] NEEB
[02:03:43] [118/445] SUTH
[02:03:44] 🔄 Identity reset
[02:03:44] 🔄 Identity rotated (every 10 requests)
[02:03:44] [119/445] ANDB
[02:03:44] [120/445] MMXS
[02:03:45] [121/445] CNPD
[02:03:46] [122/445] SDCE
[02:03:47] [123/445] DHCB
[02:03:47] [124/445] ODEN
[02:03:48] [125/445] TNTC
[02:03:49] [126/445] VBKM
[02:03:49] [127/445] RZYM
[02:03:50] [128/445] JEMC
[02:03:50] 🔄 Identity reset
[02:03:50] 🔄 Identity rotated (every 10 requests)
[02:03:50] [129/445] CMAU
[02:03:51] [130/445] SIVP
[02:03:51] [131/445] ATAG
[02:03:52] [132/445] CHTM
[02:03:53] [133/445] AAEE
[02:03:53] [134/445] IWPM
[02:03:54] [135/445] KCMW
[02:03:55] [136/445] MCTD
[02:03:56] [137/445] SPWR
[02:03:56] [138/445] SDPO
[02:03:57] 🔄 Identity reset
[02:03:57] 🔄 Identity rotated (every 10 requests)
[02:03:57] [139/445] PCSK
[02:03:58] [140/445] ACHV
[02:03:58] [141/445] SVLA
[02:03:59] [142/445] PICT
[02:04:00] [143/445] BXDR
[02:04:00] [144/445] SPWA
[02:04:01] [145/445] MCKO
[02:04:02] [146/445] RTHK
[02:04:02] [147/445] CCMF
[02:04:03] [148/445] MRGB
[02:04:04] 🔄 Identity reset
[02:04:04] 🔄 Identity rotated (every 10 requests)
[02:04:04] 🔄 Retry 1/5 for MRGB in 2.9s
[02:04:04] 🔄 Identity reset
[02:04:07] 🧠 New identity created
[02:04:07] [149/445] CPLC
[02:04:07] [150/445] RACD
[02:04:08] [151/445] ATKT
[02:04:09] [152/445] SARN
[02:04:09] [153/445] KKUI
[02:04:10] [154/445] RGCM
[02:04:10] [155/445] BRVP
[02:04:11] [156/445] HRSR
[02:04:12] [157/445] GKGM
[02:04:12] 🔄 Identity reset
[02:04:12] 🔄 Identity rotated (every 10 requests)
[02:04:12] 🔄 Retry 1/5 for GKGM in 2.9s
[02:04:12] 🔄 Identity reset
[02:04:15] 🧠 New identity created
[02:04:15] [158/445] TTCD
[02:04:16] [159/445] PTTI
[02:04:16] [160/445] MPTT
[02:04:17] [161/445] CVTT
[02:04:18] [162/445] PCXD
[02:04:18] [163/445] GCDC
[02:04:19] [164/445] CCCF
[02:04:20] [165/445] MRAD
[02:04:20] [166/445] CPLK
[02:04:21] 🔄 Identity reset
[02:04:21] 🔄 Identity rotated (every 10 requests)
[02:04:21] [167/445] SATB
[02:04:22] [168/445] SNVG
[02:04:23] [169/445] JMBA
[02:04:23] [170/445] TEJA
[02:04:24] [171/445] STYO
[02:04:25] [172/445] JTBP
[02:04:25] [173/445] KRGD
[02:04:26] [174/445] SLJJ
[02:04:27] [175/445] SPTJ
[02:04:27] [176/445] SWJG
[02:04:28] 🔄 Identity reset
[02:04:28] 🔄 Identity rotated (every 10 requests)
[02:04:28] [177/445] LKRT
[02:04:29] [178/445] KCKA
[02:04:29] [179/445] SNCR
[02:04:30] [180/445] SMKL
[02:04:31] [181/445] GCFA
[02:04:31] [182/445] DDCK
[02:04:32] [183/445] NCHJ
[02:04:32] [184/445] RDMA
[02:04:33] [185/445] SVSV
[02:04:34] [186/445] SCJG
[02:04:34] 🔄 Identity reset
[02:04:34] 🔄 Identity rotated (every 10 requests)
[02:04:34] [187/445] VKLP
[02:04:35] [188/445] NWCC
[02:04:36] [189/445] VKNS
[02:04:36] [190/445] SDDP
[02:04:37] [191/445] ACSI
[02:04:38] [192/445] SATG
[02:04:38] [193/445] SCMW
[02:04:39] [194/445] LKTK
[02:04:40] [195/445] VCKV
[02:04:41] [196/445] KKPE
[02:04:41] 🔄 Identity reset
[02:04:41] 🔄 Identity rotated (every 10 requests)
[02:04:41] 🔄 Retry 1/5 for KKPE in 2.7s
[02:04:41] 🔄 Identity reset
[02:04:44] 🧠 New identity created
[02:04:44] [197/445] KIGH
[02:04:45] [198/445] SRPM
[02:04:46] [199/445] SCAH
[02:04:46] [200/445] MUTA
[02:04:47] [201/445] SEPU
[02:04:47] [202/445] INOA
[02:04:48] [203/445] BASK
[02:04:49] [204/445] NECB
[02:04:50] [205/445] GTTG
[02:04:50] 🔄 Identity reset
[02:04:50] 🔄 Identity rotated (every 10 requests)
[02:04:50] [206/445] ASSA
[02:04:51] [207/445] ANCL
[02:04:52] [208/445] GCTI
[02:04:52] [209/445] RCTS
[02:04:53] [210/445] ACNL
[02:04:53] [211/445] MYCT
[02:04:54] [212/445] NMHT
[02:04:55] [213/445] MDIT
[02:04:55] [214/445] LATG
[02:04:56] [215/445] SMTY
[02:04:56] 🔄 Identity reset
[02:04:57] 🔄 Identity rotated (every 10 requests)
[02:04:57] [216/445] CVCT
[02:04:57] [217/445] RAMB
[02:04:58] [218/445] TGMS
[02:04:59] [219/445] BHEL
[02:04:59] [220/445] SHCT
[02:05:00] [221/445] SVCT
[02:05:00] [222/445] MRIY
[02:05:01] [223/445] SARO
[02:05:02] [224/445] STCT
[02:05:02] [225/445] JKKC
[02:05:03] 🔄 Identity reset
[02:05:03] 🔄 Identity rotated (every 10 requests)
[02:05:03] [226/445] PLTT
[02:05:04] [227/445] SRNT
[02:05:05] [228/445] YAST
[02:05:05] [229/445] PERL
[02:05:06] [230/445] CICM
[02:05:07] [231/445] MMTR
[02:05:07] [232/445] ABTK
[02:05:08] [233/445] ATYY
[02:05:09] [234/445] ASTK
[02:05:09] [235/445] VVCK
[02:05:10] 🔄 Identity reset
[02:05:10] 🔄 Identity rotated (every 10 requests)
[02:05:10] [236/445] ATKY
[02:05:11] [237/445] GWEK
[02:05:12] [238/445] SVFH
[02:05:13] [239/445] SLTA
[02:05:13] [240/445] AASH
[02:05:14] [241/445] ACXB
[02:05:15] [242/445] SMTX
[02:05:16] [243/445] AZDH
[02:05:17] [244/445] CMMH
[02:05:18] [245/445] SCSZ
[02:05:18] 🔄 Identity reset
[02:05:18] 🔄 Identity rotated (every 10 requests)
[02:05:18] [246/445] SCKP
[02:05:20] [247/445] NXTM
[02:05:21] [248/445] NWCS
[02:05:22] [249/445] CXMH
[02:05:22] [250/445] PCMA
[02:05:23] [251/445] SGCM
[02:05:24] [252/445] SDTU
[02:05:25] [253/445] MMVI
[02:05:26] [254/445] JKCM
[02:05:27] [255/445] VCMM
[02:05:28] 🔄 Identity reset
[02:05:28] 🔄 Identity rotated (every 10 requests)
[02:05:28] [256/445] SYEE
[02:05:28] [257/445] VASD
[02:05:29] [258/445] BDRB
[02:05:31] [259/445] LASM
[02:05:32] [260/445] DCRL
[02:05:32] [261/445] DVPM
[02:05:33] [262/445] SBMJ
[02:05:34] [263/445] CBMU
[02:05:35] [264/445] IUBS
[02:05:36] [265/445] INAP
[02:05:37] 🔄 Identity reset
[02:05:37] 🔄 Identity rotated (every 10 requests)
[02:05:37] [266/445] SRRC
[02:05:38] [267/445] SAGR
[02:05:39] [268/445] CPMJ
[02:05:39] [269/445] ATJL
[02:05:40] [270/445] NNTD
[02:05:41] [271/445] JHCJ
[02:05:42] [272/445] CMMP
[02:05:43] [273/445] RSDR
[02:05:43] [274/445] AMTI
[02:05:45] [275/445] NYSG
[02:05:46] 🔄 Identity reset
[02:05:46] 🔄 Identity rotated (every 10 requests)
[02:05:46] 🔄 Retry 1/5 for NYSG in 2.2s
[02:05:46] 🔄 Identity reset
[02:05:48] 🧠 New identity created
[02:05:48] 🔄 Retry 2/5 for NYSG in 4.6s
[02:05:48] 🔄 Identity reset
[02:05:53] 🧠 New identity created
[02:05:53] [276/445] AVSG
[02:05:53] [277/445] SYTP
[02:05:54] [278/445] LARC
[02:05:55] [279/445] RJTP
[02:05:55] [280/445] LAKC
[02:05:56] [281/445] MCXE
[02:05:56] [282/445] CCZC
[02:05:57] [283/445] AVCH
[02:05:58] 🔄 Identity reset
[02:05:58] 🔄 Identity rotated (every 10 requests)
[02:05:58] [284/445] CMBE
[02:05:58] [285/445] MRRC
[02:05:59] [286/445] PCPY
[02:06:00] [287/445] SRMH
[02:06:01] [288/445] SVGS
[02:06:01] [289/445] PCSE
[02:06:02] [290/445] SVFT
[02:06:03] [291/445] TNZP
[02:06:03] [292/445] ICTP
[02:06:04] [293/445] ACTZ
[02:06:05] 🔄 Identity reset
[02:06:05] 🔄 Identity rotated (every 10 requests)
[02:06:05] [294/445] GTUR
[02:06:05] [295/445] MAFC
[02:06:06] [296/445] MINL
[02:06:07] [297/445] MRCL
[02:06:08] [298/445] RCRP
[02:06:08] [299/445] RFFG
[02:06:09] [300/445] RMAS
[02:06:10] [301/445] INVR
[02:06:11] [302/445] RMAR
[02:06:12] [303/445] CNIS
[02:06:12] 🔄 Identity reset
[02:06:12] 🔄 Identity rotated (every 10 requests)
[02:06:12] [304/445] RHRJ
[02:06:13] [305/445] INXR
[02:06:14] [306/445] VALT
[02:06:15] [307/445] LCSH
[02:06:16] [308/445] CMVS
[02:06:16] [309/445] CNMS
[02:06:17] [310/445] ROOG
[02:06:18] [311/445] ISRM
[02:06:19] [312/445] RCRM
[02:06:20] [313/445] ACJA
[02:06:20] 🔄 Identity reset
[02:06:20] 🔄 Identity rotated (every 10 requests)
[02:06:20] 🔄 Retry 1/5 for ACJA in 2.5s
[02:06:20] 🔄 Identity reset
[02:06:23] 🧠 New identity created
[02:06:23] [314/445] RCVS
[02:06:23] [315/445] CPUS
[02:06:24] [316/445] TGCS
[02:06:24] [317/445] RKCJ
[02:06:25] [318/445] MKSB
[02:06:26] [319/445] TCSJ
[02:06:26] [320/445] RMGP
[02:06:27] [321/445] CLLP
[02:06:28] [322/445] RCMV
[02:06:28] 🔄 Identity reset
[02:06:28] 🔄 Identity rotated (every 10 requests)
[02:06:29] [323/445] CCKS
[02:06:30] [324/445] RSRP
[02:06:31] [325/445] APLP
[02:06:31] [326/445] CNVS
[02:06:32] [327/445] RMVY
[02:06:33] [328/445] PGBD
[02:06:34] [329/445] KLMS
[02:06:35] [330/445] RUST
[02:06:36] [331/445] MASM
[02:06:37] [332/445] BACS
[02:06:37] 🔄 Identity reset
[02:06:37] 🔄 Identity rotated (every 10 requests)
[02:06:37] [333/445] BWST
[02:06:39] [334/445] RRFH
[02:06:40] [335/445] SJTM
[02:06:40] [336/445] BEMR
[02:06:41] [337/445] MCGR
[02:06:42] [338/445] SDSK
[02:06:43] [339/445] VBOL
[02:06:44] [340/445] RMGM
[02:06:44] [341/445] NOPL
[02:06:45] [342/445] MKJK
[02:06:46] 🔄 Identity reset
[02:06:46] 🔄 Identity rotated (every 10 requests)
[02:06:46] [343/445] CVRN
[02:06:47] [344/445] MMEN
[02:06:48] [345/445] AMNG
[02:06:49] [346/445] INTM
[02:06:49] [347/445] SLCZ
[02:06:50] [348/445] AMJN
[02:06:51] [349/445] ACJN
[02:06:52] [350/445] AMKN
[02:06:53] [351/445] BTCN
[02:06:53] [352/445] AMBT
[02:06:54] 🔄 Identity reset
[02:06:54] 🔄 Identity rotated (every 10 requests)
[02:06:54] [353/445] PACN
[02:06:55] [354/445] LCNS
[02:06:56] [355/445] PPKC
[02:06:57] [356/445] JYYN
[02:06:59] [357/445] JTNR
[02:06:59] [358/445] GTEE
[02:07:00] [359/445] SRNM
[02:07:01] [360/445] SDTC
[02:07:02] [361/445] VPCA
[02:07:03] [362/445] VLRA
[02:07:03] 🔄 Identity reset
[02:07:03] 🔄 Identity rotated (every 10 requests)
[02:07:04] [363/445] SHKR
[02:07:04] [364/445] SBKD
[02:07:05] [365/445] SAAD
[02:07:06] [366/445] JTGN
[02:07:07] [367/445] SLAM
[02:07:08] [368/445] VTPM
[02:07:09] [369/445] ANPT
[02:07:09] [370/445] PUNB
[02:07:10] [371/445] CPKT
[02:07:11] [372/445] CNWE
[02:07:12] 🔄 Identity reset
[02:07:12] 🔄 Identity rotated (every 10 requests)
[02:07:12] [373/445] ECPP
[02:07:13] [374/445] CPAR
[02:07:14] [375/445] ESBW
[02:07:15] [376/445] PKPU
[02:07:16] [377/445] CPRP
[02:07:16] [378/445] RAHU
[02:07:17] [379/445] RHMN
[02:07:18] [380/445] FMJP
[02:07:18] [381/445] CTMP
[02:07:19] [382/445] INPN
[02:07:20] 🔄 Identity reset
[02:07:20] 🔄 Identity rotated (every 10 requests)
[02:07:21] [383/445] STTG
[02:07:22] [384/445] CTRD
[02:07:23] [385/445] PUVB
[02:07:23] [386/445] ESVP
[02:07:24] [387/445] CPFT
[02:07:25] [388/445] LCPC
[02:07:26] [389/445] VBCT
[02:07:27] [390/445] FSCW
[02:07:29] [391/445] VCMP
[02:07:29] [392/445] ASHC
[02:07:30] 🔄 Identity reset
[02:07:30] 🔄 Identity rotated (every 10 requests)
[02:07:30] [393/445] VLCX
[02:07:31] [394/445] SHEV
[02:07:32] [395/445] APCO
[02:07:33] [396/445] SILC
[02:07:34] [397/445] SNMR
[02:07:35] [398/445] KYBO
[02:07:36] [399/445] SATK
[02:07:36] [400/445] SSCS
[02:07:37] [401/445] CLSB
[02:07:38] [402/445] KMJR
[02:07:38] 🔄 Identity reset
[02:07:38] 🔄 Identity rotated (every 10 requests)
[02:07:39] [403/445] FSCK
[02:07:40] [404/445] NNKA
[02:07:40] [405/445] CLMK
[02:07:41] [406/445] DMPZ
[02:07:42] [407/445] INQM
[02:07:43] [408/445] CAML
[02:07:44] [409/445] INRK
[02:07:45] [410/445] IMKN
[02:07:46] [411/445] SVNR
[02:07:47] [412/445] INSL
[02:07:47] 🔄 Identity reset
[02:07:47] 🔄 Identity rotated (every 10 requests)
[02:07:48] [413/445] MSMA
[02:07:49] [414/445] MCKK
[02:07:50] [415/445] FCHP
[02:07:50] [416/445] SFCR
[02:07:52] [417/445] NACK
[02:07:53] [418/445] PVAK
[02:07:53] [419/445] INER
[02:07:54] [420/445] RDBK
[02:07:55] [421/445] SVFN
[02:07:56] [422/445] IFRM
[02:07:56] 🔄 Identity reset
[02:07:56] 🔄 Identity rotated (every 10 requests)
[02:07:57] [423/445] ATCK
[02:07:57] [424/445] ASKO
[02:07:59] [425/445] STKT
[02:08:00] [426/445] SVFB
[02:08:00] [427/445] INKS
[02:08:01] [428/445] PCRA
[02:08:02] [429/445] ATJA
[02:08:03] [430/445] IMJN
[02:08:04] [431/445] INHD
[02:08:04] [432/445] BARA
[02:08:05] 🔄 Identity reset
[02:08:05] 🔄 Identity rotated (every 10 requests)
[02:08:06] [433/445] MCSL
[02:08:07] [434/445] RTOY
[02:08:07] [435/445] MENO
[02:08:08] [436/445] PUDM
[02:08:09] [437/445] PRCN
[02:08:10] [438/445] JMJR
[02:08:11] [439/445] SSGK
[02:08:12] [440/445] SSRL
[02:08:12] [441/445] JYKL
[02:08:13] [442/445] ACNB
[02:08:14] 🔄 Identity reset
[02:08:14] 🔄 Identity rotated (every 10 requests)
[02:08:14] [443/445] SONP
[02:08:15] [444/445] EMCI
[02:08:16] [445/445] MRJH
[02:08:17] ✅ DONE | Shows=0 | Movies=0
[02:17:14] 🚀 BMS DAILY TRACKER STARTED (enhanced anti‑detection)
[02:17:14] [1/445] TGMR
[02:17:15] 🧠 New identity created
[02:17:15] [2/445] CXKR
[02:17:15] [3/445] SROP
[02:17:16] [4/445] GTSV
[02:17:16] [5/445] SNTY
[02:17:17] [6/445] SMYY
[02:17:18] [7/445] CNCS
[02:17:18] [8/445] CSTM
[02:17:19] [9/445] NUCD
[02:17:20] [10/445] SHCZ
[02:17:20] 🔄 Identity reset
[02:17:20] 🔄 Identity rotated (every 10 requests)
[02:17:20] [11/445] NJCT
[02:17:21] [12/445] COPC
[02:17:21] [13/445] STVV
[02:17:22] [14/445] SKRN
[02:17:23] [15/445] APPZ
[02:17:23] [16/445] YMGN
[02:17:24] [17/445] SVTU
[02:17:25] [18/445] GTAD
[02:17:25] [19/445] PSUS
[02:17:26] [20/445] SMCD
[02:17:26] 🔄 Identity reset
[02:17:26] 🔄 Identity rotated (every 10 requests)
[02:17:26] 🔄 Retry 1/5 for SMCD in 2.0s
[02:17:26] 🔄 Identity reset
[02:17:28] 🧠 New identity created
[02:17:29] [21/445] CMCM
[02:17:29] [22/445] SYCT
[02:17:30] [23/445] STLY
[02:17:31] [24/445] CMHU
[02:17:31] [25/445] CMSA
[02:17:32] [26/445] CLCU
[02:17:33] [27/445] PPNT
[02:17:33] [28/445] JTAB
[02:17:34] [29/445] BUUC
[02:17:35] 🔄 Identity reset
[02:17:35] 🔄 Identity rotated (every 10 requests)
[02:17:35] 🔄 Retry 1/5 for BUUC in 2.8s
[02:17:35] 🔄 Identity reset
[02:17:38] 🧠 New identity created
[02:17:38] [30/445] BSVK
[02:17:38] [31/445] VVVQ
[02:17:39] [32/445] TKMU
[02:17:39] [33/445] ESYL
[02:17:40] [34/445] ACHP
[02:17:41] [35/445] BTKD
[02:17:41] [36/445] DESA
[02:17:42] [37/445] GBCT
[02:17:42] [38/445] BLLD
[02:17:43] 🔄 Identity reset
[02:17:43] 🔄 Identity rotated (every 10 requests)
[02:17:43] [39/445] SKNT
[02:17:44] [40/445] SSTE
[02:17:44] [41/445] VJMR
[02:17:45] [42/445] NTPU
[02:17:46] [43/445] RDKN
[02:17:46] [44/445] ADGC
[02:17:47] [45/445] VRBP
[02:17:48] [46/445] NMNA
[02:17:48] [47/445] CMMX
[02:17:49] [48/445] PTKO
[02:17:50] 🔄 Identity reset
[02:17:50] 🔄 Identity rotated (every 10 requests)
[02:17:50] 🔄 Retry 1/5 for PTKO in 2.8s
[02:17:50] 🔄 Identity reset
[02:17:53] 🧠 New identity created
[02:17:53] [49/445] RBML
[02:17:53] [50/445] SAIC
[02:17:54] [51/445] SVTJ
[02:17:55] [52/445] MRTE
[02:17:55] [53/445] RBTP
[02:17:56] [54/445] NLPS
[02:17:57] [55/445] GTNA
[02:17:57] [56/445] DGGC
[02:17:58] [57/445] SMCR
[02:17:58] 🔄 Identity reset
[02:17:58] 🔄 Identity rotated (every 10 requests)
[02:17:59] [58/445] SCGD
[02:17:59] [59/445] SRRJ
[02:18:00] [60/445] CNRY
[02:18:00] [61/445] KTDI
[02:18:01] [62/445] SNJL
[02:18:02] [63/445] RKMD
[02:18:02] [64/445] SMDC
[02:18:03] [65/445] TADG
[02:18:03] [66/445] MCGS
[02:18:04] [67/445] PETK
[02:18:05] 🔄 Identity reset
[02:18:05] 🔄 Identity rotated (every 10 requests)
[02:18:05] 🔄 Retry 1/5 for PETK in 2.4s
[02:18:05] 🔄 Identity reset
[02:18:07] 🧠 New identity created
[02:18:07] 🔄 Retry 2/5 for PETK in 4.6s
[02:18:07] 🔄 Identity reset
[02:18:12] 🧠 New identity created
[02:18:12] [68/445] CHAG
[02:18:13] [69/445] KSTL
[02:18:13] [70/445] AADS
[02:18:14] [71/445] NTHZ
[02:18:14] [72/445] HCKI
[02:18:15] [73/445] SSEF
[02:18:16] [74/445] MCGX
[02:18:16] [75/445] ERRA
[02:18:17] 🔄 Identity reset
[02:18:17] 🔄 Identity rotated (every 10 requests)
[02:18:17] [76/445] SDTW
[02:18:18] [77/445] RMPK
[02:18:18] [78/445] PTHK
[02:18:19] [79/445] PXCS
[02:18:20] [80/445] SVLU
[02:18:20] [81/445] STAH
[02:18:21] [82/445] JRGF
[02:18:22] [83/445] CDOK
[02:18:22] [84/445] CMSG
[02:18:23] [85/445] APTD
[02:18:24] 🔄 Identity reset
[02:18:24] 🔄 Identity rotated (every 10 requests)
[02:18:24] [86/445] KMPG
[02:18:25] [87/445] MUTJ
[02:18:25] [88/445] VCCI
[02:18:26] [89/445] URBE
[02:18:27] [90/445] TCTS
[02:18:27] [91/445] STSN
[02:18:28] [92/445] AKCH
[02:18:28] [93/445] APSC
[02:18:29] [94/445] VLTB
[02:18:30] [95/445] SANU
[02:18:31] 🔄 Identity reset
[02:18:31] 🔄 Identity rotated (every 10 requests)
[02:18:31] [96/445] AXAM
[02:18:31] [97/445] MGMG
[02:18:32] [98/445] HTBY
[02:18:32] [99/445] MMZS
[02:18:33] [100/445] SUDR
[02:18:34] [101/445] CCAD
[02:18:34] [102/445] SKKC
[02:18:35] [103/445] RMCD
[02:18:36] [104/445] SBCQ
[02:18:36] [105/445] DCCT
[02:18:37] 🔄 Identity reset
[02:18:37] 🔄 Identity rotated (every 10 requests)
[02:18:37] [106/445] VTKP
[02:18:38] [107/445] MLAM
[02:18:38] [108/445] SAVT
[02:18:39] [109/445] GEPL
[02:18:39] [110/445] AMCD
[02:18:40] [111/445] CCXR
[02:18:41] [112/445] GRNG
[02:18:41] [113/445] EBCA
[02:18:42] [114/445] CNVG
[02:18:42] [115/445] MWSS
[02:18:43] 🔄 Identity reset
[02:18:43] 🔄 Identity rotated (every 10 requests)
[02:18:43] [116/445] VBOR
[02:18:44] [117/445] NEEB
[02:18:45] [118/445] SUTH
[02:18:45] [119/445] ANDB
[02:18:46] [120/445] MMXS
[02:18:46] [121/445] CNPD
[02:18:47] [122/445] SDCE
[02:18:48] [123/445] DHCB
[02:18:48] [124/445] ODEN
[02:18:49] [125/445] TNTC
[02:18:50] 🔄 Identity reset
[02:18:50] 🔄 Identity rotated (every 10 requests)
[02:18:50] 🔄 Retry 1/5 for TNTC in 2.5s
[02:18:50] 🔄 Identity reset
[02:18:53] 🧠 New identity created
[02:18:53] [126/445] VBKM
[02:18:53] [127/445] RZYM
[02:18:54] [128/445] JEMC
[02:18:55] [129/445] CMAU
[02:18:55] [130/445] SIVP
[02:18:56] [131/445] ATAG
[02:18:57] [132/445] CHTM
[02:18:57] [133/445] AAEE
[02:18:58] [134/445] IWPM
[02:18:59] 🔄 Identity reset
[02:18:59] 🔄 Identity rotated (every 10 requests)
[02:18:59] [135/445] KCMW
[02:18:59] [136/445] MCTD
[02:19:00] [137/445] SPWR
[02:19:00] [138/445] SDPO
[02:19:01] [139/445] PCSK
[02:19:02] [140/445] ACHV
[02:19:03] [141/445] SVLA
[02:19:03] [142/445] PICT
[02:19:04] [143/445] BXDR
[02:19:04] [144/445] SPWA
[02:19:05] 🔄 Identity reset
[02:19:05] 🔄 Identity rotated (every 10 requests)
[02:19:05] 🔄 Retry 1/5 for SPWA in 2.6s
[02:19:05] 🔄 Identity reset
[02:19:07] 🧠 New identity created
[02:19:08] [145/445] MCKO
[02:19:08] [146/445] RTHK
[02:19:09] [147/445] CCMF
[02:19:10] [148/445] MRGB
[02:19:10] [149/445] CPLC
[02:19:11] [150/445] RACD
[02:19:12] [151/445] ATKT
[02:19:12] [152/445] SARN
[02:19:13] [153/445] KKUI
[02:19:13] 🔄 Identity reset
[02:19:13] 🔄 Identity rotated (every 10 requests)
[02:19:14] [154/445] RGCM
[02:19:14] [155/445] BRVP
[02:19:15] [156/445] HRSR
[02:19:16] [157/445] GKGM
[02:19:16] [158/445] TTCD
[02:19:17] [159/445] PTTI
[02:19:18] [160/445] MPTT
[02:19:18] [161/445] CVTT
[02:19:19] [162/445] PCXD
[02:19:20] [163/445] GCDC
[02:19:20] 🔄 Identity reset
[02:19:20] 🔄 Identity rotated (every 10 requests)
[02:19:20] [164/445] CCCF
[02:19:21] [165/445] MRAD
[02:19:22] [166/445] CPLK
[02:19:22] [167/445] SATB
[02:19:23] [168/445] SNVG
[02:19:24] [169/445] JMBA
[02:19:24] [170/445] TEJA
[02:19:25] [171/445] STYO
[02:19:25] [172/445] JTBP
[02:19:26] [173/445] KRGD
[02:19:27] 🔄 Identity reset
[02:19:27] 🔄 Identity rotated (every 10 requests)
[02:19:27] 🔄 Retry 1/5 for KRGD in 2.8s
[02:19:27] 🔄 Identity reset
[02:19:30] 🧠 New identity created
[02:19:30] [174/445] SLJJ
[02:19:30] [175/445] SPTJ
[02:19:31] [176/445] SWJG
[02:19:31] [177/445] LKRT
[02:19:32] [178/445] KCKA
[02:19:33] [179/445] SNCR
[02:19:33] [180/445] SMKL
[02:19:34] [181/445] GCFA
[02:19:35] [182/445] DDCK
[02:19:35] 🔄 Identity reset
[02:19:35] 🔄 Identity rotated (every 10 requests)
[02:19:35] [183/445] NCHJ
[02:19:36] [184/445] RDMA
[02:19:37] [185/445] SVSV
[02:19:38] [186/445] SCJG
[02:19:38] [187/445] VKLP
[02:19:39] [188/445] NWCC
[02:19:39] [189/445] VKNS
[02:19:40] [190/445] SDDP
[02:19:41] [191/445] ACSI
[02:19:41] [192/445] SATG
[02:19:42] 🔄 Identity reset
[02:19:42] 🔄 Identity rotated (every 10 requests)
[02:19:42] [193/445] SCMW
[02:19:43] [194/445] LKTK
[02:19:43] [195/445] VCKV
[02:19:44] [196/445] KKPE
[02:19:45] [197/445] KIGH
[02:19:45] [198/445] SRPM
[02:19:46] [199/445] SCAH
[02:19:47] [200/445] MUTA
[02:19:47] [201/445] SEPU
[02:19:48] [202/445] INOA
[02:19:48] 🔄 Identity reset
[02:19:48] 🔄 Identity rotated (every 10 requests)
[02:19:48] [203/445] BASK
[02:19:49] [204/445] NECB
[02:19:50] [205/445] GTTG
[02:19:50] [206/445] ASSA
[02:19:51] [207/445] ANCL
[02:19:52] [208/445] GCTI
[02:19:52] [209/445] RCTS
[02:19:53] [210/445] ACNL
[02:19:54] [211/445] MYCT
[02:19:54] [212/445] NMHT
[02:19:55] 🔄 Identity reset
[02:19:55] 🔄 Identity rotated (every 10 requests)
[02:19:55] [213/445] MDIT
[02:19:55] [214/445] LATG
[02:19:56] [215/445] SMTY
[02:19:57] [216/445] CVCT
[02:19:58] [217/445] RAMB
[02:19:58] [218/445] TGMS
[02:19:59] [219/445] BHEL
[02:19:59] [220/445] SHCT
[02:20:00] [221/445] SVCT
[02:20:01] [222/445] MRIY
[02:20:01] 🔄 Identity reset
[02:20:01] 🔄 Identity rotated (every 10 requests)
[02:20:02] [223/445] SARO
[02:20:02] [224/445] STCT
[02:20:03] [225/445] JKKC
[02:20:04] [226/445] PLTT
[02:20:04] [227/445] SRNT
[02:20:05] [228/445] YAST
[02:20:06] [229/445] PERL
[02:20:06] [230/445] CICM
[02:20:07] [231/445] MMTR
[02:20:08] [232/445] ABTK
[02:20:08] 🔄 Identity reset
[02:20:08] 🔄 Identity rotated (every 10 requests)
[02:20:08] [233/445] ATYY
[02:20:09] [234/445] ASTK
[02:20:10] [235/445] VVCK
[02:20:10] [236/445] ATKY
[02:20:11] [237/445] GWEK
[02:20:12] [238/445] SVFH
[02:20:12] [239/445] SLTA
[02:20:13] [240/445] AASH
[02:20:13] [241/445] ACXB
[02:20:14] [242/445] SMTX
[02:20:15] 🔄 Identity reset
[02:20:15] 🔄 Identity rotated (every 10 requests)
[02:20:15] [243/445] AZDH
[02:20:15] [244/445] CMMH
[02:20:16] [245/445] SCSZ
[02:20:17] [246/445] SCKP
[02:20:17] [247/445] NXTM
[02:20:18] [248/445] NWCS
[02:20:19] [249/445] CXMH
[02:20:19] [250/445] PCMA
[02:20:20] [251/445] SGCM
[02:20:21] [252/445] SDTU
[02:20:21] 🔄 Identity reset
[02:20:21] 🔄 Identity rotated (every 10 requests)
[02:20:21] [253/445] MMVI
[02:20:22] [254/445] JKCM
[02:20:22] [255/445] VCMM
[02:20:23] [256/445] SYEE
[02:20:23] [257/445] VASD
[02:20:24] [258/445] BDRB
[02:20:25] [259/445] LASM
[02:20:25] [260/445] DCRL
[02:20:26] [261/445] DVPM
[02:20:27] [262/445] SBMJ
[02:20:27] 🔄 Identity reset
[02:20:27] 🔄 Identity rotated (every 10 requests)
[02:20:28] 🔄 Retry 1/5 for SBMJ in 2.4s
[02:20:28] 🔄 Identity reset
[02:20:30] 🧠 New identity created
[02:20:30] [263/445] CBMU
[02:20:31] [264/445] IUBS
[02:20:31] [265/445] INAP
[02:20:32] [266/445] SRRC
[02:20:33] [267/445] SAGR
[02:20:33] [268/445] CPMJ
[02:20:34] [269/445] ATJL
[02:20:35] [270/445] NNTD
[02:20:35] [271/445] JHCJ
[02:20:36] 🔄 Identity reset
[02:20:36] 🔄 Identity rotated (every 10 requests)
[02:20:36] [272/445] CMMP
[02:20:36] [273/445] RSDR
[02:20:37] [274/445] AMTI
[02:20:37] [275/445] NYSG
[02:20:38] [276/445] AVSG
[02:20:39] [277/445] SYTP
[02:20:39] [278/445] LARC
[02:20:40] [279/445] RJTP
[02:20:41] [280/445] LAKC
[02:20:41] [281/445] MCXE
[02:20:42] 🔄 Identity reset
[02:20:42] 🔄 Identity rotated (every 10 requests)
[02:20:42] 🔄 Retry 1/5 for MCXE in 2.2s
[02:20:42] 🔄 Identity reset
[02:20:44] 🧠 New identity created
[02:20:44] [282/445] CCZC
[02:20:45] [283/445] AVCH
[02:20:45] [284/445] CMBE
[02:20:46] [285/445] MRRC
[02:20:47] [286/445] PCPY
[02:20:47] [287/445] SRMH
[02:20:48] [288/445] SVGS
[02:20:49] [289/445] PCSE
[02:20:49] [290/445] SVFT
[02:20:50] 🔄 Identity reset
[02:20:50] 🔄 Identity rotated (every 10 requests)
[02:20:50] [291/445] TNZP
[02:20:50] [292/445] ICTP
[02:20:51] [293/445] ACTZ
[02:20:52] [294/445] GTUR
[02:20:52] [295/445] MAFC
[02:20:53] [296/445] MINL
[02:20:54] [297/445] MRCL
[02:20:54] [298/445] RCRP
[02:20:55] [299/445] RFFG
[02:20:56] [300/445] RMAS
[02:20:56] 🔄 Identity reset
[02:20:56] 🔄 Identity rotated (every 10 requests)
[02:20:56] [301/445] INVR
[02:20:57] [302/445] RMAR
[02:20:57] [303/445] CNIS
[02:20:58] [304/445] RHRJ
[02:20:59] [305/445] INXR
[02:20:59] [306/445] VALT
[02:21:00] [307/445] LCSH
[02:21:01] [308/445] CMVS
[02:21:01] [309/445] CNMS
[02:21:02] [310/445] ROOG
[02:21:03] 🔄 Identity reset
[02:21:03] 🔄 Identity rotated (every 10 requests)
[02:21:03] [311/445] ISRM
[02:21:03] [312/445] RCRM
[02:21:04] [313/445] ACJA
[02:21:05] [314/445] RCVS
[02:21:05] [315/445] CPUS
[02:21:06] [316/445] TGCS
[02:21:06] [317/445] RKCJ
[02:21:07] [318/445] MKSB
[02:21:08] [319/445] TCSJ
[02:21:08] [320/445] RMGP
[02:21:09] 🔄 Identity reset
[02:21:09] 🔄 Identity rotated (every 10 requests)
[02:21:09] 🔄 Retry 1/5 for RMGP in 2.1s
[02:21:09] 🔄 Identity reset
[02:21:11] 🧠 New identity created
[02:21:12] [321/445] CLLP
[02:21:12] [322/445] RCMV
[02:21:13] [323/445] CCKS
[02:21:13] [324/445] RSRP
[02:21:14] [325/445] APLP
[02:21:15] [326/445] CNVS
[02:21:15] [327/445] RMVY
[02:21:16] [328/445] PGBD
[02:21:17] [329/445] KLMS
[02:21:17] 🔄 Identity reset
[02:21:17] 🔄 Identity rotated (every 10 requests)
[02:21:17] 🔄 Retry 1/5 for KLMS in 2.4s
[02:21:17] 🔄 Identity reset
[02:21:20] 🧠 New identity created
[02:21:20] [330/445] RUST
[02:21:20] [331/445] MASM
[02:21:21] [332/445] BACS
[02:21:21] [333/445] BWST
[02:21:22] [334/445] RRFH
[02:21:23] [335/445] SJTM
[02:21:23] [336/445] BEMR
[02:21:24] [337/445] MCGR
[02:21:25] [338/445] SDSK
[02:21:25] 🔄 Identity reset
[02:21:25] 🔄 Identity rotated (every 10 requests)
[02:21:25] 🔄 Retry 1/5 for SDSK in 2.6s
[02:21:25] 🔄 Identity reset
[02:21:28] 🧠 New identity created
[02:21:28] [339/445] VBOL
[02:21:29] [340/445] RMGM
[02:21:29] [341/445] NOPL
[02:21:30] [342/445] MKJK
[02:21:31] [343/445] CVRN
[02:21:31] [344/445] MMEN
[02:21:32] [345/445] AMNG
[02:21:33] [346/445] INTM
[02:21:33] [347/445] SLCZ
[02:21:34] 🔄 Identity reset
[02:21:34] 🔄 Identity rotated (every 10 requests)
[02:21:34] 🔄 Retry 1/5 for SLCZ in 2.4s
[02:21:34] 🔄 Identity reset
[02:21:36] 🧠 New identity created
[02:21:36] 🔄 Retry 2/5 for SLCZ in 5.0s
[02:21:36] 🔄 Identity reset
[02:21:41] 🧠 New identity created
[02:21:42] [348/445] AMJN
[02:21:42] [349/445] ACJN
[02:21:43] [350/445] AMKN
[02:21:44] [351/445] BTCN
[02:21:44] [352/445] AMBT
[02:21:45] [353/445] PACN
[02:21:45] [354/445] LCNS
[02:21:46] [355/445] PPKC
[02:21:47] 🔄 Identity reset
[02:21:47] 🔄 Identity rotated (every 10 requests)
[02:21:47] 🔄 Retry 1/5 for PPKC in 2.3s
[02:21:47] 🔄 Identity reset
[02:21:49] 🧠 New identity created
[02:21:49] [356/445] JYYN
[02:21:50] [357/445] JTNR
[02:21:50] [358/445] GTEE
[02:21:51] [359/445] SRNM
[02:21:52] [360/445] SDTC
[02:21:52] [361/445] VPCA
[02:21:53] [362/445] VLRA
[02:21:53] [363/445] SHKR
[02:21:54] [364/445] SBKD
[02:21:55] 🔄 Identity reset
[02:21:55] 🔄 Identity rotated (every 10 requests)
[02:21:55] [365/445] SAAD
[02:21:55] [366/445] JTGN
[02:21:56] [367/445] SLAM
[02:21:57] [368/445] VTPM
[02:21:58] [369/445] ANPT
[02:21:58] [370/445] PUNB
[02:21:59] [371/445] CPKT
[02:21:59] [372/445] CNWE
[02:22:00] [373/445] ECPP
[02:22:01] [374/445] CPAR
[02:22:02] 🔄 Identity reset
[02:22:02] 🔄 Identity rotated (every 10 requests)
[02:22:02] [375/445] ESBW
[02:22:02] [376/445] PKPU
[02:22:03] [377/445] CPRP
[02:22:04] [378/445] RAHU
[02:22:04] [379/445] RHMN
[02:22:05] [380/445] FMJP
[02:22:05] [381/445] CTMP
[02:22:06] [382/445] INPN
[02:22:07] [383/445] STTG
[02:22:07] [384/445] CTRD
[02:22:08] 🔄 Identity reset
[02:22:08] 🔄 Identity rotated (every 10 requests)
[02:22:08] 🔄 Retry 1/5 for CTRD in 2.4s
[02:22:08] 🔄 Identity reset
[02:22:10] 🧠 New identity created
[02:22:10] [385/445] PUVB
[02:22:11] [386/445] ESVP
[02:22:12] [387/445] CPFT
[02:22:12] [388/445] LCPC
[02:22:13] [389/445] VBCT
[02:22:14] [390/445] FSCW
[02:22:14] [391/445] VCMP
[02:22:15] [392/445] ASHC
[02:22:15] [393/445] VLCX
[02:22:16] 🔄 Identity reset
[02:22:16] 🔄 Identity rotated (every 10 requests)
[02:22:16] 🔄 Retry 1/5 for VLCX in 2.8s
[02:22:16] 🔄 Identity reset
[02:22:19] 🧠 New identity created
[02:22:19] 🔄 Retry 2/5 for VLCX in 4.0s
[02:22:19] 🔄 Identity reset
[02:22:23] 🧠 New identity created
[02:22:23] [394/445] SHEV
[02:22:24] [395/445] APCO
[02:22:24] [396/445] SILC
[02:22:25] [397/445] SNMR
[02:22:26] [398/445] KYBO
[02:22:26] [399/445] SATK
[02:22:27] [400/445] SSCS
[02:22:27] [401/445] CLSB
[02:22:28] 🔄 Identity reset
[02:22:28] 🔄 Identity rotated (every 10 requests)
[02:22:28] [402/445] KMJR
[02:22:29] [403/445] FSCK
[02:22:30] [404/445] NNKA
[02:22:30] [405/445] CLMK
[02:22:31] [406/445] DMPZ
[02:22:31] [407/445] INQM
[02:22:32] [408/445] CAML
[02:22:33] [409/445] INRK
[02:22:33] [410/445] IMKN
[02:22:34] [411/445] SVNR
[02:22:34] 🔄 Identity reset
[02:22:34] 🔄 Identity rotated (every 10 requests)
[02:22:34] [412/445] INSL
[02:22:35] [413/445] MSMA
[02:22:36] [414/445] MCKK
[02:22:36] [415/445] FCHP
[02:22:37] [416/445] SFCR
[02:22:37] [417/445] NACK
[02:22:38] [418/445] PVAK
[02:22:39] [419/445] INER
[02:22:39] [420/445] RDBK
[02:22:40] [421/445] SVFN
[02:22:40] 🔄 Identity reset
[02:22:41] 🔄 Identity rotated (every 10 requests)
[02:22:41] [422/445] IFRM
[02:22:41] [423/445] ATCK
[02:22:42] [424/445] ASKO
[02:22:42] [425/445] STKT
[02:22:43] [426/445] SVFB
[02:22:44] [427/445] INKS
[02:22:44] [428/445] PCRA
[02:22:45] [429/445] ATJA
[02:22:46] [430/445] IMJN
[02:22:46] [431/445] INHD
[02:22:47] 🔄 Identity reset
[02:22:47] 🔄 Identity rotated (every 10 requests)
[02:22:47] [432/445] BARA
[02:22:48] [433/445] MCSL
[02:22:48] [434/445] RTOY
[02:22:49] [435/445] MENO
[02:22:49] [436/445] PUDM
[02:22:50] [437/445] PRCN
[02:22:51] [438/445] JMJR
[02:22:52] [439/445] SSGK
[02:22:52] [440/445] SSRL
[02:22:53] [441/445] JYKL
[02:22:54] 🔄 Identity reset
[02:22:54] 🔄 Identity rotated (every 10 requests)
[02:22:54] [442/445] ACNB
[02:22:54] [443/445] SONP
[02:22:55] [444/445] EMCI
[02:22:56] [445/445] MRJH
[02:22:56] ✅ DONE | Shows=0 | Movies=0
[02:59:12] 🚀 BMS DAILY TRACKER STARTED (enhanced anti‑detection)
[02:59:12] [1/445] TGMR
[02:59:12] 🧠 New identity created
[02:59:12] [2/445] CXKR
[02:59:13] [3/445] SROP
[02:59:14] [4/445] GTSV
[02:59:14] [5/445] SNTY
[02:59:15] [6/445] SMYY
[02:59:16] [7/445] CNCS
[02:59:16] [8/445] CSTM
[02:59:17] [9/445] NUCD
[02:59:18] [10/445] SHCZ
[02:59:18] 🔄 Identity reset
[02:59:18] 🔄 Identity rotated (every 10 requests)
[02:59:18] 🔄 Retry 1/5 for SHCZ in 2.6s
[02:59:18] 🔄 Identity reset
[02:59:21] 🧠 New identity created
[02:59:21] 🔄 Retry 2/5 for SHCZ in 4.4s
[02:59:21] 🔄 Identity reset
[02:59:25] 🧠 New identity created
[02:59:26] [11/445] NJCT
[02:59:26] [12/445] COPC
[02:59:27] [13/445] STVV
[02:59:28] [14/445] SKRN
[02:59:28] [15/445] APPZ
[02:59:29] [16/445] YMGN
[02:59:30] [17/445] SVTU
[02:59:30] [18/445] GTAD
[02:59:31] 🔄 Identity reset
[02:59:31] 🔄 Identity rotated (every 10 requests)
[02:59:31] [19/445] PSUS
[02:59:32] [20/445] SMCD
[02:59:33] [21/445] CMCM
[02:59:34] [22/445] SYCT
[02:59:35] [23/445] STLY
[02:59:36] [24/445] CMHU
[02:59:36] [25/445] CMSA
[02:59:37] [26/445] CLCU
[02:59:37] [27/445] PPNT
[02:59:38] [28/445] JTAB
[02:59:39] 🔄 Identity reset
[02:59:39] 🔄 Identity rotated (every 10 requests)
[02:59:39] [29/445] BUUC
[02:59:40] [30/445] BSVK
[02:59:40] [31/445] VVVQ
[02:59:41] [32/445] TKMU
[02:59:42] [33/445] ESYL
[02:59:42] [34/445] ACHP
[02:59:43] [35/445] BTKD
[02:59:44] [36/445] DESA
[02:59:44] [37/445] GBCT
[02:59:45] [38/445] BLLD
[02:59:46] 🔄 Identity reset
[02:59:46] 🔄 Identity rotated (every 10 requests)
[02:59:46] [39/445] SKNT
[02:59:47] [40/445] SSTE
[02:59:47] [41/445] VJMR
[02:59:48] [42/445] NTPU
[02:59:49] [43/445] RDKN
[02:59:49] [44/445] ADGC
[02:59:50] [45/445] VRBP
[02:59:51] [46/445] NMNA
[02:59:52] [47/445] CMMX
[02:59:53] [48/445] PTKO
[02:59:53] 🔄 Identity reset
[02:59:53] 🔄 Identity rotated (every 10 requests)
[02:59:53] 🔄 Retry 1/5 for PTKO in 2.8s
[02:59:53] 🔄 Identity reset
[02:59:56] 🧠 New identity created
[02:59:56] [49/445] RBML
[02:59:57] [50/445] SAIC
[02:59:58] [51/445] SVTJ
[02:59:58] [52/445] MRTE
[02:59:59] [53/445] RBTP
[03:00:00] [54/445] NLPS
[03:00:01] [55/445] GTNA
[03:00:01] [56/445] DGGC
[03:00:02] [57/445] SMCR
[03:00:03] 🔄 Identity reset
[03:00:03] 🔄 Identity rotated (every 10 requests)
[03:00:03] [58/445] SCGD
[03:00:03] [59/445] SRRJ
[03:00:04] [60/445] CNRY
[03:00:05] [61/445] KTDI
[03:00:05] [62/445] SNJL
[03:00:06] [63/445] RKMD
[03:00:07] [64/445] SMDC
[03:00:07] [65/445] TADG
[03:00:08] [66/445] MCGS
[03:00:09] [67/445] PETK
[03:00:09] 🔄 Identity reset
[03:00:09] 🔄 Identity rotated (every 10 requests)
[03:00:09] [68/445] CHAG
[03:00:10] [69/445] KSTL
[03:00:11] [70/445] AADS
[03:00:11] [71/445] NTHZ
[03:00:12] [72/445] HCKI
[03:00:13] [73/445] SSEF
[03:00:14] [74/445] MCGX
[03:00:14] [75/445] ERRA
[03:00:15] [76/445] SDTW
[03:00:15] [77/445] RMPK
[03:00:16] 🔄 Identity reset
[03:00:16] 🔄 Identity rotated (every 10 requests)
[03:00:16] [78/445] PTHK
[03:00:17] [79/445] PXCS
[03:00:17] [80/445] SVLU
[03:00:18] [81/445] STAH
[03:00:19] [82/445] JRGF
[03:00:19] [83/445] CDOK
[03:00:20] [84/445] CMSG
[03:00:20] [85/445] APTD
[03:00:21] [86/445] KMPG
[03:00:22] [87/445] MUTJ
[03:00:22] 🔄 Identity reset
[03:00:22] 🔄 Identity rotated (every 10 requests)
[03:00:23] [88/445] VCCI
[03:00:23] [89/445] URBE
[03:00:24] [90/445] TCTS
[03:00:25] [91/445] STSN
[03:00:25] [92/445] AKCH
[03:00:26] [93/445] APSC
[03:00:27] [94/445] VLTB
[03:00:27] [95/445] SANU
[03:00:28] [96/445] AXAM
[03:00:29] [97/445] MGMG
[03:00:29] 🔄 Identity reset
[03:00:29] 🔄 Identity rotated (every 10 requests)
[03:00:29] 🔄 Retry 1/5 for MGMG in 2.6s
[03:00:29] 🔄 Identity reset
[03:00:32] 🧠 New identity created
[03:00:32] 🔄 Retry 2/5 for MGMG in 4.8s
[03:00:32] 🔄 Identity reset
[03:00:37] 🧠 New identity created
[03:00:37] [98/445] HTBY
[03:00:37] [99/445] MMZS
[03:00:38] [100/445] SUDR
[03:00:39] [101/445] CCAD
[03:00:39] [102/445] SKKC
[03:00:40] [103/445] RMCD
[03:00:41] [104/445] SBCQ
[03:00:41] [105/445] DCCT
[03:00:42] 🔄 Identity reset
[03:00:42] 🔄 Identity rotated (every 10 requests)
[03:00:42] 🔄 Retry 1/5 for DCCT in 2.1s
[03:00:42] 🔄 Identity reset
[03:00:44] 🧠 New identity created
[03:00:44] 🔄 Retry 2/5 for DCCT in 4.2s
[03:00:44] 🔄 Identity reset
[03:00:48] 🧠 New identity created
[03:00:48] 🔄 Retry 3/5 for DCCT in 8.2s
[03:00:48] 🔄 Identity reset
[03:00:56] 🧠 New identity created
[03:00:57] [106/445] VTKP
[03:00:57] [107/445] MLAM
[03:00:58] [108/445] SAVT
[03:00:59] [109/445] GEPL
[03:00:59] [110/445] AMCD
[03:01:00] [111/445] CCXR
[03:01:01] [112/445] GRNG
[03:01:02] 🔄 Identity reset
[03:01:02] 🔄 Identity rotated (every 10 requests)
[03:01:02] 🔄 Retry 1/5 for GRNG in 2.6s
[03:01:02] 🔄 Identity reset
[03:01:04] 🧠 New identity created
[03:01:04] 🔄 Retry 2/5 for GRNG in 4.5s
[03:01:04] 🔄 Identity reset
[03:01:09] 🧠 New identity created
[03:01:09] [113/445] EBCA
[03:01:10] [114/445] CNVG
[03:01:11] [115/445] MWSS
[03:01:11] [116/445] VBOR
[03:01:12] [117/445] NEEB
[03:01:12] [118/445] SUTH
[03:01:13] [119/445] ANDB
[03:01:14] [120/445] MMXS
[03:01:14] 🔄 Identity reset
[03:01:14] 🔄 Identity rotated (every 10 requests)
[03:01:14] [121/445] CNPD
[03:01:15] [122/445] SDCE
[03:01:16] [123/445] DHCB
[03:01:16] [124/445] ODEN
[03:01:17] [125/445] TNTC
[03:01:18] [126/445] VBKM
[03:01:19] [127/445] RZYM
[03:01:19] [128/445] JEMC
[03:01:20] [129/445] CMAU
[03:01:20] [130/445] SIVP
[03:01:21] 🔄 Identity reset
[03:01:21] 🔄 Identity rotated (every 10 requests)
[03:01:21] [131/445] ATAG
[03:01:22] [132/445] CHTM
[03:01:22] [133/445] AAEE
[03:01:23] [134/445] IWPM
[03:01:24] [135/445] KCMW
[03:01:24] [136/445] MCTD
[03:01:25] [137/445] SPWR
[03:01:26] [138/445] SDPO
[03:01:27] [139/445] PCSK
[03:01:27] [140/445] ACHV
[03:01:28] 🔄 Identity reset
[03:01:28] 🔄 Identity rotated (every 10 requests)
[03:01:28] 🔄 Retry 1/5 for ACHV in 2.1s
[03:01:28] 🔄 Identity reset
[03:01:30] 🧠 New identity created
[03:01:30] [141/445] SVLA
[03:01:31] [142/445] PICT
[03:01:31] [143/445] BXDR
[03:01:32] [144/445] SPWA
[03:01:33] [145/445] MCKO
[03:01:33] [146/445] RTHK
[03:01:34] [147/445] CCMF
[03:01:35] [148/445] MRGB
[03:01:36] [149/445] CPLC
[03:01:37] 🔄 Identity reset
[03:01:37] 🔄 Identity rotated (every 10 requests)
[03:01:37] [150/445] RACD
[03:01:37] [151/445] ATKT
[03:01:38] [152/445] SARN
[03:01:39] [153/445] KKUI
[03:01:39] [154/445] RGCM
[03:01:41] [155/445] BRVP
[03:01:42] [156/445] HRSR
[03:01:42] [157/445] GKGM
[03:01:43] [158/445] TTCD
[03:01:44] [159/445] PTTI
[03:01:44] 🔄 Identity reset
[03:01:44] 🔄 Identity rotated (every 10 requests)
[03:01:45] 🔄 Retry 1/5 for PTTI in 2.0s
[03:01:45] 🔄 Identity reset
[03:01:47] 🧠 New identity created
[03:01:47] [160/445] MPTT
[03:01:47] [161/445] CVTT
[03:01:48] [162/445] PCXD
[03:01:49] [163/445] GCDC
[03:01:49] [164/445] CCCF
[03:01:50] [165/445] MRAD
[03:01:51] [166/445] CPLK
[03:01:51] [167/445] SATB
[03:01:52] [168/445] SNVG
[03:01:53] 🔄 Identity reset
[03:01:53] 🔄 Identity rotated (every 10 requests)
[03:01:53] [169/445] JMBA
[03:01:53] [170/445] TEJA
[03:01:54] [171/445] STYO
[03:01:55] [172/445] JTBP
[03:01:56] [173/445] KRGD
[03:01:57] [174/445] SLJJ
[03:01:57] [175/445] SPTJ
[03:01:58] [176/445] SWJG
[03:01:59] [177/445] LKRT
[03:02:00] [178/445] KCKA
[03:02:00] 🔄 Identity reset
[03:02:00] 🔄 Identity rotated (every 10 requests)
[03:02:01] [179/445] SNCR
[03:02:02] [180/445] SMKL
[03:02:03] [181/445] GCFA
[03:02:04] [182/445] DDCK
[03:02:04] [183/445] NCHJ
[03:02:05] [184/445] RDMA
[03:02:06] [185/445] SVSV
[03:02:06] [186/445] SCJG
[03:02:07] [187/445] VKLP
[03:02:08] [188/445] NWCC
[03:02:08] 🔄 Identity reset
[03:02:08] 🔄 Identity rotated (every 10 requests)
[03:02:08] 🔄 Retry 1/5 for NWCC in 2.4s
[03:02:08] 🔄 Identity reset
[03:02:11] 🧠 New identity created
[03:02:11] [189/445] VKNS
[03:02:12] [190/445] SDDP
[03:02:12] [191/445] ACSI
[03:02:13] [192/445] SATG
[03:02:14] [193/445] SCMW
[03:02:14] [194/445] LKTK
[03:02:15] [195/445] VCKV
[03:02:16] [196/445] KKPE
[03:02:16] [197/445] KIGH
[03:02:17] 🔄 Identity reset
[03:02:17] 🔄 Identity rotated (every 10 requests)
[03:02:17] 🔄 Retry 1/5 for KIGH in 2.9s
[03:02:17] 🔄 Identity reset
[03:02:20] 🧠 New identity created
[03:02:20] [198/445] SRPM
[03:02:21] [199/445] SCAH
[03:02:22] [200/445] MUTA
[03:02:22] [201/445] SEPU
[03:02:23] [202/445] INOA
[03:02:24] [203/445] BASK
[03:02:24] [204/445] NECB
[03:02:25] [205/445] GTTG
[03:02:26] [206/445] ASSA
[03:02:26] 🔄 Identity reset
[03:02:26] 🔄 Identity rotated (every 10 requests)
[03:02:27] [207/445] ANCL
[03:02:27] [208/445] GCTI
[03:02:28] [209/445] RCTS
[03:02:30] [210/445] ACNL
[03:02:30] [211/445] MYCT
[03:02:31] [212/445] NMHT
[03:02:32] [213/445] MDIT
[03:02:33] [214/445] LATG
[03:02:33] [215/445] SMTY
[03:02:34] [216/445] CVCT
[03:02:34] 🔄 Identity reset
[03:02:34] 🔄 Identity rotated (every 10 requests)
[03:02:35] [217/445] RAMB
[03:02:36] [218/445] TGMS
[03:02:37] [219/445] BHEL
[03:02:38] [220/445] SHCT
[03:02:38] [221/445] SVCT
[03:02:39] [222/445] MRIY
[03:02:40] [223/445] SARO
[03:02:40] [224/445] STCT
[03:02:41] [225/445] JKKC
[03:02:41] [226/445] PLTT
[03:02:42] 🔄 Identity reset
[03:02:42] 🔄 Identity rotated (every 10 requests)
[03:02:42] 🔄 Retry 1/5 for PLTT in 2.7s
[03:02:42] 🔄 Identity reset
[03:02:45] 🧠 New identity created
[03:02:45] [227/445] SRNT
[03:02:46] [228/445] YAST
[03:02:46] [229/445] PERL
[03:02:47] [230/445] CICM
[03:02:48] [231/445] MMTR
[03:02:48] [232/445] ABTK
[03:02:49] [233/445] ATYY
[03:02:49] [234/445] ASTK
[03:02:50] [235/445] VVCK
[03:02:51] 🔄 Identity reset
[03:02:51] 🔄 Identity rotated (every 10 requests)
[03:02:51] 🔄 Retry 1/5 for VVCK in 2.3s
[03:02:51] 🔄 Identity reset
[03:02:53] 🧠 New identity created
[03:02:53] [236/445] ATKY
[03:02:54] [237/445] GWEK
[03:02:54] [238/445] SVFH
[03:02:55] [239/445] SLTA
[03:02:55] [240/445] AASH
[03:02:56] [241/445] ACXB
[03:02:57] [242/445] SMTX
[03:02:58] [243/445] AZDH
[03:02:58] [244/445] CMMH
[03:02:59] 🔄 Identity reset
[03:02:59] 🔄 Identity rotated (every 10 requests)
[03:02:59] [245/445] SCSZ
[03:03:00] [246/445] SCKP
[03:03:00] [247/445] NXTM
[03:03:01] [248/445] NWCS
[03:03:02] [249/445] CXMH
[03:03:03] [250/445] PCMA
[03:03:03] [251/445] SGCM
[03:03:04] [252/445] SDTU
[03:03:05] [253/445] MMVI
[03:03:05] [254/445] JKCM
[03:03:06] 🔄 Identity reset
[03:03:06] 🔄 Identity rotated (every 10 requests)
[03:03:06] [255/445] VCMM
[03:03:06] [256/445] SYEE
[03:03:07] [257/445] VASD
[03:03:09] [258/445] BDRB
[03:03:09] [259/445] LASM
[03:03:10] [260/445] DCRL
[03:03:11] [261/445] DVPM
[03:03:12] [262/445] SBMJ
[03:03:13] [263/445] CBMU
[03:03:13] [264/445] IUBS
[03:03:14] 🔄 Identity reset
[03:03:14] 🔄 Identity rotated (every 10 requests)
[03:03:14] 🔄 Retry 1/5 for IUBS in 2.8s
[03:03:14] 🔄 Identity reset
[03:03:17] 🧠 New identity created
[03:03:17] 🔄 Retry 2/5 for IUBS in 4.1s
[03:03:17] 🔄 Identity reset
[03:03:21] 🧠 New identity created
[03:03:21] 🔄 Retry 3/5 for IUBS in 8.4s
[03:03:21] 🔄 Identity reset
[03:03:30] 🧠 New identity created
[03:03:30] [265/445] INAP
[03:03:31] [266/445] SRRC
[03:03:31] [267/445] SAGR
[03:03:33] [268/445] CPMJ
[03:03:34] [269/445] ATJL
[03:03:34] [270/445] NNTD
[03:03:35] [271/445] JHCJ
[03:03:36] 🔄 Identity reset
[03:03:36] 🔄 Identity rotated (every 10 requests)
[03:03:36] [272/445] CMMP
[03:03:37] [273/445] RSDR
[03:03:38] [274/445] AMTI
[03:03:39] [275/445] NYSG
[03:03:39] [276/445] AVSG
[03:03:40] [277/445] SYTP
[03:03:41] [278/445] LARC
[03:03:42] [279/445] RJTP
[03:03:42] [280/445] LAKC
[03:03:43] [281/445] MCXE
[03:03:43] 🔄 Identity reset
[03:03:43] 🔄 Identity rotated (every 10 requests)
[03:03:44] 🔄 Retry 1/5 for MCXE in 2.4s
[03:03:44] 🔄 Identity reset
[03:03:46] 🧠 New identity created
[03:03:46] 🔄 Retry 2/5 for MCXE in 4.4s
[03:03:46] 🔄 Identity reset
[03:03:50] 🧠 New identity created
[03:03:51] [282/445] CCZC
[03:03:51] [283/445] AVCH
[03:03:52] [284/445] CMBE
[03:03:53] [285/445] MRRC
[03:03:54] [286/445] PCPY
[03:03:55] [287/445] SRMH
[03:03:55] [288/445] SVGS
[03:03:56] [289/445] PCSE
[03:03:57] 🔄 Identity reset
[03:03:57] 🔄 Identity rotated (every 10 requests)
[03:03:57] [290/445] SVFT
[03:03:57] [291/445] TNZP
[03:03:58] [292/445] ICTP
[03:03:59] [293/445] ACTZ
[03:03:59] [294/445] GTUR
[03:04:00] [295/445] MAFC
[03:04:01] [296/445] MINL
[03:04:01] [297/445] MRCL
[03:04:02] [298/445] RCRP
[03:04:03] [299/445] RFFG
[03:04:04] 🔄 Identity reset
[03:04:04] 🔄 Identity rotated (every 10 requests)
[03:04:04] [300/445] RMAS
[03:04:04] [301/445] INVR
[03:04:05] [302/445] RMAR
[03:04:05] [303/445] CNIS
[03:04:06] [304/445] RHRJ
[03:04:06] [305/445] INXR
[03:04:07] [306/445] VALT
[03:04:08] [307/445] LCSH
[03:04:09] [308/445] CMVS
[03:04:09] [309/445] CNMS
[03:04:10] 🔄 Identity reset
[03:04:10] 🔄 Identity rotated (every 10 requests)
[03:04:10] [310/445] ROOG
[03:04:11] [311/445] ISRM
[03:04:12] [312/445] RCRM
[03:04:12] [313/445] ACJA
[03:04:13] [314/445] RCVS
[03:04:14] [315/445] CPUS
[03:04:14] [316/445] TGCS
[03:04:15] [317/445] RKCJ
[03:04:16] [318/445] MKSB
[03:04:17] [319/445] TCSJ
[03:04:17] 🔄 Identity reset
[03:04:17] 🔄 Identity rotated (every 10 requests)
[03:04:17] [320/445] RMGP
[03:04:18] [321/445] CLLP
[03:04:19] [322/445] RCMV
[03:04:19] [323/445] CCKS
[03:04:20] [324/445] RSRP
[03:04:21] [325/445] APLP
[03:04:21] [326/445] CNVS
[03:04:22] [327/445] RMVY
[03:04:23] [328/445] PGBD
[03:04:24] [329/445] KLMS
[03:04:24] 🔄 Identity reset
[03:04:24] 🔄 Identity rotated (every 10 requests)
[03:04:25] [330/445] RUST
[03:04:25] [331/445] MASM
[03:04:26] [332/445] BACS
[03:04:26] [333/445] BWST
[03:04:27] [334/445] RRFH
[03:04:27] [335/445] SJTM
[03:04:28] [336/445] BEMR
[03:04:29] [337/445] MCGR
[03:04:29] [338/445] SDSK
[03:04:30] [339/445] VBOL
[03:04:31] 🔄 Identity reset
[03:04:31] 🔄 Identity rotated (every 10 requests)
[03:04:31] [340/445] RMGM
[03:04:32] [341/445] NOPL
[03:04:33] [342/445] MKJK
[03:04:33] [343/445] CVRN
[03:04:34] [344/445] MMEN
[03:04:35] [345/445] AMNG
[03:04:37] [346/445] INTM
[03:04:38] [347/445] SLCZ
[03:04:38] [348/445] AMJN
[03:04:39] [349/445] ACJN
[03:04:39] 🔄 Identity reset
[03:04:39] 🔄 Identity rotated (every 10 requests)
[03:04:40] [350/445] AMKN
[03:04:40] [351/445] BTCN
[03:04:41] [352/445] AMBT
[03:04:42] [353/445] PACN
[03:04:42] [354/445] LCNS
[03:04:43] [355/445] PPKC
[03:04:43] [356/445] JYYN
[03:04:44] [357/445] JTNR
[03:04:45] [358/445] GTEE
[03:04:45] [359/445] SRNM
[03:04:46] 🔄 Identity reset
[03:04:46] 🔄 Identity rotated (every 10 requests)
[03:04:46] [360/445] SDTC
[03:04:47] [361/445] VPCA
[03:04:47] [362/445] VLRA
[03:04:48] [363/445] SHKR
[03:04:49] [364/445] SBKD
[03:04:50] [365/445] SAAD
[03:04:50] [366/445] JTGN
[03:04:51] [367/445] SLAM
[03:04:52] [368/445] VTPM
[03:04:53] [369/445] ANPT
[03:04:53] 🔄 Identity reset
[03:04:53] 🔄 Identity rotated (every 10 requests)
[03:04:54] [370/445] PUNB
[03:04:54] [371/445] CPKT
[03:04:55] [372/445] CNWE
[03:04:56] [373/445] ECPP
[03:04:57] [374/445] CPAR
[03:04:57] [375/445] ESBW
[03:04:58] [376/445] PKPU
[03:04:59] [377/445] CPRP
[03:05:00] [378/445] RAHU
[03:05:00] [379/445] RHMN
[03:05:01] 🔄 Identity reset
[03:05:01] 🔄 Identity rotated (every 10 requests)
[03:05:01] [380/445] FMJP
[03:05:02] [381/445] CTMP
[03:05:02] [382/445] INPN
[03:05:03] [383/445] STTG
[03:05:04] [384/445] CTRD
[03:05:05] [385/445] PUVB
[03:05:05] [386/445] ESVP
[03:05:06] [387/445] CPFT
[03:05:06] [388/445] LCPC
[03:05:07] [389/445] VBCT
[03:05:08] 🔄 Identity reset
[03:05:08] 🔄 Identity rotated (every 10 requests)
[03:05:08] [390/445] FSCW
[03:05:09] [391/445] VCMP
[03:05:10] [392/445] ASHC
[03:05:11] [393/445] VLCX
[03:05:12] [394/445] SHEV
[03:05:12] [395/445] APCO
[03:05:13] [396/445] SILC
[03:05:14] [397/445] SNMR
[03:05:14] [398/445] KYBO
[03:05:15] [399/445] SATK
[03:05:16] 🔄 Identity reset
[03:05:16] 🔄 Identity rotated (every 10 requests)
[03:05:16] [400/445] SSCS
[03:05:17] [401/445] CLSB
[03:05:17] [402/445] KMJR
[03:05:18] [403/445] FSCK
[03:05:19] [404/445] NNKA
[03:05:19] [405/445] CLMK
[03:05:20] [406/445] DMPZ
[03:05:21] [407/445] INQM
[03:05:21] [408/445] CAML
[03:05:22] [409/445] INRK
[03:05:23] 🔄 Identity reset
[03:05:23] 🔄 Identity rotated (every 10 requests)
[03:05:23] [410/445] IMKN
[03:05:24] [411/445] SVNR
[03:05:24] [412/445] INSL
[03:05:25] [413/445] MSMA
[03:05:26] [414/445] MCKK
[03:05:27] [415/445] FCHP
[03:05:27] [416/445] SFCR
[03:05:28] [417/445] NACK
[03:05:29] [418/445] PVAK
[03:05:29] [419/445] INER
[03:05:30] 🔄 Identity reset
[03:05:30] 🔄 Identity rotated (every 10 requests)
[03:05:30] [420/445] RDBK
[03:05:31] [421/445] SVFN
[03:05:32] [422/445] IFRM
[03:05:33] [423/445] ATCK
[03:05:33] [424/445] ASKO
[03:05:34] [425/445] STKT
[03:05:34] [426/445] SVFB
[03:05:35] [427/445] INKS
[03:05:36] [428/445] PCRA
[03:05:36] [429/445] ATJA
[03:05:37] 🔄 Identity reset
[03:05:37] 🔄 Identity rotated (every 10 requests)
[03:05:37] [430/445] IMJN
[03:05:38] [431/445] INHD
[03:05:38] [432/445] BARA
[03:05:39] [433/445] MCSL
[03:05:40] [434/445] RTOY
[03:05:40] [435/445] MENO
[03:05:41] [436/445] PUDM
[03:05:42] [437/445] PRCN
[03:05:42] [438/445] JMJR
[03:05:43] [439/445] SSGK
[03:05:44] 🔄 Identity reset
[03:05:44] 🔄 Identity rotated (every 10 requests)
[03:05:45] [440/445] SSRL
[03:05:45] [441/445] JYKL
[03:05:46] [442/445] ACNB
[03:05:47] [443/445] SONP
[03:05:48] [444/445] EMCI
[03:05:48] [445/445] MRJH
[03:05:49] ✅ DONE | Shows=0 | Movies=0
[03:17:07] 🚀 BMS DAILY TRACKER STARTED (enhanced anti‑detection)
[03:17:07] [1/445] TGMR
[03:17:08] 🧠 New identity created
[03:17:08] 🔄 Retry 1/5 for TGMR in 2.9s
[03:17:08] 🔄 Identity reset
[03:17:11] 🧠 New identity created
[03:17:11] 🔄 Retry 2/5 for TGMR in 4.7s
[03:17:11] 🔄 Identity reset
[03:17:15] 🧠 New identity created
[03:17:15] 🔄 Retry 3/5 for TGMR in 8.5s
[03:17:15] 🔄 Identity reset
[03:17:24] 🧠 New identity created
[03:17:24] 🔄 Retry 4/5 for TGMR in 16.8s
[03:17:24] 🔄 Identity reset
[03:17:41] 🧠 New identity created
[03:17:41] [2/445] CXKR
[03:17:42] [3/445] SROP
[03:17:43] [4/445] GTSV
[03:17:43] [5/445] SNTY
[03:17:44] [6/445] SMYY
[03:17:44] 🔄 Identity reset
[03:17:44] 🔄 Identity rotated (every 10 requests)
[03:17:44] 🔄 Retry 1/5 for SMYY in 2.9s
[03:17:44] 🔄 Identity reset
[03:17:47] 🧠 New identity created
[03:17:47] [7/445] CNCS
[03:17:48] [8/445] CSTM
[03:17:48] [9/445] NUCD
[03:17:49] [10/445] SHCZ
[03:17:50] [11/445] NJCT
[03:17:50] [12/445] COPC
[03:17:51] [13/445] STVV
[03:17:52] [14/445] SKRN
[03:17:52] [15/445] APPZ
[03:17:53] 🔄 Identity reset
[03:17:53] 🔄 Identity rotated (every 10 requests)
[03:17:53] [16/445] YMGN
[03:17:54] [17/445] SVTU
[03:17:54] [18/445] GTAD
[03:17:55] [19/445] PSUS
[03:17:55] [20/445] SMCD
[03:17:56] [21/445] CMCM
[03:17:57] [22/445] SYCT
[03:17:58] [23/445] STLY
[03:17:58] [24/445] CMHU
[03:17:59] [25/445] CMSA
[03:18:00] 🔄 Identity reset
[03:18:00] 🔄 Identity rotated (every 10 requests)
[03:18:00] 🔄 Retry 1/5 for CMSA in 2.7s
[03:18:00] 🔄 Identity reset
[03:18:02] 🧠 New identity created
[03:18:03] [26/445] CLCU
[03:18:03] [27/445] PPNT
[03:18:04] [28/445] JTAB
[03:18:05] [29/445] BUUC
[03:18:05] [30/445] BSVK
[03:18:06] [31/445] VVVQ
[03:18:07] [32/445] TKMU
[03:18:07] [33/445] ESYL
[03:18:08] [34/445] ACHP
[03:18:08] 🔄 Identity reset
[03:18:08] 🔄 Identity rotated (every 10 requests)
[03:18:08] 🔄 Retry 1/5 for ACHP in 2.8s
[03:18:08] 🔄 Identity reset
[03:18:11] 🧠 New identity created
[03:18:11] 🔄 Retry 2/5 for ACHP in 5.0s
[03:18:11] 🔄 Identity reset
[03:18:16] 🧠 New identity created
[03:18:16] [35/445] BTKD
[03:18:17] [36/445] DESA
[03:18:18] [37/445] GBCT
[03:18:18] [38/445] BLLD
[03:18:19] [39/445] SKNT
[03:18:19] [40/445] SSTE
[03:18:20] [41/445] VJMR
[03:18:21] [42/445] NTPU
[03:18:21] 🔄 Identity reset
[03:18:21] 🔄 Identity rotated (every 10 requests)
[03:18:21] 🔄 Retry 1/5 for NTPU in 2.4s
[03:18:21] 🔄 Identity reset
[03:18:24] 🧠 New identity created
[03:18:24] [43/445] RDKN
[03:18:24] [44/445] ADGC
[03:18:25] [45/445] VRBP
[03:18:25] [46/445] NMNA
[03:18:26] [47/445] CMMX
[03:18:27] [48/445] PTKO
[03:18:28] [49/445] RBML
[03:18:28] [50/445] SAIC
[03:18:29] [51/445] SVTJ
[03:18:30] 🔄 Identity reset
[03:18:30] 🔄 Identity rotated (every 10 requests)
[03:18:30] 🔄 Retry 1/5 for SVTJ in 2.1s
[03:18:30] 🔄 Identity reset
[03:18:32] 🧠 New identity created
[03:18:32] 🔄 Retry 2/5 for SVTJ in 4.1s
[03:18:32] 🔄 Identity reset
[03:18:36] 🧠 New identity created
[03:18:36] [52/445] MRTE
[03:18:37] [53/445] RBTP
[03:18:37] [54/445] NLPS
[03:18:38] [55/445] GTNA
[03:18:39] [56/445] DGGC
[03:18:39] [57/445] SMCR
[03:18:40] [58/445] SCGD
[03:18:40] [59/445] SRRJ
[03:18:41] 🔄 Identity reset
[03:18:41] 🔄 Identity rotated (every 10 requests)
[03:18:41] 🔄 Retry 1/5 for SRRJ in 2.4s
[03:18:41] 🔄 Identity reset
[03:18:43] 🧠 New identity created
[03:18:44] [60/445] CNRY
[03:18:44] [61/445] KTDI
[03:18:45] [62/445] SNJL
[03:18:45] [63/445] RKMD
[03:18:46] [64/445] SMDC
[03:18:47] [65/445] TADG
[03:18:48] [66/445] MCGS
[03:18:48] [67/445] PETK
[03:18:49] [68/445] CHAG
[03:18:50] 🔄 Identity reset
[03:18:50] 🔄 Identity rotated (every 10 requests)
[03:18:50] 🔄 Retry 1/5 for CHAG in 2.6s
[03:18:50] 🔄 Identity reset
[03:18:52] 🧠 New identity created
[03:18:52] [69/445] KSTL
[03:18:53] [70/445] AADS
[03:18:54] [71/445] NTHZ
[03:18:54] [72/445] HCKI
[03:18:55] [73/445] SSEF
[03:18:55] [74/445] MCGX
[03:18:56] [75/445] ERRA
[03:18:57] [76/445] SDTW
[03:18:57] [77/445] RMPK
[03:18:58] 🔄 Identity reset
[03:18:58] 🔄 Identity rotated (every 10 requests)
[03:18:58] 🔄 Retry 1/5 for RMPK in 2.2s
[03:18:58] 🔄 Identity reset
[03:19:00] 🧠 New identity created
[03:19:00] [78/445] PTHK
[03:19:01] [79/445] PXCS
[03:19:01] [80/445] SVLU
[03:19:02] [81/445] STAH
[03:19:03] [82/445] JRGF
[03:19:03] [83/445] CDOK
[03:19:04] [84/445] CMSG
[03:19:05] [85/445] APTD
[03:19:06] [86/445] KMPG
[03:19:06] 🔄 Identity reset
[03:19:06] 🔄 Identity rotated (every 10 requests)
[03:19:06] [87/445] MUTJ
[03:19:07] [88/445] VCCI
[03:19:07] [89/445] URBE
[03:19:08] [90/445] TCTS
[03:19:08] [91/445] STSN
[03:19:09] [92/445] AKCH
[03:19:09] [93/445] APSC
[03:19:10] [94/445] VLTB
[03:19:11] [95/445] SANU
[03:19:11] [96/445] AXAM
[03:19:12] 🔄 Identity reset
[03:19:12] 🔄 Identity rotated (every 10 requests)
[03:19:12] 🔄 Retry 1/5 for AXAM in 2.5s
[03:19:12] 🔄 Identity reset
[03:19:14] 🧠 New identity created
[03:19:15] [97/445] MGMG
[03:19:15] [98/445] HTBY
[03:19:16] [99/445] MMZS
[03:19:16] [100/445] SUDR
[03:19:17] [101/445] CCAD
[03:19:18] [102/445] SKKC
[03:19:18] [103/445] RMCD
[03:19:19] [104/445] SBCQ
[03:19:19] [105/445] DCCT
[03:19:20] 🔄 Identity reset
[03:19:20] 🔄 Identity rotated (every 10 requests)
[03:19:20] 🔄 Retry 1/5 for DCCT in 2.5s
[03:19:20] 🔄 Identity reset
[03:19:23] 🧠 New identity created
[03:19:23] [106/445] VTKP
[03:19:23] [107/445] MLAM
[03:19:24] [108/445] SAVT
[03:19:25] [109/445] GEPL
[03:19:25] [110/445] AMCD
[03:19:26] [111/445] CCXR
[03:19:26] [112/445] GRNG
[03:19:27] [113/445] EBCA
[03:19:28] [114/445] CNVG
[03:19:28] 🔄 Identity reset
[03:19:28] 🔄 Identity rotated (every 10 requests)
[03:19:28] 🔄 Retry 1/5 for CNVG in 2.6s
[03:19:28] 🔄 Identity reset
[03:19:31] 🧠 New identity created
[03:19:31] 🔄 Retry 2/5 for CNVG in 4.0s
[03:19:31] 🔄 Identity reset
[03:19:35] 🧠 New identity created
[03:19:35] [115/445] MWSS
[03:19:36] [116/445] VBOR
[03:19:36] [117/445] NEEB
[03:19:37] [118/445] SUTH
[03:19:38] [119/445] ANDB
[03:19:38] [120/445] MMXS
[03:19:39] [121/445] CNPD
[03:19:39] [122/445] SDCE
[03:19:40] 🔄 Identity reset
[03:19:40] 🔄 Identity rotated (every 10 requests)
[03:19:40] [123/445] DHCB
[03:19:41] [124/445] ODEN
[03:19:42] [125/445] TNTC
[03:19:42] [126/445] VBKM
[03:19:43] [127/445] RZYM
[03:19:43] [128/445] JEMC
[03:19:44] [129/445] CMAU
[03:19:45] [130/445] SIVP
[03:19:45] [131/445] ATAG
[03:19:46] [132/445] CHTM
[03:19:47] 🔄 Identity reset
[03:19:47] 🔄 Identity rotated (every 10 requests)
[03:19:47] 🔄 Retry 1/5 for CHTM in 2.6s
[03:19:47] 🔄 Identity reset
[03:19:50] 🧠 New identity created
[03:19:50] [133/445] AAEE
[03:19:50] [134/445] IWPM
[03:19:51] [135/445] KCMW
[03:19:52] [136/445] MCTD
[03:19:52] [137/445] SPWR
[03:19:53] [138/445] SDPO
[03:19:53] [139/445] PCSK
[03:19:54] [140/445] ACHV
[03:19:55] [141/445] SVLA
[03:19:55] 🔄 Identity reset
[03:19:55] 🔄 Identity rotated (every 10 requests)
[03:19:55] [142/445] PICT
[03:19:56] [143/445] BXDR
[03:19:57] [144/445] SPWA
[03:19:57] [145/445] MCKO
[03:19:58] [146/445] RTHK
[03:19:59] [147/445] CCMF
[03:19:59] [148/445] MRGB
[03:20:00] [149/445] CPLC
[03:20:00] [150/445] RACD
[03:20:01] [151/445] ATKT
[03:20:02] 🔄 Identity reset
[03:20:02] 🔄 Identity rotated (every 10 requests)
[03:20:02] [152/445] SARN
[03:20:02] [153/445] KKUI
[03:20:03] [154/445] RGCM
[03:20:04] [155/445] BRVP
[03:20:04] [156/445] HRSR
[03:20:05] [157/445] GKGM
[03:20:05] [158/445] TTCD
[03:20:06] [159/445] PTTI
[03:20:06] [160/445] MPTT
[03:20:07] [161/445] CVTT
[03:20:08] 🔄 Identity reset
[03:20:08] 🔄 Identity rotated (every 10 requests)
[03:20:08] [162/445] PCXD
[03:20:08] [163/445] GCDC
[03:20:09] [164/445] CCCF
[03:20:10] [165/445] MRAD
[03:20:10] [166/445] CPLK
[03:20:11] [167/445] SATB
[03:20:11] [168/445] SNVG
[03:20:12] [169/445] JMBA
[03:20:13] [170/445] TEJA
[03:20:13] [171/445] STYO
[03:20:14] 🔄 Identity reset
[03:20:14] 🔄 Identity rotated (every 10 requests)
[03:20:14] [172/445] JTBP
[03:20:15] [173/445] KRGD
[03:20:15] [174/445] SLJJ
[03:20:16] [175/445] SPTJ
[03:20:16] [176/445] SWJG
[03:20:17] [177/445] LKRT
[03:20:18] [178/445] KCKA
[03:20:19] [179/445] SNCR
[03:20:19] [180/445] SMKL
[03:20:20] [181/445] GCFA
[03:20:20] 🔄 Identity reset
[03:20:20] 🔄 Identity rotated (every 10 requests)
[03:20:20] [182/445] DDCK
[03:20:21] [183/445] NCHJ
[03:20:21] [184/445] RDMA
[03:20:22] [185/445] SVSV
[03:20:23] [186/445] SCJG
[03:20:23] [187/445] VKLP
[03:20:24] [188/445] NWCC
[03:20:25] [189/445] VKNS
[03:20:25] [190/445] SDDP
[03:20:26] [191/445] ACSI
[03:20:27] 🔄 Identity reset
[03:20:27] 🔄 Identity rotated (every 10 requests)
[03:20:27] [192/445] SATG
[03:20:27] [193/445] SCMW
[03:20:28] [194/445] LKTK
[03:20:29] [195/445] VCKV
[03:20:29] [196/445] KKPE
[03:20:30] [197/445] KIGH
[03:20:30] [198/445] SRPM
[03:20:31] [199/445] SCAH
[03:20:32] [200/445] MUTA
[03:20:32] [201/445] SEPU
[03:20:33] 🔄 Identity reset
[03:20:33] 🔄 Identity rotated (every 10 requests)
[03:20:33] [202/445] INOA
[03:20:34] [203/445] BASK
[03:20:34] [204/445] NECB
[03:20:35] [205/445] GTTG
[03:20:35] [206/445] ASSA
[03:20:36] [207/445] ANCL
[03:20:37] [208/445] GCTI
[03:20:37] [209/445] RCTS
[03:20:38] [210/445] ACNL
[03:20:39] [211/445] MYCT
[03:20:39] 🔄 Identity reset
[03:20:39] 🔄 Identity rotated (every 10 requests)
[03:20:39] [212/445] NMHT
[03:20:40] [213/445] MDIT
[03:20:41] [214/445] LATG
[03:20:41] [215/445] SMTY
[03:20:42] [216/445] CVCT
[03:20:43] [217/445] RAMB
[03:20:43] [218/445] TGMS
[03:20:44] [219/445] BHEL
[03:20:45] [220/445] SHCT
[03:20:45] [221/445] SVCT
[03:20:46] 🔄 Identity reset
[03:20:46] 🔄 Identity rotated (every 10 requests)
[03:20:46] [222/445] MRIY
[03:20:46] [223/445] SARO
[03:20:47] [224/445] STCT
[03:20:48] [225/445] JKKC
[03:20:48] [226/445] PLTT
[03:20:49] [227/445] SRNT
[03:20:50] [228/445] YAST
[03:20:50] [229/445] PERL
[03:20:51] [230/445] CICM
[03:20:52] [231/445] MMTR
[03:20:52] 🔄 Identity reset
[03:20:52] 🔄 Identity rotated (every 10 requests)
[03:20:52] [232/445] ABTK
[03:20:53] [233/445] ATYY
[03:20:54] [234/445] ASTK
[03:20:54] [235/445] VVCK
[03:20:55] [236/445] ATKY
[03:20:55] [237/445] GWEK
[03:20:56] [238/445] SVFH
[03:20:57] [239/445] SLTA
[03:20:58] [240/445] AASH
[03:20:58] [241/445] ACXB
[03:20:59] 🔄 Identity reset
[03:20:59] 🔄 Identity rotated (every 10 requests)
[03:20:59] 🔄 Retry 1/5 for ACXB in 2.6s
[03:20:59] 🔄 Identity reset
[03:21:01] 🧠 New identity created
[03:21:01] [242/445] SMTX
[03:21:02] [243/445] AZDH
[03:21:03] [244/445] CMMH
[03:21:03] [245/445] SCSZ
[03:21:04] [246/445] SCKP
[03:21:05] [247/445] NXTM
[03:21:05] [248/445] NWCS
[03:21:06] [249/445] CXMH
[03:21:07] [250/445] PCMA
[03:21:07] 🔄 Identity reset
[03:21:07] 🔄 Identity rotated (every 10 requests)
[03:21:07] 🔄 Retry 1/5 for PCMA in 2.5s
[03:21:07] 🔄 Identity reset
[03:21:10] 🧠 New identity created
[03:21:10] [251/445] SGCM
[03:21:11] [252/445] SDTU
[03:21:11] [253/445] MMVI
[03:21:12] [254/445] JKCM
[03:21:13] [255/445] VCMM
[03:21:13] [256/445] SYEE
[03:21:14] [257/445] VASD
[03:21:14] [258/445] BDRB
[03:21:15] [259/445] LASM
[03:21:16] 🔄 Identity reset
[03:21:16] 🔄 Identity rotated (every 10 requests)
[03:21:16] 🔄 Retry 1/5 for LASM in 2.7s
[03:21:16] 🔄 Identity reset
[03:21:18] 🧠 New identity created
[03:21:18] [260/445] DCRL
[03:21:19] [261/445] DVPM
[03:21:20] [262/445] SBMJ
[03:21:20] [263/445] CBMU
[03:21:21] [264/445] IUBS
[03:21:22] [265/445] INAP
[03:21:22] [266/445] SRRC
[03:21:23] [267/445] SAGR
[03:21:23] [268/445] CPMJ
[03:21:24] 🔄 Identity reset
[03:21:24] 🔄 Identity rotated (every 10 requests)
[03:21:24] [269/445] ATJL
[03:21:24] [270/445] NNTD
[03:21:25] [271/445] JHCJ
[03:21:26] [272/445] CMMP
[03:21:26] [273/445] RSDR
[03:21:27] [274/445] AMTI
[03:21:28] [275/445] NYSG
[03:21:28] [276/445] AVSG
[03:21:29] [277/445] SYTP
[03:21:30] [278/445] LARC
[03:21:30] 🔄 Identity reset
[03:21:30] 🔄 Identity rotated (every 10 requests)
[03:21:30] [279/445] RJTP
[03:21:31] [280/445] LAKC
[03:21:31] [281/445] MCXE
[03:21:32] [282/445] CCZC
[03:21:33] [283/445] AVCH
[03:21:33] [284/445] CMBE
[03:21:34] [285/445] MRRC
[03:21:34] [286/445] PCPY
[03:21:35] [287/445] SRMH
[03:21:36] [288/445] SVGS
[03:21:36] 🔄 Identity reset
[03:21:36] 🔄 Identity rotated (every 10 requests)
[03:21:36] [289/445] PCSE
[03:21:37] [290/445] SVFT
[03:21:38] [291/445] TNZP
[03:21:38] [292/445] ICTP
[03:21:39] [293/445] ACTZ
[03:21:40] [294/445] GTUR
[03:21:40] [295/445] MAFC
[03:21:41] [296/445] MINL
[03:21:42] [297/445] MRCL
[03:21:42] [298/445] RCRP
[03:21:43] 🔄 Identity reset
[03:21:43] 🔄 Identity rotated (every 10 requests)
[03:21:43] [299/445] RFFG
[03:21:44] [300/445] RMAS
[03:21:44] [301/445] INVR
[03:21:45] [302/445] RMAR
[03:21:46] [303/445] CNIS
[03:21:46] [304/445] RHRJ
[03:21:47] [305/445] INXR
[03:21:48] [306/445] VALT
[03:21:48] [307/445] LCSH
[03:21:49] [308/445] CMVS
[03:21:50] 🔄 Identity reset
[03:21:50] 🔄 Identity rotated (every 10 requests)
[03:21:50] [309/445] CNMS
[03:21:50] [310/445] ROOG
[03:21:51] [311/445] ISRM
[03:21:51] [312/445] RCRM
[03:21:52] [313/445] ACJA
[03:21:53] [314/445] RCVS
[03:21:53] [315/445] CPUS
[03:21:54] [316/445] TGCS
[03:21:55] [317/445] RKCJ
[03:21:55] [318/445] MKSB
[03:21:56] 🔄 Identity reset
[03:21:56] 🔄 Identity rotated (every 10 requests)
[03:21:56] [319/445] TCSJ
[03:21:56] [320/445] RMGP
[03:21:57] [321/445] CLLP
[03:21:58] [322/445] RCMV
[03:21:58] [323/445] CCKS
[03:21:59] [324/445] RSRP
[03:22:00] [325/445] APLP
[03:22:00] [326/445] CNVS
[03:22:01] [327/445] RMVY
[03:22:02] [328/445] PGBD
[03:22:02] 🔄 Identity reset
[03:22:02] 🔄 Identity rotated (every 10 requests)
[03:22:03] [329/445] KLMS
[03:22:03] [330/445] RUST
[03:22:04] [331/445] MASM
[03:22:04] [332/445] BACS
[03:22:05] [333/445] BWST
[03:22:06] [334/445] RRFH
[03:22:06] [335/445] SJTM
[03:22:07] [336/445] BEMR
[03:22:07] [337/445] MCGR
[03:22:08] [338/445] SDSK
[03:22:09] 🔄 Identity reset
[03:22:09] 🔄 Identity rotated (every 10 requests)
[03:22:09] [339/445] VBOL
[03:22:09] [340/445] RMGM
[03:22:10] [341/445] NOPL
[03:22:11] [342/445] MKJK
[03:22:11] [343/445] CVRN
[03:22:12] [344/445] MMEN
[03:22:12] [345/445] AMNG
[03:22:13] [346/445] INTM
[03:22:14] [347/445] SLCZ
[03:22:14] [348/445] AMJN
[03:22:15] 🔄 Identity reset
[03:22:15] 🔄 Identity rotated (every 10 requests)
[03:22:15] 🔄 Retry 1/5 for AMJN in 2.6s
[03:22:15] 🔄 Identity reset
[03:22:18] 🧠 New identity created
[03:22:18] 🔄 Retry 2/5 for AMJN in 4.7s
[03:22:18] 🔄 Identity reset
[03:22:22] 🧠 New identity created
[03:22:22] 🔄 Retry 3/5 for AMJN in 8.9s
[03:22:22] 🔄 Identity reset
[03:22:31] 🧠 New identity created
[03:22:31] 🔄 Retry 4/5 for AMJN in 16.0s
[03:22:31] 🔄 Identity reset
[03:22:47] 🧠 New identity created
[03:22:47] [349/445] ACJN
[03:22:48] [350/445] AMKN
[03:22:49] [351/445] BTCN
[03:22:49] [352/445] AMBT
[03:22:50] [353/445] PACN
[03:22:50] [354/445] LCNS
[03:22:51] 🔄 Identity reset
[03:22:51] 🔄 Identity rotated (every 10 requests)
[03:22:51] 🔄 Retry 1/5 for LCNS in 2.2s
[03:22:51] 🔄 Identity reset
[03:22:53] 🧠 New identity created
[03:22:53] 🔄 Retry 2/5 for LCNS in 4.7s
[03:22:53] 🔄 Identity reset
[03:22:58] 🧠 New identity created
[03:22:58] 🔄 Retry 3/5 for LCNS in 9.0s
[03:22:58] 🔄 Identity reset
[03:23:07] 🧠 New identity created
[03:23:07] [355/445] PPKC
[03:23:08] [356/445] JYYN
[03:23:08] [357/445] JTNR
[03:23:09] [358/445] GTEE
[03:23:10] [359/445] SRNM
[03:23:10] [360/445] SDTC
[03:23:11] [361/445] VPCA
[03:23:11] 🔄 Identity reset
[03:23:11] 🔄 Identity rotated (every 10 requests)
[03:23:12] [362/445] VLRA
[03:23:12] [363/445] SHKR
[03:23:13] [364/445] SBKD
[03:23:13] [365/445] SAAD
[03:23:14] [366/445] JTGN
[03:23:15] [367/445] SLAM
[03:23:15] [368/445] VTPM
[03:23:16] [369/445] ANPT
[03:23:16] [370/445] PUNB
[03:23:17] [371/445] CPKT
[03:23:18] 🔄 Identity reset
[03:23:18] 🔄 Identity rotated (every 10 requests)
[03:23:18] [372/445] CNWE
[03:23:18] [373/445] ECPP
[03:23:19] [374/445] CPAR
[03:23:20] [375/445] ESBW
[03:23:20] [376/445] PKPU
[03:23:21] [377/445] CPRP
[03:23:21] [378/445] RAHU
[03:23:22] [379/445] RHMN
[03:23:23] [380/445] FMJP
[03:23:23] [381/445] CTMP
[03:23:24] 🔄 Identity reset
[03:23:24] 🔄 Identity rotated (every 10 requests)
[03:23:24] 🔄 Retry 1/5 for CTMP in 2.4s
[03:23:24] 🔄 Identity reset
[03:23:26] 🧠 New identity created
[03:23:26] [382/445] INPN
[03:23:27] [383/445] STTG
[03:23:28] [384/445] CTRD
[03:23:28] [385/445] PUVB
[03:23:29] [386/445] ESVP
[03:23:30] [387/445] CPFT
[03:23:30] [388/445] LCPC
[03:23:31] [389/445] VBCT
[03:23:32] [390/445] FSCW
[03:23:32] 🔄 Identity reset
[03:23:32] 🔄 Identity rotated (every 10 requests)
[03:23:32] [391/445] VCMP
[03:23:33] [392/445] ASHC
[03:23:34] [393/445] VLCX
[03:23:35] [394/445] SHEV
[03:23:35] [395/445] APCO
[03:23:36] [396/445] SILC
[03:23:37] [397/445] SNMR
[03:23:37] [398/445] KYBO
[03:23:38] [399/445] SATK
[03:23:39] [400/445] SSCS
[03:23:39] 🔄 Identity reset
[03:23:39] 🔄 Identity rotated (every 10 requests)
[03:23:39] 🔄 Retry 1/5 for SSCS in 2.4s
[03:23:39] 🔄 Identity reset
[03:23:42] 🧠 New identity created
[03:23:42] [401/445] CLSB
[03:23:42] [402/445] KMJR
[03:23:43] [403/445] FSCK
[03:23:44] [404/445] NNKA
[03:23:44] [405/445] CLMK
[03:23:45] [406/445] DMPZ
[03:23:46] [407/445] INQM
[03:23:46] [408/445] CAML
[03:23:47] [409/445] INRK
[03:23:48] 🔄 Identity reset
[03:23:48] 🔄 Identity rotated (every 10 requests)
[03:23:48] 🔄 Retry 1/5 for INRK in 2.2s
[03:23:48] 🔄 Identity reset
[03:23:50] 🧠 New identity created
[03:23:50] 🔄 Retry 2/5 for INRK in 4.3s
[03:23:50] 🔄 Identity reset
[03:23:54] 🧠 New identity created
[03:23:54] [410/445] IMKN
[03:23:55] [411/445] SVNR
[03:23:56] [412/445] INSL
[03:23:56] [413/445] MSMA
[03:23:57] [414/445] MCKK
[03:23:57] [415/445] FCHP
[03:23:58] [416/445] SFCR
[03:23:58] [417/445] NACK
[03:23:59] 🔄 Identity reset
[03:23:59] 🔄 Identity rotated (every 10 requests)
[03:23:59] [418/445] PVAK
[03:24:00] [419/445] INER
[03:24:00] [420/445] RDBK
[03:24:01] [421/445] SVFN
[03:24:02] [422/445] IFRM
[03:24:02] [423/445] ATCK
[03:24:03] [424/445] ASKO
[03:24:04] [425/445] STKT
[03:24:04] [426/445] SVFB
[03:24:05] [427/445] INKS
[03:24:06] 🔄 Identity reset
[03:24:06] 🔄 Identity rotated (every 10 requests)
[03:24:06] [428/445] PCRA
[03:24:06] [429/445] ATJA
[03:24:07] [430/445] IMJN
[03:24:08] [431/445] INHD
[03:24:08] [432/445] BARA
[03:24:09] [433/445] MCSL
[03:24:10] [434/445] RTOY
[03:24:10] [435/445] MENO
[03:24:11] [436/445] PUDM
[03:24:11] [437/445] PRCN
[03:24:12] 🔄 Identity reset
[03:24:12] 🔄 Identity rotated (every 10 requests)
[03:24:12] [438/445] JMJR
[03:24:13] [439/445] SSGK
[03:24:13] [440/445] SSRL
[03:24:14] [441/445] JYKL
[03:24:14] [442/445] ACNB
[03:24:15] [443/445] SONP
[03:24:16] [444/445] EMCI
[03:24:16] [445/445] MRJH
[03:24:17] ✅ DONE | Shows=0 | Movies=0
[03:58:38] 🚀 BMS DAILY TRACKER STARTED (enhanced anti‑detection)
[03:58:38] [1/445] TGMR
[03:58:39] 🧠 New identity created
[03:58:39] [2/445] CXKR
[03:58:40] [3/445] SROP
[03:58:41] [4/445] GTSV
[03:58:41] [5/445] SNTY
[03:58:42] [6/445] SMYY
[03:58:42] [7/445] CNCS
[03:58:43] [8/445] CSTM
[03:58:44] [9/445] NUCD
[03:58:45] [10/445] SHCZ
[03:58:46] 🔄 Identity reset
[03:58:46] 🔄 Identity rotated (every 10 requests)
[03:58:46] [11/445] NJCT
[03:58:46] [12/445] COPC
[03:58:47] [13/445] STVV
[03:58:48] [14/445] SKRN
[03:58:49] [15/445] APPZ
[03:58:50] [16/445] YMGN
[03:58:50] [17/445] SVTU
[03:58:51] [18/445] GTAD
[03:58:53] [19/445] PSUS
[03:58:53] [20/445] SMCD
[03:58:54] 🔄 Identity reset
[03:58:54] 🔄 Identity rotated (every 10 requests)
[03:58:54] [21/445] CMCM
[03:58:55] [22/445] SYCT
[03:58:56] [23/445] STLY
[03:58:57] [24/445] CMHU
[03:58:58] [25/445] CMSA
[03:58:59] [26/445] CLCU
[03:58:59] [27/445] PPNT
[03:59:00] [28/445] JTAB
[03:59:01] [29/445] BUUC
[03:59:01] [30/445] BSVK
[03:59:02] 🔄 Identity reset
[03:59:02] 🔄 Identity rotated (every 10 requests)
[03:59:02] [31/445] VVVQ
[03:59:03] [32/445] TKMU
[03:59:03] [33/445] ESYL
[03:59:04] [34/445] ACHP
[03:59:05] [35/445] BTKD
[03:59:06] [36/445] DESA
[03:59:07] [37/445] GBCT
[03:59:07] [38/445] BLLD
[03:59:08] [39/445] SKNT
[03:59:09] [40/445] SSTE
[03:59:10] 🔄 Identity reset
[03:59:10] 🔄 Identity rotated (every 10 requests)
[03:59:10] [41/445] VJMR
[03:59:10] [42/445] NTPU
[03:59:11] [43/445] RDKN
[03:59:12] [44/445] ADGC
[03:59:13] [45/445] VRBP
[03:59:13] [46/445] NMNA
[03:59:14] [47/445] CMMX
[03:59:14] [48/445] PTKO
[03:59:15] [49/445] RBML
[03:59:16] [50/445] SAIC
[03:59:16] 🔄 Identity reset
[03:59:17] 🔄 Identity rotated (every 10 requests)
[03:59:17] [51/445] SVTJ
[03:59:18] [52/445] MRTE
[03:59:18] [53/445] RBTP
[03:59:19] [54/445] NLPS
[03:59:20] [55/445] GTNA
[03:59:21] [56/445] DGGC
[03:59:21] [57/445] SMCR
[03:59:22] [58/445] SCGD
[03:59:22] [59/445] SRRJ
[03:59:23] [60/445] CNRY
[03:59:23] 🔄 Identity reset
[03:59:23] 🔄 Identity rotated (every 10 requests)
[03:59:24] [61/445] KTDI
[03:59:25] [62/445] SNJL
[03:59:26] [63/445] RKMD
[03:59:26] [64/445] SMDC
[03:59:27] [65/445] TADG
[03:59:28] [66/445] MCGS
[03:59:29] [67/445] PETK
[03:59:30] [68/445] CHAG
[03:59:30] [69/445] KSTL
[03:59:31] [70/445] AADS
[03:59:32] 🔄 Identity reset
[03:59:32] 🔄 Identity rotated (every 10 requests)
[03:59:32] [71/445] NTHZ
[03:59:32] [72/445] HCKI
[03:59:33] [73/445] SSEF
[03:59:34] [74/445] MCGX
[03:59:35] [75/445] ERRA
[03:59:36] [76/445] SDTW
[03:59:37] [77/445] RMPK
[03:59:37] [78/445] PTHK
[03:59:38] [79/445] PXCS
[03:59:39] [80/445] SVLU
[03:59:40] 🔄 Identity reset
[03:59:40] 🔄 Identity rotated (every 10 requests)
[03:59:40] [81/445] STAH
[03:59:40] [82/445] JRGF
[03:59:41] [83/445] CDOK
[03:59:42] [84/445] CMSG
[03:59:43] [85/445] APTD
[03:59:43] [86/445] KMPG
[03:59:44] [87/445] MUTJ
[03:59:44] [88/445] VCCI
[03:59:45] [89/445] URBE
[03:59:45] [90/445] TCTS
[03:59:46] 🔄 Identity reset
[03:59:46] 🔄 Identity rotated (every 10 requests)
[03:59:46] [91/445] STSN
[03:59:48] [92/445] AKCH
[03:59:48] [93/445] APSC
[03:59:49] [94/445] VLTB
[03:59:50] [95/445] SANU
[03:59:51] [96/445] AXAM
[03:59:52] [97/445] MGMG
[03:59:52] [98/445] HTBY
[03:59:53] [99/445] MMZS
[03:59:54] [100/445] SUDR
[03:59:54] 🔄 Identity reset
[03:59:54] 🔄 Identity rotated (every 10 requests)
[03:59:55] [101/445] CCAD
[03:59:55] [102/445] SKKC
[03:59:56] [103/445] RMCD
[03:59:57] [104/445] SBCQ
[03:59:58] [105/445] DCCT
[03:59:58] [106/445] VTKP
[03:59:59] [107/445] MLAM
[04:00:00] [108/445] SAVT
[04:00:01] [109/445] GEPL
[04:00:02] [110/445] AMCD
[04:00:03] 🔄 Identity reset
[04:00:03] 🔄 Identity rotated (every 10 requests)
[04:00:03] [111/445] CCXR
[04:00:03] [112/445] GRNG
[04:00:04] [113/445] EBCA
[04:00:05] [114/445] CNVG
[04:00:05] [115/445] MWSS
[04:00:06] [116/445] VBOR
[04:00:06] [117/445] NEEB
[04:00:07] [118/445] SUTH
[04:00:08] [119/445] ANDB
[04:00:09] [120/445] MMXS
[04:00:10] 🔄 Identity reset
[04:00:10] 🔄 Identity rotated (every 10 requests)
[04:00:10] [121/445] CNPD
[04:00:10] [122/445] SDCE
[04:00:11] [123/445] DHCB
[04:00:12] [124/445] ODEN
[04:00:13] [125/445] TNTC
[04:00:13] [126/445] VBKM
[04:00:14] [127/445] RZYM
[04:00:15] [128/445] JEMC
[04:00:16] [129/445] CMAU
[04:00:16] [130/445] SIVP
[04:00:17] 🔄 Identity reset
[04:00:17] 🔄 Identity rotated (every 10 requests)
[04:00:17] [131/445] ATAG
[04:00:18] [132/445] CHTM
[04:00:19] [133/445] AAEE
[04:00:19] [134/445] IWPM
[04:00:20] [135/445] KCMW
[04:00:21] [136/445] MCTD
[04:00:22] [137/445] SPWR
[04:00:23] [138/445] SDPO
[04:00:23] [139/445] PCSK
[04:00:24] [140/445] ACHV
[04:00:25] 🔄 Identity reset
[04:00:25] 🔄 Identity rotated (every 10 requests)
[04:00:25] [141/445] SVLA
[04:00:26] [142/445] PICT
[04:00:26] [143/445] BXDR
[04:00:27] [144/445] SPWA
[04:00:28] [145/445] MCKO
[04:00:28] [146/445] RTHK
[04:00:29] [147/445] CCMF
[04:00:30] [148/445] MRGB
[04:00:30] [149/445] CPLC
[04:00:31] [150/445] RACD
[04:00:31] 🔄 Identity reset
[04:00:31] 🔄 Identity rotated (every 10 requests)
[04:00:31] [151/445] ATKT
[04:00:32] [152/445] SARN
[04:00:33] [153/445] KKUI
[04:00:34] [154/445] RGCM
[04:00:35] [155/445] BRVP
[04:00:35] [156/445] HRSR
[04:00:36] [157/445] GKGM
[04:00:37] [158/445] TTCD
[04:00:37] [159/445] PTTI
[04:00:38] [160/445] MPTT
[04:00:39] 🔄 Identity reset
[04:00:39] 🔄 Identity rotated (every 10 requests)
[04:00:39] [161/445] CVTT
[04:00:40] [162/445] PCXD
[04:00:40] [163/445] GCDC
[04:00:41] [164/445] CCCF
[04:00:42] [165/445] MRAD
[04:00:43] [166/445] CPLK
[04:00:43] [167/445] SATB
[04:00:44] [168/445] SNVG
[04:00:45] [169/445] JMBA
[04:00:45] [170/445] TEJA
[04:00:46] 🔄 Identity reset
[04:00:46] 🔄 Identity rotated (every 10 requests)
[04:00:46] [171/445] STYO
[04:00:47] [172/445] JTBP
[04:00:47] [173/445] KRGD
[04:00:48] [174/445] SLJJ
[04:00:49] [175/445] SPTJ
[04:00:49] [176/445] SWJG
[04:00:50] [177/445] LKRT
[04:00:51] [178/445] KCKA
[04:00:52] [179/445] SNCR
[04:00:52] [180/445] SMKL
[04:00:53] 🔄 Identity reset
[04:00:53] 🔄 Identity rotated (every 10 requests)
[04:00:53] [181/445] GCFA
[04:00:54] [182/445] DDCK
[04:00:55] [183/445] NCHJ
[04:00:55] [184/445] RDMA
[04:00:56] [185/445] SVSV
[04:00:58] [186/445] SCJG
[04:00:58] [187/445] VKLP
[04:00:59] [188/445] NWCC
[04:01:00] [189/445] VKNS
[04:01:01] [190/445] SDDP
[04:01:01] 🔄 Identity reset
[04:01:01] 🔄 Identity rotated (every 10 requests)
[04:01:02] [191/445] ACSI
[04:01:03] [192/445] SATG
[04:01:04] [193/445] SCMW
[04:01:04] [194/445] LKTK
[04:01:05] [195/445] VCKV
[04:01:06] [196/445] KKPE
[04:01:06] [197/445] KIGH
[04:01:07] [198/445] SRPM
[04:01:08] [199/445] SCAH
[04:01:09] [200/445] MUTA
[04:01:09] 🔄 Identity reset
[04:01:09] 🔄 Identity rotated (every 10 requests)
[04:01:10] [201/445] SEPU
[04:01:11] [202/445] INOA
[04:01:11] [203/445] BASK
[04:01:12] [204/445] NECB
[04:01:12] [205/445] GTTG
[04:01:13] [206/445] ASSA
[04:01:14] [207/445] ANCL
[04:01:15] [208/445] GCTI
[04:01:15] [209/445] RCTS
[04:01:16] [210/445] ACNL
[04:01:16] 🔄 Identity reset
[04:01:16] 🔄 Identity rotated (every 10 requests)
[04:01:16] [211/445] MYCT
[04:01:17] [212/445] NMHT
[04:01:18] [213/445] MDIT
[04:01:19] [214/445] LATG
[04:01:19] [215/445] SMTY
[04:01:20] [216/445] CVCT
[04:01:21] [217/445] RAMB
[04:01:21] [218/445] TGMS
[04:01:22] [219/445] BHEL
[04:01:23] [220/445] SHCT
[04:01:23] 🔄 Identity reset
[04:01:23] 🔄 Identity rotated (every 10 requests)
[04:01:23] [221/445] SVCT
[04:01:24] [222/445] MRIY
[04:01:25] [223/445] SARO
[04:01:25] [224/445] STCT
[04:01:26] [225/445] JKKC
[04:01:27] [226/445] PLTT
[04:01:28] [227/445] SRNT
[04:01:28] [228/445] YAST
[04:01:29] [229/445] PERL
[04:01:29] [230/445] CICM
[04:01:30] 🔄 Identity reset
[04:01:30] 🔄 Identity rotated (every 10 requests)
[04:01:30] [231/445] MMTR
[04:01:31] [232/445] ABTK
[04:01:32] [233/445] ATYY
[04:01:32] [234/445] ASTK
[04:01:33] [235/445] VVCK
[04:01:34] [236/445] ATKY
[04:01:35] [237/445] GWEK
[04:01:36] [238/445] SVFH
[04:01:36] [239/445] SLTA
[04:01:37] [240/445] AASH
[04:01:38] 🔄 Identity reset
[04:01:38] 🔄 Identity rotated (every 10 requests)
[04:01:38] [241/445] ACXB
[04:01:38] [242/445] SMTX
[04:01:39] [243/445] AZDH
[04:01:40] [244/445] CMMH
[04:01:41] [245/445] SCSZ
[04:01:42] [246/445] SCKP
[04:01:43] [247/445] NXTM
[04:01:44] [248/445] NWCS
[04:01:44] [249/445] CXMH
[04:01:45] [250/445] PCMA
[04:01:46] 🔄 Identity reset
[04:01:46] 🔄 Identity rotated (every 10 requests)
[04:01:46] [251/445] SGCM
[04:01:46] [252/445] SDTU
[04:01:47] [253/445] MMVI
[04:01:48] [254/445] JKCM
[04:01:49] [255/445] VCMM
[04:01:50] [256/445] SYEE
[04:01:50] [257/445] VASD
[04:01:51] [258/445] BDRB
[04:01:52] [259/445] LASM
[04:01:52] [260/445] DCRL
[04:01:53] 🔄 Identity reset
[04:01:53] 🔄 Identity rotated (every 10 requests)
[04:01:53] 🔄 Retry 1/5 for DCRL in 2.5s
[04:01:53] 🔄 Identity reset
[04:01:56] 🧠 New identity created
[04:01:56] 🔄 Retry 2/5 for DCRL in 4.7s
[04:01:56] 🔄 Identity reset
[04:02:00] 🧠 New identity created
[04:02:00] 🔄 Retry 3/5 for DCRL in 8.7s
[04:02:00] 🔄 Identity reset
[04:02:09] 🧠 New identity created
[04:02:09] [261/445] DVPM
[04:02:10] [262/445] SBMJ
[04:02:10] [263/445] CBMU
[04:02:11] [264/445] IUBS
[04:02:12] [265/445] INAP
[04:02:13] [266/445] SRRC
[04:02:13] [267/445] SAGR
[04:02:14] 🔄 Identity reset
[04:02:14] 🔄 Identity rotated (every 10 requests)
[04:02:14] [268/445] CPMJ
[04:02:15] [269/445] ATJL
[04:02:15] [270/445] NNTD
[04:02:16] [271/445] JHCJ
[04:02:17] [272/445] CMMP
[04:02:17] [273/445] RSDR
[04:02:18] [274/445] AMTI
[04:02:18] [275/445] NYSG
[04:02:19] [276/445] AVSG
[04:02:20] [277/445] SYTP
[04:02:20] 🔄 Identity reset
[04:02:21] 🔄 Identity rotated (every 10 requests)
[04:02:21] [278/445] LARC
[04:02:21] [279/445] RJTP
[04:02:22] [280/445] LAKC
[04:02:23] [281/445] MCXE
[04:02:24] [282/445] CCZC
[04:02:25] [283/445] AVCH
[04:02:25] [284/445] CMBE
[04:02:27] [285/445] MRRC
[04:02:28] [286/445] PCPY
[04:02:28] [287/445] SRMH
[04:02:29] 🔄 Identity reset
[04:02:29] 🔄 Identity rotated (every 10 requests)
[04:02:29] [288/445] SVGS
[04:02:31] [289/445] PCSE
[04:02:32] [290/445] SVFT
[04:02:33] [291/445] TNZP
[04:02:34] [292/445] ICTP
[04:02:35] [293/445] ACTZ
[04:02:36] [294/445] GTUR
[04:02:37] [295/445] MAFC
[04:02:37] [296/445] MINL
[04:02:38] [297/445] MRCL
[04:02:38] 🔄 Identity reset
[04:02:38] 🔄 Identity rotated (every 10 requests)
[04:02:38] 🔄 Retry 1/5 for MRCL in 3.0s
[04:02:38] 🔄 Identity reset
[04:02:41] 🧠 New identity created
[04:02:42] [298/445] RCRP
[04:02:42] [299/445] RFFG
[04:02:44] [300/445] RMAS
[04:02:45] [301/445] INVR
[04:02:45] [302/445] RMAR
[04:02:46] [303/445] CNIS
[04:02:47] [304/445] RHRJ
[04:02:47] [305/445] INXR
[04:02:48] [306/445] VALT
[04:02:49] 🔄 Identity reset
[04:02:49] 🔄 Identity rotated (every 10 requests)
[04:02:49] [307/445] LCSH
[04:02:49] [308/445] CMVS
[04:02:50] [309/445] CNMS
[04:02:51] [310/445] ROOG
[04:02:51] [311/445] ISRM
[04:02:52] [312/445] RCRM
[04:02:53] [313/445] ACJA
[04:02:53] [314/445] RCVS
[04:02:54] [315/445] CPUS
[04:02:54] [316/445] TGCS
[04:02:55] 🔄 Identity reset
[04:02:55] 🔄 Identity rotated (every 10 requests)
[04:02:55] [317/445] RKCJ
[04:02:56] [318/445] MKSB
[04:02:57] [319/445] TCSJ
[04:02:58] [320/445] RMGP
[04:02:59] [321/445] CLLP
[04:02:59] [322/445] RCMV
[04:03:00] [323/445] CCKS
[04:03:00] [324/445] RSRP
[04:03:01] [325/445] APLP
[04:03:02] [326/445] CNVS
[04:03:02] 🔄 Identity reset
[04:03:03] 🔄 Identity rotated (every 10 requests)
[04:03:03] [327/445] RMVY
[04:03:03] [328/445] PGBD
[04:03:04] [329/445] KLMS
[04:03:05] [330/445] RUST
[04:03:06] [331/445] MASM
[04:03:07] [332/445] BACS
[04:03:07] [333/445] BWST
[04:03:08] [334/445] RRFH
[04:03:08] [335/445] SJTM
[04:03:09] [336/445] BEMR
[04:03:10] 🔄 Identity reset
[04:03:10] 🔄 Identity rotated (every 10 requests)
[04:03:10] 🔄 Retry 1/5 for BEMR in 2.9s
[04:03:10] 🔄 Identity reset
[04:03:13] 🧠 New identity created
[04:03:13] [337/445] MCGR
[04:03:14] [338/445] SDSK
[04:03:15] [339/445] VBOL
[04:03:15] [340/445] RMGM
[04:03:16] [341/445] NOPL
[04:03:17] [342/445] MKJK
[04:03:18] [343/445] CVRN
[04:03:19] [344/445] MMEN
[04:03:20] [345/445] AMNG
[04:03:20] 🔄 Identity reset
[04:03:20] 🔄 Identity rotated (every 10 requests)
[04:03:20] 🔄 Retry 1/5 for AMNG in 2.6s
[04:03:20] 🔄 Identity reset
[04:03:23] 🧠 New identity created
[04:03:23] [346/445] INTM
[04:03:25] [347/445] SLCZ
[04:03:26] [348/445] AMJN
[04:03:26] [349/445] ACJN
[04:03:27] [350/445] AMKN
[04:03:27] [351/445] BTCN
[04:03:28] [352/445] AMBT
[04:03:29] [353/445] PACN
[04:03:30] [354/445] LCNS
[04:03:30] 🔄 Identity reset
[04:03:30] 🔄 Identity rotated (every 10 requests)
[04:03:30] [355/445] PPKC
[04:03:31] [356/445] JYYN
[04:03:32] [357/445] JTNR
[04:03:33] [358/445] GTEE
[04:03:33] [359/445] SRNM
[04:03:34] [360/445] SDTC
[04:03:35] [361/445] VPCA
[04:03:35] [362/445] VLRA
[04:03:36] [363/445] SHKR
[04:03:37] [364/445] SBKD
[04:03:37] 🔄 Identity reset
[04:03:37] 🔄 Identity rotated (every 10 requests)
[04:03:37] [365/445] SAAD
[04:03:38] [366/445] JTGN
[04:03:39] [367/445] SLAM
[04:03:39] [368/445] VTPM
[04:03:40] [369/445] ANPT
[04:03:41] [370/445] PUNB
[04:03:42] [371/445] CPKT
[04:03:42] [372/445] CNWE
[04:03:43] [373/445] ECPP
[04:03:44] [374/445] CPAR
[04:03:44] 🔄 Identity reset
[04:03:44] 🔄 Identity rotated (every 10 requests)
[04:03:45] [375/445] ESBW
[04:03:45] [376/445] PKPU
[04:03:46] [377/445] CPRP
[04:03:47] [378/445] RAHU
[04:03:47] [379/445] RHMN
[04:03:48] [380/445] FMJP
[04:03:48] [381/445] CTMP
[04:03:49] [382/445] INPN
[04:03:50] [383/445] STTG
[04:03:51] [384/445] CTRD
[04:03:51] 🔄 Identity reset
[04:03:51] 🔄 Identity rotated (every 10 requests)
[04:03:52] [385/445] PUVB
[04:03:52] [386/445] ESVP
[04:03:53] [387/445] CPFT
[04:03:54] [388/445] LCPC
[04:03:54] [389/445] VBCT
[04:03:55] [390/445] FSCW
[04:03:56] [391/445] VCMP
[04:03:56] [392/445] ASHC
[04:03:57] [393/445] VLCX
[04:03:58] [394/445] SHEV
[04:03:58] 🔄 Identity reset
[04:03:58] 🔄 Identity rotated (every 10 requests)
[04:03:58] 🔄 Retry 1/5 for SHEV in 2.9s
[04:03:58] 🔄 Identity reset
[04:04:01] 🧠 New identity created
[04:04:01] [395/445] APCO
[04:04:02] [396/445] SILC
[04:04:03] [397/445] SNMR
[04:04:03] [398/445] KYBO
[04:04:04] [399/445] SATK
[04:04:05] [400/445] SSCS
[04:04:06] [401/445] CLSB
[04:04:06] [402/445] KMJR
[04:04:07] [403/445] FSCK
[04:04:08] 🔄 Identity reset
[04:04:08] 🔄 Identity rotated (every 10 requests)
[04:04:08] [404/445] NNKA
[04:04:09] [405/445] CLMK
[04:04:09] [406/445] DMPZ
[04:04:10] [407/445] INQM
[04:04:11] [408/445] CAML
[04:04:11] [409/445] INRK
[04:04:12] [410/445] IMKN
[04:04:13] [411/445] SVNR
[04:04:13] [412/445] INSL
[04:04:14] [413/445] MSMA
[04:04:15] 🔄 Identity reset
[04:04:15] 🔄 Identity rotated (every 10 requests)
[04:04:15] [414/445] MCKK
[04:04:15] [415/445] FCHP
[04:04:16] [416/445] SFCR
[04:04:17] [417/445] NACK
[04:04:18] [418/445] PVAK
[04:04:18] [419/445] INER
[04:04:19] [420/445] RDBK
[04:04:20] [421/445] SVFN
[04:04:20] [422/445] IFRM
[04:04:21] [423/445] ATCK
[04:04:21] 🔄 Identity reset
[04:04:21] 🔄 Identity rotated (every 10 requests)
[04:04:22] 🔄 Retry 1/5 for ATCK in 2.6s
[04:04:22] 🔄 Identity reset
[04:04:24] 🧠 New identity created
[04:04:24] [424/445] ASKO
[04:04:25] [425/445] STKT
[04:04:26] [426/445] SVFB
[04:04:26] [427/445] INKS
[04:04:27] [428/445] PCRA
[04:04:28] [429/445] ATJA
[04:04:29] [430/445] IMJN
[04:04:30] [431/445] INHD
[04:04:30] [432/445] BARA
[04:04:31] 🔄 Identity reset
[04:04:31] 🔄 Identity rotated (every 10 requests)
[04:04:31] [433/445] MCSL
[04:04:31] [434/445] RTOY
[04:04:32] [435/445] MENO
[04:04:33] [436/445] PUDM
[04:04:34] [437/445] PRCN
[04:04:34] [438/445] JMJR
[04:04:35] [439/445] SSGK
[04:04:36] [440/445] SSRL
[04:04:36] [441/445] JYKL
[04:04:37] [442/445] ACNB
[04:04:37] 🔄 Identity reset
[04:04:37] 🔄 Identity rotated (every 10 requests)
[04:04:37] [443/445] SONP
[04:04:38] [444/445] EMCI
[04:04:39] [445/445] MRJH
[04:04:39] ✅ DONE | Shows=0 | Movies=0
[04:16:58] 🚀 BMS DAILY TRACKER STARTED (enhanced anti‑detection)
[04:16:58] [1/445] TGMR
[04:16:58] 🧠 New identity created
[04:16:59] [2/445] CXKR
[04:16:59] [3/445] SROP
[04:17:00] [4/445] GTSV
[04:17:01] [5/445] SNTY
[04:17:02] [6/445] SMYY
[04:17:03] [7/445] CNCS
[04:17:04] [8/445] CSTM
[04:17:05] [9/445] NUCD
[04:17:06] [10/445] SHCZ
[04:17:06] 🔄 Identity reset
[04:17:06] 🔄 Identity rotated (every 10 requests)
[04:17:07] [11/445] NJCT
[04:17:08] [12/445] COPC
[04:17:08] [13/445] STVV
[04:17:09] [14/445] SKRN
[04:17:10] [15/445] APPZ
[04:17:11] [16/445] YMGN
[04:17:12] [17/445] SVTU
[04:17:13] [18/445] GTAD
[04:17:14] [19/445] PSUS
[04:17:15] [20/445] SMCD
[04:17:16] 🔄 Identity reset
[04:17:16] 🔄 Identity rotated (every 10 requests)
[04:17:16] 🔄 Retry 1/5 for SMCD in 2.1s
[04:17:16] 🔄 Identity reset
[04:17:18] 🧠 New identity created
[04:17:18] [21/445] CMCM
[04:17:19] [22/445] SYCT
[04:17:20] [23/445] STLY
[04:17:21] [24/445] CMHU
[04:17:22] [25/445] CMSA
[04:17:22] [26/445] CLCU
[04:17:23] [27/445] PPNT
[04:17:24] [28/445] JTAB
[04:17:25] [29/445] BUUC
[04:17:26] 🔄 Identity reset
[04:17:26] 🔄 Identity rotated (every 10 requests)
[04:17:26] [30/445] BSVK
[04:17:27] [31/445] VVVQ
[04:17:29] [32/445] TKMU
[04:17:29] [33/445] ESYL
[04:17:30] [34/445] ACHP
[04:17:31] [35/445] BTKD
[04:17:32] [36/445] DESA
[04:17:33] [37/445] GBCT
[04:17:34] [38/445] BLLD
[04:17:35] [39/445] SKNT
[04:17:35] 🔄 Identity reset
[04:17:35] 🔄 Identity rotated (every 10 requests)
[04:17:35] [40/445] SSTE
[04:17:36] [41/445] VJMR
[04:17:37] [42/445] NTPU
[04:17:38] [43/445] RDKN
[04:17:39] [44/445] ADGC
[04:17:40] [45/445] VRBP
[04:17:41] [46/445] NMNA
[04:17:42] [47/445] CMMX
[04:17:42] [48/445] PTKO
[04:17:43] [49/445] RBML
[04:17:44] 🔄 Identity reset
[04:17:44] 🔄 Identity rotated (every 10 requests)
[04:17:44] [50/445] SAIC
[04:17:45] [51/445] SVTJ
[04:17:46] [52/445] MRTE
[04:17:47] [53/445] RBTP
[04:17:48] [54/445] NLPS
[04:17:49] [55/445] GTNA
[04:17:50] [56/445] DGGC
[04:17:50] [57/445] SMCR
[04:17:52] [58/445] SCGD
[04:17:53] [59/445] SRRJ
[04:17:53] 🔄 Identity reset
[04:17:53] 🔄 Identity rotated (every 10 requests)
[04:17:54] [60/445] CNRY
[04:17:55] [61/445] KTDI
[04:17:56] [62/445] SNJL
[04:17:56] [63/445] RKMD
[04:17:57] [64/445] SMDC
[04:17:58] [65/445] TADG
[04:17:59] [66/445] MCGS
[04:18:00] [67/445] PETK
[04:18:01] [68/445] CHAG
[04:18:02] [69/445] KSTL
[04:18:03] 🔄 Identity reset
[04:18:03] 🔄 Identity rotated (every 10 requests)
[04:18:03] [70/445] AADS
[04:18:04] [71/445] NTHZ
[04:18:05] [72/445] HCKI
[04:18:06] [73/445] SSEF
[04:18:07] [74/445] MCGX
[04:18:08] [75/445] ERRA
[04:18:09] [76/445] SDTW
[04:18:10] [77/445] RMPK
[04:18:11] [78/445] PTHK
[04:18:12] [79/445] PXCS
[04:18:13] 🔄 Identity reset
[04:18:13] 🔄 Identity rotated (every 10 requests)
[04:18:13] [80/445] SVLU
[04:18:14] [81/445] STAH
[04:18:15] [82/445] JRGF
[04:18:15] [83/445] CDOK
[04:18:16] [84/445] CMSG
[04:18:17] [85/445] APTD
[04:18:18] [86/445] KMPG
[04:18:19] [87/445] MUTJ
[04:18:20] [88/445] VCCI
[04:18:21] [89/445] URBE
[04:18:21] 🔄 Identity reset
[04:18:21] 🔄 Identity rotated (every 10 requests)
[04:18:22] [90/445] TCTS
[04:18:22] [91/445] STSN
[04:18:24] [92/445] AKCH
[04:18:25] [93/445] APSC
[04:18:26] [94/445] VLTB
[04:18:27] [95/445] SANU
[04:18:28] [96/445] AXAM
[04:18:28] [97/445] MGMG
[04:18:29] [98/445] HTBY
[04:18:30] [99/445] MMZS
[04:18:31] 🔄 Identity reset
[04:18:31] 🔄 Identity rotated (every 10 requests)
[04:18:31] 🔄 Retry 1/5 for MMZS in 2.4s
[04:18:31] 🔄 Identity reset
[04:18:33] 🧠 New identity created
[04:18:34] [100/445] SUDR
[04:18:35] [101/445] CCAD
[04:18:36] [102/445] SKKC
[04:18:37] [103/445] RMCD
[04:18:38] [104/445] SBCQ
[04:18:39] [105/445] DCCT
[04:18:40] [106/445] VTKP
[04:18:41] [107/445] MLAM
[04:18:42] [108/445] SAVT
[04:18:42] 🔄 Identity reset
[04:18:42] 🔄 Identity rotated (every 10 requests)
[04:18:43] [109/445] GEPL
[04:18:44] [110/445] AMCD
[04:18:45] [111/445] CCXR
[04:18:47] [112/445] GRNG
[04:18:48] [113/445] EBCA
[04:18:48] [114/445] CNVG
[04:18:49] [115/445] MWSS
[04:18:50] [116/445] VBOR
[04:18:51] [117/445] NEEB
[04:18:52] [118/445] SUTH
[04:18:52] 🔄 Identity reset
[04:18:52] 🔄 Identity rotated (every 10 requests)
[04:18:53] [119/445] ANDB
[04:18:54] [120/445] MMXS
[04:18:55] [121/445] CNPD
[04:18:55] [122/445] SDCE
[04:18:56] [123/445] DHCB
[04:18:57] [124/445] ODEN
[04:18:58] [125/445] TNTC
[04:18:59] [126/445] VBKM
[04:19:00] [127/445] RZYM
[04:19:01] [128/445] JEMC
[04:19:02] 🔄 Identity reset
[04:19:02] 🔄 Identity rotated (every 10 requests)
[04:19:02] 🔄 Retry 1/5 for JEMC in 2.7s
[04:19:02] 🔄 Identity reset
[04:19:04] 🧠 New identity created
[04:19:05] [129/445] CMAU
[04:19:06] [130/445] SIVP
[04:19:07] [131/445] ATAG
[04:19:07] [132/445] CHTM
[04:19:08] [133/445] AAEE
[04:19:09] [134/445] IWPM
[04:19:10] [135/445] KCMW
[04:19:11] [136/445] MCTD
[04:19:12] [137/445] SPWR
[04:19:13] 🔄 Identity reset
[04:19:13] 🔄 Identity rotated (every 10 requests)
[04:19:14] [138/445] SDPO
[04:19:14] [139/445] PCSK
[04:19:15] [140/445] ACHV
[04:19:16] [141/445] SVLA
[04:19:17] [142/445] PICT
[04:19:18] [143/445] BXDR
[04:19:19] [144/445] SPWA
[04:19:19] [145/445] MCKO
[04:19:20] [146/445] RTHK
[04:19:21] [147/445] CCMF
[04:19:22] 🔄 Identity reset
[04:19:22] 🔄 Identity rotated (every 10 requests)
[04:19:22] [148/445] MRGB
[04:19:23] [149/445] CPLC
[04:19:24] [150/445] RACD
[04:19:25] [151/445] ATKT
[04:19:26] [152/445] SARN
[04:19:27] [153/445] KKUI
[04:19:28] [154/445] RGCM
[04:19:29] [155/445] BRVP
[04:19:30] [156/445] HRSR
[04:19:31] [157/445] GKGM
[04:19:32] 🔄 Identity reset
[04:19:32] 🔄 Identity rotated (every 10 requests)
[04:19:33] [158/445] TTCD
[04:19:33] [159/445] PTTI
[04:19:34] [160/445] MPTT
[04:19:35] [161/445] CVTT
[04:19:36] [162/445] PCXD
[04:19:37] [163/445] GCDC
[04:19:39] [164/445] CCCF
[04:19:39] [165/445] MRAD
[04:19:40] [166/445] CPLK
[04:19:41] [167/445] SATB
[04:19:42] 🔄 Identity reset
[04:19:42] 🔄 Identity rotated (every 10 requests)
[04:19:42] 🔄 Retry 1/5 for SATB in 2.1s
[04:19:42] 🔄 Identity reset
[04:19:44] 🧠 New identity created
[04:19:44] 🔄 Retry 2/5 for SATB in 4.1s
[04:19:44] 🔄 Identity reset
[04:19:48] 🧠 New identity created
[04:19:48] 🔄 Retry 3/5 for SATB in 8.2s
[04:19:48] 🔄 Identity reset
[04:19:56] 🧠 New identity created
[04:19:57] [168/445] SNVG
[04:19:58] [169/445] JMBA
[04:19:59] [170/445] TEJA
[04:19:59] [171/445] STYO
[04:20:01] [172/445] JTBP
[04:20:02] [173/445] KRGD
[04:20:03] [174/445] SLJJ
[04:20:03] 🔄 Identity reset
[04:20:03] 🔄 Identity rotated (every 10 requests)
[04:20:04] [175/445] SPTJ
[04:20:05] [176/445] SWJG
[04:20:05] [177/445] LKRT
[04:20:06] [178/445] KCKA
[04:20:07] [179/445] SNCR
[04:20:08] [180/445] SMKL
[04:20:09] [181/445] GCFA
[04:20:10] [182/445] DDCK
[04:20:11] [183/445] NCHJ
[04:20:11] [184/445] RDMA
[04:20:12] 🔄 Identity reset
[04:20:12] 🔄 Identity rotated (every 10 requests)
[04:20:12] [185/445] SVSV
[04:20:13] [186/445] SCJG
[04:20:14] [187/445] VKLP
[04:20:15] [188/445] NWCC
[04:20:16] [189/445] VKNS
[04:20:17] [190/445] SDDP
[04:20:18] [191/445] ACSI
[04:20:18] [192/445] SATG
[04:20:19] [193/445] SCMW
[04:20:20] [194/445] LKTK
[04:20:21] 🔄 Identity reset
[04:20:21] 🔄 Identity rotated (every 10 requests)
[04:20:21] [195/445] VCKV
[04:20:22] [196/445] KKPE
[04:20:23] [197/445] KIGH
[04:20:23] [198/445] SRPM
[04:20:24] [199/445] SCAH
[04:20:25] [200/445] MUTA
[04:20:26] [201/445] SEPU
[04:20:27] [202/445] INOA
[04:20:29] [203/445] BASK
[04:20:30] [204/445] NECB
[04:20:31] 🔄 Identity reset
[04:20:31] 🔄 Identity rotated (every 10 requests)
[04:20:31] [205/445] GTTG
[04:20:32] [206/445] ASSA
[04:20:33] [207/445] ANCL
[04:20:34] [208/445] GCTI
[04:20:35] [209/445] RCTS
[04:20:36] [210/445] ACNL
[04:20:36] [211/445] MYCT
[04:20:37] [212/445] NMHT
[04:20:38] [213/445] MDIT
[04:20:40] [214/445] LATG
[04:20:40] 🔄 Identity reset
[04:20:40] 🔄 Identity rotated (every 10 requests)
[04:20:41] [215/445] SMTY
[04:20:42] [216/445] CVCT
[04:20:43] [217/445] RAMB
[04:20:45] [218/445] TGMS
[04:20:46] [219/445] BHEL
[04:20:47] [220/445] SHCT
[04:20:48] [221/445] SVCT
[04:20:49] [222/445] MRIY
[04:20:49] [223/445] SARO
[04:20:50] [224/445] STCT
[04:20:51] 🔄 Identity reset
[04:20:51] 🔄 Identity rotated (every 10 requests)
[04:20:51] [225/445] JKKC
[04:20:52] [226/445] PLTT
[04:20:53] [227/445] SRNT
[04:20:54] [228/445] YAST
[04:20:55] [229/445] PERL
[04:20:56] [230/445] CICM
[04:20:57] [231/445] MMTR
[04:20:58] [232/445] ABTK
[04:20:59] [233/445] ATYY
[04:21:00] [234/445] ASTK
[04:21:00] 🔄 Identity reset
[04:21:00] 🔄 Identity rotated (every 10 requests)
[04:21:01] [235/445] VVCK
[04:21:02] [236/445] ATKY
[04:21:02] [237/445] GWEK
[04:21:03] [238/445] SVFH
[04:21:04] [239/445] SLTA
[04:21:05] [240/445] AASH
[04:21:06] [241/445] ACXB
[04:21:07] [242/445] SMTX
[04:21:07] [243/445] AZDH
[04:21:08] [244/445] CMMH
[04:21:09] 🔄 Identity reset
[04:21:09] 🔄 Identity rotated (every 10 requests)
[04:21:09] [245/445] SCSZ
[04:21:10] [246/445] SCKP
[04:21:11] [247/445] NXTM
[04:21:12] [248/445] NWCS
[04:21:13] [249/445] CXMH
[04:21:15] [250/445] PCMA
[04:21:16] [251/445] SGCM
[04:21:16] [252/445] SDTU
[04:21:17] [253/445] MMVI
[04:21:18] [254/445] JKCM
[04:21:19] 🔄 Identity reset
[04:21:19] 🔄 Identity rotated (every 10 requests)
[04:21:19] 🔄 Retry 1/5 for JKCM in 3.0s
[04:21:19] 🔄 Identity reset
[04:21:22] 🧠 New identity created
[04:21:22] [255/445] VCMM
[04:21:23] [256/445] SYEE
[04:21:24] [257/445] VASD
[04:21:26] [258/445] BDRB
[04:21:26] [259/445] LASM
[04:21:27] [260/445] DCRL
[04:21:28] [261/445] DVPM
[04:21:29] [262/445] SBMJ
[04:21:30] [263/445] CBMU
[04:21:31] 🔄 Identity reset
[04:21:31] 🔄 Identity rotated (every 10 requests)
[04:21:32] [264/445] IUBS
[04:21:33] [265/445] INAP
[04:21:34] [266/445] SRRC
[04:21:35] [267/445] SAGR
[04:21:36] [268/445] CPMJ
[04:21:37] [269/445] ATJL
[04:21:38] [270/445] NNTD
[04:21:39] [271/445] JHCJ
[04:21:40] [272/445] CMMP
[04:21:40] [273/445] RSDR
[04:21:41] 🔄 Identity reset
[04:21:41] 🔄 Identity rotated (every 10 requests)
[04:21:42] [274/445] AMTI
[04:21:43] [275/445] NYSG
[04:21:44] [276/445] AVSG
[04:21:45] [277/445] SYTP
[04:21:46] [278/445] LARC
[04:21:47] [279/445] RJTP
[04:21:48] [280/445] LAKC
[04:21:49] [281/445] MCXE
[04:21:50] [282/445] CCZC
[04:21:51] [283/445] AVCH
[04:21:52] 🔄 Identity reset
[04:21:52] 🔄 Identity rotated (every 10 requests)
[04:21:52] 🔄 Retry 1/5 for AVCH in 2.8s
[04:21:52] 🔄 Identity reset
[04:21:54] 🧠 New identity created
[04:21:55] [284/445] CMBE
[04:21:56] [285/445] MRRC
[04:21:57] [286/445] PCPY
[04:21:58] [287/445] SRMH
[04:21:59] [288/445] SVGS
[04:22:00] [289/445] PCSE
[04:22:01] [290/445] SVFT
[04:22:02] [291/445] TNZP
[04:22:03] [292/445] ICTP
[04:22:03] 🔄 Identity reset
[04:22:03] 🔄 Identity rotated (every 10 requests)
[04:22:04] [293/445] ACTZ
[04:22:05] [294/445] GTUR
[04:22:06] [295/445] MAFC
[04:22:08] [296/445] MINL
[04:22:09] [297/445] MRCL
[04:22:10] [298/445] RCRP
[04:22:11] [299/445] RFFG
[04:22:12] [300/445] RMAS
[04:22:13] [301/445] INVR
[04:22:14] [302/445] RMAR
[04:22:15] 🔄 Identity reset
[04:22:15] 🔄 Identity rotated (every 10 requests)
[04:22:16] [303/445] CNIS
[04:22:17] [304/445] RHRJ
[04:22:18] [305/445] INXR
[04:22:19] [306/445] VALT
[04:22:20] [307/445] LCSH
[04:22:21] [308/445] CMVS
[04:22:22] [309/445] CNMS
[04:22:23] [310/445] ROOG
[04:22:23] [311/445] ISRM
[04:22:24] [312/445] RCRM
[04:22:25] 🔄 Identity reset
[04:22:25] 🔄 Identity rotated (every 10 requests)
[04:22:25] [313/445] ACJA
[04:22:26] [314/445] RCVS
[04:22:27] [315/445] CPUS
[04:22:28] [316/445] TGCS
[04:22:29] [317/445] RKCJ
[04:22:30] [318/445] MKSB
[04:22:31] [319/445] TCSJ
[04:22:32] [320/445] RMGP
[04:22:33] [321/445] CLLP
[04:22:33] [322/445] RCMV
[04:22:34] 🔄 Identity reset
[04:22:34] 🔄 Identity rotated (every 10 requests)
[04:22:34] [323/445] CCKS
[04:22:35] [324/445] RSRP
[04:22:36] [325/445] APLP
[04:22:37] [326/445] CNVS
[04:22:38] [327/445] RMVY
[04:22:39] [328/445] PGBD
[04:22:40] [329/445] KLMS
[04:22:41] [330/445] RUST
[04:22:42] [331/445] MASM
[04:22:43] [332/445] BACS
[04:22:43] 🔄 Identity reset
[04:22:43] 🔄 Identity rotated (every 10 requests)
[04:22:43] 🔄 Retry 1/5 for BACS in 2.8s
[04:22:43] 🔄 Identity reset
[04:22:46] 🧠 New identity created
[04:22:47] [333/445] BWST
[04:22:49] [334/445] RRFH
[04:22:50] [335/445] SJTM
[04:22:51] [336/445] BEMR
[04:22:52] [337/445] MCGR
[04:22:53] [338/445] SDSK
[04:22:53] [339/445] VBOL
[04:22:54] [340/445] RMGM
[04:22:55] [341/445] NOPL
[04:22:56] 🔄 Identity reset
[04:22:56] 🔄 Identity rotated (every 10 requests)
[04:22:56] [342/445] MKJK
[04:22:57] [343/445] CVRN
[04:22:58] [344/445] MMEN
[04:22:59] [345/445] AMNG
[04:23:00] [346/445] INTM
[04:23:00] [347/445] SLCZ
[04:23:01] [348/445] AMJN
[04:23:02] [349/445] ACJN
[04:23:03] [350/445] AMKN
[04:23:05] [351/445] BTCN
[04:23:06] 🔄 Identity reset
[04:23:06] 🔄 Identity rotated (every 10 requests)
[04:23:06] [352/445] AMBT
[04:23:07] [353/445] PACN
[04:23:08] [354/445] LCNS
[04:23:08] [355/445] PPKC
[04:23:10] [356/445] JYYN
[04:23:11] [357/445] JTNR
[04:23:12] [358/445] GTEE
[04:23:12] [359/445] SRNM
[04:23:13] [360/445] SDTC
[04:23:14] [361/445] VPCA
[04:23:15] 🔄 Identity reset
[04:23:15] 🔄 Identity rotated (every 10 requests)
[04:23:16] [362/445] VLRA
[04:23:17] [363/445] SHKR
[04:23:17] [364/445] SBKD
[04:23:19] [365/445] SAAD
[04:23:21] [366/445] JTGN
[04:23:22] [367/445] SLAM
[04:23:23] [368/445] VTPM
[04:23:24] [369/445] ANPT
[04:23:25] [370/445] PUNB
[04:23:26] [371/445] CPKT
[04:23:27] 🔄 Identity reset
[04:23:27] 🔄 Identity rotated (every 10 requests)
[04:23:27] [372/445] CNWE
[04:23:28] [373/445] ECPP
[04:23:29] [374/445] CPAR
[04:23:30] [375/445] ESBW
[04:23:31] [376/445] PKPU
[04:23:31] [377/445] CPRP
[04:23:32] [378/445] RAHU
[04:23:33] [379/445] RHMN
[04:23:35] [380/445] FMJP
[04:23:36] [381/445] CTMP
[04:23:36] 🔄 Identity reset
[04:23:36] 🔄 Identity rotated (every 10 requests)
[04:23:37] [382/445] INPN
[04:23:38] [383/445] STTG
[04:23:39] [384/445] CTRD
[04:23:39] [385/445] PUVB
[04:23:40] [386/445] ESVP
[04:23:41] [387/445] CPFT
[04:23:42] [388/445] LCPC
[04:23:43] [389/445] VBCT
[04:23:44] [390/445] FSCW
[04:23:45] [391/445] VCMP
[04:23:46] 🔄 Identity reset
[04:23:46] 🔄 Identity rotated (every 10 requests)
[04:23:46] [392/445] ASHC
[04:23:47] [393/445] VLCX
[04:23:48] [394/445] SHEV
[04:23:49] [395/445] APCO
[04:23:50] [396/445] SILC
[04:23:51] [397/445] SNMR
[04:23:52] [398/445] KYBO
[04:23:53] [399/445] SATK
[04:23:54] [400/445] SSCS
[04:23:56] [401/445] CLSB
[04:23:56] 🔄 Identity reset
[04:23:56] 🔄 Identity rotated (every 10 requests)
[04:23:57] [402/445] KMJR
[04:23:58] [403/445] FSCK
[04:23:58] [404/445] NNKA
[04:23:59] [405/445] CLMK
[04:24:01] [406/445] DMPZ
[04:24:02] [407/445] INQM
[04:24:03] [408/445] CAML
[04:24:04] [409/445] INRK
[04:24:04] [410/445] IMKN
[04:24:05] [411/445] SVNR
[04:24:06] 🔄 Identity reset
[04:24:06] 🔄 Identity rotated (every 10 requests)
[04:24:07] [412/445] INSL
[04:24:08] [413/445] MSMA
[04:24:09] [414/445] MCKK
[04:24:10] [415/445] FCHP
[04:24:10] [416/445] SFCR
[04:24:11] [417/445] NACK
[04:24:12] [418/445] PVAK
[04:24:13] [419/445] INER
[04:24:14] [420/445] RDBK
[04:24:15] [421/445] SVFN
[04:24:15] 🔄 Identity reset
[04:24:15] 🔄 Identity rotated (every 10 requests)
[04:24:16] [422/445] IFRM
[04:24:16] [423/445] ATCK
[04:24:17] [424/445] ASKO
[04:24:18] [425/445] STKT
[04:24:19] [426/445] SVFB
[04:24:20] [427/445] INKS
[04:24:21] [428/445] PCRA
[04:24:22] [429/445] ATJA
[04:24:23] [430/445] IMJN
[04:24:24] [431/445] INHD
[04:24:24] 🔄 Identity reset
[04:24:24] 🔄 Identity rotated (every 10 requests)
[04:24:25] [432/445] BARA
[04:24:26] [433/445] MCSL
[04:24:26] [434/445] RTOY
[04:24:27] [435/445] MENO
[04:24:28] [436/445] PUDM
[04:24:29] [437/445] PRCN
[04:24:30] [438/445] JMJR
[04:24:31] [439/445] SSGK
[04:24:32] [440/445] SSRL
[04:24:32] [441/445] JYKL
[04:24:33] 🔄 Identity reset
[04:24:33] 🔄 Identity rotated (every 10 requests)
[04:24:33] 🔄 Retry 1/5 for JYKL in 2.9s
[04:24:33] 🔄 Identity reset
[04:24:36] 🧠 New identity created
[04:24:37] [442/445] ACNB
[04:24:38] [443/445] SONP
[04:24:39] [444/445] EMCI
[04:24:39] [445/445] MRJH
[04:24:40] ✅ DONE | Shows=0 | Movies=0
[04:56:29] 🚀 BMS DAILY TRACKER STARTED (enhanced anti‑detection)
[04:56:29] [1/445] TGMR
[04:56:29] 🧠 New identity created
[04:56:29] 🔄 Retry 1/5 for TGMR in 2.3s
[04:56:29] 🔄 Identity reset
[04:56:32] 🧠 New identity created
[04:56:32] [2/445] CXKR
[04:56:32] [3/445] SROP
[04:56:33] [4/445] GTSV
[04:56:34] [5/445] SNTY
[04:56:35] [6/445] SMYY
[04:56:35] [7/445] CNCS
[04:56:36] [8/445] CSTM
[04:56:37] [9/445] NUCD
[04:56:37] 🔄 Identity reset
[04:56:37] 🔄 Identity rotated (every 10 requests)
[04:56:37] 🔄 Retry 1/5 for NUCD in 2.8s
[04:56:37] 🔄 Identity reset
[04:56:40] 🧠 New identity created
[04:56:40] 🔄 Retry 2/5 for NUCD in 4.4s
[04:56:40] 🔄 Identity reset
[04:56:45] 🧠 New identity created
[04:56:45] [10/445] SHCZ
[04:56:46] [11/445] NJCT
[04:56:46] [12/445] COPC
[04:56:47] [13/445] STVV
[04:56:48] [14/445] SKRN
[04:56:48] [15/445] APPZ
[04:56:49] [16/445] YMGN
[04:56:50] [17/445] SVTU
[04:56:50] 🔄 Identity reset
[04:56:50] 🔄 Identity rotated (every 10 requests)
[04:56:50] 🔄 Retry 1/5 for SVTU in 2.0s
[04:56:50] 🔄 Identity reset
[04:56:52] 🧠 New identity created
[04:56:53] [18/445] GTAD
[04:56:53] [19/445] PSUS
[04:56:54] [20/445] SMCD
[04:56:55] [21/445] CMCM
[04:56:55] [22/445] SYCT
[04:56:56] [23/445] STLY
[04:56:57] [24/445] CMHU
[04:56:57] [25/445] CMSA
[04:56:58] [26/445] CLCU
[04:56:59] 🔄 Identity reset
[04:56:59] 🔄 Identity rotated (every 10 requests)
[04:56:59] [27/445] PPNT
[04:57:00] [28/445] JTAB
[04:57:00] [29/445] BUUC
[04:57:01] [30/445] BSVK
[04:57:01] [31/445] VVVQ
[04:57:02] [32/445] TKMU
[04:57:03] [33/445] ESYL
[04:57:03] [34/445] ACHP
[04:57:04] [35/445] BTKD
[04:57:04] [36/445] DESA
[04:57:05] 🔄 Identity reset
[04:57:05] 🔄 Identity rotated (every 10 requests)
[04:57:05] 🔄 Retry 1/5 for DESA in 2.1s
[04:57:05] 🔄 Identity reset
[04:57:07] 🧠 New identity created
[04:57:07] 🔄 Retry 2/5 for DESA in 4.8s
[04:57:07] 🔄 Identity reset
[04:57:12] 🧠 New identity created
[04:57:12] 🔄 Retry 3/5 for DESA in 8.7s
[04:57:12] 🔄 Identity reset
[04:57:21] 🧠 New identity created
[04:57:21] [37/445] GBCT
[04:57:22] [38/445] BLLD
[04:57:23] [39/445] SKNT
[04:57:23] [40/445] SSTE
[04:57:24] [41/445] VJMR
[04:57:25] [42/445] NTPU
[04:57:25] [43/445] RDKN
[04:57:26] 🔄 Identity reset
[04:57:26] 🔄 Identity rotated (every 10 requests)
[04:57:26] [44/445] ADGC
[04:57:27] [45/445] VRBP
[04:57:27] [46/445] NMNA
[04:57:28] [47/445] CMMX
[04:57:29] [48/445] PTKO
[04:57:29] [49/445] RBML
[04:57:30] [50/445] SAIC
[04:57:31] [51/445] SVTJ
[04:57:31] [52/445] MRTE
[04:57:32] [53/445] RBTP
[04:57:32] 🔄 Identity reset
[04:57:32] 🔄 Identity rotated (every 10 requests)
[04:57:33] [54/445] NLPS
[04:57:33] [55/445] GTNA
[04:57:34] [56/445] DGGC
[04:57:35] [57/445] SMCR
[04:57:35] [58/445] SCGD
[04:57:36] [59/445] SRRJ
[04:57:37] [60/445] CNRY
[04:57:37] [61/445] KTDI
[04:57:38] [62/445] SNJL
[04:57:38] [63/445] RKMD
[04:57:39] 🔄 Identity reset
[04:57:39] 🔄 Identity rotated (every 10 requests)
[04:57:39] 🔄 Retry 1/5 for RKMD in 2.3s
[04:57:39] 🔄 Identity reset
[04:57:42] 🧠 New identity created
[04:57:42] [64/445] SMDC
[04:57:42] [65/445] TADG
[04:57:43] [66/445] MCGS
[04:57:44] [67/445] PETK
[04:57:44] [68/445] CHAG
[04:57:45] [69/445] KSTL
[04:57:45] [70/445] AADS
[04:57:46] [71/445] NTHZ
[04:57:47] [72/445] HCKI
[04:57:47] 🔄 Identity reset
[04:57:47] 🔄 Identity rotated (every 10 requests)
[04:57:47] [73/445] SSEF
[04:57:48] [74/445] MCGX
[04:57:48] [75/445] ERRA
[04:57:49] [76/445] SDTW
[04:57:50] [77/445] RMPK
[04:57:50] [78/445] PTHK
[04:57:51] [79/445] PXCS
[04:57:52] [80/445] SVLU
[04:57:52] [81/445] STAH
[04:57:53] [82/445] JRGF
[04:57:53] 🔄 Identity reset
[04:57:54] 🔄 Identity rotated (every 10 requests)
[04:57:54] 🔄 Retry 1/5 for JRGF in 2.9s
[04:57:54] 🔄 Identity reset
[04:57:56] 🧠 New identity created
[04:57:57] [83/445] CDOK
[04:57:57] [84/445] CMSG
[04:57:58] [85/445] APTD
[04:57:59] [86/445] KMPG
[04:57:59] [87/445] MUTJ
[04:58:00] [88/445] VCCI
[04:58:01] [89/445] URBE
[04:58:02] [90/445] TCTS
[04:58:02] [91/445] STSN
[04:58:03] 🔄 Identity reset
[04:58:03] 🔄 Identity rotated (every 10 requests)
[04:58:03] [92/445] AKCH
[04:58:04] [93/445] APSC
[04:58:05] [94/445] VLTB
[04:58:05] [95/445] SANU
[04:58:06] [96/445] AXAM
[04:58:07] [97/445] MGMG
[04:58:07] [98/445] HTBY
[04:58:08] [99/445] MMZS
[04:58:08] [100/445] SUDR
[04:58:09] [101/445] CCAD
[04:58:09] 🔄 Identity reset
[04:58:09] 🔄 Identity rotated (every 10 requests)
[04:58:09] 🔄 Retry 1/5 for CCAD in 2.5s
[04:58:09] 🔄 Identity reset
[04:58:12] 🧠 New identity created
[04:58:12] [102/445] SKKC
[04:58:13] [103/445] RMCD
[04:58:13] [104/445] SBCQ
[04:58:14] [105/445] DCCT
[04:58:15] [106/445] VTKP
[04:58:15] [107/445] MLAM
[04:58:16] [108/445] SAVT
[04:58:17] [109/445] GEPL
[04:58:17] [110/445] AMCD
[04:58:18] 🔄 Identity reset
[04:58:18] 🔄 Identity rotated (every 10 requests)
[04:58:18] 🔄 Retry 1/5 for AMCD in 2.1s
[04:58:18] 🔄 Identity reset
[04:58:20] 🧠 New identity created
[04:58:20] 🔄 Retry 2/5 for AMCD in 4.4s
[04:58:20] 🔄 Identity reset
[04:58:25] 🧠 New identity created
[04:58:25] 🔄 Retry 3/5 for AMCD in 8.1s
[04:58:25] 🔄 Identity reset
[04:58:33] 🧠 New identity created
[04:58:33] 🔄 Retry 4/5 for AMCD in 16.6s
[04:58:33] 🔄 Identity reset
[04:58:50] 🧠 New identity created
[04:58:50] ❌ AMCD failed after 5 attempts
[04:58:50] 🔄 Identity reset
[04:58:50] ❌ AMCD final failure | RuntimeError | HTTP 403
[04:58:50] [111/445] CCXR
[04:58:50] 🧠 New identity created
[04:58:51] [112/445] GRNG
[04:58:51] [113/445] EBCA
[04:58:52] [114/445] CNVG
[04:58:53] [115/445] MWSS
[04:58:53] [116/445] VBOR
[04:58:54] 🔄 Identity reset
[04:58:54] 🔄 Identity rotated (every 10 requests)
[04:58:54] 🔄 Retry 1/5 for VBOR in 2.1s
[04:58:54] 🔄 Identity reset
[04:58:56] 🧠 New identity created
[04:58:56] [117/445] NEEB
[04:58:57] [118/445] SUTH
[04:58:58] [119/445] ANDB
[04:58:58] [120/445] MMXS
[04:58:59] [121/445] CNPD
[04:59:00] [122/445] SDCE
[04:59:00] [123/445] DHCB
[04:59:01] [124/445] ODEN
[04:59:01] [125/445] TNTC
[04:59:02] 🔄 Identity reset
[04:59:02] 🔄 Identity rotated (every 10 requests)
[04:59:02] [126/445] VBKM
[04:59:03] [127/445] RZYM
[04:59:03] [128/445] JEMC
[04:59:04] [129/445] CMAU
[04:59:05] [130/445] SIVP
[04:59:05] [131/445] ATAG
[04:59:06] [132/445] CHTM
[04:59:06] [133/445] AAEE
[04:59:07] [134/445] IWPM
[04:59:08] [135/445] KCMW
[04:59:08] 🔄 Identity reset
[04:59:08] 🔄 Identity rotated (every 10 requests)
[04:59:08] [136/445] MCTD
[04:59:09] [137/445] SPWR
[04:59:10] [138/445] SDPO
[04:59:10] [139/445] PCSK
[04:59:11] [140/445] ACHV
[04:59:12] [141/445] SVLA
[04:59:13] [142/445] PICT
[04:59:13] [143/445] BXDR
[04:59:14] [144/445] SPWA
[04:59:14] [145/445] MCKO
[04:59:15] 🔄 Identity reset
[04:59:15] 🔄 Identity rotated (every 10 requests)
[04:59:15] 🔄 Retry 1/5 for MCKO in 2.8s
[04:59:15] 🔄 Identity reset
[04:59:18] 🧠 New identity created
[04:59:18] [146/445] RTHK
[04:59:19] [147/445] CCMF
[04:59:19] [148/445] MRGB
[04:59:20] [149/445] CPLC
[04:59:21] [150/445] RACD
[04:59:21] [151/445] ATKT
[04:59:22] [152/445] SARN
[04:59:23] [153/445] KKUI
[04:59:23] [154/445] RGCM
[04:59:24] 🔄 Identity reset
[04:59:24] 🔄 Identity rotated (every 10 requests)
[04:59:24] [155/445] BRVP
[04:59:24] [156/445] HRSR
[04:59:25] [157/445] GKGM
[04:59:25] [158/445] TTCD
[04:59:26] [159/445] PTTI
[04:59:27] [160/445] MPTT
[04:59:27] [161/445] CVTT
[04:59:28] [162/445] PCXD
[04:59:28] [163/445] GCDC
[04:59:29] [164/445] CCCF
[04:59:29] 🔄 Identity reset
[04:59:30] 🔄 Identity rotated (every 10 requests)
[04:59:30] 🔄 Retry 1/5 for CCCF in 2.3s
[04:59:30] 🔄 Identity reset
[04:59:32] 🧠 New identity created
[04:59:32] [165/445] MRAD
[04:59:33] [166/445] CPLK
[04:59:33] [167/445] SATB
[04:59:34] [168/445] SNVG
[04:59:34] [169/445] JMBA
[04:59:35] [170/445] TEJA
[04:59:36] [171/445] STYO
[04:59:36] [172/445] JTBP
[04:59:37] [173/445] KRGD
[04:59:37] 🔄 Identity reset
[04:59:37] 🔄 Identity rotated (every 10 requests)
[04:59:37] [174/445] SLJJ
[04:59:38] [175/445] SPTJ
[04:59:39] [176/445] SWJG
[04:59:39] [177/445] LKRT
[04:59:40] [178/445] KCKA
[04:59:40] [179/445] SNCR
[04:59:41] [180/445] SMKL
[04:59:42] [181/445] GCFA
[04:59:42] [182/445] DDCK
[04:59:43] [183/445] NCHJ
[04:59:43] 🔄 Identity reset
[04:59:43] 🔄 Identity rotated (every 10 requests)
[04:59:43] [184/445] RDMA
[04:59:44] [185/445] SVSV
[04:59:45] [186/445] SCJG
[04:59:45] [187/445] VKLP
[04:59:46] [188/445] NWCC
[04:59:46] [189/445] VKNS
[04:59:47] [190/445] SDDP
[04:59:48] [191/445] ACSI
[04:59:48] [192/445] SATG
[04:59:49] [193/445] SCMW
[04:59:49] 🔄 Identity reset
[04:59:49] 🔄 Identity rotated (every 10 requests)
[04:59:50] 🔄 Retry 1/5 for SCMW in 2.5s
[04:59:50] 🔄 Identity reset
[04:59:52] 🧠 New identity created
[04:59:52] [194/445] LKTK
[04:59:53] [195/445] VCKV
[04:59:53] [196/445] KKPE
[04:59:54] [197/445] KIGH
[04:59:54] [198/445] SRPM
[04:59:55] [199/445] SCAH
[04:59:55] [200/445] MUTA
[04:59:56] [201/445] SEPU
[04:59:57] [202/445] INOA
[04:59:57] 🔄 Identity reset
[04:59:57] 🔄 Identity rotated (every 10 requests)
[04:59:57] [203/445] BASK
[04:59:58] [204/445] NECB
[04:59:59] [205/445] GTTG
[04:59:59] [206/445] ASSA
[05:00:00] [207/445] ANCL
[05:00:01] [208/445] GCTI
[05:00:02] [209/445] RCTS
[05:00:02] [210/445] ACNL
[05:00:03] [211/445] MYCT
[05:00:04] [212/445] NMHT
[05:00:04] 🔄 Identity reset
[05:00:04] 🔄 Identity rotated (every 10 requests)
[05:00:04] 🔄 Retry 1/5 for NMHT in 2.8s
[05:00:04] 🔄 Identity reset
[05:00:07] 🧠 New identity created
[05:00:07] 🔄 Retry 2/5 for NMHT in 4.5s
[05:00:07] 🔄 Identity reset
[05:00:12] 🧠 New identity created
[05:00:12] [213/445] MDIT
[05:00:13] [214/445] LATG
[05:00:13] [215/445] SMTY
[05:00:14] [216/445] CVCT
[05:00:15] [217/445] RAMB
[05:00:15] [218/445] TGMS
[05:00:16] [219/445] BHEL
[05:00:17] [220/445] SHCT
[05:00:17] 🔄 Identity reset
[05:00:17] 🔄 Identity rotated (every 10 requests)
[05:00:17] 🔄 Retry 1/5 for SHCT in 2.6s
[05:00:17] 🔄 Identity reset
[05:00:20] 🧠 New identity created
[05:00:20] 🔄 Retry 2/5 for SHCT in 4.1s
[05:00:20] 🔄 Identity reset
[05:00:24] 🧠 New identity created
[05:00:24] 🔄 Retry 3/5 for SHCT in 8.3s
[05:00:24] 🔄 Identity reset
[05:00:33] 🧠 New identity created
[05:00:33] 🔄 Retry 4/5 for SHCT in 16.3s
[05:00:33] 🔄 Identity reset
[05:00:49] 🧠 New identity created
[05:00:49] [221/445] SVCT
[05:00:50] [222/445] MRIY
[05:00:50] [223/445] SARO
[05:00:51] [224/445] STCT
[05:00:52] [225/445] JKKC
[05:00:52] [226/445] PLTT
[05:00:53] 🔄 Identity reset
[05:00:53] 🔄 Identity rotated (every 10 requests)
[05:00:53] [227/445] SRNT
[05:00:54] [228/445] YAST
[05:00:54] [229/445] PERL
[05:00:55] [230/445] CICM
[05:00:55] [231/445] MMTR
[05:00:56] [232/445] ABTK
[05:00:57] [233/445] ATYY
[05:00:57] [234/445] ASTK
[05:00:58] [235/445] VVCK
[05:00:59] [236/445] ATKY
[05:00:59] 🔄 Identity reset
[05:00:59] 🔄 Identity rotated (every 10 requests)
[05:00:59] [237/445] GWEK
[05:01:00] [238/445] SVFH
[05:01:01] [239/445] SLTA
[05:01:01] [240/445] AASH
[05:01:02] [241/445] ACXB
[05:01:02] [242/445] SMTX
[05:01:03] [243/445] AZDH
[05:01:04] [244/445] CMMH
[05:01:05] [245/445] SCSZ
[05:01:05] [246/445] SCKP
[05:01:06] 🔄 Identity reset
[05:01:06] 🔄 Identity rotated (every 10 requests)
[05:01:06] [247/445] NXTM
[05:01:07] [248/445] NWCS
[05:01:07] [249/445] CXMH
[05:01:08] [250/445] PCMA
[05:01:08] [251/445] SGCM
[05:01:09] [252/445] SDTU
[05:01:10] [253/445] MMVI
[05:01:10] [254/445] JKCM
[05:01:11] [255/445] VCMM
[05:01:12] [256/445] SYEE
[05:01:12] 🔄 Identity reset
[05:01:12] 🔄 Identity rotated (every 10 requests)
[05:01:12] [257/445] VASD
[05:01:13] [258/445] BDRB
[05:01:14] [259/445] LASM
[05:01:14] [260/445] DCRL
[05:01:15] [261/445] DVPM
[05:01:16] [262/445] SBMJ
[05:01:16] [263/445] CBMU
[05:01:17] [264/445] IUBS
[05:01:18] [265/445] INAP
[05:01:18] [266/445] SRRC
[05:01:19] 🔄 Identity reset
[05:01:19] 🔄 Identity rotated (every 10 requests)
[05:01:19] [267/445] SAGR
[05:01:19] [268/445] CPMJ
[05:01:20] [269/445] ATJL
[05:01:21] [270/445] NNTD
[05:01:21] [271/445] JHCJ
[05:01:22] [272/445] CMMP
[05:01:22] [273/445] RSDR
[05:01:23] [274/445] AMTI
[05:01:24] [275/445] NYSG
[05:01:25] [276/445] AVSG
[05:01:25] 🔄 Identity reset
[05:01:25] 🔄 Identity rotated (every 10 requests)
[05:01:26] [277/445] SYTP
[05:01:26] [278/445] LARC
[05:01:27] [279/445] RJTP
[05:01:28] [280/445] LAKC
[05:01:28] [281/445] MCXE
[05:01:29] [282/445] CCZC
[05:01:29] [283/445] AVCH
[05:01:30] [284/445] CMBE
[05:01:31] [285/445] MRRC
[05:01:32] [286/445] PCPY
[05:01:32] 🔄 Identity reset
[05:01:32] 🔄 Identity rotated (every 10 requests)
[05:01:32] 🔄 Retry 1/5 for PCPY in 2.5s
[05:01:32] 🔄 Identity reset
[05:01:35] 🧠 New identity created
[05:01:35] [287/445] SRMH
[05:01:35] [288/445] SVGS
[05:01:36] [289/445] PCSE
[05:01:37] [290/445] SVFT
[05:01:37] [291/445] TNZP
[05:01:38] [292/445] ICTP
[05:01:39] [293/445] ACTZ
[05:01:39] [294/445] GTUR
[05:01:40] [295/445] MAFC
[05:01:41] 🔄 Identity reset
[05:01:41] 🔄 Identity rotated (every 10 requests)
[05:01:41] [296/445] MINL
[05:01:41] [297/445] MRCL
[05:01:42] [298/445] RCRP
[05:01:43] [299/445] RFFG
[05:01:43] [300/445] RMAS
[05:01:44] [301/445] INVR
[05:01:45] [302/445] RMAR
[05:01:45] [303/445] CNIS
[05:01:46] [304/445] RHRJ
[05:01:46] [305/445] INXR
[05:01:47] 🔄 Identity reset
[05:01:47] 🔄 Identity rotated (every 10 requests)
[05:01:47] [306/445] VALT
[05:01:48] [307/445] LCSH
[05:01:48] [308/445] CMVS
[05:01:49] [309/445] CNMS
[05:01:50] [310/445] ROOG
[05:01:50] [311/445] ISRM
[05:01:51] [312/445] RCRM
[05:01:52] [313/445] ACJA
[05:01:52] [314/445] RCVS
[05:01:53] [315/445] CPUS
[05:01:54] 🔄 Identity reset
[05:01:54] 🔄 Identity rotated (every 10 requests)
[05:01:54] [316/445] TGCS
[05:01:54] [317/445] RKCJ
[05:01:55] [318/445] MKSB
[05:01:56] [319/445] TCSJ
[05:01:56] [320/445] RMGP
[05:01:57] [321/445] CLLP
[05:01:58] [322/445] RCMV
[05:01:58] [323/445] CCKS
[05:01:59] [324/445] RSRP
[05:02:00] [325/445] APLP
[05:02:00] 🔄 Identity reset
[05:02:00] 🔄 Identity rotated (every 10 requests)
[05:02:00] 🔄 Retry 1/5 for APLP in 2.3s
[05:02:00] 🔄 Identity reset
[05:02:03] 🧠 New identity created
[05:02:03] [326/445] CNVS
[05:02:03] [327/445] RMVY
[05:02:04] [328/445] PGBD
[05:02:04] [329/445] KLMS
[05:02:05] [330/445] RUST
[05:02:06] [331/445] MASM
[05:02:06] [332/445] BACS
[05:02:07] [333/445] BWST
[05:02:08] [334/445] RRFH
[05:02:09] 🔄 Identity reset
[05:02:09] 🔄 Identity rotated (every 10 requests)
[05:02:09] [335/445] SJTM
[05:02:09] [336/445] BEMR
[05:02:10] [337/445] MCGR
[05:02:10] [338/445] SDSK
[05:02:11] [339/445] VBOL
[05:02:12] [340/445] RMGM
[05:02:12] [341/445] NOPL
[05:02:13] [342/445] MKJK
[05:02:14] [343/445] CVRN
[05:02:14] [344/445] MMEN
[05:02:15] 🔄 Identity reset
[05:02:15] 🔄 Identity rotated (every 10 requests)
[05:02:15] [345/445] AMNG
[05:02:16] [346/445] INTM
[05:02:16] [347/445] SLCZ
[05:02:17] [348/445] AMJN
[05:02:18] [349/445] ACJN
[05:02:18] [350/445] AMKN
[05:02:19] [351/445] BTCN
[05:02:19] [352/445] AMBT
[05:02:20] [353/445] PACN
[05:02:20] [354/445] LCNS
[05:02:21] 🔄 Identity reset
[05:02:21] 🔄 Identity rotated (every 10 requests)
[05:02:21] [355/445] PPKC
[05:02:22] [356/445] JYYN
[05:02:23] [357/445] JTNR
[05:02:23] [358/445] GTEE
[05:02:24] [359/445] SRNM
[05:02:25] [360/445] SDTC
[05:02:25] [361/445] VPCA
[05:02:26] [362/445] VLRA
[05:02:27] [363/445] SHKR
[05:02:27] [364/445] SBKD
[05:02:28] 🔄 Identity reset
[05:02:28] 🔄 Identity rotated (every 10 requests)
[05:02:28] [365/445] SAAD
[05:02:29] [366/445] JTGN
[05:02:30] [367/445] SLAM
[05:02:30] [368/445] VTPM
[05:02:31] [369/445] ANPT
[05:02:31] [370/445] PUNB
[05:02:32] [371/445] CPKT
[05:02:33] [372/445] CNWE
[05:02:34] [373/445] ECPP
[05:02:34] [374/445] CPAR
[05:02:35] 🔄 Identity reset
[05:02:35] 🔄 Identity rotated (every 10 requests)
[05:02:35] [375/445] ESBW
[05:02:35] [376/445] PKPU
[05:02:36] [377/445] CPRP
[05:02:37] [378/445] RAHU
[05:02:37] [379/445] RHMN
[05:02:38] [380/445] FMJP
[05:02:39] [381/445] CTMP
[05:02:39] [382/445] INPN
[05:02:40] [383/445] STTG
[05:02:41] [384/445] CTRD
[05:02:41] 🔄 Identity reset
[05:02:41] 🔄 Identity rotated (every 10 requests)
[05:02:41] 🔄 Retry 1/5 for CTRD in 2.2s
[05:02:41] 🔄 Identity reset
[05:02:43] 🧠 New identity created
[05:02:43] 🔄 Retry 2/5 for CTRD in 4.9s
[05:02:43] 🔄 Identity reset
[05:02:48] 🧠 New identity created
[05:02:48] 🔄 Retry 3/5 for CTRD in 8.6s
[05:02:48] 🔄 Identity reset
[05:02:57] 🧠 New identity created
[05:02:57] [385/445] PUVB
[05:02:58] [386/445] ESVP
[05:02:58] [387/445] CPFT
[05:02:59] [388/445] LCPC
[05:03:00] [389/445] VBCT
[05:03:01] [390/445] FSCW
[05:03:01] [391/445] VCMP
[05:03:02] 🔄 Identity reset
[05:03:02] 🔄 Identity rotated (every 10 requests)
[05:03:02] [392/445] ASHC
[05:03:03] [393/445] VLCX
[05:03:03] [394/445] SHEV
[05:03:04] [395/445] APCO
[05:03:05] [396/445] SILC
[05:03:05] [397/445] SNMR
[05:03:06] [398/445] KYBO
[05:03:06] [399/445] SATK
[05:03:07] [400/445] SSCS
[05:03:08] [401/445] CLSB
[05:03:08] 🔄 Identity reset
[05:03:08] 🔄 Identity rotated (every 10 requests)
[05:03:08] 🔄 Retry 1/5 for CLSB in 2.2s
[05:03:08] 🔄 Identity reset
[05:03:11] 🧠 New identity created
[05:03:11] [402/445] KMJR
[05:03:12] [403/445] FSCK
[05:03:12] [404/445] NNKA
[05:03:13] [405/445] CLMK
[05:03:13] [406/445] DMPZ
[05:03:14] [407/445] INQM
[05:03:14] [408/445] CAML
[05:03:15] [409/445] INRK
[05:03:16] [410/445] IMKN
[05:03:16] 🔄 Identity reset
[05:03:16] 🔄 Identity rotated (every 10 requests)
[05:03:16] [411/445] SVNR
[05:03:17] [412/445] INSL
[05:03:17] [413/445] MSMA
[05:03:18] [414/445] MCKK
[05:03:19] [415/445] FCHP
[05:03:19] [416/445] SFCR
[05:03:20] [417/445] NACK
[05:03:21] [418/445] PVAK
[05:03:21] [419/445] INER
[05:03:22] [420/445] RDBK
[05:03:22] 🔄 Identity reset
[05:03:22] 🔄 Identity rotated (every 10 requests)
[05:03:22] [421/445] SVFN
[05:03:23] [422/445] IFRM
[05:03:24] [423/445] ATCK
[05:03:24] [424/445] ASKO
[05:03:25] [425/445] STKT
[05:03:26] [426/445] SVFB
[05:03:27] [427/445] INKS
[05:03:27] [428/445] PCRA
[05:03:28] [429/445] ATJA
[05:03:29] [430/445] IMJN
[05:03:29] 🔄 Identity reset
[05:03:29] 🔄 Identity rotated (every 10 requests)
[05:03:29] [431/445] INHD
[05:03:30] [432/445] BARA
[05:03:31] [433/445] MCSL
[05:03:31] [434/445] RTOY
[05:03:32] [435/445] MENO
[05:03:32] [436/445] PUDM
[05:03:33] [437/445] PRCN
[05:03:34] [438/445] JMJR
[05:03:34] [439/445] SSGK
[05:03:35] [440/445] SSRL
[05:03:35] 🔄 Identity reset
[05:03:36] 🔄 Identity rotated (every 10 requests)
[05:03:36] 🔄 Retry 1/5 for SSRL in 2.5s
[05:03:36] 🔄 Identity reset
[05:03:38] 🧠 New identity created
[05:03:38] [441/445] JYKL
[05:03:39] [442/445] ACNB
[05:03:39] [443/445] SONP
[05:03:40] [444/445] EMCI
[05:03:41] [445/445] MRJH
[05:03:41] 🔁 RETRY ROUND 1 | Remaining: 1
[05:03:41] [RETRY-1] AMCD
[05:03:44] ✅ DONE | Shows=3 | Movies=3
[05:17:09] 🚀 BMS DAILY TRACKER STARTED (enhanced anti‑detection)
[05:17:09] [1/445] TGMR
[05:17:10] 🧠 New identity created
[05:17:10] [2/445] CXKR
[05:17:11] [3/445] SROP
[05:17:11] [4/445] GTSV
[05:17:12] [5/445] SNTY
[05:17:13] [6/445] SMYY
[05:17:14] [7/445] CNCS
[05:17:14] [8/445] CSTM
[05:17:15] [9/445] NUCD
[05:17:15] [10/445] SHCZ
[05:17:16] 🔄 Identity reset
[05:17:16] 🔄 Identity rotated (every 10 requests)
[05:17:16] 🔄 Retry 1/5 for SHCZ in 2.7s
[05:17:16] 🔄 Identity reset
[05:17:19] 🧠 New identity created
[05:17:19] 🔄 Retry 2/5 for SHCZ in 4.7s
[05:17:19] 🔄 Identity reset
[05:17:23] 🧠 New identity created
[05:17:24] [11/445] NJCT
[05:17:24] [12/445] COPC
[05:17:25] [13/445] STVV
[05:17:25] [14/445] SKRN
[05:17:26] [15/445] APPZ
[05:17:27] [16/445] YMGN
[05:17:28] [17/445] SVTU
[05:17:28] [18/445] GTAD
[05:17:29] 🔄 Identity reset
[05:17:29] 🔄 Identity rotated (every 10 requests)
[05:17:29] [19/445] PSUS
[05:17:30] [20/445] SMCD
[05:17:30] [21/445] CMCM
[05:17:31] [22/445] SYCT
[05:17:32] [23/445] STLY
[05:17:32] [24/445] CMHU
[05:17:33] [25/445] CMSA
[05:17:34] [26/445] CLCU
[05:17:34] [27/445] PPNT
[05:17:35] [28/445] JTAB
[05:17:36] 🔄 Identity reset
[05:17:36] 🔄 Identity rotated (every 10 requests)
[05:17:36] [29/445] BUUC
[05:17:36] [30/445] BSVK
[05:17:37] [31/445] VVVQ
[05:17:38] [32/445] TKMU
[05:17:39] [33/445] ESYL
[05:17:39] [34/445] ACHP
[05:17:40] [35/445] BTKD
[05:17:41] [36/445] DESA
[05:17:41] [37/445] GBCT
[05:17:42] [38/445] BLLD
[05:17:43] 🔄 Identity reset
[05:17:43] 🔄 Identity rotated (every 10 requests)
[05:17:43] [39/445] SKNT
[05:17:43] [40/445] SSTE
[05:17:44] [41/445] VJMR
[05:17:45] [42/445] NTPU
[05:17:45] [43/445] RDKN
[05:17:46] [44/445] ADGC
[05:17:47] [45/445] VRBP
[05:17:47] [46/445] NMNA
[05:17:48] [47/445] CMMX
[05:17:49] [48/445] PTKO
[05:17:49] 🔄 Identity reset
[05:17:49] 🔄 Identity rotated (every 10 requests)
[05:17:49] 🔄 Retry 1/5 for PTKO in 2.7s
[05:17:49] 🔄 Identity reset
[05:17:52] 🧠 New identity created
[05:17:52] [49/445] RBML
[05:17:53] [50/445] SAIC
[05:17:54] [51/445] SVTJ
[05:17:54] [52/445] MRTE
[05:17:55] [53/445] RBTP
[05:17:56] [54/445] NLPS
[05:17:56] [55/445] GTNA
[05:17:57] [56/445] DGGC
[05:17:58] [57/445] SMCR
[05:17:58] 🔄 Identity reset
[05:17:58] 🔄 Identity rotated (every 10 requests)
[05:17:58] [58/445] SCGD
[05:17:59] [59/445] SRRJ
[05:18:00] [60/445] CNRY
[05:18:01] [61/445] KTDI
[05:18:01] [62/445] SNJL
[05:18:02] [63/445] RKMD
[05:18:02] [64/445] SMDC
[05:18:03] [65/445] TADG
[05:18:04] [66/445] MCGS
[05:18:04] [67/445] PETK
[05:18:05] 🔄 Identity reset
[05:18:05] 🔄 Identity rotated (every 10 requests)
[05:18:05] [68/445] CHAG
[05:18:06] [69/445] KSTL
[05:18:06] [70/445] AADS
[05:18:07] [71/445] NTHZ
[05:18:08] [72/445] HCKI
[05:18:08] [73/445] SSEF
[05:18:09] [74/445] MCGX
[05:18:10] [75/445] ERRA
[05:18:10] [76/445] SDTW
[05:18:11] [77/445] RMPK
[05:18:11] 🔄 Identity reset
[05:18:12] 🔄 Identity rotated (every 10 requests)
[05:18:12] 🔄 Retry 1/5 for RMPK in 2.3s
[05:18:12] 🔄 Identity reset
[05:18:14] 🧠 New identity created
[05:18:14] [78/445] PTHK
[05:18:15] [79/445] PXCS
[05:18:15] [80/445] SVLU
[05:18:16] [81/445] STAH
[05:18:17] [82/445] JRGF
[05:18:17] [83/445] CDOK
[05:18:18] [84/445] CMSG
[05:18:18] [85/445] APTD
[05:18:19] [86/445] KMPG
[05:18:20] 🔄 Identity reset
[05:18:20] 🔄 Identity rotated (every 10 requests)
[05:18:20] [87/445] MUTJ
[05:18:21] [88/445] VCCI
[05:18:21] [89/445] URBE
[05:18:22] [90/445] TCTS
[05:18:22] [91/445] STSN
[05:18:23] [92/445] AKCH
[05:18:24] [93/445] APSC
[05:18:24] [94/445] VLTB
[05:18:25] [95/445] SANU
[05:18:26] [96/445] AXAM
[05:18:26] 🔄 Identity reset
[05:18:26] 🔄 Identity rotated (every 10 requests)
[05:18:26] [97/445] MGMG
[05:18:27] [98/445] HTBY
[05:18:28] [99/445] MMZS
[05:18:28] [100/445] SUDR
[05:18:29] [101/445] CCAD
[05:18:30] [102/445] SKKC
[05:18:30] [103/445] RMCD
[05:18:31] [104/445] SBCQ
[05:18:32] [105/445] DCCT
[05:18:32] [106/445] VTKP
[05:18:33] 🔄 Identity reset
[05:18:33] 🔄 Identity rotated (every 10 requests)
[05:18:33] [107/445] MLAM
[05:18:34] [108/445] SAVT
[05:18:34] [109/445] GEPL
[05:18:35] [110/445] AMCD
[05:18:36] [111/445] CCXR
[05:18:36] [112/445] GRNG
[05:18:37] [113/445] EBCA
[05:18:38] [114/445] CNVG
[05:18:39] [115/445] MWSS
[05:18:39] [116/445] VBOR
[05:18:40] 🔄 Identity reset
[05:18:40] 🔄 Identity rotated (every 10 requests)
[05:18:40] [117/445] NEEB
[05:18:40] [118/445] SUTH
[05:18:41] [119/445] ANDB
[05:18:42] [120/445] MMXS
[05:18:42] [121/445] CNPD
[05:18:43] [122/445] SDCE
[05:18:43] [123/445] DHCB
[05:18:44] [124/445] ODEN
[05:18:44] [125/445] TNTC
[05:18:45] [126/445] VBKM
[05:18:46] 🔄 Identity reset
[05:18:46] 🔄 Identity rotated (every 10 requests)
[05:18:46] 🔄 Retry 1/5 for VBKM in 3.0s
[05:18:46] 🔄 Identity reset
[05:18:49] 🧠 New identity created
[05:18:49] [127/445] RZYM
[05:18:50] [128/445] JEMC
[05:18:50] [129/445] CMAU
[05:18:51] [130/445] SIVP
[05:18:51] [131/445] ATAG
[05:18:52] [132/445] CHTM
[05:18:53] [133/445] AAEE
[05:18:53] [134/445] IWPM
[05:18:54] [135/445] KCMW
[05:18:54] 🔄 Identity reset
[05:18:54] 🔄 Identity rotated (every 10 requests)
[05:18:55] [136/445] MCTD
[05:18:55] [137/445] SPWR
[05:18:56] [138/445] SDPO
[05:18:56] [139/445] PCSK
[05:18:57] [140/445] ACHV
[05:18:58] [141/445] SVLA
[05:18:58] [142/445] PICT
[05:18:59] [143/445] BXDR
[05:19:00] [144/445] SPWA
[05:19:01] [145/445] MCKO
[05:19:01] 🔄 Identity reset
[05:19:01] 🔄 Identity rotated (every 10 requests)
[05:19:01] 🔄 Retry 1/5 for MCKO in 2.8s
[05:19:01] 🔄 Identity reset
[05:19:04] 🧠 New identity created
[05:19:04] 🔄 Retry 2/5 for MCKO in 4.7s
[05:19:04] 🔄 Identity reset
[05:19:09] 🧠 New identity created
[05:19:09] 🔄 Retry 3/5 for MCKO in 8.0s
[05:19:09] 🔄 Identity reset
[05:19:17] 🧠 New identity created
[05:19:18] [146/445] RTHK
[05:19:19] [147/445] CCMF
[05:19:19] [148/445] MRGB
[05:19:20] [149/445] CPLC
[05:19:21] [150/445] RACD
[05:19:21] [151/445] ATKT
[05:19:22] [152/445] SARN
[05:19:23] 🔄 Identity reset
[05:19:23] 🔄 Identity rotated (every 10 requests)
[05:19:23] [153/445] KKUI
[05:19:23] [154/445] RGCM
[05:19:24] [155/445] BRVP
[05:19:25] [156/445] HRSR
[05:19:25] [157/445] GKGM
[05:19:26] [158/445] TTCD
[05:19:27] [159/445] PTTI
[05:19:27] [160/445] MPTT
[05:19:28] [161/445] CVTT
[05:19:29] [162/445] PCXD
[05:19:29] 🔄 Identity reset
[05:19:29] 🔄 Identity rotated (every 10 requests)
[05:19:29] [163/445] GCDC
[05:19:30] [164/445] CCCF
[05:19:31] [165/445] MRAD
[05:19:31] [166/445] CPLK
[05:19:32] [167/445] SATB
[05:19:33] [168/445] SNVG
[05:19:33] [169/445] JMBA
[05:19:34] [170/445] TEJA
[05:19:35] [171/445] STYO
[05:19:35] [172/445] JTBP
[05:19:36] 🔄 Identity reset
[05:19:36] 🔄 Identity rotated (every 10 requests)
[05:19:36] [173/445] KRGD
[05:19:36] [174/445] SLJJ
[05:19:37] [175/445] SPTJ
[05:19:38] [176/445] SWJG
[05:19:38] [177/445] LKRT
[05:19:39] [178/445] KCKA
[05:19:39] [179/445] SNCR
[05:19:40] [180/445] SMKL
[05:19:41] [181/445] GCFA
[05:19:41] [182/445] DDCK
[05:19:42] 🔄 Identity reset
[05:19:42] 🔄 Identity rotated (every 10 requests)
[05:19:42] [183/445] NCHJ
[05:19:43] [184/445] RDMA
[05:19:43] [185/445] SVSV
[05:19:44] [186/445] SCJG
[05:19:45] [187/445] VKLP
[05:19:45] [188/445] NWCC
[05:19:46] [189/445] VKNS
[05:19:47] [190/445] SDDP
[05:19:47] [191/445] ACSI
[05:19:48] [192/445] SATG
[05:19:48] 🔄 Identity reset
[05:19:48] 🔄 Identity rotated (every 10 requests)
[05:19:49] [193/445] SCMW
[05:19:49] [194/445] LKTK
[05:19:50] [195/445] VCKV
[05:19:50] [196/445] KKPE
[05:19:51] [197/445] KIGH
[05:19:52] [198/445] SRPM
[05:19:52] [199/445] SCAH
[05:19:53] [200/445] MUTA
[05:19:54] [201/445] SEPU
[05:19:54] [202/445] INOA
[05:19:55] 🔄 Identity reset
[05:19:55] 🔄 Identity rotated (every 10 requests)
[05:19:55] [203/445] BASK
[05:19:56] [204/445] NECB
[05:19:56] [205/445] GTTG
[05:19:57] [206/445] ASSA
[05:19:58] [207/445] ANCL
[05:19:59] [208/445] GCTI
[05:19:59] [209/445] RCTS
[05:20:00] [210/445] ACNL
[05:20:01] [211/445] MYCT
[05:20:01] [212/445] NMHT
[05:20:02] 🔄 Identity reset
[05:20:02] 🔄 Identity rotated (every 10 requests)
[05:20:02] [213/445] MDIT
[05:20:03] [214/445] LATG
[05:20:04] [215/445] SMTY
[05:20:04] [216/445] CVCT
[05:20:05] [217/445] RAMB
[05:20:06] [218/445] TGMS
[05:20:06] [219/445] BHEL
[05:20:07] [220/445] SHCT
[05:20:08] [221/445] SVCT
[05:20:08] [222/445] MRIY
[05:20:09] 🔄 Identity reset
[05:20:09] 🔄 Identity rotated (every 10 requests)
[05:20:09] [223/445] SARO
[05:20:10] [224/445] STCT
[05:20:11] [225/445] JKKC
[05:20:11] [226/445] PLTT
[05:20:12] [227/445] SRNT
[05:20:12] [228/445] YAST
[05:20:13] [229/445] PERL
[05:20:14] [230/445] CICM
[05:20:14] [231/445] MMTR
[05:20:15] [232/445] ABTK
[05:20:16] 🔄 Identity reset
[05:20:16] 🔄 Identity rotated (every 10 requests)
[05:20:16] [233/445] ATYY
[05:20:16] [234/445] ASTK
[05:20:17] [235/445] VVCK
[05:20:18] [236/445] ATKY
[05:20:18] [237/445] GWEK
[05:20:19] [238/445] SVFH
[05:20:20] [239/445] SLTA
[05:20:20] [240/445] AASH
[05:20:21] [241/445] ACXB
[05:20:22] [242/445] SMTX
[05:20:22] 🔄 Identity reset
[05:20:23] 🔄 Identity rotated (every 10 requests)
[05:20:23] [243/445] AZDH
[05:20:23] [244/445] CMMH
[05:20:24] [245/445] SCSZ
[05:20:25] [246/445] SCKP
[05:20:25] [247/445] NXTM
[05:20:26] [248/445] NWCS
[05:20:27] [249/445] CXMH
[05:20:27] [250/445] PCMA
[05:20:28] [251/445] SGCM
[05:20:29] [252/445] SDTU
[05:20:29] 🔄 Identity reset
[05:20:29] 🔄 Identity rotated (every 10 requests)
[05:20:29] [253/445] MMVI
[05:20:30] [254/445] JKCM
[05:20:31] [255/445] VCMM
[05:20:31] [256/445] SYEE
[05:20:32] [257/445] VASD
[05:20:33] [258/445] BDRB
[05:20:33] [259/445] LASM
[05:20:34] [260/445] DCRL
[05:20:35] [261/445] DVPM
[05:20:35] [262/445] SBMJ
[05:20:36] 🔄 Identity reset
[05:20:36] 🔄 Identity rotated (every 10 requests)
[05:20:36] [263/445] CBMU
[05:20:37] [264/445] IUBS
[05:20:37] [265/445] INAP
[05:20:38] [266/445] SRRC
[05:20:39] [267/445] SAGR
[05:20:39] [268/445] CPMJ
[05:20:40] [269/445] ATJL
[05:20:40] [270/445] NNTD
[05:20:41] [271/445] JHCJ
[05:20:42] [272/445] CMMP
[05:20:42] 🔄 Identity reset
[05:20:42] 🔄 Identity rotated (every 10 requests)
[05:20:43] [273/445] RSDR
[05:20:43] [274/445] AMTI
[05:20:44] [275/445] NYSG
[05:20:45] [276/445] AVSG
[05:20:45] [277/445] SYTP
[05:20:46] [278/445] LARC
[05:20:47] [279/445] RJTP
[05:20:47] [280/445] LAKC
[05:20:48] [281/445] MCXE
[05:20:49] [282/445] CCZC
[05:20:49] 🔄 Identity reset
[05:20:49] 🔄 Identity rotated (every 10 requests)
[05:20:50] [283/445] AVCH
[05:20:50] [284/445] CMBE
[05:20:51] [285/445] MRRC
[05:20:52] [286/445] PCPY
[05:20:52] [287/445] SRMH
[05:20:53] [288/445] SVGS
[05:20:54] [289/445] PCSE
[05:20:54] [290/445] SVFT
[05:20:55] [291/445] TNZP
[05:20:56] [292/445] ICTP
[05:20:56] 🔄 Identity reset
[05:20:56] 🔄 Identity rotated (every 10 requests)
[05:20:56] [293/445] ACTZ
[05:20:57] [294/445] GTUR
[05:20:58] [295/445] MAFC
[05:20:58] [296/445] MINL
[05:20:59] [297/445] MRCL
[05:20:59] [298/445] RCRP
[05:21:00] [299/445] RFFG
[05:21:01] [300/445] RMAS
[05:21:01] [301/445] INVR
[05:21:02] [302/445] RMAR
[05:21:03] 🔄 Identity reset
[05:21:03] 🔄 Identity rotated (every 10 requests)
[05:21:03] [303/445] CNIS
[05:21:03] [304/445] RHRJ
[05:21:04] [305/445] INXR
[05:21:04] [306/445] VALT
[05:21:05] [307/445] LCSH
[05:21:06] [308/445] CMVS
[05:21:06] [309/445] CNMS
[05:21:07] [310/445] ROOG
[05:21:08] [311/445] ISRM
[05:21:08] [312/445] RCRM
[05:21:09] 🔄 Identity reset
[05:21:09] 🔄 Identity rotated (every 10 requests)
[05:21:09] [313/445] ACJA
[05:21:10] [314/445] RCVS
[05:21:10] [315/445] CPUS
[05:21:11] [316/445] TGCS
[05:21:11] [317/445] RKCJ
[05:21:12] [318/445] MKSB
[05:21:13] [319/445] TCSJ
[05:21:13] [320/445] RMGP
[05:21:14] [321/445] CLLP
[05:21:15] [322/445] RCMV
[05:21:15] 🔄 Identity reset
[05:21:15] 🔄 Identity rotated (every 10 requests)
[05:21:15] [323/445] CCKS
[05:21:16] [324/445] RSRP
[05:21:17] [325/445] APLP
[05:21:17] [326/445] CNVS
[05:21:18] [327/445] RMVY
[05:21:19] [328/445] PGBD
[05:21:19] [329/445] KLMS
[05:21:20] [330/445] RUST
[05:21:21] [331/445] MASM
[05:21:21] [332/445] BACS
[05:21:22] 🔄 Identity reset
[05:21:22] 🔄 Identity rotated (every 10 requests)
[05:21:22] [333/445] BWST
[05:21:23] [334/445] RRFH
[05:21:23] [335/445] SJTM
[05:21:24] [336/445] BEMR
[05:21:25] [337/445] MCGR
[05:21:25] [338/445] SDSK
[05:21:26] [339/445] VBOL
[05:21:26] [340/445] RMGM
[05:21:27] [341/445] NOPL
[05:21:28] [342/445] MKJK
[05:21:28] 🔄 Identity reset
[05:21:28] 🔄 Identity rotated (every 10 requests)
[05:21:28] [343/445] CVRN
[05:21:29] [344/445] MMEN
[05:21:30] [345/445] AMNG
[05:21:30] [346/445] INTM
[05:21:31] [347/445] SLCZ
[05:21:32] [348/445] AMJN
[05:21:32] [349/445] ACJN
[05:21:33] [350/445] AMKN
[05:21:34] [351/445] BTCN
[05:21:34] [352/445] AMBT
[05:21:35] 🔄 Identity reset
[05:21:35] 🔄 Identity rotated (every 10 requests)
[05:21:35] 🔄 Retry 1/5 for AMBT in 2.3s
[05:21:35] 🔄 Identity reset
[05:21:38] 🧠 New identity created
[05:21:38] [353/445] PACN
[05:21:38] [354/445] LCNS
[05:21:39] [355/445] PPKC
[05:21:40] [356/445] JYYN
[05:21:40] [357/445] JTNR
[05:21:41] [358/445] GTEE
[05:21:42] [359/445] SRNM
[05:21:42] [360/445] SDTC
[05:21:43] [361/445] VPCA
[05:21:44] 🔄 Identity reset
[05:21:44] 🔄 Identity rotated (every 10 requests)
[05:21:44] [362/445] VLRA
[05:21:44] [363/445] SHKR
[05:21:45] [364/445] SBKD
[05:21:46] [365/445] SAAD
[05:21:47] [366/445] JTGN
[05:21:47] [367/445] SLAM
[05:21:48] [368/445] VTPM
[05:21:49] [369/445] ANPT
[05:21:49] [370/445] PUNB
[05:21:50] [371/445] CPKT
[05:21:51] 🔄 Identity reset
[05:21:51] 🔄 Identity rotated (every 10 requests)
[05:21:51] [372/445] CNWE
[05:21:52] [373/445] ECPP
[05:21:52] [374/445] CPAR
[05:21:53] [375/445] ESBW
[05:21:54] [376/445] PKPU
[05:21:54] [377/445] CPRP
[05:21:55] [378/445] RAHU
[05:21:55] [379/445] RHMN
[05:21:56] [380/445] FMJP
[05:21:57] [381/445] CTMP
[05:21:57] 🔄 Identity reset
[05:21:57] 🔄 Identity rotated (every 10 requests)
[05:21:57] [382/445] INPN
[05:21:58] [383/445] STTG
[05:21:59] [384/445] CTRD
[05:21:59] [385/445] PUVB
[05:22:00] [386/445] ESVP
[05:22:01] [387/445] CPFT
[05:22:01] [388/445] LCPC
[05:22:02] [389/445] VBCT
[05:22:03] [390/445] FSCW
[05:22:03] [391/445] VCMP
[05:22:04] 🔄 Identity reset
[05:22:04] 🔄 Identity rotated (every 10 requests)
[05:22:04] [392/445] ASHC
[05:22:05] [393/445] VLCX
[05:22:05] [394/445] SHEV
[05:22:06] [395/445] APCO
[05:22:07] [396/445] SILC
[05:22:07] [397/445] SNMR
[05:22:08] [398/445] KYBO
[05:22:09] [399/445] SATK
[05:22:09] [400/445] SSCS
[05:22:10] [401/445] CLSB
[05:22:10] 🔄 Identity reset
[05:22:10] 🔄 Identity rotated (every 10 requests)
[05:22:11] [402/445] KMJR
[05:22:11] [403/445] FSCK
[05:22:12] [404/445] NNKA
[05:22:13] [405/445] CLMK
[05:22:13] [406/445] DMPZ
[05:22:14] [407/445] INQM
[05:22:15] [408/445] CAML
[05:22:15] [409/445] INRK
[05:22:16] [410/445] IMKN
[05:22:17] [411/445] SVNR
[05:22:17] 🔄 Identity reset
[05:22:17] 🔄 Identity rotated (every 10 requests)
[05:22:17] [412/445] INSL
[05:22:18] [413/445] MSMA
[05:22:18] [414/445] MCKK
[05:22:19] [415/445] FCHP
[05:22:20] [416/445] SFCR
[05:22:20] [417/445] NACK
[05:22:21] [418/445] PVAK
[05:22:22] [419/445] INER
[05:22:22] [420/445] RDBK
[05:22:23] [421/445] SVFN
[05:22:24] 🔄 Identity reset
[05:22:24] 🔄 Identity rotated (every 10 requests)
[05:22:24] [422/445] IFRM
[05:22:25] [423/445] ATCK
[05:22:25] [424/445] ASKO
[05:22:26] [425/445] STKT
[05:22:27] [426/445] SVFB
[05:22:28] [427/445] INKS
[05:22:28] [428/445] PCRA
[05:22:29] [429/445] ATJA
[05:22:30] [430/445] IMJN
[05:22:30] [431/445] INHD
[05:22:31] 🔄 Identity reset
[05:22:31] 🔄 Identity rotated (every 10 requests)
[05:22:31] [432/445] BARA
[05:22:32] [433/445] MCSL
[05:22:33] [434/445] RTOY
[05:22:33] [435/445] MENO
[05:22:34] [436/445] PUDM
[05:22:35] [437/445] PRCN
[05:22:35] [438/445] JMJR
[05:22:36] [439/445] SSGK
[05:22:36] [440/445] SSRL
[05:22:37] [441/445] JYKL
[05:22:38] 🔄 Identity reset
[05:22:38] 🔄 Identity rotated (every 10 requests)
[05:22:38] 🔄 Retry 1/5 for JYKL in 2.3s
[05:22:38] 🔄 Identity reset
[05:22:40] 🧠 New identity created
[05:22:40] [442/445] ACNB
[05:22:41] [443/445] SONP
[05:22:42] [444/445] EMCI
[05:22:42] [445/445] MRJH
[05:22:43] ✅ DONE | Shows=8 | Movies=3
[06:06:54] 🚀 BMS DAILY TRACKER STARTED (enhanced anti‑detection)
[06:06:54] [1/445] TGMR
[06:06:55] 🧠 New identity created
[06:06:55] [2/445] CXKR
[06:06:55] [3/445] SROP
[06:06:56] [4/445] GTSV
[06:06:57] [5/445] SNTY
[06:06:57] [6/445] SMYY
[06:06:58] [7/445] CNCS
[06:06:59] [8/445] CSTM
[06:06:59] [9/445] NUCD
[06:07:00] [10/445] SHCZ
[06:07:01] 🔄 Identity reset
[06:07:01] 🔄 Identity rotated (every 10 requests)
[06:07:01] 🔄 Retry 1/5 for SHCZ in 2.1s
[06:07:01] 🔄 Identity reset
[06:07:03] 🧠 New identity created
[06:07:03] 🔄 Retry 2/5 for SHCZ in 4.8s
[06:07:03] 🔄 Identity reset
[06:07:08] 🧠 New identity created
[06:07:08] [11/445] NJCT
[06:07:08] [12/445] COPC
[06:07:09] [13/445] STVV
[06:07:10] [14/445] SKRN
[06:07:10] [15/445] APPZ
[06:07:11] [16/445] YMGN
[06:07:12] [17/445] SVTU
[06:07:12] [18/445] GTAD
[06:07:13] 🔄 Identity reset
[06:07:13] 🔄 Identity rotated (every 10 requests)
[06:07:13] 🔄 Retry 1/5 for GTAD in 2.4s
[06:07:13] 🔄 Identity reset
[06:07:16] 🧠 New identity created
[06:07:16] [19/445] PSUS
[06:07:16] [20/445] SMCD
[06:07:17] [21/445] CMCM
[06:07:17] [22/445] SYCT
[06:07:18] [23/445] STLY
[06:07:18] [24/445] CMHU
[06:07:19] [25/445] CMSA
[06:07:20] [26/445] CLCU
[06:07:20] [27/445] PPNT
[06:07:21] 🔄 Identity reset
[06:07:21] 🔄 Identity rotated (every 10 requests)
[06:07:21] 🔄 Retry 1/5 for PPNT in 2.1s
[06:07:21] 🔄 Identity reset
[06:07:23] 🧠 New identity created
[06:07:23] [28/445] JTAB
[06:07:24] [29/445] BUUC
[06:07:25] [30/445] BSVK
[06:07:25] [31/445] VVVQ
[06:07:26] [32/445] TKMU
[06:07:26] [33/445] ESYL
[06:07:27] [34/445] ACHP
[06:07:28] [35/445] BTKD
[06:07:28] [36/445] DESA
[06:07:29] 🔄 Identity reset
[06:07:29] 🔄 Identity rotated (every 10 requests)
[06:07:29] 🔄 Retry 1/5 for DESA in 2.6s
[06:07:29] 🔄 Identity reset
[06:07:32] 🧠 New identity created
[06:07:32] [37/445] GBCT
[06:07:32] [38/445] BLLD
[06:07:33] [39/445] SKNT
[06:07:33] [40/445] SSTE
[06:07:34] [41/445] VJMR
[06:07:35] [42/445] NTPU
[06:07:35] [43/445] RDKN
[06:07:36] [44/445] ADGC
[06:07:36] [45/445] VRBP
[06:07:37] 🔄 Identity reset
[06:07:37] 🔄 Identity rotated (every 10 requests)
[06:07:37] 🔄 Retry 1/5 for VRBP in 2.8s
[06:07:37] 🔄 Identity reset
[06:07:40] 🧠 New identity created
[06:07:40] 🔄 Retry 2/5 for VRBP in 4.4s
[06:07:40] 🔄 Identity reset
[06:07:44] 🧠 New identity created
[06:07:44] [46/445] NMNA
[06:07:45] [47/445] CMMX
[06:07:46] [48/445] PTKO
[06:07:46] [49/445] RBML
[06:07:47] [50/445] SAIC
[06:07:48] [51/445] SVTJ
[06:07:48] [52/445] MRTE
[06:07:49] [53/445] RBTP
[06:07:50] 🔄 Identity reset
[06:07:50] 🔄 Identity rotated (every 10 requests)
[06:07:50] [54/445] NLPS
[06:07:50] [55/445] GTNA
[06:07:51] [56/445] DGGC
[06:07:52] [57/445] SMCR
[06:07:52] [58/445] SCGD
[06:07:53] [59/445] SRRJ
[06:07:54] [60/445] CNRY
[06:07:54] [61/445] KTDI
[06:07:55] [62/445] SNJL
[06:07:56] [63/445] RKMD
[06:07:56] 🔄 Identity reset
[06:07:56] 🔄 Identity rotated (every 10 requests)
[06:07:56] [64/445] SMDC
[06:07:57] [65/445] TADG
[06:07:57] [66/445] MCGS
[06:07:58] [67/445] PETK
[06:07:59] [68/445] CHAG
[06:07:59] [69/445] KSTL
[06:08:00] [70/445] AADS
[06:08:01] [71/445] NTHZ
[06:08:01] [72/445] HCKI
[06:08:02] [73/445] SSEF
[06:08:02] 🔄 Identity reset
[06:08:02] 🔄 Identity rotated (every 10 requests)
[06:08:02] 🔄 Retry 1/5 for SSEF in 2.7s
[06:08:02] 🔄 Identity reset
[06:08:05] 🧠 New identity created
[06:08:05] 🔄 Retry 2/5 for SSEF in 4.8s
[06:08:05] 🔄 Identity reset
[06:08:10] 🧠 New identity created
[06:08:10] [74/445] MCGX
[06:08:11] [75/445] ERRA
[06:08:11] [76/445] SDTW
[06:08:12] [77/445] RMPK
[06:08:13] [78/445] PTHK
[06:08:13] [79/445] PXCS
[06:08:14] [80/445] SVLU
[06:08:15] [81/445] STAH
[06:08:15] 🔄 Identity reset
[06:08:15] 🔄 Identity rotated (every 10 requests)
[06:08:15] 🔄 Retry 1/5 for STAH in 2.2s
[06:08:15] 🔄 Identity reset
[06:08:18] 🧠 New identity created
[06:08:18] [82/445] JRGF
[06:08:19] [83/445] CDOK
[06:08:19] [84/445] CMSG
[06:08:20] [85/445] APTD
[06:08:21] [86/445] KMPG
[06:08:21] [87/445] MUTJ
[06:08:22] [88/445] VCCI
[06:08:23] [89/445] URBE
[06:08:24] [90/445] TCTS
[06:08:24] 🔄 Identity reset
[06:08:24] 🔄 Identity rotated (every 10 requests)
[06:08:24] [91/445] STSN
[06:08:25] [92/445] AKCH
[06:08:26] [93/445] APSC
[06:08:26] [94/445] VLTB
[06:08:27] [95/445] SANU
[06:08:27] [96/445] AXAM
[06:08:28] [97/445] MGMG
[06:08:29] [98/445] HTBY
[06:08:29] [99/445] MMZS
[06:08:30] [100/445] SUDR
[06:08:31] 🔄 Identity reset
[06:08:31] 🔄 Identity rotated (every 10 requests)
[06:08:31] [101/445] CCAD
[06:08:31] [102/445] SKKC
[06:08:32] [103/445] RMCD
[06:08:33] [104/445] SBCQ
[06:08:33] [105/445] DCCT
[06:08:34] [106/445] VTKP
[06:08:35] [107/445] MLAM
[06:08:35] [108/445] SAVT
[06:08:36] [109/445] GEPL
[06:08:37] [110/445] AMCD
[06:08:37] 🔄 Identity reset
[06:08:37] 🔄 Identity rotated (every 10 requests)
[06:08:37] 🔄 Retry 1/5 for AMCD in 2.0s
[06:08:37] 🔄 Identity reset
[06:08:39] 🧠 New identity created
[06:08:39] [111/445] CCXR
[06:08:40] [112/445] GRNG
[06:08:41] [113/445] EBCA
[06:08:41] [114/445] CNVG
[06:08:42] [115/445] MWSS
[06:08:42] [116/445] VBOR
[06:08:43] [117/445] NEEB
[06:08:44] [118/445] SUTH
[06:08:44] [119/445] ANDB
[06:08:45] 🔄 Identity reset
[06:08:45] 🔄 Identity rotated (every 10 requests)
[06:08:45] 🔄 Retry 1/5 for ANDB in 2.3s
[06:08:45] 🔄 Identity reset
[06:08:47] 🧠 New identity created
[06:08:47] 🔄 Retry 2/5 for ANDB in 4.2s
[06:08:47] 🔄 Identity reset
[06:08:51] 🧠 New identity created
[06:08:51] 🔄 Retry 3/5 for ANDB in 8.7s
[06:08:51] 🔄 Identity reset
[06:09:00] 🧠 New identity created
[06:09:00] [120/445] MMXS
[06:09:01] [121/445] CNPD
[06:09:02] [122/445] SDCE
[06:09:02] [123/445] DHCB
[06:09:03] [124/445] ODEN
[06:09:03] [125/445] TNTC
[06:09:04] [126/445] VBKM
[06:09:05] 🔄 Identity reset
[06:09:05] 🔄 Identity rotated (every 10 requests)
[06:09:05] [127/445] RZYM
[06:09:05] [128/445] JEMC
[06:09:06] [129/445] CMAU
[06:09:07] [130/445] SIVP
[06:09:07] [131/445] ATAG
[06:09:08] [132/445] CHTM
[06:09:09] [133/445] AAEE
[06:09:09] [134/445] IWPM
[06:09:10] [135/445] KCMW
[06:09:11] [136/445] MCTD
[06:09:11] 🔄 Identity reset
[06:09:11] 🔄 Identity rotated (every 10 requests)
[06:09:11] [137/445] SPWR
[06:09:12] [138/445] SDPO
[06:09:12] [139/445] PCSK
[06:09:13] [140/445] ACHV
[06:09:14] [141/445] SVLA
[06:09:14] [142/445] PICT
[06:09:15] [143/445] BXDR
[06:09:16] [144/445] SPWA
[06:09:16] [145/445] MCKO
[06:09:17] [146/445] RTHK
[06:09:18] 🔄 Identity reset
[06:09:18] 🔄 Identity rotated (every 10 requests)
[06:09:18] [147/445] CCMF
[06:09:18] [148/445] MRGB
[06:09:19] [149/445] CPLC
[06:09:20] [150/445] RACD
[06:09:20] [151/445] ATKT
[06:09:21] [152/445] SARN
[06:09:22] [153/445] KKUI
[06:09:22] [154/445] RGCM
[06:09:23] [155/445] BRVP
[06:09:24] [156/445] HRSR
[06:09:24] 🔄 Identity reset
[06:09:24] 🔄 Identity rotated (every 10 requests)
[06:09:24] 🔄 Retry 1/5 for HRSR in 2.5s
[06:09:24] 🔄 Identity reset
[06:09:27] 🧠 New identity created
[06:09:27] [157/445] GKGM
[06:09:28] [158/445] TTCD
[06:09:28] [159/445] PTTI
[06:09:29] [160/445] MPTT
[06:09:30] [161/445] CVTT
[06:09:30] [162/445] PCXD
[06:09:31] [163/445] GCDC
[06:09:32] [164/445] CCCF
[06:09:32] [165/445] MRAD
[06:09:33] 🔄 Identity reset
[06:09:33] 🔄 Identity rotated (every 10 requests)
[06:09:33] 🔄 Retry 1/5 for MRAD in 2.4s
[06:09:33] 🔄 Identity reset
[06:09:36] 🧠 New identity created
[06:09:36] [166/445] CPLK
[06:09:36] [167/445] SATB
[06:09:37] [168/445] SNVG
[06:09:38] [169/445] JMBA
[06:09:38] [170/445] TEJA
[06:09:39] [171/445] STYO
[06:09:40] [172/445] JTBP
[06:09:40] [173/445] KRGD
[06:09:41] [174/445] SLJJ
[06:09:41] 🔄 Identity reset
[06:09:41] 🔄 Identity rotated (every 10 requests)
[06:09:42] [175/445] SPTJ
[06:09:42] [176/445] SWJG
[06:09:43] [177/445] LKRT
[06:09:43] [178/445] KCKA
[06:09:44] [179/445] SNCR
[06:09:45] [180/445] SMKL
[06:09:45] [181/445] GCFA
[06:09:46] [182/445] DDCK
[06:09:46] [183/445] NCHJ
[06:09:47] [184/445] RDMA
[06:09:48] 🔄 Identity reset
[06:09:48] 🔄 Identity rotated (every 10 requests)
[06:09:48] [185/445] SVSV
[06:09:48] [186/445] SCJG
[06:09:49] [187/445] VKLP
[06:09:50] [188/445] NWCC
[06:09:50] [189/445] VKNS
[06:09:51] [190/445] SDDP
[06:09:51] [191/445] ACSI
[06:09:52] [192/445] SATG
[06:09:53] [193/445] SCMW
[06:09:53] [194/445] LKTK
[06:09:54] 🔄 Identity reset
[06:09:54] 🔄 Identity rotated (every 10 requests)
[06:09:54] [195/445] VCKV
[06:09:55] [196/445] KKPE
[06:09:56] [197/445] KIGH
[06:09:56] [198/445] SRPM
[06:09:57] [199/445] SCAH
[06:09:58] [200/445] MUTA
[06:09:58] [201/445] SEPU
[06:09:59] [202/445] INOA
[06:09:59] [203/445] BASK
[06:10:00] [204/445] NECB
[06:10:01] 🔄 Identity reset
[06:10:01] 🔄 Identity rotated (every 10 requests)
[06:10:01] 🔄 Retry 1/5 for NECB in 2.5s
[06:10:01] 🔄 Identity reset
[06:10:03] 🧠 New identity created
[06:10:03] 🔄 Retry 2/5 for NECB in 5.0s
[06:10:03] 🔄 Identity reset
[06:10:08] 🧠 New identity created
[06:10:08] [205/445] GTTG
[06:10:09] [206/445] ASSA
[06:10:10] [207/445] ANCL
[06:10:10] [208/445] GCTI
[06:10:11] [209/445] RCTS
[06:10:12] [210/445] ACNL
[06:10:12] [211/445] MYCT
[06:10:13] [212/445] NMHT
[06:10:14] 🔄 Identity reset
[06:10:14] 🔄 Identity rotated (every 10 requests)
[06:10:14] [213/445] MDIT
[06:10:14] [214/445] LATG
[06:10:15] [215/445] SMTY
[06:10:16] [216/445] CVCT
[06:10:16] [217/445] RAMB
[06:10:17] [218/445] TGMS
[06:10:18] [219/445] BHEL
[06:10:18] [220/445] SHCT
[06:10:19] [221/445] SVCT
[06:10:20] [222/445] MRIY
[06:10:20] 🔄 Identity reset
[06:10:20] 🔄 Identity rotated (every 10 requests)
[06:10:20] 🔄 Retry 1/5 for MRIY in 2.1s
[06:10:20] 🔄 Identity reset
[06:10:22] 🧠 New identity created
[06:10:22] 🔄 Retry 2/5 for MRIY in 4.7s
[06:10:22] 🔄 Identity reset
[06:10:27] 🧠 New identity created
[06:10:27] [223/445] SARO
[06:10:28] [224/445] STCT
[06:10:28] [225/445] JKKC
[06:10:29] [226/445] PLTT
[06:10:30] [227/445] SRNT
[06:10:30] [228/445] YAST
[06:10:31] [229/445] PERL
[06:10:31] [230/445] CICM
[06:10:32] 🔄 Identity reset
[06:10:32] 🔄 Identity rotated (every 10 requests)
[06:10:32] [231/445] MMTR
[06:10:33] [232/445] ABTK
[06:10:33] [233/445] ATYY
[06:10:34] [234/445] ASTK
[06:10:35] [235/445] VVCK
[06:10:35] [236/445] ATKY
[06:10:36] [237/445] GWEK
[06:10:37] [238/445] SVFH
[06:10:37] [239/445] SLTA
[06:10:38] [240/445] AASH
[06:10:39] 🔄 Identity reset
[06:10:39] 🔄 Identity rotated (every 10 requests)
[06:10:39] 🔄 Retry 1/5 for AASH in 2.4s
[06:10:39] 🔄 Identity reset
[06:10:41] 🧠 New identity created
[06:10:41] 🔄 Retry 2/5 for AASH in 4.1s
[06:10:41] 🔄 Identity reset
[06:10:45] 🧠 New identity created
[06:10:45] [241/445] ACXB
[06:10:46] [242/445] SMTX
[06:10:47] [243/445] AZDH
[06:10:47] [244/445] CMMH
[06:10:48] [245/445] SCSZ
[06:10:48] [246/445] SCKP
[06:10:49] [247/445] NXTM
[06:10:50] [248/445] NWCS
[06:10:51] 🔄 Identity reset
[06:10:51] 🔄 Identity rotated (every 10 requests)
[06:10:51] 🔄 Retry 1/5 for NWCS in 2.6s
[06:10:51] 🔄 Identity reset
[06:10:53] 🧠 New identity created
[06:10:53] [249/445] CXMH
[06:10:54] [250/445] PCMA
[06:10:54] [251/445] SGCM
[06:10:55] [252/445] SDTU
[06:10:56] [253/445] MMVI
[06:10:56] [254/445] JKCM
[06:10:57] [255/445] VCMM
[06:10:58] [256/445] SYEE
[06:10:58] [257/445] VASD
[06:10:59] 🔄 Identity reset
[06:10:59] 🔄 Identity rotated (every 10 requests)
[06:10:59] [258/445] BDRB
[06:11:00] [259/445] LASM
[06:11:00] [260/445] DCRL
[06:11:01] [261/445] DVPM
[06:11:01] [262/445] SBMJ
[06:11:02] [263/445] CBMU
[06:11:03] [264/445] IUBS
[06:11:04] [265/445] INAP
[06:11:04] [266/445] SRRC
[06:11:05] [267/445] SAGR
[06:11:05] 🔄 Identity reset
[06:11:05] 🔄 Identity rotated (every 10 requests)
[06:11:05] [268/445] CPMJ
[06:11:06] [269/445] ATJL
[06:11:07] [270/445] NNTD
[06:11:07] [271/445] JHCJ
[06:11:08] [272/445] CMMP
[06:11:09] [273/445] RSDR
[06:11:10] [274/445] AMTI
[06:11:10] [275/445] NYSG
[06:11:11] [276/445] AVSG
[06:11:11] [277/445] SYTP
[06:11:12] 🔄 Identity reset
[06:11:12] 🔄 Identity rotated (every 10 requests)
[06:11:12] [278/445] LARC
[06:11:13] [279/445] RJTP
[06:11:14] [280/445] LAKC
[06:11:14] [281/445] MCXE
[06:11:15] [282/445] CCZC
[06:11:15] [283/445] AVCH
[06:11:16] [284/445] CMBE
[06:11:17] [285/445] MRRC
[06:11:18] [286/445] PCPY
[06:11:18] [287/445] SRMH
[06:11:19] 🔄 Identity reset
[06:11:19] 🔄 Identity rotated (every 10 requests)
[06:11:19] [288/445] SVGS
[06:11:19] [289/445] PCSE
[06:11:20] [290/445] SVFT
[06:11:21] [291/445] TNZP
[06:11:22] [292/445] ICTP
[06:11:22] [293/445] ACTZ
[06:11:23] [294/445] GTUR
[06:11:24] [295/445] MAFC
[06:11:24] [296/445] MINL
[06:11:25] [297/445] MRCL
[06:11:26] 🔄 Identity reset
[06:11:26] 🔄 Identity rotated (every 10 requests)
[06:11:26] 🔄 Retry 1/5 for MRCL in 2.6s
[06:11:26] 🔄 Identity reset
[06:11:29] 🧠 New identity created
[06:11:29] [298/445] RCRP
[06:11:29] [299/445] RFFG
[06:11:30] [300/445] RMAS
[06:11:31] [301/445] INVR
[06:11:31] [302/445] RMAR
[06:11:32] [303/445] CNIS
[06:11:32] [304/445] RHRJ
[06:11:33] [305/445] INXR
[06:11:34] [306/445] VALT
[06:11:34] 🔄 Identity reset
[06:11:34] 🔄 Identity rotated (every 10 requests)
[06:11:34] [307/445] LCSH
[06:11:35] [308/445] CMVS
[06:11:36] [309/445] CNMS
[06:11:36] [310/445] ROOG
[06:11:37] [311/445] ISRM
[06:11:37] [312/445] RCRM
[06:11:38] [313/445] ACJA
[06:11:39] [314/445] RCVS
[06:11:40] [315/445] CPUS
[06:11:40] [316/445] TGCS
[06:11:41] 🔄 Identity reset
[06:11:41] 🔄 Identity rotated (every 10 requests)
[06:11:41] [317/445] RKCJ
[06:11:42] [318/445] MKSB
[06:11:42] [319/445] TCSJ
[06:11:43] [320/445] RMGP
[06:11:44] [321/445] CLLP
[06:11:44] [322/445] RCMV
[06:11:45] [323/445] CCKS
[06:11:45] [324/445] RSRP
[06:11:46] [325/445] APLP
[06:11:47] [326/445] CNVS
[06:11:47] 🔄 Identity reset
[06:11:47] 🔄 Identity rotated (every 10 requests)
[06:11:47] [327/445] RMVY
[06:11:48] [328/445] PGBD
[06:11:49] [329/445] KLMS
[06:11:49] [330/445] RUST
[06:11:50] [331/445] MASM
[06:11:50] [332/445] BACS
[06:11:51] [333/445] BWST
[06:11:52] [334/445] RRFH
[06:11:52] [335/445] SJTM
[06:11:53] [336/445] BEMR
[06:11:53] 🔄 Identity reset
[06:11:53] 🔄 Identity rotated (every 10 requests)
[06:11:53] [337/445] MCGR
[06:11:54] [338/445] SDSK
[06:11:55] [339/445] VBOL
[06:11:56] [340/445] RMGM
[06:11:56] [341/445] NOPL
[06:11:57] [342/445] MKJK
[06:11:58] [343/445] CVRN
[06:11:58] [344/445] MMEN
[06:11:59] [345/445] AMNG
[06:11:59] [346/445] INTM
[06:12:00] 🔄 Identity reset
[06:12:00] 🔄 Identity rotated (every 10 requests)
[06:12:00] 🔄 Retry 1/5 for INTM in 2.9s
[06:12:00] 🔄 Identity reset
[06:12:03] 🧠 New identity created
[06:12:03] [347/445] SLCZ
[06:12:04] [348/445] AMJN
[06:12:05] [349/445] ACJN
[06:12:05] [350/445] AMKN
[06:12:06] [351/445] BTCN
[06:12:06] [352/445] AMBT
[06:12:07] [353/445] PACN
[06:12:08] [354/445] LCNS
[06:12:08] [355/445] PPKC
[06:12:09] 🔄 Identity reset
[06:12:09] 🔄 Identity rotated (every 10 requests)
[06:12:09] 🔄 Retry 1/5 for PPKC in 2.5s
[06:12:09] 🔄 Identity reset
[06:12:12] 🧠 New identity created
[06:12:12] [356/445] JYYN
[06:12:12] [357/445] JTNR
[06:12:13] [358/445] GTEE
[06:12:14] [359/445] SRNM
[06:12:15] [360/445] SDTC
[06:12:15] [361/445] VPCA
[06:12:16] [362/445] VLRA
[06:12:17] [363/445] SHKR
[06:12:17] [364/445] SBKD
[06:12:18] 🔄 Identity reset
[06:12:18] 🔄 Identity rotated (every 10 requests)
[06:12:18] [365/445] SAAD
[06:12:19] [366/445] JTGN
[06:12:19] [367/445] SLAM
[06:12:20] [368/445] VTPM
[06:12:21] [369/445] ANPT
[06:12:21] [370/445] PUNB
[06:12:22] [371/445] CPKT
[06:12:23] [372/445] CNWE
[06:12:23] [373/445] ECPP
[06:12:24] [374/445] CPAR
[06:12:24] 🔄 Identity reset
[06:12:24] 🔄 Identity rotated (every 10 requests)
[06:12:24] [375/445] ESBW
[06:12:25] [376/445] PKPU
[06:12:26] [377/445] CPRP
[06:12:26] [378/445] RAHU
[06:12:27] [379/445] RHMN
[06:12:28] [380/445] FMJP
[06:12:29] [381/445] CTMP
[06:12:29] [382/445] INPN
[06:12:30] [383/445] STTG
[06:12:31] [384/445] CTRD
[06:12:31] 🔄 Identity reset
[06:12:31] 🔄 Identity rotated (every 10 requests)
[06:12:31] 🔄 Retry 1/5 for CTRD in 2.2s
[06:12:31] 🔄 Identity reset
[06:12:34] 🧠 New identity created
[06:12:34] [385/445] PUVB
[06:12:35] [386/445] ESVP
[06:12:35] [387/445] CPFT
[06:12:36] [388/445] LCPC
[06:12:37] [389/445] VBCT
[06:12:38] [390/445] FSCW
[06:12:38] [391/445] VCMP
[06:12:39] [392/445] ASHC
[06:12:39] [393/445] VLCX
[06:12:40] 🔄 Identity reset
[06:12:40] 🔄 Identity rotated (every 10 requests)
[06:12:40] [394/445] SHEV
[06:12:41] [395/445] APCO
[06:12:42] [396/445] SILC
[06:12:42] [397/445] SNMR
[06:12:43] [398/445] KYBO
[06:12:43] [399/445] SATK
[06:12:44] [400/445] SSCS
[06:12:45] [401/445] CLSB
[06:12:45] [402/445] KMJR
[06:12:46] [403/445] FSCK
[06:12:46] 🔄 Identity reset
[06:12:46] 🔄 Identity rotated (every 10 requests)
[06:12:47] 🔄 Retry 1/5 for FSCK in 2.7s
[06:12:47] 🔄 Identity reset
[06:12:49] 🧠 New identity created
[06:12:49] [404/445] NNKA
[06:12:50] [405/445] CLMK
[06:12:50] [406/445] DMPZ
[06:12:51] [407/445] INQM
[06:12:52] [408/445] CAML
[06:12:52] [409/445] INRK
[06:12:53] [410/445] IMKN
[06:12:54] [411/445] SVNR
[06:12:54] [412/445] INSL
[06:12:55] 🔄 Identity reset
[06:12:55] 🔄 Identity rotated (every 10 requests)
[06:12:55] [413/445] MSMA
[06:12:56] [414/445] MCKK
[06:12:56] [415/445] FCHP
[06:12:57] [416/445] SFCR
[06:12:57] [417/445] NACK
[06:12:58] [418/445] PVAK
[06:12:59] [419/445] INER
[06:12:59] [420/445] RDBK
[06:13:00] [421/445] SVFN
[06:13:01] [422/445] IFRM
[06:13:01] 🔄 Identity reset
[06:13:01] 🔄 Identity rotated (every 10 requests)
[06:13:01] [423/445] ATCK
[06:13:02] [424/445] ASKO
[06:13:03] [425/445] STKT
[06:13:03] [426/445] SVFB
[06:13:04] [427/445] INKS
[06:13:05] [428/445] PCRA
[06:13:05] [429/445] ATJA
[06:13:06] [430/445] IMJN
[06:13:06] [431/445] INHD
[06:13:07] [432/445] BARA
[06:13:08] 🔄 Identity reset
[06:13:08] 🔄 Identity rotated (every 10 requests)
[06:13:08] [433/445] MCSL
[06:13:08] [434/445] RTOY
[06:13:09] [435/445] MENO
[06:13:09] [436/445] PUDM
[06:13:10] [437/445] PRCN
[06:13:11] [438/445] JMJR
[06:13:11] [439/445] SSGK
[06:13:12] [440/445] SSRL
[06:13:12] [441/445] JYKL
[06:13:13] [442/445] ACNB
[06:13:14] 🔄 Identity reset
[06:13:14] 🔄 Identity rotated (every 10 requests)
[06:13:14] [443/445] SONP
[06:13:15] [444/445] EMCI
[06:13:15] [445/445] MRJH
[06:13:16] ✅ DONE | Shows=163 | Movies=17
[06:56:43] 🚀 BMS DAILY TRACKER STARTED (enhanced anti‑detection)
[06:56:43] [1/445] TGMR
[06:56:43] 🧠 New identity created
[06:56:44] [2/445] CXKR
[06:56:45] [3/445] SROP
[06:56:45] [4/445] GTSV
[06:56:47] [5/445] SNTY
[06:56:47] [6/445] SMYY
[06:56:49] [7/445] CNCS
[06:56:50] [8/445] CSTM
[06:56:51] [9/445] NUCD
[06:56:51] [10/445] SHCZ
[06:56:52] 🔄 Identity reset
[06:56:52] 🔄 Identity rotated (every 10 requests)
[06:56:52] [11/445] NJCT
[06:56:53] [12/445] COPC
[06:56:54] [13/445] STVV
[06:56:55] [14/445] SKRN
[06:56:56] [15/445] APPZ
[06:56:56] [16/445] YMGN
[06:56:57] [17/445] SVTU
[06:56:58] [18/445] GTAD
[06:56:59] [19/445] PSUS
[06:56:59] [20/445] SMCD
[06:57:00] 🔄 Identity reset
[06:57:00] 🔄 Identity rotated (every 10 requests)
[06:57:01] [21/445] CMCM
[06:57:01] [22/445] SYCT
[06:57:02] [23/445] STLY
[06:57:04] [24/445] CMHU
[06:57:04] [25/445] CMSA
[06:57:05] [26/445] CLCU
[06:57:06] [27/445] PPNT
[06:57:06] [28/445] JTAB
[06:57:07] [29/445] BUUC
[06:57:08] [30/445] BSVK
[06:57:08] 🔄 Identity reset
[06:57:08] 🔄 Identity rotated (every 10 requests)
[06:57:09] [31/445] VVVQ
[06:57:10] [32/445] TKMU
[06:57:11] [33/445] ESYL
[06:57:11] [34/445] ACHP
[06:57:12] [35/445] BTKD
[06:57:13] [36/445] DESA
[06:57:14] [37/445] GBCT
[06:57:14] [38/445] BLLD
[06:57:15] [39/445] SKNT
[06:57:16] [40/445] SSTE
[06:57:16] 🔄 Identity reset
[06:57:16] 🔄 Identity rotated (every 10 requests)
[06:57:17] [41/445] VJMR
[06:57:18] [42/445] NTPU
[06:57:18] [43/445] RDKN
[06:57:19] [44/445] ADGC
[06:57:20] [45/445] VRBP
[06:57:21] [46/445] NMNA
[06:57:22] [47/445] CMMX
[06:57:23] [48/445] PTKO
[06:57:24] [49/445] RBML
[06:57:25] [50/445] SAIC
[06:57:25] 🔄 Identity reset
[06:57:25] 🔄 Identity rotated (every 10 requests)
[06:57:26] [51/445] SVTJ
[06:57:27] [52/445] MRTE
[06:57:28] [53/445] RBTP
[06:57:29] [54/445] NLPS
[06:57:30] [55/445] GTNA
[06:57:31] [56/445] DGGC
[06:57:32] [57/445] SMCR
[06:57:33] [58/445] SCGD
[06:57:34] [59/445] SRRJ
[06:57:35] [60/445] CNRY
[06:57:35] 🔄 Identity reset
[06:57:35] 🔄 Identity rotated (every 10 requests)
[06:57:36] [61/445] KTDI
[06:57:36] [62/445] SNJL
[06:57:37] [63/445] RKMD
[06:57:38] [64/445] SMDC
[06:57:39] [65/445] TADG
[06:57:40] [66/445] MCGS
[06:57:41] [67/445] PETK
[06:57:42] [68/445] CHAG
[06:57:42] [69/445] KSTL
[06:57:43] [70/445] AADS
[06:57:44] 🔄 Identity reset
[06:57:44] 🔄 Identity rotated (every 10 requests)
[06:57:44] [71/445] NTHZ
[06:57:45] [72/445] HCKI
[06:57:46] [73/445] SSEF
[06:57:47] [74/445] MCGX
[06:57:48] [75/445] ERRA
[06:57:48] [76/445] SDTW
[06:57:50] [77/445] RMPK
[06:57:51] [78/445] PTHK
[06:57:51] [79/445] PXCS
[06:57:52] [80/445] SVLU
[06:57:53] 🔄 Identity reset
[06:57:53] 🔄 Identity rotated (every 10 requests)
[06:57:54] [81/445] STAH
[06:57:55] [82/445] JRGF
[06:57:55] [83/445] CDOK
[06:57:56] [84/445] CMSG
[06:57:57] [85/445] APTD
[06:57:58] [86/445] KMPG
[06:57:58] [87/445] MUTJ
[06:57:59] [88/445] VCCI
[06:58:00] [89/445] URBE
[06:58:01] [90/445] TCTS
[06:58:01] 🔄 Identity reset
[06:58:01] 🔄 Identity rotated (every 10 requests)
[06:58:01] 🔄 Retry 1/5 for TCTS in 2.2s
[06:58:01] 🔄 Identity reset
[06:58:04] 🧠 New identity created
[06:58:04] [91/445] STSN
[06:58:05] [92/445] AKCH
[06:58:06] [93/445] APSC
[06:58:07] [94/445] VLTB
[06:58:08] [95/445] SANU
[06:58:08] [96/445] AXAM
[06:58:09] [97/445] MGMG
[06:58:10] [98/445] HTBY
[06:58:11] [99/445] MMZS
[06:58:11] 🔄 Identity reset
[06:58:11] 🔄 Identity rotated (every 10 requests)
[06:58:12] [100/445] SUDR
[06:58:13] [101/445] CCAD
[06:58:13] [102/445] SKKC
[06:58:14] [103/445] RMCD
[06:58:15] [104/445] SBCQ
[06:58:16] [105/445] DCCT
[06:58:17] [106/445] VTKP
[06:58:18] [107/445] MLAM
[06:58:18] [108/445] SAVT
[06:58:19] [109/445] GEPL
[06:58:20] 🔄 Identity reset
[06:58:20] 🔄 Identity rotated (every 10 requests)
[06:58:20] [110/445] AMCD
[06:58:21] [111/445] CCXR
[06:58:22] [112/445] GRNG
[06:58:22] [113/445] EBCA
[06:58:23] [114/445] CNVG
[06:58:24] [115/445] MWSS
[06:58:25] [116/445] VBOR
[06:58:26] [117/445] NEEB
[06:58:27] [118/445] SUTH
[06:58:27] [119/445] ANDB
[06:58:28] 🔄 Identity reset
[06:58:28] 🔄 Identity rotated (every 10 requests)
[06:58:28] [120/445] MMXS
[06:58:29] [121/445] CNPD
[06:58:29] [122/445] SDCE
[06:58:30] [123/445] DHCB
[06:58:31] [124/445] ODEN
[06:58:32] [125/445] TNTC
[06:58:33] [126/445] VBKM
[06:58:34] [127/445] RZYM
[06:58:35] [128/445] JEMC
[06:58:36] [129/445] CMAU
[06:58:37] 🔄 Identity reset
[06:58:37] 🔄 Identity rotated (every 10 requests)
[06:58:37] 🔄 Retry 1/5 for CMAU in 2.9s
[06:58:37] 🔄 Identity reset
[06:58:40] 🧠 New identity created
[06:58:40] [130/445] SIVP
[06:58:41] [131/445] ATAG
[06:58:42] [132/445] CHTM
[06:58:43] [133/445] AAEE
[06:58:44] [134/445] IWPM
[06:58:45] [135/445] KCMW
[06:58:45] [136/445] MCTD
[06:58:46] [137/445] SPWR
[06:58:47] [138/445] SDPO
[06:58:47] 🔄 Identity reset
[06:58:47] 🔄 Identity rotated (every 10 requests)
[06:58:48] [139/445] PCSK
[06:58:48] [140/445] ACHV
[06:58:49] [141/445] SVLA
[06:58:50] [142/445] PICT
[06:58:51] [143/445] BXDR
[06:58:52] [144/445] SPWA
[06:58:53] [145/445] MCKO
[06:58:53] [146/445] RTHK
[06:58:54] [147/445] CCMF
[06:58:55] [148/445] MRGB
[06:58:55] 🔄 Identity reset
[06:58:55] 🔄 Identity rotated (every 10 requests)
[06:58:55] 🔄 Retry 1/5 for MRGB in 2.7s
[06:58:55] 🔄 Identity reset
[06:58:58] 🧠 New identity created
[06:58:58] [149/445] CPLC
[06:58:59] [150/445] RACD
[06:59:00] [151/445] ATKT
[06:59:01] [152/445] SARN
[06:59:02] [153/445] KKUI
[06:59:02] [154/445] RGCM
[06:59:03] [155/445] BRVP
[06:59:04] [156/445] HRSR
[06:59:04] [157/445] GKGM
[06:59:05] 🔄 Identity reset
[06:59:05] 🔄 Identity rotated (every 10 requests)
[06:59:05] [158/445] TTCD
[06:59:06] [159/445] PTTI
[06:59:07] [160/445] MPTT
[06:59:08] [161/445] CVTT
[06:59:08] [162/445] PCXD
[06:59:09] [163/445] GCDC
[06:59:10] [164/445] CCCF
[06:59:11] [165/445] MRAD
[06:59:11] [166/445] CPLK
[06:59:12] [167/445] SATB
[06:59:12] 🔄 Identity reset
[06:59:12] 🔄 Identity rotated (every 10 requests)
[06:59:13] [168/445] SNVG
[06:59:13] [169/445] JMBA
[06:59:14] [170/445] TEJA
[06:59:15] [171/445] STYO
[06:59:16] [172/445] JTBP
[06:59:16] [173/445] KRGD
[06:59:17] [174/445] SLJJ
[06:59:18] [175/445] SPTJ
[06:59:18] [176/445] SWJG
[06:59:19] [177/445] LKRT
[06:59:20] 🔄 Identity reset
[06:59:20] 🔄 Identity rotated (every 10 requests)
[06:59:20] [178/445] KCKA
[06:59:22] [179/445] SNCR
[06:59:23] [180/445] SMKL
[06:59:24] [181/445] GCFA
[06:59:25] [182/445] DDCK
[06:59:26] [183/445] NCHJ
[06:59:27] [184/445] RDMA
[06:59:28] [185/445] SVSV
[06:59:29] [186/445] SCJG
[06:59:30] [187/445] VKLP
[06:59:30] 🔄 Identity reset
[06:59:30] 🔄 Identity rotated (every 10 requests)
[06:59:31] [188/445] NWCC
[06:59:31] [189/445] VKNS
[06:59:32] [190/445] SDDP
[06:59:33] [191/445] ACSI
[06:59:34] [192/445] SATG
[06:59:35] [193/445] SCMW
[06:59:35] [194/445] LKTK
[06:59:36] [195/445] VCKV
[06:59:37] [196/445] KKPE
[06:59:37] [197/445] KIGH
[06:59:38] 🔄 Identity reset
[06:59:38] 🔄 Identity rotated (every 10 requests)
[06:59:38] [198/445] SRPM
[06:59:39] [199/445] SCAH
[06:59:40] [200/445] MUTA
[06:59:41] [201/445] SEPU
[06:59:42] [202/445] INOA
[06:59:42] [203/445] BASK
[06:59:43] [204/445] NECB
[06:59:44] [205/445] GTTG
[06:59:45] [206/445] ASSA
[06:59:45] [207/445] ANCL
[06:59:46] 🔄 Identity reset
[06:59:46] 🔄 Identity rotated (every 10 requests)
[06:59:46] [208/445] GCTI
[06:59:47] [209/445] RCTS
[06:59:48] [210/445] ACNL
[06:59:48] [211/445] MYCT
[06:59:49] [212/445] NMHT
[06:59:50] [213/445] MDIT
[06:59:51] [214/445] LATG
[06:59:52] [215/445] SMTY
[06:59:52] [216/445] CVCT
[06:59:53] [217/445] RAMB
[06:59:54] 🔄 Identity reset
[06:59:54] 🔄 Identity rotated (every 10 requests)
[06:59:54] 🔄 Retry 1/5 for RAMB in 2.1s
[06:59:54] 🔄 Identity reset
[06:59:56] 🧠 New identity created
[06:59:56] [218/445] TGMS
[06:59:57] [219/445] BHEL
[06:59:58] [220/445] SHCT
[06:59:58] [221/445] SVCT
[06:59:59] [222/445] MRIY
[07:00:00] [223/445] SARO
[07:00:01] [224/445] STCT
[07:00:01] [225/445] JKKC
[07:00:02] [226/445] PLTT
[07:00:03] 🔄 Identity reset
[07:00:03] 🔄 Identity rotated (every 10 requests)
[07:00:03] 🔄 Retry 1/5 for PLTT in 2.3s
[07:00:03] 🔄 Identity reset
[07:00:05] 🧠 New identity created
[07:00:05] [227/445] SRNT
[07:00:06] [228/445] YAST
[07:00:07] [229/445] PERL
[07:00:08] [230/445] CICM
[07:00:09] [231/445] MMTR
[07:00:09] [232/445] ABTK
[07:00:10] [233/445] ATYY
[07:00:11] [234/445] ASTK
[07:00:12] [235/445] VVCK
[07:00:12] 🔄 Identity reset
[07:00:12] 🔄 Identity rotated (every 10 requests)
[07:00:12] [236/445] ATKY
[07:00:13] [237/445] GWEK
[07:00:14] [238/445] SVFH
[07:00:14] [239/445] SLTA
[07:00:15] [240/445] AASH
[07:00:16] [241/445] ACXB
[07:00:17] [242/445] SMTX
[07:00:17] [243/445] AZDH
[07:00:19] [244/445] CMMH
[07:00:20] [245/445] SCSZ
[07:00:20] 🔄 Identity reset
[07:00:20] 🔄 Identity rotated (every 10 requests)
[07:00:20] 🔄 Retry 1/5 for SCSZ in 2.3s
[07:00:20] 🔄 Identity reset
[07:00:23] 🧠 New identity created
[07:00:23] [246/445] SCKP
[07:00:24] [247/445] NXTM
[07:00:25] [248/445] NWCS
[07:00:25] [249/445] CXMH
[07:00:26] [250/445] PCMA
[07:00:27] [251/445] SGCM
[07:00:27] [252/445] SDTU
[07:00:28] [253/445] MMVI
[07:00:29] [254/445] JKCM
[07:00:30] 🔄 Identity reset
[07:00:30] 🔄 Identity rotated (every 10 requests)
[07:00:30] [255/445] VCMM
[07:00:31] [256/445] SYEE
[07:00:32] [257/445] VASD
[07:00:33] [258/445] BDRB
[07:00:33] [259/445] LASM
[07:00:34] [260/445] DCRL
[07:00:35] [261/445] DVPM
[07:00:36] [262/445] SBMJ
[07:00:36] [263/445] CBMU
[07:00:37] [264/445] IUBS
[07:00:37] 🔄 Identity reset
[07:00:37] 🔄 Identity rotated (every 10 requests)
[07:00:38] [265/445] INAP
[07:00:39] [266/445] SRRC
[07:00:40] [267/445] SAGR
[07:00:40] [268/445] CPMJ
[07:00:42] [269/445] ATJL
[07:00:43] [270/445] NNTD
[07:00:44] [271/445] JHCJ
[07:00:44] [272/445] CMMP
[07:00:45] [273/445] RSDR
[07:00:46] [274/445] AMTI
[07:00:46] 🔄 Identity reset
[07:00:47] 🔄 Identity rotated (every 10 requests)
[07:00:47] [275/445] NYSG
[07:00:48] [276/445] AVSG
[07:00:49] [277/445] SYTP
[07:00:49] [278/445] LARC
[07:00:50] [279/445] RJTP
[07:00:51] [280/445] LAKC
[07:00:52] [281/445] MCXE
[07:00:52] [282/445] CCZC
[07:00:53] [283/445] AVCH
[07:00:54] [284/445] CMBE
[07:00:55] 🔄 Identity reset
[07:00:55] 🔄 Identity rotated (every 10 requests)
[07:00:55] 🔄 Retry 1/5 for CMBE in 2.1s
[07:00:55] 🔄 Identity reset
[07:00:57] 🧠 New identity created
[07:00:57] [285/445] MRRC
[07:00:58] [286/445] PCPY
[07:00:58] [287/445] SRMH
[07:00:59] [288/445] SVGS
[07:01:00] [289/445] PCSE
[07:01:01] [290/445] SVFT
[07:01:02] [291/445] TNZP
[07:01:03] [292/445] ICTP
[07:01:03] [293/445] ACTZ
[07:01:04] 🔄 Identity reset
[07:01:04] 🔄 Identity rotated (every 10 requests)
[07:01:04] [294/445] GTUR
[07:01:05] [295/445] MAFC
[07:01:06] [296/445] MINL
[07:01:06] [297/445] MRCL
[07:01:07] [298/445] RCRP
[07:01:08] [299/445] RFFG
[07:01:09] [300/445] RMAS
[07:01:10] [301/445] INVR
[07:01:11] [302/445] RMAR
[07:01:11] [303/445] CNIS
[07:01:12] 🔄 Identity reset
[07:01:12] 🔄 Identity rotated (every 10 requests)
[07:01:13] [304/445] RHRJ
[07:01:13] [305/445] INXR
[07:01:14] [306/445] VALT
[07:01:15] [307/445] LCSH
[07:01:15] [308/445] CMVS
[07:01:16] [309/445] CNMS
[07:01:17] [310/445] ROOG
[07:01:18] [311/445] ISRM
[07:01:19] [312/445] RCRM
[07:01:20] [313/445] ACJA
[07:01:20] 🔄 Identity reset
[07:01:20] 🔄 Identity rotated (every 10 requests)
[07:01:20] [314/445] RCVS
[07:01:21] [315/445] CPUS
[07:01:22] [316/445] TGCS
[07:01:23] [317/445] RKCJ
[07:01:24] [318/445] MKSB
[07:01:25] [319/445] TCSJ
[07:01:26] [320/445] RMGP
[07:01:27] [321/445] CLLP
[07:01:27] [322/445] RCMV
[07:01:28] [323/445] CCKS
[07:01:28] 🔄 Identity reset
[07:01:28] 🔄 Identity rotated (every 10 requests)
[07:01:28] [324/445] RSRP
[07:01:29] [325/445] APLP
[07:01:30] [326/445] CNVS
[07:01:31] [327/445] RMVY
[07:01:32] [328/445] PGBD
[07:01:33] [329/445] KLMS
[07:01:34] [330/445] RUST
[07:01:35] [331/445] MASM
[07:01:36] [332/445] BACS
[07:01:36] [333/445] BWST
[07:01:37] 🔄 Identity reset
[07:01:37] 🔄 Identity rotated (every 10 requests)
[07:01:37] [334/445] RRFH
[07:01:38] [335/445] SJTM
[07:01:39] [336/445] BEMR
[07:01:40] [337/445] MCGR
[07:01:41] [338/445] SDSK
[07:01:42] [339/445] VBOL
[07:01:43] [340/445] RMGM
[07:01:44] [341/445] NOPL
[07:01:44] [342/445] MKJK
[07:01:45] [343/445] CVRN
[07:01:46] 🔄 Identity reset
[07:01:46] 🔄 Identity rotated (every 10 requests)
[07:01:46] [344/445] MMEN
[07:01:47] [345/445] AMNG
[07:01:47] [346/445] INTM
[07:01:48] [347/445] SLCZ
[07:01:49] [348/445] AMJN
[07:01:50] [349/445] ACJN
[07:01:50] [350/445] AMKN
[07:01:51] [351/445] BTCN
[07:01:52] [352/445] AMBT
[07:01:53] [353/445] PACN
[07:01:53] 🔄 Identity reset
[07:01:53] 🔄 Identity rotated (every 10 requests)
[07:01:54] [354/445] LCNS
[07:01:54] [355/445] PPKC
[07:01:55] [356/445] JYYN
[07:01:55] [357/445] JTNR
[07:01:56] [358/445] GTEE
[07:01:57] [359/445] SRNM
[07:01:58] [360/445] SDTC
[07:01:58] [361/445] VPCA
[07:01:59] [362/445] VLRA
[07:02:00] [363/445] SHKR
[07:02:00] 🔄 Identity reset
[07:02:00] 🔄 Identity rotated (every 10 requests)
[07:02:00] 🔄 Retry 1/5 for SHKR in 2.5s
[07:02:00] 🔄 Identity reset
[07:02:03] 🧠 New identity created
[07:02:03] [364/445] SBKD
[07:02:04] [365/445] SAAD
[07:02:04] [366/445] JTGN
[07:02:05] [367/445] SLAM
[07:02:06] [368/445] VTPM
[07:02:07] [369/445] ANPT
[07:02:08] [370/445] PUNB
[07:02:08] [371/445] CPKT
[07:02:09] [372/445] CNWE
[07:02:10] 🔄 Identity reset
[07:02:10] 🔄 Identity rotated (every 10 requests)
[07:02:10] 🔄 Retry 1/5 for CNWE in 2.8s
[07:02:10] 🔄 Identity reset
[07:02:13] 🧠 New identity created
[07:02:13] [373/445] ECPP
[07:02:14] [374/445] CPAR
[07:02:14] [375/445] ESBW
[07:02:15] [376/445] PKPU
[07:02:16] [377/445] CPRP
[07:02:16] [378/445] RAHU
[07:02:17] [379/445] RHMN
[07:02:18] [380/445] FMJP
[07:02:19] [381/445] CTMP
[07:02:19] 🔄 Identity reset
[07:02:19] 🔄 Identity rotated (every 10 requests)
[07:02:20] [382/445] INPN
[07:02:20] [383/445] STTG
[07:02:21] [384/445] CTRD
[07:02:22] [385/445] PUVB
[07:02:23] [386/445] ESVP
[07:02:29] [387/445] CPFT
[07:02:30] [388/445] LCPC
[07:02:31] [389/445] VBCT
[07:02:31] [390/445] FSCW
[07:02:32] [391/445] VCMP
[07:02:33] 🔄 Identity reset
[07:02:33] 🔄 Identity rotated (every 10 requests)
[07:02:33] [392/445] ASHC
[07:02:34] [393/445] VLCX
[07:02:35] [394/445] SHEV
[07:02:35] [395/445] APCO
[07:02:36] [396/445] SILC
[07:02:37] [397/445] SNMR
[07:02:38] [398/445] KYBO
[07:02:38] [399/445] SATK
[07:02:39] [400/445] SSCS
[07:02:40] [401/445] CLSB
[07:02:40] 🔄 Identity reset
[07:02:41] 🔄 Identity rotated (every 10 requests)
[07:02:41] [402/445] KMJR
[07:02:42] [403/445] FSCK
[07:02:42] [404/445] NNKA
[07:02:43] [405/445] CLMK
[07:02:43] [406/445] DMPZ
[07:02:44] [407/445] INQM
[07:02:45] [408/445] CAML
[07:02:46] [409/445] INRK
[07:02:47] [410/445] IMKN
[07:02:47] [411/445] SVNR
[07:02:48] 🔄 Identity reset
[07:02:48] 🔄 Identity rotated (every 10 requests)
[07:02:48] [412/445] INSL
[07:02:49] [413/445] MSMA
[07:02:49] [414/445] MCKK
[07:02:50] [415/445] FCHP
[07:02:51] [416/445] SFCR
[07:02:52] [417/445] NACK
[07:02:52] [418/445] PVAK
[07:02:53] [419/445] INER
[07:02:55] [420/445] RDBK
[07:02:55] [421/445] SVFN
[07:02:56] 🔄 Identity reset
[07:02:56] 🔄 Identity rotated (every 10 requests)
[07:02:56] [422/445] IFRM
[07:02:57] [423/445] ATCK
[07:02:57] [424/445] ASKO
[07:02:58] [425/445] STKT
[07:02:59] [426/445] SVFB
[07:02:59] [427/445] INKS
[07:03:00] [428/445] PCRA
[07:03:01] [429/445] ATJA
[07:03:02] [430/445] IMJN
[07:03:03] [431/445] INHD
[07:03:04] 🔄 Identity reset
[07:03:04] 🔄 Identity rotated (every 10 requests)
[07:03:04] [432/445] BARA
[07:03:05] [433/445] MCSL
[07:03:05] [434/445] RTOY
[07:03:06] [435/445] MENO
[07:03:07] [436/445] PUDM
[07:03:08] [437/445] PRCN
[07:03:09] [438/445] JMJR
[07:03:10] [439/445] SSGK
[07:03:10] [440/445] SSRL
[07:03:11] [441/445] JYKL
[07:03:12] 🔄 Identity reset
[07:03:12] 🔄 Identity rotated (every 10 requests)
[07:03:12] [442/445] ACNB
[07:03:13] [443/445] SONP
[07:03:13] [444/445] EMCI
[07:03:14] [445/445] MRJH
[07:03:15] ✅ DONE | Shows=368 | Movies=28
[08:07:11] 🚀 BMS DAILY TRACKER STARTED (enhanced anti‑detection)
[08:07:11] [1/445] TGMR
[08:07:11] 🧠 New identity created
[08:07:12] [2/445] CXKR
[08:07:13] [3/445] SROP
[08:07:14] [4/445] GTSV
[08:07:15] [5/445] SNTY
[08:07:15] [6/445] SMYY
[08:07:16] [7/445] CNCS
[08:07:17] [8/445] CSTM
[08:07:19] [9/445] NUCD
[08:07:20] [10/445] SHCZ
[08:07:20] 🔄 Identity reset
[08:07:20] 🔄 Identity rotated (every 10 requests)
[08:07:21] [11/445] NJCT
[08:07:22] [12/445] COPC
[08:07:23] [13/445] STVV
[08:07:24] [14/445] SKRN
[08:07:25] [15/445] APPZ
[08:07:26] [16/445] YMGN
[08:07:27] [17/445] SVTU
[08:07:29] [18/445] GTAD
[08:07:30] [19/445] PSUS
[08:07:31] [20/445] SMCD
[08:07:31] 🔄 Identity reset
[08:07:31] 🔄 Identity rotated (every 10 requests)
[08:07:32] [21/445] CMCM
[08:07:33] [22/445] SYCT
[08:07:33] [23/445] STLY
[08:07:34] [24/445] CMHU
[08:07:35] [25/445] CMSA
[08:07:36] [26/445] CLCU
[08:07:37] [27/445] PPNT
[08:07:38] [28/445] JTAB
[08:07:39] [29/445] BUUC
[08:07:40] [30/445] BSVK
[08:07:41] 🔄 Identity reset
[08:07:41] 🔄 Identity rotated (every 10 requests)
[08:07:41] [31/445] VVVQ
[08:07:42] [32/445] TKMU
[08:07:43] [33/445] ESYL
[08:07:44] [34/445] ACHP
[08:07:45] [35/445] BTKD
[08:07:46] [36/445] DESA
[08:07:47] [37/445] GBCT
[08:07:48] [38/445] BLLD
[08:07:49] [39/445] SKNT
[08:07:50] [40/445] SSTE
[08:07:50] 🔄 Identity reset
[08:07:50] 🔄 Identity rotated (every 10 requests)
[08:07:50] 🔄 Retry 1/5 for SSTE in 3.0s
[08:07:50] 🔄 Identity reset
[08:07:53] 🧠 New identity created
[08:07:53] 🔄 Retry 2/5 for SSTE in 4.4s
[08:07:53] 🔄 Identity reset
[08:07:58] 🧠 New identity created
[08:07:58] [41/445] VJMR
[08:07:59] [42/445] NTPU
[08:08:00] [43/445] RDKN
[08:08:01] [44/445] ADGC
[08:08:03] [45/445] VRBP
[08:08:04] [46/445] NMNA
[08:08:05] [47/445] CMMX
[08:08:06] [48/445] PTKO
[08:08:06] 🔄 Identity reset
[08:08:06] 🔄 Identity rotated (every 10 requests)
[08:08:06] [49/445] RBML
[08:08:07] [50/445] SAIC
[08:08:09] [51/445] SVTJ
[08:08:10] [52/445] MRTE
[08:08:11] [53/445] RBTP
[08:08:12] [54/445] NLPS
[08:08:13] [55/445] GTNA
[08:08:14] [56/445] DGGC
[08:08:15] [57/445] SMCR
[08:08:16] [58/445] SCGD
[08:08:16] 🔄 Identity reset
[08:08:16] 🔄 Identity rotated (every 10 requests)
[08:08:16] 🔄 Retry 1/5 for SCGD in 2.5s
[08:08:16] 🔄 Identity reset
[08:08:19] 🧠 New identity created
[08:08:19] 🔄 Retry 2/5 for SCGD in 4.5s
[08:08:19] 🔄 Identity reset
[08:08:23] 🧠 New identity created
[08:08:24] [59/445] SRRJ
[08:08:25] [60/445] CNRY
[08:08:26] [61/445] KTDI
[08:08:27] [62/445] SNJL
[08:08:28] [63/445] RKMD
[08:08:29] [64/445] SMDC
[08:08:30] [65/445] TADG
[08:08:31] [66/445] MCGS
[08:08:32] 🔄 Identity reset
[08:08:32] 🔄 Identity rotated (every 10 requests)
[08:08:32] [67/445] PETK
[08:08:33] [68/445] CHAG
[08:08:34] [69/445] KSTL
[08:08:35] [70/445] AADS
[08:08:36] [71/445] NTHZ
[08:08:37] [72/445] HCKI
[08:08:38] [73/445] SSEF
[08:08:39] [74/445] MCGX
[08:08:40] [75/445] ERRA
[08:08:40] [76/445] SDTW
[08:08:41] 🔄 Identity reset
[08:08:41] 🔄 Identity rotated (every 10 requests)
[08:08:41] 🔄 Retry 1/5 for SDTW in 2.2s
[08:08:41] 🔄 Identity reset
[08:08:43] 🧠 New identity created
[08:08:44] [77/445] RMPK
[08:08:45] [78/445] PTHK
[08:08:46] [79/445] PXCS
[08:08:47] [80/445] SVLU
[08:08:47] [81/445] STAH
[08:08:48] [82/445] JRGF
[08:08:49] [83/445] CDOK
[08:08:50] [84/445] CMSG
[08:08:51] [85/445] APTD
[08:08:52] 🔄 Identity reset
[08:08:52] 🔄 Identity rotated (every 10 requests)
[08:08:53] [86/445] KMPG
[08:08:53] [87/445] MUTJ
[08:08:54] [88/445] VCCI
[08:08:55] [89/445] URBE
[08:08:56] [90/445] TCTS
[08:08:57] [91/445] STSN
[08:08:58] [92/445] AKCH
[08:08:59] [93/445] APSC
[08:09:00] [94/445] VLTB
[08:09:01] [95/445] SANU
[08:09:01] 🔄 Identity reset
[08:09:01] 🔄 Identity rotated (every 10 requests)
[08:09:02] [96/445] AXAM
[08:09:03] [97/445] MGMG
[08:09:04] [98/445] HTBY
[08:09:05] [99/445] MMZS
[08:09:06] [100/445] SUDR
[08:09:07] [101/445] CCAD
[08:09:08] [102/445] SKKC
[08:09:09] [103/445] RMCD
[08:09:10] [104/445] SBCQ
[08:09:11] [105/445] DCCT
[08:09:11] 🔄 Identity reset
[08:09:11] 🔄 Identity rotated (every 10 requests)
[08:09:12] [106/445] VTKP
[08:09:13] [107/445] MLAM
[08:09:14] [108/445] SAVT
[08:09:15] [109/445] GEPL
[08:09:16] [110/445] AMCD
[08:09:17] [111/445] CCXR
[08:09:18] [112/445] GRNG
[08:09:18] [113/445] EBCA
[08:09:19] [114/445] CNVG
[08:09:20] [115/445] MWSS
[08:09:21] 🔄 Identity reset
[08:09:21] 🔄 Identity rotated (every 10 requests)
[08:09:22] [116/445] VBOR
[08:09:23] [117/445] NEEB
[08:09:24] [118/445] SUTH
[08:09:25] [119/445] ANDB
[08:09:26] [120/445] MMXS
[08:09:27] [121/445] CNPD
[08:09:28] [122/445] SDCE
[08:09:29] [123/445] DHCB
[08:09:30] [124/445] ODEN
[08:09:31] [125/445] TNTC
[08:09:31] 🔄 Identity reset
[08:09:31] 🔄 Identity rotated (every 10 requests)
[08:09:31] 🔄 Retry 1/5 for TNTC in 2.6s
[08:09:31] 🔄 Identity reset
[08:09:34] 🧠 New identity created
[08:09:34] 🔄 Retry 2/5 for TNTC in 4.5s
[08:09:34] 🔄 Identity reset
[08:09:39] 🧠 New identity created
[08:09:39] [126/445] VBKM
[08:09:40] [127/445] RZYM
[08:09:41] [128/445] JEMC
[08:09:42] [129/445] CMAU
[08:09:43] [130/445] SIVP
[08:09:44] [131/445] ATAG
[08:09:45] [132/445] CHTM
[08:09:46] [133/445] AAEE
[08:09:46] 🔄 Identity reset
[08:09:46] 🔄 Identity rotated (every 10 requests)
[08:09:47] [134/445] IWPM
[08:09:47] [135/445] KCMW
[08:09:48] [136/445] MCTD
[08:09:49] [137/445] SPWR
[08:09:50] [138/445] SDPO
[08:09:51] [139/445] PCSK
[08:09:52] [140/445] ACHV
[08:09:53] [141/445] SVLA
[08:09:54] [142/445] PICT
[08:09:56] [143/445] BXDR
[08:09:56] 🔄 Identity reset
[08:09:56] 🔄 Identity rotated (every 10 requests)
[08:09:57] 🔄 Retry 1/5 for BXDR in 2.3s
[08:09:57] 🔄 Identity reset
[08:09:59] 🧠 New identity created
[08:09:59] [144/445] SPWA
[08:10:00] [145/445] MCKO
[08:10:01] [146/445] RTHK
[08:10:02] [147/445] CCMF
[08:10:03] [148/445] MRGB
[08:10:04] [149/445] CPLC
[08:10:05] [150/445] RACD
[08:10:06] [151/445] ATKT
[08:10:07] [152/445] SARN
[08:10:08] 🔄 Identity reset
[08:10:08] 🔄 Identity rotated (every 10 requests)
[08:10:08] 🔄 Retry 1/5 for SARN in 2.3s
[08:10:08] 🔄 Identity reset
[08:10:10] 🧠 New identity created
[08:10:10] [153/445] KKUI
[08:10:11] [154/445] RGCM
[08:10:12] [155/445] BRVP
[08:10:13] [156/445] HRSR
[08:10:14] [157/445] GKGM
[08:10:15] [158/445] TTCD
[08:10:16] [159/445] PTTI
[08:10:17] [160/445] MPTT
[08:10:18] [161/445] CVTT
[08:10:18] 🔄 Identity reset
[08:10:18] 🔄 Identity rotated (every 10 requests)
[08:10:19] 🔄 Retry 1/5 for CVTT in 2.8s
[08:10:19] 🔄 Identity reset
[08:10:21] 🧠 New identity created
[08:10:21] 🔄 Retry 2/5 for CVTT in 4.5s
[08:10:21] 🔄 Identity reset
[08:10:26] 🧠 New identity created
[08:10:26] 🔄 Retry 3/5 for CVTT in 8.3s
[08:10:26] 🔄 Identity reset
[08:10:34] 🧠 New identity created
[08:10:35] [162/445] PCXD
[08:10:36] [163/445] GCDC
[08:10:37] [164/445] CCCF
[08:10:38] [165/445] MRAD
[08:10:38] [166/445] CPLK
[08:10:39] [167/445] SATB
[08:10:40] [168/445] SNVG
[08:10:40] 🔄 Identity reset
[08:10:41] 🔄 Identity rotated (every 10 requests)
[08:10:41] 🔄 Retry 1/5 for SNVG in 2.3s
[08:10:41] 🔄 Identity reset
[08:10:43] 🧠 New identity created
[08:10:43] 🔄 Retry 2/5 for SNVG in 4.8s
[08:10:43] 🔄 Identity reset
[08:10:48] 🧠 New identity created
[08:10:48] [169/445] JMBA
[08:10:49] [170/445] TEJA
[08:10:50] [171/445] STYO
[08:10:51] [172/445] JTBP
[08:10:52] [173/445] KRGD
[08:10:53] [174/445] SLJJ
[08:10:53] [175/445] SPTJ
[08:10:54] [176/445] SWJG
[08:10:55] 🔄 Identity reset
[08:10:55] 🔄 Identity rotated (every 10 requests)
[08:10:55] 🔄 Retry 1/5 for SWJG in 2.5s
[08:10:55] 🔄 Identity reset
[08:10:57] 🧠 New identity created
[08:10:58] [177/445] LKRT
[08:10:59] [178/445] KCKA
[08:11:00] [179/445] SNCR
[08:11:01] [180/445] SMKL
[08:11:02] [181/445] GCFA
[08:11:02] [182/445] DDCK
[08:11:03] [183/445] NCHJ
[08:11:04] [184/445] RDMA
[08:11:05] [185/445] SVSV
[08:11:06] 🔄 Identity reset
[08:11:06] 🔄 Identity rotated (every 10 requests)
[08:11:06] 🔄 Retry 1/5 for SVSV in 2.5s
[08:11:06] 🔄 Identity reset
[08:11:09] 🧠 New identity created
[08:11:09] 🔄 Retry 2/5 for SVSV in 4.6s
[08:11:09] 🔄 Identity reset
[08:11:13] 🧠 New identity created
[08:11:13] 🔄 Retry 3/5 for SVSV in 8.1s
[08:11:13] 🔄 Identity reset
[08:11:21] 🧠 New identity created
[08:11:22] [186/445] SCJG
[08:11:23] [187/445] VKLP
[08:11:24] [188/445] NWCC
[08:11:24] [189/445] VKNS
[08:11:25] [190/445] SDDP
[08:11:27] [191/445] ACSI
[08:11:28] [192/445] SATG
[08:11:29] 🔄 Identity reset
[08:11:29] 🔄 Identity rotated (every 10 requests)
[08:11:29] [193/445] SCMW
[08:11:30] [194/445] LKTK
[08:11:31] [195/445] VCKV
[08:11:32] [196/445] KKPE
[08:11:33] [197/445] KIGH
[08:11:34] [198/445] SRPM
[08:11:35] [199/445] SCAH
[08:11:36] [200/445] MUTA
[08:11:37] [201/445] SEPU
[08:11:38] [202/445] INOA
[08:11:39] 🔄 Identity reset
[08:11:39] 🔄 Identity rotated (every 10 requests)
[08:11:39] [203/445] BASK
[08:11:40] [204/445] NECB
[08:11:41] [205/445] GTTG
[08:11:42] [206/445] ASSA
[08:11:43] [207/445] ANCL
[08:11:44] [208/445] GCTI
[08:11:45] [209/445] RCTS
[08:11:46] [210/445] ACNL
[08:11:47] [211/445] MYCT
[08:11:49] [212/445] NMHT
[08:11:49] 🔄 Identity reset
[08:11:49] 🔄 Identity rotated (every 10 requests)
[08:11:50] [213/445] MDIT
[08:11:50] [214/445] LATG
[08:11:51] [215/445] SMTY
[08:11:52] [216/445] CVCT
[08:11:53] [217/445] RAMB
[08:11:54] [218/445] TGMS
[08:11:55] [219/445] BHEL
[08:11:57] [220/445] SHCT
[08:11:58] [221/445] SVCT
[08:11:59] [222/445] MRIY
[08:11:59] 🔄 Identity reset
[08:11:59] 🔄 Identity rotated (every 10 requests)
[08:11:59] 🔄 Retry 1/5 for MRIY in 2.6s
[08:11:59] 🔄 Identity reset
[08:12:02] 🧠 New identity created
[08:12:02] [223/445] SARO
[08:12:03] [224/445] STCT
[08:12:05] [225/445] JKKC
[08:12:06] [226/445] PLTT
[08:12:07] [227/445] SRNT
[08:12:08] [228/445] YAST
[08:12:08] [229/445] PERL
[08:12:09] [230/445] CICM
[08:12:10] [231/445] MMTR
[08:12:11] 🔄 Identity reset
[08:12:11] 🔄 Identity rotated (every 10 requests)
[08:12:11] [232/445] ABTK
[08:12:12] [233/445] ATYY
[08:12:13] [234/445] ASTK
[08:12:14] [235/445] VVCK
[08:12:15] [236/445] ATKY
[08:12:16] [237/445] GWEK
[08:12:17] [238/445] SVFH
[08:12:18] [239/445] SLTA
[08:12:19] [240/445] AASH
[08:12:19] [241/445] ACXB
[08:12:20] 🔄 Identity reset
[08:12:20] 🔄 Identity rotated (every 10 requests)
[08:12:21] [242/445] SMTX
[08:12:22] [243/445] AZDH
[08:12:23] [244/445] CMMH
[08:12:25] [245/445] SCSZ
[08:12:26] [246/445] SCKP
[08:12:27] [247/445] NXTM
[08:12:28] [248/445] NWCS
[08:12:28] [249/445] CXMH
[08:12:29] [250/445] PCMA
[08:12:30] [251/445] SGCM
[08:12:31] 🔄 Identity reset
[08:12:31] 🔄 Identity rotated (every 10 requests)
[08:12:31] [252/445] SDTU
[08:12:32] [253/445] MMVI
[08:12:33] [254/445] JKCM
[08:12:35] [255/445] VCMM
[08:12:36] [256/445] SYEE
[08:12:38] [257/445] VASD
[08:12:39] [258/445] BDRB
[08:12:39] [259/445] LASM
[08:12:41] [260/445] DCRL
[08:12:42] [261/445] DVPM
[08:12:43] 🔄 Identity reset
[08:12:43] 🔄 Identity rotated (every 10 requests)
[08:12:43] [262/445] SBMJ
[08:12:44] [263/445] CBMU
[08:12:46] [264/445] IUBS
[08:12:47] [265/445] INAP
[08:12:48] [266/445] SRRC
[08:12:49] [267/445] SAGR
[08:12:50] [268/445] CPMJ
[08:12:51] [269/445] ATJL
[08:12:52] [270/445] NNTD
[08:12:53] [271/445] JHCJ
[08:12:54] 🔄 Identity reset
[08:12:54] 🔄 Identity rotated (every 10 requests)
[08:12:54] [272/445] CMMP
[08:12:55] [273/445] RSDR
[08:12:56] [274/445] AMTI
[08:12:57] [275/445] NYSG
[08:12:58] [276/445] AVSG
[08:12:59] [277/445] SYTP
[08:13:00] [278/445] LARC
[08:13:01] [279/445] RJTP
[08:13:02] [280/445] LAKC
[08:13:03] [281/445] MCXE
[08:13:04] 🔄 Identity reset
[08:13:04] 🔄 Identity rotated (every 10 requests)
[08:13:04] [282/445] CCZC
[08:13:06] [283/445] AVCH
[08:13:07] [284/445] CMBE
[08:13:08] [285/445] MRRC
[08:13:09] [286/445] PCPY
[08:13:09] [287/445] SRMH
[08:13:10] [288/445] SVGS
[08:13:11] [289/445] PCSE
[08:13:12] [290/445] SVFT
[08:13:13] [291/445] TNZP
[08:13:14] 🔄 Identity reset
[08:13:14] 🔄 Identity rotated (every 10 requests)
[08:13:14] [292/445] ICTP
[08:13:15] [293/445] ACTZ
[08:13:16] [294/445] GTUR
[08:13:17] [295/445] MAFC
[08:13:18] [296/445] MINL
[08:13:19] [297/445] MRCL
[08:13:20] [298/445] RCRP
[08:13:21] [299/445] RFFG
[08:13:22] [300/445] RMAS
[08:13:22] [301/445] INVR
[08:13:23] 🔄 Identity reset
[08:13:23] 🔄 Identity rotated (every 10 requests)
[08:13:23] [302/445] RMAR
[08:13:24] [303/445] CNIS
[08:13:25] [304/445] RHRJ
[08:13:26] [305/445] INXR
[08:13:27] [306/445] VALT
[08:13:28] [307/445] LCSH
[08:13:29] [308/445] CMVS
[08:13:30] [309/445] CNMS
[08:13:31] [310/445] ROOG
[08:13:31] [311/445] ISRM
[08:13:32] 🔄 Identity reset
[08:13:32] 🔄 Identity rotated (every 10 requests)
[08:13:32] [312/445] RCRM
[08:13:33] [313/445] ACJA
[08:13:34] [314/445] RCVS
[08:13:35] [315/445] CPUS
[08:13:36] [316/445] TGCS
[08:13:37] [317/445] RKCJ
[08:13:38] [318/445] MKSB
[08:13:39] [319/445] TCSJ
[08:13:40] [320/445] RMGP
[08:13:41] [321/445] CLLP
[08:13:42] 🔄 Identity reset
[08:13:42] 🔄 Identity rotated (every 10 requests)
[08:13:42] 🔄 Retry 1/5 for CLLP in 2.2s
[08:13:42] 🔄 Identity reset
[08:13:44] 🧠 New identity created
[08:13:45] [322/445] RCMV
[08:13:45] [323/445] CCKS
[08:13:47] [324/445] RSRP
[08:13:48] [325/445] APLP
[08:13:49] [326/445] CNVS
[08:13:50] [327/445] RMVY
[08:13:51] [328/445] PGBD
[08:13:51] [329/445] KLMS
[08:13:52] [330/445] RUST
[08:13:53] 🔄 Identity reset
[08:13:53] 🔄 Identity rotated (every 10 requests)
[08:13:53] [331/445] MASM
[08:13:54] [332/445] BACS
[08:13:55] [333/445] BWST
[08:13:56] [334/445] RRFH
[08:13:57] [335/445] SJTM
[08:13:58] [336/445] BEMR
[08:13:59] [337/445] MCGR
[08:13:59] [338/445] SDSK
[08:14:00] [339/445] VBOL
[08:14:01] [340/445] RMGM
[08:14:02] 🔄 Identity reset
[08:14:02] 🔄 Identity rotated (every 10 requests)
[08:14:03] [341/445] NOPL
[08:14:04] [342/445] MKJK
[08:14:05] [343/445] CVRN
[08:14:07] [344/445] MMEN
[08:14:09] [345/445] AMNG
[08:14:09] [346/445] INTM
[08:14:10] [347/445] SLCZ
[08:14:11] [348/445] AMJN
[08:14:12] [349/445] ACJN
[08:14:13] [350/445] AMKN
[08:14:14] 🔄 Identity reset
[08:14:14] 🔄 Identity rotated (every 10 requests)
[08:14:14] 🔄 Retry 1/5 for AMKN in 3.0s
[08:14:14] 🔄 Identity reset
[08:14:17] 🧠 New identity created
[08:14:17] 🔄 Retry 2/5 for AMKN in 4.2s
[08:14:17] 🔄 Identity reset
[08:14:21] 🧠 New identity created
[08:14:22] [351/445] BTCN
[08:14:23] [352/445] AMBT
[08:14:24] [353/445] PACN
[08:14:25] [354/445] LCNS
[08:14:26] [355/445] PPKC
[08:14:27] [356/445] JYYN
[08:14:29] [357/445] JTNR
[08:14:30] [358/445] GTEE
[08:14:30] 🔄 Identity reset
[08:14:30] 🔄 Identity rotated (every 10 requests)
[08:14:31] [359/445] SRNM
[08:14:32] [360/445] SDTC
[08:14:33] [361/445] VPCA
[08:14:33] [362/445] VLRA
[08:14:34] [363/445] SHKR
[08:14:35] [364/445] SBKD
[08:14:36] [365/445] SAAD
[08:14:37] [366/445] JTGN
[08:14:38] [367/445] SLAM
[08:14:39] [368/445] VTPM
[08:14:39] 🔄 Identity reset
[08:14:40] 🔄 Identity rotated (every 10 requests)
[08:14:40] [369/445] ANPT
[08:14:41] [370/445] PUNB
[08:14:42] [371/445] CPKT
[08:14:43] [372/445] CNWE
[08:14:44] [373/445] ECPP
[08:14:45] [374/445] CPAR
[08:14:46] [375/445] ESBW
[08:14:47] [376/445] PKPU
[08:14:48] [377/445] CPRP
[08:14:49] [378/445] RAHU
[08:14:50] 🔄 Identity reset
[08:14:50] 🔄 Identity rotated (every 10 requests)
[08:14:50] [379/445] RHMN
[08:14:51] [380/445] FMJP
[08:14:52] [381/445] CTMP
[08:14:53] [382/445] INPN
[08:14:55] [383/445] STTG
[08:14:56] [384/445] CTRD
[08:14:56] [385/445] PUVB
[08:14:58] [386/445] ESVP
[08:14:58] [387/445] CPFT
[08:14:59] [388/445] LCPC
[08:15:00] 🔄 Identity reset
[08:15:00] 🔄 Identity rotated (every 10 requests)
[08:15:00] 🔄 Retry 1/5 for LCPC in 2.5s
[08:15:00] 🔄 Identity reset
[08:15:02] 🧠 New identity created
[08:15:03] [389/445] VBCT
[08:15:04] [390/445] FSCW
[08:15:05] [391/445] VCMP
[08:15:06] [392/445] ASHC
[08:15:07] [393/445] VLCX
[08:15:08] [394/445] SHEV
[08:15:09] [395/445] APCO
[08:15:10] [396/445] SILC
[08:15:10] [397/445] SNMR
[08:15:11] 🔄 Identity reset
[08:15:11] 🔄 Identity rotated (every 10 requests)
[08:15:11] 🔄 Retry 1/5 for SNMR in 2.9s
[08:15:11] 🔄 Identity reset
[08:15:14] 🧠 New identity created
[08:15:14] [398/445] KYBO
[08:15:16] [399/445] SATK
[08:15:17] [400/445] SSCS
[08:15:17] [401/445] CLSB
[08:15:18] [402/445] KMJR
[08:15:19] [403/445] FSCK
[08:15:20] [404/445] NNKA
[08:15:21] [405/445] CLMK
[08:15:22] [406/445] DMPZ
[08:15:23] 🔄 Identity reset
[08:15:23] 🔄 Identity rotated (every 10 requests)
[08:15:23] [407/445] INQM
[08:15:24] [408/445] CAML
[08:15:25] [409/445] INRK
[08:15:27] [410/445] IMKN
[08:15:28] [411/445] SVNR
[08:15:29] [412/445] INSL
[08:15:30] [413/445] MSMA
[08:15:31] [414/445] MCKK
[08:15:32] [415/445] FCHP
[08:15:33] [416/445] SFCR
[08:15:33] 🔄 Identity reset
[08:15:33] 🔄 Identity rotated (every 10 requests)
[08:15:34] [417/445] NACK
[08:15:35] [418/445] PVAK
[08:15:36] [419/445] INER
[08:15:37] [420/445] RDBK
[08:15:39] [421/445] SVFN
[08:15:40] [422/445] IFRM
[08:15:41] [423/445] ATCK
[08:15:42] [424/445] ASKO
[08:15:43] [425/445] STKT
[08:15:44] [426/445] SVFB
[08:15:44] 🔄 Identity reset
[08:15:44] 🔄 Identity rotated (every 10 requests)
[08:15:45] [427/445] INKS
[08:15:46] [428/445] PCRA
[08:15:47] [429/445] ATJA
[08:15:47] [430/445] IMJN
[08:15:48] [431/445] INHD
[08:15:50] [432/445] BARA
[08:15:51] [433/445] MCSL
[08:15:52] [434/445] RTOY
[08:15:53] [435/445] MENO
[08:15:54] [436/445] PUDM
[08:15:54] 🔄 Identity reset
[08:15:54] 🔄 Identity rotated (every 10 requests)
[08:15:54] 🔄 Retry 1/5 for PUDM in 2.2s
[08:15:54] 🔄 Identity reset
[08:15:57] 🧠 New identity created
[08:15:57] 🔄 Retry 2/5 for PUDM in 4.3s
[08:15:57] 🔄 Identity reset
[08:16:01] 🧠 New identity created
[08:16:01] 🔄 Retry 3/5 for PUDM in 8.9s
[08:16:01] 🔄 Identity reset
[08:16:10] 🧠 New identity created
[08:16:11] [437/445] PRCN
[08:16:11] [438/445] JMJR
[08:16:12] [439/445] SSGK
[08:16:13] [440/445] SSRL
[08:16:14] [441/445] JYKL
[08:16:15] [442/445] ACNB
[08:16:16] [443/445] SONP
[08:16:17] 🔄 Identity reset
[08:16:17] 🔄 Identity rotated (every 10 requests)
[08:16:17] [444/445] EMCI
[08:16:18] [445/445] MRJH
[08:16:19] ✅ DONE | Shows=656 | Movies=50
[10:07:32] 🚀 BMS DAILY TRACKER STARTED (enhanced anti‑detection)
[10:07:32] [1/445] TGMR
[10:07:32] 🧠 New identity created
[10:07:33] [2/445] CXKR
[10:07:34] [3/445] SROP
[10:07:35] [4/445] GTSV
[10:07:36] [5/445] SNTY
[10:07:37] [6/445] SMYY
[10:07:38] [7/445] CNCS
[10:07:40] [8/445] CSTM
[10:07:41] [9/445] NUCD
[10:07:42] [10/445] SHCZ
[10:07:42] 🔄 Identity reset
[10:07:42] 🔄 Identity rotated (every 10 requests)
[10:07:43] [11/445] NJCT
[10:07:43] [12/445] COPC
[10:07:44] [13/445] STVV
[10:07:45] [14/445] SKRN
[10:07:46] [15/445] APPZ
[10:07:47] [16/445] YMGN
[10:07:48] [17/445] SVTU
[10:07:49] [18/445] GTAD
[10:07:50] [19/445] PSUS
[10:07:50] [20/445] SMCD
[10:07:51] 🔄 Identity reset
[10:07:51] 🔄 Identity rotated (every 10 requests)
[10:07:51] [21/445] CMCM
[10:07:52] [22/445] SYCT
[10:07:54] [23/445] STLY
[10:07:55] [24/445] CMHU
[10:07:55] [25/445] CMSA
[10:07:57] [26/445] CLCU
[10:07:58] [27/445] PPNT
[10:07:59] [28/445] JTAB
[10:08:00] [29/445] BUUC
[10:08:01] [30/445] BSVK
[10:08:02] 🔄 Identity reset
[10:08:02] 🔄 Identity rotated (every 10 requests)
[10:08:02] [31/445] VVVQ
[10:08:03] [32/445] TKMU
[10:08:04] [33/445] ESYL
[10:08:05] [34/445] ACHP
[10:08:06] [35/445] BTKD
[10:08:07] [36/445] DESA
[10:08:08] [37/445] GBCT
[10:08:09] [38/445] BLLD
[10:08:10] [39/445] SKNT
[10:08:11] [40/445] SSTE
[10:08:11] 🔄 Identity reset
[10:08:11] 🔄 Identity rotated (every 10 requests)
[10:08:12] [41/445] VJMR
[10:08:12] [42/445] NTPU
[10:08:13] [43/445] RDKN
[10:08:14] [44/445] ADGC
[10:08:15] [45/445] VRBP
[10:08:16] [46/445] NMNA
[10:08:17] [47/445] CMMX
[10:08:17] [48/445] PTKO
[10:08:18] [49/445] RBML
[10:08:19] [50/445] SAIC
[10:08:20] 🔄 Identity reset
[10:08:20] 🔄 Identity rotated (every 10 requests)
[10:08:20] [51/445] SVTJ
[10:08:21] [52/445] MRTE
[10:08:22] [53/445] RBTP
[10:08:23] [54/445] NLPS
[10:08:24] [55/445] GTNA
[10:08:25] [56/445] DGGC
[10:08:26] [57/445] SMCR
[10:08:27] [58/445] SCGD
[10:08:28] [59/445] SRRJ
[10:08:28] [60/445] CNRY
[10:08:29] 🔄 Identity reset
[10:08:29] 🔄 Identity rotated (every 10 requests)
[10:08:29] 🔄 Retry 1/5 for CNRY in 2.8s
[10:08:29] 🔄 Identity reset
[10:08:32] 🧠 New identity created
[10:08:32] [61/445] KTDI
[10:08:33] [62/445] SNJL
[10:08:34] [63/445] RKMD
[10:08:35] [64/445] SMDC
[10:08:36] [65/445] TADG
[10:08:36] [66/445] MCGS
[10:08:37] [67/445] PETK
[10:08:38] [68/445] CHAG
[10:08:39] [69/445] KSTL
[10:08:39] 🔄 Identity reset
[10:08:39] 🔄 Identity rotated (every 10 requests)
[10:08:40] [70/445] AADS
[10:08:41] [71/445] NTHZ
[10:08:41] [72/445] HCKI
[10:08:42] [73/445] SSEF
[10:08:43] [74/445] MCGX
[10:08:44] [75/445] ERRA
[10:08:45] [76/445] SDTW
[10:08:46] [77/445] RMPK
[10:08:47] [78/445] PTHK
[10:08:48] [79/445] PXCS
[10:08:48] 🔄 Identity reset
[10:08:48] 🔄 Identity rotated (every 10 requests)
[10:08:48] 🔄 Retry 1/5 for PXCS in 2.7s
[10:08:48] 🔄 Identity reset
[10:08:51] 🧠 New identity created
[10:08:51] [80/445] SVLU
[10:08:52] [81/445] STAH
[10:08:53] [82/445] JRGF
[10:08:54] [83/445] CDOK
[10:08:55] [84/445] CMSG
[10:08:56] [85/445] APTD
[10:08:57] [86/445] KMPG
[10:08:58] [87/445] MUTJ
[10:08:59] [88/445] VCCI
[10:08:59] 🔄 Identity reset
[10:08:59] 🔄 Identity rotated (every 10 requests)
[10:08:59] [89/445] URBE
[10:09:00] [90/445] TCTS
[10:09:01] [91/445] STSN
[10:09:02] [92/445] AKCH
[10:09:03] [93/445] APSC
[10:09:04] [94/445] VLTB
[10:09:05] [95/445] SANU
[10:09:05] [96/445] AXAM
[10:09:06] [97/445] MGMG
[10:09:07] [98/445] HTBY
[10:09:08] 🔄 Identity reset
[10:09:08] 🔄 Identity rotated (every 10 requests)
[10:09:08] [99/445] MMZS
[10:09:09] [100/445] SUDR
[10:09:10] [101/445] CCAD
[10:09:10] [102/445] SKKC
[10:09:11] [103/445] RMCD
[10:09:12] [104/445] SBCQ
[10:09:13] [105/445] DCCT
[10:09:14] [106/445] VTKP
[10:09:15] [107/445] MLAM
[10:09:16] [108/445] SAVT
[10:09:17] 🔄 Identity reset
[10:09:17] 🔄 Identity rotated (every 10 requests)
[10:09:17] [109/445] GEPL
[10:09:18] [110/445] AMCD
[10:09:19] [111/445] CCXR
[10:09:20] [112/445] GRNG
[10:09:20] [113/445] EBCA
[10:09:21] [114/445] CNVG
[10:09:22] [115/445] MWSS
[10:09:24] [116/445] VBOR
[10:09:24] [117/445] NEEB
[10:09:25] [118/445] SUTH
[10:09:26] 🔄 Identity reset
[10:09:26] 🔄 Identity rotated (every 10 requests)
[10:09:26] [119/445] ANDB
[10:09:27] [120/445] MMXS
[10:09:28] [121/445] CNPD
[10:09:29] [122/445] SDCE
[10:09:31] [123/445] DHCB
[10:09:31] [124/445] ODEN
[10:09:32] [125/445] TNTC
[10:09:34] [126/445] VBKM
[10:09:35] [127/445] RZYM
[10:09:36] [128/445] JEMC
[10:09:36] 🔄 Identity reset
[10:09:36] 🔄 Identity rotated (every 10 requests)
[10:09:36] [129/445] CMAU
[10:09:37] [130/445] SIVP
[10:09:39] [131/445] ATAG
[10:09:40] [132/445] CHTM
[10:09:42] [133/445] AAEE
[10:09:43] [134/445] IWPM
[10:09:43] [135/445] KCMW
[10:09:44] [136/445] MCTD
[10:09:45] [137/445] SPWR
[10:09:46] [138/445] SDPO
[10:09:47] 🔄 Identity reset
[10:09:47] 🔄 Identity rotated (every 10 requests)
[10:09:47] 🔄 Retry 1/5 for SDPO in 2.2s
[10:09:47] 🔄 Identity reset
[10:09:49] 🧠 New identity created
[10:09:49] [139/445] PCSK
[10:09:51] [140/445] ACHV
[10:09:52] [141/445] SVLA
[10:09:53] [142/445] PICT
[10:09:54] [143/445] BXDR
[10:09:55] [144/445] SPWA
[10:09:56] [145/445] MCKO
[10:09:57] [146/445] RTHK
[10:09:58] [147/445] CCMF
[10:09:58] 🔄 Identity reset
[10:09:58] 🔄 Identity rotated (every 10 requests)
[10:09:58] 🔄 Retry 1/5 for CCMF in 2.9s
[10:09:58] 🔄 Identity reset
[10:10:01] 🧠 New identity created
[10:10:02] [148/445] MRGB
[10:10:03] [149/445] CPLC
[10:10:03] [150/445] RACD
[10:10:04] [151/445] ATKT
[10:10:05] [152/445] SARN
[10:10:06] [153/445] KKUI
[10:10:07] [154/445] RGCM
[10:10:08] [155/445] BRVP
[10:10:09] [156/445] HRSR
[10:10:10] 🔄 Identity reset
[10:10:10] 🔄 Identity rotated (every 10 requests)
[10:10:10] [157/445] GKGM
[10:10:11] [158/445] TTCD
[10:10:11] [159/445] PTTI
[10:10:12] [160/445] MPTT
[10:10:13] [161/445] CVTT
[10:10:14] [162/445] PCXD
[10:10:15] [163/445] GCDC
[10:10:15] [164/445] CCCF
[10:10:16] [165/445] MRAD
[10:10:17] [166/445] CPLK
[10:10:18] 🔄 Identity reset
[10:10:18] 🔄 Identity rotated (every 10 requests)
[10:10:18] [167/445] SATB
[10:10:19] [168/445] SNVG
[10:10:21] [169/445] JMBA
[10:10:22] [170/445] TEJA
[10:10:22] [171/445] STYO
[10:10:23] [172/445] JTBP
[10:10:25] [173/445] KRGD
[10:10:26] [174/445] SLJJ
[10:10:27] [175/445] SPTJ
[10:10:27] [176/445] SWJG
[10:10:28] 🔄 Identity reset
[10:10:28] 🔄 Identity rotated (every 10 requests)
[10:10:28] [177/445] LKRT
[10:10:29] [178/445] KCKA
[10:10:30] [179/445] SNCR
[10:10:31] [180/445] SMKL
[10:10:32] [181/445] GCFA
[10:10:33] [182/445] DDCK
[10:10:34] [183/445] NCHJ
[10:10:35] [184/445] RDMA
[10:10:36] [185/445] SVSV
[10:10:37] [186/445] SCJG
[10:10:38] 🔄 Identity reset
[10:10:38] 🔄 Identity rotated (every 10 requests)
[10:10:38] [187/445] VKLP
[10:10:39] [188/445] NWCC
[10:10:39] [189/445] VKNS
[10:10:40] [190/445] SDDP
[10:10:41] [191/445] ACSI
[10:10:42] [192/445] SATG
[10:10:43] [193/445] SCMW
[10:10:44] [194/445] LKTK
[10:10:44] [195/445] VCKV
[10:10:45] [196/445] KKPE
[10:10:46] 🔄 Identity reset
[10:10:46] 🔄 Identity rotated (every 10 requests)
[10:10:46] [197/445] KIGH
[10:10:47] [198/445] SRPM
[10:10:48] [199/445] SCAH
[10:10:49] [200/445] MUTA
[10:10:50] [201/445] SEPU
[10:10:50] [202/445] INOA
[10:10:51] [203/445] BASK
[10:10:52] [204/445] NECB
[10:10:53] [205/445] GTTG
[10:10:54] [206/445] ASSA
[10:10:55] 🔄 Identity reset
[10:10:55] 🔄 Identity rotated (every 10 requests)
[10:10:56] [207/445] ANCL
[10:10:57] [208/445] GCTI
[10:10:58] [209/445] RCTS
[10:10:59] [210/445] ACNL
[10:11:00] [211/445] MYCT
[10:11:01] [212/445] NMHT
[10:11:02] [213/445] MDIT
[10:11:02] [214/445] LATG
[10:11:03] [215/445] SMTY
[10:11:04] [216/445] CVCT
[10:11:05] 🔄 Identity reset
[10:11:05] 🔄 Identity rotated (every 10 requests)
[10:11:05] [217/445] RAMB
[10:11:06] [218/445] TGMS
[10:11:07] [219/445] BHEL
[10:11:07] [220/445] SHCT
[10:11:08] [221/445] SVCT
[10:11:09] [222/445] MRIY
[10:11:10] [223/445] SARO
[10:11:12] [224/445] STCT
[10:11:13] [225/445] JKKC
[10:11:14] [226/445] PLTT
[10:11:15] 🔄 Identity reset
[10:11:15] 🔄 Identity rotated (every 10 requests)
[10:11:16] [227/445] SRNT
[10:11:16] [228/445] YAST
[10:11:17] [229/445] PERL
[10:11:18] [230/445] CICM
[10:11:19] [231/445] MMTR
[10:11:20] [232/445] ABTK
[10:11:21] [233/445] ATYY
[10:11:22] [234/445] ASTK
[10:11:23] [235/445] VVCK
[10:11:23] [236/445] ATKY
[10:11:24] 🔄 Identity reset
[10:11:24] 🔄 Identity rotated (every 10 requests)
[10:11:24] 🔄 Retry 1/5 for ATKY in 2.9s
[10:11:24] 🔄 Identity reset
[10:11:27] 🧠 New identity created
[10:11:27] 🔄 Retry 2/5 for ATKY in 4.4s
[10:11:27] 🔄 Identity reset
[10:11:31] 🧠 New identity created
[10:11:32] [237/445] GWEK
[10:11:33] [238/445] SVFH
[10:11:34] [239/445] SLTA
[10:11:35] [240/445] AASH
[10:11:36] [241/445] ACXB
[10:11:37] [242/445] SMTX
[10:11:37] [243/445] AZDH
[10:11:39] [244/445] CMMH
[10:11:40] 🔄 Identity reset
[10:11:40] 🔄 Identity rotated (every 10 requests)
[10:11:40] [245/445] SCSZ
[10:11:41] [246/445] SCKP
[10:11:41] [247/445] NXTM
[10:11:42] [248/445] NWCS
[10:11:43] [249/445] CXMH
[10:11:44] [250/445] PCMA
[10:11:45] [251/445] SGCM
[10:11:46] [252/445] SDTU
[10:11:47] [253/445] MMVI
[10:11:48] [254/445] JKCM
[10:11:49] 🔄 Identity reset
[10:11:49] 🔄 Identity rotated (every 10 requests)
[10:11:49] 🔄 Retry 1/5 for JKCM in 2.4s
[10:11:49] 🔄 Identity reset
[10:11:51] 🧠 New identity created
[10:11:52] [255/445] VCMM
[10:11:53] [256/445] SYEE
[10:11:54] [257/445] VASD
[10:11:54] [258/445] BDRB
[10:11:55] [259/445] LASM
[10:11:56] [260/445] DCRL
[10:11:57] [261/445] DVPM
[10:11:58] [262/445] SBMJ
[10:11:59] [263/445] CBMU
[10:11:59] 🔄 Identity reset
[10:11:59] 🔄 Identity rotated (every 10 requests)
[10:11:59] [264/445] IUBS
[10:12:00] [265/445] INAP
[10:12:01] [266/445] SRRC
[10:12:02] [267/445] SAGR
[10:12:03] [268/445] CPMJ
[10:12:04] [269/445] ATJL
[10:12:05] [270/445] NNTD
[10:12:06] [271/445] JHCJ
[10:12:07] [272/445] CMMP
[10:12:07] [273/445] RSDR
[10:12:08] 🔄 Identity reset
[10:12:08] 🔄 Identity rotated (every 10 requests)
[10:12:09] [274/445] AMTI
[10:12:10] [275/445] NYSG
[10:12:11] [276/445] AVSG
[10:12:12] [277/445] SYTP
[10:12:12] [278/445] LARC
[10:12:13] [279/445] RJTP
[10:12:15] [280/445] LAKC
[10:12:16] [281/445] MCXE
[10:12:17] [282/445] CCZC
[10:12:17] [283/445] AVCH
[10:12:18] 🔄 Identity reset
[10:12:18] 🔄 Identity rotated (every 10 requests)
[10:12:18] 🔄 Retry 1/5 for AVCH in 2.4s
[10:12:18] 🔄 Identity reset
[10:12:20] 🧠 New identity created
[10:12:21] [284/445] CMBE
[10:12:22] [285/445] MRRC
[10:12:23] [286/445] PCPY
[10:12:24] [287/445] SRMH
[10:12:25] [288/445] SVGS
[10:12:26] [289/445] PCSE
[10:12:26] [290/445] SVFT
[10:12:27] [291/445] TNZP
[10:12:29] [292/445] ICTP
[10:12:29] 🔄 Identity reset
[10:12:29] 🔄 Identity rotated (every 10 requests)
[10:12:29] [293/445] ACTZ
[10:12:30] [294/445] GTUR
[10:12:31] [295/445] MAFC
[10:12:32] [296/445] MINL
[10:12:33] [297/445] MRCL
[10:12:34] [298/445] RCRP
[10:12:35] [299/445] RFFG
[10:12:36] [300/445] RMAS
[10:12:37] [301/445] INVR
[10:12:38] [302/445] RMAR
[10:12:38] 🔄 Identity reset
[10:12:38] 🔄 Identity rotated (every 10 requests)
[10:12:38] 🔄 Retry 1/5 for RMAR in 2.9s
[10:12:38] 🔄 Identity reset
[10:12:41] 🧠 New identity created
[10:12:41] [303/445] CNIS
[10:12:42] [304/445] RHRJ
[10:12:43] [305/445] INXR
[10:12:44] [306/445] VALT
[10:12:45] [307/445] LCSH
[10:12:46] [308/445] CMVS
[10:12:46] [309/445] CNMS
[10:12:47] [310/445] ROOG
[10:12:48] [311/445] ISRM
[10:12:49] 🔄 Identity reset
[10:12:49] 🔄 Identity rotated (every 10 requests)
[10:12:49] 🔄 Retry 1/5 for ISRM in 2.2s
[10:12:49] 🔄 Identity reset
[10:12:51] 🧠 New identity created
[10:12:51] [312/445] RCRM
[10:12:52] [313/445] ACJA
[10:12:54] [314/445] RCVS
[10:12:54] [315/445] CPUS
[10:12:56] [316/445] TGCS
[10:12:57] [317/445] RKCJ
[10:12:57] [318/445] MKSB
[10:12:58] [319/445] TCSJ
[10:12:59] [320/445] RMGP
[10:13:00] 🔄 Identity reset
[10:13:00] 🔄 Identity rotated (every 10 requests)
[10:13:00] [321/445] CLLP
[10:13:01] [322/445] RCMV
[10:13:02] [323/445] CCKS
[10:13:03] [324/445] RSRP
[10:13:03] [325/445] APLP
[10:13:04] [326/445] CNVS
[10:13:05] [327/445] RMVY
[10:13:06] [328/445] PGBD
[10:13:07] [329/445] KLMS
[10:13:08] [330/445] RUST
[10:13:08] 🔄 Identity reset
[10:13:08] 🔄 Identity rotated (every 10 requests)
[10:13:08] 🔄 Retry 1/5 for RUST in 2.5s
[10:13:08] 🔄 Identity reset
[10:13:11] 🧠 New identity created
[10:13:12] [331/445] MASM
[10:13:12] [332/445] BACS
[10:13:13] [333/445] BWST
[10:13:14] [334/445] RRFH
[10:13:15] [335/445] SJTM
[10:13:16] [336/445] BEMR
[10:13:17] [337/445] MCGR
[10:13:18] [338/445] SDSK
[10:13:19] [339/445] VBOL
[10:13:19] 🔄 Identity reset
[10:13:19] 🔄 Identity rotated (every 10 requests)
[10:13:20] [340/445] RMGM
[10:13:20] [341/445] NOPL
[10:13:21] [342/445] MKJK
[10:13:22] [343/445] CVRN
[10:13:23] [344/445] MMEN
[10:13:24] [345/445] AMNG
[10:13:25] [346/445] INTM
[10:13:26] [347/445] SLCZ
[10:13:27] [348/445] AMJN
[10:13:28] [349/445] ACJN
[10:13:28] 🔄 Identity reset
[10:13:28] 🔄 Identity rotated (every 10 requests)
[10:13:29] [350/445] AMKN
[10:13:30] [351/445] BTCN
[10:13:31] [352/445] AMBT
[10:13:32] [353/445] PACN
[10:13:33] [354/445] LCNS
[10:13:34] [355/445] PPKC
[10:13:35] [356/445] JYYN
[10:13:36] [357/445] JTNR
[10:13:37] [358/445] GTEE
[10:13:38] [359/445] SRNM
[10:13:38] 🔄 Identity reset
[10:13:38] 🔄 Identity rotated (every 10 requests)
[10:13:39] [360/445] SDTC
[10:13:40] [361/445] VPCA
[10:13:41] [362/445] VLRA
[10:13:42] [363/445] SHKR
[10:13:43] [364/445] SBKD
[10:13:43] [365/445] SAAD
[10:13:44] [366/445] JTGN
[10:13:45] [367/445] SLAM
[10:13:46] [368/445] VTPM
[10:13:47] [369/445] ANPT
[10:13:47] 🔄 Identity reset
[10:13:48] 🔄 Identity rotated (every 10 requests)
[10:13:48] [370/445] PUNB
[10:13:49] [371/445] CPKT
[10:13:50] [372/445] CNWE
[10:13:51] [373/445] ECPP
[10:13:51] [374/445] CPAR
[10:13:52] [375/445] ESBW
[10:13:53] [376/445] PKPU
[10:13:54] [377/445] CPRP
[10:13:55] [378/445] RAHU
[10:13:56] [379/445] RHMN
[10:13:56] 🔄 Identity reset
[10:13:56] 🔄 Identity rotated (every 10 requests)
[10:13:57] [380/445] FMJP
[10:13:58] [381/445] CTMP
[10:13:59] [382/445] INPN
[10:14:00] [383/445] STTG
[10:14:01] [384/445] CTRD
[10:14:02] [385/445] PUVB
[10:14:04] [386/445] ESVP
[10:14:05] [387/445] CPFT
[10:14:05] [388/445] LCPC
[10:14:06] [389/445] VBCT
[10:14:07] 🔄 Identity reset
[10:14:07] 🔄 Identity rotated (every 10 requests)
[10:14:07] [390/445] FSCW
[10:14:08] [391/445] VCMP
[10:14:09] [392/445] ASHC
[10:14:10] [393/445] VLCX
[10:14:11] [394/445] SHEV
[10:14:12] [395/445] APCO
[10:14:13] [396/445] SILC
[10:14:15] [397/445] SNMR
[10:14:16] [398/445] KYBO
[10:14:16] [399/445] SATK
[10:14:17] 🔄 Identity reset
[10:14:17] 🔄 Identity rotated (every 10 requests)
[10:14:17] [400/445] SSCS
[10:14:18] [401/445] CLSB
[10:14:19] [402/445] KMJR
[10:14:20] [403/445] FSCK
[10:14:21] [404/445] NNKA
[10:14:22] [405/445] CLMK
[10:14:23] [406/445] DMPZ
[10:14:24] [407/445] INQM
[10:14:26] [408/445] CAML
[10:14:26] [409/445] INRK
[10:14:27] 🔄 Identity reset
[10:14:27] 🔄 Identity rotated (every 10 requests)
[10:14:27] [410/445] IMKN
[10:14:28] [411/445] SVNR
[10:14:29] [412/445] INSL
[10:14:30] [413/445] MSMA
[10:14:31] [414/445] MCKK
[10:14:31] [415/445] FCHP
[10:14:32] [416/445] SFCR
[10:14:33] [417/445] NACK
[10:14:34] [418/445] PVAK
[10:14:35] [419/445] INER
[10:14:35] 🔄 Identity reset
[10:14:35] 🔄 Identity rotated (every 10 requests)
[10:14:36] [420/445] RDBK
[10:14:36] [421/445] SVFN
[10:14:37] [422/445] IFRM
[10:14:38] [423/445] ATCK
[10:14:39] [424/445] ASKO
[10:14:40] [425/445] STKT
[10:14:41] [426/445] SVFB
[10:14:42] [427/445] INKS
[10:14:42] [428/445] PCRA
[10:14:43] [429/445] ATJA
[10:14:44] 🔄 Identity reset
[10:14:44] 🔄 Identity rotated (every 10 requests)
[10:14:44] [430/445] IMJN
[10:14:45] [431/445] INHD
[10:14:46] [432/445] BARA
[10:14:47] [433/445] MCSL
[10:14:47] [434/445] RTOY
[10:14:48] [435/445] MENO
[10:14:49] [436/445] PUDM
[10:14:50] [437/445] PRCN
[10:14:51] [438/445] JMJR
[10:14:52] [439/445] SSGK
[10:14:52] 🔄 Identity reset
[10:14:52] 🔄 Identity rotated (every 10 requests)
[10:14:53] [440/445] SSRL
[10:14:54] [441/445] JYKL
[10:14:54] [442/445] ACNB
[10:14:55] [443/445] SONP
[10:14:56] [444/445] EMCI
[10:14:57] [445/445] MRJH
[10:14:58] ✅ DONE | Shows=1208 | Movies=57
[11:05:43] 🚀 BMS DAILY TRACKER STARTED (enhanced anti‑detection)
[11:05:43] [1/445] TGMR
[11:05:44] 🧠 New identity created
[11:05:45] [2/445] CXKR
[11:05:46] [3/445] SROP
[11:05:47] [4/445] GTSV
[11:05:47] [5/445] SNTY
[11:05:49] [6/445] SMYY
[11:05:50] [7/445] CNCS
[11:05:51] [8/445] CSTM
[11:05:53] [9/445] NUCD
[11:05:54] [10/445] SHCZ
[11:05:54] 🔄 Identity reset
[11:05:54] 🔄 Identity rotated (every 10 requests)
[11:05:54] 🔄 Retry 1/5 for SHCZ in 2.3s
[11:05:54] 🔄 Identity reset
[11:05:57] 🧠 New identity created
[11:05:57] 🔄 Retry 2/5 for SHCZ in 4.1s
[11:05:57] 🔄 Identity reset
[11:06:01] 🧠 New identity created
[11:06:01] 🔄 Retry 3/5 for SHCZ in 8.2s
[11:06:01] 🔄 Identity reset
[11:06:09] 🧠 New identity created
[11:06:09] 🔄 Retry 4/5 for SHCZ in 17.0s
[11:06:09] 🔄 Identity reset
[11:06:26] 🧠 New identity created
[11:06:26] [11/445] NJCT
[11:06:28] [12/445] COPC
[11:06:29] [13/445] STVV
[11:06:30] [14/445] SKRN
[11:06:31] [15/445] APPZ
[11:06:32] [16/445] YMGN
[11:06:33] 🔄 Identity reset
[11:06:33] 🔄 Identity rotated (every 10 requests)
[11:06:33] [17/445] SVTU
[11:06:34] [18/445] GTAD
[11:06:35] [19/445] PSUS
[11:06:37] [20/445] SMCD
[11:06:38] [21/445] CMCM
[11:06:40] [22/445] SYCT
[11:06:41] [23/445] STLY
[11:06:42] [24/445] CMHU
[11:06:43] [25/445] CMSA
[11:06:44] [26/445] CLCU
[11:06:44] 🔄 Identity reset
[11:06:44] 🔄 Identity rotated (every 10 requests)
[11:06:44] 🔄 Retry 1/5 for CLCU in 2.1s
[11:06:44] 🔄 Identity reset
[11:06:46] 🧠 New identity created
[11:06:47] 🔄 Retry 2/5 for CLCU in 4.9s
[11:06:47] 🔄 Identity reset
[11:06:52] 🧠 New identity created
[11:06:52] 🔄 Retry 3/5 for CLCU in 8.9s
[11:06:52] 🔄 Identity reset
[11:07:00] 🧠 New identity created
[11:07:01] 🔄 Retry 4/5 for CLCU in 16.6s
[11:07:01] 🔄 Identity reset
[11:07:17] 🧠 New identity created
[11:07:18] [27/445] PPNT
[11:07:18] [28/445] JTAB
[11:07:19] [29/445] BUUC
[11:07:20] [30/445] BSVK
[11:07:21] [31/445] VVVQ
[11:07:22] [32/445] TKMU
[11:07:23] 🔄 Identity reset
[11:07:23] 🔄 Identity rotated (every 10 requests)
[11:07:23] [33/445] ESYL
[11:07:24] [34/445] ACHP
[11:07:25] [35/445] BTKD
[11:07:26] [36/445] DESA
[11:07:27] [37/445] GBCT
[11:07:28] [38/445] BLLD
[11:07:29] [39/445] SKNT
[11:07:30] [40/445] SSTE
[11:07:31] [41/445] VJMR
[11:07:32] [42/445] NTPU
[11:07:33] 🔄 Identity reset
[11:07:33] 🔄 Identity rotated (every 10 requests)
[11:07:33] 🔄 Retry 1/5 for NTPU in 2.9s
[11:07:33] 🔄 Identity reset
[11:07:36] 🧠 New identity created
[11:07:36] [43/445] RDKN
[11:07:37] [44/445] ADGC
[11:07:38] [45/445] VRBP
[11:07:39] [46/445] NMNA
[11:07:40] [47/445] CMMX
[11:07:41] [48/445] PTKO
[11:07:42] [49/445] RBML
[11:07:43] [50/445] SAIC
[11:07:43] [51/445] SVTJ
[11:07:44] 🔄 Identity reset
[11:07:44] 🔄 Identity rotated (every 10 requests)
[11:07:45] [52/445] MRTE
[11:07:45] [53/445] RBTP
[11:07:46] [54/445] NLPS
[11:07:47] [55/445] GTNA
[11:07:48] [56/445] DGGC
[11:07:49] [57/445] SMCR
[11:07:50] [58/445] SCGD
[11:07:51] [59/445] SRRJ
[11:07:52] [60/445] CNRY
[11:07:53] [61/445] KTDI
[11:07:53] 🔄 Identity reset
[11:07:53] 🔄 Identity rotated (every 10 requests)
[11:07:53] [62/445] SNJL
[11:07:54] [63/445] RKMD
[11:07:55] [64/445] SMDC
[11:07:56] [65/445] TADG
[11:07:57] [66/445] MCGS
[11:07:58] [67/445] PETK
[11:07:59] [68/445] CHAG
[11:08:01] [69/445] KSTL
[11:08:02] [70/445] AADS
[11:08:02] [71/445] NTHZ
[11:08:03] 🔄 Identity reset
[11:08:03] 🔄 Identity rotated (every 10 requests)
[11:08:03] 🔄 Retry 1/5 for NTHZ in 2.7s
[11:08:03] 🔄 Identity reset
[11:08:06] 🧠 New identity created
[11:08:06] [72/445] HCKI
[11:08:07] [73/445] SSEF
[11:08:08] [74/445] MCGX
[11:08:09] [75/445] ERRA
[11:08:10] [76/445] SDTW
[11:08:11] [77/445] RMPK
[11:08:12] [78/445] PTHK
[11:08:13] [79/445] PXCS
[11:08:14] [80/445] SVLU
[11:08:14] 🔄 Identity reset
[11:08:14] 🔄 Identity rotated (every 10 requests)
[11:08:15] [81/445] STAH
[11:08:16] [82/445] JRGF
[11:08:16] [83/445] CDOK
[11:08:17] [84/445] CMSG
[11:08:19] [85/445] APTD
[11:08:20] [86/445] KMPG
[11:08:22] [87/445] MUTJ
[11:08:23] [88/445] VCCI
[11:08:24] [89/445] URBE
[11:08:25] [90/445] TCTS
[11:08:26] 🔄 Identity reset
[11:08:26] 🔄 Identity rotated (every 10 requests)
[11:08:27] [91/445] STSN
[11:08:28] [92/445] AKCH
[11:08:29] [93/445] APSC
[11:08:30] [94/445] VLTB
[11:08:31] [95/445] SANU
[11:08:32] [96/445] AXAM
[11:08:33] [97/445] MGMG
[11:08:34] [98/445] HTBY
[11:08:35] [99/445] MMZS
[11:08:36] [100/445] SUDR
[11:08:37] 🔄 Identity reset
[11:08:37] 🔄 Identity rotated (every 10 requests)
[11:08:37] 🔄 Retry 1/5 for SUDR in 3.0s
[11:08:37] 🔄 Identity reset
[11:08:40] 🧠 New identity created
[11:08:40] [101/445] CCAD
[11:08:41] [102/445] SKKC
[11:08:42] [103/445] RMCD
[11:08:44] [104/445] SBCQ
[11:08:45] [105/445] DCCT
[11:08:46] [106/445] VTKP
[11:08:47] [107/445] MLAM
[11:08:48] [108/445] SAVT
[11:08:49] [109/445] GEPL
[11:08:50] 🔄 Identity reset
[11:08:50] 🔄 Identity rotated (every 10 requests)
[11:08:50] 🔄 Retry 1/5 for GEPL in 3.0s
[11:08:50] 🔄 Identity reset
[11:08:53] 🧠 New identity created
[11:08:53] [110/445] AMCD
[11:08:54] [111/445] CCXR
[11:08:55] [112/445] GRNG
[11:08:57] [113/445] EBCA
[11:08:57] [114/445] CNVG
[11:08:58] [115/445] MWSS
[11:08:59] [116/445] VBOR
[11:09:00] [117/445] NEEB
[11:09:01] [118/445] SUTH
[11:09:02] 🔄 Identity reset
[11:09:02] 🔄 Identity rotated (every 10 requests)
[11:09:02] [119/445] ANDB
[11:09:03] [120/445] MMXS
[11:09:04] [121/445] CNPD
[11:09:05] [122/445] SDCE
[11:09:06] [123/445] DHCB
[11:09:07] [124/445] ODEN
[11:09:08] [125/445] TNTC
[11:09:09] [126/445] VBKM
[11:09:10] [127/445] RZYM
[11:09:11] [128/445] JEMC
[11:09:12] 🔄 Identity reset
[11:09:12] 🔄 Identity rotated (every 10 requests)
[11:09:12] [129/445] CMAU
[11:09:13] [130/445] SIVP
[11:09:14] [131/445] ATAG
[11:09:15] [132/445] CHTM
[11:09:16] [133/445] AAEE
[11:09:17] [134/445] IWPM
[11:09:18] [135/445] KCMW
[11:09:18] [136/445] MCTD
[11:09:19] [137/445] SPWR
[11:09:20] [138/445] SDPO
[11:09:21] 🔄 Identity reset
[11:09:21] 🔄 Identity rotated (every 10 requests)
[11:09:21] [139/445] PCSK
[11:09:22] [140/445] ACHV
[11:09:23] [141/445] SVLA
[11:09:24] [142/445] PICT
[11:09:25] [143/445] BXDR
[11:09:26] [144/445] SPWA
[11:09:27] [145/445] MCKO
[11:09:28] [146/445] RTHK
[11:09:29] [147/445] CCMF
[11:09:30] [148/445] MRGB
[11:09:31] 🔄 Identity reset
[11:09:31] 🔄 Identity rotated (every 10 requests)
[11:09:31] [149/445] CPLC
[11:09:33] [150/445] RACD
[11:09:34] [151/445] ATKT
[11:09:35] [152/445] SARN
[11:09:35] [153/445] KKUI
[11:09:36] [154/445] RGCM
[11:09:37] [155/445] BRVP
[11:09:38] [156/445] HRSR
[11:09:39] [157/445] GKGM
[11:09:41] [158/445] TTCD
[11:09:41] 🔄 Identity reset
[11:09:41] 🔄 Identity rotated (every 10 requests)
[11:09:42] [159/445] PTTI
[11:09:43] [160/445] MPTT
[11:09:44] [161/445] CVTT
[11:09:45] [162/445] PCXD
[11:09:45] [163/445] GCDC
[11:09:46] [164/445] CCCF
[11:09:47] [165/445] MRAD
[11:09:48] [166/445] CPLK
[11:09:49] [167/445] SATB
[11:09:50] [168/445] SNVG
[11:09:50] 🔄 Identity reset
[11:09:50] 🔄 Identity rotated (every 10 requests)
[11:09:51] [169/445] JMBA
[11:09:52] [170/445] TEJA
[11:09:53] [171/445] STYO
[11:09:53] [172/445] JTBP
[11:09:54] [173/445] KRGD
[11:09:55] [174/445] SLJJ
[11:09:56] [175/445] SPTJ
[11:09:57] [176/445] SWJG
[11:09:58] [177/445] LKRT
[11:09:59] [178/445] KCKA
[11:10:00] 🔄 Identity reset
[11:10:00] 🔄 Identity rotated (every 10 requests)
[11:10:00] [179/445] SNCR
[11:10:02] [180/445] SMKL
[11:10:03] [181/445] GCFA
[11:10:04] [182/445] DDCK
[11:10:05] [183/445] NCHJ
[11:10:06] [184/445] RDMA
[11:10:07] [185/445] SVSV
[11:10:08] [186/445] SCJG
[11:10:09] [187/445] VKLP
[11:10:10] [188/445] NWCC
[11:10:11] 🔄 Identity reset
[11:10:11] 🔄 Identity rotated (every 10 requests)
[11:10:11] [189/445] VKNS
[11:10:12] [190/445] SDDP
[11:10:13] [191/445] ACSI
[11:10:14] [192/445] SATG
[11:10:15] [193/445] SCMW
[11:10:16] [194/445] LKTK
[11:10:16] [195/445] VCKV
[11:10:17] [196/445] KKPE
[11:10:18] [197/445] KIGH
[11:10:19] [198/445] SRPM
[11:10:20] 🔄 Identity reset
[11:10:20] 🔄 Identity rotated (every 10 requests)
[11:10:20] [199/445] SCAH
[11:10:21] [200/445] MUTA
[11:10:22] [201/445] SEPU
[11:10:23] [202/445] INOA
[11:10:25] [203/445] BASK
[11:10:27] [204/445] NECB
[11:10:28] [205/445] GTTG
[11:10:29] [206/445] ASSA
[11:10:30] [207/445] ANCL
[11:10:31] [208/445] GCTI
[11:10:31] 🔄 Identity reset
[11:10:31] 🔄 Identity rotated (every 10 requests)
[11:10:32] [209/445] RCTS
[11:10:33] [210/445] ACNL
[11:10:34] [211/445] MYCT
[11:10:35] [212/445] NMHT
[11:10:36] [213/445] MDIT
[11:10:37] [214/445] LATG
[11:10:39] [215/445] SMTY
[11:10:40] [216/445] CVCT
[11:10:41] [217/445] RAMB
[11:10:42] [218/445] TGMS
[11:10:42] 🔄 Identity reset
[11:10:42] 🔄 Identity rotated (every 10 requests)
[11:10:42] 🔄 Retry 1/5 for TGMS in 2.2s
[11:10:42] 🔄 Identity reset
[11:10:44] 🧠 New identity created
[11:10:45] [219/445] BHEL
[11:10:46] [220/445] SHCT
[11:10:47] [221/445] SVCT
[11:10:48] [222/445] MRIY
[11:10:48] [223/445] SARO
[11:10:49] [224/445] STCT
[11:10:50] [225/445] JKKC
[11:10:51] [226/445] PLTT
[11:10:52] [227/445] SRNT
[11:10:53] 🔄 Identity reset
[11:10:53] 🔄 Identity rotated (every 10 requests)
[11:10:54] [228/445] YAST
[11:10:55] [229/445] PERL
[11:10:56] [230/445] CICM
[11:10:56] [231/445] MMTR
[11:10:58] [232/445] ABTK
[11:10:59] [233/445] ATYY
[11:11:00] [234/445] ASTK
[11:11:01] [235/445] VVCK
[11:11:02] [236/445] ATKY
[11:11:03] [237/445] GWEK
[11:11:04] 🔄 Identity reset
[11:11:04] 🔄 Identity rotated (every 10 requests)
[11:11:04] [238/445] SVFH
[11:11:05] [239/445] SLTA
[11:11:06] [240/445] AASH
[11:11:07] [241/445] ACXB
[11:11:08] [242/445] SMTX
[11:11:09] [243/445] AZDH
[11:11:10] [244/445] CMMH
[11:11:11] [245/445] SCSZ
[11:11:12] [246/445] SCKP
[11:11:13] [247/445] NXTM
[11:11:14] 🔄 Identity reset
[11:11:14] 🔄 Identity rotated (every 10 requests)
[11:11:14] [248/445] NWCS
[11:11:15] [249/445] CXMH
[11:11:17] [250/445] PCMA
[11:11:18] [251/445] SGCM
[11:11:19] [252/445] SDTU
[11:11:20] [253/445] MMVI
[11:11:20] [254/445] JKCM
[11:11:21] [255/445] VCMM
[11:11:22] [256/445] SYEE
[11:11:23] [257/445] VASD
[11:11:24] 🔄 Identity reset
[11:11:24] 🔄 Identity rotated (every 10 requests)
[11:11:24] 🔄 Retry 1/5 for VASD in 2.9s
[11:11:24] 🔄 Identity reset
[11:11:27] 🧠 New identity created
[11:11:27] [258/445] BDRB
[11:11:28] [259/445] LASM
[11:11:29] [260/445] DCRL
[11:11:30] [261/445] DVPM
[11:11:31] [262/445] SBMJ
[11:11:32] [263/445] CBMU
[11:11:33] [264/445] IUBS
[11:11:34] [265/445] INAP
[11:11:35] [266/445] SRRC
[11:11:36] 🔄 Identity reset
[11:11:36] 🔄 Identity rotated (every 10 requests)
[11:11:36] 🔄 Retry 1/5 for SRRC in 2.0s
[11:11:36] 🔄 Identity reset
[11:11:38] 🧠 New identity created
[11:11:38] [267/445] SAGR
[11:11:39] [268/445] CPMJ
[11:11:40] [269/445] ATJL
[11:11:41] [270/445] NNTD
[11:11:42] [271/445] JHCJ
[11:11:43] [272/445] CMMP
[11:11:44] [273/445] RSDR
[11:11:45] [274/445] AMTI
[11:11:47] [275/445] NYSG
[11:11:47] 🔄 Identity reset
[11:11:47] 🔄 Identity rotated (every 10 requests)
[11:11:48] [276/445] AVSG
[11:11:49] [277/445] SYTP
[11:11:50] [278/445] LARC
[11:11:51] [279/445] RJTP
[11:11:52] [280/445] LAKC
[11:11:53] [281/445] MCXE
[11:11:55] [282/445] CCZC
[11:11:56] [283/445] AVCH
[11:11:57] [284/445] CMBE
[11:11:58] [285/445] MRRC
[11:11:58] 🔄 Identity reset
[11:11:58] 🔄 Identity rotated (every 10 requests)
[11:11:59] [286/445] PCPY
[11:11:59] [287/445] SRMH
[11:12:01] [288/445] SVGS
[11:12:02] [289/445] PCSE
[11:12:03] [290/445] SVFT
[11:12:04] [291/445] TNZP
[11:12:05] [292/445] ICTP
[11:12:06] [293/445] ACTZ
[11:12:07] [294/445] GTUR
[11:12:08] [295/445] MAFC
[11:12:09] 🔄 Identity reset
[11:12:09] 🔄 Identity rotated (every 10 requests)
[11:12:09] [296/445] MINL
[11:12:10] [297/445] MRCL
[11:12:11] [298/445] RCRP
[11:12:12] [299/445] RFFG
[11:12:13] [300/445] RMAS
[11:12:14] [301/445] INVR
[11:12:15] [302/445] RMAR
[11:12:15] [303/445] CNIS
[11:12:17] [304/445] RHRJ
[11:12:19] [305/445] INXR
[11:12:19] 🔄 Identity reset
[11:12:19] 🔄 Identity rotated (every 10 requests)
[11:12:20] [306/445] VALT
[11:12:21] [307/445] LCSH
[11:12:21] [308/445] CMVS
[11:12:22] [309/445] CNMS
[11:12:23] [310/445] ROOG
[11:12:24] [311/445] ISRM
[11:12:25] [312/445] RCRM
[11:12:26] [313/445] ACJA
[11:12:27] [314/445] RCVS
[11:12:27] [315/445] CPUS
[11:12:28] 🔄 Identity reset
[11:12:28] 🔄 Identity rotated (every 10 requests)
[11:12:28] 🔄 Retry 1/5 for CPUS in 2.6s
[11:12:28] 🔄 Identity reset
[11:12:31] 🧠 New identity created
[11:12:31] [316/445] TGCS
[11:12:32] [317/445] RKCJ
[11:12:33] [318/445] MKSB
[11:12:34] [319/445] TCSJ
[11:12:36] [320/445] RMGP
[11:12:37] [321/445] CLLP
[11:12:37] [322/445] RCMV
[11:12:38] [323/445] CCKS
[11:12:39] [324/445] RSRP
[11:12:40] 🔄 Identity reset
[11:12:40] 🔄 Identity rotated (every 10 requests)
[11:12:40] [325/445] APLP
[11:12:41] [326/445] CNVS
[11:12:42] [327/445] RMVY
[11:12:44] [328/445] PGBD
[11:12:45] [329/445] KLMS
[11:12:45] [330/445] RUST
[11:12:46] [331/445] MASM
[11:12:47] [332/445] BACS
[11:12:48] [333/445] BWST
[11:12:49] [334/445] RRFH
[11:12:50] 🔄 Identity reset
[11:12:50] 🔄 Identity rotated (every 10 requests)
[11:12:50] 🔄 Retry 1/5 for RRFH in 2.1s
[11:12:50] 🔄 Identity reset
[11:12:52] 🧠 New identity created
[11:12:57] [335/445] SJTM
[11:12:59] [336/445] BEMR
[11:13:00] [337/445] MCGR
[11:13:01] [338/445] SDSK
[11:13:02] [339/445] VBOL
[11:13:03] [340/445] RMGM
[11:13:04] [341/445] NOPL
[11:13:05] [342/445] MKJK
[11:13:06] [343/445] CVRN
[11:13:07] 🔄 Identity reset
[11:13:07] 🔄 Identity rotated (every 10 requests)
[11:13:07] 🔄 Retry 1/5 for CVRN in 2.6s
[11:13:07] 🔄 Identity reset
[11:13:09] 🧠 New identity created
[11:13:09] 🔄 Retry 2/5 for CVRN in 4.8s
[11:13:09] 🔄 Identity reset
[11:13:14] 🧠 New identity created
[11:13:15] [344/445] MMEN
[11:13:16] [345/445] AMNG
[11:13:17] [346/445] INTM
[11:13:18] [347/445] SLCZ
[11:13:19] [348/445] AMJN
[11:13:20] [349/445] ACJN
[11:13:21] [350/445] AMKN
[11:13:22] [351/445] BTCN
[11:13:23] 🔄 Identity reset
[11:13:23] 🔄 Identity rotated (every 10 requests)
[11:13:23] [352/445] AMBT
[11:13:24] [353/445] PACN
[11:13:25] [354/445] LCNS
[11:13:26] [355/445] PPKC
[11:13:27] [356/445] JYYN
[11:13:28] [357/445] JTNR
[11:13:29] [358/445] GTEE
[11:13:30] [359/445] SRNM
[11:13:31] [360/445] SDTC
[11:13:32] [361/445] VPCA
[11:13:32] 🔄 Identity reset
[11:13:32] 🔄 Identity rotated (every 10 requests)
[11:13:33] [362/445] VLRA
[11:13:34] [363/445] SHKR
[11:13:34] [364/445] SBKD
[11:13:35] [365/445] SAAD
[11:13:36] [366/445] JTGN
[11:13:37] [367/445] SLAM
[11:13:38] [368/445] VTPM
[11:13:39] [369/445] ANPT
[11:13:40] [370/445] PUNB
[11:13:41] [371/445] CPKT
[11:13:42] 🔄 Identity reset
[11:13:42] 🔄 Identity rotated (every 10 requests)
[11:13:42] [372/445] CNWE
[11:13:44] [373/445] ECPP
[11:13:45] [374/445] CPAR
[11:13:45] [375/445] ESBW
[11:13:46] [376/445] PKPU
[11:13:47] [377/445] CPRP
[11:13:48] [378/445] RAHU
[11:13:49] [379/445] RHMN
[11:13:50] [380/445] FMJP
[11:13:51] [381/445] CTMP
[11:13:52] 🔄 Identity reset
[11:13:52] 🔄 Identity rotated (every 10 requests)
[11:13:52] [382/445] INPN
[11:13:53] [383/445] STTG
[11:13:54] [384/445] CTRD
[11:13:55] [385/445] PUVB
[11:13:56] [386/445] ESVP
[11:13:57] [387/445] CPFT
[11:13:58] [388/445] LCPC
[11:13:59] [389/445] VBCT
[11:14:00] [390/445] FSCW
[11:14:01] [391/445] VCMP
[11:14:02] 🔄 Identity reset
[11:14:02] 🔄 Identity rotated (every 10 requests)
[11:14:02] [392/445] ASHC
[11:14:03] [393/445] VLCX
[11:14:04] [394/445] SHEV
[11:14:05] [395/445] APCO
[11:14:06] [396/445] SILC
[11:14:07] [397/445] SNMR
[11:14:08] [398/445] KYBO
[11:14:09] [399/445] SATK
[11:14:10] [400/445] SSCS
[11:14:11] [401/445] CLSB
[11:14:12] 🔄 Identity reset
[11:14:12] 🔄 Identity rotated (every 10 requests)
[11:14:12] [402/445] KMJR
[11:14:14] [403/445] FSCK
[11:14:15] [404/445] NNKA
[11:14:16] [405/445] CLMK
[11:14:17] [406/445] DMPZ
[11:14:18] [407/445] INQM
[11:14:19] [408/445] CAML
[11:14:20] [409/445] INRK
[11:14:21] [410/445] IMKN
[11:14:22] [411/445] SVNR
[11:14:23] 🔄 Identity reset
[11:14:23] 🔄 Identity rotated (every 10 requests)
[11:14:23] [412/445] INSL
[11:14:24] [413/445] MSMA
[11:14:25] [414/445] MCKK
[11:14:26] [415/445] FCHP
[11:14:27] [416/445] SFCR
[11:14:28] [417/445] NACK
[11:14:29] [418/445] PVAK
[11:14:30] [419/445] INER
[11:14:31] [420/445] RDBK
[11:14:31] [421/445] SVFN
[11:14:32] 🔄 Identity reset
[11:14:32] 🔄 Identity rotated (every 10 requests)
[11:14:32] 🔄 Retry 1/5 for SVFN in 2.2s
[11:14:32] 🔄 Identity reset
[11:14:34] 🧠 New identity created
[11:14:35] [422/445] IFRM
[11:14:37] [423/445] ATCK
[11:14:37] [424/445] ASKO
[11:14:39] [425/445] STKT
[11:14:40] [426/445] SVFB
[11:14:41] [427/445] INKS
[11:14:42] [428/445] PCRA
[11:14:43] [429/445] ATJA
[11:14:44] [430/445] IMJN
[11:14:45] 🔄 Identity reset
[11:14:45] 🔄 Identity rotated (every 10 requests)
[11:14:45] [431/445] INHD
[11:14:46] [432/445] BARA
[11:14:47] [433/445] MCSL
[11:14:48] [434/445] RTOY
[11:14:49] [435/445] MENO
[11:14:50] [436/445] PUDM
[11:14:51] [437/445] PRCN
[11:14:52] [438/445] JMJR
[11:14:53] [439/445] SSGK
[11:14:54] [440/445] SSRL
[11:14:54] 🔄 Identity reset
[11:14:54] 🔄 Identity rotated (every 10 requests)
[11:14:55] [441/445] JYKL
[11:14:56] [442/445] ACNB
[11:14:57] [443/445] SONP
[11:14:57] [444/445] EMCI
[11:14:58] [445/445] MRJH
[11:14:59] ✅ DONE | Shows=1486 | Movies=60
[12:03:12] 🚀 BMS DAILY TRACKER STARTED (enhanced anti‑detection)
[12:03:12] [1/445] TGMR
[12:03:12] 🧠 New identity created
[12:03:12] [2/445] CXKR
[12:03:13] [3/445] SROP
[12:03:14] [4/445] GTSV
[12:03:15] [5/445] SNTY
[12:03:15] [6/445] SMYY
[12:03:16] [7/445] CNCS
[12:03:17] [8/445] CSTM
[12:03:17] [9/445] NUCD
[12:03:18] [10/445] SHCZ
[12:03:19] 🔄 Identity reset
[12:03:19] 🔄 Identity rotated (every 10 requests)
[12:03:19] [11/445] NJCT
[12:03:20] [12/445] COPC
[12:03:21] [13/445] STVV
[12:03:21] [14/445] SKRN
[12:03:22] [15/445] APPZ
[12:03:23] [16/445] YMGN
[12:03:24] [17/445] SVTU
[12:03:25] [18/445] GTAD
[12:03:25] [19/445] PSUS
[12:03:26] [20/445] SMCD
[12:03:26] 🔄 Identity reset
[12:03:26] 🔄 Identity rotated (every 10 requests)
[12:03:27] 🔄 Retry 1/5 for SMCD in 2.5s
[12:03:27] 🔄 Identity reset
[12:03:29] 🧠 New identity created
[12:03:29] 🔄 Retry 2/5 for SMCD in 4.5s
[12:03:29] 🔄 Identity reset
[12:03:34] 🧠 New identity created
[12:03:34] [21/445] CMCM
[12:03:35] [22/445] SYCT
[12:03:35] [23/445] STLY
[12:03:36] [24/445] CMHU
[12:03:37] [25/445] CMSA
[12:03:37] [26/445] CLCU
[12:03:38] [27/445] PPNT
[12:03:38] [28/445] JTAB
[12:03:39] 🔄 Identity reset
[12:03:39] 🔄 Identity rotated (every 10 requests)
[12:03:39] 🔄 Retry 1/5 for JTAB in 2.1s
[12:03:39] 🔄 Identity reset
[12:03:41] 🧠 New identity created
[12:03:41] 🔄 Retry 2/5 for JTAB in 4.7s
[12:03:41] 🔄 Identity reset
[12:03:46] 🧠 New identity created
[12:03:46] 🔄 Retry 3/5 for JTAB in 8.0s
[12:03:46] 🔄 Identity reset
[12:03:54] 🧠 New identity created
[12:03:54] 🔄 Retry 4/5 for JTAB in 16.3s
[12:03:54] 🔄 Identity reset
[12:04:11] 🧠 New identity created
[12:04:11] ❌ JTAB failed after 5 attempts
[12:04:11] 🔄 Identity reset
[12:04:11] ❌ JTAB final failure | RuntimeError | HTTP 403
[12:04:11] [29/445] BUUC
[12:04:11] 🧠 New identity created
[12:04:12] 🔄 Retry 1/5 for BUUC in 2.2s
[12:04:12] 🔄 Identity reset
[12:04:14] 🧠 New identity created
[12:04:14] 🔄 Retry 2/5 for BUUC in 4.3s
[12:04:14] 🔄 Identity reset
[12:04:18] 🧠 New identity created
[12:04:18] 🔄 Retry 3/5 for BUUC in 8.8s
[12:04:18] 🔄 Identity reset
[12:04:27] 🧠 New identity created
[12:04:27] 🔄 Retry 4/5 for BUUC in 16.2s
[12:04:27] 🔄 Identity reset
[12:04:43] 🧠 New identity created
[12:04:43] ❌ BUUC failed after 5 attempts
[12:04:43] 🔄 Identity reset
[12:04:43] ❌ BUUC final failure | RuntimeError | HTTP 403
[12:04:43] [30/445] BSVK
[12:04:44] 🧠 New identity created
[12:04:44] 🔄 Identity reset
[12:04:44] 🔄 Identity rotated (every 10 requests)
[12:04:44] 🔄 Retry 1/5 for BSVK in 2.1s
[12:04:44] 🔄 Identity reset
[12:04:46] 🧠 New identity created
[12:04:47] 🔄 Retry 2/5 for BSVK in 4.5s
[12:04:47] 🔄 Identity reset
[12:04:51] 🧠 New identity created
[12:04:51] 🔄 Retry 3/5 for BSVK in 8.3s
[12:04:51] 🔄 Identity reset
[12:04:59] 🧠 New identity created
[12:04:59] 🔄 Retry 4/5 for BSVK in 16.0s
[12:04:59] 🔄 Identity reset
[12:05:15] 🧠 New identity created
[12:05:16] ❌ BSVK failed after 5 attempts
[12:05:16] 🔄 Identity reset
[12:05:16] ❌ BSVK final failure | RuntimeError | HTTP 403
[12:05:16] [31/445] VVVQ
[12:05:17] 🧠 New identity created
[12:05:17] 🔄 Retry 1/5 for VVVQ in 2.2s
[12:05:17] 🔄 Identity reset
[12:05:19] 🧠 New identity created
[12:05:19] [32/445] TKMU
[12:05:20] [33/445] ESYL
[12:05:21] [34/445] ACHP
[12:05:21] [35/445] BTKD
[12:05:22] 🔄 Identity reset
[12:05:22] 🔄 Identity rotated (every 10 requests)
[12:05:22] 🔄 Retry 1/5 for BTKD in 2.8s
[12:05:22] 🔄 Identity reset
[12:05:25] 🧠 New identity created
[12:05:25] 🔄 Retry 2/5 for BTKD in 4.6s
[12:05:25] 🔄 Identity reset
[12:05:30] 🧠 New identity created
[12:05:30] [36/445] DESA
[12:05:30] [37/445] GBCT
[12:05:31] [38/445] BLLD
[12:05:32] [39/445] SKNT
[12:05:33] [40/445] SSTE
[12:05:34] [41/445] VJMR
[12:05:35] [42/445] NTPU
[12:05:35] [43/445] RDKN
[12:05:36] 🔄 Identity reset
[12:05:36] 🔄 Identity rotated (every 10 requests)
[12:05:36] 🔄 Retry 1/5 for RDKN in 2.6s
[12:05:36] 🔄 Identity reset
[12:05:39] 🧠 New identity created
[12:05:39] [44/445] ADGC
[12:05:40] [45/445] VRBP
[12:05:40] [46/445] NMNA
[12:05:41] [47/445] CMMX
[12:05:42] [48/445] PTKO
[12:05:42] [49/445] RBML
[12:05:43] [50/445] SAIC
[12:05:44] [51/445] SVTJ
[12:05:45] [52/445] MRTE
[12:05:45] 🔄 Identity reset
[12:05:45] 🔄 Identity rotated (every 10 requests)
[12:05:46] [53/445] RBTP
[12:05:46] [54/445] NLPS
[12:05:47] [55/445] GTNA
[12:05:48] [56/445] DGGC
[12:05:49] [57/445] SMCR
[12:05:49] [58/445] SCGD
[12:05:50] [59/445] SRRJ
[12:05:51] [60/445] CNRY
[12:05:52] [61/445] KTDI
[12:05:52] [62/445] SNJL
[12:05:53] 🔄 Identity reset
[12:05:53] 🔄 Identity rotated (every 10 requests)
[12:05:53] 🔄 Retry 1/5 for SNJL in 2.1s
[12:05:53] 🔄 Identity reset
[12:05:55] 🧠 New identity created
[12:05:55] 🔄 Retry 2/5 for SNJL in 4.1s
[12:05:55] 🔄 Identity reset
[12:05:59] 🧠 New identity created
[12:05:59] 🔄 Retry 3/5 for SNJL in 8.9s
[12:05:59] 🔄 Identity reset
[12:06:08] 🧠 New identity created
[12:06:08] 🔄 Retry 4/5 for SNJL in 16.7s
[12:06:08] 🔄 Identity reset
[12:06:25] 🧠 New identity created
[12:06:25] [63/445] RKMD
[12:06:26] [64/445] SMDC
[12:06:27] [65/445] TADG
[12:06:27] [66/445] MCGS
[12:06:28] [67/445] PETK
[12:06:29] [68/445] CHAG
[12:06:29] 🔄 Identity reset
[12:06:29] 🔄 Identity rotated (every 10 requests)
[12:06:29] 🔄 Retry 1/5 for CHAG in 2.6s
[12:06:29] 🔄 Identity reset
[12:06:32] 🧠 New identity created
[12:06:32] [69/445] KSTL
[12:06:33] [70/445] AADS
[12:06:34] [71/445] NTHZ
[12:06:35] [72/445] HCKI
[12:06:36] [73/445] SSEF
[12:06:36] [74/445] MCGX
[12:06:37] [75/445] ERRA
[12:06:37] [76/445] SDTW
[12:06:38] [77/445] RMPK
[12:06:39] 🔄 Identity reset
[12:06:39] 🔄 Identity rotated (every 10 requests)
[12:06:39] [78/445] PTHK
[12:06:40] [79/445] PXCS
[12:06:41] [80/445] SVLU
[12:06:42] [81/445] STAH
[12:06:43] [82/445] JRGF
[12:06:43] [83/445] CDOK
[12:06:44] [84/445] CMSG
[12:06:45] [85/445] APTD
[12:06:45] [86/445] KMPG
[12:06:46] [87/445] MUTJ
[12:06:47] 🔄 Identity reset
[12:06:47] 🔄 Identity rotated (every 10 requests)
[12:06:47] [88/445] VCCI
[12:06:48] [89/445] URBE
[12:06:48] [90/445] TCTS
[12:06:49] [91/445] STSN
[12:06:50] [92/445] AKCH
[12:06:51] [93/445] APSC
[12:06:51] [94/445] VLTB
[12:06:52] [95/445] SANU
[12:06:53] [96/445] AXAM
[12:06:54] [97/445] MGMG
[12:06:54] 🔄 Identity reset
[12:06:54] 🔄 Identity rotated (every 10 requests)
[12:06:54] 🔄 Retry 1/5 for MGMG in 2.1s
[12:06:54] 🔄 Identity reset
[12:06:56] 🧠 New identity created
[12:06:57] [98/445] HTBY
[12:06:57] [99/445] MMZS
[12:06:58] [100/445] SUDR
[12:06:59] [101/445] CCAD
[12:06:59] [102/445] SKKC
[12:07:00] [103/445] RMCD
[12:07:01] [104/445] SBCQ
[12:07:02] [105/445] DCCT
[12:07:03] [106/445] VTKP
[12:07:03] 🔄 Identity reset
[12:07:03] 🔄 Identity rotated (every 10 requests)
[12:07:03] 🔄 Retry 1/5 for VTKP in 2.0s
[12:07:03] 🔄 Identity reset
[12:07:05] 🧠 New identity created
[12:07:05] 🔄 Retry 2/5 for VTKP in 4.2s
[12:07:05] 🔄 Identity reset
[12:07:10] 🧠 New identity created
[12:07:10] 🔄 Retry 3/5 for VTKP in 8.6s
[12:07:10] 🔄 Identity reset
[12:07:18] 🧠 New identity created
[12:07:18] [107/445] MLAM
[12:07:19] [108/445] SAVT
[12:07:20] [109/445] GEPL
[12:07:20] [110/445] AMCD
[12:07:21] [111/445] CCXR
[12:07:22] [112/445] GRNG
[12:07:22] [113/445] EBCA
[12:07:23] 🔄 Identity reset
[12:07:23] 🔄 Identity rotated (every 10 requests)
[12:07:23] [114/445] CNVG
[12:07:24] [115/445] MWSS
[12:07:25] [116/445] VBOR
[12:07:25] [117/445] NEEB
[12:07:26] [118/445] SUTH
[12:07:27] [119/445] ANDB
[12:07:28] [120/445] MMXS
[12:07:28] [121/445] CNPD
[12:07:29] [122/445] SDCE
[12:07:30] [123/445] DHCB
[12:07:31] 🔄 Identity reset
[12:07:31] 🔄 Identity rotated (every 10 requests)
[12:07:31] [124/445] ODEN
[12:07:32] [125/445] TNTC
[12:07:32] [126/445] VBKM
[12:07:33] [127/445] RZYM
[12:07:34] [128/445] JEMC
[12:07:35] [129/445] CMAU
[12:07:35] [130/445] SIVP
[12:07:36] [131/445] ATAG
[12:07:37] [132/445] CHTM
[12:07:37] [133/445] AAEE
[12:07:38] 🔄 Identity reset
[12:07:38] 🔄 Identity rotated (every 10 requests)
[12:07:38] [134/445] IWPM
[12:07:39] [135/445] KCMW
[12:07:40] [136/445] MCTD
[12:07:41] [137/445] SPWR
[12:07:41] [138/445] SDPO
[12:07:42] [139/445] PCSK
[12:07:43] [140/445] ACHV
[12:07:43] [141/445] SVLA
[12:07:44] [142/445] PICT
[12:07:45] [143/445] BXDR
[12:07:45] 🔄 Identity reset
[12:07:45] 🔄 Identity rotated (every 10 requests)
[12:07:45] [144/445] SPWA
[12:07:46] [145/445] MCKO
[12:07:47] [146/445] RTHK
[12:07:48] [147/445] CCMF
[12:07:48] [148/445] MRGB
[12:07:49] [149/445] CPLC
[12:07:50] [150/445] RACD
[12:07:51] [151/445] ATKT
[12:07:51] [152/445] SARN
[12:07:52] [153/445] KKUI
[12:07:53] 🔄 Identity reset
[12:07:53] 🔄 Identity rotated (every 10 requests)
[12:07:53] [154/445] RGCM
[12:07:54] [155/445] BRVP
[12:07:54] [156/445] HRSR
[12:07:55] [157/445] GKGM
[12:07:56] [158/445] TTCD
[12:07:57] [159/445] PTTI
[12:07:57] [160/445] MPTT
[12:07:58] [161/445] CVTT
[12:07:59] [162/445] PCXD
[12:07:59] [163/445] GCDC
[12:08:00] 🔄 Identity reset
[12:08:00] 🔄 Identity rotated (every 10 requests)
[12:08:00] [164/445] CCCF
[12:08:01] [165/445] MRAD
[12:08:01] [166/445] CPLK
[12:08:02] [167/445] SATB
[12:08:04] [168/445] SNVG
[12:08:04] [169/445] JMBA
[12:08:05] [170/445] TEJA
[12:08:06] [171/445] STYO
[12:08:07] [172/445] JTBP
[12:08:08] [173/445] KRGD
[12:08:08] 🔄 Identity reset
[12:08:08] 🔄 Identity rotated (every 10 requests)
[12:08:08] [174/445] SLJJ
[12:08:09] [175/445] SPTJ
[12:08:10] [176/445] SWJG
[12:08:11] [177/445] LKRT
[12:08:12] [178/445] KCKA
[12:08:13] [179/445] SNCR
[12:08:13] [180/445] SMKL
[12:08:14] [181/445] GCFA
[12:08:15] [182/445] DDCK
[12:08:15] [183/445] NCHJ
[12:08:16] 🔄 Identity reset
[12:08:16] 🔄 Identity rotated (every 10 requests)
[12:08:16] [184/445] RDMA
[12:08:17] [185/445] SVSV
[12:08:17] [186/445] SCJG
[12:08:18] [187/445] VKLP
[12:08:19] [188/445] NWCC
[12:08:19] [189/445] VKNS
[12:08:20] [190/445] SDDP
[12:08:21] [191/445] ACSI
[12:08:22] [192/445] SATG
[12:08:22] [193/445] SCMW
[12:08:23] 🔄 Identity reset
[12:08:23] 🔄 Identity rotated (every 10 requests)
[12:08:23] [194/445] LKTK
[12:08:24] [195/445] VCKV
[12:08:24] [196/445] KKPE
[12:08:25] [197/445] KIGH
[12:08:26] [198/445] SRPM
[12:08:26] [199/445] SCAH
[12:08:27] [200/445] MUTA
[12:08:28] [201/445] SEPU
[12:08:28] [202/445] INOA
[12:08:29] [203/445] BASK
[12:08:30] 🔄 Identity reset
[12:08:30] 🔄 Identity rotated (every 10 requests)
[12:08:30] 🔄 Retry 1/5 for BASK in 2.9s
[12:08:30] 🔄 Identity reset
[12:08:33] 🧠 New identity created
[12:08:33] [204/445] NECB
[12:08:34] [205/445] GTTG
[12:08:34] [206/445] ASSA
[12:08:35] [207/445] ANCL
[12:08:36] [208/445] GCTI
[12:08:36] [209/445] RCTS
[12:08:37] [210/445] ACNL
[12:08:38] [211/445] MYCT
[12:08:39] [212/445] NMHT
[12:08:39] 🔄 Identity reset
[12:08:39] 🔄 Identity rotated (every 10 requests)
[12:08:39] [213/445] MDIT
[12:08:40] [214/445] LATG
[12:08:41] [215/445] SMTY
[12:08:42] [216/445] CVCT
[12:08:42] [217/445] RAMB
[12:08:43] [218/445] TGMS
[12:08:44] [219/445] BHEL
[12:08:45] [220/445] SHCT
[12:08:46] [221/445] SVCT
[12:08:47] [222/445] MRIY
[12:08:47] 🔄 Identity reset
[12:08:47] 🔄 Identity rotated (every 10 requests)
[12:08:47] 🔄 Retry 1/5 for MRIY in 2.3s
[12:08:47] 🔄 Identity reset
[12:08:50] 🧠 New identity created
[12:08:50] [223/445] SARO
[12:08:51] [224/445] STCT
[12:08:51] [225/445] JKKC
[12:08:52] [226/445] PLTT
[12:08:53] [227/445] SRNT
[12:08:53] [228/445] YAST
[12:08:54] [229/445] PERL
[12:08:55] [230/445] CICM
[12:08:56] [231/445] MMTR
[12:08:56] 🔄 Identity reset
[12:08:56] 🔄 Identity rotated (every 10 requests)
[12:08:56] [232/445] ABTK
[12:08:57] [233/445] ATYY
[12:08:58] [234/445] ASTK
[12:08:59] [235/445] VVCK
[12:09:00] [236/445] ATKY
[12:09:00] [237/445] GWEK
[12:09:01] [238/445] SVFH
[12:09:02] [239/445] SLTA
[12:09:03] [240/445] AASH
[12:09:03] [241/445] ACXB
[12:09:04] 🔄 Identity reset
[12:09:04] 🔄 Identity rotated (every 10 requests)
[12:09:04] 🔄 Retry 1/5 for ACXB in 2.8s
[12:09:04] 🔄 Identity reset
[12:09:07] 🧠 New identity created
[12:09:07] 🔄 Retry 2/5 for ACXB in 4.1s
[12:09:07] 🔄 Identity reset
[12:09:11] 🧠 New identity created
[12:09:11] 🔄 Retry 3/5 for ACXB in 8.5s
[12:09:11] 🔄 Identity reset
[12:09:19] 🧠 New identity created
[12:09:19] 🔄 Retry 4/5 for ACXB in 16.8s
[12:09:19] 🔄 Identity reset
[12:09:36] 🧠 New identity created
[12:09:36] ❌ ACXB failed after 5 attempts
[12:09:36] 🔄 Identity reset
[12:09:36] ❌ ACXB final failure | RuntimeError | HTTP 403
[12:09:36] [242/445] SMTX
[12:09:37] 🧠 New identity created
[12:09:37] [243/445] AZDH
[12:09:39] [244/445] CMMH
[12:09:40] [245/445] SCSZ
[12:09:40] [246/445] SCKP
[12:09:41] [247/445] NXTM
[12:09:42] 🔄 Identity reset
[12:09:42] 🔄 Identity rotated (every 10 requests)
[12:09:42] 🔄 Retry 1/5 for NXTM in 2.2s
[12:09:42] 🔄 Identity reset
[12:09:44] 🧠 New identity created
[12:09:45] [248/445] NWCS
[12:09:45] [249/445] CXMH
[12:09:46] [250/445] PCMA
[12:09:47] [251/445] SGCM
[12:09:48] [252/445] SDTU
[12:09:49] [253/445] MMVI
[12:09:50] [254/445] JKCM
[12:09:51] [255/445] VCMM
[12:09:52] [256/445] SYEE
[12:09:53] 🔄 Identity reset
[12:09:53] 🔄 Identity rotated (every 10 requests)
[12:09:53] [257/445] VASD
[12:09:54] [258/445] BDRB
[12:09:55] [259/445] LASM
[12:09:56] [260/445] DCRL
[12:09:57] [261/445] DVPM
[12:09:58] [262/445] SBMJ
[12:09:58] [263/445] CBMU
[12:09:59] [264/445] IUBS
[12:10:00] [265/445] INAP
[12:10:01] [266/445] SRRC
[12:10:01] 🔄 Identity reset
[12:10:01] 🔄 Identity rotated (every 10 requests)
[12:10:02] [267/445] SAGR
[12:10:03] [268/445] CPMJ
[12:10:03] [269/445] ATJL
[12:10:04] [270/445] NNTD
[12:10:05] [271/445] JHCJ
[12:10:06] [272/445] CMMP
[12:10:07] [273/445] RSDR
[12:10:08] [274/445] AMTI
[12:10:09] [275/445] NYSG
[12:10:10] [276/445] AVSG
[12:10:10] 🔄 Identity reset
[12:10:10] 🔄 Identity rotated (every 10 requests)
[12:10:11] [277/445] SYTP
[12:10:12] [278/445] LARC
[12:10:13] [279/445] RJTP
[12:10:14] [280/445] LAKC
[12:10:15] [281/445] MCXE
[12:10:16] [282/445] CCZC
[12:10:17] [283/445] AVCH
[12:10:18] [284/445] CMBE
[12:10:19] [285/445] MRRC
[12:10:19] [286/445] PCPY
[12:10:20] 🔄 Identity reset
[12:10:20] 🔄 Identity rotated (every 10 requests)
[12:10:20] [287/445] SRMH
[12:10:21] [288/445] SVGS
[12:10:22] [289/445] PCSE
[12:10:23] [290/445] SVFT
[12:10:24] [291/445] TNZP
[12:10:25] [292/445] ICTP
[12:10:26] [293/445] ACTZ
[12:10:27] [294/445] GTUR
[12:10:28] [295/445] MAFC
[12:10:28] [296/445] MINL
[12:10:29] 🔄 Identity reset
[12:10:29] 🔄 Identity rotated (every 10 requests)
[12:10:30] [297/445] MRCL
[12:10:30] [298/445] RCRP
[12:10:31] [299/445] RFFG
[12:10:32] [300/445] RMAS
[12:10:33] [301/445] INVR
[12:10:35] [302/445] RMAR
[12:10:35] [303/445] CNIS
[12:10:36] [304/445] RHRJ
[12:10:37] [305/445] INXR
[12:10:38] [306/445] VALT
[12:10:39] 🔄 Identity reset
[12:10:39] 🔄 Identity rotated (every 10 requests)
[12:10:39] [307/445] LCSH
[12:10:41] [308/445] CMVS
[12:10:42] [309/445] CNMS
[12:10:43] [310/445] ROOG
[12:10:43] [311/445] ISRM
[12:10:44] [312/445] RCRM
[12:10:45] [313/445] ACJA
[12:10:46] [314/445] RCVS
[12:10:47] [315/445] CPUS
[12:10:48] [316/445] TGCS
[12:10:49] 🔄 Identity reset
[12:10:49] 🔄 Identity rotated (every 10 requests)
[12:10:49] [317/445] RKCJ
[12:10:50] [318/445] MKSB
[12:10:50] [319/445] TCSJ
[12:10:51] [320/445] RMGP
[12:10:52] [321/445] CLLP
[12:10:54] [322/445] RCMV
[12:10:55] [323/445] CCKS
[12:10:56] [324/445] RSRP
[12:10:56] [325/445] APLP
[12:10:57] [326/445] CNVS
[12:10:58] 🔄 Identity reset
[12:10:58] 🔄 Identity rotated (every 10 requests)
[12:10:58] [327/445] RMVY
[12:10:59] [328/445] PGBD
[12:11:00] [329/445] KLMS
[12:11:01] [330/445] RUST
[12:11:02] [331/445] MASM
[12:11:03] [332/445] BACS
[12:11:04] [333/445] BWST
[12:11:05] [334/445] RRFH
[12:11:06] [335/445] SJTM
[12:11:07] [336/445] BEMR
[12:11:07] 🔄 Identity reset
[12:11:07] 🔄 Identity rotated (every 10 requests)
[12:11:08] [337/445] MCGR
[12:11:10] [338/445] SDSK
[12:11:11] [339/445] VBOL
[12:11:12] [340/445] RMGM
[12:11:12] [341/445] NOPL
[12:11:13] [342/445] MKJK
[12:11:14] [343/445] CVRN
[12:11:15] [344/445] MMEN
[12:11:16] [345/445] AMNG
[12:11:17] [346/445] INTM
[12:11:17] 🔄 Identity reset
[12:11:18] 🔄 Identity rotated (every 10 requests)
[12:11:18] [347/445] SLCZ
[12:11:19] [348/445] AMJN
[12:11:20] [349/445] ACJN
[12:11:20] [350/445] AMKN
[12:11:21] [351/445] BTCN
[12:11:22] [352/445] AMBT
[12:11:23] [353/445] PACN
[12:11:24] [354/445] LCNS
[12:11:25] [355/445] PPKC
[12:11:26] [356/445] JYYN
[12:11:26] 🔄 Identity reset
[12:11:26] 🔄 Identity rotated (every 10 requests)
[12:11:27] [357/445] JTNR
[12:11:28] [358/445] GTEE
[12:11:29] [359/445] SRNM
[12:11:30] [360/445] SDTC
[12:11:31] [361/445] VPCA
[12:11:31] [362/445] VLRA
[12:11:32] [363/445] SHKR
[12:11:33] [364/445] SBKD
[12:11:34] [365/445] SAAD
[12:11:35] [366/445] JTGN
[12:11:36] 🔄 Identity reset
[12:11:36] 🔄 Identity rotated (every 10 requests)
[12:11:36] [367/445] SLAM
[12:11:37] [368/445] VTPM
[12:11:38] [369/445] ANPT
[12:11:38] [370/445] PUNB
[12:11:39] [371/445] CPKT
[12:11:40] [372/445] CNWE
[12:11:41] [373/445] ECPP
[12:11:42] [374/445] CPAR
[12:11:43] [375/445] ESBW
[12:11:44] [376/445] PKPU
[12:11:44] 🔄 Identity reset
[12:11:44] 🔄 Identity rotated (every 10 requests)
[12:11:45] [377/445] CPRP
[12:11:45] [378/445] RAHU
[12:11:47] [379/445] RHMN
[12:11:48] [380/445] FMJP
[12:11:49] [381/445] CTMP
[12:11:50] [382/445] INPN
[12:11:51] [383/445] STTG
[12:11:52] [384/445] CTRD
[12:11:53] [385/445] PUVB
[12:11:54] [386/445] ESVP
[12:11:54] 🔄 Identity reset
[12:11:54] 🔄 Identity rotated (every 10 requests)
[12:11:54] 🔄 Retry 1/5 for ESVP in 2.6s
[12:11:54] 🔄 Identity reset
[12:11:57] 🧠 New identity created
[12:11:57] [387/445] CPFT
[12:11:58] [388/445] LCPC
[12:12:00] [389/445] VBCT
[12:12:01] [390/445] FSCW
[12:12:02] [391/445] VCMP
[12:12:03] [392/445] ASHC
[12:12:04] [393/445] VLCX
[12:12:04] [394/445] SHEV
[12:12:05] [395/445] APCO
[12:12:06] 🔄 Identity reset
[12:12:06] 🔄 Identity rotated (every 10 requests)
[12:12:06] [396/445] SILC
[12:12:07] [397/445] SNMR
[12:12:08] [398/445] KYBO
[12:12:10] [399/445] SATK
[12:12:11] [400/445] SSCS
[12:12:11] [401/445] CLSB
[12:12:12] [402/445] KMJR
[12:12:13] [403/445] FSCK
[12:12:14] [404/445] NNKA
[12:12:15] [405/445] CLMK
[12:12:16] 🔄 Identity reset
[12:12:16] 🔄 Identity rotated (every 10 requests)
[12:12:16] [406/445] DMPZ
[12:12:17] [407/445] INQM
[12:12:18] [408/445] CAML
[12:12:19] [409/445] INRK
[12:12:20] [410/445] IMKN
[12:12:21] [411/445] SVNR
[12:12:22] [412/445] INSL
[12:12:23] [413/445] MSMA
[12:12:24] [414/445] MCKK
[12:12:25] [415/445] FCHP
[12:12:25] 🔄 Identity reset
[12:12:25] 🔄 Identity rotated (every 10 requests)
[12:12:26] [416/445] SFCR
[12:12:27] [417/445] NACK
[12:12:28] [418/445] PVAK
[12:12:28] [419/445] INER
[12:12:29] [420/445] RDBK
[12:12:30] [421/445] SVFN
[12:12:31] [422/445] IFRM
[12:12:32] [423/445] ATCK
[12:12:33] [424/445] ASKO
[12:12:34] [425/445] STKT
[12:12:34] 🔄 Identity reset
[12:12:34] 🔄 Identity rotated (every 10 requests)
[12:12:35] [426/445] SVFB
[12:12:36] [427/445] INKS
[12:12:37] [428/445] PCRA
[12:12:38] [429/445] ATJA
[12:12:39] [430/445] IMJN
[12:12:40] [431/445] INHD
[12:12:41] [432/445] BARA
[12:12:42] [433/445] MCSL
[12:12:44] [434/445] RTOY
[12:12:45] [435/445] MENO
[12:12:45] 🔄 Identity reset
[12:12:45] 🔄 Identity rotated (every 10 requests)
[12:12:46] [436/445] PUDM
[12:12:47] [437/445] PRCN
[12:12:48] [438/445] JMJR
[12:12:49] [439/445] SSGK
[12:12:49] [440/445] SSRL
[12:12:50] [441/445] JYKL
[12:12:51] [442/445] ACNB
[12:12:52] [443/445] SONP
[12:12:53] [444/445] EMCI
[12:12:54] [445/445] MRJH
[12:12:54] 🔄 Identity reset
[12:12:55] 🔄 Identity rotated (every 10 requests)
[12:12:55] 🔁 RETRY ROUND 1 | Remaining: 4
[12:12:55] [RETRY-1] BUUC
[12:12:58] [RETRY-1] ACXB
[12:13:00] [RETRY-1] JTAB
[12:13:02] [RETRY-1] BSVK
[12:13:06] ✅ DONE | Shows=1817 | Movies=63
