[00:13:25] 🚀 BMS DAILY TRACKER STARTED (enhanced anti‑detection)
[00:13:25] [1/458] MBDC
[00:13:25] 🧠 New identity created
[00:13:26] [2/458] CHKM
[00:13:27] [3/458] JTKZ
[00:13:29] [4/458] CMCT
[00:13:30] [5/458] ASHO
[00:13:31] [6/458] ECDG
[00:13:32] [7/458] SPAT
[00:13:33] [8/458] HILC
[00:13:34] [9/458] SPPH
[00:13:34] [10/458] SBHN
[00:13:35] 🔄 Identity reset
[00:13:35] 🔄 Identity rotated (every 10 requests)
[00:13:35] [11/458] RRCA
[00:13:36] [12/458] APAA
[00:13:37] [13/458] RAME
[00:13:38] [14/458] TMMS
[00:13:39] [15/458] BATK
[00:13:40] [16/458] LKOP
[00:13:42] [17/458] AMTT
[00:13:43] [18/458] PTGK
[00:13:44] [19/458] ANRS
[00:13:44] [20/458] VWBW
[00:13:45] 🔄 Identity reset
[00:13:45] 🔄 Identity rotated (every 10 requests)
[00:13:45] [21/458] SVFG
[00:13:46] [22/458] STAT
[00:13:47] [23/458] GDCV
[00:13:48] [24/458] VEBI
[00:13:49] [25/458] VDSS
[00:13:50] [26/458] NTHV
[00:13:51] [27/458] AOCH
[00:13:52] [28/458] KASR
[00:13:53] [29/458] AYCS
[00:13:54] [30/458] SHAI
[00:13:55] 🔄 Identity reset
[00:13:55] 🔄 Identity rotated (every 10 requests)
[00:13:55] [31/458] SKPE
[00:13:57] [32/458] SBTA
[00:13:58] [33/458] RTTD
[00:13:59] [34/458] CCJD
[00:14:00] [35/458] RSJJ
[00:14:00] [36/458] RKND
[00:14:01] [37/458] SVTX
[00:14:02] [38/458] BAKM
[00:14:03] [39/458] SVDC
[00:14:04] [40/458] MNCV
[00:14:05] 🔄 Identity reset
[00:14:05] 🔄 Identity rotated (every 10 requests)
[00:14:06] [41/458] SJGC
[00:14:06] [42/458] MTPK
[00:14:07] [43/458] GATP
[00:14:08] [44/458] ABTS
[00:14:09] [45/458] ABDE
[00:14:10] [46/458] RCNM
[00:14:11] [47/458] KTHV
[00:14:12] [48/458] MDGJ
[00:14:13] [49/458] SMLM
[00:14:14] [50/458] JTMA
[00:14:14] 🔄 Identity reset
[00:14:14] 🔄 Identity rotated (every 10 requests)
[00:14:15] [51/458] ACKP
[00:14:16] [52/458] SRTA
[00:14:16] [53/458] STAY
[00:14:17] [54/458] MAVO
[00:14:18] [55/458] APTS
[00:14:19] [56/458] OMEA
[00:14:20] [57/458] TTFD
[00:14:21] [58/458] MJCU
[00:14:22] [59/458] CXTE
[00:14:23] [60/458] CTPX
[00:14:24] 🔄 Identity reset
[00:14:24] 🔄 Identity rotated (every 10 requests)
[00:14:24] [61/458] ASSL
[00:14:25] [62/458] CMVB
[00:14:26] [63/458] VPUR
[00:14:26] [64/458] JJDA
[00:14:27] [65/458] INBL
[00:14:28] [66/458] BIKB
[00:14:29] [67/458] NTBB
[00:14:30] [68/458] GLOB
[00:14:31] [69/458] SNTB
[00:14:32] [70/458] CHGV
[00:14:32] 🔄 Identity reset
[00:14:32] 🔄 Identity rotated (every 10 requests)
[00:14:33] [71/458] SSBZ
[00:14:34] [72/458] PRDB
[00:14:35] [73/458] ISMT
[00:14:35] [74/458] MCSD
[00:14:36] [75/458] JBTT
[00:14:37] [76/458] GEKR
[00:14:38] [77/458] PVUN
[00:14:39] [78/458] NRTB
[00:14:39] [79/458] PRAA
[00:14:40] [80/458] PCBL
[00:14:41] 🔄 Identity reset
[00:14:41] 🔄 Identity rotated (every 10 requests)
[00:14:41] [81/458] PTCM
[00:14:42] [82/458] KHNN
[00:14:43] [83/458] OMJE
[00:14:43] [84/458] STGN
[00:14:45] [85/458] RPMS
[00:14:46] [86/458] NWAD
[00:14:47] [87/458] BLCK
[00:14:48] [88/458] SVAA
[00:14:49] [89/458] URVM
[00:14:50] [90/458] ANTM
[00:14:50] 🔄 Identity reset
[00:14:50] 🔄 Identity rotated (every 10 requests)
[00:14:51] [91/458] VJYM
[00:14:51] [92/458] MAZZ
[00:14:52] [93/458] CSHM
[00:14:53] [94/458] WGMH
[00:14:54] [95/458] SALN
[00:14:55] [96/458] BRTP
[00:14:56] [97/458] SVTA
[00:14:57] [98/458] SBTP
[00:14:57] [99/458] VLSS
[00:14:58] [100/458] SRJA
[00:14:59] 🔄 Identity reset
[00:14:59] 🔄 Identity rotated (every 10 requests)
[00:14:59] 🔄 Retry 1/5 for SRJA in 2.4s
[00:14:59] 🔄 Identity reset
[00:15:01] 🧠 New identity created
[00:15:02] [101/458] ANCG
[00:15:03] [102/458] CGGC
[00:15:04] [103/458] CRJA
[00:15:05] [104/458] USCR
[00:15:06] [105/458] MMEF
[00:15:07] [106/458] JCRJ
[00:15:08] [107/458] ADCM
[00:15:09] [108/458] BMYK
[00:15:10] [109/458] KICS
[00:15:10] 🔄 Identity reset
[00:15:10] 🔄 Identity rotated (every 10 requests)
[00:15:11] [110/458] MBBT
[00:15:12] [111/458] MACK
[00:15:12] [112/458] CLDR
[00:15:13] [113/458] JYCR
[00:15:14] [114/458] DCRP
[00:15:15] [115/458] RAHT
[00:15:17] [116/458] CSSM
[00:15:18] [117/458] ATPK
[00:15:19] [118/458] KLRT
[00:15:20] [119/458] SRDD
[00:15:20] 🔄 Identity reset
[00:15:20] 🔄 Identity rotated (every 10 requests)
[00:15:20] [120/458] CKMC
[00:15:21] [121/458] KRVM
[00:15:22] [122/458] AKCP
[00:15:23] [123/458] CNCV
[00:15:24] [124/458] PACT
[00:15:25] [125/458] NATP
[00:15:26] [126/458] PCPK
[00:15:27] [127/458] SMHO
[00:15:28] [128/458] CWTK
[00:15:28] [129/458] RVKZ
[00:15:29] 🔄 Identity reset
[00:15:29] 🔄 Identity rotated (every 10 requests)
[00:15:29] [130/458] ASPD
[00:15:30] [131/458] VTKZ
[00:15:31] [132/458] LCSO
[00:15:32] [133/458] PRDY
[00:15:33] [134/458] RCAP
[00:15:33] [135/458] RGAR
[00:15:35] [136/458] RCAC
[00:15:35] [137/458] PMOD
[00:15:36] [138/458] PVCN
[00:15:37] [139/458] SCRZ
[00:15:38] 🔄 Identity reset
[00:15:38] 🔄 Identity rotated (every 10 requests)
[00:15:38] [140/458] PVPC
[00:15:39] [141/458] STID
[00:15:40] [142/458] NEDD
[00:15:41] [143/458] BNBA
[00:15:42] [144/458] NTCD
[00:15:43] [145/458] OCDE
[00:15:44] [146/458] CCDU
[00:15:45] [147/458] CRXH
[00:15:46] [148/458] VLVT
[00:15:47] [149/458] CICI
[00:15:47] 🔄 Identity reset
[00:15:47] 🔄 Identity rotated (every 10 requests)
[00:15:48] [150/458] SUCB
[00:15:49] [151/458] TCBP
[00:15:49] [152/458] SCCY
[00:15:50] [153/458] LXCY
[00:15:51] [154/458] NCMD
[00:15:52] [155/458] PHCS
[00:15:53] [156/458] DUXR
[00:15:54] [157/458] VNKS
[00:15:54] [158/458] SEDP
[00:15:55] [159/458] SVEN
[00:15:56] 🔄 Identity reset
[00:15:56] 🔄 Identity rotated (every 10 requests)
[00:15:56] [160/458] SRKM
[00:15:58] [161/458] JTLT
[00:15:58] [162/458] SVSS
[00:15:59] [163/458] AMDE
[00:16:00] [164/458] WVRN
[00:16:01] [165/458] ISMG
[00:16:02] [166/458] WVKS
[00:16:03] [167/458] USCG
[00:16:04] [168/458] IOTG
[00:16:05] [169/458] RRJM
[00:16:05] 🔄 Identity reset
[00:16:05] 🔄 Identity rotated (every 10 requests)
[00:16:06] [170/458] EDMP
[00:16:07] [171/458] SCGZ
[00:16:08] [172/458] GMGX
[00:16:09] [173/458] OMTP
[00:16:10] [174/458] MITD
[00:16:11] [175/458] SMMD
[00:16:13] [176/458] STML
[00:16:14] [177/458] MCFS
[00:16:15] [178/458] FPKA
[00:16:16] [179/458] OMLR
[00:16:16] 🔄 Identity reset
[00:16:16] 🔄 Identity rotated (every 10 requests)
[00:16:17] [180/458] KKSC
[00:16:18] [181/458] RVMA
[00:16:19] [182/458] SCLL
[00:16:20] [183/458] SCDK
[00:16:21] [184/458] SXMI
[00:16:21] [185/458] SHDN
[00:16:23] [186/458] PAAD
[00:16:24] [187/458] UUCB
[00:16:25] [188/458] JHOL
[00:16:26] [189/458] SGWT
[00:16:26] 🔄 Identity reset
[00:16:26] 🔄 Identity rotated (every 10 requests)
[00:16:27] [190/458] SRII
[00:16:27] [191/458] SGCK
[00:16:28] [192/458] SVVB
[00:16:29] [193/458] DMHA
[00:16:30] [194/458] PPNL
[00:16:31] [195/458] CPNL
[00:16:32] [196/458] WVLD
[00:16:32] [197/458] PSLV
[00:16:33] [198/458] VTTL
[00:16:35] [199/458] NPAD
[00:16:35] 🔄 Identity reset
[00:16:35] 🔄 Identity rotated (every 10 requests)
[00:16:36] [200/458] PVCS
[00:16:37] [201/458] MCHL
[00:16:38] [202/458] PPLL
[00:16:38] [203/458] MALO
[00:16:40] [204/458] SWBH
[00:16:41] [205/458] PUGB
[00:16:41] [206/458] INBB
[00:16:42] [207/458] INNS
[00:16:43] [208/458] MCPT
[00:16:44] [209/458] SCMI
[00:16:45] 🔄 Identity reset
[00:16:45] 🔄 Identity rotated (every 10 requests)
[00:16:45] [210/458] OCON
[00:16:46] [211/458] SCSM
[00:16:47] [212/458] RJVN
[00:16:47] [213/458] AMDK
[00:16:48] [214/458] ISMR
[00:16:50] [215/458] SMTD
[00:16:50] [216/458] VTDD
[00:16:51] [217/458] PDDZ
[00:16:52] [218/458] PCCK
[00:16:53] [219/458] INAM
[00:16:54] 🔄 Identity reset
[00:16:54] 🔄 Identity rotated (every 10 requests)
[00:16:54] 🔄 Retry 1/5 for INAM in 2.2s
[00:16:54] 🔄 Identity reset
[00:16:56] 🧠 New identity created
[00:16:56] [220/458] FNKT
[00:16:57] [221/458] GDKA
[00:16:58] [222/458] MAYU
[00:16:59] [223/458] TCGU
[00:17:00] [224/458] KDCA
[00:17:01] [225/458] DOMY
[00:17:02] [226/458] PDDD
[00:17:03] [227/458] BJTS
[00:17:04] [228/458] VTCA
[00:17:04] 🔄 Identity reset
[00:17:04] 🔄 Identity rotated (every 10 requests)
[00:17:05] [229/458] SBTM
[00:17:05] [230/458] SEET
[00:17:06] [231/458] SSTJ
[00:17:07] [232/458] SVNT
[00:17:08] [233/458] PPPR
[00:17:09] [234/458] PVYS
[00:17:09] [235/458] IOSE
[00:17:10] [236/458] ACTV
[00:17:11] [237/458] APVE
[00:17:12] [238/458] TCCL
[00:17:13] 🔄 Identity reset
[00:17:13] 🔄 Identity rotated (every 10 requests)
[00:17:13] [239/458] SCMO
[00:17:14] [240/458] SAUM
[00:17:15] [241/458] KCJS
[00:17:16] [242/458] NJCJ
[00:17:16] [243/458] NECF
[00:17:18] [244/458] CCGW
[00:17:19] [245/458] CCMG
[00:17:20] [246/458] NYRG
[00:17:21] [247/458] NCSQ
[00:17:22] [248/458] GRCG
[00:17:23] 🔄 Identity reset
[00:17:23] 🔄 Identity rotated (every 10 requests)
[00:17:23] [249/458] CCBT
[00:17:24] [250/458] ACGA
[00:17:25] [251/458] INAG
[00:17:26] [252/458] FUCG
[00:17:27] [253/458] AICF
[00:17:28] [254/458] GRGA
[00:17:29] [255/458] GDCN
[00:17:30] [256/458] RRCG
[00:17:31] [257/458] SDCH
[00:17:32] [258/458] WVJM
[00:17:32] 🔄 Identity reset
[00:17:32] 🔄 Identity rotated (every 10 requests)
[00:17:33] [259/458] JCCZ
[00:17:33] [260/458] CNCL
[00:17:34] [261/458] TMLV
[00:17:35] [262/458] MEMB
[00:17:36] [263/458] SGTD
[00:17:36] [264/458] CONX
[00:17:37] [265/458] CCMH
[00:17:38] [266/458] ACMC
[00:17:39] [267/458] DTPD
[00:17:40] [268/458] POJA
[00:17:40] 🔄 Identity reset
[00:17:41] 🔄 Identity rotated (every 10 requests)
[00:17:41] [269/458] FNBH
[00:17:42] [270/458] CGCB
[00:17:43] [271/458] RACN
[00:17:44] [272/458] JTSM
[00:17:45] [273/458] SCDN
[00:17:46] [274/458] AACK
[00:17:46] [275/458] RMCE
[00:17:47] [276/458] BSGB
[00:17:48] [277/458] MRCB
[00:17:49] [278/458] SRVR
[00:17:49] 🔄 Identity reset
[00:17:49] 🔄 Identity rotated (every 10 requests)
[00:17:50] [279/458] VTKK
[00:17:50] [280/458] AMST
[00:17:51] [281/458] APCY
[00:17:53] [282/458] LMHO
[00:17:54] [283/458] MTZH
[00:17:55] [284/458] AMZB
[00:17:56] [285/458] SUVT
[00:17:57] [286/458] RCIP
[00:17:58] [287/458] KESR
[00:17:59] [288/458] SNKC
[00:18:00] 🔄 Identity reset
[00:18:00] 🔄 Identity rotated (every 10 requests)
[00:18:00] [289/458] SCED
[00:18:01] [290/458] DVCA
[00:18:02] [291/458] VCDT
[00:18:04] [292/458] RRDI
[00:18:05] [293/458] DFCH
[00:18:06] [294/458] INSC
[00:18:07] [295/458] RGTR
[00:18:08] [296/458] FMOT
[00:18:09] [297/458] SCPM
[00:18:10] [298/458] GCDT
[00:18:11] 🔄 Identity reset
[00:18:11] 🔄 Identity rotated (every 10 requests)
[00:18:11] [299/458] BRKT
[00:18:12] [300/458] DEMP
[00:18:13] [301/458] SRLC
[00:18:14] [302/458] KSTT
[00:18:14] [303/458] SMMT
[00:18:15] [304/458] SILM
[00:18:16] [305/458] JCVM
[00:18:17] [306/458] KCSV
[00:18:18] [307/458] MHLK
[00:18:19] [308/458] SLVL
[00:18:20] 🔄 Identity reset
[00:18:20] 🔄 Identity rotated (every 10 requests)
[00:18:21] [309/458] RJKP
[00:18:22] [310/458] BBPC
[00:18:23] [311/458] MXCB
[00:18:24] [312/458] TCPK
[00:18:25] [313/458] RTBR
[00:18:26] [314/458] GAUT
[00:18:27] [315/458] DVCF
[00:18:28] [316/458] JTSB
[00:18:29] [317/458] SBLS
[00:18:29] [318/458] UDAY
[00:18:30] 🔄 Identity reset
[00:18:30] 🔄 Identity rotated (every 10 requests)
[00:18:30] [319/458] PTNP
[00:18:31] [320/458] DMKT
[00:18:32] [321/458] NTDT
[00:18:33] [322/458] SHDJ
[00:18:34] [323/458] OTNC
[00:18:35] [324/458] RNTW
[00:18:36] [325/458] GCMI
[00:18:36] [326/458] CRCM
[00:18:37] [327/458] NNCZ
[00:18:38] [328/458] OEMO
[00:18:39] 🔄 Identity reset
[00:18:39] 🔄 Identity rotated (every 10 requests)
[00:18:39] [329/458] PVJM
[00:18:40] [330/458] CPJI
[00:18:41] [331/458] RMCJ
[00:18:42] [332/458] CNWJ
[00:18:43] [333/458] EPJM
[00:18:44] [334/458] FNJJ
[00:18:45] [335/458] GCMJ
[00:18:46] [336/458] INPS
[00:18:47] [337/458] BICJ
[00:18:48] [338/458] ISTJ
[00:18:48] 🔄 Identity reset
[00:18:48] 🔄 Identity rotated (every 10 requests)
[00:18:49] [339/458] INJC
[00:18:50] [340/458] GLXJ
[00:18:51] [341/458] INEM
[00:18:52] [342/458] JTMN
[00:18:53] [343/458] FRCJ
[00:18:54] [344/458] DDJP
[00:18:55] [345/458] INJV
[00:18:56] [346/458] GOLC
[00:18:57] [347/458] KOCI
[00:18:58] [348/458] FSTD
[00:18:58] 🔄 Identity reset
[00:18:58] 🔄 Identity rotated (every 10 requests)
[00:18:59] [349/458] PACJ
[00:19:00] [350/458] GMCN
[00:19:01] [351/458] MMDJ
[00:19:02] [352/458] GODH
[00:19:03] [353/458] SKYN
[00:19:04] [354/458] NCTH
[00:19:05] [355/458] SKVZ
[00:19:05] [356/458] SVML
[00:19:06] [357/458] ACVZ
[00:19:07] [358/458] SURA
[00:19:08] 🔄 Identity reset
[00:19:08] 🔄 Identity rotated (every 10 requests)
[00:19:11] [359/458] RTRB
[00:19:12] [360/458] LLCT
[00:19:13] [361/458] ATTS
[00:19:14] [362/458] JYCM
[00:19:15] [363/458] CTKR
[00:19:15] [364/458] LCKR
[00:19:17] [365/458] NYCV
[00:19:18] [366/458] NYOH
[00:19:19] [367/458] NOVX
[00:19:19] [368/458] MRGK
[00:19:20] 🔄 Identity reset
[00:19:20] 🔄 Identity rotated (every 10 requests)
[00:19:20] [369/458] MOON
[00:19:21] [370/458] SBUC
[00:19:22] [371/458] GSVA
[00:19:23] [372/458] VIAK
[00:19:24] [373/458] SMVZ
[00:19:25] [374/458] MATE
[00:19:26] [375/458] RDCN
[00:19:27] [376/458] ASBL
[00:19:28] [377/458] ASVS
[00:19:29] [378/458] ASSR
[00:19:30] 🔄 Identity reset
[00:19:30] 🔄 Identity rotated (every 10 requests)
[00:19:30] [379/458] SSKN
[00:19:31] [380/458] DRPV
[00:19:32] [381/458] MRHT
[00:19:33] [382/458] BSCN
[00:19:34] [383/458] RKNX
[00:19:35] [384/458] MSMC
[00:19:36] [385/458] MSCJ
[00:19:37] [386/458] BTBJ
[00:19:38] [387/458] MJCC
[00:19:39] [388/458] IOMM
[00:19:40] 🔄 Identity reset
[00:19:40] 🔄 Identity rotated (every 10 requests)
[00:19:40] [389/458] ADGR
[00:19:42] [390/458] MYCP
[00:19:43] [391/458] IGCM
[00:19:43] [392/458] PGRK
[00:19:44] [393/458] VPGO
[00:19:46] [394/458] KOMS
[00:19:47] [395/458] URGG
[00:19:48] [396/458] GOST
[00:19:49] [397/458] LACT
[00:19:49] [398/458] BWCM
[00:19:50] 🔄 Identity reset
[00:19:50] 🔄 Identity rotated (every 10 requests)
[00:19:50] 🔄 Retry 1/5 for BWCM in 2.9s
[00:19:50] 🔄 Identity reset
[00:19:53] 🧠 New identity created
[00:19:53] [399/458] NCCW
[00:19:54] [400/458] SKYC
[00:19:55] [401/458] CCPM
[00:19:56] [402/458] VCBT
[00:19:57] [403/458] SDKR
[00:19:59] [404/458] CTYB
[00:20:00] [405/458] SHCX
[00:20:01] [406/458] RCUN
[00:20:01] [407/458] CNRA
[00:20:02] 🔄 Identity reset
[00:20:02] 🔄 Identity rotated (every 10 requests)
[00:20:02] [408/458] RFCA
[00:20:03] [409/458] RDCU
[00:20:05] [410/458] SARK
[00:20:06] [411/458] SPPP
[00:20:06] [412/458] ADMB
[00:20:07] [413/458] JYOE
[00:20:08] [414/458] SRMD
[00:20:09] [415/458] RJDH
[00:20:10] [416/458] SSTD
[00:20:11] [417/458] AACV
[00:20:11] 🔄 Identity reset
[00:20:11] 🔄 Identity rotated (every 10 requests)
[00:20:11] 🔄 Retry 1/5 for AACV in 2.7s
[00:20:11] 🔄 Identity reset
[00:20:14] 🧠 New identity created
[00:20:14] [418/458] PPVD
[00:20:15] [419/458] STCP
[00:20:16] [420/458] ANLS
[00:20:17] [421/458] BIJO
[00:20:18] [422/458] AVAB
[00:20:19] [423/458] SPMD
[00:20:20] [424/458] SVJL
[00:20:21] [425/458] SDDJ
[00:20:22] [426/458] SLTU
[00:20:23] 🔄 Identity reset
[00:20:23] 🔄 Identity rotated (every 10 requests)
[00:20:23] 🔄 Retry 1/5 for SLTU in 2.3s
[00:20:23] 🔄 Identity reset
[00:20:25] 🧠 New identity created
[00:20:25] [427/458] SAKA
[00:20:26] [428/458] PMAM
[00:20:27] [429/458] FNAM
[00:20:28] [430/458] ACAM
[00:20:29] [431/458] SCMM
[00:20:30] [432/458] PMAK
[00:20:31] [433/458] NYSA
[00:20:32] [434/458] FCPA
[00:20:33] [435/458] GDAN
[00:20:34] 🔄 Identity reset
[00:20:34] 🔄 Identity rotated (every 10 requests)
[00:20:34] [436/458] RSCA
[00:20:35] [437/458] DMAN
[00:20:36] [438/458] DZCM
[00:20:37] [439/458] NSGL
[00:20:37] [440/458] CCPP
[00:20:39] [441/458] PSMG
[00:20:40] [442/458] GSER
[00:20:41] [443/458] FCCT
[00:20:41] [444/458] FCTB
[00:20:42] [445/458] LCNK
[00:20:43] 🔄 Identity reset
[00:20:43] 🔄 Identity rotated (every 10 requests)
[00:20:43] 🔄 Retry 1/5 for LCNK in 2.9s
[00:20:43] 🔄 Identity reset
[00:20:46] 🧠 New identity created
[00:20:46] [446/458] SKTY
[00:20:47] [447/458] INAA
[00:20:48] [448/458] RCWN
[00:20:50] [449/458] VAIS
[00:20:51] [450/458] CVMN
[00:20:51] [451/458] INTS
[00:20:52] [452/458] FRGS
[00:20:54] [453/458] DTCK
[00:20:55] [454/458] MCMH
[00:20:55] 🔄 Identity reset
[00:20:55] 🔄 Identity rotated (every 10 requests)
[00:20:56] [455/458] ECRR
[00:20:57] [456/458] RLLP
[00:20:57] [457/458] CCSN
[00:20:58] [458/458] CCBA
[00:20:59] ✅ DONE | Shows=0 | Movies=0
[01:01:37] 🚀 BMS DAILY TRACKER STARTED (enhanced anti‑detection)
[01:01:37] [1/458] MBDC
[01:01:38] 🧠 New identity created
[01:01:38] [2/458] CHKM
[01:01:39] [3/458] JTKZ
[01:01:39] [4/458] CMCT
[01:01:40] [5/458] ASHO
[01:01:40] [6/458] ECDG
[01:01:41] [7/458] SPAT
[01:01:42] [8/458] HILC
[01:01:42] [9/458] SPPH
[01:01:43] [10/458] SBHN
[01:01:43] 🔄 Identity reset
[01:01:44] 🔄 Identity rotated (every 10 requests)
[01:01:44] [11/458] RRCA
[01:01:44] [12/458] APAA
[01:01:45] [13/458] RAME
[01:01:46] [14/458] TMMS
[01:01:46] [15/458] BATK
[01:01:47] [16/458] LKOP
[01:01:48] [17/458] AMTT
[01:01:49] [18/458] PTGK
[01:01:49] [19/458] ANRS
[01:01:50] [20/458] VWBW
[01:01:51] 🔄 Identity reset
[01:01:51] 🔄 Identity rotated (every 10 requests)
[01:01:51] [21/458] SVFG
[01:01:51] [22/458] STAT
[01:01:53] [23/458] GDCV
[01:01:54] [24/458] VEBI
[01:01:54] [25/458] VDSS
[01:01:55] [26/458] NTHV
[01:01:56] [27/458] AOCH
[01:01:57] [28/458] KASR
[01:01:58] [29/458] AYCS
[01:01:59] [30/458] SHAI
[01:02:00] 🔄 Identity reset
[01:02:00] 🔄 Identity rotated (every 10 requests)
[01:02:00] 🔄 Retry 1/5 for SHAI in 2.7s
[01:02:00] 🔄 Identity reset
[01:02:03] 🧠 New identity created
[01:02:03] [31/458] SKPE
[01:02:03] [32/458] SBTA
[01:02:04] [33/458] RTTD
[01:02:05] [34/458] CCJD
[01:02:05] [35/458] RSJJ
[01:02:06] [36/458] RKND
[01:02:07] [37/458] SVTX
[01:02:07] [38/458] BAKM
[01:02:08] [39/458] SVDC
[01:02:09] 🔄 Identity reset
[01:02:09] 🔄 Identity rotated (every 10 requests)
[01:02:09] [40/458] MNCV
[01:02:10] [41/458] SJGC
[01:02:11] [42/458] MTPK
[01:02:11] [43/458] GATP
[01:02:12] [44/458] ABTS
[01:02:13] [45/458] ABDE
[01:02:14] [46/458] RCNM
[01:02:15] [47/458] KTHV
[01:02:16] [48/458] MDGJ
[01:02:17] [49/458] SMLM
[01:02:17] 🔄 Identity reset
[01:02:18] 🔄 Identity rotated (every 10 requests)
[01:02:18] 🔄 Retry 1/5 for SMLM in 2.7s
[01:02:18] 🔄 Identity reset
[01:02:20] 🧠 New identity created
[01:02:20] [50/458] JTMA
[01:02:21] [51/458] ACKP
[01:02:22] [52/458] SRTA
[01:02:23] [53/458] STAY
[01:02:23] [54/458] MAVO
[01:02:24] [55/458] APTS
[01:02:24] [56/458] OMEA
[01:02:25] [57/458] TTFD
[01:02:26] [58/458] MJCU
[01:02:26] 🔄 Identity reset
[01:02:26] 🔄 Identity rotated (every 10 requests)
[01:02:27] [59/458] CXTE
[01:02:27] [60/458] CTPX
[01:02:28] [61/458] ASSL
[01:02:28] [62/458] CMVB
[01:02:29] [63/458] VPUR
[01:02:30] [64/458] JJDA
[01:02:32] [65/458] INBL
[01:02:33] [66/458] BIKB
[01:02:33] [67/458] NTBB
[01:02:34] [68/458] GLOB
[01:02:35] 🔄 Identity reset
[01:02:35] 🔄 Identity rotated (every 10 requests)
[01:02:35] 🔄 Retry 1/5 for GLOB in 2.9s
[01:02:35] 🔄 Identity reset
[01:02:38] 🧠 New identity created
[01:02:38] [69/458] SNTB
[01:02:39] [70/458] CHGV
[01:02:39] [71/458] SSBZ
[01:02:40] [72/458] PRDB
[01:02:40] [73/458] ISMT
[01:02:41] [74/458] MCSD
[01:02:42] [75/458] JBTT
[01:02:42] [76/458] GEKR
[01:02:43] [77/458] PVUN
[01:02:44] 🔄 Identity reset
[01:02:44] 🔄 Identity rotated (every 10 requests)
[01:02:44] 🔄 Retry 1/5 for PVUN in 2.9s
[01:02:44] 🔄 Identity reset
[01:02:47] 🧠 New identity created
[01:02:47] [78/458] NRTB
[01:02:48] [79/458] PRAA
[01:02:48] [80/458] PCBL
[01:02:49] [81/458] PTCM
[01:02:50] [82/458] KHNN
[01:02:50] [83/458] OMJE
[01:02:51] [84/458] STGN
[01:02:52] [85/458] RPMS
[01:02:53] [86/458] NWAD
[01:02:53] 🔄 Identity reset
[01:02:53] 🔄 Identity rotated (every 10 requests)
[01:02:54] [87/458] BLCK
[01:02:54] [88/458] SVAA
[01:02:55] [89/458] URVM
[01:02:55] [90/458] ANTM
[01:02:57] [91/458] VJYM
[01:02:58] [92/458] MAZZ
[01:02:59] [93/458] CSHM
[01:03:00] [94/458] WGMH
[01:03:01] [95/458] SALN
[01:03:02] [96/458] BRTP
[01:03:02] 🔄 Identity reset
[01:03:02] 🔄 Identity rotated (every 10 requests)
[01:03:03] [97/458] SVTA
[01:03:04] [98/458] SBTP
[01:03:04] [99/458] VLSS
[01:03:05] [100/458] SRJA
[01:03:06] [101/458] ANCG
[01:03:09] [102/458] CGGC
[01:03:10] [103/458] CRJA
[01:03:10] [104/458] USCR
[01:03:11] [105/458] MMEF
[01:03:12] [106/458] JCRJ
[01:03:13] 🔄 Identity reset
[01:03:13] 🔄 Identity rotated (every 10 requests)
[01:03:13] [107/458] ADCM
[01:03:14] [108/458] BMYK
[01:03:14] [109/458] KICS
[01:03:15] [110/458] MBBT
[01:03:16] [111/458] MACK
[01:03:18] [112/458] CLDR
[01:03:18] [113/458] JYCR
[01:03:19] [114/458] DCRP
[01:03:21] [115/458] RAHT
[01:03:22] [116/458] CSSM
[01:03:22] 🔄 Identity reset
[01:03:22] 🔄 Identity rotated (every 10 requests)
[01:03:23] [117/458] ATPK
[01:03:23] [118/458] KLRT
[01:03:24] [119/458] SRDD
[01:03:25] [120/458] CKMC
[01:03:26] [121/458] KRVM
[01:03:26] [122/458] AKCP
[01:03:27] [123/458] CNCV
[01:03:28] [124/458] PACT
[01:03:29] [125/458] NATP
[01:03:29] [126/458] PCPK
[01:03:30] 🔄 Identity reset
[01:03:30] 🔄 Identity rotated (every 10 requests)
[01:03:30] [127/458] SMHO
[01:03:31] [128/458] CWTK
[01:03:31] [129/458] RVKZ
[01:03:32] [130/458] ASPD
[01:03:33] [131/458] VTKZ
[01:03:34] [132/458] LCSO
[01:03:35] [133/458] PRDY
[01:03:36] [134/458] RCAP
[01:03:37] [135/458] RGAR
[01:03:37] [136/458] RCAC
[01:03:38] 🔄 Identity reset
[01:03:38] 🔄 Identity rotated (every 10 requests)
[01:03:38] [137/458] PMOD
[01:03:39] [138/458] PVCN
[01:03:40] [139/458] SCRZ
[01:03:41] [140/458] PVPC
[01:03:41] [141/458] STID
[01:03:43] [142/458] NEDD
[01:03:44] [143/458] BNBA
[01:03:45] [144/458] NTCD
[01:03:45] [145/458] OCDE
[01:03:46] [146/458] CCDU
[01:03:47] 🔄 Identity reset
[01:03:47] 🔄 Identity rotated (every 10 requests)
[01:03:47] [147/458] CRXH
[01:03:48] [148/458] VLVT
[01:03:49] [149/458] CICI
[01:03:50] [150/458] SUCB
[01:03:51] [151/458] TCBP
[01:03:51] [152/458] SCCY
[01:03:52] [153/458] LXCY
[01:03:53] [154/458] NCMD
[01:03:54] [155/458] PHCS
[01:03:54] [156/458] DUXR
[01:03:55] 🔄 Identity reset
[01:03:55] 🔄 Identity rotated (every 10 requests)
[01:03:55] [157/458] VNKS
[01:03:56] [158/458] SEDP
[01:03:57] [159/458] SVEN
[01:03:58] [160/458] SRKM
[01:03:59] [161/458] JTLT
[01:04:00] [162/458] SVSS
[01:04:00] [163/458] AMDE
[01:04:01] [164/458] WVRN
[01:04:02] [165/458] ISMG
[01:04:03] [166/458] WVKS
[01:04:03] 🔄 Identity reset
[01:04:03] 🔄 Identity rotated (every 10 requests)
[01:04:03] 🔄 Retry 1/5 for WVKS in 2.4s
[01:04:03] 🔄 Identity reset
[01:04:06] 🧠 New identity created
[01:04:06] 🔄 Retry 2/5 for WVKS in 4.7s
[01:04:06] 🔄 Identity reset
[01:04:10] 🧠 New identity created
[01:04:11] [167/458] USCG
[01:04:11] [168/458] IOTG
[01:04:12] [169/458] RRJM
[01:04:12] [170/458] EDMP
[01:04:13] [171/458] SCGZ
[01:04:13] [172/458] GMGX
[01:04:14] [173/458] OMTP
[01:04:15] [174/458] MITD
[01:04:15] 🔄 Identity reset
[01:04:15] 🔄 Identity rotated (every 10 requests)
[01:04:16] [175/458] SMMD
[01:04:16] [176/458] STML
[01:04:17] [177/458] MCFS
[01:04:17] [178/458] FPKA
[01:04:18] [179/458] OMLR
[01:04:19] [180/458] KKSC
[01:04:20] [181/458] RVMA
[01:04:20] [182/458] SCLL
[01:04:21] [183/458] SCDK
[01:04:22] [184/458] SXMI
[01:04:22] 🔄 Identity reset
[01:04:22] 🔄 Identity rotated (every 10 requests)
[01:04:22] [185/458] SHDN
[01:04:23] [186/458] PAAD
[01:04:24] [187/458] UUCB
[01:04:24] [188/458] JHOL
[01:04:25] [189/458] SGWT
[01:04:26] [190/458] SRII
[01:04:27] [191/458] SGCK
[01:04:28] [192/458] SVVB
[01:04:29] [193/458] DMHA
[01:04:30] [194/458] PPNL
[01:04:31] 🔄 Identity reset
[01:04:31] 🔄 Identity rotated (every 10 requests)
[01:04:31] [195/458] CPNL
[01:04:32] [196/458] WVLD
[01:04:33] [197/458] PSLV
[01:04:34] [198/458] VTTL
[01:04:35] [199/458] NPAD
[01:04:35] [200/458] PVCS
[01:04:36] [201/458] MCHL
[01:04:38] [202/458] PPLL
[01:04:38] [203/458] MALO
[01:04:40] [204/458] SWBH
[01:04:40] 🔄 Identity reset
[01:04:40] 🔄 Identity rotated (every 10 requests)
[01:04:40] 🔄 Retry 1/5 for SWBH in 2.5s
[01:04:40] 🔄 Identity reset
[01:04:43] 🧠 New identity created
[01:04:43] [205/458] PUGB
[01:04:44] [206/458] INBB
[01:04:44] [207/458] INNS
[01:04:45] [208/458] MCPT
[01:04:46] [209/458] SCMI
[01:04:46] [210/458] OCON
[01:04:47] [211/458] SCSM
[01:04:48] [212/458] RJVN
[01:04:48] [213/458] AMDK
[01:04:49] 🔄 Identity reset
[01:04:49] 🔄 Identity rotated (every 10 requests)
[01:04:49] [214/458] ISMR
[01:04:50] [215/458] SMTD
[01:04:51] [216/458] VTDD
[01:04:52] [217/458] PDDZ
[01:04:53] [218/458] PCCK
[01:04:53] [219/458] INAM
[01:04:55] [220/458] FNKT
[01:04:56] [221/458] GDKA
[01:04:57] [222/458] MAYU
[01:04:58] [223/458] TCGU
[01:04:58] 🔄 Identity reset
[01:04:58] 🔄 Identity rotated (every 10 requests)
[01:04:59] [224/458] KDCA
[01:05:00] [225/458] DOMY
[01:05:01] [226/458] PDDD
[01:05:01] [227/458] BJTS
[01:05:03] [228/458] VTCA
[01:05:03] [229/458] SBTM
[01:05:04] [230/458] SEET
[01:05:05] [231/458] SSTJ
[01:05:06] [232/458] SVNT
[01:05:08] [233/458] PPPR
[01:05:09] 🔄 Identity reset
[01:05:09] 🔄 Identity rotated (every 10 requests)
[01:05:09] [234/458] PVYS
[01:05:10] [235/458] IOSE
[01:05:11] [236/458] ACTV
[01:05:12] [237/458] APVE
[01:05:13] [238/458] TCCL
[01:05:14] [239/458] SCMO
[01:05:15] [240/458] SAUM
[01:05:16] [241/458] KCJS
[01:05:16] [242/458] NJCJ
[01:05:17] [243/458] NECF
[01:05:18] 🔄 Identity reset
[01:05:18] 🔄 Identity rotated (every 10 requests)
[01:05:18] [244/458] CCGW
[01:05:19] [245/458] CCMG
[01:05:20] [246/458] NYRG
[01:05:21] [247/458] NCSQ
[01:05:23] [248/458] GRCG
[01:05:23] [249/458] CCBT
[01:05:24] [250/458] ACGA
[01:05:25] [251/458] INAG
[01:05:26] [252/458] FUCG
[01:05:27] [253/458] AICF
[01:05:27] 🔄 Identity reset
[01:05:27] 🔄 Identity rotated (every 10 requests)
[01:05:27] [254/458] GRGA
[01:05:28] [255/458] GDCN
[01:05:29] [256/458] RRCG
[01:05:30] [257/458] SDCH
[01:05:31] [258/458] WVJM
[01:05:32] [259/458] JCCZ
[01:05:33] [260/458] CNCL
[01:05:34] [261/458] TMLV
[01:05:35] [262/458] MEMB
[01:05:35] [263/458] SGTD
[01:05:36] 🔄 Identity reset
[01:05:36] 🔄 Identity rotated (every 10 requests)
[01:05:36] 🔄 Retry 1/5 for SGTD in 2.1s
[01:05:36] 🔄 Identity reset
[01:05:38] 🧠 New identity created
[01:05:38] [264/458] CONX
[01:05:39] [265/458] CCMH
[01:05:39] [266/458] ACMC
[01:05:40] [267/458] DTPD
[01:05:40] [268/458] POJA
[01:05:41] [269/458] FNBH
[01:05:42] [270/458] CGCB
[01:05:43] [271/458] RACN
[01:05:44] [272/458] JTSM
[01:05:44] 🔄 Identity reset
[01:05:44] 🔄 Identity rotated (every 10 requests)
[01:05:44] 🔄 Retry 1/5 for JTSM in 2.7s
[01:05:44] 🔄 Identity reset
[01:05:47] 🧠 New identity created
[01:05:47] 🔄 Retry 2/5 for JTSM in 4.9s
[01:05:47] 🔄 Identity reset
[01:05:52] 🧠 New identity created
[01:05:52] 🔄 Retry 3/5 for JTSM in 8.8s
[01:05:52] 🔄 Identity reset
[01:06:01] 🧠 New identity created
[01:06:01] 🔄 Retry 4/5 for JTSM in 16.8s
[01:06:01] 🔄 Identity reset
[01:06:18] 🧠 New identity created
[01:06:18] [273/458] SCDN
[01:06:18] [274/458] AACK
[01:06:19] [275/458] RMCE
[01:06:20] [276/458] BSGB
[01:06:21] [277/458] MRCB
[01:06:21] [278/458] SRVR
[01:06:22] 🔄 Identity reset
[01:06:22] 🔄 Identity rotated (every 10 requests)
[01:06:22] 🔄 Retry 1/5 for SRVR in 2.1s
[01:06:22] 🔄 Identity reset
[01:06:24] 🧠 New identity created
[01:06:24] [279/458] VTKK
[01:06:25] [280/458] AMST
[01:06:26] [281/458] APCY
[01:06:26] [282/458] LMHO
[01:06:27] [283/458] MTZH
[01:06:28] [284/458] AMZB
[01:06:28] [285/458] SUVT
[01:06:29] [286/458] RCIP
[01:06:30] [287/458] KESR
[01:06:30] 🔄 Identity reset
[01:06:30] 🔄 Identity rotated (every 10 requests)
[01:06:30] [288/458] SNKC
[01:06:31] [289/458] SCED
[01:06:32] [290/458] DVCA
[01:06:32] [291/458] VCDT
[01:06:33] [292/458] RRDI
[01:06:34] [293/458] DFCH
[01:06:34] [294/458] INSC
[01:06:35] [295/458] RGTR
[01:06:36] [296/458] FMOT
[01:06:37] [297/458] SCPM
[01:06:37] 🔄 Identity reset
[01:06:37] 🔄 Identity rotated (every 10 requests)
[01:06:37] [298/458] GCDT
[01:06:38] [299/458] BRKT
[01:06:39] [300/458] DEMP
[01:06:39] [301/458] SRLC
[01:06:40] [302/458] KSTT
[01:06:41] [303/458] SMMT
[01:06:42] [304/458] SILM
[01:06:42] [305/458] JCVM
[01:06:43] [306/458] KCSV
[01:06:44] [307/458] MHLK
[01:06:44] 🔄 Identity reset
[01:06:44] 🔄 Identity rotated (every 10 requests)
[01:06:44] 🔄 Retry 1/5 for MHLK in 2.9s
[01:06:44] 🔄 Identity reset
[01:06:47] 🧠 New identity created
[01:06:47] [308/458] SLVL
[01:06:48] [309/458] RJKP
[01:06:49] [310/458] BBPC
[01:06:50] [311/458] MXCB
[01:06:50] [312/458] TCPK
[01:06:51] [313/458] RTBR
[01:06:51] [314/458] GAUT
[01:06:52] [315/458] DVCF
[01:06:53] [316/458] JTSB
[01:06:53] 🔄 Identity reset
[01:06:53] 🔄 Identity rotated (every 10 requests)
[01:06:53] 🔄 Retry 1/5 for JTSB in 2.6s
[01:06:53] 🔄 Identity reset
[01:06:56] 🧠 New identity created
[01:06:56] [317/458] SBLS
[01:06:56] [318/458] UDAY
[01:06:57] [319/458] PTNP
[01:06:58] [320/458] DMKT
[01:06:59] [321/458] NTDT
[01:07:00] [322/458] SHDJ
[01:07:00] [323/458] OTNC
[01:07:01] [324/458] RNTW
[01:07:02] [325/458] GCMI
[01:07:02] 🔄 Identity reset
[01:07:02] 🔄 Identity rotated (every 10 requests)
[01:07:02] [326/458] CRCM
[01:07:03] [327/458] NNCZ
[01:07:04] [328/458] OEMO
[01:07:04] [329/458] PVJM
[01:07:05] [330/458] CPJI
[01:07:06] [331/458] RMCJ
[01:07:07] [332/458] CNWJ
[01:07:07] [333/458] EPJM
[01:07:08] [334/458] FNJJ
[01:07:09] [335/458] GCMJ
[01:07:09] 🔄 Identity reset
[01:07:09] 🔄 Identity rotated (every 10 requests)
[01:07:09] [336/458] INPS
[01:07:10] [337/458] BICJ
[01:07:10] [338/458] ISTJ
[01:07:11] [339/458] INJC
[01:07:12] [340/458] GLXJ
[01:07:12] [341/458] INEM
[01:07:13] [342/458] JTMN
[01:07:14] [343/458] FRCJ
[01:07:14] [344/458] DDJP
[01:07:15] [345/458] INJV
[01:07:15] 🔄 Identity reset
[01:07:15] 🔄 Identity rotated (every 10 requests)
[01:07:16] [346/458] GOLC
[01:07:16] [347/458] KOCI
[01:07:17] [348/458] FSTD
[01:07:18] [349/458] PACJ
[01:07:18] [350/458] GMCN
[01:07:19] [351/458] MMDJ
[01:07:19] [352/458] GODH
[01:07:20] [353/458] SKYN
[01:07:21] [354/458] NCTH
[01:07:22] [355/458] SKVZ
[01:07:22] 🔄 Identity reset
[01:07:22] 🔄 Identity rotated (every 10 requests)
[01:07:22] [356/458] SVML
[01:07:23] [357/458] ACVZ
[01:07:24] [358/458] SURA
[01:07:24] [359/458] RTRB
[01:07:25] [360/458] LLCT
[01:07:26] [361/458] ATTS
[01:07:26] [362/458] JYCM
[01:07:27] [363/458] CTKR
[01:07:27] [364/458] LCKR
[01:07:28] [365/458] NYCV
[01:07:29] 🔄 Identity reset
[01:07:29] 🔄 Identity rotated (every 10 requests)
[01:07:29] [366/458] NYOH
[01:07:29] [367/458] NOVX
[01:07:30] [368/458] MRGK
[01:07:31] [369/458] MOON
[01:07:31] [370/458] SBUC
[01:07:32] [371/458] GSVA
[01:07:32] [372/458] VIAK
[01:07:33] [373/458] SMVZ
[01:07:34] [374/458] MATE
[01:07:34] [375/458] RDCN
[01:07:35] 🔄 Identity reset
[01:07:35] 🔄 Identity rotated (every 10 requests)
[01:07:35] 🔄 Retry 1/5 for RDCN in 2.9s
[01:07:35] 🔄 Identity reset
[01:07:38] 🧠 New identity created
[01:07:38] [376/458] ASBL
[01:07:39] [377/458] ASVS
[01:07:39] [378/458] ASSR
[01:07:40] [379/458] SSKN
[01:07:40] [380/458] DRPV
[01:07:41] [381/458] MRHT
[01:07:42] [382/458] BSCN
[01:07:42] [383/458] RKNX
[01:07:43] [384/458] MSMC
[01:07:43] 🔄 Identity reset
[01:07:43] 🔄 Identity rotated (every 10 requests)
[01:07:43] 🔄 Retry 1/5 for MSMC in 2.8s
[01:07:43] 🔄 Identity reset
[01:07:46] 🧠 New identity created
[01:07:46] [385/458] MSCJ
[01:07:47] [386/458] BTBJ
[01:07:48] [387/458] MJCC
[01:07:48] [388/458] IOMM
[01:07:49] [389/458] ADGR
[01:07:50] [390/458] MYCP
[01:07:51] [391/458] IGCM
[01:07:51] [392/458] PGRK
[01:07:52] [393/458] VPGO
[01:07:53] 🔄 Identity reset
[01:07:53] 🔄 Identity rotated (every 10 requests)
[01:07:53] [394/458] KOMS
[01:07:53] [395/458] URGG
[01:07:54] [396/458] GOST
[01:07:55] [397/458] LACT
[01:07:55] [398/458] BWCM
[01:07:56] [399/458] NCCW
[01:07:57] [400/458] SKYC
[01:07:58] [401/458] CCPM
[01:07:58] [402/458] VCBT
[01:07:59] [403/458] SDKR
[01:07:59] 🔄 Identity reset
[01:07:59] 🔄 Identity rotated (every 10 requests)
[01:07:59] [404/458] CTYB
[01:08:00] [405/458] SHCX
[01:08:01] [406/458] RCUN
[01:08:01] [407/458] CNRA
[01:08:02] [408/458] RFCA
[01:08:03] [409/458] RDCU
[01:08:03] [410/458] SARK
[01:08:04] [411/458] SPPP
[01:08:05] [412/458] ADMB
[01:08:05] [413/458] JYOE
[01:08:06] 🔄 Identity reset
[01:08:06] 🔄 Identity rotated (every 10 requests)
[01:08:06] [414/458] SRMD
[01:08:07] [415/458] RJDH
[01:08:07] [416/458] SSTD
[01:08:08] [417/458] AACV
[01:08:09] [418/458] PPVD
[01:08:09] [419/458] STCP
[01:08:10] [420/458] ANLS
[01:08:11] [421/458] BIJO
[01:08:11] [422/458] AVAB
[01:08:12] [423/458] SPMD
[01:08:13] 🔄 Identity reset
[01:08:13] 🔄 Identity rotated (every 10 requests)
[01:08:13] [424/458] SVJL
[01:08:13] [425/458] SDDJ
[01:08:14] [426/458] SLTU
[01:08:14] [427/458] SAKA
[01:08:15] [428/458] PMAM
[01:08:16] [429/458] FNAM
[01:08:16] [430/458] ACAM
[01:08:17] [431/458] SCMM
[01:08:18] [432/458] PMAK
[01:08:18] [433/458] NYSA
[01:08:19] 🔄 Identity reset
[01:08:19] 🔄 Identity rotated (every 10 requests)
[01:08:19] [434/458] FCPA
[01:08:20] [435/458] GDAN
[01:08:20] [436/458] RSCA
[01:08:21] [437/458] DMAN
[01:08:22] [438/458] DZCM
[01:08:22] [439/458] NSGL
[01:08:23] [440/458] CCPP
[01:08:23] [441/458] PSMG
[01:08:24] [442/458] GSER
[01:08:25] [443/458] FCCT
[01:08:25] 🔄 Identity reset
[01:08:25] 🔄 Identity rotated (every 10 requests)
[01:08:25] [444/458] FCTB
[01:08:26] [445/458] LCNK
[01:08:27] [446/458] SKTY
[01:08:27] [447/458] INAA
[01:08:28] [448/458] RCWN
[01:08:28] [449/458] VAIS
[01:08:29] [450/458] CVMN
[01:08:30] [451/458] INTS
[01:08:31] [452/458] FRGS
[01:08:31] [453/458] DTCK
[01:08:32] 🔄 Identity reset
[01:08:32] 🔄 Identity rotated (every 10 requests)
[01:08:32] [454/458] MCMH
[01:08:33] [455/458] ECRR
[01:08:33] [456/458] RLLP
[01:08:34] [457/458] CCSN
[01:08:35] [458/458] CCBA
[01:08:36] ✅ DONE | Shows=0 | Movies=0
[01:17:05] 🚀 BMS DAILY TRACKER STARTED (enhanced anti‑detection)
[01:17:05] [1/458] MBDC
[01:17:06] 🧠 New identity created
[01:17:06] 🔄 Retry 1/5 for MBDC in 2.3s
[01:17:06] 🔄 Identity reset
[01:17:08] 🧠 New identity created
[01:17:08] 🔄 Retry 2/5 for MBDC in 4.5s
[01:17:08] 🔄 Identity reset
[01:17:13] 🧠 New identity created
[01:17:13] 🔄 Retry 3/5 for MBDC in 8.6s
[01:17:13] 🔄 Identity reset
[01:17:21] 🧠 New identity created
[01:17:22] [2/458] CHKM
[01:17:23] [3/458] JTKZ
[01:17:23] [4/458] CMCT
[01:17:25] [5/458] ASHO
[01:17:26] [6/458] ECDG
[01:17:27] [7/458] SPAT
[01:17:27] 🔄 Identity reset
[01:17:27] 🔄 Identity rotated (every 10 requests)
[01:17:28] [8/458] HILC
[01:17:28] [9/458] SPPH
[01:17:29] [10/458] SBHN
[01:17:31] [11/458] RRCA
[01:17:32] [12/458] APAA
[01:17:33] [13/458] RAME
[01:17:34] [14/458] TMMS
[01:17:34] [15/458] BATK
[01:17:35] [16/458] LKOP
[01:17:36] [17/458] AMTT
[01:17:37] 🔄 Identity reset
[01:17:37] 🔄 Identity rotated (every 10 requests)
[01:17:37] [18/458] PTGK
[01:17:39] [19/458] ANRS
[01:17:40] [20/458] VWBW
[01:17:41] [21/458] SVFG
[01:17:42] [22/458] STAT
[01:17:43] [23/458] GDCV
[01:17:44] [24/458] VEBI
[01:17:45] [25/458] VDSS
[01:17:46] [26/458] NTHV
[01:17:47] [27/458] AOCH
[01:17:48] 🔄 Identity reset
[01:17:48] 🔄 Identity rotated (every 10 requests)
[01:17:48] [28/458] KASR
[01:17:49] [29/458] AYCS
[01:17:50] [30/458] SHAI
[01:17:51] [31/458] SKPE
[01:17:51] [32/458] SBTA
[01:17:52] [33/458] RTTD
[01:17:53] [34/458] CCJD
[01:17:54] [35/458] RSJJ
[01:17:55] [36/458] RKND
[01:17:56] [37/458] SVTX
[01:17:56] 🔄 Identity reset
[01:17:56] 🔄 Identity rotated (every 10 requests)
[01:17:57] [38/458] BAKM
[01:17:58] [39/458] SVDC
[01:17:59] [40/458] MNCV
[01:18:01] [41/458] SJGC
[01:18:02] [42/458] MTPK
[01:18:03] [43/458] GATP
[01:18:04] [44/458] ABTS
[01:18:05] [45/458] ABDE
[01:18:06] [46/458] RCNM
[01:18:07] [47/458] KTHV
[01:18:07] 🔄 Identity reset
[01:18:07] 🔄 Identity rotated (every 10 requests)
[01:18:07] [48/458] MDGJ
[01:18:08] [49/458] SMLM
[01:18:09] [50/458] JTMA
[01:18:10] [51/458] ACKP
[01:18:11] [52/458] SRTA
[01:18:12] [53/458] STAY
[01:18:13] [54/458] MAVO
[01:18:14] [55/458] APTS
[01:18:15] [56/458] OMEA
[01:18:16] [57/458] TTFD
[01:18:16] 🔄 Identity reset
[01:18:16] 🔄 Identity rotated (every 10 requests)
[01:18:17] 🔄 Retry 1/5 for TTFD in 2.8s
[01:18:17] 🔄 Identity reset
[01:18:19] 🧠 New identity created
[01:18:19] 🔄 Retry 2/5 for TTFD in 4.5s
[01:18:19] 🔄 Identity reset
[01:18:24] 🧠 New identity created
[01:18:24] [58/458] MJCU
[01:18:25] [59/458] CXTE
[01:18:26] [60/458] CTPX
[01:18:27] [61/458] ASSL
[01:18:28] [62/458] CMVB
[01:18:29] [63/458] VPUR
[01:18:30] [64/458] JJDA
[01:18:31] [65/458] INBL
[01:18:31] 🔄 Identity reset
[01:18:31] 🔄 Identity rotated (every 10 requests)
[01:18:32] [66/458] BIKB
[01:18:32] [67/458] NTBB
[01:18:33] [68/458] GLOB
[01:18:34] [69/458] SNTB
[01:18:35] [70/458] CHGV
[01:18:36] [71/458] SSBZ
[01:18:37] [72/458] PRDB
[01:18:38] [73/458] ISMT
[01:18:39] [74/458] MCSD
[01:18:40] [75/458] JBTT
[01:18:40] 🔄 Identity reset
[01:18:41] 🔄 Identity rotated (every 10 requests)
[01:18:41] 🔄 Retry 1/5 for JBTT in 2.4s
[01:18:41] 🔄 Identity reset
[01:18:43] 🧠 New identity created
[01:18:43] [76/458] GEKR
[01:18:44] [77/458] PVUN
[01:18:45] [78/458] NRTB
[01:18:46] [79/458] PRAA
[01:18:47] [80/458] PCBL
[01:18:48] [81/458] PTCM
[01:18:49] [82/458] KHNN
[01:18:50] [83/458] OMJE
[01:18:51] [84/458] STGN
[01:18:52] 🔄 Identity reset
[01:18:52] 🔄 Identity rotated (every 10 requests)
[01:18:52] [85/458] RPMS
[01:18:53] [86/458] NWAD
[01:18:54] [87/458] BLCK
[01:18:55] [88/458] SVAA
[01:18:55] [89/458] URVM
[01:18:56] [90/458] ANTM
[01:18:57] [91/458] VJYM
[01:18:58] [92/458] MAZZ
[01:18:59] [93/458] CSHM
[01:19:00] [94/458] WGMH
[01:19:01] 🔄 Identity reset
[01:19:01] 🔄 Identity rotated (every 10 requests)
[01:19:01] [95/458] SALN
[01:19:03] [96/458] BRTP
[01:19:04] [97/458] SVTA
[01:19:05] [98/458] SBTP
[01:19:06] [99/458] VLSS
[01:19:07] [100/458] SRJA
[01:19:08] [101/458] ANCG
[01:19:09] [102/458] CGGC
[01:19:10] [103/458] CRJA
[01:19:11] [104/458] USCR
[01:19:12] 🔄 Identity reset
[01:19:12] 🔄 Identity rotated (every 10 requests)
[01:19:12] [105/458] MMEF
[01:19:13] [106/458] JCRJ
[01:19:14] [107/458] ADCM
[01:19:15] [108/458] BMYK
[01:19:16] [109/458] KICS
[01:19:18] [110/458] MBBT
[01:19:18] [111/458] MACK
[01:19:19] [112/458] CLDR
[01:19:20] [113/458] JYCR
[01:19:21] [114/458] DCRP
[01:19:22] 🔄 Identity reset
[01:19:22] 🔄 Identity rotated (every 10 requests)
[01:19:22] [115/458] RAHT
[01:19:23] [116/458] CSSM
[01:19:24] [117/458] ATPK
[01:19:25] [118/458] KLRT
[01:19:26] [119/458] SRDD
[01:19:26] [120/458] CKMC
[01:19:27] [121/458] KRVM
[01:19:28] [122/458] AKCP
[01:19:29] [123/458] CNCV
[01:19:30] [124/458] PACT
[01:19:30] 🔄 Identity reset
[01:19:30] 🔄 Identity rotated (every 10 requests)
[01:19:30] 🔄 Retry 1/5 for PACT in 2.6s
[01:19:30] 🔄 Identity reset
[01:19:33] 🧠 New identity created
[01:19:34] [125/458] NATP
[01:19:35] [126/458] PCPK
[01:19:36] [127/458] SMHO
[01:19:37] [128/458] CWTK
[01:19:39] [129/458] RVKZ
[01:19:39] [130/458] ASPD
[01:19:40] [131/458] VTKZ
[01:19:41] [132/458] LCSO
[01:19:42] [133/458] PRDY
[01:19:43] 🔄 Identity reset
[01:19:43] 🔄 Identity rotated (every 10 requests)
[01:19:43] 🔄 Retry 1/5 for PRDY in 2.9s
[01:19:43] 🔄 Identity reset
[01:19:46] 🧠 New identity created
[01:19:46] [134/458] RCAP
[01:19:47] [135/458] RGAR
[01:19:48] [136/458] RCAC
[01:19:49] [137/458] PMOD
[01:19:50] [138/458] PVCN
[01:19:51] [139/458] SCRZ
[01:19:52] [140/458] PVPC
[01:19:53] [141/458] STID
[01:19:54] [142/458] NEDD
[01:19:54] 🔄 Identity reset
[01:19:54] 🔄 Identity rotated (every 10 requests)
[01:19:54] 🔄 Retry 1/5 for NEDD in 2.2s
[01:19:54] 🔄 Identity reset
[01:19:57] 🧠 New identity created
[01:19:57] 🔄 Retry 2/5 for NEDD in 4.8s
[01:19:57] 🔄 Identity reset
[01:20:01] 🧠 New identity created
[01:20:01] 🔄 Retry 3/5 for NEDD in 8.4s
[01:20:01] 🔄 Identity reset
[01:20:10] 🧠 New identity created
[01:20:10] [143/458] BNBA
[01:20:11] [144/458] NTCD
[01:20:12] [145/458] OCDE
[01:20:13] [146/458] CCDU
[01:20:14] [147/458] CRXH
[01:20:15] [148/458] VLVT
[01:20:16] [149/458] CICI
[01:20:17] 🔄 Identity reset
[01:20:17] 🔄 Identity rotated (every 10 requests)
[01:20:17] [150/458] SUCB
[01:20:18] [151/458] TCBP
[01:20:19] [152/458] SCCY
[01:20:20] [153/458] LXCY
[01:20:21] [154/458] NCMD
[01:20:22] [155/458] PHCS
[01:20:23] [156/458] DUXR
[01:20:24] [157/458] VNKS
[01:20:25] [158/458] SEDP
[01:20:26] [159/458] SVEN
[01:20:27] 🔄 Identity reset
[01:20:27] 🔄 Identity rotated (every 10 requests)
[01:20:27] [160/458] SRKM
[01:20:28] [161/458] JTLT
[01:20:29] [162/458] SVSS
[01:20:30] [163/458] AMDE
[01:20:31] [164/458] WVRN
[01:20:32] [165/458] ISMG
[01:20:33] [166/458] WVKS
[01:20:34] [167/458] USCG
[01:20:35] [168/458] IOTG
[01:20:36] [169/458] RRJM
[01:20:36] 🔄 Identity reset
[01:20:36] 🔄 Identity rotated (every 10 requests)
[01:20:36] [170/458] EDMP
[01:20:38] [171/458] SCGZ
[01:20:38] [172/458] GMGX
[01:20:39] [173/458] OMTP
[01:20:40] [174/458] MITD
[01:20:41] [175/458] SMMD
[01:20:42] [176/458] STML
[01:20:43] [177/458] MCFS
[01:20:44] [178/458] FPKA
[01:20:45] [179/458] OMLR
[01:20:46] 🔄 Identity reset
[01:20:46] 🔄 Identity rotated (every 10 requests)
[01:20:46] [180/458] KKSC
[01:20:47] [181/458] RVMA
[01:20:48] [182/458] SCLL
[01:20:49] [183/458] SCDK
[01:20:50] [184/458] SXMI
[01:20:51] [185/458] SHDN
[01:20:52] [186/458] PAAD
[01:20:53] [187/458] UUCB
[01:20:54] [188/458] JHOL
[01:20:56] [189/458] SGWT
[01:20:56] 🔄 Identity reset
[01:20:56] 🔄 Identity rotated (every 10 requests)
[01:20:57] [190/458] SRII
[01:20:58] [191/458] SGCK
[01:20:59] [192/458] SVVB
[01:21:00] [193/458] DMHA
[01:21:01] [194/458] PPNL
[01:21:02] [195/458] CPNL
[01:21:02] [196/458] WVLD
[01:21:03] [197/458] PSLV
[01:21:05] [198/458] VTTL
[01:21:06] [199/458] NPAD
[01:21:07] 🔄 Identity reset
[01:21:07] 🔄 Identity rotated (every 10 requests)
[01:21:07] 🔄 Retry 1/5 for NPAD in 2.7s
[01:21:07] 🔄 Identity reset
[01:21:10] 🧠 New identity created
[01:21:10] 🔄 Retry 2/5 for NPAD in 4.9s
[01:21:10] 🔄 Identity reset
[01:21:15] 🧠 New identity created
[01:21:15] 🔄 Retry 3/5 for NPAD in 8.9s
[01:21:15] 🔄 Identity reset
[01:21:24] 🧠 New identity created
[01:21:24] [200/458] PVCS
[01:21:25] [201/458] MCHL
[01:21:26] [202/458] PPLL
[01:21:27] [203/458] MALO
[01:21:28] [204/458] SWBH
[01:21:29] [205/458] PUGB
[01:21:30] [206/458] INBB
[01:21:30] 🔄 Identity reset
[01:21:30] 🔄 Identity rotated (every 10 requests)
[01:21:30] 🔄 Retry 1/5 for INBB in 2.5s
[01:21:30] 🔄 Identity reset
[01:21:33] 🧠 New identity created
[01:21:33] [207/458] INNS
[01:21:34] [208/458] MCPT
[01:21:35] [209/458] SCMI
[01:21:36] [210/458] OCON
[01:21:38] [211/458] SCSM
[01:21:39] [212/458] RJVN
[01:21:39] [213/458] AMDK
[01:21:40] [214/458] ISMR
[01:21:41] [215/458] SMTD
[01:21:42] 🔄 Identity reset
[01:21:42] 🔄 Identity rotated (every 10 requests)
[01:21:42] 🔄 Retry 1/5 for SMTD in 2.7s
[01:21:42] 🔄 Identity reset
[01:21:45] 🧠 New identity created
[01:21:45] 🔄 Retry 2/5 for SMTD in 4.7s
[01:21:45] 🔄 Identity reset
[01:21:49] 🧠 New identity created
[01:21:50] [216/458] VTDD
[01:21:51] [217/458] PDDZ
[01:21:51] [218/458] PCCK
[01:21:52] [219/458] INAM
[01:21:54] [220/458] FNKT
[01:21:56] [221/458] GDKA
[01:21:57] [222/458] MAYU
[01:21:58] [223/458] TCGU
[01:21:59] 🔄 Identity reset
[01:21:59] 🔄 Identity rotated (every 10 requests)
[01:21:59] [224/458] KDCA
[01:22:00] [225/458] DOMY
[01:22:01] [226/458] PDDD
[01:22:02] [227/458] BJTS
[01:22:04] [228/458] VTCA
[01:22:05] [229/458] SBTM
[01:22:06] [230/458] SEET
[01:22:07] [231/458] SSTJ
[01:22:08] [232/458] SVNT
[01:22:08] [233/458] PPPR
[01:22:09] 🔄 Identity reset
[01:22:09] 🔄 Identity rotated (every 10 requests)
[01:22:09] 🔄 Retry 1/5 for PPPR in 2.4s
[01:22:09] 🔄 Identity reset
[01:22:12] 🧠 New identity created
[01:22:12] 🔄 Retry 2/5 for PPPR in 4.7s
[01:22:12] 🔄 Identity reset
[01:22:16] 🧠 New identity created
[01:22:17] [234/458] PVYS
[01:22:18] [235/458] IOSE
[01:22:19] [236/458] ACTV
[01:22:20] [237/458] APVE
[01:22:21] [238/458] TCCL
[01:22:22] [239/458] SCMO
[01:22:23] [240/458] SAUM
[01:22:23] [241/458] KCJS
[01:22:24] 🔄 Identity reset
[01:22:24] 🔄 Identity rotated (every 10 requests)
[01:22:24] 🔄 Retry 1/5 for KCJS in 2.2s
[01:22:24] 🔄 Identity reset
[01:22:26] 🧠 New identity created
[01:22:27] [242/458] NJCJ
[01:22:27] [243/458] NECF
[01:22:28] [244/458] CCGW
[01:22:29] [245/458] CCMG
[01:22:30] [246/458] NYRG
[01:22:31] [247/458] NCSQ
[01:22:32] [248/458] GRCG
[01:22:33] [249/458] CCBT
[01:22:34] [250/458] ACGA
[01:22:34] 🔄 Identity reset
[01:22:34] 🔄 Identity rotated (every 10 requests)
[01:22:35] 🔄 Retry 1/5 for ACGA in 2.5s
[01:22:35] 🔄 Identity reset
[01:22:37] 🧠 New identity created
[01:22:37] [251/458] INAG
[01:22:38] [252/458] FUCG
[01:22:39] [253/458] AICF
[01:22:40] [254/458] GRGA
[01:22:41] [255/458] GDCN
[01:22:42] [256/458] RRCG
[01:22:43] [257/458] SDCH
[01:22:45] [258/458] WVJM
[01:22:46] [259/458] JCCZ
[01:22:46] 🔄 Identity reset
[01:22:46] 🔄 Identity rotated (every 10 requests)
[01:22:46] 🔄 Retry 1/5 for JCCZ in 2.7s
[01:22:46] 🔄 Identity reset
[01:22:49] 🧠 New identity created
[01:22:49] 🔄 Retry 2/5 for JCCZ in 4.3s
[01:22:49] 🔄 Identity reset
[01:22:53] 🧠 New identity created
[01:22:53] 🔄 Retry 3/5 for JCCZ in 8.8s
[01:22:53] 🔄 Identity reset
[01:23:02] 🧠 New identity created
[01:23:03] [260/458] CNCL
[01:23:04] [261/458] TMLV
[01:23:05] [262/458] MEMB
[01:23:06] [263/458] SGTD
[01:23:07] [264/458] CONX
[01:23:08] [265/458] CCMH
[01:23:09] [266/458] ACMC
[01:23:10] 🔄 Identity reset
[01:23:10] 🔄 Identity rotated (every 10 requests)
[01:23:11] [267/458] DTPD
[01:23:12] [268/458] POJA
[01:23:12] [269/458] FNBH
[01:23:13] [270/458] CGCB
[01:23:14] [271/458] RACN
[01:23:15] [272/458] JTSM
[01:23:16] [273/458] SCDN
[01:23:17] [274/458] AACK
[01:23:18] [275/458] RMCE
[01:23:19] [276/458] BSGB
[01:23:19] 🔄 Identity reset
[01:23:19] 🔄 Identity rotated (every 10 requests)
[01:23:20] [277/458] MRCB
[01:23:21] [278/458] SRVR
[01:23:21] [279/458] VTKK
[01:23:22] [280/458] AMST
[01:23:23] [281/458] APCY
[01:23:24] [282/458] LMHO
[01:23:25] [283/458] MTZH
[01:23:26] [284/458] AMZB
[01:23:27] [285/458] SUVT
[01:23:28] [286/458] RCIP
[01:23:28] 🔄 Identity reset
[01:23:28] 🔄 Identity rotated (every 10 requests)
[01:23:29] [287/458] KESR
[01:23:30] [288/458] SNKC
[01:23:30] [289/458] SCED
[01:23:31] [290/458] DVCA
[01:23:32] [291/458] VCDT
[01:23:33] [292/458] RRDI
[01:23:34] [293/458] DFCH
[01:23:35] [294/458] INSC
[01:23:36] [295/458] RGTR
[01:23:37] [296/458] FMOT
[01:23:37] 🔄 Identity reset
[01:23:37] 🔄 Identity rotated (every 10 requests)
[01:23:49] 🔄 Retry 1/5 for FMOT in 2.1s
[01:23:49] 🔄 Identity reset
[01:23:51] 🧠 New identity created
[01:23:52] [297/458] SCPM
[01:23:53] [298/458] GCDT
[01:23:53] [299/458] BRKT
[01:23:54] [300/458] DEMP
[01:23:55] [301/458] SRLC
[01:23:57] [302/458] KSTT
[01:23:58] [303/458] SMMT
[01:23:59] [304/458] SILM
[01:24:01] [305/458] JCVM
[01:24:01] 🔄 Identity reset
[01:24:01] 🔄 Identity rotated (every 10 requests)
[01:24:01] [306/458] KCSV
[01:24:02] [307/458] MHLK
[01:24:03] [308/458] SLVL
[01:24:04] [309/458] RJKP
[01:24:05] [310/458] BBPC
[01:24:06] [311/458] MXCB
[01:24:07] [312/458] TCPK
[01:24:08] [313/458] RTBR
[01:24:09] [314/458] GAUT
[01:24:10] [315/458] DVCF
[01:24:10] 🔄 Identity reset
[01:24:10] 🔄 Identity rotated (every 10 requests)
[01:24:10] 🔄 Retry 1/5 for DVCF in 2.2s
[01:24:10] 🔄 Identity reset
[01:24:12] 🧠 New identity created
[01:24:12] 🔄 Retry 2/5 for DVCF in 4.6s
[01:24:12] 🔄 Identity reset
[01:24:17] 🧠 New identity created
[01:24:17] 🔄 Retry 3/5 for DVCF in 8.2s
[01:24:17] 🔄 Identity reset
[01:24:25] 🧠 New identity created
[01:24:26] [316/458] JTSB
[01:24:27] [317/458] SBLS
[01:24:27] [318/458] UDAY
[01:24:28] [319/458] PTNP
[01:24:29] [320/458] DMKT
[01:24:30] [321/458] NTDT
[01:24:31] [322/458] SHDJ
[01:24:31] 🔄 Identity reset
[01:24:31] 🔄 Identity rotated (every 10 requests)
[01:24:33] [323/458] OTNC
[01:24:33] [324/458] RNTW
[01:24:34] [325/458] GCMI
[01:24:35] [326/458] CRCM
[01:24:37] [327/458] NNCZ
[01:24:38] [328/458] OEMO
[01:24:38] [329/458] PVJM
[01:24:39] [330/458] CPJI
[01:24:40] [331/458] RMCJ
[01:24:41] [332/458] CNWJ
[01:24:42] 🔄 Identity reset
[01:24:42] 🔄 Identity rotated (every 10 requests)
[01:24:42] [333/458] EPJM
[01:24:44] [334/458] FNJJ
[01:24:45] [335/458] GCMJ
[01:24:46] [336/458] INPS
[01:24:47] [337/458] BICJ
[01:24:47] [338/458] ISTJ
[01:24:48] [339/458] INJC
[01:24:49] [340/458] GLXJ
[01:24:50] [341/458] INEM
[01:24:51] [342/458] JTMN
[01:24:52] 🔄 Identity reset
[01:24:52] 🔄 Identity rotated (every 10 requests)
[01:24:52] [343/458] FRCJ
[01:24:53] [344/458] DDJP
[01:24:55] [345/458] INJV
[01:24:56] [346/458] GOLC
[01:24:57] [347/458] KOCI
[01:24:58] [348/458] FSTD
[01:24:59] [349/458] PACJ
[01:25:00] [350/458] GMCN
[01:25:00] [351/458] MMDJ
[01:25:01] [352/458] GODH
[01:25:02] 🔄 Identity reset
[01:25:02] 🔄 Identity rotated (every 10 requests)
[01:25:02] [353/458] SKYN
[01:25:03] [354/458] NCTH
[01:25:04] [355/458] SKVZ
[01:25:05] [356/458] SVML
[01:25:06] [357/458] ACVZ
[01:25:07] [358/458] SURA
[01:25:08] [359/458] RTRB
[01:25:09] [360/458] LLCT
[01:25:10] [361/458] ATTS
[01:25:11] [362/458] JYCM
[01:25:11] 🔄 Identity reset
[01:25:11] 🔄 Identity rotated (every 10 requests)
[01:25:12] [363/458] CTKR
[01:25:13] [364/458] LCKR
[01:25:14] [365/458] NYCV
[01:25:14] [366/458] NYOH
[01:25:15] [367/458] NOVX
[01:25:16] [368/458] MRGK
[01:25:17] [369/458] MOON
[01:25:18] [370/458] SBUC
[01:25:18] [371/458] GSVA
[01:25:19] [372/458] VIAK
[01:25:20] 🔄 Identity reset
[01:25:20] 🔄 Identity rotated (every 10 requests)
[01:25:20] [373/458] SMVZ
[01:25:21] [374/458] MATE
[01:25:22] [375/458] RDCN
[01:25:23] [376/458] ASBL
[01:25:24] [377/458] ASVS
[01:25:25] [378/458] ASSR
[01:25:25] [379/458] SSKN
[01:25:26] [380/458] DRPV
[01:25:27] [381/458] MRHT
[01:25:28] [382/458] BSCN
[01:25:29] 🔄 Identity reset
[01:25:29] 🔄 Identity rotated (every 10 requests)
[01:25:29] [383/458] RKNX
[01:25:30] [384/458] MSMC
[01:25:31] [385/458] MSCJ
[01:25:32] [386/458] BTBJ
[01:25:33] [387/458] MJCC
[01:25:33] [388/458] IOMM
[01:25:34] [389/458] ADGR
[01:25:35] [390/458] MYCP
[01:25:36] [391/458] IGCM
[01:25:37] [392/458] PGRK
[01:25:38] 🔄 Identity reset
[01:25:38] 🔄 Identity rotated (every 10 requests)
[01:25:38] [393/458] VPGO
[01:25:40] [394/458] KOMS
[01:25:41] [395/458] URGG
[01:25:42] [396/458] GOST
[01:25:43] [397/458] LACT
[01:25:44] [398/458] BWCM
[01:25:45] [399/458] NCCW
[01:25:46] [400/458] SKYC
[01:25:47] [401/458] CCPM
[01:25:48] [402/458] VCBT
[01:25:48] 🔄 Identity reset
[01:25:48] 🔄 Identity rotated (every 10 requests)
[01:25:49] [403/458] SDKR
[01:25:50] [404/458] CTYB
[01:25:51] [405/458] SHCX
[01:25:51] [406/458] RCUN
[01:25:52] [407/458] CNRA
[01:25:54] [408/458] RFCA
[01:25:55] [409/458] RDCU
[01:25:56] [410/458] SARK
[01:25:57] [411/458] SPPP
[01:25:57] [412/458] ADMB
[01:25:58] 🔄 Identity reset
[01:25:58] 🔄 Identity rotated (every 10 requests)
[01:25:58] 🔄 Retry 1/5 for ADMB in 2.2s
[01:25:58] 🔄 Identity reset
[01:26:00] 🧠 New identity created
[01:26:01] [413/458] JYOE
[01:26:01] [414/458] SRMD
[01:26:02] [415/458] RJDH
[01:26:03] [416/458] SSTD
[01:26:04] [417/458] AACV
[01:26:05] [418/458] PPVD
[01:26:06] [419/458] STCP
[01:26:06] [420/458] ANLS
[01:26:07] [421/458] BIJO
[01:26:07] 🔄 Identity reset
[01:26:07] 🔄 Identity rotated (every 10 requests)
[01:26:08] [422/458] AVAB
[01:26:08] [423/458] SPMD
[01:26:09] [424/458] SVJL
[01:26:10] [425/458] SDDJ
[01:26:11] [426/458] SLTU
[01:26:12] [427/458] SAKA
[01:26:12] [428/458] PMAM
[01:26:14] [429/458] FNAM
[01:26:15] [430/458] ACAM
[01:26:15] [431/458] SCMM
[01:26:16] 🔄 Identity reset
[01:26:16] 🔄 Identity rotated (every 10 requests)
[01:26:16] [432/458] PMAK
[01:26:17] [433/458] NYSA
[01:26:18] [434/458] FCPA
[01:26:19] [435/458] GDAN
[01:26:20] [436/458] RSCA
[01:26:21] [437/458] DMAN
[01:26:22] [438/458] DZCM
[01:26:23] [439/458] NSGL
[01:26:24] [440/458] CCPP
[01:26:25] [441/458] PSMG
[01:26:25] 🔄 Identity reset
[01:26:25] 🔄 Identity rotated (every 10 requests)
[01:26:25] 🔄 Retry 1/5 for PSMG in 2.8s
[01:26:25] 🔄 Identity reset
[01:26:28] 🧠 New identity created
[01:26:29] [442/458] GSER
[01:26:30] [443/458] FCCT
[01:26:30] [444/458] FCTB
[01:26:31] [445/458] LCNK
[01:26:32] [446/458] SKTY
[01:26:33] [447/458] INAA
[01:26:34] [448/458] RCWN
[01:26:35] [449/458] VAIS
[01:26:36] [450/458] CVMN
[01:26:36] 🔄 Identity reset
[01:26:36] 🔄 Identity rotated (every 10 requests)
[01:26:36] [451/458] INTS
[01:26:37] [452/458] FRGS
[01:26:38] [453/458] DTCK
[01:26:39] [454/458] MCMH
[01:26:40] [455/458] ECRR
[01:26:40] [456/458] RLLP
[01:26:41] [457/458] CCSN
[01:26:42] [458/458] CCBA
[01:26:43] ✅ DONE | Shows=0 | Movies=0
[01:59:22] 🚀 BMS DAILY TRACKER STARTED (enhanced anti‑detection)
[01:59:22] [1/458] MBDC
[01:59:22] 🧠 New identity created
[01:59:22] 🔄 Retry 1/5 for MBDC in 2.1s
[01:59:22] 🔄 Identity reset
[01:59:24] 🧠 New identity created
[01:59:25] [2/458] CHKM
[01:59:26] [3/458] JTKZ
[01:59:27] [4/458] CMCT
[01:59:27] [5/458] ASHO
[01:59:28] [6/458] ECDG
[01:59:29] [7/458] SPAT
[01:59:30] [8/458] HILC
[01:59:30] [9/458] SPPH
[01:59:31] 🔄 Identity reset
[01:59:31] 🔄 Identity rotated (every 10 requests)
[01:59:31] 🔄 Retry 1/5 for SPPH in 2.4s
[01:59:31] 🔄 Identity reset
[01:59:34] 🧠 New identity created
[01:59:34] 🔄 Retry 2/5 for SPPH in 4.2s
[01:59:34] 🔄 Identity reset
[01:59:38] 🧠 New identity created
[01:59:38] [10/458] SBHN
[01:59:38] [11/458] RRCA
[01:59:39] [12/458] APAA
[01:59:40] [13/458] RAME
[01:59:41] [14/458] TMMS
[01:59:41] [15/458] BATK
[01:59:42] [16/458] LKOP
[01:59:43] [17/458] AMTT
[01:59:43] 🔄 Identity reset
[01:59:44] 🔄 Identity rotated (every 10 requests)
[01:59:44] [18/458] PTGK
[01:59:45] [19/458] ANRS
[01:59:46] [20/458] VWBW
[01:59:46] [21/458] SVFG
[01:59:47] [22/458] STAT
[01:59:48] [23/458] GDCV
[01:59:48] [24/458] VEBI
[01:59:49] [25/458] VDSS
[01:59:50] [26/458] NTHV
[01:59:50] [27/458] AOCH
[01:59:51] 🔄 Identity reset
[01:59:51] 🔄 Identity rotated (every 10 requests)
[01:59:51] [28/458] KASR
[01:59:52] [29/458] AYCS
[01:59:53] [30/458] SHAI
[01:59:54] [31/458] SKPE
[01:59:55] [32/458] SBTA
[01:59:55] [33/458] RTTD
[01:59:56] [34/458] CCJD
[01:59:57] [35/458] RSJJ
[01:59:58] [36/458] RKND
[01:59:58] [37/458] SVTX
[01:59:59] 🔄 Identity reset
[01:59:59] 🔄 Identity rotated (every 10 requests)
[01:59:59] [38/458] BAKM
[02:00:00] [39/458] SVDC
[02:00:01] [40/458] MNCV
[02:00:02] [41/458] SJGC
[02:00:03] [42/458] MTPK
[02:00:04] [43/458] GATP
[02:00:05] [44/458] ABTS
[02:00:05] [45/458] ABDE
[02:00:06] [46/458] RCNM
[02:00:07] [47/458] KTHV
[02:00:08] 🔄 Identity reset
[02:00:08] 🔄 Identity rotated (every 10 requests)
[02:00:08] [48/458] MDGJ
[02:00:09] [49/458] SMLM
[02:00:10] [50/458] JTMA
[02:00:10] [51/458] ACKP
[02:00:11] [52/458] SRTA
[02:00:12] [53/458] STAY
[02:00:14] [54/458] MAVO
[02:00:15] [55/458] APTS
[02:00:15] [56/458] OMEA
[02:00:16] [57/458] TTFD
[02:00:16] 🔄 Identity reset
[02:00:16] 🔄 Identity rotated (every 10 requests)
[02:00:16] [58/458] MJCU
[02:00:17] [59/458] CXTE
[02:00:18] [60/458] CTPX
[02:00:18] [61/458] ASSL
[02:00:19] [62/458] CMVB
[02:00:20] [63/458] VPUR
[02:00:21] [64/458] JJDA
[02:00:22] [65/458] INBL
[02:00:23] [66/458] BIKB
[02:00:24] [67/458] NTBB
[02:00:25] 🔄 Identity reset
[02:00:25] 🔄 Identity rotated (every 10 requests)
[02:00:25] 🔄 Retry 1/5 for NTBB in 2.2s
[02:00:25] 🔄 Identity reset
[02:00:27] 🧠 New identity created
[02:00:27] [68/458] GLOB
[02:00:28] [69/458] SNTB
[02:00:29] [70/458] CHGV
[02:00:29] [71/458] SSBZ
[02:00:31] [72/458] PRDB
[02:00:31] [73/458] ISMT
[02:00:32] [74/458] MCSD
[02:00:33] [75/458] JBTT
[02:00:34] [76/458] GEKR
[02:00:34] 🔄 Identity reset
[02:00:34] 🔄 Identity rotated (every 10 requests)
[02:00:35] [77/458] PVUN
[02:00:36] [78/458] NRTB
[02:00:37] [79/458] PRAA
[02:00:38] [80/458] PCBL
[02:00:38] [81/458] PTCM
[02:00:39] [82/458] KHNN
[02:00:40] [83/458] OMJE
[02:00:41] [84/458] STGN
[02:00:42] [85/458] RPMS
[02:00:42] [86/458] NWAD
[02:00:43] 🔄 Identity reset
[02:00:43] 🔄 Identity rotated (every 10 requests)
[02:00:43] [87/458] BLCK
[02:00:44] [88/458] SVAA
[02:00:46] [89/458] URVM
[02:00:46] [90/458] ANTM
[02:00:47] [91/458] VJYM
[02:00:48] [92/458] MAZZ
[02:00:49] [93/458] CSHM
[02:00:51] [94/458] WGMH
[02:00:52] [95/458] SALN
[02:00:53] [96/458] BRTP
[02:00:53] 🔄 Identity reset
[02:00:53] 🔄 Identity rotated (every 10 requests)
[02:00:53] [97/458] SVTA
[02:00:55] [98/458] SBTP
[02:00:56] [99/458] VLSS
[02:00:57] [100/458] SRJA
[02:00:59] [101/458] ANCG
[02:00:59] [102/458] CGGC
[02:01:00] [103/458] CRJA
[02:01:01] [104/458] USCR
[02:01:02] [105/458] MMEF
[02:01:02] [106/458] JCRJ
[02:01:03] 🔄 Identity reset
[02:01:03] 🔄 Identity rotated (every 10 requests)
[02:01:03] [107/458] ADCM
[02:01:04] [108/458] BMYK
[02:01:06] [109/458] KICS
[02:01:07] [110/458] MBBT
[02:01:07] [111/458] MACK
[02:01:08] [112/458] CLDR
[02:01:09] [113/458] JYCR
[02:01:10] [114/458] DCRP
[02:01:11] [115/458] RAHT
[02:01:11] [116/458] CSSM
[02:01:12] 🔄 Identity reset
[02:01:12] 🔄 Identity rotated (every 10 requests)
[02:01:12] 🔄 Retry 1/5 for CSSM in 2.5s
[02:01:12] 🔄 Identity reset
[02:01:15] 🧠 New identity created
[02:01:15] 🔄 Retry 2/5 for CSSM in 4.1s
[02:01:15] 🔄 Identity reset
[02:01:19] 🧠 New identity created
[02:01:20] [117/458] ATPK
[02:01:22] [118/458] KLRT
[02:01:23] [119/458] SRDD
[02:01:25] [120/458] CKMC
[02:01:26] [121/458] KRVM
[02:01:26] [122/458] AKCP
[02:01:27] [123/458] CNCV
[02:01:28] [124/458] PACT
[02:01:29] 🔄 Identity reset
[02:01:29] 🔄 Identity rotated (every 10 requests)
[02:01:29] [125/458] NATP
[02:01:30] [126/458] PCPK
[02:01:31] [127/458] SMHO
[02:01:32] [128/458] CWTK
[02:01:33] [129/458] RVKZ
[02:01:34] [130/458] ASPD
[02:01:35] [131/458] VTKZ
[02:01:36] [132/458] LCSO
[02:01:37] [133/458] PRDY
[02:01:38] [134/458] RCAP
[02:01:39] 🔄 Identity reset
[02:01:39] 🔄 Identity rotated (every 10 requests)
[02:01:39] [135/458] RGAR
[02:01:40] [136/458] RCAC
[02:01:41] [137/458] PMOD
[02:01:42] [138/458] PVCN
[02:01:43] [139/458] SCRZ
[02:01:44] [140/458] PVPC
[02:01:44] [141/458] STID
[02:01:45] [142/458] NEDD
[02:01:46] [143/458] BNBA
[02:01:47] [144/458] NTCD
[02:01:48] 🔄 Identity reset
[02:01:48] 🔄 Identity rotated (every 10 requests)
[02:01:48] [145/458] OCDE
[02:01:49] [146/458] CCDU
[02:01:50] [147/458] CRXH
[02:01:50] [148/458] VLVT
[02:01:51] [149/458] CICI
[02:01:52] [150/458] SUCB
[02:01:53] [151/458] TCBP
[02:01:55] [152/458] SCCY
[02:01:55] [153/458] LXCY
[02:01:56] [154/458] NCMD
[02:01:57] 🔄 Identity reset
[02:01:57] 🔄 Identity rotated (every 10 requests)
[02:01:57] 🔄 Retry 1/5 for NCMD in 2.2s
[02:01:57] 🔄 Identity reset
[02:01:59] 🧠 New identity created
[02:02:00] [155/458] PHCS
[02:02:01] [156/458] DUXR
[02:02:02] [157/458] VNKS
[02:02:03] [158/458] SEDP
[02:02:04] [159/458] SVEN
[02:02:06] [160/458] SRKM
[02:02:07] [161/458] JTLT
[02:02:08] [162/458] SVSS
[02:02:08] [163/458] AMDE
[02:02:09] 🔄 Identity reset
[02:02:09] 🔄 Identity rotated (every 10 requests)
[02:02:09] [164/458] WVRN
[02:02:10] [165/458] ISMG
[02:02:10] [166/458] WVKS
[02:02:11] [167/458] USCG
[02:02:13] [168/458] IOTG
[02:02:14] [169/458] RRJM
[02:02:15] [170/458] EDMP
[02:02:16] [171/458] SCGZ
[02:02:17] [172/458] GMGX
[02:02:18] [173/458] OMTP
[02:02:18] 🔄 Identity reset
[02:02:18] 🔄 Identity rotated (every 10 requests)
[02:02:19] [174/458] MITD
[02:02:19] [175/458] SMMD
[02:02:20] [176/458] STML
[02:02:22] [177/458] MCFS
[02:02:23] [178/458] FPKA
[02:02:24] [179/458] OMLR
[02:02:25] [180/458] KKSC
[02:02:26] [181/458] RVMA
[02:02:28] [182/458] SCLL
[02:02:29] [183/458] SCDK
[02:02:29] 🔄 Identity reset
[02:02:29] 🔄 Identity rotated (every 10 requests)
[02:02:30] [184/458] SXMI
[02:02:30] [185/458] SHDN
[02:02:32] [186/458] PAAD
[02:02:33] [187/458] UUCB
[02:02:34] [188/458] JHOL
[02:02:35] [189/458] SGWT
[02:02:36] [190/458] SRII
[02:02:37] [191/458] SGCK
[02:02:38] [192/458] SVVB
[02:02:38] [193/458] DMHA
[02:02:39] 🔄 Identity reset
[02:02:39] 🔄 Identity rotated (every 10 requests)
[02:02:39] [194/458] PPNL
[02:02:40] [195/458] CPNL
[02:02:41] [196/458] WVLD
[02:02:42] [197/458] PSLV
[02:02:44] [198/458] VTTL
[02:02:45] [199/458] NPAD
[02:02:46] [200/458] PVCS
[02:02:47] [201/458] MCHL
[02:02:47] [202/458] PPLL
[02:02:48] [203/458] MALO
[02:02:49] 🔄 Identity reset
[02:02:49] 🔄 Identity rotated (every 10 requests)
[02:02:49] 🔄 Retry 1/5 for MALO in 2.4s
[02:02:49] 🔄 Identity reset
[02:02:51] 🧠 New identity created
[02:02:52] [204/458] SWBH
[02:02:52] [205/458] PUGB
[02:02:53] [206/458] INBB
[02:02:54] [207/458] INNS
[02:02:55] [208/458] MCPT
[02:02:56] [209/458] SCMI
[02:02:57] [210/458] OCON
[02:02:58] [211/458] SCSM
[02:02:59] [212/458] RJVN
[02:03:00] 🔄 Identity reset
[02:03:00] 🔄 Identity rotated (every 10 requests)
[02:03:00] [213/458] AMDK
[02:03:01] [214/458] ISMR
[02:03:02] [215/458] SMTD
[02:03:03] [216/458] VTDD
[02:03:04] [217/458] PDDZ
[02:03:05] [218/458] PCCK
[02:03:06] [219/458] INAM
[02:03:06] [220/458] FNKT
[02:03:07] [221/458] GDKA
[02:03:08] [222/458] MAYU
[02:03:09] 🔄 Identity reset
[02:03:09] 🔄 Identity rotated (every 10 requests)
[02:03:09] 🔄 Retry 1/5 for MAYU in 2.1s
[02:03:09] 🔄 Identity reset
[02:03:11] 🧠 New identity created
[02:03:11] [223/458] TCGU
[02:03:12] [224/458] KDCA
[02:03:13] [225/458] DOMY
[02:03:13] [226/458] PDDD
[02:03:14] [227/458] BJTS
[02:03:15] [228/458] VTCA
[02:03:16] [229/458] SBTM
[02:03:16] [230/458] SEET
[02:03:17] [231/458] SSTJ
[02:03:18] 🔄 Identity reset
[02:03:18] 🔄 Identity rotated (every 10 requests)
[02:03:18] [232/458] SVNT
[02:03:19] [233/458] PPPR
[02:03:20] [234/458] PVYS
[02:03:21] [235/458] IOSE
[02:03:21] [236/458] ACTV
[02:03:22] [237/458] APVE
[02:03:23] [238/458] TCCL
[02:03:24] [239/458] SCMO
[02:03:25] [240/458] SAUM
[02:03:26] [241/458] KCJS
[02:03:27] 🔄 Identity reset
[02:03:27] 🔄 Identity rotated (every 10 requests)
[02:03:27] [242/458] NJCJ
[02:03:28] [243/458] NECF
[02:03:29] [244/458] CCGW
[02:03:30] [245/458] CCMG
[02:03:31] [246/458] NYRG
[02:03:32] [247/458] NCSQ
[02:03:33] [248/458] GRCG
[02:03:34] [249/458] CCBT
[02:03:35] [250/458] ACGA
[02:03:36] [251/458] INAG
[02:03:36] 🔄 Identity reset
[02:03:36] 🔄 Identity rotated (every 10 requests)
[02:03:36] [252/458] FUCG
[02:03:37] [253/458] AICF
[02:03:38] [254/458] GRGA
[02:03:39] [255/458] GDCN
[02:03:40] [256/458] RRCG
[02:03:41] [257/458] SDCH
[02:03:42] [258/458] WVJM
[02:03:43] [259/458] JCCZ
[02:03:44] [260/458] CNCL
[02:03:44] [261/458] TMLV
[02:03:45] 🔄 Identity reset
[02:03:45] 🔄 Identity rotated (every 10 requests)
[02:03:45] [262/458] MEMB
[02:03:46] [263/458] SGTD
[02:03:47] [264/458] CONX
[02:03:49] [265/458] CCMH
[02:03:49] [266/458] ACMC
[02:03:50] [267/458] DTPD
[02:03:51] [268/458] POJA
[02:03:51] [269/458] FNBH
[02:03:52] [270/458] CGCB
[02:03:53] [271/458] RACN
[02:03:54] 🔄 Identity reset
[02:03:54] 🔄 Identity rotated (every 10 requests)
[02:03:54] 🔄 Retry 1/5 for RACN in 2.3s
[02:03:54] 🔄 Identity reset
[02:03:56] 🧠 New identity created
[02:03:56] 🔄 Retry 2/5 for RACN in 4.5s
[02:03:56] 🔄 Identity reset
[02:04:01] 🧠 New identity created
[02:04:01] 🔄 Retry 3/5 for RACN in 8.3s
[02:04:01] 🔄 Identity reset
[02:04:09] 🧠 New identity created
[02:04:10] [272/458] JTSM
[02:04:11] [273/458] SCDN
[02:04:11] [274/458] AACK
[02:04:12] [275/458] RMCE
[02:04:13] [276/458] BSGB
[02:04:14] [277/458] MRCB
[02:04:15] [278/458] SRVR
[02:04:15] 🔄 Identity reset
[02:04:15] 🔄 Identity rotated (every 10 requests)
[02:04:15] [279/458] VTKK
[02:04:16] [280/458] AMST
[02:04:17] [281/458] APCY
[02:04:18] [282/458] LMHO
[02:04:18] [283/458] MTZH
[02:04:19] [284/458] AMZB
[02:04:20] [285/458] SUVT
[02:04:21] [286/458] RCIP
[02:04:22] [287/458] KESR
[02:04:23] [288/458] SNKC
[02:04:23] 🔄 Identity reset
[02:04:23] 🔄 Identity rotated (every 10 requests)
[02:04:24] [289/458] SCED
[02:04:25] [290/458] DVCA
[02:04:25] [291/458] VCDT
[02:04:26] [292/458] RRDI
[02:04:28] [293/458] DFCH
[02:04:29] [294/458] INSC
[02:04:30] [295/458] RGTR
[02:04:30] [296/458] FMOT
[02:04:31] [297/458] SCPM
[02:04:32] [298/458] GCDT
[02:04:32] 🔄 Identity reset
[02:04:32] 🔄 Identity rotated (every 10 requests)
[02:04:33] [299/458] BRKT
[02:04:34] [300/458] DEMP
[02:04:35] [301/458] SRLC
[02:04:36] [302/458] KSTT
[02:04:37] [303/458] SMMT
[02:04:37] [304/458] SILM
[02:04:38] [305/458] JCVM
[02:04:39] [306/458] KCSV
[02:04:40] [307/458] MHLK
[02:04:41] [308/458] SLVL
[02:04:42] 🔄 Identity reset
[02:04:42] 🔄 Identity rotated (every 10 requests)
[02:04:42] 🔄 Retry 1/5 for SLVL in 2.3s
[02:04:42] 🔄 Identity reset
[02:04:44] 🧠 New identity created
[02:04:44] [309/458] RJKP
[02:04:45] [310/458] BBPC
[02:04:46] [311/458] MXCB
[02:04:47] [312/458] TCPK
[02:04:48] [313/458] RTBR
[02:04:49] [314/458] GAUT
[02:04:50] [315/458] DVCF
[02:04:52] [316/458] JTSB
[02:04:53] [317/458] SBLS
[02:04:53] 🔄 Identity reset
[02:04:53] 🔄 Identity rotated (every 10 requests)
[02:04:54] 🔄 Retry 1/5 for SBLS in 2.6s
[02:04:54] 🔄 Identity reset
[02:04:56] 🧠 New identity created
[02:04:57] [318/458] UDAY
[02:04:58] [319/458] PTNP
[02:05:00] [320/458] DMKT
[02:05:01] [321/458] NTDT
[02:05:02] [322/458] SHDJ
[02:05:02] [323/458] OTNC
[02:05:03] [324/458] RNTW
[02:05:04] [325/458] GCMI
[02:05:05] [326/458] CRCM
[02:05:06] 🔄 Identity reset
[02:05:06] 🔄 Identity rotated (every 10 requests)
[02:05:06] [327/458] NNCZ
[02:05:07] [328/458] OEMO
[02:05:08] [329/458] PVJM
[02:05:09] [330/458] CPJI
[02:05:10] [331/458] RMCJ
[02:05:11] [332/458] CNWJ
[02:05:12] [333/458] EPJM
[02:05:12] [334/458] FNJJ
[02:05:13] [335/458] GCMJ
[02:05:14] [336/458] INPS
[02:05:14] 🔄 Identity reset
[02:05:15] 🔄 Identity rotated (every 10 requests)
[02:05:15] [337/458] BICJ
[02:05:16] [338/458] ISTJ
[02:05:17] [339/458] INJC
[02:05:18] [340/458] GLXJ
[02:05:19] [341/458] INEM
[02:05:19] [342/458] JTMN
[02:05:20] [343/458] FRCJ
[02:05:21] [344/458] DDJP
[02:05:22] [345/458] INJV
[02:05:23] [346/458] GOLC
[02:05:24] 🔄 Identity reset
[02:05:24] 🔄 Identity rotated (every 10 requests)
[02:05:24] [347/458] KOCI
[02:05:25] [348/458] FSTD
[02:05:27] [349/458] PACJ
[02:05:28] [350/458] GMCN
[02:05:29] [351/458] MMDJ
[02:05:30] [352/458] GODH
[02:05:31] [353/458] SKYN
[02:05:32] [354/458] NCTH
[02:05:33] [355/458] SKVZ
[02:05:34] [356/458] SVML
[02:05:34] 🔄 Identity reset
[02:05:34] 🔄 Identity rotated (every 10 requests)
[02:05:34] [357/458] ACVZ
[02:05:35] [358/458] SURA
[02:05:36] [359/458] RTRB
[02:05:37] [360/458] LLCT
[02:05:38] [361/458] ATTS
[02:05:39] [362/458] JYCM
[02:05:39] [363/458] CTKR
[02:05:41] [364/458] LCKR
[02:05:42] [365/458] NYCV
[02:05:42] [366/458] NYOH
[02:05:43] 🔄 Identity reset
[02:05:43] 🔄 Identity rotated (every 10 requests)
[02:05:43] [367/458] NOVX
[02:05:44] [368/458] MRGK
[02:05:45] [369/458] MOON
[02:05:45] [370/458] SBUC
[02:05:46] [371/458] GSVA
[02:05:47] [372/458] VIAK
[02:05:48] [373/458] SMVZ
[02:05:49] [374/458] MATE
[02:05:50] [375/458] RDCN
[02:05:50] [376/458] ASBL
[02:05:51] 🔄 Identity reset
[02:05:51] 🔄 Identity rotated (every 10 requests)
[02:05:51] 🔄 Retry 1/5 for ASBL in 2.8s
[02:05:51] 🔄 Identity reset
[02:05:54] 🧠 New identity created
[02:05:54] [377/458] ASVS
[02:05:55] [378/458] ASSR
[02:05:55] [379/458] SSKN
[02:05:56] [380/458] DRPV
[02:06:09] 🔄 Retry 1/5 for DRPV in 2.4s
[02:06:09] 🔄 Identity reset
[02:06:11] 🧠 New identity created
[02:06:17] [381/458] MRHT
[02:06:18] [382/458] BSCN
[02:06:19] [383/458] RKNX
[02:06:19] [384/458] MSMC
[02:06:20] 🔄 Identity reset
[02:06:20] 🔄 Identity rotated (every 10 requests)
[02:06:20] [385/458] MSCJ
[02:06:21] [386/458] BTBJ
[02:06:21] [387/458] MJCC
[02:06:22] [388/458] IOMM
[02:06:22] [389/458] ADGR
[02:06:23] [390/458] MYCP
[02:06:24] [391/458] IGCM
[02:06:25] [392/458] PGRK
[02:06:25] [393/458] VPGO
[02:06:26] [394/458] KOMS
[02:06:27] 🔄 Identity reset
[02:06:27] 🔄 Identity rotated (every 10 requests)
[02:06:27] [395/458] URGG
[02:06:27] [396/458] GOST
[02:06:28] [397/458] LACT
[02:06:29] [398/458] BWCM
[02:06:29] [399/458] NCCW
[02:06:30] [400/458] SKYC
[02:06:31] [401/458] CCPM
[02:06:31] [402/458] VCBT
[02:06:32] [403/458] SDKR
[02:06:33] [404/458] CTYB
[02:06:33] 🔄 Identity reset
[02:06:33] 🔄 Identity rotated (every 10 requests)
[02:06:33] [405/458] SHCX
[02:06:34] [406/458] RCUN
[02:06:34] [407/458] CNRA
[02:06:35] [408/458] RFCA
[02:06:36] [409/458] RDCU
[02:06:37] [410/458] SARK
[02:06:37] [411/458] SPPP
[02:06:38] [412/458] ADMB
[02:06:39] [413/458] JYOE
[02:06:39] [414/458] SRMD
[02:06:40] 🔄 Identity reset
[02:06:40] 🔄 Identity rotated (every 10 requests)
[02:06:40] [415/458] RJDH
[02:06:41] [416/458] SSTD
[02:06:42] [417/458] AACV
[02:06:43] [418/458] PPVD
[02:06:44] [419/458] STCP
[02:06:45] [420/458] ANLS
[02:06:46] [421/458] BIJO
[02:06:47] [422/458] AVAB
[02:06:47] [423/458] SPMD
[02:06:48] [424/458] SVJL
[02:06:49] 🔄 Identity reset
[02:06:49] 🔄 Identity rotated (every 10 requests)
[02:06:49] [425/458] SDDJ
[02:06:50] [426/458] SLTU
[02:06:51] [427/458] SAKA
[02:06:52] [428/458] PMAM
[02:06:53] [429/458] FNAM
[02:06:53] [430/458] ACAM
[02:06:54] [431/458] SCMM
[02:06:55] [432/458] PMAK
[02:06:56] [433/458] NYSA
[02:06:57] [434/458] FCPA
[02:06:57] 🔄 Identity reset
[02:06:57] 🔄 Identity rotated (every 10 requests)
[02:06:57] [435/458] GDAN
[02:06:58] [436/458] RSCA
[02:06:59] [437/458] DMAN
[02:07:01] [438/458] DZCM
[02:07:01] [439/458] NSGL
[02:07:02] [440/458] CCPP
[02:07:04] [441/458] PSMG
[02:07:04] [442/458] GSER
[02:07:05] [443/458] FCCT
[02:07:06] [444/458] FCTB
[02:07:07] 🔄 Identity reset
[02:07:07] 🔄 Identity rotated (every 10 requests)
[02:07:07] [445/458] LCNK
[02:07:08] [446/458] SKTY
[02:07:09] [447/458] INAA
[02:07:10] [448/458] RCWN
[02:07:10] [449/458] VAIS
[02:07:11] [450/458] CVMN
[02:07:12] [451/458] INTS
[02:07:14] [452/458] FRGS
[02:07:14] [453/458] DTCK
[02:07:15] [454/458] MCMH
[02:07:16] 🔄 Identity reset
[02:07:16] 🔄 Identity rotated (every 10 requests)
[02:07:16] [455/458] ECRR
[02:07:17] [456/458] RLLP
[02:07:17] [457/458] CCSN
[02:07:18] [458/458] CCBA
[02:07:19] ✅ DONE | Shows=0 | Movies=0
[02:17:58] 🚀 BMS DAILY TRACKER STARTED (enhanced anti‑detection)
[02:17:58] [1/458] MBDC
[02:17:58] 🧠 New identity created
[02:17:59] [2/458] CHKM
[02:17:59] [3/458] JTKZ
[02:18:00] [4/458] CMCT
[02:18:00] [5/458] ASHO
[02:18:01] [6/458] ECDG
[02:18:02] [7/458] SPAT
[02:18:02] [8/458] HILC
[02:18:03] [9/458] SPPH
[02:18:04] [10/458] SBHN
[02:18:04] 🔄 Identity reset
[02:18:04] 🔄 Identity rotated (every 10 requests)
[02:18:04] [11/458] RRCA
[02:18:05] [12/458] APAA
[02:18:05] [13/458] RAME
[02:18:06] [14/458] TMMS
[02:18:06] [15/458] BATK
[02:18:07] [16/458] LKOP
[02:18:08] [17/458] AMTT
[02:18:08] [18/458] PTGK
[02:18:09] [19/458] ANRS
[02:18:09] [20/458] VWBW
[02:18:10] 🔄 Identity reset
[02:18:10] 🔄 Identity rotated (every 10 requests)
[02:18:10] 🔄 Retry 1/5 for VWBW in 2.7s
[02:18:10] 🔄 Identity reset
[02:18:13] 🧠 New identity created
[02:18:13] [21/458] SVFG
[02:18:14] [22/458] STAT
[02:18:14] [23/458] GDCV
[02:18:15] [24/458] VEBI
[02:18:15] [25/458] VDSS
[02:18:16] [26/458] NTHV
[02:18:16] [27/458] AOCH
[02:18:17] [28/458] KASR
[02:18:18] [29/458] AYCS
[02:18:18] 🔄 Identity reset
[02:18:18] 🔄 Identity rotated (every 10 requests)
[02:18:18] 🔄 Retry 1/5 for AYCS in 2.2s
[02:18:18] 🔄 Identity reset
[02:18:21] 🧠 New identity created
[02:18:21] 🔄 Retry 2/5 for AYCS in 4.7s
[02:18:21] 🔄 Identity reset
[02:18:25] 🧠 New identity created
[02:18:25] [30/458] SHAI
[02:18:26] [31/458] SKPE
[02:18:27] [32/458] SBTA
[02:18:27] [33/458] RTTD
[02:18:28] [34/458] CCJD
[02:18:28] [35/458] RSJJ
[02:18:29] [36/458] RKND
[02:18:30] [37/458] SVTX
[02:18:30] 🔄 Identity reset
[02:18:30] 🔄 Identity rotated (every 10 requests)
[02:18:30] 🔄 Retry 1/5 for SVTX in 2.4s
[02:18:30] 🔄 Identity reset
[02:18:33] 🧠 New identity created
[02:18:33] 🔄 Retry 2/5 for SVTX in 4.4s
[02:18:33] 🔄 Identity reset
[02:18:37] 🧠 New identity created
[02:18:37] [38/458] BAKM
[02:18:38] [39/458] SVDC
[02:18:39] [40/458] MNCV
[02:18:39] [41/458] SJGC
[02:18:40] [42/458] MTPK
[02:18:40] [43/458] GATP
[02:18:41] [44/458] ABTS
[02:18:42] [45/458] ABDE
[02:18:42] 🔄 Identity reset
[02:18:43] 🔄 Identity rotated (every 10 requests)
[02:18:43] [46/458] RCNM
[02:18:43] [47/458] KTHV
[02:18:44] [48/458] MDGJ
[02:18:45] [49/458] SMLM
[02:18:45] [50/458] JTMA
[02:18:46] [51/458] ACKP
[02:18:46] [52/458] SRTA
[02:18:47] [53/458] STAY
[02:18:48] [54/458] MAVO
[02:18:48] [55/458] APTS
[02:18:49] 🔄 Identity reset
[02:18:49] 🔄 Identity rotated (every 10 requests)
[02:18:49] [56/458] OMEA
[02:18:49] [57/458] TTFD
[02:18:50] [58/458] MJCU
[02:18:51] [59/458] CXTE
[02:18:51] [60/458] CTPX
[02:18:52] [61/458] ASSL
[02:18:53] [62/458] CMVB
[02:18:53] [63/458] VPUR
[02:18:54] [64/458] JJDA
[02:18:55] [65/458] INBL
[02:18:55] 🔄 Identity reset
[02:18:55] 🔄 Identity rotated (every 10 requests)
[02:18:55] [66/458] BIKB
[02:18:56] [67/458] NTBB
[02:18:57] [68/458] GLOB
[02:18:57] [69/458] SNTB
[02:18:58] [70/458] CHGV
[02:18:59] [71/458] SSBZ
[02:19:00] [72/458] PRDB
[02:19:00] [73/458] ISMT
[02:19:01] [74/458] MCSD
[02:19:01] [75/458] JBTT
[02:19:02] 🔄 Identity reset
[02:19:02] 🔄 Identity rotated (every 10 requests)
[02:19:02] [76/458] GEKR
[02:19:02] [77/458] PVUN
[02:19:03] [78/458] NRTB
[02:19:04] [79/458] PRAA
[02:19:04] [80/458] PCBL
[02:19:05] [81/458] PTCM
[02:19:05] [82/458] KHNN
[02:19:06] [83/458] OMJE
[02:19:07] [84/458] STGN
[02:19:07] [85/458] RPMS
[02:19:08] 🔄 Identity reset
[02:19:08] 🔄 Identity rotated (every 10 requests)
[02:19:08] 🔄 Retry 1/5 for RPMS in 2.1s
[02:19:08] 🔄 Identity reset
[02:19:10] 🧠 New identity created
[02:19:10] [86/458] NWAD
[02:19:11] [87/458] BLCK
[02:19:11] [88/458] SVAA
[02:19:12] [89/458] URVM
[02:19:13] [90/458] ANTM
[02:19:13] [91/458] VJYM
[02:19:14] [92/458] MAZZ
[02:19:14] [93/458] CSHM
[02:19:15] [94/458] WGMH
[02:19:16] 🔄 Identity reset
[02:19:16] 🔄 Identity rotated (every 10 requests)
[02:19:16] 🔄 Retry 1/5 for WGMH in 2.2s
[02:19:16] 🔄 Identity reset
[02:19:18] 🧠 New identity created
[02:19:18] [95/458] SALN
[02:19:19] [96/458] BRTP
[02:19:19] [97/458] SVTA
[02:19:20] [98/458] SBTP
[02:19:20] [99/458] VLSS
[02:19:21] [100/458] SRJA
[02:19:22] [101/458] ANCG
[02:19:22] [102/458] CGGC
[02:19:23] [103/458] CRJA
[02:19:24] 🔄 Identity reset
[02:19:24] 🔄 Identity rotated (every 10 requests)
[02:19:24] [104/458] USCR
[02:19:24] [105/458] MMEF
[02:19:25] [106/458] JCRJ
[02:19:25] [107/458] ADCM
[02:19:26] [108/458] BMYK
[02:19:27] [109/458] KICS
[02:19:27] [110/458] MBBT
[02:19:28] [111/458] MACK
[02:19:28] [112/458] CLDR
[02:19:29] [113/458] JYCR
[02:19:30] 🔄 Identity reset
[02:19:30] 🔄 Identity rotated (every 10 requests)
[02:19:30] [114/458] DCRP
[02:19:31] [115/458] RAHT
[02:19:31] [116/458] CSSM
[02:19:32] [117/458] ATPK
[02:19:33] [118/458] KLRT
[02:19:33] [119/458] SRDD
[02:19:34] [120/458] CKMC
[02:19:35] [121/458] KRVM
[02:19:35] [122/458] AKCP
[02:19:36] [123/458] CNCV
[02:19:37] 🔄 Identity reset
[02:19:37] 🔄 Identity rotated (every 10 requests)
[02:19:37] [124/458] PACT
[02:19:38] [125/458] NATP
[02:19:38] [126/458] PCPK
[02:19:39] [127/458] SMHO
[02:19:40] [128/458] CWTK
[02:19:40] [129/458] RVKZ
[02:19:41] [130/458] ASPD
[02:19:41] [131/458] VTKZ
[02:19:42] [132/458] LCSO
[02:19:43] [133/458] PRDY
[02:19:43] 🔄 Identity reset
[02:19:43] 🔄 Identity rotated (every 10 requests)
[02:19:43] [134/458] RCAP
[02:19:44] [135/458] RGAR
[02:19:45] [136/458] RCAC
[02:19:45] [137/458] PMOD
[02:19:46] [138/458] PVCN
[02:19:47] [139/458] SCRZ
[02:19:47] [140/458] PVPC
[02:19:48] [141/458] STID
[02:19:49] [142/458] NEDD
[02:19:49] [143/458] BNBA
[02:19:50] 🔄 Identity reset
[02:19:50] 🔄 Identity rotated (every 10 requests)
[02:19:50] [144/458] NTCD
[02:19:51] [145/458] OCDE
[02:19:51] [146/458] CCDU
[02:19:52] [147/458] CRXH
[02:19:53] [148/458] VLVT
[02:19:53] [149/458] CICI
[02:19:54] [150/458] SUCB
[02:19:55] [151/458] TCBP
[02:19:55] [152/458] SCCY
[02:19:56] [153/458] LXCY
[02:19:56] 🔄 Identity reset
[02:19:57] 🔄 Identity rotated (every 10 requests)
[02:19:57] [154/458] NCMD
[02:19:57] [155/458] PHCS
[02:19:58] [156/458] DUXR
[02:19:58] [157/458] VNKS
[02:19:59] [158/458] SEDP
[02:20:00] [159/458] SVEN
[02:20:00] [160/458] SRKM
[02:20:01] [161/458] JTLT
[02:20:01] [162/458] SVSS
[02:20:02] [163/458] AMDE
[02:20:02] 🔄 Identity reset
[02:20:02] 🔄 Identity rotated (every 10 requests)
[02:20:03] [164/458] WVRN
[02:20:03] [165/458] ISMG
[02:20:04] [166/458] WVKS
[02:20:04] [167/458] USCG
[02:20:05] [168/458] IOTG
[02:20:06] [169/458] RRJM
[02:20:06] [170/458] EDMP
[02:20:07] [171/458] SCGZ
[02:20:08] [172/458] GMGX
[02:20:08] [173/458] OMTP
[02:20:09] 🔄 Identity reset
[02:20:09] 🔄 Identity rotated (every 10 requests)
[02:20:09] 🔄 Retry 1/5 for OMTP in 2.8s
[02:20:09] 🔄 Identity reset
[02:20:12] 🧠 New identity created
[02:20:12] 🔄 Retry 2/5 for OMTP in 4.3s
[02:20:12] 🔄 Identity reset
[02:20:16] 🧠 New identity created
[02:20:16] [174/458] MITD
[02:20:17] [175/458] SMMD
[02:20:18] [176/458] STML
[02:20:18] [177/458] MCFS
[02:20:19] [178/458] FPKA
[02:20:19] [179/458] OMLR
[02:20:20] [180/458] KKSC
[02:20:20] [181/458] RVMA
[02:20:21] 🔄 Identity reset
[02:20:21] 🔄 Identity rotated (every 10 requests)
[02:20:21] [182/458] SCLL
[02:20:21] [183/458] SCDK
[02:20:22] [184/458] SXMI
[02:20:23] [185/458] SHDN
[02:20:23] [186/458] PAAD
[02:20:24] [187/458] UUCB
[02:20:24] [188/458] JHOL
[02:20:25] [189/458] SGWT
[02:20:26] [190/458] SRII
[02:20:26] [191/458] SGCK
[02:20:27] 🔄 Identity reset
[02:20:27] 🔄 Identity rotated (every 10 requests)
[02:20:27] [192/458] SVVB
[02:20:28] [193/458] DMHA
[02:20:28] [194/458] PPNL
[02:20:29] [195/458] CPNL
[02:20:29] [196/458] WVLD
[02:20:30] [197/458] PSLV
[02:20:31] [198/458] VTTL
[02:20:31] [199/458] NPAD
[02:20:32] [200/458] PVCS
[02:20:33] [201/458] MCHL
[02:20:33] 🔄 Identity reset
[02:20:34] 🔄 Identity rotated (every 10 requests)
[02:20:34] [202/458] PPLL
[02:20:34] [203/458] MALO
[02:20:35] [204/458] SWBH
[02:20:36] [205/458] PUGB
[02:20:36] [206/458] INBB
[02:20:37] [207/458] INNS
[02:20:37] [208/458] MCPT
[02:20:38] [209/458] SCMI
[02:20:39] [210/458] OCON
[02:20:39] [211/458] SCSM
[02:20:40] 🔄 Identity reset
[02:20:40] 🔄 Identity rotated (every 10 requests)
[02:20:40] [212/458] RJVN
[02:20:41] [213/458] AMDK
[02:20:41] [214/458] ISMR
[02:20:42] [215/458] SMTD
[02:20:43] [216/458] VTDD
[02:20:43] [217/458] PDDZ
[02:20:44] [218/458] PCCK
[02:20:44] [219/458] INAM
[02:20:45] [220/458] FNKT
[02:20:46] [221/458] GDKA
[02:20:46] 🔄 Identity reset
[02:20:46] 🔄 Identity rotated (every 10 requests)
[02:20:46] [222/458] MAYU
[02:20:47] [223/458] TCGU
[02:20:47] [224/458] KDCA
[02:20:48] [225/458] DOMY
[02:20:49] [226/458] PDDD
[02:20:49] [227/458] BJTS
[02:20:50] [228/458] VTCA
[02:20:51] [229/458] SBTM
[02:20:51] [230/458] SEET
[02:20:52] [231/458] SSTJ
[02:20:52] 🔄 Identity reset
[02:20:53] 🔄 Identity rotated (every 10 requests)
[02:20:53] [232/458] SVNT
[02:20:53] [233/458] PPPR
[02:20:54] [234/458] PVYS
[02:20:54] [235/458] IOSE
[02:20:55] [236/458] ACTV
[02:20:56] [237/458] APVE
[02:20:56] [238/458] TCCL
[02:20:57] [239/458] SCMO
[02:20:57] [240/458] SAUM
[02:20:58] [241/458] KCJS
[02:20:59] 🔄 Identity reset
[02:20:59] 🔄 Identity rotated (every 10 requests)
[02:20:59] [242/458] NJCJ
[02:20:59] [243/458] NECF
[02:21:00] [244/458] CCGW
[02:21:01] [245/458] CCMG
[02:21:01] [246/458] NYRG
[02:21:02] [247/458] NCSQ
[02:21:03] [248/458] GRCG
[02:21:03] [249/458] CCBT
[02:21:04] [250/458] ACGA
[02:21:04] [251/458] INAG
[02:21:05] 🔄 Identity reset
[02:21:05] 🔄 Identity rotated (every 10 requests)
[02:21:05] 🔄 Retry 1/5 for INAG in 2.5s
[02:21:05] 🔄 Identity reset
[02:21:08] 🧠 New identity created
[02:21:08] 🔄 Retry 2/5 for INAG in 4.3s
[02:21:08] 🔄 Identity reset
[02:21:12] 🧠 New identity created
[02:21:12] 🔄 Retry 3/5 for INAG in 8.1s
[02:21:12] 🔄 Identity reset
[02:21:20] 🧠 New identity created
[02:21:20] [252/458] FUCG
[02:21:21] [253/458] AICF
[02:21:21] [254/458] GRGA
[02:21:22] [255/458] GDCN
[02:21:23] [256/458] RRCG
[02:21:23] [257/458] SDCH
[02:21:24] [258/458] WVJM
[02:21:25] 🔄 Identity reset
[02:21:25] 🔄 Identity rotated (every 10 requests)
[02:21:25] [259/458] JCCZ
[02:21:25] [260/458] CNCL
[02:21:26] [261/458] TMLV
[02:21:27] [262/458] MEMB
[02:21:27] [263/458] SGTD
[02:21:28] [264/458] CONX
[02:21:28] [265/458] CCMH
[02:21:29] [266/458] ACMC
[02:21:29] [267/458] DTPD
[02:21:30] [268/458] POJA
[02:21:31] 🔄 Identity reset
[02:21:31] 🔄 Identity rotated (every 10 requests)
[02:21:31] [269/458] FNBH
[02:21:32] [270/458] CGCB
[02:21:32] [271/458] RACN
[02:21:33] [272/458] JTSM
[02:21:34] [273/458] SCDN
[02:21:34] [274/458] AACK
[02:21:35] [275/458] RMCE
[02:21:36] [276/458] BSGB
[02:21:36] [277/458] MRCB
[02:21:37] [278/458] SRVR
[02:21:38] 🔄 Identity reset
[02:21:38] 🔄 Identity rotated (every 10 requests)
[02:21:38] [279/458] VTKK
[02:21:39] [280/458] AMST
[02:21:39] [281/458] APCY
[02:21:40] [282/458] LMHO
[02:21:41] [283/458] MTZH
[02:21:41] [284/458] AMZB
[02:21:42] [285/458] SUVT
[02:21:43] [286/458] RCIP
[02:21:43] [287/458] KESR
[02:21:44] [288/458] SNKC
[02:21:44] 🔄 Identity reset
[02:21:44] 🔄 Identity rotated (every 10 requests)
[02:21:44] [289/458] SCED
[02:21:45] [290/458] DVCA
[02:21:45] [291/458] VCDT
[02:21:46] [292/458] RRDI
[02:21:47] [293/458] DFCH
[02:21:47] [294/458] INSC
[02:21:48] [295/458] RGTR
[02:21:49] [296/458] FMOT
[02:21:49] [297/458] SCPM
[02:21:50] [298/458] GCDT
[02:21:51] 🔄 Identity reset
[02:21:51] 🔄 Identity rotated (every 10 requests)
[02:21:51] 🔄 Retry 1/5 for GCDT in 2.0s
[02:21:51] 🔄 Identity reset
[02:21:53] 🧠 New identity created
[02:21:53] [299/458] BRKT
[02:21:53] [300/458] DEMP
[02:21:54] [301/458] SRLC
[02:21:55] [302/458] KSTT
[02:21:55] [303/458] SMMT
[02:21:56] [304/458] SILM
[02:21:57] [305/458] JCVM
[02:21:57] [306/458] KCSV
[02:21:58] [307/458] MHLK
[02:21:58] 🔄 Identity reset
[02:21:58] 🔄 Identity rotated (every 10 requests)
[02:21:58] [308/458] SLVL
[02:21:59] [309/458] RJKP
[02:22:00] [310/458] BBPC
[02:22:00] [311/458] MXCB
[02:22:01] [312/458] TCPK
[02:22:02] [313/458] RTBR
[02:22:03] [314/458] GAUT
[02:22:03] [315/458] DVCF
[02:22:04] [316/458] JTSB
[02:22:05] [317/458] SBLS
[02:22:05] 🔄 Identity reset
[02:22:05] 🔄 Identity rotated (every 10 requests)
[02:22:05] [318/458] UDAY
[02:22:06] [319/458] PTNP
[02:22:06] [320/458] DMKT
[02:22:07] [321/458] NTDT
[02:22:07] [322/458] SHDJ
[02:22:08] [323/458] OTNC
[02:22:09] [324/458] RNTW
[02:22:10] [325/458] GCMI
[02:22:10] [326/458] CRCM
[02:22:11] [327/458] NNCZ
[02:22:11] 🔄 Identity reset
[02:22:11] 🔄 Identity rotated (every 10 requests)
[02:22:11] 🔄 Retry 1/5 for NNCZ in 2.1s
[02:22:11] 🔄 Identity reset
[02:22:13] 🧠 New identity created
[02:22:14] [328/458] OEMO
[02:22:14] [329/458] PVJM
[02:22:15] [330/458] CPJI
[02:22:16] [331/458] RMCJ
[02:22:16] [332/458] CNWJ
[02:22:17] [333/458] EPJM
[02:22:18] [334/458] FNJJ
[02:22:18] [335/458] GCMJ
[02:22:19] [336/458] INPS
[02:22:20] 🔄 Identity reset
[02:22:20] 🔄 Identity rotated (every 10 requests)
[02:22:20] 🔄 Retry 1/5 for INPS in 2.2s
[02:22:20] 🔄 Identity reset
[02:22:22] 🧠 New identity created
[02:22:22] [337/458] BICJ
[02:22:23] [338/458] ISTJ
[02:22:23] [339/458] INJC
[02:22:24] [340/458] GLXJ
[02:22:25] [341/458] INEM
[02:22:25] [342/458] JTMN
[02:22:26] [343/458] FRCJ
[02:22:26] [344/458] DDJP
[02:22:27] [345/458] INJV
[02:22:28] 🔄 Identity reset
[02:22:28] 🔄 Identity rotated (every 10 requests)
[02:22:28] [346/458] GOLC
[02:22:28] [347/458] KOCI
[02:22:29] [348/458] FSTD
[02:22:30] [349/458] PACJ
[02:22:30] [350/458] GMCN
[02:22:31] [351/458] MMDJ
[02:22:32] [352/458] GODH
[02:22:32] [353/458] SKYN
[02:22:33] [354/458] NCTH
[02:22:33] [355/458] SKVZ
[02:22:34] 🔄 Identity reset
[02:22:34] 🔄 Identity rotated (every 10 requests)
[02:22:34] [356/458] SVML
[02:22:35] [357/458] ACVZ
[02:22:36] [358/458] SURA
[02:22:36] [359/458] RTRB
[02:22:37] [360/458] LLCT
[02:22:37] [361/458] ATTS
[02:22:38] [362/458] JYCM
[02:22:39] [363/458] CTKR
[02:22:39] [364/458] LCKR
[02:22:40] [365/458] NYCV
[02:22:41] 🔄 Identity reset
[02:22:41] 🔄 Identity rotated (every 10 requests)
[02:22:41] [366/458] NYOH
[02:22:41] [367/458] NOVX
[02:22:42] [368/458] MRGK
[02:22:43] [369/458] MOON
[02:22:43] [370/458] SBUC
[02:22:44] [371/458] GSVA
[02:22:44] [372/458] VIAK
[02:22:45] [373/458] SMVZ
[02:22:46] [374/458] MATE
[02:22:46] [375/458] RDCN
[02:22:47] 🔄 Identity reset
[02:22:47] 🔄 Identity rotated (every 10 requests)
[02:22:47] 🔄 Retry 1/5 for RDCN in 2.8s
[02:22:47] 🔄 Identity reset
[02:22:50] 🧠 New identity created
[02:22:50] [376/458] ASBL
[02:22:50] [377/458] ASVS
[02:22:51] [378/458] ASSR
[02:22:52] [379/458] SSKN
[02:22:52] [380/458] DRPV
[02:22:53] [381/458] MRHT
[02:22:54] [382/458] BSCN
[02:22:54] [383/458] RKNX
[02:22:55] [384/458] MSMC
[02:22:55] 🔄 Identity reset
[02:22:55] 🔄 Identity rotated (every 10 requests)
[02:22:55] [385/458] MSCJ
[02:22:56] [386/458] BTBJ
[02:22:57] [387/458] MJCC
[02:22:57] [388/458] IOMM
[02:22:58] [389/458] ADGR
[02:22:59] [390/458] MYCP
[02:22:59] [391/458] IGCM
[02:23:00] [392/458] PGRK
[02:23:01] [393/458] VPGO
[02:23:01] [394/458] KOMS
[02:23:02] 🔄 Identity reset
[02:23:02] 🔄 Identity rotated (every 10 requests)
[02:23:02] [395/458] URGG
[02:23:03] [396/458] GOST
[02:23:04] [397/458] LACT
[02:23:04] [398/458] BWCM
[02:23:05] [399/458] NCCW
[02:23:05] [400/458] SKYC
[02:23:06] [401/458] CCPM
[02:23:07] [402/458] VCBT
[02:23:07] [403/458] SDKR
[02:23:08] [404/458] CTYB
[02:23:09] 🔄 Identity reset
[02:23:09] 🔄 Identity rotated (every 10 requests)
[02:23:09] [405/458] SHCX
[02:23:09] [406/458] RCUN
[02:23:10] [407/458] CNRA
[02:23:10] [408/458] RFCA
[02:23:11] [409/458] RDCU
[02:23:11] [410/458] SARK
[02:23:12] [411/458] SPPP
[02:23:13] [412/458] ADMB
[02:23:13] [413/458] JYOE
[02:23:14] [414/458] SRMD
[02:23:14] 🔄 Identity reset
[02:23:14] 🔄 Identity rotated (every 10 requests)
[02:23:14] [415/458] RJDH
[02:23:15] [416/458] SSTD
[02:23:16] [417/458] AACV
[02:23:16] [418/458] PPVD
[02:23:17] [419/458] STCP
[02:23:17] [420/458] ANLS
[02:23:18] [421/458] BIJO
[02:23:18] [422/458] AVAB
[02:23:19] [423/458] SPMD
[02:23:20] [424/458] SVJL
[02:23:20] 🔄 Identity reset
[02:23:20] 🔄 Identity rotated (every 10 requests)
[02:23:20] 🔄 Retry 1/5 for SVJL in 2.8s
[02:23:20] 🔄 Identity reset
[02:23:23] 🧠 New identity created
[02:23:23] [425/458] SDDJ
[02:23:24] [426/458] SLTU
[02:23:25] [427/458] SAKA
[02:23:25] [428/458] PMAM
[02:23:26] [429/458] FNAM
[02:23:27] [430/458] ACAM
[02:23:27] [431/458] SCMM
[02:23:28] [432/458] PMAK
[02:23:28] [433/458] NYSA
[02:23:29] 🔄 Identity reset
[02:23:29] 🔄 Identity rotated (every 10 requests)
[02:23:29] 🔄 Retry 1/5 for NYSA in 2.9s
[02:23:29] 🔄 Identity reset
[02:23:32] 🧠 New identity created
[02:23:32] [434/458] FCPA
[02:23:33] [435/458] GDAN
[02:23:33] [436/458] RSCA
[02:23:34] [437/458] DMAN
[02:23:35] [438/458] DZCM
[02:23:35] [439/458] NSGL
[02:23:36] [440/458] CCPP
[02:23:36] [441/458] PSMG
[02:23:37] [442/458] GSER
[02:23:38] 🔄 Identity reset
[02:23:38] 🔄 Identity rotated (every 10 requests)
[02:23:38] 🔄 Retry 1/5 for GSER in 2.8s
[02:23:38] 🔄 Identity reset
[02:23:41] 🧠 New identity created
[02:23:41] [443/458] FCCT
[02:23:41] [444/458] FCTB
[02:23:42] [445/458] LCNK
[02:23:42] [446/458] SKTY
[02:23:43] [447/458] INAA
[02:23:44] [448/458] RCWN
[02:23:45] [449/458] VAIS
[02:23:45] [450/458] CVMN
[02:23:46] [451/458] INTS
[02:23:46] 🔄 Identity reset
[02:23:47] 🔄 Identity rotated (every 10 requests)
[02:23:47] [452/458] FRGS
[02:23:47] [453/458] DTCK
[02:23:48] [454/458] MCMH
[02:23:48] [455/458] ECRR
[02:23:49] [456/458] RLLP
[02:23:50] [457/458] CCSN
[02:23:50] [458/458] CCBA
[02:23:51] ✅ DONE | Shows=0 | Movies=0
[02:59:32] 🚀 BMS DAILY TRACKER STARTED (enhanced anti‑detection)
[02:59:32] [1/458] MBDC
[02:59:33] 🧠 New identity created
[02:59:33] [2/458] CHKM
[02:59:34] [3/458] JTKZ
[02:59:35] [4/458] CMCT
[02:59:36] [5/458] ASHO
[02:59:37] [6/458] ECDG
[02:59:38] [7/458] SPAT
[02:59:39] [8/458] HILC
[02:59:40] [9/458] SPPH
[02:59:41] [10/458] SBHN
[02:59:42] 🔄 Identity reset
[02:59:42] 🔄 Identity rotated (every 10 requests)
[02:59:42] [11/458] RRCA
[02:59:43] [12/458] APAA
[02:59:44] [13/458] RAME
[02:59:45] [14/458] TMMS
[02:59:46] [15/458] BATK
[02:59:47] [16/458] LKOP
[02:59:49] [17/458] AMTT
[02:59:50] [18/458] PTGK
[02:59:51] [19/458] ANRS
[02:59:52] [20/458] VWBW
[02:59:52] 🔄 Identity reset
[02:59:52] 🔄 Identity rotated (every 10 requests)
[02:59:53] [21/458] SVFG
[02:59:54] [22/458] STAT
[02:59:55] [23/458] GDCV
[02:59:57] [24/458] VEBI
[02:59:58] [25/458] VDSS
[02:59:58] [26/458] NTHV
[03:00:00] [27/458] AOCH
[03:00:01] [28/458] KASR
[03:00:02] [29/458] AYCS
[03:00:03] [30/458] SHAI
[03:00:04] 🔄 Identity reset
[03:00:04] 🔄 Identity rotated (every 10 requests)
[03:00:04] [31/458] SKPE
[03:00:05] [32/458] SBTA
[03:00:07] [33/458] RTTD
[03:00:08] [34/458] CCJD
[03:00:09] [35/458] RSJJ
[03:00:10] [36/458] RKND
[03:00:11] [37/458] SVTX
[03:00:11] [38/458] BAKM
[03:00:12] [39/458] SVDC
[03:00:13] [40/458] MNCV
[03:00:14] 🔄 Identity reset
[03:00:14] 🔄 Identity rotated (every 10 requests)
[03:00:14] [41/458] SJGC
[03:00:15] [42/458] MTPK
[03:00:16] [43/458] GATP
[03:00:17] [44/458] ABTS
[03:00:18] [45/458] ABDE
[03:00:19] [46/458] RCNM
[03:00:19] [47/458] KTHV
[03:00:20] [48/458] MDGJ
[03:00:21] [49/458] SMLM
[03:00:22] [50/458] JTMA
[03:00:23] 🔄 Identity reset
[03:00:23] 🔄 Identity rotated (every 10 requests)
[03:00:23] [51/458] ACKP
[03:00:24] [52/458] SRTA
[03:00:25] [53/458] STAY
[03:00:26] [54/458] MAVO
[03:00:27] [55/458] APTS
[03:00:28] [56/458] OMEA
[03:00:28] [57/458] TTFD
[03:00:30] [58/458] MJCU
[03:00:31] [59/458] CXTE
[03:00:32] [60/458] CTPX
[03:00:33] 🔄 Identity reset
[03:00:33] 🔄 Identity rotated (every 10 requests)
[03:00:33] 🔄 Retry 1/5 for CTPX in 2.5s
[03:00:33] 🔄 Identity reset
[03:00:36] 🧠 New identity created
[03:00:36] [61/458] ASSL
[03:00:37] [62/458] CMVB
[03:00:38] [63/458] VPUR
[03:00:39] [64/458] JJDA
[03:00:39] [65/458] INBL
[03:00:40] [66/458] BIKB
[03:00:42] [67/458] NTBB
[03:00:43] [68/458] GLOB
[03:00:44] [69/458] SNTB
[03:00:44] 🔄 Identity reset
[03:00:45] 🔄 Identity rotated (every 10 requests)
[03:00:45] 🔄 Retry 1/5 for SNTB in 2.3s
[03:00:45] 🔄 Identity reset
[03:00:47] 🧠 New identity created
[03:00:47] [70/458] CHGV
[03:00:48] [71/458] SSBZ
[03:00:49] [72/458] PRDB
[03:00:51] [73/458] ISMT
[03:00:52] [74/458] MCSD
[03:00:52] [75/458] JBTT
[03:00:53] [76/458] GEKR
[03:00:54] [77/458] PVUN
[03:00:55] [78/458] NRTB
[03:00:56] 🔄 Identity reset
[03:00:56] 🔄 Identity rotated (every 10 requests)
[03:00:56] 🔄 Retry 1/5 for NRTB in 2.6s
[03:00:56] 🔄 Identity reset
[03:00:59] 🧠 New identity created
[03:00:59] [79/458] PRAA
[03:01:00] [80/458] PCBL
[03:01:01] [81/458] PTCM
[03:01:02] [82/458] KHNN
[03:01:03] [83/458] OMJE
[03:01:04] [84/458] STGN
[03:01:05] [85/458] RPMS
[03:01:06] [86/458] NWAD
[03:01:07] [87/458] BLCK
[03:01:08] 🔄 Identity reset
[03:01:08] 🔄 Identity rotated (every 10 requests)
[03:01:08] [88/458] SVAA
[03:01:09] [89/458] URVM
[03:01:10] [90/458] ANTM
[03:01:11] [91/458] VJYM
[03:01:11] [92/458] MAZZ
[03:01:12] [93/458] CSHM
[03:01:13] [94/458] WGMH
[03:01:15] [95/458] SALN
[03:01:16] [96/458] BRTP
[03:01:17] [97/458] SVTA
[03:01:17] 🔄 Identity reset
[03:01:17] 🔄 Identity rotated (every 10 requests)
[03:01:18] [98/458] SBTP
[03:01:19] [99/458] VLSS
[03:01:19] [100/458] SRJA
[03:01:20] [101/458] ANCG
[03:01:21] [102/458] CGGC
[03:01:22] [103/458] CRJA
[03:01:23] [104/458] USCR
[03:01:24] [105/458] MMEF
[03:01:25] [106/458] JCRJ
[03:01:26] [107/458] ADCM
[03:01:27] 🔄 Identity reset
[03:01:27] 🔄 Identity rotated (every 10 requests)
[03:01:27] 🔄 Retry 1/5 for ADCM in 2.1s
[03:01:27] 🔄 Identity reset
[03:01:29] 🧠 New identity created
[03:01:29] 🔄 Retry 2/5 for ADCM in 4.8s
[03:01:29] 🔄 Identity reset
[03:01:34] 🧠 New identity created
[03:01:34] 🔄 Retry 3/5 for ADCM in 8.4s
[03:01:34] 🔄 Identity reset
[03:01:42] 🧠 New identity created
[03:01:43] [108/458] BMYK
[03:01:43] [109/458] KICS
[03:01:45] [110/458] MBBT
[03:01:46] [111/458] MACK
[03:01:47] [112/458] CLDR
[03:01:48] [113/458] JYCR
[03:01:49] [114/458] DCRP
[03:01:49] 🔄 Identity reset
[03:01:49] 🔄 Identity rotated (every 10 requests)
[03:01:50] 🔄 Retry 1/5 for DCRP in 2.8s
[03:01:50] 🔄 Identity reset
[03:01:52] 🧠 New identity created
[03:01:53] [115/458] RAHT
[03:01:54] [116/458] CSSM
[03:01:55] [117/458] ATPK
[03:01:56] [118/458] KLRT
[03:01:56] [119/458] SRDD
[03:01:57] [120/458] CKMC
[03:01:58] [121/458] KRVM
[03:01:59] [122/458] AKCP
[03:02:00] [123/458] CNCV
[03:02:01] 🔄 Identity reset
[03:02:01] 🔄 Identity rotated (every 10 requests)
[03:02:01] [124/458] PACT
[03:02:02] [125/458] NATP
[03:02:03] [126/458] PCPK
[03:02:04] [127/458] SMHO
[03:02:05] [128/458] CWTK
[03:02:05] [129/458] RVKZ
[03:02:07] [130/458] ASPD
[03:02:08] [131/458] VTKZ
[03:02:09] [132/458] LCSO
[03:02:10] [133/458] PRDY
[03:02:11] 🔄 Identity reset
[03:02:11] 🔄 Identity rotated (every 10 requests)
[03:02:11] [134/458] RCAP
[03:02:12] [135/458] RGAR
[03:02:13] [136/458] RCAC
[03:02:14] [137/458] PMOD
[03:02:15] [138/458] PVCN
[03:02:16] [139/458] SCRZ
[03:02:17] [140/458] PVPC
[03:02:18] [141/458] STID
[03:02:19] [142/458] NEDD
[03:02:20] [143/458] BNBA
[03:02:21] 🔄 Identity reset
[03:02:21] 🔄 Identity rotated (every 10 requests)
[03:02:21] [144/458] NTCD
[03:02:22] [145/458] OCDE
[03:02:23] [146/458] CCDU
[03:02:24] [147/458] CRXH
[03:02:24] [148/458] VLVT
[03:02:25] [149/458] CICI
[03:02:27] [150/458] SUCB
[03:02:27] [151/458] TCBP
[03:02:28] [152/458] SCCY
[03:02:29] [153/458] LXCY
[03:02:30] 🔄 Identity reset
[03:02:30] 🔄 Identity rotated (every 10 requests)
[03:02:30] [154/458] NCMD
[03:02:31] [155/458] PHCS
[03:02:32] [156/458] DUXR
[03:02:33] [157/458] VNKS
[03:02:34] [158/458] SEDP
[03:02:34] [159/458] SVEN
[03:02:35] [160/458] SRKM
[03:02:36] [161/458] JTLT
[03:02:37] [162/458] SVSS
[03:02:38] [163/458] AMDE
[03:02:38] 🔄 Identity reset
[03:02:38] 🔄 Identity rotated (every 10 requests)
[03:02:39] [164/458] WVRN
[03:02:39] [165/458] ISMG
[03:02:40] [166/458] WVKS
[03:02:41] [167/458] USCG
[03:02:43] [168/458] IOTG
[03:02:43] [169/458] RRJM
[03:02:44] [170/458] EDMP
[03:02:45] [171/458] SCGZ
[03:02:46] [172/458] GMGX
[03:02:47] [173/458] OMTP
[03:02:48] 🔄 Identity reset
[03:02:48] 🔄 Identity rotated (every 10 requests)
[03:02:48] [174/458] MITD
[03:02:50] [175/458] SMMD
[03:02:51] [176/458] STML
[03:02:52] [177/458] MCFS
[03:02:53] [178/458] FPKA
[03:02:54] [179/458] OMLR
[03:02:55] [180/458] KKSC
[03:02:55] [181/458] RVMA
[03:02:56] [182/458] SCLL
[03:02:57] [183/458] SCDK
[03:02:58] 🔄 Identity reset
[03:02:58] 🔄 Identity rotated (every 10 requests)
[03:02:58] [184/458] SXMI
[03:02:59] [185/458] SHDN
[03:03:00] [186/458] PAAD
[03:03:01] [187/458] UUCB
[03:03:02] [188/458] JHOL
[03:03:03] [189/458] SGWT
[03:03:04] [190/458] SRII
[03:03:05] [191/458] SGCK
[03:03:06] [192/458] SVVB
[03:03:07] [193/458] DMHA
[03:03:08] 🔄 Identity reset
[03:03:08] 🔄 Identity rotated (every 10 requests)
[03:03:08] 🔄 Retry 1/5 for DMHA in 2.2s
[03:03:08] 🔄 Identity reset
[03:03:10] 🧠 New identity created
[03:03:11] [194/458] PPNL
[03:03:12] [195/458] CPNL
[03:03:14] [196/458] WVLD
[03:03:15] [197/458] PSLV
[03:03:16] [198/458] VTTL
[03:03:17] [199/458] NPAD
[03:03:18] [200/458] PVCS
[03:03:19] [201/458] MCHL
[03:03:19] [202/458] PPLL
[03:03:20] 🔄 Identity reset
[03:03:20] 🔄 Identity rotated (every 10 requests)
[03:03:20] [203/458] MALO
[03:03:21] [204/458] SWBH
[03:03:22] [205/458] PUGB
[03:03:24] [206/458] INBB
[03:03:25] [207/458] INNS
[03:03:25] [208/458] MCPT
[03:03:26] [209/458] SCMI
[03:03:27] [210/458] OCON
[03:03:28] [211/458] SCSM
[03:03:29] [212/458] RJVN
[03:03:30] 🔄 Identity reset
[03:03:30] 🔄 Identity rotated (every 10 requests)
[03:03:30] [213/458] AMDK
[03:03:31] [214/458] ISMR
[03:03:32] [215/458] SMTD
[03:03:33] [216/458] VTDD
[03:03:34] [217/458] PDDZ
[03:03:35] [218/458] PCCK
[03:03:36] [219/458] INAM
[03:03:37] [220/458] FNKT
[03:03:37] [221/458] GDKA
[03:03:38] [222/458] MAYU
[03:03:39] 🔄 Identity reset
[03:03:39] 🔄 Identity rotated (every 10 requests)
[03:03:39] [223/458] TCGU
[03:03:40] [224/458] KDCA
[03:03:42] [225/458] DOMY
[03:03:43] [226/458] PDDD
[03:03:44] [227/458] BJTS
[03:03:45] [228/458] VTCA
[03:03:46] [229/458] SBTM
[03:03:47] [230/458] SEET
[03:03:48] [231/458] SSTJ
[03:03:49] [232/458] SVNT
[03:03:50] 🔄 Identity reset
[03:03:50] 🔄 Identity rotated (every 10 requests)
[03:03:50] [233/458] PPPR
[03:03:51] [234/458] PVYS
[03:03:52] [235/458] IOSE
[03:03:52] [236/458] ACTV
[03:03:54] [237/458] APVE
[03:03:55] [238/458] TCCL
[03:03:56] [239/458] SCMO
[03:03:57] [240/458] SAUM
[03:03:57] [241/458] KCJS
[03:03:58] [242/458] NJCJ
[03:03:59] 🔄 Identity reset
[03:03:59] 🔄 Identity rotated (every 10 requests)
[03:03:59] [243/458] NECF
[03:04:00] [244/458] CCGW
[03:04:01] [245/458] CCMG
[03:04:01] [246/458] NYRG
[03:04:03] [247/458] NCSQ
[03:04:04] [248/458] GRCG
[03:04:05] [249/458] CCBT
[03:04:05] [250/458] ACGA
[03:04:07] [251/458] INAG
[03:04:08] [252/458] FUCG
[03:04:08] 🔄 Identity reset
[03:04:08] 🔄 Identity rotated (every 10 requests)
[03:04:09] [253/458] AICF
[03:04:10] [254/458] GRGA
[03:04:11] [255/458] GDCN
[03:04:12] [256/458] RRCG
[03:04:13] [257/458] SDCH
[03:04:15] [258/458] WVJM
[03:04:16] [259/458] JCCZ
[03:04:17] [260/458] CNCL
[03:04:18] [261/458] TMLV
[03:04:19] [262/458] MEMB
[03:04:20] 🔄 Identity reset
[03:04:20] 🔄 Identity rotated (every 10 requests)
[03:04:20] [263/458] SGTD
[03:04:21] [264/458] CONX
[03:04:22] [265/458] CCMH
[03:04:23] [266/458] ACMC
[03:04:24] [267/458] DTPD
[03:04:25] [268/458] POJA
[03:04:26] [269/458] FNBH
[03:04:27] [270/458] CGCB
[03:04:28] [271/458] RACN
[03:04:30] [272/458] JTSM
[03:04:31] 🔄 Identity reset
[03:04:31] 🔄 Identity rotated (every 10 requests)
[03:04:31] [273/458] SCDN
[03:04:32] [274/458] AACK
[03:04:33] [275/458] RMCE
[03:04:34] [276/458] BSGB
[03:04:35] [277/458] MRCB
[03:04:36] [278/458] SRVR
[03:04:37] [279/458] VTKK
[03:04:38] [280/458] AMST
[03:04:39] [281/458] APCY
[03:04:40] [282/458] LMHO
[03:04:40] 🔄 Identity reset
[03:04:40] 🔄 Identity rotated (every 10 requests)
[03:04:41] [283/458] MTZH
[03:04:42] [284/458] AMZB
[03:04:42] [285/458] SUVT
[03:04:43] [286/458] RCIP
[03:04:45] [287/458] KESR
[03:04:46] [288/458] SNKC
[03:04:47] [289/458] SCED
[03:04:48] [290/458] DVCA
[03:04:49] [291/458] VCDT
[03:04:50] [292/458] RRDI
[03:04:50] 🔄 Identity reset
[03:04:50] 🔄 Identity rotated (every 10 requests)
[03:04:51] [293/458] DFCH
[03:04:51] [294/458] INSC
[03:04:52] [295/458] RGTR
[03:04:53] [296/458] FMOT
[03:04:54] [297/458] SCPM
[03:04:55] [298/458] GCDT
[03:04:57] [299/458] BRKT
[03:04:58] [300/458] DEMP
[03:04:59] [301/458] SRLC
[03:05:00] [302/458] KSTT
[03:05:00] 🔄 Identity reset
[03:05:00] 🔄 Identity rotated (every 10 requests)
[03:05:01] [303/458] SMMT
[03:05:02] [304/458] SILM
[03:05:03] [305/458] JCVM
[03:05:03] [306/458] KCSV
[03:05:04] [307/458] MHLK
[03:05:05] [308/458] SLVL
[03:05:06] [309/458] RJKP
[03:05:07] [310/458] BBPC
[03:05:08] [311/458] MXCB
[03:05:09] [312/458] TCPK
[03:05:09] 🔄 Identity reset
[03:05:10] 🔄 Identity rotated (every 10 requests)
[03:05:10] [313/458] RTBR
[03:05:11] [314/458] GAUT
[03:05:12] [315/458] DVCF
[03:05:13] [316/458] JTSB
[03:05:14] [317/458] SBLS
[03:05:15] [318/458] UDAY
[03:05:15] [319/458] PTNP
[03:05:17] [320/458] DMKT
[03:05:18] [321/458] NTDT
[03:05:19] [322/458] SHDJ
[03:05:19] 🔄 Identity reset
[03:05:19] 🔄 Identity rotated (every 10 requests)
[03:05:20] [323/458] OTNC
[03:05:21] [324/458] RNTW
[03:05:21] [325/458] GCMI
[03:05:22] [326/458] CRCM
[03:05:24] [327/458] NNCZ
[03:05:25] [328/458] OEMO
[03:05:26] [329/458] PVJM
[03:05:27] [330/458] CPJI
[03:05:28] [331/458] RMCJ
[03:05:29] [332/458] CNWJ
[03:05:29] 🔄 Identity reset
[03:05:29] 🔄 Identity rotated (every 10 requests)
[03:05:30] [333/458] EPJM
[03:05:31] [334/458] FNJJ
[03:05:32] [335/458] GCMJ
[03:05:33] [336/458] INPS
[03:05:34] [337/458] BICJ
[03:05:35] [338/458] ISTJ
[03:05:36] [339/458] INJC
[03:05:38] [340/458] GLXJ
[03:05:39] [341/458] INEM
[03:05:40] [342/458] JTMN
[03:05:40] 🔄 Identity reset
[03:05:40] 🔄 Identity rotated (every 10 requests)
[03:05:40] [343/458] FRCJ
[03:05:41] [344/458] DDJP
[03:05:42] [345/458] INJV
[03:05:43] [346/458] GOLC
[03:05:44] [347/458] KOCI
[03:05:45] [348/458] FSTD
[03:05:46] [349/458] PACJ
[03:05:47] [350/458] GMCN
[03:05:47] [351/458] MMDJ
[03:05:48] [352/458] GODH
[03:05:49] 🔄 Identity reset
[03:05:49] 🔄 Identity rotated (every 10 requests)
[03:05:49] [353/458] SKYN
[03:05:50] [354/458] NCTH
[03:05:51] [355/458] SKVZ
[03:05:52] [356/458] SVML
[03:05:53] [357/458] ACVZ
[03:05:54] [358/458] SURA
[03:05:55] [359/458] RTRB
[03:05:56] [360/458] LLCT
[03:05:57] [361/458] ATTS
[03:05:58] [362/458] JYCM
[03:05:58] 🔄 Identity reset
[03:05:58] 🔄 Identity rotated (every 10 requests)
[03:05:59] [363/458] CTKR
[03:06:00] [364/458] LCKR
[03:06:01] [365/458] NYCV
[03:06:02] [366/458] NYOH
[03:06:03] [367/458] NOVX
[03:06:04] [368/458] MRGK
[03:06:05] [369/458] MOON
[03:06:06] [370/458] SBUC
[03:06:07] [371/458] GSVA
[03:06:08] [372/458] VIAK
[03:06:09] 🔄 Identity reset
[03:06:09] 🔄 Identity rotated (every 10 requests)
[03:06:09] [373/458] SMVZ
[03:06:10] [374/458] MATE
[03:06:11] [375/458] RDCN
[03:06:12] [376/458] ASBL
[03:06:13] [377/458] ASVS
[03:06:14] [378/458] ASSR
[03:06:15] [379/458] SSKN
[03:06:16] [380/458] DRPV
[03:06:17] [381/458] MRHT
[03:06:17] [382/458] BSCN
[03:06:18] 🔄 Identity reset
[03:06:18] 🔄 Identity rotated (every 10 requests)
[03:06:18] [383/458] RKNX
[03:06:19] [384/458] MSMC
[03:06:20] [385/458] MSCJ
[03:06:22] [386/458] BTBJ
[03:06:23] [387/458] MJCC
[03:06:23] [388/458] IOMM
[03:06:24] [389/458] ADGR
[03:06:25] [390/458] MYCP
[03:06:26] [391/458] IGCM
[03:06:27] [392/458] PGRK
[03:06:28] 🔄 Identity reset
[03:06:28] 🔄 Identity rotated (every 10 requests)
[03:06:28] [393/458] VPGO
[03:06:29] [394/458] KOMS
[03:06:30] [395/458] URGG
[03:06:31] [396/458] GOST
[03:06:33] [397/458] LACT
[03:06:33] [398/458] BWCM
[03:06:34] [399/458] NCCW
[03:06:35] [400/458] SKYC
[03:06:36] [401/458] CCPM
[03:06:37] [402/458] VCBT
[03:06:37] 🔄 Identity reset
[03:06:37] 🔄 Identity rotated (every 10 requests)
[03:06:38] [403/458] SDKR
[03:06:39] [404/458] CTYB
[03:06:40] [405/458] SHCX
[03:06:41] [406/458] RCUN
[03:06:43] [407/458] CNRA
[03:06:44] [408/458] RFCA
[03:06:45] [409/458] RDCU
[03:06:46] [410/458] SARK
[03:06:46] [411/458] SPPP
[03:06:47] [412/458] ADMB
[03:06:48] 🔄 Identity reset
[03:06:48] 🔄 Identity rotated (every 10 requests)
[03:06:48] [413/458] JYOE
[03:06:49] [414/458] SRMD
[03:06:50] [415/458] RJDH
[03:06:51] [416/458] SSTD
[03:06:52] [417/458] AACV
[03:06:53] [418/458] PPVD
[03:06:54] [419/458] STCP
[03:06:55] [420/458] ANLS
[03:06:56] [421/458] BIJO
[03:06:57] [422/458] AVAB
[03:06:58] 🔄 Identity reset
[03:06:58] 🔄 Identity rotated (every 10 requests)
[03:06:58] [423/458] SPMD
[03:06:59] [424/458] SVJL
[03:06:59] [425/458] SDDJ
[03:07:00] [426/458] SLTU
[03:07:01] [427/458] SAKA
[03:07:02] [428/458] PMAM
[03:07:03] [429/458] FNAM
[03:07:04] [430/458] ACAM
[03:07:05] [431/458] SCMM
[03:07:06] [432/458] PMAK
[03:07:06] 🔄 Identity reset
[03:07:06] 🔄 Identity rotated (every 10 requests)
[03:07:07] [433/458] NYSA
[03:07:08] [434/458] FCPA
[03:07:09] [435/458] GDAN
[03:07:10] [436/458] RSCA
[03:07:11] [437/458] DMAN
[03:07:11] [438/458] DZCM
[03:07:12] [439/458] NSGL
[03:07:13] [440/458] CCPP
[03:07:14] [441/458] PSMG
[03:07:15] [442/458] GSER
[03:07:16] 🔄 Identity reset
[03:07:16] 🔄 Identity rotated (every 10 requests)
[03:07:16] [443/458] FCCT
[03:07:17] [444/458] FCTB
[03:07:18] [445/458] LCNK
[03:07:19] [446/458] SKTY
[03:07:19] [447/458] INAA
[03:07:20] [448/458] RCWN
[03:07:21] [449/458] VAIS
[03:07:22] [450/458] CVMN
[03:07:23] [451/458] INTS
[03:07:24] [452/458] FRGS
[03:07:24] 🔄 Identity reset
[03:07:25] 🔄 Identity rotated (every 10 requests)
[03:07:25] 🔄 Retry 1/5 for FRGS in 3.0s
[03:07:25] 🔄 Identity reset
[03:07:28] 🧠 New identity created
[03:07:28] [453/458] DTCK
[03:07:29] [454/458] MCMH
[03:07:30] [455/458] ECRR
[03:07:31] [456/458] RLLP
[03:07:32] [457/458] CCSN
[03:07:32] [458/458] CCBA
[03:07:33] ✅ DONE | Shows=1 | Movies=1
[03:17:09] 🚀 BMS DAILY TRACKER STARTED (enhanced anti‑detection)
[03:17:09] [1/458] MBDC
[03:17:09] 🧠 New identity created
[03:17:10] [2/458] CHKM
[03:17:10] [3/458] JTKZ
[03:17:11] [4/458] CMCT
[03:17:11] [5/458] ASHO
[03:17:12] [6/458] ECDG
[03:17:13] [7/458] SPAT
[03:17:14] [8/458] HILC
[03:17:14] [9/458] SPPH
[03:17:15] [10/458] SBHN
[03:17:16] 🔄 Identity reset
[03:17:16] 🔄 Identity rotated (every 10 requests)
[03:17:16] 🔄 Retry 1/5 for SBHN in 2.3s
[03:17:16] 🔄 Identity reset
[03:17:18] 🧠 New identity created
[03:17:18] 🔄 Retry 2/5 for SBHN in 4.7s
[03:17:18] 🔄 Identity reset
[03:17:23] 🧠 New identity created
[03:17:23] 🔄 Retry 3/5 for SBHN in 8.2s
[03:17:23] 🔄 Identity reset
[03:17:31] 🧠 New identity created
[03:17:31] [11/458] RRCA
[03:17:32] [12/458] APAA
[03:17:33] [13/458] RAME
[03:17:33] [14/458] TMMS
[03:17:34] [15/458] BATK
[03:17:35] [16/458] LKOP
[03:17:35] [17/458] AMTT
[03:17:36] 🔄 Identity reset
[03:17:36] 🔄 Identity rotated (every 10 requests)
[03:17:36] [18/458] PTGK
[03:17:37] [19/458] ANRS
[03:17:37] [20/458] VWBW
[03:17:38] [21/458] SVFG
[03:17:39] [22/458] STAT
[03:17:40] [23/458] GDCV
[03:17:40] [24/458] VEBI
[03:17:41] [25/458] VDSS
[03:17:42] [26/458] NTHV
[03:17:42] [27/458] AOCH
[03:17:43] 🔄 Identity reset
[03:17:43] 🔄 Identity rotated (every 10 requests)
[03:17:43] [28/458] KASR
[03:17:44] [29/458] AYCS
[03:17:44] [30/458] SHAI
[03:17:45] [31/458] SKPE
[03:17:46] [32/458] SBTA
[03:17:46] [33/458] RTTD
[03:17:47] [34/458] CCJD
[03:17:48] [35/458] RSJJ
[03:17:49] [36/458] RKND
[03:17:49] [37/458] SVTX
[03:17:50] 🔄 Identity reset
[03:17:50] 🔄 Identity rotated (every 10 requests)
[03:17:50] 🔄 Retry 1/5 for SVTX in 2.2s
[03:17:50] 🔄 Identity reset
[03:17:52] 🧠 New identity created
[03:17:52] [38/458] BAKM
[03:17:53] [39/458] SVDC
[03:17:53] [40/458] MNCV
[03:17:54] [41/458] SJGC
[03:17:54] [42/458] MTPK
[03:17:55] [43/458] GATP
[03:17:56] [44/458] ABTS
[03:17:57] [45/458] ABDE
[03:17:57] [46/458] RCNM
[03:17:58] 🔄 Identity reset
[03:17:58] 🔄 Identity rotated (every 10 requests)
[03:17:58] 🔄 Retry 1/5 for RCNM in 2.0s
[03:17:58] 🔄 Identity reset
[03:18:00] 🧠 New identity created
[03:18:00] [47/458] KTHV
[03:18:01] [48/458] MDGJ
[03:18:01] [49/458] SMLM
[03:18:02] [50/458] JTMA
[03:18:03] [51/458] ACKP
[03:18:04] [52/458] SRTA
[03:18:04] [53/458] STAY
[03:18:05] [54/458] MAVO
[03:18:05] [55/458] APTS
[03:18:06] 🔄 Identity reset
[03:18:06] 🔄 Identity rotated (every 10 requests)
[03:18:06] [56/458] OMEA
[03:18:07] [57/458] TTFD
[03:18:07] [58/458] MJCU
[03:18:08] [59/458] CXTE
[03:18:09] [60/458] CTPX
[03:18:09] [61/458] ASSL
[03:18:10] [62/458] CMVB
[03:18:11] [63/458] VPUR
[03:18:11] [64/458] JJDA
[03:18:12] [65/458] INBL
[03:18:12] 🔄 Identity reset
[03:18:13] 🔄 Identity rotated (every 10 requests)
[03:18:13] [66/458] BIKB
[03:18:13] [67/458] NTBB
[03:18:14] [68/458] GLOB
[03:18:15] [69/458] SNTB
[03:18:15] [70/458] CHGV
[03:18:16] [71/458] SSBZ
[03:18:16] [72/458] PRDB
[03:18:17] [73/458] ISMT
[03:18:18] [74/458] MCSD
[03:18:18] [75/458] JBTT
[03:18:19] 🔄 Identity reset
[03:18:19] 🔄 Identity rotated (every 10 requests)
[03:18:19] [76/458] GEKR
[03:18:20] [77/458] PVUN
[03:18:21] [78/458] NRTB
[03:18:21] [79/458] PRAA
[03:18:22] [80/458] PCBL
[03:18:22] [81/458] PTCM
[03:18:23] [82/458] KHNN
[03:18:24] [83/458] OMJE
[03:18:24] [84/458] STGN
[03:18:25] [85/458] RPMS
[03:18:26] 🔄 Identity reset
[03:18:26] 🔄 Identity rotated (every 10 requests)
[03:18:26] [86/458] NWAD
[03:18:27] [87/458] BLCK
[03:18:27] [88/458] SVAA
[03:18:28] [89/458] URVM
[03:18:29] [90/458] ANTM
[03:18:30] [91/458] VJYM
[03:18:30] [92/458] MAZZ
[03:18:31] [93/458] CSHM
[03:18:32] [94/458] WGMH
[03:18:32] [95/458] SALN
[03:18:33] 🔄 Identity reset
[03:18:33] 🔄 Identity rotated (every 10 requests)
[03:18:33] [96/458] BRTP
[03:18:34] [97/458] SVTA
[03:18:34] [98/458] SBTP
[03:18:35] [99/458] VLSS
[03:18:35] [100/458] SRJA
[03:18:36] [101/458] ANCG
[03:18:37] [102/458] CGGC
[03:18:37] [103/458] CRJA
[03:18:38] [104/458] USCR
[03:18:39] [105/458] MMEF
[03:18:39] 🔄 Identity reset
[03:18:39] 🔄 Identity rotated (every 10 requests)
[03:18:39] 🔄 Retry 1/5 for MMEF in 3.0s
[03:18:39] 🔄 Identity reset
[03:18:42] 🧠 New identity created
[03:18:42] [106/458] JCRJ
[03:18:43] [107/458] ADCM
[03:18:44] [108/458] BMYK
[03:18:44] [109/458] KICS
[03:18:45] [110/458] MBBT
[03:18:46] [111/458] MACK
[03:18:46] [112/458] CLDR
[03:18:47] [113/458] JYCR
[03:18:47] [114/458] DCRP
[03:18:48] 🔄 Identity reset
[03:18:48] 🔄 Identity rotated (every 10 requests)
[03:18:48] [115/458] RAHT
[03:18:49] [116/458] CSSM
[03:18:50] [117/458] ATPK
[03:18:50] [118/458] KLRT
[03:18:51] [119/458] SRDD
[03:18:51] [120/458] CKMC
[03:18:52] [121/458] KRVM
[03:18:53] [122/458] AKCP
[03:18:54] [123/458] CNCV
[03:18:54] [124/458] PACT
[03:18:55] 🔄 Identity reset
[03:18:55] 🔄 Identity rotated (every 10 requests)
[03:18:55] 🔄 Retry 1/5 for PACT in 2.1s
[03:18:55] 🔄 Identity reset
[03:18:57] 🧠 New identity created
[03:18:57] [125/458] NATP
[03:18:57] [126/458] PCPK
[03:18:58] [127/458] SMHO
[03:18:59] [128/458] CWTK
[03:19:00] [129/458] RVKZ
[03:19:00] [130/458] ASPD
[03:19:01] [131/458] VTKZ
[03:19:02] [132/458] LCSO
[03:19:02] [133/458] PRDY
[03:19:03] 🔄 Identity reset
[03:19:03] 🔄 Identity rotated (every 10 requests)
[03:19:03] 🔄 Retry 1/5 for PRDY in 2.6s
[03:19:03] 🔄 Identity reset
[03:19:06] 🧠 New identity created
[03:19:06] [134/458] RCAP
[03:19:06] [135/458] RGAR
[03:19:07] [136/458] RCAC
[03:19:07] [137/458] PMOD
[03:19:08] [138/458] PVCN
[03:19:09] [139/458] SCRZ
[03:19:09] [140/458] PVPC
[03:19:10] [141/458] STID
[03:19:11] [142/458] NEDD
[03:19:11] 🔄 Identity reset
[03:19:11] 🔄 Identity rotated (every 10 requests)
[03:19:11] [143/458] BNBA
[03:19:12] [144/458] NTCD
[03:19:13] [145/458] OCDE
[03:19:13] [146/458] CCDU
[03:19:14] [147/458] CRXH
[03:19:14] [148/458] VLVT
[03:19:15] [149/458] CICI
[03:19:16] [150/458] SUCB
[03:19:16] [151/458] TCBP
[03:19:17] [152/458] SCCY
[03:19:18] 🔄 Identity reset
[03:19:18] 🔄 Identity rotated (every 10 requests)
[03:19:18] 🔄 Retry 1/5 for SCCY in 2.7s
[03:19:18] 🔄 Identity reset
[03:19:20] 🧠 New identity created
[03:19:20] [153/458] LXCY
[03:19:21] [154/458] NCMD
[03:19:22] [155/458] PHCS
[03:19:22] [156/458] DUXR
[03:19:23] [157/458] VNKS
[03:19:24] [158/458] SEDP
[03:19:24] [159/458] SVEN
[03:19:25] [160/458] SRKM
[03:19:26] [161/458] JTLT
[03:19:26] 🔄 Identity reset
[03:19:26] 🔄 Identity rotated (every 10 requests)
[03:19:26] 🔄 Retry 1/5 for JTLT in 2.5s
[03:19:26] 🔄 Identity reset
[03:19:29] 🧠 New identity created
[03:19:29] [162/458] SVSS
[03:19:29] [163/458] AMDE
[03:19:30] [164/458] WVRN
[03:19:30] [165/458] ISMG
[03:19:31] [166/458] WVKS
[03:19:32] [167/458] USCG
[03:19:32] [168/458] IOTG
[03:19:33] [169/458] RRJM
[03:19:34] [170/458] EDMP
[03:19:34] 🔄 Identity reset
[03:19:34] 🔄 Identity rotated (every 10 requests)
[03:19:34] 🔄 Retry 1/5 for EDMP in 2.5s
[03:19:34] 🔄 Identity reset
[03:19:37] 🧠 New identity created
[03:19:37] 🔄 Retry 2/5 for EDMP in 4.3s
[03:19:37] 🔄 Identity reset
[03:19:41] 🧠 New identity created
[03:19:41] 🔄 Retry 3/5 for EDMP in 8.3s
[03:19:41] 🔄 Identity reset
[03:19:49] 🧠 New identity created
[03:19:50] [171/458] SCGZ
[03:19:50] [172/458] GMGX
[03:19:51] [173/458] OMTP
[03:19:52] [174/458] MITD
[03:19:52] [175/458] SMMD
[03:19:53] [176/458] STML
[03:19:54] [177/458] MCFS
[03:19:54] 🔄 Identity reset
[03:19:54] 🔄 Identity rotated (every 10 requests)
[03:19:54] [178/458] FPKA
[03:19:55] [179/458] OMLR
[03:19:56] [180/458] KKSC
[03:19:56] [181/458] RVMA
[03:19:57] [182/458] SCLL
[03:19:58] [183/458] SCDK
[03:19:59] [184/458] SXMI
[03:19:59] [185/458] SHDN
[03:20:00] [186/458] PAAD
[03:20:00] [187/458] UUCB
[03:20:01] 🔄 Identity reset
[03:20:01] 🔄 Identity rotated (every 10 requests)
[03:20:01] [188/458] JHOL
[03:20:02] [189/458] SGWT
[03:20:03] [190/458] SRII
[03:20:03] [191/458] SGCK
[03:20:04] [192/458] SVVB
[03:20:04] [193/458] DMHA
[03:20:05] [194/458] PPNL
[03:20:06] [195/458] CPNL
[03:20:06] [196/458] WVLD
[03:20:07] [197/458] PSLV
[03:20:08] 🔄 Identity reset
[03:20:08] 🔄 Identity rotated (every 10 requests)
[03:20:08] [198/458] VTTL
[03:20:09] [199/458] NPAD
[03:20:09] [200/458] PVCS
[03:20:10] [201/458] MCHL
[03:20:11] [202/458] PPLL
[03:20:12] [203/458] MALO
[03:20:12] [204/458] SWBH
[03:20:13] [205/458] PUGB
[03:20:14] [206/458] INBB
[03:20:14] [207/458] INNS
[03:20:15] 🔄 Identity reset
[03:20:15] 🔄 Identity rotated (every 10 requests)
[03:20:15] [208/458] MCPT
[03:20:16] [209/458] SCMI
[03:20:17] [210/458] OCON
[03:20:17] [211/458] SCSM
[03:20:18] [212/458] RJVN
[03:20:18] [213/458] AMDK
[03:20:19] [214/458] ISMR
[03:20:20] [215/458] SMTD
[03:20:21] [216/458] VTDD
[03:20:21] [217/458] PDDZ
[03:20:22] 🔄 Identity reset
[03:20:22] 🔄 Identity rotated (every 10 requests)
[03:20:22] [218/458] PCCK
[03:20:23] [219/458] INAM
[03:20:23] [220/458] FNKT
[03:20:24] [221/458] GDKA
[03:20:25] [222/458] MAYU
[03:20:26] [223/458] TCGU
[03:20:26] [224/458] KDCA
[03:20:27] [225/458] DOMY
[03:20:28] [226/458] PDDD
[03:20:28] [227/458] BJTS
[03:20:29] 🔄 Identity reset
[03:20:29] 🔄 Identity rotated (every 10 requests)
[03:20:29] 🔄 Retry 1/5 for BJTS in 2.9s
[03:20:29] 🔄 Identity reset
[03:20:32] 🧠 New identity created
[03:20:32] [228/458] VTCA
[03:20:32] [229/458] SBTM
[03:20:33] [230/458] SEET
[03:20:34] [231/458] SSTJ
[03:20:34] [232/458] SVNT
[03:20:35] [233/458] PPPR
[03:20:35] [234/458] PVYS
[03:20:36] [235/458] IOSE
[03:20:37] [236/458] ACTV
[03:20:37] 🔄 Identity reset
[03:20:37] 🔄 Identity rotated (every 10 requests)
[03:20:37] 🔄 Retry 1/5 for ACTV in 2.6s
[03:20:37] 🔄 Identity reset
[03:20:40] 🧠 New identity created
[03:20:40] 🔄 Retry 2/5 for ACTV in 4.3s
[03:20:40] 🔄 Identity reset
[03:20:44] 🧠 New identity created
[03:20:44] [237/458] APVE
[03:20:45] [238/458] TCCL
[03:20:45] [239/458] SCMO
[03:20:46] [240/458] SAUM
[03:20:47] [241/458] KCJS
[03:20:48] [242/458] NJCJ
[03:20:48] [243/458] NECF
[03:20:49] [244/458] CCGW
[03:20:50] 🔄 Identity reset
[03:20:50] 🔄 Identity rotated (every 10 requests)
[03:20:50] [245/458] CCMG
[03:20:50] [246/458] NYRG
[03:20:51] [247/458] NCSQ
[03:20:52] [248/458] GRCG
[03:20:52] [249/458] CCBT
[03:20:53] [250/458] ACGA
[03:20:54] [251/458] INAG
[03:20:55] [252/458] FUCG
[03:20:55] [253/458] AICF
[03:20:56] [254/458] GRGA
[03:20:56] 🔄 Identity reset
[03:20:56] 🔄 Identity rotated (every 10 requests)
[03:20:56] 🔄 Retry 1/5 for GRGA in 2.8s
[03:20:56] 🔄 Identity reset
[03:20:59] 🧠 New identity created
[03:20:59] [255/458] GDCN
[03:21:00] [256/458] RRCG
[03:21:01] [257/458] SDCH
[03:21:02] [258/458] WVJM
[03:21:02] [259/458] JCCZ
[03:21:03] [260/458] CNCL
[03:21:04] [261/458] TMLV
[03:21:04] [262/458] MEMB
[03:21:05] [263/458] SGTD
[03:21:06] 🔄 Identity reset
[03:21:06] 🔄 Identity rotated (every 10 requests)
[03:21:06] 🔄 Retry 1/5 for SGTD in 2.1s
[03:21:06] 🔄 Identity reset
[03:21:08] 🧠 New identity created
[03:21:08] 🔄 Retry 2/5 for SGTD in 4.9s
[03:21:08] 🔄 Identity reset
[03:21:13] 🧠 New identity created
[03:21:13] [264/458] CONX
[03:21:14] [265/458] CCMH
[03:21:14] [266/458] ACMC
[03:21:15] [267/458] DTPD
[03:21:16] [268/458] POJA
[03:21:16] [269/458] FNBH
[03:21:17] [270/458] CGCB
[03:21:18] [271/458] RACN
[03:21:18] 🔄 Identity reset
[03:21:18] 🔄 Identity rotated (every 10 requests)
[03:21:18] [272/458] JTSM
[03:21:19] [273/458] SCDN
[03:21:19] [274/458] AACK
[03:21:20] [275/458] RMCE
[03:21:21] [276/458] BSGB
[03:21:21] [277/458] MRCB
[03:21:22] [278/458] SRVR
[03:21:23] [279/458] VTKK
[03:21:23] [280/458] AMST
[03:21:24] [281/458] APCY
[03:21:24] 🔄 Identity reset
[03:21:24] 🔄 Identity rotated (every 10 requests)
[03:21:25] [282/458] LMHO
[03:21:25] [283/458] MTZH
[03:21:26] [284/458] AMZB
[03:21:26] [285/458] SUVT
[03:21:27] [286/458] RCIP
[03:21:28] [287/458] KESR
[03:21:28] [288/458] SNKC
[03:21:29] [289/458] SCED
[03:21:30] [290/458] DVCA
[03:21:30] [291/458] VCDT
[03:21:31] 🔄 Identity reset
[03:21:31] 🔄 Identity rotated (every 10 requests)
[03:21:31] 🔄 Retry 1/5 for VCDT in 2.9s
[03:21:31] 🔄 Identity reset
[03:21:34] 🧠 New identity created
[03:21:34] 🔄 Retry 2/5 for VCDT in 4.4s
[03:21:34] 🔄 Identity reset
[03:21:38] 🧠 New identity created
[03:21:38] [292/458] RRDI
[03:21:39] [293/458] DFCH
[03:21:40] [294/458] INSC
[03:21:40] [295/458] RGTR
[03:21:41] [296/458] FMOT
[03:21:42] [297/458] SCPM
[03:21:42] [298/458] GCDT
[03:21:43] [299/458] BRKT
[03:21:44] 🔄 Identity reset
[03:21:44] 🔄 Identity rotated (every 10 requests)
[03:21:44] [300/458] DEMP
[03:21:44] [301/458] SRLC
[03:21:45] [302/458] KSTT
[03:21:46] [303/458] SMMT
[03:21:46] [304/458] SILM
[03:21:47] [305/458] JCVM
[03:21:48] [306/458] KCSV
[03:21:49] [307/458] MHLK
[03:21:49] [308/458] SLVL
[03:21:50] [309/458] RJKP
[03:21:51] 🔄 Identity reset
[03:21:51] 🔄 Identity rotated (every 10 requests)
[03:21:51] 🔄 Retry 1/5 for RJKP in 2.3s
[03:21:51] 🔄 Identity reset
[03:21:53] 🧠 New identity created
[03:21:53] 🔄 Retry 2/5 for RJKP in 4.4s
[03:21:53] 🔄 Identity reset
[03:21:58] 🧠 New identity created
[03:21:58] [310/458] BBPC
[03:21:58] [311/458] MXCB
[03:21:59] [312/458] TCPK
[03:22:00] [313/458] RTBR
[03:22:01] [314/458] GAUT
[03:22:01] [315/458] DVCF
[03:22:02] [316/458] JTSB
[03:22:02] [317/458] SBLS
[03:22:03] 🔄 Identity reset
[03:22:03] 🔄 Identity rotated (every 10 requests)
[03:22:03] [318/458] UDAY
[03:22:04] [319/458] PTNP
[03:22:04] [320/458] DMKT
[03:22:05] [321/458] NTDT
[03:22:06] [322/458] SHDJ
[03:22:06] [323/458] OTNC
[03:22:07] [324/458] RNTW
[03:22:08] [325/458] GCMI
[03:22:08] [326/458] CRCM
[03:22:09] [327/458] NNCZ
[03:22:10] 🔄 Identity reset
[03:22:10] 🔄 Identity rotated (every 10 requests)
[03:22:10] 🔄 Retry 1/5 for NNCZ in 3.0s
[03:22:10] 🔄 Identity reset
[03:22:13] 🧠 New identity created
[03:22:13] [328/458] OEMO
[03:22:13] [329/458] PVJM
[03:22:14] [330/458] CPJI
[03:22:15] [331/458] RMCJ
[03:22:16] [332/458] CNWJ
[03:22:16] [333/458] EPJM
[03:22:17] [334/458] FNJJ
[03:22:17] [335/458] GCMJ
[03:22:18] [336/458] INPS
[03:22:19] 🔄 Identity reset
[03:22:19] 🔄 Identity rotated (every 10 requests)
[03:22:19] [337/458] BICJ
[03:22:19] [338/458] ISTJ
[03:22:20] [339/458] INJC
[03:22:21] [340/458] GLXJ
[03:22:21] [341/458] INEM
[03:22:22] [342/458] JTMN
[03:22:23] [343/458] FRCJ
[03:22:23] [344/458] DDJP
[03:22:24] [345/458] INJV
[03:22:25] [346/458] GOLC
[03:22:26] 🔄 Identity reset
[03:22:26] 🔄 Identity rotated (every 10 requests)
[03:22:26] [347/458] KOCI
[03:22:27] [348/458] FSTD
[03:22:27] [349/458] PACJ
[03:22:28] [350/458] GMCN
[03:22:28] [351/458] MMDJ
[03:22:29] [352/458] GODH
[03:22:30] [353/458] SKYN
[03:22:30] [354/458] NCTH
[03:22:31] [355/458] SKVZ
[03:22:32] [356/458] SVML
[03:22:32] 🔄 Identity reset
[03:22:33] 🔄 Identity rotated (every 10 requests)
[03:22:33] [357/458] ACVZ
[03:22:33] [358/458] SURA
[03:22:34] [359/458] RTRB
[03:22:35] [360/458] LLCT
[03:22:35] [361/458] ATTS
[03:22:36] [362/458] JYCM
[03:22:37] [363/458] CTKR
[03:22:37] [364/458] LCKR
[03:22:38] [365/458] NYCV
[03:22:39] [366/458] NYOH
[03:22:39] 🔄 Identity reset
[03:22:39] 🔄 Identity rotated (every 10 requests)
[03:22:39] [367/458] NOVX
[03:22:40] [368/458] MRGK
[03:22:40] [369/458] MOON
[03:22:41] [370/458] SBUC
[03:22:42] [371/458] GSVA
[03:22:42] [372/458] VIAK
[03:22:43] [373/458] SMVZ
[03:22:44] [374/458] MATE
[03:22:44] [375/458] RDCN
[03:22:45] [376/458] ASBL
[03:22:46] 🔄 Identity reset
[03:22:46] 🔄 Identity rotated (every 10 requests)
[03:22:46] [377/458] ASVS
[03:22:46] [378/458] ASSR
[03:22:47] [379/458] SSKN
[03:22:48] [380/458] DRPV
[03:22:49] [381/458] MRHT
[03:22:49] [382/458] BSCN
[03:22:50] [383/458] RKNX
[03:22:50] [384/458] MSMC
[03:22:51] [385/458] MSCJ
[03:22:52] [386/458] BTBJ
[03:22:53] 🔄 Identity reset
[03:22:53] 🔄 Identity rotated (every 10 requests)
[03:22:53] [387/458] MJCC
[03:22:53] [388/458] IOMM
[03:22:54] [389/458] ADGR
[03:22:55] [390/458] MYCP
[03:22:55] [391/458] IGCM
[03:22:56] [392/458] PGRK
[03:22:57] [393/458] VPGO
[03:22:57] [394/458] KOMS
[03:22:58] [395/458] URGG
[03:22:59] [396/458] GOST
[03:22:59] 🔄 Identity reset
[03:22:59] 🔄 Identity rotated (every 10 requests)
[03:22:59] [397/458] LACT
[03:23:00] [398/458] BWCM
[03:23:01] [399/458] NCCW
[03:23:02] [400/458] SKYC
[03:23:02] [401/458] CCPM
[03:23:03] [402/458] VCBT
[03:23:04] [403/458] SDKR
[03:23:04] [404/458] CTYB
[03:23:05] [405/458] SHCX
[03:23:06] [406/458] RCUN
[03:23:06] 🔄 Identity reset
[03:23:06] 🔄 Identity rotated (every 10 requests)
[03:23:07] [407/458] CNRA
[03:23:07] [408/458] RFCA
[03:23:08] [409/458] RDCU
[03:23:09] [410/458] SARK
[03:23:10] [411/458] SPPP
[03:23:10] [412/458] ADMB
[03:23:11] [413/458] JYOE
[03:23:12] [414/458] SRMD
[03:23:12] [415/458] RJDH
[03:23:13] [416/458] SSTD
[03:23:13] 🔄 Identity reset
[03:23:13] 🔄 Identity rotated (every 10 requests)
[03:23:13] 🔄 Retry 1/5 for SSTD in 2.4s
[03:23:13] 🔄 Identity reset
[03:23:16] 🧠 New identity created
[03:23:16] [417/458] AACV
[03:23:17] [418/458] PPVD
[03:23:17] [419/458] STCP
[03:23:18] [420/458] ANLS
[03:23:19] [421/458] BIJO
[03:23:19] [422/458] AVAB
[03:23:20] [423/458] SPMD
[03:23:21] [424/458] SVJL
[03:23:21] [425/458] SDDJ
[03:23:22] 🔄 Identity reset
[03:23:22] 🔄 Identity rotated (every 10 requests)
[03:23:22] [426/458] SLTU
[03:23:23] [427/458] SAKA
[03:23:23] [428/458] PMAM
[03:23:24] [429/458] FNAM
[03:23:25] [430/458] ACAM
[03:23:25] [431/458] SCMM
[03:23:26] [432/458] PMAK
[03:23:27] [433/458] NYSA
[03:23:27] [434/458] FCPA
[03:23:28] [435/458] GDAN
[03:23:29] 🔄 Identity reset
[03:23:29] 🔄 Identity rotated (every 10 requests)
[03:23:29] [436/458] RSCA
[03:23:29] [437/458] DMAN
[03:23:30] [438/458] DZCM
[03:23:31] [439/458] NSGL
[03:23:31] [440/458] CCPP
[03:23:32] [441/458] PSMG
[03:23:33] [442/458] GSER
[03:23:34] [443/458] FCCT
[03:23:34] [444/458] FCTB
[03:23:35] [445/458] LCNK
[03:23:35] 🔄 Identity reset
[03:23:35] 🔄 Identity rotated (every 10 requests)
[03:23:36] [446/458] SKTY
[03:23:36] [447/458] INAA
[03:23:37] [448/458] RCWN
[03:23:38] [449/458] VAIS
[03:23:38] [450/458] CVMN
[03:23:39] [451/458] INTS
[03:23:40] [452/458] FRGS
[03:23:40] [453/458] DTCK
[03:23:41] [454/458] MCMH
[03:23:42] [455/458] ECRR
[03:23:42] 🔄 Identity reset
[03:23:42] 🔄 Identity rotated (every 10 requests)
[03:23:42] 🔄 Retry 1/5 for ECRR in 2.6s
[03:23:42] 🔄 Identity reset
[03:23:45] 🧠 New identity created
[03:23:45] 🔄 Retry 2/5 for ECRR in 4.4s
[03:23:45] 🔄 Identity reset
[03:23:50] 🧠 New identity created
[03:23:50] 🔄 Retry 3/5 for ECRR in 8.5s
[03:23:50] 🔄 Identity reset
[03:23:58] 🧠 New identity created
[03:23:58] [456/458] RLLP
[03:23:59] [457/458] CCSN
[03:23:59] [458/458] CCBA
[03:24:00] ✅ DONE | Shows=1 | Movies=1
[03:58:43] 🚀 BMS DAILY TRACKER STARTED (enhanced anti‑detection)
[03:58:43] [1/458] MBDC
[03:58:43] 🧠 New identity created
[03:58:44] [2/458] CHKM
[03:58:44] [3/458] JTKZ
[03:58:45] [4/458] CMCT
[03:58:45] [5/458] ASHO
[03:58:46] [6/458] ECDG
[03:58:47] [7/458] SPAT
[03:58:47] [8/458] HILC
[03:58:48] [9/458] SPPH
[03:58:49] [10/458] SBHN
[03:58:50] 🔄 Identity reset
[03:58:50] 🔄 Identity rotated (every 10 requests)
[03:58:50] 🔄 Retry 1/5 for SBHN in 2.5s
[03:58:50] 🔄 Identity reset
[03:58:52] 🧠 New identity created
[03:58:52] [11/458] RRCA
[03:58:53] [12/458] APAA
[03:58:54] [13/458] RAME
[03:58:55] [14/458] TMMS
[03:58:55] [15/458] BATK
[03:58:56] [16/458] LKOP
[03:58:57] [17/458] AMTT
[03:58:57] [18/458] PTGK
[03:58:58] [19/458] ANRS
[03:58:58] 🔄 Identity reset
[03:58:59] 🔄 Identity rotated (every 10 requests)
[03:58:59] [20/458] VWBW
[03:58:59] [21/458] SVFG
[03:59:00] [22/458] STAT
[03:59:01] [23/458] GDCV
[03:59:01] [24/458] VEBI
[03:59:02] [25/458] VDSS
[03:59:03] [26/458] NTHV
[03:59:03] [27/458] AOCH
[03:59:04] [28/458] KASR
[03:59:04] [29/458] AYCS
[03:59:05] 🔄 Identity reset
[03:59:05] 🔄 Identity rotated (every 10 requests)
[03:59:05] [30/458] SHAI
[03:59:06] [31/458] SKPE
[03:59:06] [32/458] SBTA
[03:59:07] [33/458] RTTD
[03:59:07] [34/458] CCJD
[03:59:08] [35/458] RSJJ
[03:59:09] [36/458] RKND
[03:59:09] [37/458] SVTX
[03:59:10] [38/458] BAKM
[03:59:10] [39/458] SVDC
[03:59:11] 🔄 Identity reset
[03:59:11] 🔄 Identity rotated (every 10 requests)
[03:59:11] [40/458] MNCV
[03:59:12] [41/458] SJGC
[03:59:12] [42/458] MTPK
[03:59:13] [43/458] GATP
[03:59:14] [44/458] ABTS
[03:59:14] [45/458] ABDE
[03:59:15] [46/458] RCNM
[03:59:15] [47/458] KTHV
[03:59:16] [48/458] MDGJ
[03:59:17] [49/458] SMLM
[03:59:17] 🔄 Identity reset
[03:59:17] 🔄 Identity rotated (every 10 requests)
[03:59:17] 🔄 Retry 1/5 for SMLM in 2.3s
[03:59:17] 🔄 Identity reset
[03:59:20] 🧠 New identity created
[03:59:20] [50/458] JTMA
[03:59:21] [51/458] ACKP
[03:59:21] [52/458] SRTA
[03:59:22] [53/458] STAY
[03:59:22] [54/458] MAVO
[03:59:23] [55/458] APTS
[03:59:24] [56/458] OMEA
[03:59:25] [57/458] TTFD
[03:59:25] [58/458] MJCU
[03:59:26] 🔄 Identity reset
[03:59:26] 🔄 Identity rotated (every 10 requests)
[03:59:26] [59/458] CXTE
[03:59:27] [60/458] CTPX
[03:59:27] [61/458] ASSL
[03:59:28] [62/458] CMVB
[03:59:28] [63/458] VPUR
[03:59:29] [64/458] JJDA
[03:59:29] [65/458] INBL
[03:59:30] [66/458] BIKB
[03:59:31] [67/458] NTBB
[03:59:31] [68/458] GLOB
[03:59:32] 🔄 Identity reset
[03:59:32] 🔄 Identity rotated (every 10 requests)
[03:59:32] 🔄 Retry 1/5 for GLOB in 2.1s
[03:59:32] 🔄 Identity reset
[03:59:34] 🧠 New identity created
[03:59:35] [69/458] SNTB
[03:59:35] [70/458] CHGV
[03:59:36] [71/458] SSBZ
[03:59:36] [72/458] PRDB
[03:59:37] [73/458] ISMT
[03:59:38] [74/458] MCSD
[03:59:38] [75/458] JBTT
[03:59:39] [76/458] GEKR
[03:59:40] [77/458] PVUN
[03:59:40] 🔄 Identity reset
[03:59:40] 🔄 Identity rotated (every 10 requests)
[03:59:41] [78/458] NRTB
[03:59:41] [79/458] PRAA
[03:59:42] [80/458] PCBL
[03:59:43] [81/458] PTCM
[03:59:43] [82/458] KHNN
[03:59:44] [83/458] OMJE
[03:59:45] [84/458] STGN
[03:59:45] [85/458] RPMS
[03:59:46] [86/458] NWAD
[03:59:47] [87/458] BLCK
[03:59:47] 🔄 Identity reset
[03:59:47] 🔄 Identity rotated (every 10 requests)
[03:59:47] [88/458] SVAA
[03:59:48] [89/458] URVM
[03:59:48] [90/458] ANTM
[03:59:49] [91/458] VJYM
[03:59:49] [92/458] MAZZ
[03:59:50] [93/458] CSHM
[03:59:51] [94/458] WGMH
[03:59:51] [95/458] SALN
[03:59:52] [96/458] BRTP
[03:59:53] [97/458] SVTA
[03:59:53] 🔄 Identity reset
[03:59:53] 🔄 Identity rotated (every 10 requests)
[03:59:53] 🔄 Retry 1/5 for SVTA in 2.7s
[03:59:53] 🔄 Identity reset
[03:59:56] 🧠 New identity created
[03:59:56] [98/458] SBTP
[03:59:57] [99/458] VLSS
[03:59:57] [100/458] SRJA
[03:59:58] [101/458] ANCG
[03:59:58] [102/458] CGGC
[03:59:59] [103/458] CRJA
[04:00:00] [104/458] USCR
[04:00:00] [105/458] MMEF
[04:00:01] [106/458] JCRJ
[04:00:01] 🔄 Identity reset
[04:00:01] 🔄 Identity rotated (every 10 requests)
[04:00:01] [107/458] ADCM
[04:00:02] [108/458] BMYK
[04:00:03] [109/458] KICS
[04:00:03] [110/458] MBBT
[04:00:04] [111/458] MACK
[04:00:05] [112/458] CLDR
[04:00:05] [113/458] JYCR
[04:00:06] [114/458] DCRP
[04:00:07] [115/458] RAHT
[04:00:08] [116/458] CSSM
[04:00:08] 🔄 Identity reset
[04:00:08] 🔄 Identity rotated (every 10 requests)
[04:00:08] 🔄 Retry 1/5 for CSSM in 2.8s
[04:00:08] 🔄 Identity reset
[04:00:11] 🧠 New identity created
[04:00:11] [117/458] ATPK
[04:00:12] [118/458] KLRT
[04:00:13] [119/458] SRDD
[04:00:13] [120/458] CKMC
[04:00:14] [121/458] KRVM
[04:00:14] [122/458] AKCP
[04:00:15] [123/458] CNCV
[04:00:16] [124/458] PACT
[04:00:16] [125/458] NATP
[04:00:17] 🔄 Identity reset
[04:00:17] 🔄 Identity rotated (every 10 requests)
[04:00:17] 🔄 Retry 1/5 for NATP in 2.4s
[04:00:17] 🔄 Identity reset
[04:00:19] 🧠 New identity created
[04:00:19] 🔄 Retry 2/5 for NATP in 4.4s
[04:00:19] 🔄 Identity reset
[04:00:24] 🧠 New identity created
[04:00:24] [126/458] PCPK
[04:00:25] [127/458] SMHO
[04:00:25] [128/458] CWTK
[04:00:26] [129/458] RVKZ
[04:00:26] [130/458] ASPD
[04:00:27] [131/458] VTKZ
[04:00:28] [132/458] LCSO
[04:00:28] [133/458] PRDY
[04:00:29] 🔄 Identity reset
[04:00:29] 🔄 Identity rotated (every 10 requests)
[04:00:29] [134/458] RCAP
[04:00:30] [135/458] RGAR
[04:00:30] [136/458] RCAC
[04:00:31] [137/458] PMOD
[04:00:32] [138/458] PVCN
[04:00:32] [139/458] SCRZ
[04:00:33] [140/458] PVPC
[04:00:33] [141/458] STID
[04:00:34] [142/458] NEDD
[04:00:35] [143/458] BNBA
[04:00:35] 🔄 Identity reset
[04:00:35] 🔄 Identity rotated (every 10 requests)
[04:00:35] 🔄 Retry 1/5 for BNBA in 2.1s
[04:00:35] 🔄 Identity reset
[04:00:37] 🧠 New identity created
[04:00:37] [144/458] NTCD
[04:00:38] [145/458] OCDE
[04:00:39] [146/458] CCDU
[04:00:39] [147/458] CRXH
[04:00:40] [148/458] VLVT
[04:00:41] [149/458] CICI
[04:00:41] [150/458] SUCB
[04:00:42] [151/458] TCBP
[04:00:42] [152/458] SCCY
[04:00:43] 🔄 Identity reset
[04:00:43] 🔄 Identity rotated (every 10 requests)
[04:00:43] 🔄 Retry 1/5 for SCCY in 2.9s
[04:00:43] 🔄 Identity reset
[04:00:46] 🧠 New identity created
[04:00:46] [153/458] LXCY
[04:00:46] [154/458] NCMD
[04:00:47] [155/458] PHCS
[04:00:48] [156/458] DUXR
[04:00:49] [157/458] VNKS
[04:00:49] [158/458] SEDP
[04:00:50] [159/458] SVEN
[04:00:50] [160/458] SRKM
[04:00:51] [161/458] JTLT
[04:00:52] 🔄 Identity reset
[04:00:52] 🔄 Identity rotated (every 10 requests)
[04:00:52] [162/458] SVSS
[04:00:52] [163/458] AMDE
[04:00:53] [164/458] WVRN
[04:00:54] [165/458] ISMG
[04:00:55] [166/458] WVKS
[04:00:55] [167/458] USCG
[04:00:56] [168/458] IOTG
[04:00:56] [169/458] RRJM
[04:00:57] [170/458] EDMP
[04:00:58] [171/458] SCGZ
[04:00:58] 🔄 Identity reset
[04:00:58] 🔄 Identity rotated (every 10 requests)
[04:00:58] [172/458] GMGX
[04:00:59] [173/458] OMTP
[04:01:00] [174/458] MITD
[04:01:01] [175/458] SMMD
[04:01:02] [176/458] STML
[04:01:02] [177/458] MCFS
[04:01:03] [178/458] FPKA
[04:01:04] [179/458] OMLR
[04:01:04] [180/458] KKSC
[04:01:05] [181/458] RVMA
[04:01:06] 🔄 Identity reset
[04:01:06] 🔄 Identity rotated (every 10 requests)
[04:01:06] 🔄 Retry 1/5 for RVMA in 2.3s
[04:01:06] 🔄 Identity reset
[04:01:08] 🧠 New identity created
[04:01:08] 🔄 Retry 2/5 for RVMA in 4.7s
[04:01:08] 🔄 Identity reset
[04:01:13] 🧠 New identity created
[04:01:13] 🔄 Retry 3/5 for RVMA in 8.8s
[04:01:13] 🔄 Identity reset
[04:01:22] 🧠 New identity created
[04:01:22] [182/458] SCLL
[04:01:23] [183/458] SCDK
[04:01:23] [184/458] SXMI
[04:01:24] [185/458] SHDN
[04:01:25] [186/458] PAAD
[04:01:26] [187/458] UUCB
[04:01:27] [188/458] JHOL
[04:01:27] 🔄 Identity reset
[04:01:27] 🔄 Identity rotated (every 10 requests)
[04:01:27] [189/458] SGWT
[04:01:28] [190/458] SRII
[04:01:29] [191/458] SGCK
[04:01:29] [192/458] SVVB
[04:01:30] [193/458] DMHA
[04:01:31] [194/458] PPNL
[04:01:31] [195/458] CPNL
[04:01:32] [196/458] WVLD
[04:01:33] [197/458] PSLV
[04:01:33] [198/458] VTTL
[04:01:34] 🔄 Identity reset
[04:01:34] 🔄 Identity rotated (every 10 requests)
[04:01:34] [199/458] NPAD
[04:01:35] [200/458] PVCS
[04:01:35] [201/458] MCHL
[04:01:36] [202/458] PPLL
[04:01:37] [203/458] MALO
[04:01:37] [204/458] SWBH
[04:01:38] [205/458] PUGB
[04:01:39] [206/458] INBB
[04:01:39] [207/458] INNS
[04:01:40] [208/458] MCPT
[04:01:41] 🔄 Identity reset
[04:01:41] 🔄 Identity rotated (every 10 requests)
[04:01:41] [209/458] SCMI
[04:01:41] [210/458] OCON
[04:01:42] [211/458] SCSM
[04:01:43] [212/458] RJVN
[04:01:43] [213/458] AMDK
[04:01:44] [214/458] ISMR
[04:01:45] [215/458] SMTD
[04:01:45] [216/458] VTDD
[04:01:46] [217/458] PDDZ
[04:01:47] [218/458] PCCK
[04:01:47] 🔄 Identity reset
[04:01:47] 🔄 Identity rotated (every 10 requests)
[04:01:48] [219/458] INAM
[04:01:48] [220/458] FNKT
[04:01:49] [221/458] GDKA
[04:01:50] [222/458] MAYU
[04:01:51] [223/458] TCGU
[04:01:51] [224/458] KDCA
[04:01:52] [225/458] DOMY
[04:01:52] [226/458] PDDD
[04:01:53] [227/458] BJTS
[04:01:54] [228/458] VTCA
[04:01:54] 🔄 Identity reset
[04:01:54] 🔄 Identity rotated (every 10 requests)
[04:01:54] [229/458] SBTM
[04:01:55] [230/458] SEET
[04:01:55] [231/458] SSTJ
[04:01:56] [232/458] SVNT
[04:01:57] [233/458] PPPR
[04:01:58] [234/458] PVYS
[04:01:58] [235/458] IOSE
[04:01:59] [236/458] ACTV
[04:02:00] [237/458] APVE
[04:02:00] [238/458] TCCL
[04:02:01] 🔄 Identity reset
[04:02:01] 🔄 Identity rotated (every 10 requests)
[04:02:01] [239/458] SCMO
[04:02:02] [240/458] SAUM
[04:02:02] [241/458] KCJS
[04:02:03] [242/458] NJCJ
[04:02:04] [243/458] NECF
[04:02:04] [244/458] CCGW
[04:02:05] [245/458] CCMG
[04:02:06] [246/458] NYRG
[04:02:06] [247/458] NCSQ
[04:02:07] [248/458] GRCG
[04:02:07] 🔄 Identity reset
[04:02:07] 🔄 Identity rotated (every 10 requests)
[04:02:08] [249/458] CCBT
[04:02:08] [250/458] ACGA
[04:02:09] [251/458] INAG
[04:02:09] [252/458] FUCG
[04:02:10] [253/458] AICF
[04:02:11] [254/458] GRGA
[04:02:11] [255/458] GDCN
[04:02:12] [256/458] RRCG
[04:02:13] [257/458] SDCH
[04:02:13] [258/458] WVJM
[04:02:14] 🔄 Identity reset
[04:02:14] 🔄 Identity rotated (every 10 requests)
[04:02:14] [259/458] JCCZ
[04:02:15] [260/458] CNCL
[04:02:15] [261/458] TMLV
[04:02:16] [262/458] MEMB
[04:02:17] [263/458] SGTD
[04:02:17] [264/458] CONX
[04:02:18] [265/458] CCMH
[04:02:19] [266/458] ACMC
[04:02:19] [267/458] DTPD
[04:02:20] [268/458] POJA
[04:02:20] 🔄 Identity reset
[04:02:20] 🔄 Identity rotated (every 10 requests)
[04:02:20] 🔄 Retry 1/5 for POJA in 2.1s
[04:02:20] 🔄 Identity reset
[04:02:22] 🧠 New identity created
[04:02:23] [269/458] FNBH
[04:02:23] [270/458] CGCB
[04:02:24] [271/458] RACN
[04:02:25] [272/458] JTSM
[04:02:25] [273/458] SCDN
[04:02:26] [274/458] AACK
[04:02:27] [275/458] RMCE
[04:02:27] [276/458] BSGB
[04:02:28] [277/458] MRCB
[04:02:28] 🔄 Identity reset
[04:02:28] 🔄 Identity rotated (every 10 requests)
[04:02:29] [278/458] SRVR
[04:02:29] [279/458] VTKK
[04:02:30] [280/458] AMST
[04:02:30] [281/458] APCY
[04:02:31] [282/458] LMHO
[04:02:32] [283/458] MTZH
[04:02:32] [284/458] AMZB
[04:02:33] [285/458] SUVT
[04:02:34] [286/458] RCIP
[04:02:34] [287/458] KESR
[04:02:35] 🔄 Identity reset
[04:02:35] 🔄 Identity rotated (every 10 requests)
[04:02:35] [288/458] SNKC
[04:02:36] [289/458] SCED
[04:02:36] [290/458] DVCA
[04:02:37] [291/458] VCDT
[04:02:38] [292/458] RRDI
[04:02:38] [293/458] DFCH
[04:02:39] [294/458] INSC
[04:02:40] [295/458] RGTR
[04:02:40] [296/458] FMOT
[04:02:41] [297/458] SCPM
[04:02:42] 🔄 Identity reset
[04:02:42] 🔄 Identity rotated (every 10 requests)
[04:02:42] 🔄 Retry 1/5 for SCPM in 2.9s
[04:02:42] 🔄 Identity reset
[04:02:45] 🧠 New identity created
[04:02:45] [298/458] GCDT
[04:02:46] [299/458] BRKT
[04:02:46] [300/458] DEMP
[04:02:47] [301/458] SRLC
[04:02:47] [302/458] KSTT
[04:02:48] [303/458] SMMT
[04:02:49] [304/458] SILM
[04:02:49] [305/458] JCVM
[04:02:50] [306/458] KCSV
[04:02:50] 🔄 Identity reset
[04:02:50] 🔄 Identity rotated (every 10 requests)
[04:02:51] [307/458] MHLK
[04:02:51] [308/458] SLVL
[04:02:52] [309/458] RJKP
[04:02:53] [310/458] BBPC
[04:02:53] [311/458] MXCB
[04:02:54] [312/458] TCPK
[04:02:55] [313/458] RTBR
[04:02:55] [314/458] GAUT
[04:02:56] [315/458] DVCF
[04:02:57] [316/458] JTSB
[04:02:57] 🔄 Identity reset
[04:02:57] 🔄 Identity rotated (every 10 requests)
[04:02:57] [317/458] SBLS
[04:02:58] [318/458] UDAY
[04:02:59] [319/458] PTNP
[04:02:59] [320/458] DMKT
[04:03:00] [321/458] NTDT
[04:03:00] [322/458] SHDJ
[04:03:01] [323/458] OTNC
[04:03:02] [324/458] RNTW
[04:03:02] [325/458] GCMI
[04:03:03] [326/458] CRCM
[04:03:04] 🔄 Identity reset
[04:03:04] 🔄 Identity rotated (every 10 requests)
[04:03:04] [327/458] NNCZ
[04:03:05] [328/458] OEMO
[04:03:05] [329/458] PVJM
[04:03:06] [330/458] CPJI
[04:03:06] [331/458] RMCJ
[04:03:07] [332/458] CNWJ
[04:03:08] [333/458] EPJM
[04:03:09] [334/458] FNJJ
[04:03:09] [335/458] GCMJ
[04:03:10] [336/458] INPS
[04:03:11] 🔄 Identity reset
[04:03:11] 🔄 Identity rotated (every 10 requests)
[04:03:11] [337/458] BICJ
[04:03:11] [338/458] ISTJ
[04:03:12] [339/458] INJC
[04:03:13] [340/458] GLXJ
[04:03:13] [341/458] INEM
[04:03:14] [342/458] JTMN
[04:03:14] [343/458] FRCJ
[04:03:15] [344/458] DDJP
[04:03:16] [345/458] INJV
[04:03:16] [346/458] GOLC
[04:03:17] 🔄 Identity reset
[04:03:17] 🔄 Identity rotated (every 10 requests)
[04:03:17] [347/458] KOCI
[04:03:18] [348/458] FSTD
[04:03:18] [349/458] PACJ
[04:03:19] [350/458] GMCN
[04:03:20] [351/458] MMDJ
[04:03:20] [352/458] GODH
[04:03:21] [353/458] SKYN
[04:03:21] [354/458] NCTH
[04:03:22] [355/458] SKVZ
[04:03:23] [356/458] SVML
[04:03:23] 🔄 Identity reset
[04:03:23] 🔄 Identity rotated (every 10 requests)
[04:03:23] [357/458] ACVZ
[04:03:24] [358/458] SURA
[04:03:25] [359/458] RTRB
[04:03:25] [360/458] LLCT
[04:03:26] [361/458] ATTS
[04:03:27] [362/458] JYCM
[04:03:27] [363/458] CTKR
[04:03:28] [364/458] LCKR
[04:03:29] [365/458] NYCV
[04:03:29] [366/458] NYOH
[04:03:30] 🔄 Identity reset
[04:03:30] 🔄 Identity rotated (every 10 requests)
[04:03:30] [367/458] NOVX
[04:03:31] [368/458] MRGK
[04:03:32] [369/458] MOON
[04:03:32] [370/458] SBUC
[04:03:33] [371/458] GSVA
[04:03:34] [372/458] VIAK
[04:03:34] [373/458] SMVZ
[04:03:35] [374/458] MATE
[04:03:36] [375/458] RDCN
[04:03:36] [376/458] ASBL
[04:03:37] 🔄 Identity reset
[04:03:37] 🔄 Identity rotated (every 10 requests)
[04:03:37] [377/458] ASVS
[04:03:38] [378/458] ASSR
[04:03:38] [379/458] SSKN
[04:03:39] [380/458] DRPV
[04:03:40] [381/458] MRHT
[04:03:40] [382/458] BSCN
[04:03:41] [383/458] RKNX
[04:03:42] [384/458] MSMC
[04:03:42] [385/458] MSCJ
[04:03:43] [386/458] BTBJ
[04:03:43] 🔄 Identity reset
[04:03:43] 🔄 Identity rotated (every 10 requests)
[04:03:43] [387/458] MJCC
[04:03:44] [388/458] IOMM
[04:03:45] [389/458] ADGR
[04:03:46] [390/458] MYCP
[04:03:47] [391/458] IGCM
[04:03:47] [392/458] PGRK
[04:03:48] [393/458] VPGO
[04:03:49] [394/458] KOMS
[04:03:49] [395/458] URGG
[04:03:50] [396/458] GOST
[04:03:51] 🔄 Identity reset
[04:03:51] 🔄 Identity rotated (every 10 requests)
[04:03:51] [397/458] LACT
[04:03:51] [398/458] BWCM
[04:03:52] [399/458] NCCW
[04:03:52] [400/458] SKYC
[04:03:53] [401/458] CCPM
[04:03:54] [402/458] VCBT
[04:03:55] [403/458] SDKR
[04:03:55] [404/458] CTYB
[04:03:56] [405/458] SHCX
[04:03:56] [406/458] RCUN
[04:03:57] 🔄 Identity reset
[04:03:57] 🔄 Identity rotated (every 10 requests)
[04:03:57] [407/458] CNRA
[04:03:58] [408/458] RFCA
[04:03:59] [409/458] RDCU
[04:03:59] [410/458] SARK
[04:04:00] [411/458] SPPP
[04:04:01] [412/458] ADMB
[04:04:02] [413/458] JYOE
[04:04:02] [414/458] SRMD
[04:04:03] [415/458] RJDH
[04:04:04] [416/458] SSTD
[04:04:04] 🔄 Identity reset
[04:04:04] 🔄 Identity rotated (every 10 requests)
[04:04:05] [417/458] AACV
[04:04:05] [418/458] PPVD
[04:04:06] [419/458] STCP
[04:04:07] [420/458] ANLS
[04:04:07] [421/458] BIJO
[04:04:08] [422/458] AVAB
[04:04:09] [423/458] SPMD
[04:04:10] [424/458] SVJL
[04:04:10] [425/458] SDDJ
[04:04:11] [426/458] SLTU
[04:04:11] 🔄 Identity reset
[04:04:12] 🔄 Identity rotated (every 10 requests)
[04:04:12] [427/458] SAKA
[04:04:12] [428/458] PMAM
[04:04:13] [429/458] FNAM
[04:04:14] [430/458] ACAM
[04:04:14] [431/458] SCMM
[04:04:15] [432/458] PMAK
[04:04:16] [433/458] NYSA
[04:04:16] [434/458] FCPA
[04:04:17] [435/458] GDAN
[04:04:18] [436/458] RSCA
[04:04:18] 🔄 Identity reset
[04:04:18] 🔄 Identity rotated (every 10 requests)
[04:04:19] [437/458] DMAN
[04:04:19] [438/458] DZCM
[04:04:20] [439/458] NSGL
[04:04:20] [440/458] CCPP
[04:04:21] [441/458] PSMG
[04:04:22] [442/458] GSER
[04:04:22] [443/458] FCCT
[04:04:23] [444/458] FCTB
[04:04:23] [445/458] LCNK
[04:04:24] [446/458] SKTY
[04:04:25] 🔄 Identity reset
[04:04:25] 🔄 Identity rotated (every 10 requests)
[04:04:25] [447/458] INAA
[04:04:25] [448/458] RCWN
[04:04:26] [449/458] VAIS
[04:04:27] [450/458] CVMN
[04:04:27] [451/458] INTS
[04:04:28] [452/458] FRGS
[04:04:30] [453/458] DTCK
[04:04:30] [454/458] MCMH
[04:04:31] [455/458] ECRR
[04:04:32] [456/458] RLLP
[04:04:33] 🔄 Identity reset
[04:04:33] 🔄 Identity rotated (every 10 requests)
[04:04:33] [457/458] CCSN
[04:04:34] [458/458] CCBA
[04:04:35] ✅ DONE | Shows=2 | Movies=2
[04:17:08] 🚀 BMS DAILY TRACKER STARTED (enhanced anti‑detection)
[04:17:08] [1/458] MBDC
[04:17:09] 🧠 New identity created
[04:17:09] [2/458] CHKM
[04:17:10] [3/458] JTKZ
[04:17:10] [4/458] CMCT
[04:17:11] [5/458] ASHO
[04:17:11] [6/458] ECDG
[04:17:12] [7/458] SPAT
[04:17:13] [8/458] HILC
[04:17:13] [9/458] SPPH
[04:17:14] [10/458] SBHN
[04:17:15] 🔄 Identity reset
[04:17:15] 🔄 Identity rotated (every 10 requests)
[04:17:15] [11/458] RRCA
[04:17:16] [12/458] APAA
[04:17:16] [13/458] RAME
[04:17:17] [14/458] TMMS
[04:17:17] [15/458] BATK
[04:17:18] [16/458] LKOP
[04:17:19] [17/458] AMTT
[04:17:20] [18/458] PTGK
[04:17:20] [19/458] ANRS
[04:17:21] [20/458] VWBW
[04:17:21] 🔄 Identity reset
[04:17:21] 🔄 Identity rotated (every 10 requests)
[04:17:21] 🔄 Retry 1/5 for VWBW in 2.9s
[04:17:21] 🔄 Identity reset
[04:17:24] 🧠 New identity created
[04:17:24] [21/458] SVFG
[04:17:25] [22/458] STAT
[04:17:26] [23/458] GDCV
[04:17:26] [24/458] VEBI
[04:17:27] [25/458] VDSS
[04:17:28] [26/458] NTHV
[04:17:28] [27/458] AOCH
[04:17:29] [28/458] KASR
[04:17:29] [29/458] AYCS
[04:17:30] 🔄 Identity reset
[04:17:30] 🔄 Identity rotated (every 10 requests)
[04:17:30] [30/458] SHAI
[04:17:31] [31/458] SKPE
[04:17:31] [32/458] SBTA
[04:17:32] [33/458] RTTD
[04:17:33] [34/458] CCJD
[04:17:33] [35/458] RSJJ
[04:17:34] [36/458] RKND
[04:17:35] [37/458] SVTX
[04:17:35] [38/458] BAKM
[04:17:36] [39/458] SVDC
[04:17:36] 🔄 Identity reset
[04:17:36] 🔄 Identity rotated (every 10 requests)
[04:17:36] [40/458] MNCV
[04:17:37] [41/458] SJGC
[04:17:37] [42/458] MTPK
[04:17:38] [43/458] GATP
[04:17:39] [44/458] ABTS
[04:17:39] [45/458] ABDE
[04:17:40] [46/458] RCNM
[04:17:41] [47/458] KTHV
[04:17:41] [48/458] MDGJ
[04:17:42] [49/458] SMLM
[04:17:42] 🔄 Identity reset
[04:17:42] 🔄 Identity rotated (every 10 requests)
[04:17:43] [50/458] JTMA
[04:17:43] [51/458] ACKP
[04:17:44] [52/458] SRTA
[04:17:45] [53/458] STAY
[04:17:45] [54/458] MAVO
[04:17:46] [55/458] APTS
[04:17:47] [56/458] OMEA
[04:17:47] [57/458] TTFD
[04:17:48] [58/458] MJCU
[04:17:48] [59/458] CXTE
[04:17:49] 🔄 Identity reset
[04:17:49] 🔄 Identity rotated (every 10 requests)
[04:17:49] [60/458] CTPX
[04:17:50] [61/458] ASSL
[04:17:50] [62/458] CMVB
[04:17:51] [63/458] VPUR
[04:17:51] [64/458] JJDA
[04:17:52] [65/458] INBL
[04:17:52] [66/458] BIKB
[04:17:53] [67/458] NTBB
[04:17:54] [68/458] GLOB
[04:17:54] [69/458] SNTB
[04:17:55] 🔄 Identity reset
[04:17:55] 🔄 Identity rotated (every 10 requests)
[04:17:55] [70/458] CHGV
[04:17:56] [71/458] SSBZ
[04:17:57] [72/458] PRDB
[04:17:57] [73/458] ISMT
[04:17:58] [74/458] MCSD
[04:17:58] [75/458] JBTT
[04:17:59] [76/458] GEKR
[04:18:00] [77/458] PVUN
[04:18:00] [78/458] NRTB
[04:18:01] [79/458] PRAA
[04:18:02] 🔄 Identity reset
[04:18:02] 🔄 Identity rotated (every 10 requests)
[04:18:02] [80/458] PCBL
[04:18:02] [81/458] PTCM
[04:18:03] [82/458] KHNN
[04:18:04] [83/458] OMJE
[04:18:04] [84/458] STGN
[04:18:05] [85/458] RPMS
[04:18:06] [86/458] NWAD
[04:18:06] [87/458] BLCK
[04:18:07] [88/458] SVAA
[04:18:07] [89/458] URVM
[04:18:08] 🔄 Identity reset
[04:18:08] 🔄 Identity rotated (every 10 requests)
[04:18:08] [90/458] ANTM
[04:18:09] [91/458] VJYM
[04:18:09] [92/458] MAZZ
[04:18:10] [93/458] CSHM
[04:18:10] [94/458] WGMH
[04:18:11] [95/458] SALN
[04:18:12] [96/458] BRTP
[04:18:12] [97/458] SVTA
[04:18:13] [98/458] SBTP
[04:18:14] [99/458] VLSS
[04:18:14] 🔄 Identity reset
[04:18:14] 🔄 Identity rotated (every 10 requests)
[04:18:14] [100/458] SRJA
[04:18:15] [101/458] ANCG
[04:18:16] [102/458] CGGC
[04:18:17] [103/458] CRJA
[04:18:17] [104/458] USCR
[04:18:18] [105/458] MMEF
[04:18:18] [106/458] JCRJ
[04:18:19] [107/458] ADCM
[04:18:20] [108/458] BMYK
[04:18:20] [109/458] KICS
[04:18:21] 🔄 Identity reset
[04:18:21] 🔄 Identity rotated (every 10 requests)
[04:18:21] [110/458] MBBT
[04:18:22] [111/458] MACK
[04:18:22] [112/458] CLDR
[04:18:23] [113/458] JYCR
[04:18:24] [114/458] DCRP
[04:18:24] [115/458] RAHT
[04:18:25] [116/458] CSSM
[04:18:26] [117/458] ATPK
[04:18:26] [118/458] KLRT
[04:18:27] [119/458] SRDD
[04:18:28] 🔄 Identity reset
[04:18:28] 🔄 Identity rotated (every 10 requests)
[04:18:28] [120/458] CKMC
[04:18:28] [121/458] KRVM
[04:18:29] [122/458] AKCP
[04:18:30] [123/458] CNCV
[04:18:30] [124/458] PACT
[04:18:31] [125/458] NATP
[04:18:32] [126/458] PCPK
[04:18:32] [127/458] SMHO
[04:18:33] [128/458] CWTK
[04:18:34] [129/458] RVKZ
[04:18:34] 🔄 Identity reset
[04:18:34] 🔄 Identity rotated (every 10 requests)
[04:18:34] [130/458] ASPD
[04:18:35] [131/458] VTKZ
[04:18:35] [132/458] LCSO
[04:18:36] [133/458] PRDY
[04:18:37] [134/458] RCAP
[04:18:37] [135/458] RGAR
[04:18:38] [136/458] RCAC
[04:18:39] [137/458] PMOD
[04:18:39] [138/458] PVCN
[04:18:40] [139/458] SCRZ
[04:18:40] 🔄 Identity reset
[04:18:40] 🔄 Identity rotated (every 10 requests)
[04:18:40] [140/458] PVPC
[04:18:41] [141/458] STID
[04:18:41] [142/458] NEDD
[04:18:42] [143/458] BNBA
[04:18:43] [144/458] NTCD
[04:18:43] [145/458] OCDE
[04:18:44] [146/458] CCDU
[04:18:44] [147/458] CRXH
[04:18:45] [148/458] VLVT
[04:18:46] [149/458] CICI
[04:18:46] 🔄 Identity reset
[04:18:46] 🔄 Identity rotated (every 10 requests)
[04:18:46] [150/458] SUCB
[04:18:47] [151/458] TCBP
[04:18:48] [152/458] SCCY
[04:18:48] [153/458] LXCY
[04:18:49] [154/458] NCMD
[04:18:49] [155/458] PHCS
[04:18:50] [156/458] DUXR
[04:18:50] [157/458] VNKS
[04:18:51] [158/458] SEDP
[04:18:52] [159/458] SVEN
[04:18:52] 🔄 Identity reset
[04:18:52] 🔄 Identity rotated (every 10 requests)
[04:18:52] [160/458] SRKM
[04:18:53] [161/458] JTLT
[04:18:54] [162/458] SVSS
[04:18:54] [163/458] AMDE
[04:18:55] [164/458] WVRN
[04:18:56] [165/458] ISMG
[04:18:56] [166/458] WVKS
[04:18:57] [167/458] USCG
[04:18:58] [168/458] IOTG
[04:18:58] [169/458] RRJM
[04:18:59] 🔄 Identity reset
[04:18:59] 🔄 Identity rotated (every 10 requests)
[04:18:59] 🔄 Retry 1/5 for RRJM in 2.7s
[04:18:59] 🔄 Identity reset
[04:19:02] 🧠 New identity created
[04:19:02] [170/458] EDMP
[04:19:03] [171/458] SCGZ
[04:19:03] [172/458] GMGX
[04:19:04] [173/458] OMTP
[04:19:05] [174/458] MITD
[04:19:05] [175/458] SMMD
[04:19:06] [176/458] STML
[04:19:07] [177/458] MCFS
[04:19:08] [178/458] FPKA
[04:19:08] 🔄 Identity reset
[04:19:08] 🔄 Identity rotated (every 10 requests)
[04:19:08] [179/458] OMLR
[04:19:09] [180/458] KKSC
[04:19:10] [181/458] RVMA
[04:19:10] [182/458] SCLL
[04:19:11] [183/458] SCDK
[04:19:12] [184/458] SXMI
[04:19:12] [185/458] SHDN
[04:19:13] [186/458] PAAD
[04:19:14] [187/458] UUCB
[04:19:14] [188/458] JHOL
[04:19:15] 🔄 Identity reset
[04:19:15] 🔄 Identity rotated (every 10 requests)
[04:19:15] [189/458] SGWT
[04:19:15] [190/458] SRII
[04:19:16] [191/458] SGCK
[04:19:17] [192/458] SVVB
[04:19:17] [193/458] DMHA
[04:19:18] [194/458] PPNL
[04:19:18] [195/458] CPNL
[04:19:19] [196/458] WVLD
[04:19:19] [197/458] PSLV
[04:19:20] [198/458] VTTL
[04:19:21] 🔄 Identity reset
[04:19:21] 🔄 Identity rotated (every 10 requests)
[04:19:21] [199/458] NPAD
[04:19:21] [200/458] PVCS
[04:19:22] [201/458] MCHL
[04:19:23] [202/458] PPLL
[04:19:24] [203/458] MALO
[04:19:24] [204/458] SWBH
[04:19:25] [205/458] PUGB
[04:19:25] [206/458] INBB
[04:19:26] [207/458] INNS
[04:19:26] [208/458] MCPT
[04:19:27] 🔄 Identity reset
[04:19:27] 🔄 Identity rotated (every 10 requests)
[04:19:27] 🔄 Retry 1/5 for MCPT in 2.0s
[04:19:27] 🔄 Identity reset
[04:19:29] 🧠 New identity created
[04:19:29] [209/458] SCMI
[04:19:30] [210/458] OCON
[04:19:31] [211/458] SCSM
[04:19:31] [212/458] RJVN
[04:19:32] [213/458] AMDK
[04:19:32] [214/458] ISMR
[04:19:33] [215/458] SMTD
[04:19:33] [216/458] VTDD
[04:19:34] [217/458] PDDZ
[04:19:35] 🔄 Identity reset
[04:19:35] 🔄 Identity rotated (every 10 requests)
[04:19:35] [218/458] PCCK
[04:19:35] [219/458] INAM
[04:19:36] [220/458] FNKT
[04:19:37] [221/458] GDKA
[04:19:37] [222/458] MAYU
[04:19:38] [223/458] TCGU
[04:19:39] [224/458] KDCA
[04:19:39] [225/458] DOMY
[04:19:40] [226/458] PDDD
[04:19:41] [227/458] BJTS
[04:19:41] 🔄 Identity reset
[04:19:41] 🔄 Identity rotated (every 10 requests)
[04:19:41] [228/458] VTCA
[04:19:42] [229/458] SBTM
[04:19:43] [230/458] SEET
[04:19:43] [231/458] SSTJ
[04:19:44] [232/458] SVNT
[04:19:45] [233/458] PPPR
[04:19:45] [234/458] PVYS
[04:19:46] [235/458] IOSE
[04:19:46] [236/458] ACTV
[04:19:47] [237/458] APVE
[04:19:48] 🔄 Identity reset
[04:19:48] 🔄 Identity rotated (every 10 requests)
[04:19:48] 🔄 Retry 1/5 for APVE in 2.7s
[04:19:48] 🔄 Identity reset
[04:19:50] 🧠 New identity created
[04:19:50] 🔄 Retry 2/5 for APVE in 5.0s
[04:19:50] 🔄 Identity reset
[04:19:56] 🧠 New identity created
[04:19:56] [238/458] TCCL
[04:19:56] [239/458] SCMO
[04:19:57] [240/458] SAUM
[04:19:57] [241/458] KCJS
[04:19:58] [242/458] NJCJ
[04:19:58] [243/458] NECF
[04:19:59] [244/458] CCGW
[04:20:00] [245/458] CCMG
[04:20:00] 🔄 Identity reset
[04:20:00] 🔄 Identity rotated (every 10 requests)
[04:20:00] 🔄 Retry 1/5 for CCMG in 2.3s
[04:20:00] 🔄 Identity reset
[04:20:03] 🧠 New identity created
[04:20:03] 🔄 Retry 2/5 for CCMG in 4.9s
[04:20:03] 🔄 Identity reset
[04:20:08] 🧠 New identity created
[04:20:08] 🔄 Retry 3/5 for CCMG in 8.6s
[04:20:08] 🔄 Identity reset
[04:20:16] 🧠 New identity created
[04:20:16] [246/458] NYRG
[04:20:17] [247/458] NCSQ
[04:20:18] [248/458] GRCG
[04:20:18] [249/458] CCBT
[04:20:19] [250/458] ACGA
[04:20:20] [251/458] INAG
[04:20:20] [252/458] FUCG
[04:20:21] 🔄 Identity reset
[04:20:21] 🔄 Identity rotated (every 10 requests)
[04:20:21] [253/458] AICF
[04:20:21] [254/458] GRGA
[04:20:22] [255/458] GDCN
[04:20:23] [256/458] RRCG
[04:20:23] [257/458] SDCH
[04:20:24] [258/458] WVJM
[04:20:24] [259/458] JCCZ
[04:20:25] [260/458] CNCL
[04:20:26] [261/458] TMLV
[04:20:26] [262/458] MEMB
[04:20:27] 🔄 Identity reset
[04:20:27] 🔄 Identity rotated (every 10 requests)
[04:20:27] [263/458] SGTD
[04:20:27] [264/458] CONX
[04:20:28] [265/458] CCMH
[04:20:29] [266/458] ACMC
[04:20:30] [267/458] DTPD
[04:20:30] [268/458] POJA
[04:20:31] [269/458] FNBH
[04:20:32] [270/458] CGCB
[04:20:32] [271/458] RACN
[04:20:33] [272/458] JTSM
[04:20:33] 🔄 Identity reset
[04:20:33] 🔄 Identity rotated (every 10 requests)
[04:20:33] 🔄 Retry 1/5 for JTSM in 2.1s
[04:20:33] 🔄 Identity reset
[04:20:35] 🧠 New identity created
[04:20:35] [273/458] SCDN
[04:20:36] [274/458] AACK
[04:20:37] [275/458] RMCE
[04:20:37] [276/458] BSGB
[04:20:38] [277/458] MRCB
[04:20:38] [278/458] SRVR
[04:20:39] [279/458] VTKK
[04:20:40] [280/458] AMST
[04:20:41] [281/458] APCY
[04:20:41] 🔄 Identity reset
[04:20:41] 🔄 Identity rotated (every 10 requests)
[04:20:41] [282/458] LMHO
[04:20:42] [283/458] MTZH
[04:20:43] [284/458] AMZB
[04:20:43] [285/458] SUVT
[04:20:44] [286/458] RCIP
[04:20:45] [287/458] KESR
[04:20:45] [288/458] SNKC
[04:20:46] [289/458] SCED
[04:20:47] [290/458] DVCA
[04:20:47] [291/458] VCDT
[04:20:48] 🔄 Identity reset
[04:20:48] 🔄 Identity rotated (every 10 requests)
[04:20:48] [292/458] RRDI
[04:20:48] [293/458] DFCH
[04:20:49] [294/458] INSC
[04:20:50] [295/458] RGTR
[04:20:50] [296/458] FMOT
[04:20:51] [297/458] SCPM
[04:20:51] [298/458] GCDT
[04:20:52] [299/458] BRKT
[04:20:52] [300/458] DEMP
[04:20:53] [301/458] SRLC
[04:20:54] 🔄 Identity reset
[04:20:54] 🔄 Identity rotated (every 10 requests)
[04:20:54] [302/458] KSTT
[04:20:54] [303/458] SMMT
[04:20:55] [304/458] SILM
[04:20:56] [305/458] JCVM
[04:20:56] [306/458] KCSV
[04:20:57] [307/458] MHLK
[04:20:57] [308/458] SLVL
[04:20:58] [309/458] RJKP
[04:20:59] [310/458] BBPC
[04:20:59] [311/458] MXCB
[04:21:00] 🔄 Identity reset
[04:21:00] 🔄 Identity rotated (every 10 requests)
[04:21:00] [312/458] TCPK
[04:21:01] [313/458] RTBR
[04:21:01] [314/458] GAUT
[04:21:02] [315/458] DVCF
[04:21:02] [316/458] JTSB
[04:21:03] [317/458] SBLS
[04:21:04] [318/458] UDAY
[04:21:04] [319/458] PTNP
[04:21:05] [320/458] DMKT
[04:21:06] [321/458] NTDT
[04:21:06] 🔄 Identity reset
[04:21:06] 🔄 Identity rotated (every 10 requests)
[04:21:06] [322/458] SHDJ
[04:21:07] [323/458] OTNC
[04:21:08] [324/458] RNTW
[04:21:08] [325/458] GCMI
[04:21:09] [326/458] CRCM
[04:21:09] [327/458] NNCZ
[04:21:10] [328/458] OEMO
[04:21:11] [329/458] PVJM
[04:21:11] [330/458] CPJI
[04:21:12] [331/458] RMCJ
[04:21:13] 🔄 Identity reset
[04:21:13] 🔄 Identity rotated (every 10 requests)
[04:21:13] [332/458] CNWJ
[04:21:13] [333/458] EPJM
[04:21:14] [334/458] FNJJ
[04:21:14] [335/458] GCMJ
[04:21:15] [336/458] INPS
[04:21:16] [337/458] BICJ
[04:21:16] [338/458] ISTJ
[04:21:17] [339/458] INJC
[04:21:17] [340/458] GLXJ
[04:21:18] [341/458] INEM
[04:21:19] 🔄 Identity reset
[04:21:19] 🔄 Identity rotated (every 10 requests)
[04:21:19] [342/458] JTMN
[04:21:20] [343/458] FRCJ
[04:21:20] [344/458] DDJP
[04:21:21] [345/458] INJV
[04:21:22] [346/458] GOLC
[04:21:22] [347/458] KOCI
[04:21:23] [348/458] FSTD
[04:21:23] [349/458] PACJ
[04:21:24] [350/458] GMCN
[04:21:25] [351/458] MMDJ
[04:21:25] 🔄 Identity reset
[04:21:25] 🔄 Identity rotated (every 10 requests)
[04:21:25] [352/458] GODH
[04:21:26] [353/458] SKYN
[04:21:26] [354/458] NCTH
[04:21:27] [355/458] SKVZ
[04:21:27] [356/458] SVML
[04:21:28] [357/458] ACVZ
[04:21:29] [358/458] SURA
[04:21:29] [359/458] RTRB
[04:21:30] [360/458] LLCT
[04:21:30] [361/458] ATTS
[04:21:31] 🔄 Identity reset
[04:21:31] 🔄 Identity rotated (every 10 requests)
[04:21:31] [362/458] JYCM
[04:21:32] [363/458] CTKR
[04:21:32] [364/458] LCKR
[04:21:33] [365/458] NYCV
[04:21:34] [366/458] NYOH
[04:21:34] [367/458] NOVX
[04:21:35] [368/458] MRGK
[04:21:35] [369/458] MOON
[04:21:36] [370/458] SBUC
[04:21:37] [371/458] GSVA
[04:21:37] 🔄 Identity reset
[04:21:37] 🔄 Identity rotated (every 10 requests)
[04:21:37] 🔄 Retry 1/5 for GSVA in 2.9s
[04:21:37] 🔄 Identity reset
[04:21:40] 🧠 New identity created
[04:21:40] [372/458] VIAK
[04:21:41] [373/458] SMVZ
[04:21:41] [374/458] MATE
[04:21:42] [375/458] RDCN
[04:21:42] [376/458] ASBL
[04:21:43] [377/458] ASVS
[04:21:44] [378/458] ASSR
[04:21:44] [379/458] SSKN
[04:21:45] [380/458] DRPV
[04:21:45] 🔄 Identity reset
[04:21:45] 🔄 Identity rotated (every 10 requests)
[04:21:45] 🔄 Retry 1/5 for DRPV in 2.3s
[04:21:45] 🔄 Identity reset
[04:21:48] 🧠 New identity created
[04:21:48] [381/458] MRHT
[04:21:49] [382/458] BSCN
[04:21:49] [383/458] RKNX
[04:21:50] [384/458] MSMC
[04:21:50] [385/458] MSCJ
[04:21:51] [386/458] BTBJ
[04:21:52] [387/458] MJCC
[04:21:52] [388/458] IOMM
[04:21:53] [389/458] ADGR
[04:21:54] 🔄 Identity reset
[04:21:54] 🔄 Identity rotated (every 10 requests)
[04:21:54] [390/458] MYCP
[04:21:54] [391/458] IGCM
[04:21:55] [392/458] PGRK
[04:21:56] [393/458] VPGO
[04:21:56] [394/458] KOMS
[04:21:57] [395/458] URGG
[04:21:57] [396/458] GOST
[04:21:58] [397/458] LACT
[04:21:59] [398/458] BWCM
[04:21:59] [399/458] NCCW
[04:22:00] 🔄 Identity reset
[04:22:00] 🔄 Identity rotated (every 10 requests)
[04:22:00] [400/458] SKYC
[04:22:00] [401/458] CCPM
[04:22:01] [402/458] VCBT
[04:22:02] [403/458] SDKR
[04:22:02] [404/458] CTYB
[04:22:03] [405/458] SHCX
[04:22:04] [406/458] RCUN
[04:22:04] [407/458] CNRA
[04:22:05] [408/458] RFCA
[04:22:06] [409/458] RDCU
[04:22:06] 🔄 Identity reset
[04:22:06] 🔄 Identity rotated (every 10 requests)
[04:22:06] 🔄 Retry 1/5 for RDCU in 3.0s
[04:22:06] 🔄 Identity reset
[04:22:09] 🧠 New identity created
[04:22:09] [410/458] SARK
[04:22:10] [411/458] SPPP
[04:22:11] [412/458] ADMB
[04:22:11] [413/458] JYOE
[04:22:12] [414/458] SRMD
[04:22:12] [415/458] RJDH
[04:22:13] [416/458] SSTD
[04:22:14] [417/458] AACV
[04:22:14] [418/458] PPVD
[04:22:15] 🔄 Identity reset
[04:22:15] 🔄 Identity rotated (every 10 requests)
[04:22:15] [419/458] STCP
[04:22:16] [420/458] ANLS
[04:22:16] [421/458] BIJO
[04:22:17] [422/458] AVAB
[04:22:17] [423/458] SPMD
[04:22:18] [424/458] SVJL
[04:22:19] [425/458] SDDJ
[04:22:19] [426/458] SLTU
[04:22:20] [427/458] SAKA
[04:22:21] [428/458] PMAM
[04:22:21] 🔄 Identity reset
[04:22:21] 🔄 Identity rotated (every 10 requests)
[04:22:21] [429/458] FNAM
[04:22:22] [430/458] ACAM
[04:22:23] [431/458] SCMM
[04:22:23] [432/458] PMAK
[04:22:24] [433/458] NYSA
[04:22:24] [434/458] FCPA
[04:22:25] [435/458] GDAN
[04:22:26] [436/458] RSCA
[04:22:26] [437/458] DMAN
[04:22:27] [438/458] DZCM
[04:22:28] 🔄 Identity reset
[04:22:28] 🔄 Identity rotated (every 10 requests)
[04:22:28] [439/458] NSGL
[04:22:28] [440/458] CCPP
[04:22:29] [441/458] PSMG
[04:22:29] [442/458] GSER
[04:22:30] [443/458] FCCT
[04:22:31] [444/458] FCTB
[04:22:31] [445/458] LCNK
[04:22:32] [446/458] SKTY
[04:22:33] [447/458] INAA
[04:22:33] [448/458] RCWN
[04:22:34] 🔄 Identity reset
[04:22:34] 🔄 Identity rotated (every 10 requests)
[04:22:34] [449/458] VAIS
[04:22:35] [450/458] CVMN
[04:22:36] [451/458] INTS
[04:22:36] [452/458] FRGS
[04:22:37] [453/458] DTCK
[04:22:38] [454/458] MCMH
[04:22:38] [455/458] ECRR
[04:22:39] [456/458] RLLP
[04:22:40] [457/458] CCSN
[04:22:41] [458/458] CCBA
[04:22:41] 🔄 Identity reset
[04:22:41] 🔄 Identity rotated (every 10 requests)
[04:22:41] ✅ DONE | Shows=3 | Movies=3
[04:56:30] 🚀 BMS DAILY TRACKER STARTED (enhanced anti‑detection)
[04:56:30] [1/458] MBDC
[04:56:30] 🧠 New identity created
[04:56:30] [2/458] CHKM
[04:56:31] [3/458] JTKZ
[04:56:32] [4/458] CMCT
[04:56:33] [5/458] ASHO
[04:56:34] [6/458] ECDG
[04:56:35] [7/458] SPAT
[04:56:36] [8/458] HILC
[04:56:37] [9/458] SPPH
[04:56:38] [10/458] SBHN
[04:56:39] 🔄 Identity reset
[04:56:39] 🔄 Identity rotated (every 10 requests)
[04:56:39] [11/458] RRCA
[04:56:40] [12/458] APAA
[04:56:41] [13/458] RAME
[04:56:42] [14/458] TMMS
[04:56:43] [15/458] BATK
[04:56:44] [16/458] LKOP
[04:56:45] [17/458] AMTT
[04:56:47] [18/458] PTGK
[04:56:48] [19/458] ANRS
[04:56:49] [20/458] VWBW
[04:56:49] 🔄 Identity reset
[04:56:49] 🔄 Identity rotated (every 10 requests)
[04:56:51] [21/458] SVFG
[04:56:52] [22/458] STAT
[04:56:52] [23/458] GDCV
[04:56:53] [24/458] VEBI
[04:56:54] [25/458] VDSS
[04:56:55] [26/458] NTHV
[04:56:56] [27/458] AOCH
[04:56:57] [28/458] KASR
[04:56:58] [29/458] AYCS
[04:56:59] [30/458] SHAI
[04:56:59] 🔄 Identity reset
[04:56:59] 🔄 Identity rotated (every 10 requests)
[04:56:59] 🔄 Retry 1/5 for SHAI in 2.6s
[04:56:59] 🔄 Identity reset
[04:57:02] 🧠 New identity created
[04:57:02] [31/458] SKPE
[04:57:03] [32/458] SBTA
[04:57:04] [33/458] RTTD
[04:57:06] [34/458] CCJD
[04:57:07] [35/458] RSJJ
[04:57:08] [36/458] RKND
[04:57:09] [37/458] SVTX
[04:57:09] [38/458] BAKM
[04:57:10] [39/458] SVDC
[04:57:11] 🔄 Identity reset
[04:57:11] 🔄 Identity rotated (every 10 requests)
[04:57:12] [40/458] MNCV
[04:57:13] [41/458] SJGC
[04:57:14] [42/458] MTPK
[04:57:15] [43/458] GATP
[04:57:16] [44/458] ABTS
[04:57:17] [45/458] ABDE
[04:57:18] [46/458] RCNM
[04:57:19] [47/458] KTHV
[04:57:20] [48/458] MDGJ
[04:57:20] [49/458] SMLM
[04:57:21] 🔄 Identity reset
[04:57:21] 🔄 Identity rotated (every 10 requests)
[04:57:21] [50/458] JTMA
[04:57:22] [51/458] ACKP
[04:57:23] [52/458] SRTA
[04:57:24] [53/458] STAY
[04:57:25] [54/458] MAVO
[04:57:26] [55/458] APTS
[04:57:27] [56/458] OMEA
[04:57:28] [57/458] TTFD
[04:57:29] [58/458] MJCU
[04:57:30] [59/458] CXTE
[04:57:31] 🔄 Identity reset
[04:57:31] 🔄 Identity rotated (every 10 requests)
[04:57:31] [60/458] CTPX
[04:57:32] [61/458] ASSL
[04:57:33] [62/458] CMVB
[04:57:34] [63/458] VPUR
[04:57:35] [64/458] JJDA
[04:57:36] [65/458] INBL
[04:57:38] [66/458] BIKB
[04:57:39] [67/458] NTBB
[04:57:39] [68/458] GLOB
[04:57:40] [69/458] SNTB
[04:57:41] 🔄 Identity reset
[04:57:41] 🔄 Identity rotated (every 10 requests)
[04:57:41] [70/458] CHGV
[04:57:42] [71/458] SSBZ
[04:57:43] [72/458] PRDB
[04:57:44] [73/458] ISMT
[04:57:45] [74/458] MCSD
[04:57:46] [75/458] JBTT
[04:57:47] [76/458] GEKR
[04:57:48] [77/458] PVUN
[04:57:49] [78/458] NRTB
[04:57:49] [79/458] PRAA
[04:57:50] 🔄 Identity reset
[04:57:50] 🔄 Identity rotated (every 10 requests)
[04:57:50] [80/458] PCBL
[04:57:51] [81/458] PTCM
[04:57:53] [82/458] KHNN
[04:57:54] [83/458] OMJE
[04:57:55] [84/458] STGN
[04:57:56] [85/458] RPMS
[04:57:57] [86/458] NWAD
[04:57:59] [87/458] BLCK
[04:58:00] [88/458] SVAA
[04:58:01] [89/458] URVM
[04:58:01] 🔄 Identity reset
[04:58:01] 🔄 Identity rotated (every 10 requests)
[04:58:02] [90/458] ANTM
[04:58:02] [91/458] VJYM
[04:58:03] [92/458] MAZZ
[04:58:04] [93/458] CSHM
[04:58:05] [94/458] WGMH
[04:58:06] [95/458] SALN
[04:58:07] [96/458] BRTP
[04:58:08] [97/458] SVTA
[04:58:09] [98/458] SBTP
[04:58:10] [99/458] VLSS
[04:58:10] 🔄 Identity reset
[04:58:10] 🔄 Identity rotated (every 10 requests)
[04:58:11] [100/458] SRJA
[04:58:12] [101/458] ANCG
[04:58:13] [102/458] CGGC
[04:58:14] [103/458] CRJA
[04:58:15] [104/458] USCR
[04:58:15] [105/458] MMEF
[04:58:16] [106/458] JCRJ
[04:58:17] [107/458] ADCM
[04:58:18] [108/458] BMYK
[04:58:19] [109/458] KICS
[04:58:20] 🔄 Identity reset
[04:58:20] 🔄 Identity rotated (every 10 requests)
[04:58:20] 🔄 Retry 1/5 for KICS in 2.6s
[04:58:20] 🔄 Identity reset
[04:58:22] 🧠 New identity created
[04:58:23] [110/458] MBBT
[04:58:24] [111/458] MACK
[04:58:25] [112/458] CLDR
[04:58:26] [113/458] JYCR
[04:58:26] [114/458] DCRP
[04:58:27] [115/458] RAHT
[04:58:28] [116/458] CSSM
[04:58:29] [117/458] ATPK
[04:58:30] [118/458] KLRT
[04:58:31] 🔄 Identity reset
[04:58:31] 🔄 Identity rotated (every 10 requests)
[04:58:31] 🔄 Retry 1/5 for KLRT in 2.7s
[04:58:31] 🔄 Identity reset
[04:58:33] 🧠 New identity created
[04:58:34] [119/458] SRDD
[04:58:35] [120/458] CKMC
[04:58:36] [121/458] KRVM
[04:58:37] [122/458] AKCP
[04:58:38] [123/458] CNCV
[04:58:39] [124/458] PACT
[04:58:40] [125/458] NATP
[04:58:41] [126/458] PCPK
[04:58:42] [127/458] SMHO
[04:58:42] 🔄 Identity reset
[04:58:42] 🔄 Identity rotated (every 10 requests)
[04:58:42] 🔄 Retry 1/5 for SMHO in 2.3s
[04:58:42] 🔄 Identity reset
[04:58:45] 🧠 New identity created
[04:58:45] [128/458] CWTK
[04:58:46] [129/458] RVKZ
[04:58:47] [130/458] ASPD
[04:58:48] [131/458] VTKZ
[04:58:49] [132/458] LCSO
[04:58:50] [133/458] PRDY
[04:58:51] [134/458] RCAP
[04:58:52] [135/458] RGAR
[04:58:53] [136/458] RCAC
[04:58:54] 🔄 Identity reset
[04:58:54] 🔄 Identity rotated (every 10 requests)
[04:58:54] [137/458] PMOD
[04:58:55] [138/458] PVCN
[04:58:56] [139/458] SCRZ
[04:58:57] [140/458] PVPC
[04:58:58] [141/458] STID
[04:58:59] [142/458] NEDD
[04:59:00] [143/458] BNBA
[04:59:01] [144/458] NTCD
[04:59:01] [145/458] OCDE
[04:59:02] [146/458] CCDU
[04:59:03] 🔄 Identity reset
[04:59:03] 🔄 Identity rotated (every 10 requests)
[04:59:03] [147/458] CRXH
[04:59:04] [148/458] VLVT
[04:59:05] [149/458] CICI
[04:59:06] [150/458] SUCB
[04:59:07] [151/458] TCBP
[04:59:07] [152/458] SCCY
[04:59:08] [153/458] LXCY
[04:59:09] [154/458] NCMD
[04:59:10] [155/458] PHCS
[04:59:11] [156/458] DUXR
[04:59:12] 🔄 Identity reset
[04:59:12] 🔄 Identity rotated (every 10 requests)
[04:59:12] 🔄 Retry 1/5 for DUXR in 2.2s
[04:59:12] 🔄 Identity reset
[04:59:14] 🧠 New identity created
[04:59:15] [157/458] VNKS
[04:59:15] [158/458] SEDP
[04:59:16] [159/458] SVEN
[04:59:17] [160/458] SRKM
[04:59:18] [161/458] JTLT
[04:59:19] [162/458] SVSS
[04:59:19] [163/458] AMDE
[04:59:20] [164/458] WVRN
[04:59:21] [165/458] ISMG
[04:59:21] 🔄 Identity reset
[04:59:21] 🔄 Identity rotated (every 10 requests)
[04:59:22] [166/458] WVKS
[04:59:22] [167/458] USCG
[04:59:23] [168/458] IOTG
[04:59:25] [169/458] RRJM
[04:59:26] [170/458] EDMP
[04:59:27] [171/458] SCGZ
[04:59:28] [172/458] GMGX
[04:59:29] [173/458] OMTP
[04:59:30] [174/458] MITD
[04:59:31] [175/458] SMMD
[04:59:32] 🔄 Identity reset
[04:59:32] 🔄 Identity rotated (every 10 requests)
[04:59:33] [176/458] STML
[04:59:34] [177/458] MCFS
[04:59:35] [178/458] FPKA
[04:59:36] [179/458] OMLR
[04:59:37] [180/458] KKSC
[04:59:38] [181/458] RVMA
[04:59:39] [182/458] SCLL
[04:59:41] [183/458] SCDK
[04:59:41] [184/458] SXMI
[04:59:42] [185/458] SHDN
[04:59:43] 🔄 Identity reset
[04:59:43] 🔄 Identity rotated (every 10 requests)
[04:59:43] [186/458] PAAD
[04:59:44] [187/458] UUCB
[04:59:45] [188/458] JHOL
[04:59:46] [189/458] SGWT
[04:59:47] [190/458] SRII
[04:59:48] [191/458] SGCK
[04:59:49] [192/458] SVVB
[04:59:50] [193/458] DMHA
[04:59:51] [194/458] PPNL
[04:59:53] [195/458] CPNL
[04:59:53] 🔄 Identity reset
[04:59:53] 🔄 Identity rotated (every 10 requests)
[04:59:54] 🔄 Retry 1/5 for CPNL in 2.7s
[04:59:54] 🔄 Identity reset
[04:59:56] 🧠 New identity created
[04:59:57] [196/458] WVLD
[04:59:58] [197/458] PSLV
[04:59:58] [198/458] VTTL
[04:59:59] [199/458] NPAD
[05:00:00] [200/458] PVCS
[05:00:01] [201/458] MCHL
[05:00:02] [202/458] PPLL
[05:00:03] [203/458] MALO
[05:00:04] [204/458] SWBH
[05:00:04] 🔄 Identity reset
[05:00:04] 🔄 Identity rotated (every 10 requests)
[05:00:05] [205/458] PUGB
[05:00:06] [206/458] INBB
[05:00:07] [207/458] INNS
[05:00:08] [208/458] MCPT
[05:00:09] [209/458] SCMI
[05:00:09] [210/458] OCON
[05:00:11] [211/458] SCSM
[05:00:12] [212/458] RJVN
[05:00:13] [213/458] AMDK
[05:00:14] [214/458] ISMR
[05:00:15] 🔄 Identity reset
[05:00:15] 🔄 Identity rotated (every 10 requests)
[05:00:15] [215/458] SMTD
[05:00:16] [216/458] VTDD
[05:00:18] [217/458] PDDZ
[05:00:19] [218/458] PCCK
[05:00:20] [219/458] INAM
[05:00:21] [220/458] FNKT
[05:00:22] [221/458] GDKA
[05:00:23] [222/458] MAYU
[05:00:24] [223/458] TCGU
[05:00:24] [224/458] KDCA
[05:00:25] 🔄 Identity reset
[05:00:25] 🔄 Identity rotated (every 10 requests)
[05:00:26] [225/458] DOMY
[05:00:26] [226/458] PDDD
[05:00:27] [227/458] BJTS
[05:00:28] [228/458] VTCA
[05:00:29] [229/458] SBTM
[05:00:31] [230/458] SEET
[05:00:32] [231/458] SSTJ
[05:00:34] [232/458] SVNT
[05:00:35] [233/458] PPPR
[05:00:36] [234/458] PVYS
[05:00:37] 🔄 Identity reset
[05:00:37] 🔄 Identity rotated (every 10 requests)
[05:00:37] [235/458] IOSE
[05:00:38] [236/458] ACTV
[05:00:39] [237/458] APVE
[05:00:40] [238/458] TCCL
[05:00:41] [239/458] SCMO
[05:00:42] [240/458] SAUM
[05:00:43] [241/458] KCJS
[05:00:44] [242/458] NJCJ
[05:00:44] [243/458] NECF
[05:00:45] [244/458] CCGW
[05:00:46] 🔄 Identity reset
[05:00:46] 🔄 Identity rotated (every 10 requests)
[05:00:46] [245/458] CCMG
[05:00:47] [246/458] NYRG
[05:00:48] [247/458] NCSQ
[05:00:49] [248/458] GRCG
[05:00:50] [249/458] CCBT
[05:00:51] [250/458] ACGA
[05:00:52] [251/458] INAG
[05:00:53] [252/458] FUCG
[05:00:54] [253/458] AICF
[05:00:55] [254/458] GRGA
[05:00:55] 🔄 Identity reset
[05:00:55] 🔄 Identity rotated (every 10 requests)
[05:00:56] [255/458] GDCN
[05:00:57] [256/458] RRCG
[05:00:58] [257/458] SDCH
[05:00:59] [258/458] WVJM
[05:01:01] [259/458] JCCZ
[05:01:02] [260/458] CNCL
[05:01:03] [261/458] TMLV
[05:01:04] [262/458] MEMB
[05:01:05] [263/458] SGTD
[05:01:06] [264/458] CONX
[05:01:06] 🔄 Identity reset
[05:01:06] 🔄 Identity rotated (every 10 requests)
[05:01:07] [265/458] CCMH
[05:01:08] [266/458] ACMC
[05:01:10] [267/458] DTPD
[05:01:11] [268/458] POJA
[05:01:12] [269/458] FNBH
[05:01:13] [270/458] CGCB
[05:01:15] [271/458] RACN
[05:01:15] [272/458] JTSM
[05:01:16] [273/458] SCDN
[05:01:17] [274/458] AACK
[05:01:18] 🔄 Identity reset
[05:01:18] 🔄 Identity rotated (every 10 requests)
[05:01:18] [275/458] RMCE
[05:01:20] [276/458] BSGB
[05:01:21] [277/458] MRCB
[05:01:22] [278/458] SRVR
[05:01:23] [279/458] VTKK
[05:01:24] [280/458] AMST
[05:01:26] [281/458] APCY
[05:01:27] [282/458] LMHO
[05:01:28] [283/458] MTZH
[05:01:29] [284/458] AMZB
[05:01:29] 🔄 Identity reset
[05:01:29] 🔄 Identity rotated (every 10 requests)
[05:01:30] [285/458] SUVT
[05:01:31] [286/458] RCIP
[05:01:32] [287/458] KESR
[05:01:33] [288/458] SNKC
[05:01:33] [289/458] SCED
[05:01:34] [290/458] DVCA
[05:01:35] [291/458] VCDT
[05:01:37] [292/458] RRDI
[05:01:38] [293/458] DFCH
[05:01:39] [294/458] INSC
[05:01:40] 🔄 Identity reset
[05:01:40] 🔄 Identity rotated (every 10 requests)
[05:01:40] [295/458] RGTR
[05:01:41] [296/458] FMOT
[05:01:42] [297/458] SCPM
[05:01:43] [298/458] GCDT
[05:01:45] [299/458] BRKT
[05:01:46] [300/458] DEMP
[05:01:47] [301/458] SRLC
[05:01:48] [302/458] KSTT
[05:01:49] [303/458] SMMT
[05:01:50] [304/458] SILM
[05:01:50] 🔄 Identity reset
[05:01:50] 🔄 Identity rotated (every 10 requests)
[05:01:51] [305/458] JCVM
[05:01:51] [306/458] KCSV
[05:01:52] [307/458] MHLK
[05:01:53] [308/458] SLVL
[05:01:54] [309/458] RJKP
[05:01:55] [310/458] BBPC
[05:01:56] [311/458] MXCB
[05:01:57] [312/458] TCPK
[05:01:58] [313/458] RTBR
[05:01:59] [314/458] GAUT
[05:01:59] 🔄 Identity reset
[05:01:59] 🔄 Identity rotated (every 10 requests)
[05:01:59] 🔄 Retry 1/5 for GAUT in 2.2s
[05:01:59] 🔄 Identity reset
[05:02:02] 🧠 New identity created
[05:02:02] [315/458] DVCF
[05:02:03] [316/458] JTSB
[05:02:04] [317/458] SBLS
[05:02:05] [318/458] UDAY
[05:02:06] [319/458] PTNP
[05:02:07] [320/458] DMKT
[05:02:08] [321/458] NTDT
[05:02:09] [322/458] SHDJ
[05:02:10] [323/458] OTNC
[05:02:10] 🔄 Identity reset
[05:02:10] 🔄 Identity rotated (every 10 requests)
[05:02:11] [324/458] RNTW
[05:02:12] [325/458] GCMI
[05:02:13] [326/458] CRCM
[05:02:13] [327/458] NNCZ
[05:02:14] [328/458] OEMO
[05:02:15] [329/458] PVJM
[05:02:16] [330/458] CPJI
[05:02:17] [331/458] RMCJ
[05:02:18] [332/458] CNWJ
[05:02:20] [333/458] EPJM
[05:02:20] 🔄 Identity reset
[05:02:20] 🔄 Identity rotated (every 10 requests)
[05:02:21] 🔄 Retry 1/5 for EPJM in 2.5s
[05:02:21] 🔄 Identity reset
[05:02:23] 🧠 New identity created
[05:02:24] [334/458] FNJJ
[05:02:25] [335/458] GCMJ
[05:02:26] [336/458] INPS
[05:02:27] [337/458] BICJ
[05:02:29] [338/458] ISTJ
[05:02:30] [339/458] INJC
[05:02:31] [340/458] GLXJ
[05:02:32] [341/458] INEM
[05:02:33] [342/458] JTMN
[05:02:33] 🔄 Identity reset
[05:02:34] 🔄 Identity rotated (every 10 requests)
[05:02:34] [343/458] FRCJ
[05:02:35] [344/458] DDJP
[05:02:36] [345/458] INJV
[05:02:37] [346/458] GOLC
[05:02:38] [347/458] KOCI
[05:02:39] [348/458] FSTD
[05:02:40] [349/458] PACJ
[05:02:41] [350/458] GMCN
[05:02:41] [351/458] MMDJ
[05:02:43] [352/458] GODH
[05:02:44] 🔄 Identity reset
[05:02:44] 🔄 Identity rotated (every 10 requests)
[05:02:44] 🔄 Retry 1/5 for GODH in 2.9s
[05:02:44] 🔄 Identity reset
[05:02:47] 🧠 New identity created
[05:02:47] [353/458] SKYN
[05:02:48] [354/458] NCTH
[05:02:50] [355/458] SKVZ
[05:02:51] [356/458] SVML
[05:02:52] [357/458] ACVZ
[05:02:53] [358/458] SURA
[05:02:54] [359/458] RTRB
[05:02:55] [360/458] LLCT
[05:02:56] [361/458] ATTS
[05:02:56] 🔄 Identity reset
[05:02:56] 🔄 Identity rotated (every 10 requests)
[05:02:57] [362/458] JYCM
[05:02:57] [363/458] CTKR
[05:02:58] [364/458] LCKR
[05:02:59] [365/458] NYCV
[05:03:00] [366/458] NYOH
[05:03:01] [367/458] NOVX
[05:03:02] [368/458] MRGK
[05:03:03] [369/458] MOON
[05:03:04] [370/458] SBUC
[05:03:05] [371/458] GSVA
[05:03:06] 🔄 Identity reset
[05:03:06] 🔄 Identity rotated (every 10 requests)
[05:03:06] [372/458] VIAK
[05:03:07] [373/458] SMVZ
[05:03:08] [374/458] MATE
[05:03:09] [375/458] RDCN
[05:03:11] [376/458] ASBL
[05:03:12] [377/458] ASVS
[05:03:13] [378/458] ASSR
[05:03:14] [379/458] SSKN
[05:03:15] [380/458] DRPV
[05:03:15] [381/458] MRHT
[05:03:16] 🔄 Identity reset
[05:03:16] 🔄 Identity rotated (every 10 requests)
[05:03:16] [382/458] BSCN
[05:03:17] [383/458] RKNX
[05:03:18] [384/458] MSMC
[05:03:19] [385/458] MSCJ
[05:03:20] [386/458] BTBJ
[05:03:22] [387/458] MJCC
[05:03:23] [388/458] IOMM
[05:03:24] [389/458] ADGR
[05:03:25] [390/458] MYCP
[05:03:26] [391/458] IGCM
[05:03:27] 🔄 Identity reset
[05:03:27] 🔄 Identity rotated (every 10 requests)
[05:03:27] [392/458] PGRK
[05:03:28] [393/458] VPGO
[05:03:29] [394/458] KOMS
[05:03:30] [395/458] URGG
[05:03:30] [396/458] GOST
[05:03:31] [397/458] LACT
[05:03:32] [398/458] BWCM
[05:03:33] [399/458] NCCW
[05:03:34] [400/458] SKYC
[05:03:35] [401/458] CCPM
[05:03:36] 🔄 Identity reset
[05:03:36] 🔄 Identity rotated (every 10 requests)
[05:03:36] [402/458] VCBT
[05:03:37] [403/458] SDKR
[05:03:38] [404/458] CTYB
[05:03:39] [405/458] SHCX
[05:03:40] [406/458] RCUN
[05:03:41] [407/458] CNRA
[05:03:42] [408/458] RFCA
[05:03:43] [409/458] RDCU
[05:03:44] [410/458] SARK
[05:03:45] [411/458] SPPP
[05:03:46] 🔄 Identity reset
[05:03:46] 🔄 Identity rotated (every 10 requests)
[05:03:46] [412/458] ADMB
[05:03:47] [413/458] JYOE
[05:03:48] [414/458] SRMD
[05:03:49] [415/458] RJDH
[05:03:50] [416/458] SSTD
[05:03:51] [417/458] AACV
[05:03:52] [418/458] PPVD
[05:03:53] [419/458] STCP
[05:03:54] [420/458] ANLS
[05:03:55] [421/458] BIJO
[05:03:55] 🔄 Identity reset
[05:03:55] 🔄 Identity rotated (every 10 requests)
[05:03:56] [422/458] AVAB
[05:03:57] [423/458] SPMD
[05:03:58] [424/458] SVJL
[05:03:59] [425/458] SDDJ
[05:03:59] [426/458] SLTU
[05:04:00] [427/458] SAKA
[05:04:01] [428/458] PMAM
[05:04:02] [429/458] FNAM
[05:04:04] [430/458] ACAM
[05:04:05] [431/458] SCMM
[05:04:05] 🔄 Identity reset
[05:04:05] 🔄 Identity rotated (every 10 requests)
[05:04:06] [432/458] PMAK
[05:04:07] [433/458] NYSA
[05:04:08] [434/458] FCPA
[05:04:09] [435/458] GDAN
[05:04:10] [436/458] RSCA
[05:04:11] [437/458] DMAN
[05:04:11] [438/458] DZCM
[05:04:12] [439/458] NSGL
[05:04:13] [440/458] CCPP
[05:04:14] [441/458] PSMG
[05:04:15] 🔄 Identity reset
[05:04:15] 🔄 Identity rotated (every 10 requests)
[05:04:15] [442/458] GSER
[05:04:16] [443/458] FCCT
[05:04:17] [444/458] FCTB
[05:04:18] [445/458] LCNK
[05:04:19] [446/458] SKTY
[05:04:20] [447/458] INAA
[05:04:21] [448/458] RCWN
[05:04:22] [449/458] VAIS
[05:04:23] [450/458] CVMN
[05:04:24] [451/458] INTS
[05:04:24] 🔄 Identity reset
[05:04:24] 🔄 Identity rotated (every 10 requests)
[05:04:24] 🔄 Retry 1/5 for INTS in 2.8s
[05:04:24] 🔄 Identity reset
[05:04:27] 🧠 New identity created
[05:04:28] [452/458] FRGS
[05:04:29] [453/458] DTCK
[05:04:30] [454/458] MCMH
[05:04:30] [455/458] ECRR
[05:04:31] [456/458] RLLP
[05:04:32] [457/458] CCSN
[05:04:33] [458/458] CCBA
[05:04:34] ✅ DONE | Shows=4 | Movies=3
[05:17:28] 🚀 BMS DAILY TRACKER STARTED (enhanced anti‑detection)
[05:17:28] [1/458] MBDC
[05:17:28] 🧠 New identity created
[05:17:29] [2/458] CHKM
[05:17:29] [3/458] JTKZ
[05:17:30] [4/458] CMCT
[05:17:31] [5/458] ASHO
[05:17:31] [6/458] ECDG
[05:17:32] [7/458] SPAT
[05:17:33] [8/458] HILC
[05:17:34] [9/458] SPPH
[05:17:34] [10/458] SBHN
[05:17:35] 🔄 Identity reset
[05:17:35] 🔄 Identity rotated (every 10 requests)
[05:17:35] [11/458] RRCA
[05:17:36] [12/458] APAA
[05:17:37] [13/458] RAME
[05:17:37] [14/458] TMMS
[05:17:38] [15/458] BATK
[05:17:39] [16/458] LKOP
[05:17:40] [17/458] AMTT
[05:17:40] [18/458] PTGK
[05:17:41] [19/458] ANRS
[05:17:42] [20/458] VWBW
[05:17:42] 🔄 Identity reset
[05:17:42] 🔄 Identity rotated (every 10 requests)
[05:17:42] 🔄 Retry 1/5 for VWBW in 2.8s
[05:17:42] 🔄 Identity reset
[05:17:45] 🧠 New identity created
[05:17:45] 🔄 Retry 2/5 for VWBW in 4.6s
[05:17:45] 🔄 Identity reset
[05:17:50] 🧠 New identity created
[05:17:50] 🔄 Retry 3/5 for VWBW in 8.1s
[05:17:50] 🔄 Identity reset
[05:17:58] 🧠 New identity created
[05:17:58] [21/458] SVFG
[05:17:59] [22/458] STAT
[05:18:00] [23/458] GDCV
[05:18:00] [24/458] VEBI
[05:18:01] [25/458] VDSS
[05:18:02] [26/458] NTHV
[05:18:03] [27/458] AOCH
[05:18:03] 🔄 Identity reset
[05:18:03] 🔄 Identity rotated (every 10 requests)
[05:18:03] [28/458] KASR
[05:18:04] [29/458] AYCS
[05:18:05] [30/458] SHAI
[05:18:06] [31/458] SKPE
[05:18:06] [32/458] SBTA
[05:18:07] [33/458] RTTD
[05:18:08] [34/458] CCJD
[05:18:08] [35/458] RSJJ
[05:18:09] [36/458] RKND
[05:18:10] [37/458] SVTX
[05:18:11] 🔄 Identity reset
[05:18:11] 🔄 Identity rotated (every 10 requests)
[05:18:11] 🔄 Retry 1/5 for SVTX in 2.2s
[05:18:11] 🔄 Identity reset
[05:18:13] 🧠 New identity created
[05:18:13] [38/458] BAKM
[05:18:14] [39/458] SVDC
[05:18:14] [40/458] MNCV
[05:18:15] [41/458] SJGC
[05:18:16] [42/458] MTPK
[05:18:17] [43/458] GATP
[05:18:17] [44/458] ABTS
[05:18:18] [45/458] ABDE
[05:18:19] [46/458] RCNM
[05:18:19] 🔄 Identity reset
[05:18:19] 🔄 Identity rotated (every 10 requests)
[05:18:19] 🔄 Retry 1/5 for RCNM in 2.7s
[05:18:19] 🔄 Identity reset
[05:18:22] 🧠 New identity created
[05:18:22] [47/458] KTHV
[05:18:23] [48/458] MDGJ
[05:18:23] [49/458] SMLM
[05:18:24] [50/458] JTMA
[05:18:25] [51/458] ACKP
[05:18:25] [52/458] SRTA
[05:18:26] [53/458] STAY
[05:18:27] [54/458] MAVO
[05:18:27] [55/458] APTS
[05:18:28] 🔄 Identity reset
[05:18:28] 🔄 Identity rotated (every 10 requests)
[05:18:28] [56/458] OMEA
[05:18:29] [57/458] TTFD
[05:18:29] [58/458] MJCU
[05:18:30] [59/458] CXTE
[05:18:31] [60/458] CTPX
[05:18:32] [61/458] ASSL
[05:18:32] [62/458] CMVB
[05:18:33] [63/458] VPUR
[05:18:34] [64/458] JJDA
[05:18:34] [65/458] INBL
[05:18:35] 🔄 Identity reset
[05:18:35] 🔄 Identity rotated (every 10 requests)
[05:18:35] [66/458] BIKB
[05:18:36] [67/458] NTBB
[05:18:36] [68/458] GLOB
[05:18:37] [69/458] SNTB
[05:18:38] [70/458] CHGV
[05:18:39] [71/458] SSBZ
[05:18:39] [72/458] PRDB
[05:18:40] [73/458] ISMT
[05:18:41] [74/458] MCSD
[05:18:41] [75/458] JBTT
[05:18:42] 🔄 Identity reset
[05:18:42] 🔄 Identity rotated (every 10 requests)
[05:18:42] [76/458] GEKR
[05:18:43] [77/458] PVUN
[05:18:44] [78/458] NRTB
[05:18:44] [79/458] PRAA
[05:18:45] [80/458] PCBL
[05:18:46] [81/458] PTCM
[05:18:46] [82/458] KHNN
[05:18:47] [83/458] OMJE
[05:18:48] [84/458] STGN
[05:18:48] [85/458] RPMS
[05:18:49] 🔄 Identity reset
[05:18:49] 🔄 Identity rotated (every 10 requests)
[05:18:49] 🔄 Retry 1/5 for RPMS in 2.4s
[05:18:49] 🔄 Identity reset
[05:18:51] 🧠 New identity created
[05:18:51] 🔄 Retry 2/5 for RPMS in 4.0s
[05:18:51] 🔄 Identity reset
[05:18:55] 🧠 New identity created
[05:18:55] 🔄 Retry 3/5 for RPMS in 8.4s
[05:18:55] 🔄 Identity reset
[05:19:04] 🧠 New identity created
[05:19:04] [86/458] NWAD
[05:19:05] [87/458] BLCK
[05:19:05] [88/458] SVAA
[05:19:06] [89/458] URVM
[05:19:06] [90/458] ANTM
[05:19:07] [91/458] VJYM
[05:19:08] [92/458] MAZZ
[05:19:08] 🔄 Identity reset
[05:19:08] 🔄 Identity rotated (every 10 requests)
[05:19:08] [93/458] CSHM
[05:19:09] [94/458] WGMH
[05:19:10] [95/458] SALN
[05:19:11] [96/458] BRTP
[05:19:11] [97/458] SVTA
[05:19:12] [98/458] SBTP
[05:19:13] [99/458] VLSS
[05:19:14] [100/458] SRJA
[05:19:14] [101/458] ANCG
[05:19:15] [102/458] CGGC
[05:19:15] 🔄 Identity reset
[05:19:15] 🔄 Identity rotated (every 10 requests)
[05:19:16] [103/458] CRJA
[05:19:16] [104/458] USCR
[05:19:17] [105/458] MMEF
[05:19:18] [106/458] JCRJ
[05:19:18] [107/458] ADCM
[05:19:19] [108/458] BMYK
[05:19:20] [109/458] KICS
[05:19:20] [110/458] MBBT
[05:19:21] [111/458] MACK
[05:19:22] [112/458] CLDR
[05:19:23] 🔄 Identity reset
[05:19:23] 🔄 Identity rotated (every 10 requests)
[05:19:23] [113/458] JYCR
[05:19:23] [114/458] DCRP
[05:19:24] [115/458] RAHT
[05:19:25] [116/458] CSSM
[05:19:25] [117/458] ATPK
[05:19:26] [118/458] KLRT
[05:19:27] [119/458] SRDD
[05:19:27] [120/458] CKMC
[05:19:28] [121/458] KRVM
[05:19:29] [122/458] AKCP
[05:19:30] 🔄 Identity reset
[05:19:30] 🔄 Identity rotated (every 10 requests)
[05:19:30] 🔄 Retry 1/5 for AKCP in 2.5s
[05:19:30] 🔄 Identity reset
[05:19:32] 🧠 New identity created
[05:19:32] 🔄 Retry 2/5 for AKCP in 4.7s
[05:19:32] 🔄 Identity reset
[05:19:37] 🧠 New identity created
[05:19:37] 🔄 Retry 3/5 for AKCP in 8.5s
[05:19:37] 🔄 Identity reset
[05:19:46] 🧠 New identity created
[05:19:46] 🔄 Retry 4/5 for AKCP in 16.0s
[05:19:46] 🔄 Identity reset
[05:20:02] 🧠 New identity created
[05:20:02] [123/458] CNCV
[05:20:03] [124/458] PACT
[05:20:03] [125/458] NATP
[05:20:04] [126/458] PCPK
[05:20:04] [127/458] SMHO
[05:20:05] [128/458] CWTK
[05:20:06] 🔄 Identity reset
[05:20:06] 🔄 Identity rotated (every 10 requests)
[05:20:06] [129/458] RVKZ
[05:20:06] [130/458] ASPD
[05:20:07] [131/458] VTKZ
[05:20:08] [132/458] LCSO
[05:20:09] [133/458] PRDY
[05:20:09] [134/458] RCAP
[05:20:10] [135/458] RGAR
[05:20:11] [136/458] RCAC
[05:20:11] [137/458] PMOD
[05:20:12] [138/458] PVCN
[05:20:13] 🔄 Identity reset
[05:20:13] 🔄 Identity rotated (every 10 requests)
[05:20:13] 🔄 Retry 1/5 for PVCN in 2.7s
[05:20:13] 🔄 Identity reset
[05:20:15] 🧠 New identity created
[05:20:16] 🔄 Retry 2/5 for PVCN in 4.8s
[05:20:16] 🔄 Identity reset
[05:20:20] 🧠 New identity created
[05:20:20] 🔄 Retry 3/5 for PVCN in 8.5s
[05:20:20] 🔄 Identity reset
[05:20:29] 🧠 New identity created
[05:20:29] [139/458] SCRZ
[05:20:30] [140/458] PVPC
[05:20:30] [141/458] STID
[05:20:31] [142/458] NEDD
[05:20:32] [143/458] BNBA
[05:20:33] [144/458] NTCD
[05:20:34] [145/458] OCDE
[05:20:34] 🔄 Identity reset
[05:20:34] 🔄 Identity rotated (every 10 requests)
[05:20:34] [146/458] CCDU
[05:20:35] [147/458] CRXH
[05:20:36] [148/458] VLVT
[05:20:37] [149/458] CICI
[05:20:37] [150/458] SUCB
[05:20:38] [151/458] TCBP
[05:20:38] [152/458] SCCY
[05:20:39] [153/458] LXCY
[05:20:40] [154/458] NCMD
[05:20:40] [155/458] PHCS
[05:20:41] 🔄 Identity reset
[05:20:41] 🔄 Identity rotated (every 10 requests)
[05:20:41] 🔄 Retry 1/5 for PHCS in 2.8s
[05:20:41] 🔄 Identity reset
[05:20:44] 🧠 New identity created
[05:20:44] [156/458] DUXR
[05:20:45] [157/458] VNKS
[05:20:46] [158/458] SEDP
[05:20:46] [159/458] SVEN
[05:20:47] [160/458] SRKM
[05:20:48] [161/458] JTLT
[05:20:48] [162/458] SVSS
[05:20:49] [163/458] AMDE
[05:20:50] [164/458] WVRN
[05:20:50] 🔄 Identity reset
[05:20:50] 🔄 Identity rotated (every 10 requests)
[05:20:50] [165/458] ISMG
[05:20:51] [166/458] WVKS
[05:20:52] [167/458] USCG
[05:20:52] [168/458] IOTG
[05:20:53] [169/458] RRJM
[05:20:54] [170/458] EDMP
[05:20:55] [171/458] SCGZ
[05:20:56] [172/458] GMGX
[05:20:56] [173/458] OMTP
[05:20:57] [174/458] MITD
[05:20:57] 🔄 Identity reset
[05:20:57] 🔄 Identity rotated (every 10 requests)
[05:20:58] 🔄 Retry 1/5 for MITD in 2.7s
[05:20:58] 🔄 Identity reset
[05:21:00] 🧠 New identity created
[05:21:00] 🔄 Retry 2/5 for MITD in 4.6s
[05:21:00] 🔄 Identity reset
[05:21:05] 🧠 New identity created
[05:21:05] [175/458] SMMD
[05:21:06] [176/458] STML
[05:21:06] [177/458] MCFS
[05:21:07] [178/458] FPKA
[05:21:08] [179/458] OMLR
[05:21:08] [180/458] KKSC
[05:21:09] [181/458] RVMA
[05:21:10] [182/458] SCLL
[05:21:10] 🔄 Identity reset
[05:21:10] 🔄 Identity rotated (every 10 requests)
[05:21:10] [183/458] SCDK
[05:21:11] [184/458] SXMI
[05:21:12] [185/458] SHDN
[05:21:13] [186/458] PAAD
[05:21:13] [187/458] UUCB
[05:21:14] [188/458] JHOL
[05:21:15] [189/458] SGWT
[05:21:16] [190/458] SRII
[05:21:17] [191/458] SGCK
[05:21:17] [192/458] SVVB
[05:21:18] 🔄 Identity reset
[05:21:18] 🔄 Identity rotated (every 10 requests)
[05:21:18] 🔄 Retry 1/5 for SVVB in 2.9s
[05:21:18] 🔄 Identity reset
[05:21:21] 🧠 New identity created
[05:21:21] 🔄 Retry 2/5 for SVVB in 4.2s
[05:21:21] 🔄 Identity reset
[05:21:25] 🧠 New identity created
[05:21:25] [193/458] DMHA
[05:21:26] [194/458] PPNL
[05:21:27] [195/458] CPNL
[05:21:27] [196/458] WVLD
[05:21:28] [197/458] PSLV
[05:21:29] [198/458] VTTL
[05:21:29] [199/458] NPAD
[05:21:30] [200/458] PVCS
[05:21:31] 🔄 Identity reset
[05:21:31] 🔄 Identity rotated (every 10 requests)
[05:21:31] [201/458] MCHL
[05:21:31] [202/458] PPLL
[05:21:32] [203/458] MALO
[05:21:33] [204/458] SWBH
[05:21:34] [205/458] PUGB
[05:21:34] [206/458] INBB
[05:21:35] [207/458] INNS
[05:21:36] [208/458] MCPT
[05:21:36] [209/458] SCMI
[05:21:37] [210/458] OCON
[05:21:38] 🔄 Identity reset
[05:21:38] 🔄 Identity rotated (every 10 requests)
[05:21:38] 🔄 Retry 1/5 for OCON in 2.6s
[05:21:38] 🔄 Identity reset
[05:21:40] 🧠 New identity created
[05:21:41] [211/458] SCSM
[05:21:41] [212/458] RJVN
[05:21:42] [213/458] AMDK
[05:21:43] [214/458] ISMR
[05:21:43] [215/458] SMTD
[05:21:44] [216/458] VTDD
[05:21:44] [217/458] PDDZ
[05:21:45] [218/458] PCCK
[05:21:46] [219/458] INAM
[05:21:46] 🔄 Identity reset
[05:21:46] 🔄 Identity rotated (every 10 requests)
[05:21:46] 🔄 Retry 1/5 for INAM in 2.7s
[05:21:46] 🔄 Identity reset
[05:21:49] 🧠 New identity created
[05:21:49] [220/458] FNKT
[05:21:50] [221/458] GDKA
[05:21:51] [222/458] MAYU
[05:21:51] [223/458] TCGU
[05:21:52] [224/458] KDCA
[05:21:53] [225/458] DOMY
[05:21:53] [226/458] PDDD
[05:21:54] [227/458] BJTS
[05:21:55] [228/458] VTCA
[05:21:55] 🔄 Identity reset
[05:21:55] 🔄 Identity rotated (every 10 requests)
[05:21:56] [229/458] SBTM
[05:21:56] [230/458] SEET
[05:21:57] [231/458] SSTJ
[05:21:58] [232/458] SVNT
[05:21:58] [233/458] PPPR
[05:21:59] [234/458] PVYS
[05:22:00] [235/458] IOSE
[05:22:01] [236/458] ACTV
[05:22:01] [237/458] APVE
[05:22:02] [238/458] TCCL
[05:22:03] 🔄 Identity reset
[05:22:03] 🔄 Identity rotated (every 10 requests)
[05:22:03] [239/458] SCMO
[05:22:04] [240/458] SAUM
[05:22:04] [241/458] KCJS
[05:22:05] [242/458] NJCJ
[05:22:06] [243/458] NECF
[05:22:07] [244/458] CCGW
[05:22:07] [245/458] CCMG
[05:22:08] [246/458] NYRG
[05:22:09] [247/458] NCSQ
[05:22:09] [248/458] GRCG
[05:22:10] 🔄 Identity reset
[05:22:10] 🔄 Identity rotated (every 10 requests)
[05:22:10] [249/458] CCBT
[05:22:11] [250/458] ACGA
[05:22:12] [251/458] INAG
[05:22:12] [252/458] FUCG
[05:22:13] [253/458] AICF
[05:22:14] [254/458] GRGA
[05:22:14] [255/458] GDCN
[05:22:15] [256/458] RRCG
[05:22:16] [257/458] SDCH
[05:22:16] [258/458] WVJM
[05:22:17] 🔄 Identity reset
[05:22:17] 🔄 Identity rotated (every 10 requests)
[05:22:17] [259/458] JCCZ
[05:22:18] [260/458] CNCL
[05:22:18] [261/458] TMLV
[05:22:19] [262/458] MEMB
[05:22:20] [263/458] SGTD
[05:22:20] [264/458] CONX
[05:22:21] [265/458] CCMH
[05:22:22] [266/458] ACMC
[05:22:22] [267/458] DTPD
[05:22:23] [268/458] POJA
[05:22:24] 🔄 Identity reset
[05:22:24] 🔄 Identity rotated (every 10 requests)
[05:22:24] [269/458] FNBH
[05:22:25] [270/458] CGCB
[05:22:26] [271/458] RACN
[05:22:26] [272/458] JTSM
[05:22:27] [273/458] SCDN
[05:22:28] [274/458] AACK
[05:22:28] [275/458] RMCE
[05:22:29] [276/458] BSGB
[05:22:30] [277/458] MRCB
[05:22:30] [278/458] SRVR
[05:22:31] 🔄 Identity reset
[05:22:31] 🔄 Identity rotated (every 10 requests)
[05:22:31] 🔄 Retry 1/5 for SRVR in 2.9s
[05:22:31] 🔄 Identity reset
[05:22:34] 🧠 New identity created
[05:22:34] [279/458] VTKK
[05:22:35] [280/458] AMST
[05:22:35] [281/458] APCY
[05:22:36] [282/458] LMHO
[05:22:37] [283/458] MTZH
[05:22:38] [284/458] AMZB
[05:22:38] [285/458] SUVT
[05:22:39] [286/458] RCIP
[05:22:40] [287/458] KESR
[05:22:40] 🔄 Identity reset
[05:22:40] 🔄 Identity rotated (every 10 requests)
[05:22:40] [288/458] SNKC
[05:22:41] [289/458] SCED
[05:22:42] [290/458] DVCA
[05:22:43] [291/458] VCDT
[05:22:43] [292/458] RRDI
[05:22:44] [293/458] DFCH
[05:22:45] [294/458] INSC
[05:22:45] [295/458] RGTR
[05:22:46] [296/458] FMOT
[05:22:47] [297/458] SCPM
[05:22:47] 🔄 Identity reset
[05:22:47] 🔄 Identity rotated (every 10 requests)
[05:22:48] [298/458] GCDT
[05:22:48] [299/458] BRKT
[05:22:49] [300/458] DEMP
[05:22:50] [301/458] SRLC
[05:22:50] [302/458] KSTT
[05:22:51] [303/458] SMMT
[05:22:52] [304/458] SILM
[05:22:52] [305/458] JCVM
[05:22:53] [306/458] KCSV
[05:22:53] [307/458] MHLK
[05:22:54] 🔄 Identity reset
[05:22:54] 🔄 Identity rotated (every 10 requests)
[05:22:54] [308/458] SLVL
[05:22:55] [309/458] RJKP
[05:22:56] [310/458] BBPC
[05:22:56] [311/458] MXCB
[05:22:57] [312/458] TCPK
[05:22:58] [313/458] RTBR
[05:22:58] [314/458] GAUT
[05:22:59] [315/458] DVCF
[05:23:00] [316/458] JTSB
[05:23:01] [317/458] SBLS
[05:23:01] 🔄 Identity reset
[05:23:01] 🔄 Identity rotated (every 10 requests)
[05:23:01] 🔄 Retry 1/5 for SBLS in 2.3s
[05:23:01] 🔄 Identity reset
[05:23:04] 🧠 New identity created
[05:23:04] 🔄 Retry 2/5 for SBLS in 4.4s
[05:23:04] 🔄 Identity reset
[05:23:08] 🧠 New identity created
[05:23:08] [318/458] UDAY
[05:23:09] [319/458] PTNP
[05:23:10] [320/458] DMKT
[05:23:10] [321/458] NTDT
[05:23:11] [322/458] SHDJ
[05:23:12] [323/458] OTNC
[05:23:13] [324/458] RNTW
[05:23:13] [325/458] GCMI
[05:23:14] 🔄 Identity reset
[05:23:14] 🔄 Identity rotated (every 10 requests)
[05:23:14] [326/458] CRCM
[05:23:14] [327/458] NNCZ
[05:23:15] [328/458] OEMO
[05:23:16] [329/458] PVJM
[05:23:16] [330/458] CPJI
[05:23:17] [331/458] RMCJ
[05:23:18] [332/458] CNWJ
[05:23:18] [333/458] EPJM
[05:23:19] [334/458] FNJJ
[05:23:20] [335/458] GCMJ
[05:23:20] 🔄 Identity reset
[05:23:20] 🔄 Identity rotated (every 10 requests)
[05:23:20] [336/458] INPS
[05:23:21] [337/458] BICJ
[05:23:22] [338/458] ISTJ
[05:23:22] [339/458] INJC
[05:23:23] [340/458] GLXJ
[05:23:24] [341/458] INEM
[05:23:24] [342/458] JTMN
[05:23:25] [343/458] FRCJ
[05:23:26] [344/458] DDJP
[05:23:26] [345/458] INJV
[05:23:27] 🔄 Identity reset
[05:23:27] 🔄 Identity rotated (every 10 requests)
[05:23:27] [346/458] GOLC
[05:23:28] [347/458] KOCI
[05:23:29] [348/458] FSTD
[05:23:30] [349/458] PACJ
[05:23:30] [350/458] GMCN
[05:23:31] [351/458] MMDJ
[05:23:32] [352/458] GODH
[05:23:32] [353/458] SKYN
[05:23:33] [354/458] NCTH
[05:23:34] [355/458] SKVZ
[05:23:35] 🔄 Identity reset
[05:23:35] 🔄 Identity rotated (every 10 requests)
[05:23:35] [356/458] SVML
[05:23:36] [357/458] ACVZ
[05:23:36] [358/458] SURA
[05:23:37] [359/458] RTRB
[05:23:38] [360/458] LLCT
[05:23:39] [361/458] ATTS
[05:23:39] [362/458] JYCM
[05:23:40] [363/458] CTKR
[05:23:40] [364/458] LCKR
[05:23:41] [365/458] NYCV
[05:23:42] 🔄 Identity reset
[05:23:42] 🔄 Identity rotated (every 10 requests)
[05:23:42] [366/458] NYOH
[05:23:43] [367/458] NOVX
[05:23:43] [368/458] MRGK
[05:23:44] [369/458] MOON
[05:23:45] [370/458] SBUC
[05:23:46] [371/458] GSVA
[05:23:46] [372/458] VIAK
[05:23:47] [373/458] SMVZ
[05:23:48] [374/458] MATE
[05:23:48] [375/458] RDCN
[05:23:49] 🔄 Identity reset
[05:23:49] 🔄 Identity rotated (every 10 requests)
[05:23:49] 🔄 Retry 1/5 for RDCN in 2.4s
[05:23:49] 🔄 Identity reset
[05:23:51] 🧠 New identity created
[05:23:51] [376/458] ASBL
[05:23:52] [377/458] ASVS
[05:23:53] [378/458] ASSR
[05:23:54] [379/458] SSKN
[05:23:54] [380/458] DRPV
[05:23:55] [381/458] MRHT
[05:23:56] [382/458] BSCN
[05:23:56] [383/458] RKNX
[05:23:57] [384/458] MSMC
[05:23:58] 🔄 Identity reset
[05:23:58] 🔄 Identity rotated (every 10 requests)
[05:23:58] [385/458] MSCJ
[05:23:59] [386/458] BTBJ
[05:23:59] [387/458] MJCC
[05:24:00] [388/458] IOMM
[05:24:01] [389/458] ADGR
[05:24:01] [390/458] MYCP
[05:24:02] [391/458] IGCM
[05:24:02] [392/458] PGRK
[05:24:03] [393/458] VPGO
[05:24:04] [394/458] KOMS
[05:24:04] 🔄 Identity reset
[05:24:04] 🔄 Identity rotated (every 10 requests)
[05:24:04] [395/458] URGG
[05:24:05] [396/458] GOST
[05:24:06] [397/458] LACT
[05:24:06] [398/458] BWCM
[05:24:07] [399/458] NCCW
[05:24:08] [400/458] SKYC
[05:24:08] [401/458] CCPM
[05:24:09] [402/458] VCBT
[05:24:10] [403/458] SDKR
[05:24:11] [404/458] CTYB
[05:24:11] 🔄 Identity reset
[05:24:11] 🔄 Identity rotated (every 10 requests)
[05:24:11] [405/458] SHCX
[05:24:12] [406/458] RCUN
[05:24:13] [407/458] CNRA
[05:24:13] [408/458] RFCA
[05:24:14] [409/458] RDCU
[05:24:15] [410/458] SARK
[05:24:15] [411/458] SPPP
[05:24:16] [412/458] ADMB
[05:24:17] [413/458] JYOE
[05:24:18] [414/458] SRMD
[05:24:18] 🔄 Identity reset
[05:24:18] 🔄 Identity rotated (every 10 requests)
[05:24:19] [415/458] RJDH
[05:24:19] [416/458] SSTD
[05:24:20] [417/458] AACV
[05:24:21] [418/458] PPVD
[05:24:21] [419/458] STCP
[05:24:22] [420/458] ANLS
[05:24:23] [421/458] BIJO
[05:24:23] [422/458] AVAB
[05:24:24] [423/458] SPMD
[05:24:25] [424/458] SVJL
[05:24:25] 🔄 Identity reset
[05:24:25] 🔄 Identity rotated (every 10 requests)
[05:24:26] [425/458] SDDJ
[05:24:26] [426/458] SLTU
[05:24:27] [427/458] SAKA
[05:24:28] [428/458] PMAM
[05:24:28] [429/458] FNAM
[05:24:29] [430/458] ACAM
[05:24:30] [431/458] SCMM
[05:24:31] [432/458] PMAK
[05:24:31] [433/458] NYSA
[05:24:32] [434/458] FCPA
[05:24:33] 🔄 Identity reset
[05:24:33] 🔄 Identity rotated (every 10 requests)
[05:24:33] [435/458] GDAN
[05:24:33] [436/458] RSCA
[05:24:34] [437/458] DMAN
[05:24:35] [438/458] DZCM
[05:24:36] [439/458] NSGL
[05:24:36] [440/458] CCPP
[05:24:37] [441/458] PSMG
[05:24:38] [442/458] GSER
[05:24:38] [443/458] FCCT
[05:24:39] [444/458] FCTB
[05:24:40] 🔄 Identity reset
[05:24:40] 🔄 Identity rotated (every 10 requests)
[05:24:40] [445/458] LCNK
[05:24:40] [446/458] SKTY
[05:24:41] [447/458] INAA
[05:24:42] [448/458] RCWN
[05:24:43] [449/458] VAIS
[05:24:43] [450/458] CVMN
[05:24:44] [451/458] INTS
[05:24:45] [452/458] FRGS
[05:24:45] [453/458] DTCK
[05:24:46] [454/458] MCMH
[05:24:47] 🔄 Identity reset
[05:24:47] 🔄 Identity rotated (every 10 requests)
[05:24:47] [455/458] ECRR
[05:24:48] [456/458] RLLP
[05:24:48] [457/458] CCSN
[05:24:49] [458/458] CCBA
[05:24:50] ✅ DONE | Shows=8 | Movies=3
[06:07:09] 🚀 BMS DAILY TRACKER STARTED (enhanced anti‑detection)
[06:07:09] [1/458] MBDC
[06:07:10] 🧠 New identity created
[06:07:10] [2/458] CHKM
[06:07:11] [3/458] JTKZ
[06:07:11] [4/458] CMCT
[06:07:12] [5/458] ASHO
[06:07:13] [6/458] ECDG
[06:07:14] [7/458] SPAT
[06:07:14] [8/458] HILC
[06:07:15] [9/458] SPPH
[06:07:15] [10/458] SBHN
[06:07:16] 🔄 Identity reset
[06:07:16] 🔄 Identity rotated (every 10 requests)
[06:07:16] [11/458] RRCA
[06:07:17] [12/458] APAA
[06:07:17] [13/458] RAME
[06:07:18] [14/458] TMMS
[06:07:19] [15/458] BATK
[06:07:19] [16/458] LKOP
[06:07:20] [17/458] AMTT
[06:07:21] [18/458] PTGK
[06:07:22] [19/458] ANRS
[06:07:22] [20/458] VWBW
[06:07:23] 🔄 Identity reset
[06:07:23] 🔄 Identity rotated (every 10 requests)
[06:07:23] [21/458] SVFG
[06:07:24] [22/458] STAT
[06:07:25] [23/458] GDCV
[06:07:25] [24/458] VEBI
[06:07:26] [25/458] VDSS
[06:07:27] [26/458] NTHV
[06:07:27] [27/458] AOCH
[06:07:28] [28/458] KASR
[06:07:28] [29/458] AYCS
[06:07:29] [30/458] SHAI
[06:07:30] 🔄 Identity reset
[06:07:30] 🔄 Identity rotated (every 10 requests)
[06:07:30] [31/458] SKPE
[06:07:31] [32/458] SBTA
[06:07:32] [33/458] RTTD
[06:07:32] [34/458] CCJD
[06:07:33] [35/458] RSJJ
[06:07:33] [36/458] RKND
[06:07:34] [37/458] SVTX
[06:07:35] [38/458] BAKM
[06:07:36] [39/458] SVDC
[06:07:36] [40/458] MNCV
[06:07:37] 🔄 Identity reset
[06:07:37] 🔄 Identity rotated (every 10 requests)
[06:07:37] [41/458] SJGC
[06:07:38] [42/458] MTPK
[06:07:38] [43/458] GATP
[06:07:39] [44/458] ABTS
[06:07:40] [45/458] ABDE
[06:07:40] [46/458] RCNM
[06:07:41] [47/458] KTHV
[06:07:42] [48/458] MDGJ
[06:07:43] [49/458] SMLM
[06:07:44] [50/458] JTMA
[06:07:44] 🔄 Identity reset
[06:07:44] 🔄 Identity rotated (every 10 requests)
[06:07:44] [51/458] ACKP
[06:07:45] [52/458] SRTA
[06:07:46] [53/458] STAY
[06:07:47] [54/458] MAVO
[06:07:47] [55/458] APTS
[06:07:48] [56/458] OMEA
[06:07:49] [57/458] TTFD
[06:07:49] [58/458] MJCU
[06:07:50] [59/458] CXTE
[06:07:51] [60/458] CTPX
[06:07:51] 🔄 Identity reset
[06:07:51] 🔄 Identity rotated (every 10 requests)
[06:07:51] 🔄 Retry 1/5 for CTPX in 2.6s
[06:07:51] 🔄 Identity reset
[06:07:54] 🧠 New identity created
[06:07:54] [61/458] ASSL
[06:07:55] [62/458] CMVB
[06:07:55] [63/458] VPUR
[06:07:56] [64/458] JJDA
[06:07:57] [65/458] INBL
[06:07:57] [66/458] BIKB
[06:07:58] [67/458] NTBB
[06:07:59] [68/458] GLOB
[06:07:59] [69/458] SNTB
[06:08:00] 🔄 Identity reset
[06:08:00] 🔄 Identity rotated (every 10 requests)
[06:08:00] [70/458] CHGV
[06:08:01] [71/458] SSBZ
[06:08:02] [72/458] PRDB
[06:08:03] [73/458] ISMT
[06:08:03] [74/458] MCSD
[06:08:04] [75/458] JBTT
[06:08:05] [76/458] GEKR
[06:08:05] [77/458] PVUN
[06:08:06] [78/458] NRTB
[06:08:07] [79/458] PRAA
[06:08:07] 🔄 Identity reset
[06:08:07] 🔄 Identity rotated (every 10 requests)
[06:08:07] [80/458] PCBL
[06:08:08] [81/458] PTCM
[06:08:09] [82/458] KHNN
[06:08:09] [83/458] OMJE
[06:08:10] [84/458] STGN
[06:08:11] [85/458] RPMS
[06:08:12] [86/458] NWAD
[06:08:12] [87/458] BLCK
[06:08:13] [88/458] SVAA
[06:08:14] [89/458] URVM
[06:08:15] 🔄 Identity reset
[06:08:15] 🔄 Identity rotated (every 10 requests)
[06:08:15] 🔄 Retry 1/5 for URVM in 2.4s
[06:08:15] 🔄 Identity reset
[06:08:17] 🧠 New identity created
[06:08:17] [90/458] ANTM
[06:08:18] [91/458] VJYM
[06:08:19] [92/458] MAZZ
[06:08:19] [93/458] CSHM
[06:08:20] [94/458] WGMH
[06:08:21] [95/458] SALN
[06:08:22] [96/458] BRTP
[06:08:22] [97/458] SVTA
[06:08:23] [98/458] SBTP
[06:08:23] 🔄 Identity reset
[06:08:23] 🔄 Identity rotated (every 10 requests)
[06:08:24] [99/458] VLSS
[06:08:24] [100/458] SRJA
[06:08:25] [101/458] ANCG
[06:08:25] [102/458] CGGC
[06:08:26] [103/458] CRJA
[06:08:27] [104/458] USCR
[06:08:27] [105/458] MMEF
[06:08:28] [106/458] JCRJ
[06:08:29] [107/458] ADCM
[06:08:29] [108/458] BMYK
[06:08:30] 🔄 Identity reset
[06:08:30] 🔄 Identity rotated (every 10 requests)
[06:08:30] [109/458] KICS
[06:08:31] [110/458] MBBT
[06:08:31] [111/458] MACK
[06:08:32] [112/458] CLDR
[06:08:33] [113/458] JYCR
[06:08:34] [114/458] DCRP
[06:08:34] [115/458] RAHT
[06:08:35] [116/458] CSSM
[06:08:36] [117/458] ATPK
[06:08:36] [118/458] KLRT
[06:08:37] 🔄 Identity reset
[06:08:37] 🔄 Identity rotated (every 10 requests)
[06:08:37] [119/458] SRDD
[06:08:37] [120/458] CKMC
[06:08:38] [121/458] KRVM
[06:08:39] [122/458] AKCP
[06:08:39] [123/458] CNCV
[06:08:40] [124/458] PACT
[06:08:41] [125/458] NATP
[06:08:41] [126/458] PCPK
[06:08:42] [127/458] SMHO
[06:08:43] [128/458] CWTK
[06:08:43] 🔄 Identity reset
[06:08:43] 🔄 Identity rotated (every 10 requests)
[06:08:43] [129/458] RVKZ
[06:08:44] [130/458] ASPD
[06:08:45] [131/458] VTKZ
[06:08:45] [132/458] LCSO
[06:08:46] [133/458] PRDY
[06:08:47] [134/458] RCAP
[06:08:47] [135/458] RGAR
[06:08:48] [136/458] RCAC
[06:08:49] [137/458] PMOD
[06:08:49] [138/458] PVCN
[06:08:50] 🔄 Identity reset
[06:08:50] 🔄 Identity rotated (every 10 requests)
[06:08:50] [139/458] SCRZ
[06:08:51] [140/458] PVPC
[06:08:52] [141/458] STID
[06:08:52] [142/458] NEDD
[06:08:53] [143/458] BNBA
[06:08:54] [144/458] NTCD
[06:08:54] [145/458] OCDE
[06:08:55] [146/458] CCDU
[06:08:55] [147/458] CRXH
[06:08:56] [148/458] VLVT
[06:08:57] 🔄 Identity reset
[06:08:57] 🔄 Identity rotated (every 10 requests)
[06:08:57] [149/458] CICI
[06:08:57] [150/458] SUCB
[06:08:58] [151/458] TCBP
[06:08:59] [152/458] SCCY
[06:08:59] [153/458] LXCY
[06:09:00] [154/458] NCMD
[06:09:01] [155/458] PHCS
[06:09:02] [156/458] DUXR
[06:09:02] [157/458] VNKS
[06:09:03] [158/458] SEDP
[06:09:03] 🔄 Identity reset
[06:09:04] 🔄 Identity rotated (every 10 requests)
[06:09:04] [159/458] SVEN
[06:09:04] [160/458] SRKM
[06:09:05] [161/458] JTLT
[06:09:06] [162/458] SVSS
[06:09:06] [163/458] AMDE
[06:09:07] [164/458] WVRN
[06:09:08] [165/458] ISMG
[06:09:08] [166/458] WVKS
[06:09:09] [167/458] USCG
[06:09:10] [168/458] IOTG
[06:09:10] 🔄 Identity reset
[06:09:10] 🔄 Identity rotated (every 10 requests)
[06:09:11] [169/458] RRJM
[06:09:11] [170/458] EDMP
[06:09:12] [171/458] SCGZ
[06:09:12] [172/458] GMGX
[06:09:13] [173/458] OMTP
[06:09:14] [174/458] MITD
[06:09:14] [175/458] SMMD
[06:09:15] [176/458] STML
[06:09:16] [177/458] MCFS
[06:09:16] [178/458] FPKA
[06:09:17] 🔄 Identity reset
[06:09:17] 🔄 Identity rotated (every 10 requests)
[06:09:17] [179/458] OMLR
[06:09:18] [180/458] KKSC
[06:09:18] [181/458] RVMA
[06:09:19] [182/458] SCLL
[06:09:20] [183/458] SCDK
[06:09:20] [184/458] SXMI
[06:09:21] [185/458] SHDN
[06:09:22] [186/458] PAAD
[06:09:22] [187/458] UUCB
[06:09:23] [188/458] JHOL
[06:09:24] 🔄 Identity reset
[06:09:24] 🔄 Identity rotated (every 10 requests)
[06:09:24] [189/458] SGWT
[06:09:25] [190/458] SRII
[06:09:25] [191/458] SGCK
[06:09:26] [192/458] SVVB
[06:09:27] [193/458] DMHA
[06:09:28] [194/458] PPNL
[06:09:28] [195/458] CPNL
[06:09:29] [196/458] WVLD
[06:09:29] [197/458] PSLV
[06:09:30] [198/458] VTTL
[06:09:31] 🔄 Identity reset
[06:09:31] 🔄 Identity rotated (every 10 requests)
[06:09:31] [199/458] NPAD
[06:09:31] [200/458] PVCS
[06:09:32] [201/458] MCHL
[06:09:33] [202/458] PPLL
[06:09:33] [203/458] MALO
[06:09:34] [204/458] SWBH
[06:09:35] [205/458] PUGB
[06:09:36] [206/458] INBB
[06:09:36] [207/458] INNS
[06:09:37] [208/458] MCPT
[06:09:37] 🔄 Identity reset
[06:09:37] 🔄 Identity rotated (every 10 requests)
[06:09:38] [209/458] SCMI
[06:09:38] [210/458] OCON
[06:09:39] [211/458] SCSM
[06:09:40] [212/458] RJVN
[06:09:40] [213/458] AMDK
[06:09:41] [214/458] ISMR
[06:09:42] [215/458] SMTD
[06:09:42] [216/458] VTDD
[06:09:43] [217/458] PDDZ
[06:09:44] [218/458] PCCK
[06:09:44] 🔄 Identity reset
[06:09:44] 🔄 Identity rotated (every 10 requests)
[06:09:44] [219/458] INAM
[06:09:45] [220/458] FNKT
[06:09:46] [221/458] GDKA
[06:09:47] [222/458] MAYU
[06:09:47] [223/458] TCGU
[06:09:48] [224/458] KDCA
[06:09:49] [225/458] DOMY
[06:09:49] [226/458] PDDD
[06:09:50] [227/458] BJTS
[06:09:51] [228/458] VTCA
[06:09:51] 🔄 Identity reset
[06:09:51] 🔄 Identity rotated (every 10 requests)
[06:09:51] [229/458] SBTM
[06:09:52] [230/458] SEET
[06:09:53] [231/458] SSTJ
[06:09:54] [232/458] SVNT
[06:09:54] [233/458] PPPR
[06:09:55] [234/458] PVYS
[06:09:55] [235/458] IOSE
[06:09:56] [236/458] ACTV
[06:09:57] [237/458] APVE
[06:09:58] [238/458] TCCL
[06:09:58] 🔄 Identity reset
[06:09:58] 🔄 Identity rotated (every 10 requests)
[06:09:58] [239/458] SCMO
[06:09:59] [240/458] SAUM
[06:09:59] [241/458] KCJS
[06:10:00] [242/458] NJCJ
[06:10:01] [243/458] NECF
[06:10:01] [244/458] CCGW
[06:10:02] [245/458] CCMG
[06:10:02] [246/458] NYRG
[06:10:03] [247/458] NCSQ
[06:10:04] [248/458] GRCG
[06:10:04] 🔄 Identity reset
[06:10:04] 🔄 Identity rotated (every 10 requests)
[06:10:05] [249/458] CCBT
[06:10:05] [250/458] ACGA
[06:10:06] [251/458] INAG
[06:10:07] [252/458] FUCG
[06:10:07] [253/458] AICF
[06:10:08] [254/458] GRGA
[06:10:09] [255/458] GDCN
[06:10:09] [256/458] RRCG
[06:10:10] [257/458] SDCH
[06:10:10] [258/458] WVJM
[06:10:11] 🔄 Identity reset
[06:10:11] 🔄 Identity rotated (every 10 requests)
[06:10:11] [259/458] JCCZ
[06:10:12] [260/458] CNCL
[06:10:12] [261/458] TMLV
[06:10:13] [262/458] MEMB
[06:10:14] [263/458] SGTD
[06:10:14] [264/458] CONX
[06:10:15] [265/458] CCMH
[06:10:16] [266/458] ACMC
[06:10:16] [267/458] DTPD
[06:10:17] [268/458] POJA
[06:10:18] 🔄 Identity reset
[06:10:18] 🔄 Identity rotated (every 10 requests)
[06:10:18] [269/458] FNBH
[06:10:18] [270/458] CGCB
[06:10:19] [271/458] RACN
[06:10:20] [272/458] JTSM
[06:10:20] [273/458] SCDN
[06:10:21] [274/458] AACK
[06:10:22] [275/458] RMCE
[06:10:22] [276/458] BSGB
[06:10:23] [277/458] MRCB
[06:10:23] [278/458] SRVR
[06:10:24] 🔄 Identity reset
[06:10:24] 🔄 Identity rotated (every 10 requests)
[06:10:24] [279/458] VTKK
[06:10:25] [280/458] AMST
[06:10:25] [281/458] APCY
[06:10:26] [282/458] LMHO
[06:10:27] [283/458] MTZH
[06:10:27] [284/458] AMZB
[06:10:28] [285/458] SUVT
[06:10:28] [286/458] RCIP
[06:10:29] [287/458] KESR
[06:10:30] [288/458] SNKC
[06:10:30] 🔄 Identity reset
[06:10:30] 🔄 Identity rotated (every 10 requests)
[06:10:30] [289/458] SCED
[06:10:31] [290/458] DVCA
[06:10:32] [291/458] VCDT
[06:10:32] [292/458] RRDI
[06:10:33] [293/458] DFCH
[06:10:34] [294/458] INSC
[06:10:34] [295/458] RGTR
[06:10:35] [296/458] FMOT
[06:10:35] [297/458] SCPM
[06:10:36] [298/458] GCDT
[06:10:37] 🔄 Identity reset
[06:10:37] 🔄 Identity rotated (every 10 requests)
[06:10:37] [299/458] BRKT
[06:10:38] [300/458] DEMP
[06:10:38] [301/458] SRLC
[06:10:39] [302/458] KSTT
[06:10:40] [303/458] SMMT
[06:10:40] [304/458] SILM
[06:10:41] [305/458] JCVM
[06:10:42] [306/458] KCSV
[06:10:42] [307/458] MHLK
[06:10:43] [308/458] SLVL
[06:10:43] 🔄 Identity reset
[06:10:43] 🔄 Identity rotated (every 10 requests)
[06:10:44] [309/458] RJKP
[06:10:44] [310/458] BBPC
[06:10:45] [311/458] MXCB
[06:10:46] [312/458] TCPK
[06:10:46] [313/458] RTBR
[06:10:47] [314/458] GAUT
[06:10:48] [315/458] DVCF
[06:10:48] [316/458] JTSB
[06:10:49] [317/458] SBLS
[06:10:50] [318/458] UDAY
[06:10:50] 🔄 Identity reset
[06:10:50] 🔄 Identity rotated (every 10 requests)
[06:10:50] [319/458] PTNP
[06:10:51] [320/458] DMKT
[06:10:52] [321/458] NTDT
[06:10:53] [322/458] SHDJ
[06:10:53] [323/458] OTNC
[06:10:54] [324/458] RNTW
[06:10:55] [325/458] GCMI
[06:10:56] [326/458] CRCM
[06:10:56] [327/458] NNCZ
[06:10:57] [328/458] OEMO
[06:10:58] 🔄 Identity reset
[06:10:58] 🔄 Identity rotated (every 10 requests)
[06:10:58] [329/458] PVJM
[06:10:58] [330/458] CPJI
[06:10:59] [331/458] RMCJ
[06:11:00] [332/458] CNWJ
[06:11:00] [333/458] EPJM
[06:11:01] [334/458] FNJJ
[06:11:02] [335/458] GCMJ
[06:11:03] [336/458] INPS
[06:11:03] [337/458] BICJ
[06:11:04] [338/458] ISTJ
[06:11:05] 🔄 Identity reset
[06:11:05] 🔄 Identity rotated (every 10 requests)
[06:11:05] [339/458] INJC
[06:11:05] [340/458] GLXJ
[06:11:06] [341/458] INEM
[06:11:07] [342/458] JTMN
[06:11:07] [343/458] FRCJ
[06:11:08] [344/458] DDJP
[06:11:09] [345/458] INJV
[06:11:09] [346/458] GOLC
[06:11:10] [347/458] KOCI
[06:11:11] [348/458] FSTD
[06:11:11] 🔄 Identity reset
[06:11:11] 🔄 Identity rotated (every 10 requests)
[06:11:11] [349/458] PACJ
[06:11:12] [350/458] GMCN
[06:11:13] [351/458] MMDJ
[06:11:13] [352/458] GODH
[06:11:14] [353/458] SKYN
[06:11:14] [354/458] NCTH
[06:11:15] [355/458] SKVZ
[06:11:16] [356/458] SVML
[06:11:16] [357/458] ACVZ
[06:11:17] [358/458] SURA
[06:11:17] 🔄 Identity reset
[06:11:17] 🔄 Identity rotated (every 10 requests)
[06:11:17] [359/458] RTRB
[06:11:18] [360/458] LLCT
[06:11:19] [361/458] ATTS
[06:11:20] [362/458] JYCM
[06:11:20] [363/458] CTKR
[06:11:21] [364/458] LCKR
[06:11:22] [365/458] NYCV
[06:11:22] [366/458] NYOH
[06:11:23] [367/458] NOVX
[06:11:24] [368/458] MRGK
[06:11:25] 🔄 Identity reset
[06:11:25] 🔄 Identity rotated (every 10 requests)
[06:11:25] [369/458] MOON
[06:11:25] [370/458] SBUC
[06:11:26] [371/458] GSVA
[06:11:26] [372/458] VIAK
[06:11:27] [373/458] SMVZ
[06:11:28] [374/458] MATE
[06:11:28] [375/458] RDCN
[06:11:29] [376/458] ASBL
[06:11:30] [377/458] ASVS
[06:11:30] [378/458] ASSR
[06:11:31] 🔄 Identity reset
[06:11:31] 🔄 Identity rotated (every 10 requests)
[06:11:31] 🔄 Retry 1/5 for ASSR in 2.7s
[06:11:31] 🔄 Identity reset
[06:11:34] 🧠 New identity created
[06:11:34] [379/458] SSKN
[06:11:34] [380/458] DRPV
[06:11:35] [381/458] MRHT
[06:11:36] [382/458] BSCN
[06:11:36] [383/458] RKNX
[06:11:37] [384/458] MSMC
[06:11:38] [385/458] MSCJ
[06:11:38] [386/458] BTBJ
[06:11:39] [387/458] MJCC
[06:11:40] 🔄 Identity reset
[06:11:40] 🔄 Identity rotated (every 10 requests)
[06:11:40] [388/458] IOMM
[06:11:40] [389/458] ADGR
[06:11:41] [390/458] MYCP
[06:11:42] [391/458] IGCM
[06:11:42] [392/458] PGRK
[06:11:43] [393/458] VPGO
[06:11:44] [394/458] KOMS
[06:11:45] [395/458] URGG
[06:11:45] [396/458] GOST
[06:11:46] [397/458] LACT
[06:11:47] 🔄 Identity reset
[06:11:47] 🔄 Identity rotated (every 10 requests)
[06:11:47] [398/458] BWCM
[06:11:47] [399/458] NCCW
[06:11:48] [400/458] SKYC
[06:11:49] [401/458] CCPM
[06:11:49] [402/458] VCBT
[06:11:50] [403/458] SDKR
[06:11:51] [404/458] CTYB
[06:11:52] [405/458] SHCX
[06:11:52] [406/458] RCUN
[06:11:53] [407/458] CNRA
[06:11:53] 🔄 Identity reset
[06:11:53] 🔄 Identity rotated (every 10 requests)
[06:11:54] [408/458] RFCA
[06:11:54] [409/458] RDCU
[06:11:55] [410/458] SARK
[06:11:55] [411/458] SPPP
[06:11:56] [412/458] ADMB
[06:11:57] [413/458] JYOE
[06:11:57] [414/458] SRMD
[06:11:58] [415/458] RJDH
[06:11:59] [416/458] SSTD
[06:11:59] [417/458] AACV
[06:12:00] 🔄 Identity reset
[06:12:00] 🔄 Identity rotated (every 10 requests)
[06:12:00] [418/458] PPVD
[06:12:01] [419/458] STCP
[06:12:02] [420/458] ANLS
[06:12:02] [421/458] BIJO
[06:12:03] [422/458] AVAB
[06:12:04] [423/458] SPMD
[06:12:04] [424/458] SVJL
[06:12:05] [425/458] SDDJ
[06:12:06] [426/458] SLTU
[06:12:07] [427/458] SAKA
[06:12:07] 🔄 Identity reset
[06:12:07] 🔄 Identity rotated (every 10 requests)
[06:12:08] [428/458] PMAM
[06:12:08] [429/458] FNAM
[06:12:09] [430/458] ACAM
[06:12:10] [431/458] SCMM
[06:12:10] [432/458] PMAK
[06:12:11] [433/458] NYSA
[06:12:12] [434/458] FCPA
[06:12:12] [435/458] GDAN
[06:12:13] [436/458] RSCA
[06:12:14] [437/458] DMAN
[06:12:14] 🔄 Identity reset
[06:12:14] 🔄 Identity rotated (every 10 requests)
[06:12:15] [438/458] DZCM
[06:12:15] [439/458] NSGL
[06:12:16] [440/458] CCPP
[06:12:17] [441/458] PSMG
[06:12:18] [442/458] GSER
[06:12:18] [443/458] FCCT
[06:12:19] [444/458] FCTB
[06:12:19] [445/458] LCNK
[06:12:20] [446/458] SKTY
[06:12:21] [447/458] INAA
[06:12:21] 🔄 Identity reset
[06:12:21] 🔄 Identity rotated (every 10 requests)
[06:12:22] 🔄 Retry 1/5 for INAA in 2.5s
[06:12:22] 🔄 Identity reset
[06:12:24] 🧠 New identity created
[06:12:24] [448/458] RCWN
[06:12:25] [449/458] VAIS
[06:12:25] [450/458] CVMN
[06:12:26] [451/458] INTS
[06:12:27] [452/458] FRGS
[06:12:27] [453/458] DTCK
[06:12:28] [454/458] MCMH
[06:12:29] [455/458] ECRR
[06:12:29] [456/458] RLLP
[06:12:30] 🔄 Identity reset
[06:12:30] 🔄 Identity rotated (every 10 requests)
[06:12:30] [457/458] CCSN
[06:12:31] [458/458] CCBA
[06:12:31] ✅ DONE | Shows=158 | Movies=17
[06:56:35] 🚀 BMS DAILY TRACKER STARTED (enhanced anti‑detection)
[06:56:35] [1/458] MBDC
[06:56:36] 🧠 New identity created
[06:56:36] 🔄 Retry 1/5 for MBDC in 2.8s
[06:56:36] 🔄 Identity reset
[06:56:39] 🧠 New identity created
[06:56:39] [2/458] CHKM
[06:56:40] [3/458] JTKZ
[06:56:42] [4/458] CMCT
[06:56:43] [5/458] ASHO
[06:56:44] [6/458] ECDG
[06:56:45] [7/458] SPAT
[06:56:45] [8/458] HILC
[06:56:46] [9/458] SPPH
[06:56:47] 🔄 Identity reset
[06:56:47] 🔄 Identity rotated (every 10 requests)
[06:56:47] [10/458] SBHN
[06:56:48] [11/458] RRCA
[06:56:49] [12/458] APAA
[06:56:49] [13/458] RAME
[06:56:51] [14/458] TMMS
[06:56:52] [15/458] BATK
[06:56:53] [16/458] LKOP
[06:56:54] [17/458] AMTT
[06:56:55] [18/458] PTGK
[06:56:56] [19/458] ANRS
[06:56:57] 🔄 Identity reset
[06:56:57] 🔄 Identity rotated (every 10 requests)
[06:56:57] [20/458] VWBW
[06:56:58] [21/458] SVFG
[06:56:59] [22/458] STAT
[06:57:00] [23/458] GDCV
[06:57:01] [24/458] VEBI
[06:57:01] [25/458] VDSS
[06:57:02] [26/458] NTHV
[06:57:03] [27/458] AOCH
[06:57:04] [28/458] KASR
[06:57:05] [29/458] AYCS
[06:57:05] 🔄 Identity reset
[06:57:05] 🔄 Identity rotated (every 10 requests)
[06:57:05] 🔄 Retry 1/5 for AYCS in 2.5s
[06:57:05] 🔄 Identity reset
[06:57:08] 🧠 New identity created
[06:57:08] 🔄 Retry 2/5 for AYCS in 4.8s
[06:57:08] 🔄 Identity reset
[06:57:13] 🧠 New identity created
[06:57:13] [30/458] SHAI
[06:57:13] [31/458] SKPE
[06:57:14] [32/458] SBTA
[06:57:15] [33/458] RTTD
[06:57:16] [34/458] CCJD
[06:57:17] [35/458] RSJJ
[06:57:17] [36/458] RKND
[06:57:18] [37/458] SVTX
[06:57:19] 🔄 Identity reset
[06:57:19] 🔄 Identity rotated (every 10 requests)
[06:57:19] [38/458] BAKM
[06:57:20] [39/458] SVDC
[06:57:21] [40/458] MNCV
[06:57:22] [41/458] SJGC
[06:57:23] [42/458] MTPK
[06:57:24] [43/458] GATP
[06:57:25] [44/458] ABTS
[06:57:26] [45/458] ABDE
[06:57:27] [46/458] RCNM
[06:57:28] [47/458] KTHV
[06:57:28] 🔄 Identity reset
[06:57:28] 🔄 Identity rotated (every 10 requests)
[06:57:28] [48/458] MDGJ
[06:57:29] [49/458] SMLM
[06:57:30] [50/458] JTMA
[06:57:31] [51/458] ACKP
[06:57:32] [52/458] SRTA
[06:57:32] [53/458] STAY
[06:57:34] [54/458] MAVO
[06:57:34] [55/458] APTS
[06:57:35] [56/458] OMEA
[06:57:36] [57/458] TTFD
[06:57:36] 🔄 Identity reset
[06:57:36] 🔄 Identity rotated (every 10 requests)
[06:57:37] [58/458] MJCU
[06:57:39] [59/458] CXTE
[06:57:39] [60/458] CTPX
[06:57:40] [61/458] ASSL
[06:57:41] [62/458] CMVB
[06:57:42] [63/458] VPUR
[06:57:42] [64/458] JJDA
[06:57:43] [65/458] INBL
[06:57:44] [66/458] BIKB
[06:57:45] [67/458] NTBB
[06:57:45] 🔄 Identity reset
[06:57:45] 🔄 Identity rotated (every 10 requests)
[06:57:45] [68/458] GLOB
[06:57:46] [69/458] SNTB
[06:57:47] [70/458] CHGV
[06:57:47] [71/458] SSBZ
[06:57:48] [72/458] PRDB
[06:57:50] [73/458] ISMT
[06:57:51] [74/458] MCSD
[06:57:51] [75/458] JBTT
[06:57:52] [76/458] GEKR
[06:57:52] [77/458] PVUN
[06:57:53] 🔄 Identity reset
[06:57:53] 🔄 Identity rotated (every 10 requests)
[06:57:53] 🔄 Retry 1/5 for PVUN in 3.0s
[06:57:53] 🔄 Identity reset
[06:57:56] 🧠 New identity created
[06:57:56] [78/458] NRTB
[06:57:57] [79/458] PRAA
[06:57:58] [80/458] PCBL
[06:57:59] [81/458] PTCM
[06:57:59] [82/458] KHNN
[06:58:00] [83/458] OMJE
[06:58:01] [84/458] STGN
[06:58:02] [85/458] RPMS
[06:58:02] [86/458] NWAD
[06:58:03] 🔄 Identity reset
[06:58:03] 🔄 Identity rotated (every 10 requests)
[06:58:03] [87/458] BLCK
[06:58:04] [88/458] SVAA
[06:58:05] [89/458] URVM
[06:58:06] [90/458] ANTM
[06:58:07] [91/458] VJYM
[06:58:08] [92/458] MAZZ
[06:58:08] [93/458] CSHM
[06:58:09] [94/458] WGMH
[06:58:10] [95/458] SALN
[06:58:12] [96/458] BRTP
[06:58:12] 🔄 Identity reset
[06:58:12] 🔄 Identity rotated (every 10 requests)
[06:58:12] 🔄 Retry 1/5 for BRTP in 3.0s
[06:58:12] 🔄 Identity reset
[06:58:15] 🧠 New identity created
[06:58:16] [97/458] SVTA
[06:58:16] [98/458] SBTP
[06:58:17] [99/458] VLSS
[06:58:18] [100/458] SRJA
[06:58:19] [101/458] ANCG
[06:58:20] [102/458] CGGC
[06:58:20] [103/458] CRJA
[06:58:21] [104/458] USCR
[06:58:22] [105/458] MMEF
[06:58:22] 🔄 Identity reset
[06:58:23] 🔄 Identity rotated (every 10 requests)
[06:58:23] 🔄 Retry 1/5 for MMEF in 2.1s
[06:58:23] 🔄 Identity reset
[06:58:25] 🧠 New identity created
[06:58:25] 🔄 Retry 2/5 for MMEF in 4.3s
[06:58:25] 🔄 Identity reset
[06:58:29] 🧠 New identity created
[06:58:29] 🔄 Retry 3/5 for MMEF in 8.6s
[06:58:29] 🔄 Identity reset
[06:58:38] 🧠 New identity created
[06:58:38] [106/458] JCRJ
[06:58:39] [107/458] ADCM
[06:58:39] [108/458] BMYK
[06:58:40] [109/458] KICS
[06:58:41] [110/458] MBBT
[06:58:42] [111/458] MACK
[06:58:42] [112/458] CLDR
[06:58:43] 🔄 Identity reset
[06:58:43] 🔄 Identity rotated (every 10 requests)
[06:58:43] 🔄 Retry 1/5 for CLDR in 2.8s
[06:58:43] 🔄 Identity reset
[06:58:46] 🧠 New identity created
[06:58:46] [113/458] JYCR
[06:58:47] [114/458] DCRP
[06:58:48] [115/458] RAHT
[06:58:48] [116/458] CSSM
[06:58:49] [117/458] ATPK
[06:58:50] [118/458] KLRT
[06:58:51] [119/458] SRDD
[06:58:52] [120/458] CKMC
[06:58:52] [121/458] KRVM
[06:58:53] 🔄 Identity reset
[06:58:53] 🔄 Identity rotated (every 10 requests)
[06:58:53] [122/458] AKCP
[06:58:54] [123/458] CNCV
[06:58:55] [124/458] PACT
[06:58:56] [125/458] NATP
[06:58:56] [126/458] PCPK
[06:58:57] [127/458] SMHO
[06:58:58] [128/458] CWTK
[06:58:58] [129/458] RVKZ
[06:58:59] [130/458] ASPD
[06:58:59] [131/458] VTKZ
[06:59:00] 🔄 Identity reset
[06:59:00] 🔄 Identity rotated (every 10 requests)
[06:59:00] 🔄 Retry 1/5 for VTKZ in 2.1s
[06:59:00] 🔄 Identity reset
[06:59:02] 🧠 New identity created
[06:59:03] [132/458] LCSO
[06:59:04] [133/458] PRDY
[06:59:05] [134/458] RCAP
[06:59:06] [135/458] RGAR
[06:59:07] [136/458] RCAC
[06:59:08] [137/458] PMOD
[06:59:09] [138/458] PVCN
[06:59:10] [139/458] SCRZ
[06:59:11] [140/458] PVPC
[06:59:11] 🔄 Identity reset
[06:59:11] 🔄 Identity rotated (every 10 requests)
[06:59:12] [141/458] STID
[06:59:13] [142/458] NEDD
[06:59:14] [143/458] BNBA
[06:59:15] [144/458] NTCD
[06:59:15] [145/458] OCDE
[06:59:16] [146/458] CCDU
[06:59:17] [147/458] CRXH
[06:59:18] [148/458] VLVT
[06:59:19] [149/458] CICI
[06:59:19] [150/458] SUCB
[06:59:20] 🔄 Identity reset
[06:59:20] 🔄 Identity rotated (every 10 requests)
[06:59:20] [151/458] TCBP
[06:59:21] [152/458] SCCY
[06:59:22] [153/458] LXCY
[06:59:23] [154/458] NCMD
[06:59:23] [155/458] PHCS
[06:59:24] [156/458] DUXR
[06:59:25] [157/458] VNKS
[06:59:26] [158/458] SEDP
[06:59:26] [159/458] SVEN
[06:59:28] [160/458] SRKM
[06:59:28] 🔄 Identity reset
[06:59:28] 🔄 Identity rotated (every 10 requests)
[06:59:29] [161/458] JTLT
[06:59:29] [162/458] SVSS
[06:59:30] [163/458] AMDE
[06:59:31] [164/458] WVRN
[06:59:32] [165/458] ISMG
[06:59:33] [166/458] WVKS
[06:59:34] [167/458] USCG
[06:59:34] [168/458] IOTG
[06:59:35] [169/458] RRJM
[06:59:36] [170/458] EDMP
[06:59:37] 🔄 Identity reset
[06:59:37] 🔄 Identity rotated (every 10 requests)
[06:59:37] [171/458] SCGZ
[06:59:38] [172/458] GMGX
[06:59:39] [173/458] OMTP
[06:59:39] [174/458] MITD
[06:59:40] [175/458] SMMD
[06:59:41] [176/458] STML
[06:59:42] [177/458] MCFS
[06:59:43] [178/458] FPKA
[06:59:44] [179/458] OMLR
[06:59:45] [180/458] KKSC
[06:59:46] 🔄 Identity reset
[06:59:46] 🔄 Identity rotated (every 10 requests)
[06:59:46] [181/458] RVMA
[06:59:47] [182/458] SCLL
[06:59:48] [183/458] SCDK
[06:59:49] [184/458] SXMI
[06:59:49] [185/458] SHDN
[06:59:50] [186/458] PAAD
[06:59:51] [187/458] UUCB
[06:59:52] [188/458] JHOL
[06:59:52] [189/458] SGWT
[06:59:53] [190/458] SRII
[06:59:54] 🔄 Identity reset
[06:59:54] 🔄 Identity rotated (every 10 requests)
[06:59:54] [191/458] SGCK
[06:59:55] [192/458] SVVB
[06:59:56] [193/458] DMHA
[06:59:56] [194/458] PPNL
[06:59:57] [195/458] CPNL
[06:59:58] [196/458] WVLD
[06:59:58] [197/458] PSLV
[06:59:59] [198/458] VTTL
[07:00:00] [199/458] NPAD
[07:00:01] [200/458] PVCS
[07:00:02] 🔄 Identity reset
[07:00:02] 🔄 Identity rotated (every 10 requests)
[07:00:03] [201/458] MCHL
[07:00:04] [202/458] PPLL
[07:00:05] [203/458] MALO
[07:00:06] [204/458] SWBH
[07:00:06] [205/458] PUGB
[07:00:07] [206/458] INBB
[07:00:07] [207/458] INNS
[07:00:08] [208/458] MCPT
[07:00:09] [209/458] SCMI
[07:00:09] [210/458] OCON
[07:00:10] 🔄 Identity reset
[07:00:10] 🔄 Identity rotated (every 10 requests)
[07:00:10] [211/458] SCSM
[07:00:11] [212/458] RJVN
[07:00:11] [213/458] AMDK
[07:00:12] [214/458] ISMR
[07:00:13] [215/458] SMTD
[07:00:14] [216/458] VTDD
[07:00:14] [217/458] PDDZ
[07:00:15] [218/458] PCCK
[07:00:17] [219/458] INAM
[07:00:17] [220/458] FNKT
[07:00:18] 🔄 Identity reset
[07:00:18] 🔄 Identity rotated (every 10 requests)
[07:00:18] 🔄 Retry 1/5 for FNKT in 2.2s
[07:00:18] 🔄 Identity reset
[07:00:20] 🧠 New identity created
[07:00:21] [221/458] GDKA
[07:00:22] [222/458] MAYU
[07:00:22] [223/458] TCGU
[07:00:23] [224/458] KDCA
[07:00:24] [225/458] DOMY
[07:00:25] [226/458] PDDD
[07:00:26] [227/458] BJTS
[07:00:26] [228/458] VTCA
[07:00:27] [229/458] SBTM
[07:00:27] 🔄 Identity reset
[07:00:27] 🔄 Identity rotated (every 10 requests)
[07:00:28] [230/458] SEET
[07:00:28] [231/458] SSTJ
[07:00:30] [232/458] SVNT
[07:00:30] [233/458] PPPR
[07:00:31] [234/458] PVYS
[07:00:32] [235/458] IOSE
[07:00:33] [236/458] ACTV
[07:00:33] [237/458] APVE
[07:00:34] [238/458] TCCL
[07:00:36] [239/458] SCMO
[07:00:36] 🔄 Identity reset
[07:00:36] 🔄 Identity rotated (every 10 requests)
[07:00:36] [240/458] SAUM
[07:00:37] [241/458] KCJS
[07:00:38] [242/458] NJCJ
[07:00:38] [243/458] NECF
[07:00:39] [244/458] CCGW
[07:00:40] [245/458] CCMG
[07:00:40] [246/458] NYRG
[07:00:41] [247/458] NCSQ
[07:00:41] [248/458] GRCG
[07:00:42] [249/458] CCBT
[07:00:43] 🔄 Identity reset
[07:00:43] 🔄 Identity rotated (every 10 requests)
[07:00:43] 🔄 Retry 1/5 for CCBT in 2.7s
[07:00:43] 🔄 Identity reset
[07:00:46] 🧠 New identity created
[07:00:46] [250/458] ACGA
[07:00:47] [251/458] INAG
[07:00:47] [252/458] FUCG
[07:00:48] [253/458] AICF
[07:00:49] [254/458] GRGA
[07:00:49] [255/458] GDCN
[07:00:50] [256/458] RRCG
[07:00:51] [257/458] SDCH
[07:00:51] [258/458] WVJM
[07:00:52] 🔄 Identity reset
[07:00:52] 🔄 Identity rotated (every 10 requests)
[07:00:52] 🔄 Retry 1/5 for WVJM in 2.2s
[07:00:52] 🔄 Identity reset
[07:00:54] 🧠 New identity created
[07:00:54] 🔄 Retry 2/5 for WVJM in 4.3s
[07:00:54] 🔄 Identity reset
[07:00:59] 🧠 New identity created
[07:00:59] [259/458] JCCZ
[07:01:00] [260/458] CNCL
[07:01:00] [261/458] TMLV
[07:01:01] [262/458] MEMB
[07:01:02] [263/458] SGTD
[07:01:02] [264/458] CONX
[07:01:03] [265/458] CCMH
[07:01:04] [266/458] ACMC
[07:01:05] 🔄 Identity reset
[07:01:05] 🔄 Identity rotated (every 10 requests)
[07:01:05] 🔄 Retry 1/5 for ACMC in 2.9s
[07:01:05] 🔄 Identity reset
[07:01:08] 🧠 New identity created
[07:01:08] [267/458] DTPD
[07:01:09] [268/458] POJA
[07:01:10] [269/458] FNBH
[07:01:10] [270/458] CGCB
[07:01:11] [271/458] RACN
[07:01:11] [272/458] JTSM
[07:01:12] [273/458] SCDN
[07:01:13] [274/458] AACK
[07:01:14] [275/458] RMCE
[07:01:15] 🔄 Identity reset
[07:01:15] 🔄 Identity rotated (every 10 requests)
[07:01:15] 🔄 Retry 1/5 for RMCE in 2.5s
[07:01:15] 🔄 Identity reset
[07:01:17] 🧠 New identity created
[07:01:18] [276/458] BSGB
[07:01:18] [277/458] MRCB
[07:01:19] [278/458] SRVR
[07:01:20] [279/458] VTKK
[07:01:21] [280/458] AMST
[07:01:21] [281/458] APCY
[07:01:22] [282/458] LMHO
[07:01:22] [283/458] MTZH
[07:01:23] [284/458] AMZB
[07:01:23] 🔄 Identity reset
[07:01:23] 🔄 Identity rotated (every 10 requests)
[07:01:24] [285/458] SUVT
[07:01:24] [286/458] RCIP
[07:01:25] [287/458] KESR
[07:01:26] [288/458] SNKC
[07:01:27] [289/458] SCED
[07:01:27] [290/458] DVCA
[07:01:28] [291/458] VCDT
[07:01:29] [292/458] RRDI
[07:01:30] [293/458] DFCH
[07:01:30] [294/458] INSC
[07:01:31] 🔄 Identity reset
[07:01:31] 🔄 Identity rotated (every 10 requests)
[07:01:31] 🔄 Retry 1/5 for INSC in 2.8s
[07:01:31] 🔄 Identity reset
[07:01:34] 🧠 New identity created
[07:01:34] [295/458] RGTR
[07:01:35] [296/458] FMOT
[07:01:35] [297/458] SCPM
[07:01:36] [298/458] GCDT
[07:01:37] [299/458] BRKT
[07:01:38] [300/458] DEMP
[07:01:39] [301/458] SRLC
[07:01:39] [302/458] KSTT
[07:01:41] [303/458] SMMT
[07:01:41] 🔄 Identity reset
[07:01:41] 🔄 Identity rotated (every 10 requests)
[07:01:41] 🔄 Retry 1/5 for SMMT in 2.0s
[07:01:41] 🔄 Identity reset
[07:01:43] 🧠 New identity created
[07:01:43] [304/458] SILM
[07:01:44] [305/458] JCVM
[07:01:44] [306/458] KCSV
[07:01:45] [307/458] MHLK
[07:01:46] [308/458] SLVL
[07:01:47] [309/458] RJKP
[07:01:48] [310/458] BBPC
[07:01:48] [311/458] MXCB
[07:01:49] [312/458] TCPK
[07:01:50] 🔄 Identity reset
[07:01:50] 🔄 Identity rotated (every 10 requests)
[07:01:50] 🔄 Retry 1/5 for TCPK in 2.2s
[07:01:50] 🔄 Identity reset
[07:01:52] 🧠 New identity created
[07:01:52] 🔄 Retry 2/5 for TCPK in 4.2s
[07:01:52] 🔄 Identity reset
[07:01:56] 🧠 New identity created
[07:01:57] [313/458] RTBR
[07:01:57] [314/458] GAUT
[07:01:58] [315/458] DVCF
[07:01:59] [316/458] JTSB
[07:01:59] [317/458] SBLS
[07:02:00] [318/458] UDAY
[07:02:01] [319/458] PTNP
[07:02:02] [320/458] DMKT
[07:02:02] 🔄 Identity reset
[07:02:02] 🔄 Identity rotated (every 10 requests)
[07:02:03] 🔄 Retry 1/5 for DMKT in 2.8s
[07:02:03] 🔄 Identity reset
[07:02:05] 🧠 New identity created
[07:02:05] [321/458] NTDT
[07:02:06] [322/458] SHDJ
[07:02:07] [323/458] OTNC
[07:02:08] [324/458] RNTW
[07:02:08] [325/458] GCMI
[07:02:09] [326/458] CRCM
[07:02:10] [327/458] NNCZ
[07:02:11] [328/458] OEMO
[07:02:11] [329/458] PVJM
[07:02:12] 🔄 Identity reset
[07:02:12] 🔄 Identity rotated (every 10 requests)
[07:02:12] 🔄 Retry 1/5 for PVJM in 3.0s
[07:02:12] 🔄 Identity reset
[07:02:15] 🧠 New identity created
[07:02:15] [330/458] CPJI
[07:02:16] [331/458] RMCJ
[07:02:16] [332/458] CNWJ
[07:02:17] [333/458] EPJM
[07:02:18] [334/458] FNJJ
[07:02:19] [335/458] GCMJ
[07:02:20] [336/458] INPS
[07:02:20] [337/458] BICJ
[07:02:21] [338/458] ISTJ
[07:02:22] 🔄 Identity reset
[07:02:22] 🔄 Identity rotated (every 10 requests)
[07:02:23] [339/458] INJC
[07:02:25] [340/458] GLXJ
[07:02:25] [341/458] INEM
[07:02:26] [342/458] JTMN
[07:02:27] [343/458] FRCJ
[07:02:27] [344/458] DDJP
[07:02:28] [345/458] INJV
[07:02:29] [346/458] GOLC
[07:02:30] [347/458] KOCI
[07:02:31] [348/458] FSTD
[07:02:31] 🔄 Identity reset
[07:02:31] 🔄 Identity rotated (every 10 requests)
[07:02:31] [349/458] PACJ
[07:02:32] [350/458] GMCN
[07:02:33] [351/458] MMDJ
[07:02:34] [352/458] GODH
[07:02:34] [353/458] SKYN
[07:02:35] [354/458] NCTH
[07:02:36] [355/458] SKVZ
[07:02:37] [356/458] SVML
[07:02:38] [357/458] ACVZ
[07:02:39] [358/458] SURA
[07:02:39] 🔄 Identity reset
[07:02:39] 🔄 Identity rotated (every 10 requests)
[07:02:39] [359/458] RTRB
[07:02:40] [360/458] LLCT
[07:02:41] [361/458] ATTS
[07:02:41] [362/458] JYCM
[07:02:42] [363/458] CTKR
[07:02:43] [364/458] LCKR
[07:02:43] [365/458] NYCV
[07:02:44] [366/458] NYOH
[07:02:44] [367/458] NOVX
[07:02:46] [368/458] MRGK
[07:02:47] 🔄 Identity reset
[07:02:47] 🔄 Identity rotated (every 10 requests)
[07:02:47] 🔄 Retry 1/5 for MRGK in 3.0s
[07:02:47] 🔄 Identity reset
[07:02:50] 🧠 New identity created
[07:02:50] [369/458] MOON
[07:02:51] [370/458] SBUC
[07:02:51] [371/458] GSVA
[07:02:52] [372/458] VIAK
[07:02:53] [373/458] SMVZ
[07:02:54] [374/458] MATE
[07:02:55] [375/458] RDCN
[07:02:55] [376/458] ASBL
[07:02:56] [377/458] ASVS
[07:02:57] 🔄 Identity reset
[07:02:57] 🔄 Identity rotated (every 10 requests)
[07:02:57] [378/458] ASSR
[07:02:58] [379/458] SSKN
[07:02:58] [380/458] DRPV
[07:02:59] [381/458] MRHT
[07:02:59] [382/458] BSCN
[07:03:00] [383/458] RKNX
[07:03:01] [384/458] MSMC
[07:03:02] [385/458] MSCJ
[07:03:03] [386/458] BTBJ
[07:03:03] [387/458] MJCC
[07:03:04] 🔄 Identity reset
[07:03:04] 🔄 Identity rotated (every 10 requests)
[07:03:04] [388/458] IOMM
[07:03:05] [389/458] ADGR
[07:03:05] [390/458] MYCP
[07:03:06] [391/458] IGCM
[07:03:07] [392/458] PGRK
[07:03:07] [393/458] VPGO
[07:03:09] [394/458] KOMS
[07:03:09] [395/458] URGG
[07:03:10] [396/458] GOST
[07:03:11] [397/458] LACT
[07:03:11] 🔄 Identity reset
[07:03:11] 🔄 Identity rotated (every 10 requests)
[07:03:12] [398/458] BWCM
[07:03:12] [399/458] NCCW
[07:03:13] [400/458] SKYC
[07:03:14] [401/458] CCPM
[07:03:15] [402/458] VCBT
[07:03:15] [403/458] SDKR
[07:03:16] [404/458] CTYB
[07:03:17] [405/458] SHCX
[07:03:18] [406/458] RCUN
[07:03:19] [407/458] CNRA
[07:03:19] 🔄 Identity reset
[07:03:19] 🔄 Identity rotated (every 10 requests)
[07:03:20] [408/458] RFCA
[07:03:21] [409/458] RDCU
[07:03:22] [410/458] SARK
[07:03:23] [411/458] SPPP
[07:03:23] [412/458] ADMB
[07:03:24] [413/458] JYOE
[07:03:25] [414/458] SRMD
[07:03:26] [415/458] RJDH
[07:03:27] [416/458] SSTD
[07:03:27] [417/458] AACV
[07:03:28] 🔄 Identity reset
[07:03:28] 🔄 Identity rotated (every 10 requests)
[07:03:28] 🔄 Retry 1/5 for AACV in 2.2s
[07:03:28] 🔄 Identity reset
[07:03:30] 🧠 New identity created
[07:03:31] [418/458] PPVD
[07:03:32] [419/458] STCP
[07:03:32] [420/458] ANLS
[07:03:33] [421/458] BIJO
[07:03:34] [422/458] AVAB
[07:03:34] [423/458] SPMD
[07:03:35] [424/458] SVJL
[07:03:36] [425/458] SDDJ
[07:03:37] [426/458] SLTU
[07:03:37] 🔄 Identity reset
[07:03:37] 🔄 Identity rotated (every 10 requests)
[07:03:38] [427/458] SAKA
[07:03:39] [428/458] PMAM
[07:03:40] [429/458] FNAM
[07:03:41] [430/458] ACAM
[07:03:42] [431/458] SCMM
[07:03:43] [432/458] PMAK
[07:03:44] [433/458] NYSA
[07:03:45] [434/458] FCPA
[07:03:46] [435/458] GDAN
[07:03:48] [436/458] RSCA
[07:03:48] 🔄 Identity reset
[07:03:48] 🔄 Identity rotated (every 10 requests)
[07:03:49] [437/458] DMAN
[07:03:49] [438/458] DZCM
[07:03:50] [439/458] NSGL
[07:03:50] [440/458] CCPP
[07:03:51] [441/458] PSMG
[07:03:52] [442/458] GSER
[07:03:53] [443/458] FCCT
[07:03:54] [444/458] FCTB
[07:03:54] [445/458] LCNK
[07:03:55] [446/458] SKTY
[07:03:56] 🔄 Identity reset
[07:03:56] 🔄 Identity rotated (every 10 requests)
[07:03:56] [447/458] INAA
[07:03:56] [448/458] RCWN
[07:03:57] [449/458] VAIS
[07:03:58] [450/458] CVMN
[07:03:58] [451/458] INTS
[07:03:59] [452/458] FRGS
[07:04:00] [453/458] DTCK
[07:04:01] [454/458] MCMH
[07:04:02] [455/458] ECRR
[07:04:03] [456/458] RLLP
[07:04:03] 🔄 Identity reset
[07:04:03] 🔄 Identity rotated (every 10 requests)
[07:04:04] [457/458] CCSN
[07:04:04] [458/458] CCBA
[07:04:06] ✅ DONE | Shows=360 | Movies=23
[08:07:47] 🚀 BMS DAILY TRACKER STARTED (enhanced anti‑detection)
[08:07:47] [1/458] MBDC
[08:07:48] 🧠 New identity created
[08:07:48] [2/458] CHKM
[08:07:49] [3/458] JTKZ
[08:07:50] [4/458] CMCT
[08:07:51] [5/458] ASHO
[08:07:52] [6/458] ECDG
[08:07:53] [7/458] SPAT
[08:07:54] [8/458] HILC
[08:07:55] [9/458] SPPH
[08:07:55] [10/458] SBHN
[08:07:56] 🔄 Identity reset
[08:07:56] 🔄 Identity rotated (every 10 requests)
[08:07:56] 🔄 Retry 1/5 for SBHN in 2.8s
[08:07:56] 🔄 Identity reset
[08:07:59] 🧠 New identity created
[08:07:59] 🔄 Retry 2/5 for SBHN in 4.3s
[08:07:59] 🔄 Identity reset
[08:08:03] 🧠 New identity created
[08:08:03] 🔄 Retry 3/5 for SBHN in 8.8s
[08:08:03] 🔄 Identity reset
[08:08:12] 🧠 New identity created
[08:08:13] [11/458] RRCA
[08:08:14] [12/458] APAA
[08:08:14] [13/458] RAME
[08:08:15] [14/458] TMMS
[08:08:16] [15/458] BATK
[08:08:17] [16/458] LKOP
[08:08:18] [17/458] AMTT
[08:08:18] 🔄 Identity reset
[08:08:18] 🔄 Identity rotated (every 10 requests)
[08:08:19] [18/458] PTGK
[08:08:19] [19/458] ANRS
[08:08:20] [20/458] VWBW
[08:08:21] [21/458] SVFG
[08:08:23] [22/458] STAT
[08:08:24] [23/458] GDCV
[08:08:25] [24/458] VEBI
[08:08:26] [25/458] VDSS
[08:08:28] [26/458] NTHV
[08:08:29] [27/458] AOCH
[08:08:29] 🔄 Identity reset
[08:08:29] 🔄 Identity rotated (every 10 requests)
[08:08:30] [28/458] KASR
[08:08:30] [29/458] AYCS
[08:08:31] [30/458] SHAI
[08:08:32] [31/458] SKPE
[08:08:33] [32/458] SBTA
[08:08:34] [33/458] RTTD
[08:08:35] [34/458] CCJD
[08:08:36] [35/458] RSJJ
[08:08:36] [36/458] RKND
[08:08:37] [37/458] SVTX
[08:08:38] 🔄 Identity reset
[08:08:38] 🔄 Identity rotated (every 10 requests)
[08:08:38] [38/458] BAKM
[08:08:39] [39/458] SVDC
[08:08:40] [40/458] MNCV
[08:08:41] [41/458] SJGC
[08:08:42] [42/458] MTPK
[08:08:42] [43/458] GATP
[08:08:43] [44/458] ABTS
[08:08:44] [45/458] ABDE
[08:08:45] [46/458] RCNM
[08:08:46] [47/458] KTHV
[08:08:47] 🔄 Identity reset
[08:08:47] 🔄 Identity rotated (every 10 requests)
[08:08:47] [48/458] MDGJ
[08:08:48] [49/458] SMLM
[08:08:49] [50/458] JTMA
[08:08:50] [51/458] ACKP
[08:08:50] [52/458] SRTA
[08:08:51] [53/458] STAY
[08:08:52] [54/458] MAVO
[08:08:53] [55/458] APTS
[08:08:54] [56/458] OMEA
[08:08:55] [57/458] TTFD
[08:08:56] 🔄 Identity reset
[08:08:56] 🔄 Identity rotated (every 10 requests)
[08:08:56] [58/458] MJCU
[08:08:58] [59/458] CXTE
[08:08:59] [60/458] CTPX
[08:09:00] [61/458] ASSL
[08:09:01] [62/458] CMVB
[08:09:02] [63/458] VPUR
[08:09:03] [64/458] JJDA
[08:09:04] [65/458] INBL
[08:09:04] [66/458] BIKB
[08:09:05] [67/458] NTBB
[08:09:06] 🔄 Identity reset
[08:09:06] 🔄 Identity rotated (every 10 requests)
[08:09:06] [68/458] GLOB
[08:09:07] [69/458] SNTB
[08:09:08] [70/458] CHGV
[08:09:09] [71/458] SSBZ
[08:09:11] [72/458] PRDB
[08:09:11] [73/458] ISMT
[08:09:12] [74/458] MCSD
[08:09:13] [75/458] JBTT
[08:09:14] [76/458] GEKR
[08:09:15] [77/458] PVUN
[08:09:15] 🔄 Identity reset
[08:09:15] 🔄 Identity rotated (every 10 requests)
[08:09:16] [78/458] NRTB
[08:09:17] [79/458] PRAA
[08:09:17] [80/458] PCBL
[08:09:18] [81/458] PTCM
[08:09:20] [82/458] KHNN
[08:09:21] [83/458] OMJE
[08:09:22] [84/458] STGN
[08:09:23] [85/458] RPMS
[08:09:25] [86/458] NWAD
[08:09:26] [87/458] BLCK
[08:09:26] 🔄 Identity reset
[08:09:26] 🔄 Identity rotated (every 10 requests)
[08:09:28] [88/458] SVAA
[08:09:28] [89/458] URVM
[08:09:29] [90/458] ANTM
[08:09:30] [91/458] VJYM
[08:09:31] [92/458] MAZZ
[08:09:32] [93/458] CSHM
[08:09:33] [94/458] WGMH
[08:09:34] [95/458] SALN
[08:09:35] [96/458] BRTP
[08:09:36] [97/458] SVTA
[08:09:36] 🔄 Identity reset
[08:09:36] 🔄 Identity rotated (every 10 requests)
[08:09:37] [98/458] SBTP
[08:09:38] [99/458] VLSS
[08:09:38] [100/458] SRJA
[08:09:39] [101/458] ANCG
[08:09:40] [102/458] CGGC
[08:09:41] [103/458] CRJA
[08:09:42] [104/458] USCR
[08:09:43] [105/458] MMEF
[08:09:44] [106/458] JCRJ
[08:09:45] [107/458] ADCM
[08:09:46] 🔄 Identity reset
[08:09:46] 🔄 Identity rotated (every 10 requests)
[08:09:46] [108/458] BMYK
[08:09:47] [109/458] KICS
[08:09:48] [110/458] MBBT
[08:09:48] [111/458] MACK
[08:09:49] [112/458] CLDR
[08:09:50] [113/458] JYCR
[08:09:51] [114/458] DCRP
[08:09:52] [115/458] RAHT
[08:09:53] [116/458] CSSM
[08:09:54] [117/458] ATPK
[08:09:54] 🔄 Identity reset
[08:09:54] 🔄 Identity rotated (every 10 requests)
[08:09:55] [118/458] KLRT
[08:09:56] [119/458] SRDD
[08:09:57] [120/458] CKMC
[08:09:58] [121/458] KRVM
[08:10:00] [122/458] AKCP
[08:10:00] [123/458] CNCV
[08:10:01] [124/458] PACT
[08:10:02] [125/458] NATP
[08:10:03] [126/458] PCPK
[08:10:04] [127/458] SMHO
[08:10:05] 🔄 Identity reset
[08:10:05] 🔄 Identity rotated (every 10 requests)
[08:10:05] [128/458] CWTK
[08:10:06] [129/458] RVKZ
[08:10:07] [130/458] ASPD
[08:10:07] [131/458] VTKZ
[08:10:08] [132/458] LCSO
[08:10:09] [133/458] PRDY
[08:10:10] [134/458] RCAP
[08:10:11] [135/458] RGAR
[08:10:12] [136/458] RCAC
[08:10:12] [137/458] PMOD
[08:10:13] 🔄 Identity reset
[08:10:13] 🔄 Identity rotated (every 10 requests)
[08:10:13] [138/458] PVCN
[08:10:14] [139/458] SCRZ
[08:10:15] [140/458] PVPC
[08:10:16] [141/458] STID
[08:10:18] [142/458] NEDD
[08:10:19] [143/458] BNBA
[08:10:20] [144/458] NTCD
[08:10:21] [145/458] OCDE
[08:10:22] [146/458] CCDU
[08:10:23] [147/458] CRXH
[08:10:23] 🔄 Identity reset
[08:10:24] 🔄 Identity rotated (every 10 requests)
[08:10:24] [148/458] VLVT
[08:10:25] [149/458] CICI
[08:10:26] [150/458] SUCB
[08:10:26] [151/458] TCBP
[08:10:27] [152/458] SCCY
[08:10:28] [153/458] LXCY
[08:10:29] [154/458] NCMD
[08:10:30] [155/458] PHCS
[08:10:31] [156/458] DUXR
[08:10:32] [157/458] VNKS
[08:10:33] 🔄 Identity reset
[08:10:33] 🔄 Identity rotated (every 10 requests)
[08:10:33] [158/458] SEDP
[08:10:34] [159/458] SVEN
[08:10:35] [160/458] SRKM
[08:10:36] [161/458] JTLT
[08:10:37] [162/458] SVSS
[08:10:38] [163/458] AMDE
[08:10:39] [164/458] WVRN
[08:10:39] [165/458] ISMG
[08:10:40] [166/458] WVKS
[08:10:42] [167/458] USCG
[08:10:42] 🔄 Identity reset
[08:10:42] 🔄 Identity rotated (every 10 requests)
[08:10:43] [168/458] IOTG
[08:10:44] [169/458] RRJM
[08:10:44] [170/458] EDMP
[08:10:45] [171/458] SCGZ
[08:10:46] [172/458] GMGX
[08:10:47] [173/458] OMTP
[08:10:48] [174/458] MITD
[08:10:49] [175/458] SMMD
[08:10:49] [176/458] STML
[08:10:50] [177/458] MCFS
[08:10:51] 🔄 Identity reset
[08:10:51] 🔄 Identity rotated (every 10 requests)
[08:10:51] [178/458] FPKA
[08:10:52] [179/458] OMLR
[08:10:54] [180/458] KKSC
[08:10:55] [181/458] RVMA
[08:10:56] [182/458] SCLL
[08:10:57] [183/458] SCDK
[08:10:58] [184/458] SXMI
[08:10:59] [185/458] SHDN
[08:10:59] [186/458] PAAD
[08:11:00] [187/458] UUCB
[08:11:01] 🔄 Identity reset
[08:11:01] 🔄 Identity rotated (every 10 requests)
[08:11:01] [188/458] JHOL
[08:11:03] [189/458] SGWT
[08:11:04] [190/458] SRII
[08:11:05] [191/458] SGCK
[08:11:05] [192/458] SVVB
[08:11:06] [193/458] DMHA
[08:11:07] [194/458] PPNL
[08:11:09] [195/458] CPNL
[08:11:10] [196/458] WVLD
[08:11:11] [197/458] PSLV
[08:11:11] 🔄 Identity reset
[08:11:11] 🔄 Identity rotated (every 10 requests)
[08:11:12] [198/458] VTTL
[08:11:13] [199/458] NPAD
[08:11:14] [200/458] PVCS
[08:11:14] [201/458] MCHL
[08:11:15] [202/458] PPLL
[08:11:16] [203/458] MALO
[08:11:17] [204/458] SWBH
[08:11:18] [205/458] PUGB
[08:11:19] [206/458] INBB
[08:11:20] [207/458] INNS
[08:11:21] 🔄 Identity reset
[08:11:21] 🔄 Identity rotated (every 10 requests)
[08:11:21] [208/458] MCPT
[08:11:22] [209/458] SCMI
[08:11:24] [210/458] OCON
[08:11:24] [211/458] SCSM
[08:11:25] [212/458] RJVN
[08:11:26] [213/458] AMDK
[08:11:27] [214/458] ISMR
[08:11:28] [215/458] SMTD
[08:11:29] [216/458] VTDD
[08:11:30] [217/458] PDDZ
[08:11:31] 🔄 Identity reset
[08:11:31] 🔄 Identity rotated (every 10 requests)
[08:11:31] [218/458] PCCK
[08:11:32] [219/458] INAM
[08:11:33] [220/458] FNKT
[08:11:34] [221/458] GDKA
[08:11:34] [222/458] MAYU
[08:11:35] [223/458] TCGU
[08:11:36] [224/458] KDCA
[08:11:37] [225/458] DOMY
[08:11:38] [226/458] PDDD
[08:11:39] [227/458] BJTS
[08:11:39] 🔄 Identity reset
[08:11:39] 🔄 Identity rotated (every 10 requests)
[08:11:39] 🔄 Retry 1/5 for BJTS in 2.3s
[08:11:39] 🔄 Identity reset
[08:11:42] 🧠 New identity created
[08:11:42] [228/458] VTCA
[08:11:43] [229/458] SBTM
[08:11:44] [230/458] SEET
[08:11:45] [231/458] SSTJ
[08:11:46] [232/458] SVNT
[08:11:46] [233/458] PPPR
[08:11:47] [234/458] PVYS
[08:11:48] [235/458] IOSE
[08:11:49] [236/458] ACTV
[08:11:50] 🔄 Identity reset
[08:11:50] 🔄 Identity rotated (every 10 requests)
[08:11:50] [237/458] APVE
[08:11:51] [238/458] TCCL
[08:11:52] [239/458] SCMO
[08:11:53] [240/458] SAUM
[08:11:54] [241/458] KCJS
[08:11:54] [242/458] NJCJ
[08:11:55] [243/458] NECF
[08:11:57] [244/458] CCGW
[08:11:58] [245/458] CCMG
[08:11:59] [246/458] NYRG
[08:11:59] 🔄 Identity reset
[08:11:59] 🔄 Identity rotated (every 10 requests)
[08:12:00] [247/458] NCSQ
[08:12:01] [248/458] GRCG
[08:12:02] [249/458] CCBT
[08:12:02] [250/458] ACGA
[08:12:03] [251/458] INAG
[08:12:04] [252/458] FUCG
[08:12:05] [253/458] AICF
[08:12:06] [254/458] GRGA
[08:12:07] [255/458] GDCN
[08:12:08] [256/458] RRCG
[08:12:08] 🔄 Identity reset
[08:12:08] 🔄 Identity rotated (every 10 requests)
[08:12:09] [257/458] SDCH
[08:12:10] [258/458] WVJM
[08:12:11] [259/458] JCCZ
[08:12:11] [260/458] CNCL
[08:12:12] [261/458] TMLV
[08:12:13] [262/458] MEMB
[08:12:14] [263/458] SGTD
[08:12:15] [264/458] CONX
[08:12:16] [265/458] CCMH
[08:12:17] [266/458] ACMC
[08:12:17] 🔄 Identity reset
[08:12:17] 🔄 Identity rotated (every 10 requests)
[08:12:18] [267/458] DTPD
[08:12:19] [268/458] POJA
[08:12:20] [269/458] FNBH
[08:12:21] [270/458] CGCB
[08:12:22] [271/458] RACN
[08:12:23] [272/458] JTSM
[08:12:24] [273/458] SCDN
[08:12:25] [274/458] AACK
[08:12:26] [275/458] RMCE
[08:12:26] [276/458] BSGB
[08:12:27] 🔄 Identity reset
[08:12:27] 🔄 Identity rotated (every 10 requests)
[08:12:27] [277/458] MRCB
[08:12:28] [278/458] SRVR
[08:12:29] [279/458] VTKK
[08:12:30] [280/458] AMST
[08:12:31] [281/458] APCY
[08:12:32] [282/458] LMHO
[08:12:32] [283/458] MTZH
[08:12:34] [284/458] AMZB
[08:12:35] [285/458] SUVT
[08:12:36] [286/458] RCIP
[08:12:37] 🔄 Identity reset
[08:12:37] 🔄 Identity rotated (every 10 requests)
[08:12:37] [287/458] KESR
[08:12:38] [288/458] SNKC
[08:12:39] [289/458] SCED
[08:12:40] [290/458] DVCA
[08:12:41] [291/458] VCDT
[08:12:42] [292/458] RRDI
[08:12:42] [293/458] DFCH
[08:12:43] [294/458] INSC
[08:12:44] [295/458] RGTR
[08:12:45] [296/458] FMOT
[08:12:46] 🔄 Identity reset
[08:12:46] 🔄 Identity rotated (every 10 requests)
[08:12:46] [297/458] SCPM
[08:12:47] [298/458] GCDT
[08:12:49] [299/458] BRKT
[08:12:50] [300/458] DEMP
[08:12:51] [301/458] SRLC
[08:12:52] [302/458] KSTT
[08:12:52] [303/458] SMMT
[08:12:53] [304/458] SILM
[08:12:54] [305/458] JCVM
[08:12:55] [306/458] KCSV
[08:12:56] 🔄 Identity reset
[08:12:56] 🔄 Identity rotated (every 10 requests)
[08:12:56] [307/458] MHLK
[08:12:57] [308/458] SLVL
[08:12:58] [309/458] RJKP
[08:12:59] [310/458] BBPC
[08:13:00] [311/458] MXCB
[08:13:01] [312/458] TCPK
[08:13:02] [313/458] RTBR
[08:13:03] [314/458] GAUT
[08:13:04] [315/458] DVCF
[08:13:04] [316/458] JTSB
[08:13:05] 🔄 Identity reset
[08:13:05] 🔄 Identity rotated (every 10 requests)
[08:13:05] [317/458] SBLS
[08:13:06] [318/458] UDAY
[08:13:07] [319/458] PTNP
[08:13:08] [320/458] DMKT
[08:13:09] [321/458] NTDT
[08:13:10] [322/458] SHDJ
[08:13:11] [323/458] OTNC
[08:13:12] [324/458] RNTW
[08:13:13] [325/458] GCMI
[08:13:13] [326/458] CRCM
[08:13:14] 🔄 Identity reset
[08:13:14] 🔄 Identity rotated (every 10 requests)
[08:13:15] [327/458] NNCZ
[08:13:16] [328/458] OEMO
[08:13:17] [329/458] PVJM
[08:13:17] [330/458] CPJI
[08:13:18] [331/458] RMCJ
[08:13:19] [332/458] CNWJ
[08:13:20] [333/458] EPJM
[08:13:21] [334/458] FNJJ
[08:13:22] [335/458] GCMJ
[08:13:23] [336/458] INPS
[08:13:23] 🔄 Identity reset
[08:13:23] 🔄 Identity rotated (every 10 requests)
[08:13:23] 🔄 Retry 1/5 for INPS in 2.7s
[08:13:23] 🔄 Identity reset
[08:13:26] 🧠 New identity created
[08:13:26] [337/458] BICJ
[08:13:27] [338/458] ISTJ
[08:13:28] [339/458] INJC
[08:13:30] [340/458] GLXJ
[08:13:31] [341/458] INEM
[08:13:32] [342/458] JTMN
[08:13:33] [343/458] FRCJ
[08:13:33] [344/458] DDJP
[08:13:34] [345/458] INJV
[08:13:35] 🔄 Identity reset
[08:13:35] 🔄 Identity rotated (every 10 requests)
[08:13:35] [346/458] GOLC
[08:13:37] [347/458] KOCI
[08:13:38] [348/458] FSTD
[08:13:39] [349/458] PACJ
[08:13:40] [350/458] GMCN
[08:13:41] [351/458] MMDJ
[08:13:42] [352/458] GODH
[08:13:43] [353/458] SKYN
[08:13:44] [354/458] NCTH
[08:13:45] [355/458] SKVZ
[08:13:46] 🔄 Identity reset
[08:13:46] 🔄 Identity rotated (every 10 requests)
[08:13:46] [356/458] SVML
[08:13:47] [357/458] ACVZ
[08:13:48] [358/458] SURA
[08:13:49] [359/458] RTRB
[08:13:50] [360/458] LLCT
[08:13:50] [361/458] ATTS
[08:13:51] [362/458] JYCM
[08:13:52] [363/458] CTKR
[08:13:53] [364/458] LCKR
[08:13:54] [365/458] NYCV
[08:13:55] 🔄 Identity reset
[08:13:55] 🔄 Identity rotated (every 10 requests)
[08:13:56] [366/458] NYOH
[08:13:56] [367/458] NOVX
[08:13:57] [368/458] MRGK
[08:13:58] [369/458] MOON
[08:13:59] [370/458] SBUC
[08:14:00] [371/458] GSVA
[08:14:01] [372/458] VIAK
[08:14:01] [373/458] SMVZ
[08:14:02] [374/458] MATE
[08:14:04] [375/458] RDCN
[08:14:05] 🔄 Identity reset
[08:14:05] 🔄 Identity rotated (every 10 requests)
[08:14:05] [376/458] ASBL
[08:14:06] [377/458] ASVS
[08:14:07] [378/458] ASSR
[08:14:07] [379/458] SSKN
[08:14:08] [380/458] DRPV
[08:14:09] [381/458] MRHT
[08:14:10] [382/458] BSCN
[08:14:11] [383/458] RKNX
[08:14:12] [384/458] MSMC
[08:14:13] [385/458] MSCJ
[08:14:13] 🔄 Identity reset
[08:14:14] 🔄 Identity rotated (every 10 requests)
[08:14:14] [386/458] BTBJ
[08:14:15] [387/458] MJCC
[08:14:16] [388/458] IOMM
[08:14:16] [389/458] ADGR
[08:14:17] [390/458] MYCP
[08:14:18] [391/458] IGCM
[08:14:19] [392/458] PGRK
[08:14:21] [393/458] VPGO
[08:14:21] [394/458] KOMS
[08:14:22] [395/458] URGG
[08:14:23] 🔄 Identity reset
[08:14:23] 🔄 Identity rotated (every 10 requests)
[08:14:23] [396/458] GOST
[08:14:24] [397/458] LACT
[08:14:25] [398/458] BWCM
[08:14:26] [399/458] NCCW
[08:14:27] [400/458] SKYC
[08:14:28] [401/458] CCPM
[08:14:30] [402/458] VCBT
[08:14:30] [403/458] SDKR
[08:14:31] [404/458] CTYB
[08:14:32] [405/458] SHCX
[08:14:33] 🔄 Identity reset
[08:14:33] 🔄 Identity rotated (every 10 requests)
[08:14:34] [406/458] RCUN
[08:14:34] [407/458] CNRA
[08:14:35] [408/458] RFCA
[08:14:37] [409/458] RDCU
[08:14:39] [410/458] SARK
[08:14:40] [411/458] SPPP
[08:14:41] [412/458] ADMB
[08:14:42] [413/458] JYOE
[08:14:43] [414/458] SRMD
[08:14:44] [415/458] RJDH
[08:14:45] 🔄 Identity reset
[08:14:45] 🔄 Identity rotated (every 10 requests)
[08:14:45] 🔄 Retry 1/5 for RJDH in 2.9s
[08:14:45] 🔄 Identity reset
[08:14:48] 🧠 New identity created
[08:14:48] [416/458] SSTD
[08:14:49] [417/458] AACV
[08:14:50] [418/458] PPVD
[08:14:51] [419/458] STCP
[08:14:51] [420/458] ANLS
[08:14:52] [421/458] BIJO
[08:14:53] [422/458] AVAB
[08:14:55] [423/458] SPMD
[08:14:56] [424/458] SVJL
[08:14:56] 🔄 Identity reset
[08:14:56] 🔄 Identity rotated (every 10 requests)
[08:14:57] [425/458] SDDJ
[08:14:58] [426/458] SLTU
[08:14:58] [427/458] SAKA
[08:14:59] [428/458] PMAM
[08:15:00] [429/458] FNAM
[08:15:01] [430/458] ACAM
[08:15:02] [431/458] SCMM
[08:15:03] [432/458] PMAK
[08:15:03] [433/458] NYSA
[08:15:04] [434/458] FCPA
[08:15:05] 🔄 Identity reset
[08:15:05] 🔄 Identity rotated (every 10 requests)
[08:15:05] 🔄 Retry 1/5 for FCPA in 2.9s
[08:15:05] 🔄 Identity reset
[08:15:08] 🧠 New identity created
[08:15:08] [435/458] GDAN
[08:15:09] [436/458] RSCA
[08:15:11] [437/458] DMAN
[08:15:12] [438/458] DZCM
[08:15:13] [439/458] NSGL
[08:15:14] [440/458] CCPP
[08:15:15] [441/458] PSMG
[08:15:15] [442/458] GSER
[08:15:16] [443/458] FCCT
[08:15:17] 🔄 Identity reset
[08:15:17] 🔄 Identity rotated (every 10 requests)
[08:15:17] 🔄 Retry 1/5 for FCCT in 2.8s
[08:15:17] 🔄 Identity reset
[08:15:20] 🧠 New identity created
[08:15:20] 🔄 Retry 2/5 for FCCT in 4.9s
[08:15:20] 🔄 Identity reset
[08:15:25] 🧠 New identity created
[08:15:26] [444/458] FCTB
[08:15:27] [445/458] LCNK
[08:15:28] [446/458] SKTY
[08:15:29] [447/458] INAA
[08:15:30] [448/458] RCWN
[08:15:31] [449/458] VAIS
[08:15:31] [450/458] CVMN
[08:15:32] [451/458] INTS
[08:15:33] 🔄 Identity reset
[08:15:33] 🔄 Identity rotated (every 10 requests)
[08:15:33] [452/458] FRGS
[08:15:34] [453/458] DTCK
[08:15:35] [454/458] MCMH
[08:15:37] [455/458] ECRR
[08:15:38] [456/458] RLLP
[08:15:39] [457/458] CCSN
[08:15:40] [458/458] CCBA
[08:15:42] ✅ DONE | Shows=677 | Movies=36
[10:07:21] 🚀 BMS DAILY TRACKER STARTED (enhanced anti‑detection)
[10:07:21] [1/458] MBDC
[10:07:21] 🧠 New identity created
[10:07:22] [2/458] CHKM
[10:07:23] [3/458] JTKZ
[10:07:24] [4/458] CMCT
[10:07:25] [5/458] ASHO
[10:07:26] [6/458] ECDG
[10:07:27] [7/458] SPAT
[10:07:28] [8/458] HILC
[10:07:29] [9/458] SPPH
[10:07:29] [10/458] SBHN
[10:07:30] 🔄 Identity reset
[10:07:30] 🔄 Identity rotated (every 10 requests)
[10:07:31] [11/458] RRCA
[10:07:32] [12/458] APAA
[10:07:33] [13/458] RAME
[10:07:33] [14/458] TMMS
[10:07:34] [15/458] BATK
[10:07:35] [16/458] LKOP
[10:07:36] [17/458] AMTT
[10:07:37] [18/458] PTGK
[10:07:38] [19/458] ANRS
[10:07:39] [20/458] VWBW
[10:07:40] 🔄 Identity reset
[10:07:40] 🔄 Identity rotated (every 10 requests)
[10:07:40] 🔄 Retry 1/5 for VWBW in 2.6s
[10:07:40] 🔄 Identity reset
[10:07:42] 🧠 New identity created
[10:07:43] [21/458] SVFG
[10:07:44] [22/458] STAT
[10:07:45] [23/458] GDCV
[10:07:46] [24/458] VEBI
[10:07:47] [25/458] VDSS
[10:07:48] [26/458] NTHV
[10:07:49] [27/458] AOCH
[10:07:50] [28/458] KASR
[10:07:51] [29/458] AYCS
[10:07:52] 🔄 Identity reset
[10:07:52] 🔄 Identity rotated (every 10 requests)
[10:07:52] [30/458] SHAI
[10:07:53] [31/458] SKPE
[10:07:53] [32/458] SBTA
[10:07:54] [33/458] RTTD
[10:07:55] [34/458] CCJD
[10:07:57] [35/458] RSJJ
[10:07:58] [36/458] RKND
[10:07:58] [37/458] SVTX
[10:08:00] [38/458] BAKM
[10:08:01] [39/458] SVDC
[10:08:02] 🔄 Identity reset
[10:08:02] 🔄 Identity rotated (every 10 requests)
[10:08:02] [40/458] MNCV
[10:08:03] [41/458] SJGC
[10:08:04] [42/458] MTPK
[10:08:05] [43/458] GATP
[10:08:06] [44/458] ABTS
[10:08:06] [45/458] ABDE
[10:08:07] [46/458] RCNM
[10:08:08] [47/458] KTHV
[10:08:09] [48/458] MDGJ
[10:08:10] [49/458] SMLM
[10:08:10] 🔄 Identity reset
[10:08:11] 🔄 Identity rotated (every 10 requests)
[10:08:11] [50/458] JTMA
[10:08:12] [51/458] ACKP
[10:08:13] [52/458] SRTA
[10:08:13] [53/458] STAY
[10:08:14] [54/458] MAVO
[10:08:16] [55/458] APTS
[10:08:17] [56/458] OMEA
[10:08:17] [57/458] TTFD
[10:08:18] [58/458] MJCU
[10:08:19] [59/458] CXTE
[10:08:20] 🔄 Identity reset
[10:08:20] 🔄 Identity rotated (every 10 requests)
[10:08:21] [60/458] CTPX
[10:08:22] [61/458] ASSL
[10:08:22] [62/458] CMVB
[10:08:23] [63/458] VPUR
[10:08:24] [64/458] JJDA
[10:08:25] [65/458] INBL
[10:08:27] [66/458] BIKB
[10:08:28] [67/458] NTBB
[10:08:29] [68/458] GLOB
[10:08:30] [69/458] SNTB
[10:08:31] 🔄 Identity reset
[10:08:31] 🔄 Identity rotated (every 10 requests)
[10:08:31] [70/458] CHGV
[10:08:32] [71/458] SSBZ
[10:08:33] [72/458] PRDB
[10:08:34] [73/458] ISMT
[10:08:35] [74/458] MCSD
[10:08:36] [75/458] JBTT
[10:08:37] [76/458] GEKR
[10:08:38] [77/458] PVUN
[10:08:39] [78/458] NRTB
[10:08:40] [79/458] PRAA
[10:08:41] 🔄 Identity reset
[10:08:41] 🔄 Identity rotated (every 10 requests)
[10:08:41] 🔄 Retry 1/5 for PRAA in 2.4s
[10:08:41] 🔄 Identity reset
[10:08:43] 🧠 New identity created
[10:08:44] [80/458] PCBL
[10:08:44] [81/458] PTCM
[10:08:45] [82/458] KHNN
[10:08:46] [83/458] OMJE
[10:08:47] [84/458] STGN
[10:08:48] [85/458] RPMS
[10:08:49] [86/458] NWAD
[10:08:50] [87/458] BLCK
[10:08:51] [88/458] SVAA
[10:08:52] 🔄 Identity reset
[10:08:52] 🔄 Identity rotated (every 10 requests)
[10:08:52] [89/458] URVM
[10:08:53] [90/458] ANTM
[10:08:54] [91/458] VJYM
[10:08:54] [92/458] MAZZ
[10:08:55] [93/458] CSHM
[10:08:56] [94/458] WGMH
[10:08:58] [95/458] SALN
[10:08:59] [96/458] BRTP
[10:09:00] [97/458] SVTA
[10:09:00] [98/458] SBTP
[10:09:01] 🔄 Identity reset
[10:09:01] 🔄 Identity rotated (every 10 requests)
[10:09:01] [99/458] VLSS
[10:09:02] [100/458] SRJA
[10:09:03] [101/458] ANCG
[10:09:04] [102/458] CGGC
[10:09:05] [103/458] CRJA
[10:09:05] [104/458] USCR
[10:09:06] [105/458] MMEF
[10:09:07] [106/458] JCRJ
[10:09:08] [107/458] ADCM
[10:09:09] [108/458] BMYK
[10:09:09] 🔄 Identity reset
[10:09:09] 🔄 Identity rotated (every 10 requests)
[10:09:10] [109/458] KICS
[10:09:10] [110/458] MBBT
[10:09:11] [111/458] MACK
[10:09:12] [112/458] CLDR
[10:09:13] [113/458] JYCR
[10:09:14] [114/458] DCRP
[10:09:15] [115/458] RAHT
[10:09:16] [116/458] CSSM
[10:09:17] [117/458] ATPK
[10:09:18] [118/458] KLRT
[10:09:18] 🔄 Identity reset
[10:09:18] 🔄 Identity rotated (every 10 requests)
[10:09:18] 🔄 Retry 1/5 for KLRT in 3.0s
[10:09:18] 🔄 Identity reset
[10:09:21] 🧠 New identity created
[10:09:21] 🔄 Retry 2/5 for KLRT in 4.5s
[10:09:21] 🔄 Identity reset
[10:09:26] 🧠 New identity created
[10:09:26] [119/458] SRDD
[10:09:27] [120/458] CKMC
[10:09:28] [121/458] KRVM
[10:09:29] [122/458] AKCP
[10:09:30] [123/458] CNCV
[10:09:30] [124/458] PACT
[10:09:31] [125/458] NATP
[10:09:32] [126/458] PCPK
[10:09:33] 🔄 Identity reset
[10:09:33] 🔄 Identity rotated (every 10 requests)
[10:09:33] [127/458] SMHO
[10:09:34] [128/458] CWTK
[10:09:35] [129/458] RVKZ
[10:09:36] [130/458] ASPD
[10:09:37] [131/458] VTKZ
[10:09:38] [132/458] LCSO
[10:09:39] [133/458] PRDY
[10:09:40] [134/458] RCAP
[10:09:41] [135/458] RGAR
[10:09:42] [136/458] RCAC
[10:09:43] 🔄 Identity reset
[10:09:43] 🔄 Identity rotated (every 10 requests)
[10:09:43] [137/458] PMOD
[10:09:44] [138/458] PVCN
[10:09:45] [139/458] SCRZ
[10:09:46] [140/458] PVPC
[10:09:46] [141/458] STID
[10:09:47] [142/458] NEDD
[10:09:48] [143/458] BNBA
[10:09:49] [144/458] NTCD
[10:09:50] [145/458] OCDE
[10:09:51] [146/458] CCDU
[10:09:51] 🔄 Identity reset
[10:09:51] 🔄 Identity rotated (every 10 requests)
[10:09:52] [147/458] CRXH
[10:09:53] [148/458] VLVT
[10:09:53] [149/458] CICI
[10:09:54] [150/458] SUCB
[10:09:56] [151/458] TCBP
[10:09:57] [152/458] SCCY
[10:09:58] [153/458] LXCY
[10:09:58] [154/458] NCMD
[10:09:59] [155/458] PHCS
[10:10:00] [156/458] DUXR
[10:10:01] 🔄 Identity reset
[10:10:01] 🔄 Identity rotated (every 10 requests)
[10:10:01] [157/458] VNKS
[10:10:02] [158/458] SEDP
[10:10:03] [159/458] SVEN
[10:10:04] [160/458] SRKM
[10:10:05] [161/458] JTLT
[10:10:06] [162/458] SVSS
[10:10:07] [163/458] AMDE
[10:10:08] [164/458] WVRN
[10:10:09] [165/458] ISMG
[10:10:10] [166/458] WVKS
[10:10:10] 🔄 Identity reset
[10:10:10] 🔄 Identity rotated (every 10 requests)
[10:10:10] 🔄 Retry 1/5 for WVKS in 2.6s
[10:10:10] 🔄 Identity reset
[10:10:13] 🧠 New identity created
[10:10:13] [167/458] USCG
[10:10:14] [168/458] IOTG
[10:10:15] [169/458] RRJM
[10:10:16] [170/458] EDMP
[10:10:16] [171/458] SCGZ
[10:10:17] [172/458] GMGX
[10:10:18] [173/458] OMTP
[10:10:19] [174/458] MITD
[10:10:20] [175/458] SMMD
[10:10:20] 🔄 Identity reset
[10:10:20] 🔄 Identity rotated (every 10 requests)
[10:10:20] [176/458] STML
[10:10:21] [177/458] MCFS
[10:10:22] [178/458] FPKA
[10:10:23] [179/458] OMLR
[10:10:24] [180/458] KKSC
[10:10:25] [181/458] RVMA
[10:10:25] [182/458] SCLL
[10:10:26] [183/458] SCDK
[10:10:27] [184/458] SXMI
[10:10:28] [185/458] SHDN
[10:10:28] 🔄 Identity reset
[10:10:28] 🔄 Identity rotated (every 10 requests)
[10:10:29] [186/458] PAAD
[10:10:30] [187/458] UUCB
[10:10:31] [188/458] JHOL
[10:10:32] [189/458] SGWT
[10:10:32] [190/458] SRII
[10:10:33] [191/458] SGCK
[10:10:34] [192/458] SVVB
[10:10:36] [193/458] DMHA
[10:10:36] [194/458] PPNL
[10:10:37] [195/458] CPNL
[10:10:38] 🔄 Identity reset
[10:10:38] 🔄 Identity rotated (every 10 requests)
[10:10:38] [196/458] WVLD
[10:10:39] [197/458] PSLV
[10:10:40] [198/458] VTTL
[10:10:40] [199/458] NPAD
[10:10:41] [200/458] PVCS
[10:10:42] [201/458] MCHL
[10:10:43] [202/458] PPLL
[10:10:44] [203/458] MALO
[10:10:44] [204/458] SWBH
[10:10:45] [205/458] PUGB
[10:10:46] 🔄 Identity reset
[10:10:46] 🔄 Identity rotated (every 10 requests)
[10:10:46] [206/458] INBB
[10:10:47] [207/458] INNS
[10:10:48] [208/458] MCPT
[10:10:49] [209/458] SCMI
[10:10:49] [210/458] OCON
[10:10:50] [211/458] SCSM
[10:10:51] [212/458] RJVN
[10:10:52] [213/458] AMDK
[10:10:53] [214/458] ISMR
[10:10:53] [215/458] SMTD
[10:10:54] 🔄 Identity reset
[10:10:54] 🔄 Identity rotated (every 10 requests)
[10:10:54] 🔄 Retry 1/5 for SMTD in 2.6s
[10:10:54] 🔄 Identity reset
[10:10:57] 🧠 New identity created
[10:10:57] [216/458] VTDD
[10:10:58] [217/458] PDDZ
[10:10:59] [218/458] PCCK
[10:10:59] [219/458] INAM
[10:11:00] [220/458] FNKT
[10:11:02] [221/458] GDKA
[10:11:03] [222/458] MAYU
[10:11:04] [223/458] TCGU
[10:11:05] [224/458] KDCA
[10:11:06] 🔄 Identity reset
[10:11:06] 🔄 Identity rotated (every 10 requests)
[10:11:06] [225/458] DOMY
[10:11:07] [226/458] PDDD
[10:11:08] [227/458] BJTS
[10:11:09] [228/458] VTCA
[10:11:10] [229/458] SBTM
[10:11:10] [230/458] SEET
[10:11:11] [231/458] SSTJ
[10:11:12] [232/458] SVNT
[10:11:14] [233/458] PPPR
[10:11:14] [234/458] PVYS
[10:11:15] 🔄 Identity reset
[10:11:15] 🔄 Identity rotated (every 10 requests)
[10:11:16] [235/458] IOSE
[10:11:17] [236/458] ACTV
[10:11:18] [237/458] APVE
[10:11:19] [238/458] TCCL
[10:11:20] [239/458] SCMO
[10:11:20] [240/458] SAUM
[10:11:21] [241/458] KCJS
[10:11:23] [242/458] NJCJ
[10:11:24] [243/458] NECF
[10:11:24] [244/458] CCGW
[10:11:25] 🔄 Identity reset
[10:11:25] 🔄 Identity rotated (every 10 requests)
[10:11:25] [245/458] CCMG
[10:11:26] [246/458] NYRG
[10:11:27] [247/458] NCSQ
[10:11:28] [248/458] GRCG
[10:11:29] [249/458] CCBT
[10:11:30] [250/458] ACGA
[10:11:31] [251/458] INAG
[10:11:32] [252/458] FUCG
[10:11:33] [253/458] AICF
[10:11:33] [254/458] GRGA
[10:11:34] 🔄 Identity reset
[10:11:34] 🔄 Identity rotated (every 10 requests)
[10:11:34] [255/458] GDCN
[10:11:35] [256/458] RRCG
[10:11:36] [257/458] SDCH
[10:11:37] [258/458] WVJM
[10:11:38] [259/458] JCCZ
[10:11:39] [260/458] CNCL
[10:11:40] [261/458] TMLV
[10:11:41] [262/458] MEMB
[10:11:42] [263/458] SGTD
[10:11:43] [264/458] CONX
[10:11:43] 🔄 Identity reset
[10:11:43] 🔄 Identity rotated (every 10 requests)
[10:11:44] [265/458] CCMH
[10:11:45] [266/458] ACMC
[10:11:45] [267/458] DTPD
[10:11:46] [268/458] POJA
[10:11:47] [269/458] FNBH
[10:11:48] [270/458] CGCB
[10:11:49] [271/458] RACN
[10:11:50] [272/458] JTSM
[10:11:51] [273/458] SCDN
[10:11:52] [274/458] AACK
[10:11:53] 🔄 Identity reset
[10:11:53] 🔄 Identity rotated (every 10 requests)
[10:11:53] [275/458] RMCE
[10:11:54] [276/458] BSGB
[10:11:55] [277/458] MRCB
[10:11:56] [278/458] SRVR
[10:11:56] [279/458] VTKK
[10:11:58] [280/458] AMST
[10:11:59] [281/458] APCY
[10:12:00] [282/458] LMHO
[10:12:01] [283/458] MTZH
[10:12:01] [284/458] AMZB
[10:12:02] 🔄 Identity reset
[10:12:02] 🔄 Identity rotated (every 10 requests)
[10:12:02] [285/458] SUVT
[10:12:03] [286/458] RCIP
[10:12:04] [287/458] KESR
[10:12:05] [288/458] SNKC
[10:12:06] [289/458] SCED
[10:12:07] [290/458] DVCA
[10:12:07] [291/458] VCDT
[10:12:08] [292/458] RRDI
[10:12:09] [293/458] DFCH
[10:12:10] [294/458] INSC
[10:12:10] 🔄 Identity reset
[10:12:10] 🔄 Identity rotated (every 10 requests)
[10:12:10] 🔄 Retry 1/5 for INSC in 2.2s
[10:12:10] 🔄 Identity reset
[10:12:13] 🧠 New identity created
[10:12:13] [295/458] RGTR
[10:12:14] [296/458] FMOT
[10:12:15] [297/458] SCPM
[10:12:15] [298/458] GCDT
[10:12:16] [299/458] BRKT
[10:12:17] [300/458] DEMP
[10:12:18] [301/458] SRLC
[10:12:19] [302/458] KSTT
[10:12:20] [303/458] SMMT
[10:12:21] 🔄 Identity reset
[10:12:21] 🔄 Identity rotated (every 10 requests)
[10:12:21] [304/458] SILM
[10:12:22] [305/458] JCVM
[10:12:23] [306/458] KCSV
[10:12:24] [307/458] MHLK
[10:12:25] [308/458] SLVL
[10:12:25] [309/458] RJKP
[10:12:26] [310/458] BBPC
[10:12:27] [311/458] MXCB
[10:12:28] [312/458] TCPK
[10:12:29] [313/458] RTBR
[10:12:29] 🔄 Identity reset
[10:12:29] 🔄 Identity rotated (every 10 requests)
[10:12:30] [314/458] GAUT
[10:12:31] [315/458] DVCF
[10:12:31] [316/458] JTSB
[10:12:32] [317/458] SBLS
[10:12:34] [318/458] UDAY
[10:12:35] [319/458] PTNP
[10:12:36] [320/458] DMKT
[10:12:37] [321/458] NTDT
[10:12:38] [322/458] SHDJ
[10:12:38] [323/458] OTNC
[10:12:39] 🔄 Identity reset
[10:12:39] 🔄 Identity rotated (every 10 requests)
[10:12:39] [324/458] RNTW
[10:12:40] [325/458] GCMI
[10:12:41] [326/458] CRCM
[10:12:41] [327/458] NNCZ
[10:12:42] [328/458] OEMO
[10:12:44] [329/458] PVJM
[10:12:45] [330/458] CPJI
[10:12:46] [331/458] RMCJ
[10:12:46] [332/458] CNWJ
[10:12:47] [333/458] EPJM
[10:12:48] 🔄 Identity reset
[10:12:48] 🔄 Identity rotated (every 10 requests)
[10:12:48] [334/458] FNJJ
[10:12:49] [335/458] GCMJ
[10:12:50] [336/458] INPS
[10:12:51] [337/458] BICJ
[10:12:53] [338/458] ISTJ
[10:12:53] [339/458] INJC
[10:12:54] [340/458] GLXJ
[10:12:55] [341/458] INEM
[10:12:56] [342/458] JTMN
[10:12:57] [343/458] FRCJ
[10:12:58] 🔄 Identity reset
[10:12:58] 🔄 Identity rotated (every 10 requests)
[10:12:58] [344/458] DDJP
[10:12:59] [345/458] INJV
[10:13:00] [346/458] GOLC
[10:13:01] [347/458] KOCI
[10:13:02] [348/458] FSTD
[10:13:02] [349/458] PACJ
[10:13:03] [350/458] GMCN
[10:13:04] [351/458] MMDJ
[10:13:05] [352/458] GODH
[10:13:06] [353/458] SKYN
[10:13:06] 🔄 Identity reset
[10:13:07] 🔄 Identity rotated (every 10 requests)
[10:13:07] [354/458] NCTH
[10:13:08] [355/458] SKVZ
[10:13:08] [356/458] SVML
[10:13:09] [357/458] ACVZ
[10:13:10] [358/458] SURA
[10:13:11] [359/458] RTRB
[10:13:12] [360/458] LLCT
[10:13:13] [361/458] ATTS
[10:13:14] [362/458] JYCM
[10:13:15] [363/458] CTKR
[10:13:16] 🔄 Identity reset
[10:13:16] 🔄 Identity rotated (every 10 requests)
[10:13:16] [364/458] LCKR
[10:13:17] [365/458] NYCV
[10:13:18] [366/458] NYOH
[10:13:19] [367/458] NOVX
[10:13:20] [368/458] MRGK
[10:13:21] [369/458] MOON
[10:13:22] [370/458] SBUC
[10:13:23] [371/458] GSVA
[10:13:24] [372/458] VIAK
[10:13:24] [373/458] SMVZ
[10:13:25] 🔄 Identity reset
[10:13:25] 🔄 Identity rotated (every 10 requests)
[10:13:25] [374/458] MATE
[10:13:26] [375/458] RDCN
[10:13:27] [376/458] ASBL
[10:13:28] [377/458] ASVS
[10:13:29] [378/458] ASSR
[10:13:29] [379/458] SSKN
[10:13:30] [380/458] DRPV
[10:13:31] [381/458] MRHT
[10:13:32] [382/458] BSCN
[10:13:33] [383/458] RKNX
[10:13:34] 🔄 Identity reset
[10:13:34] 🔄 Identity rotated (every 10 requests)
[10:13:34] [384/458] MSMC
[10:13:35] [385/458] MSCJ
[10:13:36] [386/458] BTBJ
[10:13:36] [387/458] MJCC
[10:13:37] [388/458] IOMM
[10:13:38] [389/458] ADGR
[10:13:40] [390/458] MYCP
[10:13:40] [391/458] IGCM
[10:13:42] [392/458] PGRK
[10:13:43] [393/458] VPGO
[10:13:43] 🔄 Identity reset
[10:13:43] 🔄 Identity rotated (every 10 requests)
[10:13:43] [394/458] KOMS
[10:13:44] [395/458] URGG
[10:13:45] [396/458] GOST
[10:13:46] [397/458] LACT
[10:13:47] [398/458] BWCM
[10:13:48] [399/458] NCCW
[10:13:49] [400/458] SKYC
[10:13:51] [401/458] CCPM
[10:13:51] [402/458] VCBT
[10:13:52] [403/458] SDKR
[10:13:53] 🔄 Identity reset
[10:13:53] 🔄 Identity rotated (every 10 requests)
[10:13:53] [404/458] CTYB
[10:13:55] [405/458] SHCX
[10:13:56] [406/458] RCUN
[10:13:56] [407/458] CNRA
[10:13:57] [408/458] RFCA
[10:13:58] [409/458] RDCU
[10:13:59] [410/458] SARK
[10:14:00] [411/458] SPPP
[10:14:00] [412/458] ADMB
[10:14:02] [413/458] JYOE
[10:14:02] 🔄 Identity reset
[10:14:02] 🔄 Identity rotated (every 10 requests)
[10:14:03] [414/458] SRMD
[10:14:03] [415/458] RJDH
[10:14:04] [416/458] SSTD
[10:14:05] [417/458] AACV
[10:14:06] [418/458] PPVD
[10:14:07] [419/458] STCP
[10:14:08] [420/458] ANLS
[10:14:08] [421/458] BIJO
[10:14:09] [422/458] AVAB
[10:14:10] [423/458] SPMD
[10:14:11] 🔄 Identity reset
[10:14:11] 🔄 Identity rotated (every 10 requests)
[10:14:11] [424/458] SVJL
[10:14:12] [425/458] SDDJ
[10:14:13] [426/458] SLTU
[10:14:14] [427/458] SAKA
[10:14:15] [428/458] PMAM
[10:14:16] [429/458] FNAM
[10:14:17] [430/458] ACAM
[10:14:17] [431/458] SCMM
[10:14:19] [432/458] PMAK
[10:14:20] [433/458] NYSA
[10:14:20] 🔄 Identity reset
[10:14:20] 🔄 Identity rotated (every 10 requests)
[10:14:21] [434/458] FCPA
[10:14:22] [435/458] GDAN
[10:14:23] [436/458] RSCA
[10:14:24] [437/458] DMAN
[10:14:25] [438/458] DZCM
[10:14:26] [439/458] NSGL
[10:14:28] [440/458] CCPP
[10:14:29] [441/458] PSMG
[10:14:30] [442/458] GSER
[10:14:31] [443/458] FCCT
[10:14:32] 🔄 Identity reset
[10:14:32] 🔄 Identity rotated (every 10 requests)
[10:14:32] [444/458] FCTB
[10:14:33] [445/458] LCNK
[10:14:34] [446/458] SKTY
[10:14:36] [447/458] INAA
[10:14:36] [448/458] RCWN
[10:14:38] [449/458] VAIS
[10:14:38] [450/458] CVMN
[10:14:39] [451/458] INTS
[10:14:40] [452/458] FRGS
[10:14:41] [453/458] DTCK
[10:14:41] 🔄 Identity reset
[10:14:41] 🔄 Identity rotated (every 10 requests)
[10:14:42] [454/458] MCMH
[10:14:42] [455/458] ECRR
[10:14:43] [456/458] RLLP
[10:14:44] [457/458] CCSN
[10:14:45] [458/458] CCBA
[10:14:47] ✅ DONE | Shows=1201 | Movies=42
[11:05:18] 🚀 BMS DAILY TRACKER STARTED (enhanced anti‑detection)
[11:05:18] [1/458] MBDC
[11:05:18] 🧠 New identity created
[11:05:18] [2/458] CHKM
[11:05:19] [3/458] JTKZ
[11:05:20] [4/458] CMCT
[11:05:21] [5/458] ASHO
[11:05:22] [6/458] ECDG
[11:05:22] [7/458] SPAT
[11:05:23] [8/458] HILC
[11:05:24] [9/458] SPPH
[11:05:25] [10/458] SBHN
[11:05:25] 🔄 Identity reset
[11:05:25] 🔄 Identity rotated (every 10 requests)
[11:05:25] 🔄 Retry 1/5 for SBHN in 2.9s
[11:05:25] 🔄 Identity reset
[11:05:28] 🧠 New identity created
[11:05:28] [11/458] RRCA
[11:05:29] [12/458] APAA
[11:05:30] [13/458] RAME
[11:05:31] [14/458] TMMS
[11:05:32] [15/458] BATK
[11:05:33] [16/458] LKOP
[11:05:34] [17/458] AMTT
[11:05:34] [18/458] PTGK
[11:05:35] [19/458] ANRS
[11:05:35] 🔄 Identity reset
[11:05:35] 🔄 Identity rotated (every 10 requests)
[11:05:35] 🔄 Retry 1/5 for ANRS in 2.8s
[11:05:35] 🔄 Identity reset
[11:05:38] 🧠 New identity created
[11:05:38] [20/458] VWBW
[11:05:39] [21/458] SVFG
[11:05:40] [22/458] STAT
[11:05:41] [23/458] GDCV
[11:05:41] [24/458] VEBI
[11:05:42] [25/458] VDSS
[11:05:43] [26/458] NTHV
[11:05:43] [27/458] AOCH
[11:05:44] [28/458] KASR
[11:05:44] 🔄 Identity reset
[11:05:44] 🔄 Identity rotated (every 10 requests)
[11:05:44] 🔄 Retry 1/5 for KASR in 2.1s
[11:05:44] 🔄 Identity reset
[11:05:47] 🧠 New identity created
[11:05:47] [29/458] AYCS
[11:05:47] [30/458] SHAI
[11:05:48] [31/458] SKPE
[11:05:49] [32/458] SBTA
[11:05:50] [33/458] RTTD
[11:05:51] [34/458] CCJD
[11:05:52] [35/458] RSJJ
[11:05:52] [36/458] RKND
[11:05:53] [37/458] SVTX
[11:05:54] 🔄 Identity reset
[11:05:54] 🔄 Identity rotated (every 10 requests)
[11:05:54] [38/458] BAKM
[11:05:55] [39/458] SVDC
[11:05:55] [40/458] MNCV
[11:05:56] [41/458] SJGC
[11:05:57] [42/458] MTPK
[11:05:57] [43/458] GATP
[11:05:58] [44/458] ABTS
[11:05:58] [45/458] ABDE
[11:05:59] [46/458] RCNM
[11:06:00] [47/458] KTHV
[11:06:01] 🔄 Identity reset
[11:06:01] 🔄 Identity rotated (every 10 requests)
[11:06:01] [48/458] MDGJ
[11:06:02] [49/458] SMLM
[11:06:02] [50/458] JTMA
[11:06:03] [51/458] ACKP
[11:06:04] [52/458] SRTA
[11:06:05] [53/458] STAY
[11:06:06] [54/458] MAVO
[11:06:06] [55/458] APTS
[11:06:07] [56/458] OMEA
[11:06:07] [57/458] TTFD
[11:06:08] 🔄 Identity reset
[11:06:08] 🔄 Identity rotated (every 10 requests)
[11:06:08] [58/458] MJCU
[11:06:09] [59/458] CXTE
[11:06:10] [60/458] CTPX
[11:06:10] [61/458] ASSL
[11:06:11] [62/458] CMVB
[11:06:12] [63/458] VPUR
[11:06:13] [64/458] JJDA
[11:06:14] [65/458] INBL
[11:06:14] [66/458] BIKB
[11:06:15] [67/458] NTBB
[11:06:16] 🔄 Identity reset
[11:06:16] 🔄 Identity rotated (every 10 requests)
[11:06:16] [68/458] GLOB
[11:06:17] [69/458] SNTB
[11:06:18] [70/458] CHGV
[11:06:18] [71/458] SSBZ
[11:06:19] [72/458] PRDB
[11:06:21] [73/458] ISMT
[11:06:21] [74/458] MCSD
[11:06:22] [75/458] JBTT
[11:06:22] [76/458] GEKR
[11:06:23] [77/458] PVUN
[11:06:24] 🔄 Identity reset
[11:06:24] 🔄 Identity rotated (every 10 requests)
[11:06:24] [78/458] NRTB
[11:06:25] [79/458] PRAA
[11:06:25] [80/458] PCBL
[11:06:26] [81/458] PTCM
[11:06:27] [82/458] KHNN
[11:06:27] [83/458] OMJE
[11:06:28] [84/458] STGN
[11:06:29] [85/458] RPMS
[11:06:29] [86/458] NWAD
[11:06:30] [87/458] BLCK
[11:06:31] 🔄 Identity reset
[11:06:31] 🔄 Identity rotated (every 10 requests)
[11:06:31] 🔄 Retry 1/5 for BLCK in 2.8s
[11:06:31] 🔄 Identity reset
[11:06:34] 🧠 New identity created
[11:06:34] [88/458] SVAA
[11:06:35] [89/458] URVM
[11:06:36] [90/458] ANTM
[11:06:36] [91/458] VJYM
[11:06:37] [92/458] MAZZ
[11:06:38] [93/458] CSHM
[11:06:38] [94/458] WGMH
[11:06:39] [95/458] SALN
[11:06:40] [96/458] BRTP
[11:06:40] 🔄 Identity reset
[11:06:40] 🔄 Identity rotated (every 10 requests)
[11:06:40] 🔄 Retry 1/5 for BRTP in 2.7s
[11:06:40] 🔄 Identity reset
[11:06:43] 🧠 New identity created
[11:06:43] 🔄 Retry 2/5 for BRTP in 4.2s
[11:06:43] 🔄 Identity reset
[11:06:47] 🧠 New identity created
[11:06:48] [97/458] SVTA
[11:06:48] [98/458] SBTP
[11:06:49] [99/458] VLSS
[11:06:49] [100/458] SRJA
[11:06:50] [101/458] ANCG
[11:06:51] [102/458] CGGC
[11:06:51] [103/458] CRJA
[11:06:52] [104/458] USCR
[11:06:52] 🔄 Identity reset
[11:06:52] 🔄 Identity rotated (every 10 requests)
[11:06:53] 🔄 Retry 1/5 for USCR in 2.3s
[11:06:53] 🔄 Identity reset
[11:06:55] 🧠 New identity created
[11:06:55] [105/458] MMEF
[11:06:56] [106/458] JCRJ
[11:06:57] [107/458] ADCM
[11:06:57] [108/458] BMYK
[11:06:58] [109/458] KICS
[11:06:59] [110/458] MBBT
[11:06:59] [111/458] MACK
[11:07:00] [112/458] CLDR
[11:07:01] [113/458] JYCR
[11:07:01] 🔄 Identity reset
[11:07:01] 🔄 Identity rotated (every 10 requests)
[11:07:01] 🔄 Retry 1/5 for JYCR in 2.7s
[11:07:01] 🔄 Identity reset
[11:07:04] 🧠 New identity created
[11:07:04] [114/458] DCRP
[11:07:05] [115/458] RAHT
[11:07:06] [116/458] CSSM
[11:07:07] [117/458] ATPK
[11:07:07] [118/458] KLRT
[11:07:08] [119/458] SRDD
[11:07:09] [120/458] CKMC
[11:07:10] [121/458] KRVM
[11:07:10] [122/458] AKCP
[11:07:11] 🔄 Identity reset
[11:07:11] 🔄 Identity rotated (every 10 requests)
[11:07:11] [123/458] CNCV
[11:07:12] [124/458] PACT
[11:07:12] [125/458] NATP
[11:07:13] [126/458] PCPK
[11:07:13] [127/458] SMHO
[11:07:14] [128/458] CWTK
[11:07:15] [129/458] RVKZ
[11:07:15] [130/458] ASPD
[11:07:16] [131/458] VTKZ
[11:07:17] [132/458] LCSO
[11:07:18] 🔄 Identity reset
[11:07:18] 🔄 Identity rotated (every 10 requests)
[11:07:18] 🔄 Retry 1/5 for LCSO in 2.4s
[11:07:18] 🔄 Identity reset
[11:07:20] 🧠 New identity created
[11:07:20] 🔄 Retry 2/5 for LCSO in 4.7s
[11:07:20] 🔄 Identity reset
[11:07:25] 🧠 New identity created
[11:07:25] 🔄 Retry 3/5 for LCSO in 8.5s
[11:07:25] 🔄 Identity reset
[11:07:33] 🧠 New identity created
[11:07:33] [133/458] PRDY
[11:07:34] [134/458] RCAP
[11:07:35] [135/458] RGAR
[11:07:35] [136/458] RCAC
[11:07:36] [137/458] PMOD
[11:07:37] [138/458] PVCN
[11:07:38] [139/458] SCRZ
[11:07:39] 🔄 Identity reset
[11:07:39] 🔄 Identity rotated (every 10 requests)
[11:07:39] [140/458] PVPC
[11:07:40] [141/458] STID
[11:07:41] [142/458] NEDD
[11:07:41] [143/458] BNBA
[11:07:42] [144/458] NTCD
[11:07:42] [145/458] OCDE
[11:07:43] [146/458] CCDU
[11:07:44] [147/458] CRXH
[11:07:45] [148/458] VLVT
[11:07:45] [149/458] CICI
[11:07:46] 🔄 Identity reset
[11:07:46] 🔄 Identity rotated (every 10 requests)
[11:07:46] 🔄 Retry 1/5 for CICI in 2.2s
[11:07:46] 🔄 Identity reset
[11:07:48] 🧠 New identity created
[11:07:48] [150/458] SUCB
[11:07:49] [151/458] TCBP
[11:07:50] [152/458] SCCY
[11:07:50] [153/458] LXCY
[11:07:51] [154/458] NCMD
[11:07:53] [155/458] PHCS
[11:07:53] [156/458] DUXR
[11:07:54] [157/458] VNKS
[11:07:54] [158/458] SEDP
[11:07:55] 🔄 Identity reset
[11:07:55] 🔄 Identity rotated (every 10 requests)
[11:07:55] [159/458] SVEN
[11:07:56] [160/458] SRKM
[11:07:57] [161/458] JTLT
[11:07:57] [162/458] SVSS
[11:07:59] [163/458] AMDE
[11:08:00] [164/458] WVRN
[11:08:00] [165/458] ISMG
[11:08:01] [166/458] WVKS
[11:08:02] [167/458] USCG
[11:08:03] [168/458] IOTG
[11:08:03] 🔄 Identity reset
[11:08:03] 🔄 Identity rotated (every 10 requests)
[11:08:04] [169/458] RRJM
[11:08:04] [170/458] EDMP
[11:08:05] [171/458] SCGZ
[11:08:05] [172/458] GMGX
[11:08:06] [173/458] OMTP
[11:08:07] [174/458] MITD
[11:08:07] [175/458] SMMD
[11:08:08] [176/458] STML
[11:08:09] [177/458] MCFS
[11:08:09] [178/458] FPKA
[11:08:10] 🔄 Identity reset
[11:08:10] 🔄 Identity rotated (every 10 requests)
[11:08:10] 🔄 Retry 1/5 for FPKA in 2.3s
[11:08:10] 🔄 Identity reset
[11:08:12] 🧠 New identity created
[11:08:13] [179/458] OMLR
[11:08:13] [180/458] KKSC
[11:08:14] [181/458] RVMA
[11:08:15] [182/458] SCLL
[11:08:15] [183/458] SCDK
[11:08:16] [184/458] SXMI
[11:08:16] [185/458] SHDN
[11:08:17] [186/458] PAAD
[11:08:18] [187/458] UUCB
[11:08:18] 🔄 Identity reset
[11:08:19] 🔄 Identity rotated (every 10 requests)
[11:08:19] 🔄 Retry 1/5 for UUCB in 2.6s
[11:08:19] 🔄 Identity reset
[11:08:21] 🧠 New identity created
[11:08:22] [188/458] JHOL
[11:08:22] [189/458] SGWT
[11:08:23] [190/458] SRII
[11:08:24] [191/458] SGCK
[11:08:25] [192/458] SVVB
[11:08:25] [193/458] DMHA
[11:08:26] [194/458] PPNL
[11:08:27] [195/458] CPNL
[11:08:27] [196/458] WVLD
[11:08:28] 🔄 Identity reset
[11:08:28] 🔄 Identity rotated (every 10 requests)
[11:08:28] [197/458] PSLV
[11:08:29] [198/458] VTTL
[11:08:30] [199/458] NPAD
[11:08:30] [200/458] PVCS
[11:08:31] [201/458] MCHL
[11:08:31] [202/458] PPLL
[11:08:32] [203/458] MALO
[11:08:33] [204/458] SWBH
[11:08:34] [205/458] PUGB
[11:08:35] [206/458] INBB
[11:08:35] 🔄 Identity reset
[11:08:35] 🔄 Identity rotated (every 10 requests)
[11:08:35] [207/458] INNS
[11:08:36] [208/458] MCPT
[11:08:37] [209/458] SCMI
[11:08:38] [210/458] OCON
[11:08:39] [211/458] SCSM
[11:08:39] [212/458] RJVN
[11:08:40] [213/458] AMDK
[11:08:41] [214/458] ISMR
[11:08:41] [215/458] SMTD
[11:08:43] [216/458] VTDD
[11:08:44] 🔄 Identity reset
[11:08:44] 🔄 Identity rotated (every 10 requests)
[11:08:44] 🔄 Retry 1/5 for VTDD in 2.8s
[11:08:44] 🔄 Identity reset
[11:08:47] 🧠 New identity created
[11:08:47] 🔄 Retry 2/5 for VTDD in 4.1s
[11:08:47] 🔄 Identity reset
[11:08:51] 🧠 New identity created
[11:08:51] 🔄 Retry 3/5 for VTDD in 8.9s
[11:08:51] 🔄 Identity reset
[11:09:00] 🧠 New identity created
[11:09:00] [217/458] PDDZ
[11:09:00] [218/458] PCCK
[11:09:01] [219/458] INAM
[11:09:02] [220/458] FNKT
[11:09:02] [221/458] GDKA
[11:09:03] [222/458] MAYU
[11:09:04] [223/458] TCGU
[11:09:04] 🔄 Identity reset
[11:09:04] 🔄 Identity rotated (every 10 requests)
[11:09:04] [224/458] KDCA
[11:09:05] [225/458] DOMY
[11:09:06] [226/458] PDDD
[11:09:07] [227/458] BJTS
[11:09:07] [228/458] VTCA
[11:09:08] [229/458] SBTM
[11:09:09] [230/458] SEET
[11:09:09] [231/458] SSTJ
[11:09:10] [232/458] SVNT
[11:09:11] [233/458] PPPR
[11:09:11] 🔄 Identity reset
[11:09:11] 🔄 Identity rotated (every 10 requests)
[11:09:12] [234/458] PVYS
[11:09:12] [235/458] IOSE
[11:09:13] [236/458] ACTV
[11:09:13] [237/458] APVE
[11:09:14] [238/458] TCCL
[11:09:15] [239/458] SCMO
[11:09:16] [240/458] SAUM
[11:09:16] [241/458] KCJS
[11:09:17] [242/458] NJCJ
[11:09:18] [243/458] NECF
[11:09:18] 🔄 Identity reset
[11:09:18] 🔄 Identity rotated (every 10 requests)
[11:09:18] [244/458] CCGW
[11:09:19] [245/458] CCMG
[11:09:19] [246/458] NYRG
[11:09:20] [247/458] NCSQ
[11:09:21] [248/458] GRCG
[11:09:22] [249/458] CCBT
[11:09:22] [250/458] ACGA
[11:09:23] [251/458] INAG
[11:09:24] [252/458] FUCG
[11:09:24] [253/458] AICF
[11:09:25] 🔄 Identity reset
[11:09:25] 🔄 Identity rotated (every 10 requests)
[11:09:25] 🔄 Retry 1/5 for AICF in 3.0s
[11:09:25] 🔄 Identity reset
[11:09:28] 🧠 New identity created
[11:09:28] [254/458] GRGA
[11:09:29] [255/458] GDCN
[11:09:29] [256/458] RRCG
[11:09:30] [257/458] SDCH
[11:09:31] [258/458] WVJM
[11:09:31] [259/458] JCCZ
[11:09:32] [260/458] CNCL
[11:09:33] [261/458] TMLV
[11:09:33] [262/458] MEMB
[11:09:34] 🔄 Identity reset
[11:09:34] 🔄 Identity rotated (every 10 requests)
[11:09:34] [263/458] SGTD
[11:09:35] [264/458] CONX
[11:09:35] [265/458] CCMH
[11:09:36] [266/458] ACMC
[11:09:37] [267/458] DTPD
[11:09:38] [268/458] POJA
[11:09:38] [269/458] FNBH
[11:09:39] [270/458] CGCB
[11:09:40] [271/458] RACN
[11:09:40] [272/458] JTSM
[11:09:41] 🔄 Identity reset
[11:09:41] 🔄 Identity rotated (every 10 requests)
[11:09:41] [273/458] SCDN
[11:09:41] [274/458] AACK
[11:09:42] [275/458] RMCE
[11:09:43] [276/458] BSGB
[11:09:43] [277/458] MRCB
[11:09:44] [278/458] SRVR
[11:09:45] [279/458] VTKK
[11:09:46] [280/458] AMST
[11:09:46] [281/458] APCY
[11:09:47] [282/458] LMHO
[11:09:48] 🔄 Identity reset
[11:09:48] 🔄 Identity rotated (every 10 requests)
[11:09:48] 🔄 Retry 1/5 for LMHO in 2.7s
[11:09:48] 🔄 Identity reset
[11:09:50] 🧠 New identity created
[11:09:50] [283/458] MTZH
[11:09:51] [284/458] AMZB
[11:09:52] [285/458] SUVT
[11:09:52] [286/458] RCIP
[11:09:53] [287/458] KESR
[11:09:53] [288/458] SNKC
[11:09:54] [289/458] SCED
[11:09:55] [290/458] DVCA
[11:09:55] [291/458] VCDT
[11:09:56] 🔄 Identity reset
[11:09:56] 🔄 Identity rotated (every 10 requests)
[11:09:56] 🔄 Retry 1/5 for VCDT in 2.2s
[11:09:56] 🔄 Identity reset
[11:09:58] 🧠 New identity created
[11:09:58] 🔄 Retry 2/5 for VCDT in 5.0s
[11:09:58] 🔄 Identity reset
[11:10:03] 🧠 New identity created
[11:10:03] [292/458] RRDI
[11:10:04] [293/458] DFCH
[11:10:05] [294/458] INSC
[11:10:05] [295/458] RGTR
[11:10:06] [296/458] FMOT
[11:10:07] [297/458] SCPM
[11:10:07] [298/458] GCDT
[11:10:08] [299/458] BRKT
[11:10:08] 🔄 Identity reset
[11:10:08] 🔄 Identity rotated (every 10 requests)
[11:10:08] [300/458] DEMP
[11:10:09] [301/458] SRLC
[11:10:10] [302/458] KSTT
[11:10:10] [303/458] SMMT
[11:10:11] [304/458] SILM
[11:10:12] [305/458] JCVM
[11:10:13] [306/458] KCSV
[11:10:13] [307/458] MHLK
[11:10:14] [308/458] SLVL
[11:10:14] [309/458] RJKP
[11:10:15] 🔄 Identity reset
[11:10:15] 🔄 Identity rotated (every 10 requests)
[11:10:15] [310/458] BBPC
[11:10:16] [311/458] MXCB
[11:10:17] [312/458] TCPK
[11:10:17] [313/458] RTBR
[11:10:18] [314/458] GAUT
[11:10:19] [315/458] DVCF
[11:10:19] [316/458] JTSB
[11:10:20] [317/458] SBLS
[11:10:20] [318/458] UDAY
[11:10:21] [319/458] PTNP
[11:10:21] 🔄 Identity reset
[11:10:21] 🔄 Identity rotated (every 10 requests)
[11:10:21] [320/458] DMKT
[11:10:22] [321/458] NTDT
[11:10:23] [322/458] SHDJ
[11:10:23] [323/458] OTNC
[11:10:24] [324/458] RNTW
[11:10:25] [325/458] GCMI
[11:10:25] [326/458] CRCM
[11:10:26] [327/458] NNCZ
[11:10:27] [328/458] OEMO
[11:10:27] [329/458] PVJM
[11:10:28] 🔄 Identity reset
[11:10:28] 🔄 Identity rotated (every 10 requests)
[11:10:28] 🔄 Retry 1/5 for PVJM in 2.1s
[11:10:28] 🔄 Identity reset
[11:10:30] 🧠 New identity created
[11:10:30] 🔄 Retry 2/5 for PVJM in 4.2s
[11:10:30] 🔄 Identity reset
[11:10:34] 🧠 New identity created
[11:10:35] [330/458] CPJI
[11:10:35] [331/458] RMCJ
[11:10:36] [332/458] CNWJ
[11:10:36] [333/458] EPJM
[11:10:37] [334/458] FNJJ
[11:10:38] [335/458] GCMJ
[11:10:38] [336/458] INPS
[11:10:39] [337/458] BICJ
[11:10:39] 🔄 Identity reset
[11:10:39] 🔄 Identity rotated (every 10 requests)
[11:10:40] 🔄 Retry 1/5 for BICJ in 2.1s
[11:10:40] 🔄 Identity reset
[11:10:42] 🧠 New identity created
[11:10:42] 🔄 Retry 2/5 for BICJ in 4.6s
[11:10:42] 🔄 Identity reset
[11:10:46] 🧠 New identity created
[11:10:46] [338/458] ISTJ
[11:10:47] [339/458] INJC
[11:10:48] [340/458] GLXJ
[11:10:48] [341/458] INEM
[11:10:49] [342/458] JTMN
[11:10:50] [343/458] FRCJ
[11:10:50] [344/458] DDJP
[11:10:51] [345/458] INJV
[11:10:51] 🔄 Identity reset
[11:10:51] 🔄 Identity rotated (every 10 requests)
[11:10:52] [346/458] GOLC
[11:10:52] [347/458] KOCI
[11:10:53] [348/458] FSTD
[11:10:54] [349/458] PACJ
[11:10:54] [350/458] GMCN
[11:10:55] [351/458] MMDJ
[11:10:55] [352/458] GODH
[11:10:56] [353/458] SKYN
[11:10:57] [354/458] NCTH
[11:10:57] [355/458] SKVZ
[11:10:58] 🔄 Identity reset
[11:10:58] 🔄 Identity rotated (every 10 requests)
[11:10:58] [356/458] SVML
[11:10:58] [357/458] ACVZ
[11:10:59] [358/458] SURA
[11:11:00] [359/458] RTRB
[11:11:00] [360/458] LLCT
[11:11:01] [361/458] ATTS
[11:11:02] [362/458] JYCM
[11:11:02] [363/458] CTKR
[11:11:03] [364/458] LCKR
[11:11:03] [365/458] NYCV
[11:11:04] 🔄 Identity reset
[11:11:04] 🔄 Identity rotated (every 10 requests)
[11:11:04] [366/458] NYOH
[11:11:05] [367/458] NOVX
[11:11:05] [368/458] MRGK
[11:11:06] [369/458] MOON
[11:11:06] [370/458] SBUC
[11:11:07] [371/458] GSVA
[11:11:08] [372/458] VIAK
[11:11:08] [373/458] SMVZ
[11:11:09] [374/458] MATE
[11:11:10] [375/458] RDCN
[11:11:10] 🔄 Identity reset
[11:11:10] 🔄 Identity rotated (every 10 requests)
[11:11:10] [376/458] ASBL
[11:11:11] [377/458] ASVS
[11:11:12] [378/458] ASSR
[11:11:12] [379/458] SSKN
[11:11:13] [380/458] DRPV
[11:11:13] [381/458] MRHT
[11:11:14] [382/458] BSCN
[11:11:15] [383/458] RKNX
[11:11:15] [384/458] MSMC
[11:11:16] [385/458] MSCJ
[11:11:16] 🔄 Identity reset
[11:11:16] 🔄 Identity rotated (every 10 requests)
[11:11:16] [386/458] BTBJ
[11:11:17] [387/458] MJCC
[11:11:18] [388/458] IOMM
[11:11:19] [389/458] ADGR
[11:11:19] [390/458] MYCP
[11:11:20] [391/458] IGCM
[11:11:21] [392/458] PGRK
[11:11:21] [393/458] VPGO
[11:11:22] [394/458] KOMS
[11:11:23] [395/458] URGG
[11:11:23] 🔄 Identity reset
[11:11:23] 🔄 Identity rotated (every 10 requests)
[11:11:23] [396/458] GOST
[11:11:24] [397/458] LACT
[11:11:24] [398/458] BWCM
[11:11:25] [399/458] NCCW
[11:11:26] [400/458] SKYC
[11:11:26] [401/458] CCPM
[11:11:27] [402/458] VCBT
[11:11:28] [403/458] SDKR
[11:11:28] [404/458] CTYB
[11:11:29] [405/458] SHCX
[11:11:30] 🔄 Identity reset
[11:11:30] 🔄 Identity rotated (every 10 requests)
[11:11:30] [406/458] RCUN
[11:11:30] [407/458] CNRA
[11:11:31] [408/458] RFCA
[11:11:32] [409/458] RDCU
[11:11:32] [410/458] SARK
[11:11:33] [411/458] SPPP
[11:11:34] [412/458] ADMB
[11:11:34] [413/458] JYOE
[11:11:35] [414/458] SRMD
[11:11:36] [415/458] RJDH
[11:11:36] 🔄 Identity reset
[11:11:36] 🔄 Identity rotated (every 10 requests)
[11:11:36] 🔄 Retry 1/5 for RJDH in 2.4s
[11:11:36] 🔄 Identity reset
[11:11:39] 🧠 New identity created
[11:11:39] [416/458] SSTD
[11:11:39] [417/458] AACV
[11:11:40] [418/458] PPVD
[11:11:41] [419/458] STCP
[11:11:41] [420/458] ANLS
[11:11:42] [421/458] BIJO
[11:11:42] [422/458] AVAB
[11:11:43] [423/458] SPMD
[11:11:43] [424/458] SVJL
[11:11:44] 🔄 Identity reset
[11:11:44] 🔄 Identity rotated (every 10 requests)
[11:11:44] 🔄 Retry 1/5 for SVJL in 2.4s
[11:11:44] 🔄 Identity reset
[11:11:47] 🧠 New identity created
[11:11:47] 🔄 Retry 2/5 for SVJL in 4.2s
[11:11:47] 🔄 Identity reset
[11:11:51] 🧠 New identity created
[11:11:51] [425/458] SDDJ
[11:11:52] [426/458] SLTU
[11:11:52] [427/458] SAKA
[11:11:53] [428/458] PMAM
[11:11:53] [429/458] FNAM
[11:11:54] [430/458] ACAM
[11:11:54] [431/458] SCMM
[11:11:55] [432/458] PMAK
[11:11:56] 🔄 Identity reset
[11:11:56] 🔄 Identity rotated (every 10 requests)
[11:11:56] [433/458] NYSA
[11:11:57] [434/458] FCPA
[11:11:57] [435/458] GDAN
[11:11:58] [436/458] RSCA
[11:11:59] [437/458] DMAN
[11:11:59] [438/458] DZCM
[11:12:00] [439/458] NSGL
[11:12:01] [440/458] CCPP
[11:12:01] [441/458] PSMG
[11:12:02] [442/458] GSER
[11:12:03] 🔄 Identity reset
[11:12:03] 🔄 Identity rotated (every 10 requests)
[11:12:03] [443/458] FCCT
[11:12:04] [444/458] FCTB
[11:12:04] [445/458] LCNK
[11:12:05] [446/458] SKTY
[11:12:06] [447/458] INAA
[11:12:06] [448/458] RCWN
[11:12:07] [449/458] VAIS
[11:12:08] [450/458] CVMN
[11:12:09] [451/458] INTS
[11:12:09] [452/458] FRGS
[11:12:10] 🔄 Identity reset
[11:12:10] 🔄 Identity rotated (every 10 requests)
[11:12:10] 🔄 Retry 1/5 for FRGS in 2.4s
[11:12:10] 🔄 Identity reset
[11:12:12] 🧠 New identity created
[11:12:12] [453/458] DTCK
[11:12:13] [454/458] MCMH
[11:12:14] [455/458] ECRR
[11:12:14] [456/458] RLLP
[11:12:15] [457/458] CCSN
[11:12:16] [458/458] CCBA
[11:12:16] ✅ DONE | Shows=1478 | Movies=47
[12:04:40] 🚀 BMS DAILY TRACKER STARTED (enhanced anti‑detection)
[12:04:40] [1/458] MBDC
[12:04:41] 🧠 New identity created
[12:04:41] [2/458] CHKM
[12:04:42] [3/458] JTKZ
[12:04:43] [4/458] CMCT
[12:04:44] [5/458] ASHO
[12:04:45] [6/458] ECDG
[12:04:45] [7/458] SPAT
[12:04:46] [8/458] HILC
[12:04:47] [9/458] SPPH
[12:04:48] [10/458] SBHN
[12:04:49] 🔄 Identity reset
[12:04:49] 🔄 Identity rotated (every 10 requests)
[12:04:49] [11/458] RRCA
[12:04:50] [12/458] APAA
[12:04:51] [13/458] RAME
[12:04:52] [14/458] TMMS
[12:04:53] [15/458] BATK
[12:04:54] [16/458] LKOP
[12:04:55] [17/458] AMTT
[12:04:56] [18/458] PTGK
[12:04:56] [19/458] ANRS
[12:04:57] [20/458] VWBW
[12:04:58] 🔄 Identity reset
[12:04:58] 🔄 Identity rotated (every 10 requests)
[12:04:58] 🔄 Retry 1/5 for VWBW in 2.5s
[12:04:58] 🔄 Identity reset
[12:05:00] 🧠 New identity created
[12:05:01] [21/458] SVFG
[12:05:02] [22/458] STAT
[12:05:03] [23/458] GDCV
[12:05:04] [24/458] VEBI
[12:05:05] [25/458] VDSS
[12:05:06] [26/458] NTHV
[12:05:07] [27/458] AOCH
[12:05:08] [28/458] KASR
[12:05:08] [29/458] AYCS
[12:05:09] 🔄 Identity reset
[12:05:09] 🔄 Identity rotated (every 10 requests)
[12:05:09] 🔄 Retry 1/5 for AYCS in 2.8s
[12:05:09] 🔄 Identity reset
[12:05:12] 🧠 New identity created
[12:05:12] 🔄 Retry 2/5 for AYCS in 4.6s
[12:05:12] 🔄 Identity reset
[12:05:17] 🧠 New identity created
[12:05:17] 🔄 Retry 3/5 for AYCS in 8.4s
[12:05:17] 🔄 Identity reset
[12:05:25] 🧠 New identity created
[12:05:25] [30/458] SHAI
[12:05:26] [31/458] SKPE
[12:05:28] [32/458] SBTA
[12:05:29] [33/458] RTTD
[12:05:30] [34/458] CCJD
[12:05:31] [35/458] RSJJ
[12:05:32] [36/458] RKND
[12:05:32] 🔄 Identity reset
[12:05:32] 🔄 Identity rotated (every 10 requests)
[12:05:33] 🔄 Retry 1/5 for RKND in 2.6s
[12:05:33] 🔄 Identity reset
[12:05:35] 🧠 New identity created
[12:05:35] 🔄 Retry 2/5 for RKND in 4.5s
[12:05:35] 🔄 Identity reset
[12:05:40] 🧠 New identity created
[12:05:40] [37/458] SVTX
[12:05:41] [38/458] BAKM
[12:05:42] [39/458] SVDC
[12:05:43] [40/458] MNCV
[12:05:44] [41/458] SJGC
[12:05:45] [42/458] MTPK
[12:05:46] [43/458] GATP
[12:05:47] [44/458] ABTS
[12:05:47] 🔄 Identity reset
[12:05:47] 🔄 Identity rotated (every 10 requests)
[12:05:47] 🔄 Retry 1/5 for ABTS in 2.1s
[12:05:47] 🔄 Identity reset
[12:05:49] 🧠 New identity created
[12:05:50] [45/458] ABDE
[12:05:51] [46/458] RCNM
[12:05:51] [47/458] KTHV
[12:05:52] [48/458] MDGJ
[12:05:53] [49/458] SMLM
[12:05:54] [50/458] JTMA
[12:05:55] [51/458] ACKP
[12:05:56] [52/458] SRTA
[12:05:57] [53/458] STAY
[12:05:57] 🔄 Identity reset
[12:05:57] 🔄 Identity rotated (every 10 requests)
[12:05:58] [54/458] MAVO
[12:05:59] [55/458] APTS
[12:06:00] [56/458] OMEA
[12:06:01] [57/458] TTFD
[12:06:02] [58/458] MJCU
[12:06:03] [59/458] CXTE
[12:06:04] [60/458] CTPX
[12:06:05] [61/458] ASSL
[12:06:06] [62/458] CMVB
[12:06:08] [63/458] VPUR
[12:06:08] 🔄 Identity reset
[12:06:08] 🔄 Identity rotated (every 10 requests)
[12:06:09] [64/458] JJDA
[12:06:09] [65/458] INBL
[12:06:10] [66/458] BIKB
[12:06:11] [67/458] NTBB
[12:06:12] [68/458] GLOB
[12:06:14] [69/458] SNTB
[12:06:15] [70/458] CHGV
[12:06:16] [71/458] SSBZ
[12:06:17] [72/458] PRDB
[12:06:18] [73/458] ISMT
[12:06:18] 🔄 Identity reset
[12:06:18] 🔄 Identity rotated (every 10 requests)
[12:06:18] 🔄 Retry 1/5 for ISMT in 2.2s
[12:06:18] 🔄 Identity reset
[12:06:21] 🧠 New identity created
[12:06:21] 🔄 Retry 2/5 for ISMT in 4.3s
[12:06:21] 🔄 Identity reset
[12:06:25] 🧠 New identity created
[12:06:25] [74/458] MCSD
[12:06:26] [75/458] JBTT
[12:06:27] [76/458] GEKR
[12:06:28] [77/458] PVUN
[12:06:29] [78/458] NRTB
[12:06:30] [79/458] PRAA
[12:06:31] [80/458] PCBL
[12:06:32] [81/458] PTCM
[12:06:32] 🔄 Identity reset
[12:06:33] 🔄 Identity rotated (every 10 requests)
[12:06:33] [82/458] KHNN
[12:06:34] [83/458] OMJE
[12:06:35] [84/458] STGN
[12:06:36] [85/458] RPMS
[12:06:37] [86/458] NWAD
[12:06:38] [87/458] BLCK
[12:06:39] [88/458] SVAA
[12:06:40] [89/458] URVM
[12:06:41] [90/458] ANTM
[12:06:42] [91/458] VJYM
[12:06:42] 🔄 Identity reset
[12:06:42] 🔄 Identity rotated (every 10 requests)
[12:06:43] [92/458] MAZZ
[12:06:44] [93/458] CSHM
[12:06:45] [94/458] WGMH
[12:06:46] [95/458] SALN
[12:06:46] [96/458] BRTP
[12:06:47] [97/458] SVTA
[12:06:48] [98/458] SBTP
[12:06:49] [99/458] VLSS
[12:06:50] [100/458] SRJA
[12:06:51] [101/458] ANCG
[12:06:52] 🔄 Identity reset
[12:06:52] 🔄 Identity rotated (every 10 requests)
[12:06:52] [102/458] CGGC
[12:06:53] [103/458] CRJA
[12:06:54] [104/458] USCR
[12:06:55] [105/458] MMEF
[12:06:56] [106/458] JCRJ
[12:06:57] [107/458] ADCM
[12:06:58] [108/458] BMYK
[12:06:59] [109/458] KICS
[12:07:00] [110/458] MBBT
[12:07:01] [111/458] MACK
[12:07:01] 🔄 Identity reset
[12:07:01] 🔄 Identity rotated (every 10 requests)
[12:07:02] 🔄 Retry 1/5 for MACK in 2.2s
[12:07:02] 🔄 Identity reset
[12:07:04] 🧠 New identity created
[12:07:04] [112/458] CLDR
[12:07:05] [113/458] JYCR
[12:07:07] [114/458] DCRP
[12:07:08] [115/458] RAHT
[12:07:09] [116/458] CSSM
[12:07:10] [117/458] ATPK
[12:07:11] [118/458] KLRT
[12:07:12] [119/458] SRDD
[12:07:14] [120/458] CKMC
[12:07:14] 🔄 Identity reset
[12:07:14] 🔄 Identity rotated (every 10 requests)
[12:07:14] 🔄 Retry 1/5 for CKMC in 2.3s
[12:07:14] 🔄 Identity reset
[12:07:17] 🧠 New identity created
[12:07:17] [121/458] KRVM
[12:07:18] [122/458] AKCP
[12:07:20] [123/458] CNCV
[12:07:21] [124/458] PACT
[12:07:22] [125/458] NATP
[12:07:23] [126/458] PCPK
[12:07:24] [127/458] SMHO
[12:07:25] [128/458] CWTK
[12:07:26] [129/458] RVKZ
[12:07:26] 🔄 Identity reset
[12:07:26] 🔄 Identity rotated (every 10 requests)
[12:07:27] [130/458] ASPD
[12:07:28] [131/458] VTKZ
[12:07:29] [132/458] LCSO
[12:07:30] [133/458] PRDY
[12:07:31] [134/458] RCAP
[12:07:32] [135/458] RGAR
[12:07:33] [136/458] RCAC
[12:07:34] [137/458] PMOD
[12:07:35] [138/458] PVCN
[12:07:36] [139/458] SCRZ
[12:07:36] 🔄 Identity reset
[12:07:36] 🔄 Identity rotated (every 10 requests)
[12:07:36] 🔄 Retry 1/5 for SCRZ in 2.9s
[12:07:36] 🔄 Identity reset
[12:07:39] 🧠 New identity created
[12:07:40] [140/458] PVPC
[12:07:40] [141/458] STID
[12:07:41] [142/458] NEDD
[12:07:42] [143/458] BNBA
[12:07:43] [144/458] NTCD
[12:07:44] [145/458] OCDE
[12:07:45] [146/458] CCDU
[12:07:47] [147/458] CRXH
[12:07:47] [148/458] VLVT
[12:07:48] 🔄 Identity reset
[12:07:48] 🔄 Identity rotated (every 10 requests)
[12:07:48] 🔄 Retry 1/5 for VLVT in 2.8s
[12:07:48] 🔄 Identity reset
[12:07:51] 🧠 New identity created
[12:07:51] 🔄 Retry 2/5 for VLVT in 4.4s
[12:07:51] 🔄 Identity reset
[12:07:56] 🧠 New identity created
[12:07:56] 🔄 Retry 3/5 for VLVT in 8.5s
[12:07:56] 🔄 Identity reset
[12:08:04] 🧠 New identity created
[12:08:05] [149/458] CICI
[12:08:05] [150/458] SUCB
[12:08:06] [151/458] TCBP
[12:08:08] [152/458] SCCY
[12:08:09] [153/458] LXCY
[12:08:10] [154/458] NCMD
[12:08:11] [155/458] PHCS
[12:08:11] 🔄 Identity reset
[12:08:11] 🔄 Identity rotated (every 10 requests)
[12:08:12] [156/458] DUXR
[12:08:12] [157/458] VNKS
[12:08:13] [158/458] SEDP
[12:08:15] [159/458] SVEN
[12:08:15] [160/458] SRKM
[12:08:16] [161/458] JTLT
[12:08:17] [162/458] SVSS
[12:08:18] [163/458] AMDE
[12:08:19] [164/458] WVRN
[12:08:20] [165/458] ISMG
[12:08:21] 🔄 Identity reset
[12:08:21] 🔄 Identity rotated (every 10 requests)
[12:08:21] 🔄 Retry 1/5 for ISMG in 3.0s
[12:08:21] 🔄 Identity reset
[12:08:24] 🧠 New identity created
[12:08:24] [166/458] WVKS
[12:08:25] [167/458] USCG
[12:08:26] [168/458] IOTG
[12:08:27] [169/458] RRJM
[12:08:28] [170/458] EDMP
[12:08:29] [171/458] SCGZ
[12:08:30] [172/458] GMGX
[12:08:31] [173/458] OMTP
[12:08:32] [174/458] MITD
[12:08:33] 🔄 Identity reset
[12:08:33] 🔄 Identity rotated (every 10 requests)
[12:08:33] 🔄 Retry 1/5 for MITD in 2.6s
[12:08:33] 🔄 Identity reset
[12:08:35] 🧠 New identity created
[12:08:35] 🔄 Retry 2/5 for MITD in 4.7s
[12:08:35] 🔄 Identity reset
[12:08:40] 🧠 New identity created
[12:08:41] [175/458] SMMD
[12:08:42] [176/458] STML
[12:08:43] [177/458] MCFS
[12:08:44] [178/458] FPKA
[12:08:45] [179/458] OMLR
[12:08:46] [180/458] KKSC
[12:08:47] [181/458] RVMA
[12:08:48] [182/458] SCLL
[12:08:49] 🔄 Identity reset
[12:08:49] 🔄 Identity rotated (every 10 requests)
[12:08:49] 🔄 Retry 1/5 for SCLL in 2.4s
[12:08:49] 🔄 Identity reset
[12:08:52] 🧠 New identity created
[12:08:52] [183/458] SCDK
[12:08:53] [184/458] SXMI
[12:08:54] [185/458] SHDN
[12:08:55] [186/458] PAAD
[12:08:56] [187/458] UUCB
[12:08:57] [188/458] JHOL
[12:08:58] [189/458] SGWT
[12:08:59] [190/458] SRII
[12:09:00] [191/458] SGCK
[12:09:00] 🔄 Identity reset
[12:09:00] 🔄 Identity rotated (every 10 requests)
[12:09:00] 🔄 Retry 1/5 for SGCK in 2.1s
[12:09:00] 🔄 Identity reset
[12:09:02] 🧠 New identity created
[12:09:03] [192/458] SVVB
[12:09:04] [193/458] DMHA
[12:09:05] [194/458] PPNL
[12:09:06] [195/458] CPNL
[12:09:07] [196/458] WVLD
[12:09:08] [197/458] PSLV
[12:09:09] [198/458] VTTL
[12:09:10] [199/458] NPAD
[12:09:11] [200/458] PVCS
[12:09:12] 🔄 Identity reset
[12:09:12] 🔄 Identity rotated (every 10 requests)
[12:09:12] [201/458] MCHL
[12:09:13] [202/458] PPLL
[12:09:14] [203/458] MALO
[12:09:15] [204/458] SWBH
[12:09:16] [205/458] PUGB
[12:09:17] [206/458] INBB
[12:09:18] [207/458] INNS
[12:09:19] [208/458] MCPT
[12:09:20] [209/458] SCMI
[12:09:21] [210/458] OCON
[12:09:22] 🔄 Identity reset
[12:09:22] 🔄 Identity rotated (every 10 requests)
[12:09:22] [211/458] SCSM
[12:09:23] [212/458] RJVN
[12:09:24] [213/458] AMDK
[12:09:25] [214/458] ISMR
[12:09:26] [215/458] SMTD
[12:09:27] [216/458] VTDD
[12:09:28] [217/458] PDDZ
[12:09:29] [218/458] PCCK
[12:09:30] [219/458] INAM
[12:09:31] [220/458] FNKT
[12:09:32] 🔄 Identity reset
[12:09:32] 🔄 Identity rotated (every 10 requests)
[12:09:32] [221/458] GDKA
[12:09:33] [222/458] MAYU
[12:09:34] [223/458] TCGU
[12:09:35] [224/458] KDCA
[12:09:36] [225/458] DOMY
[12:09:37] [226/458] PDDD
[12:09:38] [227/458] BJTS
[12:09:39] [228/458] VTCA
[12:09:39] [229/458] SBTM
[12:09:40] [230/458] SEET
[12:09:41] 🔄 Identity reset
[12:09:41] 🔄 Identity rotated (every 10 requests)
[12:09:42] [231/458] SSTJ
[12:09:43] [232/458] SVNT
[12:09:44] [233/458] PPPR
[12:09:45] [234/458] PVYS
[12:09:46] [235/458] IOSE
[12:09:48] [236/458] ACTV
[12:09:49] [237/458] APVE
[12:09:50] [238/458] TCCL
[12:09:50] [239/458] SCMO
[12:09:52] [240/458] SAUM
[12:09:52] 🔄 Identity reset
[12:09:52] 🔄 Identity rotated (every 10 requests)
[12:09:52] 🔄 Retry 1/5 for SAUM in 2.0s
[12:09:52] 🔄 Identity reset
[12:09:54] 🧠 New identity created
[12:09:54] 🔄 Retry 2/5 for SAUM in 4.4s
[12:09:54] 🔄 Identity reset
[12:09:59] 🧠 New identity created
[12:09:59] [241/458] KCJS
[12:10:00] [242/458] NJCJ
[12:10:01] [243/458] NECF
[12:10:02] [244/458] CCGW
[12:10:03] [245/458] CCMG
[12:10:04] [246/458] NYRG
[12:10:05] [247/458] NCSQ
[12:10:06] [248/458] GRCG
[12:10:07] 🔄 Identity reset
[12:10:07] 🔄 Identity rotated (every 10 requests)
[12:10:07] [249/458] CCBT
[12:10:08] [250/458] ACGA
[12:10:09] [251/458] INAG
[12:10:10] [252/458] FUCG
[12:10:10] [253/458] AICF
[12:10:11] [254/458] GRGA
[12:10:12] [255/458] GDCN
[12:10:13] [256/458] RRCG
[12:10:14] [257/458] SDCH
[12:10:17] [258/458] WVJM
[12:10:18] 🔄 Identity reset
[12:10:18] 🔄 Identity rotated (every 10 requests)
[12:10:18] [259/458] JCCZ
[12:10:19] [260/458] CNCL
[12:10:20] [261/458] TMLV
[12:10:21] [262/458] MEMB
[12:10:22] [263/458] SGTD
[12:10:22] [264/458] CONX
[12:10:23] [265/458] CCMH
[12:10:24] [266/458] ACMC
[12:10:25] [267/458] DTPD
[12:10:26] [268/458] POJA
[12:10:27] 🔄 Identity reset
[12:10:27] 🔄 Identity rotated (every 10 requests)
[12:10:27] 🔄 Retry 1/5 for POJA in 2.6s
[12:10:27] 🔄 Identity reset
[12:10:29] 🧠 New identity created
[12:10:30] [269/458] FNBH
[12:10:31] [270/458] CGCB
[12:10:32] [271/458] RACN
[12:10:32] [272/458] JTSM
[12:10:33] [273/458] SCDN
[12:10:34] [274/458] AACK
[12:10:35] [275/458] RMCE
[12:10:36] [276/458] BSGB
[12:10:37] [277/458] MRCB
[12:10:38] 🔄 Identity reset
[12:10:38] 🔄 Identity rotated (every 10 requests)
[12:10:38] [278/458] SRVR
[12:10:39] [279/458] VTKK
[12:10:40] [280/458] AMST
[12:10:41] [281/458] APCY
[12:10:42] [282/458] LMHO
[12:10:43] [283/458] MTZH
[12:10:44] [284/458] AMZB
[12:10:45] [285/458] SUVT
[12:10:46] [286/458] RCIP
[12:10:47] [287/458] KESR
[12:10:47] 🔄 Identity reset
[12:10:47] 🔄 Identity rotated (every 10 requests)
[12:10:48] [288/458] SNKC
[12:10:49] [289/458] SCED
[12:10:50] [290/458] DVCA
[12:10:51] [291/458] VCDT
[12:10:52] [292/458] RRDI
[12:10:53] [293/458] DFCH
[12:10:54] [294/458] INSC
[12:10:55] [295/458] RGTR
[12:10:56] [296/458] FMOT
[12:10:57] [297/458] SCPM
[12:10:58] 🔄 Identity reset
[12:10:58] 🔄 Identity rotated (every 10 requests)
[12:10:58] [298/458] GCDT
[12:11:00] [299/458] BRKT
[12:11:02] [300/458] DEMP
[12:11:02] [301/458] SRLC
[12:11:03] [302/458] KSTT
[12:11:05] [303/458] SMMT
[12:11:05] [304/458] SILM
[12:11:07] [305/458] JCVM
[12:11:08] [306/458] KCSV
[12:11:09] [307/458] MHLK
[12:11:09] 🔄 Identity reset
[12:11:10] 🔄 Identity rotated (every 10 requests)
[12:11:10] 🔄 Retry 1/5 for MHLK in 2.5s
[12:11:10] 🔄 Identity reset
[12:11:12] 🧠 New identity created
[12:11:12] 🔄 Retry 2/5 for MHLK in 4.5s
[12:11:12] 🔄 Identity reset
[12:11:17] 🧠 New identity created
[12:11:17] 🔄 Retry 3/5 for MHLK in 8.5s
[12:11:17] 🔄 Identity reset
[12:11:25] 🧠 New identity created
[12:11:26] [308/458] SLVL
[12:11:27] [309/458] RJKP
[12:11:27] [310/458] BBPC
[12:11:28] [311/458] MXCB
[12:11:30] [312/458] TCPK
[12:11:31] [313/458] RTBR
[12:11:32] [314/458] GAUT
[12:11:32] 🔄 Identity reset
[12:11:32] 🔄 Identity rotated (every 10 requests)
[12:11:32] 🔄 Retry 1/5 for GAUT in 2.3s
[12:11:32] 🔄 Identity reset
[12:11:34] 🧠 New identity created
[12:11:35] [315/458] DVCF
[12:11:36] [316/458] JTSB
[12:11:37] [317/458] SBLS
[12:11:38] [318/458] UDAY
[12:11:39] [319/458] PTNP
[12:11:39] [320/458] DMKT
[12:11:41] [321/458] NTDT
[12:11:42] [322/458] SHDJ
[12:11:43] [323/458] OTNC
[12:11:43] 🔄 Identity reset
[12:11:43] 🔄 Identity rotated (every 10 requests)
[12:11:43] [324/458] RNTW
[12:11:44] [325/458] GCMI
[12:11:45] [326/458] CRCM
[12:11:46] [327/458] NNCZ
[12:11:47] [328/458] OEMO
[12:11:48] [329/458] PVJM
[12:11:49] [330/458] CPJI
[12:11:50] [331/458] RMCJ
[12:11:51] [332/458] CNWJ
[12:11:52] [333/458] EPJM
[12:11:53] 🔄 Identity reset
[12:11:53] 🔄 Identity rotated (every 10 requests)
[12:11:53] [334/458] FNJJ
[12:11:54] [335/458] GCMJ
[12:11:55] [336/458] INPS
[12:11:56] [337/458] BICJ
[12:11:57] [338/458] ISTJ
[12:11:58] [339/458] INJC
[12:11:59] [340/458] GLXJ
[12:12:00] [341/458] INEM
[12:12:01] [342/458] JTMN
[12:12:02] [343/458] FRCJ
[12:12:02] 🔄 Identity reset
[12:12:02] 🔄 Identity rotated (every 10 requests)
[12:12:02] 🔄 Retry 1/5 for FRCJ in 2.6s
[12:12:02] 🔄 Identity reset
[12:12:05] 🧠 New identity created
[12:12:05] 🔄 Retry 2/5 for FRCJ in 4.8s
[12:12:05] 🔄 Identity reset
[12:12:10] 🧠 New identity created
[12:12:10] [344/458] DDJP
[12:12:11] [345/458] INJV
[12:12:12] [346/458] GOLC
[12:12:13] [347/458] KOCI
[12:12:14] [348/458] FSTD
[12:12:15] [349/458] PACJ
[12:12:17] [350/458] GMCN
[12:12:18] [351/458] MMDJ
[12:12:18] 🔄 Identity reset
[12:12:18] 🔄 Identity rotated (every 10 requests)
[12:12:19] [352/458] GODH
[12:12:20] [353/458] SKYN
[12:12:21] [354/458] NCTH
[12:12:21] [355/458] SKVZ
[12:12:22] [356/458] SVML
[12:12:23] [357/458] ACVZ
[12:12:24] [358/458] SURA
[12:12:25] [359/458] RTRB
[12:12:26] [360/458] LLCT
[12:12:27] [361/458] ATTS
[12:12:28] 🔄 Identity reset
[12:12:28] 🔄 Identity rotated (every 10 requests)
[12:12:28] [362/458] JYCM
[12:12:29] [363/458] CTKR
[12:12:30] [364/458] LCKR
[12:12:31] [365/458] NYCV
[12:12:32] [366/458] NYOH
[12:12:33] [367/458] NOVX
[12:12:34] [368/458] MRGK
[12:12:35] [369/458] MOON
[12:12:36] [370/458] SBUC
[12:12:37] [371/458] GSVA
[12:12:37] 🔄 Identity reset
[12:12:37] 🔄 Identity rotated (every 10 requests)
[12:12:38] 🔄 Retry 1/5 for GSVA in 2.4s
[12:12:38] 🔄 Identity reset
[12:12:40] 🧠 New identity created
[12:12:40] 🔄 Retry 2/5 for GSVA in 4.7s
[12:12:40] 🔄 Identity reset
[12:12:45] 🧠 New identity created
[12:12:45] 🔄 Retry 3/5 for GSVA in 8.4s
[12:12:45] 🔄 Identity reset
[12:12:53] 🧠 New identity created
[12:12:54] [372/458] VIAK
[12:12:55] [373/458] SMVZ
[12:12:56] [374/458] MATE
[12:12:57] [375/458] RDCN
[12:12:58] [376/458] ASBL
[12:12:59] [377/458] ASVS
[12:12:59] [378/458] ASSR
[12:13:00] 🔄 Identity reset
[12:13:00] 🔄 Identity rotated (every 10 requests)
[12:13:01] [379/458] SSKN
[12:13:01] [380/458] DRPV
[12:13:02] [381/458] MRHT
[12:13:03] [382/458] BSCN
[12:13:05] [383/458] RKNX
[12:13:06] [384/458] MSMC
[12:13:07] [385/458] MSCJ
[12:13:08] [386/458] BTBJ
[12:13:08] [387/458] MJCC
[12:13:09] [388/458] IOMM
[12:13:10] 🔄 Identity reset
[12:13:10] 🔄 Identity rotated (every 10 requests)
[12:13:11] [389/458] ADGR
[12:13:12] [390/458] MYCP
[12:13:13] [391/458] IGCM
[12:13:14] [392/458] PGRK
[12:13:15] [393/458] VPGO
[12:13:16] [394/458] KOMS
[12:13:17] [395/458] URGG
[12:13:18] [396/458] GOST
[12:13:19] [397/458] LACT
[12:13:20] [398/458] BWCM
[12:13:21] 🔄 Identity reset
[12:13:21] 🔄 Identity rotated (every 10 requests)
[12:13:22] [399/458] NCCW
[12:13:23] [400/458] SKYC
[12:13:24] [401/458] CCPM
[12:13:25] [402/458] VCBT
[12:13:26] [403/458] SDKR
[12:13:27] [404/458] CTYB
[12:13:28] [405/458] SHCX
[12:13:29] [406/458] RCUN
[12:13:30] [407/458] CNRA
[12:13:31] [408/458] RFCA
[12:13:32] 🔄 Identity reset
[12:13:32] 🔄 Identity rotated (every 10 requests)
[12:13:32] [409/458] RDCU
[12:13:33] [410/458] SARK
[12:13:35] [411/458] SPPP
[12:13:36] [412/458] ADMB
[12:13:37] [413/458] JYOE
[12:13:38] [414/458] SRMD
[12:13:39] [415/458] RJDH
[12:13:40] [416/458] SSTD
[12:13:41] [417/458] AACV
[12:13:42] [418/458] PPVD
[12:13:43] 🔄 Identity reset
[12:13:43] 🔄 Identity rotated (every 10 requests)
[12:13:43] [419/458] STCP
[12:13:44] [420/458] ANLS
[12:13:45] [421/458] BIJO
[12:13:46] [422/458] AVAB
[12:13:47] [423/458] SPMD
[12:13:48] [424/458] SVJL
[12:13:49] [425/458] SDDJ
[12:13:50] [426/458] SLTU
[12:13:51] [427/458] SAKA
[12:13:52] [428/458] PMAM
[12:13:53] 🔄 Identity reset
[12:13:53] 🔄 Identity rotated (every 10 requests)
[12:13:53] [429/458] FNAM
[12:13:54] [430/458] ACAM
[12:13:55] [431/458] SCMM
[12:13:56] [432/458] PMAK
[12:13:57] [433/458] NYSA
[12:13:58] [434/458] FCPA
[12:13:59] [435/458] GDAN
[12:14:00] [436/458] RSCA
[12:14:01] [437/458] DMAN
[12:14:02] [438/458] DZCM
[12:14:02] 🔄 Identity reset
[12:14:02] 🔄 Identity rotated (every 10 requests)
[12:14:03] [439/458] NSGL
[12:14:04] [440/458] CCPP
[12:14:05] [441/458] PSMG
[12:14:06] [442/458] GSER
[12:14:07] [443/458] FCCT
[12:14:08] [444/458] FCTB
[12:14:10] [445/458] LCNK
[12:14:11] [446/458] SKTY
[12:14:12] [447/458] INAA
[12:14:12] [448/458] RCWN
[12:14:13] 🔄 Identity reset
[12:14:13] 🔄 Identity rotated (every 10 requests)
[12:14:14] [449/458] VAIS
[12:14:15] [450/458] CVMN
[12:14:15] [451/458] INTS
[12:14:16] [452/458] FRGS
[12:14:17] [453/458] DTCK
[12:14:18] [454/458] MCMH
[12:14:19] [455/458] ECRR
[12:14:20] [456/458] RLLP
[12:14:21] [457/458] CCSN
[12:14:22] [458/458] CCBA
[12:14:23] 🔄 Identity reset
[12:14:23] 🔄 Identity rotated (every 10 requests)
[12:14:23] 🔄 Retry 1/5 for CCBA in 2.6s
[12:14:23] 🔄 Identity reset
[12:14:25] 🧠 New identity created
[12:14:26] ✅ DONE | Shows=1787 | Movies=49
